ACCNUM,YEAR,MONTH,DAY,HOUR,MINUTES,WEEKDAY,LATITUDE,LONGITUDE,Ward_Name,Ward_ID,Hood_Name,Hood_ID,Division,District,STREET1,STREET2,OFFSET,ROAD_CLASS,LOCCOORD,ACCLOC,TRAFFCTL,VISIBILITY,LIGHT,RDSFCOND,ACCLASS,IMPACTYPE,INVTYPE,INVAGE,INJURY,FATAL_NO,INITDIR,VEHTYPE,MANOEUVER,DRIVACT,DRIVCOND,PEDTYPE,PEDACT,PEDCOND,CYCLISTYPE,CYCACT,CYCCOND,PEDESTRIAN,CYCLIST,AUTOMOBILE,MOTORCYCLE,TRUCK,TRSN_CITY_VEH,EMERG_VEH,PASSENGER,SPEEDING,AG_DRIV,REDLIGHT,ALCOHOL,DISABILITY,label
1359618,2013,6,6,23,6,3,43.65184363,-79.39758692,Trinity-Spadina (20),20,Kensington-Chinatown (78),78,D52,Toronto East York,SPADINA AVE,GRANGE AVE, ,Major Arterial,Intersection, ,No Control,Rain,"Dark, artificial",Wet,Fatal,Pedestrian Collisions,Driver,30 to 34,,0,South,"Automobile, Station Wagon",Going Ahead,Driving Properly,Normal, , , , , , ,1,0,1,0,0,0,0,0,0,0,0,0,0,1
6001198953,2016,7,8,23,39,4,43.752776700000005,-79.19073878,Scarborough East (43),43,Guildwood (140),140,D43,Scarborough,GALLOWAY RD,DEARHAM WOOD,31 m North of,Collector,Intersection,Intersection Related,Stop Sign,Clear,"Dark, artificial",Dry,Non-Fatal Injury,SMV Other,Driver,15 to 19,Major,0,West,"Automobile, Station Wagon",Turning Right,Lost control,Normal, , , , , , ,0,0,1,0,0,0,0,1,1,1,0,0,0,0
1191546,2010,9,26,22,35,6,43.71134538,-79.59279029,Etobicoke North (2),2,West Humber-Clairville (1),1,D23,Etobicoke York,HIGHWAY 27  N,VICE REGENT BLVD, ,Major Arterial,Intersection,At Intersection,Stop Sign,Clear,Dark,Dry,Fatal,Turning Movement,Passenger,25 to 29,Fatal,32, ,Other, , , , , , , , , ,0,0,1,0,0,0,0,1,1,1,0,1,0,1
1191546,2010,9,26,22,35,6,43.71134538,-79.59279029,Etobicoke North (2),2,West Humber-Clairville (1),1,D23,Etobicoke York,HIGHWAY 27  N,VICE REGENT BLVD, ,Major Arterial,Intersection,At Intersection,Stop Sign,Clear,Dark,Dry,Fatal,Turning Movement,Vehicle Owner,unknown, ,0, ,Other, , , , , , , , , ,0,0,1,0,0,0,0,1,1,1,0,1,0,1
1191546,2010,9,26,22,35,6,43.71134538,-79.59279029,Etobicoke North (2),2,West Humber-Clairville (1),1,D23,Etobicoke York,HIGHWAY 27  N,VICE REGENT BLVD, ,Major Arterial,Intersection,At Intersection,Stop Sign,Clear,Dark,Dry,Fatal,Turning Movement,Driver,30 to 34,Minimal,0,West,"Automobile, Station Wagon",Turning Left,Driving Properly,Normal, , , , , , ,0,0,1,0,0,0,0,1,1,1,0,1,0,1
1305957,2012,7,12,22,35,3,43.65754538,-79.56829029,Etobicoke Centre (3),3,Eringate-Centennial-West Deane (11),11,D22,Etobicoke York,THE EAST MALL,WEST DEANE PARK Dr, ,Minor Arterial,Mid-Block,At Intersection,No Control,Clear,"Dark, artificial",Dry,Non-Fatal Injury,SMV Other,Motorcycle Driver,25 to 29,Major,0,East,Motorcycle,Going Ahead,Lost control,Unknown, , , , , , ,0,0,0,1,0,0,0,0,1,1,0,0,0,0
6000434518,2016,3,12,22,35,5,43.70672186,-79.39835749,St. Paul's (22),22,Mount Pleasant West (104),104,D53,Toronto East York,YONGE ST,EGLINTON AVE E, ,Major Arterial,Intersection,At Intersection,Traffic Signal,Clear,"Dark, artificial",Dry,Non-Fatal Injury,Pedestrian Collisions,Driver,15 to 19,Minimal,0,East,"Automobile, Station Wagon",Going Ahead,Lost control,Medical or Physical Disability, , , , , , ,1,0,1,0,0,0,0,1,1,1,0,0,1,0
6000434518,2016,3,12,22,35,5,43.70672186,-79.39835749,St. Paul's (22),22,Mount Pleasant West (104),104,D53,Toronto East York,YONGE ST,EGLINTON AVE E, ,Major Arterial,Intersection,At Intersection,Traffic Signal,Clear,"Dark, artificial",Dry,Non-Fatal Injury,Pedestrian Collisions,Driver,70 to 74,,0,North,"Automobile, Station Wagon",Stopped,Driving Properly,Normal, , , , , , ,1,0,1,0,0,0,0,1,1,1,0,0,1,0
6000434518,2016,3,12,22,35,5,43.70672186,-79.39835749,St. Paul's (22),22,Mount Pleasant West (104),104,D53,Toronto East York,YONGE ST,EGLINTON AVE E, ,Major Arterial,Intersection,At Intersection,Traffic Signal,Clear,"Dark, artificial",Dry,Non-Fatal Injury,Pedestrian Collisions,Passenger,15 to 19,,0, , , , , , , , , , , ,1,0,1,0,0,0,0,1,1,1,0,0,1,0
6000434518,2016,3,12,22,35,5,43.70672186,-79.39835749,St. Paul's (22),22,Mount Pleasant West (104),104,D53,Toronto East York,YONGE ST,EGLINTON AVE E, ,Major Arterial,Intersection,At Intersection,Traffic Signal,Clear,"Dark, artificial",Dry,Non-Fatal Injury,Pedestrian Collisions,Passenger,65 to 69,,0, , , , , , , , , , , ,1,0,1,0,0,0,0,1,1,1,0,0,1,0
6000434518,2016,3,12,22,35,5,43.70672186,-79.39835749,St. Paul's (22),22,Mount Pleasant West (104),104,D53,Toronto East York,YONGE ST,EGLINTON AVE E, ,Major Arterial,Intersection,At Intersection,Traffic Signal,Clear,"Dark, artificial",Dry,Non-Fatal Injury,Pedestrian Collisions,Pedestrian,60 to 64,Major,0,South, , , , ,Vehicle is going straight thru inter.while ped cross with ROW,Crossing with right of way,Normal, , , ,1,0,1,0,0,0,0,1,1,1,0,0,1,0
1046692,2008,6,12,22,36,3,43.67664538,-79.50229029,York South-Weston (11),11,Rockcliffe-Smythe (111),111,D12,Etobicoke York,ROSE VALLEY CRES,WOODGATE DR, ,Local,Mid-Block, ,No Control,Clear,Dark,Dry,Non-Fatal Injury,Other,Motorcycle Driver,25 to 29,Major,0,East,Motorcycle,Going Ahead,Lost control,Unknown, , , , , , ,0,0,0,1,0,0,0,0,0,0,0,0,0,0
6002241239,2016,12,18,22,36,6,43.68396338,-79.36160670000001,Toronto-Danforth (29),29,Broadview North (57),57,D54,Toronto East York,SB DON VALLEY PKWY,POTTERY RD,400 m North of,Expressway,Mid-Block,Non Intersection,No Control,Clear,"Dark, artificial",Dry,Non-Fatal Injury,Pedestrian Collisions,Driver,65 to 69,,0,South,Passenger Van,Going Ahead,Driving Properly,Normal, , , , , , ,1,0,1,0,0,0,0,0,1,1,0,0,0,0
6002241239,2016,12,18,22,36,6,43.68396338,-79.36160670000001,Toronto-Danforth (29),29,Broadview North (57),57,D54,Toronto East York,SB DON VALLEY PKWY,POTTERY RD,400 m North of,Expressway,Mid-Block,Non Intersection,No Control,Clear,"Dark, artificial",Dry,Non-Fatal Injury,Pedestrian Collisions,Pedestrian,20 to 24,Major,0,Unknown, , , , ,Pedestrian hit at mid-block,Playing or Working on Highway,Medical or Physical Disability, , , ,1,0,1,0,0,0,0,0,1,1,0,0,0,0
1220060,2011,2,24,22,39,3,43.65504538,-79.51479029,Etobicoke-Lakeshore (5),5,Kingsway South (15),15,D22,Etobicoke York,ROYAL YORK RD,USHER AVE, ,Minor Arterial,Mid-Block,At Intersection,No Control,Clear,Dark,Dry,Non-Fatal Injury,Approaching,Driver,40 to 44,Major,0,North,"Automobile, Station Wagon",Going Ahead,Driving Properly,Normal, , , , , , ,0,0,1,0,0,0,0,0,0,0,0,1,0,0
1220060,2011,2,24,22,39,3,43.65504538,-79.51479029,Etobicoke-Lakeshore (5),5,Kingsway South (15),15,D22,Etobicoke York,ROYAL YORK RD,USHER AVE, ,Minor Arterial,Mid-Block,At Intersection,No Control,Clear,Dark,Dry,Non-Fatal Injury,Approaching,Vehicle Owner,unknown, ,0, ,Other, , , , , , , , , ,0,0,1,0,0,0,0,0,0,0,0,1,0,0
1220060,2011,2,24,22,39,3,43.65504538,-79.51479029,Etobicoke-Lakeshore (5),5,Kingsway South (15),15,D22,Etobicoke York,ROYAL YORK RD,USHER AVE, ,Minor Arterial,Mid-Block,At Intersection,No Control,Clear,Dark,Dry,Non-Fatal Injury,Approaching,Driver,20 to 24,Major,0,South,"Automobile, Station Wagon",Going Ahead,Other,"Ability Impaired, Alcohol Over .08", , , , , , ,0,0,1,0,0,0,0,0,0,0,0,1,0,0
968354,2007,4,20,22,40,4,43.79934538,-79.33759029,Don Valley East (33),33,Pleasant View (46),46,D33,North York,343 CHEROKEE BLVD, , ,Collector,Mid-Block, ,No Control,Clear,Dark,Dry,Non-Fatal Injury,Pedestrian Collisions,Vehicle Owner,unknown, ,0, ,Other, , , , , , , , , ,1,0,1,0,0,0,0,0,0,0,0,0,0,0
968354,2007,4,20,22,40,4,43.79934538,-79.33759029,Don Valley East (33),33,Pleasant View (46),46,D33,North York,343 CHEROKEE BLVD, , ,Collector,Mid-Block, ,No Control,Clear,Dark,Dry,Non-Fatal Injury,Pedestrian Collisions,Vehicle Owner,unknown, ,0, ,Other, , , , , , , , , ,1,0,1,0,0,0,0,0,0,0,0,0,0,0
968354,2007,4,20,22,40,4,43.79934538,-79.33759029,Don Valley East (33),33,Pleasant View (46),46,D33,North York,343 CHEROKEE BLVD, , ,Collector,Mid-Block, ,No Control,Clear,Dark,Dry,Non-Fatal Injury,Pedestrian Collisions,Driver,40 to 44,Major,0,East,"Automobile, Station Wagon",Reversing,Lost control,Normal, , , , , , ,1,0,1,0,0,0,0,0,0,0,0,0,0,0
968354,2007,4,20,22,40,4,43.79934538,-79.33759029,Don Valley East (33),33,Pleasant View (46),46,D33,North York,343 CHEROKEE BLVD, , ,Collector,Mid-Block, ,No Control,Clear,Dark,Dry,Non-Fatal Injury,Pedestrian Collisions,Pedestrian,35 to 39,Minor,0, ,Other, , , ,Pedestrian hit at private driveway,Other,Normal, , , ,1,0,1,0,0,0,0,0,0,0,0,0,0,0
985784,2007,7,22,22,40,6,43.65474538,-79.38829029,Toronto Centre-Rosedale (27),27,Bay Street Corridor (76),76,D52,Toronto East York,DUNDAS ST W,UNIVERSITY AVE, ,Major Arterial,Intersection,At Intersection,Traffic Signal,Clear,Dark,Dry,Non-Fatal Injury,Turning Movement,Vehicle Owner,unknown,,0, ,Other, , , , , , , , , ,0,0,1,0,0,0,0,1,1,1,0,0,0,0
985784,2007,7,22,22,40,6,43.65474538,-79.38829029,Toronto Centre-Rosedale (27),27,Bay Street Corridor (76),76,D52,Toronto East York,DUNDAS ST W,UNIVERSITY AVE, ,Major Arterial,Intersection,At Intersection,Traffic Signal,Clear,Dark,Dry,Non-Fatal Injury,Turning Movement,Driver,45 to 49,,0,South,"Automobile, Station Wagon",Going Ahead,Driving Properly,Normal, , , , , , ,0,0,1,0,0,0,0,1,1,1,0,0,0,0
985784,2007,7,22,22,40,6,43.65474538,-79.38829029,Toronto Centre-Rosedale (27),27,Bay Street Corridor (76),76,D52,Toronto East York,DUNDAS ST W,UNIVERSITY AVE, ,Major Arterial,Intersection,At Intersection,Traffic Signal,Clear,Dark,Dry,Non-Fatal Injury,Turning Movement,Passenger,5 to 9,Major,0, ,Other, , , , , , , , , ,0,0,1,0,0,0,0,1,1,1,0,0,0,0
985784,2007,7,22,22,40,6,43.65474538,-79.38829029,Toronto Centre-Rosedale (27),27,Bay Street Corridor (76),76,D52,Toronto East York,DUNDAS ST W,UNIVERSITY AVE, ,Major Arterial,Intersection,At Intersection,Traffic Signal,Clear,Dark,Dry,Non-Fatal Injury,Turning Movement,Passenger,5 to 9,Minimal,0, ,Other, , , , , , , , , ,0,0,1,0,0,0,0,1,1,1,0,0,0,0
985784,2007,7,22,22,40,6,43.65474538,-79.38829029,Toronto Centre-Rosedale (27),27,Bay Street Corridor (76),76,D52,Toronto East York,DUNDAS ST W,UNIVERSITY AVE, ,Major Arterial,Intersection,At Intersection,Traffic Signal,Clear,Dark,Dry,Non-Fatal Injury,Turning Movement,Passenger,10 to 14,Minimal,0, ,Other, , , , , , , , , ,0,0,1,0,0,0,0,1,1,1,0,0,0,0
985784,2007,7,22,22,40,6,43.65474538,-79.38829029,Toronto Centre-Rosedale (27),27,Bay Street Corridor (76),76,D52,Toronto East York,DUNDAS ST W,UNIVERSITY AVE, ,Major Arterial,Intersection,At Intersection,Traffic Signal,Clear,Dark,Dry,Non-Fatal Injury,Turning Movement,Passenger,35 to 39,Minimal,0, ,Other, , , , , , , , , ,0,0,1,0,0,0,0,1,1,1,0,0,0,0
985784,2007,7,22,22,40,6,43.65474538,-79.38829029,Toronto Centre-Rosedale (27),27,Bay Street Corridor (76),76,D52,Toronto East York,DUNDAS ST W,UNIVERSITY AVE, ,Major Arterial,Intersection,At Intersection,Traffic Signal,Clear,Dark,Dry,Non-Fatal Injury,Turning Movement,Driver,40 to 44,Minimal,0,North,"Automobile, Station Wagon",Turning Left,Improper Turn,Inattentive, , , , , , ,0,0,1,0,0,0,0,1,1,1,0,0,0,0
985784,2007,7,22,22,40,6,43.65474538,-79.38829029,Toronto Centre-Rosedale (27),27,Bay Street Corridor (76),76,D52,Toronto East York,DUNDAS ST W,UNIVERSITY AVE, ,Major Arterial,Intersection,At Intersection,Traffic Signal,Clear,Dark,Dry,Non-Fatal Injury,Turning Movement,Vehicle Owner,unknown,,0, ,Other, , , , , , , , , ,0,0,1,0,0,0,0,1,1,1,0,0,0,0
985784,2007,7,22,22,40,6,43.65474538,-79.38829029,Toronto Centre-Rosedale (27),27,Bay Street Corridor (76),76,D52,Toronto East York,DUNDAS ST W,UNIVERSITY AVE, ,Major Arterial,Intersection,At Intersection,Traffic Signal,Clear,Dark,Dry,Non-Fatal Injury,Turning Movement,Driver,35 to 39,,0,South,"Automobile, Station Wagon",Going Ahead,Driving Properly,Normal, , , , , , ,0,0,1,0,0,0,0,1,1,1,0,0,0,0
1069312,2008,5,9,22,40,4,43.79324538,-79.42169029,Willowdale (23),23,Newtonbrook West (36),36,D32,North York,31 MOORE PARK AVE, , ,Local,Mid-Block, ,No Control,Clear,Dark,Dry,Non-Fatal Injury,Pedestrian Collisions,Vehicle Owner,unknown, ,0, ,Other, , , , , , , , , ,1,0,0,0,0,0,0,0,0,0,0,0,0,0
1069312,2008,5,9,22,40,4,43.79324538,-79.42169029,Willowdale (23),23,Newtonbrook West (36),36,D32,North York,31 MOORE PARK AVE, , ,Local,Mid-Block, ,No Control,Clear,Dark,Dry,Non-Fatal Injury,Pedestrian Collisions,Driver,unknown,,0,South,Other,Reversing,Other,Normal, , , , , , ,1,0,0,0,0,0,0,0,0,0,0,0,0,0
1069312,2008,5,9,22,40,4,43.79324538,-79.42169029,Willowdale (23),23,Newtonbrook West (36),36,D32,North York,31 MOORE PARK AVE, , ,Local,Mid-Block, ,No Control,Clear,Dark,Dry,Non-Fatal Injury,Pedestrian Collisions,Pedestrian,50 to 54,Major,0, ,Other, , , ,Vehicle is reversing and hits pedestrian,Person Getting on/off Vehicle,Normal, , , ,1,0,0,0,0,0,0,0,0,0,0,0,0,0
1058820,2008,8,31,22,40,6,43.78934538,-79.36789029,Don Valley East (33),33,Don Valley Village (47),47,D33,North York,LESLIE ST,FINCH AVE E, ,Major Arterial,Mid-Block, ,No Control,Clear,Dark,Dry,Non-Fatal Injury,SMV Other,Driver,50 to 54,Major,0,South,"Automobile, Station Wagon",Going Ahead,Lost control,Had Been Drinking, , , , , , ,0,0,1,0,0,0,0,0,1,1,0,0,0,0
1058820,2008,8,31,22,40,6,43.78934538,-79.36789029,Don Valley East (33),33,Don Valley Village (47),47,D33,North York,LESLIE ST,FINCH AVE E, ,Major Arterial,Mid-Block, ,No Control,Clear,Dark,Dry,Non-Fatal Injury,SMV Other,Other Property Owner,unknown, ,0, ,Other, , , , , , , , , ,0,0,1,0,0,0,0,0,1,1,0,0,0,0
1168399,2010,5,11,22,40,1,43.66674538,-79.44649029,Davenport (18),18,Dovercourt-Wallace Emerson-Junction (93),93,D11,Toronto East York,DUPONT ST,LANSDOWNE AVE, ,Major Arterial,Intersection,At Intersection,Traffic Signal,Rain,Dark,Wet,Non-Fatal Injury,Pedestrian Collisions,Driver,40 to 44,,0,South,"Automobile, Station Wagon",Turning Left,Failed to Yield Right of Way,Normal, , , , , , ,1,0,1,0,0,0,0,0,0,1,0,0,0,0
1168399,2010,5,11,22,40,1,43.66674538,-79.44649029,Davenport (18),18,Dovercourt-Wallace Emerson-Junction (93),93,D11,Toronto East York,DUPONT ST,LANSDOWNE AVE, ,Major Arterial,Intersection,At Intersection,Traffic Signal,Rain,Dark,Wet,Non-Fatal Injury,Pedestrian Collisions,Pedestrian,55 to 59,Major,0,South,Other, , , ,Vehicle turns left while ped crosses with ROW at inter.,Crossing with right of way,Normal, , , ,1,0,1,0,0,0,0,0,0,1,0,0,0,0
1265738,2011,11,23,22,40,2,43.76004538,-79.46499029,York Centre (10),10,Bathurst Manor (34),34,D32,North York,DUFFERIN ST,KENNARD AVE, ,Major Arterial,Mid-Block, ,No Control,Clear,"Dark, artificial",Dry,Non-Fatal Injury,Pedestrian Collisions,Driver,30 to 34,,0,North,"Automobile, Station Wagon",Going Ahead,Driving Properly,Normal, , , , , , ,1,0,1,0,0,0,0,0,0,0,0,0,0,0
1265738,2011,11,23,22,40,2,43.76004538,-79.46499029,York Centre (10),10,Bathurst Manor (34),34,D32,North York,DUFFERIN ST,KENNARD AVE, ,Major Arterial,Mid-Block, ,No Control,Clear,"Dark, artificial",Dry,Non-Fatal Injury,Pedestrian Collisions,Pedestrian,25 to 29,Major,0,West,Other, , , ,Pedestrian hit at mid-block,"Crossing, no Traffic Control",Normal, , , ,1,0,1,0,0,0,0,0,0,0,0,0,0,0
1333463,2012,11,16,22,40,4,43.67065008,-79.38483057,Toronto Centre-Rosedale (27),27,Church-Yonge Corridor (75),75,D51,Toronto East York,BLOOR ST E,PARK RD, ,Major Arterial,Mid-Block, ,No Control,Clear,Dark,Dry,Non-Fatal Injury,Turning Movement,Vehicle Owner,unknown, ,0, ,Other, , , , , , , , , ,0,0,1,0,0,0,0,1,0,1,0,0,0,0
1333463,2012,11,16,22,40,4,43.67065008,-79.38483057,Toronto Centre-Rosedale (27),27,Church-Yonge Corridor (75),75,D51,Toronto East York,BLOOR ST E,PARK RD, ,Major Arterial,Mid-Block, ,No Control,Clear,Dark,Dry,Non-Fatal Injury,Turning Movement,Driver,45 to 49,Major,0,East,"Automobile, Station Wagon",Making U Turn,Failed to Yield Right of Way,Inattentive, , , , , , ,0,0,1,0,0,0,0,1,0,1,0,0,0,0
1333463,2012,11,16,22,40,4,43.67065008,-79.38483057,Toronto Centre-Rosedale (27),27,Church-Yonge Corridor (75),75,D51,Toronto East York,BLOOR ST E,PARK RD, ,Major Arterial,Mid-Block, ,No Control,Clear,Dark,Dry,Non-Fatal Injury,Turning Movement,Passenger,25 to 29,Major,0, ,Other, , , , , , , , , ,0,0,1,0,0,0,0,1,0,1,0,0,0,0
1333463,2012,11,16,22,40,4,43.67065008,-79.38483057,Toronto Centre-Rosedale (27),27,Church-Yonge Corridor (75),75,D51,Toronto East York,BLOOR ST E,PARK RD, ,Major Arterial,Mid-Block, ,No Control,Clear,Dark,Dry,Non-Fatal Injury,Turning Movement,Vehicle Owner,unknown, ,0, ,Other, , , , , , , , , ,0,0,1,0,0,0,0,1,0,1,0,0,0,0
1333463,2012,11,16,22,40,4,43.67065008,-79.38483057,Toronto Centre-Rosedale (27),27,Church-Yonge Corridor (75),75,D51,Toronto East York,BLOOR ST E,PARK RD, ,Major Arterial,Mid-Block, ,No Control,Clear,Dark,Dry,Non-Fatal Injury,Turning Movement,Driver,25 to 29,Major,0,West,"Automobile, Station Wagon",Going Ahead,Driving Properly,Normal, , , , , , ,0,0,1,0,0,0,0,1,0,1,0,0,0,0
1356930,2013,5,18,22,40,5,43.69744538,-79.44219029,Eglinton-Lawrence (15),15,Briar Hill-Belgravia (108),108,D13,North York,EGLINTON Ave W,OAKWOOD Ave, ,Major Arterial,Mid-Block, ,No Control,Clear,"Dark, artificial",Dry,Non-Fatal Injury,Pedestrian Collisions,Driver,50 to 54,,0,West,"Automobile, Station Wagon",Going Ahead,Driving Properly,Normal, , , , , , ,1,0,1,0,0,0,0,0,0,0,0,0,0,0
1356930,2013,5,18,22,40,5,43.69744538,-79.44219029,Eglinton-Lawrence (15),15,Briar Hill-Belgravia (108),108,D13,North York,EGLINTON Ave W,OAKWOOD Ave, ,Major Arterial,Mid-Block, ,No Control,Clear,"Dark, artificial",Dry,Non-Fatal Injury,Pedestrian Collisions,Vehicle Owner,unknown, ,0, ,Other, , , , , , , , , ,1,0,1,0,0,0,0,0,0,0,0,0,0,0
1356930,2013,5,18,22,40,5,43.69744538,-79.44219029,Eglinton-Lawrence (15),15,Briar Hill-Belgravia (108),108,D13,North York,EGLINTON Ave W,OAKWOOD Ave, ,Major Arterial,Mid-Block, ,No Control,Clear,"Dark, artificial",Dry,Non-Fatal Injury,Pedestrian Collisions,Driver,15 to 19,,0,East,"Automobile, Station Wagon",Going Ahead,Driving Properly,Normal, , , , , , ,1,0,1,0,0,0,0,0,0,0,0,0,0,0
1356930,2013,5,18,22,40,5,43.69744538,-79.44219029,Eglinton-Lawrence (15),15,Briar Hill-Belgravia (108),108,D13,North York,EGLINTON Ave W,OAKWOOD Ave, ,Major Arterial,Mid-Block, ,No Control,Clear,"Dark, artificial",Dry,Non-Fatal Injury,Pedestrian Collisions,Pedestrian,25 to 29,Major,0,South,Other, , , ,Pedestrian hit at mid-block,"Crossing, no Traffic Control",Inattentive, , , ,1,0,1,0,0,0,0,0,0,0,0,0,0,0
1377196,2013,7,12,22,40,4,43.68860205,-79.44736109,Eglinton-Lawrence (15),15,Oakwood Village (107),107,D13,North York,DUFFERIN St,HOLMESDALE Rd, ,Major Arterial,Intersection,At Intersection,Traffic Signal,Clear,"Dark, artificial",Dry,Non-Fatal Injury,Cyclist Collisions,Driver,55 to 59,Minimal,0,North,"Automobile, Station Wagon",Turning Left,Improper Turn,Normal, , , , , , ,0,1,1,0,0,0,0,0,0,0,0,0,0,0
1377196,2013,7,12,22,40,4,43.68860205,-79.44736109,Eglinton-Lawrence (15),15,Oakwood Village (107),107,D13,North York,DUFFERIN St,HOLMESDALE Rd, ,Major Arterial,Intersection,At Intersection,Traffic Signal,Clear,"Dark, artificial",Dry,Non-Fatal Injury,Cyclist Collisions,Cyclist,15 to 19,Major,0,South,Bicycle,Going Ahead, , , , , ,Motorist turned left across cyclists path.,Driving Properly,Normal,0,1,1,0,0,0,0,0,0,0,0,0,0,0
1388623,2013,11,1,22,40,4,43.64418753,-79.37833033,Toronto Centre-Rosedale (28),28,Waterfront Communities-The Island (77),77,D52,Toronto East York,BAY ST,LAKE SHORE BLVD W, ,Major Arterial,Mid-Block, ,No Control,Clear,"Dark, artificial",Dry,Non-Fatal Injury,Pedestrian Collisions,Driver,25 to 29,,0,North,"Automobile, Station Wagon",Going Ahead,Driving Properly,Normal, , , , , , ,1,0,1,0,0,0,0,0,0,0,0,0,0,0
1388623,2013,11,1,22,40,4,43.64418753,-79.37833033,Toronto Centre-Rosedale (28),28,Waterfront Communities-The Island (77),77,D52,Toronto East York,BAY ST,LAKE SHORE BLVD W, ,Major Arterial,Mid-Block, ,No Control,Clear,"Dark, artificial",Dry,Non-Fatal Injury,Pedestrian Collisions,Pedestrian,20 to 24,Major,0,East,Other, , , ,Pedestrian hit at mid-block,Running onto Roadway,"Ability Impaired, Alcohol", , , ,1,0,1,0,0,0,0,0,0,0,0,0,0,0
4002525835,2014,7,18,22,40,4,43.6608692,-79.37352381,Toronto Centre-Rosedale (27),27,Moss Park (73),73,D51,Toronto East York,GERRARD ST E,PEMBROKE ST, ,Minor Arterial,Intersection,At Intersection,No Control,Clear,Dark,Dry,Non-Fatal Injury,Cyclist Collisions,Cyclist,25 to 29,Major,0,South,Bicycle,Going Ahead, , , , , ,"Cyclist without ROW rides into path of motorist at inter, lnwy, dwy-Cyclist not turn.",Failed to Yield Right of Way,Had Been Drinking,0,1,1,0,0,0,0,1,1,1,0,0,0,0
4002525835,2014,7,18,22,40,4,43.6608692,-79.37352381,Toronto Centre-Rosedale (27),27,Moss Park (73),73,D51,Toronto East York,GERRARD ST E,PEMBROKE ST, ,Minor Arterial,Intersection,At Intersection,No Control,Clear,Dark,Dry,Non-Fatal Injury,Cyclist Collisions,Driver,25 to 29,,0,West,"Automobile, Station Wagon",Going Ahead,Driving Properly,Normal, , , , , , ,0,1,1,0,0,0,0,1,1,1,0,0,0,0
4002525835,2014,7,18,22,40,4,43.6608692,-79.37352381,Toronto Centre-Rosedale (27),27,Moss Park (73),73,D51,Toronto East York,GERRARD ST E,PEMBROKE ST, ,Minor Arterial,Intersection,At Intersection,No Control,Clear,Dark,Dry,Non-Fatal Injury,Cyclist Collisions,Passenger,25 to 29,,0, , , , , , , , , , , ,0,1,1,0,0,0,0,1,1,1,0,0,0,0
4002809837,2014,8,30,22,40,5,43.66856726,-79.48337183,York South-Weston (11),11,Junction Area (90),90,D11,Etobicoke York,741 RUNNYMEDE RD, ,10 m South of,Minor Arterial,Mid-Block,Non Intersection,No Control,Clear,"Dark, artificial",Dry,Non-Fatal Injury,Pedestrian Collisions,Driver,25 to 29,,0,North,"Automobile, Station Wagon",Turning Right,Improper Turn,Had Been Drinking, , , , , , ,1,0,1,1,0,0,0,0,0,0,0,0,0,0
4002809837,2014,8,30,22,40,5,43.66856726,-79.48337183,York South-Weston (11),11,Junction Area (90),90,D11,Etobicoke York,741 RUNNYMEDE RD, ,10 m South of,Minor Arterial,Mid-Block,Non Intersection,No Control,Clear,"Dark, artificial",Dry,Non-Fatal Injury,Pedestrian Collisions,Motorcycle Driver,20 to 24,Major,0,North,Motorcycle,Going Ahead,Driving Properly,Normal, , , , , , ,1,0,1,1,0,0,0,0,0,0,0,0,0,0
4002809837,2014,8,30,22,40,5,43.66856726,-79.48337183,York South-Weston (11),11,Junction Area (90),90,D11,Etobicoke York,741 RUNNYMEDE RD, ,10 m South of,Minor Arterial,Mid-Block,Non Intersection,No Control,Clear,"Dark, artificial",Dry,Non-Fatal Injury,Pedestrian Collisions,Pedestrian,25 to 29,Minimal,0,Unknown, , , , ,Pedestrian hit on sidewalk or shoulder,On Sidewalk or Shoulder,Normal, , , ,1,0,1,1,0,0,0,0,0,0,0,0,0,0
4002809837,2014,8,30,22,40,5,43.66856726,-79.48337183,York South-Weston (11),11,Junction Area (90),90,D11,Etobicoke York,741 RUNNYMEDE RD, ,10 m South of,Minor Arterial,Mid-Block,Non Intersection,No Control,Clear,"Dark, artificial",Dry,Non-Fatal Injury,Pedestrian Collisions,Pedestrian,25 to 29,Major,0,Unknown, , , , ,Pedestrian hit on sidewalk or shoulder,On Sidewalk or Shoulder,Normal, , , ,1,0,1,1,0,0,0,0,0,0,0,0,0,0
6000353935,2016,2,28,22,40,6,43.74142798,-79.31420527,Don Valley East (34),34,Victoria Village (43),43,D33,North York,LAWRENCE AVE E,CARNFORTH RD, ,Major Arterial,Intersection,At Intersection,Traffic Signal,Rain,"Dark, artificial",Wet,Non-Fatal Injury,Turning Movement,Driver,20 to 24,,0,West,"Automobile, Station Wagon",Going Ahead,Exceeding Speed Limit,Fatigue, , , , , , ,0,0,1,0,0,0,0,1,1,1,0,0,0,0
6000353935,2016,2,28,22,40,6,43.74142798,-79.31420527,Don Valley East (34),34,Victoria Village (43),43,D33,North York,LAWRENCE AVE E,CARNFORTH RD, ,Major Arterial,Intersection,At Intersection,Traffic Signal,Rain,"Dark, artificial",Wet,Non-Fatal Injury,Turning Movement,Driver,25 to 29,Minor,0,East,"Automobile, Station Wagon",Turning Left,Driving Properly,Normal, , , , , , ,0,0,1,0,0,0,0,1,1,1,0,0,0,0