ACCNUM,YEAR,MONTH,DAY,HOUR,MINUTES,WEEKDAY,LATITUDE,LONGITUDE,Ward_Name,Ward_ID,Hood_Name,Hood_ID,Division,District,STREET1,STREET2,OFFSET,ROAD_CLASS,LOCCOORD,ACCLOC,TRAFFCTL,VISIBILITY,LIGHT,RDSFCOND,ACCLASS,IMPACTYPE,INVTYPE,INVAGE,INJURY,FATAL_NO,INITDIR,VEHTYPE,MANOEUVER,DRIVACT,DRIVCOND,PEDTYPE,PEDACT,PEDCOND,CYCLISTYPE,CYCACT,CYCCOND,PEDESTRIAN,CYCLIST,AUTOMOBILE,MOTORCYCLE,TRUCK,TRSN_CITY_VEH,EMERG_VEH,PASSENGER,SPEEDING,AG_DRIV,REDLIGHT,ALCOHOL,DISABILITY,label
6000353935,2016,2,28,22,40,6,43.74142798,-79.31420527,Don Valley East (34),34,Victoria Village (43),43,D33,North York,LAWRENCE AVE E,CARNFORTH RD, ,Major Arterial,Intersection,At Intersection,Traffic Signal,Rain,"Dark, artificial",Wet,Non-Fatal Injury,Turning Movement,Passenger,15 to 19,Major,0, , , , , , , , , , , ,0,0,1,0,0,0,0,1,1,1,0,0,0,0
6001210944,2016,7,10,22,40,6,43.62285956,-79.48119746,Etobicoke-Lakeshore (6),6,Mimico (includes Humber Bay Shores) (17),17,D22,Etobicoke York,LAKE SHORE BLVD W,MARINE PARADE DR, ,Major Arterial,Intersection,At Intersection,Traffic Signal,Clear,"Dark, artificial",Dry,Non-Fatal Injury,Pedestrian Collisions,Driver,60 to 64,,0,East,"Automobile, Station Wagon",Going Ahead,Driving Properly,Normal, , , , , , ,1,0,1,0,0,0,0,0,0,0,0,0,0,0
6001210944,2016,7,10,22,40,6,43.62285956,-79.48119746,Etobicoke-Lakeshore (6),6,Mimico (includes Humber Bay Shores) (17),17,D22,Etobicoke York,LAKE SHORE BLVD W,MARINE PARADE DR, ,Major Arterial,Intersection,At Intersection,Traffic Signal,Clear,"Dark, artificial",Dry,Non-Fatal Injury,Pedestrian Collisions,Pedestrian,unknown,Major,0,South, , , , ,Vehicle is going straight thru inter.while ped cross without ROW,Crossing without right of way,Had Been Drinking, , , ,1,0,1,0,0,0,0,0,0,0,0,0,0,0
7001179140,2017,7,1,22,40,5,43.65007742,-79.56899653,Etobicoke Centre (3),3,Etobicoke West Mall (13),13,D22,Etobicoke York,THE WEST MALL,HOLIDAY DR,90 m North of,Minor Arterial,Mid-Block,Non Intersection,No Control,Clear,"Dark, artificial",Dry,Non-Fatal Injury,Pedestrian Collisions,Driver,40 to 44,,0,South,Pick Up Truck,Going Ahead,Driving Properly,Normal, , , , , , ,1,0,1,0,0,0,0,1,0,0,0,0,0,0
7001179140,2017,7,1,22,40,5,43.65007742,-79.56899653,Etobicoke Centre (3),3,Etobicoke West Mall (13),13,D22,Etobicoke York,THE WEST MALL,HOLIDAY DR,90 m North of,Minor Arterial,Mid-Block,Non Intersection,No Control,Clear,"Dark, artificial",Dry,Non-Fatal Injury,Pedestrian Collisions,Passenger,20 to 24,,0, , , , , , , , , , , ,1,0,1,0,0,0,0,1,0,0,0,0,0,0
7001179140,2017,7,1,22,40,5,43.65007742,-79.56899653,Etobicoke Centre (3),3,Etobicoke West Mall (13),13,D22,Etobicoke York,THE WEST MALL,HOLIDAY DR,90 m North of,Minor Arterial,Mid-Block,Non Intersection,No Control,Clear,"Dark, artificial",Dry,Non-Fatal Injury,Pedestrian Collisions,Passenger,30 to 34,,0, , , , , , , , , , , ,1,0,1,0,0,0,0,1,0,0,0,0,0,0
7001179140,2017,7,1,22,40,5,43.65007742,-79.56899653,Etobicoke Centre (3),3,Etobicoke West Mall (13),13,D22,Etobicoke York,THE WEST MALL,HOLIDAY DR,90 m North of,Minor Arterial,Mid-Block,Non Intersection,No Control,Clear,"Dark, artificial",Dry,Non-Fatal Injury,Pedestrian Collisions,Passenger,10 to 14,,0, , , , , , , , , , , ,1,0,1,0,0,0,0,1,0,0,0,0,0,0
7001179140,2017,7,1,22,40,5,43.65007742,-79.56899653,Etobicoke Centre (3),3,Etobicoke West Mall (13),13,D22,Etobicoke York,THE WEST MALL,HOLIDAY DR,90 m North of,Minor Arterial,Mid-Block,Non Intersection,No Control,Clear,"Dark, artificial",Dry,Non-Fatal Injury,Pedestrian Collisions,Pedestrian,15 to 19,Major,0,West, , , , ,Pedestrian hit at mid-block,"Crossing, no Traffic Control",Inattentive, , , ,1,0,1,0,0,0,0,1,0,0,0,0,0,0
7001179140,2017,7,1,22,40,5,43.65007742,-79.56899653,Etobicoke Centre (3),3,Etobicoke West Mall (13),13,D22,Etobicoke York,THE WEST MALL,HOLIDAY DR,90 m North of,Minor Arterial,Mid-Block,Non Intersection,No Control,Clear,"Dark, artificial",Dry,Non-Fatal Injury,Pedestrian Collisions,Pedestrian,15 to 19,Major,0,West, , , , ,Pedestrian hit at mid-block,"Crossing, no Traffic Control",Inattentive, , , ,1,0,1,0,0,0,0,1,0,0,0,0,0,0
1123907,2009,8,11,22,42,1,43.80834538,-79.17079029,Scarborough East (44),44,Rouge (131),131,D42,Scarborough,SHEPPARD Aven E,MEADOWVALE Road, ,Major Arterial,Intersection,At Intersection,Traffic Signal,Clear,Dark,Dry,Non-Fatal Injury,Angle,Passenger,35 to 39,Major,0, ,Other, , , , , , , , , ,0,0,1,0,0,0,0,1,0,1,1,0,0,0
1123907,2009,8,11,22,42,1,43.80834538,-79.17079029,Scarborough East (44),44,Rouge (131),131,D42,Scarborough,SHEPPARD Aven E,MEADOWVALE Road, ,Major Arterial,Intersection,At Intersection,Traffic Signal,Clear,Dark,Dry,Non-Fatal Injury,Angle,Driver,40 to 44,,0,South,"Automobile, Station Wagon",Going Ahead,Driving Properly,Normal, , , , , , ,0,0,1,0,0,0,0,1,0,1,1,0,0,0
1123907,2009,8,11,22,42,1,43.80834538,-79.17079029,Scarborough East (44),44,Rouge (131),131,D42,Scarborough,SHEPPARD Aven E,MEADOWVALE Road, ,Major Arterial,Intersection,At Intersection,Traffic Signal,Clear,Dark,Dry,Non-Fatal Injury,Angle,Driver,20 to 24,,0,West,"Automobile, Station Wagon",Going Ahead,Disobeyed Traffic Control,Normal, , , , , , ,0,0,1,0,0,0,0,1,0,1,1,0,0,0
1123907,2009,8,11,22,42,1,43.80834538,-79.17079029,Scarborough East (44),44,Rouge (131),131,D42,Scarborough,SHEPPARD Aven E,MEADOWVALE Road, ,Major Arterial,Intersection,At Intersection,Traffic Signal,Clear,Dark,Dry,Non-Fatal Injury,Angle,Other Property Owner,unknown, ,0, ,Other, , , , , , , , , ,0,0,1,0,0,0,0,1,0,1,1,0,0,0
1209188,2010,10,29,22,42,4,43.65774538,-79.37299029,Toronto Centre-Rosedale (27),27,Moss Park (73),73,D51,Toronto East York,DUNDAS ST E,GEORGE ST, ,Major Arterial,Mid-Block, ,No Control,Clear,Dark,Dry,Non-Fatal Injury,SMV Other,Motorcycle Driver,40 to 44,Major,0,East,Motorcycle,Going Ahead,Lost control,Unknown, , , , , , ,0,0,0,1,0,0,0,0,0,0,0,0,0,0
4001997279,2014,5,1,22,44,3,43.73149832,-79.53744898,York West (7),7,Pelmo Park-Humberlea (23),23,D31,Etobicoke York,WESTON RD,MAINSHEP RD, ,Major Arterial,Intersection,Non Intersection,No Control,Clear,"Dark, artificial",Dry,Non-Fatal Injury,Rear End,Driver,20 to 24,Minor,0,South,"Automobile, Station Wagon",Going Ahead,Exceeding Speed Limit,"Ability Impaired, Alcohol Over .08", , , , , , ,0,0,1,0,0,0,0,1,1,1,0,1,0,0
4001997279,2014,5,1,22,44,3,43.73149832,-79.53744898,York West (7),7,Pelmo Park-Humberlea (23),23,D31,Etobicoke York,WESTON RD,MAINSHEP RD, ,Major Arterial,Intersection,Non Intersection,No Control,Clear,"Dark, artificial",Dry,Non-Fatal Injury,Rear End,Driver,30 to 34,Minor,0,South,"Automobile, Station Wagon",Going Ahead,Driving Properly,Normal, , , , , , ,0,0,1,0,0,0,0,1,1,1,0,1,0,0
4001997279,2014,5,1,22,44,3,43.73149832,-79.53744898,York West (7),7,Pelmo Park-Humberlea (23),23,D31,Etobicoke York,WESTON RD,MAINSHEP RD, ,Major Arterial,Intersection,Non Intersection,No Control,Clear,"Dark, artificial",Dry,Non-Fatal Injury,Rear End,Passenger,30 to 34,Major,0, , , , , , , , , , , ,0,0,1,0,0,0,0,1,1,1,0,1,0,0
4001997279,2014,5,1,22,44,3,43.73149832,-79.53744898,York West (7),7,Pelmo Park-Humberlea (23),23,D31,Etobicoke York,WESTON RD,MAINSHEP RD, ,Major Arterial,Intersection,Non Intersection,No Control,Clear,"Dark, artificial",Dry,Non-Fatal Injury,Rear End,Passenger,30 to 34,Minor,0, , , , , , , , , , , ,0,0,1,0,0,0,0,1,1,1,0,1,0,0
4001997279,2014,5,1,22,44,3,43.73149832,-79.53744898,York West (7),7,Pelmo Park-Humberlea (23),23,D31,Etobicoke York,WESTON RD,MAINSHEP RD, ,Major Arterial,Intersection,Non Intersection,No Control,Clear,"Dark, artificial",Dry,Non-Fatal Injury,Rear End,Passenger,25 to 29,Minor,0, , , , , , , , , , , ,0,0,1,0,0,0,0,1,1,1,0,1,0,0
4001997279,2014,5,1,22,44,3,43.73149832,-79.53744898,York West (7),7,Pelmo Park-Humberlea (23),23,D31,Etobicoke York,WESTON RD,MAINSHEP RD, ,Major Arterial,Intersection,Non Intersection,No Control,Clear,"Dark, artificial",Dry,Non-Fatal Injury,Rear End,Passenger,55 to 59,Minor,0, , , , , , , , , , , ,0,0,1,0,0,0,0,1,1,1,0,1,0,0
952478,2007,1,24,22,45,2,43.71364538,-79.55499029,Etobicoke North (2),2,West Humber-Clairville (1),1,D23,Etobicoke York,ISLINGTON Aven,REXDALE Boul, ,Major Arterial,Intersection,At Intersection,Traffic Signal,Clear,Daylight,Dry,Non-Fatal Injury,Turning Movement,Driver,40 to 44,Major,0,South,"Automobile, Station Wagon",Turning Left,Disobeyed Traffic Control,Inattentive, , , , , , ,0,0,1,0,0,0,0,1,0,1,1,0,0,0
952478,2007,1,24,22,45,2,43.71364538,-79.55499029,Etobicoke North (2),2,West Humber-Clairville (1),1,D23,Etobicoke York,ISLINGTON Aven,REXDALE Boul, ,Major Arterial,Intersection,At Intersection,Traffic Signal,Clear,Daylight,Dry,Non-Fatal Injury,Turning Movement,Passenger,15 to 19,Minimal,0, ,Other, , , , , , , , , ,0,0,1,0,0,0,0,1,0,1,1,0,0,0
952478,2007,1,24,22,45,2,43.71364538,-79.55499029,Etobicoke North (2),2,West Humber-Clairville (1),1,D23,Etobicoke York,ISLINGTON Aven,REXDALE Boul, ,Major Arterial,Intersection,At Intersection,Traffic Signal,Clear,Daylight,Dry,Non-Fatal Injury,Turning Movement,Driver,45 to 49,Minimal,0,West,"Automobile, Station Wagon",Going Ahead,Driving Properly,Normal, , , , , , ,0,0,1,0,0,0,0,1,0,1,1,0,0,0
1051130,2008,7,31,22,45,3,43.64824538,-79.37089029,Toronto Centre-Rosedale (28),28,Waterfront Communities-The Island (77),77,D51,Toronto East York,LOWER JARVIS ST,THE ESPLANADE, ,Major Arterial,Intersection,At Intersection,Traffic Signal,Clear,Dark,Dry,Non-Fatal Injury,Cyclist Collisions,Vehicle Owner,unknown, ,0, ,Other, , , , , , , , , ,0,1,1,0,0,0,0,0,0,1,1,1,0,0
1051130,2008,7,31,22,45,3,43.64824538,-79.37089029,Toronto Centre-Rosedale (28),28,Waterfront Communities-The Island (77),77,D51,Toronto East York,LOWER JARVIS ST,THE ESPLANADE, ,Major Arterial,Intersection,At Intersection,Traffic Signal,Clear,Dark,Dry,Non-Fatal Injury,Cyclist Collisions,Driver,55 to 59,,0,South,"Automobile, Station Wagon",Going Ahead,Disobeyed Traffic Control,"Ability Impaired, Alcohol Over .08", , , , , , ,0,1,1,0,0,0,0,0,0,1,1,1,0,0
1051130,2008,7,31,22,45,3,43.64824538,-79.37089029,Toronto Centre-Rosedale (28),28,Waterfront Communities-The Island (77),77,D51,Toronto East York,LOWER JARVIS ST,THE ESPLANADE, ,Major Arterial,Intersection,At Intersection,Traffic Signal,Clear,Dark,Dry,Non-Fatal Injury,Cyclist Collisions,Cyclist,50 to 54,Major,0,North,Bicycle,Turning Left, , , , , ,Cyclist turned left across motorists path.,Driving Properly,Normal,0,1,1,0,0,0,0,0,0,1,1,1,0,0
1199237,2010,10,2,22,45,5,43.68035086,-79.27967463,Scarborough Southwest (36),36,Birchcliffe-Cliffside (122),122,D41,Scarborough,145 COURCELETTE RD, , ,Local,Mid-Block,Non Intersection,No Control,Clear,Dark,Dry,Non-Fatal Injury,Cyclist Collisions,Driver,60 to 64,,0,North,"Automobile, Station Wagon",Turning Left,Improper Turn,Unknown, , , , , , ,0,1,1,0,0,0,0,0,0,0,0,0,0,0
1199237,2010,10,2,22,45,5,43.68035086,-79.27967463,Scarborough Southwest (36),36,Birchcliffe-Cliffside (122),122,D41,Scarborough,145 COURCELETTE RD, , ,Local,Mid-Block,Non Intersection,No Control,Clear,Dark,Dry,Non-Fatal Injury,Cyclist Collisions,Cyclist,55 to 59,Major,0,South,Bicycle,Going Ahead, , , , , ,Cyclist falls off bike - no contact with motorist.,Lost control,Normal,0,1,1,0,0,0,0,0,0,0,0,0,0,0
4001495277,2014,2,8,22,45,5,43.65939291,-79.54302607,Etobicoke Centre (4),4,Princess-Rosethorn (10),10,D22,Etobicoke York,KIPLING AVE,RATHBURN RD,51 m South of,Major Arterial,Mid-Block,Non Intersection,No Control,Clear,"Dark, artificial",Wet,Non-Fatal Injury,Sideswipe,Driver,20 to 24,Major,0,North,"Automobile, Station Wagon",Changing Lanes,Improper Lane Change,Inattentive, , , , , , ,0,0,1,0,1,0,0,0,0,0,0,0,0,0
4001495277,2014,2,8,22,45,5,43.65939291,-79.54302607,Etobicoke Centre (4),4,Princess-Rosethorn (10),10,D22,Etobicoke York,KIPLING AVE,RATHBURN RD,51 m South of,Major Arterial,Mid-Block,Non Intersection,No Control,Clear,"Dark, artificial",Wet,Non-Fatal Injury,Sideswipe,Truck Driver,35 to 39,,0,North,Truck - Dump,Going Ahead,Driving Properly,Normal, , , , , , ,0,0,1,0,1,0,0,0,0,0,0,0,0,0
4003389037,2014,11,28,22,45,4,43.67510184,-79.39102564,Toronto Centre-Rosedale (27),27,Annex (95),95,D53,Toronto East York,55 BELMONT ST, , ,Minor Arterial,Mid-Block,Non Intersection,No Control,Clear,"Dark, artificial",Dry,Non-Fatal Injury,Pedestrian Collisions,Driver,unknown,,0,West,Passenger Van,Going Ahead,Lost control,Unknown, , , , , , ,1,0,1,0,0,0,0,0,0,0,0,0,0,0
4003389037,2014,11,28,22,45,4,43.67510184,-79.39102564,Toronto Centre-Rosedale (27),27,Annex (95),95,D53,Toronto East York,55 BELMONT ST, , ,Minor Arterial,Mid-Block,Non Intersection,No Control,Clear,"Dark, artificial",Dry,Non-Fatal Injury,Pedestrian Collisions,Pedestrian,65 to 69,Major,0,East, , , , ,Pedestrian hit on sidewalk or shoulder,On Sidewalk or Shoulder,Normal, , , ,1,0,1,0,0,0,0,0,0,0,0,0,0,0
4003389037,2014,11,28,22,45,4,43.67510184,-79.39102564,Toronto Centre-Rosedale (27),27,Annex (95),95,D53,Toronto East York,55 BELMONT ST, , ,Minor Arterial,Mid-Block,Non Intersection,No Control,Clear,"Dark, artificial",Dry,Non-Fatal Injury,Pedestrian Collisions,Pedestrian,65 to 69,Minimal,0,East, , , , ,Pedestrian hit on sidewalk or shoulder,On Sidewalk or Shoulder,Normal, , , ,1,0,1,0,0,0,0,0,0,0,0,0,0,0
7001489490,2017,8,17,22,45,3,43.81567338,-79.26612529,Scarborough-Rouge River (41),41,Agincourt North (129),129,D42,Scarborough,WHITE HEATHER BV,LONGSWORD DR,10 m South of,Collector,Mid-Block,Non Intersection,Stop Sign,Clear,"Dark, artificial",Dry,Non-Fatal Injury,SMV Other,Driver,20 to 24,,0,North,"Automobile, Station Wagon",Going Ahead,Lost control,"Ability Impaired, Alcohol", , , , , , ,0,0,1,0,0,0,0,1,1,1,0,1,0,0
7001489490,2017,8,17,22,45,3,43.81567338,-79.26612529,Scarborough-Rouge River (41),41,Agincourt North (129),129,D42,Scarborough,WHITE HEATHER BV,LONGSWORD DR,10 m South of,Collector,Mid-Block,Non Intersection,Stop Sign,Clear,"Dark, artificial",Dry,Non-Fatal Injury,SMV Other,Passenger,15 to 19,Major,0, , , , , , , , , , , ,0,0,1,0,0,0,0,1,1,1,0,1,0,0
7000846259,2017,5,13,22,46,5,43.69603689,-79.42353449,St. Paul's (21),21,Forest Hill South (101),101,D13,Toronto East York,BATHURST ST,AVENAL DR, ,Major Arterial,Intersection,At Intersection,No Control,Clear,"Dark, artificial",Dry,Non-Fatal Injury,Pedestrian Collisions,Driver,60 to 64,,0,North,"Automobile, Station Wagon",Turning Left,Failed to Yield Right of Way,Inattentive, , , , , , ,1,0,1,0,0,0,0,0,0,1,0,0,0,0
7000846259,2017,5,13,22,46,5,43.69603689,-79.42353449,St. Paul's (21),21,Forest Hill South (101),101,D13,Toronto East York,BATHURST ST,AVENAL DR, ,Major Arterial,Intersection,At Intersection,No Control,Clear,"Dark, artificial",Dry,Non-Fatal Injury,Pedestrian Collisions,Pedestrian,55 to 59,Major,0,North, , , , ,Vehicle turns left while ped crosses with ROW at inter.,Crossing with right of way,Normal, , , ,1,0,1,0,0,0,0,0,0,1,0,0,0,0
6001283633,2016,7,21,22,47,3,43.65699347,-79.37453089,Toronto Centre-Rosedale (27),27,Moss Park (73),73,D51,Toronto East York,JARVIS ST,DUNDAS ST E,7 m North of,Major Arterial,Intersection,Intersection Related,No Control,Clear,"Dusk, artificial",Dry,Non-Fatal Injury,Pedestrian Collisions,Driver,85 to 89,,0,North,"Automobile, Station Wagon",Going Ahead,Driving Properly,Normal, , , , , , ,1,0,1,0,0,0,0,0,0,0,0,0,0,0
6001283633,2016,7,21,22,47,3,43.65699347,-79.37453089,Toronto Centre-Rosedale (27),27,Moss Park (73),73,D51,Toronto East York,JARVIS ST,DUNDAS ST E,7 m North of,Major Arterial,Intersection,Intersection Related,No Control,Clear,"Dusk, artificial",Dry,Non-Fatal Injury,Pedestrian Collisions,Pedestrian,60 to 64,Major,0,East,"Automobile, Station Wagon", , , ,Vehicle is going straight thru inter.while ped cross without ROW,"Crossing, no Traffic Control",Normal, , , ,1,0,1,0,0,0,0,0,0,0,0,0,0,0
1364079,2013,7,5,22,48,4,43.75554617,-79.24538813,Scarborough Centre (38),38,Bendale (127),127,D43,Scarborough,MCCOWAN RD,LAWRENCE AVE E, ,Major Arterial,Intersection,At Intersection,Traffic Signal,Clear,"Dark, artificial",Dry,Fatal,Pedestrian Collisions,Driver,55 to 59,,0,North,"Automobile, Station Wagon",Going Ahead,Driving Properly,Normal, , , , , , ,1,0,1,0,0,0,0,0,0,0,0,0,0,1
1364079,2013,7,5,22,48,4,43.75554617,-79.24538813,Scarborough Centre (38),38,Bendale (127),127,D43,Scarborough,MCCOWAN RD,LAWRENCE AVE E, ,Major Arterial,Intersection,At Intersection,Traffic Signal,Clear,"Dark, artificial",Dry,Fatal,Pedestrian Collisions,Pedestrian,75 to 79,Fatal,20,East, , , , ,Vehicle is going straight thru inter.while ped cross without ROW,Crossing without right of way,Had Been Drinking, , , ,1,0,1,0,0,0,0,0,0,0,0,0,0,1
6001341956,2016,7,30,22,48,5,43.62897833,-79.49032221,Etobicoke-Lakeshore (5),5,Stonegate-Queensway (16),16,D22,Etobicoke York,PARK LAWN RD,THE QUEENSWAY, ,Major Arterial,Intersection,At Intersection,Traffic Signal,Clear,"Dark, artificial",Dry,Non-Fatal Injury,SMV Other,Driver,15 to 19,Major,0,North,"Automobile, Station Wagon",Turning Right,Failed to Yield Right of Way,Unknown, , , , , , ,0,0,1,0,0,0,0,1,0,1,0,0,0,0
6001341956,2016,7,30,22,48,5,43.62897833,-79.49032221,Etobicoke-Lakeshore (5),5,Stonegate-Queensway (16),16,D22,Etobicoke York,PARK LAWN RD,THE QUEENSWAY, ,Major Arterial,Intersection,At Intersection,Traffic Signal,Clear,"Dark, artificial",Dry,Non-Fatal Injury,SMV Other,Passenger,15 to 19,Major,0, , , , , , , , , , , ,0,0,1,0,0,0,0,1,0,1,0,0,0,0
980737,2007,6,21,22,50,3,43.76184538,-79.41099029,Willowdale (23),23,Willowdale East (51),51,D32,North York,YONGE ST,SHEPPARD AVE W, ,Major Arterial,Mid-Block, ,No Control,Clear,Daylight,Dry,Non-Fatal Injury,Pedestrian Collisions,Driver,20 to 24,,0,South,"Automobile, Station Wagon",Going Ahead,Speed too Fast For Condition,"Ability Impaired, Alcohol", , , , , , ,1,0,1,0,0,0,0,0,1,1,0,1,0,0
980737,2007,6,21,22,50,3,43.76184538,-79.41099029,Willowdale (23),23,Willowdale East (51),51,D32,North York,YONGE ST,SHEPPARD AVE W, ,Major Arterial,Mid-Block, ,No Control,Clear,Daylight,Dry,Non-Fatal Injury,Pedestrian Collisions,Pedestrian,30 to 34,Major,0,East,Other, , , ,Pedestrian hit at mid-block,"Crossing, no Traffic Control",Normal, , , ,1,0,1,0,0,0,0,0,1,1,0,1,0,0
1026352,2008,2,4,22,50,0,43.60444538,-79.51949029,Etobicoke-Lakeshore (6),6,New Toronto (18),18,D22,Etobicoke York,KIPLING AVE,NEW TORONTO ST, ,Major Arterial,Mid-Block, ,No Control,Clear,Dark,Loose Snow,Non-Fatal Injury,Angle,Passenger,35 to 39,Minor,0, ,Other, , , , , , , , , ,0,0,1,0,0,0,0,1,0,1,0,0,0,0
1026352,2008,2,4,22,50,0,43.60444538,-79.51949029,Etobicoke-Lakeshore (6),6,New Toronto (18),18,D22,Etobicoke York,KIPLING AVE,NEW TORONTO ST, ,Major Arterial,Mid-Block, ,No Control,Clear,Dark,Loose Snow,Non-Fatal Injury,Angle,Driver,40 to 44,,0,North,"Automobile, Station Wagon",Going Ahead,Lost control,Inattentive, , , , , , ,0,0,1,0,0,0,0,1,0,1,0,0,0,0
1026352,2008,2,4,22,50,0,43.60444538,-79.51949029,Etobicoke-Lakeshore (6),6,New Toronto (18),18,D22,Etobicoke York,KIPLING AVE,NEW TORONTO ST, ,Major Arterial,Mid-Block, ,No Control,Clear,Dark,Loose Snow,Non-Fatal Injury,Angle,Driver,15 to 19,,0,North,"Automobile, Station Wagon",Going Ahead,Following too Close,Normal, , , , , , ,0,0,1,0,0,0,0,1,0,1,0,0,0,0
1026352,2008,2,4,22,50,0,43.60444538,-79.51949029,Etobicoke-Lakeshore (6),6,New Toronto (18),18,D22,Etobicoke York,KIPLING AVE,NEW TORONTO ST, ,Major Arterial,Mid-Block, ,No Control,Clear,Dark,Loose Snow,Non-Fatal Injury,Angle,Passenger,15 to 19,Major,0, ,Other, , , , , , , , , ,0,0,1,0,0,0,0,1,0,1,0,0,0,0
1026352,2008,2,4,22,50,0,43.60444538,-79.51949029,Etobicoke-Lakeshore (6),6,New Toronto (18),18,D22,Etobicoke York,KIPLING AVE,NEW TORONTO ST, ,Major Arterial,Mid-Block, ,No Control,Clear,Dark,Loose Snow,Non-Fatal Injury,Angle,Driver,20 to 24,Major,0,North,"Automobile, Station Wagon",Going Ahead,Lost control,Normal, , , , , , ,0,0,1,0,0,0,0,1,0,1,0,0,0,0
1100023,2009,4,18,22,50,5,43.73114538,-79.60169029,Etobicoke North (1),1,West Humber-Clairville (1),1,D23,Etobicoke York,HIGHWAY 27  N,HUMBER COLLEGE BLVD, ,Major Arterial,Mid-Block, ,No Control,Clear,Dark,Dry,Non-Fatal Injury,Rear End,Driver,40 to 44,Minor,0, ,"Automobile, Station Wagon",Going Ahead, , , , , , , , ,0,0,1,0,0,0,0,0,0,0,0,0,0,0
1359618,2013,6,6,23,6,3,43.65184363,-79.39758692,Trinity-Spadina (20),20,Kensington-Chinatown (78),78,D52,Toronto East York,SPADINA AVE,GRANGE AVE, ,Major Arterial,Intersection, ,No Control,Rain,"Dark, artificial",Wet,Fatal,Pedestrian Collisions,Pedestrian,75 to 79,Fatal,16,West, , , , ,Pedestrian hit at mid-block,Running onto Roadway,Unknown, , , ,1,0,1,0,0,0,0,0,0,0,0,0,0,1
142723300,2014,8,17,23,6,6,43.70224722,-79.29692469,Beaches-East York (31),31,Taylor-Massey (61),61,D54,Toronto East York,DAWES RD,GOWER ST, ,Minor Arterial,Intersection, ,Traffic Signal,Clear,"Dark, artificial",Dry,Fatal,Pedestrian Collisions,Driver,40 to 44,,0,East,"Automobile, Station Wagon",Turning Left,Failed to Yield Right of Way,Inattentive, , , , , , ,1,0,1,0,0,0,0,1,0,1,0,0,0,1
6001198953,2016,7,8,23,39,4,43.752776700000005,-79.19073878,Scarborough East (43),43,Guildwood (140),140,D43,Scarborough,GALLOWAY RD,DEARHAM WOOD,31 m North of,Collector,Intersection,Intersection Related,Stop Sign,Clear,"Dark, artificial",Dry,Non-Fatal Injury,SMV Other,Passenger,15 to 19,Minor,0, , , , , , , , , , , ,0,0,1,0,0,0,0,1,1,1,0,0,0,0
142723300,2014,8,17,23,6,6,43.70224722,-79.29692469,Beaches-East York (31),31,Taylor-Massey (61),61,D54,Toronto East York,DAWES RD,GOWER ST, ,Minor Arterial,Intersection, ,Traffic Signal,Clear,"Dark, artificial",Dry,Fatal,Pedestrian Collisions,Passenger,10 to 14,,0, , , , , , , , , , , ,1,0,1,0,0,0,0,1,0,1,0,0,0,1
4002524694,2014,7,18,23,40,4,43.75666388,-79.51756678,York West (8),8,Glenfield-Jane Heights (25),25,D31,Etobicoke York,3900 JANE ST, , ,Major Arterial,Mid-Block,At/Near Private Drive,No Control,Clear,Daylight,Dry,Non-Fatal Injury,Cyclist Collisions,Driver,35 to 39,,0,East, ,Going Ahead,Other,Unknown, , , , , , ,0,1,0,0,0,0,0,0,0,0,0,0,0,0
1202163,2010,10,23,22,50,5,43.69424538,-79.55859029,Etobicoke Centre (4),4,Kingsview Village-The Westway (6),6,D23,Etobicoke York,DIXON RD,KIPLING AVE, ,Major Arterial,Intersection,At Intersection,Traffic Signal,Rain,Dark,Wet,Non-Fatal Injury,Pedestrian Collisions,Driver,20 to 24,,0,East,"Automobile, Station Wagon",Turning Left,Lost control,Unknown, , , , , , ,1,0,1,0,0,0,0,0,0,0,0,0,0,0
142723300,2014,8,17,23,6,6,43.70224722,-79.29692469,Beaches-East York (31),31,Taylor-Massey (61),61,D54,Toronto East York,DAWES RD,GOWER ST, ,Minor Arterial,Intersection, ,Traffic Signal,Clear,"Dark, artificial",Dry,Fatal,Pedestrian Collisions,Pedestrian,60 to 64,Fatal,22,West, , , , ,Vehicle turns left while ped crosses with ROW at inter.,Crossing with right of way,Unknown, , , ,1,0,1,0,0,0,0,1,0,1,0,0,0,1
4002524694,2014,7,18,23,40,4,43.75666388,-79.51756678,York West (8),8,Glenfield-Jane Heights (25),25,D31,Etobicoke York,3900 JANE ST, , ,Major Arterial,Mid-Block,At/Near Private Drive,No Control,Clear,Daylight,Dry,Non-Fatal Injury,Cyclist Collisions,Cyclist,30 to 34,Major,0,Unknown, ,Unknown, , , , , ,"Motorist without ROW drives into path of cyclist at inter, lnwy, dwy-Driver not turn.",Other,Unknown,0,1,0,0,0,0,0,0,0,0,0,0,0,0
1202163,2010,10,23,22,50,5,43.69424538,-79.55859029,Etobicoke Centre (4),4,Kingsview Village-The Westway (6),6,D23,Etobicoke York,DIXON RD,KIPLING AVE, ,Major Arterial,Intersection,At Intersection,Traffic Signal,Rain,Dark,Wet,Non-Fatal Injury,Pedestrian Collisions,Pedestrian,45 to 49,Major,0,East,Other, , , ,Vehicle turns left while ped crosses with ROW at inter.,Crossing with right of way,Normal, , , ,1,0,1,0,0,0,0,0,0,0,0,0,0,0