ACCNUM,YEAR,MONTH,DAY,HOUR,MINUTES,WEEKDAY,LATITUDE,LONGITUDE,Ward_Name,Ward_ID,Hood_Name,Hood_ID,Division,District,STREET1,STREET2,OFFSET,ROAD_CLASS,LOCCOORD,ACCLOC,TRAFFCTL,VISIBILITY,LIGHT,RDSFCOND,ACCLASS,IMPACTYPE,INVTYPE,INVAGE,INJURY,FATAL_NO,INITDIR,VEHTYPE,MANOEUVER,DRIVACT,DRIVCOND,PEDTYPE,PEDACT,PEDCOND,CYCLISTYPE,CYCACT,CYCCOND,PEDESTRIAN,CYCLIST,AUTOMOBILE,MOTORCYCLE,TRUCK,TRSN_CITY_VEH,EMERG_VEH,PASSENGER,SPEEDING,AG_DRIV,REDLIGHT,ALCOHOL,DISABILITY,label
1021293,2008,2,2,23,7,5,43.80444538,-79.27619029,Scarborough-Rouge River (41),41,Agincourt North (129),129,D42,Scarborough,BRIMLEY RD,CHARTLAND BLVD S, ,Major Arterial,Mid-Block, ,No Control,Snow,Dark,Slush,Non-Fatal Injury,Approaching,Passenger,20 to 24,Major,0, ,Other, , , , , , , , , ,0,0,1,0,0,0,0,1,1,1,0,0,0,0
1021293,2008,2,2,23,7,5,43.80444538,-79.27619029,Scarborough-Rouge River (41),41,Agincourt North (129),129,D42,Scarborough,BRIMLEY RD,CHARTLAND BLVD S, ,Major Arterial,Mid-Block, ,No Control,Snow,Dark,Slush,Non-Fatal Injury,Approaching,Vehicle Owner,unknown, ,0, ,Other, , , , , , , , , ,0,0,1,0,0,0,0,1,1,1,0,0,0,0
5001757251,2015,10,11,23,40,6,43.76397665,-79.20559321,Scarborough East (43),43,Woburn (137),137,D43,Scarborough,LAWRENCE AVE E,ORTON PARK RD, ,Major Arterial,Intersection,At Intersection,Traffic Signal,Clear,Dark,Dry,Non-Fatal Injury,Turning Movement,Driver,20 to 24,Minimal,0,East,"Automobile, Station Wagon",Turning Left,Improper Turn,Normal, , , , , , ,0,0,1,0,0,0,0,1,0,0,0,0,0,0
5001734070,2015,10,7,22,50,2,43.75803717,-79.60255059999999,Etobicoke North (1),1,Mount Olive-Silverstone-Jamestown (2),2,D23,Etobicoke York,STEELES AVE W,MARTIN GROVE RD,64 m East of,Major Arterial,Mid-Block,Intersection Related,No Control,Clear,"Dark, artificial",Dry,Non-Fatal Injury,SMV Other,Driver,25 to 29,,0,West,"Automobile, Station Wagon",Other,Other,Normal, , , , , , ,0,0,1,0,0,0,0,1,0,0,0,0,0,0
1021293,2008,2,2,23,7,5,43.80444538,-79.27619029,Scarborough-Rouge River (41),41,Agincourt North (129),129,D42,Scarborough,BRIMLEY RD,CHARTLAND BLVD S, ,Major Arterial,Mid-Block, ,No Control,Snow,Dark,Slush,Non-Fatal Injury,Approaching,Driver,20 to 24,Minor,0,North,"Automobile, Station Wagon",Going Ahead,Speed too Fast For Condition,Normal, , , , , , ,0,0,1,0,0,0,0,1,1,1,0,0,0,0
5001757251,2015,10,11,23,40,6,43.76397665,-79.20559321,Scarborough East (43),43,Woburn (137),137,D43,Scarborough,LAWRENCE AVE E,ORTON PARK RD, ,Major Arterial,Intersection,At Intersection,Traffic Signal,Clear,Dark,Dry,Non-Fatal Injury,Turning Movement,Driver,15 to 19,,0,West,"Automobile, Station Wagon",Going Ahead,Driving Properly,Normal, , , , , , ,0,0,1,0,0,0,0,1,0,0,0,0,0,0
5001734070,2015,10,7,22,50,2,43.75803717,-79.60255059999999,Etobicoke North (1),1,Mount Olive-Silverstone-Jamestown (2),2,D23,Etobicoke York,STEELES AVE W,MARTIN GROVE RD,64 m East of,Major Arterial,Mid-Block,Intersection Related,No Control,Clear,"Dark, artificial",Dry,Non-Fatal Injury,SMV Other,Driver,20 to 24,Minor,0,West,"Automobile, Station Wagon",Other,Other,Normal, , , , , , ,0,0,1,0,0,0,0,1,0,0,0,0,0,0
1021293,2008,2,2,23,7,5,43.80444538,-79.27619029,Scarborough-Rouge River (41),41,Agincourt North (129),129,D42,Scarborough,BRIMLEY RD,CHARTLAND BLVD S, ,Major Arterial,Mid-Block, ,No Control,Snow,Dark,Slush,Non-Fatal Injury,Approaching,Vehicle Owner,unknown, ,0, ,Other, , , , , , , , , ,0,0,1,0,0,0,0,1,1,1,0,0,0,0
5001757251,2015,10,11,23,40,6,43.76397665,-79.20559321,Scarborough East (43),43,Woburn (137),137,D43,Scarborough,LAWRENCE AVE E,ORTON PARK RD, ,Major Arterial,Intersection,At Intersection,Traffic Signal,Clear,Dark,Dry,Non-Fatal Injury,Turning Movement,Passenger,20 to 24,Major,0, , , , , , , , , , , ,0,0,1,0,0,0,0,1,0,0,0,0,0,0
5001734070,2015,10,7,22,50,2,43.75803717,-79.60255059999999,Etobicoke North (1),1,Mount Olive-Silverstone-Jamestown (2),2,D23,Etobicoke York,STEELES AVE W,MARTIN GROVE RD,64 m East of,Major Arterial,Mid-Block,Intersection Related,No Control,Clear,"Dark, artificial",Dry,Non-Fatal Injury,SMV Other,Driver,25 to 29,Minor,0,East,"Automobile, Station Wagon",Going Ahead,Driving Properly,Normal, , , , , , ,0,0,1,0,0,0,0,1,0,0,0,0,0,0
1021293,2008,2,2,23,7,5,43.80444538,-79.27619029,Scarborough-Rouge River (41),41,Agincourt North (129),129,D42,Scarborough,BRIMLEY RD,CHARTLAND BLVD S, ,Major Arterial,Mid-Block, ,No Control,Snow,Dark,Slush,Non-Fatal Injury,Approaching,Driver,15 to 19,,0,South,"Automobile, Station Wagon",Going Ahead,Driving Properly,Normal, , , , , , ,0,0,1,0,0,0,0,1,1,1,0,0,0,0
1055774,2008,8,1,23,7,4,43.64404538,-79.37579029,Toronto Centre-Rosedale (28),28,Waterfront Communities-The Island (77),77,D52,Toronto East York,LAKE SHORE W BLVD E,YONGE ST, ,Major Arterial,Intersection,At Intersection,Traffic Signal,Clear,Dark,Dry,Non-Fatal Injury,Pedestrian Collisions,Passenger,15 to 19,Minor,0, ,Other, , , , , , , , , ,1,0,1,0,0,0,0,1,0,1,0,1,0,0
1055774,2008,8,1,23,7,4,43.64404538,-79.37579029,Toronto Centre-Rosedale (28),28,Waterfront Communities-The Island (77),77,D52,Toronto East York,LAKE SHORE W BLVD E,YONGE ST, ,Major Arterial,Intersection,At Intersection,Traffic Signal,Clear,Dark,Dry,Non-Fatal Injury,Pedestrian Collisions,Driver,20 to 24,Minor,0,West,"Automobile, Station Wagon",Turning Left,Driving Properly,Normal, , , , , , ,1,0,1,0,0,0,0,1,0,1,0,1,0,0
1055774,2008,8,1,23,7,4,43.64404538,-79.37579029,Toronto Centre-Rosedale (28),28,Waterfront Communities-The Island (77),77,D52,Toronto East York,LAKE SHORE W BLVD E,YONGE ST, ,Major Arterial,Intersection,At Intersection,Traffic Signal,Clear,Dark,Dry,Non-Fatal Injury,Pedestrian Collisions,Vehicle Owner,unknown, ,0, ,Other, , , , , , , , , ,1,0,1,0,0,0,0,1,0,1,0,1,0,0
1055774,2008,8,1,23,7,4,43.64404538,-79.37579029,Toronto Centre-Rosedale (28),28,Waterfront Communities-The Island (77),77,D52,Toronto East York,LAKE SHORE W BLVD E,YONGE ST, ,Major Arterial,Intersection,At Intersection,Traffic Signal,Clear,Dark,Dry,Non-Fatal Injury,Pedestrian Collisions,Driver,15 to 19,,0,West,"Automobile, Station Wagon",Going Ahead,Following too Close,"Ability Impaired, Alcohol Over .08", , , , , , ,1,0,1,0,0,0,0,1,0,1,0,1,0,0
1055774,2008,8,1,23,7,4,43.64404538,-79.37579029,Toronto Centre-Rosedale (28),28,Waterfront Communities-The Island (77),77,D52,Toronto East York,LAKE SHORE W BLVD E,YONGE ST, ,Major Arterial,Intersection,At Intersection,Traffic Signal,Clear,Dark,Dry,Non-Fatal Injury,Pedestrian Collisions,Pedestrian,25 to 29,Major,0,Unknown,Other, , , ,Pedestrian hit on sidewalk or shoulder,On Sidewalk or Shoulder,Normal, , , ,1,0,1,0,0,0,0,1,0,1,0,1,0,0
1103248,2009,5,7,23,7,3,43.67654379,-79.32078944,Beaches-East York (32),32,Woodbine Corridor (64),64,D55,Toronto East York,COXWELL AVE,CASCI AVE, ,Minor Arterial,Intersection, ,No Control,Clear,Dark,Dry,Non-Fatal Injury,Cyclist Collisions,Driver,15 to 19,,0,North,Passenger Van,Going Ahead,Driving Properly,Normal, , , , , , ,0,1,1,0,0,0,0,0,0,0,0,0,0,0
1103248,2009,5,7,23,7,3,43.67654379,-79.32078944,Beaches-East York (32),32,Woodbine Corridor (64),64,D55,Toronto East York,COXWELL AVE,CASCI AVE, ,Minor Arterial,Intersection, ,No Control,Clear,Dark,Dry,Non-Fatal Injury,Cyclist Collisions,Cyclist,15 to 19,Major,0,North,Bicycle,Changing Lanes, , , , , ,Cyclist and Driver travelling in same direction. One vehicle sideswipes the other.,Improper Lane Change, ,0,1,1,0,0,0,0,0,0,0,0,0,0,0
5001379991,2015,8,12,23,7,2,43.6725231,-79.4676095,York South-Weston (11),11,Junction Area (90),90,D11,Etobicoke York,ST CLAIR AVE W,KEELE ST, ,Major Arterial,Intersection,At Intersection,Traffic Signal,Clear,"Dark, artificial",Dry,Non-Fatal Injury,Pedestrian Collisions,Driver,20 to 24,Minor,0,East,"Automobile, Station Wagon",Going Ahead,Driving Properly,Normal, , , , , , ,1,0,1,0,0,0,0,0,1,1,0,0,0,0
5001379991,2015,8,12,23,7,2,43.6725231,-79.4676095,York South-Weston (11),11,Junction Area (90),90,D11,Etobicoke York,ST CLAIR AVE W,KEELE ST, ,Major Arterial,Intersection,At Intersection,Traffic Signal,Clear,"Dark, artificial",Dry,Non-Fatal Injury,Pedestrian Collisions,Pedestrian,15 to 19,Major,0,Unknown, , , , ,Vehicle is going straight thru inter.while ped cross without ROW,Crossing without right of way,Inattentive, , , ,1,0,1,0,0,0,0,0,1,1,0,0,0,0
1146815,2010,1,9,23,8,5,43.66996344,-79.37989435,Toronto Centre-Rosedale (27),27,North St.James Town (74),74,D51,Toronto East York,TED ROGERS  WAY,MOUNT PLEASANT RD, ,Major Arterial,Intersection,At Intersection,Traffic Signal,Clear,"Dark, artificial",Wet,Non-Fatal Injury,Sideswipe,Passenger,20 to 24,,0, ,Other, , , , , , , , , ,0,0,1,0,0,0,0,1,1,1,0,0,0,0
1146815,2010,1,9,23,8,5,43.66996344,-79.37989435,Toronto Centre-Rosedale (27),27,North St.James Town (74),74,D51,Toronto East York,TED ROGERS  WAY,MOUNT PLEASANT RD, ,Major Arterial,Intersection,At Intersection,Traffic Signal,Clear,"Dark, artificial",Wet,Non-Fatal Injury,Sideswipe,Passenger,20 to 24,,0, ,Other, , , , , , , , , ,0,0,1,0,0,0,0,1,1,1,0,0,0,0
1146815,2010,1,9,23,8,5,43.66996344,-79.37989435,Toronto Centre-Rosedale (27),27,North St.James Town (74),74,D51,Toronto East York,TED ROGERS  WAY,MOUNT PLEASANT RD, ,Major Arterial,Intersection,At Intersection,Traffic Signal,Clear,"Dark, artificial",Wet,Non-Fatal Injury,Sideswipe,Passenger,20 to 24,,0, ,Other, , , , , , , , , ,0,0,1,0,0,0,0,1,1,1,0,0,0,0
1146815,2010,1,9,23,8,5,43.66996344,-79.37989435,Toronto Centre-Rosedale (27),27,North St.James Town (74),74,D51,Toronto East York,TED ROGERS  WAY,MOUNT PLEASANT RD, ,Major Arterial,Intersection,At Intersection,Traffic Signal,Clear,"Dark, artificial",Wet,Non-Fatal Injury,Sideswipe,Passenger,20 to 24,,0, ,Other, , , , , , , , , ,0,0,1,0,0,0,0,1,1,1,0,0,0,0
1146815,2010,1,9,23,8,5,43.66996344,-79.37989435,Toronto Centre-Rosedale (27),27,North St.James Town (74),74,D51,Toronto East York,TED ROGERS  WAY,MOUNT PLEASANT RD, ,Major Arterial,Intersection,At Intersection,Traffic Signal,Clear,"Dark, artificial",Wet,Non-Fatal Injury,Sideswipe,Driver,20 to 24,,0,South,"Automobile, Station Wagon",Going Ahead,Exceeding Speed Limit,Had Been Drinking, , , , , , ,0,0,1,0,0,0,0,1,1,1,0,0,0,0
1146815,2010,1,9,23,8,5,43.66996344,-79.37989435,Toronto Centre-Rosedale (27),27,North St.James Town (74),74,D51,Toronto East York,TED ROGERS  WAY,MOUNT PLEASANT RD, ,Major Arterial,Intersection,At Intersection,Traffic Signal,Clear,"Dark, artificial",Wet,Non-Fatal Injury,Sideswipe,Passenger,25 to 29,Minor,0, ,Other, , , , , , , , , ,0,0,1,0,0,0,0,1,1,1,0,0,0,0
1146815,2010,1,9,23,8,5,43.66996344,-79.37989435,Toronto Centre-Rosedale (27),27,North St.James Town (74),74,D51,Toronto East York,TED ROGERS  WAY,MOUNT PLEASANT RD, ,Major Arterial,Intersection,At Intersection,Traffic Signal,Clear,"Dark, artificial",Wet,Non-Fatal Injury,Sideswipe,Driver,45 to 49,Major,0,South,"Automobile, Station Wagon",Stopped,Driving Properly,Normal, , , , , , ,0,0,1,0,0,0,0,1,1,1,0,0,0,0
4002286061,2014,6,14,23,8,5,43.8111759,-79.36076746,Willowdale (24),24,Hillcrest Village (48),48,D33,North York,STEELES AVE E,DON MILLS RD, ,Major Arterial,Intersection,At Intersection,Traffic Signal,Clear,Dark,Dry,Non-Fatal Injury,Turning Movement,Driver,25 to 29,,0,East,"Automobile, Station Wagon",Going Ahead,Disobeyed Traffic Control,Inattentive, , , , , , ,0,0,1,0,0,0,0,1,1,1,1,0,0,0
4002286061,2014,6,14,23,8,5,43.8111759,-79.36076746,Willowdale (24),24,Hillcrest Village (48),48,D33,North York,STEELES AVE E,DON MILLS RD, ,Major Arterial,Intersection,At Intersection,Traffic Signal,Clear,Dark,Dry,Non-Fatal Injury,Turning Movement,Driver,20 to 24,Minimal,0,West,"Automobile, Station Wagon",Turning Left,Improper Turn,Inattentive, , , , , , ,0,0,1,0,0,0,0,1,1,1,1,0,0,0
4002286061,2014,6,14,23,8,5,43.8111759,-79.36076746,Willowdale (24),24,Hillcrest Village (48),48,D33,North York,STEELES AVE E,DON MILLS RD, ,Major Arterial,Intersection,At Intersection,Traffic Signal,Clear,Dark,Dry,Non-Fatal Injury,Turning Movement,Passenger,35 to 39,Minimal,0, , , , , , , , , , , ,0,0,1,0,0,0,0,1,1,1,1,0,0,0
4002286061,2014,6,14,23,8,5,43.8111759,-79.36076746,Willowdale (24),24,Hillcrest Village (48),48,D33,North York,STEELES AVE E,DON MILLS RD, ,Major Arterial,Intersection,At Intersection,Traffic Signal,Clear,Dark,Dry,Non-Fatal Injury,Turning Movement,Passenger,55 to 59,Major,0, , , , , , , , , , , ,0,0,1,0,0,0,0,1,1,1,1,0,0,0
4002286061,2014,6,14,23,8,5,43.8111759,-79.36076746,Willowdale (24),24,Hillcrest Village (48),48,D33,North York,STEELES AVE E,DON MILLS RD, ,Major Arterial,Intersection,At Intersection,Traffic Signal,Clear,Dark,Dry,Non-Fatal Injury,Turning Movement,Passenger,20 to 24,Minimal,0, , , , , , , , , , , ,0,0,1,0,0,0,0,1,1,1,1,0,0,0
4003523985,2014,12,20,23,8,5,43.75888785,-79.25711451,Scarborough Centre (38),38,Bendale (127),127,D43,Scarborough,BRIMLEY RD,DORCOT AVE, ,Major Arterial,Intersection,At Intersection,Traffic Signal,Clear,"Dark, artificial",Dry,Non-Fatal Injury,Pedestrian Collisions,Driver,25 to 29,Minimal,0,North,"Automobile, Station Wagon",Going Ahead,Driving Properly,Inattentive, , , , , , ,1,0,1,0,0,0,0,1,0,0,0,0,0,0
4003523985,2014,12,20,23,8,5,43.75888785,-79.25711451,Scarborough Centre (38),38,Bendale (127),127,D43,Scarborough,BRIMLEY RD,DORCOT AVE, ,Major Arterial,Intersection,At Intersection,Traffic Signal,Clear,"Dark, artificial",Dry,Non-Fatal Injury,Pedestrian Collisions,Passenger,20 to 24,,0, , , , , , , , , , , ,1,0,1,0,0,0,0,1,0,0,0,0,0,0
4003523985,2014,12,20,23,8,5,43.75888785,-79.25711451,Scarborough Centre (38),38,Bendale (127),127,D43,Scarborough,BRIMLEY RD,DORCOT AVE, ,Major Arterial,Intersection,At Intersection,Traffic Signal,Clear,"Dark, artificial",Dry,Non-Fatal Injury,Pedestrian Collisions,Passenger,20 to 24,,0, , , , , , , , , , , ,1,0,1,0,0,0,0,1,0,0,0,0,0,0
4003523985,2014,12,20,23,8,5,43.75888785,-79.25711451,Scarborough Centre (38),38,Bendale (127),127,D43,Scarborough,BRIMLEY RD,DORCOT AVE, ,Major Arterial,Intersection,At Intersection,Traffic Signal,Clear,"Dark, artificial",Dry,Non-Fatal Injury,Pedestrian Collisions,Pedestrian,20 to 24,Major,0,West, , , , ,Vehicle is going straight thru inter.while ped cross without ROW,Crossing without right of way,Had Been Drinking, , , ,1,0,1,0,0,0,0,1,0,0,0,0,0,0
2015543987,2015,4,1,23,8,2,43.63742789,-79.41212092,Trinity-Spadina (19),19,Niagara (82),82,D14,Toronto East York,F G GARDINER XY  W,STRACHAN AVE, ,Expressway,Mid-Block, ,No Control,Clear,"Dark, artificial",Dry,Fatal,SMV Other,Motorcycle Driver,unknown,Fatal,15,West,Motorcycle,Going Ahead,Exceeding Speed Limit,Unknown, , , , , , ,0,0,0,1,0,0,0,0,1,1,0,0,0,1
7001803207,2017,10,4,23,8,2,43.75554999,-79.3479806,Don Valley East (34),34,Banbury-Don Mills (42),42,D33,North York,900 YORK MILLS RD, , ,Major Arterial,Mid-Block,Non Intersection,No Control,Clear,Dark,Dry,Fatal,Pedestrian Collisions,Driver,unknown,,0,West,"Automobile, Station Wagon",Going Ahead,Lost control,Unknown, , , , , , ,1,0,1,0,0,0,0,0,0,0,0,0,0,1
7001803207,2017,10,4,23,8,2,43.75554999,-79.3479806,Don Valley East (34),34,Banbury-Don Mills (42),42,D33,North York,900 YORK MILLS RD, , ,Major Arterial,Mid-Block,Non Intersection,No Control,Clear,Dark,Dry,Fatal,Pedestrian Collisions,Pedestrian,60 to 64,Fatal,48,East, , , , ,Pedestrian hit on sidewalk or shoulder,On Sidewalk or Shoulder,Unknown, , , ,1,0,1,0,0,0,0,0,0,0,0,0,0,1
1191582,2010,9,26,23,9,6,43.63794538,-79.45899029,Parkdale-High Park (13),13,South Parkdale (85),85,D11,Etobicoke York,LAKE SHORE BLVD W,COLBORNE LODGE DR, ,Major Arterial,Intersection,At Intersection,Traffic Signal,Clear,Dark,Dry,Fatal,Cyclist Collisions,Driver,30 to 34,,0,East,"Automobile, Station Wagon",Going Ahead,Driving Properly,Normal, , , , , , ,0,1,1,0,0,0,0,0,0,0,0,0,0,1
1191582,2010,9,26,23,9,6,43.63794538,-79.45899029,Parkdale-High Park (13),13,South Parkdale (85),85,D11,Etobicoke York,LAKE SHORE BLVD W,COLBORNE LODGE DR, ,Major Arterial,Intersection,At Intersection,Traffic Signal,Clear,Dark,Dry,Fatal,Cyclist Collisions,Driver,60 to 64,,0,East,"Automobile, Station Wagon",Going Ahead,Driving Properly,Normal, , , , , , ,0,1,1,0,0,0,0,0,0,0,0,0,0,1
1191582,2010,9,26,23,9,6,43.63794538,-79.45899029,Parkdale-High Park (13),13,South Parkdale (85),85,D11,Etobicoke York,LAKE SHORE BLVD W,COLBORNE LODGE DR, ,Major Arterial,Intersection,At Intersection,Traffic Signal,Clear,Dark,Dry,Fatal,Cyclist Collisions,Cyclist,25 to 29,Fatal,33,South,Bicycle,Going Ahead, , , , , ,"Cyclist without ROW rides into path of motorist at inter, lnwy, dwy-Cyclist not turn.",Disobeyed Traffic Control,Had Been Drinking,0,1,1,0,0,0,0,0,0,0,0,0,0,1
4001647653,2014,3,5,23,9,2,43.75896795,-79.24643336,Scarborough Centre (38),38,Bendale (127),127,D43,Scarborough,MCCOWAN RD,BENLEIGH  DR,30 m North of,Major Arterial,Mid-Block,Non Intersection,No Control,Clear,"Dark, artificial",Wet,Non-Fatal Injury,SMV Other,Driver,35 to 39,,0,North,"Automobile, Station Wagon",Going Ahead,Exceeding Speed Limit,Unknown, , , , , , ,0,0,1,0,0,0,0,1,1,1,0,0,0,0
4001647653,2014,3,5,23,9,2,43.75896795,-79.24643336,Scarborough Centre (38),38,Woburn (137),137,D43,Scarborough,MCCOWAN RD,BENLEIGH  DR,30 m North of,Major Arterial,Mid-Block,Non Intersection,No Control,Clear,"Dark, artificial",Wet,Non-Fatal Injury,SMV Other,Passenger,20 to 24,Minimal,0, , , , , , , , , , , ,0,0,1,0,0,0,0,1,1,1,0,0,0,0
4001647653,2014,3,5,23,9,2,43.75896795,-79.24643336,Scarborough Centre (38),38,Bendale (127),127,D43,Scarborough,MCCOWAN RD,BENLEIGH  DR,30 m North of,Major Arterial,Mid-Block,Non Intersection,No Control,Clear,"Dark, artificial",Wet,Non-Fatal Injury,SMV Other,Passenger,20 to 24,Major,0, , , , , , , , , , , ,0,0,1,0,0,0,0,1,1,1,0,0,0,0
7001502233,2017,8,19,23,9,5,43.72612338,-79.57204829,Etobicoke North (2),2,Rexdale-Kipling (4),4,D23,Etobicoke York,HINTON RD,KIPLING AVE,120 m East of,Local,Mid-Block,Non Intersection,Stop Sign,Clear,"Dark, artificial",Dry,Non-Fatal Injury,Turning Movement,Driver,35 to 39,,0,East,"Automobile, Station Wagon",Turning Left,Failed to Yield Right of Way,Normal, , , , , , ,0,0,1,1,0,0,0,0,0,1,0,0,0,0
7001502233,2017,8,19,23,9,5,43.72612338,-79.57204829,Etobicoke North (2),2,Rexdale-Kipling (4),4,D23,Etobicoke York,HINTON RD,KIPLING AVE,120 m East of,Local,Mid-Block,Non Intersection,Stop Sign,Clear,"Dark, artificial",Dry,Non-Fatal Injury,Turning Movement,Motorcycle Driver,30 to 34,Major,0,North,Motorcycle,Going Ahead,Driving Properly,Normal, , , , , , ,0,0,1,1,0,0,0,0,0,1,0,0,0,0
1047170,2008,5,28,23,10,2,43.71594538,-79.44499029,Eglinton-Lawrence (15),15,Yorkdale-Glen Park (31),31,D13,North York,LAWRENCE AVE W,LAWRENCE W ALLEN X S RAMP, ,Major Arterial,Intersection,At Intersection,Traffic Signal,Clear,Dark,Dry,Non-Fatal Injury,Turning Movement,Vehicle Owner,unknown, ,0, ,Other, , , , , , , , , ,0,0,1,0,0,0,0,0,0,1,0,0,0,0
1047170,2008,5,28,23,10,2,43.71594538,-79.44499029,Eglinton-Lawrence (15),15,Yorkdale-Glen Park (31),31,D13,North York,LAWRENCE AVE W,LAWRENCE W ALLEN X S RAMP, ,Major Arterial,Intersection,At Intersection,Traffic Signal,Clear,Dark,Dry,Non-Fatal Injury,Turning Movement,Driver,65 to 69,,0,West,"Automobile, Station Wagon",Turning Left,Failed to Yield Right of Way,Inattentive, , , , , , ,0,0,1,0,0,0,0,0,0,1,0,0,0,0
1047170,2008,5,28,23,10,2,43.71594538,-79.44499029,Eglinton-Lawrence (15),15,Yorkdale-Glen Park (31),31,D13,North York,LAWRENCE AVE W,LAWRENCE W ALLEN X S RAMP, ,Major Arterial,Intersection,At Intersection,Traffic Signal,Clear,Dark,Dry,Non-Fatal Injury,Turning Movement,Driver,35 to 39,Major,0,East,"Automobile, Station Wagon",Going Ahead,Driving Properly,Normal, , , , , , ,0,0,1,0,0,0,0,0,0,1,0,0,0,0
1289788,2012,4,18,23,10,2,43.77034538,-79.44209029,Willowdale (23),23,Willowdale West (37),37,D32,North York,BATHURST ST,MASCOT PL, ,Major Arterial,Intersection,At Intersection,No Control,Clear,"Dark, artificial",Dry,Non-Fatal Injury,Pedestrian Collisions,Driver,35 to 39,,0,South,"Automobile, Station Wagon",Going Ahead,Failed to Yield Right of Way,"Ability Impaired, Alcohol", , , , , , ,1,0,1,0,0,0,0,0,0,1,0,1,0,0
1289788,2012,4,18,23,10,2,43.77034538,-79.44209029,Willowdale (23),23,Willowdale West (37),37,D32,North York,BATHURST ST,MASCOT PL, ,Major Arterial,Intersection,At Intersection,No Control,Clear,"Dark, artificial",Dry,Non-Fatal Injury,Pedestrian Collisions,Pedestrian,85 to 89,Major,0,West,Other, , , ,Vehicle is going straight thru inter.while ped cross without ROW,"Crossing, no Traffic Control",Medical or Physical Disability, , , ,1,0,1,0,0,0,0,0,0,1,0,1,0,0
1301426,2012,5,4,23,10,4,43.64854538,-79.32749029,Toronto-Danforth (30),30,South Riverdale (70),70,D55,Toronto East York,475 UNWIN AVE, , ,Local,Mid-Block, ,No Control,Clear,Dark,Dry,Non-Fatal Injury,SMV Other,Passenger,20 to 24,Major,0, ,Other, , , , , , , , , ,0,0,1,0,0,0,0,1,1,1,0,0,0,0
1301426,2012,5,4,23,10,4,43.64854538,-79.32749029,Toronto-Danforth (30),30,South Riverdale (70),70,D55,Toronto East York,475 UNWIN AVE, , ,Local,Mid-Block, ,No Control,Clear,Dark,Dry,Non-Fatal Injury,SMV Other,Driver,20 to 24,,0,North,"Automobile, Station Wagon",Going Ahead,Speed too Fast For Condition,Normal, , , , , , ,0,0,1,0,0,0,0,1,1,1,0,0,0,0
1301426,2012,5,4,23,10,4,43.64854538,-79.32749029,Toronto-Danforth (30),30,South Riverdale (70),70,D55,Toronto East York,475 UNWIN AVE, , ,Local,Mid-Block, ,No Control,Clear,Dark,Dry,Non-Fatal Injury,SMV Other,Other Property Owner,unknown, ,0, ,Other, , , , , , , , , ,0,0,1,0,0,0,0,1,1,1,0,0,0,0
5001905504,2015,11,5,23,10,3,43.69804342,-79.34974299,Toronto-Danforth (29),29,Old East York (58),58,D54,Toronto East York,DON VALLEY PARKWAY  S,LEASIDE BDGE, ,Expressway,Mid-Block,Non Intersection,No Control,Clear,"Dark, artificial",Dry,Non-Fatal Injury,Pedestrian Collisions,Driver,40 to 44,,0,South,"Automobile, Station Wagon",Going Ahead,Driving Properly,Normal, , , , , , ,1,0,1,0,0,0,0,1,0,0,0,0,0,0
5001905504,2015,11,5,23,10,3,43.69804342,-79.34974299,Toronto-Danforth (29),29,Old East York (58),58,D54,Toronto East York,DON VALLEY PARKWAY  S,LEASIDE BDGE, ,Expressway,Mid-Block,Non Intersection,No Control,Clear,"Dark, artificial",Dry,Non-Fatal Injury,Pedestrian Collisions,Passenger,35 to 39,,0, , , , , , , , , , , ,1,0,1,0,0,0,0,1,0,0,0,0,0,0
5001905504,2015,11,5,23,10,3,43.69804342,-79.34974299,Toronto-Danforth (29),29,Old East York (58),58,D54,Toronto East York,DON VALLEY PARKWAY  S,LEASIDE BDGE, ,Expressway,Mid-Block,Non Intersection,No Control,Clear,"Dark, artificial",Dry,Non-Fatal Injury,Pedestrian Collisions,Pedestrian,50 to 54,Major,0,Unknown, , , , ,Other / Undefined,Other,Other, , , ,1,0,1,0,0,0,0,1,0,0,0,0,0,0
6001735330,2016,9,29,23,10,3,43.81450995,-79.29217921,Scarborough-Rouge River (41),41,Milliken (130),130,D42,Scarborough,MIDLAND AVE,MCNICOLL AVE, ,Major Arterial,Intersection,Intersection Related,Traffic Signal,Clear,"Dark, artificial",Dry,Non-Fatal Injury,Angle,Driver,45 to 49,Minor,0,South,"Automobile, Station Wagon",Going Ahead,Disobeyed Traffic Control,Normal, , , , , , ,0,0,1,0,0,0,0,1,0,1,1,0,0,0
6001735330,2016,9,29,23,10,3,43.81450995,-79.29217921,Scarborough-Rouge River (41),41,Milliken (130),130,D42,Scarborough,MIDLAND AVE,MCNICOLL AVE, ,Major Arterial,Intersection,Intersection Related,Traffic Signal,Clear,"Dark, artificial",Dry,Non-Fatal Injury,Angle,Driver,20 to 24,Minimal,0,West,"Automobile, Station Wagon",Going Ahead,Driving Properly,Normal, , , , , , ,0,0,1,0,0,0,0,1,0,1,1,0,0,0