ACCNUM,YEAR,MONTH,DAY,HOUR,MINUTES,WEEKDAY,LATITUDE,LONGITUDE,Ward_Name,Ward_ID,Hood_Name,Hood_ID,Division,District,STREET1,STREET2,OFFSET,ROAD_CLASS,LOCCOORD,ACCLOC,TRAFFCTL,VISIBILITY,LIGHT,RDSFCOND,ACCLASS,IMPACTYPE,INVTYPE,INVAGE,INJURY,FATAL_NO,INITDIR,VEHTYPE,MANOEUVER,DRIVACT,DRIVCOND,PEDTYPE,PEDACT,PEDCOND,CYCLISTYPE,CYCACT,CYCCOND,PEDESTRIAN,CYCLIST,AUTOMOBILE,MOTORCYCLE,TRUCK,TRSN_CITY_VEH,EMERG_VEH,PASSENGER,SPEEDING,AG_DRIV,REDLIGHT,ALCOHOL,DISABILITY,label
6001735330,2016,9,29,23,10,3,43.81450995,-79.29217921,Scarborough-Rouge River (41),41,Milliken (130),130,D42,Scarborough,MIDLAND AVE,MCNICOLL AVE, ,Major Arterial,Intersection,Intersection Related,Traffic Signal,Clear,"Dark, artificial",Dry,Non-Fatal Injury,Angle,Driver,50 to 54,Minimal,0,West,"Automobile, Station Wagon",Going Ahead,Driving Properly,Normal, , , , , , ,0,0,1,0,0,0,0,1,0,1,1,0,0,0
6001735330,2016,9,29,23,10,3,43.81450995,-79.29217921,Scarborough-Rouge River (41),41,Milliken (130),130,D42,Scarborough,MIDLAND AVE,MCNICOLL AVE, ,Major Arterial,Intersection,Intersection Related,Traffic Signal,Clear,"Dark, artificial",Dry,Non-Fatal Injury,Angle,Passenger,55 to 59,Major,0, , , , , , , , , , , ,0,0,1,0,0,0,0,1,0,1,1,0,0,0
7000366630,2017,2,26,23,11,6,43.65910681,-79.39853297,Trinity-Spadina (20),20,University (79),79,D52,Toronto East York,215 HURON ST, ,20 m South of,Local,Mid-Block,Non Intersection,No Control,Clear,"Dark, artificial",Dry,Non-Fatal Injury,Cyclist Collisions,Driver,45 to 49,,0,North,"Automobile, Station Wagon",Going Ahead,Other,Inattentive, , , , , , ,0,1,1,0,0,0,0,1,0,0,0,0,0,0
7000366630,2017,2,26,23,11,6,43.65910681,-79.39853297,Trinity-Spadina (20),20,University (79),79,D52,Toronto East York,215 HURON ST, ,20 m South of,Local,Mid-Block,Non Intersection,No Control,Clear,"Dark, artificial",Dry,Non-Fatal Injury,Cyclist Collisions,Cyclist,25 to 29,Major,0,South,Bicycle,Going Ahead, , , , , ,Insufficient information (to determine cyclist crash type).,Other,Inattentive,0,1,1,0,0,0,0,1,0,0,0,0,0,0
7000366630,2017,2,26,23,11,6,43.65910681,-79.39853297,Trinity-Spadina (20),20,University (79),79,D52,Toronto East York,215 HURON ST, ,20 m South of,Local,Mid-Block,Non Intersection,No Control,Clear,"Dark, artificial",Dry,Non-Fatal Injury,Cyclist Collisions,Passenger,20 to 24,,0, , , , , , , , , , , ,0,1,1,0,0,0,0,1,0,0,0,0,0,0
4002604819,2014,7,30,23,12,2,43.71001013,-79.38223658,St. Paul's (22),22,Mount Pleasant East (99),99,D53,Toronto East York,EGLINTON AVE E,BANFF RD, ,Major Arterial,Intersection,Intersection Related,Traffic Signal,Clear,"Dark, artificial",Dry,Non-Fatal Injury,Cyclist Collisions,Driver,25 to 29,,0,East,"Automobile, Station Wagon",Going Ahead,Driving Properly,Normal, , , , , , ,0,1,1,0,0,0,0,0,0,0,0,0,0,0
4002604819,2014,7,30,23,12,2,43.71001013,-79.38223658,St. Paul's (22),22,Mount Pleasant East (99),99,D53,Toronto East York,EGLINTON AVE E,BANFF RD, ,Major Arterial,Intersection,Intersection Related,Traffic Signal,Clear,"Dark, artificial",Dry,Non-Fatal Injury,Cyclist Collisions,Cyclist,55 to 59,Major,0,South,Bicycle,Going Ahead, , , , , ,"Cyclist without ROW rides into path of motorist at inter, lnwy, dwy-Cyclist not turn.",Disobeyed Traffic Control,Normal,0,1,1,0,0,0,0,0,0,0,0,0,0,0
1245113,2011,6,8,23,13,2,43.76884538,-79.46689029,York Centre (10),10,Bathurst Manor (34),34,D32,North York,DUFFERIN ST,FINCH AVE W, ,Major Arterial,Intersection,At Intersection,Traffic Signal,Clear,Dark,Dry,Non-Fatal Injury,Angle,Passenger,15 to 19,Minor,0, ,Other, , , , , , , , , ,0,0,1,0,0,0,0,1,0,1,1,0,0,0
1245113,2011,6,8,23,13,2,43.76884538,-79.46689029,York Centre (10),10,Bathurst Manor (34),34,D32,North York,DUFFERIN ST,FINCH AVE W, ,Major Arterial,Intersection,At Intersection,Traffic Signal,Clear,Dark,Dry,Non-Fatal Injury,Angle,Passenger,15 to 19,Major,0, ,Other, , , , , , , , , ,0,0,1,0,0,0,0,1,0,1,1,0,0,0
1245113,2011,6,8,23,13,2,43.76884538,-79.46689029,York Centre (10),10,Bathurst Manor (34),34,D32,North York,DUFFERIN ST,FINCH AVE W, ,Major Arterial,Intersection,At Intersection,Traffic Signal,Clear,Dark,Dry,Non-Fatal Injury,Angle,Driver,25 to 29,Minor,0,East,"Automobile, Station Wagon",Going Ahead,Driving Properly,Normal, , , , , , ,0,0,1,0,0,0,0,1,0,1,1,0,0,0
1245113,2011,6,8,23,13,2,43.76884538,-79.46689029,York Centre (10),10,Bathurst Manor (34),34,D32,North York,DUFFERIN ST,FINCH AVE W, ,Major Arterial,Intersection,At Intersection,Traffic Signal,Clear,Dark,Dry,Non-Fatal Injury,Angle,Driver,40 to 44,Minimal,0,North,"Automobile, Station Wagon",Going Ahead,Disobeyed Traffic Control,Inattentive, , , , , , ,0,0,1,0,0,0,0,1,0,1,1,0,0,0
4002858983,2014,9,7,23,13,6,43.73423727,-79.53580103,York West (7),7,Pelmo Park-Humberlea (23),23,D31,Etobicoke York,2324 SHEPPARD AVE W, , ,Major Arterial,Intersection,Private Driveway,No Control,Clear,"Dark, artificial",Dry,Non-Fatal Injury,SMV Other,Driver,40 to 44,Major,0,East,"Automobile, Station Wagon",Turning Left,Lost control,"Ability Impaired, Alcohol Over .08", , , , , , ,0,0,1,0,0,0,0,1,1,1,0,1,0,0
4002858983,2014,9,7,23,13,6,43.73423727,-79.53580103,York West (7),7,Pelmo Park-Humberlea (23),23,D31,Etobicoke York,2324 SHEPPARD AVE W, , ,Major Arterial,Intersection,Private Driveway,No Control,Clear,"Dark, artificial",Dry,Non-Fatal Injury,SMV Other,Other,unknown,,0,Unknown, ,Unknown, , , , , , , , ,0,0,1,0,0,0,0,1,1,1,0,1,0,0
4002858983,2014,9,7,23,13,6,43.73423727,-79.53580103,York West (7),7,Pelmo Park-Humberlea (23),23,D31,Etobicoke York,2324 SHEPPARD AVE W, , ,Major Arterial,Intersection,Private Driveway,No Control,Clear,"Dark, artificial",Dry,Non-Fatal Injury,SMV Other,Passenger,30 to 34,,0, , , , , , , , , , , ,0,0,1,0,0,0,0,1,1,1,0,1,0,0
1126375,2009,9,19,23,15,5,43.76954538,-79.34649029,Don Valley East (33),33,Henry Farm (53),53,D33,North York,DON MILLS RD,HAVENBROOK BLVD, ,Major Arterial,Intersection,At Intersection,Traffic Signal,Clear,Dark,Dry,Non-Fatal Injury,Pedestrian Collisions,Driver,unknown,,0,South,"Automobile, Station Wagon",Going Ahead,Failed to Yield Right of Way,Unknown, , , , , , ,1,0,1,0,0,0,0,0,0,1,0,0,0,0
1126375,2009,9,19,23,15,5,43.76954538,-79.34649029,Don Valley East (33),33,Henry Farm (53),53,D33,North York,DON MILLS RD,HAVENBROOK BLVD, ,Major Arterial,Intersection,At Intersection,Traffic Signal,Clear,Dark,Dry,Non-Fatal Injury,Pedestrian Collisions,Pedestrian,15 to 19,Major,0,West,Other, , , ,Vehicle is going straight thru inter.while ped cross with ROW,Crossing with right of way,Normal, , , ,1,0,1,0,0,0,0,0,0,1,0,0,0,0
1132060,2009,9,25,23,15,4,43.74764538,-79.28399029,Scarborough Centre (37),37,Dorset Park (126),126,D41,Scarborough,LAWRENCE AVE E,BIRCHMOUNT RD, ,Major Arterial,Mid-Block, ,No Control,Clear,Dark,Dry,Non-Fatal Injury,Pedestrian Collisions,Pedestrian,50 to 54,Major,0, ,Other, , , ,Pedestrian involved in a collision with transit vehicle anywhere along roadway,Running onto Roadway,Had Been Drinking, , , ,1,0,0,0,0,1,0,0,0,0,0,0,0,0
1132060,2009,9,25,23,15,4,43.74764538,-79.28399029,Scarborough Centre (37),37,Dorset Park (126),126,D41,Scarborough,LAWRENCE AVE E,BIRCHMOUNT RD, ,Major Arterial,Mid-Block, ,No Control,Clear,Dark,Dry,Non-Fatal Injury,Pedestrian Collisions,Vehicle Owner,unknown, ,0, ,Other, , , , , , , , , ,1,0,0,0,0,1,0,0,0,0,0,0,0,0
1132060,2009,9,25,23,15,4,43.74764538,-79.28399029,Scarborough Centre (37),37,Dorset Park (126),126,D41,Scarborough,LAWRENCE AVE E,BIRCHMOUNT RD, ,Major Arterial,Mid-Block, ,No Control,Clear,Dark,Dry,Non-Fatal Injury,Pedestrian Collisions,Driver,50 to 54,,0,East,Municipal Transit Bus (TTC),Pulling Away from Shoulder or Curb,Driving Properly,Normal, , , , , , ,1,0,0,0,0,1,0,0,0,0,0,0,0,0
4003162994,2014,10,24,23,15,4,43.76746329,-79.41243873,Willowdale (23),23,Willowdale East (51),51,D32,North York,YONGE ST,HILLCREST AVE, ,Major Arterial,Intersection,Non Intersection,No Control,Clear,"Dark, artificial",Dry,Non-Fatal Injury,Sideswipe,Driver,25 to 29,Minimal,0,South,"Automobile, Station Wagon",Changing Lanes,Improper Lane Change,Inattentive, , , , , , ,0,0,1,0,0,1,0,1,0,0,0,0,0,0
4003162994,2014,10,24,23,15,4,43.76746329,-79.41243873,Willowdale (23),23,Willowdale East (51),51,D32,North York,YONGE ST,HILLCREST AVE, ,Major Arterial,Intersection,Non Intersection,No Control,Clear,"Dark, artificial",Dry,Non-Fatal Injury,Sideswipe,Driver,20 to 24,Minimal,0,South,"Automobile, Station Wagon",Going Ahead,Driving Properly,Normal, , , , , , ,0,0,1,0,0,1,0,1,0,0,0,0,0,0
4003162994,2014,10,24,23,15,4,43.76746329,-79.41243873,Willowdale (23),23,Willowdale East (51),51,D32,North York,YONGE ST,HILLCREST AVE, ,Major Arterial,Intersection,Non Intersection,No Control,Clear,"Dark, artificial",Dry,Non-Fatal Injury,Sideswipe,Driver,35 to 39,,0,North,Intercity Bus,Going Ahead,Driving Properly,Normal, , , , , , ,0,0,1,0,0,1,0,1,0,0,0,0,0,0
4003162994,2014,10,24,23,15,4,43.76746329,-79.41243873,Willowdale (23),23,Willowdale East (51),51,D32,North York,YONGE ST,HILLCREST AVE, ,Major Arterial,Intersection,Non Intersection,No Control,Clear,"Dark, artificial",Dry,Non-Fatal Injury,Sideswipe,Passenger,20 to 24,Minor,0, , , , , , , , , , , ,0,0,1,0,0,1,0,1,0,0,0,0,0,0
4003162994,2014,10,24,23,15,4,43.76746329,-79.41243873,Willowdale (23),23,Willowdale East (51),51,D32,North York,YONGE ST,HILLCREST AVE, ,Major Arterial,Intersection,Non Intersection,No Control,Clear,"Dark, artificial",Dry,Non-Fatal Injury,Sideswipe,Passenger,20 to 24,Minor,0, , , , , , , , , , , ,0,0,1,0,0,1,0,1,0,0,0,0,0,0
4003162994,2014,10,24,23,15,4,43.76746329,-79.41243873,Willowdale (23),23,Willowdale East (51),51,D32,North York,YONGE ST,HILLCREST AVE, ,Major Arterial,Intersection,Non Intersection,No Control,Clear,"Dark, artificial",Dry,Non-Fatal Injury,Sideswipe,Passenger,20 to 24,Major,0, , , , , , , , , , , ,0,0,1,0,0,1,0,1,0,0,0,0,0,0
4003162994,2014,10,24,23,15,4,43.76746329,-79.41243873,Willowdale (23),23,Willowdale East (51),51,D32,North York,YONGE ST,HILLCREST AVE, ,Major Arterial,Intersection,Non Intersection,No Control,Clear,"Dark, artificial",Dry,Non-Fatal Injury,Sideswipe,Passenger,20 to 24,Minor,0, , , , , , , , , , , ,0,0,1,0,0,1,0,1,0,0,0,0,0,0
4003162994,2014,10,24,23,15,4,43.76746329,-79.41243873,Willowdale (23),23,Willowdale East (51),51,D32,North York,YONGE ST,HILLCREST AVE, ,Major Arterial,Intersection,Non Intersection,No Control,Clear,"Dark, artificial",Dry,Non-Fatal Injury,Sideswipe,Passenger,25 to 29,Minimal,0, , , , , , , , , , , ,0,0,1,0,0,1,0,1,0,0,0,0,0,0
4003162994,2014,10,24,23,15,4,43.76746329,-79.41243873,Willowdale (23),23,Willowdale East (51),51,D32,North York,YONGE ST,HILLCREST AVE, ,Major Arterial,Intersection,Non Intersection,No Control,Clear,"Dark, artificial",Dry,Non-Fatal Injury,Sideswipe,Passenger,unknown,,0, , , , , , , , , , , ,0,0,1,0,0,1,0,1,0,0,0,0,0,0
6001093797,2016,6,22,23,15,2,43.71831854,-79.51624689,York West (7),7,Downsview-Roding-CFB (26),26,D31,Etobicoke York,120 BEVERLY HILLS DR, ,65 m South of,Collector,Mid-Block,Non Intersection,No Control,Clear,"Dark, artificial",Dry,Non-Fatal Injury,Pedestrian Collisions,Driver,25 to 29,,0,South,"Automobile, Station Wagon",Going Ahead,Driving Properly,Normal, , , , , , ,1,0,1,0,0,0,0,1,0,0,0,0,0,0
6001093797,2016,6,22,23,15,2,43.71831854,-79.51624689,York West (7),7,Downsview-Roding-CFB (26),26,D31,Etobicoke York,120 BEVERLY HILLS DR, ,65 m South of,Collector,Mid-Block,Non Intersection,No Control,Clear,"Dark, artificial",Dry,Non-Fatal Injury,Pedestrian Collisions,Passenger,30 to 34,,0, , , , , , , , , , , ,1,0,1,0,0,0,0,1,0,0,0,0,0,0
6001093797,2016,6,22,23,15,2,43.71831854,-79.51624689,York West (7),7,Downsview-Roding-CFB (26),26,D31,Etobicoke York,120 BEVERLY HILLS DR, ,65 m South of,Collector,Mid-Block,Non Intersection,No Control,Clear,"Dark, artificial",Dry,Non-Fatal Injury,Pedestrian Collisions,Pedestrian,10 to 14,Major,0,East, , , , ,Vehicle hits the pedestrian walking or running out from between parked vehicles at mid-block,"Crossing, no Traffic Control",Inattentive, , , ,1,0,1,0,0,0,0,1,0,0,0,0,0,0
6001526094,2016,8,27,23,15,5,43.71342047,-79.40748987,Eglinton-Lawrence (16),16,Lawrence Park South (103),103,D53,North York,18 CORTLEIGH BLVD, , ,Local,Mid-Block,Non Intersection,No Control,Clear,Dark,Dry,Non-Fatal Injury,Other,Passenger,15 to 19,,0, , , , , , , , , , , ,0,0,0,0,0,0,0,1,1,1,0,0,0,0
6001526094,2016,8,27,23,15,5,43.71342047,-79.40748987,Eglinton-Lawrence (16),16,Lawrence Park South (103),103,D53,North York,18 CORTLEIGH BLVD, , ,Local,Mid-Block,Non Intersection,No Control,Clear,Dark,Dry,Non-Fatal Injury,Other,Driver,15 to 19,,0,West, ,Going Ahead,Speed too Fast For Condition,Unknown, , , , , , ,0,0,0,0,0,0,0,1,1,1,0,0,0,0
6001526094,2016,8,27,23,15,5,43.71342047,-79.40748987,Eglinton-Lawrence (16),16,Lawrence Park South (103),103,D53,North York,18 CORTLEIGH BLVD, , ,Local,Mid-Block,Non Intersection,No Control,Clear,Dark,Dry,Non-Fatal Injury,Other,Passenger,15 to 19,Major,0, , , , , , , , , , , ,0,0,0,0,0,0,0,1,1,1,0,0,0,0
6001526094,2016,8,27,23,15,5,43.71342047,-79.40748987,Eglinton-Lawrence (16),16,Lawrence Park South (103),103,D53,North York,18 CORTLEIGH BLVD, , ,Local,Mid-Block,Non Intersection,No Control,Clear,Dark,Dry,Non-Fatal Injury,Other,Passenger,15 to 19,,0, , , , , , , , , , , ,0,0,0,0,0,0,0,1,1,1,0,0,0,0
6001526094,2016,8,27,23,15,5,43.71342047,-79.40748987,Eglinton-Lawrence (16),16,Lawrence Park South (103),103,D53,North York,18 CORTLEIGH BLVD, , ,Local,Mid-Block,Non Intersection,No Control,Clear,Dark,Dry,Non-Fatal Injury,Other,Passenger,15 to 19,,0, , , , , , , , , , , ,0,0,0,0,0,0,0,1,1,1,0,0,0,0
6002153175,2016,12,4,23,15,6,43.66291006,-79.37430964,Toronto Centre-Rosedale (27),27,Moss Park (73),73,D51,Toronto East York,CARLTON STREET,HOMEWOOD AVENUE, ,Minor Arterial,Intersection,At Intersection,No Control,Rain,"Dark, artificial",Wet,Non-Fatal Injury,Pedestrian Collisions,Driver,75 to 79,,0,East,"Automobile, Station Wagon",Turning Left,Failed to Yield Right of Way,Inattentive, , , , , , ,1,0,1,0,0,0,0,0,0,1,0,0,0,0
6002153175,2016,12,4,23,15,6,43.66291006,-79.37430964,Toronto Centre-Rosedale (27),27,Moss Park (73),73,D51,Toronto East York,CARLTON STREET,HOMEWOOD AVENUE, ,Minor Arterial,Intersection,At Intersection,No Control,Rain,"Dark, artificial",Wet,Non-Fatal Injury,Pedestrian Collisions,Pedestrian,25 to 29,Major,0,South, , , , ,Vehicle turns left while ped crosses with ROW at inter.,Crossing with right of way,Normal, , , ,1,0,1,0,0,0,0,0,0,1,0,0,0,0
7000609601,2017,4,6,23,15,3,43.7674938,-79.22832117,Scarborough Centre (38),38,Woburn (137),137,D43,Scarborough,MARKHAM RD,PAINTED POST DR,10 m West of,Major Arterial,Intersection,At Intersection,Traffic Signal,Rain,"Dark, artificial",Wet,Non-Fatal Injury,Pedestrian Collisions,Driver,25 to 29,,0,South,"Automobile, Station Wagon",Going Ahead,Driving Properly,Normal, , , , , , ,1,0,1,0,0,0,0,0,0,0,0,0,0,0
7000609601,2017,4,6,23,15,3,43.7674938,-79.22832117,Scarborough Centre (38),38,Woburn (137),137,D43,Scarborough,MARKHAM RD,PAINTED POST DR,10 m West of,Major Arterial,Intersection,At Intersection,Traffic Signal,Rain,"Dark, artificial",Wet,Non-Fatal Injury,Pedestrian Collisions,Pedestrian,25 to 29,Major,0,West, , , , ,Vehicle is going straight thru inter.while ped cross without ROW,Crossing without right of way,Inattentive, , , ,1,0,1,0,0,0,0,0,0,0,0,0,0,0
1327549,2012,10,13,23,16,5,43.82364538,-79.30709029,Scarborough-Agincourt (39),39,Steeles (116),116,D42,Scarborough,KENNEDY RD,STEELES AVE E, ,Major Arterial,Intersection,At Intersection,Traffic Signal,Rain,"Dark, artificial",Wet,Non-Fatal Injury,Pedestrian Collisions,Driver,20 to 24,Major,0,South,"Automobile, Station Wagon",Turning Left,Failed to Yield Right of Way,Inattentive, , , , , , ,1,0,1,0,0,0,0,0,0,1,0,0,0,0
1327549,2012,10,13,23,16,5,43.82364538,-79.30709029,Scarborough-Agincourt (39),39,Steeles (116),116,D42,Scarborough,KENNEDY RD,STEELES AVE E, ,Major Arterial,Intersection,At Intersection,Traffic Signal,Rain,"Dark, artificial",Wet,Non-Fatal Injury,Pedestrian Collisions,Pedestrian,40 to 44,Minor,0,South,Other, , , ,Vehicle turns left while ped crosses with ROW at inter.,Crossing with right of way,Normal, , , ,1,0,1,0,0,0,0,0,0,1,0,0,0,0
5000950977,2015,6,7,23,16,6,43.64632757,-79.41688929,Trinity-Spadina (19),19,Trinity-Bellwoods (81),81,D14,Toronto East York,169 SHAW ST, , ,Collector,Mid-Block,Non Intersection,No Control,Clear,"Dark, artificial",Dry,Non-Fatal Injury,Cyclist Collisions,Cyclist,25 to 29,Major,0,North,Bicycle,Going Ahead, , , , , ,Cyclist strikes a parked vehicle.,Lost control,"Ability Impaired, Alcohol",0,1,0,0,0,0,0,0,0,0,0,0,0,0
1147865,2009,12,28,23,17,0,43.79744538,-79.31229029,Scarborough-Agincourt (40),40,L'Amoreaux (117),117,D42,Scarborough,FINCH AVE E,BRIDLETOWNE CRCL, ,Major Arterial,Intersection,At Intersection,Traffic Signal,Clear,Dark,Wet,Non-Fatal Injury,Pedestrian Collisions,Driver,unknown,,0,South,"Automobile, Station Wagon",Turning Left,Failed to Yield Right of Way,Unknown, , , , , , ,1,0,1,0,0,0,0,0,0,1,0,0,0,0
1147865,2009,12,28,23,17,0,43.79744538,-79.31229029,Scarborough-Agincourt (40),40,L'Amoreaux (117),117,D42,Scarborough,FINCH AVE E,BRIDLETOWNE CRCL, ,Major Arterial,Intersection,At Intersection,Traffic Signal,Clear,Dark,Wet,Non-Fatal Injury,Pedestrian Collisions,Pedestrian,50 to 54,Major,0,North,Other, , , ,Vehicle turns left while ped crosses with ROW at inter.,Crossing with right of way,Normal, , , ,1,0,1,0,0,0,0,0,0,1,0,0,0,0
1197305,2010,9,20,23,17,0,43.83164538,-79.24569029,Scarborough-Rouge River (42),42,Rouge (131),131,D42,Scarborough,PASSMORE AVE,TAPSCOTT RD, ,Minor Arterial,Intersection,At Intersection,Stop Sign,Clear,Dark,Dry,Non-Fatal Injury,Angle,Driver,30 to 34,Minor,0,North,"Automobile, Station Wagon",Going Ahead,Driving Properly,Normal, , , , , , ,0,0,1,0,0,0,0,0,0,1,0,1,0,0
1197305,2010,9,20,23,17,0,43.83164538,-79.24569029,Scarborough-Rouge River (42),42,Rouge (131),131,D42,Scarborough,PASSMORE AVE,TAPSCOTT RD, ,Minor Arterial,Intersection,At Intersection,Stop Sign,Clear,Dark,Dry,Non-Fatal Injury,Angle,Driver,30 to 34,Major,0,East,"Automobile, Station Wagon",Going Ahead,Disobeyed Traffic Control,"Ability Impaired, Alcohol", , , , , , ,0,0,1,0,0,0,0,0,0,1,0,1,0,0
1288123,2012,2,1,23,17,2,43.76764538,-79.18939029,Scarborough East (43),43,West Hill (136),136,D43,Scarborough,LAWRENCE AVE E,KINGSTON RD, ,Major Arterial,Intersection,At Intersection,No Control,Clear,"Dark, artificial",Dry,Non-Fatal Injury,Pedestrian Collisions,Driver,35 to 39,Minimal,0,East,"Automobile, Station Wagon",Going Ahead,Driving Properly,Normal, , , , , , ,1,0,1,0,0,0,0,0,0,0,0,0,0,0
1288123,2012,2,1,23,17,2,43.76764538,-79.18939029,Scarborough East (43),43,West Hill (136),136,D43,Scarborough,LAWRENCE AVE E,KINGSTON RD, ,Major Arterial,Intersection,At Intersection,No Control,Clear,"Dark, artificial",Dry,Non-Fatal Injury,Pedestrian Collisions,Pedestrian,35 to 39,Major,0,South,Other, , , ,Pedestrian hit at mid-block,"Crossing, no Traffic Control",Had Been Drinking, , , ,1,0,1,0,0,0,0,0,0,0,0,0,0,0
1249781,2011,8,4,23,18,3,43.65154538,-79.38349029,Toronto Centre-Rosedale (27),27,Bay Street Corridor (76),76,D52,Toronto East York,QUEEN ST W,YORK ST, ,Major Arterial,Mid-Block, ,No Control,Clear,Dark,Dry,Non-Fatal Injury,Pedestrian Collisions,Pedestrian,30 to 34,Major,0,South,Other, , , ,Pedestrian involved in a collision with transit vehicle anywhere along roadway,"Crossing, no Traffic Control","Ability Impaired, Alcohol", , , ,1,0,0,0,0,1,0,0,0,0,0,0,0,0
1249781,2011,8,4,23,18,3,43.65154538,-79.38349029,Toronto Centre-Rosedale (27),27,Bay Street Corridor (76),76,D52,Toronto East York,QUEEN ST W,YORK ST, ,Major Arterial,Mid-Block, ,No Control,Clear,Dark,Dry,Non-Fatal Injury,Pedestrian Collisions,Vehicle Owner,unknown, ,0, ,Other, , , , , , , , , ,1,0,0,0,0,1,0,0,0,0,0,0,0,0
5001757251,2015,10,11,23,40,6,43.76397665,-79.20559321,Scarborough East (43),43,Woburn (137),137,D43,Scarborough,LAWRENCE AVE E,ORTON PARK RD, ,Major Arterial,Intersection,At Intersection,Traffic Signal,Clear,Dark,Dry,Non-Fatal Injury,Turning Movement,Passenger,20 to 24,,0, , , , , , , , , , , ,0,0,1,0,0,0,0,1,0,0,0,0,0,0
5001734070,2015,10,7,22,50,2,43.75803717,-79.60255059999999,Etobicoke North (1),1,Mount Olive-Silverstone-Jamestown (2),2,D23,Etobicoke York,STEELES AVE W,MARTIN GROVE RD,64 m East of,Major Arterial,Mid-Block,Intersection Related,No Control,Clear,"Dark, artificial",Dry,Non-Fatal Injury,SMV Other,Passenger,25 to 29,Major,0, , , , , , , , , , , ,0,0,1,0,0,0,0,1,0,0,0,0,0,0
1192130,2010,8,25,23,44,2,43.76434538,-79.47659029,York West (8),8,York University Heights (27),27,D32,North York,CHESSWOOD DR,CHAMPAGNE DR, ,Minor Arterial,Intersection,At Intersection,Stop Sign,Clear,Dark,Dry,Non-Fatal Injury,Angle,Vehicle Owner,unknown, ,0, ,Other, , , , , , , , , ,0,0,1,1,0,0,0,0,0,1,0,0,0,0
1192130,2010,8,25,23,44,2,43.76434538,-79.47659029,York West (8),8,York University Heights (27),27,D32,North York,CHESSWOOD DR,CHAMPAGNE DR, ,Minor Arterial,Intersection,At Intersection,Stop Sign,Clear,Dark,Dry,Non-Fatal Injury,Angle,Motorcycle Driver,30 to 34,Major,0,West,Motorcycle,Going Ahead,Disobeyed Traffic Control,Had Been Drinking, , , , , , ,0,0,1,1,0,0,0,0,0,1,0,0,0,0
987376,2007,8,30,22,52,3,43.63274538,-79.43379029,Parkdale-High Park (14),14,South Parkdale (85),85,D14,Toronto East York,F G GARDINER XY  W,JAMESON AVE, ,Expressway,Mid-Block, ,No Control,Clear,Dark,Dry,Fatal,SMV Other,Motorcycle Driver,25 to 29,Fatal,0,West,Motorcycle,Going Ahead,Lost control,Normal, , , , , , ,0,0,0,1,0,0,0,0,0,0,0,0,0,1
1192130,2010,8,25,23,44,2,43.76434538,-79.47659029,York West (8),8,York University Heights (27),27,D32,North York,CHESSWOOD DR,CHAMPAGNE DR, ,Minor Arterial,Intersection,At Intersection,Stop Sign,Clear,Dark,Dry,Non-Fatal Injury,Angle,Driver,50 to 54,Minimal,0,North,"Automobile, Station Wagon",Going Ahead,Other,Had Been Drinking, , , , , , ,0,0,1,1,0,0,0,0,0,1,0,0,0,0
1244229,2011,7,15,23,44,4,43.64204538,-79.42919029,Parkdale-High Park (14),14,South Parkdale (85),85,D14,Toronto East York,QUEEN Stre W,DUFFERIN, ,Major Arterial,Mid-Block, ,Streetcar (Stop for),Clear,Dark,Dry,Non-Fatal Injury,Pedestrian Collisions,Pedestrian,20 to 24,Major,0,North,Other, , , ,Pedestrian hit at mid-block,Person Getting on/off Vehicle,Unknown, , , ,1,0,1,0,0,0,0,0,0,1,0,0,0,0
1278438,2011,12,10,22,52,5,43.66544538,-79.35259029,Toronto-Danforth (30),30,South Riverdale (70),70,D55,Toronto East York,BROADVIEW AVE,GERRARD ST E, ,Minor Arterial,Intersection,At Intersection,Traffic Signal,Clear,Dark,Dry,Non-Fatal Injury,Pedestrian Collisions,Driver,45 to 49,,0,South,"Automobile, Station Wagon",Going Ahead,Disobeyed Traffic Control,Normal, , , , , , ,1,0,1,0,0,0,0,0,0,1,1,0,0,0
1244229,2011,7,15,23,44,4,43.64204538,-79.42919029,Parkdale-High Park (14),14,South Parkdale (85),85,D14,Toronto East York,QUEEN Stre W,DUFFERIN, ,Major Arterial,Mid-Block, ,Streetcar (Stop for),Clear,Dark,Dry,Non-Fatal Injury,Pedestrian Collisions,Driver,15 to 19,,0,West,"Automobile, Station Wagon",Going Ahead,Failed to Yield Right of Way,Normal, , , , , , ,1,0,1,0,0,0,0,0,0,1,0,0,0,0
1278438,2011,12,10,22,52,5,43.66544538,-79.35259029,Toronto-Danforth (30),30,South Riverdale (70),70,D55,Toronto East York,BROADVIEW AVE,GERRARD ST E, ,Minor Arterial,Intersection,At Intersection,Traffic Signal,Clear,Dark,Dry,Non-Fatal Injury,Pedestrian Collisions,Pedestrian,20 to 24,Major,0,East,Other, , , ,Vehicle is going straight thru inter.while ped cross with ROW,Crossing with right of way,Normal, , , ,1,0,1,0,0,0,0,0,0,1,1,0,0,0