ACCNUM,YEAR,MONTH,DAY,HOUR,MINUTES,WEEKDAY,LATITUDE,LONGITUDE,Ward_Name,Ward_ID,Hood_Name,Hood_ID,Division,District,STREET1,STREET2,OFFSET,ROAD_CLASS,LOCCOORD,ACCLOC,TRAFFCTL,VISIBILITY,LIGHT,RDSFCOND,ACCLASS,IMPACTYPE,INVTYPE,INVAGE,INJURY,FATAL_NO,INITDIR,VEHTYPE,MANOEUVER,DRIVACT,DRIVCOND,PEDTYPE,PEDACT,PEDCOND,CYCLISTYPE,CYCACT,CYCCOND,PEDESTRIAN,CYCLIST,AUTOMOBILE,MOTORCYCLE,TRUCK,TRSN_CITY_VEH,EMERG_VEH,PASSENGER,SPEEDING,AG_DRIV,REDLIGHT,ALCOHOL,DISABILITY,label
1247894,2011,8,4,23,1,3,43.75889166,-79.33405695,Don Valley East (34),34,Parkwoods-Donalda (45),45,D33,North York,YORK MILLS RD,DVP N YORK MILLS W RAMP, ,Major Arterial,Intersection, ,Traffic Signal,Clear,Dark,Dry,Non-Fatal Injury,Cyclist Collisions,Driver,40 to 44,,0,North,"Automobile, Station Wagon",Stopped,Driving Properly,Normal, , , , , , ,0,1,1,0,0,0,0,0,0,0,0,0,0,0
1247894,2011,8,4,23,1,3,43.75889166,-79.33405695,Don Valley East (34),34,Parkwoods-Donalda (45),45,D33,North York,YORK MILLS RD,DVP N YORK MILLS W RAMP, ,Major Arterial,Intersection, ,Traffic Signal,Clear,Dark,Dry,Non-Fatal Injury,Cyclist Collisions,Cyclist,20 to 24,Major,0,West,Bicycle,Going Ahead, , , , , ,"Cyclist without ROW rides into path of motorist at inter, lnwy, dwy-Cyclist not turn.",Disobeyed Traffic Control,Unknown,0,1,1,0,0,0,0,0,0,0,0,0,0,0
1298041,2012,6,8,23,1,4,43.67714538,-79.44679029,Davenport (17),17,Corso Italia-Davenport (92),92,D13,Etobicoke York,ST CLAIR AVE W,EARLSCOURT AVE, ,Major Arterial,Mid-Block,At Intersection,No Control,Clear,Dark,Dry,Non-Fatal Injury,SMV Unattended Vehicle,Driver,45 to 49,,0,East,"Automobile, Station Wagon",Changing Lanes,Improper Lane Change,Normal, , , , , , ,0,0,1,1,0,0,0,0,1,1,0,0,0,0
1298041,2012,6,8,23,1,4,43.67714538,-79.44679029,Davenport (17),17,Corso Italia-Davenport (92),92,D13,Etobicoke York,ST CLAIR AVE W,EARLSCOURT AVE, ,Major Arterial,Mid-Block,At Intersection,No Control,Clear,Dark,Dry,Non-Fatal Injury,SMV Unattended Vehicle,Other,unknown,,0,East,Other,Parked, , , , , , , , ,0,0,1,1,0,0,0,0,1,1,0,0,0,0
1298041,2012,6,8,23,1,4,43.67714538,-79.44679029,Davenport (17),17,Corso Italia-Davenport (92),92,D13,Etobicoke York,ST CLAIR AVE W,EARLSCOURT AVE, ,Major Arterial,Mid-Block,At Intersection,No Control,Clear,Dark,Dry,Non-Fatal Injury,SMV Unattended Vehicle,Vehicle Owner,unknown, ,0, ,Other, , , , , , , , , ,0,0,1,1,0,0,0,0,1,1,0,0,0,0
1298041,2012,6,8,23,1,4,43.67714538,-79.44679029,Davenport (17),17,Corso Italia-Davenport (92),92,D13,Etobicoke York,ST CLAIR AVE W,EARLSCOURT AVE, ,Major Arterial,Mid-Block,At Intersection,No Control,Clear,Dark,Dry,Non-Fatal Injury,SMV Unattended Vehicle,Motorcycle Driver,35 to 39,Major,0,East,Motorcycle,Going Ahead,Exceeding Speed Limit,Inattentive, , , , , , ,0,0,1,1,0,0,0,0,1,1,0,0,0,0
1098951,2009,4,13,23,2,0,43.78964538,-79.25879029,Scarborough-Rouge River (41),41,Agincourt South-Malvern West (128),128,D42,Scarborough,SHEPPARD AVE E,MCCOWAN RD, ,Major Arterial,Intersection,At Intersection,Traffic Signal,Clear,Dark,Dry,Non-Fatal Injury,Pedestrian Collisions,Driver,60 to 64,,0,West,"Automobile, Station Wagon",Going Ahead,Driving Properly,Normal, , , , , , ,1,0,1,0,0,0,0,0,0,0,0,0,0,0
1098951,2009,4,13,23,2,0,43.78964538,-79.25879029,Scarborough-Rouge River (41),41,Agincourt South-Malvern West (128),128,D42,Scarborough,SHEPPARD AVE E,MCCOWAN RD, ,Major Arterial,Intersection,At Intersection,Traffic Signal,Clear,Dark,Dry,Non-Fatal Injury,Pedestrian Collisions,Pedestrian,30 to 34,Major,0,North,Other, , , ,Vehicle is going straight thru inter.while ped cross without ROW,Crossing without right of way,Inattentive, , , ,1,0,1,0,0,0,0,0,0,0,0,0,0,0
1130499,2009,9,18,23,2,4,43.70994538,-79.33439029,Don Valley West (26),26,Flemingdon Park (44),44,D54,North York,DON MILLS RD,OVERLEA BLVD, ,Major Arterial,Intersection,At Intersection,Traffic Signal,Clear,Dark,Dry,Non-Fatal Injury,Pedestrian Collisions,Driver,50 to 54,,0,West,"Automobile, Station Wagon",Turning Left,Driving Properly,Normal, , , , , , ,1,0,1,0,0,0,0,0,0,0,0,0,0,0
1130499,2009,9,18,23,2,4,43.70994538,-79.33439029,Don Valley West (26),26,Flemingdon Park (44),44,D54,North York,DON MILLS RD,OVERLEA BLVD, ,Major Arterial,Intersection,At Intersection,Traffic Signal,Clear,Dark,Dry,Non-Fatal Injury,Pedestrian Collisions,Pedestrian,25 to 29,Major,0,West,Other, , , ,Vehicle turns left while ped crosses with ROW at inter.,Crossing with right of way,Inattentive, , , ,1,0,1,0,0,0,0,0,0,0,0,0,0,0
1167297,2010,4,24,23,2,5,43.65034538,-79.44159029,Davenport (18),18,Little Portugal (84),84,D11,Toronto East York,DUNDAS Stre W,COLLEGE Stre, ,Minor Arterial,Mid-Block, ,No Control,Clear,Dark,Dry,Non-Fatal Injury,Cyclist Collisions,Driver,80 to 84,,0,East,"Automobile, Station Wagon",Going Ahead,Exceeding Speed Limit,Inattentive, , , , , , ,0,1,1,0,0,0,0,0,1,1,0,0,0,0
1167297,2010,4,24,23,2,5,43.65034538,-79.44159029,Davenport (18),18,Little Portugal (84),84,D11,Toronto East York,DUNDAS Stre W,COLLEGE Stre, ,Minor Arterial,Mid-Block, ,No Control,Clear,Dark,Dry,Non-Fatal Injury,Cyclist Collisions,Cyclist,25 to 29,Major,0,East,Bicycle,Stopped, , , , , ,Cyclist and Driver travelling in same direction. One vehicle rear-ended the other.,Driving Properly,Normal,0,1,1,0,0,0,0,0,1,1,0,0,0,0
1152788,2010,2,12,23,3,4,43.75844538,-79.42459029,Willowdale (23),23,Lansing-Westgate (38),38,D32,North York,ADDINGTON AVE,SHEPPARD AVE W, ,Major Arterial,Intersection,At Intersection,No Control,Clear,Dark,Dry,Non-Fatal Injury,Pedestrian Collisions,Vehicle Owner,unknown, ,0, ,Other, , , , , , , , , ,1,0,1,0,0,0,0,0,0,1,0,0,0,0
1152788,2010,2,12,23,3,4,43.75844538,-79.42459029,Willowdale (23),23,Lansing-Westgate (38),38,D32,North York,ADDINGTON AVE,SHEPPARD AVE W, ,Major Arterial,Intersection,At Intersection,No Control,Clear,Dark,Dry,Non-Fatal Injury,Pedestrian Collisions,Driver,70 to 74,,0,East,"Automobile, Station Wagon",Turning Left,Failed to Yield Right of Way,Unknown, , , , , , ,1,0,1,0,0,0,0,0,0,1,0,0,0,0
1152788,2010,2,12,23,3,4,43.75844538,-79.42459029,Willowdale (23),23,Lansing-Westgate (38),38,D32,North York,ADDINGTON AVE,SHEPPARD AVE W, ,Major Arterial,Intersection,At Intersection,No Control,Clear,Dark,Dry,Non-Fatal Injury,Pedestrian Collisions,Pedestrian,55 to 59,Major,0,West,Other, , , ,Vehicle turns left while ped crosses with ROW at inter.,Crossing with right of way,Had Been Drinking, , , ,1,0,1,0,0,0,0,0,0,1,0,0,0,0
1201760,2010,11,15,23,3,0,43.77204538,-79.53789029,York West (7),7,Humber Summit (21),21,D31,Etobicoke York,STEELES Aven W,HIGHWAY 400  N, ,Major Arterial,Intersection,At Intersection,Traffic Signal,Clear,Dark,Dry,Non-Fatal Injury,Turning Movement,Motorcycle Driver,20 to 24,Major,0,West,Motorcycle,Going Ahead,Driving Properly,Normal, , , , , , ,0,0,1,1,0,0,0,0,0,0,0,0,0,0
1201760,2010,11,15,23,3,0,43.77204538,-79.53789029,York West (7),7,Humber Summit (21),21,D31,Etobicoke York,STEELES Aven W,HIGHWAY 400  N, ,Major Arterial,Intersection,At Intersection,Traffic Signal,Clear,Dark,Dry,Non-Fatal Injury,Turning Movement,Driver,20 to 24,Minor,0,East,"Automobile, Station Wagon",Turning Left,Improper Turn,Inattentive, , , , , , ,0,0,1,1,0,0,0,0,0,0,0,0,0,0
4001774208,2014,3,27,23,3,3,43.77117499,-79.3674737,Willowdale (24),24,Bayview Village (52),52,D33,North York,SHEPPARD AVE E,OLD LESLIE ST, ,Major Arterial,Mid-Block,Non Intersection,No Control,Clear,"Dark, artificial",Dry,Non-Fatal Injury,SMV Other,Driver,70 to 74,Major,0,West,"Automobile, Station Wagon",Going Ahead,Lost control,Medical or Physical Disability, , , , , , ,0,0,1,0,0,0,0,0,0,0,0,0,1,0
3000937530,2013,11,8,23,4,4,43.63792761,-79.44698725,Parkdale-High Park (14),14,South Parkdale (85),85,D11,Toronto East York,F G GARDINER XY  W,PARKSIDE DR, ,Expressway,Mid-Block,Non Intersection,No Control,Clear,"Dark, artificial",Dry,Non-Fatal Injury,Pedestrian Collisions,Driver,50 to 54, ,0,West,"Automobile, Station Wagon",Going Ahead,Driving Properly,Normal, , , , , , ,1,0,1,0,0,0,0,0,0,0,0,0,0,0
3000937530,2013,11,8,23,4,4,43.63792761,-79.44698725,Parkdale-High Park (14),14,South Parkdale (85),85,D11,Toronto East York,F G GARDINER XY  W,PARKSIDE DR, ,Expressway,Mid-Block,Non Intersection,No Control,Clear,"Dark, artificial",Dry,Non-Fatal Injury,Pedestrian Collisions,Pedestrian,25 to 29,Major,0,Unknown, , , , ,Pedestrian hit at mid-block,Other,Unknown, , , ,1,0,1,0,0,0,0,0,0,0,0,0,0,0
6001192088,2016,7,6,23,4,2,43.72611578,-79.31829462,Don Valley East (34),34,Victoria Village (43),43,D54,North York,EGLINTON AVE E,SWIFT DR,12 m West of,Major Arterial,Intersection,Intersection Related,Traffic Signal,Clear,"Dark, artificial",Dry,Non-Fatal Injury,Pedestrian Collisions,Driver,65 to 69,,0,West,"Automobile, Station Wagon",Going Ahead,Driving Properly,Unknown, , , , , , ,1,0,1,0,0,0,0,0,0,0,0,0,0,0
6001192088,2016,7,6,23,4,2,43.72611578,-79.31829462,Don Valley East (34),34,Victoria Village (43),43,D54,North York,EGLINTON AVE E,SWIFT DR,12 m West of,Major Arterial,Intersection,Intersection Related,Traffic Signal,Clear,"Dark, artificial",Dry,Non-Fatal Injury,Pedestrian Collisions,Pedestrian,30 to 34,Major,0,North, , , , ,Pedestrian hit at mid-block,Running onto Roadway,Had Been Drinking, , , ,1,0,1,0,0,0,0,0,0,0,0,0,0,0
956470,2007,2,16,23,5,4,43.76544538,-79.46619029,York West (8),8,York University Heights (27),27,D32,North York,4400 DUFFERIN Stre, , ,Major Arterial,Mid-Block,At Intersection,Traffic Signal,Clear,Dark,Wet,Non-Fatal Injury,Turning Movement,Vehicle Owner,unknown,,0, ,Other,Unknown, , , , , , , , ,0,0,1,0,0,0,0,1,0,1,1,0,0,0
956470,2007,2,16,23,5,4,43.76544538,-79.46619029,York West (8),8,York University Heights (27),27,D32,North York,4400 DUFFERIN Stre, , ,Major Arterial,Mid-Block,At Intersection,Traffic Signal,Clear,Dark,Wet,Non-Fatal Injury,Turning Movement,Driver,unknown,,0,South,"Automobile, Station Wagon",Going Ahead,Disobeyed Traffic Control,Unknown, , , , , , ,0,0,1,0,0,0,0,1,0,1,1,0,0,0
956470,2007,2,16,23,5,4,43.76544538,-79.46619029,York West (8),8,York University Heights (27),27,D32,North York,4400 DUFFERIN Stre, , ,Major Arterial,Mid-Block,At Intersection,Traffic Signal,Clear,Dark,Wet,Non-Fatal Injury,Turning Movement,Passenger,40 to 44,Major,0, ,Other,Other, , , , , , , , ,0,0,1,0,0,0,0,1,0,1,1,0,0,0
956470,2007,2,16,23,5,4,43.76544538,-79.46619029,York West (8),8,York University Heights (27),27,D32,North York,4400 DUFFERIN Stre, , ,Major Arterial,Mid-Block,At Intersection,Traffic Signal,Clear,Dark,Wet,Non-Fatal Injury,Turning Movement,Passenger,10 to 14,Minor,0, ,Other,Other, , , , , , , , ,0,0,1,0,0,0,0,1,0,1,1,0,0,0
956470,2007,2,16,23,5,4,43.76544538,-79.46619029,York West (8),8,York University Heights (27),27,D32,North York,4400 DUFFERIN Stre, , ,Major Arterial,Mid-Block,At Intersection,Traffic Signal,Clear,Dark,Wet,Non-Fatal Injury,Turning Movement,Passenger,5 to 9,Minimal,0, ,Other,Other, , , , , , , , ,0,0,1,0,0,0,0,1,0,1,1,0,0,0
956470,2007,2,16,23,5,4,43.76544538,-79.46619029,York West (8),8,York University Heights (27),27,D32,North York,4400 DUFFERIN Stre, , ,Major Arterial,Mid-Block,At Intersection,Traffic Signal,Clear,Dark,Wet,Non-Fatal Injury,Turning Movement,Passenger,15 to 19,Minor,0, ,Other,Other, , , , , , , , ,0,0,1,0,0,0,0,1,0,1,1,0,0,0
956470,2007,2,16,23,5,4,43.76544538,-79.46619029,York West (8),8,York University Heights (27),27,D32,North York,4400 DUFFERIN Stre, , ,Major Arterial,Mid-Block,At Intersection,Traffic Signal,Clear,Dark,Wet,Non-Fatal Injury,Turning Movement,Driver,25 to 29,Minor,0,East,"Automobile, Station Wagon",Turning Left,Driving Properly,Normal, , , , , , ,0,0,1,0,0,0,0,1,0,1,1,0,0,0
6001605609,2016,9,9,23,5,4,43.7567211,-79.43874749999999,York Centre (10),10,Bathurst Manor (34),34,D32,North York,BATHURST ST,COCKSFIELD AVE,20 m South of,Major Arterial,Mid-Block,Non Intersection,No Control,Clear,"Dark, artificial",Dry,Non-Fatal Injury,Pedestrian Collisions,Driver,30 to 34,Minor,0,North,"Automobile, Station Wagon",Going Ahead,Driving Properly,Normal, , , , , , ,1,0,1,0,0,0,0,0,0,0,0,0,0,0
6001605609,2016,9,9,23,5,4,43.7567211,-79.43874749999999,York Centre (10),10,Bathurst Manor (34),34,D32,North York,BATHURST ST,COCKSFIELD AVE,20 m South of,Major Arterial,Mid-Block,Non Intersection,No Control,Clear,"Dark, artificial",Dry,Non-Fatal Injury,Pedestrian Collisions,Pedestrian,50 to 54,Major,0,East, ,Going Ahead, , ,Pedestrian hit at mid-block,"Crossing, no Traffic Control",Inattentive, , , ,1,0,1,0,0,0,0,0,0,0,0,0,0,0
6001605609,2016,9,9,23,5,4,43.7567211,-79.43874749999999,York Centre (10),10,Bathurst Manor (34),34,D32,North York,BATHURST ST,COCKSFIELD AVE,20 m South of,Major Arterial,Mid-Block,Non Intersection,No Control,Clear,"Dark, artificial",Dry,Non-Fatal Injury,Pedestrian Collisions,Pedestrian,55 to 59,Major,0,East, ,Going Ahead, , ,Pedestrian hit at mid-block,"Crossing, no Traffic Control",Inattentive, , , ,1,0,1,0,0,0,0,0,0,0,0,0,0,0
7001319124,2017,7,22,23,5,5,43.76080282,-79.21576319,Scarborough East (43),43,Woburn (137),137,D43,Scarborough,SCARBOROUGH GOLF CLUB RD,LAWRENCE AVE E,95 m South of,Minor Arterial,Mid-Block,Non Intersection,No Control,Clear,"Dark, artificial",Dry,Fatal,Pedestrian Collisions,Passenger,45 to 49,,0, , , , , , , , , , , ,1,0,1,0,0,0,0,1,0,0,0,0,0,1
7001319124,2017,7,22,23,5,5,43.76080282,-79.21576319,Scarborough East (43),43,Woburn (137),137,D43,Scarborough,SCARBOROUGH GOLF CLUB RD,LAWRENCE AVE E,95 m South of,Minor Arterial,Mid-Block,Non Intersection,No Control,Clear,"Dark, artificial",Dry,Fatal,Pedestrian Collisions,Pedestrian,80 to 84,Fatal,32,East, , , , ,Pedestrian hit at mid-block,"Crossing, no Traffic Control",Normal, , , ,1,0,1,0,0,0,0,1,0,0,0,0,0,1
7001319124,2017,7,22,23,5,5,43.76080282,-79.21576319,Scarborough East (43),43,Woburn (137),137,D43,Scarborough,SCARBOROUGH GOLF CLUB RD,LAWRENCE AVE E,95 m South of,Minor Arterial,Mid-Block,Non Intersection,No Control,Clear,"Dark, artificial",Dry,Fatal,Pedestrian Collisions,Driver,25 to 29,,0,North,"Automobile, Station Wagon",Going Ahead,Driving Properly,Normal, , , , , , ,1,0,1,0,0,0,0,1,0,0,0,0,0,1
7001319124,2017,7,22,23,5,5,43.76080282,-79.21576319,Scarborough East (43),43,Woburn (137),137,D43,Scarborough,SCARBOROUGH GOLF CLUB RD,LAWRENCE AVE E,95 m South of,Minor Arterial,Mid-Block,Non Intersection,No Control,Clear,"Dark, artificial",Dry,Fatal,Pedestrian Collisions,Passenger,20 to 24,,0, , , , , , , , , , , ,1,0,1,0,0,0,0,1,0,0,0,0,0,1
7001496214,2017,8,18,23,5,4,43.74877538,-79.55772029,York West (7),7,Humbermede (22),22,D31,Etobicoke York,FINCH AVENUE WEST,DUNCANWOODS DRIVE,10 m West of,Major Arterial,Intersection,Intersection Related,Traffic Signal,Clear,"Dark, artificial",Dry,Non-Fatal Injury,Pedestrian Collisions,Driver,35 to 39,,0,West,"Automobile, Station Wagon",Going Ahead,Driving Properly,Normal, , , , , , ,1,0,1,0,0,0,0,1,0,0,0,0,0,0
7001496214,2017,8,18,23,5,4,43.74877538,-79.55772029,York West (7),7,Humbermede (22),22,D31,Etobicoke York,FINCH AVENUE WEST,DUNCANWOODS DRIVE,10 m West of,Major Arterial,Intersection,Intersection Related,Traffic Signal,Clear,"Dark, artificial",Dry,Non-Fatal Injury,Pedestrian Collisions,Passenger,55 to 59,,0, , , , , , , , , , , ,1,0,1,0,0,0,0,1,0,0,0,0,0,0
1182235,2010,6,24,23,45,3,43.70194538,-79.50829029,York South-Weston (11),11,Weston (113),113,D12,Etobicoke York,LAWRENCE Ave W,PINE St, ,Major Arterial,Intersection, ,Traffic Signal,Clear,Dark,Dry,Non-Fatal Injury,Turning Movement,Vehicle Owner,unknown, ,0, ,Other, , , , , , , , , ,0,0,1,0,0,0,0,1,0,0,0,0,0,0
1182235,2010,6,24,23,45,3,43.70194538,-79.50829029,York South-Weston (11),11,Weston (113),113,D12,Etobicoke York,LAWRENCE Ave W,PINE St, ,Major Arterial,Intersection, ,Traffic Signal,Clear,Dark,Dry,Non-Fatal Injury,Turning Movement,Driver,25 to 29,Major,0,West,"Automobile, Station Wagon",Turning Left,Improper Turn,Inattentive, , , , , , ,0,0,1,0,0,0,0,1,0,0,0,0,0,0
1182235,2010,6,24,23,45,3,43.70194538,-79.50829029,York South-Weston (11),11,Weston (113),113,D12,Etobicoke York,LAWRENCE Ave W,PINE St, ,Major Arterial,Intersection, ,Traffic Signal,Clear,Dark,Dry,Non-Fatal Injury,Turning Movement,Passenger,60 to 64,Minor,0, ,Other, , , , , , , , , ,0,0,1,0,0,0,0,1,0,0,0,0,0,0
1182235,2010,6,24,23,45,3,43.70194538,-79.50829029,York South-Weston (11),11,Weston (113),113,D12,Etobicoke York,LAWRENCE Ave W,PINE St, ,Major Arterial,Intersection, ,Traffic Signal,Clear,Dark,Dry,Non-Fatal Injury,Turning Movement,Driver,65 to 69,Minor,0,East,"Automobile, Station Wagon",Going Ahead,Driving Properly,Normal, , , , , , ,0,0,1,0,0,0,0,1,0,0,0,0,0,0
1241593,2011,7,1,23,45,4,43.65636404,-79.35207758,Toronto-Danforth (30),30,South Riverdale (70),70,D55,Toronto East York,DON VALLEY PARKWAY  N,EASTERN AVE DIVERSION, ,Expressway,Mid-Block,Non Intersection,No Control,Clear,Dark,Dry,Non-Fatal Injury,Rear End,Motorcycle Passenger,25 to 29,Major,0, , , , , , , , , , , ,0,0,1,1,0,0,0,1,1,1,0,0,0,0
1241593,2011,7,1,23,45,4,43.65636404,-79.35207758,Toronto-Danforth (30),30,South Riverdale (70),70,D55,Toronto East York,DON VALLEY PARKWAY  N,EASTERN AVE DIVERSION, ,Expressway,Mid-Block,Non Intersection,No Control,Clear,Dark,Dry,Non-Fatal Injury,Rear End,Motorcycle Driver,30 to 34,Minor,0,North,Motorcycle,Going Ahead,Driving Properly,Normal, , , , , , ,0,0,1,1,0,0,0,1,1,1,0,0,0,0
1241593,2011,7,1,23,45,4,43.65636404,-79.35207758,Toronto-Danforth (30),30,South Riverdale (70),70,D55,Toronto East York,DON VALLEY PARKWAY  N,EASTERN AVE DIVERSION, ,Expressway,Mid-Block,Non Intersection,No Control,Clear,Dark,Dry,Non-Fatal Injury,Rear End,Driver,15 to 19,,0,North,Pick Up Truck,Going Ahead,Speed too Fast For Condition,Normal, , , , , , ,0,0,1,1,0,0,0,1,1,1,0,0,0,0
1241593,2011,7,1,23,45,4,43.65636404,-79.35207758,Toronto-Danforth (30),30,South Riverdale (70),70,D55,Toronto East York,DON VALLEY PARKWAY  N,EASTERN AVE DIVERSION, ,Expressway,Mid-Block,Non Intersection,No Control,Clear,Dark,Dry,Non-Fatal Injury,Rear End,Driver,20 to 24,,0,North,"Automobile, Station Wagon",Going Ahead,Driving Properly,Normal, , , , , , ,0,0,1,1,0,0,0,1,1,1,0,0,0,0
1241593,2011,7,1,23,45,4,43.65636404,-79.35207758,Toronto-Danforth (30),30,South Riverdale (70),70,D55,Toronto East York,DON VALLEY PARKWAY  N,EASTERN AVE DIVERSION, ,Expressway,Mid-Block,Non Intersection,No Control,Clear,Dark,Dry,Non-Fatal Injury,Rear End,Vehicle Owner,unknown, ,0, , , , , , , , , , , ,0,0,1,1,0,0,0,1,1,1,0,0,0,0
1241593,2011,7,1,23,45,4,43.65636404,-79.35207758,Toronto-Danforth (30),30,South Riverdale (70),70,D55,Toronto East York,DON VALLEY PARKWAY  N,EASTERN AVE DIVERSION, ,Expressway,Mid-Block,Non Intersection,No Control,Clear,Dark,Dry,Non-Fatal Injury,Rear End,Driver,40 to 44,,0,North,"Automobile, Station Wagon",Going Ahead,Driving Properly,Normal, , , , , , ,0,0,1,1,0,0,0,1,1,1,0,0,0,0
1136780,2009,11,14,23,48,5,43.78254538,-79.17659029,Scarborough East (44),44,Highland Creek (134),134,D43,Scarborough,1421 MILITARY TRL, , ,Minor Arterial,Mid-Block, ,No Control,Clear,Dark,Dry,Non-Fatal Injury,SMV Other,Vehicle Owner,unknown, ,0, ,Other, , , , , , , , , ,0,0,1,0,0,0,0,0,0,0,0,0,0,0
1136780,2009,11,14,23,48,5,43.78254538,-79.17659029,Scarborough East (44),44,Highland Creek (134),134,D43,Scarborough,1421 MILITARY TRL, , ,Minor Arterial,Mid-Block, ,No Control,Clear,Dark,Dry,Non-Fatal Injury,SMV Other,Driver,30 to 34,Major,0,West,"Automobile, Station Wagon",Going Ahead,Lost control,Normal, , , , , , ,0,0,1,0,0,0,0,0,0,0,0,0,0,0
4003063238,2014,10,8,23,48,2,43.74980505,-79.56798945,York West (7),7,Humber Summit (21),21,D31,Etobicoke York,2835 ISLINGTON AVE, ,25 m South of,Major Arterial,Mid-Block,At/Near Private Drive,No Control,Clear,"Dark, artificial",Wet,Non-Fatal Injury,SMV Other,Driver,50 to 54,Major,0,North,"Automobile, Station Wagon",Going Ahead,Speed too Fast For Condition,"Ability Impaired, Alcohol Over .08", , , , , , ,0,0,1,0,0,0,0,0,1,1,0,1,0,0
987501,2007,9,1,23,50,5,43.77754538,-79.28569029,Scarborough-Agincourt (40),40,Tam O'Shanter-Sullivan (118),118,D42,Scarborough,KENNEDY RD,SUFFERANCE RD, ,Major Arterial,Mid-Block, ,No Control,Clear,Dark,Dry,Non-Fatal Injury,SMV Other,Passenger,60 to 64,Major,0, ,Other, , , , , , , , , ,0,0,1,0,0,0,0,1,0,0,0,0,0,0
987501,2007,9,1,23,50,5,43.77754538,-79.28569029,Scarborough-Agincourt (40),40,Tam O'Shanter-Sullivan (118),118,D42,Scarborough,KENNEDY RD,SUFFERANCE RD, ,Major Arterial,Mid-Block, ,No Control,Clear,Dark,Dry,Non-Fatal Injury,SMV Other,Passenger,65 to 69,Minimal,0, ,Other, , , , , , , , , ,0,0,1,0,0,0,0,1,0,0,0,0,0,0
987501,2007,9,1,23,50,5,43.77754538,-79.28569029,Scarborough-Agincourt (40),40,Tam O'Shanter-Sullivan (118),118,D42,Scarborough,KENNEDY RD,SUFFERANCE RD, ,Major Arterial,Mid-Block, ,No Control,Clear,Dark,Dry,Non-Fatal Injury,SMV Other,Passenger,55 to 59,Minimal,0, ,Other, , , , , , , , , ,0,0,1,0,0,0,0,1,0,0,0,0,0,0
987501,2007,9,1,23,50,5,43.77754538,-79.28569029,Scarborough-Agincourt (40),40,Tam O'Shanter-Sullivan (118),118,D42,Scarborough,KENNEDY RD,SUFFERANCE RD, ,Major Arterial,Mid-Block, ,No Control,Clear,Dark,Dry,Non-Fatal Injury,SMV Other,Driver,70 to 74,Minimal,0,North,"Automobile, Station Wagon",Going Ahead,Lost control,Had Been Drinking, , , , , , ,0,0,1,0,0,0,0,1,0,0,0,0,0,0
1081341,2008,12,11,23,50,3,43.64914538,-79.39079029,Trinity-Spadina (20),20,Waterfront Communities-The Island (77),77,D52,Toronto East York,RICHMOND ST W,JOHN ST, ,Major Arterial,Intersection,At Intersection,Traffic Signal,Clear,Dark,Dry,Non-Fatal Injury,Pedestrian Collisions,Vehicle Owner,unknown, ,0, ,Other, , , , , , , , , ,1,0,1,0,0,0,0,0,0,0,0,0,0,0
1081341,2008,12,11,23,50,3,43.64914538,-79.39079029,Trinity-Spadina (20),20,Waterfront Communities-The Island (77),77,D52,Toronto East York,RICHMOND ST W,JOHN ST, ,Major Arterial,Intersection,At Intersection,Traffic Signal,Clear,Dark,Dry,Non-Fatal Injury,Pedestrian Collisions,Driver,30 to 34,,0,North,"Automobile, Station Wagon",Turning Left,Improper Turn,Inattentive, , , , , , ,1,0,1,0,0,0,0,0,0,0,0,0,0,0
1081341,2008,12,11,23,50,3,43.64914538,-79.39079029,Trinity-Spadina (20),20,Waterfront Communities-The Island (77),77,D52,Toronto East York,RICHMOND ST W,JOHN ST, ,Major Arterial,Intersection,At Intersection,Traffic Signal,Clear,Dark,Dry,Non-Fatal Injury,Pedestrian Collisions,Pedestrian,20 to 24,Major,0,South,Other, , , ,Vehicle turns left while ped crosses with ROW at inter.,Crossing with right of way,Normal, , , ,1,0,1,0,0,0,0,0,0,0,0,0,0,0
1110560,2009,6,22,23,50,0,43.63494538,-79.42139029,Trinity-Spadina (19),19,Niagara (82),82,D14,Toronto East York,F G GARDINER Expr W,DUFFERIN Stre, ,Expressway,Mid-Block, ,No Control,Clear,Dark,Dry,Non-Fatal Injury,Rear End,Vehicle Owner,unknown, ,0, ,"Automobile, Station Wagon", , , , , , , , , ,0,0,1,0,0,0,0,0,1,1,0,0,0,0
1110560,2009,6,22,23,50,0,43.63494538,-79.42139029,Trinity-Spadina (19),19,Niagara (82),82,D14,Toronto East York,F G GARDINER Expr W,DUFFERIN Stre, ,Expressway,Mid-Block, ,No Control,Clear,Dark,Dry,Non-Fatal Injury,Rear End,Driver,45 to 49,Minor,0,West,"Automobile, Station Wagon",Stopped,Driving Properly,Normal, , , , , , ,0,0,1,0,0,0,0,0,1,1,0,0,0,0
1110560,2009,6,22,23,50,0,43.63494538,-79.42139029,Trinity-Spadina (19),19,Niagara (82),82,D14,Toronto East York,F G GARDINER Expr W,DUFFERIN Stre, ,Expressway,Mid-Block, ,No Control,Clear,Dark,Dry,Non-Fatal Injury,Rear End,Driver,35 to 39,Major,0,West,"Automobile, Station Wagon",Going Ahead,Following too Close,Unknown, , , , , , ,0,0,1,0,0,0,0,0,1,1,0,0,0,0