ACCNUM,YEAR,MONTH,DAY,HOUR,MINUTES,WEEKDAY,LATITUDE,LONGITUDE,Ward_Name,Ward_ID,Hood_Name,Hood_ID,Division,District,STREET1,STREET2,OFFSET,ROAD_CLASS,LOCCOORD,ACCLOC,TRAFFCTL,VISIBILITY,LIGHT,RDSFCOND,ACCLASS,IMPACTYPE,INVTYPE,INVAGE,INJURY,FATAL_NO,INITDIR,VEHTYPE,MANOEUVER,DRIVACT,DRIVCOND,PEDTYPE,PEDACT,PEDCOND,CYCLISTYPE,CYCACT,CYCCOND,PEDESTRIAN,CYCLIST,AUTOMOBILE,MOTORCYCLE,TRUCK,TRSN_CITY_VEH,EMERG_VEH,PASSENGER,SPEEDING,AG_DRIV,REDLIGHT,ALCOHOL,DISABILITY,label
1110560,2009,6,22,23,50,0,43.63494538,-79.42139029,Trinity-Spadina (19),19,Niagara (82),82,D14,Toronto East York,F G GARDINER Expr W,DUFFERIN Stre, ,Expressway,Mid-Block, ,No Control,Clear,Dark,Dry,Non-Fatal Injury,Rear End,Driver,25 to 29,Minor,0,West,"Automobile, Station Wagon",Stopped,Driving Properly,Normal, , , , , , ,0,0,1,0,0,0,0,0,1,1,0,0,0,0
1194056,2010,10,9,23,50,5,43.68974538,-79.26789029,Scarborough Southwest (36),36,Birchcliffe-Cliffside (122),122,D41,Scarborough,KINGSTON RD,KALMAR AVE, ,Major Arterial,Intersection, ,No Control,Clear,Dark,Dry,Non-Fatal Injury,Pedestrian Collisions,Driver,unknown,,0,West,"Automobile, Station Wagon",Going Ahead,Driving Properly,Unknown, , , , , , ,1,0,1,0,0,0,0,0,0,0,0,0,0,0
1194056,2010,10,9,23,50,5,43.68974538,-79.26789029,Scarborough Southwest (36),36,Birchcliffe-Cliffside (122),122,D41,Scarborough,KINGSTON RD,KALMAR AVE, ,Major Arterial,Intersection, ,No Control,Clear,Dark,Dry,Non-Fatal Injury,Pedestrian Collisions,Pedestrian,50 to 54,Major,0,South,Other, , , ,Vehicle is going straight thru inter.while ped cross without ROW,Crossing without right of way,Unknown, , , ,1,0,1,0,0,0,0,0,0,0,0,0,0,0
1311647,2012,8,25,23,50,5,43.78094538,-79.27089029,Scarborough-Rouge River (41),41,Agincourt South-Malvern West (128),128,D42,Scarborough,MARILAKE DR,SUMMERGLADE DR, ,Local,Mid-Block, ,No Control,Clear,"Dark, artificial",Dry,Fatal,SMV Unattended Vehicle,Other,unknown,,0,South,Other,Parked, , , , , , , , ,0,0,1,0,0,0,0,0,1,1,0,0,0,1
1311647,2012,8,25,23,50,5,43.78094538,-79.27089029,Scarborough-Rouge River (41),41,Agincourt South-Malvern West (128),128,D42,Scarborough,MARILAKE DR,SUMMERGLADE DR, ,Local,Mid-Block, ,No Control,Clear,"Dark, artificial",Dry,Fatal,SMV Unattended Vehicle,Driver,20 to 24,Fatal,27,North,"Automobile, Station Wagon",Going Ahead,Lost control,Unknown, , , , , , ,0,0,1,0,0,0,0,0,1,1,0,0,0,1
1353552,2013,4,28,23,50,6,43.65154538,-79.37239029,Toronto Centre-Rosedale (28),28,Church-Yonge Corridor (75),75,D51,Toronto East York,JARVIS ST,ADELAIDE ST E, ,Major Arterial,Intersection,At Intersection,Traffic Signal,Rain,Dark,Wet,Non-Fatal Injury,Pedestrian Collisions,Vehicle Owner,unknown, ,0, ,Other, , , , , , , , , ,1,0,0,0,1,0,0,0,0,1,0,0,0,0
1353552,2013,4,28,23,50,6,43.65154538,-79.37239029,Toronto Centre-Rosedale (28),28,Church-Yonge Corridor (75),75,D51,Toronto East York,JARVIS ST,ADELAIDE ST E, ,Major Arterial,Intersection,At Intersection,Traffic Signal,Rain,Dark,Wet,Non-Fatal Injury,Pedestrian Collisions,Truck Driver,60 to 64,,0,South,Truck - Open,Turning Left,Failed to Yield Right of Way,Normal, , , , , , ,1,0,0,0,1,0,0,0,0,1,0,0,0,0
1353552,2013,4,28,23,50,6,43.65154538,-79.37239029,Toronto Centre-Rosedale (28),28,Church-Yonge Corridor (75),75,D51,Toronto East York,JARVIS ST,ADELAIDE ST E, ,Major Arterial,Intersection,At Intersection,Traffic Signal,Rain,Dark,Wet,Non-Fatal Injury,Pedestrian Collisions,Pedestrian,35 to 39,Major,0,South,Other, , , ,Vehicle turns left while ped crosses with ROW at inter.,Crossing with right of way,Had Been Drinking, , , ,1,0,0,0,1,0,0,0,0,1,0,0,0,0
1368988,2013,5,25,23,50,5,43.76976736,-79.54908381,York West (7),7,Humber Summit (21),21,D31,Etobicoke York,STEELES AVE W,IRONDALE DR, ,Major Arterial, , ,No Control,Clear,Dark,Dry,Non-Fatal Injury,SMV Other,Passenger,unknown,Major,0, ,Other,Other, , , , , , , , ,0,0,1,0,0,0,0,1,0,0,0,0,0,0
1368988,2013,5,25,23,50,5,43.76976736,-79.54908381,York West (7),7,Humber Summit (21),21,D31,Etobicoke York,STEELES AVE W,IRONDALE DR, ,Major Arterial, , ,No Control,Clear,Dark,Dry,Non-Fatal Injury,SMV Other,Passenger,unknown,Major,0, ,Other,Other, , , , , , , , ,0,0,1,0,0,0,0,1,0,0,0,0,0,0
1368988,2013,5,25,23,50,5,43.76976736,-79.54908381,York West (7),7,Humber Summit (21),21,D31,Etobicoke York,STEELES AVE W,IRONDALE DR, ,Major Arterial, , ,No Control,Clear,Dark,Dry,Non-Fatal Injury,SMV Other,Passenger,unknown,Minor,0, ,Other,Other, , , , , , , , ,0,0,1,0,0,0,0,1,0,0,0,0,0,0
1368988,2013,5,25,23,50,5,43.76976736,-79.54908381,York West (7),7,Humber Summit (21),21,D31,Etobicoke York,STEELES AVE W,IRONDALE DR, ,Major Arterial, , ,No Control,Clear,Dark,Dry,Non-Fatal Injury,SMV Other,Driver,25 to 29,Minor,0,East,"Automobile, Station Wagon",Going Ahead, , , , , , , , ,0,0,1,0,0,0,0,1,0,0,0,0,0,0
1368988,2013,5,25,23,50,5,43.76976736,-79.54908381,York West (7),7,Humber Summit (21),21,D31,Etobicoke York,STEELES AVE W,IRONDALE DR, ,Major Arterial, , ,No Control,Clear,Dark,Dry,Non-Fatal Injury,SMV Other,Other Property Owner,unknown, ,0, ,Other, , , , , , , , , ,0,0,1,0,0,0,0,1,0,0,0,0,0,0
7003071478,2017,11,25,23,51,5,43.62927969,-79.55357752,Etobicoke-Lakeshore (5),5,Islington-City Centre West (14),14,D22,Etobicoke York,DUNDAS ST W,THE EAST MALL, ,Major Arterial,Mid-Block,Non Intersection,No Control,Clear,"Dark, artificial",Dry,Non-Fatal Injury,Cyclist Collisions,Cyclist,35 to 39,,0,West,Bicycle,Changing Lanes, , , , , ,"Cyclist without ROW rides into path of motorist at inter, lnwy, dwy-Cyclist not turn.",Improper Lane Change,Normal,0,1,1,0,0,0,0,0,0,0,0,0,0,0
7003071478,2017,11,25,23,51,5,43.62927969,-79.55357752,Etobicoke-Lakeshore (5),5,Islington-City Centre West (14),14,D22,Etobicoke York,DUNDAS ST W,THE EAST MALL, ,Major Arterial,Mid-Block,Non Intersection,No Control,Clear,"Dark, artificial",Dry,Non-Fatal Injury,Cyclist Collisions,Driver,55 to 59,Major,0,North,"Automobile, Station Wagon",Going Ahead,Driving Properly,Normal, , , , , , ,0,1,1,0,0,0,0,0,0,0,0,0,0,0
1006820,2007,11,24,23,52,5,43.67414538,-79.46039029,Davenport (17),17,Weston-Pellam Park (91),91,D12,Etobicoke York,ST CLAIR AVE W,OSLER ST, ,Major Arterial,Intersection, ,No Control,Clear,Dark,Wet,Non-Fatal Injury,Pedestrian Collisions,Driver,70 to 74,,0,East,"Automobile, Station Wagon",Going Ahead,Driving Properly,Normal, , , , , , ,1,0,1,0,0,0,0,0,0,0,0,0,0,0
1006820,2007,11,24,23,52,5,43.67414538,-79.46039029,Davenport (17),17,Weston-Pellam Park (91),91,D12,Etobicoke York,ST CLAIR AVE W,OSLER ST, ,Major Arterial,Intersection, ,No Control,Clear,Dark,Wet,Non-Fatal Injury,Pedestrian Collisions,Pedestrian,65 to 69,Major,0,South,Other, , , ,Vehicle is going straight thru inter.while ped cross without ROW,"Crossing, no Traffic Control",Had Been Drinking, , , ,1,0,1,0,0,0,0,0,0,0,0,0,0,0
1131264,2009,10,17,23,52,5,43.75924538,-79.50789029,York West (8),8,Glenfield-Jane Heights (25),25,D31,North York,FINCH AVE W,TOBERMORY DR, ,Major Arterial,Intersection,At Intersection,Traffic Signal,Clear,Dark,Dry,Fatal,Turning Movement,Passenger,60 to 64,Fatal,34, ,Other, , , , , , , , , ,0,0,1,0,0,0,0,1,1,1,0,1,0,1
1131264,2009,10,17,23,52,5,43.75924538,-79.50789029,York West (8),8,Glenfield-Jane Heights (25),25,D31,North York,FINCH AVE W,TOBERMORY DR, ,Major Arterial,Intersection,At Intersection,Traffic Signal,Clear,Dark,Dry,Fatal,Turning Movement,Passenger,35 to 39,Major,0, ,Other, , , , , , , , , ,0,0,1,0,0,0,0,1,1,1,0,1,0,1
1131264,2009,10,17,23,52,5,43.75924538,-79.50789029,York West (8),8,Glenfield-Jane Heights (25),25,D31,North York,FINCH AVE W,TOBERMORY DR, ,Major Arterial,Intersection,At Intersection,Traffic Signal,Clear,Dark,Dry,Fatal,Turning Movement,Passenger,40 to 44,Fatal,33, ,Other, , , , , , , , , ,0,0,1,0,0,0,0,1,1,1,0,1,0,1
1131264,2009,10,17,23,52,5,43.75924538,-79.50789029,York West (8),8,Glenfield-Jane Heights (25),25,D31,North York,FINCH AVE W,TOBERMORY DR, ,Major Arterial,Intersection,At Intersection,Traffic Signal,Clear,Dark,Dry,Fatal,Turning Movement,Passenger,20 to 24,Fatal,32, ,Other, , , , , , , , , ,0,0,1,0,0,0,0,1,1,1,0,1,0,1
1131264,2009,10,17,23,52,5,43.75924538,-79.50789029,York West (8),8,Glenfield-Jane Heights (25),25,D31,North York,FINCH AVE W,TOBERMORY DR, ,Major Arterial,Intersection,At Intersection,Traffic Signal,Clear,Dark,Dry,Fatal,Turning Movement,Driver,40 to 44,Minor,0,East,"Automobile, Station Wagon",Turning Left,Driving Properly,Normal, , , , , , ,0,0,1,0,0,0,0,1,1,1,0,1,0,1
1131264,2009,10,17,23,52,5,43.75924538,-79.50789029,York West (8),8,Glenfield-Jane Heights (25),25,D31,North York,FINCH AVE W,TOBERMORY DR, ,Major Arterial,Intersection,At Intersection,Traffic Signal,Clear,Dark,Dry,Fatal,Turning Movement,Driver,20 to 24,Major,0,West,"Automobile, Station Wagon",Going Ahead,Exceeding Speed Limit,"Ability Impaired, Alcohol", , , , , , ,0,0,1,0,0,0,0,1,1,1,0,1,0,1
1113026,2009,5,27,23,53,2,43.75554538,-79.24539029,Scarborough Centre (38),38,Bendale (127),127,D43,Scarborough,MCCOWAN Road,LAWRENCE Aven E, ,Major Arterial,Intersection,At Intersection,Traffic Signal,Rain,Dark,Wet,Non-Fatal Injury,Pedestrian Collisions,Vehicle Owner,unknown, ,0, ,Other, , , , , , , , , ,1,0,1,0,0,0,0,0,0,1,0,0,0,0
1113026,2009,5,27,23,53,2,43.75554538,-79.24539029,Scarborough Centre (38),38,Bendale (127),127,D43,Scarborough,MCCOWAN Road,LAWRENCE Aven E, ,Major Arterial,Intersection,At Intersection,Traffic Signal,Rain,Dark,Wet,Non-Fatal Injury,Pedestrian Collisions,Driver,30 to 34,,0,North,"Automobile, Station Wagon",Turning Left,Failed to Yield Right of Way,Normal, , , , , , ,1,0,1,0,0,0,0,0,0,1,0,0,0,0
1113026,2009,5,27,23,53,2,43.75554538,-79.24539029,Scarborough Centre (38),38,Bendale (127),127,D43,Scarborough,MCCOWAN Road,LAWRENCE Aven E, ,Major Arterial,Intersection,At Intersection,Traffic Signal,Rain,Dark,Wet,Non-Fatal Injury,Pedestrian Collisions,Pedestrian,40 to 44,Major,0,North,Other, , , ,Vehicle turns left while ped crosses with ROW at inter.,Crossing with right of way,Normal, , , ,1,0,1,0,0,0,0,0,0,1,0,0,0,0
5001176666,2015,7,12,23,54,6,43.63041647,-79.41977320000001,Trinity-Spadina (19),19,Niagara (82),82,D14,Toronto East York,LAKE SHORE BLVD W,ONTARIO DR,73 m West of,Major Arterial,Intersection,Intersection Related,Traffic Signal,Clear,"Dark, artificial",Dry,Non-Fatal Injury,SMV Other,Truck Driver,20 to 24,,0,North,Truck (other),Turning Left,Driving Properly,Unknown, , , , , , ,0,0,0,0,1,0,0,1,0,0,0,0,0,0
5001176666,2015,7,12,23,54,6,43.63041647,-79.41977320000001,Trinity-Spadina (19),19,Niagara (82),82,D14,Toronto East York,LAKE SHORE BLVD W,ONTARIO DR,73 m West of,Major Arterial,Intersection,Intersection Related,Traffic Signal,Clear,"Dark, artificial",Dry,Non-Fatal Injury,SMV Other,Passenger,20 to 24,Major,0, , , , , , , , , , , ,0,0,0,0,1,0,0,1,0,0,0,0,0,0
1017943,2008,1,29,23,55,1,43.69504538,-79.45319029,Davenport (17),17,Caledonia-Fairbank (109),109,D13,North York,EGLINTON AVE W,ENNERDALE RD, ,Major Arterial,Mid-Block, ,No Control,Rain,Dark,Wet,Non-Fatal Injury,Rear End,Driver,40 to 44,Major,0,East,"Automobile, Station Wagon",Parked,Driving Properly,Normal, , , , , , ,0,0,1,0,0,0,0,0,1,1,0,0,0,0
1017943,2008,1,29,23,55,1,43.69504538,-79.45319029,Davenport (17),17,Caledonia-Fairbank (109),109,D13,North York,EGLINTON AVE W,ENNERDALE RD, ,Major Arterial,Mid-Block, ,No Control,Rain,Dark,Wet,Non-Fatal Injury,Rear End,Vehicle Owner,unknown, ,0, ,Other, , , , , , , , , ,0,0,1,0,0,0,0,0,1,1,0,0,0,0
1017943,2008,1,29,23,55,1,43.69504538,-79.45319029,Davenport (17),17,Caledonia-Fairbank (109),109,D13,North York,EGLINTON AVE W,ENNERDALE RD, ,Major Arterial,Mid-Block, ,No Control,Rain,Dark,Wet,Non-Fatal Injury,Rear End,Driver,35 to 39,Minor,0,East,"Automobile, Station Wagon",Going Ahead,Following too Close,Normal, , , , , , ,0,0,1,0,0,0,0,0,1,1,0,0,0,0
1017943,2008,1,29,23,55,1,43.69504538,-79.45319029,Davenport (17),17,Caledonia-Fairbank (109),109,D13,North York,EGLINTON AVE W,ENNERDALE RD, ,Major Arterial,Mid-Block, ,No Control,Rain,Dark,Wet,Non-Fatal Injury,Rear End,Vehicle Owner,unknown, ,0, ,Other, , , , , , , , , ,0,0,1,0,0,0,0,0,1,1,0,0,0,0
1120288,2009,7,10,23,55,4,43.66104538,-79.51739029,Etobicoke Centre (4),4,Edenbridge-Humber Valley (9),9,D22,Etobicoke York,1144 ROYAL YORK RD, , ,Minor Arterial,Mid-Block, ,No Control,Clear,Dark,Dry,Non-Fatal Injury,Pedestrian Collisions,Driver,60 to 64,,0,South,"Automobile, Station Wagon",Going Ahead,Driving Properly,Normal, , , , , , ,1,0,1,0,0,0,0,0,0,0,0,0,0,0
1120288,2009,7,10,23,55,4,43.66104538,-79.51739029,Etobicoke Centre (4),4,Edenbridge-Humber Valley (9),9,D22,Etobicoke York,1144 ROYAL YORK RD, , ,Minor Arterial,Mid-Block, ,No Control,Clear,Dark,Dry,Non-Fatal Injury,Pedestrian Collisions,Pedestrian,50 to 54,Major,0,East,Other, , , ,Pedestrian hit at mid-block,"Crossing, no Traffic Control","Ability Impaired, Alcohol Over .80", , , ,1,0,1,0,0,0,0,0,0,0,0,0,0,0
5001110080,2015,7,2,23,55,3,43.63442572,-79.4087411,Trinity-Spadina (19),19,Niagara (82),82,D14,Toronto East York,LAKE SHORE BLVD W,REMEMBRANCE DR,4 m East of,Major Arterial,Intersection,Intersection Related,Traffic Signal,Clear,"Dark, artificial",Dry,Non-Fatal Injury,Pedestrian Collisions,Driver,35 to 39,,0,East,"Automobile, Station Wagon",Going Ahead,Driving Properly,Normal, , , , , , ,1,0,1,0,0,0,0,1,0,0,0,0,0,0
5001110080,2015,7,2,23,55,3,43.63442572,-79.4087411,Trinity-Spadina (19),19,Niagara (82),82,D14,Toronto East York,LAKE SHORE BLVD W,REMEMBRANCE DR,4 m East of,Major Arterial,Intersection,Intersection Related,Traffic Signal,Clear,"Dark, artificial",Dry,Non-Fatal Injury,Pedestrian Collisions,Passenger,30 to 34,,0, , , , , , , , , , , ,1,0,1,0,0,0,0,1,0,0,0,0,0,0
5001110080,2015,7,2,23,55,3,43.63442572,-79.4087411,Trinity-Spadina (19),19,Niagara (82),82,D14,Toronto East York,LAKE SHORE BLVD W,REMEMBRANCE DR,4 m East of,Major Arterial,Intersection,Intersection Related,Traffic Signal,Clear,"Dark, artificial",Dry,Non-Fatal Injury,Pedestrian Collisions,Pedestrian,30 to 34,Major,0,Unknown, , , , ,Vehicle is going straight thru inter.while ped cross without ROW,Crossing without right of way,Unknown, , , ,1,0,1,0,0,0,0,1,0,0,0,0,0,0
5001691895,2015,9,30,23,55,2,43.72959097,-79.47146235,York Centre (9),9,Downsview-Roding-CFB (26),26,D32,North York,WILSON AVE,MURRAY RD, ,Major Arterial,Intersection,At Intersection,No Control,Clear,"Dark, artificial",Dry,Fatal,Turning Movement,Motorcycle Driver,30 to 34,Major,0,West,Motorcycle,Going Ahead,Exceeding Speed Limit,Unknown, , , , , , ,0,0,1,1,0,0,0,1,1,1,0,0,0,1
5001691895,2015,9,30,23,55,2,43.72959097,-79.47146235,York Centre (9),9,Downsview-Roding-CFB (26),26,D32,North York,WILSON AVE,MURRAY RD, ,Major Arterial,Intersection,At Intersection,No Control,Clear,"Dark, artificial",Dry,Fatal,Turning Movement,Driver,50 to 54,Minor,0,East,"Automobile, Station Wagon",Turning Left,Driving Properly,Normal, , , , , , ,0,0,1,1,0,0,0,1,1,1,0,0,0,1
5001691895,2015,9,30,23,55,2,43.72959097,-79.47146235,York Centre (9),9,Downsview-Roding-CFB (26),26,D32,North York,WILSON AVE,MURRAY RD, ,Major Arterial,Intersection,At Intersection,No Control,Clear,"Dark, artificial",Dry,Fatal,Turning Movement,Motorcycle Passenger,20 to 24,Fatal,46, , , , , , , , , , , ,0,0,1,1,0,0,0,1,1,1,0,0,0,1
1282294,2012,2,28,23,56,1,43.75344538,-79.43799029,York Centre (10),10,Clanton Park (33),33,D32,North York,BATHURST ST,MCALLISTER RD, ,Major Arterial,Intersection, ,No Control,Clear,"Dark, artificial",Dry,Non-Fatal Injury,Pedestrian Collisions,Passenger,25 to 29,,0, ,Other, , , , , , , , , ,1,0,1,0,0,0,0,1,0,0,0,0,0,0
1282294,2012,2,28,23,56,1,43.75344538,-79.43799029,York Centre (10),10,Clanton Park (33),33,D32,North York,BATHURST ST,MCALLISTER RD, ,Major Arterial,Intersection, ,No Control,Clear,"Dark, artificial",Dry,Non-Fatal Injury,Pedestrian Collisions,Vehicle Owner,unknown, ,0, ,Other, , , , , , , , , ,1,0,1,0,0,0,0,1,0,0,0,0,0,0
1282294,2012,2,28,23,56,1,43.75344538,-79.43799029,York Centre (10),10,Clanton Park (33),33,D32,North York,BATHURST ST,MCALLISTER RD, ,Major Arterial,Intersection, ,No Control,Clear,"Dark, artificial",Dry,Non-Fatal Injury,Pedestrian Collisions,Driver,25 to 29,,0,North,"Automobile, Station Wagon",Going Ahead,Driving Properly,Normal, , , , , , ,1,0,1,0,0,0,0,1,0,0,0,0,0,0
1282294,2012,2,28,23,56,1,43.75344538,-79.43799029,York Centre (10),10,Clanton Park (33),33,D32,North York,BATHURST ST,MCALLISTER RD, ,Major Arterial,Intersection, ,No Control,Clear,"Dark, artificial",Dry,Non-Fatal Injury,Pedestrian Collisions,Pedestrian,20 to 24,Major,0,West,Other, , , ,Vehicle is going straight thru inter.while ped cross without ROW,"Crossing, no Traffic Control",Inattentive, , , ,1,0,1,0,0,0,0,1,0,0,0,0,0,0
7000887166,2017,5,19,23,56,4,43.70627936,-79.40024195,St. Paul's (22),22,Yonge-Eglinton (100),100,D53,North York,EGLINTON AVE W,DUPLEX AVE,6 m West of,Major Arterial,Intersection,At Intersection,Traffic Controller,Clear,"Daylight, artificial",Dry,Non-Fatal Injury,SMV Other,Driver,20 to 24,,0,South,"Automobile, Station Wagon",Turning Right,Lost control,"Ability Impaired, Alcohol", , , , , , ,0,0,1,0,0,0,0,1,0,0,0,1,0,0
7000887166,2017,5,19,23,56,4,43.70627936,-79.40024195,St. Paul's (22),22,Yonge-Eglinton (100),100,D53,North York,EGLINTON AVE W,DUPLEX AVE,6 m West of,Major Arterial,Intersection,At Intersection,Traffic Controller,Clear,"Daylight, artificial",Dry,Non-Fatal Injury,SMV Other,Passenger,20 to 24,Major,0, , , , , , , , , , , ,0,0,1,0,0,0,0,1,0,0,0,1,0,0
7000887166,2017,5,19,23,56,4,43.70627936,-79.40024195,St. Paul's (22),22,Yonge-Eglinton (100),100,D53,North York,EGLINTON AVE W,DUPLEX AVE,6 m West of,Major Arterial,Intersection,At Intersection,Traffic Controller,Clear,"Daylight, artificial",Dry,Non-Fatal Injury,SMV Other,Passenger,20 to 24,Minor,0, , , , , , , , , , , ,0,0,1,0,0,0,0,1,0,0,0,1,0,0
7000887166,2017,5,19,23,56,4,43.70627936,-79.40024195,St. Paul's (22),22,Yonge-Eglinton (100),100,D53,North York,EGLINTON AVE W,DUPLEX AVE,6 m West of,Major Arterial,Intersection,At Intersection,Traffic Controller,Clear,"Daylight, artificial",Dry,Non-Fatal Injury,SMV Other,Passenger,20 to 24,Minimal,0, , , , , , , , , , , ,0,0,1,0,0,0,0,1,0,0,0,1,0,0
1005791,2007,11,29,23,57,3,43.66194538,-79.36699029,Toronto Centre-Rosedale (28),28,Regent Park (72),72,D51,Toronto East York,GERRARD ST E,PARLIAMENT ST, ,Minor Arterial,Intersection,At Intersection,Traffic Signal,Clear,Dark,Dry,Non-Fatal Injury,Pedestrian Collisions,Driver,unknown,,0,East,"Automobile, Station Wagon",Going Ahead,Driving Properly,Unknown, , , , , , ,1,0,1,0,0,0,0,0,0,0,0,0,0,0
1005791,2007,11,29,23,57,3,43.66194538,-79.36699029,Toronto Centre-Rosedale (28),28,Regent Park (72),72,D51,Toronto East York,GERRARD ST E,PARLIAMENT ST, ,Minor Arterial,Intersection,At Intersection,Traffic Signal,Clear,Dark,Dry,Non-Fatal Injury,Pedestrian Collisions,Pedestrian,60 to 64,Major,0,North,Other, , , ,Vehicle is going straight thru inter.while ped cross without ROW,Crossing without right of way,Normal, , , ,1,0,1,0,0,0,0,0,0,0,0,0,0,0
1122153,2009,9,1,23,57,1,43.61584538,-79.52459029,Etobicoke-Lakeshore (6),6,Mimico (includes Humber Bay Shores) (17),17,D22,Etobicoke York,KIPLING AVE,EVANS AVE, ,Major Arterial,Intersection, ,Traffic Signal,Clear,Dark,Dry,Non-Fatal Injury,Turning Movement,Driver,20 to 24,Major,0,West,"Automobile, Station Wagon",Turning Left,Driving Properly,Normal, , , , , , ,0,0,1,0,0,0,0,0,0,1,1,0,0,0
1122153,2009,9,1,23,57,1,43.61584538,-79.52459029,Etobicoke-Lakeshore (6),6,Mimico (includes Humber Bay Shores) (17),17,D22,Etobicoke York,KIPLING AVE,EVANS AVE, ,Major Arterial,Intersection, ,Traffic Signal,Clear,Dark,Dry,Non-Fatal Injury,Turning Movement,Driver,20 to 24,,0,North,"Automobile, Station Wagon",Going Ahead,Disobeyed Traffic Control,Normal, , , , , , ,0,0,1,0,0,0,0,0,0,1,1,0,0,0
972948,2007,6,2,23,58,5,43.64404538,-79.37579029,Toronto Centre-Rosedale (28),28,Waterfront Communities-The Island (77),77,D52,Toronto East York,LAKE SHORE BLVD W,YONGE ST, ,Major Arterial,Intersection, ,Traffic Signal,Clear,Dark,Dry,Non-Fatal Injury,Turning Movement,Driver,25 to 29,Major,0,West,"Automobile, Station Wagon",Going Ahead,Driving Properly,Normal, , , , , , ,0,0,1,0,0,0,0,0,1,1,0,0,0,0
972948,2007,6,2,23,58,5,43.64404538,-79.37579029,Toronto Centre-Rosedale (28),28,Waterfront Communities-The Island (77),77,D52,Toronto East York,LAKE SHORE BLVD W,YONGE ST, ,Major Arterial,Intersection, ,Traffic Signal,Clear,Dark,Dry,Non-Fatal Injury,Turning Movement,Vehicle Owner,unknown, ,0, ,Other, , , , , , , , , ,0,0,1,0,0,0,0,0,1,1,0,0,0,0
972948,2007,6,2,23,58,5,43.64404538,-79.37579029,Toronto Centre-Rosedale (28),28,Waterfront Communities-The Island (77),77,D52,Toronto East York,LAKE SHORE BLVD W,YONGE ST, ,Major Arterial,Intersection, ,Traffic Signal,Clear,Dark,Dry,Non-Fatal Injury,Turning Movement,Driver,55 to 59,,0,West,"Automobile, Station Wagon",Turning Left,Improper Turn,Normal, , , , , , ,0,0,1,0,0,0,0,0,1,1,0,0,0,0
1162482,2010,4,14,23,58,2,43.74024538,-79.33209029,Don Valley East (34),34,Banbury-Don Mills (42),42,D33,North York,DON VALLEY PARKWAY  N,LAWRENCE AVE E, ,Expressway,Mid-Block, ,No Control,Clear,Dark,Dry,Non-Fatal Injury,Other,Passenger,15 to 19,Major,0, ,Other,Other, , , , , , , , ,0,0,1,0,0,0,0,1,0,1,0,0,0,0
1162482,2010,4,14,23,58,2,43.74024538,-79.33209029,Don Valley East (34),34,Banbury-Don Mills (42),42,D33,North York,DON VALLEY PARKWAY  N,LAWRENCE AVE E, ,Expressway,Mid-Block, ,No Control,Clear,Dark,Dry,Non-Fatal Injury,Other,Driver,50 to 54,Minor,0,North,"Automobile, Station Wagon",Slowing or Stopping,Driving Properly,Normal, , , , , , ,0,0,1,0,0,0,0,1,0,1,0,0,0,0
1162482,2010,4,14,23,58,2,43.74024538,-79.33209029,Don Valley East (34),34,Banbury-Don Mills (42),42,D33,North York,DON VALLEY PARKWAY  N,LAWRENCE AVE E, ,Expressway,Mid-Block, ,No Control,Clear,Dark,Dry,Non-Fatal Injury,Other,Driver,40 to 44,Minor,0,North,"Automobile, Station Wagon",Changing Lanes,Following too Close,Normal, , , , , , ,0,0,1,0,0,0,0,1,0,1,0,0,0,0
1162482,2010,4,14,23,58,2,43.74024538,-79.33209029,Don Valley East (34),34,Banbury-Don Mills (42),42,D33,North York,DON VALLEY PARKWAY  N,LAWRENCE AVE E, ,Expressway,Mid-Block, ,No Control,Clear,Dark,Dry,Non-Fatal Injury,Other,Vehicle Owner,unknown, ,0, ,Other, , , , , , , , , ,0,0,1,0,0,0,0,1,0,1,0,0,0,0
1162482,2010,4,14,23,58,2,43.74024538,-79.33209029,Don Valley East (34),34,Banbury-Don Mills (42),42,D33,North York,DON VALLEY PARKWAY  N,LAWRENCE AVE E, ,Expressway,Mid-Block, ,No Control,Clear,Dark,Dry,Non-Fatal Injury,Other,Driver,40 to 44,Minor,0,North,"Automobile, Station Wagon",Stopped,Driving Properly,Normal, , , , , , ,0,0,1,0,0,0,0,1,0,1,0,0,0,0
7001690052,2017,9,17,23,58,6,43.63042438,-79.41975029,Trinity-Spadina (19),19,Niagara (82),82,D14,Toronto East York,LAKE SHORE BLVD W,REMEMBRANCE DR, ,Major Arterial,Intersection,Intersection Related,Traffic Signal,Clear,"Dark, artificial",Dry,Non-Fatal Injury,Cyclist Collisions,Driver,45 to 49,,0,North,Passenger Van,Turning Right,Improper Turn,Normal, , , , , , ,0,1,1,0,0,0,0,0,0,0,0,0,0,0
7001690052,2017,9,17,23,58,6,43.63042438,-79.41975029,Trinity-Spadina (19),19,Niagara (82),82,D14,Toronto East York,LAKE SHORE BLVD W,REMEMBRANCE DR, ,Major Arterial,Intersection,Intersection Related,Traffic Signal,Clear,"Dark, artificial",Dry,Non-Fatal Injury,Cyclist Collisions,Cyclist,25 to 29,Major,0,West,Bicycle,Going Ahead, , , , , , ,Driving Properly,Normal,0,1,1,0,0,0,0,0,0,0,0,0,0,0