ACCNUM,YEAR,MONTH,DAY,HOUR,MINUTES,WEEKDAY,LATITUDE,LONGITUDE,Ward_Name,Ward_ID,Hood_Name,Hood_ID,Division,District,STREET1,STREET2,OFFSET,ROAD_CLASS,LOCCOORD,ACCLOC,TRAFFCTL,VISIBILITY,LIGHT,RDSFCOND,ACCLASS,IMPACTYPE,INVTYPE,INVAGE,INJURY,FATAL_NO,INITDIR,VEHTYPE,MANOEUVER,DRIVACT,DRIVCOND,PEDTYPE,PEDACT,PEDCOND,CYCLISTYPE,CYCACT,CYCCOND,PEDESTRIAN,CYCLIST,AUTOMOBILE,MOTORCYCLE,TRUCK,TRSN_CITY_VEH,EMERG_VEH,PASSENGER,SPEEDING,AG_DRIV,REDLIGHT,ALCOHOL,DISABILITY,label
1176361,2010,7,7,23,59,2,43.68324538,-79.47429029,York South-Weston (12),12,Keelesdale-Eglinton West (110),110,D12,Etobicoke York,BICKNELL Ave,NASHVILLE Ave, ,Collector,Intersection, ,No Control,Clear,Dark,Dry,Non-Fatal Injury,Cyclist Collisions,Vehicle Owner,unknown, ,0, ,Other, , , , , , , , , ,0,1,1,0,0,0,0,0,0,0,0,0,0,0
1176361,2010,7,7,23,59,2,43.68324538,-79.47429029,York South-Weston (12),12,Keelesdale-Eglinton West (110),110,D12,Etobicoke York,BICKNELL Ave,NASHVILLE Ave, ,Collector,Intersection, ,No Control,Clear,Dark,Dry,Non-Fatal Injury,Cyclist Collisions,Driver,40 to 44,,0,North,"Automobile, Station Wagon",Parked,Driving Properly,Normal, , , , , , ,0,1,1,0,0,0,0,0,0,0,0,0,0,0
1176361,2010,7,7,23,59,2,43.68324538,-79.47429029,York South-Weston (12),12,Keelesdale-Eglinton West (110),110,D12,Etobicoke York,BICKNELL Ave,NASHVILLE Ave, ,Collector,Intersection, ,No Control,Clear,Dark,Dry,Non-Fatal Injury,Cyclist Collisions,Cyclist,40 to 44,Major,0,North,Bicycle,Going Ahead, , , , , ,Cyclist and Driver travelling in same direction. One vehicle rear-ended the other.,Other,Had Been Drinking,0,1,1,0,0,0,0,0,0,0,0,0,0,0
6001309573,2016,7,25,23,59,0,43.72733649,-79.26588068,Scarborough Southwest (35),35,Kennedy Park (124),124,D41,Scarborough,KENNEDY RD,MERRIAN RD, ,Major Arterial,Intersection,At Intersection,Traffic Signal,Clear,"Dark, artificial",Dry,Non-Fatal Injury,Cyclist Collisions,Cyclist,35 to 39,Major,0,West,Bicycle,Going Ahead, , , , , ,"Cyclist without ROW rides into path of motorist at inter, lnwy, dwy-Cyclist not turn.",Disobeyed Traffic Control,Inattentive,0,1,0,0,0,0,1,0,0,0,0,0,0,0
6001309573,2016,7,25,23,59,0,43.72733649,-79.26588068,Scarborough Southwest (35),35,Kennedy Park (124),124,D41,Scarborough,KENNEDY RD,MERRIAN RD, ,Major Arterial,Intersection,At Intersection,Traffic Signal,Clear,"Dark, artificial",Dry,Non-Fatal Injury,Cyclist Collisions,Driver,35 to 39,,0,North,Police Vehicle,Going Ahead,Driving Properly,Normal, , , , , , ,0,1,0,0,0,0,1,0,0,0,0,0,0,0
7000795019,2017,5,5,23,59,4,43.81660803,-79.21166621,Scarborough-Rouge River (42),42,Malvern (132),132,D42,Scarborough,MORNINGSIDE AVE,SEWELLS RD,north of,Minor Arterial,Mid-Block,Non Intersection,No Control,Clear,"Dark, artificial", ,Fatal,Approaching,Driver,40 to 44,,0,South,"Automobile, Station Wagon",Going Ahead,Driving Properly,Normal, , , , , , ,0,0,1,0,0,0,0,1,0,0,0,0,0,1
7000795019,2017,5,5,23,59,4,43.81660803,-79.21166621,Scarborough-Rouge River (42),42,Malvern (132),132,D42,Scarborough,MORNINGSIDE AVE,SEWELLS RD,north of,Minor Arterial,Mid-Block,Non Intersection,No Control,Clear,"Dark, artificial", ,Fatal,Approaching,Passenger,30 to 34,,0, , , , , , , , , , , ,0,0,1,0,0,0,0,1,0,0,0,0,0,1
7000795019,2017,5,5,23,59,4,43.81660803,-79.21166621,Scarborough-Rouge River (42),42,Malvern (132),132,D42,Scarborough,MORNINGSIDE AVE,SEWELLS RD,north of,Minor Arterial,Mid-Block,Non Intersection,No Control,Clear,"Dark, artificial", ,Fatal,Approaching,Driver,60 to 64,,0,South,"Automobile, Station Wagon",Going Ahead,Driving Properly,Normal, , , , , , ,0,0,1,0,0,0,0,1,0,0,0,0,0,1
7000795019,2017,5,5,23,59,4,43.81660803,-79.21166621,Scarborough-Rouge River (42),42,Malvern (132),132,D42,Scarborough,MORNINGSIDE AVE,SEWELLS RD,north of,Minor Arterial,Mid-Block,Non Intersection,No Control,Clear,"Dark, artificial", ,Fatal,Approaching,Driver,20 to 24,Minor,0,North,"Automobile, Station Wagon",Going Ahead,Driving Properly,Normal, , , , , , ,0,0,1,0,0,0,0,1,0,0,0,0,0,1
7000795019,2017,5,5,23,59,4,43.81660803,-79.21166621,Scarborough-Rouge River (42),42,Malvern (132),132,D42,Scarborough,MORNINGSIDE AVE,SEWELLS RD,north of,Minor Arterial,Mid-Block,Non Intersection,No Control,Clear,"Dark, artificial", ,Fatal,Approaching,Driver,70 to 74,Fatal,21, , , , , , , , , , , ,0,0,1,0,0,0,0,1,0,0,0,0,0,1
7000566327,2017,3,31,10,50,4,43.81996838,-79.29806929,Scarborough-Rouge River (41),41,Milliken (130),130,D42,Scarborough,PASSMORE AV,SILVER STAR BV, ,Collector,Intersection,Intersection Related,Traffic Signal,Clear,Daylight,Dry,Non-Fatal Injury,Turning Movement,Driver,45 to 49,Minor,0,West,Passenger Van,Going Ahead,Driving Properly,Normal, , , , , , ,0,0,1,0,0,0,0,0,0,1,1,0,0,0
1204112,2010,11,25,10,51,3,43.80384538,-79.29819029,Scarborough-Agincourt (39),39,Milliken (130),130,D42,Scarborough,KENNEDY RD,TROJAN GT, ,Major Arterial,Intersection,At Intersection,Traffic Signal,Clear,Daylight,Dry,Non-Fatal Injury,Turning Movement,Vehicle Owner,unknown, ,0, ,Other, , , , , , , , , ,0,0,1,0,0,1,0,1,0,1,0,0,0,0
1204112,2010,11,25,10,51,3,43.80384538,-79.29819029,Scarborough-Agincourt (39),39,Milliken (130),130,D42,Scarborough,KENNEDY RD,TROJAN GT, ,Major Arterial,Intersection,At Intersection,Traffic Signal,Clear,Daylight,Dry,Non-Fatal Injury,Turning Movement,Driver,40 to 44,,0,South,"Automobile, Station Wagon",Turning Left,Failed to Yield Right of Way,Inattentive, , , , , , ,0,0,1,0,0,1,0,1,0,1,0,0,0,0
1204112,2010,11,25,10,51,3,43.80384538,-79.29819029,Scarborough-Agincourt (39),39,Milliken (130),130,D42,Scarborough,KENNEDY RD,TROJAN GT, ,Major Arterial,Intersection,At Intersection,Traffic Signal,Clear,Daylight,Dry,Non-Fatal Injury,Turning Movement,Passenger,30 to 34,Minimal,0, ,Other, , , , , , , , , ,0,0,1,0,0,1,0,1,0,1,0,0,0,0
1204112,2010,11,25,10,51,3,43.80384538,-79.29819029,Scarborough-Agincourt (39),39,Milliken (130),130,D42,Scarborough,KENNEDY RD,TROJAN GT, ,Major Arterial,Intersection,At Intersection,Traffic Signal,Clear,Daylight,Dry,Non-Fatal Injury,Turning Movement,Passenger,35 to 39,Minor,0, ,Other, , , , , , , , , ,0,0,1,0,0,1,0,1,0,1,0,0,0,0
1204112,2010,11,25,10,51,3,43.80384538,-79.29819029,Scarborough-Agincourt (39),39,Milliken (130),130,D42,Scarborough,KENNEDY RD,TROJAN GT, ,Major Arterial,Intersection,At Intersection,Traffic Signal,Clear,Daylight,Dry,Non-Fatal Injury,Turning Movement,Passenger,35 to 39,Minor,0, ,Other, , , , , , , , , ,0,0,1,0,0,1,0,1,0,1,0,0,0,0
1204112,2010,11,25,10,51,3,43.80384538,-79.29819029,Scarborough-Agincourt (39),39,Milliken (130),130,D42,Scarborough,KENNEDY RD,TROJAN GT, ,Major Arterial,Intersection,At Intersection,Traffic Signal,Clear,Daylight,Dry,Non-Fatal Injury,Turning Movement,Passenger,90 to 94,Major,0, ,Other, , , , , , , , , ,0,0,1,0,0,1,0,1,0,1,0,0,0,0
1204112,2010,11,25,10,51,3,43.80384538,-79.29819029,Scarborough-Agincourt (39),39,Milliken (130),130,D42,Scarborough,KENNEDY RD,TROJAN GT, ,Major Arterial,Intersection,At Intersection,Traffic Signal,Clear,Daylight,Dry,Non-Fatal Injury,Turning Movement,Vehicle Owner,unknown, ,0, ,Other, , , , , , , , , ,0,0,1,0,0,1,0,1,0,1,0,0,0,0
1204112,2010,11,25,10,51,3,43.80384538,-79.29819029,Scarborough-Agincourt (39),39,Milliken (130),130,D42,Scarborough,KENNEDY RD,TROJAN GT, ,Major Arterial,Intersection,At Intersection,Traffic Signal,Clear,Daylight,Dry,Non-Fatal Injury,Turning Movement,Driver,60 to 64,,0,North,Municipal Transit Bus (TTC),Going Ahead,Driving Properly,Normal, , , , , , ,0,0,1,0,0,1,0,1,0,1,0,0,0,0
1106355,2009,5,2,10,52,5,43.63244538,-79.43429029,Parkdale-High Park (14),14,South Parkdale (85),85,D14,Toronto East York,JAMESON AVE,GARDINER JAMESON AV RAMP, ,Minor Arterial,Mid-Block,At Intersection,No Control,Clear,Daylight,Dry,Non-Fatal Injury,Turning Movement,Vehicle Owner,unknown, ,0, ,Other, , , , , , , , , ,0,0,1,0,1,0,0,0,0,1,0,0,0,0
1106355,2009,5,2,10,52,5,43.63244538,-79.43429029,Parkdale-High Park (14),14,South Parkdale (85),85,D14,Toronto East York,JAMESON AVE,GARDINER JAMESON AV RAMP, ,Minor Arterial,Mid-Block,At Intersection,No Control,Clear,Daylight,Dry,Non-Fatal Injury,Turning Movement,Truck Driver,35 to 39,,0,South,Truck - Open,Going Ahead,Driving Properly,Normal, , , , , , ,0,0,1,0,1,0,0,0,0,1,0,0,0,0
1106355,2009,5,2,10,52,5,43.63244538,-79.43429029,Parkdale-High Park (14),14,South Parkdale (85),85,D14,Toronto East York,JAMESON AVE,GARDINER JAMESON AV RAMP, ,Minor Arterial,Mid-Block,At Intersection,No Control,Clear,Daylight,Dry,Non-Fatal Injury,Turning Movement,Driver,20 to 24,Major,0,East,"Automobile, Station Wagon",Turning Left,Failed to Yield Right of Way,Normal, , , , , , ,0,0,1,0,1,0,0,0,0,1,0,0,0,0
1106355,2009,5,2,10,52,5,43.63244538,-79.43429029,Parkdale-High Park (14),14,South Parkdale (85),85,D14,Toronto East York,JAMESON AVE,GARDINER JAMESON AV RAMP, ,Minor Arterial,Mid-Block,At Intersection,No Control,Clear,Daylight,Dry,Non-Fatal Injury,Turning Movement,Other,unknown,,0, ,Other, , , , , , , , , ,0,0,1,0,1,0,0,0,0,1,0,0,0,0
1327895,2012,11,28,10,52,2,43.67714538,-79.55089029,Etobicoke Centre (3),3,Princess-Rosethorn (10),10,D22,Etobicoke York,KIPLING AVE,EGLINTON AVE W, ,Major Arterial,Intersection,At Intersection,Traffic Signal,Clear,Daylight,Dry,Non-Fatal Injury,Turning Movement,Vehicle Owner,unknown, ,0, ,Other, , , , , , , , , ,0,0,1,0,1,0,0,0,0,1,0,0,0,0
1327895,2012,11,28,10,52,2,43.67714538,-79.55089029,Etobicoke Centre (3),3,Princess-Rosethorn (10),10,D22,Etobicoke York,KIPLING AVE,EGLINTON AVE W, ,Major Arterial,Intersection,At Intersection,Traffic Signal,Clear,Daylight,Dry,Non-Fatal Injury,Turning Movement,Truck Driver,70 to 74,Minimal,0,North,Truck - Open,Going Ahead,Driving Properly,Normal, , , , , , ,0,0,1,0,1,0,0,0,0,1,0,0,0,0
1327895,2012,11,28,10,52,2,43.67714538,-79.55089029,Etobicoke Centre (3),3,Princess-Rosethorn (10),10,D22,Etobicoke York,KIPLING AVE,EGLINTON AVE W, ,Major Arterial,Intersection,At Intersection,Traffic Signal,Clear,Daylight,Dry,Non-Fatal Injury,Turning Movement,Driver,35 to 39,,0,South,"Automobile, Station Wagon",Going Ahead,Driving Properly,Normal, , , , , , ,0,0,1,0,1,0,0,0,0,1,0,0,0,0
1327895,2012,11,28,10,52,2,43.67714538,-79.55089029,Etobicoke Centre (3),3,Princess-Rosethorn (10),10,D22,Etobicoke York,KIPLING AVE,EGLINTON AVE W, ,Major Arterial,Intersection,At Intersection,Traffic Signal,Clear,Daylight,Dry,Non-Fatal Injury,Turning Movement,Driver,85 to 89,Major,0,South,"Automobile, Station Wagon",Turning Left,Failed to Yield Right of Way,Unknown, , , , , , ,0,0,1,0,1,0,0,0,0,1,0,0,0,0
994868,2007,9,21,10,53,4,43.70694538,-79.26809029,Scarborough Southwest (35),35,Clairlea-Birchmount (120),120,D41,Scarborough,DANFORTH RD,BIRCHMOUNT RD, ,Minor Arterial,Intersection, ,Traffic Signal,Clear,Daylight,Dry,Non-Fatal Injury,Cyclist Collisions,Driver,45 to 49,,0,East,"Automobile, Station Wagon",Turning Right,Driving Properly,Normal, , , , , , ,0,1,1,0,0,0,0,0,0,0,0,0,0,0
994868,2007,9,21,10,53,4,43.70694538,-79.26809029,Scarborough Southwest (35),35,Clairlea-Birchmount (120),120,D41,Scarborough,DANFORTH RD,BIRCHMOUNT RD, ,Minor Arterial,Intersection, ,Traffic Signal,Clear,Daylight,Dry,Non-Fatal Injury,Cyclist Collisions,Cyclist,55 to 59,Major,0,North,Bicycle,Unknown, , , , , ,Motorist turning right on red at signalized intersection strikes cyclist.,Other,Unknown,0,1,1,0,0,0,0,0,0,0,0,0,0,0
1328386,2012,11,30,10,53,4,43.66554538,-79.48209029,Parkdale-High Park (13),13,Junction Area (90),90,D11,Etobicoke York,RUNNYMEDE RD,DUNDAS ST W, ,Minor Arterial,Intersection,At Intersection,Traffic Signal,Clear,Daylight,Dry,Non-Fatal Injury,Rear End,Driver,70 to 74,Major,0,South,"Automobile, Station Wagon",Going Ahead,Lost control,Medical or Physical Disability, , , , , , ,0,0,1,0,0,0,0,0,0,0,0,0,1,0
1328386,2012,11,30,10,53,4,43.66554538,-79.48209029,Parkdale-High Park (13),13,Junction Area (90),90,D11,Etobicoke York,RUNNYMEDE RD,DUNDAS ST W, ,Minor Arterial,Intersection,At Intersection,Traffic Signal,Clear,Daylight,Dry,Non-Fatal Injury,Rear End,Vehicle Owner,unknown, ,0, ,Other, , , , , , , , , ,0,0,1,0,0,0,0,0,0,0,0,0,1,0
1328386,2012,11,30,10,53,4,43.66554538,-79.48209029,Parkdale-High Park (13),13,Junction Area (90),90,D11,Etobicoke York,RUNNYMEDE RD,DUNDAS ST W, ,Minor Arterial,Intersection,At Intersection,Traffic Signal,Clear,Daylight,Dry,Non-Fatal Injury,Rear End,Driver,20 to 24,,0,South,"Automobile, Station Wagon",Going Ahead,Driving Properly,Normal, , , , , , ,0,0,1,0,0,0,0,0,0,0,0,0,1,0
4001968230,2014,4,27,10,53,6,43.75804861,-79.51343165,York West (8),8,Glenfield-Jane Heights (25),25,D31,North York,FINCH AVE W,DRIFTWOOD AVE, ,Major Arterial,Intersection,At Intersection,Traffic Signal,Clear,Daylight,Dry,Non-Fatal Injury,Pedestrian Collisions,Driver,30 to 34,,0,East,Municipal Transit Bus (TTC),Going Ahead,Driving Properly,Normal, , , , , , ,1,0,0,0,0,1,0,0,0,0,0,0,0,0
4001968230,2014,4,27,10,53,6,43.75804861,-79.51343165,York West (8),8,Glenfield-Jane Heights (25),25,D31,North York,FINCH AVE W,DRIFTWOOD AVE, ,Major Arterial,Intersection,At Intersection,Traffic Signal,Clear,Daylight,Dry,Non-Fatal Injury,Pedestrian Collisions,Pedestrian,10 to 14,Major,0,North, , , , ,Pedestrian involved in a collision with transit vehicle anywhere along roadway,Crossing without right of way,Inattentive, , , ,1,0,0,0,0,1,0,0,0,0,0,0,0,0
7000585076,2017,4,3,10,53,0,43.64623221,-79.55994807,Etobicoke-Lakeshore (5),5,Islington-City Centre West (14),14,D22,Etobicoke York,THE EAST MALL,BURNHAMTHORPE RD, ,Minor Arterial,Intersection,Intersection Related,Traffic Signal,Clear,Daylight,Dry,Non-Fatal Injury,Pedestrian Collisions,Driver,80 to 84,,0,North,"Automobile, Station Wagon",Turning Left,Improper Turn,Normal, , , , , , ,1,0,1,0,0,0,0,1,0,0,0,0,0,0
7000585076,2017,4,3,10,53,0,43.64623221,-79.55994807,Etobicoke-Lakeshore (5),5,Islington-City Centre West (14),14,D22,Etobicoke York,THE EAST MALL,BURNHAMTHORPE RD, ,Minor Arterial,Intersection,Intersection Related,Traffic Signal,Clear,Daylight,Dry,Non-Fatal Injury,Pedestrian Collisions,Passenger,90 to 94,,0, , , , , , , , , , , ,1,0,1,0,0,0,0,1,0,0,0,0,0,0
7000585076,2017,4,3,10,53,0,43.64623221,-79.55994807,Etobicoke-Lakeshore (5),5,Islington-City Centre West (14),14,D22,Etobicoke York,THE EAST MALL,BURNHAMTHORPE RD, ,Minor Arterial,Intersection,Intersection Related,Traffic Signal,Clear,Daylight,Dry,Non-Fatal Injury,Pedestrian Collisions,Pedestrian,50 to 54,Major,0,South, , , , ,Vehicle turns left while ped crosses with ROW at inter.,Crossing with right of way,Normal, , , ,1,0,1,0,0,0,0,1,0,0,0,0,0,0
4001521629,2014,2,13,10,54,3,43.66763266,-79.3853036,Toronto Centre-Rosedale (27),27,Church-Yonge Corridor (75),75,D51,Toronto East York,7 ISABELLA ST, , ,Collector,Mid-Block,Non Intersection,No Control,Clear,Daylight,Wet,Non-Fatal Injury,Pedestrian Collisions,Driver,25 to 29,,0,East,"Automobile, Station Wagon",Going Ahead,Lost control,Unknown, , , , , , ,1,0,1,0,0,0,0,0,0,0,0,0,0,0
4001521629,2014,2,13,10,54,3,43.66763266,-79.3853036,Toronto Centre-Rosedale (27),27,Church-Yonge Corridor (75),75,D51,Toronto East York,7 ISABELLA ST, , ,Collector,Mid-Block,Non Intersection,No Control,Clear,Daylight,Wet,Non-Fatal Injury,Pedestrian Collisions,Pedestrian,45 to 49,Major,0,Unknown, , , , ,Pedestrian hit at mid-block,Pushing/Working on Vehicle,Normal, , , ,1,0,1,0,0,0,0,0,0,0,0,0,0,0
7001287888,2017,7,18,10,54,1,43.73402365,-79.26002131,Scarborough Southwest (35),35,Kennedy Park (124),124,D41,Scarborough,EGLINTON AVE E,MIDLAND AVE,150 m West of,Major Arterial,Mid-Block,Non Intersection,No Control,Clear,Daylight,Dry,Fatal,Pedestrian Collisions,Pedestrian,70 to 74,Fatal,30,Unknown, , , , ,Pedestrian involved in a collision with transit vehicle anywhere along roadway,Person Getting on/off Vehicle,Normal, , , ,1,0,0,0,0,1,0,0,0,0,0,0,0,1
7001287888,2017,7,18,10,54,1,43.73402365,-79.26002131,Scarborough Southwest (35),35,Kennedy Park (124),124,D41,Scarborough,EGLINTON AVE E,MIDLAND AVE,150 m West of,Major Arterial,Mid-Block,Non Intersection,No Control,Clear,Daylight,Dry,Fatal,Pedestrian Collisions,Driver,55 to 59,,0,West,Municipal Transit Bus (TTC),Pulling Away from Shoulder or Curb,Other,Inattentive, , , , , , ,1,0,0,0,0,1,0,0,0,0,0,0,0,1
7002059893,2017,11,14,10,54,1,43.83436538,-79.26087629,Scarborough-Rouge River (41),41,Milliken (130),130,D42,Scarborough,STEELES AVE E,SHADLOCK STREET,20 m East of,Minor Arterial,Intersection,At Intersection,Traffic Signal,Clear,Daylight,Dry,Non-Fatal Injury,Rear End,Driver,40 to 44,Major,0,West,"Automobile, Station Wagon",Going Ahead,Following too Close,Normal, , , , , , ,0,0,1,0,0,1,0,0,0,1,0,0,0,0
7002059893,2017,11,14,10,54,1,43.83436538,-79.26087629,Scarborough-Rouge River (41),41,Milliken (130),130,D42,Scarborough,STEELES AVE E,SHADLOCK STREET,20 m East of,Minor Arterial,Intersection,At Intersection,Traffic Signal,Clear,Daylight,Dry,Non-Fatal Injury,Rear End,Driver,50 to 54,,0,West,"Bus (Other) (Go Bus, Gray Coach)",Stopped,Driving Properly,Normal, , , , , , ,0,0,1,0,0,1,0,0,0,1,0,0,0,0
986718,2007,8,5,10,55,6,43.75534538,-79.24609029,Scarborough Centre (38),38,Bendale (127),127,D43,Scarborough,LAWRENCE AVE E,MCCOWAN RD, ,Major Arterial,Mid-Block, ,No Control,Clear,Daylight,Dry,Fatal,Pedestrian Collisions,Vehicle Owner,unknown, ,0, ,Other, , , , , , , , , ,1,0,1,0,0,0,0,0,0,0,0,0,0,1
986718,2007,8,5,10,55,6,43.75534538,-79.24609029,Scarborough Centre (38),38,Bendale (127),127,D43,Scarborough,LAWRENCE AVE E,MCCOWAN RD, ,Major Arterial,Mid-Block, ,No Control,Clear,Daylight,Dry,Fatal,Pedestrian Collisions,Driver,50 to 54,,0,East,"Automobile, Station Wagon",Going Ahead,Driving Properly,Normal, , , , , , ,1,0,1,0,0,0,0,0,0,0,0,0,0,1
986718,2007,8,5,10,55,6,43.75534538,-79.24609029,Scarborough Centre (38),38,Bendale (127),127,D43,Scarborough,LAWRENCE AVE E,MCCOWAN RD, ,Major Arterial,Mid-Block, ,No Control,Clear,Daylight,Dry,Fatal,Pedestrian Collisions,Vehicle Owner,unknown, ,0, ,Other, , , , , , , , , ,1,0,1,0,0,0,0,0,0,0,0,0,0,1
986718,2007,8,5,10,55,6,43.75534538,-79.24609029,Scarborough Centre (38),38,Bendale (127),127,D43,Scarborough,LAWRENCE AVE E,MCCOWAN RD, ,Major Arterial,Mid-Block, ,No Control,Clear,Daylight,Dry,Fatal,Pedestrian Collisions,Driver,35 to 39,,0,East,"Automobile, Station Wagon",Going Ahead,Driving Properly,Normal, , , , , , ,1,0,1,0,0,0,0,0,0,0,0,0,0,1
986718,2007,8,5,10,55,6,43.75534538,-79.24609029,Scarborough Centre (38),38,Bendale (127),127,D43,Scarborough,LAWRENCE AVE E,MCCOWAN RD, ,Major Arterial,Mid-Block, ,No Control,Clear,Daylight,Dry,Fatal,Pedestrian Collisions,Pedestrian,75 to 79,Fatal,0,North,Other, , , ,Pedestrian hit at mid-block,"Crossing, no Traffic Control",Normal, , , ,1,0,1,0,0,0,0,0,0,0,0,0,0,1
1031555,2008,3,11,10,55,1,43.68334538,-79.48029029,York South-Weston (11),11,Rockcliffe-Smythe (111),111,D12,Etobicoke York,BLACK CREEK DR,WESTON RD, ,Major Arterial,Intersection,At Intersection,No Control,Clear,Daylight,Dry,Non-Fatal Injury,Rear End,Driver,20 to 24,Major,0,North,"Automobile, Station Wagon",Going Ahead,Following too Close,Inattentive, , , , , , ,0,0,1,0,0,0,0,0,0,1,0,0,0,0
1031555,2008,3,11,10,55,1,43.68334538,-79.48029029,York South-Weston (11),11,Rockcliffe-Smythe (111),111,D12,Etobicoke York,BLACK CREEK DR,WESTON RD, ,Major Arterial,Intersection,At Intersection,No Control,Clear,Daylight,Dry,Non-Fatal Injury,Rear End,Driver,25 to 29,,0,North,"Automobile, Station Wagon",Stopped,Driving Properly,Normal, , , , , , ,0,0,1,0,0,0,0,0,0,1,0,0,0,0
1189134,2010,9,14,10,55,1,43.65094538,-79.39729029,Trinity-Spadina (20),20,Kensington-Chinatown (78),78,D14,Toronto East York,SPADINA AVE,SULLIVAN ST, ,Major Arterial,Intersection, ,No Control,Clear,Daylight,Dry,Fatal,Pedestrian Collisions,Vehicle Owner,unknown, ,0, ,Other, , , , , , , , , ,1,0,0,0,0,1,0,0,0,0,0,0,0,1
1189134,2010,9,14,10,55,1,43.65094538,-79.39729029,Trinity-Spadina (20),20,Kensington-Chinatown (78),78,D14,Toronto East York,SPADINA AVE,SULLIVAN ST, ,Major Arterial,Intersection, ,No Control,Clear,Daylight,Dry,Fatal,Pedestrian Collisions,Driver,35 to 39,,0,North,Municipal Transit Bus (TTC),Going Ahead,Driving Properly,Normal, , , , , , ,1,0,0,0,0,1,0,0,0,0,0,0,0,1
1189134,2010,9,14,10,55,1,43.65094538,-79.39729029,Trinity-Spadina (20),20,Kensington-Chinatown (78),78,D14,Toronto East York,SPADINA AVE,SULLIVAN ST, ,Major Arterial,Intersection, ,No Control,Clear,Daylight,Dry,Fatal,Pedestrian Collisions,Pedestrian,80 to 84,Fatal,30,West,Other, , , ,Pedestrian involved in a collision with transit vehicle anywhere along roadway,"Crossing, no Traffic Control",Unknown, , , ,1,0,0,0,0,1,0,0,0,0,0,0,0,1
1371107,2013,8,18,10,55,6,43.80984457,-79.25768671,Scarborough-Rouge River (41),41,Agincourt North (129),129,D42,Scarborough,FINCH Ave E,MIDDLEFIELD Rd, ,Major Arterial,Intersection,At Intersection,Traffic Signal,Clear,Daylight,Dry,Fatal,Pedestrian Collisions,Driver,25 to 29,,0,East,"Automobile, Station Wagon",Going Ahead,Driving Properly,Normal, , , , , , ,1,0,1,0,0,0,0,0,0,0,0,0,0,1
1371107,2013,8,18,10,55,6,43.80984457,-79.25768671,Scarborough-Rouge River (41),41,Agincourt North (129),129,D42,Scarborough,FINCH Ave E,MIDDLEFIELD Rd, ,Major Arterial,Intersection,At Intersection,Traffic Signal,Clear,Daylight,Dry,Fatal,Pedestrian Collisions,Pedestrian,80 to 84,Fatal,32,North, , , , ,Vehicle is going straight thru inter.while ped cross without ROW,Crossing marked crosswalk without ROW,Inattentive, , , ,1,0,1,0,0,0,0,0,0,0,0,0,0,1
1380363,2013,10,12,10,55,5,43.6993862,-79.3863183,St. Paul's (22),22,Mount Pleasant East (99),99,D53,Toronto East York,MOUNT PLEASANT Rd,BALLIOL St, ,Local,Intersection, ,No Control,Clear,Daylight,Dry,Non-Fatal Injury,SMV Other,Vehicle Owner,unknown, ,0, ,Other, , , , , , , , , ,0,0,1,0,0,0,0,1,0,0,0,0,1,0
1380363,2013,10,12,10,55,5,43.6993862,-79.3863183,St. Paul's (22),22,Mount Pleasant East (99),99,D53,Toronto East York,MOUNT PLEASANT Rd,BALLIOL St, ,Local,Intersection, ,No Control,Clear,Daylight,Dry,Non-Fatal Injury,SMV Other,Passenger,25 to 29,,0, ,Other, , , , , , , , , ,0,0,1,0,0,0,0,1,0,0,0,0,1,0
1380363,2013,10,12,10,55,5,43.6993862,-79.3863183,St. Paul's (22),22,Mount Pleasant East (99),99,D53,Toronto East York,MOUNT PLEASANT Rd,BALLIOL St, ,Local,Intersection, ,No Control,Clear,Daylight,Dry,Non-Fatal Injury,SMV Other,Driver,60 to 64,Major,0,East,"Automobile, Station Wagon",Going Ahead,Lost control,Medical or Physical Disability, , , , , , ,0,0,1,0,0,0,0,1,0,0,0,0,1,0
7001030494,2017,6,10,10,55,5,43.73878058,-79.24549494,Scarborough Centre (38),38,Eglinton East (138),138,D43,Scarborough,DANFORTH RD,WETHERBY DR,35 m South of,Major Arterial,Mid-Block,Non Intersection,No Control,Clear,Daylight,Dry,Non-Fatal Injury,Other,Driver,30 to 34,,0,North,Municipal Transit Bus (TTC),Pulling Away from Shoulder or Curb,Driving Properly,Normal, , , , , , ,0,0,0,0,0,1,0,1,0,0,0,0,0,0
7001030494,2017,6,10,10,55,5,43.73878058,-79.24549494,Scarborough Centre (38),38,Eglinton East (138),138,D43,Scarborough,DANFORTH RD,WETHERBY DR,35 m South of,Major Arterial,Mid-Block,Non Intersection,No Control,Clear,Daylight,Dry,Non-Fatal Injury,Other,Passenger,80 to 84,Major,0, , , , , , , , , , , ,0,0,0,0,0,1,0,1,0,0,0,0,0,0
7001492041,2017,8,18,10,55,4,43.73468359,-79.44639979,York Centre (10),10,Clanton Park (33),33,D32,North York,FAYWOOD  BLVD,WILSON  AVE,1 m South of,Major Arterial,Intersection,At Intersection,Stop Sign,Clear,Daylight,Dry,Non-Fatal Injury,Cyclist Collisions,Driver,45 to 49,,0,South,"Automobile, Station Wagon",Turning Right,Failed to Yield Right of Way,Inattentive, , , , , , ,0,1,1,0,0,0,0,0,0,1,0,0,0,0