ACCNUM,YEAR,MONTH,DAY,HOUR,MINUTES,WEEKDAY,LATITUDE,LONGITUDE,Ward_Name,Ward_ID,Hood_Name,Hood_ID,Division,District,STREET1,STREET2,OFFSET,ROAD_CLASS,LOCCOORD,ACCLOC,TRAFFCTL,VISIBILITY,LIGHT,RDSFCOND,ACCLASS,IMPACTYPE,INVTYPE,INVAGE,INJURY,FATAL_NO,INITDIR,VEHTYPE,MANOEUVER,DRIVACT,DRIVCOND,PEDTYPE,PEDACT,PEDCOND,CYCLISTYPE,CYCACT,CYCCOND,PEDESTRIAN,CYCLIST,AUTOMOBILE,MOTORCYCLE,TRUCK,TRSN_CITY_VEH,EMERG_VEH,PASSENGER,SPEEDING,AG_DRIV,REDLIGHT,ALCOHOL,DISABILITY,label
7001492041,2017,8,18,10,55,4,43.73468359,-79.44639979,York Centre (10),10,Clanton Park (33),33,D32,North York,FAYWOOD  BLVD,WILSON  AVE,1 m South of,Major Arterial,Intersection,At Intersection,Stop Sign,Clear,Daylight,Dry,Non-Fatal Injury,Cyclist Collisions,Cyclist,55 to 59,Major,0,West,Bicycle,Going Ahead, , , , , ,"Motorist turns right at non-signal Inter.(stop, yield, no cont.,and dwy) and strikes cyclist.",Driving Properly,Normal,0,1,1,0,0,0,0,0,0,1,0,0,0,0
7001544325,2017,8,26,10,55,5,43.72044333,-79.24304591,Scarborough Southwest (36),36,Cliffcrest (123),123,D41, ,3738 ST CLAIR AVE E, , ,Minor Arterial,Mid-Block,Non Intersection,No Control,Clear,Daylight,Dry,Fatal,SMV Other,Driver,30 to 34,Fatal,37,East,"Automobile, Station Wagon",Going Ahead,Lost control,"Ability Impaired, Drugs", , , , , , ,0,0,1,0,0,0,0,0,0,0,0,0,0,1
7000637893,2017,4,11,10,56,1,43.73202093,-79.45887385,York Centre (9),9,Clanton Park (33),33,D32,North York,WILSON AVE,DUFFERIN ST,10 m west,Major Arterial,Intersection,At Intersection,Traffic Signal,Clear,Daylight,Dry,Fatal,Pedestrian Collisions,Pedestrian,50 to 54,Fatal,16,East, , , , ,Vehicle turns right while ped crosses with ROW at inter.,Crossing with right of way,Normal, , , ,1,0,0,0,1,0,0,0,0,1,0,0,0,1
7000637893,2017,4,11,10,56,1,43.73202093,-79.45887385,York Centre (9),9,Clanton Park (33),33,D32,North York,WILSON AVE,DUFFERIN ST,10 m west,Major Arterial,Intersection,At Intersection,Traffic Signal,Clear,Daylight,Dry,Fatal,Pedestrian Collisions,Truck Driver,60 to 64,,0,East,"Truck - Closed (Blazer, etc)",Turning Right,Failed to Yield Right of Way,Inattentive, , , , , , ,1,0,0,0,1,0,0,0,0,1,0,0,0,1
1125917,2009,8,19,10,57,2,43.79870947,-79.32823572,Scarborough-Agincourt (39),39,L'Amoreaux (117),117,D42,Scarborough,3150 PHARMACY AVE, , ,Minor Arterial,Mid-Block, ,Pedestrian Crossover,Clear,Daylight,Dry,Non-Fatal Injury,Pedestrian Collisions,Driver,45 to 49,,0,North,"Automobile, Station Wagon",Going Ahead,Failed to Yield Right of Way,Normal, , , , , , ,1,0,1,0,0,0,0,0,0,1,0,0,0,0
1125917,2009,8,19,10,57,2,43.79870947,-79.32823572,Scarborough-Agincourt (39),39,L'Amoreaux (117),117,D42,Scarborough,3150 PHARMACY AVE, , ,Minor Arterial,Mid-Block, ,Pedestrian Crossover,Clear,Daylight,Dry,Non-Fatal Injury,Pedestrian Collisions,Pedestrian,55 to 59,Major,0,East,Other, , , ,Pedestrian hit a PXO/ped. Mid-block signal,"Crossing, Pedestrian Crossover",Normal, , , ,1,0,1,0,0,0,0,0,0,1,0,0,0,0
7000311874,2017,2,19,10,57,6,43.61912115,-79.52597437,Etobicoke-Lakeshore (5),5,Islington-City Centre West (14),14,D22,Etobicoke York,KIPLING AVE,GARDINER C W KIPLING  RAMP, ,Major Arterial,Intersection,At Intersection,Traffic Signal,Clear,Daylight,Dry,Non-Fatal Injury,Turning Movement,Driver,35 to 39,,0,North,"Automobile, Station Wagon",Going Ahead,Disobeyed Traffic Control,Inattentive, , , , , , ,0,0,1,1,0,0,0,1,0,1,1,0,0,0
7000311874,2017,2,19,10,57,6,43.61912115,-79.52597437,Etobicoke-Lakeshore (5),5,Islington-City Centre West (14),14,D22,Etobicoke York,KIPLING AVE,GARDINER C W KIPLING  RAMP, ,Major Arterial,Intersection,At Intersection,Traffic Signal,Clear,Daylight,Dry,Non-Fatal Injury,Turning Movement,Motorcycle Driver,45 to 49,Major,0,West,Motorcycle,Turning Left,Driving Properly,Normal, , , , , , ,0,0,1,1,0,0,0,1,0,1,1,0,0,0
7000311874,2017,2,19,10,57,6,43.61912115,-79.52597437,Etobicoke-Lakeshore (5),5,Islington-City Centre West (14),14,D22,Etobicoke York,KIPLING AVE,GARDINER C W KIPLING  RAMP, ,Major Arterial,Intersection,At Intersection,Traffic Signal,Clear,Daylight,Dry,Non-Fatal Injury,Turning Movement,Passenger,10 to 14,,0, , , , , , , , , , , ,0,0,1,1,0,0,0,1,0,1,1,0,0,0
1021846,2008,2,17,10,58,6,43.76904538,-79.22899029,Scarborough Centre (38),38,Woburn (137),137,D43,Scarborough,910 MARKHAM Rd,PAINTED POST Driv, ,Major Arterial,Mid-Block, ,No Control,Rain,Daylight,Wet,Non-Fatal Injury,Approaching,Driver,65 to 69,Major,0,South,"Automobile, Station Wagon",Going Ahead,Driving Properly,Normal, , , , , , ,0,0,1,0,0,0,0,1,0,0,0,1,0,0
1021846,2008,2,17,10,58,6,43.76904538,-79.22899029,Scarborough Centre (38),38,Woburn (137),137,D43,Scarborough,910 MARKHAM Rd,PAINTED POST Driv, ,Major Arterial,Mid-Block, ,No Control,Rain,Daylight,Wet,Non-Fatal Injury,Approaching,Passenger,20 to 24,Minimal,0, ,Other, , , , , , , , , ,0,0,1,0,0,0,0,1,0,0,0,1,0,0
1021846,2008,2,17,10,58,6,43.76904538,-79.22899029,Scarborough Centre (38),38,Woburn (137),137,D43,Scarborough,910 MARKHAM Rd,PAINTED POST Driv, ,Major Arterial,Mid-Block, ,No Control,Rain,Daylight,Wet,Non-Fatal Injury,Approaching,Vehicle Owner,unknown, ,0, ,Other, , , , , , , , , ,0,0,1,0,0,0,0,1,0,0,0,1,0,0
1021846,2008,2,17,10,58,6,43.76904538,-79.22899029,Scarborough Centre (38),38,Woburn (137),137,D43,Scarborough,910 MARKHAM Rd,PAINTED POST Driv, ,Major Arterial,Mid-Block, ,No Control,Rain,Daylight,Wet,Non-Fatal Injury,Approaching,Driver,25 to 29,Minimal,0,North,"Automobile, Station Wagon",Going Ahead,Lost control,"Ability Impaired, Alcohol", , , , , , ,0,0,1,0,0,0,0,1,0,0,0,1,0,0
5000778695,2015,5,10,10,58,6,43.69795569,-79.34843836,Toronto-Danforth (29),29,Old East York (58),58,D54,Toronto East York,DON VALLEY PARKWAY  S,LEASIDE BDGE, ,Expressway,Mid-Block,Non Intersection,No Control,Clear,Daylight,Dry,Non-Fatal Injury,Pedestrian Collisions,Driver,50 to 54,,0,South,"Automobile, Station Wagon",Going Ahead,Driving Properly,Normal, , , , , , ,1,0,1,0,0,0,0,0,1,1,0,0,0,0
5000778695,2015,5,10,10,58,6,43.69795569,-79.34843836,Toronto-Danforth (29),29,Old East York (58),58,D54,Toronto East York,DON VALLEY PARKWAY  S,LEASIDE BDGE, ,Expressway,Mid-Block,Non Intersection,No Control,Clear,Daylight,Dry,Non-Fatal Injury,Pedestrian Collisions,Pedestrian,30 to 34,Major,0,Unknown, , , , ,Pedestrian hit at mid-block,Other,Unknown, , , ,1,0,1,0,0,0,0,0,1,1,0,0,0,0
6001750735,2016,10,2,10,58,6,43.73533209,-79.2543603,Scarborough Southwest (35),35,Kennedy Park (124),124,D41,Scarborough,EGLINTON AVE E,WINTER AVE, ,Major Arterial,Intersection,Intersection Related,Stop Sign,Clear,Daylight,Dry,Fatal,Pedestrian Collisions,Driver,20 to 24,,0,North,"Automobile, Station Wagon",Turning Left,Driving Properly,Inattentive, , , , , , ,1,0,1,0,0,0,0,1,0,0,0,0,0,1
6001750735,2016,10,2,10,58,6,43.73533209,-79.2543603,Scarborough Southwest (35),35,Kennedy Park (124),124,D41,Scarborough,EGLINTON AVE E,WINTER AVE, ,Major Arterial,Intersection,Intersection Related,Stop Sign,Clear,Daylight,Dry,Fatal,Pedestrian Collisions,Passenger,20 to 24,,0, , , , , , , , , , , ,1,0,1,0,0,0,0,1,0,0,0,0,0,1
6001750735,2016,10,2,10,58,6,43.73533209,-79.2543603,Scarborough Southwest (35),35,Kennedy Park (124),124,D41,Scarborough,EGLINTON AVE E,WINTER AVE, ,Major Arterial,Intersection,Intersection Related,Stop Sign,Clear,Daylight,Dry,Fatal,Pedestrian Collisions,Pedestrian,80 to 84,Fatal,60,South, , , , ,Vehicle turns left while ped crosses without ROW at inter.,Crossing without right of way,Medical or Physical Disability, , , ,1,0,1,0,0,0,0,1,0,0,0,0,0,1
1145050,2009,12,31,10,59,3,43.77754538,-79.14569029,Scarborough East (44),44,Centennial Scarborough (133),133,D43,Scarborough,LAWRENCE AVE E,CENTENNIAL RD, ,Minor Arterial,Mid-Block, ,No Control,Rain,Daylight,Wet,Non-Fatal Injury,SMV Other,Driver,80 to 84,Major,0,West,"Automobile, Station Wagon",Going Ahead,Lost control,Normal, , , , , , ,0,0,1,0,0,0,0,0,0,0,0,0,0,0
1163175,2010,4,18,10,59,6,43.74914538,-79.43689029,York Centre (10),10,Lansing-Westgate (38),38,D32,North York,BATHURST ST,DANBY AVE, ,Major Arterial,Intersection,At Intersection,No Control,Clear,Daylight,Dry,Non-Fatal Injury,Pedestrian Collisions,Vehicle Owner,unknown, ,0, ,Other, , , , , , , , , ,1,0,0,0,0,1,0,0,0,0,0,0,0,0
1163175,2010,4,18,10,59,6,43.74914538,-79.43689029,York Centre (10),10,Lansing-Westgate (38),38,D32,North York,BATHURST ST,DANBY AVE, ,Major Arterial,Intersection,At Intersection,No Control,Clear,Daylight,Dry,Non-Fatal Injury,Pedestrian Collisions,Driver,35 to 39,,0,North,Municipal Transit Bus (TTC),Overtaking,Driving Properly,Normal, , , , , , ,1,0,0,0,0,1,0,0,0,0,0,0,0,0
1163175,2010,4,18,10,59,6,43.74914538,-79.43689029,York Centre (10),10,Lansing-Westgate (38),38,D32,North York,BATHURST ST,DANBY AVE, ,Major Arterial,Intersection,At Intersection,No Control,Clear,Daylight,Dry,Non-Fatal Injury,Pedestrian Collisions,Pedestrian,10 to 14,Major,0,East,Other, , , ,Pedestrian involved in a collision with transit vehicle anywhere along roadway,Coming From Behind Parked Vehicle,Unknown, , , ,1,0,0,0,0,1,0,0,0,0,0,0,0,0
1321561,2012,10,22,10,59,0,43.80184538,-79.29429029,Scarborough-Agincourt (39),39,Milliken (130),130,D42,Scarborough,FINCH AVE E,MILLIKEN BLVD, ,Major Arterial,Intersection,At Intersection,Traffic Signal,Clear,Daylight,Dry,Non-Fatal Injury,Cyclist Collisions,Driver,75 to 79,,0,South,"Automobile, Station Wagon",Turning Left,Improper Turn,Inattentive, , , , , , ,0,1,1,0,0,0,0,0,0,0,0,0,0,0
1321561,2012,10,22,10,59,0,43.80184538,-79.29429029,Scarborough-Agincourt (39),39,Milliken (130),130,D42,Scarborough,FINCH AVE E,MILLIKEN BLVD, ,Major Arterial,Intersection,At Intersection,Traffic Signal,Clear,Daylight,Dry,Non-Fatal Injury,Cyclist Collisions,Cyclist,55 to 59,Major,0,North,Bicycle,Going Ahead, , , , , ,Motorist turned left across cyclists path.,Driving Properly,Normal,0,1,1,0,0,0,0,0,0,0,0,0,0,0
4001752528,2014,3,23,10,59,6,43.73317297,-79.43300257,Eglinton-Lawrence (16),16,Bedford Park-Nortown (39),39,D32,North York,BATHURST  ST,HOTSPUR RD, ,Major Arterial,Intersection,At Intersection,No Control,Clear,Daylight,Dry,Non-Fatal Injury,Turning Movement,Driver,35 to 39,Minimal,0,North,"Automobile, Station Wagon",Turning Left,Failed to Yield Right of Way,Normal, , , , , , ,0,0,1,0,0,0,0,1,0,1,0,0,0,0
4001752528,2014,3,23,10,59,6,43.73317297,-79.43300257,Eglinton-Lawrence (16),16,Bedford Park-Nortown (39),39,D32,North York,BATHURST  ST,HOTSPUR RD, ,Major Arterial,Intersection,At Intersection,No Control,Clear,Daylight,Dry,Non-Fatal Injury,Turning Movement,Driver,55 to 59,Major,0,South,"Automobile, Station Wagon",Going Ahead,Driving Properly,Normal, , , , , , ,0,0,1,0,0,0,0,1,0,1,0,0,0,0
4001752528,2014,3,23,10,59,6,43.73317297,-79.43300257,Eglinton-Lawrence (16),16,Bedford Park-Nortown (39),39,D32,North York,BATHURST  ST,HOTSPUR RD, ,Major Arterial,Intersection,At Intersection,No Control,Clear,Daylight,Dry,Non-Fatal Injury,Turning Movement,Driver,50 to 54,,0,East,"Automobile, Station Wagon",Stopped,Driving Properly,Normal, , , , , , ,0,0,1,0,0,0,0,1,0,1,0,0,0,0
4001752528,2014,3,23,10,59,6,43.73317297,-79.43300257,Eglinton-Lawrence (16),16,Bedford Park-Nortown (39),39,D32,North York,BATHURST  ST,HOTSPUR RD, ,Major Arterial,Intersection,At Intersection,No Control,Clear,Daylight,Dry,Non-Fatal Injury,Turning Movement,Passenger,20 to 24,,0, , , , , , , , , , , ,0,0,1,0,0,0,0,1,0,1,0,0,0,0
4001752528,2014,3,23,10,59,6,43.73317297,-79.43300257,Eglinton-Lawrence (16),16,Bedford Park-Nortown (39),39,D32,North York,BATHURST  ST,HOTSPUR RD, ,Major Arterial,Intersection,At Intersection,No Control,Clear,Daylight,Dry,Non-Fatal Injury,Turning Movement,Passenger,30 to 34,,0, , , , , , , , , , , ,0,0,1,0,0,0,0,1,0,1,0,0,0,0
983751,2007,8,7,11,0,1,43.76404538,-79.48829029,York West (8),8,York University Heights (27),27,D31,North York,TANGIERS RD,FINCH AVE W, ,Major Arterial,Intersection,At Intersection,Traffic Signal,Clear,Daylight,Dry,Non-Fatal Injury,Pedestrian Collisions,Driver,50 to 54,,0,South,"Automobile, Station Wagon",Turning Right,Failed to Yield Right of Way,Normal, , , , , , ,1,0,1,0,0,0,0,0,0,1,0,0,0,0
983751,2007,8,7,11,0,1,43.76404538,-79.48829029,York West (8),8,York University Heights (27),27,D31,North York,TANGIERS RD,FINCH AVE W, ,Major Arterial,Intersection,At Intersection,Traffic Signal,Clear,Daylight,Dry,Non-Fatal Injury,Pedestrian Collisions,Pedestrian,75 to 79,Major,0,South,Other, , , ,Vehicle turns right while ped crosses with ROW at inter.,Crossing with right of way,Normal, , , ,1,0,1,0,0,0,0,0,0,1,0,0,0,0
1007074,2007,11,21,11,0,2,43.64384538,-79.40329029,Trinity-Spadina (19),19,Niagara (82),82,D14,Toronto East York,KING ST W,TECUMSETH ST, ,Major Arterial,Mid-Block, ,No Control,Rain,Daylight,Wet,Non-Fatal Injury,Cyclist Collisions,Vehicle Owner,unknown, ,0, ,Other, , , , , , , , , ,0,1,1,0,0,0,0,0,0,0,0,0,0,0
1007074,2007,11,21,11,0,2,43.64384538,-79.40329029,Trinity-Spadina (19),19,Niagara (82),82,D14,Toronto East York,KING ST W,TECUMSETH ST, ,Major Arterial,Mid-Block, ,No Control,Rain,Daylight,Wet,Non-Fatal Injury,Cyclist Collisions,Driver,45 to 49,,0,East,"Automobile, Station Wagon",Changing Lanes,Improper Lane Change,Unknown, , , , , , ,0,1,1,0,0,0,0,0,0,0,0,0,0,0
1007074,2007,11,21,11,0,2,43.64384538,-79.40329029,Trinity-Spadina (19),19,Niagara (82),82,D14,Toronto East York,KING ST W,TECUMSETH ST, ,Major Arterial,Mid-Block, ,No Control,Rain,Daylight,Wet,Non-Fatal Injury,Cyclist Collisions,Cyclist,30 to 34,Major,0,East,Bicycle,Going Ahead, , , , , ,Cyclist and Driver travelling in same direction. One vehicle sideswipes the other.,Other,Unknown,0,1,1,0,0,0,0,0,0,0,0,0,0,0
1016685,2008,1,21,11,0,0,43.64764538,-79.42089029,Trinity-Spadina (19),19,Trinity-Bellwoods (81),81,D14,Toronto East York,FOXLEY ST,FOXLEY PL W, ,Local,Intersection, ,No Control,Clear,Daylight,Dry,Non-Fatal Injury,SMV Other,Vehicle Owner,unknown, ,0, ,Other, , , , , , , , , ,0,0,1,0,0,0,0,0,0,0,0,0,0,0
1016685,2008,1,21,11,0,0,43.64764538,-79.42089029,Trinity-Spadina (19),19,Trinity-Bellwoods (81),81,D14,Toronto East York,FOXLEY ST,FOXLEY PL W, ,Local,Intersection, ,No Control,Clear,Daylight,Dry,Non-Fatal Injury,SMV Other,Driver,25 to 29,Major,0,North,"Automobile, Station Wagon",Turning Right,Improper Turn,Normal, , , , , , ,0,0,1,0,0,0,0,0,0,0,0,0,0,0
1106578,2009,5,4,11,0,0,43.69694538,-79.49389029,York South-Weston (12),12,Brookhaven-Amesbury (30),30,D12,Etobicoke York,TRETHEWEY DR,BROOKHAVEN DR, ,Minor Arterial,Intersection,At Intersection,No Control,Clear,Daylight,Dry,Non-Fatal Injury,Turning Movement,Vehicle Owner,unknown, ,0, ,Other, , , , , , , , , ,0,0,1,0,0,0,0,1,0,0,0,0,0,0
1106578,2009,5,4,11,0,0,43.69694538,-79.49389029,York South-Weston (12),12,Brookhaven-Amesbury (30),30,D12,Etobicoke York,TRETHEWEY DR,BROOKHAVEN DR, ,Minor Arterial,Intersection,At Intersection,No Control,Clear,Daylight,Dry,Non-Fatal Injury,Turning Movement,Driver,45 to 49,Major,0,East,"Automobile, Station Wagon",Turning Left,Improper Turn,Inattentive, , , , , , ,0,0,1,0,0,0,0,1,0,0,0,0,0,0
1106578,2009,5,4,11,0,0,43.69694538,-79.49389029,York South-Weston (12),12,Brookhaven-Amesbury (30),30,D12,Etobicoke York,TRETHEWEY DR,BROOKHAVEN DR, ,Minor Arterial,Intersection,At Intersection,No Control,Clear,Daylight,Dry,Non-Fatal Injury,Turning Movement,Passenger,50 to 54,Major,0, ,Other, , , , , , , , , ,0,0,1,0,0,0,0,1,0,0,0,0,0,0
1106578,2009,5,4,11,0,0,43.69694538,-79.49389029,York South-Weston (12),12,Brookhaven-Amesbury (30),30,D12,Etobicoke York,TRETHEWEY DR,BROOKHAVEN DR, ,Minor Arterial,Intersection,At Intersection,No Control,Clear,Daylight,Dry,Non-Fatal Injury,Turning Movement,Vehicle Owner,unknown, ,0, ,Other, , , , , , , , , ,0,0,1,0,0,0,0,1,0,0,0,0,0,0
1106578,2009,5,4,11,0,0,43.69694538,-79.49389029,York South-Weston (12),12,Brookhaven-Amesbury (30),30,D12,Etobicoke York,TRETHEWEY DR,BROOKHAVEN DR, ,Minor Arterial,Intersection,At Intersection,No Control,Clear,Daylight,Dry,Non-Fatal Injury,Turning Movement,Driver,55 to 59,,0,East,"Automobile, Station Wagon",Going Ahead,Driving Properly,Normal, , , , , , ,0,0,1,0,0,0,0,1,0,0,0,0,0,0
1108048,2009,5,15,11,0,4,43.76804538,-79.18769029,Scarborough East (43),43,West Hill (136),136,D43,Scarborough,4175 LAWRENCE AVE E, , ,Major Arterial,Mid-Block, ,No Control,Clear,Daylight,Dry,Non-Fatal Injury,Pedestrian Collisions,Pedestrian,60 to 64,Major,0,South,Other, , , ,Pedestrian hit at mid-block,"Crossing, no Traffic Control",Had Been Drinking, , , ,1,0,1,0,0,0,0,0,0,0,0,0,0,0
1108048,2009,5,15,11,0,4,43.76804538,-79.18769029,Scarborough East (43),43,West Hill (136),136,D43,Scarborough,4175 LAWRENCE AVE E, , ,Major Arterial,Mid-Block, ,No Control,Clear,Daylight,Dry,Non-Fatal Injury,Pedestrian Collisions,Driver,80 to 84,,0,West,"Automobile, Station Wagon",Going Ahead,Driving Properly,Normal, , , , , , ,1,0,1,0,0,0,0,0,0,0,0,0,0,0
1137628,2009,10,28,11,0,2,43.64714538,-79.40399029,Trinity-Spadina (20),20,Waterfront Communities-The Island (77),77,D14,Toronto East York,QUEEN Stre W,BATHURST Stre, ,Major Arterial,Intersection, ,Traffic Signal,Clear,Daylight,Dry,Non-Fatal Injury,Pedestrian Collisions,Driver,65 to 69,,0,East,"Automobile, Station Wagon",Going Ahead,Driving Properly,Normal, , , , , , ,1,0,1,0,0,0,0,0,0,0,0,0,0,0
1137628,2009,10,28,11,0,2,43.64714538,-79.40399029,Trinity-Spadina (20),20,Waterfront Communities-The Island (77),77,D14,Toronto East York,QUEEN Stre W,BATHURST Stre, ,Major Arterial,Intersection, ,Traffic Signal,Clear,Daylight,Dry,Non-Fatal Injury,Pedestrian Collisions,Pedestrian,45 to 49,Major,0, ,Other, , , ,Vehicle is going straight thru inter.while ped cross without ROW,Crossing without right of way,Unknown, , , ,1,0,1,0,0,0,0,0,0,0,0,0,0,0
1137628,2009,10,28,11,0,2,43.64714538,-79.40399029,Trinity-Spadina (20),20,Waterfront Communities-The Island (77),77,D14,Toronto East York,QUEEN Stre W,BATHURST Stre, ,Major Arterial,Intersection, ,Traffic Signal,Clear,Daylight,Dry,Non-Fatal Injury,Pedestrian Collisions,Vehicle Owner,unknown, ,0, ,Other, , , , , , , , , ,1,0,1,0,0,0,0,0,0,0,0,0,0,0
1189140,2010,9,14,11,0,1,43.69074538,-79.26609029,Scarborough Southwest (36),36,Birchcliffe-Cliffside (122),122,D41,Scarborough,KINGSTON RD,LAKESIDE AVE, ,Major Arterial,Intersection,At Intersection,Stop Sign,Clear,Daylight,Dry,Non-Fatal Injury,Turning Movement,Motorcycle Driver,70 to 74,Major,0,North,Motorcycle,Turning Left,Failed to Yield Right of Way,Normal, , , , , , ,0,0,1,1,0,0,0,0,0,1,0,0,0,0
1189140,2010,9,14,11,0,1,43.69074538,-79.26609029,Scarborough Southwest (36),36,Birchcliffe-Cliffside (122),122,D41,Scarborough,KINGSTON RD,LAKESIDE AVE, ,Major Arterial,Intersection,At Intersection,Stop Sign,Clear,Daylight,Dry,Non-Fatal Injury,Turning Movement,Driver,70 to 74,,0,East,"Automobile, Station Wagon",Going Ahead,Driving Properly,Normal, , , , , , ,0,0,1,1,0,0,0,0,0,1,0,0,0,0
1198672,2010,11,1,11,0,0,43.75554538,-79.24529029,Scarborough Centre (38),38,Bendale (127),127,D43,Scarborough,LAWRENCE AVE E,MCCOWAN RD, ,Major Arterial,Intersection, ,No Control,Clear,Daylight,Dry,Non-Fatal Injury,Pedestrian Collisions,Pedestrian,45 to 49,Major,0,South,Other, , , ,Pedestrian hit at mid-block,"Crossing, no Traffic Control",Unknown, , , ,1,0,1,0,0,0,0,0,0,0,0,0,0,0
4001626103,2014,3,2,12,8,6,43.78728064,-79.47004328,York Centre (10),10,Bathurst Manor (34),34,D32,North York,STEELES AVE W,DUFFERIN ST, ,Major Arterial,Intersection,At Intersection,Traffic Signal,Clear,Daylight,Wet,Non-Fatal Injury,Turning Movement,Driver,75 to 79,Major,0,South,"Automobile, Station Wagon",Turning Left,Improper Turn,Normal, , , , , , ,0,0,1,0,0,0,0,0,0,0,0,0,0,0
4001626103,2014,3,2,12,8,6,43.78728064,-79.47004328,York Centre (10),10,Bathurst Manor (34),34,D32,North York,STEELES AVE W,DUFFERIN ST, ,Major Arterial,Intersection,At Intersection,Traffic Signal,Clear,Daylight,Wet,Non-Fatal Injury,Turning Movement,Driver,35 to 39,Minimal,0,North,"Automobile, Station Wagon",Going Ahead,Driving Properly,Normal, , , , , , ,0,0,1,0,0,0,0,0,0,0,0,0,0,0
968739,2007,4,22,12,10,6,43.66634538,-79.46489029,Parkdale-High Park (14),14,Junction Area (90),90,D11,Toronto East York,KEELE ST,JACKSON PL, ,Major Arterial,Mid-Block, ,Stop Sign,Clear,Daylight,Dry,Non-Fatal Injury,Angle,Vehicle Owner,unknown, ,0, ,Other, , , , , , , , , ,0,0,1,0,0,0,0,1,1,1,0,1,0,0
968739,2007,4,22,12,10,6,43.66634538,-79.46489029,Parkdale-High Park (14),14,Junction Area (90),90,D11,Toronto East York,KEELE ST,JACKSON PL, ,Major Arterial,Mid-Block, ,Stop Sign,Clear,Daylight,Dry,Non-Fatal Injury,Angle,Driver,50 to 54,Major,0,South,"Automobile, Station Wagon",Going Ahead,Driving Properly,Normal, , , , , , ,0,0,1,0,0,0,0,1,1,1,0,1,0,0
968739,2007,4,22,12,10,6,43.66634538,-79.46489029,Parkdale-High Park (14),14,Junction Area (90),90,D11,Toronto East York,KEELE ST,JACKSON PL, ,Major Arterial,Mid-Block, ,Stop Sign,Clear,Daylight,Dry,Non-Fatal Injury,Angle,Passenger,20 to 24,Minimal,0, ,Other, , , , , , , , , ,0,0,1,0,0,0,0,1,1,1,0,1,0,0
968739,2007,4,22,12,10,6,43.66634538,-79.46489029,Parkdale-High Park (14),14,Junction Area (90),90,D11,Toronto East York,KEELE ST,JACKSON PL, ,Major Arterial,Mid-Block, ,Stop Sign,Clear,Daylight,Dry,Non-Fatal Injury,Angle,Driver,50 to 54,,0,South,"Automobile, Station Wagon",Going Ahead,Driving Properly,Normal, , , , , , ,0,0,1,0,0,0,0,1,1,1,0,1,0,0
968739,2007,4,22,12,10,6,43.66634538,-79.46489029,Parkdale-High Park (14),14,Junction Area (90),90,D11,Toronto East York,KEELE ST,JACKSON PL, ,Major Arterial,Mid-Block, ,Stop Sign,Clear,Daylight,Dry,Non-Fatal Injury,Angle,Driver,60 to 64,,0,West,"Automobile, Station Wagon",Going Ahead,Failed to Yield Right of Way,"Ability Impaired, Alcohol Over .08", , , , , , ,0,0,1,0,0,0,0,1,1,1,0,1,0,0
981212,2007,6,22,12,10,4,43.78324538,-79.17069029,Scarborough East (44),44,Centennial Scarborough (133),133,D43,Scarborough,OLD KINGSTON RD,MORRISH RD, ,Minor Arterial,Intersection,At Intersection,Stop Sign,Clear,Daylight,Dry,Non-Fatal Injury,SMV Other,Motorcycle Driver,40 to 44,Major,0,West,Motorcycle,Going Ahead,Driving Properly,Normal, , , , , , ,0,0,0,1,0,0,0,0,0,1,0,0,0,0
981212,2007,6,22,12,10,4,43.78324538,-79.17069029,Scarborough East (44),44,Centennial Scarborough (133),133,D43,Scarborough,OLD KINGSTON RD,MORRISH RD, ,Minor Arterial,Intersection,At Intersection,Stop Sign,Clear,Daylight,Dry,Non-Fatal Injury,SMV Other,Vehicle Owner,unknown, ,0, ,Other, , , , , , , , , ,0,0,0,1,0,0,0,0,0,1,0,0,0,0
981212,2007,6,22,12,10,4,43.78324538,-79.17069029,Scarborough East (44),44,Centennial Scarborough (133),133,D43,Scarborough,OLD KINGSTON RD,MORRISH RD, ,Minor Arterial,Intersection,At Intersection,Stop Sign,Clear,Daylight,Dry,Non-Fatal Injury,SMV Other,Driver,40 to 44,,0,South,Other,Turning Left,Failed to Yield Right of Way,Normal, , , , , , ,0,0,0,1,0,0,0,0,0,1,0,0,0,0
1285480,2012,1,17,12,10,1,43.69154538,-79.57079029,Etobicoke North (2),2,West Humber-Clairville (1),1,D23,Etobicoke York,DIXON Road,MARTIN GROVE Road, ,Major Arterial,Intersection,At Intersection,Traffic Signal,Clear,Daylight,Dry,Non-Fatal Injury,Angle,Passenger,80 to 84,Minor,0, ,Other, , , , , , , , , ,0,0,1,0,0,0,0,1,0,1,1,0,0,0
1285480,2012,1,17,12,10,1,43.69154538,-79.57079029,Etobicoke North (2),2,West Humber-Clairville (1),1,D23,Etobicoke York,DIXON Road,MARTIN GROVE Road, ,Major Arterial,Intersection,At Intersection,Traffic Signal,Clear,Daylight,Dry,Non-Fatal Injury,Angle,Passenger,75 to 79,Minor,0, ,Other, , , , , , , , , ,0,0,1,0,0,0,0,1,0,1,1,0,0,0