ACCNUM,YEAR,MONTH,DAY,HOUR,MINUTES,WEEKDAY,LATITUDE,LONGITUDE,Ward_Name,Ward_ID,Hood_Name,Hood_ID,Division,District,STREET1,STREET2,OFFSET,ROAD_CLASS,LOCCOORD,ACCLOC,TRAFFCTL,VISIBILITY,LIGHT,RDSFCOND,ACCLASS,IMPACTYPE,INVTYPE,INVAGE,INJURY,FATAL_NO,INITDIR,VEHTYPE,MANOEUVER,DRIVACT,DRIVCOND,PEDTYPE,PEDACT,PEDCOND,CYCLISTYPE,CYCACT,CYCCOND,PEDESTRIAN,CYCLIST,AUTOMOBILE,MOTORCYCLE,TRUCK,TRSN_CITY_VEH,EMERG_VEH,PASSENGER,SPEEDING,AG_DRIV,REDLIGHT,ALCOHOL,DISABILITY,label
1285480,2012,1,17,12,10,1,43.69154538,-79.57079029,Etobicoke North (2),2,West Humber-Clairville (1),1,D23,Etobicoke York,DIXON Road,MARTIN GROVE Road, ,Major Arterial,Intersection,At Intersection,Traffic Signal,Clear,Daylight,Dry,Non-Fatal Injury,Angle,Passenger,70 to 74,Minor,0, ,Other, , , , , , , , , ,0,0,1,0,0,0,0,1,0,1,1,0,0,0
1285480,2012,1,17,12,10,1,43.69154538,-79.57079029,Etobicoke North (2),2,West Humber-Clairville (1),1,D23,Etobicoke York,DIXON Road,MARTIN GROVE Road, ,Major Arterial,Intersection,At Intersection,Traffic Signal,Clear,Daylight,Dry,Non-Fatal Injury,Angle,Driver,75 to 79,Minor,0,North,"Automobile, Station Wagon",Going Ahead,Disobeyed Traffic Control,Inattentive, , , , , , ,0,0,1,0,0,0,0,1,0,1,1,0,0,0
1285480,2012,1,17,12,10,1,43.69154538,-79.57079029,Etobicoke North (2),2,West Humber-Clairville (1),1,D23,Etobicoke York,DIXON Road,MARTIN GROVE Road, ,Major Arterial,Intersection,At Intersection,Traffic Signal,Clear,Daylight,Dry,Non-Fatal Injury,Angle,Driver,50 to 54,Major,0,East,"Automobile, Station Wagon",Going Ahead,Driving Properly,Normal, , , , , , ,0,0,1,0,0,0,0,1,0,1,1,0,0,0
1300673,2012,6,25,12,10,0,43.65474661,-79.56518946,Etobicoke Centre (3),3,Eringate-Centennial-West Deane (11),11,D22,Etobicoke York,RATHBURN RD,THE EAST MALL, ,Minor Arterial,Mid-Block,At Intersection,No Control,Clear,Daylight,Dry,Non-Fatal Injury,Cyclist Collisions,Driver,60 to 64,,0,West,"Automobile, Station Wagon",Merging,Improper Lane Change,Normal, , , , , , ,0,1,1,0,0,0,0,0,0,0,0,0,0,0
1300673,2012,6,25,12,10,0,43.65474661,-79.56518946,Etobicoke Centre (3),3,Eringate-Centennial-West Deane (11),11,D22,Etobicoke York,RATHBURN RD,THE EAST MALL, ,Minor Arterial,Mid-Block,At Intersection,No Control,Clear,Daylight,Dry,Non-Fatal Injury,Cyclist Collisions,Cyclist,80 to 84,Major,0,West,Bicycle,Going Ahead, , , , , ,Cyclist and Driver travelling in same direction. One vehicle sideswipes the other.,Driving Properly,Normal,0,1,1,0,0,0,0,0,0,0,0,0,0,0
1381745,2013,8,5,12,10,0,43.62358435,-79.51477442,Etobicoke-Lakeshore (5),5,Stonegate-Queensway (16),16,D22,Etobicoke York,ISLINGTON AVE,THE QUEENSWAY, ,Major Arterial,Intersection, ,Traffic Signal,Clear,Daylight,Dry,Non-Fatal Injury,Pedestrian Collisions,Vehicle Owner,unknown, ,0, ,Other, , , , , , , , , ,1,0,1,0,0,0,0,0,0,1,0,0,0,0
1381745,2013,8,5,12,10,0,43.62358435,-79.51477442,Etobicoke-Lakeshore (5),5,Stonegate-Queensway (16),16,D22,Etobicoke York,ISLINGTON AVE,THE QUEENSWAY, ,Major Arterial,Intersection, ,Traffic Signal,Clear,Daylight,Dry,Non-Fatal Injury,Pedestrian Collisions,Driver,20 to 24,,0,South,"Automobile, Station Wagon",Turning Right,Failed to Yield Right of Way,Normal, , , , , , ,1,0,1,0,0,0,0,0,0,1,0,0,0,0
1381745,2013,8,5,12,10,0,43.62358435,-79.51477442,Etobicoke-Lakeshore (5),5,Stonegate-Queensway (16),16,D22,Etobicoke York,ISLINGTON AVE,THE QUEENSWAY, ,Major Arterial,Intersection, ,Traffic Signal,Clear,Daylight,Dry,Non-Fatal Injury,Pedestrian Collisions,Pedestrian,85 to 89,Major,0,East,Other, , , ,Vehicle turns right while ped crosses with ROW at inter.,Crossing with right of way,Normal, , , ,1,0,1,0,0,0,0,0,0,1,0,0,0,0
5001407837,2015,8,16,12,10,6,43.73298605,-79.38129053,Don Valley West (25),25,Bridle Path-Sunnybrook-York Mills (41),41,D32,North York,2350 BAYVIEW AVE, , ,Major Arterial,Intersection,Intersection Related,Traffic Signal,Clear,Daylight,Dry,Fatal,Turning Movement,Driver,85 to 89,Fatal,40,South,"Automobile, Station Wagon",Going Ahead,Disobeyed Traffic Control,Inattentive, , , , , , ,0,0,1,0,0,0,0,0,0,1,1,0,0,1
5001407837,2015,8,16,12,10,6,43.73298605,-79.38129053,Don Valley West (25),25,Bridle Path-Sunnybrook-York Mills (41),41,D32,North York,2350 BAYVIEW AVE, , ,Major Arterial,Intersection,Intersection Related,Traffic Signal,Clear,Daylight,Dry,Fatal,Turning Movement,Driver,20 to 24,,0,East,"Automobile, Station Wagon",Turning Left,Driving Properly,Normal, , , , , , ,0,0,1,0,0,0,0,0,0,1,1,0,0,1
4003323321,2014,11,18,12,11,1,43.80295523,-79.397297,Willowdale (24),24,Newtonbrook East (50),50,D32,North York,STEELES AVE E,BAYVIEW AVE,85 m West of,Major Arterial,Mid-Block,Non Intersection,No Control,Clear,Daylight,Dry,Non-Fatal Injury,Other,Driver,55 to 59,,0,West,Municipal Transit Bus (TTC),Going Ahead,Driving Properly,Normal, , , , , , ,0,0,0,0,0,1,0,1,0,0,0,0,0,0
4003323321,2014,11,18,12,11,1,43.80295523,-79.397297,Willowdale (24),24,Newtonbrook East (50),50,D32,North York,STEELES AVE E,BAYVIEW AVE,85 m West of,Major Arterial,Mid-Block,Non Intersection,No Control,Clear,Daylight,Dry,Non-Fatal Injury,Other,Passenger,55 to 59,Major,0, ,Municipal Transit Bus (TTC), , , , , , , , , ,0,0,0,0,0,1,0,1,0,0,0,0,0,0
5001220959,2015,7,18,12,11,5,43.80104788,-79.40623865,Willowdale (24),24,Newtonbrook East (50),50,D32,North York,STEELES AVE E,MAXOME AVE, ,Major Arterial,Intersection,At Intersection,Traffic Signal,Clear,Daylight,Dry,Non-Fatal Injury,Turning Movement,Driver,75 to 79,Minor,0,West,"Automobile, Station Wagon",Turning Left,Failed to Yield Right of Way,Inattentive, , , , , , ,0,0,1,0,0,0,0,1,0,1,0,0,0,0
5001220959,2015,7,18,12,11,5,43.80104788,-79.40623865,Willowdale (24),24,Newtonbrook East (50),50,D32,North York,STEELES AVE E,MAXOME AVE, ,Major Arterial,Intersection,At Intersection,Traffic Signal,Clear,Daylight,Dry,Non-Fatal Injury,Turning Movement,Driver,75 to 79,Major,0,East,"Automobile, Station Wagon",Going Ahead,Driving Properly,Normal, , , , , , ,0,0,1,0,0,0,0,1,0,1,0,0,0,0
5001220959,2015,7,18,12,11,5,43.80104788,-79.40623865,Willowdale (24),24,Newtonbrook East (50),50,D32,North York,STEELES AVE E,MAXOME AVE, ,Major Arterial,Intersection,At Intersection,Traffic Signal,Clear,Daylight,Dry,Non-Fatal Injury,Turning Movement,Driver,40 to 44,Minor,0,North,"Automobile, Station Wagon",Stopped,Driving Properly,Normal, , , , , , ,0,0,1,0,0,0,0,1,0,1,0,0,0,0
5001220959,2015,7,18,12,11,5,43.80104788,-79.40623865,Willowdale (24),24,Newtonbrook East (50),50,D32,North York,STEELES AVE E,MAXOME AVE, ,Major Arterial,Intersection,At Intersection,Traffic Signal,Clear,Daylight,Dry,Non-Fatal Injury,Turning Movement,Passenger,10 to 14,,0, , , , , , , , , , , ,0,0,1,0,0,0,0,1,0,1,0,0,0,0
5001445203,2015,8,22,12,11,5,43.72277792,-79.30184565,Scarborough Southwest (35),35,Clairlea-Birchmount (120),120,D41,Scarborough,1468 VICTORIA PARK AVE, ,50 m South of,Major Arterial,Mid-Block,At/Near Private Drive,No Control,Clear,Daylight,Dry,Non-Fatal Injury,SMV Other,Motorcycle Driver,55 to 59,Major,0,South,Motorcycle,Changing Lanes,Lost control,Normal, , , , , , ,0,0,0,1,0,0,0,0,1,1,0,0,0,0
1008986,2007,12,15,12,12,5,43.76284538,-79.21109029,Scarborough East (43),43,Woburn (137),137,D43,Scarborough,LAWRENCE AVE E,MOSSBANK DR, ,Major Arterial,Intersection, ,No Control,Snow,Daylight,Loose Snow,Fatal,Pedestrian Collisions,Vehicle Owner,unknown, ,0, ,Other, , , , , , , , , ,1,0,1,0,0,0,0,0,0,0,0,0,0,1
1008986,2007,12,15,12,12,5,43.76284538,-79.21109029,Scarborough East (43),43,Woburn (137),137,D43,Scarborough,LAWRENCE AVE E,MOSSBANK DR, ,Major Arterial,Intersection, ,No Control,Snow,Daylight,Loose Snow,Fatal,Pedestrian Collisions,Driver,55 to 59,,0,West,"Automobile, Station Wagon",Going Ahead,Driving Properly,Normal, , , , , , ,1,0,1,0,0,0,0,0,0,0,0,0,0,1
1008986,2007,12,15,12,12,5,43.76284538,-79.21109029,Scarborough East (43),43,Woburn (137),137,D43,Scarborough,LAWRENCE AVE E,MOSSBANK DR, ,Major Arterial,Intersection, ,No Control,Snow,Daylight,Loose Snow,Fatal,Pedestrian Collisions,Pedestrian,40 to 44,Fatal,0,North,Other, , , ,Pedestrian hit at mid-block,Running onto Roadway,Normal, , , ,1,0,1,0,0,0,0,0,0,0,0,0,0,1
1274426,2012,1,11,12,12,2,43.68764538,-79.39639029,St. Paul's (22),22,Yonge-St.Clair (97),97,D53,Toronto East York,ST CLAIR AVE W,DEER PARK CRES, ,Major Arterial,Mid-Block, ,No Control,Clear,Daylight,Dry,Non-Fatal Injury,Pedestrian Collisions,Vehicle Owner,unknown, ,0, ,Other, , , , , , , , , ,1,0,0,0,0,1,0,0,0,0,0,0,0,0
1274426,2012,1,11,12,12,2,43.68764538,-79.39639029,St. Paul's (22),22,Yonge-St.Clair (97),97,D53,Toronto East York,ST CLAIR AVE W,DEER PARK CRES, ,Major Arterial,Mid-Block, ,No Control,Clear,Daylight,Dry,Non-Fatal Injury,Pedestrian Collisions,Pedestrian,15 to 19,Major,0,North,Other, , , ,Pedestrian involved in a collision with transit vehicle anywhere along roadway,Running onto Roadway,Inattentive, , , ,1,0,0,0,0,1,0,0,0,0,0,0,0,0
1274426,2012,1,11,12,12,2,43.68764538,-79.39639029,St. Paul's (22),22,Yonge-St.Clair (97),97,D53,Toronto East York,ST CLAIR AVE W,DEER PARK CRES, ,Major Arterial,Mid-Block, ,No Control,Clear,Daylight,Dry,Non-Fatal Injury,Pedestrian Collisions,Driver,55 to 59,,0,East,Municipal Transit Bus (TTC),Going Ahead,Driving Properly,Normal, , , , , , ,1,0,0,0,0,1,0,0,0,0,0,0,0,0
5002232122,2015,10,1,12,12,3,43.66285666,-79.36738215,Toronto Centre-Rosedale (28),28,Cabbagetown-South St.James Town (71),71,D51,Toronto East York,PARLIAMENT ST,SPRUCE ST,500 m North of,Minor Arterial,Mid-Block,Non Intersection,No Control,Clear,Daylight,Dry,Non-Fatal Injury,Cyclist Collisions,Driver,unknown,,0,North,"Automobile, Station Wagon",Stopped,Other,Inattentive, , , , , , ,0,1,1,0,0,0,0,0,0,0,0,0,0,0
5002232122,2015,10,1,12,12,3,43.66285666,-79.36738215,Toronto Centre-Rosedale (28),28,Cabbagetown-South St.James Town (71),71,D51,Toronto East York,PARLIAMENT ST,SPRUCE ST,500 m North of,Minor Arterial,Mid-Block,Non Intersection,No Control,Clear,Daylight,Dry,Non-Fatal Injury,Cyclist Collisions,Cyclist,60 to 64,Major,0,North,Bicycle,Overtaking, , , , , ,Cyclist struck opened vehicle door,Driving Properly,Normal,0,1,1,0,0,0,0,0,0,0,0,0,0,0
7003087545,2017,11,28,12,12,1,43.707172,-79.40327082,Eglinton-Lawrence (16),16,Yonge-Eglinton (100),100,D53,North York,EDITH DR,ORCHARD VIEW BLVD, ,Collector,Intersection,At Intersection,Stop Sign,Clear,Daylight,Dry,Fatal,Pedestrian Collisions,Driver,50 to 54,,56,West, ,Turning Left,Failed to Yield Right of Way,Unknown, , , , , , ,1,0,0,0,0,0,0,0,0,1,0,0,0,1
7003087545,2017,11,28,12,12,1,43.707172,-79.40327082,Eglinton-Lawrence (16),16,Yonge-Eglinton (100),100,D53,North York,EDITH DR,ORCHARD VIEW BLVD, ,Collector,Intersection,At Intersection,Stop Sign,Clear,Daylight,Dry,Fatal,Pedestrian Collisions,Pedestrian,80 to 84,Fatal,56,Unknown, , , , ,Vehicle turns left while ped crosses with ROW at inter.,Crossing with right of way,Unknown, , , ,1,0,0,0,0,0,0,0,0,1,0,0,0,1
1351701,2013,4,12,12,13,4,43.65824538,-79.37789029,Toronto Centre-Rosedale (27),27,Church-Yonge Corridor (75),75,D51,Toronto East York,CHURCH ST,GOULD ST, ,Minor Arterial,Intersection,At Intersection,Traffic Signal,Rain,Daylight,Wet,Non-Fatal Injury,Pedestrian Collisions,Vehicle Owner,unknown, ,0, ,Other, , , , , , , , , ,1,0,1,0,0,0,0,0,0,1,0,0,0,0
1351701,2013,4,12,12,13,4,43.65824538,-79.37789029,Toronto Centre-Rosedale (27),27,Church-Yonge Corridor (75),75,D51,Toronto East York,CHURCH ST,GOULD ST, ,Minor Arterial,Intersection,At Intersection,Traffic Signal,Rain,Daylight,Wet,Non-Fatal Injury,Pedestrian Collisions,Driver,30 to 34,,0,East,"Automobile, Station Wagon",Turning Left,Failed to Yield Right of Way,Inattentive, , , , , , ,1,0,1,0,0,0,0,0,0,1,0,0,0,0
1351701,2013,4,12,12,13,4,43.65824538,-79.37789029,Toronto Centre-Rosedale (27),27,Church-Yonge Corridor (75),75,D51,Toronto East York,CHURCH ST,GOULD ST, ,Minor Arterial,Intersection,At Intersection,Traffic Signal,Rain,Daylight,Wet,Non-Fatal Injury,Pedestrian Collisions,Pedestrian,80 to 84,Major,0,East,Other, , , ,Vehicle turns left while ped crosses with ROW at inter.,Crossing with right of way,Normal, , , ,1,0,1,0,0,0,0,0,0,1,0,0,0,0
1269531,2011,10,12,12,14,2,43.69734538,-79.39649029,St. Paul's (22),22,Yonge-Eglinton (100),100,D53,Toronto East York,YONGE ST,BALLIOL ST, ,Major Arterial,Intersection,At Intersection,No Control,Rain,Daylight,Wet,Non-Fatal Injury,Pedestrian Collisions,Driver,60 to 64,,0,North,"Automobile, Station Wagon",Going Ahead,Driving Properly,Normal, , , , , , ,1,0,1,0,0,0,0,0,0,0,0,0,0,0
1269531,2011,10,12,12,14,2,43.69734538,-79.39649029,St. Paul's (22),22,Yonge-Eglinton (100),100,D53,Toronto East York,YONGE ST,BALLIOL ST, ,Major Arterial,Intersection,At Intersection,No Control,Rain,Daylight,Wet,Non-Fatal Injury,Pedestrian Collisions,In-Line Skater,15 to 19,Major,0,West,Other, , , ,Vehicle is going straight thru inter.while ped cross without ROW,Running onto Roadway,Normal, , , ,1,0,1,0,0,0,0,0,0,0,0,0,0,0
1291754,2012,3,5,12,14,0,43.69644538,-79.29229029,Beaches-East York (31),31,Taylor-Massey (61),61,D54,Toronto East York,1 MASSEY Sq, , ,Local,Mid-Block, ,No Control,Clear,Daylight,Dry,Non-Fatal Injury,Pedestrian Collisions,Driver,50 to 54,,0,South,"Automobile, Station Wagon",Going Ahead,Failed to Yield Right of Way,Normal, , , , , , ,1,0,1,0,0,0,0,0,0,1,0,0,0,0
1291754,2012,3,5,12,14,0,43.69644538,-79.29229029,Beaches-East York (31),31,Taylor-Massey (61),61,D54,Toronto East York,1 MASSEY Sq, , ,Local,Mid-Block, ,No Control,Clear,Daylight,Dry,Non-Fatal Injury,Pedestrian Collisions,Pedestrian,unknown,Major,0,West,Other, , , ,Pedestrian hit on sidewalk or shoulder,On Sidewalk or Shoulder,Normal, , , ,1,0,1,0,0,0,0,0,0,1,0,0,0,0
1320969,2012,10,19,12,14,4,43.65214538,-79.36439029,Toronto Centre-Rosedale (28),28,Moss Park (73),73,D51,Toronto East York,KING ST E,BERKELEY ST, ,Major Arterial,Intersection, ,Traffic Signal,Clear,Daylight,Dry,Non-Fatal Injury,Turning Movement,Driver,45 to 49,,0,East,"Automobile, Station Wagon",Going Ahead,Driving Properly,Normal, , , , , , ,0,0,1,0,0,0,0,0,0,0,0,0,0,0
1320969,2012,10,19,12,14,4,43.65214538,-79.36439029,Toronto Centre-Rosedale (28),28,Moss Park (73),73,D51,Toronto East York,KING ST E,BERKELEY ST, ,Major Arterial,Intersection, ,Traffic Signal,Clear,Daylight,Dry,Non-Fatal Injury,Turning Movement,Vehicle Owner,unknown, ,0, ,Other, , , , , , , , , ,0,0,1,0,0,0,0,0,0,0,0,0,0,0
1320969,2012,10,19,12,14,4,43.65214538,-79.36439029,Toronto Centre-Rosedale (28),28,Moss Park (73),73,D51,Toronto East York,KING ST E,BERKELEY ST, ,Major Arterial,Intersection, ,Traffic Signal,Clear,Daylight,Dry,Non-Fatal Injury,Turning Movement,Driver,55 to 59,Major,0,East,"Automobile, Station Wagon",Making U Turn,Improper Turn,Normal, , , , , , ,0,0,1,0,0,0,0,0,0,0,0,0,0,0
1350654,2013,3,30,12,14,5,43.67723425,-79.49613581,York South-Weston (11),11,Rockcliffe-Smythe (111),111,D12,Etobicoke York,JANE ST,DALRYMPLE DR, ,Major Arterial,Intersection,At Intersection,No Control,Clear,Daylight,Dry,Non-Fatal Injury,Cyclist Collisions,Driver,unknown,,0,North,"Automobile, Station Wagon",Turning Left,Failed to Yield Right of Way,Unknown, , , , , , ,0,1,1,0,0,0,0,0,0,1,0,0,0,0
1350654,2013,3,30,12,14,5,43.67723425,-79.49613581,York South-Weston (11),11,Rockcliffe-Smythe (111),111,D12,Etobicoke York,JANE ST,DALRYMPLE DR, ,Major Arterial,Intersection,At Intersection,No Control,Clear,Daylight,Dry,Non-Fatal Injury,Cyclist Collisions,Cyclist,40 to 44,Major,0,South,Bicycle,Going Ahead, , , , , ,Motorist turned left across cyclists path.,Driving Properly,Normal,0,1,1,0,0,0,0,0,0,1,0,0,0,0
1045776,2008,5,25,12,15,6,43.61854538,-79.48669029,Etobicoke-Lakeshore (6),6,Mimico (includes Humber Bay Shores) (17),17,D22,Etobicoke York,2300 LAKE SHORE BLVD W, , ,Major Arterial,Mid-Block, ,No Control,Clear,Daylight,Dry,Non-Fatal Injury,Cyclist Collisions,Driver,20 to 24,,0,West,"Automobile, Station Wagon",Stopped,Failed to Yield Right of Way,Unknown, , , , , , ,0,1,1,0,0,0,0,0,0,1,0,0,0,0
1045776,2008,5,25,12,15,6,43.61854538,-79.48669029,Etobicoke-Lakeshore (6),6,Mimico (includes Humber Bay Shores) (17),17,D22,Etobicoke York,2300 LAKE SHORE BLVD W, , ,Major Arterial,Mid-Block, ,No Control,Clear,Daylight,Dry,Non-Fatal Injury,Cyclist Collisions,Cyclist,25 to 29,Major,0,North,Bicycle,Going Ahead, , , , , ,"Motorist without ROW drives into path of cyclist at inter, lnwy, dwy-Driver not turn.",Driving Properly,Normal,0,1,1,0,0,0,0,0,0,1,0,0,0,0
1081003,2008,12,10,12,15,2,43.64564538,-79.36989029,Toronto Centre-Rosedale (28),28,Waterfront Communities-The Island (77),77,D51,Toronto East York,LAKE SHORE BLVD E,LOWER JARVIS ST, ,Major Arterial,Intersection, ,Traffic Signal,Clear,Daylight,Wet,Non-Fatal Injury,Turning Movement,Driver,55 to 59,Minimal,0,East,"Automobile, Station Wagon",Turning Left,Improper Turn,Inattentive, , , , , , ,0,0,1,0,0,0,0,1,0,0,0,0,0,0
1081003,2008,12,10,12,15,2,43.64564538,-79.36989029,Toronto Centre-Rosedale (28),28,Waterfront Communities-The Island (77),77,D51,Toronto East York,LAKE SHORE BLVD E,LOWER JARVIS ST, ,Major Arterial,Intersection, ,Traffic Signal,Clear,Daylight,Wet,Non-Fatal Injury,Turning Movement,Passenger,70 to 74,Major,0, ,Other, , , , , , , , , ,0,0,1,0,0,0,0,1,0,0,0,0,0,0
1081003,2008,12,10,12,15,2,43.64564538,-79.36989029,Toronto Centre-Rosedale (28),28,Waterfront Communities-The Island (77),77,D51,Toronto East York,LAKE SHORE BLVD E,LOWER JARVIS ST, ,Major Arterial,Intersection, ,Traffic Signal,Clear,Daylight,Wet,Non-Fatal Injury,Turning Movement,Driver,70 to 74,Minor,0,West,"Automobile, Station Wagon",Going Ahead,Driving Properly,Normal, , , , , , ,0,0,1,0,0,0,0,1,0,0,0,0,0,0
1244328,2011,7,16,12,15,5,43.69614538,-79.53269029,Etobicoke North (2),2,Humber Heights-Westmount (8),8,D23,Etobicoke York,LAWRENCE AVE W,ROYAL YORK RD, ,Minor Arterial,Intersection,At Intersection,Traffic Signal,Clear,Daylight,Dry,Fatal,SMV Other,Passenger,70 to 74,Fatal,14, ,Other, , , , , , , , , ,0,0,1,0,0,0,0,1,0,0,0,0,0,1
1244328,2011,7,16,12,15,5,43.69614538,-79.53269029,Etobicoke North (2),2,Humber Heights-Westmount (8),8,D23,Etobicoke York,LAWRENCE AVE W,ROYAL YORK RD, ,Minor Arterial,Intersection,At Intersection,Traffic Signal,Clear,Daylight,Dry,Fatal,SMV Other,Driver,70 to 74,Major,0,West,"Automobile, Station Wagon",Going Ahead,Lost control,Unknown, , , , , , ,0,0,1,0,0,0,0,1,0,0,0,0,0,1
1244328,2011,7,16,12,15,5,43.69614538,-79.53269029,Etobicoke North (2),2,Humber Heights-Westmount (8),8,D23,Etobicoke York,LAWRENCE AVE W,ROYAL YORK RD, ,Minor Arterial,Intersection,At Intersection,Traffic Signal,Clear,Daylight,Dry,Fatal,SMV Other,Other Property Owner,unknown, ,0, ,Other, , , , , , , , , ,0,0,1,0,0,0,0,1,0,0,0,0,0,1
1313717,2012,8,1,12,15,2,43.67944538,-79.34249029,Toronto-Danforth (29),29,Danforth (66),66,D54,Toronto East York,DANFORTH AVE,EATON AVE, ,Major Arterial,Mid-Block, ,No Control,Clear,Daylight,Dry,Non-Fatal Injury,Pedestrian Collisions,Driver,65 to 69,Minimal,0,East,"Automobile, Station Wagon",Going Ahead,Driving Properly,Normal, , , , , , ,1,0,1,0,0,0,0,0,0,0,0,0,0,0
1313717,2012,8,1,12,15,2,43.67944538,-79.34249029,Toronto-Danforth (29),29,Danforth (66),66,D54,Toronto East York,DANFORTH AVE,EATON AVE, ,Major Arterial,Mid-Block, ,No Control,Clear,Daylight,Dry,Non-Fatal Injury,Pedestrian Collisions,Pedestrian,25 to 29,Major,0,North,Other, , , ,Pedestrian hit at mid-block,Running onto Roadway,Medical or Physical Disability, , , ,1,0,1,0,0,0,0,0,0,0,0,0,0,0
1374300,2013,6,27,12,15,3,43.63134538,-79.57679029,Etobicoke Centre (3),3,Markland Wood (12),12,D22,Etobicoke York,BLOOR ST W,MILL RD, ,Major Arterial,Mid-Block, ,No Control,Clear,Daylight,Dry,Non-Fatal Injury,Pedestrian Collisions,Driver,15 to 19,,0,East,"Automobile, Station Wagon",Other,Lost control,Fatigue, , , , , , ,1,0,1,0,0,0,0,0,0,0,0,0,0,0
1374300,2013,6,27,12,15,3,43.63134538,-79.57679029,Etobicoke Centre (3),3,Markland Wood (12),12,D22,Etobicoke York,BLOOR ST W,MILL RD, ,Major Arterial,Mid-Block, ,No Control,Clear,Daylight,Dry,Non-Fatal Injury,Pedestrian Collisions,Pedestrian,25 to 29,Major,0,East,Other, , , ,Pedestrian hit at mid-block,Other,Normal, , , ,1,0,1,0,0,0,0,0,0,0,0,0,0,0
1037389,2008,5,10,12,16,5,43.68554538,-79.44609029,Davenport (17),17,Oakwood Village (107),107,D13,North York,DUFFERIN ST,ROGERS RD, ,Major Arterial,Intersection,At Intersection,Traffic Signal,Clear,Daylight,Dry,Non-Fatal Injury,Pedestrian Collisions,Driver,60 to 64,,0,North,"Automobile, Station Wagon",Going Ahead,Driving Properly,Normal, , , , , , ,1,0,1,0,0,0,0,0,0,0,0,0,0,0
1037389,2008,5,10,12,16,5,43.68554538,-79.44609029,Davenport (17),17,Oakwood Village (107),107,D13,North York,DUFFERIN ST,ROGERS RD, ,Major Arterial,Intersection,At Intersection,Traffic Signal,Clear,Daylight,Dry,Non-Fatal Injury,Pedestrian Collisions,Pedestrian,30 to 34,Major,0,West,Other, , , ,Vehicle is going straight thru inter.while ped cross without ROW,Crossing without right of way,Normal, , , ,1,0,1,0,0,0,0,0,0,0,0,0,0,0
1129232,2009,8,5,12,16,2,43.79934538,-79.13299029,Scarborough East (44),44,Rouge (131),131,D43,Scarborough,230 ISLAND Rd, , ,Local,Mid-Block, ,No Control,Clear,Daylight,Dry,Non-Fatal Injury,SMV Other,Driver,75 to 79,Major,0,East,"Automobile, Station Wagon",Going Ahead,Lost control,Medical or Physical Disability, , , , , , ,0,0,1,0,0,0,0,0,0,0,0,0,1,0
1129232,2009,8,5,12,16,2,43.79934538,-79.13299029,Scarborough East (44),44,Rouge (131),131,D43,Scarborough,230 ISLAND Rd, , ,Local,Mid-Block, ,No Control,Clear,Daylight,Dry,Non-Fatal Injury,SMV Other,Other Property Owner,unknown, ,0, ,Other, , , , , , , , , ,0,0,1,0,0,0,0,0,0,0,0,0,1,0
1037827,2008,4,24,12,17,3,43.69234538,-79.34989029,Toronto-Danforth (29),29,Old East York (58),58,D54,Toronto East York,PAPE AVE,WOODVILLE AVE, ,Major Arterial,Intersection, ,Stop Sign,Clear,Daylight,Dry,Non-Fatal Injury,Angle,Motorcycle Driver,25 to 29,Major,0,North,Motorcycle,Going Ahead,Driving Properly,Normal, , , , , , ,0,0,1,1,0,0,0,0,0,0,0,0,0,0
1037827,2008,4,24,12,17,3,43.69234538,-79.34989029,Toronto-Danforth (29),29,Old East York (58),58,D54,Toronto East York,PAPE AVE,WOODVILLE AVE, ,Major Arterial,Intersection, ,Stop Sign,Clear,Daylight,Dry,Non-Fatal Injury,Angle,Driver,70 to 74,,0,East,"Automobile, Station Wagon",Going Ahead,Driving Properly,Normal, , , , , , ,0,0,1,1,0,0,0,0,0,0,0,0,0,0
1204379,2010,11,28,12,17,6,43.64204538,-79.37749029,Toronto Centre-Rosedale (28),28,Waterfront Communities-The Island (77),77,D52,Toronto East York,HARBOUR ST,BAY ST, ,Minor Arterial,Intersection,At Intersection,Traffic Signal,Clear,Daylight,Dry,Non-Fatal Injury,Pedestrian Collisions,Driver,60 to 64,,0,East,"Automobile, Station Wagon",Going Ahead,Driving Properly,Normal, , , , , , ,1,0,1,0,0,0,0,0,0,0,0,0,0,0
1204379,2010,11,28,12,17,6,43.64204538,-79.37749029,Toronto Centre-Rosedale (28),28,Waterfront Communities-The Island (77),77,D52,Toronto East York,HARBOUR ST,BAY ST, ,Minor Arterial,Intersection,At Intersection,Traffic Signal,Clear,Daylight,Dry,Non-Fatal Injury,Pedestrian Collisions,Driver,25 to 29,,0,East,"Automobile, Station Wagon",Turning Left,Improper Turn,Normal, , , , , , ,1,0,1,0,0,0,0,0,0,0,0,0,0,0
1204379,2010,11,28,12,17,6,43.64204538,-79.37749029,Toronto Centre-Rosedale (28),28,Waterfront Communities-The Island (77),77,D52,Toronto East York,HARBOUR ST,BAY ST, ,Minor Arterial,Intersection,At Intersection,Traffic Signal,Clear,Daylight,Dry,Non-Fatal Injury,Pedestrian Collisions,Pedestrian,30 to 34,Minor,0,Unknown,Other, , , ,Pedestrian hit on sidewalk or shoulder,On Sidewalk or Shoulder,Normal, , , ,1,0,1,0,0,0,0,0,0,0,0,0,0,0