ACCNUM,YEAR,MONTH,DAY,HOUR,MINUTES,WEEKDAY,LATITUDE,LONGITUDE,Ward_Name,Ward_ID,Hood_Name,Hood_ID,Division,District,STREET1,STREET2,OFFSET,ROAD_CLASS,LOCCOORD,ACCLOC,TRAFFCTL,VISIBILITY,LIGHT,RDSFCOND,ACCLASS,IMPACTYPE,INVTYPE,INVAGE,INJURY,FATAL_NO,INITDIR,VEHTYPE,MANOEUVER,DRIVACT,DRIVCOND,PEDTYPE,PEDACT,PEDCOND,CYCLISTYPE,CYCACT,CYCCOND,PEDESTRIAN,CYCLIST,AUTOMOBILE,MOTORCYCLE,TRUCK,TRSN_CITY_VEH,EMERG_VEH,PASSENGER,SPEEDING,AG_DRIV,REDLIGHT,ALCOHOL,DISABILITY,label
1204379,2010,11,28,12,17,6,43.64204538,-79.37749029,Toronto Centre-Rosedale (28),28,Waterfront Communities-The Island (77),77,D52,Toronto East York,HARBOUR ST,BAY ST, ,Minor Arterial,Intersection,At Intersection,Traffic Signal,Clear,Daylight,Dry,Non-Fatal Injury,Pedestrian Collisions,Pedestrian,0 to 4,Major,0,Unknown,Other, , , ,Pedestrian hit on sidewalk or shoulder,On Sidewalk or Shoulder,Normal, , , ,1,0,1,0,0,0,0,0,0,0,0,0,0,0
1305291,2012,6,2,12,18,5,43.72664538,-79.35879029,Don Valley West (25),25,Bridle Path-Sunnybrook-York Mills (41),41,D33,North York,32 SUNCREST DR, , ,Local,Mid-Block, ,No Control,Clear,Daylight,Dry,Non-Fatal Injury,Cyclist Collisions,Driver,70 to 74,,0,North,"Automobile, Station Wagon",Reversing,Other,Inattentive, , , , , , ,0,1,1,0,0,0,0,0,0,0,0,0,0,0
1387438,2013,9,25,11,27,2,43.69124563,-79.57230768,Etobicoke North (2),2,West Humber-Clairville (1),1,D23,Etobicoke York,DIXON Rd,MARTIN GROVE Rd, ,Major Arterial,Mid-Block, ,No Control,Clear,Daylight,Dry,Non-Fatal Injury,Sideswipe,Driver,40 to 44,,0,East,"Automobile, Station Wagon",Going Ahead,Driving Properly,Normal, , , , , , ,0,0,1,0,0,0,0,1,0,1,0,0,0,0
1305291,2012,6,2,12,18,5,43.72664538,-79.35879029,Don Valley West (25),25,Bridle Path-Sunnybrook-York Mills (41),41,D33,North York,32 SUNCREST DR, , ,Local,Mid-Block, ,No Control,Clear,Daylight,Dry,Non-Fatal Injury,Cyclist Collisions,Cyclist,50 to 54,Major,0,West,Bicycle,Going Ahead, , , , , ,Motorist reversing struck cyclist.,Other,Normal,0,1,1,0,0,0,0,0,0,0,0,0,0,0
1068648,2008,10,17,12,19,4,43.76204538,-79.19469029,Scarborough East (43),43,West Hill (136),136,D43,Scarborough,KINGSTON RD,GALLOWAY RD, ,Major Arterial,Intersection,At Intersection,Traffic Signal,Clear,Daylight,Dry,Non-Fatal Injury,Angle,Passenger,20 to 24,Major,0, ,Other, , , , , , , , , ,0,0,1,0,0,0,0,1,0,1,1,0,0,0
1068648,2008,10,17,12,19,4,43.76204538,-79.19469029,Scarborough East (43),43,West Hill (136),136,D43,Scarborough,KINGSTON RD,GALLOWAY RD, ,Major Arterial,Intersection,At Intersection,Traffic Signal,Clear,Daylight,Dry,Non-Fatal Injury,Angle,Driver,20 to 24,Major,0,East,"Automobile, Station Wagon",Going Ahead,Driving Properly,Normal, , , , , , ,0,0,1,0,0,0,0,1,0,1,1,0,0,0
1068648,2008,10,17,12,19,4,43.76204538,-79.19469029,Scarborough East (43),43,West Hill (136),136,D43,Scarborough,KINGSTON RD,GALLOWAY RD, ,Major Arterial,Intersection,At Intersection,Traffic Signal,Clear,Daylight,Dry,Non-Fatal Injury,Angle,Driver,50 to 54,,0,North,"Automobile, Station Wagon",Going Ahead,Disobeyed Traffic Control,Normal, , , , , , ,0,0,1,0,0,0,0,1,0,1,1,0,0,0
1068648,2008,10,17,12,19,4,43.76204538,-79.19469029,Scarborough East (43),43,West Hill (136),136,D43,Scarborough,KINGSTON RD,GALLOWAY RD, ,Major Arterial,Intersection,At Intersection,Traffic Signal,Clear,Daylight,Dry,Non-Fatal Injury,Angle,Other Property Owner,unknown, ,0, ,Other, , , , , , , , , ,0,0,1,0,0,0,0,1,0,1,1,0,0,0
1068648,2008,10,17,12,19,4,43.76204538,-79.19469029,Scarborough East (43),43,West Hill (136),136,D43,Scarborough,KINGSTON RD,GALLOWAY RD, ,Major Arterial,Intersection,At Intersection,Traffic Signal,Clear,Daylight,Dry,Non-Fatal Injury,Angle,Other Property Owner,unknown, ,0, ,Other, , , , , , , , , ,0,0,1,0,0,0,0,1,0,1,1,0,0,0
966139,2007,4,3,12,20,1,43.72144538,-79.23669029,Scarborough Southwest (36),36,Cliffcrest (123),123,D43,Scarborough,KINGSTON RD,EASTVILLE AVE, ,Major Arterial,Mid-Block, ,No Control,Clear,Daylight,Dry,Non-Fatal Injury,Pedestrian Collisions,Driver,30 to 34,,0,East,"Automobile, Station Wagon",Going Ahead,Driving Properly,Normal, , , , , , ,1,0,1,0,0,0,0,0,0,0,0,0,0,0
966139,2007,4,3,12,20,1,43.72144538,-79.23669029,Scarborough Southwest (36),36,Cliffcrest (123),123,D43,Scarborough,KINGSTON RD,EASTVILLE AVE, ,Major Arterial,Mid-Block, ,No Control,Clear,Daylight,Dry,Non-Fatal Injury,Pedestrian Collisions,Pedestrian,15 to 19,Major,0,North,Other, , , ,Pedestrian hit at mid-block,"Crossing, no Traffic Control",Inattentive, , , ,1,0,1,0,0,0,0,0,0,0,0,0,0,0
1045598,2008,6,5,12,20,3,43.71804538,-79.53779029,York West (7),7,Pelmo Park-Humberlea (23),23,D31,Etobicoke York,WESTON RD,WESTON ALBION RD RAMP RD, ,Major Arterial,Intersection,At Intersection,No Control,Clear,Daylight,Dry,Non-Fatal Injury,Sideswipe,Motorcycle Driver,30 to 34,Major,0,South,Motorcycle,Changing Lanes,Improper Lane Change,Normal, , , , , , ,0,0,1,1,0,0,0,0,0,0,0,0,0,0
1045598,2008,6,5,12,20,3,43.71804538,-79.53779029,York West (7),7,Pelmo Park-Humberlea (23),23,D31,Etobicoke York,WESTON RD,WESTON ALBION RD RAMP RD, ,Major Arterial,Intersection,At Intersection,No Control,Clear,Daylight,Dry,Non-Fatal Injury,Sideswipe,Vehicle Owner,unknown, ,0, ,Other, , , , , , , , , ,0,0,1,1,0,0,0,0,0,0,0,0,0,0
1045598,2008,6,5,12,20,3,43.71804538,-79.53779029,York West (7),7,Pelmo Park-Humberlea (23),23,D31,Etobicoke York,WESTON RD,WESTON ALBION RD RAMP RD, ,Major Arterial,Intersection,At Intersection,No Control,Clear,Daylight,Dry,Non-Fatal Injury,Sideswipe,Driver,60 to 64,,0,South,"Automobile, Station Wagon",Going Ahead,Driving Properly,Normal, , , , , , ,0,0,1,1,0,0,0,0,0,0,0,0,0,0
1050893,2008,7,13,12,20,6,43.65484538,-79.45949029,Parkdale-High Park (14),14,High Park North (88),88,D11,Toronto East York,BLOOR Stre W,KEELE Stre, ,Major Arterial,Mid-Block, ,No Control,Clear,Daylight,Dry,Non-Fatal Injury,Cyclist Collisions,Driver,30 to 34,,0,East,"Automobile, Station Wagon",Turning Left,Driving Properly,Normal, , , , , , ,0,1,1,0,0,0,0,0,0,0,0,0,0,0
1050893,2008,7,13,12,20,6,43.65484538,-79.45949029,Parkdale-High Park (14),14,High Park North (88),88,D11,Toronto East York,BLOOR Stre W,KEELE Stre, ,Major Arterial,Mid-Block, ,No Control,Clear,Daylight,Dry,Non-Fatal Injury,Cyclist Collisions,Cyclist,55 to 59,Major,0,West,Bicycle,Going Ahead, , , , , ,Motorist turned left across cyclists path.,Improper Passing,Normal,0,1,1,0,0,0,0,0,0,0,0,0,0,0
1057950,2008,8,19,12,20,1,43.67314538,-79.39079029,Toronto Centre-Rosedale (27),27,Annex (95),95,D53,Toronto East York,BAY ST,DAVENPORT RD, ,Major Arterial,Intersection,At Intersection,Traffic Signal,Clear,Daylight,Dry,Non-Fatal Injury,Pedestrian Collisions,Truck Driver,55 to 59,,0,North,Truck - Open,Going Ahead,Failed to Yield Right of Way,Inattentive, , , , , , ,1,0,0,0,1,0,0,0,0,1,0,0,0,0
1057950,2008,8,19,12,20,1,43.67314538,-79.39079029,Toronto Centre-Rosedale (27),27,Annex (95),95,D53,Toronto East York,BAY ST,DAVENPORT RD, ,Major Arterial,Intersection,At Intersection,Traffic Signal,Clear,Daylight,Dry,Non-Fatal Injury,Pedestrian Collisions,Pedestrian,85 to 89,Major,0,East,Other, , , ,Vehicle is going straight thru inter.while ped cross with ROW,Crossing with right of way,Unknown, , , ,1,0,0,0,1,0,0,0,0,1,0,0,0,0
1132426,2009,9,20,12,20,6,43.63534538,-79.56369029,Etobicoke Centre (3),3,Markland Wood (12),12,D22,Etobicoke York,BLOOR ST W,RENFORTH DR, ,Minor Arterial,Intersection,At Intersection,Stop Sign,Clear,Daylight,Dry,Non-Fatal Injury,Turning Movement,Driver,40 to 44,,0,South,"Automobile, Station Wagon",Turning Left,Disobeyed Traffic Control,Normal, , , , , , ,0,0,1,0,0,0,0,1,0,1,0,0,0,0
1132426,2009,9,20,12,20,6,43.63534538,-79.56369029,Etobicoke Centre (3),3,Markland Wood (12),12,D22,Etobicoke York,BLOOR ST W,RENFORTH DR, ,Minor Arterial,Intersection,At Intersection,Stop Sign,Clear,Daylight,Dry,Non-Fatal Injury,Turning Movement,Passenger,40 to 44,Minimal,0, ,Other, , , , , , , , , ,0,0,1,0,0,0,0,1,0,1,0,0,0,0
1132426,2009,9,20,12,20,6,43.63534538,-79.56369029,Etobicoke Centre (3),3,Markland Wood (12),12,D22,Etobicoke York,BLOOR ST W,RENFORTH DR, ,Minor Arterial,Intersection,At Intersection,Stop Sign,Clear,Daylight,Dry,Non-Fatal Injury,Turning Movement,Driver,40 to 44,Major,0,East,"Automobile, Station Wagon",Going Ahead,Driving Properly,Normal, , , , , , ,0,0,1,0,0,0,0,1,0,1,0,0,0,0
1298032,2012,4,14,12,20,5,43.77584538,-79.34369029,Don Valley East (33),33,Don Valley Village (47),47,D33,North York,SHEPPARD AVE E,PARKWAY FOREST DR, ,Major Arterial,Intersection,At Intersection,Traffic Signal,Clear,Daylight,Dry,Non-Fatal Injury,Rear End,Passenger,0 to 4,Major,0, ,Other, , , , , , , , , ,0,0,1,0,0,0,0,1,0,1,0,0,0,0
1298032,2012,4,14,12,20,5,43.77584538,-79.34369029,Don Valley East (33),33,Don Valley Village (47),47,D33,North York,SHEPPARD AVE E,PARKWAY FOREST DR, ,Major Arterial,Intersection,At Intersection,Traffic Signal,Clear,Daylight,Dry,Non-Fatal Injury,Rear End,Passenger,0 to 4,Major,0, ,Other, , , , , , , , , ,0,0,1,0,0,0,0,1,0,1,0,0,0,0
1298032,2012,4,14,12,20,5,43.77584538,-79.34369029,Don Valley East (33),33,Don Valley Village (47),47,D33,North York,SHEPPARD AVE E,PARKWAY FOREST DR, ,Major Arterial,Intersection,At Intersection,Traffic Signal,Clear,Daylight,Dry,Non-Fatal Injury,Rear End,Passenger,35 to 39,Major,0, ,Other, , , , , , , , , ,0,0,1,0,0,0,0,1,0,1,0,0,0,0
1298032,2012,4,14,12,20,5,43.77584538,-79.34369029,Don Valley East (33),33,Don Valley Village (47),47,D33,North York,SHEPPARD AVE E,PARKWAY FOREST DR, ,Major Arterial,Intersection,At Intersection,Traffic Signal,Clear,Daylight,Dry,Non-Fatal Injury,Rear End,Driver,40 to 44,Major,0,East,"Automobile, Station Wagon",Stopped,Driving Properly,Normal, , , , , , ,0,0,1,0,0,0,0,1,0,1,0,0,0,0
1298032,2012,4,14,12,20,5,43.77584538,-79.34369029,Don Valley East (33),33,Don Valley Village (47),47,D33,North York,SHEPPARD AVE E,PARKWAY FOREST DR, ,Major Arterial,Intersection,At Intersection,Traffic Signal,Clear,Daylight,Dry,Non-Fatal Injury,Rear End,Driver,40 to 44,Major,0,East,"Automobile, Station Wagon",Going Ahead,Following too Close,Inattentive, , , , , , ,0,0,1,0,0,0,0,1,0,1,0,0,0,0
1384125,2013,9,1,12,20,6,43.66075094,-79.41342554,Trinity-Spadina (19),19,Palmerston-Little Italy (80),80,D14,Toronto East York,HARBORD St,EUCLID Ave, ,Minor Arterial,Intersection, ,Traffic Controller,Clear,Daylight,Dry,Non-Fatal Injury,Cyclist Collisions,Driver,70 to 74,,0,East,"Automobile, Station Wagon",Going Ahead,Driving Properly,Normal, , , , , , ,0,1,1,0,0,0,0,0,0,0,0,0,0,0
1384125,2013,9,1,12,20,6,43.66075094,-79.41342554,Trinity-Spadina (19),19,Palmerston-Little Italy (80),80,D14,Toronto East York,HARBORD St,EUCLID Ave, ,Minor Arterial,Intersection, ,Traffic Controller,Clear,Daylight,Dry,Non-Fatal Injury,Cyclist Collisions,Cyclist,60 to 64,Major,0,East,Bicycle,Changing Lanes, , , , , ,Cyclist and Driver travelling in same direction. One vehicle sideswipes the other.,Improper Lane Change,Inattentive,0,1,1,0,0,0,0,0,0,0,0,0,0,0
5001670080,2015,9,27,12,20,6,43.6664768,-79.37584315,Toronto Centre-Rosedale (27),27,Cabbagetown-South St.James Town (71),71,D51,Toronto East York,HOMEWOOD AVE,WELLESLEY ST E, ,Minor Arterial,Intersection,At Intersection,Traffic Signal,Clear,Daylight,Dry,Non-Fatal Injury,Cyclist Collisions,Driver,40 to 44,,0,South,"Automobile, Station Wagon",Turning Right,Failed to Yield Right of Way,Inattentive, , , , , , ,0,1,1,0,0,0,0,0,1,1,0,0,0,0
1299440,2012,6,13,11,11,2,43.66364538,-79.35929029,Toronto Centre-Rosedale (28),28,Regent Park (72),72,D51,Toronto East York,GERRARD Stre E,RIVER Stre, ,Minor Arterial,Intersection, ,Traffic Signal,Clear,Daylight,Dry,Non-Fatal Injury,Cyclist Collisions,Driver,unknown,,0,North,"Automobile, Station Wagon",Going Ahead,Disobeyed Traffic Control,Unknown, , , , , , ,0,1,1,0,0,0,0,0,0,1,1,0,0,0
1387438,2013,9,25,11,27,2,43.69124563,-79.57230768,Etobicoke North (2),2,West Humber-Clairville (1),1,D23,Etobicoke York,DIXON Rd,MARTIN GROVE Rd, ,Major Arterial,Mid-Block, ,No Control,Clear,Daylight,Dry,Non-Fatal Injury,Sideswipe,Passenger,5 to 9,Major,0, ,Other, , , , , , , , , ,0,0,1,0,0,0,0,1,0,1,0,0,0,0
1299440,2012,6,13,11,11,2,43.66364538,-79.35929029,Toronto Centre-Rosedale (28),28,Regent Park (72),72,D51,Toronto East York,GERRARD Stre E,RIVER Stre, ,Minor Arterial,Intersection, ,Traffic Signal,Clear,Daylight,Dry,Non-Fatal Injury,Cyclist Collisions,Cyclist,50 to 54,Major,0,West,Bicycle,Going Ahead, , , , , ,"Motorist without ROW drives into path of cyclist at inter, lnwy, dwy-Driver not turn.",Driving Properly,Normal,0,1,1,0,0,0,0,0,0,1,1,0,0,0
1387438,2013,9,25,11,27,2,43.69124563,-79.57230768,Etobicoke North (2),2,West Humber-Clairville (1),1,D23,Etobicoke York,DIXON Rd,MARTIN GROVE Rd, ,Major Arterial,Mid-Block, ,No Control,Clear,Daylight,Dry,Non-Fatal Injury,Sideswipe,Passenger,20 to 24,Minor,0, ,Other, , , , , , , , , ,0,0,1,0,0,0,0,1,0,1,0,0,0,0
1232571,2011,5,10,11,34,1,43.61774538,-79.52689029,Etobicoke-Lakeshore (6),6,Mimico (includes Humber Bay Shores) (17),17,D22,Etobicoke York,F G GARDINER XY Expr W,KIPLING AVE, ,Expressway,Mid-Block, ,No Control,Clear,Daylight,Dry,Non-Fatal Injury,Rear End,Vehicle Owner,unknown, ,0, ,Other, , , , , , , , , ,0,0,1,0,0,0,0,1,1,1,0,0,0,0
5001670080,2015,9,27,12,20,6,43.6664768,-79.37584315,Toronto Centre-Rosedale (27),27,Cabbagetown-South St.James Town (71),71,D51,Toronto East York,HOMEWOOD AVE,WELLESLEY ST E, ,Minor Arterial,Intersection,At Intersection,Traffic Signal,Clear,Daylight,Dry,Non-Fatal Injury,Cyclist Collisions,Cyclist,25 to 29,Major,0,East,Bicycle,Going Ahead, , , , , ,Motorist turning right on red at signalized intersection strikes cyclist.,Driving Properly,Normal,0,1,1,0,0,0,0,0,1,1,0,0,0,0
1380770,2013,7,29,11,11,0,43.68184538,-79.33059029,Toronto-Danforth (30),30,Greenwood-Coxwell (65),65,D55,Toronto East York,DANFORTH Ave,LINNSMORE Cres, ,Major Arterial,Mid-Block, ,No Control,Clear,Daylight,Dry,Non-Fatal Injury,Pedestrian Collisions,Vehicle Owner,unknown, ,0, ,Other, , , , , , , , , ,1,0,1,0,0,0,0,0,0,0,0,0,0,0
1387438,2013,9,25,11,27,2,43.69124563,-79.57230768,Etobicoke North (2),2,West Humber-Clairville (1),1,D23,Etobicoke York,DIXON Rd,MARTIN GROVE Rd, ,Major Arterial,Mid-Block, ,No Control,Clear,Daylight,Dry,Non-Fatal Injury,Sideswipe,Driver,20 to 24,Minor,0,East,"Automobile, Station Wagon",Changing Lanes,Failed to Yield Right of Way,Inattentive, , , , , , ,0,0,1,0,0,0,0,1,0,1,0,0,0,0
1232571,2011,5,10,11,34,1,43.61774538,-79.52689029,Etobicoke-Lakeshore (6),6,Mimico (includes Humber Bay Shores) (17),17,D22,Etobicoke York,F G GARDINER XY Expr W,KIPLING AVE, ,Expressway,Mid-Block, ,No Control,Clear,Daylight,Dry,Non-Fatal Injury,Rear End,Driver,25 to 29,Major,0,West,"Automobile, Station Wagon",Slowing or Stopping,Driving Properly,Normal, , , , , , ,0,0,1,0,0,0,0,1,1,1,0,0,0,0
7001633721,2017,9,9,12,21,5,43.6501232,-79.38971339,Trinity-Spadina (20),20,Waterfront Communities-The Island (77),77,D52,Toronto East York,MC CAUL ST,QUEEN ST W, ,Collector,Intersection,At Intersection,Traffic Controller,Clear,Daylight,Dry,Non-Fatal Injury,Turning Movement,Motorcycle Driver,45 to 49,Major,0,South,Motorcycle,Going Ahead,Lost control,Normal, , , , , , ,0,0,1,1,0,0,0,0,0,0,0,0,0,0
1380770,2013,7,29,11,11,0,43.68184538,-79.33059029,Toronto-Danforth (30),30,Greenwood-Coxwell (65),65,D55,Toronto East York,DANFORTH Ave,LINNSMORE Cres, ,Major Arterial,Mid-Block, ,No Control,Clear,Daylight,Dry,Non-Fatal Injury,Pedestrian Collisions,Driver,60 to 64,,0,North,"Automobile, Station Wagon",Turning Left,Improper Turn,Normal, , , , , , ,1,0,1,0,0,0,0,0,0,0,0,0,0,0
1196331,2010,9,15,11,28,2,43.68874538,-79.30209029,Beaches-East York (31),31,East End-Danforth (62),62,D54,Toronto East York,MAIN ST,DANFORTH AVE, ,Major Arterial,Mid-Block, ,No Control,Clear,Daylight,Dry,Non-Fatal Injury,Turning Movement,Vehicle Owner,unknown, ,0, ,Other, , , , , , , , , ,0,0,1,0,0,1,0,0,0,1,0,0,0,0
1232571,2011,5,10,11,34,1,43.61774538,-79.52689029,Etobicoke-Lakeshore (6),6,Mimico (includes Humber Bay Shores) (17),17,D22,Etobicoke York,F G GARDINER XY Expr W,KIPLING AVE, ,Expressway,Mid-Block, ,No Control,Clear,Daylight,Dry,Non-Fatal Injury,Rear End,Passenger,25 to 29,Minimal,0, ,Other, , , , , , , , , ,0,0,1,0,0,0,0,1,1,1,0,0,0,0
7001633721,2017,9,9,12,21,5,43.6501232,-79.38971339,Trinity-Spadina (20),20,Waterfront Communities-The Island (77),77,D52,Toronto East York,MC CAUL ST,QUEEN ST W, ,Collector,Intersection,At Intersection,Traffic Controller,Clear,Daylight,Dry,Non-Fatal Injury,Turning Movement,Driver,15 to 19,,0,West,"Automobile, Station Wagon",Turning Left,Driving Properly,Normal, , , , , , ,0,0,1,1,0,0,0,0,0,0,0,0,0,0
1011635,2007,12,16,12,22,6,43.73704538,-79.59059029,Etobicoke North (1),1,Mount Olive-Silverstone-Jamestown (2),2,D23,Etobicoke York,FINCH AVE W,MARTIN GROVE RD, ,Major Arterial,Mid-Block, ,No Control,Snow,Daylight,Packed Snow,Non-Fatal Injury,Approaching,Driver,55 to 59,Minimal,0,West,"Automobile, Station Wagon",Pulling Away from Shoulder or Curb,Lost control,Normal, , , , , , ,0,0,1,0,0,0,0,0,0,0,0,0,0,0
1011635,2007,12,16,12,22,6,43.73704538,-79.59059029,Etobicoke North (1),1,Mount Olive-Silverstone-Jamestown (2),2,D23,Etobicoke York,FINCH AVE W,MARTIN GROVE RD, ,Major Arterial,Mid-Block, ,No Control,Snow,Daylight,Packed Snow,Non-Fatal Injury,Approaching,Driver,25 to 29,Major,0,East,"Automobile, Station Wagon",Going Ahead,Driving Properly,Normal, , , , , , ,0,0,1,0,0,0,0,0,0,0,0,0,0,0
1073546,2008,12,2,12,22,1,43.78254538,-79.49009029,York West (8),8,York University Heights (27),27,D31,North York,STEELES AVE W,PETROLIA RD, ,Major Arterial,Intersection,At Intersection,Traffic Signal,Clear,Daylight,Dry,Non-Fatal Injury,Pedestrian Collisions,Pedestrian,40 to 44,Major,0,North,Other, , , ,Vehicle turns left while ped crosses with ROW at inter.,Crossing with right of way,Normal, , , ,1,0,1,0,0,0,0,0,0,1,0,0,0,0
1073546,2008,12,2,12,22,1,43.78254538,-79.49009029,York West (8),8,York University Heights (27),27,D31,North York,STEELES AVE W,PETROLIA RD, ,Major Arterial,Intersection,At Intersection,Traffic Signal,Clear,Daylight,Dry,Non-Fatal Injury,Pedestrian Collisions,Driver,50 to 54,,0,South,"Automobile, Station Wagon",Turning Left,Failed to Yield Right of Way,Inattentive, , , , , , ,1,0,1,0,0,0,0,0,0,1,0,0,0,0
4001384194,2014,1,21,12,22,1,43.76781424,-79.47146998,York West (8),8,York University Heights (27),27,D32,North York,FINCH AVE W,ALNESS ST, ,Major Arterial,Intersection,At Intersection,Traffic Signal,Clear,Daylight,Dry,Non-Fatal Injury,Pedestrian Collisions,Driver,45 to 49,,0,South,Truck - Dump,Turning Left,Failed to Yield Right of Way,Normal, , , , , , ,1,0,0,0,1,0,0,0,0,1,0,0,0,0
4001384194,2014,1,21,12,22,1,43.76781424,-79.47146998,York West (8),8,York University Heights (27),27,D32,North York,FINCH AVE W,ALNESS ST, ,Major Arterial,Intersection,At Intersection,Traffic Signal,Clear,Daylight,Dry,Non-Fatal Injury,Pedestrian Collisions,Pedestrian,55 to 59,Major,0,North, , , , ,Vehicle turns left while ped crosses with ROW at inter.,Crossing with right of way,Unknown, , , ,1,0,0,0,1,0,0,0,0,1,0,0,0,0
1042295,2008,6,9,12,23,0,43.75204538,-79.29749029,Scarborough Centre (37),37,Wexford/Maryvale (119),119,D41,Scarborough,WARDEN AVE,MANHATTAN DR, ,Major Arterial,Intersection,At Intersection,Traffic Signal,Clear,Daylight,Dry,Non-Fatal Injury,Angle,Driver,75 to 79,Major,0,East,"Automobile, Station Wagon",Going Ahead,Driving Properly,Normal, , , , , , ,0,0,1,0,0,0,0,1,0,1,1,0,0,0
1042295,2008,6,9,12,23,0,43.75204538,-79.29749029,Scarborough Centre (37),37,Wexford/Maryvale (119),119,D41,Scarborough,WARDEN AVE,MANHATTAN DR, ,Major Arterial,Intersection,At Intersection,Traffic Signal,Clear,Daylight,Dry,Non-Fatal Injury,Angle,Passenger,5 to 9,,0, ,Other, , , , , , , , , ,0,0,1,0,0,0,0,1,0,1,1,0,0,0
1042295,2008,6,9,12,23,0,43.75204538,-79.29749029,Scarborough Centre (37),37,Wexford/Maryvale (119),119,D41,Scarborough,WARDEN AVE,MANHATTAN DR, ,Major Arterial,Intersection,At Intersection,Traffic Signal,Clear,Daylight,Dry,Non-Fatal Injury,Angle,Driver,35 to 39,,0,South,"Automobile, Station Wagon",Going Ahead,Disobeyed Traffic Control,Normal, , , , , , ,0,0,1,0,0,0,0,1,0,1,1,0,0,0
6001286776,2016,7,22,12,23,4,43.67246206,-79.46758662,York South-Weston (11),11,Junction Area (90),90,D11,Etobicoke York,ST CLAIR AVE W,WESTON RD, ,Major Arterial,Intersection,At Intersection,Traffic Signal,Clear,Daylight,Dry,Non-Fatal Injury,Pedestrian Collisions,Driver,25 to 29,Minor,0,East,"Automobile, Station Wagon",Turning Left,Failed to Yield Right of Way,Inattentive, , , , , , ,1,0,1,0,0,0,0,0,1,1,0,0,0,0
6001286776,2016,7,22,12,23,4,43.67246206,-79.46758662,York South-Weston (11),11,Junction Area (90),90,D11,Etobicoke York,ST CLAIR AVE W,WESTON RD, ,Major Arterial,Intersection,At Intersection,Traffic Signal,Clear,Daylight,Dry,Non-Fatal Injury,Pedestrian Collisions,Driver,25 to 29,Minimal,0,West,"Automobile, Station Wagon",Going Ahead,Driving Properly,Normal, , , , , , ,1,0,1,0,0,0,0,0,1,1,0,0,0,0
6001286776,2016,7,22,12,23,4,43.67246206,-79.46758662,York South-Weston (11),11,Junction Area (90),90,D11,Etobicoke York,ST CLAIR AVE W,WESTON RD, ,Major Arterial,Intersection,At Intersection,Traffic Signal,Clear,Daylight,Dry,Non-Fatal Injury,Pedestrian Collisions,Pedestrian,40 to 44,Major,0,Unknown, , , , ,Pedestrian hit on sidewalk or shoulder,On Sidewalk or Shoulder,Normal, , , ,1,0,1,0,0,0,0,0,1,1,0,0,0,0
6001286776,2016,7,22,12,23,4,43.67246206,-79.46758662,York South-Weston (11),11,Junction Area (90),90,D11,Etobicoke York,ST CLAIR AVE W,WESTON RD, ,Major Arterial,Intersection,At Intersection,Traffic Signal,Clear,Daylight,Dry,Non-Fatal Injury,Pedestrian Collisions,Pedestrian,35 to 39,Minor,0,Unknown, , , , ,Pedestrian hit on sidewalk or shoulder,On Sidewalk or Shoulder,Normal, , , ,1,0,1,0,0,0,0,0,1,1,0,0,0,0
6001286776,2016,7,22,12,23,4,43.67246206,-79.46758662,York South-Weston (11),11,Junction Area (90),90,D11,Etobicoke York,ST CLAIR AVE W,WESTON RD, ,Major Arterial,Intersection,At Intersection,Traffic Signal,Clear,Daylight,Dry,Non-Fatal Injury,Pedestrian Collisions,Pedestrian,55 to 59,Minor,0,Unknown, , , , ,Pedestrian hit on sidewalk or shoulder,On Sidewalk or Shoulder,Normal, , , ,1,0,1,0,0,0,0,0,1,1,0,0,0,0
1147486,2010,1,13,12,24,2,43.65394538,-79.35849029,Toronto Centre-Rosedale (28),28,Moss Park (73),73,D51,Toronto East York,EASTERN AVE,CHERRY ST, ,Minor Arterial,Intersection,At Intersection,Traffic Signal,Clear,Daylight,Dry,Non-Fatal Injury,Angle,Vehicle Owner,unknown, ,0, ,Other, , , , , , , , , ,0,0,1,0,0,0,0,1,0,1,1,0,0,0
1147486,2010,1,13,12,24,2,43.65394538,-79.35849029,Toronto Centre-Rosedale (28),28,Moss Park (73),73,D51,Toronto East York,EASTERN AVE,CHERRY ST, ,Minor Arterial,Intersection,At Intersection,Traffic Signal,Clear,Daylight,Dry,Non-Fatal Injury,Angle,Driver,55 to 59,,0,East,"Automobile, Station Wagon",Going Ahead,Disobeyed Traffic Control,Normal, , , , , , ,0,0,1,0,0,0,0,1,0,1,1,0,0,0
1147486,2010,1,13,12,24,2,43.65394538,-79.35849029,Toronto Centre-Rosedale (28),28,Moss Park (73),73,D51,Toronto East York,EASTERN AVE,CHERRY ST, ,Minor Arterial,Intersection,At Intersection,Traffic Signal,Clear,Daylight,Dry,Non-Fatal Injury,Angle,Driver,20 to 24,Minimal,0,South,"Automobile, Station Wagon",Going Ahead,Driving Properly,Normal, , , , , , ,0,0,1,0,0,0,0,1,0,1,1,0,0,0
1147486,2010,1,13,12,24,2,43.65394538,-79.35849029,Toronto Centre-Rosedale (28),28,Moss Park (73),73,D51,Toronto East York,EASTERN AVE,CHERRY ST, ,Minor Arterial,Intersection,At Intersection,Traffic Signal,Clear,Daylight,Dry,Non-Fatal Injury,Angle,Passenger,25 to 29,Major,0, ,Other, , , , , , , , , ,0,0,1,0,0,0,0,1,0,1,1,0,0,0