ACCNUM,YEAR,MONTH,DAY,HOUR,MINUTES,WEEKDAY,LATITUDE,LONGITUDE,Ward_Name,Ward_ID,Hood_Name,Hood_ID,Division,District,STREET1,STREET2,OFFSET,ROAD_CLASS,LOCCOORD,ACCLOC,TRAFFCTL,VISIBILITY,LIGHT,RDSFCOND,ACCLASS,IMPACTYPE,INVTYPE,INVAGE,INJURY,FATAL_NO,INITDIR,VEHTYPE,MANOEUVER,DRIVACT,DRIVCOND,PEDTYPE,PEDACT,PEDCOND,CYCLISTYPE,CYCACT,CYCCOND,PEDESTRIAN,CYCLIST,AUTOMOBILE,MOTORCYCLE,TRUCK,TRSN_CITY_VEH,EMERG_VEH,PASSENGER,SPEEDING,AG_DRIV,REDLIGHT,ALCOHOL,DISABILITY,label
1307456,2012,7,28,12,24,5,43.72004538,-79.59679029,Etobicoke North (2),2,West Humber-Clairville (1),1,D23,Etobicoke York,HIGHWAY 27  N,HARNESS RD, ,Major Arterial,Intersection, ,No Control,Clear,Daylight,Dry,Fatal,Pedestrian Collisions,Vehicle Owner,unknown, ,0, ,Other, , , , , , , , , ,1,0,1,0,0,0,0,0,0,0,0,0,0,1
1307456,2012,7,28,12,24,5,43.72004538,-79.59679029,Etobicoke North (2),2,West Humber-Clairville (1),1,D23,Etobicoke York,HIGHWAY 27  N,HARNESS RD, ,Major Arterial,Intersection, ,No Control,Clear,Daylight,Dry,Fatal,Pedestrian Collisions,Driver,30 to 34,,0,North,"Automobile, Station Wagon",Going Ahead,Driving Properly,Normal, , , , , , ,1,0,1,0,0,0,0,0,0,0,0,0,0,1
1307456,2012,7,28,12,24,5,43.72004538,-79.59679029,Etobicoke North (2),2,West Humber-Clairville (1),1,D23,Etobicoke York,HIGHWAY 27  N,HARNESS RD, ,Major Arterial,Intersection, ,No Control,Clear,Daylight,Dry,Fatal,Pedestrian Collisions,Pedestrian,60 to 64,Fatal,22,West,Other, , , ,Pedestrian hit at mid-block,"Crossing, no Traffic Control",Unknown, , , ,1,0,1,0,0,0,0,0,0,0,0,0,0,1
997888,2007,9,28,12,25,4,43.63884538,-79.38659029,Trinity-Spadina (20),20,Waterfront Communities-The Island (77),77,D52,Toronto East York,QUEENS QUAY W,ROBERTSON CRES, ,Minor Arterial,Intersection,At Intersection,Traffic Signal,Clear,Daylight,Dry,Non-Fatal Injury,Turning Movement,Motorcycle Driver,55 to 59,Major,0,East,Motorcycle,Going Ahead,Following too Close,Inattentive, , , , , , ,0,0,1,1,0,0,0,0,0,1,0,0,0,0
997888,2007,9,28,12,25,4,43.63884538,-79.38659029,Trinity-Spadina (20),20,Waterfront Communities-The Island (77),77,D52,Toronto East York,QUEENS QUAY W,ROBERTSON CRES, ,Minor Arterial,Intersection,At Intersection,Traffic Signal,Clear,Daylight,Dry,Non-Fatal Injury,Turning Movement,Driver,35 to 39,,0,West,"Automobile, Station Wagon",Turning Left,Driving Properly,Normal, , , , , , ,0,0,1,1,0,0,0,0,0,1,0,0,0,0
1207710,2010,11,11,12,25,3,43.73874538,-79.21699029,Scarborough Southwest (36),36,Scarborough Village (139),139,D43,Scarborough,KINGSTON RD,MARKHAM RD, ,Major Arterial,Intersection,At Intersection,Traffic Signal,Clear,Daylight,Dry,Non-Fatal Injury,Turning Movement,Motorcycle Driver,45 to 49,Major,0,East,Motorcycle,Going Ahead,Driving Properly,Normal, , , , , , ,0,0,1,1,0,0,0,0,0,0,0,0,0,0
1207710,2010,11,11,12,25,3,43.73874538,-79.21699029,Scarborough Southwest (36),36,Scarborough Village (139),139,D43,Scarborough,KINGSTON RD,MARKHAM RD, ,Major Arterial,Intersection,At Intersection,Traffic Signal,Clear,Daylight,Dry,Non-Fatal Injury,Turning Movement,Driver,20 to 24,,0,West,"Automobile, Station Wagon",Turning Left,Improper Turn,Normal, , , , , , ,0,0,1,1,0,0,0,0,0,0,0,0,0,0
1308082,2012,7,5,12,25,3,43.74894538,-79.27479029,Scarborough Centre (37),37,Dorset Park (126),126,D41,Scarborough,1060 KENNEDY Rd, , ,Major Arterial,Mid-Block, ,No Control,Clear,Daylight,Dry,Non-Fatal Injury,Approaching,Truck Driver,75 to 79,Minimal,0,North,Truck - Open,Going Ahead,Lost control,Inattentive, , , , , , ,0,0,1,0,1,0,0,1,0,0,0,0,0,0
1308082,2012,7,5,12,25,3,43.74894538,-79.27479029,Scarborough Centre (37),37,Dorset Park (126),126,D41,Scarborough,1060 KENNEDY Rd, , ,Major Arterial,Mid-Block, ,No Control,Clear,Daylight,Dry,Non-Fatal Injury,Approaching,Driver,20 to 24,Major,0,South,"Automobile, Station Wagon",Going Ahead,Driving Properly,Normal, , , , , , ,0,0,1,0,1,0,0,1,0,0,0,0,0,0
1308082,2012,7,5,12,25,3,43.74894538,-79.27479029,Scarborough Centre (37),37,Dorset Park (126),126,D41,Scarborough,1060 KENNEDY Rd, , ,Major Arterial,Mid-Block, ,No Control,Clear,Daylight,Dry,Non-Fatal Injury,Approaching,Passenger,10 to 14,Minor,0, ,Other, , , , , , , , , ,0,0,1,0,1,0,0,1,0,0,0,0,0,0
1308082,2012,7,5,12,25,3,43.74894538,-79.27479029,Scarborough Centre (37),37,Dorset Park (126),126,D41,Scarborough,1060 KENNEDY Rd, , ,Major Arterial,Mid-Block, ,No Control,Clear,Daylight,Dry,Non-Fatal Injury,Approaching,Vehicle Owner,unknown, ,0, ,Other, , , , , , , , , ,0,0,1,0,1,0,0,1,0,0,0,0,0,0
1308082,2012,7,5,12,25,3,43.74894538,-79.27479029,Scarborough Centre (37),37,Dorset Park (126),126,D41,Scarborough,1060 KENNEDY Rd, , ,Major Arterial,Mid-Block, ,No Control,Clear,Daylight,Dry,Non-Fatal Injury,Approaching,Driver,50 to 54,Minor,0,South,"Automobile, Station Wagon",Going Ahead,Driving Properly,Normal, , , , , , ,0,0,1,0,1,0,0,1,0,0,0,0,0,0
1308082,2012,7,5,12,25,3,43.74894538,-79.27479029,Scarborough Centre (37),37,Dorset Park (126),126,D41,Scarborough,1060 KENNEDY Rd, , ,Major Arterial,Mid-Block, ,No Control,Clear,Daylight,Dry,Non-Fatal Injury,Approaching,Driver,30 to 34,,0,South,"Automobile, Station Wagon",Going Ahead,Driving Properly,Normal, , , , , , ,0,0,1,0,1,0,0,1,0,0,0,0,0,0
1308082,2012,7,5,12,25,3,43.74894538,-79.27479029,Scarborough Centre (37),37,Dorset Park (126),126,D41,Scarborough,1060 KENNEDY Rd, , ,Major Arterial,Mid-Block, ,No Control,Clear,Daylight,Dry,Non-Fatal Injury,Approaching,Passenger,40 to 44,Minimal,0, ,Other, , , , , , , , , ,0,0,1,0,1,0,0,1,0,0,0,0,0,0
1308082,2012,7,5,12,25,3,43.74894538,-79.27479029,Scarborough Centre (37),37,Dorset Park (126),126,D41,Scarborough,1060 KENNEDY Rd, , ,Major Arterial,Mid-Block, ,No Control,Clear,Daylight,Dry,Non-Fatal Injury,Approaching,Passenger,20 to 24,Minor,0, ,Other, , , , , , , , , ,0,0,1,0,1,0,0,1,0,0,0,0,0,0
1308082,2012,7,5,12,25,3,43.74894538,-79.27479029,Scarborough Centre (37),37,Dorset Park (126),126,D41,Scarborough,1060 KENNEDY Rd, , ,Major Arterial,Mid-Block, ,No Control,Clear,Daylight,Dry,Non-Fatal Injury,Approaching,Driver,45 to 49,Minor,0,South,"Automobile, Station Wagon",Going Ahead,Driving Properly,Normal, , , , , , ,0,0,1,0,1,0,0,1,0,0,0,0,0,0
1320814,2012,9,15,12,25,5,43.69698675,-79.28538904,Scarborough Southwest (35),35,Oakridge (121),121,D41,Scarborough,PHARMACY AVE,TEESDALE PL, ,Minor Arterial,Intersection,At Intersection,Traffic Signal,Clear,Daylight,Dry,Non-Fatal Injury,SMV Other,Vehicle Owner,unknown, ,0, ,Other, , , , , , , , , ,0,0,0,1,0,0,0,0,0,0,0,0,0,0
1320814,2012,9,15,12,25,5,43.69698675,-79.28538904,Scarborough Southwest (35),35,Oakridge (121),121,D41,Scarborough,PHARMACY AVE,TEESDALE PL, ,Minor Arterial,Intersection,At Intersection,Traffic Signal,Clear,Daylight,Dry,Non-Fatal Injury,SMV Other,Motorcycle Driver,45 to 49,Major,0,East,Motorcycle,Turning Left,Lost control,Normal, , , , , , ,0,0,0,1,0,0,0,0,0,0,0,0,0,0
6000171366,2016,1,29,12,25,4,43.75865896,-79.23043452,Scarborough Centre (38),38,Woburn (137),137,D43,Scarborough,3434 LAWRENCE AVE E, , ,Major Arterial,Intersection,At Intersection,Traffic Signal,Clear,Daylight,Dry,Non-Fatal Injury,Sideswipe,Driver,45 to 49,,0,West,"Automobile, Station Wagon",Changing Lanes,Improper Lane Change,Inattentive, , , , , , ,0,0,1,1,0,0,0,0,0,0,0,0,0,0
6000171366,2016,1,29,12,25,4,43.75865896,-79.23043452,Scarborough Centre (38),38,Woburn (137),137,D43,Scarborough,3434 LAWRENCE AVE E, , ,Major Arterial,Intersection,At Intersection,Traffic Signal,Clear,Daylight,Dry,Non-Fatal Injury,Sideswipe,Motorcycle Driver,55 to 59,Major,0,West,Motorcycle,Going Ahead,Driving Properly,Normal, , , , , , ,0,0,1,1,0,0,0,0,0,0,0,0,0,0
6001376721,2016,8,5,12,25,4,43.77824362,-79.42235956,Willowdale (23),23,Willowdale West (37),37,D32,North York,FINCH AVE W,TALBOT RD,40 m East,Major Arterial,Mid-Block,Non Intersection,No Control,Clear,Daylight,Dry,Fatal,Pedestrian Collisions,Pedestrian,80 to 84,Fatal,50,North, , , , ,Pedestrian hit at mid-block,"Crossing, no Traffic Control",Inattentive, , , ,1,0,1,0,0,0,0,0,0,0,0,0,0,1
6001376721,2016,8,5,12,25,4,43.77824362,-79.42235956,Willowdale (23),23,Willowdale West (37),37,D32,North York,FINCH AVE W,TALBOT RD,40 m East,Major Arterial,Mid-Block,Non Intersection,No Control,Clear,Daylight,Dry,Fatal,Pedestrian Collisions,Driver,45 to 49,,0,West,"Automobile, Station Wagon",Going Ahead,Driving Properly,Normal, , , , , , ,1,0,1,0,0,0,0,0,0,0,0,0,0,1
7001100297,2017,6,20,12,27,1,43.78488882,-79.41678248,Willowdale (24),24,Newtonbrook East (50),50,D32,North York,5799 YONGE ST, ,2 m East of,Minor Arterial,Mid-Block,At/Near Private Drive,Stop Sign,Clear,Daylight,Dry,Non-Fatal Injury,Pedestrian Collisions,Driver,65 to 69,,0,West,"Automobile, Station Wagon",Turning Right,Failed to Yield Right of Way,Normal, , , , , , ,1,0,1,0,0,0,0,0,0,1,0,0,0,0
7001100297,2017,6,20,12,27,1,43.78488882,-79.41678248,Willowdale (24),24,Newtonbrook East (50),50,D32,North York,5799 YONGE ST, ,2 m East of,Minor Arterial,Mid-Block,At/Near Private Drive,Stop Sign,Clear,Daylight,Dry,Non-Fatal Injury,Pedestrian Collisions,Pedestrian,70 to 74,Major,0,South, , , , ,Pedestrian hit at private driveway,On Sidewalk or Shoulder,Normal, , , ,1,0,1,0,0,0,0,0,0,1,0,0,0,0
6001402361,2016,8,9,12,28,1,43.66946753,-79.46628199,York South-Weston (11),11,Junction Area (90),90,D11,Etobicoke York,KEELE ST,HIRONS ST, ,Major Arterial,Intersection,At Intersection,Stop Sign,Clear,Daylight,Dry,Non-Fatal Injury,Turning Movement,Motorcycle Driver,30 to 34,Major,0,North,Motorcycle,Going Ahead,Exceeding Speed Limit,Inattentive, , , , , , ,0,0,1,1,0,0,0,0,1,1,0,0,0,0
6001402361,2016,8,9,12,28,1,43.66946753,-79.46628199,York South-Weston (11),11,Junction Area (90),90,D11,Etobicoke York,KEELE ST,HIRONS ST, ,Major Arterial,Intersection,At Intersection,Stop Sign,Clear,Daylight,Dry,Non-Fatal Injury,Turning Movement,Driver,55 to 59,,0,East,"Automobile, Station Wagon",Turning Left,Driving Properly,Normal, , , , , , ,0,0,1,1,0,0,0,0,1,1,0,0,0,0
4003158007,2014,10,23,12,29,3,43.77090414,-79.52086268,York West (8),8,Black Creek (24),24,D31,North York,4709 JANE ST, , ,Major Arterial,Intersection,At Intersection,Traffic Signal,Clear,Daylight,Dry,Non-Fatal Injury,Sideswipe,Truck Driver,30 to 34,,0,North,Truck-Tractor,Going Ahead,Driving Properly,Normal, , , , , , ,0,0,0,0,1,0,0,1,0,0,0,0,0,0
4003158007,2014,10,23,12,29,3,43.77090414,-79.52086268,York West (8),8,Black Creek (24),24,D31,North York,4709 JANE ST, , ,Major Arterial,Intersection,At Intersection,Traffic Signal,Clear,Daylight,Dry,Non-Fatal Injury,Sideswipe,Passenger,40 to 44,Major,0, , , , , , , , , , , ,0,0,0,0,1,0,0,1,0,0,0,0,0,0
1028580,2008,3,4,12,30,1,43.75234538,-79.26119029,Scarborough Centre (37),37,Bendale (127),127,D41,Scarborough,2701 LAWRENCE AVE E, , ,Major Arterial,Mid-Block, ,No Control,Clear,Daylight,Dry,Non-Fatal Injury,Pedestrian Collisions,Vehicle Owner,unknown, ,0, ,Other, , , , , , , , , ,1,0,1,0,0,0,0,0,1,1,0,0,0,0
1028580,2008,3,4,12,30,1,43.75234538,-79.26119029,Scarborough Centre (37),37,Bendale (127),127,D41,Scarborough,2701 LAWRENCE AVE E, , ,Major Arterial,Mid-Block, ,No Control,Clear,Daylight,Dry,Non-Fatal Injury,Pedestrian Collisions,Driver,35 to 39,Minor,0,West,"Automobile, Station Wagon",Turning Left,Driving Properly,Normal, , , , , , ,1,0,1,0,0,0,0,0,1,1,0,0,0,0
1028580,2008,3,4,12,30,1,43.75234538,-79.26119029,Scarborough Centre (37),37,Bendale (127),127,D41,Scarborough,2701 LAWRENCE AVE E, , ,Major Arterial,Mid-Block, ,No Control,Clear,Daylight,Dry,Non-Fatal Injury,Pedestrian Collisions,Pedestrian,20 to 24,Major,0, ,Other, , , ,Pedestrian hit on sidewalk or shoulder,On Sidewalk or Shoulder,Normal, , , ,1,0,1,0,0,0,0,0,1,1,0,0,0,0
1028580,2008,3,4,12,30,1,43.75234538,-79.26119029,Scarborough Centre (37),37,Bendale (127),127,D41,Scarborough,2701 LAWRENCE AVE E, , ,Major Arterial,Mid-Block, ,No Control,Clear,Daylight,Dry,Non-Fatal Injury,Pedestrian Collisions,Driver,20 to 24,Minor,0,East,"Automobile, Station Wagon",Going Ahead,Exceeding Speed Limit,Fatigue, , , , , , ,1,0,1,0,0,0,0,0,1,1,0,0,0,0
1041453,2008,6,3,12,30,1,43.75894538,-79.42259029,Willowdale (23),23,Lansing-Westgate (38),38,D32,North York,SENLAC RD,SHEPPARD AVE W, ,Major Arterial,Intersection,At Intersection,Traffic Signal,Rain,Daylight,Wet,Non-Fatal Injury,Pedestrian Collisions,Pedestrian,70 to 74,Major,0,West,Other, , , ,Vehicle turns left while ped crosses with ROW at inter.,Crossing with right of way,Normal, , , ,1,0,1,0,0,0,0,0,0,1,0,0,0,0
1041453,2008,6,3,12,30,1,43.75894538,-79.42259029,Willowdale (23),23,Lansing-Westgate (38),38,D32,North York,SENLAC RD,SHEPPARD AVE W, ,Major Arterial,Intersection,At Intersection,Traffic Signal,Rain,Daylight,Wet,Non-Fatal Injury,Pedestrian Collisions,Driver,80 to 84,,0,East,"Automobile, Station Wagon",Turning Left,Failed to Yield Right of Way,Inattentive, , , , , , ,1,0,1,0,0,0,0,0,0,1,0,0,0,0
1122468,2009,7,28,12,30,1,43.68644538,-79.54919029,Etobicoke Centre (4),4,Willowridge-Martingrove-Richview (7),7,D23,Etobicoke York,WINCOTT DR,SHEFFLEY CRES, ,Local,Mid-Block, ,No Control,Clear,Daylight,Dry,Non-Fatal Injury,Cyclist Collisions,Driver,30 to 34,,0,North,"Automobile, Station Wagon",Going Ahead,Driving Properly,Normal, , , , , , ,0,1,1,0,0,0,0,0,0,0,0,0,0,0
1122468,2009,7,28,12,30,1,43.68644538,-79.54919029,Etobicoke Centre (4),4,Willowridge-Martingrove-Richview (7),7,D23,Etobicoke York,WINCOTT DR,SHEFFLEY CRES, ,Local,Mid-Block, ,No Control,Clear,Daylight,Dry,Non-Fatal Injury,Cyclist Collisions,Cyclist,35 to 39,Major,0,South,Bicycle,Other, , , , , ,"Cyclist loses control and strikes object (pole, ttc track)",Lost control,Normal,0,1,1,0,0,0,0,0,0,0,0,0,0,0
1122772,2009,8,5,12,30,2,43.76454538,-79.38749029,Willowdale (24),24,Bayview Village (52),52,D33,North York,BAYVIEW AVE,401 C W BAYVIEW RAMP, ,Major Arterial,Intersection,At Intersection,Traffic Signal,Clear,Daylight,Dry,Non-Fatal Injury,Pedestrian Collisions,Driver,30 to 34,,0,West,"Automobile, Station Wagon",Turning Right,Failed to Yield Right of Way,Normal, , , , , , ,1,0,1,0,0,0,0,0,0,1,0,0,0,0
1122772,2009,8,5,12,30,2,43.76454538,-79.38749029,Willowdale (24),24,Bayview Village (52),52,D33,North York,BAYVIEW AVE,401 C W BAYVIEW RAMP, ,Major Arterial,Intersection,At Intersection,Traffic Signal,Clear,Daylight,Dry,Non-Fatal Injury,Pedestrian Collisions,Pedestrian,40 to 44,Major,0,South,Other, , , ,Vehicle turns right while ped crosses with ROW at inter.,Crossing with right of way,Normal, , , ,1,0,1,0,0,0,0,0,0,1,0,0,0,0
1128816,2009,9,23,12,30,2,43.64594538,-79.36809029,Toronto Centre-Rosedale (28),28,Waterfront Communities-The Island (77),77,D51,Toronto East York,LAKE SHORE BLVD E,LOWER JARVIS ST, ,Major Arterial,Mid-Block, ,No Control,Clear,Daylight,Dry,Non-Fatal Injury,Sideswipe,Driver,25 to 29,,0,West,"Automobile, Station Wagon",Changing Lanes,Improper Lane Change,Normal, , , , , , ,0,0,1,0,0,0,0,1,0,0,0,0,0,0
1128816,2009,9,23,12,30,2,43.64594538,-79.36809029,Toronto Centre-Rosedale (28),28,Waterfront Communities-The Island (77),77,D51,Toronto East York,LAKE SHORE BLVD E,LOWER JARVIS ST, ,Major Arterial,Mid-Block, ,No Control,Clear,Daylight,Dry,Non-Fatal Injury,Sideswipe,Passenger,50 to 54,Major,0, ,Other, , , , , , , , , ,0,0,1,0,0,0,0,1,0,0,0,0,0,0
1128816,2009,9,23,12,30,2,43.64594538,-79.36809029,Toronto Centre-Rosedale (28),28,Waterfront Communities-The Island (77),77,D51,Toronto East York,LAKE SHORE BLVD E,LOWER JARVIS ST, ,Major Arterial,Mid-Block, ,No Control,Clear,Daylight,Dry,Non-Fatal Injury,Sideswipe,Driver,25 to 29,,0,West,"Automobile, Station Wagon",Going Ahead,Driving Properly,Normal, , , , , , ,0,0,1,0,0,0,0,1,0,0,0,0,0,0
1135839,2009,10,20,12,30,1,43.72134538,-79.54559029,Etobicoke North (2),2,Elms-Old Rexdale (5),5,D23,Etobicoke York,ALBION RD,ARMEL CRT, ,Major Arterial,Intersection,At Intersection,Traffic Signal,Clear,"Daylight, artificial",Dry,Non-Fatal Injury,Pedestrian Collisions,Driver,20 to 24,,0,South,"Automobile, Station Wagon",Turning Left,Failed to Yield Right of Way,Inattentive, , , , , , ,1,0,1,0,0,0,0,0,0,1,0,0,0,0
1135839,2009,10,20,12,30,1,43.72134538,-79.54559029,Etobicoke North (2),2,Elms-Old Rexdale (5),5,D23,Etobicoke York,ALBION RD,ARMEL CRT, ,Major Arterial,Intersection,At Intersection,Traffic Signal,Clear,"Daylight, artificial",Dry,Non-Fatal Injury,Pedestrian Collisions,Pedestrian,50 to 54,Major,0,North,Other, , , ,Vehicle turns left while ped crosses with ROW at inter.,Crossing with right of way,Normal, , , ,1,0,1,0,0,0,0,0,0,1,0,0,0,0
1188699,2010,8,6,12,30,4,43.75484538,-79.36039029,Don Valley West (25),25,St.Andrew-Windfields (40),40,D33,North York,LESLIE St,FARMSTEAD Rd, ,Major Arterial,Intersection, ,No Control,Clear,Daylight,Dry,Non-Fatal Injury,Pedestrian Collisions,Driver,45 to 49,,0,North,"Automobile, Station Wagon",Going Ahead,Driving Properly,Normal, , , , , , ,1,0,1,0,0,0,0,0,0,0,0,0,0,0
1188699,2010,8,6,12,30,4,43.75484538,-79.36039029,Don Valley West (25),25,St.Andrew-Windfields (40),40,D33,North York,LESLIE St,FARMSTEAD Rd, ,Major Arterial,Intersection, ,No Control,Clear,Daylight,Dry,Non-Fatal Injury,Pedestrian Collisions,Pedestrian,20 to 24,Major,0,West,Other,Unknown, , ,Vehicle is going straight thru inter.while ped cross without ROW,"Crossing, no Traffic Control",Inattentive, , , ,1,0,1,0,0,0,0,0,0,0,0,0,0,0
1239456,2011,6,16,12,30,3,43.71924538,-79.42979029,Eglinton-Lawrence (16),16,Bedford Park-Nortown (39),39,D53,North York,BATHURST ST,LAWRENCE AVE W, ,Major Arterial,Intersection,At Intersection,Traffic Signal,Clear,Daylight,Dry,Non-Fatal Injury,Cyclist Collisions,Driver,unknown,,0,South,"Automobile, Station Wagon",Turning Left,Failed to Yield Right of Way,Unknown, , , , , , ,0,1,1,0,0,0,0,0,0,1,0,0,0,0
1239456,2011,6,16,12,30,3,43.71924538,-79.42979029,Eglinton-Lawrence (16),16,Bedford Park-Nortown (39),39,D53,North York,BATHURST ST,LAWRENCE AVE W, ,Major Arterial,Intersection,At Intersection,Traffic Signal,Clear,Daylight,Dry,Non-Fatal Injury,Cyclist Collisions,Cyclist,20 to 24,Major,0,North,Bicycle,Going Ahead, , , , , ,Motorist turned left across cyclists path.,Other,Normal,0,1,1,0,0,0,0,0,0,1,0,0,0,0
1370441,2013,6,14,12,30,4,43.63604538,-79.50669029,Etobicoke-Lakeshore (5),5,Stonegate-Queensway (16),16,D22,Etobicoke York,754 ROYAL YORK RD, , ,Minor Arterial,Mid-Block, ,No Control,Clear,Daylight,Dry,Non-Fatal Injury,Rear End,Motorcycle Driver,15 to 19,Major,0,South,Motorcycle,Going Ahead,Exceeding Speed Limit,Normal, , , , , , ,0,0,1,1,0,0,0,0,1,1,0,0,0,0
1370441,2013,6,14,12,30,4,43.63604538,-79.50669029,Etobicoke-Lakeshore (5),5,Stonegate-Queensway (16),16,D22,Etobicoke York,754 ROYAL YORK RD, , ,Minor Arterial,Mid-Block, ,No Control,Clear,Daylight,Dry,Non-Fatal Injury,Rear End,Driver,40 to 44,,0,South,"Automobile, Station Wagon",Going Ahead,Driving Properly,Normal, , , , , , ,0,0,1,1,0,0,0,0,1,1,0,0,0,0
1371397,2013,6,17,12,30,0,43.79574538,-79.22369029,Scarborough-Rouge River (42),42,Malvern (132),132,D42,Scarborough,BURROWS HALL BLVD,GOSKIN CRT, ,Collector,Intersection, ,No Control,Clear,Daylight,Dry,Non-Fatal Injury,Other,Vehicle Owner,unknown, ,0, ,Other, , , , , , , , , ,0,0,1,0,0,0,0,1,0,0,0,0,0,0
1371397,2013,6,17,12,30,0,43.79574538,-79.22369029,Scarborough-Rouge River (42),42,Malvern (132),132,D42,Scarborough,BURROWS HALL BLVD,GOSKIN CRT, ,Collector,Intersection, ,No Control,Clear,Daylight,Dry,Non-Fatal Injury,Other,Passenger,15 to 19,Major,0, ,Other, , , , , , , , , ,0,0,1,0,0,0,0,1,0,0,0,0,0,0
1371397,2013,6,17,12,30,0,43.79574538,-79.22369029,Scarborough-Rouge River (42),42,Malvern (132),132,D42,Scarborough,BURROWS HALL BLVD,GOSKIN CRT, ,Collector,Intersection, ,No Control,Clear,Daylight,Dry,Non-Fatal Injury,Other,Driver,15 to 19,,0,West,"Automobile, Station Wagon",Going Ahead,Lost control,Unknown, , , , , , ,0,0,1,0,0,0,0,1,0,0,0,0,0,0
5000897486,2015,5,29,12,30,4,43.62160452,-79.52343378,Etobicoke-Lakeshore (5),5,Islington-City Centre West (14),14,D22,Etobicoke York,THE QUEENSWAY,VIBE RD,33 m West of,Major Arterial,Intersection,At/Near Private Drive,No Control,Clear,Daylight,Dry,Non-Fatal Injury,Angle,Driver,20 to 24,,0,North,"Automobile, Station Wagon",Going Ahead,Failed to Yield Right of Way,Inattentive, , , , , , ,0,0,1,0,0,0,0,0,0,1,0,0,0,0
5000897486,2015,5,29,12,30,4,43.62160452,-79.52343378,Etobicoke-Lakeshore (5),5,Islington-City Centre West (14),14,D22,Etobicoke York,THE QUEENSWAY,VIBE RD,33 m West of,Major Arterial,Intersection,At/Near Private Drive,No Control,Clear,Daylight,Dry,Non-Fatal Injury,Angle,Driver,85 to 89,Major,0,West,Other,Going Ahead,Driving Properly,Normal, , , , , , ,0,0,1,0,0,0,0,0,0,1,0,0,0,0
1356635,2013,5,16,12,31,3,43.7403446,-79.4058877,Don Valley West (25),25,Bridle Path-Sunnybrook-York Mills (41),41,D32,North York,MILL ST,YONGE ST, ,Major Arterial,Intersection,At Intersection,Traffic Signal,Clear,Daylight,Dry,Fatal,Pedestrian Collisions,Vehicle Owner,unknown, ,0, , , , , , , , , , , ,1,0,1,0,0,0,0,0,0,1,1,0,0,1
1356635,2013,5,16,12,31,3,43.7403446,-79.4058877,Don Valley West (25),25,Bridle Path-Sunnybrook-York Mills (41),41,D32,North York,MILL ST,YONGE ST, ,Major Arterial,Intersection,At Intersection,Traffic Signal,Clear,Daylight,Dry,Fatal,Pedestrian Collisions,Driver,25 to 29,,0,West,"Automobile, Station Wagon",Turning Right,Disobeyed Traffic Control,Normal, , , , , , ,1,0,1,0,0,0,0,0,0,1,1,0,0,1
1356635,2013,5,16,12,31,3,43.7403446,-79.4058877,Don Valley West (25),25,Bridle Path-Sunnybrook-York Mills (41),41,D32,North York,MILL ST,YONGE ST, ,Major Arterial,Intersection,At Intersection,Traffic Signal,Clear,Daylight,Dry,Fatal,Pedestrian Collisions,Pedestrian,90 to 94,Fatal,15,South, , , , ,Vehicle turns right while ped crosses with ROW at inter.,Crossing with right of way,Normal, , , ,1,0,1,0,0,0,0,0,0,1,1,0,0,1
6001041986,2016,6,15,12,31,2,43.65039023,-79.37846003,Toronto Centre-Rosedale (28),28,Church-Yonge Corridor (75),75,D51,Toronto East York,YONGE ST,ADELAIDE ST E,11 m North of,Major Arterial,Intersection,Intersection Related,Traffic Controller,Clear,Daylight,Dry,Non-Fatal Injury,Rear End,Motorcycle Driver,50 to 54,Major,0,North,Motorcycle,Going Ahead,Following too Close,Normal, , , , , , ,0,0,1,1,0,0,0,0,0,1,0,0,0,0
6001041986,2016,6,15,12,31,2,43.65039023,-79.37846003,Toronto Centre-Rosedale (28),28,Church-Yonge Corridor (75),75,D51,Toronto East York,YONGE ST,ADELAIDE ST E,11 m North of,Major Arterial,Intersection,Intersection Related,Traffic Controller,Clear,Daylight,Dry,Non-Fatal Injury,Rear End,Driver,40 to 44,,0,North,Pick Up Truck,Slowing or Stopping,Driving Properly,Normal, , , , , , ,0,0,1,1,0,0,0,0,0,1,0,0,0,0
1011551,2007,12,17,12,32,0,43.69284538,-79.57149029,Etobicoke North (2),2,West Humber-Clairville (1),1,D23,Etobicoke York,MARTIN GROVE RD,401 X W MARTIN GROVE RAMP, ,Minor Arterial,Intersection, ,Traffic Signal,Clear,Daylight,Wet,Non-Fatal Injury,Angle,Passenger,5 to 9,Minimal,0, ,Other, , , , , , , , , ,0,0,1,0,0,0,0,1,0,1,1,0,0,0
1011551,2007,12,17,12,32,0,43.69284538,-79.57149029,Etobicoke North (2),2,West Humber-Clairville (1),1,D23,Etobicoke York,MARTIN GROVE RD,401 X W MARTIN GROVE RAMP, ,Minor Arterial,Intersection, ,Traffic Signal,Clear,Daylight,Wet,Non-Fatal Injury,Angle,Passenger,5 to 9,Minimal,0, ,Other, , , , , , , , , ,0,0,1,0,0,0,0,1,0,1,1,0,0,0
1011551,2007,12,17,12,32,0,43.69284538,-79.57149029,Etobicoke North (2),2,West Humber-Clairville (1),1,D23,Etobicoke York,MARTIN GROVE RD,401 X W MARTIN GROVE RAMP, ,Minor Arterial,Intersection, ,Traffic Signal,Clear,Daylight,Wet,Non-Fatal Injury,Angle,Driver,35 to 39,Major,0,North,"Automobile, Station Wagon",Going Ahead,Disobeyed Traffic Control,Normal, , , , , , ,0,0,1,0,0,0,0,1,0,1,1,0,0,0