ACCNUM,YEAR,MONTH,DAY,HOUR,MINUTES,WEEKDAY,LATITUDE,LONGITUDE,Ward_Name,Ward_ID,Hood_Name,Hood_ID,Division,District,STREET1,STREET2,OFFSET,ROAD_CLASS,LOCCOORD,ACCLOC,TRAFFCTL,VISIBILITY,LIGHT,RDSFCOND,ACCLASS,IMPACTYPE,INVTYPE,INVAGE,INJURY,FATAL_NO,INITDIR,VEHTYPE,MANOEUVER,DRIVACT,DRIVCOND,PEDTYPE,PEDACT,PEDCOND,CYCLISTYPE,CYCACT,CYCCOND,PEDESTRIAN,CYCLIST,AUTOMOBILE,MOTORCYCLE,TRUCK,TRSN_CITY_VEH,EMERG_VEH,PASSENGER,SPEEDING,AG_DRIV,REDLIGHT,ALCOHOL,DISABILITY,label
1011551,2007,12,17,12,32,0,43.69284538,-79.57149029,Etobicoke North (2),2,West Humber-Clairville (1),1,D23,Etobicoke York,MARTIN GROVE RD,401 X W MARTIN GROVE RAMP, ,Minor Arterial,Intersection, ,Traffic Signal,Clear,Daylight,Wet,Non-Fatal Injury,Angle,Driver,45 to 49,Minimal,0,West,"Automobile, Station Wagon",Going Ahead,Driving Properly,Normal, , , , , , ,0,0,1,0,0,0,0,1,0,1,1,0,0,0
1137816,2009,11,19,12,32,3,43.70634538,-79.48769029,York South-Weston (12),12,Brookhaven-Amesbury (30),30,D12,Etobicoke York,LAWRENCE Ave W,CULFORD Rd, ,Major Arterial,Intersection,At Intersection,Traffic Signal,Rain,Daylight,Wet,Non-Fatal Injury,Pedestrian Collisions,Driver,60 to 64,,0,East,"Automobile, Station Wagon",Going Ahead,Driving Properly,Normal, , , , , , ,1,0,1,0,0,0,0,0,0,0,0,0,0,0
1137816,2009,11,19,12,32,3,43.70634538,-79.48769029,York South-Weston (12),12,Brookhaven-Amesbury (30),30,D12,Etobicoke York,LAWRENCE Ave W,CULFORD Rd, ,Major Arterial,Intersection,At Intersection,Traffic Signal,Rain,Daylight,Wet,Non-Fatal Injury,Pedestrian Collisions,Pedestrian,10 to 14,Major,0,North,Other, , , ,Vehicle is going straight thru inter.while ped cross without ROW,Crossing without right of way,Normal, , , ,1,0,1,0,0,0,0,0,0,0,0,0,0,0
1192613,2010,10,1,12,32,4,43.63944538,-79.42479029,Parkdale-High Park (14),14,South Parkdale (85),85,D14,Toronto East York,KING ST W,FRASER AVE, ,Major Arterial,Intersection,At Intersection,Stop Sign,Clear,Daylight,Dry,Non-Fatal Injury,Turning Movement,Motorcycle Driver,30 to 34,Major,0,East,Motorcycle,Going Ahead,Driving Properly,Normal, , , , , , ,0,0,1,1,0,0,0,0,0,0,0,0,0,0
1192613,2010,10,1,12,32,4,43.63944538,-79.42479029,Parkdale-High Park (14),14,South Parkdale (85),85,D14,Toronto East York,KING ST W,FRASER AVE, ,Major Arterial,Intersection,At Intersection,Stop Sign,Clear,Daylight,Dry,Non-Fatal Injury,Turning Movement,Driver,55 to 59,,0,West,"Automobile, Station Wagon",Turning Left,Improper Turn,Inattentive, , , , , , ,0,0,1,1,0,0,0,0,0,0,0,0,0,0
1220905,2011,1,10,12,32,0,43.76104538,-79.41319029,Willowdale (23),23,Lansing-Westgate (38),38,D32,North York,SHEPPARD AVE W,BEECROFT RD, ,Major Arterial,Intersection, ,Traffic Signal,Clear,Daylight,Dry,Non-Fatal Injury,Pedestrian Collisions,Vehicle Owner,unknown, ,0, ,Other, , , , , , , , , ,1,0,1,0,0,0,0,0,0,1,0,0,0,0
1220905,2011,1,10,12,32,0,43.76104538,-79.41319029,Willowdale (23),23,Lansing-Westgate (38),38,D32,North York,SHEPPARD AVE W,BEECROFT RD, ,Major Arterial,Intersection, ,Traffic Signal,Clear,Daylight,Dry,Non-Fatal Injury,Pedestrian Collisions,Driver,45 to 49,,0,South,"Automobile, Station Wagon",Turning Right,Failed to Yield Right of Way,Normal, , , , , , ,1,0,1,0,0,0,0,0,0,1,0,0,0,0
1220905,2011,1,10,12,32,0,43.76104538,-79.41319029,Willowdale (23),23,Lansing-Westgate (38),38,D32,North York,SHEPPARD AVE W,BEECROFT RD, ,Major Arterial,Intersection, ,Traffic Signal,Clear,Daylight,Dry,Non-Fatal Injury,Pedestrian Collisions,Pedestrian,65 to 69,Major,0,East,Other, , , ,Vehicle turns right while ped crosses with ROW at inter.,Crossing with right of way,Normal, , , ,1,0,1,0,0,0,0,0,0,1,0,0,0,0
1353658,2013,3,29,12,32,4,43.81924538,-79.32339029,Scarborough-Agincourt (39),39,Steeles (116),116,D42,Scarborough,78 EAGLEVIEW CRES, , ,Local,Mid-Block, ,No Control,Clear,Daylight,Dry,Non-Fatal Injury,Pedestrian Collisions,Driver,unknown,,0,East,"Automobile, Station Wagon",Reversing,Other,Unknown, , , , , , ,1,0,1,0,0,0,0,0,0,0,0,0,0,0
1353658,2013,3,29,12,32,4,43.81924538,-79.32339029,Scarborough-Agincourt (39),39,Steeles (116),116,D42,Scarborough,78 EAGLEVIEW CRES, , ,Local,Mid-Block, ,No Control,Clear,Daylight,Dry,Non-Fatal Injury,Pedestrian Collisions,Pedestrian,70 to 74,Major,0,Unknown,Other, , , ,Vehicle is reversing and hits pedestrian,Other,Normal, , , ,1,0,1,0,0,0,0,0,0,0,0,0,0,0
7003136062,2017,12,5,12,32,1,43.77168238,-79.36372029,Don Valley East (33),33,Don Valley Village (47),47,D33,North York,SHEPPARD AVE E,LESLIE ST,31 m East of,Major Arterial,Mid-Block,Non Intersection,Traffic Signal,Clear,Daylight,Dry,Non-Fatal Injury,Pedestrian Collisions,Driver,15 to 19,,0,East,"Automobile, Station Wagon",Going Ahead,Speed too Fast For Condition,Inattentive, , , , , , ,1,0,1,0,0,0,0,1,1,1,0,0,0,0
7003136062,2017,12,5,12,32,1,43.77168238,-79.36372029,Don Valley East (33),33,Don Valley Village (47),47,D33,North York,SHEPPARD AVE E,LESLIE ST,31 m East of,Major Arterial,Mid-Block,Non Intersection,Traffic Signal,Clear,Daylight,Dry,Non-Fatal Injury,Pedestrian Collisions,Driver,50 to 54,,0,West,Passenger Van,Stopped,Driving Properly,Normal, , , , , , ,1,0,1,0,0,0,0,1,1,1,0,0,0,0
7003136062,2017,12,5,12,32,1,43.77168238,-79.36372029,Don Valley East (33),33,Don Valley Village (47),47,D33,North York,SHEPPARD AVE E,LESLIE ST,31 m East of,Major Arterial,Mid-Block,Non Intersection,Traffic Signal,Clear,Daylight,Dry,Non-Fatal Injury,Pedestrian Collisions,Driver,35 to 39,Minor,0,West,Delivery Van,Stopped,Driving Properly,Normal, , , , , , ,1,0,1,0,0,0,0,1,1,1,0,0,0,0
7003136062,2017,12,5,12,32,1,43.77168238,-79.36372029,Don Valley East (33),33,Don Valley Village (47),47,D33,North York,SHEPPARD AVE E,LESLIE ST,31 m East of,Major Arterial,Mid-Block,Non Intersection,Traffic Signal,Clear,Daylight,Dry,Non-Fatal Injury,Pedestrian Collisions,Passenger,15 to 19,,0, , , , , , , , , , , ,1,0,1,0,0,0,0,1,1,1,0,0,0,0
7003136062,2017,12,5,12,32,1,43.77168238,-79.36372029,Don Valley East (33),33,Don Valley Village (47),47,D33,North York,SHEPPARD AVE E,LESLIE ST,31 m East of,Major Arterial,Mid-Block,Non Intersection,Traffic Signal,Clear,Daylight,Dry,Non-Fatal Injury,Pedestrian Collisions,Passenger,50 to 54,,0, , , , , , , , , , , ,1,0,1,0,0,0,0,1,1,1,0,0,0,0
7003136062,2017,12,5,12,32,1,43.77168238,-79.36372029,Don Valley East (33),33,Don Valley Village (47),47,D33,North York,SHEPPARD AVE E,LESLIE ST,31 m East of,Major Arterial,Mid-Block,Non Intersection,Traffic Signal,Clear,Daylight,Dry,Non-Fatal Injury,Pedestrian Collisions,Pedestrian,55 to 59,Major,0, , , , , , , ,Normal, , , ,1,0,1,0,0,0,0,1,1,1,0,0,0,0
1230262,2011,2,18,12,33,4,43.66814538,-79.48699029,York South-Weston (11),11,Rockcliffe-Smythe (111),111,D11,Etobicoke York,ST CLAIR Aven W,MOULD Aven, ,Major Arterial,Intersection, ,Traffic Signal,Clear,Daylight,Dry,Non-Fatal Injury,Turning Movement,Driver,50 to 54,Major,0,West,"Automobile, Station Wagon",Going Ahead,Exceeding Speed Limit,Normal, , , , , , ,0,0,1,0,0,0,0,0,1,1,0,0,0,0
1230262,2011,2,18,12,33,4,43.66814538,-79.48699029,York South-Weston (11),11,Rockcliffe-Smythe (111),111,D11,Etobicoke York,ST CLAIR Aven W,MOULD Aven, ,Major Arterial,Intersection, ,Traffic Signal,Clear,Daylight,Dry,Non-Fatal Injury,Turning Movement,Driver,50 to 54,Minor,0,East,"Automobile, Station Wagon",Turning Left,Improper Turn,Normal, , , , , , ,0,0,1,0,0,0,0,0,1,1,0,0,0,0
1298592,2012,4,18,11,43,2,43.69204538,-79.50279029,York South-Weston (11),11,Mount Dennis (115),115,D12,Etobicoke York,WESTON RD,DORA SPENCER RD, ,Minor Arterial,Intersection,At Intersection,Stop Sign,Clear,Daylight,Dry,Non-Fatal Injury,Turning Movement,Driver,55 to 59,Minimal,0,North,"Automobile, Station Wagon",Turning Left,Failed to Yield Right of Way,Inattentive, , , , , , ,0,0,1,0,0,0,0,1,0,1,0,0,0,0
1232571,2011,5,10,11,34,1,43.61774538,-79.52689029,Etobicoke-Lakeshore (6),6,Mimico (includes Humber Bay Shores) (17),17,D22,Etobicoke York,F G GARDINER XY Expr W,KIPLING AVE, ,Expressway,Mid-Block, ,No Control,Clear,Daylight,Dry,Non-Fatal Injury,Rear End,Vehicle Owner,unknown, ,0, ,Other, , , , , , , , , ,0,0,1,0,0,0,0,1,1,1,0,0,0,0
3001089776,2013,12,4,11,43,2,43.67002447,-79.41313563,Trinity-Spadina (20),20,Annex (95),95,D14,Toronto East York,BATHURST ST,WELLS ST, ,Major Arterial,Intersection,At Intersection,Traffic Signal,Clear,Daylight,Dry,Non-Fatal Injury,Pedestrian Collisions,Driver,65 to 69,,0,North,"Automobile, Station Wagon",Going Ahead,Driving Properly,Normal, , , , , , ,1,0,1,0,0,0,0,0,0,0,0,0,0,0
1380770,2013,7,29,11,11,0,43.68184538,-79.33059029,Toronto-Danforth (30),30,Greenwood-Coxwell (65),65,D55,Toronto East York,DANFORTH Ave,LINNSMORE Cres, ,Major Arterial,Mid-Block, ,No Control,Clear,Daylight,Dry,Non-Fatal Injury,Pedestrian Collisions,Pedestrian,70 to 74,Major,0,South,Other, , , ,Pedestrian hit at mid-block,"Crossing, no Traffic Control",Unknown, , , ,1,0,1,0,0,0,0,0,0,0,0,0,0,0
1196331,2010,9,15,11,28,2,43.68874538,-79.30209029,Beaches-East York (31),31,East End-Danforth (62),62,D54,Toronto East York,MAIN ST,DANFORTH AVE, ,Major Arterial,Mid-Block, ,No Control,Clear,Daylight,Dry,Non-Fatal Injury,Turning Movement,Driver,40 to 44,,0,North,"Automobile, Station Wagon",Going Ahead,Driving Properly,Normal, , , , , , ,0,0,1,0,0,1,0,0,0,1,0,0,0,0
5000922282,2015,6,2,12,33,1,43.75553854,-79.24541865,Scarborough Centre (38),38,Bendale (127),127,D43,Scarborough,LAWRENCE AVE E,MCCOWAN RD, ,Major Arterial,Intersection,At Intersection,Traffic Signal,Clear,Daylight,Dry,Fatal,Pedestrian Collisions,Driver,80 to 84,Minor,0,West,"Automobile, Station Wagon",Going Ahead,Driving Properly,Normal, , , , , , ,1,0,1,0,0,0,0,0,0,0,0,0,0,1
1342812,2013,1,1,11,12,1,43.80524538,-79.29879029,Scarborough-Agincourt (39),39,Milliken (130),130,D42,Scarborough,KENNEDY Rd,DANCY Ave, ,Major Arterial,Intersection,At Intersection,No Control,Clear,Daylight,Dry,Non-Fatal Injury,Rear End,Driver,65 to 69,Major,0,North,"Automobile, Station Wagon",Going Ahead,Driving Properly,Normal, , , , , , ,0,0,1,0,0,0,0,1,0,1,0,0,0,0
3001089776,2013,12,4,11,43,2,43.67002447,-79.41313563,Trinity-Spadina (20),20,Annex (95),95,D14,Toronto East York,BATHURST ST,WELLS ST, ,Major Arterial,Intersection,At Intersection,Traffic Signal,Clear,Daylight,Dry,Non-Fatal Injury,Pedestrian Collisions,Pedestrian,70 to 74,Major,0,East,"Automobile, Station Wagon", , , ,Vehicle is going straight thru inter.while ped cross without ROW,Crossing without right of way,Inattentive, , , ,1,0,1,0,0,0,0,0,0,0,0,0,0,0
1196331,2010,9,15,11,28,2,43.68874538,-79.30209029,Beaches-East York (31),31,East End-Danforth (62),62,D54,Toronto East York,MAIN ST,DANFORTH AVE, ,Major Arterial,Mid-Block, ,No Control,Clear,Daylight,Dry,Non-Fatal Injury,Turning Movement,Vehicle Owner,unknown, ,0, ,Other, , , , , , , , , ,0,0,1,0,0,1,0,0,0,1,0,0,0,0
5000922282,2015,6,2,12,33,1,43.75553854,-79.24541865,Scarborough Centre (38),38,Bendale (127),127,D43,Scarborough,LAWRENCE AVE E,MCCOWAN RD, ,Major Arterial,Intersection,At Intersection,Traffic Signal,Clear,Daylight,Dry,Fatal,Pedestrian Collisions,Pedestrian,70 to 74,Fatal,27,North, , , , ,Vehicle is going straight thru inter.while ped cross without ROW,Crossing without right of way,Unknown, , , ,1,0,1,0,0,0,0,0,0,0,0,0,0,1
1232571,2011,5,10,11,34,1,43.61774538,-79.52689029,Etobicoke-Lakeshore (6),6,Mimico (includes Humber Bay Shores) (17),17,D22,Etobicoke York,F G GARDINER XY Expr W,KIPLING AVE, ,Expressway,Mid-Block, ,No Control,Clear,Daylight,Dry,Non-Fatal Injury,Rear End,Driver,25 to 29,Minimal,0,West,"Automobile, Station Wagon",Going Ahead,Exceeding Speed Limit,Unknown, , , , , , ,0,0,1,0,0,0,0,1,1,1,0,0,0,0
1342812,2013,1,1,11,12,1,43.80524538,-79.29879029,Scarborough-Agincourt (39),39,Milliken (130),130,D42,Scarborough,KENNEDY Rd,DANCY Ave, ,Major Arterial,Intersection,At Intersection,No Control,Clear,Daylight,Dry,Non-Fatal Injury,Rear End,Passenger,30 to 34,Minimal,0, ,Other, , , , , , , , , ,0,0,1,0,0,0,0,1,0,1,0,0,0,0
6001143418,2016,6,30,11,43,3,43.72090491,-79.5086175,York Centre (9),9,Downsview-Roding-CFB (26),26,D31,North York,JANE ST,WILSON AVE,5 m South of,Major Arterial,Intersection,Intersection Related,Traffic Signal,Clear,Daylight,Dry,Non-Fatal Injury,Cyclist Collisions,Cyclist,20 to 24,Major,0,East,Bicycle,Going Ahead, , , , , ,Motorist turning right on green or amber at signalized intersection strikes cyclist.,Driving Properly,Normal,0,1,0,0,1,0,0,0,0,0,0,0,0,0
1196331,2010,9,15,11,28,2,43.68874538,-79.30209029,Beaches-East York (31),31,East End-Danforth (62),62,D54,Toronto East York,MAIN ST,DANFORTH AVE, ,Major Arterial,Mid-Block, ,No Control,Clear,Daylight,Dry,Non-Fatal Injury,Turning Movement,Driver,45 to 49,Major,0,West,Municipal Transit Bus (TTC),Turning Right,Failed to Yield Right of Way,Inattentive, , , , , , ,0,0,1,0,0,1,0,0,0,1,0,0,0,0
1281493,2011,12,22,11,28,3,43.71354538,-79.36479029,Don Valley West (26),26,Thorncliffe Park (55),55,D53,North York,LAIRD DR,EGLINTON AVE E, ,Major Arterial,Intersection,At Intersection,Traffic Signal,Clear,Daylight,Dry,Non-Fatal Injury,Pedestrian Collisions,Driver,70 to 74,,0,South,"Automobile, Station Wagon",Turning Left,Failed to Yield Right of Way,Inattentive, , , , , , ,1,0,1,0,0,0,0,0,0,1,0,0,0,0
1281493,2011,12,22,11,28,3,43.71354538,-79.36479029,Don Valley West (26),26,Thorncliffe Park (55),55,D53,North York,LAIRD DR,EGLINTON AVE E, ,Major Arterial,Intersection,At Intersection,Traffic Signal,Clear,Daylight,Dry,Non-Fatal Injury,Pedestrian Collisions,Pedestrian,65 to 69,Major,0,North,Other, , , ,Vehicle turns left while ped crosses with ROW at inter.,Crossing with right of way,Normal, , , ,1,0,1,0,0,0,0,0,0,1,0,0,0,0
995439,2007,8,31,11,29,4,43.70524538,-79.40559029,Eglinton-Lawrence (16),16,Yonge-Eglinton (100),100,D53,Toronto East York,227 EGLINTON AVE W, , ,Major Arterial,Mid-Block, ,No Control,Clear,Daylight,Dry,Non-Fatal Injury,Angle,Driver,40 to 44,Minor,0,East,"Automobile, Station Wagon",Going Ahead,Other,Normal, , , , , , ,0,0,1,0,0,0,0,0,0,0,0,0,0,0
995439,2007,8,31,11,29,4,43.70524538,-79.40559029,Eglinton-Lawrence (16),16,Yonge-Eglinton (100),100,D53,Toronto East York,227 EGLINTON AVE W, , ,Major Arterial,Mid-Block, ,No Control,Clear,Daylight,Dry,Non-Fatal Injury,Angle,Vehicle Owner,unknown,,0, ,Other, , , , , , , , , ,0,0,1,0,0,0,0,0,0,0,0,0,0,0
995439,2007,8,31,11,29,4,43.70524538,-79.40559029,Eglinton-Lawrence (16),16,Yonge-Eglinton (100),100,D53,Toronto East York,227 EGLINTON AVE W, , ,Major Arterial,Mid-Block, ,No Control,Clear,Daylight,Dry,Non-Fatal Injury,Angle,Driver,40 to 44,Major,0,North,"Automobile, Station Wagon",Going Ahead,Driving Properly,Normal, , , , , , ,0,0,1,0,0,0,0,0,0,0,0,0,0,0
6000080482,2016,1,14,11,29,3,43.81684454,-79.33646784,Scarborough-Agincourt (39),39,Steeles (116),116,D42,Scarborough,STEELES AVE E,PHARMACY AVE, ,Major Arterial,Intersection,At Intersection,Traffic Signal,Clear,Daylight,Wet,Fatal,Turning Movement,Driver,35 to 39,Fatal,3,West,"Automobile, Station Wagon",Turning Left,Failed to Yield Right of Way,Unknown, , , , , , ,0,0,1,0,1,0,0,0,0,1,0,0,0,1
6000080482,2016,1,14,11,29,3,43.81684454,-79.33646784,Scarborough-Agincourt (39),39,Steeles (116),116,D42,Scarborough,STEELES AVE E,PHARMACY AVE, ,Major Arterial,Intersection,At Intersection,Traffic Signal,Clear,Daylight,Wet,Fatal,Turning Movement,Truck Driver,55 to 59,,0,East,"Truck - Closed (Blazer, etc)",Going Ahead,Driving Properly,Unknown, , , , , , ,0,0,1,0,1,0,0,0,0,1,0,0,0,1
995772,2007,10,10,11,30,2,43.65784538,-79.34139029,Toronto-Danforth (30),30,South Riverdale (70),70,D55,Toronto East York,LOGAN AVE,EASTERN AVE, ,Major Arterial,Intersection,At Intersection,Traffic Signal,Clear,Daylight,Dry,Non-Fatal Injury,Pedestrian Collisions,Driver,35 to 39,,0,South,"Automobile, Station Wagon",Turning Left,Failed to Yield Right of Way,Normal,Vehicle turns left while ped crosses with ROW at inter., , , , , ,1,0,1,0,0,0,0,0,0,1,0,0,0,0
995772,2007,10,10,11,30,2,43.65784538,-79.34139029,Toronto-Danforth (30),30,South Riverdale (70),70,D55,Toronto East York,LOGAN AVE,EASTERN AVE, ,Major Arterial,Intersection,At Intersection,Traffic Signal,Clear,Daylight,Dry,Non-Fatal Injury,Pedestrian Collisions,Pedestrian,70 to 74,Major,0,North,Other, , , ,Vehicle turns left while ped crosses with ROW at inter.,Crossing with right of way,Normal, , , ,1,0,1,0,0,0,0,0,0,1,0,0,0,0
1008556,2007,11,7,11,30,2,43.70004538,-79.42989029,St. Paul's (21),21,Humewood-Cedarvale (106),106,D13,Toronto East York,EGLINTON AVE W,CAMBERWELL RD, ,Major Arterial,Intersection, ,No Control,Clear,Daylight,Dry,Non-Fatal Injury,Pedestrian Collisions,Vehicle Owner,unknown, ,0, ,Other, , , , , , , , , ,1,0,1,0,0,0,0,0,0,0,0,0,0,0
1008556,2007,11,7,11,30,2,43.70004538,-79.42989029,St. Paul's (21),21,Humewood-Cedarvale (106),106,D13,Toronto East York,EGLINTON AVE W,CAMBERWELL RD, ,Major Arterial,Intersection, ,No Control,Clear,Daylight,Dry,Non-Fatal Injury,Pedestrian Collisions,Driver,35 to 39,,0,East,"Automobile, Station Wagon",Reversing,Other,Normal, , , , , , ,1,0,1,0,0,0,0,0,0,0,0,0,0,0
1008556,2007,11,7,11,30,2,43.70004538,-79.42989029,St. Paul's (21),21,Humewood-Cedarvale (106),106,D13,Toronto East York,EGLINTON AVE W,CAMBERWELL RD, ,Major Arterial,Intersection, ,No Control,Clear,Daylight,Dry,Non-Fatal Injury,Pedestrian Collisions,Pedestrian,65 to 69,Major,0,North,Other, , , ,Vehicle is reversing and hits pedestrian,"Crossing, no Traffic Control",Inattentive, , , ,1,0,1,0,0,0,0,0,0,0,0,0,0,0
1073990,2008,11,10,11,30,0,43.68694538,-79.48949029,York South-Weston (11),11,Mount Dennis (115),115,D12,Etobicoke York,WESTON RD,EGLINTON AVE W, ,Major Arterial,Intersection,At Intersection,Traffic Signal,Clear,Daylight,Dry,Non-Fatal Injury,Pedestrian Collisions,Driver,45 to 49,,0,South,"Automobile, Station Wagon",Going Ahead,Disobeyed Traffic Control,Inattentive, , , , , , ,1,0,1,0,0,0,0,0,0,1,1,0,0,0
1073990,2008,11,10,11,30,0,43.68694538,-79.48949029,York South-Weston (11),11,Mount Dennis (115),115,D12,Etobicoke York,WESTON RD,EGLINTON AVE W, ,Major Arterial,Intersection,At Intersection,Traffic Signal,Clear,Daylight,Dry,Non-Fatal Injury,Pedestrian Collisions,Pedestrian,35 to 39,Major,0,East,Other, , , ,Vehicle is going straight thru inter.while ped cross with ROW,Crossing with right of way,Normal, , , ,1,0,1,0,0,0,0,0,0,1,1,0,0,0
1183691,2010,7,6,11,30,1,43.76944538,-79.28229029,Scarborough-Agincourt (40),40,Dorset Park (126),126,D41,Scarborough,KENNEDY Rd,PROGRESS Ave, ,Major Arterial,Intersection,At Intersection,Traffic Signal,Clear,Daylight,Dry,Non-Fatal Injury,Pedestrian Collisions,Driver,30 to 34,,0,West,"Automobile, Station Wagon",Turning Left,Failed to Yield Right of Way,Inattentive, , , , , , ,1,0,1,0,0,0,0,0,0,1,0,0,0,0
1183691,2010,7,6,11,30,1,43.76944538,-79.28229029,Scarborough-Agincourt (40),40,Dorset Park (126),126,D41,Scarborough,KENNEDY Rd,PROGRESS Ave, ,Major Arterial,Intersection,At Intersection,Traffic Signal,Clear,Daylight,Dry,Non-Fatal Injury,Pedestrian Collisions,Pedestrian,45 to 49,Major,0,East,Other, , , ,Vehicle turns left while ped crosses with ROW at inter.,Crossing with right of way,Normal, , , ,1,0,1,0,0,0,0,0,0,1,0,0,0,0
1200323,2010,10,8,11,30,4,43.72274538,-79.49939029,York Centre (9),9,Downsview-Roding-CFB (26),26,D31,North York,WILSON AVE,PRIVET RD, ,Major Arterial,Intersection, ,No Control,Clear,Daylight,Dry,Non-Fatal Injury,Turning Movement,Motorcycle Driver,25 to 29,Major,0,East,Motorcycle,Going Ahead,Driving Properly,Normal, , , , , , ,0,0,1,1,0,0,0,0,1,1,0,0,0,0
1200323,2010,10,8,11,30,4,43.72274538,-79.49939029,York Centre (9),9,Downsview-Roding-CFB (26),26,D31,North York,WILSON AVE,PRIVET RD, ,Major Arterial,Intersection, ,No Control,Clear,Daylight,Dry,Non-Fatal Injury,Turning Movement,Driver,75 to 79,,0,West,"Automobile, Station Wagon",Turning Left,Improper Turn,Inattentive, , , , , , ,0,0,1,1,0,0,0,0,1,1,0,0,0,0
1228390,2011,4,17,11,30,6,43.72334538,-79.49679029,York Centre (9),9,Downsview-Roding-CFB (26),26,D31,North York,WILSON AVE,HIGHVIEW AVE, ,Major Arterial,Intersection,At Intersection,Traffic Signal,Clear,Daylight,Dry,Non-Fatal Injury,SMV Other,Driver,70 to 74,Major,0,East,"Automobile, Station Wagon",Going Ahead,Lost control,Other, , , , , , ,0,0,1,0,0,0,0,0,0,0,0,0,0,0
1228390,2011,4,17,11,30,6,43.72334538,-79.49679029,York Centre (9),9,Downsview-Roding-CFB (26),26,D31,North York,WILSON AVE,HIGHVIEW AVE, ,Major Arterial,Intersection,At Intersection,Traffic Signal,Clear,Daylight,Dry,Non-Fatal Injury,SMV Other,Other Property Owner,unknown, ,0, ,Other, , , , , , , , , ,0,0,1,0,0,0,0,0,0,0,0,0,0,0
1251261,2011,7,20,11,30,2,43.69194538,-79.47429029,York South-Weston (12),12,Beechborough-Greenbrook (112),112,D12,Etobicoke York,KEELE ST,YORE RD, ,Major Arterial,Intersection, ,No Control,Clear,Daylight,Dry,Non-Fatal Injury,SMV Other,Passenger,45 to 49,Major,0, ,Other, , , , , , , , , ,0,0,0,0,1,0,0,1,0,0,0,0,0,0
1251261,2011,7,20,11,30,2,43.69194538,-79.47429029,York South-Weston (12),12,Beechborough-Greenbrook (112),112,D12,Etobicoke York,KEELE ST,YORE RD, ,Major Arterial,Intersection, ,No Control,Clear,Daylight,Dry,Non-Fatal Injury,SMV Other,Vehicle Owner,unknown, ,0, ,Other, , , , , , , , , ,0,0,0,0,1,0,0,1,0,0,0,0,0,0
1251261,2011,7,20,11,30,2,43.69194538,-79.47429029,York South-Weston (12),12,Beechborough-Greenbrook (112),112,D12,Etobicoke York,KEELE ST,YORE RD, ,Major Arterial,Intersection, ,No Control,Clear,Daylight,Dry,Non-Fatal Injury,SMV Other,Truck Driver,25 to 29,Minor,0,East,Truck - Open,Turning Left,Lost control,Inattentive, , , , , , ,0,0,0,0,1,0,0,1,0,0,0,0,0,0
1251261,2011,7,20,11,30,2,43.69194538,-79.47429029,York South-Weston (12),12,Beechborough-Greenbrook (112),112,D12,Etobicoke York,KEELE ST,YORE RD, ,Major Arterial,Intersection, ,No Control,Clear,Daylight,Dry,Non-Fatal Injury,SMV Other,Other Property Owner,unknown, ,0, ,Other, , , , , , , , , ,0,0,0,0,1,0,0,1,0,0,0,0,0,0
1251261,2011,7,20,11,30,2,43.69194538,-79.47429029,York South-Weston (12),12,Beechborough-Greenbrook (112),112,D12,Etobicoke York,KEELE ST,YORE RD, ,Major Arterial,Intersection, ,No Control,Clear,Daylight,Dry,Non-Fatal Injury,SMV Other,Other Property Owner,unknown, ,0, ,Other, , , , , , , , , ,0,0,0,0,1,0,0,1,0,0,0,0,0,0
1251261,2011,7,20,11,30,2,43.69194538,-79.47429029,York South-Weston (12),12,Beechborough-Greenbrook (112),112,D12,Etobicoke York,KEELE ST,YORE RD, ,Major Arterial,Intersection, ,No Control,Clear,Daylight,Dry,Non-Fatal Injury,SMV Other,Other Property Owner,unknown, ,0, ,Other, , , , , , , , , ,0,0,0,0,1,0,0,1,0,0,0,0,0,0
1351710,2013,4,13,11,30,5,43.62904538,-79.49039029,Etobicoke-Lakeshore (5),5,Stonegate-Queensway (16),16,D22,Etobicoke York,THE QUEENSWAY,PARK LAWN Rd, ,Major Arterial,Intersection,At Intersection,Traffic Signal,Clear,Daylight,Dry,Non-Fatal Injury,Pedestrian Collisions,Passenger,10 to 14,,0, ,Other, , , , , , , , , ,1,0,1,0,0,0,0,1,0,0,0,0,0,0
1351710,2013,4,13,11,30,5,43.62904538,-79.49039029,Etobicoke-Lakeshore (5),5,Stonegate-Queensway (16),16,D22,Etobicoke York,THE QUEENSWAY,PARK LAWN Rd, ,Major Arterial,Intersection,At Intersection,Traffic Signal,Clear,Daylight,Dry,Non-Fatal Injury,Pedestrian Collisions,Vehicle Owner,unknown, ,0, ,Other, , , , , , , , , ,1,0,1,0,0,0,0,1,0,0,0,0,0,0