ACCNUM,YEAR,MONTH,DAY,HOUR,MINUTES,WEEKDAY,LATITUDE,LONGITUDE,Ward_Name,Ward_ID,Hood_Name,Hood_ID,Division,District,STREET1,STREET2,OFFSET,ROAD_CLASS,LOCCOORD,ACCLOC,TRAFFCTL,VISIBILITY,LIGHT,RDSFCOND,ACCLASS,IMPACTYPE,INVTYPE,INVAGE,INJURY,FATAL_NO,INITDIR,VEHTYPE,MANOEUVER,DRIVACT,DRIVCOND,PEDTYPE,PEDACT,PEDCOND,CYCLISTYPE,CYCACT,CYCCOND,PEDESTRIAN,CYCLIST,AUTOMOBILE,MOTORCYCLE,TRUCK,TRSN_CITY_VEH,EMERG_VEH,PASSENGER,SPEEDING,AG_DRIV,REDLIGHT,ALCOHOL,DISABILITY,label
1351710,2013,4,13,11,30,5,43.62904538,-79.49039029,Etobicoke-Lakeshore (5),5,Stonegate-Queensway (16),16,D22,Etobicoke York,THE QUEENSWAY,PARK LAWN Rd, ,Major Arterial,Intersection,At Intersection,Traffic Signal,Clear,Daylight,Dry,Non-Fatal Injury,Pedestrian Collisions,Driver,45 to 49,,0,East,"Automobile, Station Wagon",Going Ahead,Driving Properly,Normal, , , , , , ,1,0,1,0,0,0,0,1,0,0,0,0,0,0
1351710,2013,4,13,11,30,5,43.62904538,-79.49039029,Etobicoke-Lakeshore (5),5,Stonegate-Queensway (16),16,D22,Etobicoke York,THE QUEENSWAY,PARK LAWN Rd, ,Major Arterial,Intersection,At Intersection,Traffic Signal,Clear,Daylight,Dry,Non-Fatal Injury,Pedestrian Collisions,Pedestrian,55 to 59,Major,0,North,Other, , , ,Vehicle is going straight thru inter.while ped cross without ROW,Running onto Roadway,Normal, , , ,1,0,1,0,0,0,0,1,0,0,0,0,0,0
1381694,2013,10,8,11,30,1,43.71843298,-79.30456171,Don Valley East (34),34,Victoria Village (43),43,D54,North York,O CONNOR Dr,SUNRISE Ave, ,Major Arterial,Mid-Block, ,No Control,Clear,Daylight,Dry,Non-Fatal Injury,Other,Passenger,65 to 69,Major,0, ,Other, , , , , , , , , ,0,0,1,0,0,1,0,1,0,0,0,0,0,0
1381694,2013,10,8,11,30,1,43.71843298,-79.30456171,Don Valley East (34),34,Victoria Village (43),43,D54,North York,O CONNOR Dr,SUNRISE Ave, ,Major Arterial,Mid-Block, ,No Control,Clear,Daylight,Dry,Non-Fatal Injury,Other,Vehicle Owner,unknown, ,0, ,Other, , , , , , , , , ,0,0,1,0,0,1,0,1,0,0,0,0,0,0
1381694,2013,10,8,11,30,1,43.71843298,-79.30456171,Don Valley East (34),34,Victoria Village (43),43,D54,North York,O CONNOR Dr,SUNRISE Ave, ,Major Arterial,Mid-Block, ,No Control,Clear,Daylight,Dry,Non-Fatal Injury,Other,Driver,50 to 54,,0,North,Municipal Transit Bus (TTC),Slowing or Stopping,Driving Properly,Unknown, , , , , , ,0,0,1,0,0,1,0,1,0,0,0,0,0,0
1381694,2013,10,8,11,30,1,43.71843298,-79.30456171,Don Valley East (34),34,Victoria Village (43),43,D54,North York,O CONNOR Dr,SUNRISE Ave, ,Major Arterial,Mid-Block, ,No Control,Clear,Daylight,Dry,Non-Fatal Injury,Other,Driver,unknown,,0,North,Taxi,Making U Turn,Improper Turn,Unknown, , , , , , ,0,0,1,0,0,1,0,1,0,0,0,0,0,0
1383802,2013,10,29,11,30,1,43.65800436,-79.51708613,Etobicoke-Lakeshore (5),5,Kingsway South (15),15,D22,Etobicoke York,DUNDAS ST W,ROYAL YORK RD, ,Major Arterial,Mid-Block, ,No Control,Clear,Daylight,Dry,Non-Fatal Injury,SMV Other,Passenger,65 to 69,,0, ,Other, , , , , , , , , ,0,0,1,0,0,0,0,1,0,0,0,0,1,0
1383802,2013,10,29,11,30,1,43.65800436,-79.51708613,Etobicoke-Lakeshore (5),5,Kingsway South (15),15,D22,Etobicoke York,DUNDAS ST W,ROYAL YORK RD, ,Major Arterial,Mid-Block, ,No Control,Clear,Daylight,Dry,Non-Fatal Injury,SMV Other,Driver,80 to 84,Major,0,West,"Automobile, Station Wagon",Going Ahead,Lost control,Medical or Physical Disability, , , , , , ,0,0,1,0,0,0,0,1,0,0,0,0,1,0
1388425,2013,11,3,11,30,6,43.79676398,-79.31575403,Scarborough-Agincourt (40),40,L'Amoreaux (117),117,D42,Scarborough,WARDEN Ave,FINCH Ave E, ,Major Arterial,Intersection, ,Traffic Signal,Clear,Daylight,Dry,Non-Fatal Injury,Turning Movement,Driver,60 to 64,,0,North,"Automobile, Station Wagon",Going Ahead,Disobeyed Traffic Control,Unknown, , , , , , ,0,0,1,0,0,0,0,0,0,1,1,0,0,0
1388425,2013,11,3,11,30,6,43.79676398,-79.31575403,Scarborough-Agincourt (40),40,L'Amoreaux (117),117,D42,Scarborough,WARDEN Ave,FINCH Ave E, ,Major Arterial,Intersection, ,Traffic Signal,Clear,Daylight,Dry,Non-Fatal Injury,Turning Movement,Driver,80 to 84,Major,0,South,"Automobile, Station Wagon",Turning Left,Driving Properly,Normal, , , , , , ,0,0,1,0,0,0,0,0,0,1,1,0,0,0
4002973094,2014,9,24,11,30,2,43.73510702,-79.35743342,Don Valley West (25),25,Banbury-Don Mills (42),42,D33,North York,BANBURY RD,LAWRENCE AVE E,10 m North of,Collector,Intersection,Non Intersection,No Control,Clear,Daylight,Dry,Non-Fatal Injury,SMV Other,Driver,65 to 69,Major,0,South,"Automobile, Station Wagon",Going Ahead,Lost control,Medical or Physical Disability, , , , , , ,0,0,1,0,0,0,0,0,1,1,0,0,1,0
4003249661,2014,11,6,11,30,3,43.68453558,-79.47492609,York South-Weston (12),12,Keelesdale-Eglinton West (110),110,D12,Etobicoke York,BICKNELL AVE,WESTBURY CRES, ,Local,Intersection,Non Intersection,Stop Sign,Clear,Daylight,Dry,Non-Fatal Injury,Pedestrian Collisions,Driver,60 to 64,,0,East,"Automobile, Station Wagon",Turning Right,Lost control,Unknown, , , , , , ,1,0,1,0,0,0,0,0,0,0,0,0,0,0
4003249661,2014,11,6,11,30,3,43.68453558,-79.47492609,York South-Weston (12),12,Keelesdale-Eglinton West (110),110,D12,Etobicoke York,BICKNELL AVE,WESTBURY CRES, ,Local,Intersection,Non Intersection,Stop Sign,Clear,Daylight,Dry,Non-Fatal Injury,Pedestrian Collisions,Pedestrian,90 to 94,Major,0, , , , , ,Pedestrian hit on sidewalk or shoulder,On Sidewalk or Shoulder,Normal, , , ,1,0,1,0,0,0,0,0,0,0,0,0,0,0
5000193520,2015,1,18,11,30,6,43.71455725,-79.40002833,Don Valley West (25),25,Mount Pleasant East (99),99,D53,North York,ALBERTUS AVE,YONGE ST,3 m  of,Local,Mid-Block,Non Intersection,No Control,Clear,Daylight,Wet,Non-Fatal Injury,Pedestrian Collisions,Driver,30 to 34,,0,East,"Automobile, Station Wagon",Pulling Away from Shoulder or Curb,Driving Properly,Normal, , , , , , ,1,0,1,0,0,0,0,0,0,0,0,0,0,0
5000193520,2015,1,18,11,30,6,43.71455725,-79.40002833,Don Valley West (25),25,Mount Pleasant East (99),99,D53,North York,ALBERTUS AVE,YONGE ST,3 m  of,Local,Mid-Block,Non Intersection,No Control,Clear,Daylight,Wet,Non-Fatal Injury,Pedestrian Collisions,Pedestrian,30 to 34,Major,0,Unknown, , , , ,Vehicle is going straight thru inter.while ped cross without ROW,Other,Normal, , , ,1,0,1,0,0,0,0,0,0,0,0,0,0,0
5001369619,2015,8,10,11,30,0,43.68861349,-79.54285822,Etobicoke Centre (4),4,Willowridge-Martingrove-Richview (7),7,D23,Etobicoke York,ISLINGTON AVE,THE WESTWAY, ,Major Arterial,Intersection,At Intersection,Traffic Signal,Clear,Daylight,Dry,Non-Fatal Injury,Angle,Driver,70 to 74,,0,South,"Automobile, Station Wagon",Going Ahead,Disobeyed Traffic Control,Inattentive, , , , , , ,0,0,1,0,0,0,0,1,0,1,1,0,0,0
5001369619,2015,8,10,11,30,0,43.68861349,-79.54285822,Etobicoke Centre (4),4,Willowridge-Martingrove-Richview (7),7,D23,Etobicoke York,ISLINGTON AVE,THE WESTWAY, ,Major Arterial,Intersection,At Intersection,Traffic Signal,Clear,Daylight,Dry,Non-Fatal Injury,Angle,Driver,40 to 44,Minor,0,West,"Automobile, Station Wagon",Going Ahead,Driving Properly,Normal, , , , , , ,0,0,1,0,0,0,0,1,0,1,1,0,0,0
5001369619,2015,8,10,11,30,0,43.68861349,-79.54285822,Etobicoke Centre (4),4,Willowridge-Martingrove-Richview (7),7,D23,Etobicoke York,ISLINGTON AVE,THE WESTWAY, ,Major Arterial,Intersection,At Intersection,Traffic Signal,Clear,Daylight,Dry,Non-Fatal Injury,Angle,Passenger,0 to 4,Minor,0, , , , , , , , , , , ,0,0,1,0,0,0,0,1,0,1,1,0,0,0
5001369619,2015,8,10,11,30,0,43.68861349,-79.54285822,Etobicoke Centre (4),4,Willowridge-Martingrove-Richview (7),7,D23,Etobicoke York,ISLINGTON AVE,THE WESTWAY, ,Major Arterial,Intersection,At Intersection,Traffic Signal,Clear,Daylight,Dry,Non-Fatal Injury,Angle,Passenger,80 to 84,Major,0, , , , , , , , , , , ,0,0,1,0,0,0,0,1,0,1,1,0,0,0
6000608721,2016,4,10,11,30,6,43.65084418,-79.38661585,Toronto Centre-Rosedale (28),28,Bay Street Corridor (76),76,D52,Toronto East York,QUEEN ST W,UNIVERSITY AVE,14 m West of,Major Arterial,Mid-Block,Non Intersection,Streetcar (Stop for),Clear,Daylight,Dry,Non-Fatal Injury,Pedestrian Collisions,Driver,35 to 39,,0,East,"Automobile, Station Wagon",Going Ahead,Improper Passing,Inattentive, , , , , , ,1,0,1,0,0,0,0,0,0,1,0,0,0,0
6000608721,2016,4,10,11,30,6,43.65084418,-79.38661585,Toronto Centre-Rosedale (28),28,Bay Street Corridor (76),76,D52,Toronto East York,QUEEN ST W,UNIVERSITY AVE,14 m West of,Major Arterial,Mid-Block,Non Intersection,Streetcar (Stop for),Clear,Daylight,Dry,Non-Fatal Injury,Pedestrian Collisions,Pedestrian,30 to 34,Major,0,South, , , , ,Pedestrian hit at mid-block,Person Getting on/off Vehicle,Normal, , , ,1,0,1,0,0,0,0,0,0,1,0,0,0,0
7001542101,2017,8,25,11,30,4,43.6495014,-79.42895899,Davenport (18),18,Little Portugal (84),84,D14,Toronto East York,DUNDAS ST W,GLADSTONE AVE,60 m East of,Minor Arterial,Mid-Block,Non Intersection,No Control,Clear,Dark,Dry,Fatal,Pedestrian Collisions,Pedestrian,30 to 34,Fatal,39,North, , , , ,Pedestrian hit at mid-block,Running onto Roadway,Had Been Drinking, , , ,1,0,1,0,0,0,0,0,0,0,0,0,0,1
7001542101,2017,8,25,11,30,4,43.6495014,-79.42895899,Davenport (18),18,Little Portugal (84),84,D14,Toronto East York,DUNDAS ST W,GLADSTONE AVE,60 m East of,Minor Arterial,Mid-Block,Non Intersection,No Control,Clear,Dark,Dry,Fatal,Pedestrian Collisions,Driver,65 to 69,,0,East,"Automobile, Station Wagon",Going Ahead,Driving Properly,Normal, , , , , , ,1,0,1,0,0,0,0,0,0,0,0,0,0,1
1128823,2009,9,11,11,32,4,43.69634538,-79.46869029,York South-Weston (12),12,Beechborough-Greenbrook (112),112,D12,Etobicoke York,CASTLEFIELD AVE,WOODBOROUGH AVE, ,Collector,Intersection,At Intersection,No Control,Clear,Daylight,Dry,Non-Fatal Injury,Cyclist Collisions,Driver,75 to 79,,0,West,"Automobile, Station Wagon",Turning Left,Improper Turn,Inattentive, , , , , , ,0,1,1,0,0,0,0,0,0,0,0,0,0,0
1128823,2009,9,11,11,32,4,43.69634538,-79.46869029,York South-Weston (12),12,Beechborough-Greenbrook (112),112,D12,Etobicoke York,CASTLEFIELD AVE,WOODBOROUGH AVE, ,Collector,Intersection,At Intersection,No Control,Clear,Daylight,Dry,Non-Fatal Injury,Cyclist Collisions,Cyclist,55 to 59,Major,0,East,Bicycle,Going Ahead, , , , , ,Motorist turned left across cyclists path.,Driving Properly,Normal,0,1,1,0,0,0,0,0,0,0,0,0,0,0
1149291,2010,1,22,11,32,4,43.67614538,-79.35889029,Toronto-Danforth (30),30,North Riverdale (68),68,D55,Toronto East York,DANFORTH AVE,BROADVIEW AVE, ,Major Arterial,Intersection,At Intersection,Traffic Signal,Clear,Daylight,Dry,Fatal,Pedestrian Collisions,Vehicle Owner,unknown, ,0, ,Other, , , , , , , , , ,1,0,0,0,1,0,0,0,0,1,0,0,0,1
1149291,2010,1,22,11,32,4,43.67614538,-79.35889029,Toronto-Danforth (30),30,North Riverdale (68),68,D55,Toronto East York,DANFORTH AVE,BROADVIEW AVE, ,Major Arterial,Intersection,At Intersection,Traffic Signal,Clear,Daylight,Dry,Fatal,Pedestrian Collisions,Pedestrian,55 to 59,Fatal,6,East,Other, , , ,Vehicle turns right while ped crosses with ROW at inter.,Crossing with right of way,Normal, , , ,1,0,0,0,1,0,0,0,0,1,0,0,0,1
1149291,2010,1,22,11,32,4,43.67614538,-79.35889029,Toronto-Danforth (30),30,North Riverdale (68),68,D55,Toronto East York,DANFORTH AVE,BROADVIEW AVE, ,Major Arterial,Intersection,At Intersection,Traffic Signal,Clear,Daylight,Dry,Fatal,Pedestrian Collisions,Truck Driver,35 to 39,,0,East,Truck - Open,Turning Right,Failed to Yield Right of Way,Normal, , , , , , ,1,0,0,0,1,0,0,0,0,1,0,0,0,1
4003526196,2014,12,21,11,32,6,43.75296744,-79.22307215,Scarborough Centre (38),38,Woburn (137),137,D43,Scarborough,MARKHAM RD,BLAKEMANOR BLVD,246 m North of,Major Arterial,Mid-Block,Non Intersection,No Control,Clear,Daylight,Dry,Non-Fatal Injury,SMV Other,Driver,60 to 64,Major,0,South,"Automobile, Station Wagon",Other,Lost control,Medical or Physical Disability, , , , , , ,0,0,1,0,0,0,0,1,0,0,0,0,1,0
4003526196,2014,12,21,11,32,6,43.75296744,-79.22307215,Scarborough Centre (38),38,Woburn (137),137,D43,Scarborough,MARKHAM RD,BLAKEMANOR BLVD,246 m North of,Major Arterial,Mid-Block,Non Intersection,No Control,Clear,Daylight,Dry,Non-Fatal Injury,SMV Other,Passenger,55 to 59,Minor,0, , , , , , , , , , , ,0,0,1,0,0,0,0,1,0,0,0,0,1,0
6002243964,2016,12,19,11,32,0,43.7693096,-79.38862238,Willowdale (24),24,Bayview Village (52),52,D33,North York,BAYVIEW AVE,BAYVIEW MEWS LANE, ,Major Arterial,Intersection,At Intersection,Traffic Signal,Clear,Daylight,Dry,Non-Fatal Injury,Pedestrian Collisions,Truck Driver,25 to 29,,0,South,Truck - Tank,Going Ahead,Driving Properly,Normal, , , , , , ,1,0,0,0,1,0,0,0,0,0,0,0,0,0
6002243964,2016,12,19,11,32,0,43.7693096,-79.38862238,Willowdale (24),24,Bayview Village (52),52,D33,North York,BAYVIEW AVE,BAYVIEW MEWS LANE, ,Major Arterial,Intersection,At Intersection,Traffic Signal,Clear,Daylight,Dry,Non-Fatal Injury,Pedestrian Collisions,Pedestrian,65 to 69,Major,0,Unknown, , , , ,Other / Undefined,Other,Normal, , , ,1,0,0,0,1,0,0,0,0,0,0,0,0,0
1050109,2008,7,25,11,33,4,43.63394507,-79.43719111,Parkdale-High Park (14),14,South Parkdale (85),85,D14,Toronto East York,F G GARDINER Expr E,DOWLING Aven, ,Expressway,Mid-Block, ,No Control,Clear,Daylight,Dry,Non-Fatal Injury,SMV Other,Motorcycle Driver,35 to 39,Major,0,East,Motorcycle,Slowing or Stopping,Speed too Fast For Condition,Normal, , , , , , ,0,0,0,1,0,0,0,0,1,1,0,0,0,0
1370122,2013,8,13,11,33,1,43.83264502,-79.26799403,Scarborough-Rouge River (41),41,Milliken (130),130,D42,Scarborough,STEELES AVE E,MIDDLEFIELD RD, ,Minor Arterial,Intersection,At Intersection,Traffic Signal,Clear,Daylight,Dry,Fatal,Pedestrian Collisions,Truck Driver,40 to 44,Major,0,East,"Truck - Closed (Blazer, etc)",Going Ahead,Exceeding Speed Limit,Unknown, , , , , , ,1,0,0,0,1,1,0,1,1,1,0,0,0,1
1370122,2013,8,13,11,33,1,43.83264502,-79.26799403,Scarborough-Rouge River (41),41,Milliken (130),130,D42,Scarborough,STEELES AVE E,MIDDLEFIELD RD, ,Minor Arterial,Intersection,At Intersection,Traffic Signal,Clear,Daylight,Dry,Fatal,Pedestrian Collisions,Vehicle Owner,unknown, ,0, , , , , , , , , , , ,1,0,0,0,1,1,0,1,1,1,0,0,0,1
1370122,2013,8,13,11,33,1,43.83264502,-79.26799403,Scarborough-Rouge River (41),41,Milliken (130),130,D42,Scarborough,STEELES AVE E,MIDDLEFIELD RD, ,Minor Arterial,Intersection,At Intersection,Traffic Signal,Clear,Daylight,Dry,Fatal,Pedestrian Collisions,Passenger,50 to 54,Fatal,30, , , , , , , , , , , ,1,0,0,0,1,1,0,1,1,1,0,0,0,1
1370122,2013,8,13,11,33,1,43.83264502,-79.26799403,Scarborough-Rouge River (41),41,Milliken (130),130,D42,Scarborough,STEELES AVE E,MIDDLEFIELD RD, ,Minor Arterial,Intersection,At Intersection,Traffic Signal,Clear,Daylight,Dry,Fatal,Pedestrian Collisions,Driver,35 to 39,Major,0,West,Municipal Transit Bus (TTC),Stopped,Driving Properly,Normal, , , , , , ,1,0,0,0,1,1,0,1,1,1,0,0,0,1
1370122,2013,8,13,11,33,1,43.83264502,-79.26799403,Scarborough-Rouge River (41),41,Milliken (130),130,D42,Scarborough,STEELES AVE E,MIDDLEFIELD RD, ,Minor Arterial,Intersection,At Intersection,Traffic Signal,Clear,Daylight,Dry,Fatal,Pedestrian Collisions,Passenger,20 to 24,Minor,0, , , , , , , , , , , ,1,0,0,0,1,1,0,1,1,1,0,0,0,1
1370122,2013,8,13,11,33,1,43.83264502,-79.26799403,Scarborough-Rouge River (41),41,Milliken (130),130,D42,Scarborough,STEELES AVE E,MIDDLEFIELD RD, ,Minor Arterial,Intersection,At Intersection,Traffic Signal,Clear,Daylight,Dry,Fatal,Pedestrian Collisions,Passenger,unknown,Minimal,0, , , , , , , , , , , ,1,0,0,0,1,1,0,1,1,1,0,0,0,1
1370122,2013,8,13,11,33,1,43.83264502,-79.26799403,Scarborough-Rouge River (41),41,Milliken (130),130,D42,Scarborough,STEELES AVE E,MIDDLEFIELD RD, ,Minor Arterial,Intersection,At Intersection,Traffic Signal,Clear,Daylight,Dry,Fatal,Pedestrian Collisions,Passenger,5 to 9,Minimal,0, , , , , , , , , , , ,1,0,0,0,1,1,0,1,1,1,0,0,0,1
1370122,2013,8,13,11,33,1,43.83264502,-79.26799403,Scarborough-Rouge River (41),41,Milliken (130),130,D42,Scarborough,STEELES AVE E,MIDDLEFIELD RD, ,Minor Arterial,Intersection,At Intersection,Traffic Signal,Clear,Daylight,Dry,Fatal,Pedestrian Collisions,Passenger,30 to 34,Minor,0, , , , , , , , , , , ,1,0,0,0,1,1,0,1,1,1,0,0,0,1
1370122,2013,8,13,11,33,1,43.83264502,-79.26799403,Scarborough-Rouge River (41),41,Milliken (130),130,D42,Scarborough,STEELES AVE E,MIDDLEFIELD RD, ,Minor Arterial,Intersection,At Intersection,Traffic Signal,Clear,Daylight,Dry,Fatal,Pedestrian Collisions,Passenger,55 to 59,Minor,0, , , , , , , , , , , ,1,0,0,0,1,1,0,1,1,1,0,0,0,1
1370122,2013,8,13,11,33,1,43.83264502,-79.26799403,Scarborough-Rouge River (41),41,Milliken (130),130,D42,Scarborough,STEELES AVE E,MIDDLEFIELD RD, ,Minor Arterial,Intersection,At Intersection,Traffic Signal,Clear,Daylight,Dry,Fatal,Pedestrian Collisions,Passenger,15 to 19,Minor,0, , , , , , , , , , , ,1,0,0,0,1,1,0,1,1,1,0,0,0,1
1370122,2013,8,13,11,33,1,43.83264502,-79.26799403,Scarborough-Rouge River (41),41,Milliken (130),130,D42,Scarborough,STEELES AVE E,MIDDLEFIELD RD, ,Minor Arterial,Intersection,At Intersection,Traffic Signal,Clear,Daylight,Dry,Fatal,Pedestrian Collisions,Passenger,20 to 24,Minor,0, , , , , , , , , , , ,1,0,0,0,1,1,0,1,1,1,0,0,0,1
1370122,2013,8,13,11,33,1,43.83264502,-79.26799403,Scarborough-Rouge River (41),41,Milliken (130),130,D42,Scarborough,STEELES AVE E,MIDDLEFIELD RD, ,Minor Arterial,Intersection,At Intersection,Traffic Signal,Clear,Daylight,Dry,Fatal,Pedestrian Collisions,Passenger,30 to 34,Minor,0, , , , , , , , , , , ,1,0,0,0,1,1,0,1,1,1,0,0,0,1
1370122,2013,8,13,11,33,1,43.83264502,-79.26799403,Scarborough-Rouge River (41),41,Milliken (130),130,D42,Scarborough,STEELES AVE E,MIDDLEFIELD RD, ,Minor Arterial,Intersection,At Intersection,Traffic Signal,Clear,Daylight,Dry,Fatal,Pedestrian Collisions,Pedestrian,40 to 44,Major,0,Unknown, , , , ,Pedestrian hit on sidewalk or shoulder,On Sidewalk or Shoulder,Unknown, , , ,1,0,0,0,1,1,0,1,1,1,0,0,0,1
6000789815,2016,5,8,11,33,6,43.66614874,-79.35290156,Toronto-Danforth (30),30,North Riverdale (68),68,D55,Toronto East York,BROADVIEW AVE,JACK LAYTON WAY, ,Minor Arterial,Intersection,Intersection Related,No Control,Clear,Daylight,Dry,Non-Fatal Injury,Sideswipe,Driver,70 to 74,,0,North,"Automobile, Station Wagon",Pulling Away from Shoulder or Curb,Failed to Yield Right of Way,Normal, , , , , , ,0,0,1,1,0,0,0,0,1,1,0,0,0,0
6000789815,2016,5,8,11,33,6,43.66614874,-79.35290156,Toronto-Danforth (30),30,North Riverdale (68),68,D55,Toronto East York,BROADVIEW AVE,JACK LAYTON WAY, ,Minor Arterial,Intersection,Intersection Related,No Control,Clear,Daylight,Dry,Non-Fatal Injury,Sideswipe,Motorcycle Driver,30 to 34,Major,0,North,Motorcycle,Going Ahead,Driving Properly,Normal, , , , , , ,0,0,1,1,0,0,0,0,1,1,0,0,0,0
985490,2007,8,19,11,34,6,43.75334538,-79.56859029,York West (7),7,Humber Summit (21),21,D31,Etobicoke York,ISLINGTON AVE,ROWNTREE MILL RD, ,Major Arterial,Mid-Block, ,No Control,Clear,Daylight,Dry,Non-Fatal Injury,Pedestrian Collisions,Vehicle Owner,unknown, ,0, ,Other, , , , , , , , , ,1,0,1,0,0,0,0,0,0,0,0,0,0,0
985490,2007,8,19,11,34,6,43.75334538,-79.56859029,York West (7),7,Humber Summit (21),21,D31,Etobicoke York,ISLINGTON AVE,ROWNTREE MILL RD, ,Major Arterial,Mid-Block, ,No Control,Clear,Daylight,Dry,Non-Fatal Injury,Pedestrian Collisions,Driver,55 to 59,,0,South,"Automobile, Station Wagon",Going Ahead,Other,Inattentive, , , , , , ,1,0,1,0,0,0,0,0,0,0,0,0,0,0
985490,2007,8,19,11,34,6,43.75334538,-79.56859029,York West (7),7,Humber Summit (21),21,D31,Etobicoke York,ISLINGTON AVE,ROWNTREE MILL RD, ,Major Arterial,Mid-Block, ,No Control,Clear,Daylight,Dry,Non-Fatal Injury,Pedestrian Collisions,Pedestrian,70 to 74,Major,0, ,Other, , , ,Vehicle is reversing and hits pedestrian,Other,Normal, , , ,1,0,1,0,0,0,0,0,0,0,0,0,0,0
1056625,2008,9,6,11,34,5,43.69824538,-79.43839029,St. Paul's (21),21,Oakwood Village (107),107,D13,Toronto East York,EGLINTON AVE W,ATLAS AVE, ,Major Arterial,Mid-Block, ,No Control,Clear,Daylight,Dry,Non-Fatal Injury,Pedestrian Collisions,Driver,20 to 24,,0,East,"Automobile, Station Wagon",Going Ahead,Driving Properly,Normal, , , , , , ,1,0,1,0,0,0,0,0,0,0,0,0,0,0
1056625,2008,9,6,11,34,5,43.69824538,-79.43839029,St. Paul's (21),21,Oakwood Village (107),107,D13,Toronto East York,EGLINTON AVE W,ATLAS AVE, ,Major Arterial,Mid-Block, ,No Control,Clear,Daylight,Dry,Non-Fatal Injury,Pedestrian Collisions,Pedestrian,60 to 64,Major,0,North,Other, , , ,Pedestrian hit at mid-block,"Crossing, no Traffic Control",Inattentive, , , ,1,0,1,0,0,0,0,0,0,0,0,0,0,0
1079532,2008,12,3,11,34,2,43.72494538,-79.32319029,Don Valley West (26),26,Flemingdon Park (44),44,D54,North York,EGLINTON AVE E,ST DENNIS EGLINTON E RAMP, ,Major Arterial,Mid-Block, ,No Control,Clear,Daylight,Dry,Non-Fatal Injury,Pedestrian Collisions,Vehicle Owner,unknown, ,0, ,Other, , , , , , , , , ,1,0,0,0,1,0,0,0,0,0,0,0,0,0
1079532,2008,12,3,11,34,2,43.72494538,-79.32319029,Don Valley West (26),26,Flemingdon Park (44),44,D54,North York,EGLINTON AVE E,ST DENNIS EGLINTON E RAMP, ,Major Arterial,Mid-Block, ,No Control,Clear,Daylight,Dry,Non-Fatal Injury,Pedestrian Collisions,Truck Driver,40 to 44,,0,East,Truck - Open,Going Ahead,Driving Properly,Normal, , , , , , ,1,0,0,0,1,0,0,0,0,0,0,0,0,0
1079532,2008,12,3,11,34,2,43.72494538,-79.32319029,Don Valley West (26),26,Flemingdon Park (44),44,D54,North York,EGLINTON AVE E,ST DENNIS EGLINTON E RAMP, ,Major Arterial,Mid-Block, ,No Control,Clear,Daylight,Dry,Non-Fatal Injury,Pedestrian Collisions,Other,unknown,,0, ,Other,Unknown, , , , , , , , ,1,0,0,0,1,0,0,0,0,0,0,0,0,0
1079532,2008,12,3,11,34,2,43.72494538,-79.32319029,Don Valley West (26),26,Flemingdon Park (44),44,D54,North York,EGLINTON AVE E,ST DENNIS EGLINTON E RAMP, ,Major Arterial,Mid-Block, ,No Control,Clear,Daylight,Dry,Non-Fatal Injury,Pedestrian Collisions,Pedestrian,50 to 54,Major,0, ,Other, , , ,Pedestrian hit at mid-block,Running onto Roadway,Inattentive, , , ,1,0,0,0,1,0,0,0,0,0,0,0,0,0
1232571,2011,5,10,11,34,1,43.61774538,-79.52689029,Etobicoke-Lakeshore (6),6,Mimico (includes Humber Bay Shores) (17),17,D22,Etobicoke York,F G GARDINER XY Expr W,KIPLING AVE, ,Expressway,Mid-Block, ,No Control,Clear,Daylight,Dry,Non-Fatal Injury,Rear End,Vehicle Owner,unknown, ,0, ,Other, , , , , , , , , ,0,0,1,0,0,0,0,1,1,1,0,0,0,0
1232571,2011,5,10,11,34,1,43.61774538,-79.52689029,Etobicoke-Lakeshore (6),6,Mimico (includes Humber Bay Shores) (17),17,D22,Etobicoke York,F G GARDINER XY Expr W,KIPLING AVE, ,Expressway,Mid-Block, ,No Control,Clear,Daylight,Dry,Non-Fatal Injury,Rear End,Driver,50 to 54,,0,West,"Automobile, Station Wagon",Slowing or Stopping,Driving Properly,Normal, , , , , , ,0,0,1,0,0,0,0,1,1,1,0,0,0,0
1232571,2011,5,10,11,34,1,43.61774538,-79.52689029,Etobicoke-Lakeshore (6),6,Mimico (includes Humber Bay Shores) (17),17,D22,Etobicoke York,F G GARDINER XY Expr W,KIPLING AVE, ,Expressway,Mid-Block, ,No Control,Clear,Daylight,Dry,Non-Fatal Injury,Rear End,Passenger,40 to 44,Minimal,0, ,Other, , , , , , , , , ,0,0,1,0,0,0,0,1,1,1,0,0,0,0
1232571,2011,5,10,11,34,1,43.61774538,-79.52689029,Etobicoke-Lakeshore (6),6,Mimico (includes Humber Bay Shores) (17),17,D22,Etobicoke York,F G GARDINER XY Expr W,KIPLING AVE, ,Expressway,Mid-Block, ,No Control,Clear,Daylight,Dry,Non-Fatal Injury,Rear End,Driver,65 to 69,Minor,0,West,"Automobile, Station Wagon",Going Ahead,Driving Properly,Normal, , , , , , ,0,0,1,0,0,0,0,1,1,1,0,0,0,0
1232571,2011,5,10,11,34,1,43.61774538,-79.52689029,Etobicoke-Lakeshore (6),6,Mimico (includes Humber Bay Shores) (17),17,D22,Etobicoke York,F G GARDINER XY Expr W,KIPLING AVE, ,Expressway,Mid-Block, ,No Control,Clear,Daylight,Dry,Non-Fatal Injury,Rear End,Vehicle Owner,unknown, ,0, ,Other, , , , , , , , , ,0,0,1,0,0,0,0,1,1,1,0,0,0,0
1232571,2011,5,10,11,34,1,43.61774538,-79.52689029,Etobicoke-Lakeshore (6),6,Mimico (includes Humber Bay Shores) (17),17,D22,Etobicoke York,F G GARDINER XY Expr W,KIPLING AVE, ,Expressway,Mid-Block, ,No Control,Clear,Daylight,Dry,Non-Fatal Injury,Rear End,Driver,50 to 54,Minor,0,West,"Automobile, Station Wagon",Going Ahead,Driving Properly,Normal, , , , , , ,0,0,1,0,0,0,0,1,1,1,0,0,0,0