ACCNUM,YEAR,MONTH,DAY,HOUR,MINUTES,WEEKDAY,LATITUDE,LONGITUDE,Ward_Name,Ward_ID,Hood_Name,Hood_ID,Division,District,STREET1,STREET2,OFFSET,ROAD_CLASS,LOCCOORD,ACCLOC,TRAFFCTL,VISIBILITY,LIGHT,RDSFCOND,ACCLASS,IMPACTYPE,INVTYPE,INVAGE,INJURY,FATAL_NO,INITDIR,VEHTYPE,MANOEUVER,DRIVACT,DRIVCOND,PEDTYPE,PEDACT,PEDCOND,CYCLISTYPE,CYCACT,CYCCOND,PEDESTRIAN,CYCLIST,AUTOMOBILE,MOTORCYCLE,TRUCK,TRSN_CITY_VEH,EMERG_VEH,PASSENGER,SPEEDING,AG_DRIV,REDLIGHT,ALCOHOL,DISABILITY,label
1232571,2011,5,10,11,34,1,43.61774538,-79.52689029,Etobicoke-Lakeshore (6),6,Mimico (includes Humber Bay Shores) (17),17,D22,Etobicoke York,F G GARDINER XY Expr W,KIPLING AVE, ,Expressway,Mid-Block, ,No Control,Clear,Daylight,Dry,Non-Fatal Injury,Rear End,Driver,25 to 29,Major,0,West,"Automobile, Station Wagon",Slowing or Stopping,Driving Properly,Normal, , , , , , ,0,0,1,0,0,0,0,1,1,1,0,0,0,0
1198672,2010,11,1,11,0,0,43.75554538,-79.24529029,Scarborough Centre (38),38,Bendale (127),127,D43,Scarborough,LAWRENCE AVE E,MCCOWAN RD, ,Major Arterial,Intersection, ,No Control,Clear,Daylight,Dry,Non-Fatal Injury,Pedestrian Collisions,Driver,50 to 54,,0,West,"Automobile, Station Wagon",Going Ahead,Driving Properly,Normal, , , , , , ,1,0,1,0,0,0,0,0,0,0,0,0,0,0
1263147,2011,11,7,11,34,0,43.65064538,-79.44299029,Davenport (18),18,Little Portugal (84),84,D11,Toronto East York,DUNDAS ST W,STERLING RD, ,Minor Arterial,Intersection,At Intersection,Stop Sign,Clear,Daylight,Dry,Fatal,Cyclist Collisions,Vehicle Owner,unknown, ,0, ,Other, , , , , , , , , ,0,1,0,0,1,0,0,0,0,0,0,0,0,1
6001143418,2016,6,30,11,43,3,43.72090491,-79.5086175,York Centre (9),9,Downsview-Roding-CFB (26),26,D31,North York,JANE ST,WILSON AVE,5 m South of,Major Arterial,Intersection,Intersection Related,Traffic Signal,Clear,Daylight,Dry,Non-Fatal Injury,Cyclist Collisions,Truck Driver,30 to 34,,0,East,"Truck - Closed (Blazer, etc)",Turning Right,Other,Normal, , , , , , ,0,1,0,0,1,0,0,0,0,0,0,0,0,0
1342812,2013,1,1,11,12,1,43.80524538,-79.29879029,Scarborough-Agincourt (39),39,Milliken (130),130,D42,Scarborough,KENNEDY Rd,DANCY Ave, ,Major Arterial,Intersection,At Intersection,No Control,Clear,Daylight,Dry,Non-Fatal Injury,Rear End,Driver,30 to 34,Minimal,0,North,"Automobile, Station Wagon",Stopped,Lost control,Normal, , , , , , ,0,0,1,0,0,0,0,1,0,1,0,0,0,0
1263147,2011,11,7,11,34,0,43.65064538,-79.44299029,Davenport (18),18,Little Portugal (84),84,D11,Toronto East York,DUNDAS ST W,STERLING RD, ,Minor Arterial,Intersection,At Intersection,Stop Sign,Clear,Daylight,Dry,Fatal,Cyclist Collisions,Truck Driver,65 to 69,,0,South,Truck - Open,Turning Right,Driving Properly,Normal, , , , , , ,0,1,0,0,1,0,0,0,0,0,0,0,0,1
7001879752,2017,10,17,11,43,1,43.69051703,-79.32653437,Beaches-East York (31),31,Danforth East York (59),59,D54,Toronto East York,COXWELL AVE,MORTIMER AVE, ,Minor Arterial,Intersection,At Intersection,Traffic Signal,Clear,Daylight,Dry,Non-Fatal Injury,Pedestrian Collisions,Driver,65 to 69,,0,South,"Automobile, Station Wagon",Turning Left,Failed to Yield Right of Way,Normal, , , , , , ,1,0,1,0,0,0,0,0,0,1,0,0,0,0
7001879752,2017,10,17,11,43,1,43.69051703,-79.32653437,Beaches-East York (31),31,Danforth East York (59),59,D54,Toronto East York,COXWELL AVE,MORTIMER AVE, ,Minor Arterial,Intersection,At Intersection,Traffic Signal,Clear,Daylight,Dry,Non-Fatal Injury,Pedestrian Collisions,Pedestrian,85 to 89,Major,0,North, , , , ,Vehicle turns left while ped crosses with ROW at inter.,Crossing with right of way,Normal, , , ,1,0,1,0,0,0,0,0,0,1,0,0,0,0
5000922282,2015,6,2,12,33,1,43.75553854,-79.24541865,Scarborough Centre (38),38,Bendale (127),127,D43,Scarborough,LAWRENCE AVE E,MCCOWAN RD, ,Major Arterial,Intersection,At Intersection,Traffic Signal,Clear,Daylight,Dry,Fatal,Pedestrian Collisions,Driver,80 to 84,,0,West,"Automobile, Station Wagon",Going Ahead,Driving Properly,Normal, , , , , , ,1,0,1,0,0,0,0,0,0,0,0,0,0,1
1134547,2009,10,5,12,34,0,43.76764538,-79.18959029,Scarborough East (43),43,West Hill (136),136,D43,Scarborough,KINGSTON RD,LAWRENCE AVE E, ,Major Arterial,Intersection,At Intersection,Traffic Signal,Clear,Daylight,Dry,Non-Fatal Injury,Pedestrian Collisions,Driver,85 to 89,,0,East,Other,Going Ahead,Driving Properly,Normal, , , , , , ,1,0,0,0,0,0,0,0,0,0,0,0,0,0
1138973,2009,11,25,11,44,2,43.76794538,-79.27109029,Scarborough Centre (37),37,Bendale (127),127,D41,Scarborough,ELLESMERE RD,MIDLAND AVE, ,Major Arterial,Intersection, ,Traffic Signal,Rain,Daylight,Wet,Non-Fatal Injury,Pedestrian Collisions,Pedestrian,30 to 34,Major,0,North,Other, , , ,Vehicle is going straight thru inter.while ped cross without ROW,Crossing without right of way,Had Been Drinking, , , ,1,0,1,0,0,0,0,0,0,0,0,0,0,0
1052609,2008,7,3,11,55,3,43.75454538,-79.48879029,York West (8),8,York University Heights (27),27,D31,North York,KEELE St,ST REGIS Cres, ,Major Arterial,Intersection,At Intersection,Traffic Signal,Clear,Daylight,Dry,Non-Fatal Injury,Rear End,Driver,30 to 34,,0,South,"Automobile, Station Wagon",Going Ahead,Following too Close,Normal, , , , , , ,0,0,1,0,0,0,0,1,0,1,0,0,0,0
1134547,2009,10,5,12,34,0,43.76764538,-79.18959029,Scarborough East (43),43,West Hill (136),136,D43,Scarborough,KINGSTON RD,LAWRENCE AVE E, ,Major Arterial,Intersection,At Intersection,Traffic Signal,Clear,Daylight,Dry,Non-Fatal Injury,Pedestrian Collisions,Pedestrian,15 to 19,Major,0,South,Other, , , ,Vehicle is going straight thru inter.while ped cross without ROW,Crossing marked crosswalk without ROW,Inattentive, , , ,1,0,0,0,0,0,0,0,0,0,0,0,0,0
1185756,2010,7,22,12,34,3,43.64764364,-79.38479243,Toronto Centre-Rosedale (28),28,Bay Street Corridor (76),76,D52,Toronto East York,KING ST W,UNIVERSITY AVE, ,Major Arterial,Intersection,At Intersection,Traffic Signal,Clear,Daylight,Dry,Non-Fatal Injury,Cyclist Collisions,Vehicle Owner,unknown, ,0, , , , , , , , , , , ,0,1,1,0,0,0,0,0,0,0,0,0,0,0
1185756,2010,7,22,12,34,3,43.64764364,-79.38479243,Toronto Centre-Rosedale (28),28,Bay Street Corridor (76),76,D52,Toronto East York,KING ST W,UNIVERSITY AVE, ,Major Arterial,Intersection,At Intersection,Traffic Signal,Clear,Daylight,Dry,Non-Fatal Injury,Cyclist Collisions,Driver,25 to 29,,0,East,"Automobile, Station Wagon",Stopped,Driving Properly,Normal, , , , , , ,0,1,1,0,0,0,0,0,0,0,0,0,0,0
1185756,2010,7,22,12,34,3,43.64764364,-79.38479243,Toronto Centre-Rosedale (28),28,Bay Street Corridor (76),76,D52,Toronto East York,KING ST W,UNIVERSITY AVE, ,Major Arterial,Intersection,At Intersection,Traffic Signal,Clear,Daylight,Dry,Non-Fatal Injury,Cyclist Collisions,Cyclist,15 to 19,Major,0,East,Bicycle,Going Ahead, , , , , ,Cyclist and Driver travelling in same direction. One vehicle rear-ended the other.,Improper Passing,Inattentive,0,1,1,0,0,0,0,0,0,0,0,0,0,0
1235117,2011,3,24,12,34,3,43.64824255,-79.35490809,Toronto Centre-Rosedale (28),28,Waterfront Communities-The Island (77),77,D51,Toronto East York,LAKE SHORE Boul E,CHERRY Stre, ,Major Arterial,Intersection,At Intersection,Traffic Signal,Clear,Daylight,Wet,Non-Fatal Injury,Angle,Driver,60 to 64,Minor,0,South,"Automobile, Station Wagon",Going Ahead,Disobeyed Traffic Control,Other, , , , , , ,0,0,1,0,0,0,0,0,0,1,1,0,0,0
1235117,2011,3,24,12,34,3,43.64824255,-79.35490809,Toronto Centre-Rosedale (28),28,Waterfront Communities-The Island (77),77,D51,Toronto East York,LAKE SHORE Boul E,CHERRY Stre, ,Major Arterial,Intersection,At Intersection,Traffic Signal,Clear,Daylight,Wet,Non-Fatal Injury,Angle,Driver,20 to 24,Major,0,West,"Automobile, Station Wagon",Going Ahead,Driving Properly,Normal, , , , , , ,0,0,1,0,0,0,0,0,0,1,1,0,0,0
1235117,2011,3,24,12,34,3,43.64824255,-79.35490809,Toronto Centre-Rosedale (28),28,Waterfront Communities-The Island (77),77,D51,Toronto East York,LAKE SHORE Boul E,CHERRY Stre, ,Major Arterial,Intersection,At Intersection,Traffic Signal,Clear,Daylight,Wet,Non-Fatal Injury,Angle,Other Property Owner,unknown, ,0, ,Other, , , , , , , , , ,0,0,1,0,0,0,0,0,0,1,1,0,0,0
958563,2007,3,13,12,35,1,43.72474538,-79.51969029,York West (7),7,Downsview-Roding-CFB (26),26,D31,Etobicoke York,22 MAYALL Aven, , ,Local, , ,No Control,Clear,Daylight,Dry,Non-Fatal Injury,Other,Driver,40 to 44,Major,0,East,"Automobile, Station Wagon",Unknown, , , , , , , , ,0,0,1,0,0,0,0,0,0,0,0,0,0,0
1043009,2008,6,13,12,35,4,43.60164538,-79.54519029,Etobicoke-Lakeshore (6),6,Alderwood (20),20,D22,Etobicoke York,BROWNS LINE Line,HORNER AVE, ,Major Arterial,Intersection,At Intersection,Traffic Signal,Clear,Daylight,Dry,Non-Fatal Injury,Angle,Passenger,75 to 79,Minor,0, ,Other, , , , , , , , , ,0,0,1,0,0,0,0,1,0,1,1,0,0,0
1043009,2008,6,13,12,35,4,43.60164538,-79.54519029,Etobicoke-Lakeshore (6),6,Alderwood (20),20,D22,Etobicoke York,BROWNS LINE Line,HORNER AVE, ,Major Arterial,Intersection,At Intersection,Traffic Signal,Clear,Daylight,Dry,Non-Fatal Injury,Angle,Driver,50 to 54,Minor,0,West,"Automobile, Station Wagon",Going Ahead,Driving Properly,Normal, , , , , , ,0,0,1,0,0,0,0,1,0,1,1,0,0,0
1342812,2013,1,1,11,12,1,43.80524538,-79.29879029,Scarborough-Agincourt (39),39,Milliken (130),130,D42,Scarborough,KENNEDY Rd,DANCY Ave, ,Major Arterial,Intersection,At Intersection,No Control,Clear,Daylight,Dry,Non-Fatal Injury,Rear End,Driver,20 to 24,,0,North,"Automobile, Station Wagon",Slowing or Stopping,Following too Close,Normal, , , , , , ,0,0,1,0,0,0,0,1,0,1,0,0,0,0
1263147,2011,11,7,11,34,0,43.65064538,-79.44299029,Davenport (18),18,Little Portugal (84),84,D11,Toronto East York,DUNDAS ST W,STERLING RD, ,Minor Arterial,Intersection,At Intersection,Stop Sign,Clear,Daylight,Dry,Fatal,Cyclist Collisions,Cyclist,35 to 39,Fatal,30,South,Bicycle,Turning Right, , , , , ,"Motorist turns right at non-signal Inter.(stop, yield, no cont.,and dwy) and strikes cyclist.",Improper Turn,Unknown,0,1,0,0,1,0,0,0,0,0,0,0,0,1
1043009,2008,6,13,12,35,4,43.60164538,-79.54519029,Etobicoke-Lakeshore (6),6,Alderwood (20),20,D22,Etobicoke York,BROWNS LINE Line,HORNER AVE, ,Major Arterial,Intersection,At Intersection,Traffic Signal,Clear,Daylight,Dry,Non-Fatal Injury,Angle,Passenger,85 to 89,Minor,0, ,Other, , , , , , , , , ,0,0,1,0,0,0,0,1,0,1,1,0,0,0
1043009,2008,6,13,12,35,4,43.60164538,-79.54519029,Etobicoke-Lakeshore (6),6,Alderwood (20),20,D22,Etobicoke York,BROWNS LINE Line,HORNER AVE, ,Major Arterial,Intersection,At Intersection,Traffic Signal,Clear,Daylight,Dry,Non-Fatal Injury,Angle,Driver,50 to 54,Minimal,0,South,"Automobile, Station Wagon",Going Ahead,Disobeyed Traffic Control,Normal, , , , , , ,0,0,1,0,0,0,0,1,0,1,1,0,0,0
1043009,2008,6,13,12,35,4,43.60164538,-79.54519029,Etobicoke-Lakeshore (6),6,Alderwood (20),20,D22,Etobicoke York,BROWNS LINE Line,HORNER AVE, ,Major Arterial,Intersection,At Intersection,Traffic Signal,Clear,Daylight,Dry,Non-Fatal Injury,Angle,Passenger,35 to 39,Minimal,0, ,Other, , , , , , , , , ,0,0,1,0,0,0,0,1,0,1,1,0,0,0
1043009,2008,6,13,12,35,4,43.60164538,-79.54519029,Etobicoke-Lakeshore (6),6,Alderwood (20),20,D22,Etobicoke York,BROWNS LINE Line,HORNER AVE, ,Major Arterial,Intersection,At Intersection,Traffic Signal,Clear,Daylight,Dry,Non-Fatal Injury,Angle,Driver,40 to 44,Major,0,East,"Automobile, Station Wagon",Going Ahead,Driving Properly,Normal, , , , , , ,0,0,1,0,0,0,0,1,0,1,1,0,0,0
1050562,2008,7,29,12,35,1,43.71154538,-79.24639029,Scarborough Southwest (36),36,Cliffcrest (123),123,D41,Scarborough,KELSONIA AVE,SCARBORO CRES, ,Local,Mid-Block, ,No Control,Clear,Daylight,Dry,Non-Fatal Injury,Pedestrian Collisions,Vehicle Owner,unknown, ,0, ,Other, , , , , , , , , ,1,0,1,0,0,0,0,0,0,0,0,0,0,0
1050562,2008,7,29,12,35,1,43.71154538,-79.24639029,Scarborough Southwest (36),36,Cliffcrest (123),123,D41,Scarborough,KELSONIA AVE,SCARBORO CRES, ,Local,Mid-Block, ,No Control,Clear,Daylight,Dry,Non-Fatal Injury,Pedestrian Collisions,Other,unknown,,0, ,Other,Parked, , , , , , , , ,1,0,1,0,0,0,0,0,0,0,0,0,0,0
1050562,2008,7,29,12,35,1,43.71154538,-79.24639029,Scarborough Southwest (36),36,Cliffcrest (123),123,D41,Scarborough,KELSONIA AVE,SCARBORO CRES, ,Local,Mid-Block, ,No Control,Clear,Daylight,Dry,Non-Fatal Injury,Pedestrian Collisions,Vehicle Owner,unknown, ,0, ,Other, , , , , , , , , ,1,0,1,0,0,0,0,0,0,0,0,0,0,0
1050562,2008,7,29,12,35,1,43.71154538,-79.24639029,Scarborough Southwest (36),36,Cliffcrest (123),123,D41,Scarborough,KELSONIA AVE,SCARBORO CRES, ,Local,Mid-Block, ,No Control,Clear,Daylight,Dry,Non-Fatal Injury,Pedestrian Collisions,Other,unknown,,0, ,Other,Parked, , , , , , , , ,1,0,1,0,0,0,0,0,0,0,0,0,0,0
1050562,2008,7,29,12,35,1,43.71154538,-79.24639029,Scarborough Southwest (36),36,Cliffcrest (123),123,D41,Scarborough,KELSONIA AVE,SCARBORO CRES, ,Local,Mid-Block, ,No Control,Clear,Daylight,Dry,Non-Fatal Injury,Pedestrian Collisions,Driver,55 to 59,,0,East,"Automobile, Station Wagon",Going Ahead,Lost control,Inattentive, , , , , , ,1,0,1,0,0,0,0,0,0,0,0,0,0,0
1050562,2008,7,29,12,35,1,43.71154538,-79.24639029,Scarborough Southwest (36),36,Cliffcrest (123),123,D41,Scarborough,KELSONIA AVE,SCARBORO CRES, ,Local,Mid-Block, ,No Control,Clear,Daylight,Dry,Non-Fatal Injury,Pedestrian Collisions,Pedestrian,45 to 49,Major,0, ,Other, , , ,Pedestrian hit at mid-block,Person Getting on/off Vehicle,Normal, , , ,1,0,1,0,0,0,0,0,0,0,0,0,0,0
1259502,2011,8,19,12,35,4,43.66284538,-79.33229029,Toronto-Danforth (30),30,South Riverdale (70),70,D55,Toronto East York,QUEEN ST E,RUSHBROOKE AVE, ,Minor Arterial,Intersection,At Intersection,No Control,Clear,Daylight,Dry,Non-Fatal Injury,Pedestrian Collisions,Driver,50 to 54,,0,East,"Automobile, Station Wagon",Reversing,Other,Normal, , , , , , ,1,0,1,0,0,0,0,0,0,0,0,0,0,0
1217753,2011,2,14,11,0,0,43.68374538,-79.49859029,York South-Weston (11),11,Rockcliffe-Smythe (111),111,D12,Etobicoke York,JANE Stre,EGLINTON Aven W, ,Major Arterial,Mid-Block, ,No Control,Clear,Daylight,Dry,Non-Fatal Injury,Approaching,Vehicle Owner,unknown, ,0, ,Other, , , , , , , , , ,0,0,1,0,0,0,0,1,1,1,0,0,0,0
1259502,2011,8,19,12,35,4,43.66284538,-79.33229029,Toronto-Danforth (30),30,South Riverdale (70),70,D55,Toronto East York,QUEEN ST E,RUSHBROOKE AVE, ,Minor Arterial,Intersection,At Intersection,No Control,Clear,Daylight,Dry,Non-Fatal Injury,Pedestrian Collisions,Pedestrian,85 to 89,Major,0,West,Other, , , ,Vehicle is reversing and hits pedestrian,Other,Normal, , , ,1,0,1,0,0,0,0,0,0,0,0,0,0,0
1268545,2011,11,26,12,35,5,43.70914538,-79.38619029,St. Paul's (22),22,Mount Pleasant East (99),99,D53,Toronto East York,EGLINTON AVE E,FORMAN AVE, ,Major Arterial,Intersection,At Intersection,Traffic Signal,Clear,Daylight,Dry,Non-Fatal Injury,Pedestrian Collisions,Passenger,10 to 14,,0, ,Other, , , , , , , , , ,1,0,1,0,0,0,0,1,0,0,0,0,0,0
1268545,2011,11,26,12,35,5,43.70914538,-79.38619029,St. Paul's (22),22,Mount Pleasant East (99),99,D53,Toronto East York,EGLINTON AVE E,FORMAN AVE, ,Major Arterial,Intersection,At Intersection,Traffic Signal,Clear,Daylight,Dry,Non-Fatal Injury,Pedestrian Collisions,Vehicle Owner,unknown, ,0, ,Other, , , , , , , , , ,1,0,1,0,0,0,0,1,0,0,0,0,0,0
1268545,2011,11,26,12,35,5,43.70914538,-79.38619029,St. Paul's (22),22,Mount Pleasant East (99),99,D53,Toronto East York,EGLINTON AVE E,FORMAN AVE, ,Major Arterial,Intersection,At Intersection,Traffic Signal,Clear,Daylight,Dry,Non-Fatal Injury,Pedestrian Collisions,Driver,45 to 49,,0,West,"Automobile, Station Wagon",Going Ahead,Driving Properly,Normal, , , , , , ,1,0,1,0,0,0,0,1,0,0,0,0,0,0
1268545,2011,11,26,12,35,5,43.70914538,-79.38619029,St. Paul's (22),22,Mount Pleasant East (99),99,D53,Toronto East York,EGLINTON AVE E,FORMAN AVE, ,Major Arterial,Intersection,At Intersection,Traffic Signal,Clear,Daylight,Dry,Non-Fatal Injury,Pedestrian Collisions,Pedestrian,50 to 54,Major,0,North,Other, , , ,Vehicle is going straight thru inter.while ped cross without ROW,Crossing without right of way,Normal, , , ,1,0,1,0,0,0,0,1,0,0,0,0,0,0
1371679,2013,8,21,12,35,2,43.6158634,-79.52461634,Etobicoke-Lakeshore (6),6,Mimico (includes Humber Bay Shores) (17),17,D22,Etobicoke York,KIPLING AVE,EVANS AVE, ,Major Arterial,Intersection,At Intersection,Traffic Signal,Clear,Daylight,Dry,Non-Fatal Injury,SMV Other,Vehicle Owner,unknown, ,0, ,Other, , , , , , , , , ,0,0,0,1,0,0,0,0,0,0,0,0,0,0
1371679,2013,8,21,12,35,2,43.6158634,-79.52461634,Etobicoke-Lakeshore (6),6,Mimico (includes Humber Bay Shores) (17),17,D22,Etobicoke York,KIPLING AVE,EVANS AVE, ,Major Arterial,Intersection,At Intersection,Traffic Signal,Clear,Daylight,Dry,Non-Fatal Injury,SMV Other,Motorcycle Driver,20 to 24,Major,0,West,Motorcycle,Going Ahead,Lost control,Unknown, , , , , , ,0,0,0,1,0,0,0,0,0,0,0,0,0,0
4002469048,2014,7,10,12,35,3,43.74970587,-79.61045466,Etobicoke North (1),1,West Humber-Clairville (1),1,D23,Etobicoke York,HIGHWAY 27  N,ROYALCREST RD, ,Major Arterial,Intersection,At Intersection,Traffic Signal,Clear,Daylight,Dry,Non-Fatal Injury,SMV Other,Driver,60 to 64,Major,0,South,"Automobile, Station Wagon",Going Ahead,Lost control,Unknown, , , , , , ,0,0,1,0,0,0,0,0,0,0,0,0,0,0
5000528249,2015,3,30,12,35,0,43.74328955,-79.56901179,Etobicoke North (1),1,Thistletown-Beaumond Heights (3),3,D23,Etobicoke York,70 BEAUMONDE HEIGHTS DR, ,2 m North of,Local,Mid-Block,Non Intersection,No Control,Clear,Daylight,Dry,Non-Fatal Injury,SMV Other,Driver,65 to 69,Major,0,North,Delivery Van,Going Ahead,Lost control,Normal, , , , , , ,0,0,1,0,0,0,0,0,0,0,0,0,0,0
6001220813,2016,7,12,12,35,1,43.68942221,-79.34880457,Toronto-Danforth (29),29,Danforth East York (59),59,D54,Toronto East York,PAPE AVE,COSBURN AVE,15 m South of,Major Arterial,Intersection,Non Intersection,Traffic Signal,Clear,Daylight,Dry,Non-Fatal Injury,Cyclist Collisions,Cyclist,15 to 19,Major,0,North,Bicycle,Going Ahead, , , , , ,Insufficient information (to determine cyclist crash type).,Lost control,Inattentive,0,1,1,0,0,0,0,0,0,0,0,0,0,0
6001220813,2016,7,12,12,35,1,43.68942221,-79.34880457,Toronto-Danforth (29),29,Danforth East York (59),59,D54,Toronto East York,PAPE AVE,COSBURN AVE,15 m South of,Major Arterial,Intersection,Non Intersection,Traffic Signal,Clear,Daylight,Dry,Non-Fatal Injury,Cyclist Collisions,Driver,65 to 69,,0,South,Passenger Van,Going Ahead,Driving Properly,Normal, , , , , , ,0,1,1,0,0,0,0,0,0,0,0,0,0,0
1102324,2009,5,1,12,36,4,43.68694538,-79.39979029,St. Paul's (22),22,Yonge-St.Clair (97),97,D53,Toronto East York,ST CLAIR AVE W,ORIOLE RD, ,Major Arterial,Intersection, ,No Control,Clear,Daylight,Dry,Fatal,SMV Unattended Vehicle,Other,unknown,,0,East,Other,Parked, , , , , , , , ,0,0,1,0,0,0,0,1,0,0,0,0,0,1
1102324,2009,5,1,12,36,4,43.68694538,-79.39979029,St. Paul's (22),22,Yonge-St.Clair (97),97,D53,Toronto East York,ST CLAIR AVE W,ORIOLE RD, ,Major Arterial,Intersection, ,No Control,Clear,Daylight,Dry,Fatal,SMV Unattended Vehicle,Passenger,80 to 84,Minor,0, ,Other, , , , , , , , , ,0,0,1,0,0,0,0,1,0,0,0,0,0,1
1102324,2009,5,1,12,36,4,43.68694538,-79.39979029,St. Paul's (22),22,Yonge-St.Clair (97),97,D53,Toronto East York,ST CLAIR AVE W,ORIOLE RD, ,Major Arterial,Intersection, ,No Control,Clear,Daylight,Dry,Fatal,SMV Unattended Vehicle,Passenger,30 to 34,Minor,0, ,Other, , , , , , , , , ,0,0,1,0,0,0,0,1,0,0,0,0,0,1
1102324,2009,5,1,12,36,4,43.68694538,-79.39979029,St. Paul's (22),22,Yonge-St.Clair (97),97,D53,Toronto East York,ST CLAIR AVE W,ORIOLE RD, ,Major Arterial,Intersection, ,No Control,Clear,Daylight,Dry,Fatal,SMV Unattended Vehicle,Driver,35 to 39,Minor,0,East,"Automobile, Station Wagon",Going Ahead,Lost control,Unknown, , , , , , ,0,0,1,0,0,0,0,1,0,0,0,0,0,1
1102324,2009,5,1,12,36,4,43.68694538,-79.39979029,St. Paul's (22),22,Yonge-St.Clair (97),97,D53,Toronto East York,ST CLAIR AVE W,ORIOLE RD, ,Major Arterial,Intersection, ,No Control,Clear,Daylight,Dry,Fatal,SMV Unattended Vehicle,Passenger,90 to 94,Fatal,14, ,Other, , , , , , , , , ,0,0,1,0,0,0,0,1,0,0,0,0,0,1
1102324,2009,5,1,12,36,4,43.68694538,-79.39979029,St. Paul's (22),22,Yonge-St.Clair (97),97,D53,Toronto East York,ST CLAIR AVE W,ORIOLE RD, ,Major Arterial,Intersection, ,No Control,Clear,Daylight,Dry,Fatal,SMV Unattended Vehicle,Other,unknown,,0,East,Other,Parked, , , , , , , , ,0,0,1,0,0,0,0,1,0,0,0,0,0,1
1102324,2009,5,1,12,36,4,43.68694538,-79.39979029,St. Paul's (22),22,Yonge-St.Clair (97),97,D53,Toronto East York,ST CLAIR AVE W,ORIOLE RD, ,Major Arterial,Intersection, ,No Control,Clear,Daylight,Dry,Fatal,SMV Unattended Vehicle,Other,unknown,,0,East,Other,Parked, , , , , , , , ,0,0,1,0,0,0,0,1,0,0,0,0,0,1
1102324,2009,5,1,12,36,4,43.68694538,-79.39979029,St. Paul's (22),22,Yonge-St.Clair (97),97,D53,Toronto East York,ST CLAIR AVE W,ORIOLE RD, ,Major Arterial,Intersection, ,No Control,Clear,Daylight,Dry,Fatal,SMV Unattended Vehicle,Other,unknown,,0,East,Other,Parked, , , , , , , , ,0,0,1,0,0,0,0,1,0,0,0,0,0,1
1246967,2011,8,2,12,36,1,43.60044538,-79.50639029,Etobicoke-Lakeshore (6),6,New Toronto (18),18,D22,Etobicoke York,LAKE SHORE BLVD W,EIGHTH ST, ,Major Arterial,Intersection,At Intersection,No Control,Clear,Daylight,Dry,Fatal,Pedestrian Collisions,Vehicle Owner,unknown, ,0, ,Other, , , , , , , , , ,1,0,1,0,0,0,0,0,0,1,0,0,0,1
1246967,2011,8,2,12,36,1,43.60044538,-79.50639029,Etobicoke-Lakeshore (6),6,New Toronto (18),18,D22,Etobicoke York,LAKE SHORE BLVD W,EIGHTH ST, ,Major Arterial,Intersection,At Intersection,No Control,Clear,Daylight,Dry,Fatal,Pedestrian Collisions,Driver,45 to 49,,0,West,"Automobile, Station Wagon",Turning Left,Failed to Yield Right of Way,Normal, , , , , , ,1,0,1,0,0,0,0,0,0,1,0,0,0,1
1246967,2011,8,2,12,36,1,43.60044538,-79.50639029,Etobicoke-Lakeshore (6),6,New Toronto (18),18,D22,Etobicoke York,LAKE SHORE BLVD W,EIGHTH ST, ,Major Arterial,Intersection,At Intersection,No Control,Clear,Daylight,Dry,Fatal,Pedestrian Collisions,Pedestrian,85 to 89,Fatal,18,East,Other, , , ,Vehicle turns left while ped crosses with ROW at inter.,Crossing with right of way,Unknown, , , ,1,0,1,0,0,0,0,0,0,1,0,0,0,1
3001161677,2013,12,16,12,37,0,43.76097067,-79.4651681,York Centre (10),10,Bathurst Manor (34),34,D32,North York,DUFFERIN ST,OVERBROOK PL, ,Major Arterial,Intersection,At Intersection,Traffic Signal,Clear,Daylight,Wet,Non-Fatal Injury,Turning Movement,Driver,80 to 84,Major,0,South,"Automobile, Station Wagon",Turning Left,Failed to Yield Right of Way,Normal, , , , , , ,0,0,1,0,0,0,0,1,0,1,0,0,0,0
3001161677,2013,12,16,12,37,0,43.76097067,-79.4651681,York Centre (10),10,Bathurst Manor (34),34,D32,North York,DUFFERIN ST,OVERBROOK PL, ,Major Arterial,Intersection,At Intersection,Traffic Signal,Clear,Daylight,Wet,Non-Fatal Injury,Turning Movement,Driver,15 to 19,Minor,0,North,"Automobile, Station Wagon",Going Ahead,Driving Properly,Normal, , , , , , ,0,0,1,0,0,0,0,1,0,1,0,0,0,0
3001161677,2013,12,16,12,37,0,43.76097067,-79.4651681,York Centre (10),10,Bathurst Manor (34),34,D32,North York,DUFFERIN ST,OVERBROOK PL, ,Major Arterial,Intersection,At Intersection,Traffic Signal,Clear,Daylight,Wet,Non-Fatal Injury,Turning Movement,Passenger,15 to 19,Minor,0, , , , , , , , , , , ,0,0,1,0,0,0,0,1,0,1,0,0,0,0
3001161677,2013,12,16,12,37,0,43.76097067,-79.4651681,York Centre (10),10,Bathurst Manor (34),34,D32,North York,DUFFERIN ST,OVERBROOK PL, ,Major Arterial,Intersection,At Intersection,Traffic Signal,Clear,Daylight,Wet,Non-Fatal Injury,Turning Movement,Passenger,20 to 24,Minor,0, , , , , , , , , , , ,0,0,1,0,0,0,0,1,0,1,0,0,0,0