ACCNUM,YEAR,MONTH,DAY,HOUR,MINUTES,WEEKDAY,LATITUDE,LONGITUDE,Ward_Name,Ward_ID,Hood_Name,Hood_ID,Division,District,STREET1,STREET2,OFFSET,ROAD_CLASS,LOCCOORD,ACCLOC,TRAFFCTL,VISIBILITY,LIGHT,RDSFCOND,ACCLASS,IMPACTYPE,INVTYPE,INVAGE,INJURY,FATAL_NO,INITDIR,VEHTYPE,MANOEUVER,DRIVACT,DRIVCOND,PEDTYPE,PEDACT,PEDCOND,CYCLISTYPE,CYCACT,CYCCOND,PEDESTRIAN,CYCLIST,AUTOMOBILE,MOTORCYCLE,TRUCK,TRSN_CITY_VEH,EMERG_VEH,PASSENGER,SPEEDING,AG_DRIV,REDLIGHT,ALCOHOL,DISABILITY,label
4001551952,2014,2,18,12,37,1,43.77060278,-79.18686304,Scarborough East (43),43,West Hill (136),136,D43,Scarborough,MORNINGSIDE AVE,KINGSTON RD, ,Major Arterial,Intersection,At Intersection,Traffic Signal,Clear,Daylight,Wet,Non-Fatal Injury,Pedestrian Collisions,Driver,20 to 24,,0,North,"Automobile, Station Wagon",Going Ahead,Driving Properly,Normal, , , , , , ,1,0,1,0,0,0,0,1,0,1,0,0,0,0
4001551952,2014,2,18,12,37,1,43.77060278,-79.18686304,Scarborough East (43),43,West Hill (136),136,D43,Scarborough,MORNINGSIDE AVE,KINGSTON RD, ,Major Arterial,Intersection,At Intersection,Traffic Signal,Clear,Daylight,Wet,Non-Fatal Injury,Pedestrian Collisions,Driver,25 to 29,,0,South,"Automobile, Station Wagon",Turning Left,Failed to Yield Right of Way,Inattentive, , , , , , ,1,0,1,0,0,0,0,1,0,1,0,0,0,0
4001551952,2014,2,18,12,37,1,43.77060278,-79.18686304,Scarborough East (43),43,West Hill (136),136,D43,Scarborough,MORNINGSIDE AVE,KINGSTON RD, ,Major Arterial,Intersection,At Intersection,Traffic Signal,Clear,Daylight,Wet,Non-Fatal Injury,Pedestrian Collisions,Passenger,20 to 24,,0, , , , , , , , , , , ,1,0,1,0,0,0,0,1,0,1,0,0,0,0
4001551952,2014,2,18,12,37,1,43.77060278,-79.18686304,Scarborough East (43),43,West Hill (136),136,D43,Scarborough,MORNINGSIDE AVE,KINGSTON RD, ,Major Arterial,Intersection,At Intersection,Traffic Signal,Clear,Daylight,Wet,Non-Fatal Injury,Pedestrian Collisions,Pedestrian,55 to 59,Major,0,Unknown, , , , ,Pedestrian hit on sidewalk or shoulder,On Sidewalk or Shoulder,Normal, , , ,1,0,1,0,0,0,0,1,0,1,0,0,0,0
7003200949,2017,12,15,12,37,4,43.64854391,-79.37382136,Toronto Centre-Rosedale (28),28,Waterfront Communities-The Island (77),77,D51,Toronto East York,CHURCH ST,WELLINGTON ST E, ,Minor Arterial,Intersection,At Intersection,Traffic Signal,Other,Daylight,Other,Fatal,Pedestrian Collisions,Truck Driver,55 to 59,,0,South, ,Turning Right,Failed to Yield Right of Way,Unknown, , , , , , ,1,0,0,0,0,0,0,0,0,1,0,0,0,1
7003200949,2017,12,15,12,37,4,43.64854391,-79.37382136,Toronto Centre-Rosedale (28),28,Waterfront Communities-The Island (77),77,D51,Toronto East York,CHURCH ST,WELLINGTON ST E, ,Minor Arterial,Intersection,At Intersection,Traffic Signal,Other,Daylight,Other,Fatal,Pedestrian Collisions,Pedestrian,20 to 24,Fatal,57,South, , , , ,Vehicle turns right while ped crosses with ROW at inter.,Crossing with right of way,Unknown, , , ,1,0,0,0,0,0,0,0,0,1,0,0,0,1
1042268,2008,5,24,12,38,5,43.67384538,-79.42239029,St. Paul's (21),21,Wychwood (94),94,D13,Toronto East York,CHRISTIE ST,LAMBERTLODGE AVE, ,Minor Arterial,Intersection,At Intersection,Stop Sign,Clear,Daylight,Dry,Non-Fatal Injury,Cyclist Collisions,Driver,25 to 29,,0,South,"Automobile, Station Wagon",Turning Right,Failed to Yield Right of Way,Inattentive, , , , , , ,0,1,1,0,0,0,0,0,0,1,0,0,0,0
1042268,2008,5,24,12,38,5,43.67384538,-79.42239029,St. Paul's (21),21,Wychwood (94),94,D13,Toronto East York,CHRISTIE ST,LAMBERTLODGE AVE, ,Minor Arterial,Intersection,At Intersection,Stop Sign,Clear,Daylight,Dry,Non-Fatal Injury,Cyclist Collisions,Cyclist,35 to 39,Major,0,South,Bicycle,Going Ahead, , , , , ,"Motorist turns right at non-signal Inter.(stop, yield, no cont.,and dwy) and strikes cyclist.",Driving Properly,Normal,0,1,1,0,0,0,0,0,0,1,0,0,0,0
5000516977,2015,3,28,12,38,5,43.70879706,-79.50543604,York South-Weston (12),12,Rustic (28),28,D12,Etobicoke York,JANE ST,MAPLE LEAF DR,50 m South of,Major Arterial,Mid-Block,Non Intersection,No Control,Clear,Daylight,Dry,Non-Fatal Injury,Sideswipe,Motorcycle Driver,20 to 24,Major,0,North,Motorcycle,Going Ahead,Lost control,Normal, , , , , , ,0,0,0,1,1,0,0,0,0,0,0,0,0,0
5000516977,2015,3,28,12,38,5,43.70879706,-79.50543604,York South-Weston (12),12,Rustic (28),28,D12,Etobicoke York,JANE ST,MAPLE LEAF DR,50 m South of,Major Arterial,Mid-Block,Non Intersection,No Control,Clear,Daylight,Dry,Non-Fatal Injury,Sideswipe,Truck Driver,35 to 39,,0,North,Truck-Tractor,Going Ahead,Driving Properly,Normal, , , , , , ,0,0,0,1,1,0,0,0,0,0,0,0,0,0
1024139,2008,2,11,12,39,0,43.67994538,-79.43579029,Davenport (17),17,Wychwood (94),94,D13,Etobicoke York,OAKWOOD AVE,ST CLAIR AVE W, ,Minor Arterial,Mid-Block, ,No Control,Clear,Daylight,Wet,Non-Fatal Injury,Pedestrian Collisions,Driver,75 to 79,,0,North,"Automobile, Station Wagon",Going Ahead,Driving Properly,Normal, , , , , , ,1,0,1,0,0,0,0,0,0,0,0,0,0,0
1024139,2008,2,11,12,39,0,43.67994538,-79.43579029,Davenport (17),17,Wychwood (94),94,D13,Etobicoke York,OAKWOOD AVE,ST CLAIR AVE W, ,Minor Arterial,Mid-Block, ,No Control,Clear,Daylight,Wet,Non-Fatal Injury,Pedestrian Collisions,Pedestrian,40 to 44,Major,0, ,Other, , , ,Pedestrian hit at mid-block,Running onto Roadway,Inattentive, , , ,1,0,1,0,0,0,0,0,0,0,0,0,0,0
1179667,2010,6,1,12,39,1,43.78464538,-79.28899029,Scarborough-Agincourt (40),40,Tam O'Shanter-Sullivan (118),118,D42,Scarborough,KENNEDY RD,SHEPPARD AVE E, ,Major Arterial,Mid-Block, ,No Control,Clear,Daylight,Dry,Non-Fatal Injury,Rear End,Driver,45 to 49,,0,North, ,Going Ahead,Speed too Fast For Condition,Normal, , , , , , ,0,0,1,0,0,0,0,1,1,1,0,0,0,0
1179667,2010,6,1,12,39,1,43.78464538,-79.28899029,Scarborough-Agincourt (40),40,Tam O'Shanter-Sullivan (118),118,D42,Scarborough,KENNEDY RD,SHEPPARD AVE E, ,Major Arterial,Mid-Block, ,No Control,Clear,Daylight,Dry,Non-Fatal Injury,Rear End,Passenger,75 to 79,Major,0, ,Other, , , , , , , , , ,0,0,1,0,0,0,0,1,1,1,0,0,0,0
1179667,2010,6,1,12,39,1,43.78464538,-79.28899029,Scarborough-Agincourt (40),40,Tam O'Shanter-Sullivan (118),118,D42,Scarborough,KENNEDY RD,SHEPPARD AVE E, ,Major Arterial,Mid-Block, ,No Control,Clear,Daylight,Dry,Non-Fatal Injury,Rear End,Driver,55 to 59,Minimal,0,North,"Automobile, Station Wagon",Stopped,Driving Properly,Normal, , , , , , ,0,0,1,0,0,0,0,1,1,1,0,0,0,0
1179667,2010,6,1,12,39,1,43.78464538,-79.28899029,Scarborough-Agincourt (40),40,Tam O'Shanter-Sullivan (118),118,D42,Scarborough,KENNEDY RD,SHEPPARD AVE E, ,Major Arterial,Mid-Block, ,No Control,Clear,Daylight,Dry,Non-Fatal Injury,Rear End,Passenger,20 to 24,Minor,0, ,Other, , , , , , , , , ,0,0,1,0,0,0,0,1,1,1,0,0,0,0
1179667,2010,6,1,12,39,1,43.78464538,-79.28899029,Scarborough-Agincourt (40),40,Tam O'Shanter-Sullivan (118),118,D42,Scarborough,KENNEDY RD,SHEPPARD AVE E, ,Major Arterial,Mid-Block, ,No Control,Clear,Daylight,Dry,Non-Fatal Injury,Rear End,Driver,50 to 54,Minor,0,North,"Automobile, Station Wagon",Stopped,Driving Properly,Normal, , , , , , ,0,0,1,0,0,0,0,1,1,1,0,0,0,0
1293835,2012,5,11,12,39,4,43.70424538,-79.40049029,St. Paul's (22),22,Yonge-Eglinton (100),100,D53,Toronto East York,DUPLEX AVE,ANDERSON AVE, ,Collector,Intersection,At Intersection,Stop Sign,Clear,Daylight,Dry,Fatal,Pedestrian Collisions,Vehicle Owner,unknown, ,0, ,Other, , , , , , , , , ,1,0,1,0,0,0,0,0,0,0,0,0,0,1
1293835,2012,5,11,12,39,4,43.70424538,-79.40049029,St. Paul's (22),22,Yonge-Eglinton (100),100,D53,Toronto East York,DUPLEX AVE,ANDERSON AVE, ,Collector,Intersection,At Intersection,Stop Sign,Clear,Daylight,Dry,Fatal,Pedestrian Collisions,Driver,45 to 49,,0,East,"Automobile, Station Wagon",Turning Left,Improper Turn,Inattentive, , , , , , ,1,0,1,0,0,0,0,0,0,0,0,0,0,1
1293835,2012,5,11,12,39,4,43.70424538,-79.40049029,St. Paul's (22),22,Yonge-Eglinton (100),100,D53,Toronto East York,DUPLEX AVE,ANDERSON AVE, ,Collector,Intersection,At Intersection,Stop Sign,Clear,Daylight,Dry,Fatal,Pedestrian Collisions,Pedestrian,80 to 84,Fatal,14,West,Other, , , ,Vehicle turns left while ped crosses with ROW at inter.,Crossing with right of way,Normal, , , ,1,0,1,0,0,0,0,0,0,0,0,0,0,1
1306426,2012,6,13,12,39,2,43.73374538,-79.53819029,York West (7),7,Pelmo Park-Humberlea (23),23,D31,Etobicoke York,WESTON RD,SHEPPARD AVE W, ,Major Arterial,Intersection,At Intersection,Traffic Signal,Clear,Daylight,Dry,Non-Fatal Injury,Pedestrian Collisions,Vehicle Owner,unknown, ,0, ,Other, , , , , , , , , ,1,0,1,0,0,0,0,0,0,1,0,0,0,0
1306426,2012,6,13,12,39,2,43.73374538,-79.53819029,York West (7),7,Pelmo Park-Humberlea (23),23,D31,Etobicoke York,WESTON RD,SHEPPARD AVE W, ,Major Arterial,Intersection,At Intersection,Traffic Signal,Clear,Daylight,Dry,Non-Fatal Injury,Pedestrian Collisions,Driver,20 to 24,,0,West,"Automobile, Station Wagon",Turning Right,Failed to Yield Right of Way,Inattentive, , , , , , ,1,0,1,0,0,0,0,0,0,1,0,0,0,0
1306426,2012,6,13,12,39,2,43.73374538,-79.53819029,York West (7),7,Pelmo Park-Humberlea (23),23,D31,Etobicoke York,WESTON RD,SHEPPARD AVE W, ,Major Arterial,Intersection,At Intersection,Traffic Signal,Clear,Daylight,Dry,Non-Fatal Injury,Pedestrian Collisions,Pedestrian,70 to 74,Major,0,West,Other, , , ,Vehicle turns right while ped crosses with ROW at inter.,Crossing with right of way,Normal, , , ,1,0,1,0,0,0,0,0,0,1,0,0,0,0
1311482,2012,8,23,12,39,3,43.75944538,-79.26799029,Scarborough Centre (37),37,Bendale (127),127,D41,Scarborough,MIDLAND AVE,DORCOT AVE, ,Major Arterial,Mid-Block, ,No Control,Clear,Daylight,Dry,Non-Fatal Injury,Approaching,Vehicle Owner,unknown, ,0, ,Other, , , , , , , , , ,0,0,1,0,0,0,0,0,0,1,0,0,0,0
1311482,2012,8,23,12,39,3,43.75944538,-79.26799029,Scarborough Centre (37),37,Bendale (127),127,D41,Scarborough,MIDLAND AVE,DORCOT AVE, ,Major Arterial,Mid-Block, ,No Control,Clear,Daylight,Dry,Non-Fatal Injury,Approaching,Driver,30 to 34,Major,0,South,Other,Going Ahead,Driving Properly,Normal, , , , , , ,0,0,1,0,0,0,0,0,0,1,0,0,0,0
1311482,2012,8,23,12,39,3,43.75944538,-79.26799029,Scarborough Centre (37),37,Bendale (127),127,D41,Scarborough,MIDLAND AVE,DORCOT AVE, ,Major Arterial,Mid-Block, ,No Control,Clear,Daylight,Dry,Non-Fatal Injury,Approaching,Vehicle Owner,unknown, ,0, ,Other, , , , , , , , , ,0,0,1,0,0,0,0,0,0,1,0,0,0,0
1311482,2012,8,23,12,39,3,43.75944538,-79.26799029,Scarborough Centre (37),37,Bendale (127),127,D41,Scarborough,MIDLAND AVE,DORCOT AVE, ,Major Arterial,Mid-Block, ,No Control,Clear,Daylight,Dry,Non-Fatal Injury,Approaching,Driver,55 to 59,Major,0,North,"Automobile, Station Wagon",Changing Lanes,Failed to Yield Right of Way,Inattentive, , , , , , ,0,0,1,0,0,0,0,0,0,1,0,0,0,0
1311482,2012,8,23,12,39,3,43.75944538,-79.26799029,Scarborough Centre (37),37,Bendale (127),127,D41,Scarborough,MIDLAND AVE,DORCOT AVE, ,Major Arterial,Mid-Block, ,No Control,Clear,Daylight,Dry,Non-Fatal Injury,Approaching,Driver,35 to 39,,0,North,"Automobile, Station Wagon",Stopped,Driving Properly,Unknown, , , , , , ,0,0,1,0,0,0,0,0,0,1,0,0,0,0
1311482,2012,8,23,12,39,3,43.75944538,-79.26799029,Scarborough Centre (37),37,Bendale (127),127,D41,Scarborough,MIDLAND AVE,DORCOT AVE, ,Major Arterial,Mid-Block, ,No Control,Clear,Daylight,Dry,Non-Fatal Injury,Approaching,Other Property Owner,unknown, ,0, ,Other, , , , , , , , , ,0,0,1,0,0,0,0,0,0,1,0,0,0,0
1036484,2008,4,19,12,40,5,43.66914538,-79.34339029,Toronto-Danforth (30),30,North Riverdale (68),68,D55,Toronto East York,CARLAW AVE,VICTOR AVE, ,Minor Arterial,Intersection,At Intersection,No Control,Clear,Daylight,Dry,Non-Fatal Injury,Pedestrian Collisions,Driver,45 to 49,,0,South,"Automobile, Station Wagon",Slowing or Stopping,Driving Properly,Normal, , , , , , ,1,0,1,0,0,0,0,0,0,0,0,0,0,0
1036484,2008,4,19,12,40,5,43.66914538,-79.34339029,Toronto-Danforth (30),30,North Riverdale (68),68,D55,Toronto East York,CARLAW AVE,VICTOR AVE, ,Minor Arterial,Intersection,At Intersection,No Control,Clear,Daylight,Dry,Non-Fatal Injury,Pedestrian Collisions,Pedestrian,15 to 19,Major,0,East,Other, , , ,Pedestrian involved in a collision with transit vehicle anywhere along roadway,"Crossing, no Traffic Control",Inattentive, , , ,1,0,1,0,0,0,0,0,0,0,0,0,0,0
1117084,2009,8,3,12,40,0,43.67004538,-79.36089029,Toronto Centre-Rosedale (27),27,Cabbagetown-South St.James Town (71),71,D51,Toronto East York,ROSEDALE VALLEY RD,BAYVIEW S ROSEDALE VL RAMP, ,Minor Arterial,Mid-Block, ,No Control,Clear,Daylight,Dry,Non-Fatal Injury,Approaching,Passenger,40 to 44,Minor,0, ,Other, , , , , , , , , ,0,0,1,0,0,0,0,1,0,0,0,0,0,0
1117084,2009,8,3,12,40,0,43.67004538,-79.36089029,Toronto Centre-Rosedale (27),27,Cabbagetown-South St.James Town (71),71,D51,Toronto East York,ROSEDALE VALLEY RD,BAYVIEW S ROSEDALE VL RAMP, ,Minor Arterial,Mid-Block, ,No Control,Clear,Daylight,Dry,Non-Fatal Injury,Approaching,Driver,40 to 44,,0,West,"Automobile, Station Wagon",Going Ahead,Other,Normal, , , , , , ,0,0,1,0,0,0,0,1,0,0,0,0,0,0
1117084,2009,8,3,12,40,0,43.67004538,-79.36089029,Toronto Centre-Rosedale (27),27,Cabbagetown-South St.James Town (71),71,D51,Toronto East York,ROSEDALE VALLEY RD,BAYVIEW S ROSEDALE VL RAMP, ,Minor Arterial,Mid-Block, ,No Control,Clear,Daylight,Dry,Non-Fatal Injury,Approaching,Driver,50 to 54,Major,0,East,"Automobile, Station Wagon",Going Ahead,Other,Normal, , , , , , ,0,0,1,0,0,0,0,1,0,0,0,0,0,0
1133393,2009,10,2,12,40,4,43.62134538,-79.52509029,Etobicoke-Lakeshore (5),5,Islington-City Centre West (14),14,D22,Etobicoke York,1255 THE QUEENSWAY, , ,Major Arterial,Mid-Block, ,Stop Sign,Rain,Daylight,Wet,Non-Fatal Injury,Turning Movement,Driver,55 to 59,Minor,0,North,"Automobile, Station Wagon",Turning Left,Improper Turn,Normal, , , , , , ,0,0,1,0,0,0,0,0,0,0,0,0,0,0
1133393,2009,10,2,12,40,4,43.62134538,-79.52509029,Etobicoke-Lakeshore (5),5,Islington-City Centre West (14),14,D22,Etobicoke York,1255 THE QUEENSWAY, , ,Major Arterial,Mid-Block, ,Stop Sign,Rain,Daylight,Wet,Non-Fatal Injury,Turning Movement,Driver,25 to 29,Major,0,East,"Automobile, Station Wagon",Going Ahead,Driving Properly,Normal, , , , , , ,0,0,1,0,0,0,0,0,0,0,0,0,0,0
1147341,2010,1,12,12,40,1,43.67444538,-79.56319029,Etobicoke Centre (3),3,Eringate-Centennial-West Deane (11),11,D22,Etobicoke York,MARTIN GROVE RD,EGLINTON AVE W, ,Major Arterial,Intersection,At Intersection,Traffic Signal,Clear,Daylight,Dry,Fatal,Pedestrian Collisions,Passenger,85 to 89,,0, ,Other, , , , , , , , , ,1,0,1,0,0,0,0,1,0,1,1,0,0,1
1147341,2010,1,12,12,40,1,43.67444538,-79.56319029,Etobicoke Centre (3),3,Eringate-Centennial-West Deane (11),11,D22,Etobicoke York,MARTIN GROVE RD,EGLINTON AVE W, ,Major Arterial,Intersection,At Intersection,Traffic Signal,Clear,Daylight,Dry,Fatal,Pedestrian Collisions,Driver,80 to 84,,0,North,"Automobile, Station Wagon",Going Ahead,Disobeyed Traffic Control,Unknown, , , , , , ,1,0,1,0,0,0,0,1,0,1,1,0,0,1
1147341,2010,1,12,12,40,1,43.67444538,-79.56319029,Etobicoke Centre (3),3,Eringate-Centennial-West Deane (11),11,D22,Etobicoke York,MARTIN GROVE RD,EGLINTON AVE W, ,Major Arterial,Intersection,At Intersection,Traffic Signal,Clear,Daylight,Dry,Fatal,Pedestrian Collisions,Pedestrian,0 to 4,Minor,0,East,Other, , , ,Vehicle is going straight thru inter.while ped cross with ROW,Crossing with right of way,Normal, , , ,1,0,1,0,0,0,0,1,0,1,1,0,0,1
1147341,2010,1,12,12,40,1,43.67444538,-79.56319029,Etobicoke Centre (3),3,Eringate-Centennial-West Deane (11),11,D22,Etobicoke York,MARTIN GROVE RD,EGLINTON AVE W, ,Major Arterial,Intersection,At Intersection,Traffic Signal,Clear,Daylight,Dry,Fatal,Pedestrian Collisions,Pedestrian,30 to 34,Fatal,2,East,Other, , , ,Vehicle is going straight thru inter.while ped cross with ROW,Crossing with right of way,Normal, , , ,1,0,1,0,0,0,0,1,0,1,1,0,0,1
1295871,2012,5,27,12,40,6,43.7423435,-79.4182931,Eglinton-Lawrence (16),16,Bedford Park-Nortown (39),39,D32,North York,22 DELHI AVE, , ,Local,Intersection, ,No Control,Clear,Daylight,Dry,Fatal,Pedestrian Collisions,Driver,50 to 54,,0,North,"Automobile, Station Wagon",Reversing,Other,Inattentive, , , , , , ,1,0,1,0,0,0,0,0,0,0,0,0,0,1
1295871,2012,5,27,12,40,6,43.7423435,-79.4182931,Eglinton-Lawrence (16),16,Bedford Park-Nortown (39),39,D32,North York,22 DELHI AVE, , ,Local,Intersection, ,No Control,Clear,Daylight,Dry,Fatal,Pedestrian Collisions,Pedestrian,80 to 84,Fatal,16,West,Other, , , ,Vehicle is reversing and hits pedestrian,Walking on Roadway Against Traffic,Medical or Physical Disability, , , ,1,0,1,0,0,0,0,0,0,0,0,0,0,1
1379372,2013,7,19,12,40,4,43.64152487,-79.42836390000001,Parkdale-High Park (14),14,South Parkdale (85),85,D14,Toronto East York,DUFFERIN ST,JOE SHUSTER  WAY, ,Minor Arterial,Intersection, ,No Control,Clear,Daylight,Dry,Non-Fatal Injury,Pedestrian Collisions,Driver,25 to 29,,0,South,"Automobile, Station Wagon",Going Ahead,Driving Properly,Had Been Drinking, , , , , , ,1,0,1,0,0,0,0,0,0,0,0,0,0,0
1379372,2013,7,19,12,40,4,43.64152487,-79.42836390000001,Parkdale-High Park (14),14,South Parkdale (85),85,D14,Toronto East York,DUFFERIN ST,JOE SHUSTER  WAY, ,Minor Arterial,Intersection, ,No Control,Clear,Daylight,Dry,Non-Fatal Injury,Pedestrian Collisions,Pedestrian,70 to 74,Major,0,East,Other, , , ,Vehicle is going straight thru inter.while ped cross without ROW,"Crossing, no Traffic Control",Unknown, , , ,1,0,1,0,0,0,0,0,0,0,0,0,0,0
4002621781,2014,8,2,12,40,5,43.6802059,-79.43246088,St. Paul's (21),21,Wychwood (94),94,D13,Etobicoke York,ST CLAIR AVE W,WINONA DR, ,Major Arterial,Intersection,Intersection Related,Traffic Signal,Clear,Daylight,Dry,Non-Fatal Injury,Cyclist Collisions,Driver,unknown,,0,West,"Automobile, Station Wagon",Overtaking,Failed to Yield Right of Way,Unknown, , , , , , ,0,1,1,0,0,0,0,0,0,1,0,0,0,0
4002621781,2014,8,2,12,40,5,43.6802059,-79.43246088,St. Paul's (21),21,Wychwood (94),94,D13,Etobicoke York,ST CLAIR AVE W,WINONA DR, ,Major Arterial,Intersection,Intersection Related,Traffic Signal,Clear,Daylight,Dry,Non-Fatal Injury,Cyclist Collisions,Cyclist,35 to 39,Major,0,West,Bicycle,Going Ahead, , , , , ,Cyclist and Driver travelling in same direction. One vehicle sideswipes the other.,Driving Properly,Normal,0,1,1,0,0,0,0,0,0,1,0,0,0,0
4003072697,2014,10,9,12,40,3,43.7616802,-79.34718714,Don Valley East (34),34,Parkwoods-Donalda (45),45,D33,North York,DON MILLS RD,DUNCAN MILL RD, ,Major Arterial,Intersection,At Intersection,Traffic Signal,Clear,Daylight,Dry,Non-Fatal Injury,Pedestrian Collisions,Truck Driver,30 to 34,,0,West,Truck - Open,Turning Left,Failed to Yield Right of Way,Inattentive, , , , , , ,1,0,0,0,1,0,0,0,0,1,0,0,0,0
4003072697,2014,10,9,12,40,3,43.7616802,-79.34718714,Don Valley East (34),34,Parkwoods-Donalda (45),45,D33,North York,DON MILLS RD,DUNCAN MILL RD, ,Major Arterial,Intersection,At Intersection,Traffic Signal,Clear,Daylight,Dry,Non-Fatal Injury,Pedestrian Collisions,Pedestrian,50 to 54,Major,0,East, , , , ,Vehicle turns left while ped crosses with ROW at inter.,Crossing with right of way,Normal, , , ,1,0,0,0,1,0,0,0,0,1,0,0,0,0
1138973,2009,11,25,11,44,2,43.76794538,-79.27109029,Scarborough Centre (37),37,Bendale (127),127,D41,Scarborough,ELLESMERE RD,MIDLAND AVE, ,Major Arterial,Intersection, ,Traffic Signal,Rain,Daylight,Wet,Non-Fatal Injury,Pedestrian Collisions,Driver,65 to 69,,0,East,"Automobile, Station Wagon",Going Ahead,Driving Properly,Normal, , , , , , ,1,0,1,0,0,0,0,0,0,0,0,0,0,0
1052609,2008,7,3,11,55,3,43.75454538,-79.48879029,York West (8),8,York University Heights (27),27,D31,North York,KEELE St,ST REGIS Cres, ,Major Arterial,Intersection,At Intersection,Traffic Signal,Clear,Daylight,Dry,Non-Fatal Injury,Rear End,Passenger,0 to 4,Major,0, ,Other, , , , , , , , , ,0,0,1,0,0,0,0,1,0,1,0,0,0,0
1052609,2008,7,3,11,55,3,43.75454538,-79.48879029,York West (8),8,York University Heights (27),27,D31,North York,KEELE St,ST REGIS Cres, ,Major Arterial,Intersection,At Intersection,Traffic Signal,Clear,Daylight,Dry,Non-Fatal Injury,Rear End,Driver,30 to 34,Minor,0,South,"Automobile, Station Wagon",Slowing or Stopping,Driving Properly,Normal, , , , , , ,0,0,1,0,0,0,0,1,0,1,0,0,0,0
6001790676,2016,10,8,11,13,5,43.70909842,-79.40102015,Eglinton-Lawrence (16),16,Yonge-Eglinton (100),100,D53,North York,DUPLEX AVE,MONTGOMERY AVE, ,Minor Arterial,Intersection,At Intersection,Stop Sign,Clear,Daylight,Dry,Non-Fatal Injury,Pedestrian Collisions,Driver,70 to 74,,0,South,"Automobile, Station Wagon",Turning Left,Failed to Yield Right of Way,Normal, , , , , , ,1,0,1,0,0,0,0,0,0,1,0,0,0,0
7000868429,2017,5,17,11,34,2,43.74317938,-79.21887629,Scarborough Southwest (36),36,Scarborough Village (139),139,D43,Scarborough,MARKHAM RD,EGLINTON AVE E, ,Major Arterial,Intersection,At Intersection,Traffic Signal,Clear,Daylight,Dry,Non-Fatal Injury,Pedestrian Collisions,Truck Driver,45 to 49,,0,South,Truck-Tractor,Turning Right,Failed to Yield Right of Way,Normal, , , , , , ,1,0,0,0,1,0,0,0,0,1,0,0,0,0
977784,2007,5,16,11,45,2,43.65924538,-79.44299029,Davenport (18),18,Dovercourt-Wallace Emerson-Junction (93),93,D11,Toronto East York,LANSDOWNE AVE,WADE AVE, ,Minor Arterial,Intersection,At Intersection,Stop Sign,Rain,Daylight,Wet,Non-Fatal Injury,Pedestrian Collisions,Vehicle Owner,unknown,,0, ,Other,Unknown, , , , , , , , ,1,0,1,0,0,0,0,0,0,1,0,0,0,0
1217753,2011,2,14,11,0,0,43.68374538,-79.49859029,York South-Weston (11),11,Rockcliffe-Smythe (111),111,D12,Etobicoke York,JANE Stre,EGLINTON Aven W, ,Major Arterial,Mid-Block, ,No Control,Clear,Daylight,Dry,Non-Fatal Injury,Approaching,Driver,35 to 39,Major,0,South,"Automobile, Station Wagon",Going Ahead,Driving Properly,Normal, , , , , , ,0,0,1,0,0,0,0,1,1,1,0,0,0,0
6001790676,2016,10,8,11,13,5,43.70909842,-79.40102015,Eglinton-Lawrence (16),16,Yonge-Eglinton (100),100,D53,North York,DUPLEX AVE,MONTGOMERY AVE, ,Minor Arterial,Intersection,At Intersection,Stop Sign,Clear,Daylight,Dry,Non-Fatal Injury,Pedestrian Collisions,Pedestrian,65 to 69,Major,0,North, , , , ,Vehicle turns left while ped crosses with ROW at inter.,Crossing with right of way,Normal, , , ,1,0,1,0,0,0,0,0,0,1,0,0,0,0
7000868429,2017,5,17,11,34,2,43.74317938,-79.21887629,Scarborough Southwest (36),36,Scarborough Village (139),139,D43,Scarborough,MARKHAM RD,EGLINTON AVE E, ,Major Arterial,Intersection,At Intersection,Traffic Signal,Clear,Daylight,Dry,Non-Fatal Injury,Pedestrian Collisions,Pedestrian,55 to 59,Minimal,0, , , , , , , ,Normal, , , ,1,0,0,0,1,0,0,0,0,1,0,0,0,0
1217753,2011,2,14,11,0,0,43.68374538,-79.49859029,York South-Weston (11),11,Rockcliffe-Smythe (111),111,D12,Etobicoke York,JANE Stre,EGLINTON Aven W, ,Major Arterial,Mid-Block, ,No Control,Clear,Daylight,Dry,Non-Fatal Injury,Approaching,Passenger,70 to 74,Major,0, ,Other, , , , , , , , , ,0,0,1,0,0,0,0,1,1,1,0,0,0,0
1217753,2011,2,14,11,0,0,43.68374538,-79.49859029,York South-Weston (11),11,Rockcliffe-Smythe (111),111,D12,Etobicoke York,JANE Stre,EGLINTON Aven W, ,Major Arterial,Mid-Block, ,No Control,Clear,Daylight,Dry,Non-Fatal Injury,Approaching,Driver,75 to 79,Major,0,North,"Automobile, Station Wagon",Going Ahead,Lost control,Unknown, , , , , , ,0,0,1,0,0,0,0,1,1,1,0,0,0,0
1280520,2012,2,15,11,0,2,43.63144538,-79.55229029,Etobicoke-Lakeshore (5),5,Islington-City Centre West (14),14,D22,Etobicoke York,250 THE EAST MALL, , ,Minor Arterial,Intersection,At Intersection,Traffic Signal,Clear,Daylight,Dry,Non-Fatal Injury,Turning Movement,Passenger,85 to 89,Major,0, ,Other, , , , , , , , , ,0,0,1,0,0,0,0,1,0,0,0,0,0,0