ACCNUM,YEAR,MONTH,DAY,HOUR,MINUTES,WEEKDAY,LATITUDE,LONGITUDE,Ward_Name,Ward_ID,Hood_Name,Hood_ID,Division,District,STREET1,STREET2,OFFSET,ROAD_CLASS,LOCCOORD,ACCLOC,TRAFFCTL,VISIBILITY,LIGHT,RDSFCOND,ACCLASS,IMPACTYPE,INVTYPE,INVAGE,INJURY,FATAL_NO,INITDIR,VEHTYPE,MANOEUVER,DRIVACT,DRIVCOND,PEDTYPE,PEDACT,PEDCOND,CYCLISTYPE,CYCACT,CYCCOND,PEDESTRIAN,CYCLIST,AUTOMOBILE,MOTORCYCLE,TRUCK,TRSN_CITY_VEH,EMERG_VEH,PASSENGER,SPEEDING,AG_DRIV,REDLIGHT,ALCOHOL,DISABILITY,label
1280520,2012,2,15,11,0,2,43.63144538,-79.55229029,Etobicoke-Lakeshore (5),5,Islington-City Centre West (14),14,D22,Etobicoke York,250 THE EAST MALL, , ,Minor Arterial,Intersection,At Intersection,Traffic Signal,Clear,Daylight,Dry,Non-Fatal Injury,Turning Movement,Driver,65 to 69,Minor,0,North,"Automobile, Station Wagon",Turning Left,Improper Turn,Normal, , , , , , ,0,0,1,0,0,0,0,1,0,0,0,0,0,0
1280520,2012,2,15,11,0,2,43.63144538,-79.55229029,Etobicoke-Lakeshore (5),5,Islington-City Centre West (14),14,D22,Etobicoke York,250 THE EAST MALL, , ,Minor Arterial,Intersection,At Intersection,Traffic Signal,Clear,Daylight,Dry,Non-Fatal Injury,Turning Movement,Driver,25 to 29,,0,South,"Automobile, Station Wagon",Going Ahead,Driving Properly,Normal, , , , , , ,0,0,1,0,0,0,0,1,0,0,0,0,0,0
4002267356,2014,6,11,11,0,2,43.66459234,-79.35595331,Toronto-Danforth (30),30,South Riverdale (70),70,D55,Toronto East York,DON VALLEY PARKWAY  S,GERRARD ST E, ,Expressway,Mid-Block,Overpass or Bridge,No Control,Clear,Daylight,Dry,Non-Fatal Injury,Pedestrian Collisions,Driver,35 to 39,,0,South,"Automobile, Station Wagon",Going Ahead,Driving Properly,Normal, , , , , , ,1,0,1,0,0,0,0,0,0,0,0,0,0,0
4002267356,2014,6,11,11,0,2,43.66459234,-79.35595331,Toronto-Danforth (30),30,South Riverdale (70),70,D55,Toronto East York,DON VALLEY PARKWAY  S,GERRARD ST E, ,Expressway,Mid-Block,Overpass or Bridge,No Control,Clear,Daylight,Dry,Non-Fatal Injury,Pedestrian Collisions,Pedestrian,40 to 44,Major,0,Unknown, , , , ,Other / Undefined,Other,Unknown, , , ,1,0,1,0,0,0,0,0,0,0,0,0,0,0
4003465091,2014,12,11,11,0,3,43.77400549,-79.35189448,Don Valley East (33),33,Henry Farm (53),53,D33,North York,SHEPPARD AVE E,DON MILLS RD, ,Major Arterial,Mid-Block,Non Intersection,No Control,Snow,Daylight,Packed Snow,Non-Fatal Injury,Sideswipe,Driver,30 to 34,Major,0,West,"Automobile, Station Wagon",Going Ahead,Lost control,Normal, , , , , , ,0,0,1,0,0,0,0,0,0,0,0,0,0,0
4003465091,2014,12,11,11,0,3,43.77400549,-79.35189448,Don Valley East (33),33,Henry Farm (53),53,D33,North York,SHEPPARD AVE E,DON MILLS RD, ,Major Arterial,Mid-Block,Non Intersection,No Control,Snow,Daylight,Packed Snow,Non-Fatal Injury,Sideswipe,Driver,unknown,,0,West,"Automobile, Station Wagon",Going Ahead,Driving Properly,Unknown, , , , , , ,0,0,1,0,0,0,0,0,0,0,0,0,0,0
5000486236,2015,3,23,11,0,0,43.66572912,-79.37552271,Toronto Centre-Rosedale (27),27,Cabbagetown-South St.James Town (71),71,D51,Toronto East York,HOMEWOOD AVENUE,MAITLAND PLACE, ,Collector,Intersection,At Intersection,Stop Sign,Clear,Daylight,Dry,Non-Fatal Injury,Cyclist Collisions,Cyclist,15 to 19,Major,0,East,Bicycle,Turning Left, , , , , ,Cyclist turned left across motorists path.,Disobeyed Traffic Control,Inattentive,0,1,1,0,0,0,0,0,0,0,0,0,0,0
6001974222,2016,11,6,11,55,6,43.64815863,-79.50774775,Etobicoke-Lakeshore (5),5,Stonegate-Queensway (16),16,D22,Etobicoke York,BLOOR ST W,GRENVIEW BLVD N, ,Major Arterial,Intersection,At Intersection,Stop Sign,Clear,Daylight,Dry,Fatal,Pedestrian Collisions,Pedestrian,Over 95,Fatal,70,East, , , , ,Vehicle turns right while ped crosses with ROW at inter.,Crossing with right of way,Other, , , ,1,0,1,0,0,0,0,0,0,1,0,0,0,1
5000486236,2015,3,23,11,0,0,43.66572912,-79.37552271,Toronto Centre-Rosedale (27),27,Cabbagetown-South St.James Town (71),71,D51,Toronto East York,HOMEWOOD AVENUE,MAITLAND PLACE, ,Collector,Intersection,At Intersection,Stop Sign,Clear,Daylight,Dry,Non-Fatal Injury,Cyclist Collisions,Driver,60 to 64,,0,South,"Automobile, Station Wagon",Going Ahead,Driving Properly,Normal, , , , , , ,0,1,1,0,0,0,0,0,0,0,0,0,0,0
5001835148,2015,10,25,11,0,6,43.76257666,-79.29469691,Scarborough Centre (37),37,Wexford/Maryvale (119),119,D41,Scarborough,ELLESMERE RD,PRINCIPAL RD, ,Major Arterial,Intersection,Intersection Related,Traffic Signal,Clear,Daylight,Dry,Non-Fatal Injury,Pedestrian Collisions,Driver,50 to 54,,0,West,"Automobile, Station Wagon",Turning Left,Failed to Yield Right of Way,Inattentive, , , , , , ,1,0,1,0,0,0,0,0,0,1,0,0,0,0
5001835148,2015,10,25,11,0,6,43.76257666,-79.29469691,Scarborough Centre (37),37,Wexford/Maryvale (119),119,D41,Scarborough,ELLESMERE RD,PRINCIPAL RD, ,Major Arterial,Intersection,Intersection Related,Traffic Signal,Clear,Daylight,Dry,Non-Fatal Injury,Pedestrian Collisions,Driver,20 to 24,,0,East,"Automobile, Station Wagon",Going Ahead,Driving Properly,Normal, , , , , , ,1,0,1,0,0,0,0,0,0,1,0,0,0,0
5001835148,2015,10,25,11,0,6,43.76257666,-79.29469691,Scarborough Centre (37),37,Wexford/Maryvale (119),119,D41,Scarborough,ELLESMERE RD,PRINCIPAL RD, ,Major Arterial,Intersection,Intersection Related,Traffic Signal,Clear,Daylight,Dry,Non-Fatal Injury,Pedestrian Collisions,Pedestrian,80 to 84,Major,0,West, , , , ,Vehicle is going straight thru inter.while ped cross with ROW,Crossing with right of way,Normal, , , ,1,0,1,0,0,0,0,0,0,1,0,0,0,0
5001835148,2015,10,25,11,0,6,43.76257666,-79.29469691,Scarborough Centre (37),37,Wexford/Maryvale (119),119,D41,Scarborough,ELLESMERE RD,PRINCIPAL RD, ,Major Arterial,Intersection,Intersection Related,Traffic Signal,Clear,Daylight,Dry,Non-Fatal Injury,Pedestrian Collisions,Pedestrian,75 to 79,Major,0,West, , , , ,Vehicle is going straight thru inter.while ped cross with ROW,Crossing with right of way,Normal, , , ,1,0,1,0,0,0,0,0,0,1,0,0,0,0
5001835148,2015,10,25,11,0,6,43.76257666,-79.29469691,Scarborough Centre (37),37,Wexford/Maryvale (119),119,D41,Scarborough,ELLESMERE RD,PRINCIPAL RD, ,Major Arterial,Intersection,Intersection Related,Traffic Signal,Clear,Daylight,Dry,Non-Fatal Injury,Pedestrian Collisions,Pedestrian,70 to 74,Major,0,West, , , , ,Vehicle is going straight thru inter.while ped cross with ROW,Crossing with right of way,Unknown, , , ,1,0,1,0,0,0,0,0,0,1,0,0,0,0
5001919444,2015,11,8,11,0,6,43.7603031,-79.2229806,Scarborough East (43),43,Woburn (137),137,D43,Scarborough,LAWRENCE AVE E,GREENHOLM CRCT, ,Major Arterial,Intersection,At Intersection,Traffic Signal,Clear,Daylight,Dry,Non-Fatal Injury,Pedestrian Collisions,Driver,40 to 44,,0,South,"Automobile, Station Wagon",Turning Left,Failed to Yield Right of Way,Normal, , , , , , ,1,0,1,0,0,0,0,0,0,1,0,0,0,0
5001919444,2015,11,8,11,0,6,43.7603031,-79.2229806,Scarborough East (43),43,Woburn (137),137,D43,Scarborough,LAWRENCE AVE E,GREENHOLM CRCT, ,Major Arterial,Intersection,At Intersection,Traffic Signal,Clear,Daylight,Dry,Non-Fatal Injury,Pedestrian Collisions,Pedestrian,65 to 69,Major,0,North, , , , ,Vehicle turns left while ped crosses with ROW at inter.,Crossing with right of way,Normal, , , ,1,0,1,0,0,0,0,0,0,1,0,0,0,0
5002147377,2015,12,15,11,0,1,43.70156439,-79.50344477,York South-Weston (12),12,Brookhaven-Amesbury (30),30,D12,Etobicoke York,JANE ST,SPEERS AVE, ,Major Arterial,Intersection,At Intersection,No Control,Clear,Daylight,Dry,Fatal,Turning Movement,Driver,80 to 84,Major,0,South,"Automobile, Station Wagon",Turning Left,Improper Turn,Unknown, , , , , , ,0,0,1,0,0,0,0,1,0,0,0,0,0,1
5002147377,2015,12,15,11,0,1,43.70156439,-79.50344477,York South-Weston (12),12,Brookhaven-Amesbury (30),30,D12,Etobicoke York,JANE ST,SPEERS AVE, ,Major Arterial,Intersection,At Intersection,No Control,Clear,Daylight,Dry,Fatal,Turning Movement,Driver,55 to 59,,0,North,Delivery Van,Slowing or Stopping,Driving Properly,Normal, , , , , , ,0,0,1,0,0,0,0,1,0,0,0,0,0,1
5002147377,2015,12,15,11,0,1,43.70156439,-79.50344477,York South-Weston (12),12,Brookhaven-Amesbury (30),30,D12,Etobicoke York,JANE ST,SPEERS AVE, ,Major Arterial,Intersection,At Intersection,No Control,Clear,Daylight,Dry,Fatal,Turning Movement,Passenger,80 to 84,Fatal,63, , , , , , , , , , , ,0,0,1,0,0,0,0,1,0,0,0,0,0,1
977635,2007,7,3,11,1,1,43.76184538,-79.38679029,Don Valley West (25),25,St.Andrew-Windfields (40),40,D33,North York,BAYVIEW Ave,401 C E BAYVIEW RAMP E, ,Major Arterial,Intersection,At Intersection,Traffic Signal,Clear,Daylight,Dry,Non-Fatal Injury,Turning Movement,Passenger,85 to 89,Major,0, ,Other, , , , , , , , , ,0,0,1,0,0,0,0,1,0,1,1,0,0,0
977635,2007,7,3,11,1,1,43.76184538,-79.38679029,Don Valley West (25),25,St.Andrew-Windfields (40),40,D33,North York,BAYVIEW Ave,401 C E BAYVIEW RAMP E, ,Major Arterial,Intersection,At Intersection,Traffic Signal,Clear,Daylight,Dry,Non-Fatal Injury,Turning Movement,Vehicle Owner,unknown,,0, ,Other, , , , , , , , , ,0,0,1,0,0,0,0,1,0,1,1,0,0,0
977635,2007,7,3,11,1,1,43.76184538,-79.38679029,Don Valley West (25),25,St.Andrew-Windfields (40),40,D33,North York,BAYVIEW Ave,401 C E BAYVIEW RAMP E, ,Major Arterial,Intersection,At Intersection,Traffic Signal,Clear,Daylight,Dry,Non-Fatal Injury,Turning Movement,Driver,65 to 69,Minor,0,East,"Automobile, Station Wagon",Turning Left,Driving Properly,Normal, , , , , , ,0,0,1,0,0,0,0,1,0,1,1,0,0,0
977635,2007,7,3,11,1,1,43.76184538,-79.38679029,Don Valley West (25),25,St.Andrew-Windfields (40),40,D33,North York,BAYVIEW Ave,401 C E BAYVIEW RAMP E, ,Major Arterial,Intersection,At Intersection,Traffic Signal,Clear,Daylight,Dry,Non-Fatal Injury,Turning Movement,Passenger,45 to 49,,0, ,Other, , , , , , , , , ,0,0,1,0,0,0,0,1,0,1,1,0,0,0
977635,2007,7,3,11,1,1,43.76184538,-79.38679029,Don Valley West (25),25,St.Andrew-Windfields (40),40,D33,North York,BAYVIEW Ave,401 C E BAYVIEW RAMP E, ,Major Arterial,Intersection,At Intersection,Traffic Signal,Clear,Daylight,Dry,Non-Fatal Injury,Turning Movement,Vehicle Owner,unknown,,0, ,"Automobile, Station Wagon", , , , , , , , , ,0,0,1,0,0,0,0,1,0,1,1,0,0,0
977635,2007,7,3,11,1,1,43.76184538,-79.38679029,Don Valley West (25),25,St.Andrew-Windfields (40),40,D33,North York,BAYVIEW Ave,401 C E BAYVIEW RAMP E, ,Major Arterial,Intersection,At Intersection,Traffic Signal,Clear,Daylight,Dry,Non-Fatal Injury,Turning Movement,Driver,55 to 59,,0,North,"Automobile, Station Wagon",Stopped,Driving Properly,Normal, , , , , , ,0,0,1,0,0,0,0,1,0,1,1,0,0,0
977635,2007,7,3,11,1,1,43.76184538,-79.38679029,Don Valley West (25),25,St.Andrew-Windfields (40),40,D33,North York,BAYVIEW Ave,401 C E BAYVIEW RAMP E, ,Major Arterial,Intersection,At Intersection,Traffic Signal,Clear,Daylight,Dry,Non-Fatal Injury,Turning Movement,Driver,50 to 54,Minor,0,South,"Automobile, Station Wagon",Going Ahead,Disobeyed Traffic Control,Normal, , , , , , ,0,0,1,0,0,0,0,1,0,1,1,0,0,0
977635,2007,7,3,11,1,1,43.76184538,-79.38679029,Don Valley West (25),25,St.Andrew-Windfields (40),40,D33,North York,BAYVIEW Ave,401 C E BAYVIEW RAMP E, ,Major Arterial,Intersection,At Intersection,Traffic Signal,Clear,Daylight,Dry,Non-Fatal Injury,Turning Movement,Vehicle Owner,unknown,,0, ,Other, , , , , , , , , ,0,0,1,0,0,0,0,1,0,1,1,0,0,0
977635,2007,7,3,11,1,1,43.76184538,-79.38679029,Don Valley West (25),25,St.Andrew-Windfields (40),40,D33,North York,BAYVIEW Ave,401 C E BAYVIEW RAMP E, ,Major Arterial,Intersection,At Intersection,Traffic Signal,Clear,Daylight,Dry,Non-Fatal Injury,Turning Movement,Driver,45 to 49,,0,North,"Automobile, Station Wagon",Stopped,Driving Properly,Normal, , , , , , ,0,0,1,0,0,0,0,1,0,1,1,0,0,0
977635,2007,7,3,11,1,1,43.76184538,-79.38679029,Don Valley West (25),25,St.Andrew-Windfields (40),40,D33,North York,BAYVIEW Ave,401 C E BAYVIEW RAMP E, ,Major Arterial,Intersection,At Intersection,Traffic Signal,Clear,Daylight,Dry,Non-Fatal Injury,Turning Movement,Other Property Owner,unknown,,0, ,Other, , , , , , , , , ,0,0,1,0,0,0,0,1,0,1,1,0,0,0
957981,2007,1,26,11,2,4,43.66844538,-79.43899029,Davenport (18),18,Dovercourt-Wallace Emerson-Junction (93),93,D14,Toronto East York,DUFFERIN ST,DUPONT ST, ,Major Arterial,Intersection,At Intersection,Traffic Signal,Clear,Daylight,Dry,Non-Fatal Injury,Pedestrian Collisions,Pedestrian,55 to 59,Minor,0,South,Other, , , ,Vehicle turns right while ped crosses with ROW at inter.,Crossing with right of way,Normal, , , ,1,0,1,0,0,0,0,0,0,1,0,0,0,0
957981,2007,1,26,11,2,4,43.66844538,-79.43899029,Davenport (18),18,Dovercourt-Wallace Emerson-Junction (93),93,D14,Toronto East York,DUFFERIN ST,DUPONT ST, ,Major Arterial,Intersection,At Intersection,Traffic Signal,Clear,Daylight,Dry,Non-Fatal Injury,Pedestrian Collisions,Pedestrian,80 to 84,Major,0,South,Other, , , ,Vehicle turns right while ped crosses with ROW at inter.,Crossing with right of way,Normal, , , ,1,0,1,0,0,0,0,0,0,1,0,0,0,0
957981,2007,1,26,11,2,4,43.66844538,-79.43899029,Davenport (18),18,Dovercourt-Wallace Emerson-Junction (93),93,D14,Toronto East York,DUFFERIN ST,DUPONT ST, ,Major Arterial,Intersection,At Intersection,Traffic Signal,Clear,Daylight,Dry,Non-Fatal Injury,Pedestrian Collisions,Driver,70 to 74,,0,South,"Automobile, Station Wagon",Turning Right,Failed to Yield Right of Way,Inattentive, , , , , , ,1,0,1,0,0,0,0,0,0,1,0,0,0,0
968157,2007,5,7,11,3,0,43.65774538,-79.44579029,Davenport (18),18,Dovercourt-Wallace Emerson-Junction (93),93,D11,Toronto East York,1369 BLOOR ST W, , ,Major Arterial,Mid-Block, ,No Control,Clear,Daylight,Dry,Non-Fatal Injury,Pedestrian Collisions,Driver,60 to 64,,0,East,"Automobile, Station Wagon",Going Ahead,Driving Properly,Normal, , , , , , ,1,0,1,0,0,0,0,0,0,0,0,0,0,0
968157,2007,5,7,11,3,0,43.65774538,-79.44579029,Davenport (18),18,Dovercourt-Wallace Emerson-Junction (93),93,D11,Toronto East York,1369 BLOOR ST W, , ,Major Arterial,Mid-Block, ,No Control,Clear,Daylight,Dry,Non-Fatal Injury,Pedestrian Collisions,Pedestrian,75 to 79,Major,0,South,Other, , , ,Pedestrian hit at mid-block,Running onto Roadway,Unknown, , , ,1,0,1,0,0,0,0,0,0,0,0,0,0,0
1193686,2010,8,27,11,3,4,43.70704538,-79.39669029,St. Paul's (22),22,Mount Pleasant West (104),104,D53,Toronto East York,EGLINTON AVE E,HOLLY ST, ,Major Arterial,Intersection, ,No Control,Clear,Daylight,Dry,Non-Fatal Injury,Pedestrian Collisions,Truck Driver,45 to 49,,0,West,Truck - Open,Going Ahead,Speed too Fast For Condition,Inattentive, , , , , , ,1,0,0,0,1,0,0,0,1,1,0,0,0,0
1193686,2010,8,27,11,3,4,43.70704538,-79.39669029,St. Paul's (22),22,Mount Pleasant West (104),104,D53,Toronto East York,EGLINTON AVE E,HOLLY ST, ,Major Arterial,Intersection, ,No Control,Clear,Daylight,Dry,Non-Fatal Injury,Pedestrian Collisions,Other,unknown,,0, ,Other, , , , , , , , , ,1,0,0,0,1,0,0,0,1,1,0,0,0,0
1193686,2010,8,27,11,3,4,43.70704538,-79.39669029,St. Paul's (22),22,Mount Pleasant West (104),104,D53,Toronto East York,EGLINTON AVE E,HOLLY ST, ,Major Arterial,Intersection, ,No Control,Clear,Daylight,Dry,Non-Fatal Injury,Pedestrian Collisions,Pedestrian,40 to 44,Major,0,Unknown,Other, , , ,Pedestrian hit at mid-block,Playing or Working on Highway,Normal, , , ,1,0,0,0,1,0,0,0,1,1,0,0,0,0
5000359442,2015,3,2,11,4,0,43.78075751,-79.23347101,Scarborough Centre (38),38,Woburn (137),137,D43,Scarborough,MARKHAM RD,PROGRESS AVE, ,Major Arterial,Mid-Block,Non Intersection,No Control,Clear,Daylight,Dry,Non-Fatal Injury,Pedestrian Collisions,Truck Driver,20 to 24,Major,0,North,"Truck - Closed (Blazer, etc)",Going Ahead,Driving Properly,Normal, , , , , , ,1,0,0,0,1,0,0,0,0,0,0,0,0,0
5000359442,2015,3,2,11,4,0,43.78075751,-79.23347101,Scarborough Centre (38),38,Woburn (137),137,D43,Scarborough,MARKHAM RD,PROGRESS AVE, ,Major Arterial,Mid-Block,Non Intersection,No Control,Clear,Daylight,Dry,Non-Fatal Injury,Pedestrian Collisions,Pedestrian,15 to 19,,0,West, , , , ,Pedestrian hit at mid-block,Running onto Roadway,Inattentive, , , ,1,0,0,0,1,0,0,0,0,0,0,0,0,0
1036520,2008,5,5,11,5,0,43.75164538,-79.49559029,York Centre (9),9,York University Heights (27),27,D31,North York,GRANDRAVINE DR,SENTINEL RD, ,Collector,Intersection,At Intersection,Stop Sign,Clear,Daylight,Dry,Non-Fatal Injury,Pedestrian Collisions,Driver,70 to 74,,0,East,"Automobile, Station Wagon",Stopped,Driving Properly,Normal, , , , , , ,1,0,1,0,0,0,0,0,1,1,0,0,0,0
1036520,2008,5,5,11,5,0,43.75164538,-79.49559029,York Centre (9),9,York University Heights (27),27,D31,North York,GRANDRAVINE DR,SENTINEL RD, ,Collector,Intersection,At Intersection,Stop Sign,Clear,Daylight,Dry,Non-Fatal Injury,Pedestrian Collisions,Driver,55 to 59,,0,North,"Automobile, Station Wagon",Stopped,Driving Properly,Normal, , , , , , ,1,0,1,0,0,0,0,0,1,1,0,0,0,0
1036520,2008,5,5,11,5,0,43.75164538,-79.49559029,York Centre (9),9,York University Heights (27),27,D31,North York,GRANDRAVINE DR,SENTINEL RD, ,Collector,Intersection,At Intersection,Stop Sign,Clear,Daylight,Dry,Non-Fatal Injury,Pedestrian Collisions,Driver,70 to 74,,0,West,"Automobile, Station Wagon",Going Ahead,Disobeyed Traffic Control,Normal, , , , , , ,1,0,1,0,0,0,0,0,1,1,0,0,0,0
1036520,2008,5,5,11,5,0,43.75164538,-79.49559029,York Centre (9),9,York University Heights (27),27,D31,North York,GRANDRAVINE DR,SENTINEL RD, ,Collector,Intersection,At Intersection,Stop Sign,Clear,Daylight,Dry,Non-Fatal Injury,Pedestrian Collisions,Vehicle Owner,unknown, ,0, ,Other, , , , , , , , , ,1,0,1,0,0,0,0,0,1,1,0,0,0,0
1036520,2008,5,5,11,5,0,43.75164538,-79.49559029,York Centre (9),9,York University Heights (27),27,D31,North York,GRANDRAVINE DR,SENTINEL RD, ,Collector,Intersection,At Intersection,Stop Sign,Clear,Daylight,Dry,Non-Fatal Injury,Pedestrian Collisions,Pedestrian,75 to 79,Major,0, ,Other, , , ,Pedestrian hit on sidewalk or shoulder,On Sidewalk or Shoulder,Normal, , , ,1,0,1,0,0,0,0,0,1,1,0,0,0,0
1074072,2008,11,13,11,5,3,43.75994538,-79.31619029,Don Valley East (34),34,Parkwoods-Donalda (45),45,D33,Scarborough,VICTORIA PARK AVE,PAGET RD, ,Major Arterial,Intersection, ,No Control,Rain,Daylight,Wet,Non-Fatal Injury,Pedestrian Collisions,Vehicle Owner,unknown, ,0, ,Other, , , , , , , , , ,1,0,1,0,0,0,0,0,0,0,0,0,0,0
1074072,2008,11,13,11,5,3,43.75994538,-79.31619029,Don Valley East (34),34,Parkwoods-Donalda (45),45,D33,Scarborough,VICTORIA PARK AVE,PAGET RD, ,Major Arterial,Intersection, ,No Control,Rain,Daylight,Wet,Non-Fatal Injury,Pedestrian Collisions,Driver,30 to 34,,0,North,"Automobile, Station Wagon",Going Ahead,Driving Properly,Normal, , , , , , ,1,0,1,0,0,0,0,0,0,0,0,0,0,0
1074072,2008,11,13,11,5,3,43.75994538,-79.31619029,Don Valley East (34),34,Parkwoods-Donalda (45),45,D33,Scarborough,VICTORIA PARK AVE,PAGET RD, ,Major Arterial,Intersection, ,No Control,Rain,Daylight,Wet,Non-Fatal Injury,Pedestrian Collisions,Pedestrian,15 to 19,Major,0,West,Other, , , ,Vehicle is going straight thru inter.while ped cross without ROW,Running onto Roadway,Inattentive, , , ,1,0,1,0,0,0,0,0,0,0,0,0,0,0
1090371,2009,2,21,11,5,5,43.71114538,-79.39119029,St. Paul's (22),22,Mount Pleasant East (99),99,D53,North York,BROADWAY Aven,MOUNT PLEASANT Road, ,Major Arterial,Intersection,At Intersection,Traffic Signal,Clear,Daylight,Dry,Non-Fatal Injury,SMV Other,Driver,80 to 84,Major,0,West,"Automobile, Station Wagon",Going Ahead,Lost control,Medical or Physical Disability, , , , , , ,0,0,1,0,0,0,0,0,0,0,0,0,1,0
1349064,2013,3,2,11,7,5,43.82914538,-79.27609029,Scarborough-Rouge River (41),41,Milliken (130),130,D42,Scarborough,ENCHANTED HILLS Cres,WILDERNESS Dr, ,Local,Intersection,At Intersection,Stop Sign,Clear,Daylight,Dry,Non-Fatal Injury,Cyclist Collisions,Vehicle Owner,unknown, ,0, ,Other, , , , , , , , , ,0,1,1,0,0,0,0,0,0,0,0,0,0,0
1349064,2013,3,2,11,7,5,43.82914538,-79.27609029,Scarborough-Rouge River (41),41,Milliken (130),130,D42,Scarborough,ENCHANTED HILLS Cres,WILDERNESS Dr, ,Local,Intersection,At Intersection,Stop Sign,Clear,Daylight,Dry,Non-Fatal Injury,Cyclist Collisions,Driver,55 to 59,,0,East,"Automobile, Station Wagon",Turning Left,Improper Turn,Inattentive, , , , , , ,0,1,1,0,0,0,0,0,0,0,0,0,0,0
1349064,2013,3,2,11,7,5,43.82914538,-79.27609029,Scarborough-Rouge River (41),41,Milliken (130),130,D42,Scarborough,ENCHANTED HILLS Cres,WILDERNESS Dr, ,Local,Intersection,At Intersection,Stop Sign,Clear,Daylight,Dry,Non-Fatal Injury,Cyclist Collisions,Cyclist,55 to 59,Major,0,South,Bicycle,Going Ahead, , , , , ,Motorist turned left across cyclists path.,Driving Properly,Normal,0,1,1,0,0,0,0,0,0,0,0,0,0,0
5001724104,2015,10,6,11,7,1,43.69482763,-79.53213129,Etobicoke North (2),2,Humber Heights-Westmount (8),8,D23,Etobicoke York,ROYAL YORK RD,BRAECREST AVE,51 m South of,Minor Arterial,Mid-Block,Non Intersection,No Control,Clear,Daylight,Dry,Non-Fatal Injury,SMV Other,Driver,60 to 64,Major,0,South,"Automobile, Station Wagon",Changing Lanes,Lost control,Medical or Physical Disability, , , , , , ,0,0,1,0,0,0,0,0,1,1,0,0,1,0
1081545,2009,1,14,11,8,2,43.82074538,-79.29489029,Scarborough-Rouge River (41),41,Milliken (130),130,D42,Scarborough,PASSMORE AVE,MIDLAND AVE, ,Minor Arterial,Intersection,At Intersection,Traffic Signal,Clear,Daylight,Dry,Non-Fatal Injury,SMV Other,Driver,80 to 84,Major,0,East,"Automobile, Station Wagon",Going Ahead,Lost control,Medical or Physical Disability, , , , , , ,0,0,1,0,0,0,0,0,0,0,0,0,1,0
1153514,2010,2,18,11,8,3,43.72354538,-79.52129029,York West (7),7,Downsview-Roding-CFB (26),26,D31,Etobicoke York,JETHRO RD,MINNIE AVE, ,Local,Intersection, ,No Control,Clear,Daylight,Dry,Non-Fatal Injury,SMV Other,Driver,75 to 79,Major,0,North,"Automobile, Station Wagon",Going Ahead,Lost control,Unknown, , , , , , ,0,0,1,0,0,0,0,0,0,0,0,0,0,0
1153514,2010,2,18,11,8,3,43.72354538,-79.52129029,York West (7),7,Downsview-Roding-CFB (26),26,D31,Etobicoke York,JETHRO RD,MINNIE AVE, ,Local,Intersection, ,No Control,Clear,Daylight,Dry,Non-Fatal Injury,SMV Other,Other Property Owner,unknown, ,0, ,Other, , , , , , , , , ,0,0,1,0,0,0,0,0,0,0,0,0,0,0
1372794,2013,8,29,11,8,3,43.66046866,-79.43561182,Davenport (18),18,Dovercourt-Wallace Emerson-Junction (93),93,D14,Toronto East York,DUFFERIN ST,BLOOR ST W, ,Major Arterial,Mid-Block, ,No Control,Clear,Daylight,Dry,Non-Fatal Injury,SMV Other,Motorcycle Driver,45 to 49,Major,0,South,Motorcycle,Going Ahead,Lost control,Normal, , , , , , ,0,0,0,1,0,0,0,0,0,0,0,0,0,0
5000897044,2015,5,29,11,9,4,43.78924902,-79.34374628,Don Valley East (33),33,Don Valley Village (47),47,D33,North York,169 KINGSLAKE RD, , ,Collector,Intersection,At/Near Private Drive,No Control,Clear,Daylight,Dry,Non-Fatal Injury,Other,Driver,40 to 44,Major,0,East,"Automobile, Station Wagon",Reversing,Other,Inattentive, , , , , , ,0,0,1,0,0,0,0,0,0,0,0,0,0,0
6001813893,2016,10,12,11,9,2,43.67471274,-79.43097315,St. Paul's (21),21,Wychwood (94),94,D13,Toronto East York,DAVENPORT RD,OSSINGTON AVE, ,Minor Arterial,Intersection,Intersection Related,Traffic Signal,Clear,Daylight,Dry,Fatal,Pedestrian Collisions,Driver,50 to 54,,0,North,Pick Up Truck,Turning Left,Failed to Yield Right of Way,Inattentive, , , , , , ,1,0,1,0,0,0,0,0,0,1,0,0,0,1
6001813893,2016,10,12,11,9,2,43.67471274,-79.43097315,St. Paul's (21),21,Wychwood (94),94,D13,Toronto East York,DAVENPORT RD,OSSINGTON AVE, ,Minor Arterial,Intersection,Intersection Related,Traffic Signal,Clear,Daylight,Dry,Fatal,Pedestrian Collisions,Pedestrian,Over 95,Fatal,64,North, , , , ,Vehicle turns left while ped crosses with ROW at inter.,Crossing with right of way,Normal, , , ,1,0,1,0,0,0,0,0,0,1,0,0,0,1
993657,2007,9,5,11,10,2,43.77854538,-79.33799029,Don Valley East (33),33,Pleasant View (46),46,D33,North York,10 MUIRHEAD RD, , ,Local,Mid-Block, ,No Control,Clear,Daylight,Dry,Non-Fatal Injury,Turning Movement,Driver,20 to 24,Minimal,0,South,"Automobile, Station Wagon",Going Ahead,Driving Properly,Normal, , , , , , ,0,0,1,0,0,0,0,0,0,0,0,0,0,0