ACCNUM,YEAR,MONTH,DAY,HOUR,MINUTES,WEEKDAY,LATITUDE,LONGITUDE,Ward_Name,Ward_ID,Hood_Name,Hood_ID,Division,District,STREET1,STREET2,OFFSET,ROAD_CLASS,LOCCOORD,ACCLOC,TRAFFCTL,VISIBILITY,LIGHT,RDSFCOND,ACCLASS,IMPACTYPE,INVTYPE,INVAGE,INJURY,FATAL_NO,INITDIR,VEHTYPE,MANOEUVER,DRIVACT,DRIVCOND,PEDTYPE,PEDACT,PEDCOND,CYCLISTYPE,CYCACT,CYCCOND,PEDESTRIAN,CYCLIST,AUTOMOBILE,MOTORCYCLE,TRUCK,TRSN_CITY_VEH,EMERG_VEH,PASSENGER,SPEEDING,AG_DRIV,REDLIGHT,ALCOHOL,DISABILITY,label
993657,2007,9,5,11,10,2,43.77854538,-79.33799029,Don Valley East (33),33,Pleasant View (46),46,D33,North York,10 MUIRHEAD RD, , ,Local,Mid-Block, ,No Control,Clear,Daylight,Dry,Non-Fatal Injury,Turning Movement,Driver,65 to 69,Major,0,North,"Automobile, Station Wagon",Turning Left,Improper Turn,Normal, , , , , , ,0,0,1,0,0,0,0,0,0,0,0,0,0,0
1034749,2008,4,13,11,10,6,43.68424538,-79.48399029,York South-Weston (11),11,Mount Dennis (115),115,D12,Etobicoke York,LAMBTON AVE,WESTON RD, ,Minor Arterial,Intersection,At Intersection,Traffic Signal,Clear,Daylight,Dry,Non-Fatal Injury,Rear End,Driver,20 to 24,,0,East,"Automobile, Station Wagon",Slowing or Stopping,Following too Close,Inattentive, , , , , , ,0,0,1,0,0,0,0,1,0,1,0,0,0,0
1034749,2008,4,13,11,10,6,43.68424538,-79.48399029,York South-Weston (11),11,Mount Dennis (115),115,D12,Etobicoke York,LAMBTON AVE,WESTON RD, ,Minor Arterial,Intersection,At Intersection,Traffic Signal,Clear,Daylight,Dry,Non-Fatal Injury,Rear End,Passenger,35 to 39,Major,0, ,Other, , , , , , , , , ,0,0,1,0,0,0,0,1,0,1,0,0,0,0
1034749,2008,4,13,11,10,6,43.68424538,-79.48399029,York South-Weston (11),11,Mount Dennis (115),115,D12,Etobicoke York,LAMBTON AVE,WESTON RD, ,Minor Arterial,Intersection,At Intersection,Traffic Signal,Clear,Daylight,Dry,Non-Fatal Injury,Rear End,Vehicle Owner,unknown, ,0, ,Other, , , , , , , , , ,0,0,1,0,0,0,0,1,0,1,0,0,0,0
1034749,2008,4,13,11,10,6,43.68424538,-79.48399029,York South-Weston (11),11,Mount Dennis (115),115,D12,Etobicoke York,LAMBTON AVE,WESTON RD, ,Minor Arterial,Intersection,At Intersection,Traffic Signal,Clear,Daylight,Dry,Non-Fatal Injury,Rear End,Driver,40 to 44,,0,West,"Automobile, Station Wagon",Stopped,Driving Properly,Normal, , , , , , ,0,0,1,0,0,0,0,1,0,1,0,0,0,0
1052487,2008,7,16,11,10,2,43.77594538,-79.30659029,Scarborough-Agincourt (40),40,Tam O'Shanter-Sullivan (118),118,D42,Scarborough,WARDEN AVE,CASS AVE, ,Major Arterial,Intersection,At Intersection,Stop Sign,Clear,Daylight,Dry,Non-Fatal Injury,Turning Movement,Driver,55 to 59,Major,0,West,"Automobile, Station Wagon",Turning Left,Driving Properly,Normal, , , , , , ,0,0,1,0,0,0,0,0,1,1,0,0,0,0
1052487,2008,7,16,11,10,2,43.77594538,-79.30659029,Scarborough-Agincourt (40),40,Tam O'Shanter-Sullivan (118),118,D42,Scarborough,WARDEN AVE,CASS AVE, ,Major Arterial,Intersection,At Intersection,Stop Sign,Clear,Daylight,Dry,Non-Fatal Injury,Turning Movement,Vehicle Owner,unknown, ,0, ,Other, , , , , , , , , ,0,0,1,0,0,0,0,0,1,1,0,0,0,0
1052487,2008,7,16,11,10,2,43.77594538,-79.30659029,Scarborough-Agincourt (40),40,Tam O'Shanter-Sullivan (118),118,D42,Scarborough,WARDEN AVE,CASS AVE, ,Major Arterial,Intersection,At Intersection,Stop Sign,Clear,Daylight,Dry,Non-Fatal Injury,Turning Movement,Driver,15 to 19,,0,North,"Automobile, Station Wagon",Going Ahead,Speed too Fast For Condition,Inattentive, , , , , , ,0,0,1,0,0,0,0,0,1,1,0,0,0,0
1175068,2010,6,26,11,10,5,43.76864538,-79.18509029,Scarborough East (44),44,West Hill (136),136,D43,Scarborough,LAWRENCE AVE E,MORNINGSIDE AVE, ,Minor Arterial,Mid-Block,At Intersection,No Control,Other,Daylight,Wet,Non-Fatal Injury,Pedestrian Collisions,Driver,80 to 84,,0,East,"Automobile, Station Wagon",Going Ahead,Driving Properly,Normal, , , , , , ,1,0,1,0,0,0,0,0,0,0,0,0,0,0
1175068,2010,6,26,11,10,5,43.76864538,-79.18509029,Scarborough East (44),44,West Hill (136),136,D43,Scarborough,LAWRENCE AVE E,MORNINGSIDE AVE, ,Minor Arterial,Mid-Block,At Intersection,No Control,Other,Daylight,Wet,Non-Fatal Injury,Pedestrian Collisions,Pedestrian,70 to 74,Major,0,North,Other, , , ,Pedestrian hit at mid-block,"Crossing, no Traffic Control",Inattentive, , , ,1,0,1,0,0,0,0,0,0,0,0,0,0,0
1220029,2011,2,24,11,10,3,43.74114569,-79.21446619,Scarborough Southwest (36),36,Scarborough Village (139),139,D43,Scarborough,KINGSTON RD,BRINLOOR BLVD, ,Major Arterial,Intersection,At Intersection,Stop Sign,Rain,Daylight,Wet,Non-Fatal Injury,Turning Movement,Vehicle Owner,unknown, ,0, ,Other, , , , , , , , , ,0,0,1,0,0,0,0,1,0,0,0,0,0,0
1220029,2011,2,24,11,10,3,43.74114569,-79.21446619,Scarborough Southwest (36),36,Scarborough Village (139),139,D43,Scarborough,KINGSTON RD,BRINLOOR BLVD, ,Major Arterial,Intersection,At Intersection,Stop Sign,Rain,Daylight,Wet,Non-Fatal Injury,Turning Movement,Driver,60 to 64,,0,North,"Automobile, Station Wagon",Turning Left,Improper Turn,Normal, , , , , , ,0,0,1,0,0,0,0,1,0,0,0,0,0,0
1220029,2011,2,24,11,10,3,43.74114569,-79.21446619,Scarborough Southwest (36),36,Scarborough Village (139),139,D43,Scarborough,KINGSTON RD,BRINLOOR BLVD, ,Major Arterial,Intersection,At Intersection,Stop Sign,Rain,Daylight,Wet,Non-Fatal Injury,Turning Movement,Passenger,70 to 74,Major,0, ,Other, , , , , , , , , ,0,0,1,0,0,0,0,1,0,0,0,0,0,0
1220029,2011,2,24,11,10,3,43.74114569,-79.21446619,Scarborough Southwest (36),36,Scarborough Village (139),139,D43,Scarborough,KINGSTON RD,BRINLOOR BLVD, ,Major Arterial,Intersection,At Intersection,Stop Sign,Rain,Daylight,Wet,Non-Fatal Injury,Turning Movement,Vehicle Owner,unknown, ,0, ,Other, , , , , , , , , ,0,0,1,0,0,0,0,1,0,0,0,0,0,0
1220029,2011,2,24,11,10,3,43.74114569,-79.21446619,Scarborough Southwest (36),36,Scarborough Village (139),139,D43,Scarborough,KINGSTON RD,BRINLOOR BLVD, ,Major Arterial,Intersection,At Intersection,Stop Sign,Rain,Daylight,Wet,Non-Fatal Injury,Turning Movement,Driver,35 to 39,,0,East,"Automobile, Station Wagon",Going Ahead,Driving Properly,Normal, , , , , , ,0,0,1,0,0,0,0,1,0,0,0,0,0,0
1323889,2012,9,25,11,10,1,43.64824538,-79.38179029,Toronto Centre-Rosedale (28),28,Bay Street Corridor (76),76,D52,Toronto East York,KING Stre W,BAY Stre, ,Major Arterial,Mid-Block, ,No Control,Clear,Daylight,Dry,Non-Fatal Injury,Cyclist Collisions,Vehicle Owner,unknown, ,0, ,Other, , , , , , , , , ,0,1,1,0,0,0,0,0,0,1,0,0,0,0
1323889,2012,9,25,11,10,1,43.64824538,-79.38179029,Toronto Centre-Rosedale (28),28,Bay Street Corridor (76),76,D52,Toronto East York,KING Stre W,BAY Stre, ,Major Arterial,Mid-Block, ,No Control,Clear,Daylight,Dry,Non-Fatal Injury,Cyclist Collisions,Driver,45 to 49,,0,East,"Automobile, Station Wagon",Stopped,Failed to Yield Right of Way,Inattentive, , , , , , ,0,1,1,0,0,0,0,0,0,1,0,0,0,0
1323889,2012,9,25,11,10,1,43.64824538,-79.38179029,Toronto Centre-Rosedale (28),28,Bay Street Corridor (76),76,D52,Toronto East York,KING Stre W,BAY Stre, ,Major Arterial,Mid-Block, ,No Control,Clear,Daylight,Dry,Non-Fatal Injury,Cyclist Collisions,Cyclist,50 to 54,Major,0,East,Bicycle,Going Ahead, , , , , ,Cyclist struck opened vehicle door,Driving Properly,Normal,0,1,1,0,0,0,0,0,0,1,0,0,0,0
1355879,2013,4,10,11,10,2,43.81894538,-79.26739029,Scarborough-Rouge River (41),41,Milliken (130),130,D42,Scarborough,MCNICOLL Ave,WHITE HEATHER Blvd, ,Minor Arterial,Intersection,At Intersection,Stop Sign,Rain,Daylight,Wet,Non-Fatal Injury,Turning Movement,Driver,30 to 34,,0,East,"Automobile, Station Wagon",Going Ahead,Driving Properly,Normal, , , , , , ,0,0,1,0,0,0,0,1,1,1,0,0,0,0
1355879,2013,4,10,11,10,2,43.81894538,-79.26739029,Scarborough-Rouge River (41),41,Milliken (130),130,D42,Scarborough,MCNICOLL Ave,WHITE HEATHER Blvd, ,Minor Arterial,Intersection,At Intersection,Stop Sign,Rain,Daylight,Wet,Non-Fatal Injury,Turning Movement,Passenger,35 to 39,Major,0, ,Other, , , , , , , , , ,0,0,1,0,0,0,0,1,1,1,0,0,0,0
1355879,2013,4,10,11,10,2,43.81894538,-79.26739029,Scarborough-Rouge River (41),41,Milliken (130),130,D42,Scarborough,MCNICOLL Ave,WHITE HEATHER Blvd, ,Minor Arterial,Intersection,At Intersection,Stop Sign,Rain,Daylight,Wet,Non-Fatal Injury,Turning Movement,Driver,50 to 54,Minor,0,North,"Automobile, Station Wagon",Turning Left,Improper Turn,Inattentive, , , , , , ,0,0,1,0,0,0,0,1,1,1,0,0,0,0
178057130,2017,11,22,11,10,2,43.73013266,-79.38139735,Don Valley West (25),25,Bridle Path-Sunnybrook-York Mills (41),41,D53,North York,BAYVIEW AVE,LAWRENCE AVE E, ,Major Arterial,Mid-Block,Non Intersection,No Control,Clear,Daylight,Dry,Non-Fatal Injury,SMV Other,Driver,30 to 34,Major,0,South,"Automobile, Station Wagon",Going Ahead,Driving Properly,Normal, , , , , , ,0,0,1,0,0,0,0,0,0,0,0,0,0,0
1034570,2008,4,22,11,11,1,43.78804358,-79.14019404,Scarborough East (44),44,Rouge (131),131,D43,Scarborough,PORT UNION RD,RAVINE PARK CRES, ,Minor Arterial,Intersection,At Intersection,Stop Sign,Clear,Daylight,Dry,Non-Fatal Injury,Turning Movement,Motorcycle Driver,30 to 34,Major,0,North,Motorcycle,Going Ahead,Driving Properly,Normal, , , , , , ,0,0,1,1,0,0,0,0,0,0,0,0,0,0
1034570,2008,4,22,11,11,1,43.78804358,-79.14019404,Scarborough East (44),44,Rouge (131),131,D43,Scarborough,PORT UNION RD,RAVINE PARK CRES, ,Minor Arterial,Intersection,At Intersection,Stop Sign,Clear,Daylight,Dry,Non-Fatal Injury,Turning Movement,Vehicle Owner,unknown, ,0, , , , , , , , , , , ,0,0,1,1,0,0,0,0,0,0,0,0,0,0
1034570,2008,4,22,11,11,1,43.78804358,-79.14019404,Scarborough East (44),44,Rouge (131),131,D43,Scarborough,PORT UNION RD,RAVINE PARK CRES, ,Minor Arterial,Intersection,At Intersection,Stop Sign,Clear,Daylight,Dry,Non-Fatal Injury,Turning Movement,Driver,25 to 29,,0,West,"Automobile, Station Wagon",Turning Left,Improper Turn,Inattentive, , , , , , ,0,0,1,1,0,0,0,0,0,0,0,0,0,0
1055195,2008,8,26,11,11,1,43.73464538,-79.46599029,York Centre (9),9,Downsview-Roding-CFB (26),26,D32,North York,PLEWES RD,ANCASTER RD, ,Collector,Mid-Block, ,No Control,Clear,Daylight,Dry,Fatal,Pedestrian Collisions,Vehicle Owner,unknown, ,0, ,Other, , , , , , , , , ,1,0,1,0,0,0,0,0,0,0,0,0,0,1
1055195,2008,8,26,11,11,1,43.73464538,-79.46599029,York Centre (9),9,Downsview-Roding-CFB (26),26,D32,North York,PLEWES RD,ANCASTER RD, ,Collector,Mid-Block, ,No Control,Clear,Daylight,Dry,Fatal,Pedestrian Collisions,Driver,65 to 69,,0,East,"Automobile, Station Wagon",Reversing,Other,Unknown, , , , , , ,1,0,1,0,0,0,0,0,0,0,0,0,0,1
1055195,2008,8,26,11,11,1,43.73464538,-79.46599029,York Centre (9),9,Downsview-Roding-CFB (26),26,D32,North York,PLEWES RD,ANCASTER RD, ,Collector,Mid-Block, ,No Control,Clear,Daylight,Dry,Fatal,Pedestrian Collisions,Pedestrian,75 to 79,Fatal,37,South,Other, , , ,Vehicle is reversing and hits pedestrian,Other,Unknown, , , ,1,0,1,0,0,0,0,0,0,0,0,0,0,1
1263764,2011,11,10,11,11,3,43.68234538,-79.36239029,Toronto-Danforth (29),29,Broadview North (57),57,D54,Toronto East York,DON VALLEY PARKWAY  S,BAYVIEW BLOOR DVP RAMP, ,Expressway,Mid-Block, ,No Control,Clear,Daylight,Dry,Fatal,SMV Other,Vehicle Owner,unknown, ,0, ,Other, , , , , , , , , ,0,0,1,0,0,0,0,1,1,1,0,0,1,1
1263764,2011,11,10,11,11,3,43.68234538,-79.36239029,Toronto-Danforth (29),29,Broadview North (57),57,D54,Toronto East York,DON VALLEY PARKWAY  S,BAYVIEW BLOOR DVP RAMP, ,Expressway,Mid-Block, ,No Control,Clear,Daylight,Dry,Fatal,SMV Other,Driver,50 to 54,,0,South,Other,Going Ahead,Driving Properly,Normal, , , , , , ,0,0,1,0,0,0,0,1,1,1,0,0,1,1
1263764,2011,11,10,11,11,3,43.68234538,-79.36239029,Toronto-Danforth (29),29,Broadview North (57),57,D54,Toronto East York,DON VALLEY PARKWAY  S,BAYVIEW BLOOR DVP RAMP, ,Expressway,Mid-Block, ,No Control,Clear,Daylight,Dry,Fatal,SMV Other,Driver,40 to 44,,0,North,"Automobile, Station Wagon",Going Ahead,Driving Properly,Normal, , , , , , ,0,0,1,0,0,0,0,1,1,1,0,0,1,1
1263764,2011,11,10,11,11,3,43.68234538,-79.36239029,Toronto-Danforth (29),29,Broadview North (57),57,D54,Toronto East York,DON VALLEY PARKWAY  S,BAYVIEW BLOOR DVP RAMP, ,Expressway,Mid-Block, ,No Control,Clear,Daylight,Dry,Fatal,SMV Other,Driver,75 to 79,Fatal,31,South,"Automobile, Station Wagon",Going Ahead,Lost control,Medical or Physical Disability, , , , , , ,0,0,1,0,0,0,0,1,1,1,0,0,1,1
1263764,2011,11,10,11,11,3,43.68234538,-79.36239029,Toronto-Danforth (29),29,Broadview North (57),57,D54,Toronto East York,DON VALLEY PARKWAY  S,BAYVIEW BLOOR DVP RAMP, ,Expressway,Mid-Block, ,No Control,Clear,Daylight,Dry,Fatal,SMV Other,Vehicle Owner,unknown, ,0, ,Other, , , , , , , , , ,0,0,1,0,0,0,0,1,1,1,0,0,1,1
1263764,2011,11,10,11,11,3,43.68234538,-79.36239029,Toronto-Danforth (29),29,Broadview North (57),57,D54,Toronto East York,DON VALLEY PARKWAY  S,BAYVIEW BLOOR DVP RAMP, ,Expressway,Mid-Block, ,No Control,Clear,Daylight,Dry,Fatal,SMV Other,Passenger,55 to 59,,0, ,Other, , , , , , , , , ,0,0,1,0,0,0,0,1,1,1,0,0,1,1
1263764,2011,11,10,11,11,3,43.68234538,-79.36239029,Toronto-Danforth (29),29,Broadview North (57),57,D54,Toronto East York,DON VALLEY PARKWAY  S,BAYVIEW BLOOR DVP RAMP, ,Expressway,Mid-Block, ,No Control,Clear,Daylight,Dry,Fatal,SMV Other,Driver,50 to 54,,0,South,"Automobile, Station Wagon",Going Ahead,Driving Properly,Normal, , , , , , ,0,0,1,0,0,0,0,1,1,1,0,0,1,1
7000868429,2017,5,17,11,34,2,43.74317938,-79.21887629,Scarborough Southwest (36),36,Scarborough Village (139),139,D43,Scarborough,MARKHAM RD,EGLINTON AVE E, ,Major Arterial,Intersection,At Intersection,Traffic Signal,Clear,Daylight,Dry,Non-Fatal Injury,Pedestrian Collisions,Pedestrian,50 to 54,Major,0, , , , , , , ,Normal, , , ,1,0,0,0,1,0,0,0,0,1,0,0,0,0
977784,2007,5,16,11,45,2,43.65924538,-79.44299029,Davenport (18),18,Dovercourt-Wallace Emerson-Junction (93),93,D11,Toronto East York,LANSDOWNE AVE,WADE AVE, ,Minor Arterial,Intersection,At Intersection,Stop Sign,Rain,Daylight,Wet,Non-Fatal Injury,Pedestrian Collisions,Driver,55 to 59,,0,East,"Automobile, Station Wagon",Turning Left,Failed to Yield Right of Way,Normal, , , , , , ,1,0,1,0,0,0,0,0,0,1,0,0,0,0
1179395,2010,6,2,11,15,2,43.83654538,-79.25119029,Scarborough-Rouge River (41),41,Milliken (130),130,D42,Scarborough,MARKHAM RD,STEELES AVE E, ,Major Arterial,Intersection,At Intersection,Traffic Signal,Clear,Daylight,Dry,Non-Fatal Injury,Angle,Vehicle Owner,unknown, ,0, ,Other, , , , , , , , , ,0,0,1,0,0,0,0,0,0,1,0,0,0,0
7000983227,2017,6,3,11,34,5,43.70626791,-79.25125513,Scarborough Southwest (36),36,Birchcliffe-Cliffside (122),122,D41,Scarborough,RIDGEMOOR AVE,KINGSTON RD, ,Major Arterial,Intersection,At Intersection,Traffic Signal,Clear,Daylight,Dry,Fatal,Pedestrian Collisions,Driver,55 to 59,,0,North,"Automobile, Station Wagon",Turning Left,Failed to Yield Right of Way,Inattentive, , , , , , ,1,0,1,0,0,0,0,0,0,1,0,0,0,1
1179395,2010,6,2,11,15,2,43.83654538,-79.25119029,Scarborough-Rouge River (41),41,Milliken (130),130,D42,Scarborough,MARKHAM RD,STEELES AVE E, ,Major Arterial,Intersection,At Intersection,Traffic Signal,Clear,Daylight,Dry,Non-Fatal Injury,Angle,Driver,40 to 44,,0,East,"Automobile, Station Wagon",Going Ahead,Failed to Yield Right of Way,Normal, , , , , , ,0,0,1,0,0,0,0,0,0,1,0,0,0,0
1179395,2010,6,2,11,15,2,43.83654538,-79.25119029,Scarborough-Rouge River (41),41,Milliken (130),130,D42,Scarborough,MARKHAM RD,STEELES AVE E, ,Major Arterial,Intersection,At Intersection,Traffic Signal,Clear,Daylight,Dry,Non-Fatal Injury,Angle,Driver,35 to 39,Major,0,North,"Automobile, Station Wagon",Going Ahead,Driving Properly,Normal, , , , , , ,0,0,1,0,0,0,0,0,0,1,0,0,0,0
1234453,2011,5,23,11,15,0,43.77523382,-79.32300959,Scarborough-Agincourt (40),40,Tam O'Shanter-Sullivan (118),118,D42,Scarborough,VICTORIA PARK AVE,SHEPPARD AVE E, ,Major Arterial,Intersection,At Intersection,Traffic Signal,Clear,Daylight,Dry,Non-Fatal Injury,Angle,Vehicle Owner,unknown, ,0, ,Other, , , , , , , , , ,0,0,1,0,0,0,0,0,0,1,1,0,0,0
1234453,2011,5,23,11,15,0,43.77523382,-79.32300959,Scarborough-Agincourt (40),40,Tam O'Shanter-Sullivan (118),118,D42,Scarborough,VICTORIA PARK AVE,SHEPPARD AVE E, ,Major Arterial,Intersection,At Intersection,Traffic Signal,Clear,Daylight,Dry,Non-Fatal Injury,Angle,Driver,35 to 39,,0,North,"Automobile, Station Wagon",Going Ahead,Driving Properly,Normal, , , , , , ,0,0,1,0,0,0,0,0,0,1,1,0,0,0
1234453,2011,5,23,11,15,0,43.77523382,-79.32300959,Scarborough-Agincourt (40),40,Tam O'Shanter-Sullivan (118),118,D42,Scarborough,VICTORIA PARK AVE,SHEPPARD AVE E, ,Major Arterial,Intersection,At Intersection,Traffic Signal,Clear,Daylight,Dry,Non-Fatal Injury,Angle,Driver,25 to 29,,0,North,"Automobile, Station Wagon",Going Ahead,Driving Properly,Normal, , , , , , ,0,0,1,0,0,0,0,0,0,1,1,0,0,0
1234453,2011,5,23,11,15,0,43.77523382,-79.32300959,Scarborough-Agincourt (40),40,Tam O'Shanter-Sullivan (118),118,D42,Scarborough,VICTORIA PARK AVE,SHEPPARD AVE E, ,Major Arterial,Intersection,At Intersection,Traffic Signal,Clear,Daylight,Dry,Non-Fatal Injury,Angle,Driver,45 to 49,Major,0,West,"Automobile, Station Wagon",Going Ahead,Disobeyed Traffic Control,Normal, , , , , , ,0,0,1,0,0,0,0,0,0,1,1,0,0,0
1372437,2013,6,20,11,15,3,43.68374538,-79.41509029,St. Paul's (21),21,Casa Loma (96),96,D13,Toronto East York,ST CLAIR AVE W,WELLS HILL AVE, ,Major Arterial,Mid-Block, ,No Control,Clear,Daylight,Dry,Non-Fatal Injury,Pedestrian Collisions,Vehicle Owner,unknown, ,0, ,Other, , , , , , , , , ,1,0,1,0,0,0,0,0,0,0,0,0,0,0
1372437,2013,6,20,11,15,3,43.68374538,-79.41509029,St. Paul's (21),21,Casa Loma (96),96,D13,Toronto East York,ST CLAIR AVE W,WELLS HILL AVE, ,Major Arterial,Mid-Block, ,No Control,Clear,Daylight,Dry,Non-Fatal Injury,Pedestrian Collisions,Driver,50 to 54,,0,West,"Automobile, Station Wagon",Changing Lanes,Improper Lane Change,Normal, , , , , , ,1,0,1,0,0,0,0,0,0,0,0,0,0,0
1372437,2013,6,20,11,15,3,43.68374538,-79.41509029,St. Paul's (21),21,Casa Loma (96),96,D13,Toronto East York,ST CLAIR AVE W,WELLS HILL AVE, ,Major Arterial,Mid-Block, ,No Control,Clear,Daylight,Dry,Non-Fatal Injury,Pedestrian Collisions,Pedestrian,45 to 49,Major,0,West,Other, , , ,Pedestrian hit at mid-block,Person Getting on/off Vehicle,Normal, , , ,1,0,1,0,0,0,0,0,0,0,0,0,0,0
4002874669,2014,9,9,11,15,1,43.66324194,-79.46764002,Parkdale-High Park (13),13,Junction Area (90),90,D11,Etobicoke York,ANNETTE ST,PACIFIC AVE, ,Minor Arterial,Intersection,At Intersection,Traffic Signal,Clear,Daylight,Dry,Non-Fatal Injury,Pedestrian Collisions,Driver,55 to 59,,0,South,Delivery Van,Turning Left,Failed to Yield Right of Way,Normal, , , , , , ,1,0,1,0,0,0,0,0,0,1,0,0,0,0
4002874669,2014,9,9,11,15,1,43.66324194,-79.46764002,Parkdale-High Park (13),13,Junction Area (90),90,D11,Etobicoke York,ANNETTE ST,PACIFIC AVE, ,Minor Arterial,Intersection,At Intersection,Traffic Signal,Clear,Daylight,Dry,Non-Fatal Injury,Pedestrian Collisions,Pedestrian,80 to 84,Major,0,North, , , , ,Vehicle turns left while ped crosses with ROW at inter.,Crossing with right of way,Normal, , , ,1,0,1,0,0,0,0,0,0,1,0,0,0,0
6001974222,2016,11,6,11,55,6,43.64815863,-79.50774775,Etobicoke-Lakeshore (5),5,Stonegate-Queensway (16),16,D22,Etobicoke York,BLOOR ST W,GRENVIEW BLVD N, ,Major Arterial,Intersection,At Intersection,Stop Sign,Clear,Daylight,Dry,Fatal,Pedestrian Collisions,Driver,25 to 29,,0,South,Pick Up Truck,Turning Right,Failed to Yield Right of Way,Normal, , , , , , ,1,0,1,0,0,0,0,0,0,1,0,0,0,1
977784,2007,5,16,11,45,2,43.65924538,-79.44299029,Davenport (18),18,Dovercourt-Wallace Emerson-Junction (93),93,D11,Toronto East York,LANSDOWNE AVE,WADE AVE, ,Minor Arterial,Intersection,At Intersection,Stop Sign,Rain,Daylight,Wet,Non-Fatal Injury,Pedestrian Collisions,Pedestrian,65 to 69,Major,0,West,Other, , , ,Vehicle turns left while ped crosses with ROW at inter.,Crossing with right of way,Normal, , , ,1,0,1,0,0,0,0,0,0,1,0,0,0,0
5000852729,2015,5,22,11,15,4,43.67819937,-79.34827051,Toronto-Danforth (30),30,North Riverdale (68),68,D55,Toronto East York,DANFORTH AVE,FERRIER AVE, ,Major Arterial,Intersection,Intersection Related,No Control,Clear,Daylight,Dry,Non-Fatal Injury,Rear End,Driver,35 to 39,,0,West,"Automobile, Station Wagon",Going Ahead,Following too Close,Normal, , , , , , ,0,0,1,0,0,0,0,1,0,1,0,0,1,0
5000852729,2015,5,22,11,15,4,43.67819937,-79.34827051,Toronto-Danforth (30),30,North Riverdale (68),68,D55,Toronto East York,DANFORTH AVE,FERRIER AVE, ,Major Arterial,Intersection,Intersection Related,No Control,Clear,Daylight,Dry,Non-Fatal Injury,Rear End,Driver,45 to 49,Major,0,West,Pick Up Truck,Slowing or Stopping,Other,Medical or Physical Disability, , , , , , ,0,0,1,0,0,0,0,1,0,1,0,0,1,0
5000852729,2015,5,22,11,15,4,43.67819937,-79.34827051,Toronto-Danforth (30),30,North Riverdale (68),68,D55,Toronto East York,DANFORTH AVE,FERRIER AVE, ,Major Arterial,Intersection,Intersection Related,No Control,Clear,Daylight,Dry,Non-Fatal Injury,Rear End,Passenger,0 to 4,,0, , , , , , , , , , , ,0,0,1,0,0,0,0,1,0,1,0,0,1,0
5000852729,2015,5,22,11,15,4,43.67819937,-79.34827051,Toronto-Danforth (30),30,North Riverdale (68),68,D55,Toronto East York,DANFORTH AVE,FERRIER AVE, ,Major Arterial,Intersection,Intersection Related,No Control,Clear,Daylight,Dry,Non-Fatal Injury,Rear End,Passenger,0 to 4,,0, , , , , , , , , , , ,0,0,1,0,0,0,0,1,0,1,0,0,1,0
5001281908,2015,7,27,11,15,0,43.78947409,-79.32355128,Scarborough-Agincourt (40),40,L'Amoreaux (117),117,D42,Scarborough,PHARMACY AVE,CORINTHIAN BLVD, ,Minor Arterial,Intersection,Intersection Related,Traffic Signal,Clear,Daylight,Dry,Non-Fatal Injury,Turning Movement,Driver,70 to 74,Major,0,North,"Automobile, Station Wagon",Making U Turn,Improper Turn,Medical or Physical Disability, , , , , , ,0,0,1,0,0,0,0,0,0,0,0,0,1,0
5001281908,2015,7,27,11,15,0,43.78947409,-79.32355128,Scarborough-Agincourt (40),40,L'Amoreaux (117),117,D42,Scarborough,PHARMACY AVE,CORINTHIAN BLVD, ,Minor Arterial,Intersection,Intersection Related,Traffic Signal,Clear,Daylight,Dry,Non-Fatal Injury,Turning Movement,Driver,30 to 34,,0,North,"Automobile, Station Wagon",Going Ahead,Driving Properly,Normal, , , , , , ,0,0,1,0,0,0,0,0,0,0,0,0,1,0
1088222,2009,1,12,11,16,0,43.72604538,-79.31349029,Don Valley East (34),34,Victoria Village (43),43,D33,North York,EGLINTON AVE E,SLOANE AVE, ,Major Arterial,Intersection, ,Traffic Signal,Clear,Daylight,Dry,Non-Fatal Injury,Pedestrian Collisions,Driver,50 to 54,,0,South,"Automobile, Station Wagon",Turning Left,Failed to Yield Right of Way,Inattentive, , , , , , ,1,0,1,0,0,0,0,0,0,1,0,0,0,0
1088222,2009,1,12,11,16,0,43.72604538,-79.31349029,Don Valley East (34),34,Victoria Village (43),43,D33,North York,EGLINTON AVE E,SLOANE AVE, ,Major Arterial,Intersection, ,Traffic Signal,Clear,Daylight,Dry,Non-Fatal Injury,Pedestrian Collisions,Pedestrian,40 to 44,Major,0,North,Other, , , ,Vehicle turns left while ped crosses with ROW at inter.,Crossing with right of way,Normal, , , ,1,0,1,0,0,0,0,0,0,1,0,0,0,0
1189642,2010,8,12,11,16,3,43.73554538,-79.25319029,Scarborough Southwest (35),35,Kennedy Park (124),124,D41,Scarborough,EGLINTON Ave E,GILDER Dr, ,Major Arterial,Intersection,At Intersection,Traffic Signal,Clear,Daylight,Dry,Non-Fatal Injury,Rear End,Passenger,70 to 74,Minimal,0, ,Other, , , , , , , , , ,0,0,1,0,0,1,0,1,0,1,0,0,0,0
1189642,2010,8,12,11,16,3,43.73554538,-79.25319029,Scarborough Southwest (35),35,Kennedy Park (124),124,D41,Scarborough,EGLINTON Ave E,GILDER Dr, ,Major Arterial,Intersection,At Intersection,Traffic Signal,Clear,Daylight,Dry,Non-Fatal Injury,Rear End,Driver,55 to 59,Major,0,West,"Automobile, Station Wagon",Stopped,Driving Properly,Normal, , , , , , ,0,0,1,0,0,1,0,1,0,1,0,0,0,0