ACCNUM,YEAR,MONTH,DAY,HOUR,MINUTES,WEEKDAY,LATITUDE,LONGITUDE,Ward_Name,Ward_ID,Hood_Name,Hood_ID,Division,District,STREET1,STREET2,OFFSET,ROAD_CLASS,LOCCOORD,ACCLOC,TRAFFCTL,VISIBILITY,LIGHT,RDSFCOND,ACCLASS,IMPACTYPE,INVTYPE,INVAGE,INJURY,FATAL_NO,INITDIR,VEHTYPE,MANOEUVER,DRIVACT,DRIVCOND,PEDTYPE,PEDACT,PEDCOND,CYCLISTYPE,CYCACT,CYCCOND,PEDESTRIAN,CYCLIST,AUTOMOBILE,MOTORCYCLE,TRUCK,TRSN_CITY_VEH,EMERG_VEH,PASSENGER,SPEEDING,AG_DRIV,REDLIGHT,ALCOHOL,DISABILITY,label
1189642,2010,8,12,11,16,3,43.73554538,-79.25319029,Scarborough Southwest (35),35,Kennedy Park (124),124,D41,Scarborough,EGLINTON Ave E,GILDER Dr, ,Major Arterial,Intersection,At Intersection,Traffic Signal,Clear,Daylight,Dry,Non-Fatal Injury,Rear End,Passenger,5 to 9,Major,0, ,Other, , , , , , , , , ,0,0,1,0,0,1,0,1,0,1,0,0,0,0
1189642,2010,8,12,11,16,3,43.73554538,-79.25319029,Scarborough Southwest (35),35,Kennedy Park (124),124,D41,Scarborough,EGLINTON Ave E,GILDER Dr, ,Major Arterial,Intersection,At Intersection,Traffic Signal,Clear,Daylight,Dry,Non-Fatal Injury,Rear End,Vehicle Owner,unknown, ,0, ,Other, , , , , , , , , ,0,0,1,0,0,1,0,1,0,1,0,0,0,0
1189642,2010,8,12,11,16,3,43.73554538,-79.25319029,Scarborough Southwest (35),35,Kennedy Park (124),124,D41,Scarborough,EGLINTON Ave E,GILDER Dr, ,Major Arterial,Intersection,At Intersection,Traffic Signal,Clear,Daylight,Dry,Non-Fatal Injury,Rear End,Driver,55 to 59,,0,West,Municipal Transit Bus (TTC),Slowing or Stopping,Following too Close,Normal, , , , , , ,0,0,1,0,0,1,0,1,0,1,0,0,0,0
1372188,2013,6,19,11,17,2,43.80849798,-79.37249384,Willowdale (24),24,Bayview Woods-Steeles (49),49,D33,North York,STEELES AVE E,LESLIE ST, ,Major Arterial,Intersection,At Intersection,Traffic Signal,Clear,Daylight,Dry,Non-Fatal Injury,Turning Movement,Vehicle Owner,unknown, ,0, ,Other, , , , , , , , , ,0,0,1,0,1,0,0,0,0,0,0,0,0,0
1372188,2013,6,19,11,17,2,43.80849798,-79.37249384,Willowdale (24),24,Bayview Woods-Steeles (49),49,D33,North York,STEELES AVE E,LESLIE ST, ,Major Arterial,Intersection,At Intersection,Traffic Signal,Clear,Daylight,Dry,Non-Fatal Injury,Turning Movement,Truck Driver,25 to 29,Minimal,0,East,Truck - Open,Going Ahead,Driving Properly,Normal, , , , , , ,0,0,1,0,1,0,0,0,0,0,0,0,0,0
1372188,2013,6,19,11,17,2,43.80849798,-79.37249384,Willowdale (24),24,Bayview Woods-Steeles (49),49,D33,North York,STEELES AVE E,LESLIE ST, ,Major Arterial,Intersection,At Intersection,Traffic Signal,Clear,Daylight,Dry,Non-Fatal Injury,Turning Movement,Driver,70 to 74,Major,0,West,"Automobile, Station Wagon",Turning Left,Improper Turn,Inattentive, , , , , , ,0,0,1,0,1,0,0,0,0,0,0,0,0,0
1372188,2013,6,19,11,17,2,43.80849798,-79.37249384,Willowdale (24),24,Bayview Woods-Steeles (49),49,D33,North York,STEELES AVE E,LESLIE ST, ,Major Arterial,Intersection,At Intersection,Traffic Signal,Clear,Daylight,Dry,Non-Fatal Injury,Turning Movement,Other,unknown,,0, ,Other, , , , , , , , , ,0,0,1,0,1,0,0,0,0,0,0,0,0,0
6000362720,2016,3,1,11,17,1,43.67981299,-79.41697321,St. Paul's (21),21,Casa Loma (96),96,D13,Toronto East York,BATHURST ST,NINA ST, ,Major Arterial,Intersection,Intersection Related,Traffic Signal,Snow,Daylight,Loose Snow,Non-Fatal Injury,Pedestrian Collisions,Driver,45 to 49,,0,South,"Automobile, Station Wagon",Going Ahead,Disobeyed Traffic Control,Inattentive, , , , , , ,1,0,1,0,0,0,0,1,0,1,1,0,0,0
6000362720,2016,3,1,11,17,1,43.67981299,-79.41697321,St. Paul's (21),21,Casa Loma (96),96,D13,Toronto East York,BATHURST ST,NINA ST, ,Major Arterial,Intersection,Intersection Related,Traffic Signal,Snow,Daylight,Loose Snow,Non-Fatal Injury,Pedestrian Collisions,Passenger,75 to 79,,0, , , , , , , , , , , ,1,0,1,0,0,0,0,1,0,1,1,0,0,0
6000362720,2016,3,1,11,17,1,43.67981299,-79.41697321,St. Paul's (21),21,Casa Loma (96),96,D13,Toronto East York,BATHURST ST,NINA ST, ,Major Arterial,Intersection,Intersection Related,Traffic Signal,Snow,Daylight,Loose Snow,Non-Fatal Injury,Pedestrian Collisions,Pedestrian,40 to 44,Major,0,Unknown, , , , ,Vehicle is going straight thru inter.while ped cross with ROW,Crossing with right of way,Normal, , , ,1,0,1,0,0,0,0,1,0,1,1,0,0,0
6001813950,2016,10,12,11,17,2,43.73451956,-79.2580987,Scarborough Southwest (35),35,Kennedy Park (124),124,D41,Scarborough,EGLINTON AVE E,MIDLAND AVE, ,Major Arterial,Intersection,Intersection Related,Traffic Signal,Clear,Daylight,Dry,Fatal,Pedestrian Collisions,Pedestrian,40 to 44,Fatal,63,Unknown, , , , ,Pedestrian hit at mid-block,Playing or Working on Highway,Normal, , , ,1,0,1,0,0,0,0,0,0,1,1,0,0,1
6001813950,2016,10,12,11,17,2,43.73451956,-79.2580987,Scarborough Southwest (35),35,Kennedy Park (124),124,D41,Scarborough,EGLINTON AVE E,MIDLAND AVE, ,Major Arterial,Intersection,Intersection Related,Traffic Signal,Clear,Daylight,Dry,Fatal,Pedestrian Collisions,Driver,unknown,,0,East,"Automobile, Station Wagon",Going Ahead,Disobeyed Traffic Control,Unknown, , , , , , ,1,0,1,0,0,0,0,0,0,1,1,0,0,1
1146740,2010,1,9,11,19,5,43.70714538,-79.44309029,Eglinton-Lawrence (15),15,Yorkdale-Glen Park (31),31,D13,North York,MARLEE AVE,VIEWMOUNT AVE, ,Minor Arterial,Intersection, ,Pedestrian Crossover,Clear,Daylight,Other,Non-Fatal Injury,Pedestrian Collisions,Driver,65 to 69,,0,South,"Automobile, Station Wagon",Going Ahead,Failed to Yield Right of Way,Unknown, , , , , , ,1,0,1,0,0,0,0,0,0,1,0,0,0,0
1146740,2010,1,9,11,19,5,43.70714538,-79.44309029,Eglinton-Lawrence (15),15,Yorkdale-Glen Park (31),31,D13,North York,MARLEE AVE,VIEWMOUNT AVE, ,Minor Arterial,Intersection, ,Pedestrian Crossover,Clear,Daylight,Other,Non-Fatal Injury,Pedestrian Collisions,Pedestrian,90 to 94,Major,0,East,Other, , , ,Pedestrian hit a PXO/ped. Mid-block signal,"Crossing, Pedestrian Crossover",Unknown, , , ,1,0,1,0,0,0,0,0,0,1,0,0,0,0
4002274575,2014,6,12,11,19,3,43.76450689999999,-79.38747797,Willowdale (24),24,Bayview Village (52),52,D33,North York,BAYVIEW AVE,401 C W BAYVIEW RAMP, ,Major Arterial,Intersection,At Intersection,Traffic Signal,Clear,Daylight,Dry,Non-Fatal Injury,Turning Movement,Driver,50 to 54,,0,North,Delivery Van,Going Ahead,Disobeyed Traffic Control,Normal, , , , , , ,0,0,1,0,0,0,0,1,0,1,1,0,0,0
4002274575,2014,6,12,11,19,3,43.76450689999999,-79.38747797,Willowdale (24),24,Bayview Village (52),52,D33,North York,BAYVIEW AVE,401 C W BAYVIEW RAMP, ,Major Arterial,Intersection,At Intersection,Traffic Signal,Clear,Daylight,Dry,Non-Fatal Injury,Turning Movement,Driver,50 to 54,Major,0,West,"Automobile, Station Wagon",Turning Left,Driving Properly,Normal, , , , , , ,0,0,1,0,0,0,0,1,0,1,1,0,0,0
4002274575,2014,6,12,11,19,3,43.76450689999999,-79.38747797,Willowdale (24),24,Bayview Village (52),52,D33,North York,BAYVIEW AVE,401 C W BAYVIEW RAMP, ,Major Arterial,Intersection,At Intersection,Traffic Signal,Clear,Daylight,Dry,Non-Fatal Injury,Turning Movement,Passenger,85 to 89,Major,0, , , , , , , , , , , ,0,0,1,0,0,0,0,1,0,1,1,0,0,0
957028,2007,2,3,11,20,5,43.68564538,-79.31279029,Beaches-East York (32),32,Woodbine Corridor (64),64,D55,Toronto East York,DANFORTH AVE,WOODBINE AVE, ,Major Arterial,Intersection,At Intersection,Traffic Signal,Clear,Daylight,Dry,Non-Fatal Injury,Pedestrian Collisions,Pedestrian,50 to 54,Major,0,North,Other, , , ,Vehicle turns left while ped crosses with ROW at inter.,Crossing with right of way,Normal, , , ,1,0,1,0,0,0,0,0,0,0,0,0,0,0
957028,2007,2,3,11,20,5,43.68564538,-79.31279029,Beaches-East York (32),32,Woodbine Corridor (64),64,D55,Toronto East York,DANFORTH AVE,WOODBINE AVE, ,Major Arterial,Intersection,At Intersection,Traffic Signal,Clear,Daylight,Dry,Non-Fatal Injury,Pedestrian Collisions,Driver,60 to 64,,0,South,"Automobile, Station Wagon",Turning Left,Improper Turn,Inattentive, , , , , , ,1,0,1,0,0,0,0,0,0,0,0,0,0,0
977612,2007,7,2,11,20,0,43.70014532,-79.51619349,York South-Weston (11),11,Weston (113),113,D12,Etobicoke York,WESTON RD,LAWRENCE AVE W, ,Major Arterial,Intersection,At Intersection,Traffic Signal,Clear,Daylight,Dry,Non-Fatal Injury,Cyclist Collisions,Driver,80 to 84,Minimal,0,West,"Automobile, Station Wagon",Turning Right,Driving Properly,Inattentive, , , , , , ,0,1,1,0,0,0,0,0,0,0,0,0,0,0
977612,2007,7,2,11,20,0,43.70014532,-79.51619349,York South-Weston (11),11,Weston (113),113,D12,Etobicoke York,WESTON RD,LAWRENCE AVE W, ,Major Arterial,Intersection,At Intersection,Traffic Signal,Clear,Daylight,Dry,Non-Fatal Injury,Cyclist Collisions,Cyclist,80 to 84,Major,0,West,Bicycle,Going Ahead, , , , , ,Motorist turning right on green or amber at signalized intersection strikes cyclist., , ,0,1,1,0,0,0,0,0,0,0,0,0,0,0
1194416,2010,9,9,11,20,3,43.65164538,-79.38309029,Toronto Centre-Rosedale (27),27,Bay Street Corridor (76),76,D52,Toronto East York,QUEEN ST W,BAY ST, ,Major Arterial,Mid-Block, ,No Control,Clear,Daylight,Dry,Non-Fatal Injury,Pedestrian Collisions,Driver,20 to 24,,0,East,"Automobile, Station Wagon",Overtaking,Improper Passing,Inattentive, , , , , , ,1,0,1,0,0,1,0,0,0,1,0,0,0,0
1194416,2010,9,9,11,20,3,43.65164538,-79.38309029,Toronto Centre-Rosedale (27),27,Bay Street Corridor (76),76,D52,Toronto East York,QUEEN ST W,BAY ST, ,Major Arterial,Mid-Block, ,No Control,Clear,Daylight,Dry,Non-Fatal Injury,Pedestrian Collisions,Pedestrian,20 to 24,Major,0,South,Other, , , ,Pedestrian involved in a collision with transit vehicle anywhere along roadway,Person Getting on/off Vehicle,Unknown, , , ,1,0,1,0,0,1,0,0,0,1,0,0,0,0
1194416,2010,9,9,11,20,3,43.65164538,-79.38309029,Toronto Centre-Rosedale (27),27,Bay Street Corridor (76),76,D52,Toronto East York,QUEEN ST W,BAY ST, ,Major Arterial,Mid-Block, ,No Control,Clear,Daylight,Dry,Non-Fatal Injury,Pedestrian Collisions,Vehicle Owner,unknown, ,0, ,Other, , , , , , , , , ,1,0,1,0,0,1,0,0,0,1,0,0,0,0
1194416,2010,9,9,11,20,3,43.65164538,-79.38309029,Toronto Centre-Rosedale (27),27,Bay Street Corridor (76),76,D52,Toronto East York,QUEEN ST W,BAY ST, ,Major Arterial,Mid-Block, ,No Control,Clear,Daylight,Dry,Non-Fatal Injury,Pedestrian Collisions,Driver - Not Hit,45 to 49,,0, ,Municipal Transit Bus (TTC), , , , , , , , , ,1,0,1,0,0,1,0,0,0,1,0,0,0,0
1199695,2010,10,4,11,20,0,43.65634538,-79.45249029,Parkdale-High Park (14),14,High Park North (88),88,D11,Toronto East York,BLOOR ST W,DUNDAS ST W, ,Major Arterial,Intersection,At Intersection,Traffic Signal,Clear,Daylight,Dry,Non-Fatal Injury,Pedestrian Collisions,Driver,55 to 59,,0,West,"Automobile, Station Wagon",Stopped,Driving Properly,Normal, , , , , , ,1,0,1,0,0,0,0,0,0,1,0,0,0,0
1199695,2010,10,4,11,20,0,43.65634538,-79.45249029,Parkdale-High Park (14),14,High Park North (88),88,D11,Toronto East York,BLOOR ST W,DUNDAS ST W, ,Major Arterial,Intersection,At Intersection,Traffic Signal,Clear,Daylight,Dry,Non-Fatal Injury,Pedestrian Collisions,Vehicle Owner,unknown, ,0, ,Other, , , , , , , , , ,1,0,1,0,0,0,0,0,0,1,0,0,0,0
1199695,2010,10,4,11,20,0,43.65634538,-79.45249029,Parkdale-High Park (14),14,High Park North (88),88,D11,Toronto East York,BLOOR ST W,DUNDAS ST W, ,Major Arterial,Intersection,At Intersection,Traffic Signal,Clear,Daylight,Dry,Non-Fatal Injury,Pedestrian Collisions,Vehicle Owner,unknown, ,0, ,Other, , , , , , , , , ,1,0,1,0,0,0,0,0,0,1,0,0,0,0
1199695,2010,10,4,11,20,0,43.65634538,-79.45249029,Parkdale-High Park (14),14,High Park North (88),88,D11,Toronto East York,BLOOR ST W,DUNDAS ST W, ,Major Arterial,Intersection,At Intersection,Traffic Signal,Clear,Daylight,Dry,Non-Fatal Injury,Pedestrian Collisions,Driver,40 to 44,,0,South,"Automobile, Station Wagon",Turning Left,Failed to Yield Right of Way,Normal, , , , , , ,1,0,1,0,0,0,0,0,0,1,0,0,0,0
1199695,2010,10,4,11,20,0,43.65634538,-79.45249029,Parkdale-High Park (14),14,High Park North (88),88,D11,Toronto East York,BLOOR ST W,DUNDAS ST W, ,Major Arterial,Intersection,At Intersection,Traffic Signal,Clear,Daylight,Dry,Non-Fatal Injury,Pedestrian Collisions,Pedestrian,15 to 19,Major,0,North,Other, , , ,Vehicle turns left while ped crosses without ROW at inter.,Running onto Roadway,Normal, , , ,1,0,1,0,0,0,0,0,0,1,0,0,0,0
1359371,2013,6,4,11,20,1,43.61744538,-79.54199029,Etobicoke-Lakeshore (5),5,Islington-City Centre West (14),14,D22,Etobicoke York,THE QUEENSWAY,ATOMIC AVE, ,Major Arterial,Mid-Block, ,No Control,Clear,Daylight,Dry,Non-Fatal Injury,Cyclist Collisions,Vehicle Owner,unknown, ,0, ,Other, , , , , , , , , ,0,1,1,0,0,0,0,0,0,0,0,0,0,0
1359371,2013,6,4,11,20,1,43.61744538,-79.54199029,Etobicoke-Lakeshore (5),5,Islington-City Centre West (14),14,D22,Etobicoke York,THE QUEENSWAY,ATOMIC AVE, ,Major Arterial,Mid-Block, ,No Control,Clear,Daylight,Dry,Non-Fatal Injury,Cyclist Collisions,Driver,25 to 29,,0,East,"Automobile, Station Wagon",Going Ahead,Driving Properly,Normal, , , , , , ,0,1,1,0,0,0,0,0,0,0,0,0,0,0
1359371,2013,6,4,11,20,1,43.61744538,-79.54199029,Etobicoke-Lakeshore (5),5,Islington-City Centre West (14),14,D22,Etobicoke York,THE QUEENSWAY,ATOMIC AVE, ,Major Arterial,Mid-Block, ,No Control,Clear,Daylight,Dry,Non-Fatal Injury,Cyclist Collisions,Cyclist,65 to 69,Major,0,East,Bicycle,Changing Lanes, , , , , ,Cyclist and Driver travelling in same direction. One vehicle sideswipes the other.,Improper Lane Change,Normal,0,1,1,0,0,0,0,0,0,0,0,0,0,0
3001047627,2013,11,27,11,20,2,43.66041907,-79.37589655,Toronto Centre-Rosedale (27),27,Church-Yonge Corridor (75),75,D51,Toronto East York,JARVIS ST,GERRARD ST E, ,Major Arterial,Intersection,At Intersection,Traffic Signal,Clear,Daylight,Dry,Non-Fatal Injury,Pedestrian Collisions,Driver,30 to 34,,0,South,"Automobile, Station Wagon",Turning Left,Failed to Yield Right of Way,Normal, , , , , , ,1,0,1,0,0,0,0,0,0,1,0,0,0,0
3001047627,2013,11,27,11,20,2,43.66041907,-79.37589655,Toronto Centre-Rosedale (27),27,Church-Yonge Corridor (75),75,D51,Toronto East York,JARVIS ST,GERRARD ST E, ,Major Arterial,Intersection,At Intersection,Traffic Signal,Clear,Daylight,Dry,Non-Fatal Injury,Pedestrian Collisions,Pedestrian,30 to 34,Major,0,North, , , , ,Vehicle turns left while ped crosses with ROW at inter.,Crossing with right of way,Normal, , , ,1,0,1,0,0,0,0,0,0,1,0,0,0,0
4002581656,2014,7,27,11,20,6,43.74706991,-79.20122156,Scarborough East (43),43,Guildwood (140),140,D43,Scarborough,GUILDWOOD PKWY,ROWATSON RD, ,Minor Arterial,Intersection,At/Near Private Drive,No Control,Clear,Daylight,Dry,Non-Fatal Injury,Turning Movement,Driver,20 to 24,,0,West,"Automobile, Station Wagon",Turning Left,Improper Turn,Inattentive, , , , , , ,0,0,1,1,0,0,0,0,0,0,0,0,0,0
4002581656,2014,7,27,11,20,6,43.74706991,-79.20122156,Scarborough East (43),43,Guildwood (140),140,D43,Scarborough,GUILDWOOD PKWY,ROWATSON RD, ,Minor Arterial,Intersection,At/Near Private Drive,No Control,Clear,Daylight,Dry,Non-Fatal Injury,Turning Movement,Motorcycle Driver,25 to 29,Major,0,East,Motorcycle,Going Ahead,Driving Properly,Normal, , , , , , ,0,0,1,1,0,0,0,0,0,0,0,0,0,0
6001174210,2016,7,5,11,20,1,43.73653372,-79.56380091,Etobicoke North (1),1,Thistletown-Beaumond Heights (3),3,D23,Etobicoke York,ALBION RD,ISLINGTON AVE, ,Major Arterial,Intersection,At Intersection,Traffic Signal,Clear,Daylight,Dry,Fatal,Pedestrian Collisions,Pedestrian,55 to 59,Fatal,43,North, , , , ,Pedestrian hit at mid-block,"Crossing, no Traffic Control",Inattentive, , , ,1,0,1,0,0,0,0,0,0,0,0,0,0,1
6001174210,2016,7,5,11,20,1,43.73653372,-79.56380091,Etobicoke North (1),1,Thistletown-Beaumond Heights (3),3,D23,Etobicoke York,ALBION RD,ISLINGTON AVE, ,Major Arterial,Intersection,At Intersection,Traffic Signal,Clear,Daylight,Dry,Fatal,Pedestrian Collisions,Driver,45 to 49,,0,West,"Automobile, Station Wagon",Going Ahead,Driving Properly,Inattentive, , , , , , ,1,0,1,0,0,0,0,0,0,0,0,0,0,1
1127576,2009,9,29,11,22,1,43.72094538,-79.50859029,York Centre (9),9,Downsview-Roding-CFB (26),26,D31,North York,JANE ST,WILSON AVE, ,Major Arterial,Intersection,At Intersection,Traffic Signal,Rain,Daylight,Wet,Fatal,Pedestrian Collisions,Truck Driver,45 to 49,,0,East,Truck - Open,Turning Right,Improper Turn,Inattentive, , , , , , ,1,0,0,0,1,0,0,0,0,0,0,0,0,1
1127576,2009,9,29,11,22,1,43.72094538,-79.50859029,York Centre (9),9,Downsview-Roding-CFB (26),26,D31,North York,JANE ST,WILSON AVE, ,Major Arterial,Intersection,At Intersection,Traffic Signal,Rain,Daylight,Wet,Fatal,Pedestrian Collisions,Vehicle Owner,unknown, ,0, ,Other, , , , , , , , , ,1,0,0,0,1,0,0,0,0,0,0,0,0,1
1127576,2009,9,29,11,22,1,43.72094538,-79.50859029,York Centre (9),9,Downsview-Roding-CFB (26),26,D31,North York,JANE ST,WILSON AVE, ,Major Arterial,Intersection,At Intersection,Traffic Signal,Rain,Daylight,Wet,Fatal,Pedestrian Collisions,Pedestrian,85 to 89,Fatal,30,East,Other, , , ,Pedestrian hit on sidewalk or shoulder,On Sidewalk or Shoulder,Medical or Physical Disability, , , ,1,0,0,0,1,0,0,0,0,0,0,0,0,1
1234265,2011,5,21,11,22,5,43.80884538,-79.26279029,Scarborough-Rouge River (41),41,Agincourt North (129),129,D42,Scarborough,FINCH AVE E,SANDHURST CRCL, ,Major Arterial,Intersection, ,No Control,Clear,Daylight,Dry,Non-Fatal Injury,SMV Other,Driver,45 to 49,Major,0,East,"Automobile, Station Wagon",Going Ahead,Lost control,Medical or Physical Disability, , , , , , ,0,0,1,0,0,0,0,0,0,0,0,0,1,0
1234265,2011,5,21,11,22,5,43.80884538,-79.26279029,Scarborough-Rouge River (41),41,Agincourt North (129),129,D42,Scarborough,FINCH AVE E,SANDHURST CRCL, ,Major Arterial,Intersection, ,No Control,Clear,Daylight,Dry,Non-Fatal Injury,SMV Other,Other Property Owner,unknown, ,0, ,Other, , , , , , , , , ,0,0,1,0,0,0,0,0,0,0,0,0,1,0
1193990,2010,10,9,11,23,5,43.79309042,-79.35225306,Don Valley East (33),33,Don Valley Village (47),47,D33,North York,FINCH AVE E,SKYMARK DR, ,Major Arterial,Intersection,At Intersection,Traffic Signal,Clear,Daylight,Dry,Non-Fatal Injury,Pedestrian Collisions,Driver,75 to 79,,0,East,"Automobile, Station Wagon",Going Ahead,Driving Properly,Normal, , , , , , ,1,0,1,0,0,0,0,0,0,0,0,0,0,0
1193990,2010,10,9,11,23,5,43.79309042,-79.35225306,Don Valley East (33),33,Don Valley Village (47),47,D33,North York,FINCH AVE E,SKYMARK DR, ,Major Arterial,Intersection,At Intersection,Traffic Signal,Clear,Daylight,Dry,Non-Fatal Injury,Pedestrian Collisions,Pedestrian,80 to 84,Major,0,North, , , , ,Vehicle is going straight thru inter.while ped cross without ROW,Crossing without right of way,Normal, , , ,1,0,1,0,0,0,0,0,0,0,0,0,0,0
975035,2007,6,14,11,24,3,43.65494538,-79.41559029,Trinity-Spadina (19),19,Trinity-Bellwoods (81),81,D14,Toronto East York,COLLEGE ST,GRACE ST, ,Major Arterial,Intersection,At Intersection,Traffic Signal,Clear,Daylight,Dry,Fatal,Pedestrian Collisions,Vehicle Owner,unknown, ,0, ,Other, , , , , , , , , ,1,0,1,0,0,0,0,0,0,0,0,0,0,1
975035,2007,6,14,11,24,3,43.65494538,-79.41559029,Trinity-Spadina (19),19,Trinity-Bellwoods (81),81,D14,Toronto East York,COLLEGE ST,GRACE ST, ,Major Arterial,Intersection,At Intersection,Traffic Signal,Clear,Daylight,Dry,Fatal,Pedestrian Collisions,Driver,50 to 54,,0,West,"Automobile, Station Wagon",Turning Left,Improper Turn,Normal, , , , , , ,1,0,1,0,0,0,0,0,0,0,0,0,0,1
975035,2007,6,14,11,24,3,43.65494538,-79.41559029,Trinity-Spadina (19),19,Trinity-Bellwoods (81),81,D14,Toronto East York,COLLEGE ST,GRACE ST, ,Major Arterial,Intersection,At Intersection,Traffic Signal,Clear,Daylight,Dry,Fatal,Pedestrian Collisions,Pedestrian,70 to 74,Fatal,0,East,Other, , , ,Vehicle turns left while ped crosses with ROW at inter.,Crossing with right of way,Other, , , ,1,0,1,0,0,0,0,0,0,0,0,0,0,1
1040090,2008,5,26,11,25,0,43.69663962,-79.39630518,St. Paul's (22),22,Mount Pleasant West (104),104,D53,Toronto East York,1835 YONGE ST, , ,Major Arterial,Mid-Block, ,No Control,Clear,Daylight,Dry,Non-Fatal Injury,Approaching,Driver,45 to 49,,0,South,"Automobile, Station Wagon",Going Ahead,Driving Properly,Normal, , , , , , ,0,0,1,0,0,0,0,0,0,0,0,0,1,0
1040090,2008,5,26,11,25,0,43.69663962,-79.39630518,St. Paul's (22),22,Mount Pleasant West (104),104,D53,Toronto East York,1835 YONGE ST, , ,Major Arterial,Mid-Block, ,No Control,Clear,Daylight,Dry,Non-Fatal Injury,Approaching,Vehicle Owner,unknown, ,0, ,Other, , , , , , , , , ,0,0,1,0,0,0,0,0,0,0,0,0,1,0
1040090,2008,5,26,11,25,0,43.69663962,-79.39630518,St. Paul's (22),22,Mount Pleasant West (104),104,D53,Toronto East York,1835 YONGE ST, , ,Major Arterial,Mid-Block, ,No Control,Clear,Daylight,Dry,Non-Fatal Injury,Approaching,Driver,45 to 49,Major,0,North,"Automobile, Station Wagon",Going Ahead,Lost control,Medical or Physical Disability, , , , , , ,0,0,1,0,0,0,0,0,0,0,0,0,1,0
1041737,2008,5,26,11,25,0,43.69664538,-79.39629029,St. Paul's (22),22,Mount Pleasant West (104),104,D53,Toronto East York,1835 YONGE ST, , ,Major Arterial,Mid-Block, ,No Control,Clear,Daylight,Dry,Non-Fatal Injury,Approaching,Driver,50 to 54,,0,South,"Automobile, Station Wagon",Going Ahead, , , , , , , , ,0,0,1,0,0,0,0,0,0,0,0,0,0,0
1041737,2008,5,26,11,25,0,43.69664538,-79.39629029,St. Paul's (22),22,Mount Pleasant West (104),104,D53,Toronto East York,1835 YONGE ST, , ,Major Arterial,Mid-Block, ,No Control,Clear,Daylight,Dry,Non-Fatal Injury,Approaching,Driver,45 to 49,Major,0,North,"Automobile, Station Wagon",Other, , , , , , , , ,0,0,1,0,0,0,0,0,0,0,0,0,0,0
1141818,2009,12,12,11,25,5,43.60384538,-79.54619029,Etobicoke-Lakeshore (6),6,Alderwood (20),20,D22,Etobicoke York,BROWNS LINE,RIMILTON AVE, ,Major Arterial,Intersection, ,No Control,Clear,Daylight,Dry,Non-Fatal Injury,Cyclist Collisions,Cyclist,65 to 69,Major,0,South,Bicycle,Going Ahead, , , , , ,Cyclist falls off bike - no contact with motorist.,Lost control,Medical or Physical Disability,0,1,0,0,0,0,0,0,0,0,0,0,0,0
1386819,2013,9,15,11,25,6,43.69556387,-79.33964167,Toronto-Danforth (29),29,Old East York (58),58,D54,Toronto East York,DON MILLS Rd,O CONNOR Dr, ,Major Arterial,Intersection, ,Traffic Signal,Clear,Daylight,Dry,Non-Fatal Injury,Rear End,Driver,45 to 49,Minimal,0,South,"Automobile, Station Wagon",Stopped,Driving Properly,Normal, , , , , , ,0,0,1,0,1,0,0,1,1,1,0,0,0,0
1386819,2013,9,15,11,25,6,43.69556387,-79.33964167,Toronto-Danforth (29),29,Old East York (58),58,D54,Toronto East York,DON MILLS Rd,O CONNOR Dr, ,Major Arterial,Intersection, ,Traffic Signal,Clear,Daylight,Dry,Non-Fatal Injury,Rear End,Truck Driver,40 to 44,Minimal,0,South,Truck - Open,Going Ahead,Exceeding Speed Limit,"Ability Impaired, Drugs", , , , , , ,0,0,1,0,1,0,0,1,1,1,0,0,0,0
1386819,2013,9,15,11,25,6,43.69556387,-79.33964167,Toronto-Danforth (29),29,Old East York (58),58,D54,Toronto East York,DON MILLS Rd,O CONNOR Dr, ,Major Arterial,Intersection, ,Traffic Signal,Clear,Daylight,Dry,Non-Fatal Injury,Rear End,Driver,30 to 34,Major,0,South,"Automobile, Station Wagon",Stopped,Driving Properly,Normal, , , , , , ,0,0,1,0,1,0,0,1,1,1,0,0,0,0
1386819,2013,9,15,11,25,6,43.69556387,-79.33964167,Toronto-Danforth (29),29,Old East York (58),58,D54,Toronto East York,DON MILLS Rd,O CONNOR Dr, ,Major Arterial,Intersection, ,Traffic Signal,Clear,Daylight,Dry,Non-Fatal Injury,Rear End,Passenger,60 to 64,Minimal,0, ,Other, , , , , , , , , ,0,0,1,0,1,0,0,1,1,1,0,0,0,0
1386819,2013,9,15,11,25,6,43.69556387,-79.33964167,Toronto-Danforth (29),29,Old East York (58),58,D54,Toronto East York,DON MILLS Rd,O CONNOR Dr, ,Major Arterial,Intersection, ,Traffic Signal,Clear,Daylight,Dry,Non-Fatal Injury,Rear End,Vehicle Owner,unknown, ,0, ,Other, , , , , , , , , ,0,0,1,0,1,0,0,1,1,1,0,0,0,0
1386819,2013,9,15,11,25,6,43.69556387,-79.33964167,Toronto-Danforth (29),29,Old East York (58),58,D54,Toronto East York,DON MILLS Rd,O CONNOR Dr, ,Major Arterial,Intersection, ,Traffic Signal,Clear,Daylight,Dry,Non-Fatal Injury,Rear End,Driver,25 to 29,,0,South,"Automobile, Station Wagon",Stopped,Driving Properly,Normal, , , , , , ,0,0,1,0,1,0,0,1,1,1,0,0,0,0