ACCNUM,YEAR,MONTH,DAY,HOUR,MINUTES,WEEKDAY,LATITUDE,LONGITUDE,Ward_Name,Ward_ID,Hood_Name,Hood_ID,Division,District,STREET1,STREET2,OFFSET,ROAD_CLASS,LOCCOORD,ACCLOC,TRAFFCTL,VISIBILITY,LIGHT,RDSFCOND,ACCLASS,IMPACTYPE,INVTYPE,INVAGE,INJURY,FATAL_NO,INITDIR,VEHTYPE,MANOEUVER,DRIVACT,DRIVCOND,PEDTYPE,PEDACT,PEDCOND,CYCLISTYPE,CYCACT,CYCCOND,PEDESTRIAN,CYCLIST,AUTOMOBILE,MOTORCYCLE,TRUCK,TRSN_CITY_VEH,EMERG_VEH,PASSENGER,SPEEDING,AG_DRIV,REDLIGHT,ALCOHOL,DISABILITY,label
1198891,2010,9,3,11,40,4,43.72744538,-79.26589029,Scarborough Southwest (35),35,Kennedy Park (124),124,D41,Scarborough,KENNEDY RD,MERRIAN RD, ,Major Arterial,Intersection,At Intersection,Traffic Signal,Rain,Daylight,Wet,Non-Fatal Injury,Angle,Vehicle Owner,unknown, ,0, ,Other, , , , , , , , , ,0,0,1,0,0,0,0,0,0,1,1,0,0,0
1198891,2010,9,3,11,40,4,43.72744538,-79.26589029,Scarborough Southwest (35),35,Kennedy Park (124),124,D41,Scarborough,KENNEDY RD,MERRIAN RD, ,Major Arterial,Intersection,At Intersection,Traffic Signal,Rain,Daylight,Wet,Non-Fatal Injury,Angle,Driver,45 to 49,Major,0,West,"Automobile, Station Wagon",Going Ahead,Driving Properly,Normal, , , , , , ,0,0,1,0,0,0,0,0,0,1,1,0,0,0
1221014,2011,1,11,11,40,1,43.65574538,-79.38379029,Toronto Centre-Rosedale (27),27,Bay Street Corridor (76),76,D52,Toronto East York,DUNDAS ST W,BAY ST, ,Major Arterial,Intersection,At Intersection,Traffic Signal,Clear,Daylight,Dry,Non-Fatal Injury,Pedestrian Collisions,Passenger,30 to 34,Minor,0, ,Other, , , , , , , , , ,1,0,1,0,0,0,0,1,0,1,0,0,0,0
1221014,2011,1,11,11,40,1,43.65574538,-79.38379029,Toronto Centre-Rosedale (27),27,Bay Street Corridor (76),76,D52,Toronto East York,DUNDAS ST W,BAY ST, ,Major Arterial,Intersection,At Intersection,Traffic Signal,Clear,Daylight,Dry,Non-Fatal Injury,Pedestrian Collisions,Driver,25 to 29,,0,West,"Automobile, Station Wagon",Going Ahead,Driving Properly,Inattentive, , , , , , ,1,0,1,0,0,0,0,1,0,1,0,0,0,0
1221014,2011,1,11,11,40,1,43.65574538,-79.38379029,Toronto Centre-Rosedale (27),27,Bay Street Corridor (76),76,D52,Toronto East York,DUNDAS ST W,BAY ST, ,Major Arterial,Intersection,At Intersection,Traffic Signal,Clear,Daylight,Dry,Non-Fatal Injury,Pedestrian Collisions,Driver,40 to 44,Minimal,0,East,"Automobile, Station Wagon",Turning Left,Failed to Yield Right of Way,Inattentive, , , , , , ,1,0,1,0,0,0,0,1,0,1,0,0,0,0
1221014,2011,1,11,11,40,1,43.65574538,-79.38379029,Toronto Centre-Rosedale (27),27,Bay Street Corridor (76),76,D52,Toronto East York,DUNDAS ST W,BAY ST, ,Major Arterial,Intersection,At Intersection,Traffic Signal,Clear,Daylight,Dry,Non-Fatal Injury,Pedestrian Collisions,Other Property Owner,unknown, ,0, ,Other, , , , , , , , , ,1,0,1,0,0,0,0,1,0,1,0,0,0,0
1221014,2011,1,11,11,40,1,43.65574538,-79.38379029,Toronto Centre-Rosedale (27),27,Bay Street Corridor (76),76,D52,Toronto East York,DUNDAS ST W,BAY ST, ,Major Arterial,Intersection,At Intersection,Traffic Signal,Clear,Daylight,Dry,Non-Fatal Injury,Pedestrian Collisions,Pedestrian,65 to 69,Major,0,East,Other, , , ,Pedestrian hit on sidewalk or shoulder,On Sidewalk or Shoulder,Normal, , , ,1,0,1,0,0,0,0,1,0,1,0,0,0,0
1311500,2012,7,20,11,40,4,43.65184538,-79.37819029,Toronto Centre-Rosedale (28),28,Church-Yonge Corridor (75),75,D51,Toronto East York,RICHMOND Stre E,VICTORIA Stre, ,Major Arterial,Mid-Block,At Intersection,No Control,Clear,Daylight,Dry,Non-Fatal Injury,Rear End,Vehicle Owner,unknown, ,0, ,Other, , , , , , , , , ,0,0,1,0,0,1,0,0,0,0,0,0,0,0
1311500,2012,7,20,11,40,4,43.65184538,-79.37819029,Toronto Centre-Rosedale (28),28,Church-Yonge Corridor (75),75,D51,Toronto East York,RICHMOND Stre E,VICTORIA Stre, ,Major Arterial,Mid-Block,At Intersection,No Control,Clear,Daylight,Dry,Non-Fatal Injury,Rear End,Driver,45 to 49,Minimal,0,West,"Automobile, Station Wagon",Stopped,Driving Properly,Normal, , , , , , ,0,0,1,0,0,1,0,0,0,0,0,0,0,0
1311500,2012,7,20,11,40,4,43.65184538,-79.37819029,Toronto Centre-Rosedale (28),28,Church-Yonge Corridor (75),75,D51,Toronto East York,RICHMOND Stre E,VICTORIA Stre, ,Major Arterial,Mid-Block,At Intersection,No Control,Clear,Daylight,Dry,Non-Fatal Injury,Rear End,Vehicle Owner,unknown, ,0, ,Other, , , , , , , , , ,0,0,1,0,0,1,0,0,0,0,0,0,0,0
1311500,2012,7,20,11,40,4,43.65184538,-79.37819029,Toronto Centre-Rosedale (28),28,Church-Yonge Corridor (75),75,D51,Toronto East York,RICHMOND Stre E,VICTORIA Stre, ,Major Arterial,Mid-Block,At Intersection,No Control,Clear,Daylight,Dry,Non-Fatal Injury,Rear End,Driver,35 to 39,Major,0,West,Municipal Transit Bus (TTC),Slowing or Stopping,Driving Properly,Normal, , , , , , ,0,0,1,0,0,1,0,0,0,0,0,0,0,0
1331528,2012,11,9,11,40,4,43.74414023,-79.40671168,Don Valley West (25),25,St.Andrew-Windfields (40),40,D32,North York,WILSON Ave,YONGE St, ,Major Arterial,Intersection,At Intersection,Traffic Signal,Clear,Daylight,Dry,Non-Fatal Injury,Turning Movement,Driver,85 to 89,Major,0,West,"Automobile, Station Wagon",Turning Left,Failed to Yield Right of Way,Normal, , , , , , ,0,0,1,0,0,0,0,0,0,1,0,0,0,0
1331528,2012,11,9,11,40,4,43.74414023,-79.40671168,Don Valley West (25),25,St.Andrew-Windfields (40),40,D32,North York,WILSON Ave,YONGE St, ,Major Arterial,Intersection,At Intersection,Traffic Signal,Clear,Daylight,Dry,Non-Fatal Injury,Turning Movement,Driver,50 to 54,,0,East,"Automobile, Station Wagon",Going Ahead,Driving Properly,Normal, , , , , , ,0,0,1,0,0,0,0,0,0,1,0,0,0,0
1362406,2013,5,8,11,40,2,43.62354538,-79.53579029,Etobicoke-Lakeshore (5),5,Islington-City Centre West (14),14,D22,Etobicoke York,NORTH QUEEN ST,VANSCO RD, ,Minor Arterial,Intersection, ,Stop Sign,Clear,Daylight,Dry,Non-Fatal Injury,Turning Movement,Driver,55 to 59,,0,North,"Automobile, Station Wagon",Turning Left,Improper Turn,Inattentive, , , , , , ,0,0,1,0,0,0,0,1,0,0,0,0,0,0
1362406,2013,5,8,11,40,2,43.62354538,-79.53579029,Etobicoke-Lakeshore (5),5,Islington-City Centre West (14),14,D22,Etobicoke York,NORTH QUEEN ST,VANSCO RD, ,Minor Arterial,Intersection, ,Stop Sign,Clear,Daylight,Dry,Non-Fatal Injury,Turning Movement,Passenger,75 to 79,Major,0, ,Other, , , , , , , , , ,0,0,1,0,0,0,0,1,0,0,0,0,0,0
1362406,2013,5,8,11,40,2,43.62354538,-79.53579029,Etobicoke-Lakeshore (5),5,Islington-City Centre West (14),14,D22,Etobicoke York,NORTH QUEEN ST,VANSCO RD, ,Minor Arterial,Intersection, ,Stop Sign,Clear,Daylight,Dry,Non-Fatal Injury,Turning Movement,Driver,75 to 79,,0,East,"Automobile, Station Wagon",Going Ahead,Driving Properly,Normal, , , , , , ,0,0,1,0,0,0,0,1,0,0,0,0,0,0
1379740,2013,7,24,11,40,2,43.77304538,-79.42179029,Willowdale (23),23,Willowdale West (37),37,D32,North York,139 HORSHAM AVE, , ,Local,Mid-Block, ,No Control,Clear,Daylight,Dry,Non-Fatal Injury,Pedestrian Collisions,Driver,25 to 29,,0,South,"Automobile, Station Wagon",Reversing,Other,Inattentive, , , , , , ,1,0,1,0,0,0,0,0,0,0,0,0,0,0
1379740,2013,7,24,11,40,2,43.77304538,-79.42179029,Willowdale (23),23,Willowdale West (37),37,D32,North York,139 HORSHAM AVE, , ,Local,Mid-Block, ,No Control,Clear,Daylight,Dry,Non-Fatal Injury,Pedestrian Collisions,Pedestrian,75 to 79,Major,0,West,Other, , , ,Vehicle is reversing and hits pedestrian,Other,Inattentive, , , ,1,0,1,0,0,0,0,0,0,0,0,0,0,0
1382461,2013,8,15,11,40,3,43.76916083,-79.18283472,Scarborough East (44),44,West Hill (136),136,D43,Scarborough,LAWRENCE Ave E,COLLINSGROVE Rd, ,Minor Arterial,Intersection,At Intersection,Traffic Signal,Clear,Daylight,Dry,Non-Fatal Injury,Pedestrian Collisions,Driver,75 to 79,,0,South,"Automobile, Station Wagon",Turning Left,Failed to Yield Right of Way,Normal, , , , , , ,1,0,1,0,0,0,0,0,0,1,0,0,0,0
1382461,2013,8,15,11,40,3,43.76916083,-79.18283472,Scarborough East (44),44,West Hill (136),136,D43,Scarborough,LAWRENCE Ave E,COLLINSGROVE Rd, ,Minor Arterial,Intersection,At Intersection,Traffic Signal,Clear,Daylight,Dry,Non-Fatal Injury,Pedestrian Collisions,Pedestrian,80 to 84,Major,0,North,Other, , , ,Vehicle turns left while ped crosses with ROW at inter.,Crossing with right of way,Normal, , , ,1,0,1,0,0,0,0,0,0,1,0,0,0,0
1294902,2012,5,19,11,41,5,43.74944538,-79.55449029,York West (7),7,Humbermede (22),22,D31,Etobicoke York,FINCH AVE W,DRIFTWOOD AVE, ,Major Arterial,Mid-Block,At Intersection,No Control,Clear,Daylight,Dry,Non-Fatal Injury,Cyclist Collisions,Driver,40 to 44,,0,East,"Automobile, Station Wagon",Going Ahead,Driving Properly,Normal, , , , , , ,0,1,1,0,0,0,0,0,0,0,0,0,0,0
1294902,2012,5,19,11,41,5,43.74944538,-79.55449029,York West (7),7,Humbermede (22),22,D31,Etobicoke York,FINCH AVE W,DRIFTWOOD AVE, ,Major Arterial,Mid-Block,At Intersection,No Control,Clear,Daylight,Dry,Non-Fatal Injury,Cyclist Collisions,Cyclist,45 to 49,Major,0,West,Bicycle,Unknown, , , , , ,"Cyclist loses control and strikes object (pole, ttc track)",Lost control,Medical or Physical Disability,0,1,1,0,0,0,0,0,0,0,0,0,0,0
130927832,2013,11,7,11,41,3,43.66304358,-79.40209589,Trinity-Spadina (20),20,University (79),79,D52,Toronto East York,HARBORD ST,SPADINA AVE, ,Major Arterial,Intersection, ,Traffic Signal,Clear,Daylight,Dry,Fatal,Pedestrian Collisions,Driver,35 to 39,,0,West,"Bus (Other) (Go Bus, Gray Coach)",Going Ahead,Failed to Yield Right of Way,Unknown, , , , , , ,1,0,0,0,0,1,0,0,0,1,0,0,0,1
130927832,2013,11,7,11,41,3,43.66304358,-79.40209589,Trinity-Spadina (20),20,University (79),79,D52,Toronto East York,HARBORD ST,SPADINA AVE, ,Major Arterial,Intersection, ,Traffic Signal,Clear,Daylight,Dry,Fatal,Pedestrian Collisions,Pedestrian,60 to 64,Fatal,51,South, , , , ,Vehicle is going straight thru inter.while ped cross with ROW,Crossing with right of way,Unknown, , , ,1,0,0,0,0,1,0,0,0,1,0,0,0,1
1128166,2009,9,4,11,42,4,43.73114538,-79.26759029,Scarborough Southwest (35),35,Ionview (125),125,D41,Scarborough,741 KENNEDY RD, , ,Major Arterial,Intersection, ,No Control,Clear,Daylight,Dry,Non-Fatal Injury,Pedestrian Collisions,Truck Driver,20 to 24,,0,West,Truck - Open,Turning Right,Failed to Yield Right of Way,Inattentive, , , , , , ,1,0,0,0,1,0,0,0,0,1,0,0,0,0
1128166,2009,9,4,11,42,4,43.73114538,-79.26759029,Scarborough Southwest (35),35,Ionview (125),125,D41,Scarborough,741 KENNEDY RD, , ,Major Arterial,Intersection, ,No Control,Clear,Daylight,Dry,Non-Fatal Injury,Pedestrian Collisions,Pedestrian,20 to 24,Major,0,South,Other, , , ,Pedestrian hit at private driveway,On Sidewalk or Shoulder,Normal, , , ,1,0,0,0,1,0,0,0,0,1,0,0,0,0
1135987,2009,10,20,11,42,1,43.67304538,-79.46499029,Davenport (17),17,Weston-Pellam Park (91),91,D11,Etobicoke York,ST CLAIR Aven W,OLD WESTON Road, ,Major Arterial,Mid-Block, ,Traffic Controller,Clear,Daylight,Dry,Non-Fatal Injury,Cyclist Collisions,Vehicle Owner,unknown, ,0, ,Other, , , , , , , , , ,0,1,0,0,1,0,0,0,0,0,0,0,0,0
1135987,2009,10,20,11,42,1,43.67304538,-79.46499029,Davenport (17),17,Weston-Pellam Park (91),91,D11,Etobicoke York,ST CLAIR Aven W,OLD WESTON Road, ,Major Arterial,Mid-Block, ,Traffic Controller,Clear,Daylight,Dry,Non-Fatal Injury,Cyclist Collisions,Truck Driver,40 to 44,,0,North,Truck - Open,Stopped,Driving Properly,Normal, , , , , , ,0,1,0,0,1,0,0,0,0,0,0,0,0,0
1135987,2009,10,20,11,42,1,43.67304538,-79.46499029,Davenport (17),17,Weston-Pellam Park (91),91,D11,Etobicoke York,ST CLAIR Aven W,OLD WESTON Road, ,Major Arterial,Mid-Block, ,Traffic Controller,Clear,Daylight,Dry,Non-Fatal Injury,Cyclist Collisions,Cyclist,35 to 39,Major,0,West,Bicycle,Going Ahead, , , , , ,"Cyclist loses control and strikes object (pole, ttc track)",Lost control,Normal,0,1,0,0,1,0,0,0,0,0,0,0,0,0
4001503315,2014,2,10,11,42,0,43.73891791,-79.57997523,Etobicoke North (1),1,Thistletown-Beaumond Heights (3),3,D23,Etobicoke York,KIPLING AVE,ALBION RD, ,Major Arterial,Mid-Block,At/Near Private Drive,No Control,Clear,Daylight,Wet,Non-Fatal Injury,Pedestrian Collisions,Driver,25 to 29,,0,East,"Automobile, Station Wagon",Reversing,Other,Normal, , , , , , ,1,0,1,0,0,0,0,0,0,0,0,0,0,0
4001503315,2014,2,10,11,42,0,43.73891791,-79.57997523,Etobicoke North (1),1,Thistletown-Beaumond Heights (3),3,D23,Etobicoke York,KIPLING AVE,ALBION RD, ,Major Arterial,Mid-Block,At/Near Private Drive,No Control,Clear,Daylight,Wet,Non-Fatal Injury,Pedestrian Collisions,Pedestrian,80 to 84,Major,0,North, , , , ,Pedestrian hit at private driveway,On Sidewalk or Shoulder,Normal, , , ,1,0,1,0,0,0,0,0,0,0,0,0,0,0
1097433,2009,4,2,11,43,3,43.76384538,-79.31789029,Scarborough-Agincourt (40),40,Wexford/Maryvale (119),119,D41,North York,VICTORIA PARK AVE,FARM GREENWAY, ,Major Arterial,Mid-Block, ,No Control,Clear,Daylight,Dry,Non-Fatal Injury,SMV Other,Vehicle Owner,unknown, ,0, ,Other, , , , , , , , , ,0,0,1,0,0,0,0,0,0,0,0,0,1,0
1097433,2009,4,2,11,43,3,43.76384538,-79.31789029,Scarborough-Agincourt (40),40,Wexford/Maryvale (119),119,D41,North York,VICTORIA PARK AVE,FARM GREENWAY, ,Major Arterial,Mid-Block, ,No Control,Clear,Daylight,Dry,Non-Fatal Injury,SMV Other,Driver,80 to 84,Major,0,South,"Automobile, Station Wagon",Going Ahead,Lost control,Medical or Physical Disability, , , , , , ,0,0,1,0,0,0,0,0,0,0,0,0,1,0
1298592,2012,4,18,11,43,2,43.69204538,-79.50279029,York South-Weston (11),11,Mount Dennis (115),115,D12,Etobicoke York,WESTON RD,DORA SPENCER RD, ,Minor Arterial,Intersection,At Intersection,Stop Sign,Clear,Daylight,Dry,Non-Fatal Injury,Turning Movement,Driver,70 to 74,,0,East,"Automobile, Station Wagon",Going Ahead,Driving Properly,Normal, , , , , , ,0,0,1,0,0,0,0,1,0,1,0,0,0,0
1298592,2012,4,18,11,43,2,43.69204538,-79.50279029,York South-Weston (11),11,Mount Dennis (115),115,D12,Etobicoke York,WESTON RD,DORA SPENCER RD, ,Minor Arterial,Intersection,At Intersection,Stop Sign,Clear,Daylight,Dry,Non-Fatal Injury,Turning Movement,Passenger,50 to 54,Major,0, ,Other, , , , , , , , , ,0,0,1,0,0,0,0,1,0,1,0,0,0,0
1067680,2008,11,1,11,45,5,43.66284538,-79.33219029,Toronto-Danforth (30),30,South Riverdale (70),70,D55,Toronto East York,1168 QUEEN ST E, , ,Minor Arterial,Intersection, ,No Control,Clear,Daylight,Dry,Non-Fatal Injury,Pedestrian Collisions,Pedestrian,55 to 59,Major,0,Unknown,Other, , , ,Pedestrian hit on sidewalk or shoulder,On Sidewalk or Shoulder,Normal, , , ,1,0,1,0,0,0,0,0,0,0,0,0,0,0
1232522,2011,3,9,11,45,2,43.66194538,-79.48969029,Parkdale-High Park (13),13,Runnymede-Bloor West Village (89),89,D11,Etobicoke York,JANE ST,ST JOHNS RD, ,Major Arterial,Intersection, ,Traffic Signal,Snow,Daylight,Wet,Non-Fatal Injury,Pedestrian Collisions,Vehicle Owner,unknown, ,0, ,Other, , , , , , , , , ,1,0,1,0,0,0,0,0,0,1,0,0,0,0
1232522,2011,3,9,11,45,2,43.66194538,-79.48969029,Parkdale-High Park (13),13,Runnymede-Bloor West Village (89),89,D11,Etobicoke York,JANE ST,ST JOHNS RD, ,Major Arterial,Intersection, ,Traffic Signal,Snow,Daylight,Wet,Non-Fatal Injury,Pedestrian Collisions,Driver,50 to 54,,0,West,"Automobile, Station Wagon",Turning Left,Failed to Yield Right of Way,Normal, , , , , , ,1,0,1,0,0,0,0,0,0,1,0,0,0,0
1232522,2011,3,9,11,45,2,43.66194538,-79.48969029,Parkdale-High Park (13),13,Runnymede-Bloor West Village (89),89,D11,Etobicoke York,JANE ST,ST JOHNS RD, ,Major Arterial,Intersection, ,Traffic Signal,Snow,Daylight,Wet,Non-Fatal Injury,Pedestrian Collisions,Pedestrian,5 to 9,Major,0,East,Other, , , ,Vehicle turns left while ped crosses with ROW at inter.,Crossing with right of way,Normal, , , ,1,0,1,0,0,0,0,0,0,1,0,0,0,0
1330495,2012,10,20,11,45,5,43.67034538,-79.42749029,Trinity-Spadina (19),19,Dovercourt-Wallace Emerson-Junction (93),93,D14,Toronto East York,DUPONT ST,OSSINGTON AVE, ,Major Arterial,Mid-Block, ,No Control,Clear,Daylight,Dry,Non-Fatal Injury,Turning Movement,Motorcycle Driver,30 to 34,Major,0,East,Motorcycle,Going Ahead,Driving Properly,Normal, , , , , , ,0,0,1,1,0,0,0,0,1,1,0,0,0,0
1330495,2012,10,20,11,45,5,43.67034538,-79.42749029,Trinity-Spadina (19),19,Dovercourt-Wallace Emerson-Junction (93),93,D14,Toronto East York,DUPONT ST,OSSINGTON AVE, ,Major Arterial,Mid-Block, ,No Control,Clear,Daylight,Dry,Non-Fatal Injury,Turning Movement,Vehicle Owner,unknown, ,0, ,Other, , , , , , , , , ,0,0,1,1,0,0,0,0,1,1,0,0,0,0
1330495,2012,10,20,11,45,5,43.67034538,-79.42749029,Trinity-Spadina (19),19,Dovercourt-Wallace Emerson-Junction (93),93,D14,Toronto East York,DUPONT ST,OSSINGTON AVE, ,Major Arterial,Mid-Block, ,No Control,Clear,Daylight,Dry,Non-Fatal Injury,Turning Movement,Driver,60 to 64,,0,West,"Automobile, Station Wagon",Making U Turn,Improper Turn,Inattentive, , , , , , ,0,0,1,1,0,0,0,0,1,1,0,0,0,0
1350745,2013,4,7,11,45,6,43.77714499,-79.34788904,Don Valley East (33),33,Don Valley Village (47),47,D33,North York,DON MILLS RD,LEITH HILL RD, ,Major Arterial,Intersection, ,Traffic Signal,Clear,Daylight,Dry,Non-Fatal Injury,Angle,Passenger,Over 95,Major,0, ,Other, , , , , , , , , ,0,0,1,0,0,0,0,1,0,1,1,0,0,0
1350745,2013,4,7,11,45,6,43.77714499,-79.34788904,Don Valley East (33),33,Don Valley Village (47),47,D33,North York,DON MILLS RD,LEITH HILL RD, ,Major Arterial,Intersection, ,Traffic Signal,Clear,Daylight,Dry,Non-Fatal Injury,Angle,Driver,60 to 64,,0,East,"Automobile, Station Wagon",Going Ahead,Driving Properly,Normal, , , , , , ,0,0,1,0,0,0,0,1,0,1,1,0,0,0
1350745,2013,4,7,11,45,6,43.77714499,-79.34788904,Don Valley East (33),33,Don Valley Village (47),47,D33,North York,DON MILLS RD,LEITH HILL RD, ,Major Arterial,Intersection, ,Traffic Signal,Clear,Daylight,Dry,Non-Fatal Injury,Angle,Driver,25 to 29,,0,South,"Automobile, Station Wagon",Going Ahead,Disobeyed Traffic Control,Inattentive, , , , , , ,0,0,1,0,0,0,0,1,0,1,1,0,0,0
4002867975,2014,9,8,11,45,0,43.67977865,-79.46564112,Davenport (17),17,Weston-Pellam Park (91),91,D12,Etobicoke York,OLD WESTON RD,ALGARVE CRES,1 m North of,Minor Arterial,Intersection,At Intersection,No Control,Clear,Daylight,Dry,Non-Fatal Injury,SMV Unattended Vehicle,Driver,60 to 64,Major,0,North,"Automobile, Station Wagon",Unknown,Lost control,Unknown, , , , , , ,0,0,1,0,0,0,0,0,0,0,0,0,0,0
4003152521,2014,10,22,11,45,2,43.72848471,-79.33039484,Don Valley West (26),26,Banbury-Don Mills (42),42,D33,North York,DON VALLEY PARKWAY  S,WYNFORD DR,200 m North of,Expressway,Mid-Block,Non Intersection,No Control,Clear,Daylight,Dry,Non-Fatal Injury,Rear End,Motorcycle Driver,15 to 19,Major,0,South,Motorcycle,Going Ahead,Speed too Fast For Condition,Inattentive, , , , , , ,0,0,1,1,0,0,0,0,1,1,0,0,0,0
4003152521,2014,10,22,11,45,2,43.72848471,-79.33039484,Don Valley West (26),26,Banbury-Don Mills (42),42,D33,North York,DON VALLEY PARKWAY  S,WYNFORD DR,200 m North of,Expressway,Mid-Block,Non Intersection,No Control,Clear,Daylight,Dry,Non-Fatal Injury,Rear End,Driver,55 to 59,,0,South,"Automobile, Station Wagon",Stopped,Driving Properly,Normal, , , , , , ,0,0,1,1,0,0,0,0,1,1,0,0,0,0
6000614403,2016,4,11,11,45,0,43.83165701,-79.15952692,Scarborough-Rouge River (42),42,Rouge (131),131,D42,Scarborough,FINCH AVE E,PICKERING TOWN LINE, ,Collector,Intersection,At Intersection,Stop Sign,Clear,Daylight,Wet,Non-Fatal Injury,Turning Movement,Driver,25 to 29,Major,0,South,"Automobile, Station Wagon",Turning Left,Failed to Yield Right of Way,Inattentive, , , , , , ,0,0,1,0,0,0,0,0,0,1,0,0,0,0
6000614403,2016,4,11,11,45,0,43.83165701,-79.15952692,Scarborough-Rouge River (42),42,Rouge (131),131,D42,Scarborough,FINCH AVE E,PICKERING TOWN LINE, ,Collector,Intersection,At Intersection,Stop Sign,Clear,Daylight,Wet,Non-Fatal Injury,Turning Movement,Driver,75 to 79,,0,West,"Automobile, Station Wagon",Going Ahead,Driving Properly,Normal, , , , , , ,0,0,1,0,0,0,0,0,0,1,0,0,0,0
1044584,2008,6,2,11,46,0,43.68044538,-79.48349029,York South-Weston (11),11,Rockcliffe-Smythe (111),111,D12,Etobicoke York,72 CORDELLA AVE, , ,Local,Mid-Block, ,No Control,Clear,Daylight,Dry,Non-Fatal Injury,SMV Other,Vehicle Owner,unknown, ,0, ,Other, , , , , , , , , ,0,0,1,0,0,0,0,0,0,0,0,0,0,0
1044584,2008,6,2,11,46,0,43.68044538,-79.48349029,York South-Weston (11),11,Rockcliffe-Smythe (111),111,D12,Etobicoke York,72 CORDELLA AVE, , ,Local,Mid-Block, ,No Control,Clear,Daylight,Dry,Non-Fatal Injury,SMV Other,Driver,25 to 29,Major,0,West,"Automobile, Station Wagon",Going Ahead,Lost control,Inattentive, , , , , , ,0,0,1,0,0,0,0,0,0,0,0,0,0,0
1311027,2012,7,12,11,46,3,43.69704538,-79.37009029,Don Valley West (26),26,Leaside-Bennington (56),56,D53,North York,MOORE AVE,POTTERY RD, ,Collector,Intersection, ,No Control,Clear,Daylight,Dry,Non-Fatal Injury,Pedestrian Collisions,Driver,50 to 54,,0,East,"Automobile, Station Wagon",Going Ahead,Driving Properly,Normal, , , , , , ,1,0,1,0,0,0,0,0,0,0,0,0,0,0
1311027,2012,7,12,11,46,3,43.69704538,-79.37009029,Don Valley West (26),26,Leaside-Bennington (56),56,D53,North York,MOORE AVE,POTTERY RD, ,Collector,Intersection, ,No Control,Clear,Daylight,Dry,Non-Fatal Injury,Pedestrian Collisions,Pedestrian,85 to 89,Major,0,Unknown,Other, , , ,Vehicle is going straight thru inter.while ped cross without ROW,"Crossing, no Traffic Control",Normal, , , ,1,0,1,0,0,0,0,0,0,0,0,0,0,0
1274213,2012,1,10,11,47,1,43.72844538,-79.41809029,Eglinton-Lawrence (16),16,Bedford Park-Nortown (39),39,D32,North York,AVENUE RD,FAIRLAWN AVE, ,Major Arterial,Mid-Block, ,No Control,Clear,Daylight,Dry,Non-Fatal Injury,Pedestrian Collisions,Motorcycle Driver,30 to 34,,0,South,Motorcycle,Going Ahead,Driving Properly,Normal, , , , , , ,1,0,0,1,0,0,0,0,0,0,0,0,0,0
1274213,2012,1,10,11,47,1,43.72844538,-79.41809029,Eglinton-Lawrence (16),16,Bedford Park-Nortown (39),39,D32,North York,AVENUE RD,FAIRLAWN AVE, ,Major Arterial,Mid-Block, ,No Control,Clear,Daylight,Dry,Non-Fatal Injury,Pedestrian Collisions,Pedestrian,65 to 69,Major,0,East,Other, , , ,Pedestrian hit at mid-block,"Crossing, no Traffic Control",Inattentive, , , ,1,0,0,1,0,0,0,0,0,0,0,0,0,0
5001450991,2015,8,23,11,47,6,43.62899359,-79.55492029,Etobicoke-Lakeshore (5),5,Islington-City Centre West (14),14,D22,Etobicoke York,DUNDAS ST W,CLOVERDALE MALL,100 m East of,Major Arterial,Intersection,At Intersection,Traffic Signal,Clear,Daylight,Dry,Non-Fatal Injury,Cyclist Collisions,Driver,60 to 64,Minimal,0,East,"Automobile, Station Wagon",Turning Left,Improper Turn,Inattentive, , , , , , ,0,1,1,0,0,0,0,1,0,0,0,0,0,0
5001450991,2015,8,23,11,47,6,43.62899359,-79.55492029,Etobicoke-Lakeshore (5),5,Islington-City Centre West (14),14,D22,Etobicoke York,DUNDAS ST W,CLOVERDALE MALL,100 m East of,Major Arterial,Intersection,At Intersection,Traffic Signal,Clear,Daylight,Dry,Non-Fatal Injury,Cyclist Collisions,Driver,45 to 49,Minimal,0,West,Passenger Van,Going Ahead,Driving Properly,Normal, , , , , , ,0,1,1,0,0,0,0,1,0,0,0,0,0,0
5001450991,2015,8,23,11,47,6,43.62899359,-79.55492029,Etobicoke-Lakeshore (5),5,Islington-City Centre West (14),14,D22,Etobicoke York,DUNDAS ST W,CLOVERDALE MALL,100 m East of,Major Arterial,Intersection,At Intersection,Traffic Signal,Clear,Daylight,Dry,Non-Fatal Injury,Cyclist Collisions,Cyclist,55 to 59,Major,0,East,Bicycle,Stopped, , , , , ,Motorist loses control and strikes cyclist.,Driving Properly,Normal,0,1,1,0,0,0,0,1,0,0,0,0,0,0
5001450991,2015,8,23,11,47,6,43.62899359,-79.55492029,Etobicoke-Lakeshore (5),5,Islington-City Centre West (14),14,D22,Etobicoke York,DUNDAS ST W,CLOVERDALE MALL,100 m East of,Major Arterial,Intersection,At Intersection,Traffic Signal,Clear,Daylight,Dry,Non-Fatal Injury,Cyclist Collisions,Passenger,40 to 44,Major,0, , , , , , , , , , , ,0,1,1,0,0,0,0,1,0,0,0,0,0,0
7001799357,2017,10,4,11,47,2,43.66658362,-79.40382777,Trinity-Spadina (20),20,University (79),79,D14,Toronto East York,BLOOR ST W,SPADINA RD, ,Major Arterial,Intersection,Intersection Related,Traffic Signal,Clear,Daylight,Dry,Non-Fatal Injury,Cyclist Collisions,Cyclist,25 to 29,,0,West,Bicycle,Overtaking, , , , , ,Cyclist and Driver travelling in same direction. One vehicle sideswipes the other.,Improper Passing,Other,0,1,1,0,0,0,0,0,0,0,0,0,0,0