ACCNUM,YEAR,MONTH,DAY,HOUR,MINUTES,WEEKDAY,LATITUDE,LONGITUDE,Ward_Name,Ward_ID,Hood_Name,Hood_ID,Division,District,STREET1,STREET2,OFFSET,ROAD_CLASS,LOCCOORD,ACCLOC,TRAFFCTL,VISIBILITY,LIGHT,RDSFCOND,ACCLASS,IMPACTYPE,INVTYPE,INVAGE,INJURY,FATAL_NO,INITDIR,VEHTYPE,MANOEUVER,DRIVACT,DRIVCOND,PEDTYPE,PEDACT,PEDCOND,CYCLISTYPE,CYCACT,CYCCOND,PEDESTRIAN,CYCLIST,AUTOMOBILE,MOTORCYCLE,TRUCK,TRSN_CITY_VEH,EMERG_VEH,PASSENGER,SPEEDING,AG_DRIV,REDLIGHT,ALCOHOL,DISABILITY,label
7001799357,2017,10,4,11,47,2,43.66658362,-79.40382777,Trinity-Spadina (20),20,University (79),79,D14,Toronto East York,BLOOR ST W,SPADINA RD, ,Major Arterial,Intersection,Intersection Related,Traffic Signal,Clear,Daylight,Dry,Non-Fatal Injury,Cyclist Collisions,Driver,35 to 39,,0,West,"Automobile, Station Wagon",Going Ahead,Driving Properly,Normal, , , , , , ,0,1,1,0,0,0,0,0,0,0,0,0,0,0
7001799357,2017,10,4,11,47,2,43.66658362,-79.40382777,Trinity-Spadina (20),20,University (79),79,D14,Toronto East York,BLOOR ST W,SPADINA RD, ,Major Arterial,Intersection,Intersection Related,Traffic Signal,Clear,Daylight,Dry,Non-Fatal Injury,Cyclist Collisions,Cyclist,50 to 54,Major,0,West,Bicycle,Going Ahead, , , , , ,Cyclist and Driver travelling in same direction. One vehicle sideswipes the other.,Driving Properly,Normal,0,1,1,0,0,0,0,0,0,0,0,0,0,0
7003060621,2017,11,24,11,48,4,43.77535589,-79.32223902,Scarborough-Agincourt (40),40,Tam O'Shanter-Sullivan (118),118,D42,Scarborough,SHEPPARD AVE E,VICTORIA PARK AVE, ,Major Arterial,Mid-Block,Non Intersection,No Control,Clear,Daylight,Dry,Fatal,Pedestrian Collisions,Truck Driver,25 to 29,,0,West, ,Going Ahead,Driving Properly,Unknown, , , , , , ,1,0,1,0,0,0,0,0,0,0,0,0,0,1
7003060621,2017,11,24,11,48,4,43.77535589,-79.32223902,Scarborough-Agincourt (40),40,Tam O'Shanter-Sullivan (118),118,D42,Scarborough,SHEPPARD AVE E,VICTORIA PARK AVE, ,Major Arterial,Mid-Block,Non Intersection,No Control,Clear,Daylight,Dry,Fatal,Pedestrian Collisions,Pedestrian,70 to 74,Fatal,54,South,Passenger Van, , , ,Pedestrian hit at mid-block,"Crossing, no Traffic Control",Unknown, , , ,1,0,1,0,0,0,0,0,0,0,0,0,0,1
1179891,2010,7,29,11,49,3,43.74414538,-79.40669029,Don Valley West (25),25,St.Andrew-Windfields (40),40,D32,North York,YONGE ST,YORK MILLS RD, ,Major Arterial,Intersection, ,Traffic Signal,Clear,Daylight,Dry,Fatal,Angle,Vehicle Owner,unknown, ,0, ,Other, , , , , , , , , ,0,0,1,0,0,0,0,0,0,1,1,0,0,1
1179891,2010,7,29,11,49,3,43.74414538,-79.40669029,Don Valley West (25),25,St.Andrew-Windfields (40),40,D32,North York,YONGE ST,YORK MILLS RD, ,Major Arterial,Intersection, ,Traffic Signal,Clear,Daylight,Dry,Fatal,Angle,Driver,75 to 79,Minor,0,East,"Automobile, Station Wagon",Going Ahead,Driving Properly,Normal, , , , , , ,0,0,1,0,0,0,0,0,0,1,1,0,0,1
1179891,2010,7,29,11,49,3,43.74414538,-79.40669029,Don Valley West (25),25,St.Andrew-Windfields (40),40,D32,North York,YONGE ST,YORK MILLS RD, ,Major Arterial,Intersection, ,Traffic Signal,Clear,Daylight,Dry,Fatal,Angle,Driver,45 to 49,Minimal,0,East,"Automobile, Station Wagon",Going Ahead,Driving Properly,Normal, , , , , , ,0,0,1,0,0,0,0,0,0,1,1,0,0,1
1179891,2010,7,29,11,49,3,43.74414538,-79.40669029,Don Valley West (25),25,St.Andrew-Windfields (40),40,D32,North York,YONGE ST,YORK MILLS RD, ,Major Arterial,Intersection, ,Traffic Signal,Clear,Daylight,Dry,Fatal,Angle,Driver,85 to 89,Fatal,28,South,"Automobile, Station Wagon",Going Ahead,Disobeyed Traffic Control,Normal, , , , , , ,0,0,1,0,0,0,0,0,0,1,1,0,0,1
1044477,2008,6,1,11,50,6,43.68204538,-79.32979029,Toronto-Danforth (30),30,Greenwood-Coxwell (65),65,D55,Toronto East York,DANFORTH AVE,LINNSMORE CRES, ,Major Arterial,Intersection, ,Traffic Signal,Clear,Daylight,Dry,Non-Fatal Injury,Pedestrian Collisions,Driver,40 to 44,,0,South,Other,Turning Left,Failed to Yield Right of Way,Inattentive, , , , , , ,1,0,0,0,0,0,0,0,0,1,0,0,0,0
1044477,2008,6,1,11,50,6,43.68204538,-79.32979029,Toronto-Danforth (30),30,Greenwood-Coxwell (65),65,D55,Toronto East York,DANFORTH AVE,LINNSMORE CRES, ,Major Arterial,Intersection, ,Traffic Signal,Clear,Daylight,Dry,Non-Fatal Injury,Pedestrian Collisions,Pedestrian,50 to 54,Major,0,North,Other, , , ,Vehicle turns left while ped crosses with ROW at inter.,Crossing with right of way,Normal, , , ,1,0,0,0,0,0,0,0,0,1,0,0,0,0
1064720,2008,9,30,11,50,1,43.64794538,-79.48659029,Parkdale-High Park (13),13,High Park-Swansea (87),87,D11,Etobicoke York,BLOOR ST W,OLD MILL DR, ,Major Arterial,Intersection, ,No Control,Rain,Daylight,Wet,Non-Fatal Injury,Rear End,Driver,60 to 64,Major,0,West,"Automobile, Station Wagon",Stopped,Driving Properly,Normal, , , , , , ,0,0,1,0,0,0,0,0,0,1,0,0,0,0
1064720,2008,9,30,11,50,1,43.64794538,-79.48659029,Parkdale-High Park (13),13,High Park-Swansea (87),87,D11,Etobicoke York,BLOOR ST W,OLD MILL DR, ,Major Arterial,Intersection, ,No Control,Rain,Daylight,Wet,Non-Fatal Injury,Rear End,Vehicle Owner,unknown, ,0, ,Other, , , , , , , , , ,0,0,1,0,0,0,0,0,0,1,0,0,0,0
1064720,2008,9,30,11,50,1,43.64794538,-79.48659029,Parkdale-High Park (13),13,High Park-Swansea (87),87,D11,Etobicoke York,BLOOR ST W,OLD MILL DR, ,Major Arterial,Intersection, ,No Control,Rain,Daylight,Wet,Non-Fatal Injury,Rear End,Driver,15 to 19,Major,0,West,"Automobile, Station Wagon",Going Ahead,Following too Close,Normal, , , , , , ,0,0,1,0,0,0,0,0,0,1,0,0,0,0
1064702,2008,10,16,11,50,3,43.75154538,-79.26509029,Scarborough Centre (37),37,Dorset Park (126),126,D41,Scarborough,LAWRENCE AVE E,MIDLAND AVE, ,Major Arterial,Intersection,At Intersection,Traffic Signal,Other,Daylight,Dry,Non-Fatal Injury,Pedestrian Collisions,Vehicle Owner,unknown, ,0, ,Other, , , , , , , , , ,1,0,0,0,1,0,0,0,0,1,0,0,0,0
1064702,2008,10,16,11,50,3,43.75154538,-79.26509029,Scarborough Centre (37),37,Dorset Park (126),126,D41,Scarborough,LAWRENCE AVE E,MIDLAND AVE, ,Major Arterial,Intersection,At Intersection,Traffic Signal,Other,Daylight,Dry,Non-Fatal Injury,Pedestrian Collisions,Truck Driver,45 to 49,,0,South,Truck - Open,Turning Right,Failed to Yield Right of Way,Normal, , , , , , ,1,0,0,0,1,0,0,0,0,1,0,0,0,0
1064702,2008,10,16,11,50,3,43.75154538,-79.26509029,Scarborough Centre (37),37,Dorset Park (126),126,D41,Scarborough,LAWRENCE AVE E,MIDLAND AVE, ,Major Arterial,Intersection,At Intersection,Traffic Signal,Other,Daylight,Dry,Non-Fatal Injury,Pedestrian Collisions,Pedestrian,35 to 39,Major,0,South,Other, , , ,Vehicle turns right while ped crosses with ROW at inter.,Crossing with right of way,Normal, , , ,1,0,0,0,1,0,0,0,0,1,0,0,0,0
1148593,2010,1,19,11,50,1,43.67834538,-79.44539029,Davenport (17),17,Corso Italia-Davenport (92),92,D13,Etobicoke York,ST CLAIR GDNS,NORTON AVE, ,Local,Intersection, ,No Control,Clear,Daylight,Dry,Non-Fatal Injury,Pedestrian Collisions,Vehicle Owner,unknown, ,0, ,Other, , , , , , , , , ,1,0,1,0,0,0,0,0,0,0,0,0,0,0
1148593,2010,1,19,11,50,1,43.67834538,-79.44539029,Davenport (17),17,Corso Italia-Davenport (92),92,D13,Etobicoke York,ST CLAIR GDNS,NORTON AVE, ,Local,Intersection, ,No Control,Clear,Daylight,Dry,Non-Fatal Injury,Pedestrian Collisions,Driver,65 to 69,,0,South,"Automobile, Station Wagon",Reversing,Other,Normal, , , , , , ,1,0,1,0,0,0,0,0,0,0,0,0,0,0
1148593,2010,1,19,11,50,1,43.67834538,-79.44539029,Davenport (17),17,Corso Italia-Davenport (92),92,D13,Etobicoke York,ST CLAIR GDNS,NORTON AVE, ,Local,Intersection, ,No Control,Clear,Daylight,Dry,Non-Fatal Injury,Pedestrian Collisions,Pedestrian,70 to 74,Major,0,West,Other, , , ,Vehicle is reversing and hits pedestrian,"Crossing, no Traffic Control",Normal, , , ,1,0,1,0,0,0,0,0,0,0,0,0,0,0
1225017,2011,1,21,11,50,4,43.65584538,-79.38299029,Toronto Centre-Rosedale (27),27,Bay Street Corridor (76),76,D52,Toronto East York,DUNDAS ST W,BAY ST, ,Major Arterial,Mid-Block, ,No Control,Clear,Daylight,Wet,Non-Fatal Injury,Cyclist Collisions,Driver,40 to 44,,0,East,"Automobile, Station Wagon",Changing Lanes,Improper Lane Change,Inattentive, , , , , , ,0,1,1,0,0,0,0,0,0,0,0,0,0,0
1225017,2011,1,21,11,50,4,43.65584538,-79.38299029,Toronto Centre-Rosedale (27),27,Bay Street Corridor (76),76,D52,Toronto East York,DUNDAS ST W,BAY ST, ,Major Arterial,Mid-Block, ,No Control,Clear,Daylight,Wet,Non-Fatal Injury,Cyclist Collisions,Cyclist,20 to 24,Major,0,East,Bicycle,Overtaking, , , , , ,Cyclist and Driver travelling in same direction. One vehicle sideswipes the other.,Driving Properly,Normal,0,1,1,0,0,0,0,0,0,0,0,0,0,0
6000920923,2016,5,28,11,50,5,43.70917471,-79.50551997,York South-Weston (12),12,Rustic (28),28,D12,Etobicoke York,JANE ST,MAPLE LEAF DR, ,Major Arterial,Intersection,At Intersection,Traffic Signal,Clear,Daylight,Dry,Non-Fatal Injury,Turning Movement,Driver,60 to 64,,0,South,"Automobile, Station Wagon",Turning Left,Failed to Yield Right of Way,Inattentive, , , , , , ,0,0,1,1,0,0,0,0,0,1,0,0,0,0
6000920923,2016,5,28,11,50,5,43.70917471,-79.50551997,York South-Weston (12),12,Rustic (28),28,D12,Etobicoke York,JANE ST,MAPLE LEAF DR, ,Major Arterial,Intersection,At Intersection,Traffic Signal,Clear,Daylight,Dry,Non-Fatal Injury,Turning Movement,Motorcycle Driver,20 to 24,Major,0,North,Motorcycle,Going Ahead,Driving Properly,Normal, , , , , , ,0,0,1,1,0,0,0,0,0,1,0,0,0,0
1069560,2008,11,12,11,51,2,43.69044538,-79.47389029,York South-Weston (12),12,Beechborough-Greenbrook (112),112,D12,Etobicoke York,EGLINTON AVE W,KEELE ST, ,Major Arterial,Intersection,At Intersection,No Control,Clear,Daylight,Dry,Non-Fatal Injury,Pedestrian Collisions,Driver,40 to 44,,0,West,"Automobile, Station Wagon",Going Ahead,Driving Properly,Normal, , , , , , ,1,0,1,0,0,0,0,1,0,0,0,0,0,0
1069560,2008,11,12,11,51,2,43.69044538,-79.47389029,York South-Weston (12),12,Beechborough-Greenbrook (112),112,D12,Etobicoke York,EGLINTON AVE W,KEELE ST, ,Major Arterial,Intersection,At Intersection,No Control,Clear,Daylight,Dry,Non-Fatal Injury,Pedestrian Collisions,Passenger,50 to 54,,0, ,Other, , , , , , , , , ,1,0,1,0,0,0,0,1,0,0,0,0,0,0
1069560,2008,11,12,11,51,2,43.69044538,-79.47389029,York South-Weston (12),12,Beechborough-Greenbrook (112),112,D12,Etobicoke York,EGLINTON AVE W,KEELE ST, ,Major Arterial,Intersection,At Intersection,No Control,Clear,Daylight,Dry,Non-Fatal Injury,Pedestrian Collisions,Pedestrian,10 to 14,Major,0,North,Other, , , ,Vehicle is going straight thru inter.while ped cross without ROW,"Crossing, no Traffic Control",Inattentive, , , ,1,0,1,0,0,0,0,1,0,0,0,0,0,0
4002973211,2014,9,24,11,51,2,43.65183218,-79.57000361,Etobicoke Centre (3),3,Etobicoke West Mall (13),13,D22,Etobicoke York,551 THE WEST MALL, , ,Minor Arterial,Mid-Block,Non Intersection,No Control,Clear,Daylight,Dry,Non-Fatal Injury,SMV Other,Driver,75 to 79,Major,0,North,"Automobile, Station Wagon",Going Ahead,Lost control,Unknown, , , , , , ,0,0,1,0,0,0,0,0,1,1,0,0,0,0
1073992,2008,11,10,11,52,0,43.72904538,-79.45809029,York Centre (9),9,Clanton Park (33),33,D32,North York,DUFFERIN Stre,WHITLEY Aven, ,Major Arterial,Intersection, ,No Control,Clear,Daylight,Dry,Non-Fatal Injury,Rear End,Driver,85 to 89,Major,0,South,"Automobile, Station Wagon",Going Ahead,Following too Close,Unknown, , , , , , ,0,0,1,0,0,0,0,1,0,1,0,0,0,0
1073992,2008,11,10,11,52,0,43.72904538,-79.45809029,York Centre (9),9,Clanton Park (33),33,D32,North York,DUFFERIN Stre,WHITLEY Aven, ,Major Arterial,Intersection, ,No Control,Clear,Daylight,Dry,Non-Fatal Injury,Rear End,Passenger,50 to 54,Minor,0, ,Other, , , , , , , , , ,0,0,1,0,0,0,0,1,0,1,0,0,0,0
1073992,2008,11,10,11,52,0,43.72904538,-79.45809029,York Centre (9),9,Clanton Park (33),33,D32,North York,DUFFERIN Stre,WHITLEY Aven, ,Major Arterial,Intersection, ,No Control,Clear,Daylight,Dry,Non-Fatal Injury,Rear End,Driver,20 to 24,Minor,0,South,"Automobile, Station Wagon",Stopped,Driving Properly,Normal, , , , , , ,0,0,1,0,0,0,0,1,0,1,0,0,0,0
1073992,2008,11,10,11,52,0,43.72904538,-79.45809029,York Centre (9),9,Clanton Park (33),33,D32,North York,DUFFERIN Stre,WHITLEY Aven, ,Major Arterial,Intersection, ,No Control,Clear,Daylight,Dry,Non-Fatal Injury,Rear End,Driver,50 to 54,Minor,0,South,"Automobile, Station Wagon",Stopped,Driving Properly,Normal, , , , , , ,0,0,1,0,0,0,0,1,0,1,0,0,0,0
1224921,2011,3,28,11,52,0,43.62184538,-79.54319029,Etobicoke-Lakeshore (5),5,Islington-City Centre West (14),14,D22,Etobicoke York,NORTH QUEEN ST,ATOMIC AVE, ,Minor Arterial,Mid-Block, ,No Control,Clear,Daylight,Dry,Fatal,Approaching,Driver,70 to 74,Fatal,7,West,"Automobile, Station Wagon",Going Ahead,Lost control,Unknown, , , , , , ,0,0,1,0,1,0,0,0,0,0,0,0,0,1
1224921,2011,3,28,11,52,0,43.62184538,-79.54319029,Etobicoke-Lakeshore (5),5,Islington-City Centre West (14),14,D22,Etobicoke York,NORTH QUEEN ST,ATOMIC AVE, ,Minor Arterial,Mid-Block, ,No Control,Clear,Daylight,Dry,Fatal,Approaching,Vehicle Owner,unknown, ,0, ,Other, , , , , , , , , ,0,0,1,0,1,0,0,0,0,0,0,0,0,1
1097106,2009,3,10,11,56,1,43.66744574,-79.3433877,Toronto-Danforth (30),30,South Riverdale (70),70,D55,Toronto East York,GERRARD St E,CARLAW Ave, ,Minor Arterial,Mid-Block, ,No Control,Clear,Daylight,Dry,Non-Fatal Injury,Cyclist Collisions,Cyclist,45 to 49,Major,0,West,Bicycle,Going Ahead, , , , , ,Cyclist struck opened vehicle door,Driving Properly,Normal,0,1,1,0,0,0,0,0,0,0,0,0,0,0
1224921,2011,3,28,11,52,0,43.62184538,-79.54319029,Etobicoke-Lakeshore (5),5,Islington-City Centre West (14),14,D22,Etobicoke York,NORTH QUEEN ST,ATOMIC AVE, ,Minor Arterial,Mid-Block, ,No Control,Clear,Daylight,Dry,Fatal,Approaching,Truck Driver,50 to 54,Minor,0,East,Truck - Open,Going Ahead,Driving Properly,Normal, , , , , , ,0,0,1,0,1,0,0,0,0,0,0,0,0,1
1224921,2011,3,28,11,52,0,43.62184538,-79.54319029,Etobicoke-Lakeshore (5),5,Islington-City Centre West (14),14,D22,Etobicoke York,NORTH QUEEN ST,ATOMIC AVE, ,Minor Arterial,Mid-Block, ,No Control,Clear,Daylight,Dry,Fatal,Approaching,Driver,25 to 29,,0,West,"Automobile, Station Wagon",Going Ahead,Driving Properly,Normal, , , , , , ,0,0,1,0,1,0,0,0,0,0,0,0,0,1
6001807391,2016,10,11,11,52,1,43.75644644,-79.34102259,Don Valley East (34),34,Parkwoods-Donalda (45),45,D33,North York,8 SILVERDALE CRES, , ,Collector,Mid-Block,At/Near Private Drive,No Control,Clear,Daylight,Dry,Fatal,Pedestrian Collisions,Pedestrian,80 to 84,Fatal,62,South, , , , ,Pedestrian hit on sidewalk or shoulder,On Sidewalk or Shoulder,Normal, , , ,1,0,1,0,0,0,0,0,0,0,0,0,0,1
6001807391,2016,10,11,11,52,1,43.75644644,-79.34102259,Don Valley East (34),34,Parkwoods-Donalda (45),45,D33,North York,8 SILVERDALE CRES, , ,Collector,Mid-Block,At/Near Private Drive,No Control,Clear,Daylight,Dry,Fatal,Pedestrian Collisions,Driver,25 to 29,,0,South,"Automobile, Station Wagon",Going Ahead,Lost control,Unknown, , , , , , ,1,0,1,0,0,0,0,0,0,0,0,0,0,1
1151614,2010,1,12,11,53,1,43.74394538,-79.21559029,Scarborough Southwest (36),36,Scarborough Village (139),139,D43,Scarborough,EGLINTON Aven E,CEDAR Driv, ,Major Arterial,Intersection,At Intersection,Traffic Signal,Clear,Daylight,Dry,Non-Fatal Injury,Pedestrian Collisions,Passenger,20 to 24,Major,0, ,Other, , , , , , , , , ,1,0,1,0,0,0,0,1,0,1,0,0,0,0
1151614,2010,1,12,11,53,1,43.74394538,-79.21559029,Scarborough Southwest (36),36,Scarborough Village (139),139,D43,Scarborough,EGLINTON Aven E,CEDAR Driv, ,Major Arterial,Intersection,At Intersection,Traffic Signal,Clear,Daylight,Dry,Non-Fatal Injury,Pedestrian Collisions,Driver,50 to 54,Minor,0,West,"Automobile, Station Wagon",Going Ahead,Driving Properly,Normal, , , , , , ,1,0,1,0,0,0,0,1,0,1,0,0,0,0
1151614,2010,1,12,11,53,1,43.74394538,-79.21559029,Scarborough Southwest (36),36,Scarborough Village (139),139,D43,Scarborough,EGLINTON Aven E,CEDAR Driv, ,Major Arterial,Intersection,At Intersection,Traffic Signal,Clear,Daylight,Dry,Non-Fatal Injury,Pedestrian Collisions,Driver,50 to 54,Minor,0,East,"Automobile, Station Wagon",Turning Left,Failed to Yield Right of Way,Inattentive, , , , , , ,1,0,1,0,0,0,0,1,0,1,0,0,0,0
1151614,2010,1,12,11,53,1,43.74394538,-79.21559029,Scarborough Southwest (36),36,Scarborough Village (139),139,D43,Scarborough,EGLINTON Aven E,CEDAR Driv, ,Major Arterial,Intersection,At Intersection,Traffic Signal,Clear,Daylight,Dry,Non-Fatal Injury,Pedestrian Collisions,Other Property Owner,unknown, ,0, ,Other, , , , , , , , , ,1,0,1,0,0,0,0,1,0,1,0,0,0,0
1151614,2010,1,12,11,53,1,43.74394538,-79.21559029,Scarborough Southwest (36),36,Scarborough Village (139),139,D43,Scarborough,EGLINTON Aven E,CEDAR Driv, ,Major Arterial,Intersection,At Intersection,Traffic Signal,Clear,Daylight,Dry,Non-Fatal Injury,Pedestrian Collisions,Pedestrian,60 to 64,Major,0,West,Other, , , ,Vehicle turns left while ped crosses with ROW at inter.,Crossing with right of way,Normal, , , ,1,0,1,0,0,0,0,1,0,1,0,0,0,0
1382978,2013,7,15,11,53,0,43.72994574,-79.26698695,Scarborough Southwest (35),35,Kennedy Park (124),124,D41,Scarborough,KENNEDY RD,KENMARK BLVD, ,Major Arterial,Intersection, ,Stop Sign,Clear,Daylight,Dry,Non-Fatal Injury,Pedestrian Collisions,Driver,35 to 39,,0,West,"Automobile, Station Wagon",Turning Right,Failed to Yield Right of Way,Inattentive, , , , , , ,1,0,1,0,0,0,0,0,0,1,0,0,0,0
1382978,2013,7,15,11,53,0,43.72994574,-79.26698695,Scarborough Southwest (35),35,Kennedy Park (124),124,D41,Scarborough,KENNEDY RD,KENMARK BLVD, ,Major Arterial,Intersection, ,Stop Sign,Clear,Daylight,Dry,Non-Fatal Injury,Pedestrian Collisions,Pedestrian,65 to 69,Major,0,South,Other, , , ,Vehicle turns right while ped crosses with ROW at inter.,Crossing with right of way,Normal, , , ,1,0,1,0,0,0,0,0,0,1,0,0,0,0
3001131937,2013,12,11,11,53,2,43.69979819,-79.25733576,Scarborough Southwest (36),36,Birchcliffe-Cliffside (122),122,D41,Scarborough,CLAREMORE AVE,KINGSTON RD,450 m West of,Minor Arterial,Mid-Block,Non Intersection,No Control,Clear,Daylight,Dry,Non-Fatal Injury,Sideswipe,Driver,15 to 19,Major,0,West,"Automobile, Station Wagon",Changing Lanes,Other,Normal, , , , , , ,0,0,1,0,0,0,0,1,1,1,0,0,0,0
3001131937,2013,12,11,11,53,2,43.69979819,-79.25733576,Scarborough Southwest (36),36,Birchcliffe-Cliffside (122),122,D41,Scarborough,CLAREMORE AVE,KINGSTON RD,450 m West of,Minor Arterial,Mid-Block,Non Intersection,No Control,Clear,Daylight,Dry,Non-Fatal Injury,Sideswipe,Passenger,15 to 19,,0, , , , , , , , , , , ,0,0,1,0,0,0,0,1,1,1,0,0,0,0
3001131937,2013,12,11,11,53,2,43.69979819,-79.25733576,Scarborough Southwest (36),36,Birchcliffe-Cliffside (122),122,D41,Scarborough,CLAREMORE AVE,KINGSTON RD,450 m West of,Minor Arterial,Mid-Block,Non Intersection,No Control,Clear,Daylight,Dry,Non-Fatal Injury,Sideswipe,Passenger,15 to 19,Major,0, , , , , , , , , , , ,0,0,1,0,0,0,0,1,1,1,0,0,0,0
3001131937,2013,12,11,11,53,2,43.69979819,-79.25733576,Scarborough Southwest (36),36,Birchcliffe-Cliffside (122),122,D41,Scarborough,CLAREMORE AVE,KINGSTON RD,450 m West of,Minor Arterial,Mid-Block,Non Intersection,No Control,Clear,Daylight,Dry,Non-Fatal Injury,Sideswipe,Passenger,15 to 19,Major,0, , , , , , , , , , , ,0,0,1,0,0,0,0,1,1,1,0,0,0,0
4002987190,2014,9,26,11,53,4,43.73331412,-79.45282374,York Centre (9),9,Clanton Park (33),33,D32,North York,WILSON AVE,BILLY BISHOP WAY,4 m South of,Major Arterial,Intersection,At Intersection,Traffic Signal,Clear,Daylight,Dry,Non-Fatal Injury,Cyclist Collisions,Driver,50 to 54,,0,North,"Automobile, Station Wagon",Turning Right,Driving Properly,Normal, , , , , , ,0,1,1,0,0,0,0,0,0,0,0,0,0,0
4002987190,2014,9,26,11,53,4,43.73331412,-79.45282374,York Centre (9),9,Clanton Park (33),33,D32,North York,WILSON AVE,BILLY BISHOP WAY,4 m South of,Major Arterial,Intersection,At Intersection,Traffic Signal,Clear,Daylight,Dry,Non-Fatal Injury,Cyclist Collisions,Cyclist,20 to 24,Major,0,East,Bicycle,Going Ahead, , , , , ,"Cyclist without ROW rides into path of motorist at inter, lnwy, dwy-Cyclist not turn.",Failed to Yield Right of Way,Normal,0,1,1,0,0,0,0,0,0,0,0,0,0,0
1247862,2011,8,7,11,54,6,43.69854538,-79.53989029,Etobicoke Centre (4),4,Kingsview Village-The Westway (6),6,D23,Etobicoke York,DIXON RD,GOLFWOOD HTS Heig, ,Major Arterial,Intersection,At Intersection,Traffic Signal,Clear,Daylight,Dry,Fatal,Turning Movement,Motorcycle Driver,30 to 34,Fatal,17,West,Motorcycle,Going Ahead,Exceeding Speed Limit,Normal, , , , , , ,0,0,1,1,0,0,0,0,1,1,0,0,0,1
1247862,2011,8,7,11,54,6,43.69854538,-79.53989029,Etobicoke Centre (4),4,Kingsview Village-The Westway (6),6,D23,Etobicoke York,DIXON RD,GOLFWOOD HTS Heig, ,Major Arterial,Intersection,At Intersection,Traffic Signal,Clear,Daylight,Dry,Fatal,Turning Movement,Driver,75 to 79,Minimal,0,East,"Automobile, Station Wagon",Turning Left,Driving Properly,Normal, , , , , , ,0,0,1,1,0,0,0,0,1,1,0,0,0,1
1247862,2011,8,7,11,54,6,43.69854538,-79.53989029,Etobicoke Centre (4),4,Kingsview Village-The Westway (6),6,D23,Etobicoke York,DIXON RD,GOLFWOOD HTS Heig, ,Major Arterial,Intersection,At Intersection,Traffic Signal,Clear,Daylight,Dry,Fatal,Turning Movement,Other Property Owner,unknown, ,0, ,Other, , , , , , , , , ,0,0,1,1,0,0,0,0,1,1,0,0,0,1
1269892,2011,10,31,11,54,0,43.60024538,-79.50759029,Etobicoke-Lakeshore (6),6,New Toronto (18),18,D22,Etobicoke York,LAKE SHORE BLVD W,NINTH ST, ,Major Arterial,Intersection,At Intersection,Stop Sign,Clear,Daylight,Dry,Non-Fatal Injury,Turning Movement,Vehicle Owner,unknown, ,0, ,Other, , , , , , , , , ,0,0,1,1,0,0,0,0,1,1,0,0,0,0
1269892,2011,10,31,11,54,0,43.60024538,-79.50759029,Etobicoke-Lakeshore (6),6,New Toronto (18),18,D22,Etobicoke York,LAKE SHORE BLVD W,NINTH ST, ,Major Arterial,Intersection,At Intersection,Stop Sign,Clear,Daylight,Dry,Non-Fatal Injury,Turning Movement,Motorcycle Driver,55 to 59,Major,0,East,Motorcycle,Going Ahead,Driving Properly,Normal, , , , , , ,0,0,1,1,0,0,0,0,1,1,0,0,0,0
1269892,2011,10,31,11,54,0,43.60024538,-79.50759029,Etobicoke-Lakeshore (6),6,New Toronto (18),18,D22,Etobicoke York,LAKE SHORE BLVD W,NINTH ST, ,Major Arterial,Intersection,At Intersection,Stop Sign,Clear,Daylight,Dry,Non-Fatal Injury,Turning Movement,Driver,75 to 79,Minor,0,North,"Automobile, Station Wagon",Turning Left,Failed to Yield Right of Way,Normal, , , , , , ,0,0,1,1,0,0,0,0,1,1,0,0,0,0
5000591639,2015,4,10,11,54,4,43.68928869,-79.29676447,Beaches-East York (32),32,East End-Danforth (62),62,D55,Toronto East York,DAWES RD,DANFORTH AVE,24 m South of,Local,Intersection,Non Intersection,No Control,Clear,Daylight,Dry,Non-Fatal Injury,Pedestrian Collisions,Driver,80 to 84,,0,South,"Automobile, Station Wagon",Going Ahead,Lost control,Inattentive, , , , , , ,1,0,1,0,0,0,0,0,0,0,0,0,0,0
5000591639,2015,4,10,11,54,4,43.68928869,-79.29676447,Beaches-East York (32),32,East End-Danforth (62),62,D55,Toronto East York,DAWES RD,DANFORTH AVE,24 m South of,Local,Intersection,Non Intersection,No Control,Clear,Daylight,Dry,Non-Fatal Injury,Pedestrian Collisions,Driver,45 to 49,,0,South,"Automobile, Station Wagon",Parked,Other,Unknown, , , , , , ,1,0,1,0,0,0,0,0,0,0,0,0,0,0
5000591639,2015,4,10,11,54,4,43.68928869,-79.29676447,Beaches-East York (32),32,East End-Danforth (62),62,D55,Toronto East York,DAWES RD,DANFORTH AVE,24 m South of,Local,Intersection,Non Intersection,No Control,Clear,Daylight,Dry,Non-Fatal Injury,Pedestrian Collisions,Pedestrian,45 to 49,Major,0,Unknown, , , , ,Pedestrian hit at mid-block,Other,Normal, , , ,1,0,1,0,0,0,0,0,0,0,0,0,0,0