ACCNUM,YEAR,MONTH,DAY,HOUR,MINUTES,WEEKDAY,LATITUDE,LONGITUDE,Ward_Name,Ward_ID,Hood_Name,Hood_ID,Division,District,STREET1,STREET2,OFFSET,ROAD_CLASS,LOCCOORD,ACCLOC,TRAFFCTL,VISIBILITY,LIGHT,RDSFCOND,ACCLASS,IMPACTYPE,INVTYPE,INVAGE,INJURY,FATAL_NO,INITDIR,VEHTYPE,MANOEUVER,DRIVACT,DRIVCOND,PEDTYPE,PEDACT,PEDCOND,CYCLISTYPE,CYCACT,CYCCOND,PEDESTRIAN,CYCLIST,AUTOMOBILE,MOTORCYCLE,TRUCK,TRSN_CITY_VEH,EMERG_VEH,PASSENGER,SPEEDING,AG_DRIV,REDLIGHT,ALCOHOL,DISABILITY,label
6001363275,2016,8,3,11,54,2,43.79593619,-79.42922602,Willowdale (23),23,Newtonbrook West (36),36,D32,North York,STEELES AVE W,HILDA AVE,5 m North of,Major Arterial,Intersection,At Intersection,Traffic Signal,Clear,Daylight,Dry,Non-Fatal Injury,Turning Movement,Driver,25 to 29,Minor,0,West,"Automobile, Station Wagon",Turning Left,Failed to Yield Right of Way,Inattentive, , , , , , ,0,0,1,0,0,0,0,0,0,1,0,0,0,0
6001363275,2016,8,3,11,54,2,43.79593619,-79.42922602,Willowdale (23),23,Newtonbrook West (36),36,D32,North York,STEELES AVE W,HILDA AVE,5 m North of,Major Arterial,Intersection,At Intersection,Traffic Signal,Clear,Daylight,Dry,Non-Fatal Injury,Turning Movement,Driver,60 to 64,Major,0,East,"Automobile, Station Wagon",Going Ahead,Driving Properly,Normal, , , , , , ,0,0,1,0,0,0,0,0,0,1,0,0,0,0
1181194,2010,6,14,11,56,0,43.76184538,-79.21579029,Scarborough East (43),43,Woburn (137),137,D43,Scarborough,SCARBOROUGH GOLF CLUB RD,LAWRENCE AVE E, ,Major Arterial,Intersection,At Intersection,Traffic Signal,Clear,Daylight,Dry,Non-Fatal Injury,Angle,Vehicle Owner,unknown, ,0, ,Other, , , , , , , , , ,0,0,1,0,0,0,0,0,0,1,1,0,0,0
1181194,2010,6,14,11,56,0,43.76184538,-79.21579029,Scarborough East (43),43,Woburn (137),137,D43,Scarborough,SCARBOROUGH GOLF CLUB RD,LAWRENCE AVE E, ,Major Arterial,Intersection,At Intersection,Traffic Signal,Clear,Daylight,Dry,Non-Fatal Injury,Angle,Driver,70 to 74,Major,0,North,"Automobile, Station Wagon",Going Ahead,Disobeyed Traffic Control,Normal, , , , , , ,0,0,1,0,0,0,0,0,0,1,1,0,0,0
1181194,2010,6,14,11,56,0,43.76184538,-79.21579029,Scarborough East (43),43,Woburn (137),137,D43,Scarborough,SCARBOROUGH GOLF CLUB RD,LAWRENCE AVE E, ,Major Arterial,Intersection,At Intersection,Traffic Signal,Clear,Daylight,Dry,Non-Fatal Injury,Angle,Driver,40 to 44,Minimal,0,East,"Automobile, Station Wagon",Going Ahead,Driving Properly,Normal, , , , , , ,0,0,1,0,0,0,0,0,0,1,1,0,0,0
1360626,2013,6,12,11,57,2,43.69364538,-79.34819029,Toronto-Danforth (29),29,Old East York (58),58,D54,Toronto East York,O CONNOR DR,RIVERCOURT BLVD, ,Major Arterial,Intersection,At Intersection,Traffic Signal,Clear,Daylight,Dry,Non-Fatal Injury,Cyclist Collisions,Passenger,15 to 19,,0, ,Other, , , , , , , , , ,0,1,1,0,0,0,0,1,0,0,0,0,0,0
1360626,2013,6,12,11,57,2,43.69364538,-79.34819029,Toronto-Danforth (29),29,Old East York (58),58,D54,Toronto East York,O CONNOR DR,RIVERCOURT BLVD, ,Major Arterial,Intersection,At Intersection,Traffic Signal,Clear,Daylight,Dry,Non-Fatal Injury,Cyclist Collisions,Vehicle Owner,unknown, ,0, ,Other, , , , , , , , , ,0,1,1,0,0,0,0,1,0,0,0,0,0,0
1360626,2013,6,12,11,57,2,43.69364538,-79.34819029,Toronto-Danforth (29),29,Old East York (58),58,D54,Toronto East York,O CONNOR DR,RIVERCOURT BLVD, ,Major Arterial,Intersection,At Intersection,Traffic Signal,Clear,Daylight,Dry,Non-Fatal Injury,Cyclist Collisions,Driver,50 to 54,,0,West,"Automobile, Station Wagon",Going Ahead,Driving Properly,Normal, , , , , , ,0,1,1,0,0,0,0,1,0,0,0,0,0,0
1360626,2013,6,12,11,57,2,43.69364538,-79.34819029,Toronto-Danforth (29),29,Old East York (58),58,D54,Toronto East York,O CONNOR DR,RIVERCOURT BLVD, ,Major Arterial,Intersection,At Intersection,Traffic Signal,Clear,Daylight,Dry,Non-Fatal Injury,Cyclist Collisions,Cyclist,35 to 39,Major,0,West,Bicycle,Turning Left, , , , , ,Cyclist turned left across motorists path.,Improper Turn,Inattentive,0,1,1,0,0,0,0,1,0,0,0,0,0,0
1118389,2009,6,30,11,58,1,43.71744538,-79.41399029,Eglinton-Lawrence (16),16,Lawrence Park South (103),103,D53,North York,AVENUE RD,GLENVIEW AVE, ,Major Arterial,Mid-Block, ,No Control,Clear,Daylight,Dry,Non-Fatal Injury,Angle,Passenger,35 to 39,Minimal,0, ,Other, , , , , , , , , ,0,0,1,0,0,0,0,1,0,0,0,0,0,0
1118389,2009,6,30,11,58,1,43.71744538,-79.41399029,Eglinton-Lawrence (16),16,Lawrence Park South (103),103,D53,North York,AVENUE RD,GLENVIEW AVE, ,Major Arterial,Mid-Block, ,No Control,Clear,Daylight,Dry,Non-Fatal Injury,Angle,Vehicle Owner,unknown, ,0, ,Other, , , , , , , , , ,0,0,1,0,0,0,0,1,0,0,0,0,0,0
1118389,2009,6,30,11,58,1,43.71744538,-79.41399029,Eglinton-Lawrence (16),16,Lawrence Park South (103),103,D53,North York,AVENUE RD,GLENVIEW AVE, ,Major Arterial,Mid-Block, ,No Control,Clear,Daylight,Dry,Non-Fatal Injury,Angle,Driver,45 to 49,Minimal,0,North,"Automobile, Station Wagon",Going Ahead,Driving Properly,Normal, , , , , , ,0,0,1,0,0,0,0,1,0,0,0,0,0,0
1118389,2009,6,30,11,58,1,43.71744538,-79.41399029,Eglinton-Lawrence (16),16,Lawrence Park South (103),103,D53,North York,AVENUE RD,GLENVIEW AVE, ,Major Arterial,Mid-Block, ,No Control,Clear,Daylight,Dry,Non-Fatal Injury,Angle,Driver,50 to 54,Major,0,South,"Automobile, Station Wagon",Going Ahead,Lost control,Normal, , , , , , ,0,0,1,0,0,0,0,1,0,0,0,0,0,0
1242717,2011,5,21,11,59,5,43.79434538,-79.32609029,Scarborough-Agincourt (39),39,L'Amoreaux (117),117,D42,Scarborough,FINCH  AVE E,PHARMACY  AVE, ,Major Arterial,Intersection, ,No Control,Clear,Daylight,Dry,Non-Fatal Injury,Turning Movement,Motorcycle Driver,30 to 34,Major,0,West,Motorcycle,Going Ahead,Driving Properly,Normal, , , , , , ,0,0,1,1,0,0,0,0,0,0,0,0,0,0
1242717,2011,5,21,11,59,5,43.79434538,-79.32609029,Scarborough-Agincourt (39),39,L'Amoreaux (117),117,D42,Scarborough,FINCH  AVE E,PHARMACY  AVE, ,Major Arterial,Intersection, ,No Control,Clear,Daylight,Dry,Non-Fatal Injury,Turning Movement,Driver,40 to 44,,0,South,"Automobile, Station Wagon",Turning Left,Improper Turn,Normal, , , , , , ,0,0,1,1,0,0,0,0,0,0,0,0,0,0
963932,2007,3,19,12,0,0,43.64934538,-79.42329029,Trinity-Spadina (19),19,Trinity-Bellwoods (81),81,D14,Toronto East York,DUNDAS ST W,GROVE AVE, ,Minor Arterial,Intersection, ,No Control,Clear,Daylight,Dry,Non-Fatal Injury,Pedestrian Collisions,Driver,45 to 49,,0,North,"Automobile, Station Wagon",Turning Left,Failed to Yield Right of Way,Inattentive, , , , , , ,1,0,1,0,0,0,0,0,0,1,0,0,0,0
963932,2007,3,19,12,0,0,43.64934538,-79.42329029,Trinity-Spadina (19),19,Trinity-Bellwoods (81),81,D14,Toronto East York,DUNDAS ST W,GROVE AVE, ,Minor Arterial,Intersection, ,No Control,Clear,Daylight,Dry,Non-Fatal Injury,Pedestrian Collisions,Pedestrian,60 to 64,Major,0,South,Other, , , ,Vehicle turns left while ped crosses with ROW at inter.,Crossing with right of way,Inattentive, , , ,1,0,1,0,0,0,0,0,0,1,0,0,0,0
1032373,2008,4,7,12,0,0,43.66244538,-79.37669029,Toronto Centre-Rosedale (27),27,Cabbagetown-South St.James Town (71),71,D51,Toronto East York,CARLTON St,JARVIS St, ,Major Arterial,Intersection,At Intersection,Traffic Signal,Clear,Daylight,Dry,Non-Fatal Injury,Pedestrian Collisions,Vehicle Owner,unknown, ,0, ,Other, , , , , , , , , ,1,0,1,0,0,0,0,0,0,0,0,0,0,0
1032373,2008,4,7,12,0,0,43.66244538,-79.37669029,Toronto Centre-Rosedale (27),27,Cabbagetown-South St.James Town (71),71,D51,Toronto East York,CARLTON St,JARVIS St, ,Major Arterial,Intersection,At Intersection,Traffic Signal,Clear,Daylight,Dry,Non-Fatal Injury,Pedestrian Collisions,Driver,30 to 34,,0,South,Other,Stopped,Driving Properly,Normal, , , , , , ,1,0,1,0,0,0,0,0,0,0,0,0,0,0
1032373,2008,4,7,12,0,0,43.66244538,-79.37669029,Toronto Centre-Rosedale (27),27,Cabbagetown-South St.James Town (71),71,D51,Toronto East York,CARLTON St,JARVIS St, ,Major Arterial,Intersection,At Intersection,Traffic Signal,Clear,Daylight,Dry,Non-Fatal Injury,Pedestrian Collisions,Vehicle Owner,unknown, ,0, ,Other, , , , , , , , , ,1,0,1,0,0,0,0,0,0,0,0,0,0,0
1032373,2008,4,7,12,0,0,43.66244538,-79.37669029,Toronto Centre-Rosedale (27),27,Cabbagetown-South St.James Town (71),71,D51,Toronto East York,CARLTON St,JARVIS St, ,Major Arterial,Intersection,At Intersection,Traffic Signal,Clear,Daylight,Dry,Non-Fatal Injury,Pedestrian Collisions,Driver,20 to 24,Minimal,0,West,"Automobile, Station Wagon",Going Ahead,Lost control,Normal, , , , , , ,1,0,1,0,0,0,0,0,0,0,0,0,0,0
1032373,2008,4,7,12,0,0,43.66244538,-79.37669029,Toronto Centre-Rosedale (27),27,Cabbagetown-South St.James Town (71),71,D51,Toronto East York,CARLTON St,JARVIS St, ,Major Arterial,Intersection,At Intersection,Traffic Signal,Clear,Daylight,Dry,Non-Fatal Injury,Pedestrian Collisions,Pedestrian,50 to 54,Major,0,North,Other, , , ,Pedestrian hit on sidewalk or shoulder,On Sidewalk or Shoulder,Normal, , , ,1,0,1,0,0,0,0,0,0,0,0,0,0,0
1228657,2011,2,16,12,0,2,43.80734538,-79.17559029,Scarborough-Rouge River (42),42,Rouge (131),131,D42,Scarborough,SHEPPARD Aven E,IDAGROVE Gate, ,Major Arterial,Intersection,At Intersection,Traffic Signal,Clear,Daylight,Dry,Non-Fatal Injury,Pedestrian Collisions,Driver,55 to 59,,0,East,"Automobile, Station Wagon",Going Ahead,Driving Properly,Normal, , , , , , ,1,0,1,0,0,0,0,0,0,1,0,0,0,0
1228657,2011,2,16,12,0,2,43.80734538,-79.17559029,Scarborough-Rouge River (42),42,Rouge (131),131,D42,Scarborough,SHEPPARD Aven E,IDAGROVE Gate, ,Major Arterial,Intersection,At Intersection,Traffic Signal,Clear,Daylight,Dry,Non-Fatal Injury,Pedestrian Collisions,Driver,25 to 29,Minimal,0,West,"Automobile, Station Wagon",Turning Left,Failed to Yield Right of Way,Normal, , , , , , ,1,0,1,0,0,0,0,0,0,1,0,0,0,0
1228657,2011,2,16,12,0,2,43.80734538,-79.17559029,Scarborough-Rouge River (42),42,Rouge (131),131,D42,Scarborough,SHEPPARD Aven E,IDAGROVE Gate, ,Major Arterial,Intersection,At Intersection,Traffic Signal,Clear,Daylight,Dry,Non-Fatal Injury,Pedestrian Collisions,Other Property Owner,unknown, ,0, ,Other, , , , , , , , , ,1,0,1,0,0,0,0,0,0,1,0,0,0,0
1228657,2011,2,16,12,0,2,43.80734538,-79.17559029,Scarborough-Rouge River (42),42,Rouge (131),131,D42,Scarborough,SHEPPARD Aven E,IDAGROVE Gate, ,Major Arterial,Intersection,At Intersection,Traffic Signal,Clear,Daylight,Dry,Non-Fatal Injury,Pedestrian Collisions,Pedestrian,60 to 64,Major,0,North,Other, , , ,Pedestrian hit on sidewalk or shoulder,On Sidewalk or Shoulder,Normal, , , ,1,0,1,0,0,0,0,0,0,1,0,0,0,0
1244722,2011,6,5,12,0,6,43.63634538,-79.40679029,Trinity-Spadina (19),19,Niagara (82),82,D14,Toronto East York,FLEET ST,FORT YORK BLVD, ,Collector,Intersection,At Intersection,Traffic Signal,Clear,Daylight,Dry,Non-Fatal Injury,Cyclist Collisions,Driver,35 to 39,,0,East,"Automobile, Station Wagon",Stopped,Driving Properly,Normal, , , , , , ,0,1,1,0,0,0,0,0,0,0,0,0,0,0
1244722,2011,6,5,12,0,6,43.63634538,-79.40679029,Trinity-Spadina (19),19,Niagara (82),82,D14,Toronto East York,FLEET ST,FORT YORK BLVD, ,Collector,Intersection,At Intersection,Traffic Signal,Clear,Daylight,Dry,Non-Fatal Injury,Cyclist Collisions,Cyclist,25 to 29,Major,0,East,Bicycle,Going Ahead, , , , , ,Cyclist struck opened vehicle door,Improper Passing,Normal,0,1,1,0,0,0,0,0,0,0,0,0,0,0
1301330,2012,5,3,12,0,3,43.64974538,-79.37499029,Toronto Centre-Rosedale (28),28,Church-Yonge Corridor (75),75,D51,Toronto East York,95 KING ST E, , ,Major Arterial,Mid-Block, ,No Control,Clear,Daylight,Dry,Non-Fatal Injury,Cyclist Collisions,Driver,40 to 44,,0,East,"Automobile, Station Wagon",Stopped,Driving Properly,Normal, , , , , , ,0,1,1,0,0,0,0,0,0,0,0,0,0,0
1301330,2012,5,3,12,0,3,43.64974538,-79.37499029,Toronto Centre-Rosedale (28),28,Church-Yonge Corridor (75),75,D51,Toronto East York,95 KING ST E, , ,Major Arterial,Mid-Block, ,No Control,Clear,Daylight,Dry,Non-Fatal Injury,Cyclist Collisions,Cyclist,25 to 29,Major,0,East,Bicycle,Going Ahead, , , , , ,Cyclist struck opened vehicle door,Driving Properly,Normal,0,1,1,0,0,0,0,0,0,0,0,0,0,0
1301352,2012,5,4,12,0,4,43.68754538,-79.35289029,Toronto-Danforth (29),29,Broadview North (57),57,D54,Toronto East York,LOGAN AVE,GOWAN AVE, ,Local,Intersection, ,No Control,Clear,Daylight,Dry,Non-Fatal Injury,Pedestrian Collisions,Pedestrian,60 to 64,Major,0,East,Other, , , ,Vehicle is reversing and hits pedestrian,Other,Normal, , , ,1,0,1,0,0,0,0,0,0,0,0,0,0,0
1301352,2012,5,4,12,0,4,43.68754538,-79.35289029,Toronto-Danforth (29),29,Broadview North (57),57,D54,Toronto East York,LOGAN AVE,GOWAN AVE, ,Local,Intersection, ,No Control,Clear,Daylight,Dry,Non-Fatal Injury,Pedestrian Collisions,Driver,50 to 54,,0,North,"Automobile, Station Wagon",Reversing,Other,Normal, , , , , , ,1,0,1,0,0,0,0,0,0,0,0,0,0,0
1385904,2013,10,28,12,0,0,43.79485663,-79.19650659999999,Scarborough East (44),44,Morningside (135),135,D43,Scarborough,MORNINGSIDE AVE,401 C E MORNINGSIDE AVE S RAMP, ,Major Arterial,Intersection, ,Traffic Signal,Clear,Daylight,Dry,Non-Fatal Injury,Rear End,Driver,55 to 59,Major,0,North,"Automobile, Station Wagon",Stopped,Other,Normal, , , , , , ,0,0,1,0,0,0,0,0,0,0,0,0,0,0
1385904,2013,10,28,12,0,0,43.79485663,-79.19650659999999,Scarborough East (44),44,Morningside (135),135,D43,Scarborough,MORNINGSIDE AVE,401 C E MORNINGSIDE AVE S RAMP, ,Major Arterial,Intersection, ,Traffic Signal,Clear,Daylight,Dry,Non-Fatal Injury,Rear End,Driver,unknown,,0,North,"Automobile, Station Wagon",Reversing,Other,Normal, , , , , , ,0,0,1,0,0,0,0,0,0,0,0,0,0,0
142588079,2014,7,28,12,0,0,43.78104742,-79.40970240000001,Willowdale (23),23,Willowdale East (51),51,D32,North York,DUDLEY AVE,FINCH AVE E, ,Major Arterial,Intersection, ,Stop Sign,Clear,Daylight,Dry,Fatal,Turning Movement,Passenger,60 to 64,Minimal,0, , , , , , , , , , , ,0,0,1,0,0,0,0,1,0,1,0,0,0,1
142588079,2014,7,28,12,0,0,43.78104742,-79.40970240000001,Willowdale (23),23,Willowdale East (51),51,D32,North York,DUDLEY AVE,FINCH AVE E, ,Major Arterial,Intersection, ,Stop Sign,Clear,Daylight,Dry,Fatal,Turning Movement,Driver,65 to 69,Minimal,0,East,"Automobile, Station Wagon",Going Ahead,Driving Properly,Normal, , , , , , ,0,0,1,0,0,0,0,1,0,1,0,0,0,1
142588079,2014,7,28,12,0,0,43.78104742,-79.40970240000001,Willowdale (23),23,Willowdale East (51),51,D32,North York,DUDLEY AVE,FINCH AVE E, ,Major Arterial,Intersection, ,Stop Sign,Clear,Daylight,Dry,Fatal,Turning Movement,Passenger,70 to 74,Minimal,0, , , , , , , , , , , ,0,0,1,0,0,0,0,1,0,1,0,0,0,1
142588079,2014,7,28,12,0,0,43.78104742,-79.40970240000001,Willowdale (23),23,Willowdale East (51),51,D32,North York,DUDLEY AVE,FINCH AVE E, ,Major Arterial,Intersection, ,Stop Sign,Clear,Daylight,Dry,Fatal,Turning Movement,Driver,90 to 94,Fatal,17,North,"Automobile, Station Wagon",Turning Left,Disobeyed Traffic Control,Unknown, , , , , , ,0,0,1,0,0,0,0,1,0,1,0,0,0,1
4002824583,2014,8,29,12,0,4,43.66722449,-79.37373743,Toronto Centre-Rosedale (28),28,Cabbagetown-South St.James Town (71),71,D51,Toronto East York,WELLESLEY ST E,BLEECKER ST,18 m East of,Minor Arterial,Intersection,Intersection Related,No Control,Clear,Daylight,Dry,Non-Fatal Injury,Cyclist Collisions,Driver,unknown,,0,North,"Automobile, Station Wagon",Going Ahead,Failed to Yield Right of Way,Unknown, , , , , , ,0,1,1,0,0,0,0,0,0,1,0,0,0,0
4002824583,2014,8,29,12,0,4,43.66722449,-79.37373743,Toronto Centre-Rosedale (28),28,Cabbagetown-South St.James Town (71),71,D51,Toronto East York,WELLESLEY ST E,BLEECKER ST,18 m East of,Minor Arterial,Intersection,Intersection Related,No Control,Clear,Daylight,Dry,Non-Fatal Injury,Cyclist Collisions,Cyclist,50 to 54,Major,0,West,Bicycle,Going Ahead, , , , , ,"Motorist without ROW drives into path of cyclist at inter, lnwy, dwy-Driver not turn.",Driving Properly,Normal,0,1,1,0,0,0,0,0,0,1,0,0,0,0
6000861848,2016,5,19,12,0,3,43.71097143,-79.50593195,York South-Weston (12),12,Rustic (28),28,D12,Etobicoke York,JANE ST,400 S JANE ST RAMP, ,Major Arterial,Intersection,At Intersection,Traffic Signal,Clear,Daylight,Dry,Non-Fatal Injury,Turning Movement,Driver,55 to 59,Minor,0,South,Pick Up Truck,Turning Left,Failed to Yield Right of Way,Normal, , , , , , ,0,0,1,0,0,0,0,0,0,1,0,0,0,0
6000861848,2016,5,19,12,0,3,43.71097143,-79.50593195,York South-Weston (12),12,Rustic (28),28,D12,Etobicoke York,JANE ST,400 S JANE ST RAMP, ,Major Arterial,Intersection,At Intersection,Traffic Signal,Clear,Daylight,Dry,Non-Fatal Injury,Turning Movement,Driver,30 to 34,Major,0,North,"Automobile, Station Wagon",Going Ahead,Driving Properly,Normal, , , , , , ,0,0,1,0,0,0,0,0,0,1,0,0,0,0
7000337987,2017,2,23,12,0,3,43.77218588,-79.41359339,Willowdale (23),23,Willowdale East (51),51,D32,North York,YONGE ST,NORTON AVE, ,Major Arterial,Intersection,At Intersection,Stop Sign,Clear,Daylight,Dry,Non-Fatal Injury,Pedestrian Collisions,Driver,65 to 69,,0,West,"Automobile, Station Wagon",Turning Left,Improper Turn,Inattentive, , , , , , ,1,0,1,0,0,0,0,0,0,0,0,0,0,0
7000337987,2017,2,23,12,0,3,43.77218588,-79.41359339,Willowdale (23),23,Willowdale East (51),51,D32,North York,YONGE ST,NORTON AVE, ,Major Arterial,Intersection,At Intersection,Stop Sign,Clear,Daylight,Dry,Non-Fatal Injury,Pedestrian Collisions,Pedestrian,80 to 84,Major,0,East, , , , ,Vehicle turns left while ped crosses without ROW at inter.,"Crossing, no Traffic Control",Normal, , , ,1,0,1,0,0,0,0,0,0,0,0,0,0,0
7001065894,2017,6,15,12,0,3,43.81891592,-79.20022211,Scarborough-Rouge River (42),42,Rouge (131),131,D42,Scarborough,MORNINGVIEW TRL,BLACKHURST CRT,3 m South of,Local,Intersection,Intersection Related,No Control,Clear,Daylight,Dry,Non-Fatal Injury,Pedestrian Collisions,Driver,65 to 69,,0,North,Municipal Transit Bus (TTC),Going Ahead,Driving Properly,Normal, , , , , , ,1,0,0,0,0,1,0,0,0,0,0,0,0,0
7001065894,2017,6,15,12,0,3,43.81891592,-79.20022211,Scarborough-Rouge River (42),42,Rouge (131),131,D42,Scarborough,MORNINGVIEW TRL,BLACKHURST CRT,3 m South of,Local,Intersection,Intersection Related,No Control,Clear,Daylight,Dry,Non-Fatal Injury,Pedestrian Collisions,Pedestrian,50 to 54,Major,0,West, , , , ,Pedestrian involved in a collision with transit vehicle anywhere along roadway,Coming From Behind Parked Vehicle,Normal, , , ,1,0,0,0,0,1,0,0,0,0,0,0,0,0
7001234625,2017,7,10,12,0,0,43.74789007,-79.31177912,Scarborough Centre (37),37,Wexford/Maryvale (119),119,D41,Scarborough,LYNVALLEY CRES,VICTORIA PARK AVE, ,Major Arterial,Intersection,At Intersection,Traffic Signal,Clear,"Daylight, artificial",Dry,Non-Fatal Injury,Pedestrian Collisions,Driver,40 to 44,,0,East,"Automobile, Station Wagon",Turning Left,Failed to Yield Right of Way,Inattentive, , , , , , ,1,0,1,0,0,0,0,0,0,1,0,0,0,0
7001234625,2017,7,10,12,0,0,43.74789007,-79.31177912,Scarborough Centre (37),37,Wexford/Maryvale (119),119,D41,Scarborough,LYNVALLEY CRES,VICTORIA PARK AVE, ,Major Arterial,Intersection,At Intersection,Traffic Signal,Clear,"Daylight, artificial",Dry,Non-Fatal Injury,Pedestrian Collisions,Pedestrian,50 to 54,Major,0,West, , , , ,Vehicle turns left while ped crosses with ROW at inter.,Crossing with right of way,Normal, , , ,1,0,1,0,0,0,0,0,0,1,0,0,0,0
7001991111,2017,11,3,12,2,4,43.77296438,-79.27294529,Scarborough Centre (37),37,Bendale (127),127,D41,Scarborough,PROGRESS AV,MIDLAND AV, ,Major Arterial,Intersection,At Intersection,Traffic Signal,Clear,Daylight,Dry,Non-Fatal Injury,Pedestrian Collisions,Driver,55 to 59,,0,East,"Automobile, Station Wagon",Going Ahead,Driving Properly,Normal, , , , , , ,1,0,1,0,0,0,0,0,0,0,0,0,0,0
7001991111,2017,11,3,12,2,4,43.77296438,-79.27294529,Scarborough Centre (37),37,Bendale (127),127,D41,Scarborough,PROGRESS AV,MIDLAND AV, ,Major Arterial,Intersection,At Intersection,Traffic Signal,Clear,Daylight,Dry,Non-Fatal Injury,Pedestrian Collisions,Pedestrian,0 to 4,Major,0, , , , , , , ,Medical or Physical Disability, , , ,1,0,1,0,0,0,0,0,0,0,0,0,0,0
1122417,2009,9,1,12,3,1,43.65584538,-79.39919029,Trinity-Spadina (20),20,Kensington-Chinatown (78),78,D52,Toronto East York,SPADINA AVE,NASSAU ST, ,Major Arterial,Intersection, ,Traffic Signal,Clear,Daylight,Dry,Fatal,Cyclist Collisions,Driver,45 to 49,,0,South,Municipal Transit Bus (TTC),Going Ahead,Driving Properly,Unknown, , , , , , ,0,1,0,0,0,1,0,0,0,0,0,0,0,1
1122417,2009,9,1,12,3,1,43.65584538,-79.39919029,Trinity-Spadina (20),20,Kensington-Chinatown (78),78,D52,Toronto East York,SPADINA AVE,NASSAU ST, ,Major Arterial,Intersection, ,Traffic Signal,Clear,Daylight,Dry,Fatal,Cyclist Collisions,Cyclist,65 to 69,Fatal,25,South,Bicycle,Turning Left, , , , , ,Cyclist turned left across motorists path.,Disobeyed Traffic Control,Normal,0,1,0,0,0,1,0,0,0,0,0,0,0,1
1131878,2009,10,5,12,3,0,43.75024538,-79.46339029,York Centre (9),9,Downsview-Roding-CFB (26),26,D32,North York,WILLIAM R ALLEN RD,SHEPPARD AVE W, ,Major Arterial,Intersection, ,Traffic Signal,Clear,Daylight,Dry,Non-Fatal Injury,Turning Movement,Driver,70 to 74,Major,0,West,"Automobile, Station Wagon",Turning Left,Failed to Yield Right of Way,Normal, , , , , , ,0,0,1,0,0,0,0,1,0,1,0,0,0,0
1131878,2009,10,5,12,3,0,43.75024538,-79.46339029,York Centre (9),9,Downsview-Roding-CFB (26),26,D32,North York,WILLIAM R ALLEN RD,SHEPPARD AVE W, ,Major Arterial,Intersection, ,Traffic Signal,Clear,Daylight,Dry,Non-Fatal Injury,Turning Movement,Driver,25 to 29,Minimal,0,East,"Automobile, Station Wagon",Stopped,Driving Properly,Normal, , , , , , ,0,0,1,0,0,0,0,1,0,1,0,0,0,0
1131878,2009,10,5,12,3,0,43.75024538,-79.46339029,York Centre (9),9,Downsview-Roding-CFB (26),26,D32,North York,WILLIAM R ALLEN RD,SHEPPARD AVE W, ,Major Arterial,Intersection, ,Traffic Signal,Clear,Daylight,Dry,Non-Fatal Injury,Turning Movement,Passenger,45 to 49,,0, ,"Automobile, Station Wagon", , , , , , , , , ,0,0,1,0,0,0,0,1,0,1,0,0,0,0
1131878,2009,10,5,12,3,0,43.75024538,-79.46339029,York Centre (9),9,Downsview-Roding-CFB (26),26,D32,North York,WILLIAM R ALLEN RD,SHEPPARD AVE W, ,Major Arterial,Intersection, ,Traffic Signal,Clear,Daylight,Dry,Non-Fatal Injury,Turning Movement,Passenger,30 to 34,,0, ,"Automobile, Station Wagon", , , , , , , , , ,0,0,1,0,0,0,0,1,0,1,0,0,0,0
1131878,2009,10,5,12,3,0,43.75024538,-79.46339029,York Centre (9),9,Downsview-Roding-CFB (26),26,D32,North York,WILLIAM R ALLEN RD,SHEPPARD AVE W, ,Major Arterial,Intersection, ,Traffic Signal,Clear,Daylight,Dry,Non-Fatal Injury,Turning Movement,Vehicle Owner,unknown, ,0, ,Other, , , , , , , , , ,0,0,1,0,0,0,0,1,0,1,0,0,0,0
1131878,2009,10,5,12,3,0,43.75024538,-79.46339029,York Centre (9),9,Downsview-Roding-CFB (26),26,D32,North York,WILLIAM R ALLEN RD,SHEPPARD AVE W, ,Major Arterial,Intersection, ,Traffic Signal,Clear,Daylight,Dry,Non-Fatal Injury,Turning Movement,Driver,40 to 44,Minimal,0,East,"Automobile, Station Wagon",Going Ahead,Driving Properly,Normal, , , , , , ,0,0,1,0,0,0,0,1,0,1,0,0,0,0
1219821,2011,2,23,12,3,2,43.74084538,-79.34449029,Don Valley West (25),25,Banbury-Don Mills (42),42,D33,North York,DON MILLS RD,THE DONWAY  E, ,Major Arterial,Intersection,At Intersection,Traffic Signal,Clear,Daylight,Dry,Non-Fatal Injury,Pedestrian Collisions,Vehicle Owner,unknown, ,0, ,Other, , , , , , , , , ,1,0,1,0,0,0,0,0,0,1,0,0,0,0
1219821,2011,2,23,12,3,2,43.74084538,-79.34449029,Don Valley West (25),25,Banbury-Don Mills (42),42,D33,North York,DON MILLS RD,THE DONWAY  E, ,Major Arterial,Intersection,At Intersection,Traffic Signal,Clear,Daylight,Dry,Non-Fatal Injury,Pedestrian Collisions,Driver,65 to 69,,0,East,"Automobile, Station Wagon",Turning Right,Failed to Yield Right of Way,Inattentive, , , , , , ,1,0,1,0,0,0,0,0,0,1,0,0,0,0