ACCNUM,YEAR,MONTH,DAY,HOUR,MINUTES,WEEKDAY,LATITUDE,LONGITUDE,Ward_Name,Ward_ID,Hood_Name,Hood_ID,Division,District,STREET1,STREET2,OFFSET,ROAD_CLASS,LOCCOORD,ACCLOC,TRAFFCTL,VISIBILITY,LIGHT,RDSFCOND,ACCLASS,IMPACTYPE,INVTYPE,INVAGE,INJURY,FATAL_NO,INITDIR,VEHTYPE,MANOEUVER,DRIVACT,DRIVCOND,PEDTYPE,PEDACT,PEDCOND,CYCLISTYPE,CYCACT,CYCCOND,PEDESTRIAN,CYCLIST,AUTOMOBILE,MOTORCYCLE,TRUCK,TRSN_CITY_VEH,EMERG_VEH,PASSENGER,SPEEDING,AG_DRIV,REDLIGHT,ALCOHOL,DISABILITY,label
1219821,2011,2,23,12,3,2,43.74084538,-79.34449029,Don Valley West (25),25,Banbury-Don Mills (42),42,D33,North York,DON MILLS RD,THE DONWAY  E, ,Major Arterial,Intersection,At Intersection,Traffic Signal,Clear,Daylight,Dry,Non-Fatal Injury,Pedestrian Collisions,Pedestrian,80 to 84,Major,0,North,Other,Other, , ,Vehicle turns right while ped crosses with ROW at inter.,Crossing with right of way,Normal, , , ,1,0,1,0,0,0,0,0,0,1,0,0,0,0
1289974,2012,4,19,12,3,3,43.80074538,-79.19929029,Scarborough-Rouge River (42),42,Malvern (132),132,D42,Scarborough,MORNINGSIDE AVE,MILNER AVE, ,Major Arterial,Mid-Block, ,No Control,Clear,Daylight,Dry,Fatal,SMV Other,Driver,50 to 54,Fatal,10,North,"Automobile, Station Wagon",Going Ahead,Other,Unknown, , , , , , ,0,0,1,0,0,0,0,0,0,0,0,0,0,1
1289974,2012,4,19,12,3,3,43.80074538,-79.19929029,Scarborough-Rouge River (42),42,Malvern (132),132,D42,Scarborough,MORNINGSIDE AVE,MILNER AVE, ,Major Arterial,Mid-Block, ,No Control,Clear,Daylight,Dry,Fatal,SMV Other,Other Property Owner,unknown, ,0, ,Other, , , , , , , , , ,0,0,1,0,0,0,0,0,0,0,0,0,0,1
991252,2007,8,22,12,4,2,43.67534538,-79.45479029,Davenport (17),17,Corso Italia-Davenport (92),92,D13,Etobicoke York,ST CLAIR AVE W,CALEDONIA RD, ,Major Arterial,Intersection, ,Traffic Signal,Clear,Daylight,Dry,Non-Fatal Injury,Rear End,Driver,90 to 94,,0,West,"Automobile, Station Wagon",Slowing or Stopping,Following too Close,Normal, , , , , , ,0,0,1,0,0,0,0,0,0,1,0,0,0,0
991252,2007,8,22,12,4,2,43.67534538,-79.45479029,Davenport (17),17,Corso Italia-Davenport (92),92,D13,Etobicoke York,ST CLAIR AVE W,CALEDONIA RD, ,Major Arterial,Intersection, ,Traffic Signal,Clear,Daylight,Dry,Non-Fatal Injury,Rear End,Driver,40 to 44,Major,0,West,"Automobile, Station Wagon",Stopped,Driving Properly,Normal, , , , , , ,0,0,1,0,0,0,0,0,0,1,0,0,0,0
1339683,2012,12,14,12,4,4,43.65974538,-79.38539029,Toronto Centre-Rosedale (27),27,Bay Street Corridor (76),76,D52,Toronto East York,BAY ST,HAYTER ST, ,Major Arterial,Mid-Block, ,No Control,Clear,Daylight,Dry,Non-Fatal Injury,Pedestrian Collisions,Vehicle Owner,unknown, ,0, ,Other, , , , , , , , , ,1,0,1,0,0,0,0,0,0,0,0,0,0,0
1339683,2012,12,14,12,4,4,43.65974538,-79.38539029,Toronto Centre-Rosedale (27),27,Bay Street Corridor (76),76,D52,Toronto East York,BAY ST,HAYTER ST, ,Major Arterial,Mid-Block, ,No Control,Clear,Daylight,Dry,Non-Fatal Injury,Pedestrian Collisions,Driver,45 to 49,,0,West,"Automobile, Station Wagon",Turning Left,Driving Properly,Normal, , , , , , ,1,0,1,0,0,0,0,0,0,0,0,0,0,0
1339683,2012,12,14,12,4,4,43.65974538,-79.38539029,Toronto Centre-Rosedale (27),27,Bay Street Corridor (76),76,D52,Toronto East York,BAY ST,HAYTER ST, ,Major Arterial,Mid-Block, ,No Control,Clear,Daylight,Dry,Non-Fatal Injury,Pedestrian Collisions,Pedestrian,30 to 34,Major,0,East,Other, , , ,Pedestrian hit at mid-block,Running onto Roadway,Inattentive, , , ,1,0,1,0,0,0,0,0,0,0,0,0,0,0
4002204042,2014,6,2,12,4,0,43.66265448,-79.33281336,Toronto-Danforth (30),30,South Riverdale (70),70,D55,Toronto East York,QUEEN ST E,JONES AVE, ,Minor Arterial,Intersection,At Intersection,Traffic Signal,Clear,Daylight,Dry,Non-Fatal Injury,Pedestrian Collisions,Truck Driver,65 to 69,,0,West,Truck - Open,Turning Right,Failed to Yield Right of Way,Normal, , , , , , ,1,0,0,0,1,0,0,0,0,1,0,0,0,0
4002204042,2014,6,2,12,4,0,43.66265448,-79.33281336,Toronto-Danforth (30),30,South Riverdale (70),70,D55,Toronto East York,QUEEN ST E,JONES AVE, ,Minor Arterial,Intersection,At Intersection,Traffic Signal,Clear,Daylight,Dry,Non-Fatal Injury,Pedestrian Collisions,Pedestrian,70 to 74,Major,0,West, , , , ,Vehicle turns right while ped crosses with ROW at inter.,Crossing with right of way,Normal, , , ,1,0,0,0,1,0,0,0,0,1,0,0,0,0
6000576751,2016,4,5,12,4,1,43.63287314,-79.5247613,Etobicoke-Lakeshore (5),5,Islington-City Centre West (14),14,D22,Etobicoke York,200 NORSEMAN ST, ,420 m West of,Collector,Mid-Block,Non Intersection,No Control,Clear,Daylight,Dry,Non-Fatal Injury,Turning Movement,Driver,20 to 24,Major,0,West,"Automobile, Station Wagon",Overtaking,Improper Passing,Inattentive, , , , , , ,0,0,1,0,0,0,0,0,1,1,0,0,0,0
6000576751,2016,4,5,12,4,1,43.63287314,-79.5247613,Etobicoke-Lakeshore (5),5,Islington-City Centre West (14),14,D22,Etobicoke York,200 NORSEMAN ST, ,420 m West of,Collector,Mid-Block,Non Intersection,No Control,Clear,Daylight,Dry,Non-Fatal Injury,Turning Movement,Driver,55 to 59,Minimal,0,West,"Automobile, Station Wagon",Turning Left,Driving Properly,Normal, , , , , , ,0,0,1,0,0,0,0,0,1,1,0,0,0,0
7001538094,2017,8,25,12,4,4,43.73945959,-79.23521815,Scarborough Southwest (35),35,Eglinton East (138),138,D43,Scarborough,EGLINTON AVE E,TORRANCE RD,12 m East of,Major Arterial,Intersection,At Intersection,Traffic Signal,Clear,Daylight,Dry,Non-Fatal Injury,SMV Other,Driver,55 to 59,Major,0,East,"Automobile, Station Wagon",Going Ahead,Lost control,Medical or Physical Disability, , , , , , ,0,0,1,0,0,0,0,0,0,0,0,0,1,0
1084533,2008,12,26,12,5,4,43.75434538,-79.31399029,Scarborough Centre (37),37,Wexford/Maryvale (119),119,D41,Scarborough,VICTORIA PARK AVE,CASSANDRA BLVD, ,Major Arterial,Intersection,At Intersection,Traffic Signal,Snow,Daylight,Slush,Non-Fatal Injury,Rear End,Driver,20 to 24,,0,North,"Automobile, Station Wagon",Going Ahead,Following too Close,Normal, , , , , , ,0,0,1,0,0,0,0,0,0,1,0,0,0,0
1084533,2008,12,26,12,5,4,43.75434538,-79.31399029,Scarborough Centre (37),37,Wexford/Maryvale (119),119,D41,Scarborough,VICTORIA PARK AVE,CASSANDRA BLVD, ,Major Arterial,Intersection,At Intersection,Traffic Signal,Snow,Daylight,Slush,Non-Fatal Injury,Rear End,Driver,35 to 39,Major,0,North,"Automobile, Station Wagon",Turning Left,Driving Properly,Normal, , , , , , ,0,0,1,0,0,0,0,0,0,1,0,0,0,0
1111047,2009,5,15,12,5,4,43.77174538,-79.28329029,Scarborough-Agincourt (40),40,Dorset Park (126),126,D41,Scarborough,KENNEDY RD,ANTRIM CRES, ,Major Arterial,Intersection,At Intersection,Traffic Signal,Clear,Daylight,Dry,Non-Fatal Injury,Pedestrian Collisions,Driver,55 to 59,,0,East,"Automobile, Station Wagon",Turning Left,Failed to Yield Right of Way,Inattentive, , , , , , ,1,0,1,0,0,0,0,0,0,1,0,0,0,0
1111047,2009,5,15,12,5,4,43.77174538,-79.28329029,Scarborough-Agincourt (40),40,Dorset Park (126),126,D41,Scarborough,KENNEDY RD,ANTRIM CRES, ,Major Arterial,Intersection,At Intersection,Traffic Signal,Clear,Daylight,Dry,Non-Fatal Injury,Pedestrian Collisions,Pedestrian,20 to 24,Major,0,East,Other, , , ,Vehicle turns left while ped crosses with ROW at inter.,Crossing with right of way,Normal, , , ,1,0,1,0,0,0,0,0,0,1,0,0,0,0
4002786358,2014,8,27,12,5,2,43.7554508,-79.43846522,York Centre (10),10,Lansing-Westgate (38),38,D32,North York,SHEPPARD AVE W,BATHURST ST,25 m West of,Major Arterial,Intersection,Intersection Related,Traffic Signal,Clear,Daylight,Dry,Non-Fatal Injury,Other,Driver,50 to 54,,0,East,Municipal Transit Bus (TTC),Slowing or Stopping,Other,Normal, , , , , , ,0,0,0,0,0,1,0,1,0,0,0,0,0,0
4002786358,2014,8,27,12,5,2,43.7554508,-79.43846522,York Centre (10),10,Lansing-Westgate (38),38,D32,North York,SHEPPARD AVE W,BATHURST ST,25 m West of,Major Arterial,Intersection,Intersection Related,Traffic Signal,Clear,Daylight,Dry,Non-Fatal Injury,Other,Passenger,60 to 64,Major,0, , , , , , , , , , , ,0,0,0,0,0,1,0,1,0,0,0,0,0,0
4003224177,2014,11,2,12,5,6,43.70346029,-79.41388331,St. Paul's (22),22,Forest Hill South (101),101,D53,Toronto East York,EGLINGTON AVE,HEDDINGTON AVE, ,Major Arterial,Intersection,At Intersection,Traffic Signal,Clear,Daylight,Dry,Non-Fatal Injury,Pedestrian Collisions,Driver,75 to 79,,0,South,Passenger Van,Turning Left,Failed to Yield Right of Way,Inattentive, , , , , , ,1,0,1,0,0,0,0,0,0,1,0,0,0,0
4003224177,2014,11,2,12,5,6,43.70346029,-79.41388331,St. Paul's (22),22,Forest Hill South (101),101,D53,Toronto East York,EGLINGTON AVE,HEDDINGTON AVE, ,Major Arterial,Intersection,At Intersection,Traffic Signal,Clear,Daylight,Dry,Non-Fatal Injury,Pedestrian Collisions,Pedestrian,25 to 29,Major,0,North, , , , ,Vehicle turns left while ped crosses with ROW at inter.,Crossing with right of way,Normal, , , ,1,0,1,0,0,0,0,0,0,1,0,0,0,0
4003224177,2014,11,2,12,5,6,43.70346029,-79.41388331,St. Paul's (22),22,Forest Hill South (101),101,D53,Toronto East York,EGLINGTON AVE,HEDDINGTON AVE, ,Major Arterial,Intersection,At Intersection,Traffic Signal,Clear,Daylight,Dry,Non-Fatal Injury,Pedestrian Collisions,Pedestrian,30 to 34,Major,0,North, , , , ,Vehicle turns left while ped crosses with ROW at inter.,Crossing with right of way,Unknown, , , ,1,0,1,0,0,0,0,0,0,1,0,0,0,0
1113455,2009,6,5,12,6,4,43.62454538,-79.51049029,Etobicoke-Lakeshore (5),5,Stonegate-Queensway (16),16,D22,Etobicoke York,THE QUEENSWAY,CHARTWELL Road, ,Major Arterial,Intersection,At Intersection,No Control,Clear,Daylight,Dry,Non-Fatal Injury,Turning Movement,Driver,80 to 84,,0,East,"Automobile, Station Wagon",Turning Left,Improper Turn,Normal, , , , , , ,0,0,1,1,0,0,0,0,0,0,0,0,0,0
1113455,2009,6,5,12,6,4,43.62454538,-79.51049029,Etobicoke-Lakeshore (5),5,Stonegate-Queensway (16),16,D22,Etobicoke York,THE QUEENSWAY,CHARTWELL Road, ,Major Arterial,Intersection,At Intersection,No Control,Clear,Daylight,Dry,Non-Fatal Injury,Turning Movement,Motorcycle Driver,20 to 24,Major,0,West,Motorcycle,Going Ahead,Driving Properly,Normal, , , , , , ,0,0,1,1,0,0,0,0,0,0,0,0,0,0
1236141,2011,4,15,12,6,4,43.82674538,-79.23999029,Scarborough-Rouge River (42),42,Rouge (131),131,D42,Scarborough,MCNICOLL AVE,TAPSCOTT RD, ,Minor Arterial,Mid-Block, ,No Control,Clear,Daylight,Dry,Non-Fatal Injury,SMV Other,Driver,25 to 29,Major,0,West,"Automobile, Station Wagon",Going Ahead,Lost control,Normal, , , , , , ,0,0,1,0,0,0,0,0,1,1,0,0,0,0
1236141,2011,4,15,12,6,4,43.82674538,-79.23999029,Scarborough-Rouge River (42),42,Rouge (131),131,D42,Scarborough,MCNICOLL AVE,TAPSCOTT RD, ,Minor Arterial,Mid-Block, ,No Control,Clear,Daylight,Dry,Non-Fatal Injury,SMV Other,Other Property Owner,unknown, ,0, ,Other, , , , , , , , , ,0,0,1,0,0,0,0,0,1,1,0,0,0,0
1236141,2011,4,15,12,6,4,43.82674538,-79.23999029,Scarborough-Rouge River (42),42,Rouge (131),131,D42,Scarborough,MCNICOLL AVE,TAPSCOTT RD, ,Minor Arterial,Mid-Block, ,No Control,Clear,Daylight,Dry,Non-Fatal Injury,SMV Other,Other Property Owner,unknown, ,0, ,Other, , , , , , , , , ,0,0,1,0,0,0,0,0,1,1,0,0,0,0
1236508,2011,6,5,12,6,6,43.79794538,-79.42009029,Willowdale (23),23,Newtonbrook West (36),36,D32,North York,YONGE ST,STEELES AVE W, ,Major Arterial,Intersection,At Intersection,Traffic Signal,Clear,Daylight,Dry,Non-Fatal Injury,Angle,Driver,80 to 84,Minor,0,East,"Automobile, Station Wagon",Going Ahead,Driving Properly,Normal, , , , , , ,0,0,1,0,0,0,0,0,0,1,1,0,0,0
1236508,2011,6,5,12,6,6,43.79794538,-79.42009029,Willowdale (23),23,Newtonbrook West (36),36,D32,North York,YONGE ST,STEELES AVE W, ,Major Arterial,Intersection,At Intersection,Traffic Signal,Clear,Daylight,Dry,Non-Fatal Injury,Angle,Vehicle Owner,unknown, ,0, ,Other, , , , , , , , , ,0,0,1,0,0,0,0,0,0,1,1,0,0,0
1236508,2011,6,5,12,6,6,43.79794538,-79.42009029,Willowdale (23),23,Newtonbrook West (36),36,D32,North York,YONGE ST,STEELES AVE W, ,Major Arterial,Intersection,At Intersection,Traffic Signal,Clear,Daylight,Dry,Non-Fatal Injury,Angle,Driver,25 to 29,Major,0,North,"Automobile, Station Wagon",Going Ahead,Disobeyed Traffic Control,Inattentive, , , , , , ,0,0,1,0,0,0,0,0,0,1,1,0,0,0
948311,2007,1,5,12,7,4,43.69524538,-79.42319029,St. Paul's (21),21,Forest Hill South (101),101,D13,Toronto East York,BATHURST St,WARWICK Ave, ,Local,Intersection, ,Traffic Signal,Clear,Daylight,Dry,Non-Fatal Injury,Approaching,Other,10 to 14,,0, ,Other, , , , , , , , , ,0,0,1,0,0,0,0,0,0,0,0,0,1,0
948311,2007,1,5,12,7,4,43.69524538,-79.42319029,St. Paul's (21),21,Forest Hill South (101),101,D13,Toronto East York,BATHURST St,WARWICK Ave, ,Local,Intersection, ,Traffic Signal,Clear,Daylight,Dry,Non-Fatal Injury,Approaching,Driver,45 to 49,,0,South,"Automobile, Station Wagon",Slowing or Stopping,Driving Properly,Normal, , , , , , ,0,0,1,0,0,0,0,0,0,0,0,0,1,0
948311,2007,1,5,12,7,4,43.69524538,-79.42319029,St. Paul's (21),21,Forest Hill South (101),101,D13,Toronto East York,BATHURST St,WARWICK Ave, ,Local,Intersection, ,Traffic Signal,Clear,Daylight,Dry,Non-Fatal Injury,Approaching,Vehicle Owner,unknown,,0, ,Other, , , , , , , , , ,0,0,1,0,0,0,0,0,0,0,0,0,1,0
948311,2007,1,5,12,7,4,43.69524538,-79.42319029,St. Paul's (21),21,Forest Hill South (101),101,D13,Toronto East York,BATHURST St,WARWICK Ave, ,Local,Intersection, ,Traffic Signal,Clear,Daylight,Dry,Non-Fatal Injury,Approaching,Driver,45 to 49,Minor,0,South,"Automobile, Station Wagon",Going Ahead,Driving Properly,Normal, , , , , , ,0,0,1,0,0,0,0,0,0,0,0,0,1,0
948311,2007,1,5,12,7,4,43.69524538,-79.42319029,St. Paul's (21),21,Forest Hill South (101),101,D13,Toronto East York,BATHURST St,WARWICK Ave, ,Local,Intersection, ,Traffic Signal,Clear,Daylight,Dry,Non-Fatal Injury,Approaching,Driver,75 to 79,Major,0,South,"Automobile, Station Wagon",Going Ahead,Lost control,Medical or Physical Disability, , , , , , ,0,0,1,0,0,0,0,0,0,0,0,0,1,0
1343083,2013,1,2,9,58,2,43.67094538,-79.47449029,York South-Weston (11),11,Junction Area (90),90,D11,Etobicoke York,ST CLAIR AVE W,MONDOVI GT, ,Major Arterial,Mid-Block, ,No Control,Clear,Daylight,Dry,Non-Fatal Injury,Pedestrian Collisions,Driver,75 to 79,,0,North,"Automobile, Station Wagon",Going Ahead,Other,Inattentive, , , , , , ,1,0,1,0,0,0,0,0,0,0,0,0,0,0
1343083,2013,1,2,9,58,2,43.67094538,-79.47449029,York South-Weston (11),11,Junction Area (90),90,D11,Etobicoke York,ST CLAIR AVE W,MONDOVI GT, ,Major Arterial,Mid-Block, ,No Control,Clear,Daylight,Dry,Non-Fatal Injury,Pedestrian Collisions,Pedestrian,70 to 74,Major,0,Unknown,Other, , , ,Pedestrian hit at mid-block,"Crossing, no Traffic Control",Inattentive, , , ,1,0,1,0,0,0,0,0,0,0,0,0,0,0
1241202,2011,6,28,9,59,1,43.76124538,-79.58139029,Etobicoke North (1),1,Mount Olive-Silverstone-Jamestown (2),2,D23,Etobicoke York,STEELES AVE W,ISLINGTON AVE E, ,Major Arterial,Mid-Block, ,No Control,Clear,Daylight,Dry,Non-Fatal Injury,Approaching,Vehicle Owner,unknown, ,0, ,Other, , , , , , , , , ,0,0,1,0,0,0,0,0,0,0,0,0,0,0
1241202,2011,6,28,9,59,1,43.76124538,-79.58139029,Etobicoke North (1),1,Mount Olive-Silverstone-Jamestown (2),2,D23,Etobicoke York,STEELES AVE W,ISLINGTON AVE E, ,Major Arterial,Mid-Block, ,No Control,Clear,Daylight,Dry,Non-Fatal Injury,Approaching,Driver,20 to 24,Major,0,West,"Automobile, Station Wagon",Going Ahead,Lost control,Unknown, , , , , , ,0,0,1,0,0,0,0,0,0,0,0,0,0,0
1084803,2008,12,29,9,20,0,43.77284538,-79.44819029,York Centre (10),10,Westminster-Branson (35),35,D32,North York,FINCH AVE W,VIRGILWOOD DR, ,Major Arterial,Intersection,At Intersection,Traffic Signal,Clear,Daylight,Dry,Non-Fatal Injury,Pedestrian Collisions,Pedestrian,50 to 54,Major,0,North,Other, , , ,Vehicle turns left while ped crosses with ROW at inter.,Crossing with right of way,Normal, , , ,1,0,1,0,0,0,0,0,0,1,0,0,0,0
1241202,2011,6,28,9,59,1,43.76124538,-79.58139029,Etobicoke North (1),1,Mount Olive-Silverstone-Jamestown (2),2,D23,Etobicoke York,STEELES AVE W,ISLINGTON AVE E, ,Major Arterial,Mid-Block, ,No Control,Clear,Daylight,Dry,Non-Fatal Injury,Approaching,Driver,65 to 69,,0,East,"Automobile, Station Wagon",Going Ahead,Driving Properly,Normal, , , , , , ,0,0,1,0,0,0,0,0,0,0,0,0,0,0
6002256949,2016,12,21,9,59,2,43.72437247,-79.48154841,York Centre (9),9,Downsview-Roding-CFB (26),26,D31,North York,KEELE ST,401 C W KEELE RAMP ST, ,Major Arterial,Intersection,At Intersection,Traffic Signal,Clear,Daylight,Wet,Non-Fatal Injury,Pedestrian Collisions,Truck Driver,40 to 44,,0,North,Truck-Tractor,Turning Right,Driving Properly,Normal, , , , , , ,1,0,0,0,1,0,0,0,0,0,0,0,0,0
6002256949,2016,12,21,9,59,2,43.72437247,-79.48154841,York Centre (9),9,Downsview-Roding-CFB (26),26,D31,North York,KEELE ST,401 C W KEELE RAMP ST, ,Major Arterial,Intersection,At Intersection,Traffic Signal,Clear,Daylight,Wet,Non-Fatal Injury,Pedestrian Collisions,Pedestrian,15 to 19,Major,0,West, , , , ,Vehicle turns right while ped crosses without ROW at inter.,Crossing without right of way,Inattentive, , , ,1,0,0,0,1,0,0,0,0,0,0,0,0,0
1316232,2012,9,21,9,20,4,43.70334538,-79.42589029,St. Paul's (21),21,Forest Hill North (102),102,D53,Toronto East York,VESTA DR,BATHURST ST, ,Major Arterial,Intersection,At Intersection,Traffic Signal,Clear,Daylight,Dry,Non-Fatal Injury,Pedestrian Collisions,Vehicle Owner,unknown, ,0, ,Other, , , , , , , , , ,1,0,1,0,0,0,0,0,0,1,0,0,0,0
981104,2007,6,23,10,0,5,43.85314538,-79.17999029,Scarborough-Rouge River (42),42,Rouge (131),131,D42,Scarborough,STEELES AVE E,BEARE RD, ,Minor Arterial,Intersection,At Intersection,Stop Sign,Clear,Daylight,Dry,Non-Fatal Injury,Angle,Driver,45 to 49,Major,0,East,Other,Going Ahead,Driving Properly,Normal, , , , , , ,0,0,1,0,0,0,0,1,0,1,0,0,0,0
1316232,2012,9,21,9,20,4,43.70334538,-79.42589029,St. Paul's (21),21,Forest Hill North (102),102,D53,Toronto East York,VESTA DR,BATHURST ST, ,Major Arterial,Intersection,At Intersection,Traffic Signal,Clear,Daylight,Dry,Non-Fatal Injury,Pedestrian Collisions,Driver,70 to 74,,0,East,"Automobile, Station Wagon",Turning Left,Failed to Yield Right of Way,Normal, , , , , , ,1,0,1,0,0,0,0,0,0,1,0,0,0,0
981104,2007,6,23,10,0,5,43.85314538,-79.17999029,Scarborough-Rouge River (42),42,Rouge (131),131,D42,Scarborough,STEELES AVE E,BEARE RD, ,Minor Arterial,Intersection,At Intersection,Stop Sign,Clear,Daylight,Dry,Non-Fatal Injury,Angle,Passenger,45 to 49,Major,0, ,Other, , , , , , , , , ,0,0,1,0,0,0,0,1,0,1,0,0,0,0
981104,2007,6,23,10,0,5,43.85314538,-79.17999029,Scarborough-Rouge River (42),42,Rouge (131),131,D42,Scarborough,STEELES AVE E,BEARE RD, ,Minor Arterial,Intersection,At Intersection,Stop Sign,Clear,Daylight,Dry,Non-Fatal Injury,Angle,Vehicle Owner,unknown,,0, ,Other, , , , , , , , , ,0,0,1,0,0,0,0,1,0,1,0,0,0,0
981104,2007,6,23,10,0,5,43.85314538,-79.17999029,Scarborough-Rouge River (42),42,Rouge (131),131,D42,Scarborough,STEELES AVE E,BEARE RD, ,Minor Arterial,Intersection,At Intersection,Stop Sign,Clear,Daylight,Dry,Non-Fatal Injury,Angle,Driver,40 to 44,Minimal,0,South,"Automobile, Station Wagon",Going Ahead,Failed to Yield Right of Way,Inattentive, , , , , , ,0,0,1,0,0,0,0,1,0,1,0,0,0,0
1020139,2008,1,23,10,0,2,43.70324538,-79.44899029,Eglinton-Lawrence (15),15,Briar Hill-Belgravia (108),108,D13,North York,LOCKSLEY AVE,BRIAR HILL AVE, ,Local,Intersection, ,Stop Sign,Clear,Daylight,Wet,Non-Fatal Injury,Pedestrian Collisions,Driver,unknown,,0,North,"Automobile, Station Wagon",Going Ahead,Failed to Yield Right of Way,Unknown, , , , , , ,1,0,1,0,0,0,0,0,0,1,0,0,0,0
1020139,2008,1,23,10,0,2,43.70324538,-79.44899029,Eglinton-Lawrence (15),15,Briar Hill-Belgravia (108),108,D13,North York,LOCKSLEY AVE,BRIAR HILL AVE, ,Local,Intersection, ,Stop Sign,Clear,Daylight,Wet,Non-Fatal Injury,Pedestrian Collisions,Pedestrian,80 to 84,Major,0,East,Other, , , ,Vehicle is going straight thru inter.while ped cross with ROW,Crossing with right of way,Normal, , , ,1,0,1,0,0,0,0,0,0,1,0,0,0,0
1252521,2011,9,4,10,0,6,43.81424673,-79.28119288,Scarborough-Rouge River (41),41,Agincourt North (129),129,D42,Scarborough,BRIMLEY RD,DANJOHN CRES, ,Major Arterial,Mid-Block, ,No Control,Clear,Daylight,Dry,Non-Fatal Injury,Pedestrian Collisions,Vehicle Owner,unknown, ,0, ,Other, , , , , , , , , ,1,0,0,0,0,1,0,0,0,0,0,0,0,0
1252521,2011,9,4,10,0,6,43.81424673,-79.28119288,Scarborough-Rouge River (41),41,Agincourt North (129),129,D42,Scarborough,BRIMLEY RD,DANJOHN CRES, ,Major Arterial,Mid-Block, ,No Control,Clear,Daylight,Dry,Non-Fatal Injury,Pedestrian Collisions,Driver,50 to 54,,0,North,Municipal Transit Bus (TTC),Going Ahead,Driving Properly,Unknown, , , , , , ,1,0,0,0,0,1,0,0,0,0,0,0,0,0
1252521,2011,9,4,10,0,6,43.81424673,-79.28119288,Scarborough-Rouge River (41),41,Agincourt North (129),129,D42,Scarborough,BRIMLEY RD,DANJOHN CRES, ,Major Arterial,Mid-Block, ,No Control,Clear,Daylight,Dry,Non-Fatal Injury,Pedestrian Collisions,Pedestrian,35 to 39,Major,0,North,Other, , , ,Pedestrian involved in a collision with transit vehicle anywhere along roadway,Running onto Roadway,Other, , , ,1,0,0,0,0,1,0,0,0,0,0,0,0,0
1283294,2011,12,25,10,0,6,43.68974538,-79.47489029,York South-Weston (12),12,Keelesdale-Eglinton West (110),110,D12,Etobicoke York,1971 KEELE St, , ,Major Arterial,Mid-Block, ,No Control,Clear,Daylight,Dry,Non-Fatal Injury,Pedestrian Collisions,Driver,25 to 29,,0,West,"Automobile, Station Wagon",Going Ahead,Other,Had Been Drinking, , , , , , ,1,0,1,0,0,0,0,0,1,1,0,0,0,0
1283294,2011,12,25,10,0,6,43.68974538,-79.47489029,York South-Weston (12),12,Keelesdale-Eglinton West (110),110,D12,Etobicoke York,1971 KEELE St, , ,Major Arterial,Mid-Block, ,No Control,Clear,Daylight,Dry,Non-Fatal Injury,Pedestrian Collisions,Pedestrian,30 to 34,Major,0,Unknown,Other, , , ,Pedestrian hit at mid-block,"Crossing, no Traffic Control", , , , ,1,0,1,0,0,0,0,0,1,1,0,0,0,0
1341806,2013,2,20,8,58,2,43.67724538,-79.49609029,York South-Weston (11),11,Rockcliffe-Smythe (111),111,D12,Etobicoke York,JANE St,DALRYMPLE Dr, ,Major Arterial,Intersection,At Intersection,Stop Sign,Clear,Daylight,Dry,Non-Fatal Injury,Turning Movement,Driver,35 to 39,,0,South,"Automobile, Station Wagon",Going Ahead,Driving Properly,Normal, , , , , , ,0,0,1,0,0,0,0,1,0,1,0,0,0,0
1305388,2012,6,4,10,0,0,43.64694538,-79.41709029,Trinity-Spadina (19),19,Trinity-Bellwoods (81),81,D14,Toronto East York,LOBB AVE,SHAW ST, ,Collector,Intersection,At Intersection,Traffic Signal,Clear,Daylight,Dry,Non-Fatal Injury,Cyclist Collisions,Driver,50 to 54,,0,North,"Automobile, Station Wagon",Turning Left,Failed to Yield Right of Way,Normal, , , , , , ,0,1,1,0,0,0,0,0,0,1,0,0,0,0
1305388,2012,6,4,10,0,0,43.64694538,-79.41709029,Trinity-Spadina (19),19,Trinity-Bellwoods (81),81,D14,Toronto East York,LOBB AVE,SHAW ST, ,Collector,Intersection,At Intersection,Traffic Signal,Clear,Daylight,Dry,Non-Fatal Injury,Cyclist Collisions,Cyclist,30 to 34,Major,0,East,Bicycle,Going Ahead, , , , , ,Motorist turned left across cyclists path.,Driving Properly,Normal,0,1,1,0,0,0,0,0,0,1,0,0,0,0
1308358,2012,7,8,10,0,6,43.80904538,-79.16619029,Scarborough East (44),44,Rouge (131),131,D42,Scarborough,TWYN RIVERS Dr,SHEPPARD Ave E, ,Collector,Intersection, ,No Control,Clear,Daylight,Loose Sand or Gravel,Non-Fatal Injury,SMV Other,Motorcycle Driver,35 to 39,Major,0,East,Motorcycle,Turning Left,Lost control,Normal, , , , , , ,0,0,0,1,0,0,0,0,0,0,0,0,0,0
1324885,2012,10,1,10,0,0,43.73224538,-79.34209029,Don Valley East (34),34,Banbury-Don Mills (42),42,D33,North York,DON MILLS RD,THE DONWAY  E, ,Major Arterial,Intersection, ,Traffic Signal,Clear,Daylight,Dry,Non-Fatal Injury,Pedestrian Collisions,Driver,60 to 64,Minor,0,North,"Automobile, Station Wagon",Going Ahead,Disobeyed Traffic Control,Normal, , , , , , ,1,0,1,0,0,0,0,0,0,1,1,0,0,0
1324885,2012,10,1,10,0,0,43.73224538,-79.34209029,Don Valley East (34),34,Banbury-Don Mills (42),42,D33,North York,DON MILLS RD,THE DONWAY  E, ,Major Arterial,Intersection, ,Traffic Signal,Clear,Daylight,Dry,Non-Fatal Injury,Pedestrian Collisions,Driver,50 to 54,,0,West,"Automobile, Station Wagon",Going Ahead,Driving Properly,Normal, , , , , , ,1,0,1,0,0,0,0,0,0,1,1,0,0,0