ACCNUM,YEAR,MONTH,DAY,HOUR,MINUTES,WEEKDAY,LATITUDE,LONGITUDE,Ward_Name,Ward_ID,Hood_Name,Hood_ID,Division,District,STREET1,STREET2,OFFSET,ROAD_CLASS,LOCCOORD,ACCLOC,TRAFFCTL,VISIBILITY,LIGHT,RDSFCOND,ACCLASS,IMPACTYPE,INVTYPE,INVAGE,INJURY,FATAL_NO,INITDIR,VEHTYPE,MANOEUVER,DRIVACT,DRIVCOND,PEDTYPE,PEDACT,PEDCOND,CYCLISTYPE,CYCACT,CYCCOND,PEDESTRIAN,CYCLIST,AUTOMOBILE,MOTORCYCLE,TRUCK,TRSN_CITY_VEH,EMERG_VEH,PASSENGER,SPEEDING,AG_DRIV,REDLIGHT,ALCOHOL,DISABILITY,label
1324885,2012,10,1,10,0,0,43.73224538,-79.34209029,Don Valley East (34),34,Banbury-Don Mills (42),42,D33,North York,DON MILLS RD,THE DONWAY  E, ,Major Arterial,Intersection, ,Traffic Signal,Clear,Daylight,Dry,Non-Fatal Injury,Pedestrian Collisions,Other Property Owner,unknown, ,0, ,Other, , , , , , , , , ,1,0,1,0,0,0,0,0,0,1,1,0,0,0
1324885,2012,10,1,10,0,0,43.73224538,-79.34209029,Don Valley East (34),34,Banbury-Don Mills (42),42,D33,North York,DON MILLS RD,THE DONWAY  E, ,Major Arterial,Intersection, ,Traffic Signal,Clear,Daylight,Dry,Non-Fatal Injury,Pedestrian Collisions,Pedestrian,85 to 89,Major,0,Unknown,Other, , , ,Pedestrian hit on sidewalk or shoulder,On Sidewalk or Shoulder,Normal, , , ,1,0,1,0,0,0,0,0,0,1,1,0,0,0
4001383742,2014,1,21,10,0,1,43.73268851,-79.22381983,Scarborough Southwest (36),36,Scarborough Village (139),139,D43,Scarborough,KINGSTON RD,TOLLGATE MEWS,100 m East of,Major Arterial,Mid-Block,Intersection Related,No Control,Clear,Daylight,Dry,Non-Fatal Injury,Rear End,Truck Driver,35 to 39,Minor,0,West,Truck-Tractor,Going Ahead,Following too Close,Inattentive, , , , , , ,0,0,1,0,1,0,0,1,0,1,0,0,0,0
4001383742,2014,1,21,10,0,1,43.73268851,-79.22381983,Scarborough Southwest (36),36,Scarborough Village (139),139,D43,Scarborough,KINGSTON RD,TOLLGATE MEWS,100 m East of,Major Arterial,Mid-Block,Intersection Related,No Control,Clear,Daylight,Dry,Non-Fatal Injury,Rear End,Driver,50 to 54,Major,0,West,Pick Up Truck,Stopped,Driving Properly,Normal, , , , , , ,0,0,1,0,1,0,0,1,0,1,0,0,0,0
4001383742,2014,1,21,10,0,1,43.73268851,-79.22381983,Scarborough Southwest (36),36,Scarborough Village (139),139,D43,Scarborough,KINGSTON RD,TOLLGATE MEWS,100 m East of,Major Arterial,Mid-Block,Intersection Related,No Control,Clear,Daylight,Dry,Non-Fatal Injury,Rear End,Driver,45 to 49,Minor,0,West,"Automobile, Station Wagon",Stopped,Driving Properly,Normal, , , , , , ,0,0,1,0,1,0,0,1,0,1,0,0,0,0
4001383742,2014,1,21,10,0,1,43.73268851,-79.22381983,Scarborough Southwest (36),36,Scarborough Village (139),139,D43,Scarborough,KINGSTON RD,TOLLGATE MEWS,100 m East of,Major Arterial,Mid-Block,Intersection Related,No Control,Clear,Daylight,Dry,Non-Fatal Injury,Rear End,Driver,55 to 59,Minor,0,West,"Automobile, Station Wagon",Stopped,Driving Properly,Normal, , , , , , ,0,0,1,0,1,0,0,1,0,1,0,0,0,0
4001383742,2014,1,21,10,0,1,43.73268851,-79.22381983,Scarborough Southwest (36),36,Scarborough Village (139),139,D43,Scarborough,KINGSTON RD,TOLLGATE MEWS,100 m East of,Major Arterial,Mid-Block,Intersection Related,No Control,Clear,Daylight,Dry,Non-Fatal Injury,Rear End,Driver,35 to 39,Minor,0,West,"Automobile, Station Wagon",Stopped,Driving Properly,Normal, , , , , , ,0,0,1,0,1,0,0,1,0,1,0,0,0,0
4001383742,2014,1,21,10,0,1,43.73268851,-79.22381983,Scarborough Southwest (36),36,Scarborough Village (139),139,D43,Scarborough,KINGSTON RD,TOLLGATE MEWS,100 m East of,Major Arterial,Mid-Block,Intersection Related,No Control,Clear,Daylight,Dry,Non-Fatal Injury,Rear End,Driver,50 to 54,Minor,0,West,"Automobile, Station Wagon",Stopped,Driving Properly,Normal, , , , , , ,0,0,1,0,1,0,0,1,0,1,0,0,0,0
4001383742,2014,1,21,10,0,1,43.73268851,-79.22381983,Scarborough Southwest (36),36,Scarborough Village (139),139,D43,Scarborough,KINGSTON RD,TOLLGATE MEWS,100 m East of,Major Arterial,Mid-Block,Intersection Related,No Control,Clear,Daylight,Dry,Non-Fatal Injury,Rear End,Driver,60 to 64,,0,West,"Automobile, Station Wagon",Stopped,Driving Properly,Normal, , , , , , ,0,0,1,0,1,0,0,1,0,1,0,0,0,0
4001383742,2014,1,21,10,0,1,43.73268851,-79.22381983,Scarborough Southwest (36),36,Scarborough Village (139),139,D43,Scarborough,KINGSTON RD,TOLLGATE MEWS,100 m East of,Major Arterial,Mid-Block,Intersection Related,No Control,Clear,Daylight,Dry,Non-Fatal Injury,Rear End,Driver,45 to 49,,0,West,"Automobile, Station Wagon",Stopped,Driving Properly,Normal, , , , , , ,0,0,1,0,1,0,0,1,0,1,0,0,0,0
4001383742,2014,1,21,10,0,1,43.73268851,-79.22381983,Scarborough Southwest (36),36,Scarborough Village (139),139,D43,Scarborough,KINGSTON RD,TOLLGATE MEWS,100 m East of,Major Arterial,Mid-Block,Intersection Related,No Control,Clear,Daylight,Dry,Non-Fatal Injury,Rear End,Truck Driver,40 to 44,,0,West,"Truck - Closed (Blazer, etc)",Stopped,Driving Properly,Normal, , , , , , ,0,0,1,0,1,0,0,1,0,1,0,0,0,0
4001383742,2014,1,21,10,0,1,43.73268851,-79.22381983,Scarborough Southwest (36),36,Scarborough Village (139),139,D43,Scarborough,KINGSTON RD,TOLLGATE MEWS,100 m East of,Major Arterial,Mid-Block,Intersection Related,No Control,Clear,Daylight,Dry,Non-Fatal Injury,Rear End,Passenger,20 to 24,Minor,0, , , , , , , , , , , ,0,0,1,0,1,0,0,1,0,1,0,0,0,0
4001383742,2014,1,21,10,0,1,43.73268851,-79.22381983,Scarborough Southwest (36),36,Scarborough Village (139),139,D43,Scarborough,KINGSTON RD,TOLLGATE MEWS,100 m East of,Major Arterial,Mid-Block,Intersection Related,No Control,Clear,Daylight,Dry,Non-Fatal Injury,Rear End,Passenger,25 to 29,Minor,0, , , , , , , , , , , ,0,0,1,0,1,0,0,1,0,1,0,0,0,0
5001213317,2015,7,17,10,1,4,43.76937063,-79.38865290000001,Willowdale (24),24,Bayview Village (52),52,D33,North York,BAYVIEW AVE,BAYVIEW MEWS LANE, ,Major Arterial,Intersection,Intersection Related,Traffic Signal,Clear,Daylight,Dry,Non-Fatal Injury,Turning Movement,Driver,75 to 79,Major,0,South,"Automobile, Station Wagon",Turning Left,Improper Turn,Inattentive, , , , , , ,0,0,1,0,0,0,0,0,1,1,0,0,0,0
5001213317,2015,7,17,10,1,4,43.76937063,-79.38865290000001,Willowdale (24),24,Bayview Village (52),52,D33,North York,BAYVIEW AVE,BAYVIEW MEWS LANE, ,Major Arterial,Intersection,Intersection Related,Traffic Signal,Clear,Daylight,Dry,Non-Fatal Injury,Turning Movement,Driver,25 to 29,,0,North,Pick Up Truck,Going Ahead,Speed too Fast For Condition,Normal, , , , , , ,0,0,1,0,0,0,0,0,1,1,0,0,0,0
7000395986,2017,3,4,10,1,5,43.73960074,-79.50963984,York Centre (9),9,Glenfield-Jane Heights (25),25,D31,North York,SHEPPARD AVE W,MAGELLAN DR, ,Major Arterial,Intersection,At Intersection,Traffic Signal,Clear,Daylight,Dry,Fatal,Pedestrian Collisions,Driver,20 to 24,,0,East,"Automobile, Station Wagon",Going Ahead,Disobeyed Traffic Control,Inattentive, , , , , , ,1,0,1,0,0,0,0,0,0,1,1,0,0,1
7000395986,2017,3,4,10,1,5,43.73960074,-79.50963984,York Centre (9),9,Glenfield-Jane Heights (25),25,D31,North York,SHEPPARD AVE W,MAGELLAN DR, ,Major Arterial,Intersection,At Intersection,Traffic Signal,Clear,Daylight,Dry,Fatal,Pedestrian Collisions,Pedestrian,5 to 9,Minor,0,North, , , , ,Vehicle is going straight thru inter.while ped cross with ROW,Crossing with right of way,Normal, , , ,1,0,1,0,0,0,0,0,0,1,1,0,0,1
7000395986,2017,3,4,10,1,5,43.73960074,-79.50963984,York Centre (9),9,Glenfield-Jane Heights (25),25,D31,North York,SHEPPARD AVE W,MAGELLAN DR, ,Major Arterial,Intersection,At Intersection,Traffic Signal,Clear,Daylight,Dry,Fatal,Pedestrian Collisions,Pedestrian,5 to 9,Fatal,11,North, , , , ,Vehicle is going straight thru inter.while ped cross with ROW,Crossing with right of way,Normal, , , ,1,0,1,0,0,0,0,0,0,1,1,0,0,1
1058993,2008,9,15,10,3,0,43.77454538,-79.43839029,Willowdale (23),23,Willowdale West (37),37,D32,North York,261 FINCH Aven W, , ,Major Arterial, , ,No Control,Clear,Daylight,Dry,Non-Fatal Injury,Angle,Driver,20 to 24,Major,0, ,"Automobile, Station Wagon",Changing Lanes, , , , , , , , ,0,0,1,0,0,0,0,0,0,0,0,0,0,0
7000256158,2017,2,10,10,3,4,43.65445288,-79.36941920000001,Toronto Centre-Rosedale (28),28,Moss Park (73),73,D51,Toronto East York,QUEEN ST E,SHERBOURNE ST,5 m East of,Major Arterial,Intersection,At Intersection,Traffic Signal,Clear,Daylight,Dry,Non-Fatal Injury,Pedestrian Collisions,Driver,45 to 49,,0,West,Municipal Transit Bus (TTC),Going Ahead,Driving Properly,Normal, , , , , , ,1,0,0,0,0,1,0,0,0,0,0,0,0,0
7000256158,2017,2,10,10,3,4,43.65445288,-79.36941920000001,Toronto Centre-Rosedale (28),28,Moss Park (73),73,D51,Toronto East York,QUEEN ST E,SHERBOURNE ST,5 m East of,Major Arterial,Intersection,At Intersection,Traffic Signal,Clear,Daylight,Dry,Non-Fatal Injury,Pedestrian Collisions,Pedestrian,35 to 39,Major,0,Unknown, , , , ,Other / Undefined,Other,Other, , , ,1,0,0,0,0,1,0,0,0,0,0,0,0,0
990014,2007,9,13,10,5,3,43.75594538,-79.52429029,York West (8),8,Black Creek (24),24,D31,North York,OAKDALE RD,FINCH AVE W, ,Major Arterial,Intersection,At Intersection,Traffic Signal,Clear,Daylight,Dry,Fatal,Pedestrian Collisions,Vehicle Owner,unknown, ,0, ,Other, , , , , , , , , ,1,0,0,0,1,0,0,0,0,0,0,0,0,1
990014,2007,9,13,10,5,3,43.75594538,-79.52429029,York West (8),8,Black Creek (24),24,D31,North York,OAKDALE RD,FINCH AVE W, ,Major Arterial,Intersection,At Intersection,Traffic Signal,Clear,Daylight,Dry,Fatal,Pedestrian Collisions,Truck Driver,20 to 24,,0,North,Truck - Open,Turning Left,Driving Properly,Normal, , , , , , ,1,0,0,0,1,0,0,0,0,0,0,0,0,1
990014,2007,9,13,10,5,3,43.75594538,-79.52429029,York West (8),8,Black Creek (24),24,D31,North York,OAKDALE RD,FINCH AVE W, ,Major Arterial,Intersection,At Intersection,Traffic Signal,Clear,Daylight,Dry,Fatal,Pedestrian Collisions,Pedestrian,65 to 69,Fatal,0,South,Other, , , ,Vehicle turns left while ped crosses without ROW at inter.,Crossing without right of way,Unknown, , , ,1,0,0,0,1,0,0,0,0,0,0,0,0,1
1000380,2007,11,4,10,5,6,43.63714538,-79.43599029,Parkdale-High Park (14),14,South Parkdale (85),85,D14,Toronto East York,JAMESON AVE,KING ST W, ,Minor Arterial,Intersection,At Intersection,Traffic Signal,Clear,Daylight,Dry,Non-Fatal Injury,Pedestrian Collisions,Vehicle Owner,unknown, ,0, ,Other, , , , , , , , , ,1,0,1,0,0,0,0,0,0,0,0,0,0,0
1000380,2007,11,4,10,5,6,43.63714538,-79.43599029,Parkdale-High Park (14),14,South Parkdale (85),85,D14,Toronto East York,JAMESON AVE,KING ST W, ,Minor Arterial,Intersection,At Intersection,Traffic Signal,Clear,Daylight,Dry,Non-Fatal Injury,Pedestrian Collisions,Driver,55 to 59,,0,West,"Automobile, Station Wagon",Turning Right,Driving Properly,Normal, , , , , , ,1,0,1,0,0,0,0,0,0,0,0,0,0,0
1000380,2007,11,4,10,5,6,43.63714538,-79.43599029,Parkdale-High Park (14),14,South Parkdale (85),85,D14,Toronto East York,JAMESON AVE,KING ST W, ,Minor Arterial,Intersection,At Intersection,Traffic Signal,Clear,Daylight,Dry,Non-Fatal Injury,Pedestrian Collisions,Pedestrian,75 to 79,Major,0,West,Other, , , ,Vehicle turns right while ped crosses without ROW at inter.,Crossing without right of way,Normal, , , ,1,0,1,0,0,0,0,0,0,0,0,0,0,0
1310192,2012,7,18,10,5,2,43.63944538,-79.34579029,Toronto-Danforth (30),30,South Riverdale (70),70,D51,Toronto East York,UNWIN Aven,CHERRY Stre, ,Local,Mid-Block,At Intersection,No Control,Clear,Daylight,Dry,Non-Fatal Injury,Turning Movement,Vehicle Owner,unknown, ,0, ,Other, , , , , , , , , ,0,0,0,1,1,0,0,0,0,1,0,0,0,0
1310192,2012,7,18,10,5,2,43.63944538,-79.34579029,Toronto-Danforth (30),30,South Riverdale (70),70,D51,Toronto East York,UNWIN Aven,CHERRY Stre, ,Local,Mid-Block,At Intersection,No Control,Clear,Daylight,Dry,Non-Fatal Injury,Turning Movement,Truck Driver,25 to 29,,0,East,Truck - Open,Turning Left,Driving Properly,Normal, , , , , , ,0,0,0,1,1,0,0,0,0,1,0,0,0,0
1310192,2012,7,18,10,5,2,43.63944538,-79.34579029,Toronto-Danforth (30),30,South Riverdale (70),70,D51,Toronto East York,UNWIN Aven,CHERRY Stre, ,Local,Mid-Block,At Intersection,No Control,Clear,Daylight,Dry,Non-Fatal Injury,Turning Movement,Motorcycle Driver,30 to 34,Major,0,East,Motorcycle,Going Ahead,Improper Passing,Normal, , , , , , ,0,0,0,1,1,0,0,0,0,1,0,0,0,0
1310192,2012,7,18,10,5,2,43.63944538,-79.34579029,Toronto-Danforth (30),30,South Riverdale (70),70,D51,Toronto East York,UNWIN Aven,CHERRY Stre, ,Local,Mid-Block,At Intersection,No Control,Clear,Daylight,Dry,Non-Fatal Injury,Turning Movement,Other,unknown,,0, ,Other, , , , , , , , , ,0,0,0,1,1,0,0,0,0,1,0,0,0,0
1384025,2013,8,29,10,5,3,43.73668631,-79.24808131,Scarborough Southwest (35),35,Kennedy Park (124),124,D41,Scarborough,EGLINTON AVE E,BRIMLEY RD, ,Major Arterial,Intersection, ,Traffic Signal,Clear,Daylight,Dry,Non-Fatal Injury,Pedestrian Collisions,Vehicle Owner,unknown, ,0, ,Other, , , , , , , , , ,1,0,1,0,0,0,0,0,0,1,0,0,0,0
1384025,2013,8,29,10,5,3,43.73668631,-79.24808131,Scarborough Southwest (35),35,Kennedy Park (124),124,D41,Scarborough,EGLINTON AVE E,BRIMLEY RD, ,Major Arterial,Intersection, ,Traffic Signal,Clear,Daylight,Dry,Non-Fatal Injury,Pedestrian Collisions,Driver,55 to 59,,0,South,"Automobile, Station Wagon",Turning Left,Failed to Yield Right of Way,Normal, , , , , , ,1,0,1,0,0,0,0,0,0,1,0,0,0,0
1384025,2013,8,29,10,5,3,43.73668631,-79.24808131,Scarborough Southwest (35),35,Kennedy Park (124),124,D41,Scarborough,EGLINTON AVE E,BRIMLEY RD, ,Major Arterial,Intersection, ,Traffic Signal,Clear,Daylight,Dry,Non-Fatal Injury,Pedestrian Collisions,Pedestrian,25 to 29,Major,0,South,Other, , , ,Vehicle turns left while ped crosses with ROW at inter.,Crossing with right of way,Normal, , , ,1,0,1,0,0,0,0,0,0,1,0,0,0,0
4001856099,2014,4,9,10,5,2,43.7908016,-79.45302209999998,York Centre (10),10,Westminster-Branson (35),35,D32,North York,STEELES AVE W,TORRESDALE AVE, ,Major Arterial,Intersection,At Intersection,Traffic Signal,Clear,Daylight,Dry,Non-Fatal Injury,Turning Movement,Driver,60 to 64,Major,0,West,"Automobile, Station Wagon",Turning Left,Failed to Yield Right of Way,Normal, , , , , , ,0,0,1,0,0,0,0,1,1,1,0,0,0,0
4001856099,2014,4,9,10,5,2,43.7908016,-79.45302209999998,York Centre (10),10,Westminster-Branson (35),35,D32,North York,STEELES AVE W,TORRESDALE AVE, ,Major Arterial,Intersection,At Intersection,Traffic Signal,Clear,Daylight,Dry,Non-Fatal Injury,Turning Movement,Driver,15 to 19,Minimal,0,East,"Automobile, Station Wagon",Going Ahead,Exceeding Speed Limit,Normal, , , , , , ,0,0,1,0,0,0,0,1,1,1,0,0,0,0
4001856099,2014,4,9,10,5,2,43.7908016,-79.45302209999998,York Centre (10),10,Westminster-Branson (35),35,D32,North York,STEELES AVE W,TORRESDALE AVE, ,Major Arterial,Intersection,At Intersection,Traffic Signal,Clear,Daylight,Dry,Non-Fatal Injury,Turning Movement,Passenger,15 to 19,Minor,0, , , , , , , , , , , ,0,0,1,0,0,0,0,1,1,1,0,0,0,0
4001856099,2014,4,9,10,5,2,43.7908016,-79.45302209999998,York Centre (10),10,Westminster-Branson (35),35,D32,North York,STEELES AVE W,TORRESDALE AVE, ,Major Arterial,Intersection,At Intersection,Traffic Signal,Clear,Daylight,Dry,Non-Fatal Injury,Turning Movement,Passenger,15 to 19,Minor,0, , , , , , , , , , , ,0,0,1,0,0,0,0,1,1,1,0,0,0,0
4001856099,2014,4,9,10,5,2,43.7908016,-79.45302209999998,York Centre (10),10,Westminster-Branson (35),35,D32,North York,STEELES AVE W,TORRESDALE AVE, ,Major Arterial,Intersection,At Intersection,Traffic Signal,Clear,Daylight,Dry,Non-Fatal Injury,Turning Movement,Passenger,15 to 19,Minor,0, , , , , , , , , , , ,0,0,1,0,0,0,0,1,1,1,0,0,0,0
4001856099,2014,4,9,10,5,2,43.7908016,-79.45302209999998,York Centre (10),10,Westminster-Branson (35),35,D32,North York,STEELES AVE W,TORRESDALE AVE, ,Major Arterial,Intersection,At Intersection,Traffic Signal,Clear,Daylight,Dry,Non-Fatal Injury,Turning Movement,Passenger,15 to 19,Minor,0, , , , , , , , , , , ,0,0,1,0,0,0,0,1,1,1,0,0,0,0
4003340766,2014,11,21,10,5,4,43.68276175,-79.46332178,Davenport (17),17,Keelesdale-Eglinton West (110),110,D12,Etobicoke York,SILVERTHORN AVE,ROGERS RD, ,Minor Arterial,Intersection,Intersection Related,Traffic Signal,Clear,Daylight,Dry,Non-Fatal Injury,Pedestrian Collisions,Driver,50 to 54,,0,South,Pick Up Truck,Turning Left,Failed to Yield Right of Way,Normal, , , , , , ,1,0,1,0,0,0,0,0,0,1,0,0,0,0
4003340766,2014,11,21,10,5,4,43.68276175,-79.46332178,Davenport (17),17,Keelesdale-Eglinton West (110),110,D12,Etobicoke York,SILVERTHORN AVE,ROGERS RD, ,Minor Arterial,Intersection,Intersection Related,Traffic Signal,Clear,Daylight,Dry,Non-Fatal Injury,Pedestrian Collisions,Pedestrian,70 to 74,Major,0,Unknown, , , , ,Vehicle turns left while ped crosses with ROW at inter.,Crossing with right of way,Normal, , , ,1,0,1,0,0,0,0,0,0,1,0,0,0,0
1378332,2013,10,1,10,6,1,43.6676441,-79.34279261,Toronto-Danforth (30),30,North Riverdale (68),68,D55,Toronto East York,GERRARD ST E,CARLAW AVE, ,Minor Arterial,Intersection,At Intersection,Traffic Signal,Clear,Daylight,Dry,Fatal,Pedestrian Collisions,Vehicle Owner,unknown, ,0, , , , , , , , , , , ,1,0,0,0,1,0,0,0,0,1,0,0,0,1
1378332,2013,10,1,10,6,1,43.6676441,-79.34279261,Toronto-Danforth (30),30,North Riverdale (68),68,D55,Toronto East York,GERRARD ST E,CARLAW AVE, ,Minor Arterial,Intersection,At Intersection,Traffic Signal,Clear,Daylight,Dry,Fatal,Pedestrian Collisions,Truck Driver,40 to 44,,0,West,Truck-Tractor,Turning Right,Failed to Yield Right of Way,Inattentive, , , , , , ,1,0,0,0,1,0,0,0,0,1,0,0,0,1
1378332,2013,10,1,10,6,1,43.6676441,-79.34279261,Toronto-Danforth (30),30,North Riverdale (68),68,D55,Toronto East York,GERRARD ST E,CARLAW AVE, ,Minor Arterial,Intersection,At Intersection,Traffic Signal,Clear,Daylight,Dry,Fatal,Pedestrian Collisions,Other,unknown,,0, , , , , , , , , , , ,1,0,0,0,1,0,0,0,0,1,0,0,0,1
1378332,2013,10,1,10,6,1,43.6676441,-79.34279261,Toronto-Danforth (30),30,North Riverdale (68),68,D55,Toronto East York,GERRARD ST E,CARLAW AVE, ,Minor Arterial,Intersection,At Intersection,Traffic Signal,Clear,Daylight,Dry,Fatal,Pedestrian Collisions,Pedestrian,55 to 59,Fatal,44,West, , , , ,Vehicle turns right while ped crosses with ROW at inter.,Crossing with right of way,Unknown, , , ,1,0,0,0,1,0,0,0,0,1,0,0,0,1
7000451642,2017,3,13,10,6,0,43.81272085,-79.27431879,Scarborough-Rouge River (41),41,Agincourt North (129),129,D42,Scarborough,BRIMWOOD BLVD,WELLPARK BLVD,4 m East of,Collector,Intersection,At Intersection,Stop Sign,Clear,Daylight,Dry,Non-Fatal Injury,Cyclist Collisions,Cyclist,70 to 74,Major,0,South,Bicycle,Turning Left, , , , , ,Cyclist turned left across motorists path.,Failed to Yield Right of Way,Inattentive,0,1,1,0,0,0,0,0,0,0,0,0,0,0
7000451642,2017,3,13,10,6,0,43.81272085,-79.27431879,Scarborough-Rouge River (41),41,Agincourt North (129),129,D42,Scarborough,BRIMWOOD BLVD,WELLPARK BLVD,4 m East of,Collector,Intersection,At Intersection,Stop Sign,Clear,Daylight,Dry,Non-Fatal Injury,Cyclist Collisions,Driver,45 to 49,,0,East,"Automobile, Station Wagon",Going Ahead,Driving Properly,Normal, , , , , , ,0,1,1,0,0,0,0,0,0,0,0,0,0,0
1219697,2011,1,5,10,7,2,43.67164538,-79.42149029,Trinity-Spadina (20),20,Annex (95),95,D14,Toronto East York,DUPONT ST,CHRISTIE ST, ,Major Arterial,Intersection,At Intersection,Traffic Signal,Clear,Daylight,Dry,Non-Fatal Injury,Pedestrian Collisions,Driver,60 to 64,,0,South,"Automobile, Station Wagon",Turning Left,Failed to Yield Right of Way,Normal, , , , , , ,1,0,1,0,0,0,0,0,0,1,0,0,0,0
1219697,2011,1,5,10,7,2,43.67164538,-79.42149029,Trinity-Spadina (20),20,Annex (95),95,D14,Toronto East York,DUPONT ST,CHRISTIE ST, ,Major Arterial,Intersection,At Intersection,Traffic Signal,Clear,Daylight,Dry,Non-Fatal Injury,Pedestrian Collisions,Pedestrian,80 to 84,Major,0,North,Other, , , ,Vehicle turns left while ped crosses with ROW at inter.,Crossing with right of way,Normal, , , ,1,0,1,0,0,0,0,0,0,1,0,0,0,0
1169755,2010,4,26,10,8,0,43.77004538,-79.26129029,Scarborough Centre (38),38,Bendale (127),127,D43,Scarborough,ELLESMERE Road,BRIMLEY Road, ,Major Arterial,Intersection,At Intersection,Traffic Controller,Clear,Daylight,Dry,Non-Fatal Injury,Turning Movement,Passenger,80 to 84,Major,0, ,Other, , , , , , , , , ,0,0,1,0,0,0,0,1,0,1,0,0,0,0
1169755,2010,4,26,10,8,0,43.77004538,-79.26129029,Scarborough Centre (38),38,Bendale (127),127,D43,Scarborough,ELLESMERE Road,BRIMLEY Road, ,Major Arterial,Intersection,At Intersection,Traffic Controller,Clear,Daylight,Dry,Non-Fatal Injury,Turning Movement,Driver,80 to 84,,0,West,"Automobile, Station Wagon",Turning Left,Failed to Yield Right of Way,Inattentive, , , , , , ,0,0,1,0,0,0,0,1,0,1,0,0,0,0
1169755,2010,4,26,10,8,0,43.77004538,-79.26129029,Scarborough Centre (38),38,Bendale (127),127,D43,Scarborough,ELLESMERE Road,BRIMLEY Road, ,Major Arterial,Intersection,At Intersection,Traffic Controller,Clear,Daylight,Dry,Non-Fatal Injury,Turning Movement,Driver,35 to 39,,0,South, ,Going Ahead,Failed to Yield Right of Way,Inattentive, , , , , , ,0,0,1,0,0,0,0,1,0,1,0,0,0,0
1190299,2010,9,20,10,8,0,43.78914538,-79.37329029,Don Valley East (33),33,Bayview Village (52),52,D33,North York,PINEWAY BLVD,FINCH AVE E, ,Major Arterial,Intersection,At Intersection,Traffic Signal,Clear,Daylight,Dry,Non-Fatal Injury,Pedestrian Collisions,Driver,30 to 34,,0,South,"Automobile, Station Wagon",Turning Left,Failed to Yield Right of Way,Normal, , , , , , ,1,0,1,0,0,0,0,0,0,1,0,0,0,0
1190299,2010,9,20,10,8,0,43.78914538,-79.37329029,Don Valley East (33),33,Bayview Village (52),52,D33,North York,PINEWAY BLVD,FINCH AVE E, ,Major Arterial,Intersection,At Intersection,Traffic Signal,Clear,Daylight,Dry,Non-Fatal Injury,Pedestrian Collisions,Pedestrian,70 to 74,Major,0,North,Other, , , ,Vehicle turns left while ped crosses with ROW at inter.,Crossing with right of way,Normal, , , ,1,0,1,0,0,0,0,0,0,1,0,0,0,0
1121120,2009,7,17,10,9,4,43.66304538,-79.40209029,Trinity-Spadina (20),20,University (79),79,D52,Toronto East York,HARBORD ST,SPADINA AVE, ,Major Arterial,Intersection,At Intersection,Traffic Signal,Clear,Daylight,Dry,Non-Fatal Injury,Cyclist Collisions,Driver,35 to 39,,0,East,"Automobile, Station Wagon",Turning Right,Improper Turn,Normal, , , , , , ,0,1,1,0,0,0,0,0,0,0,0,0,0,0
1121120,2009,7,17,10,9,4,43.66304538,-79.40209029,Trinity-Spadina (20),20,University (79),79,D52,Toronto East York,HARBORD ST,SPADINA AVE, ,Major Arterial,Intersection,At Intersection,Traffic Signal,Clear,Daylight,Dry,Non-Fatal Injury,Cyclist Collisions,Cyclist,25 to 29,Major,0,East,Bicycle,Going Ahead, , , , , ,Motorist turning right on red at signalized intersection strikes cyclist.,Driving Properly,Normal,0,1,1,0,0,0,0,0,0,0,0,0,0,0
4002018320,2014,5,5,10,9,0,43.67391928,-79.30791865,Beaches-East York (32),32,The Beaches (63),63,D55,Toronto East York,WOODBINE AVE,KINGSTON RD, ,Major Arterial,Intersection,At Intersection,Traffic Signal,Clear,Daylight,Dry,Non-Fatal Injury,Cyclist Collisions,Cyclist,50 to 54,Major,0,North,Bicycle,Going Ahead, , , , , ,Motorist turned left across cyclists path.,Driving Properly,Normal,0,1,1,0,0,0,0,1,0,1,0,0,0,0
4002018320,2014,5,5,10,9,0,43.67391928,-79.30791865,Beaches-East York (32),32,The Beaches (63),63,D55,Toronto East York,WOODBINE AVE,KINGSTON RD, ,Major Arterial,Intersection,At Intersection,Traffic Signal,Clear,Daylight,Dry,Non-Fatal Injury,Cyclist Collisions,Driver,45 to 49,,0,South,"Automobile, Station Wagon",Turning Left,Failed to Yield Right of Way,Normal, , , , , , ,0,1,1,0,0,0,0,1,0,1,0,0,0,0
4002018320,2014,5,5,10,9,0,43.67391928,-79.30791865,Beaches-East York (32),32,The Beaches (63),63,D55,Toronto East York,WOODBINE AVE,KINGSTON RD, ,Major Arterial,Intersection,At Intersection,Traffic Signal,Clear,Daylight,Dry,Non-Fatal Injury,Cyclist Collisions,Passenger,20 to 24,,0, , , , , , , , , , , ,0,1,1,0,0,0,0,1,0,1,0,0,0,0