ACCNUM,YEAR,MONTH,DAY,HOUR,MINUTES,WEEKDAY,LATITUDE,LONGITUDE,Ward_Name,Ward_ID,Hood_Name,Hood_ID,Division,District,STREET1,STREET2,OFFSET,ROAD_CLASS,LOCCOORD,ACCLOC,TRAFFCTL,VISIBILITY,LIGHT,RDSFCOND,ACCLASS,IMPACTYPE,INVTYPE,INVAGE,INJURY,FATAL_NO,INITDIR,VEHTYPE,MANOEUVER,DRIVACT,DRIVCOND,PEDTYPE,PEDACT,PEDCOND,CYCLISTYPE,CYCACT,CYCCOND,PEDESTRIAN,CYCLIST,AUTOMOBILE,MOTORCYCLE,TRUCK,TRSN_CITY_VEH,EMERG_VEH,PASSENGER,SPEEDING,AG_DRIV,REDLIGHT,ALCOHOL,DISABILITY,label
997564,2007,10,19,10,10,4,43.71624538,-79.55869029,Etobicoke North (2),2,Rexdale-Kipling (4),4,D23,Etobicoke York,BERGAMOT AVE,ISLINGTON AVE, ,Collector,Mid-Block, ,No Control,Rain,Daylight,Wet,Fatal,Approaching,Passenger,80 to 84,Fatal,0, ,Other, , , , , , , , , ,0,0,1,0,0,1,0,1,0,0,0,1,0,1
997564,2007,10,19,10,10,4,43.71624538,-79.55869029,Etobicoke North (2),2,Rexdale-Kipling (4),4,D23,Etobicoke York,BERGAMOT AVE,ISLINGTON AVE, ,Collector,Mid-Block, ,No Control,Rain,Daylight,Wet,Fatal,Approaching,Passenger,80 to 84,Fatal,0, ,Other, , , , , , , , , ,0,0,1,0,0,1,0,1,0,0,0,1,0,1
997564,2007,10,19,10,10,4,43.71624538,-79.55869029,Etobicoke North (2),2,Rexdale-Kipling (4),4,D23,Etobicoke York,BERGAMOT AVE,ISLINGTON AVE, ,Collector,Mid-Block, ,No Control,Rain,Daylight,Wet,Fatal,Approaching,Vehicle Owner,unknown, ,0, ,Other, , , , , , , , , ,0,0,1,0,0,1,0,1,0,0,0,1,0,1
997564,2007,10,19,10,10,4,43.71624538,-79.55869029,Etobicoke North (2),2,Rexdale-Kipling (4),4,D23,Etobicoke York,BERGAMOT AVE,ISLINGTON AVE, ,Collector,Mid-Block, ,No Control,Rain,Daylight,Wet,Fatal,Approaching,Driver,70 to 74,Major,0,North,"Automobile, Station Wagon",Going Ahead,Lost control,"Ability Impaired, Alcohol Over .08", , , , , , ,0,0,1,0,0,1,0,1,0,0,0,1,0,1
997564,2007,10,19,10,10,4,43.71624538,-79.55869029,Etobicoke North (2),2,Rexdale-Kipling (4),4,D23,Etobicoke York,BERGAMOT AVE,ISLINGTON AVE, ,Collector,Mid-Block, ,No Control,Rain,Daylight,Wet,Fatal,Approaching,Vehicle Owner,unknown, ,0, ,Other, , , , , , , , , ,0,0,1,0,0,1,0,1,0,0,0,1,0,1
997564,2007,10,19,10,10,4,43.71624538,-79.55869029,Etobicoke North (2),2,Rexdale-Kipling (4),4,D23,Etobicoke York,BERGAMOT AVE,ISLINGTON AVE, ,Collector,Mid-Block, ,No Control,Rain,Daylight,Wet,Fatal,Approaching,Driver,55 to 59,,0,South,Municipal Transit Bus (TTC),Going Ahead,Driving Properly,Normal, , , , , , ,0,0,1,0,0,1,0,1,0,0,0,1,0,1
1120053,2009,8,4,10,10,1,43.72884538,-79.30439029,Don Valley East (34),34,Victoria Village (43),43,D33,Scarborough,VICTORIA PARK AVE,BIGGIN CRT, ,Major Arterial,Intersection,At Intersection,Stop Sign,Clear,Daylight,Dry,Non-Fatal Injury,Turning Movement,Vehicle Owner,unknown, ,0, ,Other, , , , , , , , , ,0,0,1,0,0,0,0,0,0,0,0,0,0,0
1120053,2009,8,4,10,10,1,43.72884538,-79.30439029,Don Valley East (34),34,Victoria Village (43),43,D33,Scarborough,VICTORIA PARK AVE,BIGGIN CRT, ,Major Arterial,Intersection,At Intersection,Stop Sign,Clear,Daylight,Dry,Non-Fatal Injury,Turning Movement,Driver,45 to 49,Minimal,0,East,Other,Turning Left,Lost control,Normal, , , , , , ,0,0,1,0,0,0,0,0,0,0,0,0,0,0
1120053,2009,8,4,10,10,1,43.72884538,-79.30439029,Don Valley East (34),34,Victoria Village (43),43,D33,Scarborough,VICTORIA PARK AVE,BIGGIN CRT, ,Major Arterial,Intersection,At Intersection,Stop Sign,Clear,Daylight,Dry,Non-Fatal Injury,Turning Movement,Driver,30 to 34,Minimal,0,South,"Automobile, Station Wagon",Going Ahead,Driving Properly,Normal, , , , , , ,0,0,1,0,0,0,0,0,0,0,0,0,0,0
1120053,2009,8,4,10,10,1,43.72884538,-79.30439029,Don Valley East (34),34,Victoria Village (43),43,D33,Scarborough,VICTORIA PARK AVE,BIGGIN CRT, ,Major Arterial,Intersection,At Intersection,Stop Sign,Clear,Daylight,Dry,Non-Fatal Injury,Turning Movement,Driver,40 to 44,Major,0,South,"Automobile, Station Wagon",Going Ahead,Driving Properly,Normal, , , , , , ,0,0,1,0,0,0,0,0,0,0,0,0,0,0
1132051,2009,9,24,10,10,3,43.65874538,-79.37809029,Toronto Centre-Rosedale (27),27,Church-Yonge Corridor (75),75,D51,Toronto East York,CHURCH ST,GOULD ST, ,Minor Arterial,Mid-Block, ,No Control,Clear,Daylight,Dry,Non-Fatal Injury,Cyclist Collisions,Driver,unknown,,0,South,"Automobile, Station Wagon",Parked,Other,Inattentive, , , , , , ,0,1,1,0,0,0,0,0,0,0,0,0,0,0
1132051,2009,9,24,10,10,3,43.65874538,-79.37809029,Toronto Centre-Rosedale (27),27,Church-Yonge Corridor (75),75,D51,Toronto East York,CHURCH ST,GOULD ST, ,Minor Arterial,Mid-Block, ,No Control,Clear,Daylight,Dry,Non-Fatal Injury,Cyclist Collisions,Cyclist,20 to 24,Major,0,South,Bicycle,Slowing or Stopping, , , , , ,Cyclist struck opened vehicle door,Driving Properly,Normal,0,1,1,0,0,0,0,0,0,0,0,0,0,0
1269009,2011,10,7,10,10,4,43.79084538,-79.44409029,York Centre (10),10,Newtonbrook West (36),36,D32,North York,GREENWIN VILLAGE Road,BISON Driv, ,Collector,Intersection, ,No Control,Clear,Daylight,Dry,Non-Fatal Injury,Pedestrian Collisions,Driver,65 to 69,,0,West,"Automobile, Station Wagon",Turning Left,Lost control,Normal, , , , , , ,1,0,1,0,0,0,0,0,0,0,0,0,0,0
1269009,2011,10,7,10,10,4,43.79084538,-79.44409029,York Centre (10),10,Newtonbrook West (36),36,D32,North York,GREENWIN VILLAGE Road,BISON Driv, ,Collector,Intersection, ,No Control,Clear,Daylight,Dry,Non-Fatal Injury,Pedestrian Collisions,Pedestrian,15 to 19,Major,0,Unknown,Other, , , ,Pedestrian hit on sidewalk or shoulder,On Sidewalk or Shoulder,Normal, , , ,1,0,1,0,0,0,0,0,0,0,0,0,0,0
1296056,2012,4,2,10,10,0,43.66264538,-79.33279029,Toronto-Danforth (30),30,South Riverdale (70),70,D55,Toronto East York,QUEEN St E,JONES Ave, ,Minor Arterial,Intersection,At Intersection,Traffic Signal,Clear,Daylight,Dry,Non-Fatal Injury,Pedestrian Collisions,Vehicle Owner,unknown, ,0, ,Other, , , , , , , , , ,1,0,1,0,0,0,0,0,0,1,0,0,0,0
1296056,2012,4,2,10,10,0,43.66264538,-79.33279029,Toronto-Danforth (30),30,South Riverdale (70),70,D55,Toronto East York,QUEEN St E,JONES Ave, ,Minor Arterial,Intersection,At Intersection,Traffic Signal,Clear,Daylight,Dry,Non-Fatal Injury,Pedestrian Collisions,Driver,30 to 34,,0,South,"Automobile, Station Wagon",Turning Left,Failed to Yield Right of Way,Normal, , , , , , ,1,0,1,0,0,0,0,0,0,1,0,0,0,0
1296056,2012,4,2,10,10,0,43.66264538,-79.33279029,Toronto-Danforth (30),30,South Riverdale (70),70,D55,Toronto East York,QUEEN St E,JONES Ave, ,Minor Arterial,Intersection,At Intersection,Traffic Signal,Clear,Daylight,Dry,Non-Fatal Injury,Pedestrian Collisions,Pedestrian,75 to 79,Major,0,North,Other, , , ,Vehicle turns left while ped crosses with ROW at inter.,Crossing with right of way,Normal, , , ,1,0,1,0,0,0,0,0,0,1,0,0,0,0
1212031,2011,1,11,10,23,1,43.64724538,-79.40389029,Trinity-Spadina (20),20,Kensington-Chinatown (78),78,D14,Toronto East York,QUEEN ST W,BATHURST ST, ,Major Arterial,Intersection,At Intersection,No Control,Clear,Daylight,Wet,Fatal,Pedestrian Collisions,Vehicle Owner,unknown, ,0, ,Other, , , , , , , , , ,1,0,0,0,0,1,0,0,0,0,0,0,0,1
1129154,2009,10,6,9,35,1,43.79304538,-79.41189029,Willowdale (24),24,Newtonbrook East (50),50,D32,North York,CENTRE AVE,WILLOWDALE AVE, ,Minor Arterial,Intersection,At Intersection,Stop Sign,Clear,Daylight,Dry,Non-Fatal Injury,Pedestrian Collisions,Pedestrian,85 to 89,Major,0,East,Other, , , ,Vehicle turns left while ped crosses with ROW at inter.,Crossing with right of way,Normal, , , ,1,0,1,0,0,0,0,0,0,1,0,0,0,0
4001888181,2014,4,14,10,30,0,43.72042044,-79.60916529,Etobicoke North (2),2,West Humber-Clairville (1),1,D23,Etobicoke York,REXDALE BLVD,HUMBERWOOD BLVD, ,Major Arterial,Mid-Block,Non Intersection,No Control,Clear,Daylight,Dry,Non-Fatal Injury,Cyclist Collisions,Cyclist,55 to 59,Major,0,West,Bicycle,Going Ahead, , , , , ,Cyclist and Driver travelling in same direction. One vehicle sideswipes the other.,Driving Properly,Normal,0,1,1,0,0,0,0,0,0,1,0,0,0,0
1212031,2011,1,11,10,23,1,43.64724538,-79.40389029,Trinity-Spadina (20),20,Kensington-Chinatown (78),78,D14,Toronto East York,QUEEN ST W,BATHURST ST, ,Major Arterial,Intersection,At Intersection,No Control,Clear,Daylight,Wet,Fatal,Pedestrian Collisions,Driver,50 to 54,,0,West,Municipal Transit Bus (TTC),Going Ahead,Driving Properly,Normal, , , , , , ,1,0,0,0,0,1,0,0,0,0,0,0,0,1
1316232,2012,9,21,9,20,4,43.70334538,-79.42589029,St. Paul's (21),21,Forest Hill North (102),102,D53,Toronto East York,VESTA DR,BATHURST ST, ,Major Arterial,Intersection,At Intersection,Traffic Signal,Clear,Daylight,Dry,Non-Fatal Injury,Pedestrian Collisions,Pedestrian,70 to 74,Major,0,West,Other, , , ,Vehicle turns left while ped crosses with ROW at inter.,Crossing with right of way,Normal, , , ,1,0,1,0,0,0,0,0,0,1,0,0,0,0
4002881159,2014,9,10,10,30,2,43.71645315,-79.26130305,Scarborough Southwest (35),35,Clairlea-Birchmount (120),120,D41,Scarborough,ST CLAIR AVE E,KENNEDY RD, ,Major Arterial,Intersection,Intersection Related,No Control,Clear,Daylight,Dry,Non-Fatal Injury,SMV Other,Driver - Not Hit,unknown,,0, , , , , , , , , , , ,0,0,0,1,0,0,0,0,1,1,0,0,0,0
1143989,2009,12,23,9,35,2,43.73814538,-79.21779029,Scarborough Southwest (36),36,Scarborough Village (139),139,D43,Scarborough,KINGSTON RD,MARKHAM RD, ,Major Arterial,Mid-Block,At Intersection,No Control,Clear,Daylight,Dry,Fatal,Sideswipe,Driver,80 to 84,Fatal,47,East,"Automobile, Station Wagon",Changing Lanes,Lost control,Medical or Physical Disability, , , , , , ,0,0,1,0,0,0,0,0,0,0,0,0,1,1
1345231,2013,1,25,9,20,4,43.74464538,-79.60999029,Etobicoke North (1),1,West Humber-Clairville (1),1,D23,Etobicoke York,ALBION RD,HIGHWAY 27  S, ,Major Arterial,Mid-Block, ,No Control,Clear,Daylight,Dry,Non-Fatal Injury,Rear End,Truck Driver,60 to 64,,0,East,Truck - Open,Stopped,Driving Properly,Normal, , , , , , ,0,0,1,0,1,0,0,0,1,1,0,0,0,0
1251243,2011,7,20,10,23,2,43.80274538,-79.30849029,Scarborough-Agincourt (39),39,L'Amoreaux (117),117,D42,Scarborough,3030 BIRCHMOUNT RD, , ,Major Arterial,Mid-Block, ,No Control,Clear,Daylight,Dry,Non-Fatal Injury,Turning Movement,Driver,50 to 54,Minimal,0,South,"Automobile, Station Wagon",Going Ahead,Driving Properly,Normal, , , , , , ,0,0,1,0,0,0,0,1,0,1,0,0,0,0
4002881159,2014,9,10,10,30,2,43.71645315,-79.26130305,Scarborough Southwest (35),35,Clairlea-Birchmount (120),120,D41,Scarborough,ST CLAIR AVE E,KENNEDY RD, ,Major Arterial,Intersection,Intersection Related,No Control,Clear,Daylight,Dry,Non-Fatal Injury,SMV Other,Motorcycle Driver,20 to 24,Major,0,West,Motorcycle,Going Ahead,Driving Properly,Normal, , , , , , ,0,0,0,1,0,0,0,0,1,1,0,0,0,0
1341806,2013,2,20,8,58,2,43.67724538,-79.49609029,York South-Weston (11),11,Rockcliffe-Smythe (111),111,D12,Etobicoke York,JANE St,DALRYMPLE Dr, ,Major Arterial,Intersection,At Intersection,Stop Sign,Clear,Daylight,Dry,Non-Fatal Injury,Turning Movement,Passenger,20 to 24,Minor,0, ,Other, , , , , , , , , ,0,0,1,0,0,0,0,1,0,1,0,0,0,0
1345231,2013,1,25,9,20,4,43.74464538,-79.60999029,Etobicoke North (1),1,West Humber-Clairville (1),1,D23,Etobicoke York,ALBION RD,HIGHWAY 27  S, ,Major Arterial,Mid-Block, ,No Control,Clear,Daylight,Dry,Non-Fatal Injury,Rear End,Vehicle Owner,unknown, ,0, ,Other, , , , , , , , , ,0,0,1,0,1,0,0,0,1,1,0,0,0,0
1143989,2009,12,23,9,35,2,43.73814538,-79.21779029,Scarborough Southwest (36),36,Scarborough Village (139),139,D43,Scarborough,KINGSTON RD,MARKHAM RD, ,Major Arterial,Mid-Block,At Intersection,No Control,Clear,Daylight,Dry,Fatal,Sideswipe,Driver,55 to 59,,0,East,"Automobile, Station Wagon",Going Ahead,Driving Properly,Normal, , , , , , ,0,0,1,0,0,0,0,0,0,0,0,0,1,1
1345231,2013,1,25,9,20,4,43.74464538,-79.60999029,Etobicoke North (1),1,West Humber-Clairville (1),1,D23,Etobicoke York,ALBION RD,HIGHWAY 27  S, ,Major Arterial,Mid-Block, ,No Control,Clear,Daylight,Dry,Non-Fatal Injury,Rear End,Driver,25 to 29,Major,0,East,"Automobile, Station Wagon",Going Ahead,Speed too Fast For Condition,Inattentive, , , , , , ,0,0,1,0,1,0,0,0,1,1,0,0,0,0
5000858647,2015,5,23,10,30,5,43.62295874,-79.48119746,Etobicoke-Lakeshore (6),6,Mimico (includes Humber Bay Shores) (17),17,D22,Etobicoke York,MARINE PARADE DR,PARK LAWN RD, ,Major Arterial,Intersection,At Intersection,Traffic Signal,Clear,Daylight,Dry,Non-Fatal Injury,Cyclist Collisions,Driver,50 to 54,,0,East,"Automobile, Station Wagon",Turning Right,Failed to Yield Right of Way,Normal, , , , , , ,0,1,1,0,0,0,0,0,0,1,0,0,0,0
1341806,2013,2,20,8,58,2,43.67724538,-79.49609029,York South-Weston (11),11,Rockcliffe-Smythe (111),111,D12,Etobicoke York,JANE St,DALRYMPLE Dr, ,Major Arterial,Intersection,At Intersection,Stop Sign,Clear,Daylight,Dry,Non-Fatal Injury,Turning Movement,Driver,15 to 19,Minor,0,North,"Automobile, Station Wagon",Going Ahead,Driving Properly,Normal, , , , , , ,0,0,1,0,0,0,0,1,0,1,0,0,0,0
1251243,2011,7,20,10,23,2,43.80274538,-79.30849029,Scarborough-Agincourt (39),39,L'Amoreaux (117),117,D42,Scarborough,3030 BIRCHMOUNT RD, , ,Major Arterial,Mid-Block, ,No Control,Clear,Daylight,Dry,Non-Fatal Injury,Turning Movement,Passenger,60 to 64,Minimal,0, ,Other, , , , , , , , , ,0,0,1,0,0,0,0,1,0,1,0,0,0,0
1143989,2009,12,23,9,35,2,43.73814538,-79.21779029,Scarborough Southwest (36),36,Scarborough Village (139),139,D43,Scarborough,KINGSTON RD,MARKHAM RD, ,Major Arterial,Mid-Block,At Intersection,No Control,Clear,Daylight,Dry,Fatal,Sideswipe,Vehicle Owner,unknown, ,0, ,Other, , , , , , , , , ,0,0,1,0,0,0,0,0,0,0,0,0,1,1
1345231,2013,1,25,9,20,4,43.74464538,-79.60999029,Etobicoke North (1),1,West Humber-Clairville (1),1,D23,Etobicoke York,ALBION RD,HIGHWAY 27  S, ,Major Arterial,Mid-Block, ,No Control,Clear,Daylight,Dry,Non-Fatal Injury,Rear End,Trailer Owner,unknown, ,0, ,Other, , , , , , , , , ,0,0,1,0,1,0,0,0,1,1,0,0,0,0
5000858647,2015,5,23,10,30,5,43.62295874,-79.48119746,Etobicoke-Lakeshore (6),6,Mimico (includes Humber Bay Shores) (17),17,D22,Etobicoke York,MARINE PARADE DR,PARK LAWN RD, ,Major Arterial,Intersection,At Intersection,Traffic Signal,Clear,Daylight,Dry,Non-Fatal Injury,Cyclist Collisions,Cyclist,45 to 49,Major,0,East,Bicycle,Going Ahead, , , , , ,"Motorist turns right at non-signal Inter.(stop, yield, no cont.,and dwy) and strikes cyclist.",Driving Properly,Normal,0,1,1,0,0,0,0,0,0,1,0,0,0,0
1251243,2011,7,20,10,23,2,43.80274538,-79.30849029,Scarborough-Agincourt (39),39,L'Amoreaux (117),117,D42,Scarborough,3030 BIRCHMOUNT RD, , ,Major Arterial,Mid-Block, ,No Control,Clear,Daylight,Dry,Non-Fatal Injury,Turning Movement,Driver,60 to 64,Major,0,East,"Automobile, Station Wagon",Turning Left,Failed to Yield Right of Way,Inattentive, , , , , , ,0,0,1,0,0,0,0,1,0,1,0,0,0,0
1122151,2009,9,1,10,24,1,43.65844538,-79.39319029,Trinity-Spadina (20),20,Kensington-Chinatown (78),78,D52,Toronto East York,MC CAUL St,ORDE St, ,Collector,Mid-Block,At Intersection,No Control,Clear,Daylight,Dry,Non-Fatal Injury,Cyclist Collisions,Driver,40 to 44,,0,North,"Automobile, Station Wagon",Going Ahead,Driving Properly,Normal, , , , , , ,0,1,1,0,0,0,0,0,0,0,0,0,0,0
1122151,2009,9,1,10,24,1,43.65844538,-79.39319029,Trinity-Spadina (20),20,Kensington-Chinatown (78),78,D52,Toronto East York,MC CAUL St,ORDE St, ,Collector,Mid-Block,At Intersection,No Control,Clear,Daylight,Dry,Non-Fatal Injury,Cyclist Collisions,Driver,65 to 69,,0,North,"Automobile, Station Wagon",Parked,Other,Inattentive, , , , , , ,0,1,1,0,0,0,0,0,0,0,0,0,0,0
1122151,2009,9,1,10,24,1,43.65844538,-79.39319029,Trinity-Spadina (20),20,Kensington-Chinatown (78),78,D52,Toronto East York,MC CAUL St,ORDE St, ,Collector,Mid-Block,At Intersection,No Control,Clear,Daylight,Dry,Non-Fatal Injury,Cyclist Collisions,Cyclist,30 to 34,Major,0,North,Bicycle,Going Ahead, , , , , ,Cyclist struck opened vehicle door,Driving Properly,Normal,0,1,1,0,0,0,0,0,0,0,0,0,0,0
1228585,2011,4,18,10,24,0,43.73984538,-79.60559029,Etobicoke North (1),1,West Humber-Clairville (1),1,D23,Etobicoke York,HIGHWAY 27  N,CARRIER DR, ,Major Arterial,Mid-Block,At Intersection,No Control,Clear,Daylight,Dry,Non-Fatal Injury,Sideswipe,Passenger,30 to 34,Major,0, ,Other, , , , , , , , , ,0,0,1,0,1,0,0,1,0,0,0,0,0,0
1228585,2011,4,18,10,24,0,43.73984538,-79.60559029,Etobicoke North (1),1,West Humber-Clairville (1),1,D23,Etobicoke York,HIGHWAY 27  N,CARRIER DR, ,Major Arterial,Mid-Block,At Intersection,No Control,Clear,Daylight,Dry,Non-Fatal Injury,Sideswipe,Driver,85 to 89,Minor,0,North,"Automobile, Station Wagon",Unknown,Lost control,Normal, , , , , , ,0,0,1,0,1,0,0,1,0,0,0,0,0,0
1228585,2011,4,18,10,24,0,43.73984538,-79.60559029,Etobicoke North (1),1,West Humber-Clairville (1),1,D23,Etobicoke York,HIGHWAY 27  N,CARRIER DR, ,Major Arterial,Mid-Block,At Intersection,No Control,Clear,Daylight,Dry,Non-Fatal Injury,Sideswipe,Vehicle Owner,unknown, ,0, ,Other, , , , , , , , , ,0,0,1,0,1,0,0,1,0,0,0,0,0,0
1228585,2011,4,18,10,24,0,43.73984538,-79.60559029,Etobicoke North (1),1,West Humber-Clairville (1),1,D23,Etobicoke York,HIGHWAY 27  N,CARRIER DR, ,Major Arterial,Mid-Block,At Intersection,No Control,Clear,Daylight,Dry,Non-Fatal Injury,Sideswipe,Truck Driver,45 to 49,,0,North,Truck - Open,Going Ahead,Driving Properly,Normal, , , , , , ,0,0,1,0,1,0,0,1,0,0,0,0,0,0
142454660,2014,7,8,10,24,1,43.8041149,-79.33072291,Scarborough-Agincourt (39),39,Steeles (116),116,D42,Scarborough,MCNICOLL AVE,PHARMACY AVE, ,Minor Arterial,Intersection, ,Traffic Signal,Clear,Daylight,Dry,Fatal,Angle,Driver,80 to 84,Minor,0,South,"Automobile, Station Wagon",Going Ahead,Driving Properly,Normal, , , , , , ,0,0,1,0,0,0,0,1,0,1,1,0,0,1
142454660,2014,7,8,10,24,1,43.8041149,-79.33072291,Scarborough-Agincourt (39),39,Steeles (116),116,D42,Scarborough,MCNICOLL AVE,PHARMACY AVE, ,Minor Arterial,Intersection, ,Traffic Signal,Clear,Daylight,Dry,Fatal,Angle,Driver,30 to 34,,0,West,Delivery Van,Going Ahead,Disobeyed Traffic Control,Inattentive, , , , , , ,0,0,1,0,0,0,0,1,0,1,1,0,0,1
142454660,2014,7,8,10,24,1,43.8041149,-79.33072291,Scarborough-Agincourt (39),39,Steeles (116),116,D42,Scarborough,MCNICOLL AVE,PHARMACY AVE, ,Minor Arterial,Intersection, ,Traffic Signal,Clear,Daylight,Dry,Fatal,Angle,Passenger,90 to 94,Major,0, , , , , , , , , , , ,0,0,1,0,0,0,0,1,0,1,1,0,0,1
142454660,2014,7,8,10,24,1,43.8041149,-79.33072291,Scarborough-Agincourt (39),39,Steeles (116),116,D42,Scarborough,MCNICOLL AVE,PHARMACY AVE, ,Minor Arterial,Intersection, ,Traffic Signal,Clear,Daylight,Dry,Fatal,Angle,Passenger,85 to 89,Fatal,15, , , , , , , , , , , ,0,0,1,0,0,0,0,1,0,1,1,0,0,1
143084786,2014,10,11,10,24,5,43.71630820000001,-79.44320307,Eglinton-Lawrence (15),15,Englemount-Lawrence (32),32,D13,North York,LAWRENCE AVE W,ALLEN X N LAWRENCE RAMP, ,Major Arterial,Intersection, ,Traffic Signal,Clear,Daylight,Dry,Fatal,Pedestrian Collisions,Driver,30 to 34,,0,North,Municipal Transit Bus (TTC),Turning Left,Improper Turn,Normal, , , , , , ,1,0,0,0,0,1,0,0,0,0,0,0,0,1
143084786,2014,10,11,10,24,5,43.71630820000001,-79.44320307,Eglinton-Lawrence (15),15,Englemount-Lawrence (32),32,D13,North York,LAWRENCE AVE W,ALLEN X N LAWRENCE RAMP, ,Major Arterial,Intersection, ,Traffic Signal,Clear,Daylight,Dry,Fatal,Pedestrian Collisions,Pedestrian,65 to 69,Fatal,34,South, , , , ,Pedestrian involved in a collision with transit vehicle anywhere along roadway,Crossing with right of way,Normal, , , ,1,0,0,0,0,1,0,0,0,0,0,0,0,1
1027306,2008,2,28,10,25,3,43.82134538,-79.31689029,Scarborough-Agincourt (39),39,Steeles (116),116,D42,Scarborough,BIRCHMOUNT RD,STEELES AVE E, ,Major Arterial,Intersection,At Intersection,Traffic Signal,Clear,Daylight,Dry,Fatal,Angle,Driver,60 to 64,Fatal,12,East,"Automobile, Station Wagon",Going Ahead,Driving Properly,Normal, , , , , , ,0,0,1,0,0,0,0,0,0,1,1,0,0,1
1027306,2008,2,28,10,25,3,43.82134538,-79.31689029,Scarborough-Agincourt (39),39,Steeles (116),116,D42,Scarborough,BIRCHMOUNT RD,STEELES AVE E, ,Major Arterial,Intersection,At Intersection,Traffic Signal,Clear,Daylight,Dry,Fatal,Angle,Vehicle Owner,unknown, ,0, , , , , , , , , , , ,0,0,1,0,0,0,0,0,0,1,1,0,0,1
1027306,2008,2,28,10,25,3,43.82134538,-79.31689029,Scarborough-Agincourt (39),39,Steeles (116),116,D42,Scarborough,BIRCHMOUNT RD,STEELES AVE E, ,Major Arterial,Intersection,At Intersection,Traffic Signal,Clear,Daylight,Dry,Fatal,Angle,Driver,60 to 64,Minor,0,South,"Automobile, Station Wagon",Going Ahead,Disobeyed Traffic Control,Inattentive, , , , , , ,0,0,1,0,0,0,0,0,0,1,1,0,0,1
1062586,2008,9,20,10,25,5,43.69704538,-79.54669029,Etobicoke Centre (4),4,Kingsview Village-The Westway (6),6,D23,Etobicoke York,ISLINGTON AVE,DIXON RD, ,Major Arterial,Intersection, ,No Control,Clear,Daylight,Dry,Non-Fatal Injury,Rear End,Driver,55 to 59,Minimal,0,South,"Automobile, Station Wagon",Going Ahead,Following too Close,Normal, , , , , , ,0,0,1,0,0,0,0,0,0,1,0,0,0,0
1062586,2008,9,20,10,25,5,43.69704538,-79.54669029,Etobicoke Centre (4),4,Kingsview Village-The Westway (6),6,D23,Etobicoke York,ISLINGTON AVE,DIXON RD, ,Major Arterial,Intersection, ,No Control,Clear,Daylight,Dry,Non-Fatal Injury,Rear End,Driver,45 to 49,Major,0,South,"Automobile, Station Wagon",Slowing or Stopping,Driving Properly,Normal, , , , , , ,0,0,1,0,0,0,0,0,0,1,0,0,0,0
1062415,2008,10,2,10,25,3,43.78324538,-79.41639029,Willowdale (24),24,Newtonbrook East (50),50,D32,North York,YONGE ST,BISHOP AVE, ,Major Arterial,Mid-Block, ,No Control,Clear,Daylight,Dry,Fatal,Pedestrian Collisions,Vehicle Owner,unknown, ,0, ,Other, , , , , , , , , ,1,0,1,0,0,0,0,0,0,0,0,0,0,1
1062415,2008,10,2,10,25,3,43.78324538,-79.41639029,Willowdale (24),24,Newtonbrook East (50),50,D32,North York,YONGE ST,BISHOP AVE, ,Major Arterial,Mid-Block, ,No Control,Clear,Daylight,Dry,Fatal,Pedestrian Collisions,Driver,45 to 49,,0,North,"Automobile, Station Wagon",Going Ahead,Driving Properly,Normal, , , , , , ,1,0,1,0,0,0,0,0,0,0,0,0,0,1
1062415,2008,10,2,10,25,3,43.78324538,-79.41639029,Willowdale (24),24,Newtonbrook East (50),50,D32,North York,YONGE ST,BISHOP AVE, ,Major Arterial,Mid-Block, ,No Control,Clear,Daylight,Dry,Fatal,Pedestrian Collisions,Pedestrian,85 to 89,Fatal,43,West,Other, , , ,Pedestrian hit at mid-block,"Crossing, no Traffic Control",Inattentive, , , ,1,0,1,0,0,0,0,0,0,0,0,0,0,1
1212862,2011,1,15,10,25,5,43.66554538,-79.58619029,Etobicoke Centre (3),3,Eringate-Centennial-West Deane (11),11,D22,Etobicoke York,EGLINTON AVE W,RENFORTH DR, ,Minor Arterial,Mid-Block, ,No Control,Snow,Daylight,Slush,Non-Fatal Injury,SMV Other,Passenger,15 to 19,Minor,0, ,Other, , , , , , , , , ,0,0,1,0,0,0,0,1,1,1,0,0,0,0
1212862,2011,1,15,10,25,5,43.66554538,-79.58619029,Etobicoke Centre (3),3,Eringate-Centennial-West Deane (11),11,D22,Etobicoke York,EGLINTON AVE W,RENFORTH DR, ,Minor Arterial,Mid-Block, ,No Control,Snow,Daylight,Slush,Non-Fatal Injury,SMV Other,Driver,45 to 49,Major,0,East,"Automobile, Station Wagon",Going Ahead,Speed too Fast For Condition,Normal, , , , , , ,0,0,1,0,0,0,0,1,1,1,0,0,0,0
1293387,2012,3,20,10,25,1,43.63294538,-79.47319029,Etobicoke-Lakeshore (6),6,Mimico (includes Humber Bay Shores) (17),17,D22,Etobicoke York,LAKE SHORE BLVD W,PALACE PIER CRT, ,Major Arterial,Mid-Block, ,No Control,"Fog, Mist, Smoke, Dust",Daylight,Dry,Non-Fatal Injury,Rear End,Driver,65 to 69,Major,0,East,"Automobile, Station Wagon",Going Ahead,Speed too Fast For Condition,Inattentive, , , , , , ,0,0,1,0,0,0,0,0,1,1,0,0,0,0
1293387,2012,3,20,10,25,1,43.63294538,-79.47319029,Etobicoke-Lakeshore (6),6,Mimico (includes Humber Bay Shores) (17),17,D22,Etobicoke York,LAKE SHORE BLVD W,PALACE PIER CRT, ,Major Arterial,Mid-Block, ,No Control,"Fog, Mist, Smoke, Dust",Daylight,Dry,Non-Fatal Injury,Rear End,Driver,35 to 39,,0,East,"Automobile, Station Wagon",Disabled,Other,Other, , , , , , ,0,0,1,0,0,0,0,0,1,1,0,0,0,0