ACCNUM,YEAR,MONTH,DAY,HOUR,MINUTES,WEEKDAY,LATITUDE,LONGITUDE,Ward_Name,Ward_ID,Hood_Name,Hood_ID,Division,District,STREET1,STREET2,OFFSET,ROAD_CLASS,LOCCOORD,ACCLOC,TRAFFCTL,VISIBILITY,LIGHT,RDSFCOND,ACCLASS,IMPACTYPE,INVTYPE,INVAGE,INJURY,FATAL_NO,INITDIR,VEHTYPE,MANOEUVER,DRIVACT,DRIVCOND,PEDTYPE,PEDACT,PEDCOND,CYCLISTYPE,CYCACT,CYCCOND,PEDESTRIAN,CYCLIST,AUTOMOBILE,MOTORCYCLE,TRUCK,TRSN_CITY_VEH,EMERG_VEH,PASSENGER,SPEEDING,AG_DRIV,REDLIGHT,ALCOHOL,DISABILITY,label
1298136,2012,6,9,10,25,5,43.77924538,-79.50419029,York West (8),8,York University Heights (27),27,D31,North York,STEELES AVE W,FOUNDERS RD, ,Major Arterial,Intersection,At Intersection,No Control,Rain,Daylight,Wet,Non-Fatal Injury,Pedestrian Collisions,Driver,60 to 64,,0,West,"Automobile, Station Wagon",Going Ahead,Driving Properly,Normal, , , , , , ,1,0,1,0,0,0,0,0,0,0,0,0,0,0
1298136,2012,6,9,10,25,5,43.77924538,-79.50419029,York West (8),8,York University Heights (27),27,D31,North York,STEELES AVE W,FOUNDERS RD, ,Major Arterial,Intersection,At Intersection,No Control,Rain,Daylight,Wet,Non-Fatal Injury,Pedestrian Collisions,Pedestrian,20 to 24,Major,0,North,Other, , , ,Pedestrian hit at mid-block,"Crossing, no Traffic Control",Inattentive, , , ,1,0,1,0,0,0,0,0,0,0,0,0,0,0
1363030,2013,6,27,10,25,3,43.62899359,-79.55492029,Etobicoke-Lakeshore (5),5,Islington-City Centre West (14),14,D22,Etobicoke York,DUNDAS ST W,CLOVERDALE MALL, ,Major Arterial,Intersection,At Intersection,Traffic Signal,Clear,Daylight,Dry,Non-Fatal Injury,Pedestrian Collisions,Driver,40 to 44,,0,West,"Automobile, Station Wagon",Going Ahead,Failed to Yield Right of Way,Unknown, , , , , , ,1,0,1,0,0,0,0,0,0,1,0,0,0,0
1363030,2013,6,27,10,25,3,43.62899359,-79.55492029,Etobicoke-Lakeshore (5),5,Islington-City Centre West (14),14,D22,Etobicoke York,DUNDAS ST W,CLOVERDALE MALL, ,Major Arterial,Intersection,At Intersection,Traffic Signal,Clear,Daylight,Dry,Non-Fatal Injury,Pedestrian Collisions,Pedestrian,50 to 54,Major,0,North,Other, , , ,Vehicle is going straight thru inter.while ped cross with ROW,Crossing with right of way,Unknown, , , ,1,0,1,0,0,0,0,0,0,1,0,0,0,0
7000940892,2017,5,28,10,25,6,43.77166708,-79.52457819,York West (8),8,Black Creek (24),24,D31,North York,66 BLACKSMITH CRES, ,2 m West of,Local,Mid-Block,Non Intersection,No Control,Clear,Daylight,Dry,Non-Fatal Injury,SMV Unattended Vehicle,Driver,85 to 89,Major,0,West,"Automobile, Station Wagon",Going Ahead,Lost control,Medical or Physical Disability, , , , , , ,0,0,1,0,0,0,0,0,0,0,0,0,1,0
1300682,2012,6,25,10,26,0,43.67804538,-79.37899029,Toronto Centre-Rosedale (27),27,Rosedale-Moore Park (98),98,D53,Toronto East York,CRESCENT RD,MOUNT PLEASANT RD, ,Collector,Mid-Block, ,No Control,Clear,Daylight,Dry,Non-Fatal Injury,SMV Unattended Vehicle,Other,unknown,,0,East,Other,Parked, , , , , , , , ,0,0,1,0,0,0,0,0,0,0,0,0,0,0
1300682,2012,6,25,10,26,0,43.67804538,-79.37899029,Toronto Centre-Rosedale (27),27,Rosedale-Moore Park (98),98,D53,Toronto East York,CRESCENT RD,MOUNT PLEASANT RD, ,Collector,Mid-Block, ,No Control,Clear,Daylight,Dry,Non-Fatal Injury,SMV Unattended Vehicle,Other,unknown,,0,East,Other,Parked, , , , , , , , ,0,0,1,0,0,0,0,0,0,0,0,0,0,0
1300682,2012,6,25,10,26,0,43.67804538,-79.37899029,Toronto Centre-Rosedale (27),27,Rosedale-Moore Park (98),98,D53,Toronto East York,CRESCENT RD,MOUNT PLEASANT RD, ,Collector,Mid-Block, ,No Control,Clear,Daylight,Dry,Non-Fatal Injury,SMV Unattended Vehicle,Other,unknown,,0,East,Other,Parked, , , , , , , , ,0,0,1,0,0,0,0,0,0,0,0,0,0,0
1300682,2012,6,25,10,26,0,43.67804538,-79.37899029,Toronto Centre-Rosedale (27),27,Rosedale-Moore Park (98),98,D53,Toronto East York,CRESCENT RD,MOUNT PLEASANT RD, ,Collector,Mid-Block, ,No Control,Clear,Daylight,Dry,Non-Fatal Injury,SMV Unattended Vehicle,Driver,60 to 64,Major,0,West,"Automobile, Station Wagon",Going Ahead,Lost control,Unknown, , , , , , ,0,0,1,0,0,0,0,0,0,0,0,0,0,0
1368246,2013,7,27,10,26,5,43.83103522,-79.27518854,Scarborough-Rouge River (41),41,Milliken (130),130,D42,Scarborough,MCCOWAN RD,STEELES AVE E, ,Major Arterial,Intersection, ,Traffic Signal,Clear,Daylight,Dry,Non-Fatal Injury,Pedestrian Collisions,Driver,50 to 54,,0,South,"Automobile, Station Wagon",Going Ahead,Driving Properly,Normal, , , , , , ,1,0,1,0,0,0,0,0,0,0,0,0,0,0
1368246,2013,7,27,10,26,5,43.83103522,-79.27518854,Scarborough-Rouge River (41),41,Milliken (130),130,D42,Scarborough,MCCOWAN RD,STEELES AVE E, ,Major Arterial,Intersection, ,Traffic Signal,Clear,Daylight,Dry,Non-Fatal Injury,Pedestrian Collisions,Pedestrian,70 to 74,Major,0,East,Other, , , ,Vehicle is going straight thru inter.while ped cross without ROW,Crossing without right of way,Unknown, , , ,1,0,1,0,0,0,0,0,0,0,0,0,0,0
957566,2007,3,7,10,27,2,43.75934538,-79.59689029,Etobicoke North (1),1,Mount Olive-Silverstone-Jamestown (2),2,D23,Etobicoke York,STEELES AVE W,GIHON SPRING DR, ,Major Arterial,Intersection, ,No Control,Clear,Daylight,Other,Fatal,Approaching,Vehicle Owner,unknown, ,0, ,Other, , , , , , , , , ,0,0,1,0,0,0,0,0,1,1,0,0,0,1
957566,2007,3,7,10,27,2,43.75934538,-79.59689029,Etobicoke North (1),1,Mount Olive-Silverstone-Jamestown (2),2,D23,Etobicoke York,STEELES AVE W,GIHON SPRING DR, ,Major Arterial,Intersection, ,No Control,Clear,Daylight,Other,Fatal,Approaching,Driver,35 to 39,Minor,0,East, ,Going Ahead,Lost control,Other, , , , , , ,0,0,1,0,0,0,0,0,1,1,0,0,0,1
957566,2007,3,7,10,27,2,43.75934538,-79.59689029,Etobicoke North (1),1,Mount Olive-Silverstone-Jamestown (2),2,D23,Etobicoke York,STEELES AVE W,GIHON SPRING DR, ,Major Arterial,Intersection, ,No Control,Clear,Daylight,Other,Fatal,Approaching,Vehicle Owner,unknown, ,0, ,Other, , , , , , , , , ,0,0,1,0,0,0,0,0,1,1,0,0,0,1
957566,2007,3,7,10,27,2,43.75934538,-79.59689029,Etobicoke North (1),1,Mount Olive-Silverstone-Jamestown (2),2,D23,Etobicoke York,STEELES AVE W,GIHON SPRING DR, ,Major Arterial,Intersection, ,No Control,Clear,Daylight,Other,Fatal,Approaching,Driver,60 to 64,Fatal,0,West,"Automobile, Station Wagon",Going Ahead,Driving Properly,Normal, , , , , , ,0,0,1,0,0,0,0,0,1,1,0,0,0,1
1055967,2008,9,3,10,27,2,43.75434538,-79.31399029,Scarborough Centre (37),37,Wexford/Maryvale (119),119,D41,Scarborough,VICTORIA PARK AVE,CASSANDRA BLVD, ,Major Arterial,Intersection, ,Traffic Signal,Clear,Daylight,Dry,Non-Fatal Injury,Pedestrian Collisions,Driver,40 to 44,,0,South,"Automobile, Station Wagon",Going Ahead,Following too Close,Normal, , , , , , ,1,0,1,0,0,0,0,0,0,1,0,0,0,0
1055967,2008,9,3,10,27,2,43.75434538,-79.31399029,Scarborough Centre (37),37,Wexford/Maryvale (119),119,D41,Scarborough,VICTORIA PARK AVE,CASSANDRA BLVD, ,Major Arterial,Intersection, ,Traffic Signal,Clear,Daylight,Dry,Non-Fatal Injury,Pedestrian Collisions,Driver,20 to 24,Minor,0,South,"Automobile, Station Wagon",Stopped,Driving Properly,Normal, , , , , , ,1,0,1,0,0,0,0,0,0,1,0,0,0,0
1055967,2008,9,3,10,27,2,43.75434538,-79.31399029,Scarborough Centre (37),37,Wexford/Maryvale (119),119,D41,Scarborough,VICTORIA PARK AVE,CASSANDRA BLVD, ,Major Arterial,Intersection, ,Traffic Signal,Clear,Daylight,Dry,Non-Fatal Injury,Pedestrian Collisions,Pedestrian,70 to 74,Major,0, ,Other, , , ,Pedestrian hit on sidewalk or shoulder,On Sidewalk or Shoulder,Normal, , , ,1,0,1,0,0,0,0,0,0,1,0,0,0,0
4001436264,2014,1,30,10,27,3,43.739616,-79.60565577,Etobicoke North (1),1,West Humber-Clairville (1),1,D23,Etobicoke York,HIGHWAY 27  S,CARRIER DR, ,Major Arterial,Mid-Block,Non Intersection,No Control,Clear,Daylight,Dry,Non-Fatal Injury,Rear End,Driver,60 to 64,Major,0,South, ,Slowing or Stopping,Driving Properly,Normal, , , , , , ,0,0,1,0,0,0,0,0,1,1,0,0,1,0
4001436264,2014,1,30,10,27,3,43.739616,-79.60565577,Etobicoke North (1),1,West Humber-Clairville (1),1,D23,Etobicoke York,HIGHWAY 27  S,CARRIER DR, ,Major Arterial,Mid-Block,Non Intersection,No Control,Clear,Daylight,Dry,Non-Fatal Injury,Rear End,Driver,20 to 24,,0,South,"Automobile, Station Wagon",Slowing or Stopping,Driving Properly,Normal, , , , , , ,0,0,1,0,0,0,0,0,1,1,0,0,1,0
4001436264,2014,1,30,10,27,3,43.739616,-79.60565577,Etobicoke North (1),1,West Humber-Clairville (1),1,D23,Etobicoke York,HIGHWAY 27  S,CARRIER DR, ,Major Arterial,Mid-Block,Non Intersection,No Control,Clear,Daylight,Dry,Non-Fatal Injury,Rear End,Driver,20 to 24,,0,South,"Automobile, Station Wagon",Slowing or Stopping,Driving Properly,Normal, , , , , , ,0,0,1,0,0,0,0,0,1,1,0,0,1,0
4001436264,2014,1,30,10,27,3,43.739616,-79.60565577,Etobicoke North (1),1,West Humber-Clairville (1),1,D23,Etobicoke York,HIGHWAY 27  S,CARRIER DR, ,Major Arterial,Mid-Block,Non Intersection,No Control,Clear,Daylight,Dry,Non-Fatal Injury,Rear End,Driver,70 to 74,Minor,0,South,"Automobile, Station Wagon",Going Ahead,Exceeding Speed Limit,Medical or Physical Disability, , , , , , ,0,0,1,0,0,0,0,0,1,1,0,0,1,0
1169790,2010,5,25,10,28,1,43.76754538,-79.20709029,Scarborough East (43),43,Morningside (135),135,D43,Scarborough,ORTON PARK RD,AMBOY RD, ,Minor Arterial,Mid-Block, ,No Control,Clear,Daylight,Dry,Fatal,Approaching,Motorcycle Driver,50 to 54,Fatal,19,North,Motorcycle,Going Ahead,Driving Properly,Unknown, , , , , , ,0,0,1,1,0,0,0,0,0,0,0,0,0,1
1169790,2010,5,25,10,28,1,43.76754538,-79.20709029,Scarborough East (43),43,Morningside (135),135,D43,Scarborough,ORTON PARK RD,AMBOY RD, ,Minor Arterial,Mid-Block, ,No Control,Clear,Daylight,Dry,Fatal,Approaching,Driver,40 to 44,,0,South,"Automobile, Station Wagon",Going Ahead,Lost control,Inattentive, , , , , , ,0,0,1,1,0,0,0,0,0,0,0,0,0,1
973856,2007,6,7,10,29,3,43.78284538,-79.28989029,Scarborough-Agincourt (40),40,Tam O'Shanter-Sullivan (118),118,D42,Scarborough,3875 SHEPPARD AVE E, , ,Major Arterial,Mid-Block, ,No Control,Clear,Daylight,Dry,Non-Fatal Injury,SMV Other,Driver,70 to 74,Major,0,West,"Automobile, Station Wagon",Going Ahead,Lost control,Medical or Physical Disability, , , , , , ,0,0,1,0,0,0,0,0,0,0,0,0,1,0
980194,2007,6,14,10,29,3,43.67694538,-79.44779029,Davenport (17),17,Corso Italia-Davenport (92),92,D13,Etobicoke York,ST CLAIR AVE W,GREENLAW AVE, ,Major Arterial,Mid-Block, ,No Control,Clear,Daylight,Dry,Non-Fatal Injury,Turning Movement,Motorcycle Driver,55 to 59,Major,0,East,Motorcycle,Going Ahead,Driving Properly,Normal, , , , , , ,0,0,1,1,0,0,0,0,0,1,0,0,0,0
980194,2007,6,14,10,29,3,43.67694538,-79.44779029,Davenport (17),17,Corso Italia-Davenport (92),92,D13,Etobicoke York,ST CLAIR AVE W,GREENLAW AVE, ,Major Arterial,Mid-Block, ,No Control,Clear,Daylight,Dry,Non-Fatal Injury,Turning Movement,Driver,70 to 74,,0,East,"Automobile, Station Wagon",Making U Turn,Failed to Yield Right of Way,Inattentive, , , , , , ,0,0,1,1,0,0,0,0,0,1,0,0,0,0
976207,2007,6,22,10,29,4,43.70614538,-79.23599029,Scarborough Southwest (36),36,Cliffcrest (123),123,D41,Scarborough,BRIMLEY RD,BLUFFERS PARK, ,Local,Mid-Block, ,No Control,Clear,Daylight,Dry,Non-Fatal Injury,Pedestrian Collisions,Pedestrian,unknown,Major,0, ,Other,Other, , , , , , , , ,1,0,0,0,0,0,0,0,0,0,0,0,0,0
976207,2007,6,22,10,29,4,43.70614538,-79.23599029,Scarborough Southwest (36),36,Cliffcrest (123),123,D41,Scarborough,BRIMLEY RD,BLUFFERS PARK, ,Local,Mid-Block, ,No Control,Clear,Daylight,Dry,Non-Fatal Injury,Pedestrian Collisions,Vehicle Owner,unknown, ,0, ,Other, , , , , , , , , ,1,0,0,0,0,0,0,0,0,0,0,0,0,0
976207,2007,6,22,10,29,4,43.70614538,-79.23599029,Scarborough Southwest (36),36,Cliffcrest (123),123,D41,Scarborough,BRIMLEY RD,BLUFFERS PARK, ,Local,Mid-Block, ,No Control,Clear,Daylight,Dry,Non-Fatal Injury,Pedestrian Collisions,Driver,45 to 49,,0, ,Other,Going Ahead, , , , , , , , ,1,0,0,0,0,0,0,0,0,0,0,0,0,0
983259,2007,7,8,10,30,6,43.65114538,-79.44529029,Parkdale-High Park (14),14,Roncesvalles (86),86,D11,Toronto East York,DUNDAS ST W,SORAUREN AVE, ,Minor Arterial,Intersection,At Intersection,Traffic Signal,Rain,Daylight,Wet,Non-Fatal Injury,SMV Other,Motorcycle Driver,45 to 49,Major,0,West,Motorcycle,Going Ahead,Lost control,Normal, , , , , , ,0,0,0,1,0,0,0,0,0,0,0,0,0,0
1004530,2007,9,20,10,30,3,43.78734538,-79.25729029,Scarborough-Rouge River (41),41,Agincourt South-Malvern West (128),128,D42,Scarborough,MCCOWAN RD,PITFIELD RD, ,Major Arterial,Intersection,At Intersection,Traffic Signal,Clear,Daylight,Dry,Non-Fatal Injury,Rear End,Driver,75 to 79,Major,0,North,"Automobile, Station Wagon",Going Ahead,Disobeyed Traffic Control,Normal, , , , , , ,0,0,1,0,0,0,0,0,0,1,1,0,0,0
1004530,2007,9,20,10,30,3,43.78734538,-79.25729029,Scarborough-Rouge River (41),41,Agincourt South-Malvern West (128),128,D42,Scarborough,MCCOWAN RD,PITFIELD RD, ,Major Arterial,Intersection,At Intersection,Traffic Signal,Clear,Daylight,Dry,Non-Fatal Injury,Rear End,Driver,50 to 54,Major,0,North,"Automobile, Station Wagon",Stopped,Driving Properly,Normal, , , , , , ,0,0,1,0,0,0,0,0,0,1,1,0,0,0
1057630,2008,6,20,10,30,4,43.74304538,-79.49419029,York Centre (9),9,Downsview-Roding-CFB (26),26,D31,North York,SEELEY DR,SHEPPARD AVE W, ,Major Arterial,Intersection,At Intersection,No Control,Clear,Daylight,Dry,Non-Fatal Injury,Pedestrian Collisions,Driver,unknown,,0,West,"Automobile, Station Wagon",Turning Left,Failed to Yield Right of Way,Unknown, , , , , , ,1,0,1,0,0,0,0,0,0,1,0,0,0,0
1057630,2008,6,20,10,30,4,43.74304538,-79.49419029,York Centre (9),9,Downsview-Roding-CFB (26),26,D31,North York,SEELEY DR,SHEPPARD AVE W, ,Major Arterial,Intersection,At Intersection,No Control,Clear,Daylight,Dry,Non-Fatal Injury,Pedestrian Collisions,Pedestrian,20 to 24,Major,0,West,Other, , , ,Vehicle turns left while ped crosses with ROW at inter.,Crossing with right of way,Normal, , , ,1,0,1,0,0,0,0,0,0,1,0,0,0,0
1109028,2009,6,11,10,30,3,43.63494538,-79.47299029,Parkdale-High Park (13),13,High Park-Swansea (87),87,D11,Etobicoke York,SOUTH KINGSWAY,THE QUEENSWAY, ,Major Arterial Ramp,Mid-Block, ,No Control,Clear,Daylight,Dry,Non-Fatal Injury,Rear End,Passenger,55 to 59,Minimal,0, ,Other, , , , , , , , , ,0,0,1,0,0,0,0,1,0,0,0,0,0,0
1109028,2009,6,11,10,30,3,43.63494538,-79.47299029,Parkdale-High Park (13),13,High Park-Swansea (87),87,D11,Etobicoke York,SOUTH KINGSWAY,THE QUEENSWAY, ,Major Arterial Ramp,Mid-Block, ,No Control,Clear,Daylight,Dry,Non-Fatal Injury,Rear End,Passenger,unknown,Major,0, ,Other, , , , , , , , , ,0,0,1,0,0,0,0,1,0,0,0,0,0,0
1109028,2009,6,11,10,30,3,43.63494538,-79.47299029,Parkdale-High Park (13),13,High Park-Swansea (87),87,D11,Etobicoke York,SOUTH KINGSWAY,THE QUEENSWAY, ,Major Arterial Ramp,Mid-Block, ,No Control,Clear,Daylight,Dry,Non-Fatal Injury,Rear End,Driver,55 to 59,Minimal,0,South,"Automobile, Station Wagon",Slowing or Stopping,Lost control,Normal, , , , , , ,0,0,1,0,0,0,0,1,0,0,0,0,0,0
1109028,2009,6,11,10,30,3,43.63494538,-79.47299029,Parkdale-High Park (13),13,High Park-Swansea (87),87,D11,Etobicoke York,SOUTH KINGSWAY,THE QUEENSWAY, ,Major Arterial Ramp,Mid-Block, ,No Control,Clear,Daylight,Dry,Non-Fatal Injury,Rear End,Vehicle Owner,unknown, ,0, ,Other, , , , , , , , , ,0,0,1,0,0,0,0,1,0,0,0,0,0,0
1109028,2009,6,11,10,30,3,43.63494538,-79.47299029,Parkdale-High Park (13),13,High Park-Swansea (87),87,D11,Etobicoke York,SOUTH KINGSWAY,THE QUEENSWAY, ,Major Arterial Ramp,Mid-Block, ,No Control,Clear,Daylight,Dry,Non-Fatal Injury,Rear End,Driver,50 to 54,,0,South,"Automobile, Station Wagon",Stopped,Driving Properly,Normal, , , , , , ,0,0,1,0,0,0,0,1,0,0,0,0,0,0
1115921,2009,6,19,10,30,4,43.66424538,-79.41609029,Trinity-Spadina (20),20,Annex (95),95,D14,Toronto East York,MANNING AVE,BLOOR ST W, ,Major Arterial,Intersection, ,Traffic Signal,Clear,Daylight,Dry,Non-Fatal Injury,Pedestrian Collisions,Other,unknown,,0,South,Other,Parked, , , , , , , , ,1,0,1,0,0,0,0,0,0,0,0,0,0,0
1115921,2009,6,19,10,30,4,43.66424538,-79.41609029,Trinity-Spadina (20),20,Annex (95),95,D14,Toronto East York,MANNING AVE,BLOOR ST W, ,Major Arterial,Intersection, ,Traffic Signal,Clear,Daylight,Dry,Non-Fatal Injury,Pedestrian Collisions,Driver,70 to 74,,0,South,"Automobile, Station Wagon",Reversing,Other,Normal, , , , , , ,1,0,1,0,0,0,0,0,0,0,0,0,0,0
1115921,2009,6,19,10,30,4,43.66424538,-79.41609029,Trinity-Spadina (20),20,Annex (95),95,D14,Toronto East York,MANNING AVE,BLOOR ST W, ,Major Arterial,Intersection, ,Traffic Signal,Clear,Daylight,Dry,Non-Fatal Injury,Pedestrian Collisions,Pedestrian,40 to 44,Major,0, ,Other, , , ,Vehicle is reversing and hits pedestrian,Playing or Working on Highway,Normal, , , ,1,0,1,0,0,0,0,0,0,0,0,0,0,0
1155951,2010,1,27,10,30,2,43.65674538,-79.35349029,Toronto Centre-Rosedale (28),28,Moss Park (73),73,D51,Toronto East York,DVP S EASTERN AV W RAMP S,EASTERN DIVERSION AVE E, ,Expressway Ramp,Mid-Block, ,No Control,Snow,Daylight,Packed Snow,Non-Fatal Injury,SMV Other,Driver,40 to 44,Major,0,South,"Automobile, Station Wagon",Going Ahead,Lost control,Normal, , , , , , ,0,0,1,0,0,0,0,0,0,0,0,0,0,0
1177202,2010,5,25,10,30,1,43.70094538,-79.42559029,St. Paul's (21),21,Humewood-Cedarvale (106),106,D13,Toronto East York,BATHURST ST,EGLINTON AVE W, ,Major Arterial,Intersection,At Intersection,Traffic Signal,Clear,Daylight,Dry,Non-Fatal Injury,Turning Movement,Passenger,10 to 14,Minor,0, ,Other, , , , , , , , , ,0,0,1,0,0,0,0,1,0,0,0,0,0,0
1177202,2010,5,25,10,30,1,43.70094538,-79.42559029,St. Paul's (21),21,Humewood-Cedarvale (106),106,D13,Toronto East York,BATHURST ST,EGLINTON AVE W, ,Major Arterial,Intersection,At Intersection,Traffic Signal,Clear,Daylight,Dry,Non-Fatal Injury,Turning Movement,Vehicle Owner,unknown, ,0, ,Other, , , , , , , , , ,0,0,1,0,0,0,0,1,0,0,0,0,0,0
1177202,2010,5,25,10,30,1,43.70094538,-79.42559029,St. Paul's (21),21,Humewood-Cedarvale (106),106,D13,Toronto East York,BATHURST ST,EGLINTON AVE W, ,Major Arterial,Intersection,At Intersection,Traffic Signal,Clear,Daylight,Dry,Non-Fatal Injury,Turning Movement,Driver,35 to 39,Minimal,0,North,"Automobile, Station Wagon",Going Ahead,Driving Properly,Normal, , , , , , ,0,0,1,0,0,0,0,1,0,0,0,0,0,0
1177202,2010,5,25,10,30,1,43.70094538,-79.42559029,St. Paul's (21),21,Humewood-Cedarvale (106),106,D13,Toronto East York,BATHURST ST,EGLINTON AVE W, ,Major Arterial,Intersection,At Intersection,Traffic Signal,Clear,Daylight,Dry,Non-Fatal Injury,Turning Movement,Passenger,10 to 14,Major,0, ,Other, , , , , , , , , ,0,0,1,0,0,0,0,1,0,0,0,0,0,0
1177202,2010,5,25,10,30,1,43.70094538,-79.42559029,St. Paul's (21),21,Humewood-Cedarvale (106),106,D13,Toronto East York,BATHURST ST,EGLINTON AVE W, ,Major Arterial,Intersection,At Intersection,Traffic Signal,Clear,Daylight,Dry,Non-Fatal Injury,Turning Movement,Passenger,5 to 9,Major,0, ,Other, , , , , , , , , ,0,0,1,0,0,0,0,1,0,0,0,0,0,0
1177202,2010,5,25,10,30,1,43.70094538,-79.42559029,St. Paul's (21),21,Humewood-Cedarvale (106),106,D13,Toronto East York,BATHURST ST,EGLINTON AVE W, ,Major Arterial,Intersection,At Intersection,Traffic Signal,Clear,Daylight,Dry,Non-Fatal Injury,Turning Movement,Passenger,40 to 44,Major,0, ,Other, , , , , , , , , ,0,0,1,0,0,0,0,1,0,0,0,0,0,0
1177202,2010,5,25,10,30,1,43.70094538,-79.42559029,St. Paul's (21),21,Humewood-Cedarvale (106),106,D13,Toronto East York,BATHURST ST,EGLINTON AVE W, ,Major Arterial,Intersection,At Intersection,Traffic Signal,Clear,Daylight,Dry,Non-Fatal Injury,Turning Movement,Passenger,40 to 44,Minor,0, ,Other, , , , , , , , , ,0,0,1,0,0,0,0,1,0,0,0,0,0,0
1177202,2010,5,25,10,30,1,43.70094538,-79.42559029,St. Paul's (21),21,Humewood-Cedarvale (106),106,D13,Toronto East York,BATHURST ST,EGLINTON AVE W, ,Major Arterial,Intersection,At Intersection,Traffic Signal,Clear,Daylight,Dry,Non-Fatal Injury,Turning Movement,Vehicle Owner,unknown, ,0, ,Other, , , , , , , , , ,0,0,1,0,0,0,0,1,0,0,0,0,0,0
1177202,2010,5,25,10,30,1,43.70094538,-79.42559029,St. Paul's (21),21,Humewood-Cedarvale (106),106,D13,Toronto East York,BATHURST ST,EGLINTON AVE W, ,Major Arterial,Intersection,At Intersection,Traffic Signal,Clear,Daylight,Dry,Non-Fatal Injury,Turning Movement,Driver,40 to 44,Minimal,0,South,"Automobile, Station Wagon",Turning Left,Improper Turn,Inattentive, , , , , , ,0,0,1,0,0,0,0,1,0,0,0,0,0,0
1200876,2010,7,13,10,30,1,43.64934538,-79.34319029,Toronto-Danforth (30),30,South Riverdale (70),70,D55,Toronto East York,COMMISSIONERS Stre,SAULTER Stre S, ,Collector,Mid-Block,At Intersection,No Control,Clear,Daylight,Dry,Non-Fatal Injury,SMV Other,Vehicle Owner,unknown, ,0, ,Other, , , , , , , , , ,0,0,0,0,1,0,0,0,0,0,0,0,0,0
1200876,2010,7,13,10,30,1,43.64934538,-79.34319029,Toronto-Danforth (30),30,South Riverdale (70),70,D55,Toronto East York,COMMISSIONERS Stre,SAULTER Stre S, ,Collector,Mid-Block,At Intersection,No Control,Clear,Daylight,Dry,Non-Fatal Injury,SMV Other,Truck Driver,30 to 34,Major,0,West,Truck - Open,Going Ahead,Lost control,Normal, , , , , , ,0,0,0,0,1,0,0,0,0,0,0,0,0,0
1272062,2011,10,31,10,30,0,43.66784538,-79.37089029,Toronto Centre-Rosedale (28),28,Cabbagetown-South St.James Town (71),71,D51,Toronto East York,240 WELLESLEY St E, , ,Minor Arterial,Intersection, ,No Control,Clear,Daylight,Dry,Non-Fatal Injury,Cyclist Collisions,Vehicle Owner,unknown, ,0, ,Other, , , , , , , , , ,0,1,0,0,1,0,0,0,0,0,0,0,0,0
1272062,2011,10,31,10,30,0,43.66784538,-79.37089029,Toronto Centre-Rosedale (28),28,Cabbagetown-South St.James Town (71),71,D51,Toronto East York,240 WELLESLEY St E, , ,Minor Arterial,Intersection, ,No Control,Clear,Daylight,Dry,Non-Fatal Injury,Cyclist Collisions,Truck Driver,60 to 64,,0,South,Truck - Open,Turning Right,Driving Properly,Normal, , , , , , ,0,1,0,0,1,0,0,0,0,0,0,0,0,0
1272062,2011,10,31,10,30,0,43.66784538,-79.37089029,Toronto Centre-Rosedale (28),28,Cabbagetown-South St.James Town (71),71,D51,Toronto East York,240 WELLESLEY St E, , ,Minor Arterial,Intersection, ,No Control,Clear,Daylight,Dry,Non-Fatal Injury,Cyclist Collisions,Cyclist,30 to 34,Major,0,South,Bicycle,Turning Right, , , , , ,"Motorist turns right at non-signal Inter.(stop, yield, no cont.,and dwy) and strikes cyclist.",Other,Normal,0,1,0,0,1,0,0,0,0,0,0,0,0,0
1298031,2012,4,15,10,30,6,43.8111759,-79.36076746,Willowdale (24),24,Hillcrest Village (48),48,D33,North York,DON MILLS RD,STEELES AVE E, ,Major Arterial,Intersection,At Intersection,Traffic Signal,Rain,Daylight,Wet,Non-Fatal Injury,Pedestrian Collisions,Vehicle Owner,unknown, ,0, ,Other, , , , , , , , , ,1,0,0,0,0,1,0,0,0,1,1,0,0,0
1298031,2012,4,15,10,30,6,43.8111759,-79.36076746,Willowdale (24),24,Hillcrest Village (48),48,D33,North York,DON MILLS RD,STEELES AVE E, ,Major Arterial,Intersection,At Intersection,Traffic Signal,Rain,Daylight,Wet,Non-Fatal Injury,Pedestrian Collisions,Driver,55 to 59,,0,North,Municipal Transit Bus (TTC),Turning Right,Disobeyed Traffic Control,Inattentive, , , , , , ,1,0,0,0,0,1,0,0,0,1,1,0,0,0
1298031,2012,4,15,10,30,6,43.8111759,-79.36076746,Willowdale (24),24,Hillcrest Village (48),48,D33,North York,DON MILLS RD,STEELES AVE E, ,Major Arterial,Intersection,At Intersection,Traffic Signal,Rain,Daylight,Wet,Non-Fatal Injury,Pedestrian Collisions,Pedestrian,15 to 19,Major,0,Unknown,Other, , , ,Pedestrian involved in a collision with transit vehicle anywhere along roadway,Crossing with right of way,Normal, , , ,1,0,0,0,0,1,0,0,0,1,1,0,0,0
1301640,2012,6,29,10,30,4,43.6812435,-79.44439326,Davenport (17),17,Corso Italia-Davenport (92),92,D13,Etobicoke York,DUFFERIN ST,CLOVERLAWN AVE, ,Major Arterial,Intersection, ,No Control,Clear,Daylight,Dry,Non-Fatal Injury,Pedestrian Collisions,Vehicle Owner,unknown, ,0, ,Other, , , , , , , , , ,1,0,0,0,0,1,0,0,0,0,0,0,0,0