ACCNUM,YEAR,MONTH,DAY,HOUR,MINUTES,WEEKDAY,LATITUDE,LONGITUDE,Ward_Name,Ward_ID,Hood_Name,Hood_ID,Division,District,STREET1,STREET2,OFFSET,ROAD_CLASS,LOCCOORD,ACCLOC,TRAFFCTL,VISIBILITY,LIGHT,RDSFCOND,ACCLASS,IMPACTYPE,INVTYPE,INVAGE,INJURY,FATAL_NO,INITDIR,VEHTYPE,MANOEUVER,DRIVACT,DRIVCOND,PEDTYPE,PEDACT,PEDCOND,CYCLISTYPE,CYCACT,CYCCOND,PEDESTRIAN,CYCLIST,AUTOMOBILE,MOTORCYCLE,TRUCK,TRSN_CITY_VEH,EMERG_VEH,PASSENGER,SPEEDING,AG_DRIV,REDLIGHT,ALCOHOL,DISABILITY,label
1301640,2012,6,29,10,30,4,43.6812435,-79.44439326,Davenport (17),17,Corso Italia-Davenport (92),92,D13,Etobicoke York,DUFFERIN ST,CLOVERLAWN AVE, ,Major Arterial,Intersection, ,No Control,Clear,Daylight,Dry,Non-Fatal Injury,Pedestrian Collisions,Driver,45 to 49,,0,North,Municipal Transit Bus (TTC),Changing Lanes,Driving Properly,Normal, , , , , , ,1,0,0,0,0,1,0,0,0,0,0,0,0,0
1301640,2012,6,29,10,30,4,43.6812435,-79.44439326,Davenport (17),17,Corso Italia-Davenport (92),92,D13,Etobicoke York,DUFFERIN ST,CLOVERLAWN AVE, ,Major Arterial,Intersection, ,No Control,Clear,Daylight,Dry,Non-Fatal Injury,Pedestrian Collisions,Pedestrian,65 to 69,Major,0,West,Other, , , ,Pedestrian involved in a collision with transit vehicle anywhere along roadway,Running onto Roadway,Unknown, , , ,1,0,0,0,0,1,0,0,0,0,0,0,0,0
1347681,2013,2,15,10,30,4,43.64854538,-79.56409029,Etobicoke Centre (3),3,Islington-City Centre West (14),14,D22,Etobicoke York,HIGHWAY 427 C  N,BURNHAMTHORPE RD, ,Expressway,Mid-Block, ,No Control,Clear,Daylight,Dry,Non-Fatal Injury,Pedestrian Collisions,Truck Driver,30 to 34,,0,North,Truck - Open,Slowing or Stopping,Other,Inattentive, , , , , , ,1,0,0,0,1,0,0,0,0,0,0,0,0,0
1347681,2013,2,15,10,30,4,43.64854538,-79.56409029,Etobicoke Centre (3),3,Islington-City Centre West (14),14,D22,Etobicoke York,HIGHWAY 427 C  N,BURNHAMTHORPE RD, ,Expressway,Mid-Block, ,No Control,Clear,Daylight,Dry,Non-Fatal Injury,Pedestrian Collisions,Pedestrian,55 to 59,Major,0,Unknown,Other, , , ,Pedestrian hit at mid-block,Playing or Working on Highway,Normal, , , ,1,0,0,0,1,0,0,0,0,0,0,0,0,0
4001876057,2014,4,12,10,30,5,43.68698462,-79.48952112,York South-Weston (11),11,Mount Dennis (115),115,D12,Etobicoke York,WESTON RD,EGLINTON AVE W, ,Major Arterial,Intersection,Intersection Related,Traffic Signal,Clear,Daylight,Dry,Non-Fatal Injury,Turning Movement,Driver,75 to 79,Minimal,0,South,"Automobile, Station Wagon",Going Ahead,Driving Properly,Normal, , , , , , ,0,0,1,0,0,0,0,1,0,0,0,0,0,0
4001876057,2014,4,12,10,30,5,43.68698462,-79.48952112,York South-Weston (11),11,Mount Dennis (115),115,D12,Etobicoke York,WESTON RD,EGLINTON AVE W, ,Major Arterial,Intersection,Intersection Related,Traffic Signal,Clear,Daylight,Dry,Non-Fatal Injury,Turning Movement,Driver,40 to 44,Major,0,North,"Automobile, Station Wagon",Turning Left,Improper Turn,Normal, , , , , , ,0,0,1,0,0,0,0,1,0,0,0,0,0,0
4001876057,2014,4,12,10,30,5,43.68698462,-79.48952112,York South-Weston (11),11,Mount Dennis (115),115,D12,Etobicoke York,WESTON RD,EGLINTON AVE W, ,Major Arterial,Intersection,Intersection Related,Traffic Signal,Clear,Daylight,Dry,Non-Fatal Injury,Turning Movement,Passenger,20 to 24,Major,0, , , , , , , , , , , ,0,0,1,0,0,0,0,1,0,0,0,0,0,0
4001888181,2014,4,14,10,30,0,43.72042044,-79.60916529,Etobicoke North (2),2,West Humber-Clairville (1),1,D23,Etobicoke York,REXDALE BLVD,HUMBERWOOD BLVD, ,Major Arterial,Mid-Block,Non Intersection,No Control,Clear,Daylight,Dry,Non-Fatal Injury,Cyclist Collisions,Driver,unknown,,0,West,"Automobile, Station Wagon",Going Ahead,Improper Passing,Unknown, , , , , , ,0,1,1,0,0,0,0,0,0,1,0,0,0,0
1388412,2013,11,3,9,20,6,43.73846014,-79.34708796,Don Valley West (25),25,Banbury-Don Mills (42),42,D33,North York,THE DONWAY  W,LAWRENCE AVE E, ,Minor Arterial,Mid-Block, ,No Control,Clear,Daylight,Dry,Non-Fatal Injury,SMV Other,Passenger,25 to 29,Major,0, ,Other, , , , , , , , , ,0,0,1,0,0,0,0,1,1,1,0,0,0,0
6001001689,2016,6,9,10,30,3,43.65378149,-79.37853632,Toronto Centre-Rosedale (27),27,Church-Yonge Corridor (75),75,D51,Toronto East York,VICTORIA ST,SHUTER ST,58 m South of,Collector,Mid-Block,Non Intersection,No Control,Clear,Daylight,Dry,Non-Fatal Injury,Pedestrian Collisions,Driver,60 to 64,,0,South,Passenger Van,Going Ahead,Driving Properly,Normal, , , , , , ,1,0,1,0,0,0,0,0,0,0,0,0,0,0
1388412,2013,11,3,9,20,6,43.73846014,-79.34708796,Don Valley West (25),25,Banbury-Don Mills (42),42,D33,North York,THE DONWAY  W,LAWRENCE AVE E, ,Minor Arterial,Mid-Block, ,No Control,Clear,Daylight,Dry,Non-Fatal Injury,SMV Other,Driver,20 to 24,Minor,0,North,"Automobile, Station Wagon",Going Ahead,Exceeding Speed Limit,Inattentive, , , , , , ,0,0,1,0,0,0,0,1,1,1,0,0,0,0
1057099,2008,9,8,8,59,0,43.64104538,-79.55969029,Etobicoke-Lakeshore (5),5,Islington-City Centre West (14),14,D22,Etobicoke York,VALHALLA INN RD,427 C N VALHALLA INN RAMP, ,Collector,Mid-Block, ,No Control,Clear,Daylight,Dry,Non-Fatal Injury,Pedestrian Collisions,Vehicle Owner,unknown, ,0, ,Other, , , , , , , , , ,1,0,1,0,0,0,0,0,0,0,0,0,0,0
1057099,2008,9,8,8,59,0,43.64104538,-79.55969029,Etobicoke-Lakeshore (5),5,Islington-City Centre West (14),14,D22,Etobicoke York,VALHALLA INN RD,427 C N VALHALLA INN RAMP, ,Collector,Mid-Block, ,No Control,Clear,Daylight,Dry,Non-Fatal Injury,Pedestrian Collisions,Driver,20 to 24,,0,East,"Automobile, Station Wagon",Going Ahead,Driving Properly,Normal, , , , , , ,1,0,1,0,0,0,0,0,0,0,0,0,0,0
1143989,2009,12,23,9,35,2,43.73814538,-79.21779029,Scarborough Southwest (36),36,Scarborough Village (139),139,D43,Scarborough,KINGSTON RD,MARKHAM RD, ,Major Arterial,Mid-Block,At Intersection,No Control,Clear,Daylight,Dry,Fatal,Sideswipe,Driver,50 to 54,Minimal,0,East,"Automobile, Station Wagon",Going Ahead,Driving Properly,Normal, , , , , , ,0,0,1,0,0,0,0,0,0,0,0,0,1,1
6001001689,2016,6,9,10,30,3,43.65378149,-79.37853632,Toronto Centre-Rosedale (27),27,Church-Yonge Corridor (75),75,D51,Toronto East York,VICTORIA ST,SHUTER ST,58 m South of,Collector,Mid-Block,Non Intersection,No Control,Clear,Daylight,Dry,Non-Fatal Injury,Pedestrian Collisions,Pedestrian,80 to 84,Major,0,Unknown, , , , ,Pedestrian hit at mid-block,Walking on Roadway with Traffic,Inattentive, , , ,1,0,1,0,0,0,0,0,0,0,0,0,0,0
1388412,2013,11,3,9,20,6,43.73846014,-79.34708796,Don Valley West (25),25,Banbury-Don Mills (42),42,D33,North York,THE DONWAY  W,LAWRENCE AVE E, ,Minor Arterial,Mid-Block, ,No Control,Clear,Daylight,Dry,Non-Fatal Injury,SMV Other,Other Property Owner,unknown, ,0, ,Other, , , , , , , , , ,0,0,1,0,0,0,0,1,1,1,0,0,0,0
1057099,2008,9,8,8,59,0,43.64104538,-79.55969029,Etobicoke-Lakeshore (5),5,Islington-City Centre West (14),14,D22,Etobicoke York,VALHALLA INN RD,427 C N VALHALLA INN RAMP, ,Collector,Mid-Block, ,No Control,Clear,Daylight,Dry,Non-Fatal Injury,Pedestrian Collisions,Pedestrian,20 to 24,Major,0,North,Other, , , ,Pedestrian hit at mid-block,Running onto Roadway,Inattentive, , , ,1,0,1,0,0,0,0,0,0,0,0,0,0,0
1143989,2009,12,23,9,35,2,43.73814538,-79.21779029,Scarborough Southwest (36),36,Scarborough Village (139),139,D43,Scarborough,KINGSTON RD,MARKHAM RD, ,Major Arterial,Mid-Block,At Intersection,No Control,Clear,Daylight,Dry,Fatal,Sideswipe,Other Property Owner,unknown, ,0, ,Other, , , , , , , , , ,0,0,1,0,0,0,0,0,0,0,0,0,1,1
4001576606,2014,2,22,9,35,5,43.67313345,-79.41437922,Trinity-Spadina (20),20,Annex (95),95,D14,Toronto East York,DUPONT ST,BATHURST ST, ,Major Arterial,Intersection,At Intersection,Traffic Signal,Clear,Daylight,Dry,Non-Fatal Injury,Pedestrian Collisions,Driver,55 to 59,,0,South,Delivery Van,Turning Left,Failed to Yield Right of Way,Inattentive, , , , , , ,1,0,1,0,0,0,0,0,0,1,0,0,0,0
4001576606,2014,2,22,9,35,5,43.67313345,-79.41437922,Trinity-Spadina (20),20,Annex (95),95,D14,Toronto East York,DUPONT ST,BATHURST ST, ,Major Arterial,Intersection,At Intersection,Traffic Signal,Clear,Daylight,Dry,Non-Fatal Injury,Pedestrian Collisions,Pedestrian,60 to 64,Major,0,North, , , , ,Vehicle turns left while ped crosses with ROW at inter.,Crossing with right of way,Normal, , , ,1,0,1,0,0,0,0,0,0,1,0,0,0,0
6001979162,2016,11,7,9,35,0,43.67668875,-79.39738856,Toronto Centre-Rosedale (27),27,Annex (95),95,D53,Toronto East York,AVENUE RD,ROXBOROUGH ST W, ,Major Arterial,Intersection,At Intersection,No Control,Clear,Daylight,Dry,Non-Fatal Injury,Pedestrian Collisions,Driver,55 to 59,,0,South,"Automobile, Station Wagon",Turning Left,Failed to Yield Right of Way,Inattentive, , , , , , ,1,0,1,0,0,0,0,1,0,1,0,0,0,0
6001979162,2016,11,7,9,35,0,43.67668875,-79.39738856,Toronto Centre-Rosedale (27),27,Annex (95),95,D53,Toronto East York,AVENUE RD,ROXBOROUGH ST W, ,Major Arterial,Intersection,At Intersection,No Control,Clear,Daylight,Dry,Non-Fatal Injury,Pedestrian Collisions,Driver,50 to 54,Minor,0,North,"Automobile, Station Wagon",Going Ahead,Driving Properly,Normal, , , , , , ,1,0,1,0,0,0,0,1,0,1,0,0,0,0
6001979162,2016,11,7,9,35,0,43.67668875,-79.39738856,Toronto Centre-Rosedale (27),27,Annex (95),95,D53,Toronto East York,AVENUE RD,ROXBOROUGH ST W, ,Major Arterial,Intersection,At Intersection,No Control,Clear,Daylight,Dry,Non-Fatal Injury,Pedestrian Collisions,Passenger,55 to 59,Minor,0,Unknown,"Automobile, Station Wagon", , , , , , , , , ,1,0,1,0,0,0,0,1,0,1,0,0,0,0
6001979162,2016,11,7,9,35,0,43.67668875,-79.39738856,Toronto Centre-Rosedale (27),27,Annex (95),95,D53,Toronto East York,AVENUE RD,ROXBOROUGH ST W, ,Major Arterial,Intersection,At Intersection,No Control,Clear,Daylight,Dry,Non-Fatal Injury,Pedestrian Collisions,Pedestrian,25 to 29,Major,0,Unknown, , , , ,Pedestrian hit on sidewalk or shoulder, ,Unknown, , , ,1,0,1,0,0,0,0,1,0,1,0,0,0,0
7001555657,2017,8,28,9,35,0,43.75565638,-79.43715329,York Centre (10),10,Lansing-Westgate (38),38,D32,North York,SHEPPARD AVE W,CANYON AVE,6 m West of,Major Arterial,Mid-Block,Non Intersection,No Control,Clear,Daylight,Dry,Non-Fatal Injury,Rear End,Driver,45 to 49,,0,East,Pick Up Truck,Going Ahead,Following too Close,Normal, , , , , , ,0,0,1,0,0,0,0,1,0,1,0,0,0,0
7001555657,2017,8,28,9,35,0,43.75565638,-79.43715329,York Centre (10),10,Lansing-Westgate (38),38,D32,North York,SHEPPARD AVE W,CANYON AVE,6 m West of,Major Arterial,Mid-Block,Non Intersection,No Control,Clear,Daylight,Dry,Non-Fatal Injury,Rear End,Driver,70 to 74,Minimal,0,East,"Automobile, Station Wagon",Going Ahead,Driving Properly,Normal, , , , , , ,0,0,1,0,0,0,0,1,0,1,0,0,0,0
7001555657,2017,8,28,9,35,0,43.75565638,-79.43715329,York Centre (10),10,Lansing-Westgate (38),38,D32,North York,SHEPPARD AVE W,CANYON AVE,6 m West of,Major Arterial,Mid-Block,Non Intersection,No Control,Clear,Daylight,Dry,Non-Fatal Injury,Rear End,Passenger,10 to 14,,0, , , , , , , , , , , ,0,0,1,0,0,0,0,1,0,1,0,0,0,0
7001555657,2017,8,28,9,35,0,43.75565638,-79.43715329,York Centre (10),10,Lansing-Westgate (38),38,D32,North York,SHEPPARD AVE W,CANYON AVE,6 m West of,Major Arterial,Mid-Block,Non Intersection,No Control,Clear,Daylight,Dry,Non-Fatal Injury,Rear End,Passenger,35 to 39,Major,0, , , , , , , , , , , ,0,0,1,0,0,0,0,1,0,1,0,0,0,0
1266571,2011,9,22,9,36,3,43.68164538,-79.28079029,Scarborough Southwest (36),36,Birchcliffe-Cliffside (122),122,D41,Scarborough,KINGSTON RD,BLANTYRE AVE, ,Major Arterial,Mid-Block, ,No Control,Clear,Daylight,Dry,Non-Fatal Injury,Pedestrian Collisions,Driver,50 to 54,,0,West,"Automobile, Station Wagon",Going Ahead,Driving Properly,Normal, , , , , , ,1,0,1,0,0,0,0,0,0,0,0,0,0,0
1266571,2011,9,22,9,36,3,43.68164538,-79.28079029,Scarborough Southwest (36),36,Birchcliffe-Cliffside (122),122,D41,Scarborough,KINGSTON RD,BLANTYRE AVE, ,Major Arterial,Mid-Block, ,No Control,Clear,Daylight,Dry,Non-Fatal Injury,Pedestrian Collisions,Pedestrian,15 to 19,Major,0,North,Other, , , ,Pedestrian hit at mid-block,"Crossing, no Traffic Control",Inattentive, , , ,1,0,1,0,0,0,0,0,0,0,0,0,0,0
1340236,2012,12,18,9,36,1,43.69354538,-79.48539029,York South-Weston (12),12,Beechborough-Greenbrook (112),112,D12,Etobicoke York,BLACK CREEK DR,TRETHEWEY DR, ,Major Arterial,Mid-Block, ,No Control,Clear,Daylight,Dry,Non-Fatal Injury,Rear End,Driver,35 to 39,Minor,0,North,"Automobile, Station Wagon",Stopped,Driving Properly,Normal, , , , , , ,0,0,1,0,0,0,0,0,0,0,0,0,1,0
1340236,2012,12,18,9,36,1,43.69354538,-79.48539029,York South-Weston (12),12,Beechborough-Greenbrook (112),112,D12,Etobicoke York,BLACK CREEK DR,TRETHEWEY DR, ,Major Arterial,Mid-Block, ,No Control,Clear,Daylight,Dry,Non-Fatal Injury,Rear End,Driver,25 to 29,Minimal,0,North,"Automobile, Station Wagon",Stopped,Driving Properly,Normal, , , , , , ,0,0,1,0,0,0,0,0,0,0,0,0,1,0
1340236,2012,12,18,9,36,1,43.69354538,-79.48539029,York South-Weston (12),12,Beechborough-Greenbrook (112),112,D12,Etobicoke York,BLACK CREEK DR,TRETHEWEY DR, ,Major Arterial,Mid-Block, ,No Control,Clear,Daylight,Dry,Non-Fatal Injury,Rear End,Driver,70 to 74,Minimal,0,North,"Automobile, Station Wagon",Stopped,Driving Properly,Normal, , , , , , ,0,0,1,0,0,0,0,0,0,0,0,0,1,0
1340236,2012,12,18,9,36,1,43.69354538,-79.48539029,York South-Weston (12),12,Beechborough-Greenbrook (112),112,D12,Etobicoke York,BLACK CREEK DR,TRETHEWEY DR, ,Major Arterial,Mid-Block, ,No Control,Clear,Daylight,Dry,Non-Fatal Injury,Rear End,Driver,60 to 64,Major,0,North,"Automobile, Station Wagon",Going Ahead,Lost control,Medical or Physical Disability, , , , , , ,0,0,1,0,0,0,0,0,0,0,0,0,1,0
1369657,2013,8,9,9,36,4,43.64821585,-79.37092219,Toronto Centre-Rosedale (28),28,Waterfront Communities-The Island (77),77,D51,Toronto East York,LOWER JARVIS St,THE ESPLANADE, ,Major Arterial,Intersection, ,Traffic Signal,Clear,Daylight,Dry,Non-Fatal Injury,Pedestrian Collisions,Vehicle Owner,unknown, ,0, ,Other, , , , , , , , , ,1,0,0,0,1,0,0,0,0,1,0,0,0,0
1369657,2013,8,9,9,36,4,43.64821585,-79.37092219,Toronto Centre-Rosedale (28),28,Waterfront Communities-The Island (77),77,D51,Toronto East York,LOWER JARVIS St,THE ESPLANADE, ,Major Arterial,Intersection, ,Traffic Signal,Clear,Daylight,Dry,Non-Fatal Injury,Pedestrian Collisions,Truck Driver,45 to 49,,0,East,Truck - Open,Turning Right,Failed to Yield Right of Way,Normal, , , , , , ,1,0,0,0,1,0,0,0,0,1,0,0,0,0
1369657,2013,8,9,9,36,4,43.64821585,-79.37092219,Toronto Centre-Rosedale (28),28,Waterfront Communities-The Island (77),77,D51,Toronto East York,LOWER JARVIS St,THE ESPLANADE, ,Major Arterial,Intersection, ,Traffic Signal,Clear,Daylight,Dry,Non-Fatal Injury,Pedestrian Collisions,Pedestrian,85 to 89,Major,0,North,Other, , , ,Vehicle turns right while ped crosses with ROW at inter.,Crossing with right of way,Normal, , , ,1,0,0,0,1,0,0,0,0,1,0,0,0,0
7000267446,2017,2,12,9,36,6,43.65263327,-79.37279139,Toronto Centre-Rosedale (28),28,Moss Park (73),73,D51,Toronto East York,RICHMOND ST E,JARVIS ST, ,Major Arterial,Intersection,At Intersection,Traffic Signal,Rain,Daylight,Packed Snow,Non-Fatal Injury,Pedestrian Collisions,Driver,30 to 34,,0,West,"Automobile, Station Wagon",Going Ahead,Speed too Fast For Condition,Normal, , , , , , ,1,0,1,0,0,0,0,1,1,1,0,0,0,0
7000267446,2017,2,12,9,36,6,43.65263327,-79.37279139,Toronto Centre-Rosedale (28),28,Moss Park (73),73,D51,Toronto East York,RICHMOND ST E,JARVIS ST, ,Major Arterial,Intersection,At Intersection,Traffic Signal,Rain,Daylight,Packed Snow,Non-Fatal Injury,Pedestrian Collisions,Passenger,40 to 44,,0, , , , , , , , , , , ,1,0,1,0,0,0,0,1,1,1,0,0,0,0
7000267446,2017,2,12,9,36,6,43.65263327,-79.37279139,Toronto Centre-Rosedale (28),28,Moss Park (73),73,D51,Toronto East York,RICHMOND ST E,JARVIS ST, ,Major Arterial,Intersection,At Intersection,Traffic Signal,Rain,Daylight,Packed Snow,Non-Fatal Injury,Pedestrian Collisions,Pedestrian,60 to 64,Major,0,Unknown, , , , ,Pedestrian hit on sidewalk or shoulder,On Sidewalk or Shoulder,Normal, , , ,1,0,1,0,0,0,0,1,1,1,0,0,0,0
1213789,2010,12,11,9,37,5,43.77334538,-79.52539029,York West (8),8,Black Creek (24),24,D31,North York,349 HULLMAR DR, , ,Collector,Intersection, ,No Control,Snow,Daylight,Other,Non-Fatal Injury,Pedestrian Collisions,Driver,35 to 39,,0,South,"Automobile, Station Wagon",Reversing,Other,Normal, , , , , , ,1,0,1,0,0,0,0,0,0,0,0,0,0,0
1213789,2010,12,11,9,37,5,43.77334538,-79.52539029,York West (8),8,Black Creek (24),24,D31,North York,349 HULLMAR DR, , ,Collector,Intersection, ,No Control,Snow,Daylight,Other,Non-Fatal Injury,Pedestrian Collisions,Pedestrian,75 to 79,Major,0,West,Other, , , ,Pedestrian hit at private driveway,Other,Normal, , , ,1,0,1,0,0,0,0,0,0,0,0,0,0,0
131005166,2013,11,20,9,37,2,43.7518688,-79.46721278,York Centre (9),9,Downsview-Roding-CFB (26),26,D32,North York,SHEPPARD AVE W,KODIAK CRES, ,Major Arterial,Intersection, ,Traffic Signal,Clear,Daylight,Dry,Fatal,Cyclist Collisions,Cyclist,20 to 24,Fatal,54,West,Bicycle,Going Ahead, , , , , ,"Motorist without ROW drives into path of cyclist at inter, lnwy, dwy-Driver not turn.",Driving Properly,Normal,0,1,1,0,0,0,0,0,0,1,1,0,0,1
131005166,2013,11,20,9,37,2,43.7518688,-79.46721278,York Centre (9),9,Downsview-Roding-CFB (26),26,D32,North York,SHEPPARD AVE W,KODIAK CRES, ,Major Arterial,Intersection, ,Traffic Signal,Clear,Daylight,Dry,Fatal,Cyclist Collisions,Driver,20 to 24, ,0,North,"Automobile, Station Wagon",Going Ahead,Disobeyed Traffic Control,Unknown, , , , , , ,0,1,1,0,0,0,0,0,0,1,1,0,0,1
1089553,2009,1,13,9,38,1,43.76264538,-79.21169029,Scarborough East (43),43,Woburn (137),137,D43,Scarborough,LAWRENCE Aven E,MOSSBANK Driv, ,Major Arterial,Mid-Block,At Intersection,No Control,Snow,Daylight,Loose Snow,Non-Fatal Injury,Pedestrian Collisions,Driver,80 to 84,,0,West,"Automobile, Station Wagon",Going Ahead,Driving Properly,Normal, , , , , , ,1,0,1,0,0,0,0,0,0,0,0,0,0,0
1089553,2009,1,13,9,38,1,43.76264538,-79.21169029,Scarborough East (43),43,Woburn (137),137,D43,Scarborough,LAWRENCE Aven E,MOSSBANK Driv, ,Major Arterial,Mid-Block,At Intersection,No Control,Snow,Daylight,Loose Snow,Non-Fatal Injury,Pedestrian Collisions,Pedestrian,10 to 14,Major,0, ,Other,Other, , ,Pedestrian hit at mid-block,Running onto Roadway,Inattentive, , , ,1,0,1,0,0,0,0,0,0,0,0,0,0,0
1026057,2008,2,23,9,40,5,43.79024538,-79.35419029,Don Valley East (33),33,Don Valley Village (47),47,D33,North York,DON MILLS RD,SENECA HILL DR, ,Major Arterial,Intersection,At Intersection,Traffic Signal,Clear,Daylight,Dry,Non-Fatal Injury,Angle,Passenger,15 to 19,Minimal,0, ,Other, , , , , , , , , ,0,0,1,0,0,0,0,1,0,1,1,0,0,0
1026057,2008,2,23,9,40,5,43.79024538,-79.35419029,Don Valley East (33),33,Don Valley Village (47),47,D33,North York,DON MILLS RD,SENECA HILL DR, ,Major Arterial,Intersection,At Intersection,Traffic Signal,Clear,Daylight,Dry,Non-Fatal Injury,Angle,Passenger,50 to 54,Minimal,0, ,Other, , , , , , , , , ,0,0,1,0,0,0,0,1,0,1,1,0,0,0
1026057,2008,2,23,9,40,5,43.79024538,-79.35419029,Don Valley East (33),33,Don Valley Village (47),47,D33,North York,DON MILLS RD,SENECA HILL DR, ,Major Arterial,Intersection,At Intersection,Traffic Signal,Clear,Daylight,Dry,Non-Fatal Injury,Angle,Driver,45 to 49,Major,0,East,"Automobile, Station Wagon",Going Ahead,Driving Properly,Normal, , , , , , ,0,0,1,0,0,0,0,1,0,1,1,0,0,0
1026057,2008,2,23,9,40,5,43.79024538,-79.35419029,Don Valley East (33),33,Don Valley Village (47),47,D33,North York,DON MILLS RD,SENECA HILL DR, ,Major Arterial,Intersection,At Intersection,Traffic Signal,Clear,Daylight,Dry,Non-Fatal Injury,Angle,Driver,35 to 39,Minor,0,South,"Automobile, Station Wagon",Going Ahead,Disobeyed Traffic Control,Normal, , , , , , ,0,0,1,0,0,0,0,1,0,1,1,0,0,0
1194376,2010,9,10,9,40,4,43.76264538,-79.36199029,Don Valley West (25),25,St.Andrew-Windfields (40),40,D33,North York,2600 LESLIE St, , ,Major Arterial,Mid-Block, ,No Control,Clear,Daylight,Dry,Non-Fatal Injury,Cyclist Collisions,Cyclist,45 to 49,Major,0,South,Bicycle,Going Ahead, , , , , ,"Cyclist loses control and strikes object (pole, ttc track)",Driving Properly,Normal,0,1,0,0,0,0,0,0,0,0,0,0,0,0
1283549,2012,1,9,9,40,0,43.82804538,-79.28019029,Scarborough-Rouge River (41),41,Milliken (130),130,D42,Scarborough,GOLDHAWK TRL,STRAWBERRY HILLS DR, ,Collector,Intersection,At Intersection,Stop Sign,Clear,Daylight,Dry,Non-Fatal Injury,Pedestrian Collisions,Vehicle Owner,unknown, ,0, ,Other, , , , , , , , , ,1,0,1,0,0,0,0,0,0,1,0,0,0,0
1283549,2012,1,9,9,40,0,43.82804538,-79.28019029,Scarborough-Rouge River (41),41,Milliken (130),130,D42,Scarborough,GOLDHAWK TRL,STRAWBERRY HILLS DR, ,Collector,Intersection,At Intersection,Stop Sign,Clear,Daylight,Dry,Non-Fatal Injury,Pedestrian Collisions,Driver,55 to 59,,0,South,"Automobile, Station Wagon",Turning Left,Failed to Yield Right of Way,Inattentive, , , , , , ,1,0,1,0,0,0,0,0,0,1,0,0,0,0
1283549,2012,1,9,9,40,0,43.82804538,-79.28019029,Scarborough-Rouge River (41),41,Milliken (130),130,D42,Scarborough,GOLDHAWK TRL,STRAWBERRY HILLS DR, ,Collector,Intersection,At Intersection,Stop Sign,Clear,Daylight,Dry,Non-Fatal Injury,Pedestrian Collisions,Pedestrian,50 to 54,Minor,0,North,Other, , , ,Vehicle turns left while ped crosses with ROW at inter.,Crossing with right of way,Normal, , , ,1,0,1,0,0,0,0,0,0,1,0,0,0,0
1283549,2012,1,9,9,40,0,43.82804538,-79.28019029,Scarborough-Rouge River (41),41,Milliken (130),130,D42,Scarborough,GOLDHAWK TRL,STRAWBERRY HILLS DR, ,Collector,Intersection,At Intersection,Stop Sign,Clear,Daylight,Dry,Non-Fatal Injury,Pedestrian Collisions,Pedestrian,50 to 54,Major,0,North,Other, , , ,Vehicle turns left while ped crosses with ROW at inter.,Crossing with right of way,Normal, , , ,1,0,1,0,0,0,0,0,0,1,0,0,0,0
1311119,2012,8,21,9,40,1,43.77954538,-79.41639029,Willowdale (23),23,Willowdale West (37),37,D32,North York,FINCH AVE W,YONGE ST, ,Major Arterial,Mid-Block,At Intersection,No Control,Clear,Daylight,Dry,Fatal,Pedestrian Collisions,Passenger,65 to 69,,0, ,Other, , , , , , , , , ,1,0,1,0,0,0,0,1,0,0,0,0,0,1
1311119,2012,8,21,9,40,1,43.77954538,-79.41639029,Willowdale (23),23,Willowdale West (37),37,D32,North York,FINCH AVE W,YONGE ST, ,Major Arterial,Mid-Block,At Intersection,No Control,Clear,Daylight,Dry,Fatal,Pedestrian Collisions,Driver,65 to 69,,0,East,"Automobile, Station Wagon",Going Ahead,Driving Properly,Normal, , , , , , ,1,0,1,0,0,0,0,1,0,0,0,0,0,1
1311119,2012,8,21,9,40,1,43.77954538,-79.41639029,Willowdale (23),23,Willowdale West (37),37,D32,North York,FINCH AVE W,YONGE ST, ,Major Arterial,Mid-Block,At Intersection,No Control,Clear,Daylight,Dry,Fatal,Pedestrian Collisions,Pedestrian,45 to 49,Fatal,25,North,Other, , , ,Pedestrian hit at mid-block,"Crossing, no Traffic Control",Unknown, , , ,1,0,1,0,0,0,0,1,0,0,0,0,0,1
4002979452,2014,9,25,9,40,3,43.64821585,-79.37092219,Toronto Centre-Rosedale (28),28,Waterfront Communities-The Island (77),77,D51,Toronto East York,LOWER JARVIS ST,THE ESPLANADE, ,Major Arterial,Intersection,At Intersection,Traffic Signal,Clear,Daylight,Dry,Non-Fatal Injury,Pedestrian Collisions,Driver,15 to 19,,0,South,"Automobile, Station Wagon",Turning Left,Failed to Yield Right of Way,Unknown, , , , , , ,1,0,1,0,0,0,0,0,0,1,0,0,0,0
4002979452,2014,9,25,9,40,3,43.64821585,-79.37092219,Toronto Centre-Rosedale (28),28,Waterfront Communities-The Island (77),77,D51,Toronto East York,LOWER JARVIS ST,THE ESPLANADE, ,Major Arterial,Intersection,At Intersection,Traffic Signal,Clear,Daylight,Dry,Non-Fatal Injury,Pedestrian Collisions,Pedestrian,20 to 24,Major,0,South, , , , ,Vehicle turns left while ped crosses with ROW at inter.,Crossing with right of way,Unknown, , , ,1,0,1,0,0,0,0,0,0,1,0,0,0,0