ACCNUM,YEAR,MONTH,DAY,HOUR,MINUTES,WEEKDAY,LATITUDE,LONGITUDE,Ward_Name,Ward_ID,Hood_Name,Hood_ID,Division,District,STREET1,STREET2,OFFSET,ROAD_CLASS,LOCCOORD,ACCLOC,TRAFFCTL,VISIBILITY,LIGHT,RDSFCOND,ACCLASS,IMPACTYPE,INVTYPE,INVAGE,INJURY,FATAL_NO,INITDIR,VEHTYPE,MANOEUVER,DRIVACT,DRIVCOND,PEDTYPE,PEDACT,PEDCOND,CYCLISTYPE,CYCACT,CYCCOND,PEDESTRIAN,CYCLIST,AUTOMOBILE,MOTORCYCLE,TRUCK,TRSN_CITY_VEH,EMERG_VEH,PASSENGER,SPEEDING,AG_DRIV,REDLIGHT,ALCOHOL,DISABILITY,label
1314089,2012,9,10,9,43,0,43.78204538,-79.39149029,Willowdale (24),24,Bayview Village (52),52,D33,North York,3133 BAYVIEW AVE,BYNG AVE, ,Major Arterial,Intersection, ,No Control,Clear,Daylight,Dry,Fatal,Pedestrian Collisions,Vehicle Owner,unknown, ,0, ,Other, , , , , , , , , ,1,0,1,0,0,0,0,0,0,1,0,0,0,1
1314089,2012,9,10,9,43,0,43.78204538,-79.39149029,Willowdale (24),24,Bayview Village (52),52,D33,North York,3133 BAYVIEW AVE,BYNG AVE, ,Major Arterial,Intersection, ,No Control,Clear,Daylight,Dry,Fatal,Pedestrian Collisions,Driver,50 to 54,,0,West,"Automobile, Station Wagon",Turning Right,Failed to Yield Right of Way,Inattentive, , , , , , ,1,0,1,0,0,0,0,0,0,1,0,0,0,1
1314089,2012,9,10,9,43,0,43.78204538,-79.39149029,Willowdale (24),24,Bayview Village (52),52,D33,North York,3133 BAYVIEW AVE,BYNG AVE, ,Major Arterial,Intersection, ,No Control,Clear,Daylight,Dry,Fatal,Pedestrian Collisions,Pedestrian,75 to 79,Fatal,29,West,Other, , , ,Pedestrian hit at mid-block,Walking on Roadway Against Traffic,Normal, , , ,1,0,1,0,0,0,0,0,0,1,0,0,0,1
1015680,2008,1,11,9,44,4,43.79354538,-79.33699029,Don Valley East (33),33,Pleasant View (46),46,D33,North York,FINCH AVE E,CHEROKEE BLVD, ,Major Arterial,Intersection, ,Traffic Signal,Clear,Daylight,Dry,Non-Fatal Injury,Pedestrian Collisions,Driver,70 to 74,,0,South,"Automobile, Station Wagon",Turning Left,Improper Turn,Normal, , , , , , ,1,0,1,0,0,0,0,0,0,0,0,0,0,0
1015680,2008,1,11,9,44,4,43.79354538,-79.33699029,Don Valley East (33),33,Pleasant View (46),46,D33,North York,FINCH AVE E,CHEROKEE BLVD, ,Major Arterial,Intersection, ,Traffic Signal,Clear,Daylight,Dry,Non-Fatal Injury,Pedestrian Collisions,Pedestrian,40 to 44,Major,0,North,Other, , , ,Vehicle turns left while ped crosses without ROW at inter.,Crossing without right of way,Normal, , , ,1,0,1,0,0,0,0,0,0,0,0,0,0,0
143440580,2014,12,7,9,44,6,43.74217184,-79.27205286,Scarborough Centre (37),37,Ionview (125),125,D41,Scarborough,KENNEDY RD,RANSTONE GDNS, ,Major Arterial,Intersection, ,Traffic Signal,Clear,Daylight,Dry,Fatal,Approaching,Driver,80 to 84,Fatal,46,South,"Automobile, Station Wagon",Going Ahead,Lost control,Unknown, , , , , , ,0,0,1,0,0,0,0,0,0,0,0,0,0,1
143440580,2014,12,7,9,44,6,43.74217184,-79.27205286,Scarborough Centre (37),37,Ionview (125),125,D41,Scarborough,KENNEDY RD,RANSTONE GDNS, ,Major Arterial,Intersection, ,Traffic Signal,Clear,Daylight,Dry,Fatal,Approaching,Driver,60 to 64,,0,North,"Automobile, Station Wagon",Going Ahead,Driving Properly,Normal, , , , , , ,0,0,1,0,0,0,0,0,0,0,0,0,0,1
143440580,2014,12,7,9,44,6,43.74217184,-79.27205286,Scarborough Centre (37),37,Ionview (125),125,D41,Scarborough,KENNEDY RD,RANSTONE GDNS, ,Major Arterial,Intersection, ,Traffic Signal,Clear,Daylight,Dry,Fatal,Approaching,Truck Driver,50 to 54,,0,North,Tow Truck,Going Ahead,Driving Properly,Normal, , , , , , ,0,0,1,0,0,0,0,0,0,0,0,0,0,1
5000573038,2015,4,7,9,44,1,43.68942221,-79.4129983,St. Paul's (22),22,Forest Hill South (101),101,D53,Toronto East York,THELMA AVE,SPADINA RD,20 m East of,Local,Intersection,Intersection Related,Stop Sign,Clear,Daylight,Dry,Non-Fatal Injury,Pedestrian Collisions,Driver,45 to 49,,0,West,"Automobile, Station Wagon",Reversing,Other,Normal, , , , , , ,1,0,1,0,0,0,0,0,0,0,0,0,0,0
5000573038,2015,4,7,9,44,1,43.68942221,-79.4129983,St. Paul's (22),22,Forest Hill South (101),101,D53,Toronto East York,THELMA AVE,SPADINA RD,20 m East of,Local,Intersection,Intersection Related,Stop Sign,Clear,Daylight,Dry,Non-Fatal Injury,Pedestrian Collisions,Pedestrian,50 to 54,Major,0,North, , , , ,Vehicle is reversing and hits pedestrian,Other,Normal, , , ,1,0,1,0,0,0,0,0,0,0,0,0,0,0
974168,2007,6,9,9,45,5,43.63864538,-79.42889029,Parkdale-High Park (14),14,South Parkdale (85),85,D14,Toronto East York,KING ST W,GWYNNE AVE, ,Major Arterial,Intersection,At Intersection,No Control,Clear,Daylight,Dry,Non-Fatal Injury,Pedestrian Collisions,Driver,45 to 49,,0,East,"Automobile, Station Wagon",Reversing,Wrong Way on One Way Road,Normal, , , , , , ,1,0,1,0,0,0,0,0,0,0,0,0,0,0
974168,2007,6,9,9,45,5,43.63864538,-79.42889029,Parkdale-High Park (14),14,South Parkdale (85),85,D14,Toronto East York,KING ST W,GWYNNE AVE, ,Major Arterial,Intersection,At Intersection,No Control,Clear,Daylight,Dry,Non-Fatal Injury,Pedestrian Collisions,Pedestrian,70 to 74,Major,0,East,Other,Unknown, , ,Vehicle turns left while ped crosses without ROW at inter.,Crossing with right of way,Normal, , , ,1,0,1,0,0,0,0,0,0,0,0,0,0,0
999776,2007,10,22,9,45,0,43.64594538,-79.40629029,Trinity-Spadina (19),19,Niagara (82),82,D14,Toronto East York,TECUMSETH ST,RICHMOND ST W, ,Local,Intersection,At Intersection,Stop Sign,Clear,Daylight,Dry,Non-Fatal Injury,Pedestrian Collisions,Vehicle Owner,unknown, ,0, ,Other, , , , , , , , , ,1,0,1,0,0,0,0,0,0,1,0,0,0,0
999776,2007,10,22,9,45,0,43.64594538,-79.40629029,Trinity-Spadina (19),19,Niagara (82),82,D14,Toronto East York,TECUMSETH ST,RICHMOND ST W, ,Local,Intersection,At Intersection,Stop Sign,Clear,Daylight,Dry,Non-Fatal Injury,Pedestrian Collisions,Driver,40 to 44,,0,South,"Automobile, Station Wagon",Turning Left,Failed to Yield Right of Way,Inattentive, , , , , , ,1,0,1,0,0,0,0,0,0,1,0,0,0,0
999776,2007,10,22,9,45,0,43.64594538,-79.40629029,Trinity-Spadina (19),19,Niagara (82),82,D14,Toronto East York,TECUMSETH ST,RICHMOND ST W, ,Local,Intersection,At Intersection,Stop Sign,Clear,Daylight,Dry,Non-Fatal Injury,Pedestrian Collisions,Pedestrian,25 to 29,Major,0,North,Other, , , ,Vehicle turns left while ped crosses with ROW at inter.,Crossing with right of way,Normal, , , ,1,0,1,0,0,0,0,0,0,1,0,0,0,0
1046603,2008,6,12,9,45,3,43.66874538,-79.39409029,Toronto Centre-Rosedale (27),27,Annex (95),95,D53,Toronto East York,AVENUE Road,BLOOR Stre W, ,Major Arterial,Intersection,At Intersection,Traffic Signal,Clear,Daylight,Dry,Non-Fatal Injury,Cyclist Collisions,Driver,35 to 39,,0,North,"Automobile, Station Wagon",Going Ahead,Driving Properly,Normal, , , , , , ,0,1,1,0,0,0,0,0,0,0,0,0,0,0
1046603,2008,6,12,9,45,3,43.66874538,-79.39409029,Toronto Centre-Rosedale (27),27,Annex (95),95,D53,Toronto East York,AVENUE Road,BLOOR Stre W, ,Major Arterial,Intersection,At Intersection,Traffic Signal,Clear,Daylight,Dry,Non-Fatal Injury,Cyclist Collisions,Cyclist,20 to 24,Major,0,East,Bicycle,Changing Lanes, , , , , ,"Cyclist without ROW rides into path of motorist at inter, lnwy, dwy-Cyclist not turn.",Disobeyed Traffic Control,Inattentive,0,1,1,0,0,0,0,0,0,0,0,0,0,0
1374452,2013,7,8,9,45,0,43.70859869,-79.36542902,Don Valley West (26),26,Leaside-Bennington (56),56,D53,North York,SUTHERLAND DR,MCRAE DR, ,Collector,Intersection,At Intersection,Stop Sign,Clear,Daylight,Dry,Non-Fatal Injury,Cyclist Collisions,Driver,55 to 59,,0,West, ,Going Ahead,Failed to Yield Right of Way,Normal, , , , , , ,0,1,0,0,0,0,0,0,0,1,0,0,0,0
1374452,2013,7,8,9,45,0,43.70859869,-79.36542902,Don Valley West (26),26,Leaside-Bennington (56),56,D53,North York,SUTHERLAND DR,MCRAE DR, ,Collector,Intersection,At Intersection,Stop Sign,Clear,Daylight,Dry,Non-Fatal Injury,Cyclist Collisions,Cyclist,25 to 29,Major,0,North,Bicycle,Going Ahead, , , , , ,"Motorist without ROW drives into path of cyclist at inter, lnwy, dwy-Driver not turn.",Driving Properly,Normal,0,1,0,0,0,0,0,0,0,1,0,0,0,0
5001817289,2015,10,22,9,45,3,43.78879507,-79.33157740000001,Don Valley East (33),33,Pleasant View (46),46,D33,North York,VAN HORNE AVE,TAVERLY RD,14 m East of,Collector,Intersection,Intersection Related,Stop Sign,Clear,Daylight,Dry,Non-Fatal Injury,Pedestrian Collisions,Driver,50 to 54,,0,South,"Automobile, Station Wagon",Turning Left,Driving Properly,Normal, , , , , , ,1,0,1,0,0,0,0,0,0,0,0,0,0,0
5001817289,2015,10,22,9,45,3,43.78879507,-79.33157740000001,Don Valley East (33),33,Pleasant View (46),46,D33,North York,VAN HORNE AVE,TAVERLY RD,14 m East of,Collector,Intersection,Intersection Related,Stop Sign,Clear,Daylight,Dry,Non-Fatal Injury,Pedestrian Collisions,Pedestrian,85 to 89,Major,0,North, , , , ,Pedestrian hit at mid-block,"Crossing, no Traffic Control",Inattentive, , , ,1,0,1,0,0,0,0,0,0,0,0,0,0,0
1076502,2008,11,27,9,46,3,43.79324538,-79.28189029,Scarborough-Rouge River (41),41,Agincourt South-Malvern West (128),128,D42,Scarborough,MIDLAND AVE,HAVENDALE RD, ,Major Arterial,Intersection,At Intersection,Traffic Signal,Clear,Daylight,Dry,Non-Fatal Injury,Pedestrian Collisions,Driver,90 to 94,,0,East,"Automobile, Station Wagon",Turning Left,Failed to Yield Right of Way,Inattentive, , , , , , ,1,0,1,0,0,0,0,0,0,1,0,0,0,0
1076502,2008,11,27,9,46,3,43.79324538,-79.28189029,Scarborough-Rouge River (41),41,Agincourt South-Malvern West (128),128,D42,Scarborough,MIDLAND AVE,HAVENDALE RD, ,Major Arterial,Intersection,At Intersection,Traffic Signal,Clear,Daylight,Dry,Non-Fatal Injury,Pedestrian Collisions,Pedestrian,55 to 59,Major,0,West,Other, , , ,Vehicle turns left while ped crosses with ROW at inter.,Crossing with right of way,Normal, , , ,1,0,1,0,0,0,0,0,0,1,0,0,0,0
1252206,2011,8,31,9,46,2,43.66534538,-79.46459029,Parkdale-High Park (13),13,Junction Area (90),90,D11,Toronto East York,DUNDAS ST W,KEELE ST, ,Major Arterial,Intersection,At Intersection,Traffic Signal,Clear,Daylight,Dry,Non-Fatal Injury,Cyclist Collisions,Truck Driver,60 to 64,,0,West,Truck - Open,Turning Right,Improper Turn,Inattentive, , , , , , ,0,1,0,0,1,0,0,0,0,0,0,0,0,0
1252206,2011,8,31,9,46,2,43.66534538,-79.46459029,Parkdale-High Park (13),13,Junction Area (90),90,D11,Toronto East York,DUNDAS ST W,KEELE ST, ,Major Arterial,Intersection,At Intersection,Traffic Signal,Clear,Daylight,Dry,Non-Fatal Injury,Cyclist Collisions,Vehicle Owner,unknown, ,0, ,Other, , , , , , , , , ,0,1,0,0,1,0,0,0,0,0,0,0,0,0
1252206,2011,8,31,9,46,2,43.66534538,-79.46459029,Parkdale-High Park (13),13,Junction Area (90),90,D11,Toronto East York,DUNDAS ST W,KEELE ST, ,Major Arterial,Intersection,At Intersection,Traffic Signal,Clear,Daylight,Dry,Non-Fatal Injury,Cyclist Collisions,Cyclist,70 to 74,Major,0,West,Bicycle,Going Ahead, , , , , ,Motorist turning right on green or amber at signalized intersection strikes cyclist.,Driving Properly,Normal,0,1,0,0,1,0,0,0,0,0,0,0,0,0
1121624,2009,8,27,9,47,3,43.71564444,-79.44649134,Eglinton-Lawrence (15),15,Yorkdale-Glen Park (31),31,D32,North York,LAWRENCE AVE W,MARLEE AVE, ,Major Arterial,Intersection,At Intersection,Traffic Signal,Clear,Daylight,Dry,Fatal,Pedestrian Collisions,Driver,30 to 34,,0,North,"Automobile, Station Wagon",Turning Left,Failed to Yield Right of Way,Inattentive, , , , , , ,1,0,1,0,0,0,0,0,0,1,0,0,0,1
1121624,2009,8,27,9,47,3,43.71564444,-79.44649134,Eglinton-Lawrence (15),15,Yorkdale-Glen Park (31),31,D32,North York,LAWRENCE AVE W,MARLEE AVE, ,Major Arterial,Intersection,At Intersection,Traffic Signal,Clear,Daylight,Dry,Fatal,Pedestrian Collisions,Pedestrian,85 to 89,Fatal,22,South,Other, , , ,Vehicle turns left while ped crosses with ROW at inter.,Crossing with right of way,Normal, , , ,1,0,1,0,0,0,0,0,0,1,0,0,0,1
5001432053,2015,8,20,9,47,3,43.75124319,-79.63467036,Etobicoke North (1),1,West Humber-Clairville (1),1,D23,Etobicoke York,STEELES AVE W,ALCIDE ST, ,Major Arterial,Intersection,Intersection Related,No Control,Clear,Daylight,Dry,Non-Fatal Injury,Turning Movement,Truck Driver,25 to 29,,0,East,Truck-Tractor,Turning Left,Failed to Yield Right of Way,Normal, , , , , , ,0,0,1,0,1,0,0,0,0,1,0,0,0,0
5001432053,2015,8,20,9,47,3,43.75124319,-79.63467036,Etobicoke North (1),1,West Humber-Clairville (1),1,D23,Etobicoke York,STEELES AVE W,ALCIDE ST, ,Major Arterial,Intersection,Intersection Related,No Control,Clear,Daylight,Dry,Non-Fatal Injury,Turning Movement,Driver,25 to 29,Major,0,East,"Automobile, Station Wagon",Going Ahead,Driving Properly,Normal, , , , , , ,0,0,1,0,1,0,0,0,0,1,0,0,0,0
962206,2007,3,9,9,48,4,43.65114538,-79.37489029,Toronto Centre-Rosedale (28),28,Church-Yonge Corridor (75),75,D51,Toronto East York,CHURCH ST,ADELAIDE ST E, ,Minor Arterial,Intersection,At Intersection,Traffic Signal,Clear,Daylight,Dry,Non-Fatal Injury,Pedestrian Collisions,Driver,45 to 49,,0,South,"Automobile, Station Wagon",Turning Left,Driving Properly,Normal, , , , , , ,1,0,1,0,0,0,0,0,0,0,0,0,0,0
962206,2007,3,9,9,48,4,43.65114538,-79.37489029,Toronto Centre-Rosedale (28),28,Church-Yonge Corridor (75),75,D51,Toronto East York,CHURCH ST,ADELAIDE ST E, ,Minor Arterial,Intersection,At Intersection,Traffic Signal,Clear,Daylight,Dry,Non-Fatal Injury,Pedestrian Collisions,Pedestrian,30 to 34,Major,0,North,Other, , , ,Vehicle turns left while ped crosses without ROW at inter.,Crossing without right of way,Normal, , , ,1,0,1,0,0,0,0,0,0,0,0,0,0,0
1361719,2013,5,7,9,48,1,43.69264563,-79.31579218,Beaches-East York (31),31,Woodbine-Lumsden (60),60,D54,Toronto East York,WOODBINE AVE,MORTIMER AVE, ,Major Arterial,Intersection, ,No Control,Clear,Daylight,Dry,Non-Fatal Injury,Cyclist Collisions,Vehicle Owner,unknown, ,0, , , , , , , , , , , ,0,1,1,0,0,0,0,0,0,0,0,0,0,0
1361719,2013,5,7,9,48,1,43.69264563,-79.31579218,Beaches-East York (31),31,Woodbine-Lumsden (60),60,D54,Toronto East York,WOODBINE AVE,MORTIMER AVE, ,Major Arterial,Intersection, ,No Control,Clear,Daylight,Dry,Non-Fatal Injury,Cyclist Collisions,Driver,55 to 59,,0,South,"Automobile, Station Wagon",Going Ahead,Driving Properly,Normal, , , , , , ,0,1,1,0,0,0,0,0,0,0,0,0,0,0
1361719,2013,5,7,9,48,1,43.69264563,-79.31579218,Beaches-East York (31),31,Woodbine-Lumsden (60),60,D54,Toronto East York,WOODBINE AVE,MORTIMER AVE, ,Major Arterial,Intersection, ,No Control,Clear,Daylight,Dry,Non-Fatal Injury,Cyclist Collisions,Cyclist,20 to 24,Major,0,South,Bicycle,Going Ahead, , , , , ,"Cyclist loses control and strikes object (pole, ttc track)",Lost control,Normal,0,1,1,0,0,0,0,0,0,0,0,0,0,0
6000755736,2016,5,3,9,48,1,43.67274817,-79.28891382,Beaches-East York (32),32,The Beaches (63),63,D55,Toronto East York,3 SPRUCE HILL RD, , ,Local,Mid-Block,Non Intersection,No Control,Clear,Daylight,Dry,Fatal,Pedestrian Collisions,Driver,65 to 69,,0,East,"Automobile, Station Wagon",Turning Right,Lost control,Unknown, , , , , , ,1,0,1,0,0,0,0,0,0,0,0,0,0,1
6000755736,2016,5,3,9,48,1,43.67274817,-79.28891382,Beaches-East York (32),32,The Beaches (63),63,D55,Toronto East York,3 SPRUCE HILL RD, , ,Local,Mid-Block,Non Intersection,No Control,Clear,Daylight,Dry,Fatal,Pedestrian Collisions,Pedestrian,65 to 69,Fatal,30,Unknown, , , , ,Pedestrian hit at parking lot,Other,Normal, , , ,1,0,1,0,0,0,0,0,0,0,0,0,0,1
5000006695,2015,1,2,9,49,4,43.67084845,-79.47518549,York South-Weston (11),11,Junction Area (90),90,D11,Etobicoke York,2211 ST CLAIR AVE W, ,23 m East of,Major Arterial,Intersection,Non Intersection,No Control,Clear,Daylight,Dry,Non-Fatal Injury,Turning Movement,Driver,60 to 64,Major,0,West,"Automobile, Station Wagon",Making U Turn,Improper Turn,Unknown, , , , , , ,0,0,1,0,1,0,0,0,0,0,0,0,0,0
5000006695,2015,1,2,9,49,4,43.67084845,-79.47518549,York South-Weston (11),11,Junction Area (90),90,D11,Etobicoke York,2211 ST CLAIR AVE W, ,23 m East of,Major Arterial,Intersection,Non Intersection,No Control,Clear,Daylight,Dry,Non-Fatal Injury,Turning Movement,Truck Driver,30 to 34,,0,West,"Truck - Closed (Blazer, etc)",Going Ahead,Driving Properly,Normal, , , , , , ,0,0,1,0,1,0,0,0,0,0,0,0,0,0
5001105926,2015,7,1,9,49,2,43.78173788,-79.23388299999999,Scarborough Centre (38),38,Woburn (137),137,D43,Scarborough,MARKHAM RD,PROGRESS AVE, ,Major Arterial,Intersection,At Intersection,Traffic Signal,Clear,Daylight,Dry,Non-Fatal Injury,Turning Movement,Driver,40 to 44,,0,East,"Automobile, Station Wagon",Turning Left,Failed to Yield Right of Way,Inattentive, , , , , , ,0,0,1,0,0,0,0,1,1,1,0,0,0,0
5001105926,2015,7,1,9,49,2,43.78173788,-79.23388299999999,Scarborough Centre (38),38,Woburn (137),137,D43,Scarborough,MARKHAM RD,PROGRESS AVE, ,Major Arterial,Intersection,At Intersection,Traffic Signal,Clear,Daylight,Dry,Non-Fatal Injury,Turning Movement,Driver,35 to 39,Minimal,0,West,"Automobile, Station Wagon",Going Ahead,Driving Properly,Normal, , , , , , ,0,0,1,0,0,0,0,1,1,1,0,0,0,0
5001105926,2015,7,1,9,49,2,43.78173788,-79.23388299999999,Scarborough Centre (38),38,Woburn (137),137,D43,Scarborough,MARKHAM RD,PROGRESS AVE, ,Major Arterial,Intersection,At Intersection,Traffic Signal,Clear,Daylight,Dry,Non-Fatal Injury,Turning Movement,Passenger,5 to 9,Major,0, , , , , , , , , , , ,0,0,1,0,0,0,0,1,1,1,0,0,0,0
992576,2007,9,26,9,50,2,43.81674538,-79.33699029,Scarborough-Agincourt (39),39,Steeles (116),116,D42,Scarborough,STEELES AVE E,VICTORIA PARK AVE, ,Major Arterial,Mid-Block,At Intersection,No Control,Clear,Daylight,Dry,Non-Fatal Injury,Pedestrian Collisions,Pedestrian,40 to 44,,0,North,Other, , , ,Pedestrian hit at mid-block,"Crossing, no Traffic Control",Inattentive, , , ,1,0,0,0,1,0,0,0,0,0,0,0,0,0
992576,2007,9,26,9,50,2,43.81674538,-79.33699029,Scarborough-Agincourt (39),39,Steeles (116),116,D42,Scarborough,STEELES AVE E,VICTORIA PARK AVE, ,Major Arterial,Mid-Block,At Intersection,No Control,Clear,Daylight,Dry,Non-Fatal Injury,Pedestrian Collisions,Truck Driver,60 to 64,,0,East,Truck - Open,Going Ahead,Driving Properly,Normal, , , , , , ,1,0,0,0,1,0,0,0,0,0,0,0,0,0
992576,2007,9,26,9,50,2,43.81674538,-79.33699029,Scarborough-Agincourt (39),39,Steeles (116),116,D42,Scarborough,STEELES AVE E,VICTORIA PARK AVE, ,Major Arterial,Mid-Block,At Intersection,No Control,Clear,Daylight,Dry,Non-Fatal Injury,Pedestrian Collisions,Pedestrian,40 to 44,Major,0,North,Other, , , ,Pedestrian hit at mid-block,"Crossing, no Traffic Control",Inattentive, , , ,1,0,0,0,1,0,0,0,0,0,0,0,0,0
1004342,2007,11,23,9,50,4,43.71094538,-79.33479029,Don Valley West (26),26,Flemingdon Park (44),44,D54,North York,DON MILLS RD,OVERLEA BLVD, ,Major Arterial,Mid-Block, ,No Control,Clear,Daylight,Wet,Fatal,Pedestrian Collisions,Vehicle Owner,unknown, ,0, ,Other, , , , , , , , , ,1,0,0,0,0,1,0,0,0,0,0,0,0,1
1004342,2007,11,23,9,50,4,43.71094538,-79.33479029,Don Valley West (26),26,Flemingdon Park (44),44,D54,North York,DON MILLS RD,OVERLEA BLVD, ,Major Arterial,Mid-Block, ,No Control,Clear,Daylight,Wet,Fatal,Pedestrian Collisions,Driver,50 to 54,,0,South,Municipal Transit Bus (TTC),Going Ahead,Driving Properly,Normal, , , , , , ,1,0,0,0,0,1,0,0,0,0,0,0,0,1
1004342,2007,11,23,9,50,4,43.71094538,-79.33479029,Don Valley West (26),26,Flemingdon Park (44),44,D54,North York,DON MILLS RD,OVERLEA BLVD, ,Major Arterial,Mid-Block, ,No Control,Clear,Daylight,Wet,Fatal,Pedestrian Collisions,Pedestrian,85 to 89,Major,0,West,Other, , , ,Pedestrian involved in a collision with transit vehicle anywhere along roadway,"Crossing, no Traffic Control",Unknown, , , ,1,0,0,0,0,1,0,0,0,0,0,0,0,1
1004342,2007,11,23,9,50,4,43.71094538,-79.33479029,Don Valley West (26),26,Flemingdon Park (44),44,D54,North York,DON MILLS RD,OVERLEA BLVD, ,Major Arterial,Mid-Block, ,No Control,Clear,Daylight,Wet,Fatal,Pedestrian Collisions,Pedestrian,75 to 79,Fatal,0,West,Other, , , ,Pedestrian involved in a collision with transit vehicle anywhere along roadway,"Crossing, no Traffic Control",Unknown, , , ,1,0,0,0,0,1,0,0,0,0,0,0,0,1
1015222,2008,1,16,9,50,2,43.71474538,-79.53669029,York West (7),7,Pelmo Park-Humberlea (23),23,D31,Etobicoke York,WESTON RD,401 C W WESTON RD RAMP  E, ,Major Arterial,Intersection, ,Traffic Signal,Clear,Daylight,Dry,Non-Fatal Injury,Approaching,Driver,75 to 79,Minor,0,South,"Automobile, Station Wagon",Going Ahead,Driving Properly,Normal, , , , , , ,0,0,1,0,0,0,0,0,0,0,0,0,0,0
1015222,2008,1,16,9,50,2,43.71474538,-79.53669029,York West (7),7,Pelmo Park-Humberlea (23),23,D31,Etobicoke York,WESTON RD,401 C W WESTON RD RAMP  E, ,Major Arterial,Intersection, ,Traffic Signal,Clear,Daylight,Dry,Non-Fatal Injury,Approaching,Driver,65 to 69,Major,0,North,"Automobile, Station Wagon",Going Ahead,Wrong Way on One Way Road,Unknown, , , , , , ,0,0,1,0,0,0,0,0,0,0,0,0,0,0
1038512,2008,5,15,9,50,3,43.65494538,-79.56429029,Etobicoke Centre (3),3,Eringate-Centennial-West Deane (11),11,D22,Etobicoke York,RATHBURN Road,THE EAST MALL, ,Minor Arterial,Intersection,At Intersection,Traffic Signal,Clear,Daylight,Dry,Non-Fatal Injury,Turning Movement,Driver,35 to 39,,0,East,"Automobile, Station Wagon",Turning Left,Driving Properly,Normal, , , , , , ,0,0,1,0,0,0,0,0,0,1,1,0,1,0
5001375207,2015,8,11,9,20,1,43.66364248,-79.46379481,Parkdale-High Park (14),14,Junction Area (90),90,D11,Toronto East York,ANNETTE ST,KEELE ST, ,Major Arterial,Intersection,At Intersection,Traffic Signal,Clear,Daylight,Dry,Non-Fatal Injury,Cyclist Collisions,Truck Driver,65 to 69,,0,West,Truck - Open,Turning Right,Improper Turn,Inattentive, , , , , , ,0,1,0,0,1,0,0,0,0,0,0,0,0,0
1201223,2010,10,18,8,59,0,43.75144538,-79.31299029,Scarborough Centre (37),37,Wexford/Maryvale (119),119,D41,Scarborough,VICTORIA PARK AVE,ROWENA DR, ,Major Arterial,Intersection,At Intersection,Traffic Signal,Clear,Daylight,Dry,Non-Fatal Injury,Pedestrian Collisions,Driver,30 to 34,,0,North,"Automobile, Station Wagon",Going Ahead,Driving Properly,Normal, , , , , , ,1,0,1,0,0,0,0,0,0,0,0,0,0,0
5001375207,2015,8,11,9,20,1,43.66364248,-79.46379481,Parkdale-High Park (14),14,Junction Area (90),90,D11,Toronto East York,ANNETTE ST,KEELE ST, ,Major Arterial,Intersection,At Intersection,Traffic Signal,Clear,Daylight,Dry,Non-Fatal Injury,Cyclist Collisions,Cyclist,55 to 59,Major,0,West,Bicycle,Going Ahead, , , , , ,Motorist turning right on green or amber at signalized intersection strikes cyclist.,Driving Properly,Normal,0,1,0,0,1,0,0,0,0,0,0,0,0,0
1201223,2010,10,18,8,59,0,43.75144538,-79.31299029,Scarborough Centre (37),37,Wexford/Maryvale (119),119,D41,Scarborough,VICTORIA PARK AVE,ROWENA DR, ,Major Arterial,Intersection,At Intersection,Traffic Signal,Clear,Daylight,Dry,Non-Fatal Injury,Pedestrian Collisions,Pedestrian,15 to 19,Major,0,West,Other, , , ,Vehicle is going straight thru inter.while ped cross without ROW,Crossing without right of way,Inattentive, , , ,1,0,1,0,0,0,0,0,0,0,0,0,0,0
7001016401,2017,6,8,10,30,3,43.67487295,-79.39535914,Toronto Centre-Rosedale (27),27,Annex (95),95,D53,Toronto East York,DAVENPORT RD,AVENUE RD,100 m East of,Major Arterial,Mid-Block,Non Intersection,No Control,Clear,Daylight,Dry,Non-Fatal Injury,Cyclist Collisions,Truck Driver,35 to 39,,0,East,"Truck - Closed (Blazer, etc)",Going Ahead,Other,Normal, , , , , , ,0,1,0,0,1,0,0,0,0,0,0,0,0,0
1293779,2012,3,24,9,21,5,43.65631064,-79.45244227,Parkdale-High Park (14),14,Roncesvalles (86),86,D11,Toronto East York,DUNDAS ST W,BLOOR ST W, ,Major Arterial,Intersection,At Intersection,Traffic Signal,Clear,Daylight,Dry,Non-Fatal Injury,Turning Movement,Vehicle Owner,unknown, ,0, , , , , , , , , , , ,0,0,1,0,1,0,0,0,0,0,0,0,0,0
1293779,2012,3,24,9,21,5,43.65631064,-79.45244227,Parkdale-High Park (14),14,Roncesvalles (86),86,D11,Toronto East York,DUNDAS ST W,BLOOR ST W, ,Major Arterial,Intersection,At Intersection,Traffic Signal,Clear,Daylight,Dry,Non-Fatal Injury,Turning Movement,Truck Driver,45 to 49,Major,0,North,Truck-Tractor,Turning Left,Improper Turn,Normal, , , , , , ,0,0,1,0,1,0,0,0,0,0,0,0,0,0