ACCNUM,YEAR,MONTH,DAY,HOUR,MINUTES,WEEKDAY,LATITUDE,LONGITUDE,Ward_Name,Ward_ID,Hood_Name,Hood_ID,Division,District,STREET1,STREET2,OFFSET,ROAD_CLASS,LOCCOORD,ACCLOC,TRAFFCTL,VISIBILITY,LIGHT,RDSFCOND,ACCLASS,IMPACTYPE,INVTYPE,INVAGE,INJURY,FATAL_NO,INITDIR,VEHTYPE,MANOEUVER,DRIVACT,DRIVCOND,PEDTYPE,PEDACT,PEDCOND,CYCLISTYPE,CYCACT,CYCCOND,PEDESTRIAN,CYCLIST,AUTOMOBILE,MOTORCYCLE,TRUCK,TRSN_CITY_VEH,EMERG_VEH,PASSENGER,SPEEDING,AG_DRIV,REDLIGHT,ALCOHOL,DISABILITY,label
1293779,2012,3,24,9,21,5,43.65631064,-79.45244227,Parkdale-High Park (14),14,Roncesvalles (86),86,D11,Toronto East York,DUNDAS ST W,BLOOR ST W, ,Major Arterial,Intersection,At Intersection,Traffic Signal,Clear,Daylight,Dry,Non-Fatal Injury,Turning Movement,Driver,40 to 44,Minor,0,North,"Automobile, Station Wagon",Going Ahead,Driving Properly,Normal, , , , , , ,0,0,1,0,1,0,0,0,0,0,0,0,0,0
1293779,2012,3,24,9,21,5,43.65631064,-79.45244227,Parkdale-High Park (14),14,Roncesvalles (86),86,D11,Toronto East York,DUNDAS ST W,BLOOR ST W, ,Major Arterial,Intersection,At Intersection,Traffic Signal,Clear,Daylight,Dry,Non-Fatal Injury,Turning Movement,Other,unknown,,0, , , , , , , , , , , ,0,0,1,0,1,0,0,0,0,0,0,0,0,0
5001804887,2015,10,20,9,23,1,43.6681362,-79.44185267,Davenport (18),18,Dovercourt-Wallace Emerson-Junction (93),93,D11,Toronto East York,1245 DUPONT ST, ,25 m West of,Major Arterial,Mid-Block,Non Intersection,No Control,Clear,Daylight,Dry,Non-Fatal Injury,Pedestrian Collisions,Driver,20 to 24,,0,East,"Automobile, Station Wagon",Changing Lanes,Improper Lane Change,Unknown, , , , , , ,1,0,1,0,0,0,0,1,0,0,0,0,0,0
5001804887,2015,10,20,9,23,1,43.6681362,-79.44185267,Davenport (18),18,Dovercourt-Wallace Emerson-Junction (93),93,D11,Toronto East York,1245 DUPONT ST, ,25 m West of,Major Arterial,Mid-Block,Non Intersection,No Control,Clear,Daylight,Dry,Non-Fatal Injury,Pedestrian Collisions,Driver,55 to 59,,0,East,"Automobile, Station Wagon",Going Ahead,Driving Properly,Normal, , , , , , ,1,0,1,0,0,0,0,1,0,0,0,0,0,0
5001804887,2015,10,20,9,23,1,43.6681362,-79.44185267,Davenport (18),18,Dovercourt-Wallace Emerson-Junction (93),93,D11,Toronto East York,1245 DUPONT ST, ,25 m West of,Major Arterial,Mid-Block,Non Intersection,No Control,Clear,Daylight,Dry,Non-Fatal Injury,Pedestrian Collisions,Passenger,55 to 59,,0, , , , , , , , , , , ,1,0,1,0,0,0,0,1,0,0,0,0,0,0
5001804887,2015,10,20,9,23,1,43.6681362,-79.44185267,Davenport (18),18,Dovercourt-Wallace Emerson-Junction (93),93,D11,Toronto East York,1245 DUPONT ST, ,25 m West of,Major Arterial,Mid-Block,Non Intersection,No Control,Clear,Daylight,Dry,Non-Fatal Injury,Pedestrian Collisions,Pedestrian,40 to 44,Major,0,Unknown, , , , ,Pedestrian hit at mid-block,Other,Normal, , , ,1,0,1,0,0,0,0,1,0,0,0,0,0,0
7001432218,2017,8,9,9,23,2,43.66064413,-79.35468684,Toronto-Danforth (30),30,South Riverdale (70),70,D55,Toronto East York,DON VALLEY PARKWAY  S,DUNDAS ST E,100 m South of,Expressway,Mid-Block,Non Intersection,No Control,Clear,Daylight,Dry,Non-Fatal Injury,Rear End,Driver,25 to 29,Major,0,South,"Automobile, Station Wagon",Going Ahead,Following too Close,Normal, , , , , , ,0,0,1,0,0,0,0,0,0,1,0,0,0,0
7001432218,2017,8,9,9,23,2,43.66064413,-79.35468684,Toronto-Danforth (30),30,South Riverdale (70),70,D55,Toronto East York,DON VALLEY PARKWAY  S,DUNDAS ST E,100 m South of,Expressway,Mid-Block,Non Intersection,No Control,Clear,Daylight,Dry,Non-Fatal Injury,Rear End,Driver,30 to 34,,0,South,"Automobile, Station Wagon",Going Ahead,Following too Close,Normal, , , , , , ,0,0,1,0,0,0,0,0,0,1,0,0,0,0
7001432218,2017,8,9,9,23,2,43.66064413,-79.35468684,Toronto-Danforth (30),30,South Riverdale (70),70,D55,Toronto East York,DON VALLEY PARKWAY  S,DUNDAS ST E,100 m South of,Expressway,Mid-Block,Non Intersection,No Control,Clear,Daylight,Dry,Non-Fatal Injury,Rear End,Truck Driver,25 to 29,Minor,0,South,Tow Truck,Stopped,Driving Properly,Normal, , , , , , ,0,0,1,0,0,0,0,0,0,1,0,0,0,0
1000055,2007,10,24,9,24,2,43.65844538,-79.37029029,Toronto Centre-Rosedale (28),28,Moss Park (73),73,D51,Toronto East York,DUNDAS ST E,SHERBOURNE ST, ,Major Arterial,Mid-Block, ,No Control,Clear,Daylight,Dry,Non-Fatal Injury,Pedestrian Collisions,Vehicle Owner,unknown, ,0, ,Other, , , , , , , , , ,1,0,0,0,1,0,0,0,0,0,0,0,0,0
1000055,2007,10,24,9,24,2,43.65844538,-79.37029029,Toronto Centre-Rosedale (28),28,Moss Park (73),73,D51,Toronto East York,DUNDAS ST E,SHERBOURNE ST, ,Major Arterial,Mid-Block, ,No Control,Clear,Daylight,Dry,Non-Fatal Injury,Pedestrian Collisions,Truck Driver,60 to 64,,0,East,Truck - Open,Going Ahead,Driving Properly,Normal, , , , , , ,1,0,0,0,1,0,0,0,0,0,0,0,0,0
1000055,2007,10,24,9,24,2,43.65844538,-79.37029029,Toronto Centre-Rosedale (28),28,Moss Park (73),73,D51,Toronto East York,DUNDAS ST E,SHERBOURNE ST, ,Major Arterial,Mid-Block, ,No Control,Clear,Daylight,Dry,Non-Fatal Injury,Pedestrian Collisions,Pedestrian,30 to 34,Major,0, ,Other, , , ,Pedestrian hit on sidewalk or shoulder,On Sidewalk or Shoulder,Normal, , , ,1,0,0,0,1,0,0,0,0,0,0,0,0,0
1348211,2013,2,21,9,24,3,43.75264538,-79.45189029,York Centre (10),10,Clanton Park (33),33,D32,North York,SHEPPARD AVE W,FAYWOOD BLVD, ,Major Arterial,Intersection,At Intersection,Traffic Signal,Clear,Daylight,Dry,Non-Fatal Injury,Pedestrian Collisions,Driver,60 to 64,,0,South,"Automobile, Station Wagon",Turning Left,Failed to Yield Right of Way,Normal, , , , , , ,1,0,1,0,0,0,0,0,0,1,0,0,0,0
1348211,2013,2,21,9,24,3,43.75264538,-79.45189029,York Centre (10),10,Clanton Park (33),33,D32,North York,SHEPPARD AVE W,FAYWOOD BLVD, ,Major Arterial,Intersection,At Intersection,Traffic Signal,Clear,Daylight,Dry,Non-Fatal Injury,Pedestrian Collisions,Pedestrian,20 to 24,Major,0,North,Other, , , ,Vehicle turns left while ped crosses with ROW at inter.,Crossing with right of way,Normal, , , ,1,0,1,0,0,0,0,0,0,1,0,0,0,0
979478,2007,7,14,9,25,5,43.82224538,-79.27519029,Scarborough-Rouge River (41),41,Milliken (130),130,D42,Scarborough,391 ALTON TOWERS CRCL, , ,Collector,Mid-Block, ,No Control,Clear,Daylight,Dry,Non-Fatal Injury,Pedestrian Collisions,Pedestrian,5 to 9,Major,0, ,Other, , , ,Pedestrian hit at mid-block,Walking on Roadway with Traffic,Unknown, , , ,1,0,1,0,0,0,0,0,0,0,0,0,0,0
979478,2007,7,14,9,25,5,43.82224538,-79.27519029,Scarborough-Rouge River (41),41,Milliken (130),130,D42,Scarborough,391 ALTON TOWERS CRCL, , ,Collector,Mid-Block, ,No Control,Clear,Daylight,Dry,Non-Fatal Injury,Pedestrian Collisions,Driver,40 to 44,,0,West,"Automobile, Station Wagon",Other,Other,Inattentive, , , , , , ,1,0,1,0,0,0,0,0,0,0,0,0,0,0
1081813,2008,12,15,9,25,0,43.70274538,-79.41739029,Eglinton-Lawrence (16),16,Forest Hill North (102),102,D53,Toronto East York,EGLINTON AVE W,CHAPLIN CRES, ,Major Arterial,Intersection,At Intersection,Traffic Signal,Rain,Daylight,Wet,Non-Fatal Injury,Pedestrian Collisions,Driver,25 to 29,,0,South,"Automobile, Station Wagon",Turning Left,Driving Properly,Normal, , , , , , ,1,0,1,0,0,0,0,0,0,0,0,0,0,0
1081813,2008,12,15,9,25,0,43.70274538,-79.41739029,Eglinton-Lawrence (16),16,Forest Hill North (102),102,D53,Toronto East York,EGLINTON AVE W,CHAPLIN CRES, ,Major Arterial,Intersection,At Intersection,Traffic Signal,Rain,Daylight,Wet,Non-Fatal Injury,Pedestrian Collisions,Pedestrian,30 to 34,Major,0,South,Other, , , ,Vehicle turns left while ped crosses without ROW at inter.,Running onto Roadway,Normal, , , ,1,0,1,0,0,0,0,0,0,0,0,0,0,0
1335937,2013,1,7,9,25,0,43.82724538,-79.29169029,Scarborough-Rouge River (41),41,Milliken (130),130,D42,Scarborough,STEELES AVE E,ASHCOTT ST, ,Major Arterial,Intersection,At Intersection,Traffic Signal,Clear,Daylight,Dry,Non-Fatal Injury,Pedestrian Collisions,Pedestrian,20 to 24,Major,0,North,Other, , , ,Vehicle turns left while ped crosses with ROW at inter.,Crossing with right of way,Normal, , , ,1,0,1,0,0,0,0,0,0,1,0,0,0,0
1335937,2013,1,7,9,25,0,43.82724538,-79.29169029,Scarborough-Rouge River (41),41,Milliken (130),130,D42,Scarborough,STEELES AVE E,ASHCOTT ST, ,Major Arterial,Intersection,At Intersection,Traffic Signal,Clear,Daylight,Dry,Non-Fatal Injury,Pedestrian Collisions,Driver,55 to 59,,0,South,"Automobile, Station Wagon",Turning Left,Failed to Yield Right of Way,Normal, , , , , , ,1,0,1,0,0,0,0,0,0,1,0,0,0,0
1377544,2013,9,26,9,25,3,43.72409018,-79.33693323,Don Valley West (26),26,Banbury-Don Mills (42),42,D33,North York,38 GERVAIS DR, , ,Collector,Mid-Block, ,No Control,Clear,Daylight,Dry,Non-Fatal Injury,SMV Other,Other Property Owner,unknown, ,0, ,Other, , , , , , , , , ,0,0,1,0,0,0,0,0,0,0,0,0,0,0
1377544,2013,9,26,9,25,3,43.72409018,-79.33693323,Don Valley West (26),26,Banbury-Don Mills (42),42,D33,North York,38 GERVAIS DR, , ,Collector,Mid-Block, ,No Control,Clear,Daylight,Dry,Non-Fatal Injury,SMV Other,Driver,80 to 84,Major,0,West,"Automobile, Station Wagon",Going Ahead,Lost control,Normal, , , , , , ,0,0,1,0,0,0,0,0,0,0,0,0,0,0
6000164025,2016,1,28,9,25,3,43.63610037,-79.54007349,Etobicoke-Lakeshore (5),5,Islington-City Centre West (14),14,D22,Etobicoke York,DUNDAS ST W,POPLAR AVE, ,Major Arterial,Intersection,At Intersection,Traffic Signal,Clear,Daylight,Dry,Fatal,Pedestrian Collisions,Pedestrian,45 to 49,Fatal,10,South, , , , ,Pedestrian involved in a collision with transit vehicle anywhere along roadway,Crossing with right of way,Normal, , , ,1,0,0,0,0,1,0,0,0,1,0,0,0,1
6000164025,2016,1,28,9,25,3,43.63610037,-79.54007349,Etobicoke-Lakeshore (5),5,Islington-City Centre West (14),14,D22,Etobicoke York,DUNDAS ST W,POPLAR AVE, ,Major Arterial,Intersection,At Intersection,Traffic Signal,Clear,Daylight,Dry,Fatal,Pedestrian Collisions,Driver,30 to 34,,0,North,"Bus (Other) (Go Bus, Gray Coach)",Turning Left,Failed to Yield Right of Way,Normal, , , , , , ,1,0,0,0,0,1,0,0,0,1,0,0,0,1
6001717262,2016,9,27,9,25,1,43.79874762,-79.37584315,Willowdale (24),24,Bayview Woods-Steeles (49),49,D33,North York,CUMMER AVE,PINEWAY BLVD, ,Collector,Intersection,At Intersection,Stop Sign,Clear,Daylight,Dry,Non-Fatal Injury,Pedestrian Collisions,Driver,20 to 24,,0,South,"Automobile, Station Wagon",Turning Left,Failed to Yield Right of Way,Normal, , , , , , ,1,0,1,0,0,0,0,0,0,1,0,0,0,0
6001717262,2016,9,27,9,25,1,43.79874762,-79.37584315,Willowdale (24),24,Bayview Woods-Steeles (49),49,D33,North York,CUMMER AVE,PINEWAY BLVD, ,Collector,Intersection,At Intersection,Stop Sign,Clear,Daylight,Dry,Non-Fatal Injury,Pedestrian Collisions,Pedestrian,60 to 64,Major,0,North, , , , ,Vehicle turns left while ped crosses with ROW at inter.,Crossing with right of way,Normal, , , ,1,0,1,0,0,0,0,0,0,1,0,0,0,0
1261275,2011,10,26,9,26,2,43.79184538,-79.38609029,Willowdale (24),24,Bayview Woods-Steeles (49),49,D33,North York,SNOWCREST AVE,WYVERN RD, ,Local,Intersection,At Intersection,Stop Sign,Rain,Daylight,Wet,Non-Fatal Injury,Pedestrian Collisions,Driver,30 to 34,,0,East,"Automobile, Station Wagon",Turning Left,Failed to Yield Right of Way,Inattentive, , , , , , ,1,0,1,0,0,0,0,0,0,1,0,0,0,0
1261275,2011,10,26,9,26,2,43.79184538,-79.38609029,Willowdale (24),24,Bayview Woods-Steeles (49),49,D33,North York,SNOWCREST AVE,WYVERN RD, ,Local,Intersection,At Intersection,Stop Sign,Rain,Daylight,Wet,Non-Fatal Injury,Pedestrian Collisions,Pedestrian,40 to 44,Major,0,South,Other, , , ,Vehicle turns left while ped crosses with ROW at inter.,Crossing with right of way,Unknown, , , ,1,0,1,0,0,0,0,0,0,1,0,0,0,0
1385686,2013,11,7,9,26,3,43.82983359,-79.28039179,Scarborough-Rouge River (41),41,Milliken (130),130,D42,Scarborough,STEELES AVE E,STRAWBERRY HILLS DR, ,Major Arterial,Intersection, , ,Other,Daylight,Other,Non-Fatal Injury,Other,Driver,70 to 74,Major,0, ,"Automobile, Station Wagon",Unknown, , , , , , , , ,0,0,1,0,0,0,0,0,0,0,0,0,0,0
1385686,2013,11,7,9,26,3,43.82983359,-79.28039179,Scarborough-Rouge River (41),41,Milliken (130),130,D42,Scarborough,STEELES AVE E,STRAWBERRY HILLS DR, ,Major Arterial,Intersection, , ,Other,Daylight,Other,Non-Fatal Injury,Other,Driver,30 to 34,,0, ,"Automobile, Station Wagon",Unknown, , , , , , , , ,0,0,1,0,0,0,0,0,0,0,0,0,0,0
1344724,2013,3,6,9,27,2,43.67414538,-79.45999029,Davenport (17),17,Weston-Pellam Park (91),91,D11,Etobicoke York,ST CLAIR AVE W,HOUNSLOW HEATH RD, ,Major Arterial,Intersection, ,Traffic Signal,Clear,Daylight,Wet,Non-Fatal Injury,Pedestrian Collisions,Vehicle Owner,unknown, ,0, ,Other, , , , , , , , , ,1,0,1,0,0,0,0,0,0,0,0,0,0,0
1344724,2013,3,6,9,27,2,43.67414538,-79.45999029,Davenport (17),17,Weston-Pellam Park (91),91,D11,Etobicoke York,ST CLAIR AVE W,HOUNSLOW HEATH RD, ,Major Arterial,Intersection, ,Traffic Signal,Clear,Daylight,Wet,Non-Fatal Injury,Pedestrian Collisions,Driver,40 to 44,,0,East,"Automobile, Station Wagon",Going Ahead,Driving Properly,Normal, , , , , , ,1,0,1,0,0,0,0,0,0,0,0,0,0,0
1344724,2013,3,6,9,27,2,43.67414538,-79.45999029,Davenport (17),17,Weston-Pellam Park (91),91,D11,Etobicoke York,ST CLAIR AVE W,HOUNSLOW HEATH RD, ,Major Arterial,Intersection, ,Traffic Signal,Clear,Daylight,Wet,Non-Fatal Injury,Pedestrian Collisions,Pedestrian,10 to 14,Major,0,North,Other, , , ,Vehicle is going straight thru inter.while ped cross without ROW,Crossing without right of way,Normal, , , ,1,0,1,0,0,0,0,0,0,0,0,0,0,0
1386873,2013,10,11,9,27,4,43.68393286,-79.32088099,Beaches-East York (32),32,Woodbine Corridor (64),64,D55,Toronto East York,DANFORTH Ave,WOODINGTON Ave, ,Major Arterial,Intersection, ,Traffic Signal,Clear,Daylight,Dry,Non-Fatal Injury,Pedestrian Collisions,Vehicle Owner,unknown, ,0, ,Other, , , , , , , , , ,1,0,1,0,0,0,0,0,0,1,0,0,0,0
1386873,2013,10,11,9,27,4,43.68393286,-79.32088099,Beaches-East York (32),32,Woodbine Corridor (64),64,D55,Toronto East York,DANFORTH Ave,WOODINGTON Ave, ,Major Arterial,Intersection, ,Traffic Signal,Clear,Daylight,Dry,Non-Fatal Injury,Pedestrian Collisions,Driver,50 to 54,,0,South,"Automobile, Station Wagon",Turning Left,Failed to Yield Right of Way,Normal, , , , , , ,1,0,1,0,0,0,0,0,0,1,0,0,0,0
1386873,2013,10,11,9,27,4,43.68393286,-79.32088099,Beaches-East York (32),32,Woodbine Corridor (64),64,D55,Toronto East York,DANFORTH Ave,WOODINGTON Ave, ,Major Arterial,Intersection, ,Traffic Signal,Clear,Daylight,Dry,Non-Fatal Injury,Pedestrian Collisions,Pedestrian,60 to 64,Major,0,North,Other, , , ,Vehicle turns left while ped crosses with ROW at inter.,Crossing with right of way,Normal, , , ,1,0,1,0,0,0,0,0,0,1,0,0,0,0
990178,2007,8,17,9,28,4,43.77734538,-79.14659029,Scarborough East (44),44,Centennial Scarborough (133),133,D43,Scarborough,LAWRENCE Aven E,CENTENNIAL Road, ,Minor Arterial,Intersection,At Intersection,Traffic Signal,Clear,Daylight,Dry,Non-Fatal Injury,Angle,Driver,40 to 44,Minor,0,West,"Automobile, Station Wagon",Going Ahead,Disobeyed Traffic Control,Normal, , , , , , ,0,0,1,0,0,0,0,0,0,1,1,0,0,0
990178,2007,8,17,9,28,4,43.77734538,-79.14659029,Scarborough East (44),44,Centennial Scarborough (133),133,D43,Scarborough,LAWRENCE Aven E,CENTENNIAL Road, ,Minor Arterial,Intersection,At Intersection,Traffic Signal,Clear,Daylight,Dry,Non-Fatal Injury,Angle,Driver,55 to 59,Major,0,South,"Automobile, Station Wagon",Going Ahead,Driving Properly,Normal, , , , , , ,0,0,1,0,0,0,0,0,0,1,1,0,0,0
1104513,2009,5,16,9,28,5,43.70534538,-79.29589029,Beaches-East York (31),31,O'Connor-Parkview (54),54,D54,Toronto East York,DAWES RD,BETH ST, ,Minor Arterial,Mid-Block, ,No Control,Clear,Daylight,Wet,Non-Fatal Injury,Approaching,Vehicle Owner,unknown, ,0, ,Other, , , , , , , , , ,0,0,1,0,0,0,0,0,0,0,0,0,0,0
1104513,2009,5,16,9,28,5,43.70534538,-79.29589029,Beaches-East York (31),31,O'Connor-Parkview (54),54,D54,Toronto East York,DAWES RD,BETH ST, ,Minor Arterial,Mid-Block, ,No Control,Clear,Daylight,Wet,Non-Fatal Injury,Approaching,Driver,75 to 79,Major,0,North,"Automobile, Station Wagon",Going Ahead,Driving Properly,Normal, , , , , , ,0,0,1,0,0,0,0,0,0,0,0,0,0,0
1104513,2009,5,16,9,28,5,43.70534538,-79.29589029,Beaches-East York (31),31,O'Connor-Parkview (54),54,D54,Toronto East York,DAWES RD,BETH ST, ,Minor Arterial,Mid-Block, ,No Control,Clear,Daylight,Wet,Non-Fatal Injury,Approaching,Vehicle Owner,unknown, ,0, ,Other, , , , , , , , , ,0,0,1,0,0,0,0,0,0,0,0,0,0,0
1104513,2009,5,16,9,28,5,43.70534538,-79.29589029,Beaches-East York (31),31,O'Connor-Parkview (54),54,D54,Toronto East York,DAWES RD,BETH ST, ,Minor Arterial,Mid-Block, ,No Control,Clear,Daylight,Wet,Non-Fatal Injury,Approaching,Driver,20 to 24,Major,0,South,"Automobile, Station Wagon",Going Ahead,Lost control,Normal, , , , , , ,0,0,1,0,0,0,0,0,0,0,0,0,0,0
1165190,2010,4,10,9,29,5,43.67254538,-79.28799029,Beaches-East York (32),32,The Beaches (63),63,D55,Toronto East York,QUEEN Stre E,BEECH Aven, ,Minor Arterial,Mid-Block,At Intersection,No Control,Clear,Daylight,Dry,Non-Fatal Injury,Pedestrian Collisions,Driver,60 to 64,,0,East,"Automobile, Station Wagon",Reversing,Driving Properly,Normal, , , , , , ,1,0,1,0,0,0,0,0,0,0,0,0,0,0
1165190,2010,4,10,9,29,5,43.67254538,-79.28799029,Beaches-East York (32),32,The Beaches (63),63,D55,Toronto East York,QUEEN Stre E,BEECH Aven, ,Minor Arterial,Mid-Block,At Intersection,No Control,Clear,Daylight,Dry,Non-Fatal Injury,Pedestrian Collisions,Pedestrian,30 to 34,Major,0,South,Other, , , ,Vehicle is reversing and hits pedestrian,"Crossing, no Traffic Control",Inattentive, , , ,1,0,1,0,0,0,0,0,0,0,0,0,0,0
981276,2007,7,24,9,30,1,43.65664538,-79.38109029,Toronto Centre-Rosedale (27),27,Bay Street Corridor (76),76,D52,Toronto East York,YONGE ST,DUNDAS ST W, ,Major Arterial,Mid-Block,At Intersection,No Control,Clear,Daylight,Dry,Non-Fatal Injury,Pedestrian Collisions,Passenger,30 to 34,,0, ,Other, , , , , , , , , ,1,0,1,0,0,0,0,1,0,0,0,0,0,0
981276,2007,7,24,9,30,1,43.65664538,-79.38109029,Toronto Centre-Rosedale (27),27,Bay Street Corridor (76),76,D52,Toronto East York,YONGE ST,DUNDAS ST W, ,Major Arterial,Mid-Block,At Intersection,No Control,Clear,Daylight,Dry,Non-Fatal Injury,Pedestrian Collisions,Driver,55 to 59,,0,South,"Automobile, Station Wagon",Going Ahead,Driving Properly,Normal, , , , , , ,1,0,1,0,0,0,0,1,0,0,0,0,0,0
981276,2007,7,24,9,30,1,43.65664538,-79.38109029,Toronto Centre-Rosedale (27),27,Bay Street Corridor (76),76,D52,Toronto East York,YONGE ST,DUNDAS ST W, ,Major Arterial,Mid-Block,At Intersection,No Control,Clear,Daylight,Dry,Non-Fatal Injury,Pedestrian Collisions,Pedestrian,70 to 74,Major,0,West,Other, , , ,Pedestrian hit at mid-block,"Crossing, no Traffic Control",Inattentive, , , ,1,0,1,0,0,0,0,1,0,0,0,0,0,0
988731,2007,9,2,9,30,6,43.79744538,-79.31229029,Scarborough-Agincourt (40),40,L'Amoreaux (117),117,D42,Scarborough,FINCH Aven E,BRIDLETOWNE Circ, ,Collector,Intersection,At Intersection,Traffic Signal,Clear,Daylight,Dry,Non-Fatal Injury,Angle,Vehicle Owner,unknown,,0, ,Other,Unknown, , , , , , , , ,0,0,1,0,0,0,0,0,0,0,0,0,0,0
988731,2007,9,2,9,30,6,43.79744538,-79.31229029,Scarborough-Agincourt (40),40,L'Amoreaux (117),117,D42,Scarborough,FINCH Aven E,BRIDLETOWNE Circ, ,Collector,Intersection,At Intersection,Traffic Signal,Clear,Daylight,Dry,Non-Fatal Injury,Angle,Driver,unknown,,0,South,"Automobile, Station Wagon",Going Ahead, , , , , , , , ,0,0,1,0,0,0,0,0,0,0,0,0,0,0
988731,2007,9,2,9,30,6,43.79744538,-79.31229029,Scarborough-Agincourt (40),40,L'Amoreaux (117),117,D42,Scarborough,FINCH Aven E,BRIDLETOWNE Circ, ,Collector,Intersection,At Intersection,Traffic Signal,Clear,Daylight,Dry,Non-Fatal Injury,Angle,Driver,70 to 74,Major,0,West,"Automobile, Station Wagon",Going Ahead, , , , , , , , ,0,0,1,0,0,0,0,0,0,0,0,0,0,0
1067883,2008,11,3,9,30,0,43.63644538,-79.44399029,Parkdale-High Park (14),14,South Parkdale (85),85,D14,Toronto East York,1491 LAKE SHORE BLVD W, , ,Major Arterial,Mid-Block, ,No Control,Clear,Daylight,Dry,Fatal,SMV Other,Passenger,90 to 94,Fatal,51, ,Other, , , , , , , , , ,0,0,1,0,0,0,0,1,0,0,0,0,0,1
1067883,2008,11,3,9,30,0,43.63644538,-79.44399029,Parkdale-High Park (14),14,South Parkdale (85),85,D14,Toronto East York,1491 LAKE SHORE BLVD W, , ,Major Arterial,Mid-Block, ,No Control,Clear,Daylight,Dry,Fatal,SMV Other,Vehicle Owner,unknown, ,0, ,Other, , , , , , , , , ,0,0,1,0,0,0,0,1,0,0,0,0,0,1
1067883,2008,11,3,9,30,0,43.63644538,-79.44399029,Parkdale-High Park (14),14,South Parkdale (85),85,D14,Toronto East York,1491 LAKE SHORE BLVD W, , ,Major Arterial,Mid-Block, ,No Control,Clear,Daylight,Dry,Fatal,SMV Other,Driver,40 to 44,Minor,0,East,"Automobile, Station Wagon",Going Ahead,Lost control,Unknown, , , , , , ,0,0,1,0,0,0,0,1,0,0,0,0,0,1
1092784,2009,2,2,9,30,0,43.66754538,-79.32659029,Beaches-East York (32),32,Greenwood-Coxwell (65),65,D55,Toronto East York,GREENWOOD Aven,DUNDAS Stre E, ,Minor Arterial,Intersection,At Intersection,Traffic Signal,Clear,Daylight,Dry,Non-Fatal Injury,Pedestrian Collisions,Driver,50 to 54,,0,South,"Automobile, Station Wagon",Turning Left,Failed to Yield Right of Way,Normal, , , , , , ,1,0,1,0,0,0,0,0,0,1,0,0,0,0
1092784,2009,2,2,9,30,0,43.66754538,-79.32659029,Beaches-East York (32),32,Greenwood-Coxwell (65),65,D55,Toronto East York,GREENWOOD Aven,DUNDAS Stre E, ,Minor Arterial,Intersection,At Intersection,Traffic Signal,Clear,Daylight,Dry,Non-Fatal Injury,Pedestrian Collisions,Pedestrian,35 to 39,Major,0, ,Other, , , ,Vehicle turns left while ped crosses with ROW at inter.,Crossing with right of way,Normal, , , ,1,0,1,0,0,0,0,0,0,1,0,0,0,0
1240382,2011,6,24,9,30,4,43.63394538,-79.43479029,Parkdale-High Park (14),14,South Parkdale (85),85,D14,Toronto East York,JAMESON Aven,SPRINGHURST Aven, ,Minor Arterial,Intersection,At Intersection,Stop Sign,Rain,Daylight,Wet,Non-Fatal Injury,Cyclist Collisions,Vehicle Owner,unknown, ,0, ,Other, , , , , , , , , ,0,1,0,0,0,1,0,0,0,0,0,0,0,0
1240382,2011,6,24,9,30,4,43.63394538,-79.43479029,Parkdale-High Park (14),14,South Parkdale (85),85,D14,Toronto East York,JAMESON Aven,SPRINGHURST Aven, ,Minor Arterial,Intersection,At Intersection,Stop Sign,Rain,Daylight,Wet,Non-Fatal Injury,Cyclist Collisions,Driver,30 to 34,,0,South,Municipal Transit Bus (TTC),Going Ahead,Driving Properly,Normal, , , , , , ,0,1,0,0,0,1,0,0,0,0,0,0,0,0
1240382,2011,6,24,9,30,4,43.63394538,-79.43479029,Parkdale-High Park (14),14,South Parkdale (85),85,D14,Toronto East York,JAMESON Aven,SPRINGHURST Aven, ,Minor Arterial,Intersection,At Intersection,Stop Sign,Rain,Daylight,Wet,Non-Fatal Injury,Cyclist Collisions,Cyclist,40 to 44,Major,0,North,Bicycle,Turning Left, , , , , ,Cyclist turns right across motorists path,Improper Turn,Inattentive,0,1,0,0,0,1,0,0,0,0,0,0,0,0
1305695,2012,6,7,9,30,3,43.65644538,-79.36479029,Toronto Centre-Rosedale (28),28,Regent Park (72),72,D51,Toronto East York,PARLIAMENT ST,QUEEN ST E, ,Minor Arterial,Mid-Block, ,No Control,Clear,Daylight,Dry,Non-Fatal Injury,Other,Passenger,45 to 49,Major,0, ,Other, , , , , , , , , ,0,0,0,0,0,1,0,1,0,0,0,0,0,0
1305695,2012,6,7,9,30,3,43.65644538,-79.36479029,Toronto Centre-Rosedale (28),28,Regent Park (72),72,D51,Toronto East York,PARLIAMENT ST,QUEEN ST E, ,Minor Arterial,Mid-Block, ,No Control,Clear,Daylight,Dry,Non-Fatal Injury,Other,Vehicle Owner,unknown, ,0, ,Other, , , , , , , , , ,0,0,0,0,0,1,0,1,0,0,0,0,0,0
1305695,2012,6,7,9,30,3,43.65644538,-79.36479029,Toronto Centre-Rosedale (28),28,Regent Park (72),72,D51,Toronto East York,PARLIAMENT ST,QUEEN ST E, ,Minor Arterial,Mid-Block, ,No Control,Clear,Daylight,Dry,Non-Fatal Injury,Other,Driver,50 to 54,,0,South,Municipal Transit Bus (TTC),Going Ahead,Driving Properly,Normal, , , , , , ,0,0,0,0,0,1,0,1,0,0,0,0,0,0