ACCNUM,YEAR,MONTH,DAY,HOUR,MINUTES,WEEKDAY,LATITUDE,LONGITUDE,Ward_Name,Ward_ID,Hood_Name,Hood_ID,Division,District,STREET1,STREET2,OFFSET,ROAD_CLASS,LOCCOORD,ACCLOC,TRAFFCTL,VISIBILITY,LIGHT,RDSFCOND,ACCLASS,IMPACTYPE,INVTYPE,INVAGE,INJURY,FATAL_NO,INITDIR,VEHTYPE,MANOEUVER,DRIVACT,DRIVCOND,PEDTYPE,PEDACT,PEDCOND,CYCLISTYPE,CYCACT,CYCCOND,PEDESTRIAN,CYCLIST,AUTOMOBILE,MOTORCYCLE,TRUCK,TRSN_CITY_VEH,EMERG_VEH,PASSENGER,SPEEDING,AG_DRIV,REDLIGHT,ALCOHOL,DISABILITY,label
4001819203,2014,4,3,9,30,3,43.72137793,-79.50559626,York Centre (9),9,Downsview-Roding-CFB (26),26,D31,North York,1505 WILSON AVE, , ,Major Arterial,Mid-Block,Non Intersection,No Control,Clear,Daylight,Dry,Non-Fatal Injury,Pedestrian Collisions,Driver,25 to 29,,0,East,Pick Up Truck,Going Ahead,Driving Properly,Normal, , , , , , ,1,0,1,0,0,0,0,0,0,0,0,0,0,0
4001819203,2014,4,3,9,30,3,43.72137793,-79.50559626,York Centre (9),9,Downsview-Roding-CFB (26),26,D31,North York,1505 WILSON AVE, , ,Major Arterial,Mid-Block,Non Intersection,No Control,Clear,Daylight,Dry,Non-Fatal Injury,Pedestrian Collisions,Pedestrian,65 to 69,Major,0,North, , , , ,Pedestrian hit at mid-block,"Crossing, no Traffic Control",Inattentive, , , ,1,0,1,0,0,0,0,0,0,0,0,0,0,0
6001200915,2016,7,9,9,30,5,43.67103537,-79.38315211,Toronto Centre-Rosedale (27),27,Church-Yonge Corridor (75),75,D51,Toronto East York,CHURCH ST,BLOOR ST E, ,Major Arterial,Intersection,Intersection Related,Traffic Signal,Clear,Daylight,Dry,Non-Fatal Injury,Turning Movement,Driver,60 to 64,Minor,0,South,"Automobile, Station Wagon",Turning Left,Failed to Yield Right of Way,Normal, , , , , , ,0,0,1,0,0,0,0,1,0,1,0,0,0,0
6001200915,2016,7,9,9,30,5,43.67103537,-79.38315211,Toronto Centre-Rosedale (27),27,Church-Yonge Corridor (75),75,D51,Toronto East York,CHURCH ST,BLOOR ST E, ,Major Arterial,Intersection,Intersection Related,Traffic Signal,Clear,Daylight,Dry,Non-Fatal Injury,Turning Movement,Driver,40 to 44,Major,0,North,"Automobile, Station Wagon",Going Ahead,Driving Properly,Normal, , , , , , ,0,0,1,0,0,0,0,1,0,1,0,0,0,0
6001200915,2016,7,9,9,30,5,43.67103537,-79.38315211,Toronto Centre-Rosedale (27),27,Church-Yonge Corridor (75),75,D51,Toronto East York,CHURCH ST,BLOOR ST E, ,Major Arterial,Intersection,Intersection Related,Traffic Signal,Clear,Daylight,Dry,Non-Fatal Injury,Turning Movement,Passenger,35 to 39,Major,0, , , , , , , , , , , ,0,0,1,0,0,0,0,1,0,1,0,0,0,0
4002919707,2014,9,16,9,32,1,43.70028647,-79.33771143,Toronto-Danforth (29),29,Old East York (58),58,D54,Toronto East York,DVP S DON MILLS S RAMP RD,DON MILLS RD,10 m South of,Major Arterial,Mid-Block,Overpass or Bridge,No Control,Clear,Daylight,Dry,Non-Fatal Injury,SMV Other,Truck Driver,50 to 54,Major,0,South,Truck (other),Going Ahead,Speed too Fast For Condition,Normal, , , , , , ,0,0,0,0,1,0,0,0,1,1,0,0,0,0
1151467,2010,1,10,9,33,6,43.75044538,-79.49419029,York Centre (9),9,York University Heights (27),27,D31,North York,SENTINEL Road,STILECROFT Driv, ,Collector,Intersection,At Intersection,Stop Sign,Clear,Daylight,Dry,Non-Fatal Injury,Pedestrian Collisions,Truck Driver,35 to 39,,0,South,Truck - Open,Going Ahead,Failed to Yield Right of Way,Inattentive, , , , , , ,1,0,0,0,1,0,0,0,0,1,0,0,0,0
1151467,2010,1,10,9,33,6,43.75044538,-79.49419029,York Centre (9),9,York University Heights (27),27,D31,North York,SENTINEL Road,STILECROFT Driv, ,Collector,Intersection,At Intersection,Stop Sign,Clear,Daylight,Dry,Non-Fatal Injury,Pedestrian Collisions,Pedestrian,65 to 69,Major,0,East,Other, , , ,Vehicle is going straight thru inter.while ped cross with ROW,Crossing with right of way,Normal, , , ,1,0,0,0,1,0,0,0,0,1,0,0,0,0
1200931,2010,11,11,9,34,3,43.65074538,-79.34899029,Toronto Centre-Rosedale (28),28,Waterfront Communities-The Island (77),77,D51,Toronto East York,F G GARDINER Expr W,DON VALLEY PARKWAY  N, ,Expressway,Mid-Block, ,No Control,Clear,Daylight,Dry,Non-Fatal Injury,SMV Other,Motorcycle Driver,25 to 29,Major,0,West,Motorcycle,Going Ahead,Lost control,Normal, , , , , , ,0,0,0,1,0,0,0,0,1,1,0,0,0,0
1242638,2011,5,18,9,34,2,43.80144538,-79.31869029,Scarborough-Agincourt (39),39,L'Amoreaux (117),117,D42,Scarborough,WARDEN AVE,BRIDLETOWNE CRCL, ,Major Arterial,Intersection,At Intersection,Traffic Signal,Rain,Daylight,Wet,Non-Fatal Injury,Rear End,Driver,45 to 49,Major,0,North,"Automobile, Station Wagon",Going Ahead,Speed too Fast For Condition,Normal, , , , , , ,0,0,1,0,0,0,0,0,1,1,0,0,0,0
1242638,2011,5,18,9,34,2,43.80144538,-79.31869029,Scarborough-Agincourt (39),39,L'Amoreaux (117),117,D42,Scarborough,WARDEN AVE,BRIDLETOWNE CRCL, ,Major Arterial,Intersection,At Intersection,Traffic Signal,Rain,Daylight,Wet,Non-Fatal Injury,Rear End,Driver,40 to 44,Minor,0,North,"Automobile, Station Wagon",Stopped,Driving Properly,Normal, , , , , , ,0,0,1,0,0,0,0,0,1,1,0,0,0,0
1291622,2012,3,4,9,34,6,43.80444538,-79.22419029,Scarborough-Rouge River (42),42,Malvern (132),132,D42,Scarborough,TAPSCOTT Road,WASHBURN Way, ,Minor Arterial,Intersection,At Intersection,Traffic Signal,Clear,Daylight,Dry,Non-Fatal Injury,Pedestrian Collisions,Pedestrian,75 to 79,Major,0,North,Other, , , ,Vehicle turns left while ped crosses with ROW at inter.,Crossing with right of way,Normal, , , ,1,0,1,0,0,0,0,0,0,1,0,0,0,0
1291622,2012,3,4,9,34,6,43.80444538,-79.22419029,Scarborough-Rouge River (42),42,Malvern (132),132,D42,Scarborough,TAPSCOTT Road,WASHBURN Way, ,Minor Arterial,Intersection,At Intersection,Traffic Signal,Clear,Daylight,Dry,Non-Fatal Injury,Pedestrian Collisions,Vehicle Owner,unknown, ,0, ,Other, , , , , , , , , ,1,0,1,0,0,0,0,0,0,1,0,0,0,0
1291622,2012,3,4,9,34,6,43.80444538,-79.22419029,Scarborough-Rouge River (42),42,Malvern (132),132,D42,Scarborough,TAPSCOTT Road,WASHBURN Way, ,Minor Arterial,Intersection,At Intersection,Traffic Signal,Clear,Daylight,Dry,Non-Fatal Injury,Pedestrian Collisions,Driver,30 to 34,,0,South,"Automobile, Station Wagon",Turning Left,Failed to Yield Right of Way,Inattentive, , , , , , ,1,0,1,0,0,0,0,0,0,1,0,0,0,0
4001887812,2014,4,14,9,34,0,43.65112265,-79.47629938,Parkdale-High Park (13),13,High Park-Swansea (87),87,D11,Etobicoke York,BLOOR ST W,RUNNYMEDE RD, ,Major Arterial,Intersection,Intersection Related,Traffic Signal,Clear,Daylight,Dry,Non-Fatal Injury,Sideswipe,Driver,50 to 54,Minimal,0,West,"Automobile, Station Wagon",Stopped,Driving Properly,Normal, , , , , , ,0,0,1,0,0,0,0,1,0,0,0,0,1,0
4001887812,2014,4,14,9,34,0,43.65112265,-79.47629938,Parkdale-High Park (13),13,High Park-Swansea (87),87,D11,Etobicoke York,BLOOR ST W,RUNNYMEDE RD, ,Major Arterial,Intersection,Intersection Related,Traffic Signal,Clear,Daylight,Dry,Non-Fatal Injury,Sideswipe,Driver,35 to 39,,0,West,"Automobile, Station Wagon",Stopped,Driving Properly,Normal, , , , , , ,0,0,1,0,0,0,0,1,0,0,0,0,1,0
4001887812,2014,4,14,9,34,0,43.65112265,-79.47629938,Parkdale-High Park (13),13,High Park-Swansea (87),87,D11,Etobicoke York,BLOOR ST W,RUNNYMEDE RD, ,Major Arterial,Intersection,Intersection Related,Traffic Signal,Clear,Daylight,Dry,Non-Fatal Injury,Sideswipe,Driver,75 to 79,Major,0,West,"Automobile, Station Wagon",Going Ahead,Lost control,Medical or Physical Disability, , , , , , ,0,0,1,0,0,0,0,1,0,0,0,0,1,0
4001887812,2014,4,14,9,34,0,43.65112265,-79.47629938,Parkdale-High Park (13),13,High Park-Swansea (87),87,D11,Etobicoke York,BLOOR ST W,RUNNYMEDE RD, ,Major Arterial,Intersection,Intersection Related,Traffic Signal,Clear,Daylight,Dry,Non-Fatal Injury,Sideswipe,Passenger,75 to 79,Minimal,0, , , , , , , , , , , ,0,0,1,0,0,0,0,1,0,0,0,0,1,0
4001887812,2014,4,14,9,34,0,43.65112265,-79.47629938,Parkdale-High Park (13),13,High Park-Swansea (87),87,D11,Etobicoke York,BLOOR ST W,RUNNYMEDE RD, ,Major Arterial,Intersection,Intersection Related,Traffic Signal,Clear,Daylight,Dry,Non-Fatal Injury,Sideswipe,Passenger,30 to 34,,0, , , , , , , , , , , ,0,0,1,0,0,0,0,1,0,0,0,0,1,0
5002027343,2015,11,26,9,34,3,43.70407446,-79.41094599,St. Paul's (22),22,Yonge-Eglinton (100),100,D53,Toronto East York,EGLINTON AVE W,ELMSTHORPE AVE, ,Major Arterial,Intersection,At Intersection,No Control,Clear,Daylight,Dry,Fatal,Pedestrian Collisions,Driver,90 to 94,Major,0,West,"Automobile, Station Wagon",Turning Left,Failed to Yield Right of Way,Inattentive, , , , , , ,1,0,1,0,0,0,0,0,0,1,0,0,0,1
5002027343,2015,11,26,9,34,3,43.70407446,-79.41094599,St. Paul's (22),22,Yonge-Eglinton (100),100,D53,Toronto East York,EGLINTON AVE W,ELMSTHORPE AVE, ,Major Arterial,Intersection,At Intersection,No Control,Clear,Daylight,Dry,Fatal,Pedestrian Collisions,Pedestrian,85 to 89,Fatal,59,West, , , , ,Vehicle turns left while ped crosses with ROW at inter.,Crossing with right of way,Normal, , , ,1,0,1,0,0,0,0,0,0,1,0,0,0,1
1012088,2007,12,13,9,35,3,43.70934538,-79.29619029,Scarborough Southwest (35),35,Clairlea-Birchmount (120),120,D41,Scarborough,VICTORIA PARK Aven,ST CLAIR Aven E, ,Major Arterial,Intersection, ,No Control,Clear,Daylight,Wet,Non-Fatal Injury,Pedestrian Collisions,Driver,45 to 49,,0,North,"Automobile, Station Wagon",Making U Turn,Improper Turn,Normal, , , , , , ,1,0,1,0,0,0,0,0,0,0,0,0,0,0
1012088,2007,12,13,9,35,3,43.70934538,-79.29619029,Scarborough Southwest (35),35,Clairlea-Birchmount (120),120,D41,Scarborough,VICTORIA PARK Aven,ST CLAIR Aven E, ,Major Arterial,Intersection, ,No Control,Clear,Daylight,Wet,Non-Fatal Injury,Pedestrian Collisions,Pedestrian,25 to 29,Major,0,East,Other, , , ,Other / Undefined,Crossing without right of way,Normal, , , ,1,0,1,0,0,0,0,0,0,0,0,0,0,0
1129154,2009,10,6,9,35,1,43.79304538,-79.41189029,Willowdale (24),24,Newtonbrook East (50),50,D32,North York,CENTRE AVE,WILLOWDALE AVE, ,Minor Arterial,Intersection,At Intersection,Stop Sign,Clear,Daylight,Dry,Non-Fatal Injury,Pedestrian Collisions,Driver,55 to 59,,0,South,"Automobile, Station Wagon",Turning Left,Failed to Yield Right of Way,Normal, , , , , , ,1,0,1,0,0,0,0,0,0,1,0,0,0,0
7001016401,2017,6,8,10,30,3,43.67487295,-79.39535914,Toronto Centre-Rosedale (27),27,Annex (95),95,D53,Toronto East York,DAVENPORT RD,AVENUE RD,100 m East of,Major Arterial,Mid-Block,Non Intersection,No Control,Clear,Daylight,Dry,Non-Fatal Injury,Cyclist Collisions,Cyclist,20 to 24,Major,0,East,Bicycle,Going Ahead, , , , , ,Cyclist and Driver travelling in same direction. One vehicle sideswipes the other.,Other,Normal,0,1,0,0,1,0,0,0,0,0,0,0,0,0
1044158,2008,6,1,10,31,6,43.74024538,-79.23209029,Scarborough Southwest (35),35,Eglinton East (138),138,D43,Scarborough,EGLINTON AVE E,BELLAMY RD N, ,Major Arterial,Intersection,At Intersection,Traffic Signal,Clear,Daylight,Dry,Non-Fatal Injury,Pedestrian Collisions,Passenger,20 to 24,Minimal,0, ,Other, , , , , , , , , ,1,0,1,0,0,0,0,1,1,1,1,0,0,0
1201223,2010,10,18,8,59,0,43.75144538,-79.31299029,Scarborough Centre (37),37,Wexford/Maryvale (119),119,D41,Scarborough,VICTORIA PARK AVE,ROWENA DR, ,Major Arterial,Intersection,At Intersection,Traffic Signal,Clear,Daylight,Dry,Non-Fatal Injury,Pedestrian Collisions,Pedestrian,15 to 19,Minor,0,West,Other, , , ,Vehicle is going straight thru inter.while ped cross without ROW,Crossing without right of way,Inattentive, , , ,1,0,1,0,0,0,0,0,0,0,0,0,0,0
1044158,2008,6,1,10,31,6,43.74024538,-79.23209029,Scarborough Southwest (35),35,Eglinton East (138),138,D43,Scarborough,EGLINTON AVE E,BELLAMY RD N, ,Major Arterial,Intersection,At Intersection,Traffic Signal,Clear,Daylight,Dry,Non-Fatal Injury,Pedestrian Collisions,Passenger,20 to 24,Minimal,0, ,Other, , , , , , , , , ,1,0,1,0,0,0,0,1,1,1,1,0,0,0
1044158,2008,6,1,10,31,6,43.74024538,-79.23209029,Scarborough Southwest (35),35,Eglinton East (138),138,D43,Scarborough,EGLINTON AVE E,BELLAMY RD N, ,Major Arterial,Intersection,At Intersection,Traffic Signal,Clear,Daylight,Dry,Non-Fatal Injury,Pedestrian Collisions,Driver,25 to 29,Minimal,0,South,"Automobile, Station Wagon",Going Ahead,Driving Properly,Normal, , , , , , ,1,0,1,0,0,0,0,1,1,1,1,0,0,0
1044158,2008,6,1,10,31,6,43.74024538,-79.23209029,Scarborough Southwest (35),35,Eglinton East (138),138,D43,Scarborough,EGLINTON AVE E,BELLAMY RD N, ,Major Arterial,Intersection,At Intersection,Traffic Signal,Clear,Daylight,Dry,Non-Fatal Injury,Pedestrian Collisions,Driver,60 to 64,Minimal,0,West,"Automobile, Station Wagon",Going Ahead,Disobeyed Traffic Control,Unknown, , , , , , ,1,0,1,0,0,0,0,1,1,1,1,0,0,0
1044158,2008,6,1,10,31,6,43.74024538,-79.23209029,Scarborough Southwest (35),35,Eglinton East (138),138,D43,Scarborough,EGLINTON AVE E,BELLAMY RD N, ,Major Arterial,Intersection,At Intersection,Traffic Signal,Clear,Daylight,Dry,Non-Fatal Injury,Pedestrian Collisions,Pedestrian,35 to 39,Minor,0,South,Other, , , ,Vehicle is going straight thru inter.while ped cross with ROW,Crossing with right of way,Normal, , , ,1,0,1,0,0,0,0,1,1,1,1,0,0,0
1044158,2008,6,1,10,31,6,43.74024538,-79.23209029,Scarborough Southwest (35),35,Eglinton East (138),138,D43,Scarborough,EGLINTON AVE E,BELLAMY RD N, ,Major Arterial,Intersection,At Intersection,Traffic Signal,Clear,Daylight,Dry,Non-Fatal Injury,Pedestrian Collisions,Pedestrian,25 to 29,Major,0,South,Other, , , ,Vehicle is going straight thru inter.while ped cross with ROW,Crossing with right of way,Normal, , , ,1,0,1,0,0,0,0,1,1,1,1,0,0,0
1336042,2013,1,18,10,31,4,43.70334538,-79.42589029,St. Paul's (21),21,Forest Hill North (102),102,D53,Toronto East York,BATHURST ST,VESTA DR, ,Major Arterial,Intersection, ,Traffic Signal,Clear,Daylight,Dry,Non-Fatal Injury,Pedestrian Collisions,Vehicle Owner,unknown, ,0, ,Other, , , , , , , , , ,1,0,1,0,0,0,0,0,0,1,0,0,0,0
1336042,2013,1,18,10,31,4,43.70334538,-79.42589029,St. Paul's (21),21,Forest Hill North (102),102,D53,Toronto East York,BATHURST ST,VESTA DR, ,Major Arterial,Intersection, ,Traffic Signal,Clear,Daylight,Dry,Non-Fatal Injury,Pedestrian Collisions,Driver,35 to 39,,0,South,"Automobile, Station Wagon",Turning Left,Failed to Yield Right of Way,Normal, , , , , , ,1,0,1,0,0,0,0,0,0,1,0,0,0,0
1336042,2013,1,18,10,31,4,43.70334538,-79.42589029,St. Paul's (21),21,Forest Hill North (102),102,D53,Toronto East York,BATHURST ST,VESTA DR, ,Major Arterial,Intersection, ,Traffic Signal,Clear,Daylight,Dry,Non-Fatal Injury,Pedestrian Collisions,Pedestrian,65 to 69,Major,0,North,Other, , , ,Vehicle turns left while ped crosses with ROW at inter.,Crossing with right of way,Unknown, , , ,1,0,1,0,0,0,0,0,0,1,0,0,0,0
1388126,2013,10,25,10,32,4,43.68781622,-79.30339442,Beaches-East York (32),32,East End-Danforth (62),62,D55,Toronto East York,DANFORTH AVE,CHISHOLM AVE, ,Major Arterial,Mid-Block, ,No Control,Clear,Daylight,Dry,Non-Fatal Injury,Turning Movement,Vehicle Owner,unknown, ,0, , , , , , , , , , , ,0,0,1,0,0,0,0,0,0,0,0,0,0,0
1388126,2013,10,25,10,32,4,43.68781622,-79.30339442,Beaches-East York (32),32,East End-Danforth (62),62,D55,Toronto East York,DANFORTH AVE,CHISHOLM AVE, ,Major Arterial,Mid-Block, ,No Control,Clear,Daylight,Dry,Non-Fatal Injury,Turning Movement,Other,unknown,,0, ,Other,Parked, , , , , , , , ,0,0,1,0,0,0,0,0,0,0,0,0,0,0
1388126,2013,10,25,10,32,4,43.68781622,-79.30339442,Beaches-East York (32),32,East End-Danforth (62),62,D55,Toronto East York,DANFORTH AVE,CHISHOLM AVE, ,Major Arterial,Mid-Block, ,No Control,Clear,Daylight,Dry,Non-Fatal Injury,Turning Movement,Driver,40 to 44,Major,0,North,"Automobile, Station Wagon",Turning Left,Driving Properly,Unknown, , , , , , ,0,0,1,0,0,0,0,0,0,0,0,0,0,0
1388126,2013,10,25,10,32,4,43.68781622,-79.30339442,Beaches-East York (32),32,East End-Danforth (62),62,D55,Toronto East York,DANFORTH AVE,CHISHOLM AVE, ,Major Arterial,Mid-Block, ,No Control,Clear,Daylight,Dry,Non-Fatal Injury,Turning Movement,Driver,60 to 64,,0,East,"Automobile, Station Wagon",Going Ahead,Other,Unknown, , , , , , ,0,0,1,0,0,0,0,0,0,0,0,0,0,0
1140607,2009,11,6,10,33,4,43.66224538,-79.38739029,Toronto Centre-Rosedale (27),27,Bay Street Corridor (76),76,D52,Toronto East York,GROSVENOR ST,BAY ST, ,Major Arterial,Mid-Block, ,No Control,Clear,Daylight,Dry,Non-Fatal Injury,Sideswipe,Moped Driver,35 to 39,Major,0,West,Moped,Overtaking,Improper Passing,Normal, , , , , , ,0,1,1,0,0,0,0,0,0,1,0,0,0,0
1140607,2009,11,6,10,33,4,43.66224538,-79.38739029,Toronto Centre-Rosedale (27),27,Bay Street Corridor (76),76,D52,Toronto East York,GROSVENOR ST,BAY ST, ,Major Arterial,Mid-Block, ,No Control,Clear,Daylight,Dry,Non-Fatal Injury,Sideswipe,Driver,55 to 59,,0,West,"Automobile, Station Wagon",Pulling Away from Shoulder or Curb,Failed to Yield Right of Way,Normal, , , , , , ,0,1,1,0,0,0,0,0,0,1,0,0,0,0
1299777,2012,6,19,10,33,1,43.80624538,-79.28829029,Scarborough-Rouge River (41),41,Milliken (130),130,D42,Scarborough,3300 MIDLAND AVE, , ,Major Arterial,Mid-Block, ,No Control,Clear,Daylight,Dry,Non-Fatal Injury,Turning Movement,Vehicle Owner,unknown, ,0, ,Other, , , , , , , , , ,0,0,1,1,0,0,0,0,1,1,0,0,0,0
1299777,2012,6,19,10,33,1,43.80624538,-79.28829029,Scarborough-Rouge River (41),41,Milliken (130),130,D42,Scarborough,3300 MIDLAND AVE, , ,Major Arterial,Mid-Block, ,No Control,Clear,Daylight,Dry,Non-Fatal Injury,Turning Movement,Motorcycle Driver,25 to 29,Major,0,South,Motorcycle,Going Ahead,Exceeding Speed Limit,Normal, , , , , , ,0,0,1,1,0,0,0,0,1,1,0,0,0,0
1299777,2012,6,19,10,33,1,43.80624538,-79.28829029,Scarborough-Rouge River (41),41,Milliken (130),130,D42,Scarborough,3300 MIDLAND AVE, , ,Major Arterial,Mid-Block, ,No Control,Clear,Daylight,Dry,Non-Fatal Injury,Turning Movement,Driver,40 to 44,,0,North,"Automobile, Station Wagon",Turning Left,Failed to Yield Right of Way,Normal, , , , , , ,0,0,1,1,0,0,0,0,1,1,0,0,0,0
4002056901,2014,5,11,10,33,6,43.7269245,-79.457615,Eglinton-Lawrence (15),15,Yorkdale-Glen Park (31),31,D32,North York,DUFFERIN ST,BRIDGELAND AVE, ,Major Arterial,Intersection,Intersection Related,Traffic Signal,Clear,Daylight,Dry,Non-Fatal Injury,Pedestrian Collisions,Driver,35 to 39,,0,West,"Automobile, Station Wagon",Turning Left,Failed to Yield Right of Way,Unknown, , , , , , ,1,0,1,0,0,0,0,0,0,1,0,0,0,0
4002056901,2014,5,11,10,33,6,43.7269245,-79.457615,Eglinton-Lawrence (15),15,Yorkdale-Glen Park (31),31,D32,North York,DUFFERIN ST,BRIDGELAND AVE, ,Major Arterial,Intersection,Intersection Related,Traffic Signal,Clear,Daylight,Dry,Non-Fatal Injury,Pedestrian Collisions,Pedestrian,30 to 34,Major,0,West,"Automobile, Station Wagon", , , ,Vehicle turns left while ped crosses with ROW at inter.,Crossing with right of way,Inattentive, , , ,1,0,1,0,0,0,0,0,0,1,0,0,0,0
6000188538,2016,2,1,10,33,0,43.59996374,-79.52117548,Etobicoke-Lakeshore (6),6,New Toronto (18),18,D22,Etobicoke York,BIRMINGHAM ST,TWENTY FIRST ST, ,Collector,Intersection, ,Pedestrian Crossover,Clear,Daylight,Dry,Fatal,Sideswipe,Driver,85 to 89,Fatal,9,West,"Automobile, Station Wagon",Going Ahead,Lost control,Unknown, , , , , , ,0,0,1,0,0,0,0,0,1,1,0,0,0,1
6000188538,2016,2,1,10,33,0,43.59996374,-79.52117548,Etobicoke-Lakeshore (6),6,New Toronto (18),18,D22,Etobicoke York,BIRMINGHAM ST,TWENTY FIRST ST, ,Collector,Intersection, ,Pedestrian Crossover,Clear,Daylight,Dry,Fatal,Sideswipe,Driver,30 to 34,Minimal,0,West,"Automobile, Station Wagon",Going Ahead,Driving Properly,Normal, , , , , , ,0,0,1,0,0,0,0,0,1,1,0,0,0,1
5001538313,2015,9,6,10,34,6,43.63334997,-79.43513879999999,Parkdale-High Park (14),14,South Parkdale (85),85,D14,Toronto East York,LAKE SHORE BLVD W,JAMESON AVE,1 m West of,Major Arterial,Mid-Block,Non Intersection,No Control,Clear,Daylight,Dry,Fatal,SMV Other,Motorcycle Driver,55 to 59,Fatal,42,East,Motorcycle,Going Ahead,Lost control,Unknown, , , , , , ,0,0,0,1,0,0,0,0,0,0,0,0,0,1
1052382,2008,8,9,10,35,5,43.69924538,-79.38669029,St. Paul's (22),22,Mount Pleasant East (99),99,D53,Toronto East York,BALLIOL ST,MOUNT PLEASANT RD, ,Major Arterial,Intersection,At Intersection,Stop Sign,Clear,Daylight,Dry,Fatal,Pedestrian Collisions,Passenger,20 to 24,,0, ,"Automobile, Station Wagon", , , , , , , , , ,1,0,1,0,1,0,0,1,0,1,0,0,0,1
1052382,2008,8,9,10,35,5,43.69924538,-79.38669029,St. Paul's (22),22,Mount Pleasant East (99),99,D53,Toronto East York,BALLIOL ST,MOUNT PLEASANT RD, ,Major Arterial,Intersection,At Intersection,Stop Sign,Clear,Daylight,Dry,Fatal,Pedestrian Collisions,Passenger,30 to 34,,0, ,Other, , , , , , , , , ,1,0,1,0,1,0,0,1,0,1,0,0,0,1
1052382,2008,8,9,10,35,5,43.69924538,-79.38669029,St. Paul's (22),22,Mount Pleasant East (99),99,D53,Toronto East York,BALLIOL ST,MOUNT PLEASANT RD, ,Major Arterial,Intersection,At Intersection,Stop Sign,Clear,Daylight,Dry,Fatal,Pedestrian Collisions,Vehicle Owner,unknown, ,0, ,Other, , , , , , , , , ,1,0,1,0,1,0,0,1,0,1,0,0,0,1
1052382,2008,8,9,10,35,5,43.69924538,-79.38669029,St. Paul's (22),22,Mount Pleasant East (99),99,D53,Toronto East York,BALLIOL ST,MOUNT PLEASANT RD, ,Major Arterial,Intersection,At Intersection,Stop Sign,Clear,Daylight,Dry,Fatal,Pedestrian Collisions,Truck Driver,60 to 64,,0,East,Truck - Open,Turning Left,Failed to Yield Right of Way,Inattentive, , , , , , ,1,0,1,0,1,0,0,1,0,1,0,0,0,1
1052382,2008,8,9,10,35,5,43.69924538,-79.38669029,St. Paul's (22),22,Mount Pleasant East (99),99,D53,Toronto East York,BALLIOL ST,MOUNT PLEASANT RD, ,Major Arterial,Intersection,At Intersection,Stop Sign,Clear,Daylight,Dry,Fatal,Pedestrian Collisions,Pedestrian,80 to 84,Fatal,35,North,Other, , , ,Vehicle turns left while ped crosses with ROW at inter.,Crossing with right of way,Normal, , , ,1,0,1,0,1,0,0,1,0,1,0,0,0,1
1101072,2009,4,24,10,35,4,43.63994538,-79.38019029,Toronto Centre-Rosedale (28),28,Waterfront Communities-The Island (77),77,D52,Toronto East York,QUEENS QUAY W,YORK ST, ,Minor Arterial,Intersection, ,Traffic Signal,Clear,Daylight,Dry,Non-Fatal Injury,Pedestrian Collisions,Vehicle Owner,unknown, ,0, ,"Automobile, Station Wagon", , , , , , , , , ,1,0,1,0,0,0,0,0,0,1,0,0,0,0
1101072,2009,4,24,10,35,4,43.63994538,-79.38019029,Toronto Centre-Rosedale (28),28,Waterfront Communities-The Island (77),77,D52,Toronto East York,QUEENS QUAY W,YORK ST, ,Minor Arterial,Intersection, ,Traffic Signal,Clear,Daylight,Dry,Non-Fatal Injury,Pedestrian Collisions,Driver,35 to 39,,0,East,"Automobile, Station Wagon",Going Ahead,Failed to Yield Right of Way,Inattentive, , , , , , ,1,0,1,0,0,0,0,0,0,1,0,0,0,0
1101072,2009,4,24,10,35,4,43.63994538,-79.38019029,Toronto Centre-Rosedale (28),28,Waterfront Communities-The Island (77),77,D52,Toronto East York,QUEENS QUAY W,YORK ST, ,Minor Arterial,Intersection, ,Traffic Signal,Clear,Daylight,Dry,Non-Fatal Injury,Pedestrian Collisions,Pedestrian,0 to 4,Major,0,South,Other, , , ,Vehicle is going straight thru inter.while ped cross with ROW,Crossing with right of way,Normal, , , ,1,0,1,0,0,0,0,0,0,1,0,0,0,0
1135255,2009,11,8,10,35,6,43.64354538,-79.38439029,Trinity-Spadina (20),20,Waterfront Communities-The Island (77),77,D52,Toronto East York,LOWER SIMCOE ST,BREMNER BLVD, ,Local,Mid-Block, ,No Control,Clear,Daylight,Dry,Non-Fatal Injury,Pedestrian Collisions,Driver,25 to 29,,0,South,"Automobile, Station Wagon",Going Ahead,Driving Properly,Normal, , , , , , ,1,0,1,0,0,0,0,0,0,0,0,0,0,0
1135255,2009,11,8,10,35,6,43.64354538,-79.38439029,Trinity-Spadina (20),20,Waterfront Communities-The Island (77),77,D52,Toronto East York,LOWER SIMCOE ST,BREMNER BLVD, ,Local,Mid-Block, ,No Control,Clear,Daylight,Dry,Non-Fatal Injury,Pedestrian Collisions,Pedestrian,25 to 29,Major,0,West,Other, , , ,Pedestrian hit at mid-block,"Crossing, no Traffic Control",Normal, , , ,1,0,1,0,0,0,0,0,0,0,0,0,0,0