ACCNUM,YEAR,MONTH,DAY,HOUR,MINUTES,WEEKDAY,LATITUDE,LONGITUDE,Ward_Name,Ward_ID,Hood_Name,Hood_ID,Division,District,STREET1,STREET2,OFFSET,ROAD_CLASS,LOCCOORD,ACCLOC,TRAFFCTL,VISIBILITY,LIGHT,RDSFCOND,ACCLASS,IMPACTYPE,INVTYPE,INVAGE,INJURY,FATAL_NO,INITDIR,VEHTYPE,MANOEUVER,DRIVACT,DRIVCOND,PEDTYPE,PEDACT,PEDCOND,CYCLISTYPE,CYCACT,CYCCOND,PEDESTRIAN,CYCLIST,AUTOMOBILE,MOTORCYCLE,TRUCK,TRSN_CITY_VEH,EMERG_VEH,PASSENGER,SPEEDING,AG_DRIV,REDLIGHT,ALCOHOL,DISABILITY,label
1200665,2010,9,28,10,35,1,43.68814538,-79.30179029,Beaches-East York (32),32,East End-Danforth (62),62,D55,Toronto East York,DANFORTH AVE,MAIN ST, ,Major Arterial,Intersection,At Intersection,Traffic Signal,Rain,Daylight,Wet,Non-Fatal Injury,Pedestrian Collisions,Vehicle Owner,unknown, ,0, ,Other, , , , , , , , , ,1,0,1,0,0,0,0,0,0,0,0,0,0,0
1200665,2010,9,28,10,35,1,43.68814538,-79.30179029,Beaches-East York (32),32,East End-Danforth (62),62,D55,Toronto East York,DANFORTH AVE,MAIN ST, ,Major Arterial,Intersection,At Intersection,Traffic Signal,Rain,Daylight,Wet,Non-Fatal Injury,Pedestrian Collisions,Driver,60 to 64,,0,North,"Automobile, Station Wagon",Turning Left,Improper Turn,Inattentive, , , , , , ,1,0,1,0,0,0,0,0,0,0,0,0,0,0
1200665,2010,9,28,10,35,1,43.68814538,-79.30179029,Beaches-East York (32),32,East End-Danforth (62),62,D55,Toronto East York,DANFORTH AVE,MAIN ST, ,Major Arterial,Intersection,At Intersection,Traffic Signal,Rain,Daylight,Wet,Non-Fatal Injury,Pedestrian Collisions,Pedestrian,75 to 79,Major,0,North,Other, , , ,Vehicle turns left while ped crosses with ROW at inter.,Crossing with right of way,Normal, , , ,1,0,1,0,0,0,0,0,0,0,0,0,0,0
1225643,2011,1,27,10,35,3,43.62354538,-79.53579029,Etobicoke-Lakeshore (5),5,Islington-City Centre West (14),14,D22,Etobicoke York,NORTH QUEEN ST,VANSCO RD, ,Minor Arterial,Intersection, ,No Control,Clear,Daylight,Dry,Non-Fatal Injury,Sideswipe,Driver,25 to 29,Major,0,West,"Automobile, Station Wagon",Going Ahead,Lost control,Normal, , , , , , ,0,0,1,0,0,1,0,0,0,0,0,0,0,0
1225643,2011,1,27,10,35,3,43.62354538,-79.53579029,Etobicoke-Lakeshore (5),5,Islington-City Centre West (14),14,D22,Etobicoke York,NORTH QUEEN ST,VANSCO RD, ,Minor Arterial,Intersection, ,No Control,Clear,Daylight,Dry,Non-Fatal Injury,Sideswipe,Vehicle Owner,unknown, ,0, ,Other, , , , , , , , , ,0,0,1,0,0,1,0,0,0,0,0,0,0,0
1225643,2011,1,27,10,35,3,43.62354538,-79.53579029,Etobicoke-Lakeshore (5),5,Islington-City Centre West (14),14,D22,Etobicoke York,NORTH QUEEN ST,VANSCO RD, ,Minor Arterial,Intersection, ,No Control,Clear,Daylight,Dry,Non-Fatal Injury,Sideswipe,Vehicle Owner,unknown, ,0, ,Other, , , , , , , , , ,0,0,1,0,0,1,0,0,0,0,0,0,0,0
1225643,2011,1,27,10,35,3,43.62354538,-79.53579029,Etobicoke-Lakeshore (5),5,Islington-City Centre West (14),14,D22,Etobicoke York,NORTH QUEEN ST,VANSCO RD, ,Minor Arterial,Intersection, ,No Control,Clear,Daylight,Dry,Non-Fatal Injury,Sideswipe,Driver,55 to 59,,0,West,Municipal Transit Bus (TTC),Stopped,Driving Properly,Normal, , , , , , ,0,0,1,0,0,1,0,0,0,0,0,0,0,0
1225643,2011,1,27,10,35,3,43.62354538,-79.53579029,Etobicoke-Lakeshore (5),5,Islington-City Centre West (14),14,D22,Etobicoke York,NORTH QUEEN ST,VANSCO RD, ,Minor Arterial,Intersection, ,No Control,Clear,Daylight,Dry,Non-Fatal Injury,Sideswipe,Other Property Owner,unknown, ,0, ,Other, , , , , , , , , ,0,0,1,0,0,1,0,0,0,0,0,0,0,0
6002213025,2016,12,14,10,36,2,43.67209967,-79.38476954,Toronto Centre-Rosedale (27),27,Rosedale-Moore Park (98),98,D53,Toronto East York,PARK RD,CHURCH ST, ,Minor Arterial,Intersection,At Intersection,Traffic Signal,Clear,Daylight,Dry,Non-Fatal Injury,Pedestrian Collisions,Driver,50 to 54,,0,South,"Automobile, Station Wagon",Turning Left,Failed to Yield Right of Way,Inattentive, , , , , , ,1,0,1,0,0,0,0,0,0,1,0,0,0,0
6002213025,2016,12,14,10,36,2,43.67209967,-79.38476954,Toronto Centre-Rosedale (27),27,Rosedale-Moore Park (98),98,D53,Toronto East York,PARK RD,CHURCH ST, ,Minor Arterial,Intersection,At Intersection,Traffic Signal,Clear,Daylight,Dry,Non-Fatal Injury,Pedestrian Collisions,Pedestrian,25 to 29,Major,0,North, , , , ,Vehicle turns left while ped crosses with ROW at inter.,Crossing with right of way,Normal, , , ,1,0,1,0,0,0,0,0,0,1,0,0,0,0
6000424606,2016,3,11,10,37,4,43.74427374,-79.60754023,Etobicoke North (1),1,West Humber-Clairville (1),1,D23,Etobicoke York,ALBION RD,HIGHWAY 27  N, ,Major Arterial,Intersection,At Intersection,Traffic Signal,Clear,Daylight,Dry,Non-Fatal Injury,Turning Movement,Driver,40 to 44,Minor,0,West,"Automobile, Station Wagon",Turning Left,Improper Turn,Inattentive, , , , , , ,0,0,1,0,1,0,0,1,0,0,0,0,0,0
6000424606,2016,3,11,10,37,4,43.74427374,-79.60754023,Etobicoke North (1),1,West Humber-Clairville (1),1,D23,Etobicoke York,ALBION RD,HIGHWAY 27  N, ,Major Arterial,Intersection,At Intersection,Traffic Signal,Clear,Daylight,Dry,Non-Fatal Injury,Turning Movement,Truck Driver,45 to 49,Minimal,0,East,Truck - Dump,Going Ahead,Driving Properly,Normal, , , , , , ,0,0,1,0,1,0,0,1,0,0,0,0,0,0
6000424606,2016,3,11,10,37,4,43.74427374,-79.60754023,Etobicoke North (1),1,West Humber-Clairville (1),1,D23,Etobicoke York,ALBION RD,HIGHWAY 27  N, ,Major Arterial,Intersection,At Intersection,Traffic Signal,Clear,Daylight,Dry,Non-Fatal Injury,Turning Movement,Passenger,20 to 24,Major,0, , , , , , , , , , , ,0,0,1,0,1,0,0,1,0,0,0,0,0,0
958123,2007,2,8,10,38,3,43.65464538,-79.43339029,Davenport (18),18,Dufferin Grove (83),83,D11,Toronto East York,DUFFERIN ST,SYLVAN AVE, ,Major Arterial,Intersection, ,No Control,Clear,Daylight,Dry,Non-Fatal Injury,Pedestrian Collisions,Driver,35 to 39,,0,South,"Automobile, Station Wagon",Going Ahead,Driving Properly,Normal, , , , , , ,1,0,1,0,0,0,0,0,0,0,0,0,0,0
958123,2007,2,8,10,38,3,43.65464538,-79.43339029,Davenport (18),18,Dufferin Grove (83),83,D11,Toronto East York,DUFFERIN ST,SYLVAN AVE, ,Major Arterial,Intersection, ,No Control,Clear,Daylight,Dry,Non-Fatal Injury,Pedestrian Collisions,Pedestrian,20 to 24,Major,0,West,Other, , , ,Vehicle is going straight thru inter.while ped cross without ROW,"Crossing, no Traffic Control",Normal, , , ,1,0,1,0,0,0,0,0,0,0,0,0,0,0
974270,2007,6,10,10,38,6,43.79444538,-79.43659029,Willowdale (23),23,Newtonbrook West (36),36,D32,North York,STEELES AVE W,CACTUS AVE, ,Major Arterial,Intersection,At Intersection,Traffic Signal,Clear,Daylight,Dry,Non-Fatal Injury,Pedestrian Collisions,Passenger,5 to 9,,0, ,Other, , , , , , , , , ,1,0,1,0,0,0,0,1,0,0,0,0,0,0
974270,2007,6,10,10,38,6,43.79444538,-79.43659029,Willowdale (23),23,Newtonbrook West (36),36,D32,North York,STEELES AVE W,CACTUS AVE, ,Major Arterial,Intersection,At Intersection,Traffic Signal,Clear,Daylight,Dry,Non-Fatal Injury,Pedestrian Collisions,Passenger,0 to 4,,0, ,Other, , , , , , , , , ,1,0,1,0,0,0,0,1,0,0,0,0,0,0
974270,2007,6,10,10,38,6,43.79444538,-79.43659029,Willowdale (23),23,Newtonbrook West (36),36,D32,North York,STEELES AVE W,CACTUS AVE, ,Major Arterial,Intersection,At Intersection,Traffic Signal,Clear,Daylight,Dry,Non-Fatal Injury,Pedestrian Collisions,Passenger,5 to 9,,0, ,Other, , , , , , , , , ,1,0,1,0,0,0,0,1,0,0,0,0,0,0
974270,2007,6,10,10,38,6,43.79444538,-79.43659029,Willowdale (23),23,Newtonbrook West (36),36,D32,North York,STEELES AVE W,CACTUS AVE, ,Major Arterial,Intersection,At Intersection,Traffic Signal,Clear,Daylight,Dry,Non-Fatal Injury,Pedestrian Collisions,Passenger,50 to 54,,0, ,Other, , , , , , , , , ,1,0,1,0,0,0,0,1,0,0,0,0,0,0
974270,2007,6,10,10,38,6,43.79444538,-79.43659029,Willowdale (23),23,Newtonbrook West (36),36,D32,North York,STEELES AVE W,CACTUS AVE, ,Major Arterial,Intersection,At Intersection,Traffic Signal,Clear,Daylight,Dry,Non-Fatal Injury,Pedestrian Collisions,Vehicle Owner,unknown, ,0, ,Other, , , , , , , , , ,1,0,1,0,0,0,0,1,0,0,0,0,0,0
974270,2007,6,10,10,38,6,43.79444538,-79.43659029,Willowdale (23),23,Newtonbrook West (36),36,D32,North York,STEELES AVE W,CACTUS AVE, ,Major Arterial,Intersection,At Intersection,Traffic Signal,Clear,Daylight,Dry,Non-Fatal Injury,Pedestrian Collisions,Driver,25 to 29,,0,East,"Automobile, Station Wagon",Going Ahead,Driving Properly,Unknown, , , , , , ,1,0,1,0,0,0,0,1,0,0,0,0,0,0
974270,2007,6,10,10,38,6,43.79444538,-79.43659029,Willowdale (23),23,Newtonbrook West (36),36,D32,North York,STEELES AVE W,CACTUS AVE, ,Major Arterial,Intersection,At Intersection,Traffic Signal,Clear,Daylight,Dry,Non-Fatal Injury,Pedestrian Collisions,Pedestrian,10 to 14,Major,0,North,Other, , , ,Vehicle is going straight thru inter.while ped cross without ROW,Crossing without right of way,Unknown, , , ,1,0,1,0,0,0,0,1,0,0,0,0,0,0
1128218,2009,10,1,10,39,3,43.60224538,-79.54549029,Etobicoke-Lakeshore (6),6,Alderwood (20),20,D22,Etobicoke York,HORNER AVE,BROWNS LINE Line, ,Major Arterial,Mid-Block,At Intersection,No Control,Clear,Daylight,Dry,Non-Fatal Injury,Pedestrian Collisions,Driver,80 to 84,,0,South,"Automobile, Station Wagon",Turning Right,Failed to Yield Right of Way,Normal, , , , , , ,1,0,1,0,0,0,0,0,0,1,0,0,0,0
1128218,2009,10,1,10,39,3,43.60224538,-79.54549029,Etobicoke-Lakeshore (6),6,Alderwood (20),20,D22,Etobicoke York,HORNER AVE,BROWNS LINE Line, ,Major Arterial,Mid-Block,At Intersection,No Control,Clear,Daylight,Dry,Non-Fatal Injury,Pedestrian Collisions,Wheelchair,70 to 74,Major,0,East,Other,Disabled, , ,Pedestrian hit on sidewalk or shoulder,On Sidewalk or Shoulder,Normal, , , ,1,0,1,0,0,0,0,0,0,1,0,0,0,0
1328014,2012,10,16,10,39,1,43.67214538,-79.40599029,Trinity-Spadina (20),20,Annex (95),95,D53,Toronto East York,BERNARD AVE,SPADINA RD, ,Local,Intersection,At Intersection,Traffic Signal,Clear,Daylight,Dry,Non-Fatal Injury,Pedestrian Collisions,Driver,70 to 74,Major,0,South,"Automobile, Station Wagon",Turning Left,Failed to Yield Right of Way,Normal, , , , , , ,1,0,1,0,0,0,0,0,0,1,0,0,0,0
1328014,2012,10,16,10,39,1,43.67214538,-79.40599029,Trinity-Spadina (20),20,Annex (95),95,D53,Toronto East York,BERNARD AVE,SPADINA RD, ,Local,Intersection,At Intersection,Traffic Signal,Clear,Daylight,Dry,Non-Fatal Injury,Pedestrian Collisions,Pedestrian,70 to 74,Major,0,North,Other, , , ,Vehicle turns left while ped crosses with ROW at inter.,Crossing with right of way,Normal, , , ,1,0,1,0,0,0,0,0,0,1,0,0,0,0
1343587,2013,3,1,10,39,4,43.78134538,-79.35199029,Don Valley East (33),33,Don Valley Village (47),47,D33,North York,DON MILLS RD W,GOODVIEW RD, ,Major Arterial,Mid-Block,At Intersection,No Control,Clear,Daylight,Wet,Non-Fatal Injury,Pedestrian Collisions,Driver,40 to 44,,0,South,"Automobile, Station Wagon",Going Ahead,Driving Properly,Normal, , , , , , ,1,0,1,0,0,0,0,0,0,0,0,0,0,0
1343587,2013,3,1,10,39,4,43.78134538,-79.35199029,Don Valley East (33),33,Don Valley Village (47),47,D33,North York,DON MILLS RD W,GOODVIEW RD, ,Major Arterial,Mid-Block,At Intersection,No Control,Clear,Daylight,Wet,Non-Fatal Injury,Pedestrian Collisions,Pedestrian,80 to 84,Major,0,East,Other, , , ,Pedestrian hit at mid-block,"Crossing, no Traffic Control",Normal, , , ,1,0,1,0,0,0,0,0,0,0,0,0,0,0
967962,2007,4,15,10,40,6,43.70484538,-79.56349029,Etobicoke North (2),2,West Humber-Clairville (1),1,D23,Etobicoke York,KIPLING AVE,BELFIELD RD, ,Major Arterial,Intersection, ,Traffic Signal,Clear,Daylight,Dry,Non-Fatal Injury,Angle,Driver,65 to 69,,0,South,"Automobile, Station Wagon",Going Ahead,Disobeyed Traffic Control,Normal, , , , , , ,0,0,1,0,0,0,0,1,0,1,1,0,0,0
967962,2007,4,15,10,40,6,43.70484538,-79.56349029,Etobicoke North (2),2,West Humber-Clairville (1),1,D23,Etobicoke York,KIPLING AVE,BELFIELD RD, ,Major Arterial,Intersection, ,Traffic Signal,Clear,Daylight,Dry,Non-Fatal Injury,Angle,Passenger,10 to 14,Minimal,0, ,Other, , , , , , , , , ,0,0,1,0,0,0,0,1,0,1,1,0,0,0
967962,2007,4,15,10,40,6,43.70484538,-79.56349029,Etobicoke North (2),2,West Humber-Clairville (1),1,D23,Etobicoke York,KIPLING AVE,BELFIELD RD, ,Major Arterial,Intersection, ,Traffic Signal,Clear,Daylight,Dry,Non-Fatal Injury,Angle,Passenger,60 to 64,Major,0, ,Other, , , , , , , , , ,0,0,1,0,0,0,0,1,0,1,1,0,0,0
967962,2007,4,15,10,40,6,43.70484538,-79.56349029,Etobicoke North (2),2,West Humber-Clairville (1),1,D23,Etobicoke York,KIPLING AVE,BELFIELD RD, ,Major Arterial,Intersection, ,Traffic Signal,Clear,Daylight,Dry,Non-Fatal Injury,Angle,Passenger,15 to 19,Minimal,0, ,Other, , , , , , , , , ,0,0,1,0,0,0,0,1,0,1,1,0,0,0
967962,2007,4,15,10,40,6,43.70484538,-79.56349029,Etobicoke North (2),2,West Humber-Clairville (1),1,D23,Etobicoke York,KIPLING AVE,BELFIELD RD, ,Major Arterial,Intersection, ,Traffic Signal,Clear,Daylight,Dry,Non-Fatal Injury,Angle,Driver,45 to 49,Minimal,0,West,"Automobile, Station Wagon",Going Ahead,Driving Properly,Normal, , , , , , ,0,0,1,0,0,0,0,1,0,1,1,0,0,0
1049419,2008,6,30,10,40,0,43.65014538,-79.43929029,Davenport (18),18,Dufferin Grove (83),83,D11,Toronto East York,DUNDAS ST W,LANSDOWNE AVE, ,Minor Arterial,Mid-Block, ,No Control,Clear,Daylight,Dry,Non-Fatal Injury,Cyclist Collisions,Driver,45 to 49,,0,East,"Automobile, Station Wagon",Parked,Other,Normal, , , , , , ,0,1,1,0,0,0,0,0,0,0,0,0,0,0
1049419,2008,6,30,10,40,0,43.65014538,-79.43929029,Davenport (18),18,Dufferin Grove (83),83,D11,Toronto East York,DUNDAS ST W,LANSDOWNE AVE, ,Minor Arterial,Mid-Block, ,No Control,Clear,Daylight,Dry,Non-Fatal Injury,Cyclist Collisions,Cyclist,20 to 24,Major,0,East,Bicycle,Going Ahead, , , , , ,Cyclist struck opened vehicle door,Driving Properly,Normal,0,1,1,0,0,0,0,0,0,0,0,0,0,0
1073297,2008,11,7,10,40,4,43.80634538,-79.32099029,Scarborough-Agincourt (39),39,Steeles (116),116,D42,Scarborough,WARDEN AVE,MCNICOLL AVE, ,Major Arterial,Intersection,At Intersection,Traffic Signal,Clear,Daylight,Dry,Non-Fatal Injury,Angle,Driver,30 to 34,Minor,0,East,"Automobile, Station Wagon",Going Ahead,Disobeyed Traffic Control,Inattentive, , , , , , ,0,0,1,0,0,0,0,0,0,1,1,0,0,0
1073297,2008,11,7,10,40,4,43.80634538,-79.32099029,Scarborough-Agincourt (39),39,Steeles (116),116,D42,Scarborough,WARDEN AVE,MCNICOLL AVE, ,Major Arterial,Intersection,At Intersection,Traffic Signal,Clear,Daylight,Dry,Non-Fatal Injury,Angle,Driver,55 to 59,Major,0,North,"Automobile, Station Wagon",Going Ahead,Driving Properly,Normal, , , , , , ,0,0,1,0,0,0,0,0,0,1,1,0,0,0
1186908,2010,9,2,10,40,3,43.70184538,-79.35809029,Toronto-Danforth (29),29,Leaside-Bennington (56),56,D53,Toronto East York,MILLWOOD Rd,VILLAGE STATION Rd, ,Major Arterial,Intersection,At Intersection,No Control,Clear,Daylight,Dry,Non-Fatal Injury,Angle,Driver,45 to 49,Minimal,0,East,"Automobile, Station Wagon",Going Ahead,Driving Properly,Normal, , , , , , ,0,0,1,0,0,0,0,0,0,0,0,0,0,0
1186908,2010,9,2,10,40,3,43.70184538,-79.35809029,Toronto-Danforth (29),29,Leaside-Bennington (56),56,D53,Toronto East York,MILLWOOD Rd,VILLAGE STATION Rd, ,Major Arterial,Intersection,At Intersection,No Control,Clear,Daylight,Dry,Non-Fatal Injury,Angle,Driver,85 to 89,Major,0,South,"Automobile, Station Wagon",Going Ahead,Lost control,Unknown, , , , , , ,0,0,1,0,0,0,0,0,0,0,0,0,0,0
1324125,2012,9,21,10,40,4,43.8041149,-79.33072291,Scarborough-Agincourt (39),39,Steeles (116),116,D42,Scarborough,MCNICOLL Ave,PHARMACY Ave, ,Minor Arterial,Intersection,At Intersection,Traffic Signal,Clear,Daylight,Dry,Non-Fatal Injury,Angle,Vehicle Owner,unknown, ,0, ,Other, , , , , , , , , ,0,0,1,0,1,0,0,1,0,1,1,0,0,0
1324125,2012,9,21,10,40,4,43.8041149,-79.33072291,Scarborough-Agincourt (39),39,Steeles (116),116,D42,Scarborough,MCNICOLL Ave,PHARMACY Ave, ,Minor Arterial,Intersection,At Intersection,Traffic Signal,Clear,Daylight,Dry,Non-Fatal Injury,Angle,Passenger,45 to 49,,0, ,Other, , , , , , , , , ,0,0,1,0,1,0,0,1,0,1,1,0,0,0
1324125,2012,9,21,10,40,4,43.8041149,-79.33072291,Scarborough-Agincourt (39),39,Steeles (116),116,D42,Scarborough,MCNICOLL Ave,PHARMACY Ave, ,Minor Arterial,Intersection,At Intersection,Traffic Signal,Clear,Daylight,Dry,Non-Fatal Injury,Angle,Truck Driver,25 to 29,,0,East,Truck - Open,Going Ahead,Driving Properly,Normal, , , , , , ,0,0,1,0,1,0,0,1,0,1,1,0,0,0
1324125,2012,9,21,10,40,4,43.8041149,-79.33072291,Scarborough-Agincourt (39),39,Steeles (116),116,D42,Scarborough,MCNICOLL Ave,PHARMACY Ave, ,Minor Arterial,Intersection,At Intersection,Traffic Signal,Clear,Daylight,Dry,Non-Fatal Injury,Angle,Driver,45 to 49,Major,0,North,"Automobile, Station Wagon",Going Ahead,Disobeyed Traffic Control,Inattentive, , , , , , ,0,0,1,0,1,0,0,1,0,1,1,0,0,0
1363452,2013,5,20,10,40,0,43.63994538,-79.38699029,Trinity-Spadina (20),20,Waterfront Communities-The Island (77),77,D52,Toronto East York,LAKE SHORE BLVD W,REES ST, ,Major Arterial,Intersection,At Intersection,Traffic Signal,Clear,Daylight,Dry,Non-Fatal Injury,Cyclist Collisions,Driver,35 to 39,,0,East,"Automobile, Station Wagon",Turning Right,Improper Turn,Inattentive, , , , , , ,0,1,1,0,0,0,0,0,0,0,0,0,0,0
1363452,2013,5,20,10,40,0,43.63994538,-79.38699029,Trinity-Spadina (20),20,Waterfront Communities-The Island (77),77,D52,Toronto East York,LAKE SHORE BLVD W,REES ST, ,Major Arterial,Intersection,At Intersection,Traffic Signal,Clear,Daylight,Dry,Non-Fatal Injury,Cyclist Collisions,Cyclist,50 to 54,Major,0,East,Bicycle,Going Ahead, , , , , ,"Cyclist without ROW rides into path of motorist at inter, lnwy, dwy-Cyclist not turn.",Disobeyed Traffic Control,Inattentive,0,1,1,0,0,0,0,0,0,0,0,0,0,0
1369675,2013,8,9,10,40,4,43.69810065,-79.43904505,St. Paul's (21),21,Oakwood Village (107),107,D13,Toronto East York,EGLINTON Ave W,WINONA Dr, ,Major Arterial,Intersection,At Intersection,No Control,Clear,Daylight,Dry,Non-Fatal Injury,Turning Movement,Vehicle Owner,unknown, ,0, ,Other, , , , , , , , , ,0,0,1,1,0,0,0,0,0,1,0,0,0,0
1369675,2013,8,9,10,40,4,43.69810065,-79.43904505,St. Paul's (21),21,Oakwood Village (107),107,D13,Toronto East York,EGLINTON Ave W,WINONA Dr, ,Major Arterial,Intersection,At Intersection,No Control,Clear,Daylight,Dry,Non-Fatal Injury,Turning Movement,Motorcycle Driver,40 to 44,Major,0,East,Motorcycle,Going Ahead,Driving Properly,Normal, , , , , , ,0,0,1,1,0,0,0,0,0,1,0,0,0,0
1369675,2013,8,9,10,40,4,43.69810065,-79.43904505,St. Paul's (21),21,Oakwood Village (107),107,D13,Toronto East York,EGLINTON Ave W,WINONA Dr, ,Major Arterial,Intersection,At Intersection,No Control,Clear,Daylight,Dry,Non-Fatal Injury,Turning Movement,Driver,40 to 44,,0,West,"Automobile, Station Wagon",Turning Left,Failed to Yield Right of Way,Normal, , , , , , ,0,0,1,1,0,0,0,0,0,1,0,0,0,0
5001261641,2015,7,24,10,40,4,43.65438421,-79.39863978,Trinity-Spadina (20),20,Kensington-Chinatown (78),78,D14,Toronto East York,SPADINA AVE,ST ANDREW ST,5 m North of,Major Arterial,Intersection,Intersection Related,Traffic Signal,Clear,Daylight,Dry,Non-Fatal Injury,Cyclist Collisions,Driver,20 to 24,,0,South,"Automobile, Station Wagon",Going Ahead,Improper Passing,Inattentive, , , , , , ,0,1,1,0,0,0,0,0,0,1,0,0,0,0
5001261641,2015,7,24,10,40,4,43.65438421,-79.39863978,Trinity-Spadina (20),20,Kensington-Chinatown (78),78,D14,Toronto East York,SPADINA AVE,ST ANDREW ST,5 m North of,Major Arterial,Intersection,Intersection Related,Traffic Signal,Clear,Daylight,Dry,Non-Fatal Injury,Cyclist Collisions,Cyclist,65 to 69,Major,0,South,Bicycle,Going Ahead, , , , , ,Cyclist and Driver travelling in same direction. One vehicle sideswipes the other.,Driving Properly,Normal,0,1,1,0,0,0,0,0,0,1,0,0,0,0
6001731128,2016,9,29,10,40,3,43.66995962,-79.47915278,York South-Weston (11),11,Junction Area (90),90,D11,Etobicoke York,2336 ST CLAIR AVE W, , ,Major Arterial,Mid-Block,Non Intersection,No Control,Rain,Daylight,Wet,Fatal,Sideswipe,Driver,70 to 74,Fatal,58,West,"Automobile, Station Wagon",Going Ahead,Driving Properly,Normal, , , , , , ,0,0,1,0,0,0,0,1,1,1,0,0,0,1
6001731128,2016,9,29,10,40,3,43.66995962,-79.47915278,York South-Weston (11),11,Junction Area (90),90,D11,Etobicoke York,2336 ST CLAIR AVE W, , ,Major Arterial,Mid-Block,Non Intersection,No Control,Rain,Daylight,Wet,Fatal,Sideswipe,Driver,35 to 39,Major,0,East,"Automobile, Station Wagon",Going Ahead,Speed too Fast For Condition,Unknown, , , , , , ,0,0,1,0,0,0,0,1,1,1,0,0,0,1
6001731128,2016,9,29,10,40,3,43.66995962,-79.47915278,York South-Weston (11),11,Junction Area (90),90,D11,Etobicoke York,2336 ST CLAIR AVE W, , ,Major Arterial,Mid-Block,Non Intersection,No Control,Rain,Daylight,Wet,Fatal,Sideswipe,Driver,50 to 54,,0,East,"Automobile, Station Wagon",Going Ahead,Driving Properly,Unknown, , , , , , ,0,0,1,0,0,0,0,1,1,1,0,0,0,1
6001731128,2016,9,29,10,40,3,43.66995962,-79.47915278,York South-Weston (11),11,Junction Area (90),90,D11,Etobicoke York,2336 ST CLAIR AVE W, , ,Major Arterial,Mid-Block,Non Intersection,No Control,Rain,Daylight,Wet,Fatal,Sideswipe,Passenger,40 to 44,,0, ,"Automobile, Station Wagon", , , , , , , , , ,0,0,1,0,0,0,0,1,1,1,0,0,0,1
6001872148,2016,10,21,10,40,4,43.71164664,-79.2823144,Scarborough Southwest (35),35,Oakridge (121),121,D41,Scarborough,ST CLAIR AVENUE EAST,WARDEN AVENUE,120 m West of,Major Arterial,Mid-Block,Non Intersection,No Control,Rain,"Daylight, artificial",Wet,Non-Fatal Injury,SMV Other,Driver,55 to 59,Major,0,West,Delivery Van,Going Ahead,Lost control,Unknown, , , , , , ,0,0,1,0,0,0,0,0,0,0,0,0,0,0
993583,2007,9,8,10,41,5,43.80544538,-79.15969029,Scarborough East (44),44,Rouge (131),131,D42,Scarborough,10155 SHEPPARD AVE E, , ,Minor Arterial,Mid-Block, ,No Control,Clear,Daylight,Dry,Non-Fatal Injury,Cyclist Collisions,Vehicle Owner,unknown, ,0, ,Other, , , , , , , , , ,0,1,1,0,0,0,0,0,0,1,0,0,0,0
993583,2007,9,8,10,41,5,43.80544538,-79.15969029,Scarborough East (44),44,Rouge (131),131,D42,Scarborough,10155 SHEPPARD AVE E, , ,Minor Arterial,Mid-Block, ,No Control,Clear,Daylight,Dry,Non-Fatal Injury,Cyclist Collisions,Driver,40 to 44,,0,East,"Automobile, Station Wagon",Reversing,Failed to Yield Right of Way,Normal, , , , , , ,0,1,1,0,0,0,0,0,0,1,0,0,0,0
993583,2007,9,8,10,41,5,43.80544538,-79.15969029,Scarborough East (44),44,Rouge (131),131,D42,Scarborough,10155 SHEPPARD AVE E, , ,Minor Arterial,Mid-Block, ,No Control,Clear,Daylight,Dry,Non-Fatal Injury,Cyclist Collisions,Cyclist,60 to 64,Major,0,South,Bicycle,Going Ahead, , , , , ,Motorist reversing struck cyclist.,Driving Properly,Normal,0,1,1,0,0,0,0,0,0,1,0,0,0,0
952260,2007,2,9,9,0,4,43.71514538,-79.26729029,Scarborough Southwest (35),35,Kennedy Park (124),124,D41,Scarborough,ST CLAIR AVE E,BIRCHMOUNT RD, ,Major Arterial,Mid-Block, ,No Control,Clear,Daylight,Dry,Non-Fatal Injury,Rear End,Vehicle Owner,unknown,,0, ,Other, , , , , , , , , ,0,0,1,0,0,0,0,0,0,1,0,0,0,0
952260,2007,2,9,9,0,4,43.71514538,-79.26729029,Scarborough Southwest (35),35,Kennedy Park (124),124,D41,Scarborough,ST CLAIR AVE E,BIRCHMOUNT RD, ,Major Arterial,Mid-Block, ,No Control,Clear,Daylight,Dry,Non-Fatal Injury,Rear End,Driver,55 to 59,,0,West,"Automobile, Station Wagon",Going Ahead,Following too Close,Inattentive, , , , , , ,0,0,1,0,0,0,0,0,0,1,0,0,0,0
952260,2007,2,9,9,0,4,43.71514538,-79.26729029,Scarborough Southwest (35),35,Kennedy Park (124),124,D41,Scarborough,ST CLAIR AVE E,BIRCHMOUNT RD, ,Major Arterial,Mid-Block, ,No Control,Clear,Daylight,Dry,Non-Fatal Injury,Rear End,Driver,70 to 74,Minor,0,East,"Automobile, Station Wagon",Going Ahead,Driving Properly,Normal, , , , , , ,0,0,1,0,0,0,0,0,0,1,0,0,0,0
952260,2007,2,9,9,0,4,43.71514538,-79.26729029,Scarborough Southwest (35),35,Kennedy Park (124),124,D41,Scarborough,ST CLAIR AVE E,BIRCHMOUNT RD, ,Major Arterial,Mid-Block, ,No Control,Clear,Daylight,Dry,Non-Fatal Injury,Rear End,Driver,30 to 34,Major,0,West,"Automobile, Station Wagon",Stopped,Driving Properly,Normal, , , , , , ,0,0,1,0,0,0,0,0,0,1,0,0,0,0