ACCNUM,YEAR,MONTH,DAY,HOUR,MINUTES,WEEKDAY,LATITUDE,LONGITUDE,Ward_Name,Ward_ID,Hood_Name,Hood_ID,Division,District,STREET1,STREET2,OFFSET,ROAD_CLASS,LOCCOORD,ACCLOC,TRAFFCTL,VISIBILITY,LIGHT,RDSFCOND,ACCLASS,IMPACTYPE,INVTYPE,INVAGE,INJURY,FATAL_NO,INITDIR,VEHTYPE,MANOEUVER,DRIVACT,DRIVCOND,PEDTYPE,PEDACT,PEDCOND,CYCLISTYPE,CYCACT,CYCCOND,PEDESTRIAN,CYCLIST,AUTOMOBILE,MOTORCYCLE,TRUCK,TRSN_CITY_VEH,EMERG_VEH,PASSENGER,SPEEDING,AG_DRIV,REDLIGHT,ALCOHOL,DISABILITY,label
952260,2007,2,9,9,0,4,43.71514538,-79.26729029,Scarborough Southwest (35),35,Kennedy Park (124),124,D41,Scarborough,ST CLAIR AVE E,BIRCHMOUNT RD, ,Major Arterial,Mid-Block, ,No Control,Clear,Daylight,Dry,Non-Fatal Injury,Rear End,Driver,30 to 34,,0,West,"Automobile, Station Wagon",Stopped,Driving Properly,Normal, , , , , , ,0,0,1,0,0,0,0,0,0,1,0,0,0,0
952260,2007,2,9,9,0,4,43.71514538,-79.26729029,Scarborough Southwest (35),35,Kennedy Park (124),124,D41,Scarborough,ST CLAIR AVE E,BIRCHMOUNT RD, ,Major Arterial,Mid-Block, ,No Control,Clear,Daylight,Dry,Non-Fatal Injury,Rear End,Driver,30 to 34,,0,West,"Automobile, Station Wagon",Stopped,Driving Properly,Normal, , , , , , ,0,0,1,0,0,0,0,0,0,1,0,0,0,0
1018923,2008,1,25,9,0,4,43.65044538,-79.45069029,Parkdale-High Park (14),14,High Park-Swansea (87),87,D11,Toronto East York,RONCESVALLES AVE,MARMADUKE ST, ,Minor Arterial,Intersection,At Intersection,Pedestrian Crossover,Clear,Daylight,Wet,Non-Fatal Injury,Approaching,Vehicle Owner,unknown, ,0, ,Other, , , , , , , , , ,0,0,1,0,0,0,0,0,0,1,0,0,0,0
1018923,2008,1,25,9,0,4,43.65044538,-79.45069029,Parkdale-High Park (14),14,High Park-Swansea (87),87,D11,Toronto East York,RONCESVALLES AVE,MARMADUKE ST, ,Minor Arterial,Intersection,At Intersection,Pedestrian Crossover,Clear,Daylight,Wet,Non-Fatal Injury,Approaching,Driver,45 to 49,Major,0,North,"Automobile, Station Wagon",Stopped,Following too Close,Normal, , , , , , ,0,0,1,0,0,0,0,0,0,1,0,0,0,0
1018923,2008,1,25,9,0,4,43.65044538,-79.45069029,Parkdale-High Park (14),14,High Park-Swansea (87),87,D11,Toronto East York,RONCESVALLES AVE,MARMADUKE ST, ,Minor Arterial,Intersection,At Intersection,Pedestrian Crossover,Clear,Daylight,Wet,Non-Fatal Injury,Approaching,Vehicle Owner,unknown, ,0, ,Other, , , , , , , , , ,0,0,1,0,0,0,0,0,0,1,0,0,0,0
1018923,2008,1,25,9,0,4,43.65044538,-79.45069029,Parkdale-High Park (14),14,High Park-Swansea (87),87,D11,Toronto East York,RONCESVALLES AVE,MARMADUKE ST, ,Minor Arterial,Intersection,At Intersection,Pedestrian Crossover,Clear,Daylight,Wet,Non-Fatal Injury,Approaching,Driver,35 to 39,,0,North,"Automobile, Station Wagon",Going Ahead,Driving Properly,Normal, , , , , , ,0,0,1,0,0,0,0,0,0,1,0,0,0,0
1071735,2008,10,29,9,0,2,43.78224538,-79.20619029,Scarborough East (43),43,Morningside (135),135,D43,Scarborough,ELLESMERE RD,NEILSON RD, ,Major Arterial,Mid-Block, ,No Control,Snow,Daylight,Ice,Non-Fatal Injury,Approaching,Driver,60 to 64,Major,0,West,"Automobile, Station Wagon",Going Ahead,Lost control,Normal, , , , , , ,0,0,1,0,0,0,0,0,0,0,0,0,0,0
1071735,2008,10,29,9,0,2,43.78224538,-79.20619029,Scarborough East (43),43,Morningside (135),135,D43,Scarborough,ELLESMERE RD,NEILSON RD, ,Major Arterial,Mid-Block, ,No Control,Snow,Daylight,Ice,Non-Fatal Injury,Approaching,Driver,30 to 34,Minimal,0,East,"Automobile, Station Wagon",Going Ahead,Lost control,Normal, , , , , , ,0,0,1,0,0,0,0,0,0,0,0,0,0,0
1304816,2012,5,30,9,0,2,43.71974538,-79.30059029,Don Valley East (34),34,Victoria Village (43),43,D54,Scarborough,VICTORIA PARK AVE,SUNRISE AVE, ,Major Arterial,Intersection,At Intersection,Traffic Signal,Clear,Daylight,Dry,Non-Fatal Injury,Pedestrian Collisions,Driver,75 to 79,,0,East,"Automobile, Station Wagon",Turning Left,Failed to Yield Right of Way,Inattentive, , , , , , ,1,0,1,0,0,0,0,0,0,1,0,0,0,0
1304816,2012,5,30,9,0,2,43.71974538,-79.30059029,Don Valley East (34),34,Victoria Village (43),43,D54,Scarborough,VICTORIA PARK AVE,SUNRISE AVE, ,Major Arterial,Intersection,At Intersection,Traffic Signal,Clear,Daylight,Dry,Non-Fatal Injury,Pedestrian Collisions,Pedestrian,60 to 64,Major,0,West,Other, , , ,Vehicle turns left while ped crosses with ROW at inter.,Crossing with right of way,Normal, , , ,1,0,1,0,0,0,0,0,0,1,0,0,0,0
1325969,2012,10,16,9,0,1,43.66014538,-79.33969029,Toronto-Danforth (30),30,South Riverdale (70),70,D55,Toronto East York,CARLAW AVE,EASTERN AVE, ,Minor Arterial,Mid-Block, ,No Control,Clear,Daylight,Dry,Non-Fatal Injury,Turning Movement,Driver,30 to 34,Major,0,North,"Automobile, Station Wagon",Going Ahead,Driving Properly,Normal, , , , , , ,0,0,1,0,0,0,0,0,0,0,0,0,0,0
1325969,2012,10,16,9,0,1,43.66014538,-79.33969029,Toronto-Danforth (30),30,South Riverdale (70),70,D55,Toronto East York,CARLAW AVE,EASTERN AVE, ,Minor Arterial,Mid-Block, ,No Control,Clear,Daylight,Dry,Non-Fatal Injury,Turning Movement,Driver,40 to 44,,0,South,"Automobile, Station Wagon",Making U Turn,Improper Turn,Normal, , , , , , ,0,0,1,0,0,0,0,0,0,0,0,0,0,0
1351850,2013,4,16,9,0,1,43.71204718,-79.41169367,Eglinton-Lawrence (16),16,Lawrence Park South (103),103,D53,North York,HILLHURST BLVD,AVENUE RD, ,Major Arterial,Intersection,At Intersection,Traffic Signal,Clear,Daylight,Dry,Fatal,SMV Other,Passenger,15 to 19,Minor,0, , , , , , , , , , , ,0,0,1,0,0,0,0,1,0,0,0,0,1,1
1351850,2013,4,16,9,0,1,43.71204718,-79.41169367,Eglinton-Lawrence (16),16,Lawrence Park South (103),103,D53,North York,HILLHURST BLVD,AVENUE RD, ,Major Arterial,Intersection,At Intersection,Traffic Signal,Clear,Daylight,Dry,Fatal,SMV Other,Driver,55 to 59,Fatal,11,East,"Automobile, Station Wagon",Going Ahead,Lost control,Medical or Physical Disability, , , , , , ,0,0,1,0,0,0,0,1,0,0,0,0,1,1
1351850,2013,4,16,9,0,1,43.71204718,-79.41169367,Eglinton-Lawrence (16),16,Lawrence Park South (103),103,D53,North York,HILLHURST BLVD,AVENUE RD, ,Major Arterial,Intersection,At Intersection,Traffic Signal,Clear,Daylight,Dry,Fatal,SMV Other,Other Property Owner,unknown, ,0, , , , , , , , , , , ,0,0,1,0,0,0,0,1,0,0,0,0,1,1
1366519,2013,6,3,9,0,0,43.68334538,-79.28509029,Scarborough Southwest (36),36,Birchcliffe-Cliffside (122),122,D41,Scarborough,VICTORIA PARK AVE,WOODALE AVE, ,Minor Arterial,Intersection, ,No Control,Clear,Daylight,Dry,Non-Fatal Injury,Pedestrian Collisions,Driver,45 to 49,,0,North,"Automobile, Station Wagon",Going Ahead,Driving Properly,Normal, , , , , , ,1,0,1,0,0,0,0,0,0,0,0,0,0,0
1366519,2013,6,3,9,0,0,43.68334538,-79.28509029,Scarborough Southwest (36),36,Birchcliffe-Cliffside (122),122,D41,Scarborough,VICTORIA PARK AVE,WOODALE AVE, ,Minor Arterial,Intersection, ,No Control,Clear,Daylight,Dry,Non-Fatal Injury,Pedestrian Collisions,Pedestrian,15 to 19,Major,0,Unknown,Other, , , ,Vehicle is going straight thru inter.while ped cross without ROW,"Crossing, no Traffic Control",Normal, , , ,1,0,1,0,0,0,0,0,0,0,0,0,0,0
1374340,2013,6,27,9,0,3,43.68214538,-79.47159029,York South-Weston (12),12,Keelesdale-Eglinton West (110),110,D12,Etobicoke York,KEELE St,ROGERS Rd, ,Major Arterial,Intersection,At Intersection,Traffic Signal,Clear,Daylight,Dry,Non-Fatal Injury,Pedestrian Collisions,Driver,45 to 49,,0,South,"Automobile, Station Wagon",Turning Right,Failed to Yield Right of Way,Unknown, , , , , , ,1,0,1,0,0,0,0,0,0,1,0,0,0,0
1298747,2012,6,13,9,5,2,43.74454538,-79.29829029,Scarborough Centre (37),37,Wexford/Maryvale (119),119,D41,Scarborough,LAWRENCE AVE E,TOWER DR, ,Major Arterial,Intersection,At Intersection,No Control,Clear,Daylight,Dry,Non-Fatal Injury,Turning Movement,Driver,50 to 54,Minor,0,West,Municipal Transit Bus (TTC),Going Ahead,Driving Properly,Normal, , , , , , ,0,0,1,0,0,1,0,1,0,1,0,0,0,0
1374340,2013,6,27,9,0,3,43.68214538,-79.47159029,York South-Weston (12),12,Keelesdale-Eglinton West (110),110,D12,Etobicoke York,KEELE St,ROGERS Rd, ,Major Arterial,Intersection,At Intersection,Traffic Signal,Clear,Daylight,Dry,Non-Fatal Injury,Pedestrian Collisions,Pedestrian,75 to 79,Major,0,East,Other, , , ,Vehicle turns right while ped crosses with ROW at inter.,Crossing with right of way,Unknown, , , ,1,0,1,0,0,0,0,0,0,1,0,0,0,0
3000935041,2013,11,7,9,0,3,43.65820273,-79.38976679,Toronto Centre-Rosedale (27),27,Bay Street Corridor (76),76,D52,Toronto East York,610 UNIVERSITY AVE, , ,Major Arterial,Mid-Block,Non Intersection,No Control,Clear,Daylight,Dry,Non-Fatal Injury,Pedestrian Collisions,Driver,50 to 54,,0,North,"Automobile, Station Wagon",Making U Turn,Improper Turn,Normal, , , , , , ,1,0,1,0,0,0,0,0,0,0,0,0,0,0
3000935041,2013,11,7,9,0,3,43.65820273,-79.38976679,Toronto Centre-Rosedale (27),27,Bay Street Corridor (76),76,D52,Toronto East York,610 UNIVERSITY AVE, , ,Major Arterial,Mid-Block,Non Intersection,No Control,Clear,Daylight,Dry,Non-Fatal Injury,Pedestrian Collisions,Pedestrian,55 to 59,Major,0,East, , , , ,Pedestrian hit at mid-block,"Crossing, no Traffic Control",Normal, , , ,1,0,1,0,0,0,0,0,0,0,0,0,0,0
5001021761,2015,6,16,9,0,1,43.73412283,-79.41968928,Eglinton-Lawrence (16),16,Bedford Park-Nortown (39),39,D32,North York,AVENUE RD,FELBRIGG AVE, ,Major Arterial,Intersection,At Intersection,No Control,Clear,Daylight,Dry,Non-Fatal Injury,Pedestrian Collisions,Driver,unknown,,0,South,"Automobile, Station Wagon",Turning Left,Failed to Yield Right of Way,Unknown, , , , , , ,1,0,1,0,0,0,0,0,0,1,0,0,0,0
5001021761,2015,6,16,9,0,1,43.73412283,-79.41968928,Eglinton-Lawrence (16),16,Bedford Park-Nortown (39),39,D32,North York,AVENUE RD,FELBRIGG AVE, ,Major Arterial,Intersection,At Intersection,No Control,Clear,Daylight,Dry,Non-Fatal Injury,Pedestrian Collisions,Pedestrian,35 to 39,Major,0,South, , , , ,Vehicle turns left while ped crosses with ROW at inter.,Crossing with right of way,Normal, , , ,1,0,1,0,0,0,0,0,0,1,0,0,0,0
7000906394,2017,5,23,9,0,1,43.66477164,-79.34157191,Toronto-Danforth (30),30,South Riverdale (70),70,D55,Toronto East York,DUNDAS ST E,CARLAW AVE, ,Minor Arterial,Intersection,At Intersection,Traffic Signal,Clear,Daylight,Dry,Non-Fatal Injury,Cyclist Collisions,Cyclist,20 to 24,Major,0,West,Bicycle,Going Ahead, , , , , ,"Cyclist without ROW rides into path of motorist at inter, lnwy, dwy-Cyclist not turn.",Disobeyed Traffic Control,Unknown,0,1,1,0,0,0,0,0,0,0,0,0,0,0
7000906394,2017,5,23,9,0,1,43.66477164,-79.34157191,Toronto-Danforth (30),30,South Riverdale (70),70,D55,Toronto East York,DUNDAS ST E,CARLAW AVE, ,Minor Arterial,Intersection,At Intersection,Traffic Signal,Clear,Daylight,Dry,Non-Fatal Injury,Cyclist Collisions,Driver,35 to 39,,0,East,"Automobile, Station Wagon",Turning Left,Other,Normal, , , , , , ,0,1,1,0,0,0,0,0,0,0,0,0,0,0
7000906394,2017,5,23,9,0,1,43.66477164,-79.34157191,Toronto-Danforth (30),30,South Riverdale (70),70,D55,Toronto East York,DUNDAS ST E,CARLAW AVE, ,Minor Arterial,Intersection,At Intersection,Traffic Signal,Clear,Daylight,Dry,Non-Fatal Injury,Cyclist Collisions,Driver,55 to 59,,0,East,"Automobile, Station Wagon",Turning Left,Driving Properly,Normal, , , , , , ,0,1,1,0,0,0,0,0,0,0,0,0,0,0
7000960688,2017,5,31,9,0,2,43.77433356,-79.24171839,Scarborough Centre (38),38,Woburn (137),137,D43,Scarborough,ELLESMERE RD,BELLAMY RD N, ,Major Arterial,Intersection,At Intersection,Traffic Signal,Clear,Daylight,Dry,Non-Fatal Injury,Pedestrian Collisions,Driver,50 to 54,Minor,0,East,"Automobile, Station Wagon",Turning Left,Failed to Yield Right of Way,Inattentive, , , , , , ,1,0,1,0,0,0,0,0,0,1,0,0,0,0
7000960688,2017,5,31,9,0,2,43.77433356,-79.24171839,Scarborough Centre (38),38,Woburn (137),137,D43,Scarborough,ELLESMERE RD,BELLAMY RD N, ,Major Arterial,Intersection,At Intersection,Traffic Signal,Clear,Daylight,Dry,Non-Fatal Injury,Pedestrian Collisions,Driver,80 to 84,Minor,0,West,"Automobile, Station Wagon",Going Ahead,Driving Properly,Normal, , , , , , ,1,0,1,0,0,0,0,0,0,1,0,0,0,0
7000960688,2017,5,31,9,0,2,43.77433356,-79.24171839,Scarborough Centre (38),38,Woburn (137),137,D43,Scarborough,ELLESMERE RD,BELLAMY RD N, ,Major Arterial,Intersection,At Intersection,Traffic Signal,Clear,Daylight,Dry,Non-Fatal Injury,Pedestrian Collisions,Pedestrian,20 to 24,Major,0,Unknown, , , , ,Pedestrian hit on sidewalk or shoulder,On Sidewalk or Shoulder,Normal, , , ,1,0,1,0,0,0,0,0,0,1,0,0,0,0
7001464361,2017,8,14,9,0,0,43.7177883,-79.29975519,Scarborough Southwest (35),35,Clairlea-Birchmount (120),120,D41,Scarborough,VICTORIA PARK AVE,EDGE PARK AVE,15 m South of,Major Arterial,Intersection,Intersection Related,No Control,Clear,Daylight,Dry,Non-Fatal Injury,Rear End,Driver,65 to 69,Major,0,North,"Automobile, Station Wagon",Going Ahead,Lost control,Inattentive, , , , , , ,0,0,1,0,0,0,0,1,0,0,0,0,0,0
7001464361,2017,8,14,9,0,0,43.7177883,-79.29975519,Scarborough Southwest (35),35,Clairlea-Birchmount (120),120,D41,Scarborough,VICTORIA PARK AVE,EDGE PARK AVE,15 m South of,Major Arterial,Intersection,Intersection Related,No Control,Clear,Daylight,Dry,Non-Fatal Injury,Rear End,Driver,25 to 29,Minor,0,North,"Automobile, Station Wagon",Stopped,Driving Properly,Normal, , , , , , ,0,0,1,0,0,0,0,1,0,0,0,0,0,0
7001464361,2017,8,14,9,0,0,43.7177883,-79.29975519,Scarborough Southwest (35),35,Clairlea-Birchmount (120),120,D41,Scarborough,VICTORIA PARK AVE,EDGE PARK AVE,15 m South of,Major Arterial,Intersection,Intersection Related,No Control,Clear,Daylight,Dry,Non-Fatal Injury,Rear End,Passenger,30 to 34,Minimal,0, , , , , , , , , , , ,0,0,1,0,0,0,0,1,0,0,0,0,0,0
7002034653,2017,11,10,9,0,4,43.77370795,-79.41399012,Willowdale (23),23,Willowdale East (51),51,D32,North York,YONGE ST,CHURCH AVE, ,Major Arterial,Intersection,At Intersection,Traffic Signal,Clear,Daylight,Wet,Non-Fatal Injury,Pedestrian Collisions,Driver,25 to 29,,0,South,"Automobile, Station Wagon",Turning Left,Improper Turn,Inattentive, , , , , , ,1,0,1,0,0,0,0,1,0,0,0,0,0,0
7002034653,2017,11,10,9,0,4,43.77370795,-79.41399012,Willowdale (23),23,Willowdale East (51),51,D32,North York,YONGE ST,CHURCH AVE, ,Major Arterial,Intersection,At Intersection,Traffic Signal,Clear,Daylight,Wet,Non-Fatal Injury,Pedestrian Collisions,Driver,35 to 39,,0,North,"Automobile, Station Wagon",Going Ahead,Driving Properly,Normal, , , , , , ,1,0,1,0,0,0,0,1,0,0,0,0,0,0
7002034653,2017,11,10,9,0,4,43.77370795,-79.41399012,Willowdale (23),23,Willowdale East (51),51,D32,North York,YONGE ST,CHURCH AVE, ,Major Arterial,Intersection,At Intersection,Traffic Signal,Clear,Daylight,Wet,Non-Fatal Injury,Pedestrian Collisions,Driver,45 to 49,,0,West,"Automobile, Station Wagon",Stopped,Driving Properly,Normal, , , , , , ,1,0,1,0,0,0,0,1,0,0,0,0,0,0
7002034653,2017,11,10,9,0,4,43.77370795,-79.41399012,Willowdale (23),23,Willowdale East (51),51,D32,North York,YONGE ST,CHURCH AVE, ,Major Arterial,Intersection,At Intersection,Traffic Signal,Clear,Daylight,Wet,Non-Fatal Injury,Pedestrian Collisions,Pedestrian,65 to 69,Major,0,Unknown, , , , ,Pedestrian hit on sidewalk or shoulder,On Sidewalk or Shoulder,Normal, , , ,1,0,1,0,0,0,0,1,0,0,0,0,0,0
7002034653,2017,11,10,9,0,4,43.77370795,-79.41399012,Willowdale (23),23,Willowdale East (51),51,D32,North York,YONGE ST,CHURCH AVE, ,Major Arterial,Intersection,At Intersection,Traffic Signal,Clear,Daylight,Wet,Non-Fatal Injury,Pedestrian Collisions,Passenger,35 to 39,,0, , , , , , , , , , , ,1,0,1,0,0,0,0,1,0,0,0,0,0,0
7002034653,2017,11,10,9,0,4,43.77370795,-79.41399012,Willowdale (23),23,Willowdale East (51),51,D32,North York,YONGE ST,CHURCH AVE, ,Major Arterial,Intersection,At Intersection,Traffic Signal,Clear,Daylight,Wet,Non-Fatal Injury,Pedestrian Collisions,Passenger,45 to 49,,0, , , , , , , , , , , ,1,0,1,0,0,0,0,1,0,0,0,0,0,0
1134244,2009,10,31,9,1,5,43.78154538,-79.49449029,York West (8),8,York University Heights (27),27,D31,North York,KEELE ST,STEELES AVE W, ,Major Arterial,Intersection,At Intersection,Traffic Signal,Rain,Daylight,Wet,Fatal,Turning Movement,Passenger,20 to 24,Minimal,0, ,Other, , , , , , , , , ,0,0,1,0,0,0,0,1,0,1,1,0,0,1
1134244,2009,10,31,9,1,5,43.78154538,-79.49449029,York West (8),8,York University Heights (27),27,D31,North York,KEELE ST,STEELES AVE W, ,Major Arterial,Intersection,At Intersection,Traffic Signal,Rain,Daylight,Wet,Fatal,Turning Movement,Driver,15 to 19,Fatal,38,South,"Automobile, Station Wagon",Going Ahead,Disobeyed Traffic Control,Inattentive, , , , , , ,0,0,1,0,0,0,0,1,0,1,1,0,0,1
1134244,2009,10,31,9,1,5,43.78154538,-79.49449029,York West (8),8,York University Heights (27),27,D31,North York,KEELE ST,STEELES AVE W, ,Major Arterial,Intersection,At Intersection,Traffic Signal,Rain,Daylight,Wet,Fatal,Turning Movement,Driver,50 to 54,Minimal,0,West,"Automobile, Station Wagon",Turning Left,Driving Properly,Normal, , , , , , ,0,0,1,0,0,0,0,1,0,1,1,0,0,1
1134244,2009,10,31,9,1,5,43.78154538,-79.49449029,York West (8),8,York University Heights (27),27,D31,North York,KEELE ST,STEELES AVE W, ,Major Arterial,Intersection,At Intersection,Traffic Signal,Rain,Daylight,Wet,Fatal,Turning Movement,Driver,55 to 59,,0,East,"Automobile, Station Wagon",Stopped,Driving Properly,Normal, , , , , , ,0,0,1,0,0,0,0,1,0,1,1,0,0,1
6000530490,2016,3,29,9,1,1,43.79315146,-79.35227595,Don Valley East (33),33,Don Valley Village (47),47,D33,North York,FINCH AVE E,SKYMARK DR, ,Major Arterial,Intersection,Intersection Related,Traffic Signal,Clear,Daylight,Dry,Fatal,Pedestrian Collisions,Pedestrian,75 to 79,Fatal,19,North, , , , ,Vehicle turns left while ped crosses without ROW at inter.,"Crossing, no Traffic Control",Normal, , , ,1,0,1,0,0,0,0,0,0,0,0,0,0,1
6000530490,2016,3,29,9,1,1,43.79315146,-79.35227595,Don Valley East (33),33,Don Valley Village (47),47,D33,North York,FINCH AVE E,SKYMARK DR, ,Major Arterial,Intersection,Intersection Related,Traffic Signal,Clear,Daylight,Dry,Fatal,Pedestrian Collisions,Driver,70 to 74,Minimal,0,South,Pick Up Truck,Turning Left,Driving Properly,Normal, , , , , , ,1,0,1,0,0,0,0,0,0,0,0,0,0,1
1046604,2008,6,12,9,2,3,43.68534538,-79.40789029,St. Paul's (22),22,Casa Loma (96),96,D53,Toronto East York,ST CLAIR AVE W,RUSSELL HILL RD, ,Major Arterial,Intersection,At Intersection,Police Control,Clear,Daylight,Dry,Non-Fatal Injury,Pedestrian Collisions,Driver,60 to 64,,0,West,"Automobile, Station Wagon",Going Ahead,Failed to Yield Right of Way,Normal, , , , , , ,1,0,1,0,0,0,0,0,0,1,0,0,0,0
1046604,2008,6,12,9,2,3,43.68534538,-79.40789029,St. Paul's (22),22,Casa Loma (96),96,D53,Toronto East York,ST CLAIR AVE W,RUSSELL HILL RD, ,Major Arterial,Intersection,At Intersection,Police Control,Clear,Daylight,Dry,Non-Fatal Injury,Pedestrian Collisions,Pedestrian,35 to 39,Major,0,Unknown,Other, , , ,Other / Undefined,Playing or Working on Highway,Normal, , , ,1,0,1,0,0,0,0,0,0,1,0,0,0,0
1191013,2010,9,23,9,2,3,43.73744538,-79.27009029,Scarborough Centre (37),37,Ionview (125),125,D41,Scarborough,KENNEDY Road,BERTRAND Aven, ,Major Arterial,Intersection,At Intersection,Traffic Signal,Clear,Daylight,Dry,Non-Fatal Injury,Cyclist Collisions,Driver,25 to 29,,0,North,"Automobile, Station Wagon",Going Ahead,Disobeyed Traffic Control,Inattentive, , , , , , ,0,1,1,0,0,0,0,0,0,1,1,0,0,0
1191013,2010,9,23,9,2,3,43.73744538,-79.27009029,Scarborough Centre (37),37,Ionview (125),125,D41,Scarborough,KENNEDY Road,BERTRAND Aven, ,Major Arterial,Intersection,At Intersection,Traffic Signal,Clear,Daylight,Dry,Non-Fatal Injury,Cyclist Collisions,Cyclist,50 to 54,Major,0,West,Bicycle,Turning Left, , , , , ,"Motorist without ROW drives into path of cyclist at inter, lnwy, dwy-Driver not turn.",Driving Properly,Normal,0,1,1,0,0,0,0,0,0,1,1,0,0,0
1247766,2011,8,5,9,2,4,43.69384538,-79.33849029,Toronto-Danforth (29),29,Old East York (58),58,D54,Toronto East York,GREENWOOD AVE,PLAINS RD, ,Minor Arterial,Intersection,At Intersection,Stop Sign,Clear,Daylight,Dry,Fatal,Cyclist Collisions,Vehicle Owner,unknown, ,0, ,Other, , , , , , , , , ,0,1,1,0,0,0,0,0,0,1,0,0,0,1
1247766,2011,8,5,9,2,4,43.69384538,-79.33849029,Toronto-Danforth (29),29,Old East York (58),58,D54,Toronto East York,GREENWOOD AVE,PLAINS RD, ,Minor Arterial,Intersection,At Intersection,Stop Sign,Clear,Daylight,Dry,Fatal,Cyclist Collisions,Driver,80 to 84,,0,South,"Automobile, Station Wagon",Going Ahead,Failed to Yield Right of Way,Inattentive, , , , , , ,0,1,1,0,0,0,0,0,0,1,0,0,0,1
1247766,2011,8,5,9,2,4,43.69384538,-79.33849029,Toronto-Danforth (29),29,Old East York (58),58,D54,Toronto East York,GREENWOOD AVE,PLAINS RD, ,Minor Arterial,Intersection,At Intersection,Stop Sign,Clear,Daylight,Dry,Fatal,Cyclist Collisions,Cyclist,80 to 84,Fatal,16,West,Bicycle,Going Ahead, , , , , ,"Motorist without ROW drives into path of cyclist at inter, lnwy, dwy-Driver not turn.",Driving Properly,Normal,0,1,1,0,0,0,0,0,0,1,0,0,0,1
1388613,2013,11,3,9,2,6,43.8088146,-79.26276789,Scarborough-Rouge River (41),41,Agincourt North (129),129,D42,Scarborough,SANDHURST CRCL,FINCH AVE E, ,Major Arterial,Intersection, ,Traffic Signal,Clear,Daylight,Dry,Non-Fatal Injury,Pedestrian Collisions,Driver,60 to 64,,0,South,"Automobile, Station Wagon",Turning Left,Failed to Yield Right of Way,Other, , , , , , ,1,0,1,0,0,0,0,0,0,1,0,0,0,0
1388613,2013,11,3,9,2,6,43.8088146,-79.26276789,Scarborough-Rouge River (41),41,Agincourt North (129),129,D42,Scarborough,SANDHURST CRCL,FINCH AVE E, ,Major Arterial,Intersection, ,Traffic Signal,Clear,Daylight,Dry,Non-Fatal Injury,Pedestrian Collisions,Pedestrian,0 to 4,Minimal,0,North,Other, , , ,Vehicle turns left while ped crosses with ROW at inter.,Crossing with right of way,Normal, , , ,1,0,1,0,0,0,0,0,0,1,0,0,0,0
1388613,2013,11,3,9,2,6,43.8088146,-79.26276789,Scarborough-Rouge River (41),41,Agincourt North (129),129,D42,Scarborough,SANDHURST CRCL,FINCH AVE E, ,Major Arterial,Intersection, ,Traffic Signal,Clear,Daylight,Dry,Non-Fatal Injury,Pedestrian Collisions,Pedestrian,5 to 9,Major,0,North,Other, , , ,Vehicle turns left while ped crosses with ROW at inter.,Crossing with right of way,Normal, , , ,1,0,1,0,0,0,0,0,0,1,0,0,0,0
6000595012,2016,4,8,9,2,4,43.708263,-79.4209405,Eglinton-Lawrence (16),16,Forest Hill North (102),102,D53,North York,ST CLEMENTS AVE,CALDOW RD, ,Local,Intersection,Intersection Related,Stop Sign,Clear,Daylight,Dry,Fatal,Angle,Driver,35 to 39,Fatal,21,East,"Automobile, Station Wagon",Going Ahead,Disobeyed Traffic Control,Unknown, , , , , , ,0,0,1,0,0,0,0,0,1,1,0,0,0,1
6000595012,2016,4,8,9,2,4,43.708263,-79.4209405,Eglinton-Lawrence (16),16,Forest Hill North (102),102,D53,North York,ST CLEMENTS AVE,CALDOW RD, ,Local,Intersection,Intersection Related,Stop Sign,Clear,Daylight,Dry,Fatal,Angle,Driver,60 to 64,,0,North,"Automobile, Station Wagon",Stopped,Driving Properly,Normal, , , , , , ,0,0,1,0,0,0,0,0,1,1,0,0,0,1
1277329,2012,1,26,9,3,3,43.69704538,-79.54669029,Etobicoke Centre (4),4,Kingsview Village-The Westway (6),6,D23,Etobicoke York,DIXON RD,ISLINGTON AVE, ,Major Arterial,Intersection,At Intersection,Traffic Signal,Clear,Daylight,Wet,Fatal,Turning Movement,Vehicle Owner,unknown,,0, ,Other, , , , , , , , , ,0,0,1,0,0,1,0,1,0,1,0,0,0,1
1277329,2012,1,26,9,3,3,43.69704538,-79.54669029,Etobicoke Centre (4),4,Kingsview Village-The Westway (6),6,D23,Etobicoke York,DIXON RD,ISLINGTON AVE, ,Major Arterial,Intersection,At Intersection,Traffic Signal,Clear,Daylight,Wet,Fatal,Turning Movement,Driver,60 to 64,,0,South,Municipal Transit Bus (TTC),Stopped,Driving Properly,Normal, , , , , , ,0,0,1,0,0,1,0,1,0,1,0,0,0,1
1277329,2012,1,26,9,3,3,43.69704538,-79.54669029,Etobicoke Centre (4),4,Kingsview Village-The Westway (6),6,D23,Etobicoke York,DIXON RD,ISLINGTON AVE, ,Major Arterial,Intersection,At Intersection,Traffic Signal,Clear,Daylight,Wet,Fatal,Turning Movement,Passenger,65 to 69,Fatal,3, ,Other, , , , , , , , , ,0,0,1,0,0,1,0,1,0,1,0,0,0,1