ACCNUM,YEAR,MONTH,DAY,HOUR,MINUTES,WEEKDAY,LATITUDE,LONGITUDE,Ward_Name,Ward_ID,Hood_Name,Hood_ID,Division,District,STREET1,STREET2,OFFSET,ROAD_CLASS,LOCCOORD,ACCLOC,TRAFFCTL,VISIBILITY,LIGHT,RDSFCOND,ACCLASS,IMPACTYPE,INVTYPE,INVAGE,INJURY,FATAL_NO,INITDIR,VEHTYPE,MANOEUVER,DRIVACT,DRIVCOND,PEDTYPE,PEDACT,PEDCOND,CYCLISTYPE,CYCACT,CYCCOND,PEDESTRIAN,CYCLIST,AUTOMOBILE,MOTORCYCLE,TRUCK,TRSN_CITY_VEH,EMERG_VEH,PASSENGER,SPEEDING,AG_DRIV,REDLIGHT,ALCOHOL,DISABILITY,label
1339180,2013,2,6,10,45,2,43.64974554,-79.43368922,Davenport (18),18,Little Portugal (84),84,D11,Toronto East York,DUNDAS ST W,SHERIDAN AVE, ,Minor Arterial,Intersection,At Intersection,Traffic Signal,Clear,Daylight,Dry,Fatal,Pedestrian Collisions,Other,unknown,,0, , , , , , , , , , , ,1,0,0,0,1,0,0,0,0,0,0,0,0,1
1339180,2013,2,6,10,45,2,43.64974554,-79.43368922,Davenport (18),18,Little Portugal (84),84,D11,Toronto East York,DUNDAS ST W,SHERIDAN AVE, ,Minor Arterial,Intersection,At Intersection,Traffic Signal,Clear,Daylight,Dry,Fatal,Pedestrian Collisions,Pedestrian,80 to 84,Fatal,5,North, , , , ,Vehicle is going straight thru inter.while ped cross without ROW,Crossing without right of way,Unknown, , , ,1,0,0,0,1,0,0,0,0,0,0,0,0,1
7000501226,2017,3,21,9,5,1,43.73662527,-79.24805079,Scarborough Southwest (35),35,Kennedy Park (124),124,D41,Scarborough,EGLINTON AVE E,BRIMLEY RD, ,Major Arterial,Intersection,At Intersection,Traffic Signal,Clear,Daylight,Dry,Non-Fatal Injury,Pedestrian Collisions,Driver,60 to 64,,0,South,"Automobile, Station Wagon",Turning Left,Failed to Yield Right of Way,Unknown, , , , , , ,1,0,1,0,0,0,0,0,0,1,0,0,0,0
7001274774,2017,7,16,10,45,6,43.70180472,-79.5882226,Etobicoke North (2),2,West Humber-Clairville (1),1,D23,Etobicoke York,HIGHWAY 27  N,BELFIELD RD,500 m North of,Major Arterial,Mid-Block,Non Intersection,No Control,Clear,Daylight,Dry,Property Damage Only,SMV Other,Motorcycle Driver,35 to 39,Major,0,North,Motorcycle,Going Ahead,Lost control,Normal, , , , , , ,0,0,0,1,0,0,0,0,1,1,0,0,0,0
1025433,2008,1,26,10,47,5,43.69744538,-79.40559029,St. Paul's (22),22,Yonge-St.Clair (97),97,D53,Toronto East York,AVENUE RD,OXTON AVE, ,Major Arterial,Intersection,At Intersection,Stop Sign,Clear,Daylight,Wet,Non-Fatal Injury,Turning Movement,Vehicle Owner,unknown, ,0, ,Other, , , , , , , , , ,0,0,1,0,0,0,0,0,0,1,0,0,0,0
1025433,2008,1,26,10,47,5,43.69744538,-79.40559029,St. Paul's (22),22,Yonge-St.Clair (97),97,D53,Toronto East York,AVENUE RD,OXTON AVE, ,Major Arterial,Intersection,At Intersection,Stop Sign,Clear,Daylight,Wet,Non-Fatal Injury,Turning Movement,Driver,40 to 44,,0,North,"Automobile, Station Wagon",Going Ahead,Failed to Yield Right of Way,Normal, , , , , , ,0,0,1,0,0,0,0,0,0,1,0,0,0,0
1025433,2008,1,26,10,47,5,43.69744538,-79.40559029,St. Paul's (22),22,Yonge-St.Clair (97),97,D53,Toronto East York,AVENUE RD,OXTON AVE, ,Major Arterial,Intersection,At Intersection,Stop Sign,Clear,Daylight,Wet,Non-Fatal Injury,Turning Movement,Vehicle Owner,unknown, ,0, ,Other, , , , , , , , , ,0,0,1,0,0,0,0,0,0,1,0,0,0,0
1025433,2008,1,26,10,47,5,43.69744538,-79.40559029,St. Paul's (22),22,Yonge-St.Clair (97),97,D53,Toronto East York,AVENUE RD,OXTON AVE, ,Major Arterial,Intersection,At Intersection,Stop Sign,Clear,Daylight,Wet,Non-Fatal Injury,Turning Movement,Driver,45 to 49,Major,0,South,"Automobile, Station Wagon",Turning Left,Driving Properly,Normal, , , , , , ,0,0,1,0,0,0,0,0,0,1,0,0,0,0
1134906,2009,10,14,10,47,2,43.66884538,-79.37949029,Toronto Centre-Rosedale (27),27,Church-Yonge Corridor (75),75,D51,Toronto East York,JARVIS ST,ISABELLA ST, ,Major Arterial,Intersection,At Intersection,Traffic Signal,Clear,Daylight,Dry,Non-Fatal Injury,Turning Movement,Moped Driver,35 to 39,Major,0,North,"Automobile, Station Wagon",Going Ahead,Driving Properly,Normal, , , , , , ,0,1,1,0,0,0,0,0,0,0,0,0,0,0
1134906,2009,10,14,10,47,2,43.66884538,-79.37949029,Toronto Centre-Rosedale (27),27,Church-Yonge Corridor (75),75,D51,Toronto East York,JARVIS ST,ISABELLA ST, ,Major Arterial,Intersection,At Intersection,Traffic Signal,Clear,Daylight,Dry,Non-Fatal Injury,Turning Movement,Driver,40 to 44,,0,South,"Automobile, Station Wagon",Turning Left,Improper Turn,Inattentive, , , , , , ,0,1,1,0,0,0,0,0,0,0,0,0,0,0
1233108,2011,5,15,10,47,6,43.68944538,-79.34879029,Toronto-Danforth (29),29,Old East York (58),58,D54,Toronto East York,PAPE Aven,COSBURN Aven, ,Major Arterial,Intersection,At Intersection,Traffic Signal,Rain,Daylight,Wet,Non-Fatal Injury,Pedestrian Collisions,Driver,70 to 74,,0,West,"Automobile, Station Wagon",Turning Left,Failed to Yield Right of Way,Inattentive, , , , , , ,1,0,1,0,0,0,0,0,0,1,0,0,0,0
1233108,2011,5,15,10,47,6,43.68944538,-79.34879029,Toronto-Danforth (29),29,Old East York (58),58,D54,Toronto East York,PAPE Aven,COSBURN Aven, ,Major Arterial,Intersection,At Intersection,Traffic Signal,Rain,Daylight,Wet,Non-Fatal Injury,Pedestrian Collisions,Pedestrian,80 to 84,Major,0,East,Other, , , ,Vehicle turns left while ped crosses with ROW at inter.,Crossing with right of way,Normal, , , ,1,0,1,0,0,0,0,0,0,1,0,0,0,0
1385469,2013,9,9,10,47,0,43.65351446,-79.34077845,Toronto-Danforth (30),30,South Riverdale (70),70,D55,Toronto East York,LAKE SHORE BLVD E,BOOTH AVE, ,Major Arterial,Intersection, ,Stop Sign,Clear,Daylight,Dry,Non-Fatal Injury,Cyclist Collisions,Vehicle Owner,unknown, ,0, ,Other, , , , , , , , , ,0,1,1,0,0,0,0,0,0,1,0,0,0,0
1385469,2013,9,9,10,47,0,43.65351446,-79.34077845,Toronto-Danforth (30),30,South Riverdale (70),70,D55,Toronto East York,LAKE SHORE BLVD E,BOOTH AVE, ,Major Arterial,Intersection, ,Stop Sign,Clear,Daylight,Dry,Non-Fatal Injury,Cyclist Collisions,Driver,45 to 49,,0,South,"Automobile, Station Wagon",Turning Right,Failed to Yield Right of Way,Inattentive, , , , , , ,0,1,1,0,0,0,0,0,0,1,0,0,0,0
1385469,2013,9,9,10,47,0,43.65351446,-79.34077845,Toronto-Danforth (30),30,South Riverdale (70),70,D55,Toronto East York,LAKE SHORE BLVD E,BOOTH AVE, ,Major Arterial,Intersection, ,Stop Sign,Clear,Daylight,Dry,Non-Fatal Injury,Cyclist Collisions,Cyclist,65 to 69,Major,0,West,Bicycle,Going Ahead, , , , , ,"Motorist turns right at non-signal Inter.(stop, yield, no cont.,and dwy) and strikes cyclist.",Driving Properly,Normal,0,1,1,0,0,0,0,0,0,1,0,0,0,0
5000965386,2015,6,9,10,47,1,43.6531597,-79.39702235,Trinity-Spadina (20),20,Kensington-Chinatown (78),78,D52,Toronto East York,DUNDAS ST W,HURON ST, ,Major Arterial,Mid-Block,Non Intersection,No Control,Clear,Daylight,Dry,Non-Fatal Injury,Rear End,Driver,45 to 49,Major,0,East,"Automobile, Station Wagon",Going Ahead,Lost control,Medical or Physical Disability, , , , , , ,0,0,1,0,0,0,0,1,0,0,0,0,1,0
5000965386,2015,6,9,10,47,1,43.6531597,-79.39702235,Trinity-Spadina (20),20,Kensington-Chinatown (78),78,D52,Toronto East York,DUNDAS ST W,HURON ST, ,Major Arterial,Mid-Block,Non Intersection,No Control,Clear,Daylight,Dry,Non-Fatal Injury,Rear End,Driver,50 to 54,,0,East,"Automobile, Station Wagon",Stopped,Driving Properly,Normal, , , , , , ,0,0,1,0,0,0,0,1,0,0,0,0,1,0
5000965386,2015,6,9,10,47,1,43.6531597,-79.39702235,Trinity-Spadina (20),20,Kensington-Chinatown (78),78,D52,Toronto East York,DUNDAS ST W,HURON ST, ,Major Arterial,Mid-Block,Non Intersection,No Control,Clear,Daylight,Dry,Non-Fatal Injury,Rear End,Passenger,45 to 49,,0, , , , , , , , , , , ,0,0,1,0,0,0,0,1,0,0,0,0,1,0
5001401225,2015,8,15,10,47,5,43.68188437,-79.46767054,Davenport (17),17,Keelesdale-Eglinton West (110),110,D12,Etobicoke York,OLD WESTON RD,ROGERS RD, ,Minor Arterial,Intersection,At Intersection,Traffic Signal,Clear,Daylight,Dry,Non-Fatal Injury,Approaching,Driver,60 to 64,Major,0,South,"Automobile, Station Wagon",Going Ahead,Lost control,Medical or Physical Disability, , , , , , ,0,0,1,0,0,0,0,1,0,0,0,0,1,0
5001401225,2015,8,15,10,47,5,43.68188437,-79.46767054,Davenport (17),17,Keelesdale-Eglinton West (110),110,D12,Etobicoke York,OLD WESTON RD,ROGERS RD, ,Minor Arterial,Intersection,At Intersection,Traffic Signal,Clear,Daylight,Dry,Non-Fatal Injury,Approaching,Driver,30 to 34,,0,North,"Automobile, Station Wagon",Stopped,Driving Properly,Normal, , , , , , ,0,0,1,0,0,0,0,1,0,0,0,0,1,0
5001401225,2015,8,15,10,47,5,43.68188437,-79.46767054,Davenport (17),17,Keelesdale-Eglinton West (110),110,D12,Etobicoke York,OLD WESTON RD,ROGERS RD, ,Minor Arterial,Intersection,At Intersection,Traffic Signal,Clear,Daylight,Dry,Non-Fatal Injury,Approaching,Passenger,60 to 64,,0, , , , , , , , , , , ,0,0,1,0,0,0,0,1,0,0,0,0,1,0
5001401225,2015,8,15,10,47,5,43.68188437,-79.46767054,Davenport (17),17,Keelesdale-Eglinton West (110),110,D12,Etobicoke York,OLD WESTON RD,ROGERS RD, ,Minor Arterial,Intersection,At Intersection,Traffic Signal,Clear,Daylight,Dry,Non-Fatal Injury,Approaching,Passenger,30 to 34,,0, , , , , , , , , , , ,0,0,1,0,0,0,0,1,0,0,0,0,1,0
6001647391,2016,9,16,10,47,4,43.77797278,-79.31116114,Scarborough-Agincourt (40),40,Tam O'Shanter-Sullivan (118),118,D42,Scarborough,SHEPPARD AV E,PALMDALE DR, ,Major Arterial,Intersection,Intersection Related,No Control,Clear,Daylight,Dry,Non-Fatal Injury,Cyclist Collisions,Cyclist,40 to 44,Major,0,East,Bicycle,Going Ahead, , , , , ,"Cyclist without ROW rides into path of motorist at inter, lnwy, dwy-Cyclist not turn.",Other,Inattentive,0,1,0,0,1,0,0,0,0,0,0,0,0,0
6001647391,2016,9,16,10,47,4,43.77797278,-79.31116114,Scarborough-Agincourt (40),40,Tam O'Shanter-Sullivan (118),118,D42,Scarborough,SHEPPARD AV E,PALMDALE DR, ,Major Arterial,Intersection,Intersection Related,No Control,Clear,Daylight,Dry,Non-Fatal Injury,Cyclist Collisions,Truck Driver,50 to 54,,0,West,Truck - Dump,Turning Left,Driving Properly,Normal, , , , , , ,0,1,0,0,1,0,0,0,0,0,0,0,0,0
7001983803,2017,11,2,10,47,3,43.64509538,-79.42969129,Davenport (18),18,Little Portugal (84),84,D14,Toronto East York,DUFFERIN ST,ALMA AV,10 m North of,Minor Arterial,Intersection,Intersection Related,No Control,Clear,Daylight,Wet,Non-Fatal Injury,Pedestrian Collisions,Truck Driver,55 to 59,,0,South,Truck - Car Carrier,Going Ahead,Driving Properly,Normal, , , , , , ,1,0,0,0,1,0,0,0,0,0,0,0,0,0
7001983803,2017,11,2,10,47,3,43.64509538,-79.42969129,Davenport (18),18,Little Portugal (84),84,D14,Toronto East York,DUFFERIN ST,ALMA AV,10 m North of,Minor Arterial,Intersection,Intersection Related,No Control,Clear,Daylight,Wet,Non-Fatal Injury,Pedestrian Collisions,Pedestrian,60 to 64,Major,0, , , , , , , ,Inattentive, , , ,1,0,0,0,1,0,0,0,0,0,0,0,0,0
1288324,2012,4,11,10,48,2,43.69304538,-79.46219029,Davenport (17),17,Briar Hill-Belgravia (108),108,D13,North York,EGLINTON AVE W,CALEDONIA RD, ,Major Arterial,Intersection, ,Traffic Signal,Clear,Daylight,Dry,Non-Fatal Injury,Pedestrian Collisions,Truck Driver,25 to 29,,0,East,Truck - Open,Turning Right,Failed to Yield Right of Way,Inattentive, , , , , , ,1,0,0,0,1,0,0,0,0,1,0,0,0,0
1288324,2012,4,11,10,48,2,43.69304538,-79.46219029,Davenport (17),17,Briar Hill-Belgravia (108),108,D13,North York,EGLINTON AVE W,CALEDONIA RD, ,Major Arterial,Intersection, ,Traffic Signal,Clear,Daylight,Dry,Non-Fatal Injury,Pedestrian Collisions,Vehicle Owner,unknown, ,0, ,Other, , , , , , , , , ,1,0,0,0,1,0,0,0,0,1,0,0,0,0
1288324,2012,4,11,10,48,2,43.69304538,-79.46219029,Davenport (17),17,Briar Hill-Belgravia (108),108,D13,North York,EGLINTON AVE W,CALEDONIA RD, ,Major Arterial,Intersection, ,Traffic Signal,Clear,Daylight,Dry,Non-Fatal Injury,Pedestrian Collisions,Wheelchair,75 to 79,Major,0,North,Other, , , ,Vehicle turns right while ped crosses with ROW at inter.,Crossing with right of way,Normal, , , ,1,0,0,0,1,0,0,0,0,1,0,0,0,0
6000995123,2016,6,8,10,48,2,43.68452414,-79.36124049,Toronto-Danforth (29),29,Broadview North (57),57,D54,Toronto East York,DON VALLEY PARKWAY  N,BAYVIEW BLOOR DVP N RAMP,120 m South of,Expressway,Mid-Block,Non Intersection,No Control,Clear,Daylight,Dry,Non-Fatal Injury,SMV Other,Motorcycle Driver,25 to 29,Major,0,North,Motorcycle,Going Ahead,Lost control,Inattentive, , , , , , ,0,0,0,1,0,0,0,0,1,1,0,0,0,0
1021038,2008,1,30,10,49,2,43.65524538,-79.43359029,Davenport (18),18,Dufferin Grove (83),83,D11,Toronto East York,DUFFERIN ST,SYLVAN AVE, ,Major Arterial,Mid-Block, ,Traffic Signal,Clear,Daylight,Dry,Non-Fatal Injury,Pedestrian Collisions,Driver,25 to 29,,0,North,"Automobile, Station Wagon",Going Ahead,Driving Properly,Normal, , , , , , ,1,0,1,0,0,0,0,0,0,0,0,0,0,0
1021038,2008,1,30,10,49,2,43.65524538,-79.43359029,Davenport (18),18,Dufferin Grove (83),83,D11,Toronto East York,DUFFERIN ST,SYLVAN AVE, ,Major Arterial,Mid-Block, ,Traffic Signal,Clear,Daylight,Dry,Non-Fatal Injury,Pedestrian Collisions,Pedestrian,25 to 29,Major,0,West,Other, , , ,Vehicle is going straight thru inter.while ped cross without ROW,Crossing without right of way,Inattentive, , , ,1,0,1,0,0,0,0,0,0,0,0,0,0,0
971396,2007,5,8,10,50,1,43.79264538,-79.35469029,Don Valley East (33),33,Don Valley Village (47),47,D33,North York,DON MILLS Road,FINCH Aven E, ,Major Arterial,Intersection,At Intersection,Traffic Signal,Clear,Daylight,Dry,Non-Fatal Injury,Pedestrian Collisions,Driver,75 to 79,,0,North,"Automobile, Station Wagon",Going Ahead,Driving Properly,Normal,Vehicle is going straight thru inter.while ped cross without ROW, , , , , ,1,0,1,0,0,0,0,0,0,0,0,0,0,0
971396,2007,5,8,10,50,1,43.79264538,-79.35469029,Don Valley East (33),33,Don Valley Village (47),47,D33,North York,DON MILLS Road,FINCH Aven E, ,Major Arterial,Intersection,At Intersection,Traffic Signal,Clear,Daylight,Dry,Non-Fatal Injury,Pedestrian Collisions,Pedestrian,20 to 24,Major,0,West,Other, , , ,Vehicle is going straight thru inter.while ped cross without ROW,Crossing without right of way,Inattentive, , , ,1,0,1,0,0,0,0,0,0,0,0,0,0,0
1001877,2007,11,10,10,50,5,43.65074538,-79.47819029,Parkdale-High Park (13),13,Runnymede-Bloor West Village (89),89,D11,Etobicoke York,BLOOR ST W,DURIE ST, ,Major Arterial,Intersection,At Intersection,No Control,Clear,Daylight,Dry,Non-Fatal Injury,Pedestrian Collisions,Driver,40 to 44,,0,East,"Automobile, Station Wagon",Going Ahead,Driving Properly,Normal, , , , , , ,1,0,1,0,0,0,0,0,0,0,0,0,0,0
1001877,2007,11,10,10,50,5,43.65074538,-79.47819029,Parkdale-High Park (13),13,Runnymede-Bloor West Village (89),89,D11,Etobicoke York,BLOOR ST W,DURIE ST, ,Major Arterial,Intersection,At Intersection,No Control,Clear,Daylight,Dry,Non-Fatal Injury,Pedestrian Collisions,Pedestrian,70 to 74,Major,0,East,Other, , , ,Pedestrian hit on sidewalk or shoulder,On Sidewalk or Shoulder,Normal, , , ,1,0,1,0,0,0,0,0,0,0,0,0,0,0
1005723,2007,11,16,10,50,4,43.78824538,-79.26899029,Scarborough-Rouge River (41),41,Agincourt South-Malvern West (128),128,D42,Scarborough,2098 BRIMLEY Rd, , ,Major Arterial,Mid-Block, ,No Control,Clear,Daylight,Dry,Non-Fatal Injury,Turning Movement,Driver,50 to 54,Major,0,East,"Automobile, Station Wagon",Stopped,Driving Properly,Normal, , , , , , ,0,0,1,0,0,0,0,0,0,0,0,0,0,0
1005723,2007,11,16,10,50,4,43.78824538,-79.26899029,Scarborough-Rouge River (41),41,Agincourt South-Malvern West (128),128,D42,Scarborough,2098 BRIMLEY Rd, , ,Major Arterial,Mid-Block, ,No Control,Clear,Daylight,Dry,Non-Fatal Injury,Turning Movement,Vehicle Owner,unknown, ,0, ,Other, , , , , , , , , ,0,0,1,0,0,0,0,0,0,0,0,0,0,0
1005723,2007,11,16,10,50,4,43.78824538,-79.26899029,Scarborough-Rouge River (41),41,Agincourt South-Malvern West (128),128,D42,Scarborough,2098 BRIMLEY Rd, , ,Major Arterial,Mid-Block, ,No Control,Clear,Daylight,Dry,Non-Fatal Injury,Turning Movement,Driver,25 to 29,,0,South,"Automobile, Station Wagon",Turning Right,Lost control,Normal, , , , , , ,0,0,1,0,0,0,0,0,0,0,0,0,0,0
1121495,2009,7,20,10,50,0,43.66474538,-79.41309029,Trinity-Spadina (19),19,Annex (95),95,D14,Toronto East York,BLOOR ST W,PALMERSTON BLVD, ,Major Arterial,Mid-Block, ,No Control,Clear,Daylight,Dry,Non-Fatal Injury,Cyclist Collisions,Driver,45 to 49,,0,East,"Automobile, Station Wagon",Parked,Other,Normal, , , , , , ,0,1,1,0,0,0,0,0,0,0,0,0,0,0
1121495,2009,7,20,10,50,0,43.66474538,-79.41309029,Trinity-Spadina (19),19,Annex (95),95,D14,Toronto East York,BLOOR ST W,PALMERSTON BLVD, ,Major Arterial,Mid-Block, ,No Control,Clear,Daylight,Dry,Non-Fatal Injury,Cyclist Collisions,Cyclist,35 to 39,Major,0,East,Bicycle,Going Ahead, , , , , ,Cyclist struck opened vehicle door,Driving Properly,Normal,0,1,1,0,0,0,0,0,0,0,0,0,0,0
1141576,2009,11,18,10,50,2,43.65884538,-79.39529029,Trinity-Spadina (20),20,University (79),79,D52,Toronto East York,COLLEGE Stre,BEVERLEY Stre, ,Major Arterial,Mid-Block, ,No Control,Clear,Daylight,Dry,Non-Fatal Injury,Cyclist Collisions,Driver,30 to 34,,0,East,"Automobile, Station Wagon",Turning Right,Failed to Yield Right of Way,Inattentive, , , , , , ,0,1,1,0,0,0,0,0,0,1,0,0,0,0
1141576,2009,11,18,10,50,2,43.65884538,-79.39529029,Trinity-Spadina (20),20,University (79),79,D52,Toronto East York,COLLEGE Stre,BEVERLEY Stre, ,Major Arterial,Mid-Block, ,No Control,Clear,Daylight,Dry,Non-Fatal Injury,Cyclist Collisions,Cyclist,30 to 34,Major,0,East,Bicycle,Going Ahead, , , , , ,"Motorist turns right at non-signal Inter.(stop, yield, no cont.,and dwy) and strikes cyclist.",Driving Properly,Normal,0,1,1,0,0,0,0,0,0,1,0,0,0,0
1177187,2010,5,25,10,50,1,43.64234538,-79.43269029,Parkdale-High Park (14),14,Roncesvalles (86),86,D11,Toronto East York,NOBLE ST,BROCK AVE, ,Collector,Intersection,At Intersection,No Control,Clear,Daylight,Dry,Non-Fatal Injury,Pedestrian Collisions,Driver,35 to 39,,0,South,"Automobile, Station Wagon",Turning Left,Failed to Yield Right of Way,Inattentive, , , , , , ,1,0,1,0,0,0,0,0,0,1,0,0,0,0
1177187,2010,5,25,10,50,1,43.64234538,-79.43269029,Parkdale-High Park (14),14,Roncesvalles (86),86,D11,Toronto East York,NOBLE ST,BROCK AVE, ,Collector,Intersection,At Intersection,No Control,Clear,Daylight,Dry,Non-Fatal Injury,Pedestrian Collisions,Pedestrian,40 to 44,Major,0,Unknown,Other, , , ,Vehicle turns left while ped crosses with ROW at inter.,Crossing with right of way,Normal, , , ,1,0,1,0,0,0,0,0,0,1,0,0,0,0
1203535,2010,11,3,10,50,2,43.73224538,-79.25709029,Scarborough Southwest (35),35,Kennedy Park (124),124,D41,Scarborough,MIDLAND AVE,BENJAMIN BLVD, ,Minor Arterial,Intersection,At Intersection,No Control,Clear,Daylight,Dry,Non-Fatal Injury,Rear End,Vehicle Owner,unknown, ,0, ,Other, , , , , , , , , ,0,0,1,0,0,0,0,0,0,0,0,0,0,0
1203535,2010,11,3,10,50,2,43.73224538,-79.25709029,Scarborough Southwest (35),35,Kennedy Park (124),124,D41,Scarborough,MIDLAND AVE,BENJAMIN BLVD, ,Minor Arterial,Intersection,At Intersection,No Control,Clear,Daylight,Dry,Non-Fatal Injury,Rear End,Driver,70 to 74,Minor,0,North,"Automobile, Station Wagon",Going Ahead,Lost control,Normal, , , , , , ,0,0,1,0,0,0,0,0,0,0,0,0,0,0
1203535,2010,11,3,10,50,2,43.73224538,-79.25709029,Scarborough Southwest (35),35,Kennedy Park (124),124,D41,Scarborough,MIDLAND AVE,BENJAMIN BLVD, ,Minor Arterial,Intersection,At Intersection,No Control,Clear,Daylight,Dry,Non-Fatal Injury,Rear End,Driver,20 to 24,Major,0,North,"Automobile, Station Wagon",Stopped,Driving Properly,Normal, , , , , , ,0,0,1,0,0,0,0,0,0,0,0,0,0,0
1240092,2011,4,27,10,50,2,43.74114538,-79.31929029,Don Valley East (34),34,Victoria Village (43),43,D33,North York,LAWRENCE AVE E,CURLEW DR, ,Major Arterial,Intersection,At Intersection,Traffic Signal,Clear,Daylight,Dry,Non-Fatal Injury,Turning Movement,Driver,70 to 74,Major,0,West,"Automobile, Station Wagon",Going Ahead,Disobeyed Traffic Control,Inattentive, , , , , , ,0,0,1,0,0,0,0,0,0,1,1,0,0,0
1240092,2011,4,27,10,50,2,43.74114538,-79.31929029,Don Valley East (34),34,Victoria Village (43),43,D33,North York,LAWRENCE AVE E,CURLEW DR, ,Major Arterial,Intersection,At Intersection,Traffic Signal,Clear,Daylight,Dry,Non-Fatal Injury,Turning Movement,Driver,20 to 24,,0,East,"Automobile, Station Wagon",Turning Left,Driving Properly,Normal, , , , , , ,0,0,1,0,0,0,0,0,0,1,1,0,0,0
1260139,2011,8,23,10,50,1,43.77214538,-79.25149029,Scarborough Centre (38),38,Woburn (137),137,D43,Scarborough,ELLESMERE RD,MCCOWAN RD, ,Major Arterial,Intersection,At Intersection,Traffic Signal,Clear,Daylight,Dry,Non-Fatal Injury,Angle,Passenger,75 to 79,Minimal,0, ,Other, , , , , , , , , ,0,0,1,0,0,0,0,1,0,1,1,0,1,0
1260139,2011,8,23,10,50,1,43.77214538,-79.25149029,Scarborough Centre (38),38,Woburn (137),137,D43,Scarborough,ELLESMERE RD,MCCOWAN RD, ,Major Arterial,Intersection,At Intersection,Traffic Signal,Clear,Daylight,Dry,Non-Fatal Injury,Angle,Driver,45 to 49,Minimal,0,West,"Automobile, Station Wagon",Going Ahead,Driving Properly,Normal, , , , , , ,0,0,1,0,0,0,0,1,0,1,1,0,1,0
1260139,2011,8,23,10,50,1,43.77214538,-79.25149029,Scarborough Centre (38),38,Woburn (137),137,D43,Scarborough,ELLESMERE RD,MCCOWAN RD, ,Major Arterial,Intersection,At Intersection,Traffic Signal,Clear,Daylight,Dry,Non-Fatal Injury,Angle,Driver,75 to 79,Major,0,South,"Automobile, Station Wagon",Going Ahead,Disobeyed Traffic Control,Medical or Physical Disability, , , , , , ,0,0,1,0,0,0,0,1,0,1,1,0,1,0
1260139,2011,8,23,10,50,1,43.77214538,-79.25149029,Scarborough Centre (38),38,Woburn (137),137,D43,Scarborough,ELLESMERE RD,MCCOWAN RD, ,Major Arterial,Intersection,At Intersection,Traffic Signal,Clear,Daylight,Dry,Non-Fatal Injury,Angle,Driver,60 to 64,Minimal,0,East,"Automobile, Station Wagon",Going Ahead,Driving Properly,Normal, , , , , , ,0,0,1,0,0,0,0,1,0,1,1,0,1,0
1260139,2011,8,23,10,50,1,43.77214538,-79.25149029,Scarborough Centre (38),38,Woburn (137),137,D43,Scarborough,ELLESMERE RD,MCCOWAN RD, ,Major Arterial,Intersection,At Intersection,Traffic Signal,Clear,Daylight,Dry,Non-Fatal Injury,Angle,Driver,60 to 64,Minimal,0,West,"Automobile, Station Wagon",Going Ahead,Driving Properly,Normal, , , , , , ,0,0,1,0,0,0,0,1,0,1,1,0,1,0
1308359,2012,7,8,10,50,6,43.65084538,-79.38659029,Toronto Centre-Rosedale (28),28,Bay Street Corridor (76),76,D52,Toronto East York,UNIVERSITY Aven,QUEEN Stre W, ,Major Arterial,Intersection,At Intersection,Traffic Signal,Clear,Daylight,Dry,Non-Fatal Injury,Angle,Driver,30 to 34,,0,East,"Automobile, Station Wagon",Going Ahead,Disobeyed Traffic Control,Normal, , , , , , ,0,0,1,0,0,0,0,1,0,1,1,0,0,0
1308359,2012,7,8,10,50,6,43.65084538,-79.38659029,Toronto Centre-Rosedale (28),28,Bay Street Corridor (76),76,D52,Toronto East York,UNIVERSITY Aven,QUEEN Stre W, ,Major Arterial,Intersection,At Intersection,Traffic Signal,Clear,Daylight,Dry,Non-Fatal Injury,Angle,Passenger,30 to 34,Minor,0, ,Other, , , , , , , , , ,0,0,1,0,0,0,0,1,0,1,1,0,0,0
1308359,2012,7,8,10,50,6,43.65084538,-79.38659029,Toronto Centre-Rosedale (28),28,Bay Street Corridor (76),76,D52,Toronto East York,UNIVERSITY Aven,QUEEN Stre W, ,Major Arterial,Intersection,At Intersection,Traffic Signal,Clear,Daylight,Dry,Non-Fatal Injury,Angle,Driver,40 to 44,Minor,0,North,"Automobile, Station Wagon",Going Ahead,Driving Properly,Unknown, , , , , , ,0,0,1,0,0,0,0,1,0,1,1,0,0,0
1308359,2012,7,8,10,50,6,43.65084538,-79.38659029,Toronto Centre-Rosedale (28),28,Bay Street Corridor (76),76,D52,Toronto East York,UNIVERSITY Aven,QUEEN Stre W, ,Major Arterial,Intersection,At Intersection,Traffic Signal,Clear,Daylight,Dry,Non-Fatal Injury,Angle,Vehicle Owner,unknown, ,0, ,Other, , , , , , , , , ,0,0,1,0,0,0,0,1,0,1,1,0,0,0
1308359,2012,7,8,10,50,6,43.65084538,-79.38659029,Toronto Centre-Rosedale (28),28,Bay Street Corridor (76),76,D52,Toronto East York,UNIVERSITY Aven,QUEEN Stre W, ,Major Arterial,Intersection,At Intersection,Traffic Signal,Clear,Daylight,Dry,Non-Fatal Injury,Angle,Passenger,25 to 29,Minor,0, ,Other, , , , , , , , , ,0,0,1,0,0,0,0,1,0,1,1,0,0,0