ACCNUM,YEAR,MONTH,DAY,HOUR,MINUTES,WEEKDAY,LATITUDE,LONGITUDE,Ward_Name,Ward_ID,Hood_Name,Hood_ID,Division,District,STREET1,STREET2,OFFSET,ROAD_CLASS,LOCCOORD,ACCLOC,TRAFFCTL,VISIBILITY,LIGHT,RDSFCOND,ACCLASS,IMPACTYPE,INVTYPE,INVAGE,INJURY,FATAL_NO,INITDIR,VEHTYPE,MANOEUVER,DRIVACT,DRIVCOND,PEDTYPE,PEDACT,PEDCOND,CYCLISTYPE,CYCACT,CYCCOND,PEDESTRIAN,CYCLIST,AUTOMOBILE,MOTORCYCLE,TRUCK,TRSN_CITY_VEH,EMERG_VEH,PASSENGER,SPEEDING,AG_DRIV,REDLIGHT,ALCOHOL,DISABILITY,label
1094299,2009,3,13,9,14,4,43.66634711,-79.34849177,Toronto-Danforth (30),30,South Riverdale (70),70,D55,Toronto East York,GERRARD ST E,DE GRASSI ST, ,Minor Arterial,Intersection,At Intersection,Pedestrian Crossover,Other,Daylight,Other,Fatal,Pedestrian Collisions,Pedestrian,85 to 89,Fatal,8,South,Other, , , ,Pedestrian involved in a collision with transit vehicle anywhere along roadway,"Crossing, Pedestrian Crossover",Normal, , , ,1,0,0,0,0,1,0,0,0,1,0,0,0,1
1094299,2009,3,13,9,14,4,43.66634711,-79.34849177,Toronto-Danforth (30),30,South Riverdale (70),70,D55,Toronto East York,GERRARD ST E,DE GRASSI ST, ,Minor Arterial,Intersection,At Intersection,Pedestrian Crossover,Other,Daylight,Other,Fatal,Pedestrian Collisions,Driver,40 to 44,,0,West,Municipal Transit Bus (TTC),Going Ahead,Failed to Yield Right of Way,Normal, , , , , , ,1,0,0,0,0,1,0,0,0,1,0,0,0,1
958900,2007,2,13,9,15,1,43.67284538,-79.46599029,York South-Weston (11),11,Junction Area (90),90,D11,Etobicoke York,ST CLAIR Aven W,KEELE Stre, ,Major Arterial,Mid-Block, ,No Control,Clear,Daylight,Dry,Non-Fatal Injury,SMV Other,Vehicle Owner,unknown,,0, ,Other, , , , , , , , , ,0,0,0,0,1,0,0,0,0,0,0,0,0,0
958900,2007,2,13,9,15,1,43.67284538,-79.46599029,York South-Weston (11),11,Junction Area (90),90,D11,Etobicoke York,ST CLAIR Aven W,KEELE Stre, ,Major Arterial,Mid-Block, ,No Control,Clear,Daylight,Dry,Non-Fatal Injury,SMV Other,Truck Driver,30 to 34,Major,0,East,Truck - Open,Going Ahead,Driving Properly,Normal, , , , , , ,0,0,0,0,1,0,0,0,0,0,0,0,0,0
958900,2007,2,13,9,15,1,43.67284538,-79.46599029,York South-Weston (11),11,Junction Area (90),90,D11,Etobicoke York,ST CLAIR Aven W,KEELE Stre, ,Major Arterial,Mid-Block, ,No Control,Clear,Daylight,Dry,Non-Fatal Injury,SMV Other,Other Property Owner,unknown,,0, ,Other, , , , , , , , , ,0,0,0,0,1,0,0,0,0,0,0,0,0,0
958900,2007,2,13,9,15,1,43.67284538,-79.46599029,York South-Weston (11),11,Junction Area (90),90,D11,Etobicoke York,ST CLAIR Aven W,KEELE Stre, ,Major Arterial,Mid-Block, ,No Control,Clear,Daylight,Dry,Non-Fatal Injury,SMV Other,Other Property Owner,unknown,,0, ,Other, , , , , , , , , ,0,0,0,0,1,0,0,0,0,0,0,0,0,0
1065056,2008,10,18,9,15,5,43.79924538,-79.41449029,Willowdale (24),24,Newtonbrook East (50),50,D32,North York,STEELES AVE E,WILLOWDALE AVE, ,Major Arterial,Intersection, ,Traffic Signal,Clear,Daylight,Other,Non-Fatal Injury,Pedestrian Collisions,Vehicle Owner,unknown, ,0, ,Other, , , , , , , , , ,1,0,1,0,0,0,0,0,0,1,0,0,0,0
1065056,2008,10,18,9,15,5,43.79924538,-79.41449029,Willowdale (24),24,Newtonbrook East (50),50,D32,North York,STEELES AVE E,WILLOWDALE AVE, ,Major Arterial,Intersection, ,Traffic Signal,Clear,Daylight,Other,Non-Fatal Injury,Pedestrian Collisions,Driver,50 to 54,,0,South,"Automobile, Station Wagon",Turning Left,Failed to Yield Right of Way,Inattentive, , , , , , ,1,0,1,0,0,0,0,0,0,1,0,0,0,0
1065056,2008,10,18,9,15,5,43.79924538,-79.41449029,Willowdale (24),24,Newtonbrook East (50),50,D32,North York,STEELES AVE E,WILLOWDALE AVE, ,Major Arterial,Intersection, ,Traffic Signal,Clear,Daylight,Other,Non-Fatal Injury,Pedestrian Collisions,Pedestrian,75 to 79,Major,0,North,Other, , , ,Vehicle turns left while ped crosses with ROW at inter.,Crossing with right of way,Normal, , , ,1,0,1,0,0,0,0,0,0,1,0,0,0,0
1193897,2010,10,8,9,15,4,43.78304632,-79.28928767,Scarborough-Agincourt (40),40,Tam O'Shanter-Sullivan (118),118,D42,Scarborough,SHEPPARD AVE E,KENNEDY RD, ,Major Arterial,Mid-Block, ,No Control,Clear,Daylight,Dry,Non-Fatal Injury,Pedestrian Collisions,Vehicle Owner,unknown, ,0, ,Other, , , , , , , , , ,1,0,0,0,0,1,0,0,0,1,0,0,0,0
1193897,2010,10,8,9,15,4,43.78304632,-79.28928767,Scarborough-Agincourt (40),40,Tam O'Shanter-Sullivan (118),118,D42,Scarborough,SHEPPARD AVE E,KENNEDY RD, ,Major Arterial,Mid-Block, ,No Control,Clear,Daylight,Dry,Non-Fatal Injury,Pedestrian Collisions,Driver,60 to 64,,0,West,Municipal Transit Bus (TTC),Pulling Away from Shoulder or Curb,Failed to Yield Right of Way,Normal, , , , , , ,1,0,0,0,0,1,0,0,0,1,0,0,0,0
1193897,2010,10,8,9,15,4,43.78304632,-79.28928767,Scarborough-Agincourt (40),40,Tam O'Shanter-Sullivan (118),118,D42,Scarborough,SHEPPARD AVE E,KENNEDY RD, ,Major Arterial,Mid-Block, ,No Control,Clear,Daylight,Dry,Non-Fatal Injury,Pedestrian Collisions,Pedestrian,85 to 89,Major,0,Unknown,Other, , , ,Pedestrian involved in a collision with transit vehicle anywhere along roadway,Person Getting on/off Vehicle,Normal, , , ,1,0,0,0,0,1,0,0,0,1,0,0,0,0
1265988,2011,10,31,9,15,0,43.70314538,-79.36059029,Don Valley West (26),26,Leaside-Bennington (56),56,D53,North York,LAIRD DR,MILLWOOD RD, ,Major Arterial,Intersection,At Intersection,Traffic Signal,Clear,Daylight,Dry,Non-Fatal Injury,Rear End,Driver,25 to 29,Major,0,South,"Automobile, Station Wagon",Stopped,Driving Properly,Normal, , , , , , ,0,0,1,0,0,0,0,0,0,1,0,0,0,0
1265988,2011,10,31,9,15,0,43.70314538,-79.36059029,Don Valley West (26),26,Leaside-Bennington (56),56,D53,North York,LAIRD DR,MILLWOOD RD, ,Major Arterial,Intersection,At Intersection,Traffic Signal,Clear,Daylight,Dry,Non-Fatal Injury,Rear End,Driver,unknown,,0,South,"Automobile, Station Wagon",Going Ahead,Following too Close,Unknown, , , , , , ,0,0,1,0,0,0,0,0,0,1,0,0,0,0
1272451,2011,12,31,9,15,5,43.61844538,-79.52249029,Etobicoke-Lakeshore (6),6,Mimico (includes Humber Bay Shores) (17),17,D22,Etobicoke York,F G GARDINER XY  E,KIPLING Ave, ,Expressway,Mid-Block, ,No Control,Rain,Daylight,Wet,Non-Fatal Injury,SMV Other,Passenger,30 to 34,Minimal,0, ,Other, , , , , , , , , ,0,0,1,0,0,0,0,1,1,1,0,0,0,0
1272451,2011,12,31,9,15,5,43.61844538,-79.52249029,Etobicoke-Lakeshore (6),6,Mimico (includes Humber Bay Shores) (17),17,D22,Etobicoke York,F G GARDINER XY  E,KIPLING Ave, ,Expressway,Mid-Block, ,No Control,Rain,Daylight,Wet,Non-Fatal Injury,SMV Other,Passenger,30 to 34,Major,0, ,Other, , , , , , , , , ,0,0,1,0,0,0,0,1,1,1,0,0,0,0
1272451,2011,12,31,9,15,5,43.61844538,-79.52249029,Etobicoke-Lakeshore (6),6,Mimico (includes Humber Bay Shores) (17),17,D22,Etobicoke York,F G GARDINER XY  E,KIPLING Ave, ,Expressway,Mid-Block, ,No Control,Rain,Daylight,Wet,Non-Fatal Injury,SMV Other,Passenger,55 to 59,Minimal,0, ,Other, , , , , , , , , ,0,0,1,0,0,0,0,1,1,1,0,0,0,0
1272451,2011,12,31,9,15,5,43.61844538,-79.52249029,Etobicoke-Lakeshore (6),6,Mimico (includes Humber Bay Shores) (17),17,D22,Etobicoke York,F G GARDINER XY  E,KIPLING Ave, ,Expressway,Mid-Block, ,No Control,Rain,Daylight,Wet,Non-Fatal Injury,SMV Other,Driver,25 to 29,Minor,0,East,"Automobile, Station Wagon",Going Ahead,Lost control,Normal, , , , , , ,0,0,1,0,0,0,0,1,1,1,0,0,0,0
1272451,2011,12,31,9,15,5,43.61844538,-79.52249029,Etobicoke-Lakeshore (6),6,Mimico (includes Humber Bay Shores) (17),17,D22,Etobicoke York,F G GARDINER XY  E,KIPLING Ave, ,Expressway,Mid-Block, ,No Control,Rain,Daylight,Wet,Non-Fatal Injury,SMV Other,Driver,unknown,,0,East,"Automobile, Station Wagon",Changing Lanes,Improper Lane Change,Unknown, , , , , , ,0,0,1,0,0,0,0,1,1,1,0,0,0,0
1316023,2012,9,10,9,15,0,43.74108465,-79.58921442,Etobicoke North (1),1,Mount Olive-Silverstone-Jamestown (2),2,D23,Etobicoke York,ALBION RD,FINCH AVE W, ,Major Arterial,Intersection,At Intersection,Traffic Signal,Clear,Daylight,Dry,Non-Fatal Injury,Rear End,Driver,45 to 49,Major,0,East,"Automobile, Station Wagon",Stopped,Driving Properly,Normal, , , , , , ,0,0,1,0,0,0,0,0,0,1,0,0,0,0
1316023,2012,9,10,9,15,0,43.74108465,-79.58921442,Etobicoke North (1),1,Mount Olive-Silverstone-Jamestown (2),2,D23,Etobicoke York,ALBION RD,FINCH AVE W, ,Major Arterial,Intersection,At Intersection,Traffic Signal,Clear,Daylight,Dry,Non-Fatal Injury,Rear End,Driver,unknown,,0,East,"Automobile, Station Wagon",Going Ahead,Following too Close,Unknown, , , , , , ,0,0,1,0,0,0,0,0,0,1,0,0,0,0
1165679,2010,4,29,9,16,3,43.81164538,-79.26919029,Scarborough-Rouge River (41),41,Agincourt North (129),129,D42,Scarborough,SANDHURST CRCL,MCCOWAN RD, ,Major Arterial,Intersection,At Intersection,Traffic Signal,Clear,Daylight,Dry,Non-Fatal Injury,Cyclist Collisions,Driver,60 to 64,,0,West,"Automobile, Station Wagon",Turning Right,Failed to Yield Right of Way,Normal, , , , , , ,0,1,1,0,0,0,0,0,0,1,0,0,0,0
1165679,2010,4,29,9,16,3,43.81164538,-79.26919029,Scarborough-Rouge River (41),41,Agincourt North (129),129,D42,Scarborough,SANDHURST CRCL,MCCOWAN RD, ,Major Arterial,Intersection,At Intersection,Traffic Signal,Clear,Daylight,Dry,Non-Fatal Injury,Cyclist Collisions,Cyclist,50 to 54,Major,0,South,Bicycle,Going Ahead, , , , , ,Motorist turning right on red at signalized intersection strikes cyclist.,Other,Normal,0,1,1,0,0,0,0,0,0,1,0,0,0,0
1172992,2010,6,12,9,16,5,43.68864538,-79.54289029,Etobicoke Centre (4),4,Kingsview Village-The Westway (6),6,D23,Etobicoke York,ISLINGTON AVE,THE WESTWAY, ,Major Arterial,Intersection,At Intersection,Traffic Signal,Clear,Daylight,Dry,Fatal,Angle,Driver,25 to 29,Fatal,21,East,"Automobile, Station Wagon",Going Ahead,Driving Properly,Unknown, , , , , , ,0,0,1,0,0,0,0,0,0,1,1,0,0,1
1172992,2010,6,12,9,16,5,43.68864538,-79.54289029,Etobicoke Centre (4),4,Kingsview Village-The Westway (6),6,D23,Etobicoke York,ISLINGTON AVE,THE WESTWAY, ,Major Arterial,Intersection,At Intersection,Traffic Signal,Clear,Daylight,Dry,Fatal,Angle,Driver,40 to 44,,0,North,"Automobile, Station Wagon",Stopped,Driving Properly,Normal, , , , , , ,0,0,1,0,0,0,0,0,0,1,1,0,0,1
1172992,2010,6,12,9,16,5,43.68864538,-79.54289029,Etobicoke Centre (4),4,Kingsview Village-The Westway (6),6,D23,Etobicoke York,ISLINGTON AVE,THE WESTWAY, ,Major Arterial,Intersection,At Intersection,Traffic Signal,Clear,Daylight,Dry,Fatal,Angle,Vehicle Owner,unknown, ,0, ,Other, , , , , , , , , ,0,0,1,0,0,0,0,0,0,1,1,0,0,1
1172992,2010,6,12,9,16,5,43.68864538,-79.54289029,Etobicoke Centre (4),4,Kingsview Village-The Westway (6),6,D23,Etobicoke York,ISLINGTON AVE,THE WESTWAY, ,Major Arterial,Intersection,At Intersection,Traffic Signal,Clear,Daylight,Dry,Fatal,Angle,Driver,20 to 24,Minor,0,South,"Automobile, Station Wagon",Going Ahead,Disobeyed Traffic Control,Normal, , , , , , ,0,0,1,0,0,0,0,0,0,1,1,0,0,1
1348049,2013,2,19,9,16,1,43.64784538,-79.37739029,Toronto Centre-Rosedale (28),28,Bay Street Corridor (76),76,D52,Toronto East York,YONGE ST,WELLINGTON ST W, ,Major Arterial,Intersection,At Intersection,Traffic Signal,Rain,Daylight,Wet,Non-Fatal Injury,Pedestrian Collisions,Driver,35 to 39,,0,South,"Automobile, Station Wagon",Turning Right,Failed to Yield Right of Way,Inattentive, , , , , , ,1,0,1,0,0,0,0,0,0,1,0,0,0,0
1348049,2013,2,19,9,16,1,43.64784538,-79.37739029,Toronto Centre-Rosedale (28),28,Bay Street Corridor (76),76,D52,Toronto East York,YONGE ST,WELLINGTON ST W, ,Major Arterial,Intersection,At Intersection,Traffic Signal,Rain,Daylight,Wet,Non-Fatal Injury,Pedestrian Collisions,Pedestrian,65 to 69,Major,0,South,Other, , , ,Vehicle turns right while ped crosses with ROW at inter.,Crossing with right of way,Normal, , , ,1,0,1,0,0,0,0,0,0,1,0,0,0,0
6001446484,2016,8,16,9,17,1,43.66810187,-79.36952601,Toronto Centre-Rosedale (28),28,Cabbagetown-South St.James Town (71),71,D51,Toronto East York,WELLESLEY ST E,PARLIAMENT ST, ,Minor Arterial,Intersection,At Intersection,Traffic Signal,Rain,Daylight,Wet,Non-Fatal Injury,Pedestrian Collisions,Driver,20 to 24,,0,East,"Automobile, Station Wagon",Turning Left,Failed to Yield Right of Way,Inattentive, , , , , , ,1,0,1,0,0,0,0,0,0,1,0,0,0,0
6001446484,2016,8,16,9,17,1,43.66810187,-79.36952601,Toronto Centre-Rosedale (28),28,Cabbagetown-South St.James Town (71),71,D51,Toronto East York,WELLESLEY ST E,PARLIAMENT ST, ,Minor Arterial,Intersection,At Intersection,Traffic Signal,Rain,Daylight,Wet,Non-Fatal Injury,Pedestrian Collisions,Pedestrian,65 to 69,Major,0,West, , , , ,Vehicle turns left while ped crosses with ROW at inter.,Crossing with right of way,Normal, , , ,1,0,1,0,0,0,0,0,0,1,0,0,0,0
4002986275,2014,9,26,9,18,4,43.71057471,-79.39389429,St. Paul's (22),22,Mount Pleasant West (104),104,D53,Toronto East York,REDPATH AVE,BROADWAY AVE, ,Collector,Intersection,At Intersection,Stop Sign,Clear,Daylight,Dry,Non-Fatal Injury,Pedestrian Collisions,Driver,55 to 59,,0,South,Police Vehicle,Turning Left,Failed to Yield Right of Way,Normal, , , , , , ,1,0,0,0,0,0,1,0,0,1,0,0,0,0
4002986275,2014,9,26,9,18,4,43.71057471,-79.39389429,St. Paul's (22),22,Mount Pleasant West (104),104,D53,Toronto East York,REDPATH AVE,BROADWAY AVE, ,Collector,Intersection,At Intersection,Stop Sign,Clear,Daylight,Dry,Non-Fatal Injury,Pedestrian Collisions,Pedestrian,25 to 29,Major,0,North, , , , ,Vehicle turns left while ped crosses with ROW at inter.,Crossing with right of way,Normal, , , ,1,0,0,0,0,0,1,0,0,1,0,0,0,0
958350,2007,2,8,9,20,3,43.73384538,-79.28599029,Scarborough Centre (37),37,Wexford/Maryvale (119),119,D41,Scarborough,CROCKFORD BLVD,BERTRAND AVE, ,Collector,Intersection, ,No Control,Clear,Daylight,Dry,Non-Fatal Injury,Turning Movement,Vehicle Owner,unknown, ,0, ,Other, , , , , , , , , ,0,0,1,0,0,0,0,0,1,1,0,0,0,0
958350,2007,2,8,9,20,3,43.73384538,-79.28599029,Scarborough Centre (37),37,Wexford/Maryvale (119),119,D41,Scarborough,CROCKFORD BLVD,BERTRAND AVE, ,Collector,Intersection, ,No Control,Clear,Daylight,Dry,Non-Fatal Injury,Turning Movement,Driver,25 to 29,,0,West,"Automobile, Station Wagon",Turning Right,Lost control,Normal, , , , , , ,0,0,1,0,0,0,0,0,1,1,0,0,0,0
958350,2007,2,8,9,20,3,43.73384538,-79.28599029,Scarborough Centre (37),37,Wexford/Maryvale (119),119,D41,Scarborough,CROCKFORD BLVD,BERTRAND AVE, ,Collector,Intersection, ,No Control,Clear,Daylight,Dry,Non-Fatal Injury,Turning Movement,Vehicle Owner,unknown, ,0, ,Other, , , , , , , , , ,0,0,1,0,0,0,0,0,1,1,0,0,0,0
958350,2007,2,8,9,20,3,43.73384538,-79.28599029,Scarborough Centre (37),37,Wexford/Maryvale (119),119,D41,Scarborough,CROCKFORD BLVD,BERTRAND AVE, ,Collector,Intersection, ,No Control,Clear,Daylight,Dry,Non-Fatal Injury,Turning Movement,Driver,45 to 49,Major,0,South,"Automobile, Station Wagon",Going Ahead,Driving Properly,Normal, , , , , , ,0,0,1,0,0,0,0,0,1,1,0,0,0,0
1026843,2008,3,9,9,20,6,43.68554538,-79.51249029,Etobicoke Centre (4),4,Humber Heights-Westmount (8),8,D23,Etobicoke York,SCARLETT RD,RICHVIEW RD, ,Major Arterial,Intersection, ,Stop Sign,Clear,Daylight,Packed Snow,Fatal,Turning Movement,Passenger,60 to 64,Minor,0, ,Other, , , , , , , , , ,0,0,1,0,0,0,0,1,0,1,0,0,0,1
1026843,2008,3,9,9,20,6,43.68554538,-79.51249029,Etobicoke Centre (4),4,Humber Heights-Westmount (8),8,D23,Etobicoke York,SCARLETT RD,RICHVIEW RD, ,Major Arterial,Intersection, ,Stop Sign,Clear,Daylight,Packed Snow,Fatal,Turning Movement,Driver,85 to 89,Fatal,11,East,"Automobile, Station Wagon",Turning Left,Failed to Yield Right of Way,Unknown, , , , , , ,0,0,1,0,0,0,0,1,0,1,0,0,0,1
1026843,2008,3,9,9,20,6,43.68554538,-79.51249029,Etobicoke Centre (4),4,Humber Heights-Westmount (8),8,D23,Etobicoke York,SCARLETT RD,RICHVIEW RD, ,Major Arterial,Intersection, ,Stop Sign,Clear,Daylight,Packed Snow,Fatal,Turning Movement,Driver,70 to 74,Minor,0,South,"Automobile, Station Wagon",Going Ahead,Driving Properly,Normal, , , , , , ,0,0,1,0,0,0,0,1,0,1,0,0,0,1
1062115,2008,9,2,9,20,1,43.67474538,-79.45759029,Davenport (17),17,Weston-Pellam Park (91),91,D11,Etobicoke York,ST CLAIR AVE W,LAUGHTON AVE, ,Major Arterial,Intersection,At Intersection,Traffic Signal,Clear,Daylight,Dry,Non-Fatal Injury,Pedestrian Collisions,Vehicle Owner,unknown, ,0, ,Other, , , , , , , , , ,1,0,1,0,0,0,0,0,0,1,0,0,0,0
1062115,2008,9,2,9,20,1,43.67474538,-79.45759029,Davenport (17),17,Weston-Pellam Park (91),91,D11,Etobicoke York,ST CLAIR AVE W,LAUGHTON AVE, ,Major Arterial,Intersection,At Intersection,Traffic Signal,Clear,Daylight,Dry,Non-Fatal Injury,Pedestrian Collisions,Driver,20 to 24,,0,North,"Automobile, Station Wagon",Turning Left,Failed to Yield Right of Way,Inattentive, , , , , , ,1,0,1,0,0,0,0,0,0,1,0,0,0,0
1062115,2008,9,2,9,20,1,43.67474538,-79.45759029,Davenport (17),17,Weston-Pellam Park (91),91,D11,Etobicoke York,ST CLAIR AVE W,LAUGHTON AVE, ,Major Arterial,Intersection,At Intersection,Traffic Signal,Clear,Daylight,Dry,Non-Fatal Injury,Pedestrian Collisions,Pedestrian,0 to 4,,0, ,Other, , , ,Vehicle turns left while ped crosses with ROW at inter.,Crossing with right of way,Normal, , , ,1,0,1,0,0,0,0,0,0,1,0,0,0,0
1062115,2008,9,2,9,20,1,43.67474538,-79.45759029,Davenport (17),17,Weston-Pellam Park (91),91,D11,Etobicoke York,ST CLAIR AVE W,LAUGHTON AVE, ,Major Arterial,Intersection,At Intersection,Traffic Signal,Clear,Daylight,Dry,Non-Fatal Injury,Pedestrian Collisions,Pedestrian,30 to 34,Major,0, ,Other,Unknown, , ,Vehicle turns left while ped crosses with ROW at inter.,Crossing with right of way,Normal, , , ,1,0,1,0,0,0,0,0,0,1,0,0,0,0
1075796,2008,11,19,9,20,2,43.65924538,-79.43869029,Davenport (18),18,Dovercourt-Wallace Emerson-Junction (93),93,D11,Toronto East York,BLOOR ST W,BROCK AVE, ,Major Arterial, , ,No Control,Clear,Daylight,Dry,Non-Fatal Injury,Pedestrian Collisions,Driver,30 to 34,,0,South,"Automobile, Station Wagon",Turning Left, , , , , , , , ,1,0,1,0,0,0,0,0,0,0,0,0,0,0
1075796,2008,11,19,9,20,2,43.65924538,-79.43869029,Davenport (18),18,Dovercourt-Wallace Emerson-Junction (93),93,D11,Toronto East York,BLOOR ST W,BROCK AVE, ,Major Arterial, , ,No Control,Clear,Daylight,Dry,Non-Fatal Injury,Pedestrian Collisions,Pedestrian,unknown,Major,0, ,Other,Other, , , , , , , , ,1,0,1,0,0,0,0,0,0,0,0,0,0,0
1084803,2008,12,29,9,20,0,43.77284538,-79.44819029,York Centre (10),10,Westminster-Branson (35),35,D32,North York,FINCH AVE W,VIRGILWOOD DR, ,Major Arterial,Intersection,At Intersection,Traffic Signal,Clear,Daylight,Dry,Non-Fatal Injury,Pedestrian Collisions,Vehicle Owner,unknown, ,0, ,Other, , , , , , , , , ,1,0,1,0,0,0,0,0,0,1,0,0,0,0
1084803,2008,12,29,9,20,0,43.77284538,-79.44819029,York Centre (10),10,Westminster-Branson (35),35,D32,North York,FINCH AVE W,VIRGILWOOD DR, ,Major Arterial,Intersection,At Intersection,Traffic Signal,Clear,Daylight,Dry,Non-Fatal Injury,Pedestrian Collisions,Driver,40 to 44,,0,South,"Automobile, Station Wagon",Turning Left,Failed to Yield Right of Way,Normal, , , , , , ,1,0,1,0,0,0,0,0,0,1,0,0,0,0
1038512,2008,5,15,9,50,3,43.65494538,-79.56429029,Etobicoke Centre (3),3,Eringate-Centennial-West Deane (11),11,D22,Etobicoke York,RATHBURN Road,THE EAST MALL, ,Minor Arterial,Intersection,At Intersection,Traffic Signal,Clear,Daylight,Dry,Non-Fatal Injury,Turning Movement,Driver,80 to 84,Major,0,West,"Automobile, Station Wagon",Going Ahead,Disobeyed Traffic Control,Medical or Physical Disability, , , , , , ,0,0,1,0,0,0,0,0,0,1,1,0,1,0
1048242,2008,6,23,9,50,0,43.66304538,-79.40209029,Trinity-Spadina (20),20,University (79),79,D52,Toronto East York,SPADINA Aven,HARBORD Stre, ,Major Arterial,Intersection,At Intersection,Traffic Signal,Clear,Daylight,Dry,Non-Fatal Injury,Pedestrian Collisions,Pedestrian,20 to 24,Major,0,East,Other, , , ,Pedestrian involved in a collision with transit vehicle anywhere along roadway,Crossing without right of way,Inattentive, , , ,1,0,0,0,0,1,0,0,0,0,0,0,0,0
1048242,2008,6,23,9,50,0,43.66304538,-79.40209029,Trinity-Spadina (20),20,University (79),79,D52,Toronto East York,SPADINA Aven,HARBORD Stre, ,Major Arterial,Intersection,At Intersection,Traffic Signal,Clear,Daylight,Dry,Non-Fatal Injury,Pedestrian Collisions,Vehicle Owner,unknown, ,0, ,Other, , , , , , , , , ,1,0,0,0,0,1,0,0,0,0,0,0,0,0
1048242,2008,6,23,9,50,0,43.66304538,-79.40209029,Trinity-Spadina (20),20,University (79),79,D52,Toronto East York,SPADINA Aven,HARBORD Stre, ,Major Arterial,Intersection,At Intersection,Traffic Signal,Clear,Daylight,Dry,Non-Fatal Injury,Pedestrian Collisions,Driver,40 to 44,,0,North,Municipal Transit Bus (TTC),Going Ahead,Driving Properly,Normal, , , , , , ,1,0,0,0,0,1,0,0,0,0,0,0,0,0
1083356,2008,11,28,9,50,4,43.77454538,-79.25219029,Scarborough Centre (38),38,Woburn (137),137,D43,Scarborough,MCCOWAN RD,TOWN CENTRE CRT, ,Major Arterial,Intersection,At Intersection,Traffic Signal,Clear,Daylight,Wet,Non-Fatal Injury,Angle,Driver,70 to 74,,0,South,"Automobile, Station Wagon",Going Ahead,Disobeyed Traffic Control,Normal, , , , , , ,0,0,1,0,0,0,0,0,0,1,1,0,0,0
1083356,2008,11,28,9,50,4,43.77454538,-79.25219029,Scarborough Centre (38),38,Woburn (137),137,D43,Scarborough,MCCOWAN RD,TOWN CENTRE CRT, ,Major Arterial,Intersection,At Intersection,Traffic Signal,Clear,Daylight,Wet,Non-Fatal Injury,Angle,Driver,35 to 39,Major,0,West,"Automobile, Station Wagon",Going Ahead,Driving Properly,Normal, , , , , , ,0,0,1,0,0,0,0,0,0,1,1,0,0,0
1083356,2008,11,28,9,50,4,43.77454538,-79.25219029,Scarborough Centre (38),38,Woburn (137),137,D43,Scarborough,MCCOWAN RD,TOWN CENTRE CRT, ,Major Arterial,Intersection,At Intersection,Traffic Signal,Clear,Daylight,Wet,Non-Fatal Injury,Angle,Driver,35 to 39,,0,East,"Automobile, Station Wagon",Stopped,Driving Properly,Normal, , , , , , ,0,0,1,0,0,0,0,0,0,1,1,0,0,0
1130210,2009,9,16,9,50,2,43.66564538,-79.38769029,Toronto Centre-Rosedale (27),27,Bay Street Corridor (76),76,D52,Toronto East York,BAY ST,ST JOSEPH ST, ,Major Arterial,Intersection,At Intersection,Traffic Signal,Clear,Daylight,Dry,Non-Fatal Injury,Rear End,Motorcycle Driver,25 to 29,Major,0,South,Motorcycle,Slowing or Stopping,Following too Close,Inattentive, , , , , , ,0,0,1,1,0,0,0,0,1,1,0,0,0,0
1130210,2009,9,16,9,50,2,43.66564538,-79.38769029,Toronto Centre-Rosedale (27),27,Bay Street Corridor (76),76,D52,Toronto East York,BAY ST,ST JOSEPH ST, ,Major Arterial,Intersection,At Intersection,Traffic Signal,Clear,Daylight,Dry,Non-Fatal Injury,Rear End,Driver,50 to 54,,0,South,"Automobile, Station Wagon",Stopped,Driving Properly,Normal, , , , , , ,0,0,1,1,0,0,0,0,1,1,0,0,0,0
1235865,2011,3,29,9,50,1,43.65334538,-79.39619029,Trinity-Spadina (20),20,Kensington-Chinatown (78),78,D52,Toronto East York,HURON ST,DUNDAS ST W, ,Major Arterial,Intersection,At Intersection,Traffic Signal,Clear,Daylight,Dry,Non-Fatal Injury,Pedestrian Collisions,Pedestrian,75 to 79,Major,0,Unknown,Other, , , ,Vehicle turns left while ped crosses with ROW at inter.,Crossing with right of way,Normal, , , ,1,0,1,0,0,0,0,0,0,1,0,0,0,0
1235865,2011,3,29,9,50,1,43.65334538,-79.39619029,Trinity-Spadina (20),20,Kensington-Chinatown (78),78,D52,Toronto East York,HURON ST,DUNDAS ST W, ,Major Arterial,Intersection,At Intersection,Traffic Signal,Clear,Daylight,Dry,Non-Fatal Injury,Pedestrian Collisions,Driver,50 to 54,,0,South,"Automobile, Station Wagon",Turning Left,Failed to Yield Right of Way,Inattentive, , , , , , ,1,0,1,0,0,0,0,0,0,1,0,0,0,0
1279742,2011,12,15,9,50,3,43.64984538,-79.38079029,Toronto Centre-Rosedale (28),28,Bay Street Corridor (76),76,D52,Toronto East York,ADELAIDE St W,BAY St, ,Major Arterial,Intersection,At Intersection,Traffic Signal,Rain,Daylight,Wet,Non-Fatal Injury,Cyclist Collisions,Vehicle Owner,unknown, ,0, ,Other, , , , , , , , , ,0,1,1,0,0,0,0,0,0,0,0,0,0,0