ACCNUM,YEAR,MONTH,DAY,HOUR,MINUTES,WEEKDAY,LATITUDE,LONGITUDE,Ward_Name,Ward_ID,Hood_Name,Hood_ID,Division,District,STREET1,STREET2,OFFSET,ROAD_CLASS,LOCCOORD,ACCLOC,TRAFFCTL,VISIBILITY,LIGHT,RDSFCOND,ACCLASS,IMPACTYPE,INVTYPE,INVAGE,INJURY,FATAL_NO,INITDIR,VEHTYPE,MANOEUVER,DRIVACT,DRIVCOND,PEDTYPE,PEDACT,PEDCOND,CYCLISTYPE,CYCACT,CYCCOND,PEDESTRIAN,CYCLIST,AUTOMOBILE,MOTORCYCLE,TRUCK,TRSN_CITY_VEH,EMERG_VEH,PASSENGER,SPEEDING,AG_DRIV,REDLIGHT,ALCOHOL,DISABILITY,label
1279742,2011,12,15,9,50,3,43.64984538,-79.38079029,Toronto Centre-Rosedale (28),28,Bay Street Corridor (76),76,D52,Toronto East York,ADELAIDE St W,BAY St, ,Major Arterial,Intersection,At Intersection,Traffic Signal,Rain,Daylight,Wet,Non-Fatal Injury,Cyclist Collisions,Driver,40 to 44,,0,East,"Automobile, Station Wagon",Going Ahead,Driving Properly,Normal, , , , , , ,0,1,1,0,0,0,0,0,0,0,0,0,0,0
1279742,2011,12,15,9,50,3,43.64984538,-79.38079029,Toronto Centre-Rosedale (28),28,Bay Street Corridor (76),76,D52,Toronto East York,ADELAIDE St W,BAY St, ,Major Arterial,Intersection,At Intersection,Traffic Signal,Rain,Daylight,Wet,Non-Fatal Injury,Cyclist Collisions,Cyclist,40 to 44,Major,0,East,Bicycle,Merging, , , , , ,Cyclist and Driver travelling in same direction. One vehicle sideswipes the other.,Lost control,Inattentive,0,1,1,0,0,0,0,0,0,0,0,0,0,0
1369859,2013,6,13,9,50,3,43.72504538,-79.43109029,Eglinton-Lawrence (16),16,Bedford Park-Nortown (39),39,D32,North York,BATHURST ST,FAIRLAWN AVE, ,Major Arterial,Intersection,At Intersection,Traffic Signal,Rain,Daylight,Wet,Non-Fatal Injury,Pedestrian Collisions,Driver,70 to 74,,0,West,"Automobile, Station Wagon",Turning Left,Failed to Yield Right of Way,Normal, , , , , , ,1,0,1,0,0,0,0,0,0,1,0,0,0,0
1369859,2013,6,13,9,50,3,43.72504538,-79.43109029,Eglinton-Lawrence (16),16,Bedford Park-Nortown (39),39,D32,North York,BATHURST ST,FAIRLAWN AVE, ,Major Arterial,Intersection,At Intersection,Traffic Signal,Rain,Daylight,Wet,Non-Fatal Injury,Pedestrian Collisions,Pedestrian,90 to 94,Major,0,East,Other, , , ,Vehicle turns left while ped crosses with ROW at inter.,Crossing with right of way,Normal, , , ,1,0,1,0,0,0,0,0,0,1,0,0,0,0
5000552062,2015,4,3,9,50,4,43.75599249,-79.31457911,Scarborough Centre (37),37,Wexford/Maryvale (119),119,D41,North York,VICTORIA PARK AVE,COMBERMERE DR,12 m South of,Major Arterial,Intersection,Intersection Related,No Control,Clear,Daylight,Dry,Non-Fatal Injury,Rear End,Driver,65 to 69,,0,South,"Automobile, Station Wagon",Going Ahead,Following too Close,Inattentive, , , , , , ,0,0,1,0,0,0,0,1,0,1,0,0,0,0
5000552062,2015,4,3,9,50,4,43.75599249,-79.31457911,Scarborough Centre (37),37,Wexford/Maryvale (119),119,D41,North York,VICTORIA PARK AVE,COMBERMERE DR,12 m South of,Major Arterial,Intersection,Intersection Related,No Control,Clear,Daylight,Dry,Non-Fatal Injury,Rear End,Driver,50 to 54,Minimal,0,South,"Automobile, Station Wagon",Slowing or Stopping,Driving Properly,Normal, , , , , , ,0,0,1,0,0,0,0,1,0,1,0,0,0,0
5000552062,2015,4,3,9,50,4,43.75599249,-79.31457911,Scarborough Centre (37),37,Wexford/Maryvale (119),119,D41,North York,VICTORIA PARK AVE,COMBERMERE DR,12 m South of,Major Arterial,Intersection,Intersection Related,No Control,Clear,Daylight,Dry,Non-Fatal Injury,Rear End,Driver,45 to 49,,0,South,"Automobile, Station Wagon",Stopped,Driving Properly,Normal, , , , , , ,0,0,1,0,0,0,0,1,0,1,0,0,0,0
5000552062,2015,4,3,9,50,4,43.75599249,-79.31457911,Scarborough Centre (37),37,Wexford/Maryvale (119),119,D41,North York,VICTORIA PARK AVE,COMBERMERE DR,12 m South of,Major Arterial,Intersection,Intersection Related,No Control,Clear,Daylight,Dry,Non-Fatal Injury,Rear End,Driver,35 to 39,,0,South,"Automobile, Station Wagon",Stopped,Driving Properly,Normal, , , , , , ,0,0,1,0,0,0,0,1,0,1,0,0,0,0
5000552062,2015,4,3,9,50,4,43.75599249,-79.31457911,Scarborough Centre (37),37,Wexford/Maryvale (119),119,D41,North York,VICTORIA PARK AVE,COMBERMERE DR,12 m South of,Major Arterial,Intersection,Intersection Related,No Control,Clear,Daylight,Dry,Non-Fatal Injury,Rear End,Passenger,65 to 69,Major,0, , , , , , , , , , , ,0,0,1,0,0,0,0,1,0,1,0,0,0,0
5000552062,2015,4,3,9,50,4,43.75599249,-79.31457911,Scarborough Centre (37),37,Wexford/Maryvale (119),119,D41,North York,VICTORIA PARK AVE,COMBERMERE DR,12 m South of,Major Arterial,Intersection,Intersection Related,No Control,Clear,Daylight,Dry,Non-Fatal Injury,Rear End,Passenger,40 to 44,,0, , , , , , , , , , , ,0,0,1,0,0,0,0,1,0,1,0,0,0,0
5000552062,2015,4,3,9,50,4,43.75599249,-79.31457911,Scarborough Centre (37),37,Wexford/Maryvale (119),119,D41,North York,VICTORIA PARK AVE,COMBERMERE DR,12 m South of,Major Arterial,Intersection,Intersection Related,No Control,Clear,Daylight,Dry,Non-Fatal Injury,Rear End,Passenger,65 to 69,,0, , , , , , , , , , , ,0,0,1,0,0,0,0,1,0,1,0,0,0,0
5000552062,2015,4,3,9,50,4,43.75599249,-79.31457911,Scarborough Centre (37),37,Wexford/Maryvale (119),119,D41,North York,VICTORIA PARK AVE,COMBERMERE DR,12 m South of,Major Arterial,Intersection,Intersection Related,No Control,Clear,Daylight,Dry,Non-Fatal Injury,Rear End,Passenger,70 to 74,,0, , , , , , , , , , , ,0,0,1,0,0,0,0,1,0,1,0,0,0,0
5000552062,2015,4,3,9,50,4,43.75599249,-79.31457911,Scarborough Centre (37),37,Wexford/Maryvale (119),119,D41,North York,VICTORIA PARK AVE,COMBERMERE DR,12 m South of,Major Arterial,Intersection,Intersection Related,No Control,Clear,Daylight,Dry,Non-Fatal Injury,Rear End,Passenger,10 to 14,,0, , , , , , , , , , , ,0,0,1,0,0,0,0,1,0,1,0,0,0,0
5000552062,2015,4,3,9,50,4,43.75599249,-79.31457911,Scarborough Centre (37),37,Wexford/Maryvale (119),119,D41,North York,VICTORIA PARK AVE,COMBERMERE DR,12 m South of,Major Arterial,Intersection,Intersection Related,No Control,Clear,Daylight,Dry,Non-Fatal Injury,Rear End,Passenger,15 to 19,,0, , , , , , , , , , , ,0,0,1,0,0,0,0,1,0,1,0,0,0,0
5000552062,2015,4,3,9,50,4,43.75599249,-79.31457911,Scarborough Centre (37),37,Wexford/Maryvale (119),119,D41,North York,VICTORIA PARK AVE,COMBERMERE DR,12 m South of,Major Arterial,Intersection,Intersection Related,No Control,Clear,Daylight,Dry,Non-Fatal Injury,Rear End,Passenger,35 to 39,,0, , , , , , , , , , , ,0,0,1,0,0,0,0,1,0,1,0,0,0,0
5000552062,2015,4,3,9,50,4,43.75599249,-79.31457911,Scarborough Centre (37),37,Wexford/Maryvale (119),119,D41,North York,VICTORIA PARK AVE,COMBERMERE DR,12 m South of,Major Arterial,Intersection,Intersection Related,No Control,Clear,Daylight,Dry,Non-Fatal Injury,Rear End,Passenger,5 to 9,,0, , , , , , , , , , , ,0,0,1,0,0,0,0,1,0,1,0,0,0,0
5000552062,2015,4,3,9,50,4,43.75599249,-79.31457911,Scarborough Centre (37),37,Wexford/Maryvale (119),119,D41,North York,VICTORIA PARK AVE,COMBERMERE DR,12 m South of,Major Arterial,Intersection,Intersection Related,No Control,Clear,Daylight,Dry,Non-Fatal Injury,Rear End,Passenger,10 to 14,,0, , , , , , , , , , , ,0,0,1,0,0,0,0,1,0,1,0,0,0,0
5001934875,2015,11,10,9,50,1,43.80476721,-79.28487025,Scarborough-Rouge River (41),41,Agincourt North (129),129,D42,Scarborough,DUNMAIL DR,BLUE EAGLE TRL,15 m West of,Local,Intersection,Non Intersection,No Control,Clear,Daylight,Dry,Non-Fatal Injury,Cyclist Collisions,Driver,45 to 49,,0,West,"Automobile, Station Wagon",Making U Turn,Improper Turn,Inattentive, , , , , , ,0,1,1,0,0,0,0,0,0,0,0,0,0,0
5001934875,2015,11,10,9,50,1,43.80476721,-79.28487025,Scarborough-Rouge River (41),41,Agincourt North (129),129,D42,Scarborough,DUNMAIL DR,BLUE EAGLE TRL,15 m West of,Local,Intersection,Non Intersection,No Control,Clear,Daylight,Dry,Non-Fatal Injury,Cyclist Collisions,Cyclist,55 to 59,Major,0,West,Bicycle,Going Ahead, , , , , ,Motorist turning right on red at signalized intersection strikes cyclist.,Driving Properly,Normal,0,1,1,0,0,0,0,0,0,0,0,0,0,0
7000961019,2017,5,31,9,50,2,43.77930411,-79.39087305,Willowdale (24),24,Bayview Village (52),52,D33,North York,BAYVIEW AVE,BURLEIGH HEIGHTS DR, ,Major Arterial,Intersection,At Intersection,No Control,Clear,Daylight,Dry,Fatal,Pedestrian Collisions,Driver,40 to 44,,0,South,"Automobile, Station Wagon",Going Ahead,Driving Properly,Normal, , , , , , ,1,0,1,0,0,0,0,0,0,0,0,0,0,1
7000961019,2017,5,31,9,50,2,43.77930411,-79.39087305,Willowdale (24),24,Bayview Village (52),52,D33,North York,BAYVIEW AVE,BURLEIGH HEIGHTS DR, ,Major Arterial,Intersection,At Intersection,No Control,Clear,Daylight,Dry,Fatal,Pedestrian Collisions,Pedestrian,15 to 19,Fatal,25,West, , , , ,Vehicle is going straight thru inter.while ped cross without ROW,"Crossing, no Traffic Control",Normal, , , ,1,0,1,0,0,0,0,0,0,0,0,0,0,1
7000961019,2017,5,31,9,50,2,43.77930411,-79.39087305,Willowdale (24),24,Bayview Village (52),52,D33,North York,BAYVIEW AVE,BURLEIGH HEIGHTS DR, ,Major Arterial,Intersection,At Intersection,No Control,Clear,Daylight,Dry,Fatal,Pedestrian Collisions,Pedestrian,15 to 19,Major,0,West, , , , ,Vehicle is going straight thru inter.while ped cross without ROW,Crossing without right of way,Normal, , , ,1,0,1,0,0,0,0,0,0,0,0,0,0,1
1315841,2012,8,12,9,51,6,43.66184538,-79.37939029,Toronto Centre-Rosedale (27),27,Church-Yonge Corridor (75),75,D51,Toronto East York,CHURCH ST,CARLTON ST, ,Major Arterial,Intersection,At Intersection,Traffic Signal,Clear,Daylight,Dry,Non-Fatal Injury,Angle,Motorcycle Driver,40 to 44,Major,0,North,Motorcycle,Going Ahead,Driving Properly,Normal, , , , , , ,0,0,1,1,0,0,0,0,0,1,1,0,0,0
1315841,2012,8,12,9,51,6,43.66184538,-79.37939029,Toronto Centre-Rosedale (27),27,Church-Yonge Corridor (75),75,D51,Toronto East York,CHURCH ST,CARLTON ST, ,Major Arterial,Intersection,At Intersection,Traffic Signal,Clear,Daylight,Dry,Non-Fatal Injury,Angle,Vehicle Owner,unknown, ,0, ,Other, , , , , , , , , ,0,0,1,1,0,0,0,0,0,1,1,0,0,0
1315841,2012,8,12,9,51,6,43.66184538,-79.37939029,Toronto Centre-Rosedale (27),27,Church-Yonge Corridor (75),75,D51,Toronto East York,CHURCH ST,CARLTON ST, ,Major Arterial,Intersection,At Intersection,Traffic Signal,Clear,Daylight,Dry,Non-Fatal Injury,Angle,Driver,35 to 39,,0,West,"Automobile, Station Wagon",Going Ahead,Disobeyed Traffic Control,Normal, , , , , , ,0,0,1,1,0,0,0,0,0,1,1,0,0,0
1344050,2013,3,3,9,51,6,43.61014538,-79.49589029,Etobicoke-Lakeshore (6),6,Mimico (includes Humber Bay Shores) (17),17,D22,Etobicoke York,ROYAL YORK RD,HILLSIDE AVE, ,Minor Arterial,Intersection, ,Stop Sign,Clear,Daylight,Dry,Non-Fatal Injury,Angle,Passenger,15 to 19,Minimal,0, ,Other,Other, , , , , , , , ,0,0,1,0,0,1,0,1,0,0,0,0,0,0
1344050,2013,3,3,9,51,6,43.61014538,-79.49589029,Etobicoke-Lakeshore (6),6,Mimico (includes Humber Bay Shores) (17),17,D22,Etobicoke York,ROYAL YORK RD,HILLSIDE AVE, ,Minor Arterial,Intersection, ,Stop Sign,Clear,Daylight,Dry,Non-Fatal Injury,Angle,Vehicle Owner,unknown, ,0, ,Other, , , , , , , , , ,0,0,1,0,0,1,0,1,0,0,0,0,0,0
1344050,2013,3,3,9,51,6,43.61014538,-79.49589029,Etobicoke-Lakeshore (6),6,Mimico (includes Humber Bay Shores) (17),17,D22,Etobicoke York,ROYAL YORK RD,HILLSIDE AVE, ,Minor Arterial,Intersection, ,Stop Sign,Clear,Daylight,Dry,Non-Fatal Injury,Angle,Driver,45 to 49,,0,South,Municipal Transit Bus (TTC),Stopped,Driving Properly,Normal, , , , , , ,0,0,1,0,0,1,0,1,0,0,0,0,0,0
1344050,2013,3,3,9,51,6,43.61014538,-79.49589029,Etobicoke-Lakeshore (6),6,Mimico (includes Humber Bay Shores) (17),17,D22,Etobicoke York,ROYAL YORK RD,HILLSIDE AVE, ,Minor Arterial,Intersection, ,Stop Sign,Clear,Daylight,Dry,Non-Fatal Injury,Angle,Driver,50 to 54,Major,0,West,"Automobile, Station Wagon",Going Ahead,Lost control,Unknown, , , , , , ,0,0,1,0,0,1,0,1,0,0,0,0,0,0
1291846,2012,3,28,9,52,2,43.64984472,-79.4182931,Trinity-Spadina (19),19,Trinity-Bellwoods (81),81,D14,Toronto East York,DUNDAS Stre W,SHAW Stre, ,Major Arterial,Intersection,At Intersection,Traffic Signal,Clear,Daylight,Dry,Non-Fatal Injury,Cyclist Collisions,Driver,unknown,,0,Unknown,"Automobile, Station Wagon",Unknown,Other,Unknown, , , , , , ,0,1,1,0,0,0,0,0,0,0,0,0,0,0
1291846,2012,3,28,9,52,2,43.64984472,-79.4182931,Trinity-Spadina (19),19,Trinity-Bellwoods (81),81,D14,Toronto East York,DUNDAS Stre W,SHAW Stre, ,Major Arterial,Intersection,At Intersection,Traffic Signal,Clear,Daylight,Dry,Non-Fatal Injury,Cyclist Collisions,Cyclist,30 to 34,Major,0,East,Bicycle,Going Ahead, , , , , ,Insufficient information (to determine cyclist crash type).,Other,Unknown,0,1,1,0,0,0,0,0,0,0,0,0,0,0
1319292,2012,8,30,9,52,3,43.64514538,-79.40319029,Trinity-Spadina (20),20,Waterfront Communities-The Island (77),77,D14,Toronto East York,BATHURST ST,ADELAIDE ST W, ,Major Arterial,Intersection,At Intersection,Traffic Signal,Clear,Daylight,Dry,Non-Fatal Injury,Pedestrian Collisions,Vehicle Owner,unknown, ,0, ,Other, , , , , , , , , ,1,0,0,0,1,0,0,0,0,0,0,0,0,0
1319292,2012,8,30,9,52,3,43.64514538,-79.40319029,Trinity-Spadina (20),20,Waterfront Communities-The Island (77),77,D14,Toronto East York,BATHURST ST,ADELAIDE ST W, ,Major Arterial,Intersection,At Intersection,Traffic Signal,Clear,Daylight,Dry,Non-Fatal Injury,Pedestrian Collisions,Truck Driver,45 to 49,,0,South,Truck - Open,Turning Left,Improper Turn,Normal, , , , , , ,1,0,0,0,1,0,0,0,0,0,0,0,0,0
1319292,2012,8,30,9,52,3,43.64514538,-79.40319029,Trinity-Spadina (20),20,Waterfront Communities-The Island (77),77,D14,Toronto East York,BATHURST ST,ADELAIDE ST W, ,Major Arterial,Intersection,At Intersection,Traffic Signal,Clear,Daylight,Dry,Non-Fatal Injury,Pedestrian Collisions,Pedestrian,50 to 54,Major,0,South,Other, , , ,Vehicle turns left while ped crosses with ROW at inter.,Crossing with right of way,Normal, , , ,1,0,0,0,1,0,0,0,0,0,0,0,0,0
6000441684,2016,3,14,9,52,0,43.79265173,-79.35472498,Don Valley East (33),33,Don Valley Village (47),47,D33,North York,DON MILLS RD,FINCH AVE E, ,Major Arterial,Intersection,At Intersection,Traffic Signal,Rain,Daylight,Wet,Fatal,Angle,Passenger,55 to 59,Fatal,17, , , , , , , , , , , ,0,0,1,0,0,0,0,1,0,1,1,0,0,1
6000441684,2016,3,14,9,52,0,43.79265173,-79.35472498,Don Valley East (33),33,Don Valley Village (47),47,D33,North York,DON MILLS RD,FINCH AVE E, ,Major Arterial,Intersection,At Intersection,Traffic Signal,Rain,Daylight,Wet,Fatal,Angle,Driver,55 to 59,Minimal,0,East,"Automobile, Station Wagon",Going Ahead,Disobeyed Traffic Control,Unknown, , , , , , ,0,0,1,0,0,0,0,1,0,1,1,0,0,1
6000441684,2016,3,14,9,52,0,43.79265173,-79.35472498,Don Valley East (33),33,Don Valley Village (47),47,D33,North York,DON MILLS RD,FINCH AVE E, ,Major Arterial,Intersection,At Intersection,Traffic Signal,Rain,Daylight,Wet,Fatal,Angle,Driver,40 to 44,Minimal,0,North,"Automobile, Station Wagon",Going Ahead,Driving Properly,Normal, , , , , , ,0,0,1,0,0,0,0,1,0,1,1,0,0,1
1324915,2012,9,28,9,53,4,43.64654538,-79.38979029,Trinity-Spadina (20),20,Waterfront Communities-The Island (77),77,D52,Toronto East York,JOHN ST,KING ST W, ,Major Arterial,Intersection,At Intersection,Traffic Signal,Clear,Daylight,Dry,Non-Fatal Injury,Pedestrian Collisions,Vehicle Owner,unknown, ,0, ,Other, , , , , , , , , ,1,0,1,0,0,0,0,0,0,1,0,0,0,0
1324915,2012,9,28,9,53,4,43.64654538,-79.38979029,Trinity-Spadina (20),20,Waterfront Communities-The Island (77),77,D52,Toronto East York,JOHN ST,KING ST W, ,Major Arterial,Intersection,At Intersection,Traffic Signal,Clear,Daylight,Dry,Non-Fatal Injury,Pedestrian Collisions,Driver,50 to 54,,0,East,"Automobile, Station Wagon",Turning Left,Improper Passing,Unknown, , , , , , ,1,0,1,0,0,0,0,0,0,1,0,0,0,0
1324915,2012,9,28,9,53,4,43.64654538,-79.38979029,Trinity-Spadina (20),20,Waterfront Communities-The Island (77),77,D52,Toronto East York,JOHN ST,KING ST W, ,Major Arterial,Intersection,At Intersection,Traffic Signal,Clear,Daylight,Dry,Non-Fatal Injury,Pedestrian Collisions,Pedestrian,35 to 39,Major,0,West,Other, , , ,Vehicle turns left while ped crosses with ROW at inter.,Crossing with right of way,Normal, , , ,1,0,1,0,0,0,0,0,0,1,0,0,0,0
980579,2007,6,21,9,54,3,43.69614538,-79.39619029,St. Paul's (22),22,Mount Pleasant West (104),104,D53,Toronto East York,YONGE ST,MERTON ST, ,Major Arterial,Intersection,At Intersection,Traffic Signal,Clear,Daylight,Dry,Non-Fatal Injury,Pedestrian Collisions,Pedestrian,35 to 39,Major,0,East,Other, , , ,Vehicle is going straight thru inter.while ped cross with ROW,Crossing with right of way,Normal, , , ,1,1,0,0,0,0,0,0,0,0,0,0,0,0
980579,2007,6,21,9,54,3,43.69614538,-79.39619029,St. Paul's (22),22,Mount Pleasant West (104),104,D53,Toronto East York,YONGE ST,MERTON ST, ,Major Arterial,Intersection,At Intersection,Traffic Signal,Clear,Daylight,Dry,Non-Fatal Injury,Pedestrian Collisions,Cyclist,15 to 19,Minor,0,South,Bicycle,Going Ahead, , , , , ,Cyclist strikes pedestrian.,Disobeyed Traffic Control,Normal,1,1,0,0,0,0,0,0,0,0,0,0,0,0
4002043758,2014,5,9,9,54,4,43.73668631,-79.24808131,Scarborough Southwest (35),35,Kennedy Park (124),124,D41,Scarborough,EGLINTON AVE E,BRIMLEY RD, ,Major Arterial,Intersection,Intersection Related,Traffic Signal,Clear,Daylight,Dry,Non-Fatal Injury,Angle,Driver,75 to 79,Major,0,West,"Automobile, Station Wagon",Going Ahead,Disobeyed Traffic Control,Medical or Physical Disability, , , , , , ,0,0,1,0,0,0,0,0,0,1,1,0,1,0
4002043758,2014,5,9,9,54,4,43.73668631,-79.24808131,Scarborough Southwest (35),35,Kennedy Park (124),124,D41,Scarborough,EGLINTON AVE E,BRIMLEY RD, ,Major Arterial,Intersection,Intersection Related,Traffic Signal,Clear,Daylight,Dry,Non-Fatal Injury,Angle,Driver,60 to 64,Minor,0,South,"Automobile, Station Wagon",Going Ahead,Driving Properly,Normal, , , , , , ,0,0,1,0,0,0,0,0,0,1,1,0,1,0
5001240894,2015,7,21,9,54,1,43.76860388,-79.18523035,Scarborough East (44),44,West Hill (136),136,D43,Scarborough,LAWRENCE AVE E,MORNINGSIDE AVE,100 m South of,Minor Arterial,Mid-Block,Non Intersection,No Control,Clear,Daylight,Dry,Non-Fatal Injury,Turning Movement,Driver,45 to 49,,0,West,Pick Up Truck,Turning Left,Speed too Slow,Normal, , , , , , ,0,0,1,1,0,0,0,0,0,0,0,0,0,0
5001240894,2015,7,21,9,54,1,43.76860388,-79.18523035,Scarborough East (44),44,West Hill (136),136,D43,Scarborough,LAWRENCE AVE E,MORNINGSIDE AVE,100 m South of,Minor Arterial,Mid-Block,Non Intersection,No Control,Clear,Daylight,Dry,Non-Fatal Injury,Turning Movement,Motorcycle Driver,65 to 69,Major,0,East,Motorcycle,Going Ahead,Driving Properly,Normal, , , , , , ,0,0,1,1,0,0,0,0,0,0,0,0,0,0
6000243323,2016,2,10,9,54,2,43.78960379,-79.41399775,Willowdale (24),24,Newtonbrook East (50),50,D32,North York,WEDGEWOOD DR,TOBRUK CRES, ,Local,Intersection, ,Stop Sign,Clear,Daylight,Wet,Fatal,Pedestrian Collisions,Driver,45 to 49,Minimal,0,East,"Automobile, Station Wagon",Going Ahead,Lost control,Inattentive, , , , , , ,1,0,1,0,0,0,0,0,1,1,0,0,0,1
6000243323,2016,2,10,9,54,2,43.78960379,-79.41399775,Willowdale (24),24,Newtonbrook East (50),50,D32,North York,WEDGEWOOD DR,TOBRUK CRES, ,Local,Intersection, ,Stop Sign,Clear,Daylight,Wet,Fatal,Pedestrian Collisions,Pedestrian,80 to 84,Fatal,12,West, , , , ,Pedestrian hit on sidewalk or shoulder,On Sidewalk or Shoulder,Normal, , , ,1,0,1,0,0,0,0,0,1,1,0,0,0,1
1090380,2009,2,17,9,55,1,43.70944555,-79.33418665,Don Valley West (26),26,Flemingdon Park (44),44,D54,North York,DON MILLS RD,OVERLEA BLVD, ,Major Arterial,Mid-Block, ,No Control,Clear,Daylight,Dry,Non-Fatal Injury,Other,Driver,50 to 54,,0,South,"Automobile, Station Wagon",Slowing or Stopping,Driving Properly,Normal, , , , , , ,0,0,1,0,0,0,0,1,0,0,0,0,0,0
1090380,2009,2,17,9,55,1,43.70944555,-79.33418665,Don Valley West (26),26,Flemingdon Park (44),44,D54,North York,DON MILLS RD,OVERLEA BLVD, ,Major Arterial,Mid-Block, ,No Control,Clear,Daylight,Dry,Non-Fatal Injury,Other,Passenger,75 to 79,Major,0, ,Other, , , , , , , , , ,0,0,1,0,0,0,0,1,0,0,0,0,0,0
1158000,2010,3,17,9,55,2,43.74804538,-79.44969029,York Centre (10),10,Clanton Park (33),33,D32,North York,FAYWOOD Boul,BAINBRIDGE Aven, ,Collector,Intersection, ,Pedestrian Crossover,Clear,Daylight,Dry,Non-Fatal Injury,Pedestrian Collisions,Vehicle Owner,unknown, ,0, ,Other, , , , , , , , , ,1,0,1,0,0,0,0,0,1,1,0,0,0,0
1158000,2010,3,17,9,55,2,43.74804538,-79.44969029,York Centre (10),10,Clanton Park (33),33,D32,North York,FAYWOOD Boul,BAINBRIDGE Aven, ,Collector,Intersection, ,Pedestrian Crossover,Clear,Daylight,Dry,Non-Fatal Injury,Pedestrian Collisions,Driver,55 to 59,,0,North,"Automobile, Station Wagon",Going Ahead,Failed to Yield Right of Way,Inattentive, , , , , , ,1,0,1,0,0,0,0,0,1,1,0,0,0,0
1158000,2010,3,17,9,55,2,43.74804538,-79.44969029,York Centre (10),10,Clanton Park (33),33,D32,North York,FAYWOOD Boul,BAINBRIDGE Aven, ,Collector,Intersection, ,Pedestrian Crossover,Clear,Daylight,Dry,Non-Fatal Injury,Pedestrian Collisions,Pedestrian,80 to 84,Major,0,East,Other, , , ,Pedestrian hit a PXO/ped. Mid-block signal,"Crossing, Pedestrian Crossover",Normal, , , ,1,0,1,0,0,0,0,0,1,1,0,0,0,0
1200544,2010,10,12,9,55,1,43.82534538,-79.30009029,Scarborough-Rouge River (41),41,Milliken (130),130,D42,Scarborough,STEELES AVE E,OLD KENNEDY RD, ,Major Arterial,Intersection,At Intersection,Traffic Signal,Clear,Daylight,Dry,Non-Fatal Injury,Pedestrian Collisions,Driver,75 to 79,,0,South,"Automobile, Station Wagon",Turning Left,Failed to Yield Right of Way,Inattentive, , , , , , ,1,0,1,0,0,0,0,0,0,1,0,0,0,0
1200544,2010,10,12,9,55,1,43.82534538,-79.30009029,Scarborough-Rouge River (41),41,Milliken (130),130,D42,Scarborough,STEELES AVE E,OLD KENNEDY RD, ,Major Arterial,Intersection,At Intersection,Traffic Signal,Clear,Daylight,Dry,Non-Fatal Injury,Pedestrian Collisions,Pedestrian,75 to 79,Minor,0,North,Other, , , ,Vehicle turns left while ped crosses with ROW at inter.,Crossing with right of way,Normal, , , ,1,0,1,0,0,0,0,0,0,1,0,0,0,0
1200544,2010,10,12,9,55,1,43.82534538,-79.30009029,Scarborough-Rouge River (41),41,Milliken (130),130,D42,Scarborough,STEELES AVE E,OLD KENNEDY RD, ,Major Arterial,Intersection,At Intersection,Traffic Signal,Clear,Daylight,Dry,Non-Fatal Injury,Pedestrian Collisions,Pedestrian,75 to 79,Major,0,North,Other, , , ,Vehicle turns left while ped crosses with ROW at inter.,Crossing with right of way,Normal, , , ,1,0,1,0,0,0,0,0,0,1,0,0,0,0
1254646,2011,7,27,9,55,2,43.78044538,-79.41229029,Willowdale (23),23,Willowdale East (51),51,D32,North York,FINCH AVE E,KENNETH AVE, ,Major Arterial,Intersection,At Intersection,Traffic Signal,Clear,Daylight,Dry,Non-Fatal Injury,Pedestrian Collisions,Driver,65 to 69,,0,South,"Automobile, Station Wagon",Turning Left,Failed to Yield Right of Way,Unknown, , , , , , ,1,0,1,0,0,0,0,0,0,1,0,0,0,0
1254646,2011,7,27,9,55,2,43.78044538,-79.41229029,Willowdale (23),23,Willowdale East (51),51,D32,North York,FINCH AVE E,KENNETH AVE, ,Major Arterial,Intersection,At Intersection,Traffic Signal,Clear,Daylight,Dry,Non-Fatal Injury,Pedestrian Collisions,Pedestrian,50 to 54,Major,0,North,Other, , , ,Vehicle turns left while ped crosses with ROW at inter.,Crossing with right of way,Normal, , , ,1,0,1,0,0,0,0,0,0,1,0,0,0,0
1264625,2011,11,16,9,55,2,43.62604538,-79.48739029,Etobicoke-Lakeshore (6),6,Mimico (includes Humber Bay Shores) (17),17,D22,Etobicoke York,F G GARDINER ExP E,PARK LAWN RD, ,Expressway,Mid-Block, ,No Control,Clear,Daylight,Dry,Non-Fatal Injury,Rear End,Driver,35 to 39,,0,East,"Automobile, Station Wagon",Slowing or Stopping,Following too Close,Inattentive, , , , , , ,0,0,1,0,0,0,0,0,0,1,0,0,0,0
1264625,2011,11,16,9,55,2,43.62604538,-79.48739029,Etobicoke-Lakeshore (6),6,Mimico (includes Humber Bay Shores) (17),17,D22,Etobicoke York,F G GARDINER ExP E,PARK LAWN RD, ,Expressway,Mid-Block, ,No Control,Clear,Daylight,Dry,Non-Fatal Injury,Rear End,Driver,35 to 39,Major,0,East,"Automobile, Station Wagon",Stopped,Driving Properly,Normal, , , , , , ,0,0,1,0,0,0,0,0,0,1,0,0,0,0