ACCNUM,YEAR,MONTH,DAY,HOUR,MINUTES,WEEKDAY,LATITUDE,LONGITUDE,Ward_Name,Ward_ID,Hood_Name,Hood_ID,Division,District,STREET1,STREET2,OFFSET,ROAD_CLASS,LOCCOORD,ACCLOC,TRAFFCTL,VISIBILITY,LIGHT,RDSFCOND,ACCLASS,IMPACTYPE,INVTYPE,INVAGE,INJURY,FATAL_NO,INITDIR,VEHTYPE,MANOEUVER,DRIVACT,DRIVCOND,PEDTYPE,PEDACT,PEDCOND,CYCLISTYPE,CYCACT,CYCCOND,PEDESTRIAN,CYCLIST,AUTOMOBILE,MOTORCYCLE,TRUCK,TRSN_CITY_VEH,EMERG_VEH,PASSENGER,SPEEDING,AG_DRIV,REDLIGHT,ALCOHOL,DISABILITY,label
1328148,2012,10,20,9,55,5,43.71304538,-79.36719029,Don Valley West (26),26,Leaside-Bennington (56),56,D53,North York,EGLINTON AVE E,SUTHERLAND DR, ,Major Arterial,Intersection,At Intersection,Traffic Signal,Clear,Daylight,Dry,Non-Fatal Injury,Pedestrian Collisions,Driver,80 to 84,,0,South,"Automobile, Station Wagon",Turning Left,Failed to Yield Right of Way,Normal, , , , , , ,1,0,1,0,0,0,0,0,0,1,0,0,0,0
1328148,2012,10,20,9,55,5,43.71304538,-79.36719029,Don Valley West (26),26,Leaside-Bennington (56),56,D53,North York,EGLINTON AVE E,SUTHERLAND DR, ,Major Arterial,Intersection,At Intersection,Traffic Signal,Clear,Daylight,Dry,Non-Fatal Injury,Pedestrian Collisions,Pedestrian,40 to 44,Major,0,North,Other, , , ,Vehicle turns left while ped crosses with ROW at inter.,Crossing with right of way,Normal, , , ,1,0,1,0,0,0,0,0,0,1,0,0,0,0
4001769884,2014,3,26,9,55,2,43.64744528,-79.37576685,Toronto Centre-Rosedale (28),28,Waterfront Communities-The Island (77),77,D51,Toronto East York,FRONT ST E,SCOTT ST, ,Minor Arterial,Intersection,Intersection Related,Stop Sign,Clear,Daylight,Dry,Non-Fatal Injury,Pedestrian Collisions,Driver,25 to 29,,0,South,"Automobile, Station Wagon",Turning Left,Improper Turn,Inattentive, , , , , , ,1,0,1,0,0,0,0,0,0,0,0,0,0,0
4001769884,2014,3,26,9,55,2,43.64744528,-79.37576685,Toronto Centre-Rosedale (28),28,Waterfront Communities-The Island (77),77,D51,Toronto East York,FRONT ST E,SCOTT ST, ,Minor Arterial,Intersection,Intersection Related,Stop Sign,Clear,Daylight,Dry,Non-Fatal Injury,Pedestrian Collisions,Pedestrian,30 to 34,Major,0,North, , , , ,Vehicle turns left while ped crosses with ROW at inter.,"Crossing, no Traffic Control",Normal, , , ,1,0,1,0,0,0,0,0,0,0,0,0,0,0
1198936,2010,11,2,9,56,1,43.82244538,-79.31229029,Scarborough-Agincourt (39),39,Steeles (116),116,D42,Scarborough,STEELES AVE E,PUTNAM  GT, ,Major Arterial,Intersection, ,Traffic Signal,Clear,Daylight,Dry,Non-Fatal Injury,Pedestrian Collisions,Driver,55 to 59,,0,South,"Automobile, Station Wagon",Turning Left,Improper Turn,Inattentive, , , , , , ,1,0,1,0,0,0,0,0,0,0,0,0,0,0
1198936,2010,11,2,9,56,1,43.82244538,-79.31229029,Scarborough-Agincourt (39),39,Steeles (116),116,D42,Scarborough,STEELES AVE E,PUTNAM  GT, ,Major Arterial,Intersection, ,Traffic Signal,Clear,Daylight,Dry,Non-Fatal Injury,Pedestrian Collisions,Pedestrian,75 to 79,Major,0,North,Other, , , ,Vehicle turns left while ped crosses with ROW at inter.,Crossing with right of way,Normal, , , ,1,0,1,0,0,0,0,0,0,0,0,0,0,0
1363758,2013,5,14,9,56,1,43.64594538,-79.40629029,Trinity-Spadina (19),19,Niagara (82),82,D14,Toronto East York,TECUMSETH ST,RICHMOND ST W, ,Local,Intersection,At Intersection,Stop Sign,Clear,Daylight,Dry,Non-Fatal Injury,SMV Unattended Vehicle,Driver,40 to 44,Major,0,South,"Automobile, Station Wagon",Going Ahead,Lost control,Medical or Physical Disability, , , , , , ,0,0,1,0,0,0,0,0,0,0,0,0,1,0
1363758,2013,5,14,9,56,1,43.64594538,-79.40629029,Trinity-Spadina (19),19,Niagara (82),82,D14,Toronto East York,TECUMSETH ST,RICHMOND ST W, ,Local,Intersection,At Intersection,Stop Sign,Clear,Daylight,Dry,Non-Fatal Injury,SMV Unattended Vehicle,Other,unknown,,0,South,Other,Parked, , , , , , , , ,0,0,1,0,0,0,0,0,0,0,0,0,1,0
1363758,2013,5,14,9,56,1,43.64594538,-79.40629029,Trinity-Spadina (19),19,Niagara (82),82,D14,Toronto East York,TECUMSETH ST,RICHMOND ST W, ,Local,Intersection,At Intersection,Stop Sign,Clear,Daylight,Dry,Non-Fatal Injury,SMV Unattended Vehicle,Vehicle Owner,unknown, ,0, ,Other, , , , , , , , , ,0,0,1,0,0,0,0,0,0,0,0,0,1,0
4001557370,2014,2,19,9,56,2,43.67032583,-79.45578394,Davenport (17),17,Weston-Pellam Park (91),91,D11,Etobicoke York,DAVENPORT RD,LAUGHTON AVE, ,Minor Arterial,Intersection,At Intersection,Traffic Signal,Clear,Daylight,Wet,Non-Fatal Injury,Pedestrian Collisions,Driver,40 to 44,,0,South,Pick Up Truck,Turning Left,Failed to Yield Right of Way,Normal, , , , , , ,1,0,1,0,0,0,0,0,0,1,0,0,0,0
4001557370,2014,2,19,9,56,2,43.67032583,-79.45578394,Davenport (17),17,Weston-Pellam Park (91),91,D11,Etobicoke York,DAVENPORT RD,LAUGHTON AVE, ,Minor Arterial,Intersection,At Intersection,Traffic Signal,Clear,Daylight,Wet,Non-Fatal Injury,Pedestrian Collisions,Pedestrian,65 to 69,Major,0,North, , , , ,Vehicle turns left while ped crosses with ROW at inter.,Crossing with right of way,Normal, , , ,1,0,1,0,0,0,0,0,0,1,0,0,0,0
6001770159,2016,10,5,9,57,2,43.66096457,-79.39712916,Trinity-Spadina (20),20,University (79),79,D52,Toronto East York,ST GEORGE ST,RUSSELL ST,51 m North of,Minor Arterial,Mid-Block,Intersection Related,Pedestrian Crossover,Clear,Daylight,Dry,Non-Fatal Injury,Pedestrian Collisions,Driver,75 to 79,,0,North,"Automobile, Station Wagon",Going Ahead,Failed to Yield Right of Way,Inattentive, , , , , , ,1,0,1,0,0,0,0,0,0,1,0,0,0,0
6001770159,2016,10,5,9,57,2,43.66096457,-79.39712916,Trinity-Spadina (20),20,University (79),79,D52,Toronto East York,ST GEORGE ST,RUSSELL ST,51 m North of,Minor Arterial,Mid-Block,Intersection Related,Pedestrian Crossover,Clear,Daylight,Dry,Non-Fatal Injury,Pedestrian Collisions,Driver,50 to 54,,0,South,"Automobile, Station Wagon",Stopped,Driving Properly,Normal, , , , , , ,1,0,1,0,0,0,0,0,0,1,0,0,0,0
6001770159,2016,10,5,9,57,2,43.66096457,-79.39712916,Trinity-Spadina (20),20,University (79),79,D52,Toronto East York,ST GEORGE ST,RUSSELL ST,51 m North of,Minor Arterial,Mid-Block,Intersection Related,Pedestrian Crossover,Clear,Daylight,Dry,Non-Fatal Injury,Pedestrian Collisions,Pedestrian,15 to 19,Major,0,West, , , , ,Pedestrian hit a PXO/ped. Mid-block signal,"Crossing, Pedestrian Crossover",Normal, , , ,1,0,1,0,0,0,0,0,0,1,0,0,0,0
964482,2007,3,24,9,58,5,43.73534538,-79.56139029,Etobicoke North (1),1,Thistletown-Beaumond Heights (3),3,D23,Etobicoke York,ALBION RD,RIVERDALE DR, ,Major Arterial,Intersection,At Intersection,Traffic Signal,Rain,Daylight,Wet,Non-Fatal Injury,Pedestrian Collisions,Driver,80 to 84,,0,East,"Automobile, Station Wagon",Going Ahead,Driving Properly,Normal, , , , , , ,1,0,1,0,0,0,0,0,0,0,0,0,0,0
964482,2007,3,24,9,58,5,43.73534538,-79.56139029,Etobicoke North (1),1,Thistletown-Beaumond Heights (3),3,D23,Etobicoke York,ALBION RD,RIVERDALE DR, ,Major Arterial,Intersection,At Intersection,Traffic Signal,Rain,Daylight,Wet,Non-Fatal Injury,Pedestrian Collisions,Pedestrian,50 to 54,Minimal,0,South,Other, , , ,Vehicle is going straight thru inter.while ped cross without ROW,Crossing without right of way,Normal, , , ,1,0,1,0,0,0,0,0,0,0,0,0,0,0
964482,2007,3,24,9,58,5,43.73534538,-79.56139029,Etobicoke North (1),1,Thistletown-Beaumond Heights (3),3,D23,Etobicoke York,ALBION RD,RIVERDALE DR, ,Major Arterial,Intersection,At Intersection,Traffic Signal,Rain,Daylight,Wet,Non-Fatal Injury,Pedestrian Collisions,Pedestrian,55 to 59,Major,0,South,Other, , , ,Vehicle is going straight thru inter.while ped cross without ROW,Crossing without right of way,Normal, , , ,1,0,1,0,0,0,0,0,0,0,0,0,0,0
976438,2007,5,18,9,58,4,43.69424538,-79.55859029,Etobicoke Centre (4),4,Kingsview Village-The Westway (6),6,D23,Etobicoke York,DIXON RD,KIPLING AVE, ,Major Arterial,Intersection, ,Traffic Signal,Clear,Daylight,Dry,Non-Fatal Injury,Angle,Passenger,40 to 44,Major,0, ,Other, , , , , , , , , ,0,0,1,0,0,0,0,1,0,1,1,0,0,0
976438,2007,5,18,9,58,4,43.69424538,-79.55859029,Etobicoke Centre (4),4,Kingsview Village-The Westway (6),6,D23,Etobicoke York,DIXON RD,KIPLING AVE, ,Major Arterial,Intersection, ,Traffic Signal,Clear,Daylight,Dry,Non-Fatal Injury,Angle,Vehicle Owner,unknown,,0, ,Other, , , , , , , , , ,0,0,1,0,0,0,0,1,0,1,1,0,0,0
976438,2007,5,18,9,58,4,43.69424538,-79.55859029,Etobicoke Centre (4),4,Kingsview Village-The Westway (6),6,D23,Etobicoke York,DIXON RD,KIPLING AVE, ,Major Arterial,Intersection, ,Traffic Signal,Clear,Daylight,Dry,Non-Fatal Injury,Angle,Driver,35 to 39,Minor,0,East,"Automobile, Station Wagon",Going Ahead,Disobeyed Traffic Control,Normal, , , , , , ,0,0,1,0,0,0,0,1,0,1,1,0,0,0
976438,2007,5,18,9,58,4,43.69424538,-79.55859029,Etobicoke Centre (4),4,Kingsview Village-The Westway (6),6,D23,Etobicoke York,DIXON RD,KIPLING AVE, ,Major Arterial,Intersection, ,Traffic Signal,Clear,Daylight,Dry,Non-Fatal Injury,Angle,Driver,40 to 44,Major,0,North,"Automobile, Station Wagon",Going Ahead,Driving Properly,Normal, , , , , , ,0,0,1,0,0,0,0,1,0,1,1,0,0,0
976438,2007,5,18,9,58,4,43.69424538,-79.55859029,Etobicoke Centre (4),4,Kingsview Village-The Westway (6),6,D23,Etobicoke York,DIXON RD,KIPLING AVE, ,Major Arterial,Intersection, ,Traffic Signal,Clear,Daylight,Dry,Non-Fatal Injury,Angle,Passenger,75 to 79,Minimal,0, ,Other, , , , , , , , , ,0,0,1,0,0,0,0,1,0,1,1,0,0,0
976438,2007,5,18,9,58,4,43.69424538,-79.55859029,Etobicoke Centre (4),4,Kingsview Village-The Westway (6),6,D23,Etobicoke York,DIXON RD,KIPLING AVE, ,Major Arterial,Intersection, ,Traffic Signal,Clear,Daylight,Dry,Non-Fatal Injury,Angle,Driver,45 to 49,,0,North,"Automobile, Station Wagon",Going Ahead,Driving Properly, , , , , , , ,0,0,1,0,0,0,0,1,0,1,1,0,0,0
1276528,2011,11,25,9,58,4,43.65164538,-79.37899029,Toronto Centre-Rosedale (28),28,Bay Street Corridor (76),76,D52,Toronto East York,RICHMOND Stre E,YONGE Stre, ,Major Arterial,Intersection,At Intersection,Traffic Signal,Clear,Daylight,Dry,Non-Fatal Injury,Cyclist Collisions,Vehicle Owner,unknown, ,0, ,Other, , , , , , , , , ,0,1,1,0,1,0,0,0,0,0,0,0,0,0
1276528,2011,11,25,9,58,4,43.65164538,-79.37899029,Toronto Centre-Rosedale (28),28,Bay Street Corridor (76),76,D52,Toronto East York,RICHMOND Stre E,YONGE Stre, ,Major Arterial,Intersection,At Intersection,Traffic Signal,Clear,Daylight,Dry,Non-Fatal Injury,Cyclist Collisions,Truck Driver,35 to 39,,0,West,Truck - Open,Going Ahead,Driving Properly,Normal, , , , , , ,0,1,1,0,1,0,0,0,0,0,0,0,0,0
1276528,2011,11,25,9,58,4,43.65164538,-79.37899029,Toronto Centre-Rosedale (28),28,Bay Street Corridor (76),76,D52,Toronto East York,RICHMOND Stre E,YONGE Stre, ,Major Arterial,Intersection,At Intersection,Traffic Signal,Clear,Daylight,Dry,Non-Fatal Injury,Cyclist Collisions,Vehicle Owner,unknown, ,0, ,Other, , , , , , , , , ,0,1,1,0,1,0,0,0,0,0,0,0,0,0
1276528,2011,11,25,9,58,4,43.65164538,-79.37899029,Toronto Centre-Rosedale (28),28,Bay Street Corridor (76),76,D52,Toronto East York,RICHMOND Stre E,YONGE Stre, ,Major Arterial,Intersection,At Intersection,Traffic Signal,Clear,Daylight,Dry,Non-Fatal Injury,Cyclist Collisions,Driver,55 to 59,,0,West,"Automobile, Station Wagon",Going Ahead,Driving Properly,Normal, , , , , , ,0,1,1,0,1,0,0,0,0,0,0,0,0,0
1276528,2011,11,25,9,58,4,43.65164538,-79.37899029,Toronto Centre-Rosedale (28),28,Bay Street Corridor (76),76,D52,Toronto East York,RICHMOND Stre E,YONGE Stre, ,Major Arterial,Intersection,At Intersection,Traffic Signal,Clear,Daylight,Dry,Non-Fatal Injury,Cyclist Collisions,Cyclist,30 to 34,Major,0,West,Bicycle,Going Ahead, , , , , ,Cyclist and Driver travelling in same direction. One vehicle sideswipes the other.,Improper Passing,Unknown,0,1,1,0,1,0,0,0,0,0,0,0,0,0
1308128,2012,7,6,10,10,4,43.82134538,-79.31689029,Scarborough-Agincourt (39),39,Steeles (116),116,D42,Scarborough,STEELES AVE E,BIRCHMOUNT RD, ,Major Arterial,Intersection,At Intersection,Traffic Signal,Clear,Daylight,Dry,Non-Fatal Injury,Cyclist Collisions,Vehicle Owner,unknown, ,0, ,Other, , , , , , , , , ,0,1,1,0,0,0,0,0,0,1,0,0,0,0
1308128,2012,7,6,10,10,4,43.82134538,-79.31689029,Scarborough-Agincourt (39),39,Steeles (116),116,D42,Scarborough,STEELES AVE E,BIRCHMOUNT RD, ,Major Arterial,Intersection,At Intersection,Traffic Signal,Clear,Daylight,Dry,Non-Fatal Injury,Cyclist Collisions,Driver,55 to 59,,0,West,"Automobile, Station Wagon",Turning Left,Failed to Yield Right of Way,Normal, , , , , , ,0,1,1,0,0,0,0,0,0,1,0,0,0,0
1308128,2012,7,6,10,10,4,43.82134538,-79.31689029,Scarborough-Agincourt (39),39,Steeles (116),116,D42,Scarborough,STEELES AVE E,BIRCHMOUNT RD, ,Major Arterial,Intersection,At Intersection,Traffic Signal,Clear,Daylight,Dry,Non-Fatal Injury,Cyclist Collisions,Cyclist,75 to 79,Major,0,West,Bicycle,Going Ahead, , , , , ,Motorist turned left across cyclists path.,Driving Properly,Normal,0,1,1,0,0,0,0,0,0,1,0,0,0,0
1327567,2012,11,26,10,10,0,43.62074538,-79.51159029,Etobicoke-Lakeshore (6),6,Mimico (includes Humber Bay Shores) (17),17,D22,Etobicoke York,F G GARDINER XY  W,ISLINGTON AVE, ,Expressway,Mid-Block, ,No Control,Clear,Daylight,Dry,Non-Fatal Injury,Other,Driver,20 to 24,,0,West,"Automobile, Station Wagon",Other,Other,Normal, , , , , , ,0,0,1,0,1,0,0,1,0,0,0,0,0,0
1327567,2012,11,26,10,10,0,43.62074538,-79.51159029,Etobicoke-Lakeshore (6),6,Mimico (includes Humber Bay Shores) (17),17,D22,Etobicoke York,F G GARDINER XY  W,ISLINGTON AVE, ,Expressway,Mid-Block, ,No Control,Clear,Daylight,Dry,Non-Fatal Injury,Other,Truck Driver,50 to 54,,0,West,Truck - Open,Going Ahead,Driving Properly,Normal, , , , , , ,0,0,1,0,1,0,0,1,0,0,0,0,0,0
1327567,2012,11,26,10,10,0,43.62074538,-79.51159029,Etobicoke-Lakeshore (6),6,Mimico (includes Humber Bay Shores) (17),17,D22,Etobicoke York,F G GARDINER XY  W,ISLINGTON AVE, ,Expressway,Mid-Block, ,No Control,Clear,Daylight,Dry,Non-Fatal Injury,Other,Driver,55 to 59,Minor,0,West,"Automobile, Station Wagon",Slowing or Stopping,Lost control,Normal, , , , , , ,0,0,1,0,1,0,0,1,0,0,0,0,0,0
1327567,2012,11,26,10,10,0,43.62074538,-79.51159029,Etobicoke-Lakeshore (6),6,Mimico (includes Humber Bay Shores) (17),17,D22,Etobicoke York,F G GARDINER XY  W,ISLINGTON AVE, ,Expressway,Mid-Block, ,No Control,Clear,Daylight,Dry,Non-Fatal Injury,Other,Driver,20 to 24,Minimal,0,West,"Automobile, Station Wagon",Going Ahead,Driving Properly,Normal, , , , , , ,0,0,1,0,1,0,0,1,0,0,0,0,0,0
1327567,2012,11,26,10,10,0,43.62074538,-79.51159029,Etobicoke-Lakeshore (6),6,Mimico (includes Humber Bay Shores) (17),17,D22,Etobicoke York,F G GARDINER XY  W,ISLINGTON AVE, ,Expressway,Mid-Block, ,No Control,Clear,Daylight,Dry,Non-Fatal Injury,Other,Passenger,20 to 24,Major,0, ,Other, , , , , , , , , ,0,0,1,0,1,0,0,1,0,0,0,0,0,0
7001528499,2017,8,23,10,10,2,43.68394438,-79.30012129,Beaches-East York (32),32,East End-Danforth (62),62,D55,Toronto East York,MAIN ST,GERRARD ST, ,Minor Arterial,Intersection,At Intersection,Traffic Signal,Clear,Daylight,Dry,Non-Fatal Injury,Cyclist Collisions,Cyclist,25 to 29,Major,0,South,Bicycle,Going Ahead, , , , , , ,Driving Properly,Normal,0,1,1,0,0,0,0,0,0,0,0,0,0,0
7001528499,2017,8,23,10,10,2,43.68394438,-79.30012129,Beaches-East York (32),32,East End-Danforth (62),62,D55,Toronto East York,MAIN ST,GERRARD ST, ,Minor Arterial,Intersection,At Intersection,Traffic Signal,Clear,Daylight,Dry,Non-Fatal Injury,Cyclist Collisions,Driver,45 to 49,,0,East,"Automobile, Station Wagon",Going Ahead,Driving Properly,Normal, , , , , , ,0,1,1,0,0,0,0,0,0,0,0,0,0,0
1111668,2009,6,29,10,11,0,43.75454538,-79.44319029,York Centre (10),10,Clanton Park (33),33,D32,North York,SHEPPARD AVE W,YEOMANS RD, ,Major Arterial,Intersection, ,No Control,Clear,Daylight,Dry,Non-Fatal Injury,Pedestrian Collisions,Vehicle Owner,unknown, ,0, ,Other, , , , , , , , , ,1,0,1,0,0,0,0,0,0,0,0,0,0,0
1111668,2009,6,29,10,11,0,43.75454538,-79.44319029,York Centre (10),10,Clanton Park (33),33,D32,North York,SHEPPARD AVE W,YEOMANS RD, ,Major Arterial,Intersection, ,No Control,Clear,Daylight,Dry,Non-Fatal Injury,Pedestrian Collisions,Driver,20 to 24,,0,East,"Automobile, Station Wagon",Going Ahead,Driving Properly,Normal, , , , , , ,1,0,1,0,0,0,0,0,0,0,0,0,0,0
1111668,2009,6,29,10,11,0,43.75454538,-79.44319029,York Centre (10),10,Clanton Park (33),33,D32,North York,SHEPPARD AVE W,YEOMANS RD, ,Major Arterial,Intersection, ,No Control,Clear,Daylight,Dry,Non-Fatal Injury,Pedestrian Collisions,Pedestrian,80 to 84,Major,0,North,Other, , , ,Vehicle is going straight thru inter.while ped cross without ROW,"Crossing, no Traffic Control",Inattentive, , , ,1,0,1,0,0,0,0,0,0,0,0,0,0,0
1180034,2010,7,16,10,11,4,43.65434607,-79.39859399999999,Trinity-Spadina (20),20,Kensington-Chinatown (78),78,D52,Toronto East York,SPADINA AVE,ST ANDREW ST, ,Major Arterial,Intersection, ,Traffic Signal,Clear,Daylight,Dry,Non-Fatal Injury,Pedestrian Collisions,Pedestrian,50 to 54,Major,0,West,Other, , , ,Pedestrian involved in a collision with transit vehicle anywhere along roadway,Crossing without right of way,Had Been Drinking, , , ,1,0,0,0,0,1,0,0,0,0,0,0,0,0
1180034,2010,7,16,10,11,4,43.65434607,-79.39859399999999,Trinity-Spadina (20),20,Kensington-Chinatown (78),78,D52,Toronto East York,SPADINA AVE,ST ANDREW ST, ,Major Arterial,Intersection, ,Traffic Signal,Clear,Daylight,Dry,Non-Fatal Injury,Pedestrian Collisions,Vehicle Owner,unknown, ,0, ,Other, , , , , , , , , ,1,0,0,0,0,1,0,0,0,0,0,0,0,0
1180034,2010,7,16,10,11,4,43.65434607,-79.39859399999999,Trinity-Spadina (20),20,Kensington-Chinatown (78),78,D52,Toronto East York,SPADINA AVE,ST ANDREW ST, ,Major Arterial,Intersection, ,Traffic Signal,Clear,Daylight,Dry,Non-Fatal Injury,Pedestrian Collisions,Driver,40 to 44,,0,South,Municipal Transit Bus (TTC),Going Ahead,Driving Properly,Normal, , , , , , ,1,0,0,0,0,1,0,0,0,0,0,0,0,0
1308465,2012,7,4,10,11,2,43.66524538,-79.37789029,Toronto Centre-Rosedale (27),27,Cabbagetown-South St.James Town (71),71,D51,Toronto East York,MAITLAND PL,JARVIS ST, ,Major Arterial,Intersection,At Intersection,Traffic Signal,Clear,Daylight,Dry,Non-Fatal Injury,Pedestrian Collisions,Vehicle Owner,unknown, ,0, ,Other, , , , , , , , , ,1,0,1,0,0,0,0,0,0,0,0,0,0,0
1308465,2012,7,4,10,11,2,43.66524538,-79.37789029,Toronto Centre-Rosedale (27),27,Cabbagetown-South St.James Town (71),71,D51,Toronto East York,MAITLAND PL,JARVIS ST, ,Major Arterial,Intersection,At Intersection,Traffic Signal,Clear,Daylight,Dry,Non-Fatal Injury,Pedestrian Collisions,Driver,25 to 29,,0,West,"Automobile, Station Wagon",Turning Right,Improper Turn,Normal, , , , , , ,1,0,1,0,0,0,0,0,0,0,0,0,0,0
1308465,2012,7,4,10,11,2,43.66524538,-79.37789029,Toronto Centre-Rosedale (27),27,Cabbagetown-South St.James Town (71),71,D51,Toronto East York,MAITLAND PL,JARVIS ST, ,Major Arterial,Intersection,At Intersection,Traffic Signal,Clear,Daylight,Dry,Non-Fatal Injury,Pedestrian Collisions,Pedestrian,50 to 54,Major,0,West,Other, , , ,Vehicle turns right while ped crosses with ROW at inter.,Crossing with right of way,Normal, , , ,1,0,1,0,0,0,0,0,0,0,0,0,0,0
951783,2007,2,2,10,12,4,43.62894538,-79.55489029,Etobicoke-Lakeshore (5),5,Islington-City Centre West (14),14,D22,Etobicoke York,DUNDAS ST W,427 C N DUNDAS RAMP S, ,Expressway Ramp,Intersection,At Intersection,Traffic Signal,Clear,Daylight,Dry,Non-Fatal Injury,Turning Movement,Vehicle Owner,unknown,,0, ,Other, , , , , , , , , ,0,0,1,0,0,0,0,0,1,1,1,0,0,0
951783,2007,2,2,10,12,4,43.62894538,-79.55489029,Etobicoke-Lakeshore (5),5,Islington-City Centre West (14),14,D22,Etobicoke York,DUNDAS ST W,427 C N DUNDAS RAMP S, ,Expressway Ramp,Intersection,At Intersection,Traffic Signal,Clear,Daylight,Dry,Non-Fatal Injury,Turning Movement,Driver,60 to 64,Minor,0,West,"Automobile, Station Wagon",Going Ahead,Disobeyed Traffic Control,Normal, , , , , , ,0,0,1,0,0,0,0,0,1,1,1,0,0,0
951783,2007,2,2,10,12,4,43.62894538,-79.55489029,Etobicoke-Lakeshore (5),5,Islington-City Centre West (14),14,D22,Etobicoke York,DUNDAS ST W,427 C N DUNDAS RAMP S, ,Expressway Ramp,Intersection,At Intersection,Traffic Signal,Clear,Daylight,Dry,Non-Fatal Injury,Turning Movement,Driver,75 to 79,Major,0,East,"Automobile, Station Wagon",Turning Left,Driving Properly,Normal, , , , , , ,0,0,1,0,0,0,0,0,1,1,1,0,0,0
1146741,2010,1,9,10,12,5,43.68934538,-79.29679029,Beaches-East York (31),31,East End-Danforth (62),62,D54,Toronto East York,DANFORTH AVE,DAWES RD, ,Major Arterial,Intersection,At Intersection,Traffic Signal,Clear,Daylight,Dry,Non-Fatal Injury,Pedestrian Collisions,Vehicle Owner,unknown, ,0, ,Other, , , , , , , , , ,1,0,1,0,0,0,0,0,0,1,0,0,0,0
1146741,2010,1,9,10,12,5,43.68934538,-79.29679029,Beaches-East York (31),31,East End-Danforth (62),62,D54,Toronto East York,DANFORTH AVE,DAWES RD, ,Major Arterial,Intersection,At Intersection,Traffic Signal,Clear,Daylight,Dry,Non-Fatal Injury,Pedestrian Collisions,Driver,55 to 59,,0,South,"Automobile, Station Wagon",Turning Left,Failed to Yield Right of Way,Inattentive, , , , , , ,1,0,1,0,0,0,0,0,0,1,0,0,0,0
1146741,2010,1,9,10,12,5,43.68934538,-79.29679029,Beaches-East York (31),31,East End-Danforth (62),62,D54,Toronto East York,DANFORTH AVE,DAWES RD, ,Major Arterial,Intersection,At Intersection,Traffic Signal,Clear,Daylight,Dry,Non-Fatal Injury,Pedestrian Collisions,Pedestrian,80 to 84,Major,0,North,Other, , , ,Vehicle turns left while ped crosses with ROW at inter.,Crossing with right of way,Normal, , , ,1,0,1,0,0,0,0,0,0,1,0,0,0,0
1066823,2008,10,10,10,13,4,43.69424538,-79.55859029,Etobicoke Centre (4),4,Kingsview Village-The Westway (6),6,D23,Etobicoke York,DIXON RD,KIPLING AVE, ,Major Arterial,Intersection, ,Traffic Signal,Clear,Daylight,Dry,Non-Fatal Injury,Turning Movement,Driver,60 to 64,Major,0,North,"Automobile, Station Wagon",Turning Left,Improper Turn,Normal, , , , , , ,0,0,1,0,0,0,0,0,1,1,0,0,0,0
1066823,2008,10,10,10,13,4,43.69424538,-79.55859029,Etobicoke Centre (4),4,Kingsview Village-The Westway (6),6,D23,Etobicoke York,DIXON RD,KIPLING AVE, ,Major Arterial,Intersection, ,Traffic Signal,Clear,Daylight,Dry,Non-Fatal Injury,Turning Movement,Vehicle Owner,unknown, ,0, ,Other, , , , , , , , , ,0,0,1,0,0,0,0,0,1,1,0,0,0,0
1066823,2008,10,10,10,13,4,43.69424538,-79.55859029,Etobicoke Centre (4),4,Kingsview Village-The Westway (6),6,D23,Etobicoke York,DIXON RD,KIPLING AVE, ,Major Arterial,Intersection, ,Traffic Signal,Clear,Daylight,Dry,Non-Fatal Injury,Turning Movement,Driver,50 to 54,,0,West, ,Going Ahead,Failed to Yield Right of Way,Normal, , , , , , ,0,0,1,0,0,0,0,0,1,1,0,0,0,0
1169892,2010,4,21,10,13,2,43.67454538,-79.38019029,Toronto Centre-Rosedale (27),27,Rosedale-Moore Park (98),98,D53,Toronto East York,MOUNT PLEASANT Road,ELM Aven, ,Major Arterial,Intersection,At Intersection,Traffic Signal,Clear,Daylight,Dry,Non-Fatal Injury,Rear End,Motorcycle Driver,20 to 24,Major,0,South,Motorcycle,Changing Lanes,Lost control,Inattentive, , , , , , ,0,0,1,1,0,0,0,0,0,0,0,0,0,0
1169892,2010,4,21,10,13,2,43.67454538,-79.38019029,Toronto Centre-Rosedale (27),27,Rosedale-Moore Park (98),98,D53,Toronto East York,MOUNT PLEASANT Road,ELM Aven, ,Major Arterial,Intersection,At Intersection,Traffic Signal,Clear,Daylight,Dry,Non-Fatal Injury,Rear End,Driver,55 to 59,,0,South,"Automobile, Station Wagon",Stopped,Driving Properly,Normal, , , , , , ,0,0,1,1,0,0,0,0,0,0,0,0,0,0
6000411466,2016,3,9,10,14,2,43.7320133,-79.58940516,Etobicoke North (1),1,Mount Olive-Silverstone-Jamestown (2),2,D23,Etobicoke York,JOHN GARLAND BLVD,MARTIN GROVE RD,3 m East of,Major Arterial,Intersection,At Intersection,Traffic Signal,Clear,Daylight,Dry,Non-Fatal Injury,Pedestrian Collisions,Driver,65 to 69,,0,West,"Automobile, Station Wagon",Turning Right,Failed to Yield Right of Way,Inattentive, , , , , , ,1,0,1,0,0,0,0,0,0,1,0,0,0,0