ACCNUM,YEAR,MONTH,DAY,HOUR,MINUTES,WEEKDAY,LATITUDE,LONGITUDE,Ward_Name,Ward_ID,Hood_Name,Hood_ID,Division,District,STREET1,STREET2,OFFSET,ROAD_CLASS,LOCCOORD,ACCLOC,TRAFFCTL,VISIBILITY,LIGHT,RDSFCOND,ACCLASS,IMPACTYPE,INVTYPE,INVAGE,INJURY,FATAL_NO,INITDIR,VEHTYPE,MANOEUVER,DRIVACT,DRIVCOND,PEDTYPE,PEDACT,PEDCOND,CYCLISTYPE,CYCACT,CYCCOND,PEDESTRIAN,CYCLIST,AUTOMOBILE,MOTORCYCLE,TRUCK,TRSN_CITY_VEH,EMERG_VEH,PASSENGER,SPEEDING,AG_DRIV,REDLIGHT,ALCOHOL,DISABILITY,label
6000411466,2016,3,9,10,14,2,43.7320133,-79.58940516,Etobicoke North (1),1,Mount Olive-Silverstone-Jamestown (2),2,D23,Etobicoke York,JOHN GARLAND BLVD,MARTIN GROVE RD,3 m East of,Major Arterial,Intersection,At Intersection,Traffic Signal,Clear,Daylight,Dry,Non-Fatal Injury,Pedestrian Collisions,Pedestrian,65 to 69,Major,0,South, , , , ,Vehicle turns right while ped crosses with ROW at inter.,Crossing with right of way,Normal, , , ,1,0,1,0,0,0,0,0,0,1,0,0,0,0
986004,2007,8,16,10,15,3,43.79704538,-79.14919029,Scarborough East (44),44,Rouge (131),131,D42,Scarborough,KINGSTON RD,RYLANDER BLVD, ,Major Arterial,Intersection,At Intersection,Traffic Signal,Clear,Daylight,Dry,Non-Fatal Injury,Cyclist Collisions,Driver,unknown,,0,East,"Automobile, Station Wagon",Going Ahead,Driving Properly, , , , , , , ,0,1,1,0,0,0,0,0,0,0,0,0,0,0
986004,2007,8,16,10,15,3,43.79704538,-79.14919029,Scarborough East (44),44,Rouge (131),131,D42,Scarborough,KINGSTON RD,RYLANDER BLVD, ,Major Arterial,Intersection,At Intersection,Traffic Signal,Clear,Daylight,Dry,Non-Fatal Injury,Cyclist Collisions,Cyclist,55 to 59,Major,0,East,Bicycle,Going Ahead, , , , , ,Cyclist and Driver travelling in same direction. One vehicle sideswipes the other.,Driving Properly,Normal,0,1,1,0,0,0,0,0,0,0,0,0,0,0
987941,2007,9,4,10,15,1,43.65104538,-79.60369029,Etobicoke Centre (3),3,Eringate-Centennial-West Deane (11),11,D22,Etobicoke York,EGLINTON AVE W,RAKELY CRT, ,Major Arterial,Mid-Block, ,No Control,Clear,Daylight,Dry,Non-Fatal Injury,Sideswipe,Driver,40 to 44,,0,East,"Automobile, Station Wagon",Going Ahead,Driving Properly,Normal, , , , , , ,0,0,1,0,0,0,0,0,0,0,0,0,1,0
987941,2007,9,4,10,15,1,43.65104538,-79.60369029,Etobicoke Centre (3),3,Eringate-Centennial-West Deane (11),11,D22,Etobicoke York,EGLINTON AVE W,RAKELY CRT, ,Major Arterial,Mid-Block, ,No Control,Clear,Daylight,Dry,Non-Fatal Injury,Sideswipe,Vehicle Owner,unknown,,0, ,Other, , , , , , , , , ,0,0,1,0,0,0,0,0,0,0,0,0,1,0
987941,2007,9,4,10,15,1,43.65104538,-79.60369029,Etobicoke Centre (3),3,Eringate-Centennial-West Deane (11),11,D22,Etobicoke York,EGLINTON AVE W,RAKELY CRT, ,Major Arterial,Mid-Block, ,No Control,Clear,Daylight,Dry,Non-Fatal Injury,Sideswipe,Driver,50 to 54,Major,0,West,"Automobile, Station Wagon",Going Ahead,Lost control,Medical or Physical Disability, , , , , , ,0,0,1,0,0,0,0,0,0,0,0,0,1,0
1022016,2008,1,27,10,15,6,43.75104538,-79.26719029,Scarborough Centre (37),37,Dorset Park (126),126,D41,Scarborough,2450 LAWRENCE AVE E, , ,Major Arterial,Intersection,At Intersection,Stop Sign,Clear,Daylight,Wet,Non-Fatal Injury,Pedestrian Collisions,Driver,25 to 29,,0,North,"Automobile, Station Wagon",Slowing or Stopping,Failed to Yield Right of Way,Inattentive, , , , , , ,1,0,1,0,0,0,0,0,0,1,0,0,0,0
1022016,2008,1,27,10,15,6,43.75104538,-79.26719029,Scarborough Centre (37),37,Dorset Park (126),126,D41,Scarborough,2450 LAWRENCE AVE E, , ,Major Arterial,Intersection,At Intersection,Stop Sign,Clear,Daylight,Wet,Non-Fatal Injury,Pedestrian Collisions,Pedestrian,65 to 69,Major,0,East,Other, , , ,Vehicle is going straight thru inter.while ped cross with ROW,Crossing with right of way,Normal, , , ,1,0,1,0,0,0,0,0,0,1,0,0,0,0
1183260,2010,8,16,10,15,0,43.65274538,-79.39889029,Trinity-Spadina (20),20,Kensington-Chinatown (78),78,D14,Toronto East York,519 DUNDAS ST W, , ,Major Arterial,Mid-Block,At Intersection,No Control,Clear,Daylight,Other,Non-Fatal Injury,Pedestrian Collisions,Driver,75 to 79,,0,North,"Automobile, Station Wagon",Going Ahead,Failed to Yield Right of Way,Inattentive, , , , , , ,1,0,1,0,0,0,0,0,0,1,0,0,0,0
1183260,2010,8,16,10,15,0,43.65274538,-79.39889029,Trinity-Spadina (20),20,Kensington-Chinatown (78),78,D14,Toronto East York,519 DUNDAS ST W, , ,Major Arterial,Mid-Block,At Intersection,No Control,Clear,Daylight,Other,Non-Fatal Injury,Pedestrian Collisions,Driver,65 to 69,,0,East,"Automobile, Station Wagon",Stopped,Driving Properly,Normal, , , , , , ,1,0,1,0,0,0,0,0,0,1,0,0,0,0
1183260,2010,8,16,10,15,0,43.65274538,-79.39889029,Trinity-Spadina (20),20,Kensington-Chinatown (78),78,D14,Toronto East York,519 DUNDAS ST W, , ,Major Arterial,Mid-Block,At Intersection,No Control,Clear,Daylight,Other,Non-Fatal Injury,Pedestrian Collisions,Pedestrian,30 to 34,Major,0,Unknown,Other, , , ,Pedestrian hit at private driveway,On Sidewalk or Shoulder,Normal, , , ,1,0,1,0,0,0,0,0,0,1,0,0,0,0
1302130,2012,5,10,10,15,3,43.65084538,-79.41339029,Trinity-Spadina (19),19,Trinity-Bellwoods (81),81,D14,Toronto East York,DUNDAS ST W,GORE VALE AVE, ,Major Arterial,Intersection, ,No Control,Clear,Daylight,Dry,Non-Fatal Injury,Cyclist Collisions,Vehicle Owner,unknown, ,0, ,Other, , , , , , , , , ,0,1,1,0,0,0,0,0,0,1,0,0,0,0
1302130,2012,5,10,10,15,3,43.65084538,-79.41339029,Trinity-Spadina (19),19,Trinity-Bellwoods (81),81,D14,Toronto East York,DUNDAS ST W,GORE VALE AVE, ,Major Arterial,Intersection, ,No Control,Clear,Daylight,Dry,Non-Fatal Injury,Cyclist Collisions,Driver,25 to 29,,0,East,"Automobile, Station Wagon",Going Ahead,Improper Passing,Normal, , , , , , ,0,1,1,0,0,0,0,0,0,1,0,0,0,0
1302130,2012,5,10,10,15,3,43.65084538,-79.41339029,Trinity-Spadina (19),19,Trinity-Bellwoods (81),81,D14,Toronto East York,DUNDAS ST W,GORE VALE AVE, ,Major Arterial,Intersection, ,No Control,Clear,Daylight,Dry,Non-Fatal Injury,Cyclist Collisions,Cyclist,65 to 69,Major,0,East,Bicycle,Going Ahead, , , , , ,Cyclist and Driver travelling in same direction. One vehicle sideswipes the other.,Driving Properly,Normal,0,1,1,0,0,0,0,0,0,1,0,0,0,0
1386246,2013,6,23,10,15,6,43.6359516,-79.44291315,Parkdale-High Park (14),14,South Parkdale (85),85,D14,Toronto East York,1491 LAKE SHORE BLVD W, , ,Major Arterial,Mid-Block,Non Intersection,Stop Sign,Clear,Daylight,Dry,Non-Fatal Injury,Cyclist Collisions,Driver,40 to 44,,0,North,"Automobile, Station Wagon",Going Ahead,Failed to Yield Right of Way,Inattentive, , , , , , ,0,1,1,0,0,0,0,0,0,1,0,0,0,0
1386246,2013,6,23,10,15,6,43.6359516,-79.44291315,Parkdale-High Park (14),14,South Parkdale (85),85,D14,Toronto East York,1491 LAKE SHORE BLVD W, , ,Major Arterial,Mid-Block,Non Intersection,Stop Sign,Clear,Daylight,Dry,Non-Fatal Injury,Cyclist Collisions,Cyclist,25 to 29,Major,0,West,Bicycle,Going Ahead, , , , , ,"Motorist without ROW drives into path of cyclist at inter, lnwy, dwy-Driver not turn.",Driving Properly,Normal,0,1,1,0,0,0,0,0,0,1,0,0,0,0
4003235849,2014,11,2,10,15,6,43.71748694,-79.44896326,Eglinton-Lawrence (15),15,Yorkdale-Glen Park (31),31,D32,North York,BLOSSOMFIELD DR,DANE AVE, ,Collector,Intersection,At Intersection,Stop Sign,Clear,"Dark, artificial",Dry,Non-Fatal Injury,Pedestrian Collisions,Driver,65 to 69,,0,East,"Automobile, Station Wagon",Turning Right,Failed to Yield Right of Way,Normal, , , , , , ,1,0,1,0,0,0,0,0,0,1,0,0,0,0
4003235849,2014,11,2,10,15,6,43.71748694,-79.44896326,Eglinton-Lawrence (15),15,Yorkdale-Glen Park (31),31,D32,North York,BLOSSOMFIELD DR,DANE AVE, ,Collector,Intersection,At Intersection,Stop Sign,Clear,"Dark, artificial",Dry,Non-Fatal Injury,Pedestrian Collisions,Pedestrian,60 to 64,Major,0,East, , , , ,Vehicle turns right while ped crosses with ROW at inter.,Crossing with right of way,Normal, , , ,1,0,1,0,0,0,0,0,0,1,0,0,0,0
5001233986,2015,7,20,10,15,0,43.63639029,-79.47229395,Parkdale-High Park (13),13,High Park-Swansea (87),87,D11,Etobicoke York,THE QUEENSWAY,SOUTH KINGSWAY,167 m East of,Major Arterial,Mid-Block,Non Intersection,No Control,Clear,Daylight,Dry,Non-Fatal Injury,Pedestrian Collisions,Truck Driver,35 to 39,,0,East,"Truck - Closed (Blazer, etc)",Reversing,Other,Normal, , , , , , ,1,0,0,0,1,0,0,0,0,0,0,0,0,0
5001233986,2015,7,20,10,15,0,43.63639029,-79.47229395,Parkdale-High Park (13),13,High Park-Swansea (87),87,D11,Etobicoke York,THE QUEENSWAY,SOUTH KINGSWAY,167 m East of,Major Arterial,Mid-Block,Non Intersection,No Control,Clear,Daylight,Dry,Non-Fatal Injury,Pedestrian Collisions,Pedestrian,55 to 59,Major,0,Unknown, , , , ,Vehicle is reversing and hits pedestrian,Other,Normal, , , ,1,0,0,0,1,0,0,0,0,0,0,0,0,0
1288905,2012,2,7,10,16,1,43.70794638,-79.39859399999999,St. Paul's (22),22,Mount Pleasant West (104),104,D53,Toronto East York,YONGE ST,ROEHAMPTON AVE, ,Major Arterial,Intersection,At Intersection,Stop Sign,Clear,Daylight,Dry,Non-Fatal Injury,Pedestrian Collisions,Driver,30 to 34,,0,West,"Automobile, Station Wagon",Turning Left,Driving Properly,Unknown, , , , , , ,1,0,1,0,0,0,0,0,0,0,0,0,0,0
1288905,2012,2,7,10,16,1,43.70794638,-79.39859399999999,St. Paul's (22),22,Mount Pleasant West (104),104,D53,Toronto East York,YONGE ST,ROEHAMPTON AVE, ,Major Arterial,Intersection,At Intersection,Stop Sign,Clear,Daylight,Dry,Non-Fatal Injury,Pedestrian Collisions,Pedestrian,70 to 74,Major,0,West,Other, , , ,Vehicle turns left while ped crosses without ROW at inter.,"Crossing, no Traffic Control",Inattentive, , , ,1,0,1,0,0,0,0,0,0,0,0,0,0,0
1366293,2013,5,31,10,17,4,43.79309042,-79.35225306,Don Valley East (33),33,Don Valley Village (47),47,D33,North York,FINCH AVE E,SKYMARK DR, ,Major Arterial,Intersection,At Intersection,Traffic Signal,Clear,Daylight,Dry,Non-Fatal Injury,Pedestrian Collisions,Driver,90 to 94,,0,South,"Automobile, Station Wagon",Turning Left,Improper Turn,Medical or Physical Disability, , , , , , ,1,0,1,0,0,0,0,0,0,0,0,0,1,0
1366293,2013,5,31,10,17,4,43.79309042,-79.35225306,Don Valley East (33),33,Don Valley Village (47),47,D33,North York,FINCH AVE E,SKYMARK DR, ,Major Arterial,Intersection,At Intersection,Traffic Signal,Clear,Daylight,Dry,Non-Fatal Injury,Pedestrian Collisions,Pedestrian,75 to 79,Major,0,North, , , , ,Vehicle turns left while ped crosses with ROW at inter.,Crossing with right of way,Normal, , , ,1,0,1,0,0,0,0,0,0,0,0,0,1,0
7000279545,2017,2,14,10,17,1,43.67976721,-79.53897486,Etobicoke Centre (4),4,Edenbridge-Humber Valley (9),9,D22,Etobicoke York,ISLINGTON AVE,EGLINTON AVE W, ,Major Arterial,Intersection,At Intersection,Traffic Signal,Clear,Daylight,Dry,Non-Fatal Injury,Turning Movement,Driver,55 to 59,Major,0,South,"Automobile, Station Wagon",Turning Left,Other,Normal, , , , , , ,0,0,1,0,0,0,0,0,0,0,0,0,0,0
7000279545,2017,2,14,10,17,1,43.67976721,-79.53897486,Etobicoke Centre (4),4,Edenbridge-Humber Valley (9),9,D22,Etobicoke York,ISLINGTON AVE,EGLINTON AVE W, ,Major Arterial,Intersection,At Intersection,Traffic Signal,Clear,Daylight,Dry,Non-Fatal Injury,Turning Movement,Driver,15 to 19,Minimal,0,North,"Automobile, Station Wagon",Going Ahead,Other,Normal, , , , , , ,0,0,1,0,0,0,0,0,0,0,0,0,0,0
1133419,2009,10,3,10,18,5,43.82984538,-79.28039029,Scarborough-Rouge River (41),41,Milliken (130),130,D42,Scarborough,STEELES AVE E,STRAWBERRY HILLS DR, ,Major Arterial,Intersection,At Intersection,Traffic Signal,Rain,Dusk,Wet,Non-Fatal Injury,Pedestrian Collisions,Driver,45 to 49,,0,East,"Automobile, Station Wagon",Turning Left,Failed to Yield Right of Way,Inattentive, , , , , , ,1,0,1,0,0,0,0,0,0,1,0,0,0,0
1133419,2009,10,3,10,18,5,43.82984538,-79.28039029,Scarborough-Rouge River (41),41,Milliken (130),130,D42,Scarborough,STEELES AVE E,STRAWBERRY HILLS DR, ,Major Arterial,Intersection,At Intersection,Traffic Signal,Rain,Dusk,Wet,Non-Fatal Injury,Pedestrian Collisions,Pedestrian,60 to 64,Major,0,North,Other, , , ,Vehicle turns left while ped crosses with ROW at inter.,Crossing with right of way,Normal, , , ,1,0,1,0,0,0,0,0,0,1,0,0,0,0
1387944,2013,10,9,10,18,2,43.67449911,-79.43258295,Davenport (17),17,Wychwood (94),94,D13,Etobicoke York,DAVENPORT RD,MOUNT ROYAL AVE, ,Minor Arterial,Intersection,At Intersection,No Control,Clear,Daylight,Dry,Non-Fatal Injury,Cyclist Collisions,Vehicle Owner,unknown, ,0, , , , , , , , , , , ,0,1,1,0,0,0,0,0,0,0,0,0,0,0
1387944,2013,10,9,10,18,2,43.67449911,-79.43258295,Davenport (17),17,Wychwood (94),94,D13,Etobicoke York,DAVENPORT RD,MOUNT ROYAL AVE, ,Minor Arterial,Intersection,At Intersection,No Control,Clear,Daylight,Dry,Non-Fatal Injury,Cyclist Collisions,Driver,45 to 49,,0,West,Delivery Van,Turning Right,Improper Turn,Inattentive, , , , , , ,0,1,1,0,0,0,0,0,0,0,0,0,0,0
1387944,2013,10,9,10,18,2,43.67449911,-79.43258295,Davenport (17),17,Wychwood (94),94,D13,Etobicoke York,DAVENPORT RD,MOUNT ROYAL AVE, ,Minor Arterial,Intersection,At Intersection,No Control,Clear,Daylight,Dry,Non-Fatal Injury,Cyclist Collisions,Cyclist,50 to 54,Major,0,West,Bicycle,Going Ahead, , , , , ,"Motorist turns right at non-signal Inter.(stop, yield, no cont.,and dwy) and strikes cyclist.",Driving Properly,Normal,0,1,1,0,0,0,0,0,0,0,0,0,0,0
3001029733,2013,11,24,10,18,6,43.73741873,-79.24470148,Scarborough Southwest (35),35,Eglinton East (138),138,D43,Scarborough,EGLINTON AVE E,OSWEGO RD, ,Major Arterial,Mid-Block,Non Intersection,No Control,Clear,Daylight,Dry,Fatal,Approaching,Driver,40 to 44,,0,West,"Automobile, Station Wagon",Changing Lanes,Speed too Fast For Condition,Normal, , , , , , ,0,0,1,0,0,0,0,1,1,1,0,0,0,1
3001029733,2013,11,24,10,18,6,43.73741873,-79.24470148,Scarborough Southwest (35),35,Eglinton East (138),138,D43,Scarborough,EGLINTON AVE E,OSWEGO RD, ,Major Arterial,Mid-Block,Non Intersection,No Control,Clear,Daylight,Dry,Fatal,Approaching,Driver,45 to 49,Minor,0,East,"Automobile, Station Wagon",Going Ahead,Driving Properly,Normal, , , , , , ,0,0,1,0,0,0,0,1,1,1,0,0,0,1
3001029733,2013,11,24,10,18,6,43.73741873,-79.24470148,Scarborough Southwest (35),35,Eglinton East (138),138,D43,Scarborough,EGLINTON AVE E,OSWEGO RD, ,Major Arterial,Mid-Block,Non Intersection,No Control,Clear,Daylight,Dry,Fatal,Approaching,Passenger,30 to 34,,0, , , , , , , , , , , ,0,0,1,0,0,0,0,1,1,1,0,0,0,1
3001029733,2013,11,24,10,18,6,43.73741873,-79.24470148,Scarborough Southwest (35),35,Eglinton East (138),138,D43,Scarborough,EGLINTON AVE E,OSWEGO RD, ,Major Arterial,Mid-Block,Non Intersection,No Control,Clear,Daylight,Dry,Fatal,Approaching,Passenger,30 to 34,Fatal,57, , , , , , , , , , , ,0,0,1,0,0,0,0,1,1,1,0,0,0,1
3001029733,2013,11,24,10,18,6,43.73741873,-79.24470148,Scarborough Southwest (35),35,Eglinton East (138),138,D43,Scarborough,EGLINTON AVE E,OSWEGO RD, ,Major Arterial,Mid-Block,Non Intersection,No Control,Clear,Daylight,Dry,Fatal,Approaching,Passenger,35 to 39,Minor,0, , , , , , , , , , , ,0,0,1,0,0,0,0,1,1,1,0,0,0,1
3001029733,2013,11,24,10,18,6,43.73741873,-79.24470148,Scarborough Southwest (35),35,Eglinton East (138),138,D43,Scarborough,EGLINTON AVE E,OSWEGO RD, ,Major Arterial,Mid-Block,Non Intersection,No Control,Clear,Daylight,Dry,Fatal,Approaching,Passenger,35 to 39,Minor,0,West,"Automobile, Station Wagon",Changing Lanes,Speed too Fast For Condition,Normal, , , , , , ,0,0,1,0,0,0,0,1,1,1,0,0,0,1
5000670962,2015,4,23,10,18,3,43.7087055,-79.29594813,Scarborough Southwest (35),35,Clairlea-Birchmount (120),120,D41,Toronto East York,VICTORIA PARK AVE,ST CLAIR AVE E, ,Major Arterial,Intersection,At Intersection,Traffic Controller,Clear,Daylight,Dry,Non-Fatal Injury,Pedestrian Collisions,Driver,85 to 89,,0,South,"Automobile, Station Wagon",Going Ahead,Driving Properly,Normal, , , , , , ,1,0,1,0,0,0,0,0,0,0,0,0,0,0
5000670962,2015,4,23,10,18,3,43.7087055,-79.29594813,Scarborough Southwest (35),35,Clairlea-Birchmount (120),120,D41,Toronto East York,VICTORIA PARK AVE,ST CLAIR AVE E, ,Major Arterial,Intersection,At Intersection,Traffic Controller,Clear,Daylight,Dry,Non-Fatal Injury,Pedestrian Collisions,Pedestrian,70 to 74,Major,0,East, , , , ,Vehicle is going straight thru inter.while ped cross without ROW,Crossing without right of way,Normal, , , ,1,0,1,0,0,0,0,0,0,0,0,0,0,0
6000261829,2016,2,13,10,18,5,43.76023825,-79.50360499,York West (8),8,York University Heights (27),27,D31,North York,FINCH AVE W,TOBERMORY DR,450 m East of,Major Arterial,Mid-Block,Non Intersection,No Control,Clear,Daylight,Dry,Fatal,Pedestrian Collisions,Driver,75 to 79,,0,West,"Automobile, Station Wagon",Going Ahead,Driving Properly,Normal, , , , , , ,1,0,1,0,0,0,0,1,0,0,0,0,0,1
6000261829,2016,2,13,10,18,5,43.76023825,-79.50360499,York West (8),8,York University Heights (27),27,D31,North York,FINCH AVE W,TOBERMORY DR,450 m East of,Major Arterial,Mid-Block,Non Intersection,No Control,Clear,Daylight,Dry,Fatal,Pedestrian Collisions,Pedestrian,70 to 74,Fatal,11,South, , , , ,Vehicle is going straight thru inter.while ped cross without ROW,Running onto Roadway,Inattentive, , , ,1,0,1,0,0,0,0,1,0,0,0,0,0,1
6000261829,2016,2,13,10,18,5,43.76023825,-79.50360499,York West (8),8,York University Heights (27),27,D31,North York,FINCH AVE W,TOBERMORY DR,450 m East of,Major Arterial,Mid-Block,Non Intersection,No Control,Clear,Daylight,Dry,Fatal,Pedestrian Collisions,Passenger,60 to 64,,0, , , , , , , , , , , ,1,0,1,0,0,0,0,1,0,0,0,0,0,1
6000261829,2016,2,13,10,18,5,43.76023825,-79.50360499,York West (8),8,York University Heights (27),27,D31,North York,FINCH AVE W,TOBERMORY DR,450 m East of,Major Arterial,Mid-Block,Non Intersection,No Control,Clear,Daylight,Dry,Fatal,Pedestrian Collisions,Passenger,45 to 49,,0, , , , , , , , , , , ,1,0,1,0,0,0,0,1,0,0,0,0,0,1
1183570,2010,7,5,10,19,0,43.69644538,-79.31739029,Beaches-East York (31),31,Woodbine-Lumsden (60),60,D54,Toronto East York,COSBURN Ave,WOODBINE Ave, ,Major Arterial,Intersection,At Intersection,Traffic Signal,Clear,Daylight,Dry,Non-Fatal Injury,Cyclist Collisions,Driver,45 to 49,,0,West,"Automobile, Station Wagon",Going Ahead,Driving Properly,Normal, , , , , , ,0,1,1,0,0,0,0,0,0,0,0,0,0,0
1183570,2010,7,5,10,19,0,43.69644538,-79.31739029,Beaches-East York (31),31,Woodbine-Lumsden (60),60,D54,Toronto East York,COSBURN Ave,WOODBINE Ave, ,Major Arterial,Intersection,At Intersection,Traffic Signal,Clear,Daylight,Dry,Non-Fatal Injury,Cyclist Collisions,Cyclist,45 to 49,Major,0,East,Bicycle,Turning Left, , , , , ,Cyclist turned left across motorists path.,Improper Turn,Inattentive,0,1,1,0,0,0,0,0,0,0,0,0,0,0
1312366,2012,8,30,10,19,3,43.65494538,-79.56429029,Etobicoke Centre (3),3,Eringate-Centennial-West Deane (11),11,D22,Etobicoke York,RATHBURN RD,THE EAST MALL, ,Minor Arterial,Intersection,At Intersection,Traffic Signal,Clear,Daylight,Other,Non-Fatal Injury,Pedestrian Collisions,Driver,55 to 59,,0,South,"Automobile, Station Wagon",Turning Left,Failed to Yield Right of Way,Normal, , , , , , ,1,0,1,0,0,0,0,0,0,1,0,0,0,0
1312366,2012,8,30,10,19,3,43.65494538,-79.56429029,Etobicoke Centre (3),3,Eringate-Centennial-West Deane (11),11,D22,Etobicoke York,RATHBURN RD,THE EAST MALL, ,Minor Arterial,Intersection,At Intersection,Traffic Signal,Clear,Daylight,Other,Non-Fatal Injury,Pedestrian Collisions,Pedestrian,85 to 89,Major,0,North,Other, , , ,Vehicle turns left while ped crosses with ROW at inter.,Crossing with right of way,Normal, , , ,1,0,1,0,0,0,0,0,0,1,0,0,0,0
999758,2007,10,22,10,20,0,43.78254538,-79.49009029,York West (8),8,York University Heights (27),27,D31,North York,STEELES Aven W,PETROLIA Road, ,Major Arterial,Intersection,At Intersection,Traffic Signal,Clear,Daylight,Dry,Non-Fatal Injury,Angle,Driver,45 to 49,Major,0,North,"Automobile, Station Wagon",Going Ahead,Disobeyed Traffic Control,Unknown, , , , , , ,0,0,1,0,0,0,0,0,0,1,1,0,0,0
999758,2007,10,22,10,20,0,43.78254538,-79.49009029,York West (8),8,York University Heights (27),27,D31,North York,STEELES Aven W,PETROLIA Road, ,Major Arterial,Intersection,At Intersection,Traffic Signal,Clear,Daylight,Dry,Non-Fatal Injury,Angle,Driver,70 to 74,,0,East,"Automobile, Station Wagon",Going Ahead,Driving Properly,Normal, , , , , , ,0,0,1,0,0,0,0,0,0,1,1,0,0,0
1075169,2008,11,15,10,20,5,43.67514538,-79.40599029,Trinity-Spadina (20),20,Annex (95),95,D53,Toronto East York,DUPONT ST,MADISON AVE, ,Major Arterial,Intersection, ,No Control,Rain,Daylight,Wet,Non-Fatal Injury,Rear End,Vehicle Owner,unknown, ,0, ,Other, , , , , , , , , ,0,0,1,0,0,0,0,1,0,1,0,0,0,0
1075169,2008,11,15,10,20,5,43.67514538,-79.40599029,Trinity-Spadina (20),20,Annex (95),95,D53,Toronto East York,DUPONT ST,MADISON AVE, ,Major Arterial,Intersection, ,No Control,Rain,Daylight,Wet,Non-Fatal Injury,Rear End,Driver,25 to 29,,0,West,"Automobile, Station Wagon",Going Ahead,Following too Close,Inattentive, , , , , , ,0,0,1,0,0,0,0,1,0,1,0,0,0,0
1075169,2008,11,15,10,20,5,43.67514538,-79.40599029,Trinity-Spadina (20),20,Annex (95),95,D53,Toronto East York,DUPONT ST,MADISON AVE, ,Major Arterial,Intersection, ,No Control,Rain,Daylight,Wet,Non-Fatal Injury,Rear End,Driver,50 to 54,,0,West,"Automobile, Station Wagon",Stopped,Driving Properly,Normal, , , , , , ,0,0,1,0,0,0,0,1,0,1,0,0,0,0
1075169,2008,11,15,10,20,5,43.67514538,-79.40599029,Trinity-Spadina (20),20,Annex (95),95,D53,Toronto East York,DUPONT ST,MADISON AVE, ,Major Arterial,Intersection, ,No Control,Rain,Daylight,Wet,Non-Fatal Injury,Rear End,Passenger,55 to 59,Major,0, ,Other, , , , , , , , , ,0,0,1,0,0,0,0,1,0,1,0,0,0,0
1075169,2008,11,15,10,20,5,43.67514538,-79.40599029,Trinity-Spadina (20),20,Annex (95),95,D53,Toronto East York,DUPONT ST,MADISON AVE, ,Major Arterial,Intersection, ,No Control,Rain,Daylight,Wet,Non-Fatal Injury,Rear End,Driver,55 to 59,Major,0,West,"Automobile, Station Wagon",Stopped,Driving Properly,Normal, , , , , , ,0,0,1,0,0,0,0,1,0,1,0,0,0,0
1237364,2011,4,5,10,20,1,43.66624538,-79.37829029,Toronto Centre-Rosedale (27),27,Cabbagetown-South St.James Town (71),71,D51,Toronto East York,JARVIS ST,WELLESLEY ST E, ,Major Arterial,Intersection,At Intersection,Traffic Signal,Clear,Daylight,Dry,Non-Fatal Injury,Cyclist Collisions,Driver,65 to 69,,0,South,"Automobile, Station Wagon",Going Ahead,Driving Properly,Normal, , , , , , ,0,1,1,0,0,0,0,0,0,0,0,0,0,0
1237364,2011,4,5,10,20,1,43.66624538,-79.37829029,Toronto Centre-Rosedale (27),27,Cabbagetown-South St.James Town (71),71,D51,Toronto East York,JARVIS ST,WELLESLEY ST E, ,Major Arterial,Intersection,At Intersection,Traffic Signal,Clear,Daylight,Dry,Non-Fatal Injury,Cyclist Collisions,Cyclist,65 to 69,Major,0,South,Bicycle,Overtaking, , , , , ,Cyclist and Driver travelling in same direction. One vehicle sideswipes the other.,Improper Passing,Normal,0,1,1,0,0,0,0,0,0,0,0,0,0,0
1285331,2012,1,18,10,20,2,43.67754538,-79.35869029,Toronto-Danforth (29),29,Playter Estates-Danforth (67),67,D54,Toronto East York,ERINDALE Aven,BROADVIEW Aven, ,Minor Arterial,Intersection,At Intersection,No Control,Clear,Daylight,Dry,Non-Fatal Injury,Pedestrian Collisions,Driver,85 to 89,Minor,0,South,"Automobile, Station Wagon",Turning Left,Failed to Yield Right of Way,Inattentive, , , , , , ,1,0,1,0,0,0,0,0,0,1,0,0,0,0
1285331,2012,1,18,10,20,2,43.67754538,-79.35869029,Toronto-Danforth (29),29,Playter Estates-Danforth (67),67,D54,Toronto East York,ERINDALE Aven,BROADVIEW Aven, ,Minor Arterial,Intersection,At Intersection,No Control,Clear,Daylight,Dry,Non-Fatal Injury,Pedestrian Collisions,Pedestrian,50 to 54,Major,0,North,Other, , , ,Vehicle turns left while ped crosses with ROW at inter.,Crossing with right of way,Unknown, , , ,1,0,1,0,0,0,0,0,0,1,0,0,0,0