ACCNUM,YEAR,MONTH,DAY,HOUR,MINUTES,WEEKDAY,LATITUDE,LONGITUDE,Ward_Name,Ward_ID,Hood_Name,Hood_ID,Division,District,STREET1,STREET2,OFFSET,ROAD_CLASS,LOCCOORD,ACCLOC,TRAFFCTL,VISIBILITY,LIGHT,RDSFCOND,ACCLASS,IMPACTYPE,INVTYPE,INVAGE,INJURY,FATAL_NO,INITDIR,VEHTYPE,MANOEUVER,DRIVACT,DRIVCOND,PEDTYPE,PEDACT,PEDCOND,CYCLISTYPE,CYCACT,CYCCOND,PEDESTRIAN,CYCLIST,AUTOMOBILE,MOTORCYCLE,TRUCK,TRSN_CITY_VEH,EMERG_VEH,PASSENGER,SPEEDING,AG_DRIV,REDLIGHT,ALCOHOL,DISABILITY,label
1285462,2012,3,17,10,20,5,43.67014538,-79.36019029,Toronto Centre-Rosedale (28),28,Cabbagetown-South St.James Town (71),71,D51,Toronto East York,ROSEDALE VALLEY RD,BAYVIEW AVE, ,Major Arterial,Intersection,At Intersection,Traffic Signal,Clear,Daylight,Wet,Non-Fatal Injury,Rear End,Vehicle Owner,unknown, ,0, ,Other, , , , , , , , , ,0,0,1,0,0,0,0,0,0,1,0,0,0,0
1285462,2012,3,17,10,20,5,43.67014538,-79.36019029,Toronto Centre-Rosedale (28),28,Cabbagetown-South St.James Town (71),71,D51,Toronto East York,ROSEDALE VALLEY RD,BAYVIEW AVE, ,Major Arterial,Intersection,At Intersection,Traffic Signal,Clear,Daylight,Wet,Non-Fatal Injury,Rear End,Driver,30 to 34,,0,East,"Automobile, Station Wagon",Going Ahead,Driving Properly,Normal, , , , , , ,0,0,1,0,0,0,0,0,0,1,0,0,0,0
1285462,2012,3,17,10,20,5,43.67014538,-79.36019029,Toronto Centre-Rosedale (28),28,Cabbagetown-South St.James Town (71),71,D51,Toronto East York,ROSEDALE VALLEY RD,BAYVIEW AVE, ,Major Arterial,Intersection,At Intersection,Traffic Signal,Clear,Daylight,Wet,Non-Fatal Injury,Rear End,Driver,40 to 44,Major,0,East,"Automobile, Station Wagon",Stopped,Following too Close,Inattentive, , , , , , ,0,0,1,0,0,0,0,0,0,1,0,0,0,0
1365697,2013,5,25,10,22,5,43.80174538,-79.30019029,Scarborough-Agincourt (39),39,L'Amoreaux (117),117,D42,Scarborough,41 WAYSIDE Ave, , ,Collector,Intersection, ,No Control,Clear,Daylight,Dry,Non-Fatal Injury,Pedestrian Collisions,Driver,25 to 29,,0,East,"Automobile, Station Wagon",Reversing,Other,Inattentive, , , , , , ,1,0,1,0,0,0,0,0,0,0,0,0,0,0
1365697,2013,5,25,10,22,5,43.80174538,-79.30019029,Scarborough-Agincourt (39),39,L'Amoreaux (117),117,D42,Scarborough,41 WAYSIDE Ave, , ,Collector,Intersection, ,No Control,Clear,Daylight,Dry,Non-Fatal Injury,Pedestrian Collisions,Pedestrian,80 to 84,Major,0,West,Other, , , ,Vehicle is reversing and hits pedestrian,Other,Normal, , , ,1,0,1,0,0,0,0,0,0,0,0,0,0,0
1384474,2013,10,30,10,22,2,43.70051916,-79.42775355,St. Paul's (21),21,Humewood-Cedarvale (106),106,D13,Toronto East York,CHILTERN HILL RD,EGLINTON AVE W, ,Major Arterial,Intersection, ,Stop Sign,Clear,Daylight,Dry,Fatal,Pedestrian Collisions, ,unknown, ,0, , , , , , , , , , , ,1,0,1,0,0,0,0,0,0,1,0,0,0,1
1384474,2013,10,30,10,22,2,43.70051916,-79.42775355,St. Paul's (21),21,Humewood-Cedarvale (106),106,D13,Toronto East York,CHILTERN HILL RD,EGLINTON AVE W, ,Major Arterial,Intersection, ,Stop Sign,Clear,Daylight,Dry,Fatal,Pedestrian Collisions,Driver,55 to 59,,0,South,Delivery Van,Going Ahead,Failed to Yield Right of Way,Inattentive, , , , , , ,1,0,1,0,0,0,0,0,0,1,0,0,0,1
1384474,2013,10,30,10,22,2,43.70051916,-79.42775355,St. Paul's (21),21,Humewood-Cedarvale (106),106,D13,Toronto East York,CHILTERN HILL RD,EGLINTON AVE W, ,Major Arterial,Intersection, ,Stop Sign,Clear,Daylight,Dry,Fatal,Pedestrian Collisions,Pedestrian,Over 95,Fatal,50,West, , , , ,Vehicle is going straight thru inter.while ped cross with ROW,Crossing with right of way,Unknown, , , ,1,0,1,0,0,0,0,0,0,1,0,0,0,1
7000337302,2017,2,23,10,22,3,43.64982184,-79.38077174,Toronto Centre-Rosedale (28),28,Bay Street Corridor (76),76,D52,Toronto East York,ADELAIDE ST W,BAY ST, ,Major Arterial,Intersection,At Intersection,Traffic Signal,Clear,"Daylight, artificial",Dry,Fatal,Pedestrian Collisions,Pedestrian,75 to 79,Fatal,8,East, , , , ,Vehicle turns right while ped crosses with ROW at inter.,Crossing with right of way,Normal, , , ,1,0,1,0,0,0,0,0,0,1,0,0,0,1
7000337302,2017,2,23,10,22,3,43.64982184,-79.38077174,Toronto Centre-Rosedale (28),28,Bay Street Corridor (76),76,D52,Toronto East York,ADELAIDE ST W,BAY ST, ,Major Arterial,Intersection,At Intersection,Traffic Signal,Clear,"Daylight, artificial",Dry,Fatal,Pedestrian Collisions,Driver,20 to 24,,0,East,Pick Up Truck,Turning Right,Failed to Yield Right of Way,Inattentive, , , , , , ,1,0,1,0,0,0,0,0,0,1,0,0,0,1
1212031,2011,1,11,10,23,1,43.64724538,-79.40389029,Trinity-Spadina (20),20,Kensington-Chinatown (78),78,D14,Toronto East York,QUEEN ST W,BATHURST ST, ,Major Arterial,Intersection,At Intersection,No Control,Clear,Daylight,Wet,Fatal,Pedestrian Collisions,Pedestrian,unknown,Fatal,1,North,Other, , , ,Pedestrian involved in a collision with transit vehicle anywhere along roadway,"Crossing, no Traffic Control",Unknown, , , ,1,0,0,0,0,1,0,0,0,0,0,0,0,1
1107544,2009,6,2,20,13,1,43.65084538,-79.38659029,Toronto Centre-Rosedale (28),28,Bay Street Corridor (76),76,D52,Toronto East York,QUEEN St W,UNIVERSITY Ave, ,Major Arterial,Intersection,At Intersection,Traffic Signal,Clear,Dark,Dry,Non-Fatal Injury,Pedestrian Collisions,Vehicle Owner,unknown, ,0, ,Other, , , , , , , , , ,1,0,1,0,0,0,0,1,0,1,1,0,0,0
1107544,2009,6,2,20,13,1,43.65084538,-79.38659029,Toronto Centre-Rosedale (28),28,Bay Street Corridor (76),76,D52,Toronto East York,QUEEN St W,UNIVERSITY Ave, ,Major Arterial,Intersection,At Intersection,Traffic Signal,Clear,Dark,Dry,Non-Fatal Injury,Pedestrian Collisions,Driver,20 to 24,Minimal,0,West,"Automobile, Station Wagon",Going Ahead,Disobeyed Traffic Control,Unknown, , , , , , ,1,0,1,0,0,0,0,1,0,1,1,0,0,0
1107544,2009,6,2,20,13,1,43.65084538,-79.38659029,Toronto Centre-Rosedale (28),28,Bay Street Corridor (76),76,D52,Toronto East York,QUEEN St W,UNIVERSITY Ave, ,Major Arterial,Intersection,At Intersection,Traffic Signal,Clear,Dark,Dry,Non-Fatal Injury,Pedestrian Collisions,Pedestrian,20 to 24,Minimal,0, ,Other, , , ,Pedestrian hit on sidewalk or shoulder,On Sidewalk or Shoulder,Normal, , , ,1,0,1,0,0,0,0,1,0,1,1,0,0,0
1107544,2009,6,2,20,13,1,43.65084538,-79.38659029,Toronto Centre-Rosedale (28),28,Bay Street Corridor (76),76,D52,Toronto East York,QUEEN St W,UNIVERSITY Ave, ,Major Arterial,Intersection,At Intersection,Traffic Signal,Clear,Dark,Dry,Non-Fatal Injury,Pedestrian Collisions,Pedestrian,30 to 34,Major,0, ,Other, , , ,Pedestrian hit on sidewalk or shoulder,On Sidewalk or Shoulder,Normal, , , ,1,0,1,0,0,0,0,1,0,1,1,0,0,0
1107544,2009,6,2,20,13,1,43.65084538,-79.38659029,Toronto Centre-Rosedale (28),28,Bay Street Corridor (76),76,D52,Toronto East York,QUEEN St W,UNIVERSITY Ave, ,Major Arterial,Intersection,At Intersection,Traffic Signal,Clear,Dark,Dry,Non-Fatal Injury,Pedestrian Collisions,Pedestrian,25 to 29,Major,0, ,Other, , , ,Pedestrian hit on sidewalk or shoulder,On Sidewalk or Shoulder,Normal, , , ,1,0,1,0,0,0,0,1,0,1,1,0,0,0
5002137387,2015,12,13,20,13,6,43.723785,-79.45685969,Eglinton-Lawrence (15),15,Yorkdale-Glen Park (31),31,D32,North York,DUFFERIN ST,CARTWRIGHT AVE,7 m North of,Major Arterial,Intersection,At Intersection,No Control,Clear,"Dark, artificial",Dry,Non-Fatal Injury,Pedestrian Collisions,Pedestrian,25 to 29,Major,0,East, , , , ,Vehicle is going straight thru inter.while ped cross without ROW,"Crossing, no Traffic Control",Inattentive, , , ,1,0,0,0,0,0,0,0,0,0,0,0,0,0
1003447,2007,11,8,20,14,3,43.68174538,-79.42569029,St. Paul's (21),21,Wychwood (94),94,D13,Toronto East York,ST CLAIR AVE W,CHRISTIE ST, ,Major Arterial,Intersection, ,Traffic Signal,Rain,Dark,Wet,Non-Fatal Injury,Cyclist Collisions,Driver,60 to 64,,0,West,"Automobile, Station Wagon",Going Ahead,Driving Properly,Normal, , , , , , ,0,1,1,0,0,0,0,0,0,0,0,0,0,0
1003447,2007,11,8,20,14,3,43.68174538,-79.42569029,St. Paul's (21),21,Wychwood (94),94,D13,Toronto East York,ST CLAIR AVE W,CHRISTIE ST, ,Major Arterial,Intersection, ,Traffic Signal,Rain,Dark,Wet,Non-Fatal Injury,Cyclist Collisions,Vehicle Owner,unknown, ,0, ,Other, , , , , , , , , ,0,1,1,0,0,0,0,0,0,0,0,0,0,0
1003447,2007,11,8,20,14,3,43.68174538,-79.42569029,St. Paul's (21),21,Wychwood (94),94,D13,Toronto East York,ST CLAIR AVE W,CHRISTIE ST, ,Major Arterial,Intersection, ,Traffic Signal,Rain,Dark,Wet,Non-Fatal Injury,Cyclist Collisions,Cyclist,35 to 39,Major,0,West,Bicycle,Stopped, , , , , ,Cyclist and Driver travelling in same direction. One vehicle rear-ended the other.,Driving Properly,Normal,0,1,1,0,0,0,0,0,0,0,0,0,0,0
1284915,2012,3,18,20,14,6,43.76104538,-79.49999029,York West (8),8,York University Heights (27),27,D31,North York,FINCH AVE W,SENTINEL RD, ,Major Arterial,Intersection,At Intersection,Traffic Signal,Clear,"Dark, artificial",Dry,Non-Fatal Injury,Turning Movement,Vehicle Owner,unknown, ,0, ,Other, , , , , , , , , ,0,0,1,0,0,0,0,1,0,0,0,0,0,0
1284915,2012,3,18,20,14,6,43.76104538,-79.49999029,York West (8),8,York University Heights (27),27,D31,North York,FINCH AVE W,SENTINEL RD, ,Major Arterial,Intersection,At Intersection,Traffic Signal,Clear,"Dark, artificial",Dry,Non-Fatal Injury,Turning Movement,Passenger,65 to 69,Major,0, ,Other, , , , , , , , , ,0,0,1,0,0,0,0,1,0,0,0,0,0,0
1284915,2012,3,18,20,14,6,43.76104538,-79.49999029,York West (8),8,York University Heights (27),27,D31,North York,FINCH AVE W,SENTINEL RD, ,Major Arterial,Intersection,At Intersection,Traffic Signal,Clear,"Dark, artificial",Dry,Non-Fatal Injury,Turning Movement,Driver,65 to 69,Minor,0,West,"Automobile, Station Wagon",Going Ahead,Driving Properly,Normal, , , , , , ,0,0,1,0,0,0,0,1,0,0,0,0,0,0
1284915,2012,3,18,20,14,6,43.76104538,-79.49999029,York West (8),8,York University Heights (27),27,D31,North York,FINCH AVE W,SENTINEL RD, ,Major Arterial,Intersection,At Intersection,Traffic Signal,Clear,"Dark, artificial",Dry,Non-Fatal Injury,Turning Movement,Vehicle Owner,unknown, ,0, ,Other, , , , , , , , , ,0,0,1,0,0,0,0,1,0,0,0,0,0,0
1284915,2012,3,18,20,14,6,43.76104538,-79.49999029,York West (8),8,York University Heights (27),27,D31,North York,FINCH AVE W,SENTINEL RD, ,Major Arterial,Intersection,At Intersection,Traffic Signal,Clear,"Dark, artificial",Dry,Non-Fatal Injury,Turning Movement,Driver,25 to 29,,0,East,"Automobile, Station Wagon",Turning Left,Improper Turn,Unknown, , , , , , ,0,0,1,0,0,0,0,1,0,0,0,0,0,0
1385893,2013,10,20,20,14,6,43.7042652,-79.42613611,St. Paul's (21),21,Forest Hill North (102),102,D53,Toronto East York,SHALLMAR BLVD,BATHURST ST, ,Major Arterial,Intersection, ,No Control,Clear,"Dark, artificial",Dry,Non-Fatal Injury,Pedestrian Collisions,Pedestrian,50 to 54,Major,0,South,Other, , , ,Vehicle turns left while ped crosses with ROW at inter.,Crossing with right of way,Had Been Drinking, , , ,1,0,1,0,0,0,0,1,0,1,0,0,0,0
1385893,2013,10,20,20,14,6,43.7042652,-79.42613611,St. Paul's (21),21,Forest Hill North (102),102,D53,Toronto East York,SHALLMAR BLVD,BATHURST ST, ,Major Arterial,Intersection, ,No Control,Clear,"Dark, artificial",Dry,Non-Fatal Injury,Pedestrian Collisions,Passenger,85 to 89,,0, ,Other, , , , , , , , , ,1,0,1,0,0,0,0,1,0,1,0,0,0,0
1385893,2013,10,20,20,14,6,43.7042652,-79.42613611,St. Paul's (21),21,Forest Hill North (102),102,D53,Toronto East York,SHALLMAR BLVD,BATHURST ST, ,Major Arterial,Intersection, ,No Control,Clear,"Dark, artificial",Dry,Non-Fatal Injury,Pedestrian Collisions,Driver,80 to 84,,0,South,"Automobile, Station Wagon",Turning Left,Failed to Yield Right of Way,Inattentive, , , , , , ,1,0,1,0,0,0,0,1,0,1,0,0,0,0
4002279383,2014,6,12,20,14,3,43.73176535,-79.59104548,Etobicoke North (1),1,West Humber-Clairville (1),1,D23,Etobicoke York,JOHN GARLAND BLVD,FOUR LEAF DR,12 m West of,Collector,Intersection,At Intersection,No Control,Clear,"Dusk, artificial",Dry,Non-Fatal Injury,SMV Other,Driver,15 to 19,,0,West,"Automobile, Station Wagon",Turning Left,Lost control,Unknown, , , , , , ,0,0,1,0,0,0,0,1,0,0,0,0,0,0
4002279383,2014,6,12,20,14,3,43.73176535,-79.59104548,Etobicoke North (1),1,West Humber-Clairville (1),1,D23,Etobicoke York,JOHN GARLAND BLVD,FOUR LEAF DR,12 m West of,Collector,Intersection,At Intersection,No Control,Clear,"Dusk, artificial",Dry,Non-Fatal Injury,SMV Other,Passenger,15 to 19,Major,0, , , , , , , , , , , ,0,0,1,0,0,0,0,1,0,0,0,0,0,0
1132715,2009,10,23,20,15,4,43.66434538,-79.38719029,Toronto Centre-Rosedale (27),27,Bay Street Corridor (76),76,D52,Toronto East York,BAY ST,WELLESLEY ST W, ,Major Arterial,Intersection,At Intersection,Traffic Signal,Rain,Dark,Wet,Non-Fatal Injury,Pedestrian Collisions,Driver,20 to 24,,0,East,"Automobile, Station Wagon",Turning Left,Failed to Yield Right of Way,Normal, , , , , , ,1,0,1,0,0,0,0,0,0,1,0,0,0,0
1132715,2009,10,23,20,15,4,43.66434538,-79.38719029,Toronto Centre-Rosedale (27),27,Bay Street Corridor (76),76,D52,Toronto East York,BAY ST,WELLESLEY ST W, ,Major Arterial,Intersection,At Intersection,Traffic Signal,Rain,Dark,Wet,Non-Fatal Injury,Pedestrian Collisions,Pedestrian,35 to 39,Major,0,East,Other, , , ,Vehicle turns left while ped crosses with ROW at inter.,Crossing with right of way,Normal, , , ,1,0,1,0,0,0,0,0,0,1,0,0,0,0
1187629,2010,7,30,20,15,4,43.64724538,-79.37329029,Toronto Centre-Rosedale (28),28,Waterfront Communities-The Island (77),77,D51,Toronto East York,THE ESPLANADE,CHURCH ST, ,Collector,Intersection,At Intersection,Traffic Signal,Clear,Daylight,Dry,Non-Fatal Injury,Turning Movement,Passenger,15 to 19,Minor,0, ,Other, , , , , , , , , ,0,0,1,1,0,0,0,1,0,1,0,0,0,0
1187629,2010,7,30,20,15,4,43.64724538,-79.37329029,Toronto Centre-Rosedale (28),28,Waterfront Communities-The Island (77),77,D51,Toronto East York,THE ESPLANADE,CHURCH ST, ,Collector,Intersection,At Intersection,Traffic Signal,Clear,Daylight,Dry,Non-Fatal Injury,Turning Movement,Motorcycle Driver,25 to 29,Major,0,East,Motorcycle,Going Ahead,Other,Had Been Drinking, , , , , , ,0,0,1,1,0,0,0,1,0,1,0,0,0,0
1187629,2010,7,30,20,15,4,43.64724538,-79.37329029,Toronto Centre-Rosedale (28),28,Waterfront Communities-The Island (77),77,D51,Toronto East York,THE ESPLANADE,CHURCH ST, ,Collector,Intersection,At Intersection,Traffic Signal,Clear,Daylight,Dry,Non-Fatal Injury,Turning Movement,Driver,25 to 29,,0,West,"Automobile, Station Wagon",Turning Left,Failed to Yield Right of Way,Normal, , , , , , ,0,0,1,1,0,0,0,1,0,1,0,0,0,0
1332261,2012,12,20,20,15,3,43.73384538,-79.26859029,Scarborough Centre (37),37,Ionview (125),125,D41,Scarborough,KENNEDY Rd,TREVERTON Dr, ,Major Arterial,Intersection, ,No Control,Rain,"Dark, artificial",Wet,Fatal,Pedestrian Collisions,Passenger,30 to 34,,0, ,Other, , , , , , , , , ,1,0,1,0,0,0,0,1,0,0,0,0,0,1
1332261,2012,12,20,20,15,3,43.73384538,-79.26859029,Scarborough Centre (37),37,Ionview (125),125,D41,Scarborough,KENNEDY Rd,TREVERTON Dr, ,Major Arterial,Intersection, ,No Control,Rain,"Dark, artificial",Wet,Fatal,Pedestrian Collisions,Passenger,25 to 29,,0, ,Other, , , , , , , , , ,1,0,1,0,0,0,0,1,0,0,0,0,0,1
1332261,2012,12,20,20,15,3,43.73384538,-79.26859029,Scarborough Centre (37),37,Ionview (125),125,D41,Scarborough,KENNEDY Rd,TREVERTON Dr, ,Major Arterial,Intersection, ,No Control,Rain,"Dark, artificial",Wet,Fatal,Pedestrian Collisions,Driver,45 to 49,,0,South,"Automobile, Station Wagon",Changing Lanes,Other,Unknown, , , , , , ,1,0,1,0,0,0,0,1,0,0,0,0,0,1
1332261,2012,12,20,20,15,3,43.73384538,-79.26859029,Scarborough Centre (37),37,Ionview (125),125,D41,Scarborough,KENNEDY Rd,TREVERTON Dr, ,Major Arterial,Intersection, ,No Control,Rain,"Dark, artificial",Wet,Fatal,Pedestrian Collisions,Pedestrian,15 to 19,Fatal,44,Unknown,Other,Unknown, , ,Pedestrian hit at mid-block,"Crossing, no Traffic Control",Unknown, , , ,1,0,1,0,0,0,0,1,0,0,0,0,0,1
1383697,2013,8,28,20,15,2,43.75427206,-79.25155268,Scarborough Centre (38),38,Bendale (127),127,D43,Scarborough,LAWRENCE Ave E,BARRYMORE Rd, ,Major Arterial,Intersection, ,Traffic Signal,Clear,"Dark, artificial",Dry,Non-Fatal Injury,Pedestrian Collisions,Driver,25 to 29,,0,West,"Automobile, Station Wagon",Going Ahead,Driving Properly,Normal, , , , , , ,1,0,1,0,0,0,0,0,0,0,0,0,0,0
1383697,2013,8,28,20,15,2,43.75427206,-79.25155268,Scarborough Centre (38),38,Bendale (127),127,D43,Scarborough,LAWRENCE Ave E,BARRYMORE Rd, ,Major Arterial,Intersection, ,Traffic Signal,Clear,"Dark, artificial",Dry,Non-Fatal Injury,Pedestrian Collisions,Pedestrian,70 to 74,Major,0,North,Other, , , ,Vehicle is going straight thru inter.while ped cross without ROW,Crossing without right of way,Unknown, , , ,1,0,1,0,0,0,0,0,0,0,0,0,0,0
4003149103,2014,10,21,20,15,1,43.73787268,-79.42940913,Eglinton-Lawrence (16),16,Bedford Park-Nortown (39),39,D32,North York,WILSON AVE,ALLARD AVE, ,Major Arterial,Intersection,Intersection Related,Stop Sign,Rain,"Dark, artificial",Wet,Non-Fatal Injury,Turning Movement,Driver,60 to 64,Minimal,0,North,"Automobile, Station Wagon",Turning Left,Failed to Yield Right of Way,Normal, , , , , , ,0,0,1,0,0,0,0,1,0,1,0,0,0,0
4003149103,2014,10,21,20,15,1,43.73787268,-79.42940913,Eglinton-Lawrence (16),16,Bedford Park-Nortown (39),39,D32,North York,WILSON AVE,ALLARD AVE, ,Major Arterial,Intersection,Intersection Related,Stop Sign,Rain,"Dark, artificial",Wet,Non-Fatal Injury,Turning Movement,Driver,55 to 59,Major,0,East,Pick Up Truck,Going Ahead,Driving Properly,Normal, , , , , , ,0,0,1,0,0,0,0,1,0,1,0,0,0,0
4003149103,2014,10,21,20,15,1,43.73787268,-79.42940913,Eglinton-Lawrence (16),16,Bedford Park-Nortown (39),39,D32,North York,WILSON AVE,ALLARD AVE, ,Major Arterial,Intersection,Intersection Related,Stop Sign,Rain,"Dark, artificial",Wet,Non-Fatal Injury,Turning Movement,Passenger,50 to 54,Minimal,0, , , , , , , , , , , ,0,0,1,0,0,0,0,1,0,1,0,0,0,0
6000500403,2016,3,23,20,15,2,43.6514736,-79.36700831,Toronto Centre-Rosedale (28),28,Moss Park (73),73,D51,Toronto East York,KING ST E,PRINCESS ST,10 m East of,Major Arterial,Mid-Block,Intersection Related,No Control,Freezing Rain,"Dark, artificial",Wet,Fatal,Pedestrian Collisions,Pedestrian,75 to 79,Fatal,18,North, , , , ,Pedestrian hit at mid-block,"Crossing, no Traffic Control",Inattentive, , , ,1,0,1,0,0,0,0,0,0,0,0,0,0,1
6000500403,2016,3,23,20,15,2,43.6514736,-79.36700831,Toronto Centre-Rosedale (28),28,Moss Park (73),73,D51,Toronto East York,KING ST E,PRINCESS ST,10 m East of,Major Arterial,Mid-Block,Intersection Related,No Control,Freezing Rain,"Dark, artificial",Wet,Fatal,Pedestrian Collisions,Driver,60 to 64,,0,East,"Automobile, Station Wagon",Going Ahead,Driving Properly,Normal, , , , , , ,1,0,1,0,0,0,0,0,0,0,0,0,0,1
986578,2007,7,25,20,16,2,43.65544538,-79.45639029,Parkdale-High Park (14),14,High Park-Swansea (87),87,D11,Toronto East York,1655 BLOOR ST W, , ,Major Arterial,Mid-Block, ,No Control,Clear,Daylight,Dry,Non-Fatal Injury,Turning Movement,Motorcycle Driver,30 to 34,Major,0,East,Motorcycle,Going Ahead,Driving Properly,Normal, , , , , , ,0,0,1,1,0,0,0,0,0,1,0,0,0,0
986578,2007,7,25,20,16,2,43.65544538,-79.45639029,Parkdale-High Park (14),14,High Park-Swansea (87),87,D11,Toronto East York,1655 BLOOR ST W, , ,Major Arterial,Mid-Block, ,No Control,Clear,Daylight,Dry,Non-Fatal Injury,Turning Movement,Driver,20 to 24,,0,East,"Automobile, Station Wagon",Making U Turn,Failed to Yield Right of Way,Normal, , , , , , ,0,0,1,1,0,0,0,0,0,1,0,0,0,0
1300176,2012,6,21,20,16,3,43.64344538,-79.43779029,Parkdale-High Park (14),14,Roncesvalles (86),86,D11,Toronto East York,LANSDOWNE AVE,SEAFORTH AVE, ,Minor Arterial,Mid-Block, ,No Control,Rain,"Dusk, artificial",Wet,Non-Fatal Injury,Pedestrian Collisions,Vehicle Owner,unknown, ,0, ,Other, , , , , , , , , ,1,0,1,0,0,0,0,0,0,1,0,0,0,0
1300176,2012,6,21,20,16,3,43.64344538,-79.43779029,Parkdale-High Park (14),14,Roncesvalles (86),86,D11,Toronto East York,LANSDOWNE AVE,SEAFORTH AVE, ,Minor Arterial,Mid-Block, ,No Control,Rain,"Dusk, artificial",Wet,Non-Fatal Injury,Pedestrian Collisions,Driver,30 to 34,,0,South,"Automobile, Station Wagon",Pulling Away from Shoulder or Curb,Failed to Yield Right of Way,Unknown, , , , , , ,1,0,1,0,0,0,0,0,0,1,0,0,0,0
1300176,2012,6,21,20,16,3,43.64344538,-79.43779029,Parkdale-High Park (14),14,Roncesvalles (86),86,D11,Toronto East York,LANSDOWNE AVE,SEAFORTH AVE, ,Minor Arterial,Mid-Block, ,No Control,Rain,"Dusk, artificial",Wet,Non-Fatal Injury,Pedestrian Collisions,Pedestrian,20 to 24,Major,0,Unknown,Other, , , ,Pedestrian hit at mid-block,Person Getting on/off Vehicle,Unknown, , , ,1,0,1,0,0,0,0,0,0,1,0,0,0,0
1192726,2010,10,2,20,17,5,43.70644538,-79.26849029,Scarborough Southwest (35),35,Clairlea-Birchmount (120),120,D41,Scarborough,DANFORTH RD,BIRCHMOUNT RD, ,Minor Arterial,Mid-Block, ,No Control,Clear,Dark,Dry,Non-Fatal Injury,Pedestrian Collisions,Passenger,0 to 4,,0, ,Other, , , , , , , , , ,1,0,1,0,0,0,0,1,0,0,0,0,0,0
1192726,2010,10,2,20,17,5,43.70644538,-79.26849029,Scarborough Southwest (35),35,Clairlea-Birchmount (120),120,D41,Scarborough,DANFORTH RD,BIRCHMOUNT RD, ,Minor Arterial,Mid-Block, ,No Control,Clear,Dark,Dry,Non-Fatal Injury,Pedestrian Collisions,Passenger,5 to 9,,0, ,Other, , , , , , , , , ,1,0,1,0,0,0,0,1,0,0,0,0,0,0
1192726,2010,10,2,20,17,5,43.70644538,-79.26849029,Scarborough Southwest (35),35,Clairlea-Birchmount (120),120,D41,Scarborough,DANFORTH RD,BIRCHMOUNT RD, ,Minor Arterial,Mid-Block, ,No Control,Clear,Dark,Dry,Non-Fatal Injury,Pedestrian Collisions,Passenger,10 to 14,,0, ,Other, , , , , , , , , ,1,0,1,0,0,0,0,1,0,0,0,0,0,0
1192726,2010,10,2,20,17,5,43.70644538,-79.26849029,Scarborough Southwest (35),35,Clairlea-Birchmount (120),120,D41,Scarborough,DANFORTH RD,BIRCHMOUNT RD, ,Minor Arterial,Mid-Block, ,No Control,Clear,Dark,Dry,Non-Fatal Injury,Pedestrian Collisions,Driver,35 to 39,,0,East,"Automobile, Station Wagon",Slowing or Stopping,Driving Properly,Normal, , , , , , ,1,0,1,0,0,0,0,1,0,0,0,0,0,0
1192726,2010,10,2,20,17,5,43.70644538,-79.26849029,Scarborough Southwest (35),35,Clairlea-Birchmount (120),120,D41,Scarborough,DANFORTH RD,BIRCHMOUNT RD, ,Minor Arterial,Mid-Block, ,No Control,Clear,Dark,Dry,Non-Fatal Injury,Pedestrian Collisions,Pedestrian,75 to 79,Major,0,South,Other, , , ,Pedestrian hit at mid-block,"Crossing, no Traffic Control",Unknown, , , ,1,0,1,0,0,0,0,1,0,0,0,0,0,0
1265912,2011,11,24,20,17,3,43.68674538,-79.59639029,Etobicoke North (2),2,West Humber-Clairville (1),1,D23,Etobicoke York,DIXON RD,CARLINGVIEW DR, ,Major Arterial,Mid-Block, ,No Control,Clear,Dark,Dry,Non-Fatal Injury,Pedestrian Collisions,Vehicle Owner,unknown, ,0, ,Other, , , , , , , , , ,1,0,1,0,0,0,0,0,0,0,0,0,0,0
1265912,2011,11,24,20,17,3,43.68674538,-79.59639029,Etobicoke North (2),2,West Humber-Clairville (1),1,D23,Etobicoke York,DIXON RD,CARLINGVIEW DR, ,Major Arterial,Mid-Block, ,No Control,Clear,Dark,Dry,Non-Fatal Injury,Pedestrian Collisions,Driver,45 to 49,,0,East,"Automobile, Station Wagon",Slowing or Stopping,Driving Properly,Normal, , , , , , ,1,0,1,0,0,0,0,0,0,0,0,0,0,0
1265912,2011,11,24,20,17,3,43.68674538,-79.59639029,Etobicoke North (2),2,West Humber-Clairville (1),1,D23,Etobicoke York,DIXON RD,CARLINGVIEW DR, ,Major Arterial,Mid-Block, ,No Control,Clear,Dark,Dry,Non-Fatal Injury,Pedestrian Collisions,Pedestrian,70 to 74,Major,0,South,Other, , , ,Pedestrian hit at mid-block,Running onto Roadway,Normal, , , ,1,0,1,0,0,0,0,0,0,0,0,0,0,0
141518658,2014,2,12,20,17,2,43.7111431,-79.28512965,Scarborough Southwest (35),35,Clairlea-Birchmount (120),120,D41,Scarborough,ST CLAIR AVE E,HERRON AVE, ,Major Arterial,Mid-Block, ,No Control,Clear,"Dark, artificial",Ice,Fatal,Pedestrian Collisions,Driver,40 to 44,,0,East,Pick Up Truck,Going Ahead,Driving Properly,Unknown, , , , , , ,1,0,1,0,0,0,0,0,1,1,0,0,0,1
141518658,2014,2,12,20,17,2,43.7111431,-79.28512965,Scarborough Southwest (35),35,Clairlea-Birchmount (120),120,D41,Scarborough,ST CLAIR AVE E,HERRON AVE, ,Major Arterial,Mid-Block, ,No Control,Clear,"Dark, artificial",Ice,Fatal,Pedestrian Collisions,Pedestrian,15 to 19,Fatal,4,South, , , , ,Pedestrian hit at mid-block,"Crossing, no Traffic Control",Unknown, , , ,1,0,1,0,0,0,0,0,1,1,0,0,0,1