ACCNUM,YEAR,MONTH,DAY,HOUR,MINUTES,WEEKDAY,LATITUDE,LONGITUDE,Ward_Name,Ward_ID,Hood_Name,Hood_ID,Division,District,STREET1,STREET2,OFFSET,ROAD_CLASS,LOCCOORD,ACCLOC,TRAFFCTL,VISIBILITY,LIGHT,RDSFCOND,ACCLASS,IMPACTYPE,INVTYPE,INVAGE,INJURY,FATAL_NO,INITDIR,VEHTYPE,MANOEUVER,DRIVACT,DRIVCOND,PEDTYPE,PEDACT,PEDCOND,CYCLISTYPE,CYCACT,CYCCOND,PEDESTRIAN,CYCLIST,AUTOMOBILE,MOTORCYCLE,TRUCK,TRSN_CITY_VEH,EMERG_VEH,PASSENGER,SPEEDING,AG_DRIV,REDLIGHT,ALCOHOL,DISABILITY,label
7000825885,2017,5,10,20,17,2,43.72990378,-79.29204951,Scarborough Centre (37),37,Wexford/Maryvale (119),119,D41,Scarborough,ASHTONBEE RD,HAKIMI AV              (411),9 m East of,Collector,Intersection,Intersection Related,Traffic Signal,Clear,"Dark, artificial",Dry,Non-Fatal Injury,Turning Movement,Driver,20 to 24,,0,East,Pick Up Truck,Going Ahead,Disobeyed Traffic Control,Normal, , , , , , ,0,0,1,0,0,0,0,1,1,1,1,0,0,0
7000825885,2017,5,10,20,17,2,43.72990378,-79.29204951,Scarborough Centre (37),37,Wexford/Maryvale (119),119,D41,Scarborough,ASHTONBEE RD,HAKIMI AV              (411),9 m East of,Collector,Intersection,Intersection Related,Traffic Signal,Clear,"Dark, artificial",Dry,Non-Fatal Injury,Turning Movement,Driver,45 to 49,Major,0,West,"Automobile, Station Wagon",Turning Left,Driving Properly,Normal, , , , , , ,0,0,1,0,0,0,0,1,1,1,1,0,0,0
7000825885,2017,5,10,20,17,2,43.72990378,-79.29204951,Scarborough Centre (37),37,Wexford/Maryvale (119),119,D41,Scarborough,ASHTONBEE RD,HAKIMI AV              (411),9 m East of,Collector,Intersection,Intersection Related,Traffic Signal,Clear,"Dark, artificial",Dry,Non-Fatal Injury,Turning Movement,Passenger,15 to 19,Minor,0, , , , , , , , , , , ,0,0,1,0,0,0,0,1,1,1,1,0,0,0
1047683,2008,7,13,20,18,6,43.67764538,-79.41219029,St. Paul's (21),21,Casa Loma (96),96,D13,Toronto East York,19 LYNDHURST CRT, , ,Local,Mid-Block, ,No Control,Clear,Dusk,Dry,Fatal,Pedestrian Collisions,Driver,60 to 64,,0,South,"Automobile, Station Wagon",Reversing,Other,Inattentive, , , , , , ,1,0,1,0,0,0,0,0,0,0,0,0,0,1
1047683,2008,7,13,20,18,6,43.67764538,-79.41219029,St. Paul's (21),21,Casa Loma (96),96,D13,Toronto East York,19 LYNDHURST CRT, , ,Local,Mid-Block, ,No Control,Clear,Dusk,Dry,Fatal,Pedestrian Collisions,Pedestrian,85 to 89,Fatal,32,Unknown,Other, , , ,Vehicle is reversing and hits pedestrian,Other,Unknown, , , ,1,0,1,0,0,0,0,0,0,0,0,0,0,1
1177384,2010,7,15,20,18,3,43.67104538,-79.45109029,Davenport (17),17,Dovercourt-Wallace Emerson-Junction (93),93,D13,Etobicoke York,CALEDONIA PARK RD,DAVENPORT RD, ,Minor Arterial,Intersection,At Intersection,Traffic Controller,Clear,Dusk,Dry,Non-Fatal Injury,Cyclist Collisions,Cyclist,40 to 44,Major,0,South,Bicycle,Turning Left, , , , , ,"Cyclist loses control and strikes object (pole, ttc track)",Lost control,Normal,0,1,0,0,0,0,0,0,0,0,0,0,0,0
7000972243,2017,6,1,20,18,3,43.67002447,-79.42898188,Trinity-Spadina (19),19,Dovercourt-Wallace Emerson-Junction (93),93,D14,Toronto East York,OSSINGTON AVE,DUPONT ST, ,Major Arterial,Intersection,At Intersection,Traffic Signal,Clear,Daylight,Dry,Non-Fatal Injury,Turning Movement,Driver,30 to 34,,0,North,"Automobile, Station Wagon",Turning Left,Improper Turn,Normal, , , , , , ,0,0,1,1,0,0,0,0,0,0,0,0,0,0
7000972243,2017,6,1,20,18,3,43.67002447,-79.42898188,Trinity-Spadina (19),19,Dovercourt-Wallace Emerson-Junction (93),93,D14,Toronto East York,OSSINGTON AVE,DUPONT ST, ,Major Arterial,Intersection,At Intersection,Traffic Signal,Clear,Daylight,Dry,Non-Fatal Injury,Turning Movement,Motorcycle Driver,25 to 29,Major,0,South,Motorcycle,Going Ahead,Driving Properly,Normal, , , , , , ,0,0,1,1,0,0,0,0,0,0,0,0,0,0
7001696237,2017,9,18,20,19,0,43.63135870000001,-79.42914209999999,Parkdale-High Park (14),14,South Parkdale (85),85,D14,Toronto East York,LAKE SHORE BLVD W,BRITISH COLUMBIA RD,1 m West of,Major Arterial,Intersection,At Intersection,Traffic Signal,Clear,"Dark, artificial",Dry,Non-Fatal Injury,Cyclist Collisions,Cyclist,15 to 19,Major,0,South,Bicycle,Going Ahead, , , , , ,"Cyclist without ROW rides into path of motorist at inter, lnwy, dwy-Cyclist not turn.",Disobeyed Traffic Control,Normal,0,1,1,0,0,0,0,0,0,0,0,0,0,0
7001696237,2017,9,18,20,19,0,43.63135870000001,-79.42914209999999,Parkdale-High Park (14),14,South Parkdale (85),85,D14,Toronto East York,LAKE SHORE BLVD W,BRITISH COLUMBIA RD,1 m West of,Major Arterial,Intersection,At Intersection,Traffic Signal,Clear,"Dark, artificial",Dry,Non-Fatal Injury,Cyclist Collisions,Driver,60 to 64,,0,West,"Automobile, Station Wagon",Going Ahead,Driving Properly,Normal, , , , , , ,0,1,1,0,0,0,0,0,0,0,0,0,0,0
982600,2007,7,4,20,20,2,43.67214538,-79.44059029,Davenport (17),17,Dovercourt-Wallace Emerson-Junction (93),93,D13,Etobicoke York,DUFFERIN ST,BEAVER AVE, ,Major Arterial,Intersection,At Intersection,Stop Sign,Clear,Daylight,Dry,Non-Fatal Injury,Turning Movement,Passenger,10 to 14,Minimal,0, ,Other, , , , , , , , , ,0,0,1,0,0,0,0,1,0,0,0,0,0,0
982600,2007,7,4,20,20,2,43.67214538,-79.44059029,Davenport (17),17,Dovercourt-Wallace Emerson-Junction (93),93,D13,Etobicoke York,DUFFERIN ST,BEAVER AVE, ,Major Arterial,Intersection,At Intersection,Stop Sign,Clear,Daylight,Dry,Non-Fatal Injury,Turning Movement,Driver,25 to 29,Major,0,South,"Automobile, Station Wagon",Going Ahead,Driving Properly,Normal, , , , , , ,0,0,1,0,0,0,0,1,0,0,0,0,0,0
982600,2007,7,4,20,20,2,43.67214538,-79.44059029,Davenport (17),17,Dovercourt-Wallace Emerson-Junction (93),93,D13,Etobicoke York,DUFFERIN ST,BEAVER AVE, ,Major Arterial,Intersection,At Intersection,Stop Sign,Clear,Daylight,Dry,Non-Fatal Injury,Turning Movement,Passenger,5 to 9,Minimal,0, ,Other, , , , , , , , , ,0,0,1,0,0,0,0,1,0,0,0,0,0,0
982600,2007,7,4,20,20,2,43.67214538,-79.44059029,Davenport (17),17,Dovercourt-Wallace Emerson-Junction (93),93,D13,Etobicoke York,DUFFERIN ST,BEAVER AVE, ,Major Arterial,Intersection,At Intersection,Stop Sign,Clear,Daylight,Dry,Non-Fatal Injury,Turning Movement,Driver,40 to 44,Minimal,0,East,"Automobile, Station Wagon",Turning Left,Improper Turn,Inattentive, , , , , , ,0,0,1,0,0,0,0,1,0,0,0,0,0,0
1039417,2008,4,24,20,20,3,43.67414538,-79.45999029,Davenport (17),17,Weston-Pellam Park (91),91,D11,Etobicoke York,ST CLAIR AVE W,SILVERTHORN AVE, ,Major Arterial,Intersection, ,Traffic Signal,Clear,Dark,Dry,Non-Fatal Injury,Sideswipe,Motorcycle Driver,30 to 34,Major,0,West,Motorcycle,Going Ahead,Driving Properly,Normal, , , , , , ,0,0,1,1,0,0,0,0,0,0,0,0,0,0
1039417,2008,4,24,20,20,3,43.67414538,-79.45999029,Davenport (17),17,Weston-Pellam Park (91),91,D11,Etobicoke York,ST CLAIR AVE W,SILVERTHORN AVE, ,Major Arterial,Intersection, ,Traffic Signal,Clear,Dark,Dry,Non-Fatal Injury,Sideswipe,Vehicle Owner,unknown, ,0, ,Other, , , , , , , , , ,0,0,1,1,0,0,0,0,0,0,0,0,0,0
1039417,2008,4,24,20,20,3,43.67414538,-79.45999029,Davenport (17),17,Weston-Pellam Park (91),91,D11,Etobicoke York,ST CLAIR AVE W,SILVERTHORN AVE, ,Major Arterial,Intersection, ,Traffic Signal,Clear,Dark,Dry,Non-Fatal Injury,Sideswipe,Driver,20 to 24,,0,West,"Automobile, Station Wagon",Changing Lanes,Improper Lane Change,Inattentive, , , , , , ,0,0,1,1,0,0,0,0,0,0,0,0,0,0
1128196,2009,9,1,20,20,1,43.76034538,-79.41069029,Willowdale (23),23,Lansing-Westgate (38),38,D32,North York,4777 YONGE ST, , ,Major Arterial,Mid-Block, ,No Control,Clear,Dark,Dry,Non-Fatal Injury,Pedestrian Collisions,Vehicle Owner,unknown, ,0, ,Other, , , , , , , , , ,1,0,1,0,0,0,0,0,0,1,0,0,0,0
1128196,2009,9,1,20,20,1,43.76034538,-79.41069029,Willowdale (23),23,Lansing-Westgate (38),38,D32,North York,4777 YONGE ST, , ,Major Arterial,Mid-Block, ,No Control,Clear,Dark,Dry,Non-Fatal Injury,Pedestrian Collisions,Driver,55 to 59,,0,West,"Automobile, Station Wagon",Going Ahead,Failed to Yield Right of Way,Inattentive, , , , , , ,1,0,1,0,0,0,0,0,0,1,0,0,0,0
1128196,2009,9,1,20,20,1,43.76034538,-79.41069029,Willowdale (23),23,Lansing-Westgate (38),38,D32,North York,4777 YONGE ST, , ,Major Arterial,Mid-Block, ,No Control,Clear,Dark,Dry,Non-Fatal Injury,Pedestrian Collisions,Pedestrian,25 to 29,Major,0,North,Other, , , ,Pedestrian hit on sidewalk or shoulder,On Sidewalk or Shoulder,Normal, , , ,1,0,1,0,0,0,0,0,0,1,0,0,0,0
1157528,2010,2,6,20,20,5,43.67454538,-79.48089029,York South-Weston (11),11,Rockcliffe-Smythe (111),111,D12,Etobicoke York,HILLBORN AVE,SYMES RD, ,Local,Mid-Block, ,No Control,Clear,Dark,Dry,Non-Fatal Injury,SMV Unattended Vehicle,Passenger,20 to 24,Major,0, ,Other, , , , , , , , , ,0,0,1,0,0,0,0,1,1,1,0,0,0,0
1157528,2010,2,6,20,20,5,43.67454538,-79.48089029,York South-Weston (11),11,Rockcliffe-Smythe (111),111,D12,Etobicoke York,HILLBORN AVE,SYMES RD, ,Local,Mid-Block, ,No Control,Clear,Dark,Dry,Non-Fatal Injury,SMV Unattended Vehicle,Vehicle Owner,unknown, ,0, ,Other, , , , , , , , , ,0,0,1,0,0,0,0,1,1,1,0,0,0,0
1157528,2010,2,6,20,20,5,43.67454538,-79.48089029,York South-Weston (11),11,Rockcliffe-Smythe (111),111,D12,Etobicoke York,HILLBORN AVE,SYMES RD, ,Local,Mid-Block, ,No Control,Clear,Dark,Dry,Non-Fatal Injury,SMV Unattended Vehicle,Driver,35 to 39,,0,East,"Automobile, Station Wagon",Going Ahead,Lost control,Normal, , , , , , ,0,0,1,0,0,0,0,1,1,1,0,0,0,0
1157528,2010,2,6,20,20,5,43.67454538,-79.48089029,York South-Weston (11),11,Rockcliffe-Smythe (111),111,D12,Etobicoke York,HILLBORN AVE,SYMES RD, ,Local,Mid-Block, ,No Control,Clear,Dark,Dry,Non-Fatal Injury,SMV Unattended Vehicle,Other,unknown,,0,North,Other,Parked, , , , , , , , ,0,0,1,0,0,0,0,1,1,1,0,0,0,0
1246241,2011,6,13,20,20,0,43.66364538,-79.37999029,Toronto Centre-Rosedale (27),27,Church-Yonge Corridor (75),75,D51,Toronto East York,CHURCH ST,ALEXANDER ST, ,Minor Arterial,Intersection, ,No Control,Clear,Dark,Dry,Non-Fatal Injury,Cyclist Collisions,Driver,30 to 34,,0,North,"Automobile, Station Wagon",Parked,Other,Normal, , , , , , ,0,1,1,0,0,0,0,0,0,0,0,0,0,0
1246241,2011,6,13,20,20,0,43.66364538,-79.37999029,Toronto Centre-Rosedale (27),27,Church-Yonge Corridor (75),75,D51,Toronto East York,CHURCH ST,ALEXANDER ST, ,Minor Arterial,Intersection, ,No Control,Clear,Dark,Dry,Non-Fatal Injury,Cyclist Collisions,Cyclist,25 to 29,Major,0,North,Bicycle,Going Ahead, , , , , ,Cyclist and Driver travelling in same direction. One vehicle sideswipes the other.,Driving Properly,Normal,0,1,1,0,0,0,0,0,0,0,0,0,0,0
1271678,2011,10,29,20,20,5,43.74324538,-79.58199029,Etobicoke North (1),1,Thistletown-Beaumond Heights (3),3,D23,Etobicoke York,FINCH Aven W,KIPLING Aven, ,Major Arterial,Intersection, ,No Control,Clear,Dark,Dry,Non-Fatal Injury,Pedestrian Collisions,Driver,25 to 29,,0,West,"Automobile, Station Wagon",Going Ahead,Driving Properly,Normal, , , , , , ,1,0,1,0,0,0,0,0,0,0,0,0,0,0
1271678,2011,10,29,20,20,5,43.74324538,-79.58199029,Etobicoke North (1),1,Thistletown-Beaumond Heights (3),3,D23,Etobicoke York,FINCH Aven W,KIPLING Aven, ,Major Arterial,Intersection, ,No Control,Clear,Dark,Dry,Non-Fatal Injury,Pedestrian Collisions,Pedestrian,50 to 54,Major,0,North,Other, , , ,Pedestrian hit at mid-block,Running onto Roadway,Had Been Drinking, , , ,1,0,1,0,0,0,0,0,0,0,0,0,0,0
1290624,2012,2,27,20,20,0,43.65004538,-79.43829029,Davenport (18),18,Little Portugal (84),84,D11,Toronto East York,DUNDAS ST W,ST CLARENS AVE, ,Minor Arterial,Intersection,At Intersection,Stop Sign,Clear,Dark,Dry,Non-Fatal Injury,Cyclist Collisions,Driver,unknown,,0,North,"Automobile, Station Wagon",Going Ahead,Disobeyed Traffic Control,Unknown, , , , , , ,0,1,1,0,0,0,0,0,0,1,0,0,0,0
1290624,2012,2,27,20,20,0,43.65004538,-79.43829029,Davenport (18),18,Little Portugal (84),84,D11,Toronto East York,DUNDAS ST W,ST CLARENS AVE, ,Minor Arterial,Intersection,At Intersection,Stop Sign,Clear,Dark,Dry,Non-Fatal Injury,Cyclist Collisions,Cyclist,50 to 54,Major,0,West,Bicycle,Going Ahead, , , , , ,"Motorist without ROW drives into path of cyclist at inter, lnwy, dwy-Driver not turn.",Driving Properly,Normal,0,1,1,0,0,0,0,0,0,1,0,0,0,0
1383943,2013,8,27,20,20,1,43.70028647,-79.39702997,St. Paul's (22),22,Mount Pleasant West (104),104,D53,Toronto East York,YONGE St,BELSIZE Dr, ,Major Arterial,Intersection,At Intersection,Traffic Signal,Rain,"Dark, artificial",Wet,Non-Fatal Injury,Pedestrian Collisions,Truck Driver,25 to 29,,0,East,Truck - Open,Turning Left,Failed to Yield Right of Way,Inattentive, , , , , , ,1,0,0,0,1,0,0,0,0,1,0,0,0,0
1383943,2013,8,27,20,20,1,43.70028647,-79.39702997,St. Paul's (22),22,Mount Pleasant West (104),104,D53,Toronto East York,YONGE St,BELSIZE Dr, ,Major Arterial,Intersection,At Intersection,Traffic Signal,Rain,"Dark, artificial",Wet,Non-Fatal Injury,Pedestrian Collisions,Pedestrian,25 to 29,Major,0,West,Other, , , ,Vehicle turns left while ped crosses with ROW at inter.,Crossing with right of way,Normal, , , ,1,0,0,0,1,0,0,0,0,1,0,0,0,0
4001567446,2014,2,20,20,20,3,43.73213156,-79.26789484,Scarborough Southwest (35),35,Kennedy Park (124),124,D41,Scarborough,EGLINTON AVE E,KENNEDY RD, ,Major Arterial,Intersection,At/Near Private Drive,No Control,Rain,"Dark, artificial",Wet,Non-Fatal Injury,Pedestrian Collisions,Driver,unknown,,0,West,"Automobile, Station Wagon",Going Ahead,Driving Properly,Unknown, , , , , , ,1,0,1,0,0,0,0,0,0,0,0,0,0,0
4001567446,2014,2,20,20,20,3,43.73213156,-79.26789484,Scarborough Southwest (35),35,Kennedy Park (124),124,D41,Scarborough,EGLINTON AVE E,KENNEDY RD, ,Major Arterial,Intersection,At/Near Private Drive,No Control,Rain,"Dark, artificial",Wet,Non-Fatal Injury,Pedestrian Collisions,Pedestrian,50 to 54,Major,0,West, , , , ,Pedestrian hit at mid-block,"Crossing, no Traffic Control",Had Been Drinking, , , ,1,0,1,0,0,0,0,0,0,0,0,0,0,0
4002131801,2014,5,22,20,20,3,43.7694126,-79.36426935,Willowdale (24),24,Bayview Village (52),52,D33,North York,LESLIE ST,ESTHER SHINER BLVD, ,Major Arterial,Intersection,At Intersection,Traffic Signal,Clear,"Dark, artificial",Dry,Non-Fatal Injury,Turning Movement,Driver,25 to 29,,0,South,"Automobile, Station Wagon",Going Ahead,Disobeyed Traffic Control,"Ability Impaired, Alcohol", , , , , , ,0,0,1,0,0,0,0,1,0,1,1,1,0,0
4002131801,2014,5,22,20,20,3,43.7694126,-79.36426935,Willowdale (24),24,Bayview Village (52),52,D33,North York,LESLIE ST,ESTHER SHINER BLVD, ,Major Arterial,Intersection,At Intersection,Traffic Signal,Clear,"Dark, artificial",Dry,Non-Fatal Injury,Turning Movement,Driver,60 to 64,Major,0,East,"Automobile, Station Wagon",Turning Left,Driving Properly,Normal, , , , , , ,0,0,1,0,0,0,0,1,0,1,1,1,0,0
4002131801,2014,5,22,20,20,3,43.7694126,-79.36426935,Willowdale (24),24,Bayview Village (52),52,D33,North York,LESLIE ST,ESTHER SHINER BLVD, ,Major Arterial,Intersection,At Intersection,Traffic Signal,Clear,"Dark, artificial",Dry,Non-Fatal Injury,Turning Movement,Passenger,60 to 64,Minor,0, , , , , , , , , , , ,0,0,1,0,0,0,0,1,0,1,1,1,0,0
5000471900,2015,3,20,20,20,4,43.63857229,-79.42912684,Parkdale-High Park (14),14,South Parkdale (85),85,D14,Toronto East York,KING ST W,TYNDALL AVE, ,Major Arterial,Intersection,At Intersection,Stop Sign,Clear,"Dark, artificial",Dry,Non-Fatal Injury,Cyclist Collisions,Driver,55 to 59,,0,North,"Automobile, Station Wagon",Turning Left,Failed to Yield Right of Way,Inattentive, , , , , , ,0,1,1,0,0,0,0,0,0,1,0,0,0,0
5000471900,2015,3,20,20,20,4,43.63857229,-79.42912684,Parkdale-High Park (14),14,South Parkdale (85),85,D14,Toronto East York,KING ST W,TYNDALL AVE, ,Major Arterial,Intersection,At Intersection,Stop Sign,Clear,"Dark, artificial",Dry,Non-Fatal Injury,Cyclist Collisions,Cyclist,45 to 49,Major,0,West,Bicycle,Going Ahead, , , , , ,Motorist turned left across cyclists path.,Driving Properly,Normal,0,1,1,0,0,0,0,0,0,1,0,0,0,0
5001904834,2015,11,5,20,20,3,43.77432211,-79.38977442,Willowdale (24),24,Bayview Village (52),52,D33,North York,BAYVIEW AVE,CITATION DR,14 m North of,Major Arterial,Intersection,Intersection Related,Traffic Signal,Clear,"Dawn, artificial",Dry,Non-Fatal Injury,Pedestrian Collisions,Driver,80 to 84,,0,North,"Automobile, Station Wagon",Going Ahead,Driving Properly,Normal, , , , , , ,1,0,1,0,0,0,0,0,0,0,0,0,0,0
5001904834,2015,11,5,20,20,3,43.77432211,-79.38977442,Willowdale (24),24,Bayview Village (52),52,D33,North York,BAYVIEW AVE,CITATION DR,14 m North of,Major Arterial,Intersection,Intersection Related,Traffic Signal,Clear,"Dawn, artificial",Dry,Non-Fatal Injury,Pedestrian Collisions,Pedestrian,35 to 39,Major,0,West, , , , ,Vehicle is going straight thru inter.while ped cross without ROW,Running onto Roadway,Inattentive, , , ,1,0,1,0,0,0,0,0,0,0,0,0,0,0
5001921835,2015,11,8,20,20,6,43.73716315,-79.34344111,Don Valley West (25),25,Banbury-Don Mills (42),42,D33,North York,LAWRENCE AVE E,DON MILLS RD, ,Major Arterial,Intersection,At Intersection,Traffic Signal,Clear,Dark,Dry,Non-Fatal Injury,Cyclist Collisions,Cyclist,15 to 19,Major,0,East,Bicycle,Turning Left, , , , , ,Cyclist turned left across motorists path.,Failed to Yield Right of Way,Unknown,0,1,1,0,0,0,0,0,1,1,0,0,0,0
5001921835,2015,11,8,20,20,6,43.73716315,-79.34344111,Don Valley West (25),25,Banbury-Don Mills (42),42,D33,North York,LAWRENCE AVE E,DON MILLS RD, ,Major Arterial,Intersection,At Intersection,Traffic Signal,Clear,Dark,Dry,Non-Fatal Injury,Cyclist Collisions,Driver,15 to 19,,0,West,"Automobile, Station Wagon",Going Ahead,Driving Properly,Normal, , , , , , ,0,1,1,0,0,0,0,0,1,1,0,0,0,0
7000372559,2017,2,23,20,20,3,43.72473868,-79.30141077,Scarborough Southwest (35),35,Clairlea-Birchmount (120),120,D41,Scarborough,EGLINTON AVE E,VICTORIA PARK AVE, ,Major Arterial,Mid-Block,Non Intersection,No Control,Clear,"Dark, artificial",Dry,Non-Fatal Injury,Pedestrian Collisions,Driver,25 to 29,,0,West,"Automobile, Station Wagon",Going Ahead,Driving Properly,Unknown, , , , , , ,1,0,1,0,0,0,0,0,0,0,0,0,0,0
7000372559,2017,2,23,20,20,3,43.72473868,-79.30141077,Scarborough Southwest (35),35,Clairlea-Birchmount (120),120,D41,Scarborough,EGLINTON AVE E,VICTORIA PARK AVE, ,Major Arterial,Mid-Block,Non Intersection,No Control,Clear,"Dark, artificial",Dry,Non-Fatal Injury,Pedestrian Collisions,Pedestrian,85 to 89,Major,0,North, , , , ,Pedestrian hit at mid-block,"Crossing, no Traffic Control",Inattentive, , , ,1,0,1,0,0,0,0,0,0,0,0,0,0,0
1065436,2008,9,21,20,21,6,43.70794538,-79.42709029,St. Paul's (21),21,Forest Hill North (102),102,D13,Toronto East York,BATHURST ST,BRIAR HILL AVE, ,Major Arterial,Intersection, ,Traffic Signal,Clear,Dark,Dry,Non-Fatal Injury,Turning Movement,Driver,65 to 69,Major,0,South,"Automobile, Station Wagon",Going Ahead,Driving Properly,Normal, , , , , , ,0,0,1,0,0,0,0,0,0,0,0,1,0,0
1065436,2008,9,21,20,21,6,43.70794538,-79.42709029,St. Paul's (21),21,Forest Hill North (102),102,D13,Toronto East York,BATHURST ST,BRIAR HILL AVE, ,Major Arterial,Intersection, ,Traffic Signal,Clear,Dark,Dry,Non-Fatal Injury,Turning Movement,Driver,80 to 84,,0,West,"Automobile, Station Wagon",Turning Right,Improper Turn,"Ability Impaired, Alcohol", , , , , , ,0,0,1,0,0,0,0,0,0,0,0,1,0,0
1055418,2008,8,28,20,22,3,43.77654538,-79.31779029,Scarborough-Agincourt (40),40,L'Amoreaux (117),117,D42,Scarborough,SHEPPARD AVE E,PHARMACY AVE, ,Major Arterial,Intersection,At Intersection,Traffic Signal,Clear,Dark,Dry,Non-Fatal Injury,Pedestrian Collisions,Driver,unknown,,0,West,"Automobile, Station Wagon",Going Ahead,Failed to Yield Right of Way,Normal, , , , , , ,1,0,1,0,0,0,0,0,0,1,0,0,0,0
1055418,2008,8,28,20,22,3,43.77654538,-79.31779029,Scarborough-Agincourt (40),40,L'Amoreaux (117),117,D42,Scarborough,SHEPPARD AVE E,PHARMACY AVE, ,Major Arterial,Intersection,At Intersection,Traffic Signal,Clear,Dark,Dry,Non-Fatal Injury,Pedestrian Collisions,Pedestrian,85 to 89,Major,0,North,Other, , , ,Vehicle is going straight thru inter.while ped cross without ROW,Crossing without right of way,Inattentive, , , ,1,0,1,0,0,0,0,0,0,1,0,0,0,0
1202126,2010,10,24,20,22,6,43.76734538,-79.49199029,York West (8),8,York University Heights (27),27,D31,North York,KEELE ST,MURRAY ROSS PKWY, ,Major Arterial,Intersection,At Intersection,Traffic Signal,Rain,Dark,Wet,Non-Fatal Injury,Turning Movement,Driver,50 to 54,,0,South,"Automobile, Station Wagon",Going Ahead,Disobeyed Traffic Control,Unknown, , , , , , ,0,0,1,0,0,0,0,0,0,1,1,0,0,0
6001119393,2016,6,26,19,48,6,43.64097555,-79.45463953,Parkdale-High Park (14),14,High Park-Swansea (87),87,D11,Toronto East York,PARKSIDE DR,SPRING RD, ,Major Arterial,Intersection,Intersection Related,Traffic Signal,Clear,Daylight,Dry,Non-Fatal Injury,Pedestrian Collisions,Driver,60 to 64,,0,South,"Automobile, Station Wagon",Going Ahead,Driving Properly,Normal, , , , , , ,1,0,1,0,0,0,0,0,0,0,0,0,0,0
3000996799,2013,11,18,20,35,0,43.71680029,-79.42921076,Eglinton-Lawrence (16),16,Bedford Park-Nortown (39),39,D53,North York,BATHURST ST,FRONTENAC AVE, ,Major Arterial,Intersection,Non Intersection,No Control,Clear,"Dark, artificial",Dry,Non-Fatal Injury,SMV Other,Passenger,30 to 34,Major,0, , , , , , , , , , , ,0,0,1,0,0,0,0,1,0,0,0,1,0,0
6000566615,2016,4,3,19,30,6,43.79287298,-79.33548365,Don Valley East (33),33,Pleasant View (46),46,D33,North York,FINCH AVE E,CHEROKEE BLVD,150 m East of,Major Arterial,Mid-Block,Non Intersection,No Control,Snow,Dark,Ice,Non-Fatal Injury,Approaching,Driver,40 to 44,Minor,0,West,"Automobile, Station Wagon",Going Ahead,Driving Properly,Normal, , , , , , ,0,0,1,0,0,0,0,1,1,1,0,0,0,0
6001119393,2016,6,26,19,48,6,43.64097555,-79.45463953,Parkdale-High Park (14),14,High Park-Swansea (87),87,D11,Toronto East York,PARKSIDE DR,SPRING RD, ,Major Arterial,Intersection,Intersection Related,Traffic Signal,Clear,Daylight,Dry,Non-Fatal Injury,Pedestrian Collisions,Pedestrian,15 to 19,Major,0,East, , , , ,Vehicle is going straight thru inter.while ped cross without ROW,Crossing without right of way,Had Been Drinking, , , ,1,0,1,0,0,0,0,0,0,0,0,0,0,0
6001289424,2016,7,22,19,48,4,43.66137655,-79.51758204,Etobicoke Centre (4),4,Edenbridge-Humber Valley (9),9,D22,Etobicoke York,ROYAL YORK RD,STRATH HUMBER CRT,12.5 M S of,Minor Arterial,Intersection,At Intersection,No Control,Clear,Daylight,Dry,Fatal,Turning Movement,Motorcycle Driver,30 to 34,Fatal,47,South,Motorcycle,Going Ahead,Exceeding Speed Limit,Normal, , , , , , ,0,0,1,1,0,0,0,1,1,1,0,0,0,1
6001289424,2016,7,22,19,48,4,43.66137655,-79.51758204,Etobicoke Centre (4),4,Edenbridge-Humber Valley (9),9,D22,Etobicoke York,ROYAL YORK RD,STRATH HUMBER CRT,12.5 M S of,Minor Arterial,Intersection,At Intersection,No Control,Clear,Daylight,Dry,Fatal,Turning Movement,Driver,15 to 19,Minor,0,North,"Automobile, Station Wagon",Turning Left,Failed to Yield Right of Way,Normal, , , , , , ,0,0,1,1,0,0,0,1,1,1,0,0,0,1
6001289424,2016,7,22,19,48,4,43.66137655,-79.51758204,Etobicoke Centre (4),4,Edenbridge-Humber Valley (9),9,D22,Etobicoke York,ROYAL YORK RD,STRATH HUMBER CRT,12.5 M S of,Minor Arterial,Intersection,At Intersection,No Control,Clear,Daylight,Dry,Fatal,Turning Movement,Passenger,20 to 24,Major,0, , , , , , , , , , , ,0,0,1,1,0,0,0,1,1,1,0,0,0,1
6001470144,2016,8,19,19,48,4,43.79985769,-79.18824396,Scarborough-Rouge River (42),42,Rouge (131),131,D42,Scarborough,CONLINS RD,MILNER AVE,139 m South of,Collector,Mid-Block,Non Intersection,No Control,Clear,Daylight,Dry,Non-Fatal Injury,Sideswipe,Motorcycle Driver,20 to 24,Major,0,North,Motorcycle,Overtaking,Improper Passing,Inattentive, , , , , , ,0,0,1,1,0,0,0,0,1,1,0,0,0,0