ACCNUM,YEAR,MONTH,DAY,HOUR,MINUTES,WEEKDAY,LATITUDE,LONGITUDE,Ward_Name,Ward_ID,Hood_Name,Hood_ID,Division,District,STREET1,STREET2,OFFSET,ROAD_CLASS,LOCCOORD,ACCLOC,TRAFFCTL,VISIBILITY,LIGHT,RDSFCOND,ACCLASS,IMPACTYPE,INVTYPE,INVAGE,INJURY,FATAL_NO,INITDIR,VEHTYPE,MANOEUVER,DRIVACT,DRIVCOND,PEDTYPE,PEDACT,PEDCOND,CYCLISTYPE,CYCACT,CYCCOND,PEDESTRIAN,CYCLIST,AUTOMOBILE,MOTORCYCLE,TRUCK,TRSN_CITY_VEH,EMERG_VEH,PASSENGER,SPEEDING,AG_DRIV,REDLIGHT,ALCOHOL,DISABILITY,label
6001470144,2016,8,19,19,48,4,43.79985769,-79.18824396,Scarborough-Rouge River (42),42,Rouge (131),131,D42,Scarborough,CONLINS RD,MILNER AVE,139 m South of,Collector,Mid-Block,Non Intersection,No Control,Clear,Daylight,Dry,Non-Fatal Injury,Sideswipe,Driver,60 to 64,,0,North,Pick Up Truck,Going Ahead,Driving Properly,Normal, , , , , , ,0,0,1,1,0,0,0,0,1,1,0,0,0,0
6001951366,2016,11,2,19,48,2,43.65609701,-79.40948878,Trinity-Spadina (19),19,Trinity-Bellwoods (81),81,D14,Toronto East York,486 COLLEGE ST, , ,Major Arterial,Mid-Block,Non Intersection,No Control,Rain,"Dark, artificial",Wet,Fatal,Pedestrian Collisions,Pedestrian,65 to 69,Fatal,69,North, , , , ,Pedestrian hit at mid-block,"Crossing, no Traffic Control",Inattentive, , , ,1,0,1,0,0,0,0,0,0,0,0,0,0,1
6001951366,2016,11,2,19,48,2,43.65609701,-79.40948878,Trinity-Spadina (19),19,Trinity-Bellwoods (81),81,D14,Toronto East York,486 COLLEGE ST, , ,Major Arterial,Mid-Block,Non Intersection,No Control,Rain,"Dark, artificial",Wet,Fatal,Pedestrian Collisions,Driver,30 to 34,,0,East,"Automobile, Station Wagon",Going Ahead,Driving Properly,Normal, , , , , , ,1,0,1,0,0,0,0,0,0,0,0,0,0,1
6000566615,2016,4,3,19,30,6,43.79287298,-79.33548365,Don Valley East (33),33,Pleasant View (46),46,D33,North York,FINCH AVE E,CHEROKEE BLVD,150 m East of,Major Arterial,Mid-Block,Non Intersection,No Control,Snow,Dark,Ice,Non-Fatal Injury,Approaching,Passenger,50 to 54,Major,0, , , , , , , , , , , ,0,0,1,0,0,0,0,1,1,1,0,0,0,0
6000566615,2016,4,3,19,30,6,43.79287298,-79.33548365,Don Valley East (33),33,Pleasant View (46),46,D33,North York,FINCH AVE E,CHEROKEE BLVD,150 m East of,Major Arterial,Mid-Block,Non Intersection,No Control,Snow,Dark,Ice,Non-Fatal Injury,Approaching,Passenger,65 to 69,Minor,0, , , , , , , , , , , ,0,0,1,0,0,0,0,1,1,1,0,0,0,0
6000566615,2016,4,3,19,30,6,43.79287298,-79.33548365,Don Valley East (33),33,Pleasant View (46),46,D33,North York,FINCH AVE E,CHEROKEE BLVD,150 m East of,Major Arterial,Mid-Block,Non Intersection,No Control,Snow,Dark,Ice,Non-Fatal Injury,Approaching,Passenger,70 to 74,Minor,0, , , , , , , , , , , ,0,0,1,0,0,0,0,1,1,1,0,0,0,0
6001951366,2016,11,2,19,48,2,43.65609701,-79.40948878,Trinity-Spadina (19),19,Trinity-Bellwoods (81),81,D14,Toronto East York,486 COLLEGE ST, , ,Major Arterial,Mid-Block,Non Intersection,No Control,Rain,"Dark, artificial",Wet,Fatal,Pedestrian Collisions,Pedestrian,60 to 64,Minor,0,North, , , , ,Pedestrian hit at mid-block,"Crossing, no Traffic Control",Normal, , , ,1,0,1,0,0,0,0,0,0,0,0,0,0,1
6000566615,2016,4,3,19,30,6,43.79287298,-79.33548365,Don Valley East (33),33,Pleasant View (46),46,D33,North York,FINCH AVE E,CHEROKEE BLVD,150 m East of,Major Arterial,Mid-Block,Non Intersection,No Control,Snow,Dark,Ice,Non-Fatal Injury,Approaching,Passenger,35 to 39,Minor,0, , , , , , , , , , , ,0,0,1,0,0,0,0,1,1,1,0,0,0,0
1349085,2013,3,27,19,23,2,43.68994538,-79.29379029,Beaches-East York (32),32,East End-Danforth (62),62,D55,Toronto East York,DANFORTH Ave,LUTTRELL Ave, ,Major Arterial,Intersection, ,No Control,Rain,Dusk,Wet,Non-Fatal Injury,Turning Movement,Passenger,5 to 9,Major,0, ,Other, , , , , , , , , ,0,0,1,0,0,0,0,1,0,0,0,0,0,0
1255770,2011,9,25,19,58,6,43.75524538,-79.24679029,Scarborough Centre (38),38,Bendale (127),127,D43,Scarborough,LAWRENCE Ave E,VALPARAISO Ave, ,Major Arterial,Intersection, ,No Control,Clear,Dark,Dry,Non-Fatal Injury,Pedestrian Collisions,Driver,50 to 54,,0,East,"Automobile, Station Wagon",Going Ahead,Driving Properly,Normal, , , , , , ,1,0,1,0,0,0,0,0,0,0,0,0,0,0
6001951366,2016,11,2,19,48,2,43.65609701,-79.40948878,Trinity-Spadina (19),19,Trinity-Bellwoods (81),81,D14,Toronto East York,486 COLLEGE ST, , ,Major Arterial,Mid-Block,Non Intersection,No Control,Rain,"Dark, artificial",Wet,Fatal,Pedestrian Collisions,Driver,45 to 49,,0,West,Passenger Van,Going Ahead,Driving Properly,Normal, , , , , , ,1,0,1,0,0,0,0,0,0,0,0,0,0,1
1011759,2007,12,8,19,49,5,43.74154538,-79.29319029,Scarborough Centre (37),37,Wexford/Maryvale (119),119,D41,Scarborough,1073 WARDEN AVE, , ,Major Arterial,Mid-Block, ,No Control,Clear,Dark,Wet,Non-Fatal Injury,Rear End,Driver,60 to 64,Major,0,North,"Automobile, Station Wagon",Going Ahead,Lost control,"Ability Impaired, Alcohol", , , , , , ,0,0,1,0,0,0,0,0,0,0,0,1,0,0
1011759,2007,12,8,19,49,5,43.74154538,-79.29319029,Scarborough Centre (37),37,Wexford/Maryvale (119),119,D41,Scarborough,1073 WARDEN AVE, , ,Major Arterial,Mid-Block, ,No Control,Clear,Dark,Wet,Non-Fatal Injury,Rear End,Driver,60 to 64,,0,North,"Automobile, Station Wagon",Going Ahead,Driving Properly,Normal, , , , , , ,0,0,1,0,0,0,0,0,0,0,0,1,0,0
6001099708,2016,6,23,19,49,3,43.63210638,-79.54468928,Etobicoke-Lakeshore (5),5,Islington-City Centre West (14),14,D22,Etobicoke York,DUNDAS ST W,SHORNCLIFFE RD, ,Major Arterial,Intersection,At Intersection,Traffic Controller,Clear,Daylight,Dry,Non-Fatal Injury,Pedestrian Collisions,Truck Driver,35 to 39,,0,North,"Truck - Closed (Blazer, etc)",Turning Left,Failed to Yield Right of Way,Normal, , , , , , ,1,0,0,0,1,0,0,0,0,1,0,0,0,0
6001099708,2016,6,23,19,49,3,43.63210638,-79.54468928,Etobicoke-Lakeshore (5),5,Islington-City Centre West (14),14,D22,Etobicoke York,DUNDAS ST W,SHORNCLIFFE RD, ,Major Arterial,Intersection,At Intersection,Traffic Controller,Clear,Daylight,Dry,Non-Fatal Injury,Pedestrian Collisions,Pedestrian,65 to 69,Major,0,South, , , , ,Vehicle turns left while ped crosses with ROW at inter.,Crossing with right of way,Normal, , , ,1,0,0,0,1,0,0,0,0,1,0,0,0,0
1138372,2009,10,30,19,50,4,43.72744538,-79.25509029,Scarborough Southwest (35),35,Kennedy Park (124),124,D41,Scarborough,MIDLAND AVE,WOLFE AVE, ,Minor Arterial,Mid-Block, ,No Control,Clear,Dark,Dry,Non-Fatal Injury,Pedestrian Collisions,Pedestrian,15 to 19,Major,0,Unknown,Other, , , ,Vehicle is reversing and hits pedestrian,Other,Normal, , , ,1,0,1,0,0,0,0,0,0,0,0,0,0,0
1138372,2009,10,30,19,50,4,43.72744538,-79.25509029,Scarborough Southwest (35),35,Kennedy Park (124),124,D41,Scarborough,MIDLAND AVE,WOLFE AVE, ,Minor Arterial,Mid-Block, ,No Control,Clear,Dark,Dry,Non-Fatal Injury,Pedestrian Collisions,Vehicle Owner,unknown, ,0, ,Other, , , , , , , , , ,1,0,1,0,0,0,0,0,0,0,0,0,0,0
1138372,2009,10,30,19,50,4,43.72744538,-79.25509029,Scarborough Southwest (35),35,Kennedy Park (124),124,D41,Scarborough,MIDLAND AVE,WOLFE AVE, ,Minor Arterial,Mid-Block, ,No Control,Clear,Dark,Dry,Non-Fatal Injury,Pedestrian Collisions,Driver,50 to 54,,0,East,"Automobile, Station Wagon",Reversing,Lost control,Normal, , , , , , ,1,0,1,0,0,0,0,0,0,0,0,0,0,0
1138372,2009,10,30,19,50,4,43.72744538,-79.25509029,Scarborough Southwest (35),35,Kennedy Park (124),124,D41,Scarborough,MIDLAND AVE,WOLFE AVE, ,Minor Arterial,Mid-Block, ,No Control,Clear,Dark,Dry,Non-Fatal Injury,Pedestrian Collisions,Other Property Owner,unknown, ,0, ,Other, , , , , , , , , ,1,0,1,0,0,0,0,0,0,0,0,0,0,0
1142865,2009,12,17,19,50,3,43.67294538,-79.36929029,Toronto Centre-Rosedale (27),27,Cabbagetown-South St.James Town (71),71,D51,Toronto East York,BLOOR ST E,CASTLE FRANK CRES, ,Major Arterial,Mid-Block,At Intersection,No Control,Clear,Dark,Dry,Fatal,Pedestrian Collisions,Driver,35 to 39,,0,West,"Automobile, Station Wagon",Going Ahead,Driving Properly,Normal, , , , , , ,1,0,1,0,0,0,0,0,0,0,0,0,0,1
1202126,2010,10,24,20,22,6,43.76734538,-79.49199029,York West (8),8,York University Heights (27),27,D31,North York,KEELE ST,MURRAY ROSS PKWY, ,Major Arterial,Intersection,At Intersection,Traffic Signal,Rain,Dark,Wet,Non-Fatal Injury,Turning Movement,Driver,20 to 24,Major,0,North,"Automobile, Station Wagon",Turning Left,Driving Properly,Normal, , , , , , ,0,0,1,0,0,0,0,0,0,1,1,0,0,0
1222965,2011,1,16,20,5,6,43.67174538,-79.47109029,York South-Weston (11),11,Junction Area (90),90,D11,Etobicoke York,ST CLAIR AVE W,GUNNS RD, ,Major Arterial,Intersection,At Intersection,Traffic Signal,Clear,Dark,Dry,Non-Fatal Injury,Rear End,Driver,55 to 59,,0,West,"Automobile, Station Wagon",Going Ahead,Speed too Fast For Condition,Inattentive, , , , , , ,0,0,1,0,0,0,0,0,1,1,0,0,0,0
6001230859,2016,7,13,20,35,2,43.7138439,-79.37761317,Don Valley West (26),26,Leaside-Bennington (56),56,D53,North York,BAYVIEW AVE,BROADWAY AVE,8 m South of,Major Arterial,Intersection,At/Near Private Drive,Traffic Signal,Clear,Daylight,Dry,Non-Fatal Injury,Turning Movement,Driver,50 to 54,Major,0,East,"Automobile, Station Wagon",Turning Left,Failed to Yield Right of Way,Inattentive, , , , , , ,0,0,1,0,0,0,0,1,0,1,0,0,0,0
991480,2007,9,9,20,30,6,43.70214538,-79.33599029,Toronto-Danforth (29),29,Old East York (58),58,D54,Toronto East York,DON MILLS RD,DVP S DON MILLS N RAMP RD S, ,Major Arterial,Intersection,At Intersection,Stop Sign,Clear,Dark,Dry,Non-Fatal Injury,Angle,Driver,25 to 29,Minor,0,North,"Automobile, Station Wagon",Going Ahead,Driving Properly,Normal, , , , , , ,0,0,1,0,0,0,0,1,0,1,0,0,0,0
1366122,2013,7,11,19,39,3,43.67654538,-79.35889029,Toronto-Danforth (29),29,Playter Estates-Danforth (67),67,D54,Toronto East York,BROADVIEW Ave,DANFORTH Ave, ,Minor Arterial,Mid-Block, ,No Control,Clear,Daylight,Dry,Non-Fatal Injury,Pedestrian Collisions,Cyclist,35 to 39,Major,0,South,Bicycle,Going Ahead, , , , , ,Cyclist strikes pedestrian.,Driving Properly,Normal,1,1,1,0,0,0,0,0,0,0,0,0,0,0
1142865,2009,12,17,19,50,3,43.67294538,-79.36929029,Toronto Centre-Rosedale (27),27,Cabbagetown-South St.James Town (71),71,D51,Toronto East York,BLOOR ST E,CASTLE FRANK CRES, ,Major Arterial,Mid-Block,At Intersection,No Control,Clear,Dark,Dry,Fatal,Pedestrian Collisions,Pedestrian,60 to 64,Fatal,46,North,Other, , , ,Pedestrian hit at mid-block,Running onto Roadway,Inattentive, , , ,1,0,1,0,0,0,0,0,0,0,0,0,0,1
1263449,2011,11,8,19,50,1,43.64944538,-79.39659029,Trinity-Spadina (20),20,Kensington-Chinatown (78),78,D52,Toronto East York,SPADINA AVE,BULWER ST, ,Major Arterial,Intersection, ,No Control,Clear,"Dark, artificial",Dry,Non-Fatal Injury,Pedestrian Collisions,Driver,70 to 74,,0,South,"Automobile, Station Wagon",Going Ahead,Driving Properly,Normal, , , , , , ,1,0,1,0,0,0,0,0,0,0,0,0,0,0
1263449,2011,11,8,19,50,1,43.64944538,-79.39659029,Trinity-Spadina (20),20,Kensington-Chinatown (78),78,D52,Toronto East York,SPADINA AVE,BULWER ST, ,Major Arterial,Intersection, ,No Control,Clear,"Dark, artificial",Dry,Non-Fatal Injury,Pedestrian Collisions,Pedestrian,85 to 89,Major,0,West,Other, , , ,Vehicle is going straight thru inter.while ped cross without ROW,"Crossing, no Traffic Control",Normal, , , ,1,0,1,0,0,0,0,0,0,0,0,0,0,0
5000513349,2015,3,27,19,50,4,43.72564276,-79.29750452,Scarborough Southwest (35),35,Clairlea-Birchmount (120),120,D41,Scarborough,EGLINTON AVE E,PHARMACY AVE, ,Major Arterial,Intersection,Non Intersection,No Control,Clear,"Dark, artificial",Dry,Non-Fatal Injury,Other,Driver,55 to 59,,0,East,Municipal Transit Bus (TTC),Slowing or Stopping,Driving Properly,Normal, , , , , , ,0,0,0,0,0,1,0,1,0,0,0,0,0,0
5000513349,2015,3,27,19,50,4,43.72564276,-79.29750452,Scarborough Southwest (35),35,Clairlea-Birchmount (120),120,D41,Scarborough,EGLINTON AVE E,PHARMACY AVE, ,Major Arterial,Intersection,Non Intersection,No Control,Clear,"Dark, artificial",Dry,Non-Fatal Injury,Other,Passenger,50 to 54,Major,0, , , , , , , , , , , ,0,0,0,0,0,1,0,1,0,0,0,0,0,0
1219703,2011,1,5,19,51,2,43.79694538,-79.31499029,Scarborough-Agincourt (40),40,L'Amoreaux (117),117,D42,Scarborough,FINCH AVE E,WARDEN AVE, ,Major Arterial,Mid-Block,At Intersection,No Control,Clear,Dark,Wet,Non-Fatal Injury,Rear End,Driver,70 to 74,,0,West,"Automobile, Station Wagon",Going Ahead,Following too Close,Normal, , , , , , ,0,0,1,0,0,0,0,0,0,1,0,0,0,0
1219703,2011,1,5,19,51,2,43.79694538,-79.31499029,Scarborough-Agincourt (40),40,L'Amoreaux (117),117,D42,Scarborough,FINCH AVE E,WARDEN AVE, ,Major Arterial,Mid-Block,At Intersection,No Control,Clear,Dark,Wet,Non-Fatal Injury,Rear End,Driver,40 to 44,Major,0,West,"Automobile, Station Wagon",Stopped,Driving Properly,Normal, , , , , , ,0,0,1,0,0,0,0,0,0,1,0,0,0,0
1291004,2012,3,1,19,51,3,43.78234538,-79.29249029,Scarborough-Agincourt (40),40,Tam O'Shanter-Sullivan (118),118,D42,Scarborough,3850 SHEPPARD AVE E, , ,Major Arterial,Mid-Block, ,No Control,Clear,Daylight,Dry,Non-Fatal Injury,Pedestrian Collisions,Driver,35 to 39,,0,West,"Automobile, Station Wagon",Going Ahead,Driving Properly,Normal, , , , , , ,1,0,1,0,0,0,0,0,0,0,0,0,0,0
1291004,2012,3,1,19,51,3,43.78234538,-79.29249029,Scarborough-Agincourt (40),40,Tam O'Shanter-Sullivan (118),118,D42,Scarborough,3850 SHEPPARD AVE E, , ,Major Arterial,Mid-Block, ,No Control,Clear,Daylight,Dry,Non-Fatal Injury,Pedestrian Collisions,Pedestrian,35 to 39,Major,0,Unknown,Other, , , ,Pedestrian hit at mid-block,Other,Had Been Drinking, , , ,1,0,1,0,0,0,0,0,0,0,0,0,0,0
5000549380,2015,4,2,19,51,3,43.77711828,-79.34788904,Don Valley East (33),33,Don Valley Village (47),47,D33,North York,DON MILLS RD,LEITH HILL RD, ,Major Arterial,Intersection,At Intersection,Traffic Signal,Rain,"Dark, artificial",Wet,Non-Fatal Injury,Pedestrian Collisions,Driver,20 to 24,,0,North,"Automobile, Station Wagon",Going Ahead,Disobeyed Traffic Control,Normal, , , , , , ,1,0,1,0,0,0,0,1,0,1,1,0,0,0
5000549380,2015,4,2,19,51,3,43.77711828,-79.34788904,Don Valley East (33),33,Don Valley Village (47),47,D33,North York,DON MILLS RD,LEITH HILL RD, ,Major Arterial,Intersection,At Intersection,Traffic Signal,Rain,"Dark, artificial",Wet,Non-Fatal Injury,Pedestrian Collisions,Passenger,20 to 24,,0, , , , , , , , , , , ,1,0,1,0,0,0,0,1,0,1,1,0,0,0
5000549380,2015,4,2,19,51,3,43.77711828,-79.34788904,Don Valley East (33),33,Don Valley Village (47),47,D33,North York,DON MILLS RD,LEITH HILL RD, ,Major Arterial,Intersection,At Intersection,Traffic Signal,Rain,"Dark, artificial",Wet,Non-Fatal Injury,Pedestrian Collisions,Pedestrian,50 to 54,Major,0,West, , , , ,Vehicle is going straight thru inter.while ped cross with ROW,Crossing with right of way,Unknown, , , ,1,0,1,0,0,0,0,1,0,1,1,0,0,0
1205381,2010,9,15,19,52,2,43.64884538,-79.39579029,Trinity-Spadina (20),20,Waterfront Communities-The Island (77),77,D52,Toronto East York,QUEEN Stre W,SPADINA Aven, ,Major Arterial,Intersection, ,No Control,Clear,Dark,Dry,Non-Fatal Injury,Pedestrian Collisions,Driver,35 to 39,,0,West,"Automobile, Station Wagon",Going Ahead,Driving Properly,Normal, , , , , , ,1,0,1,0,0,0,0,0,0,0,0,0,0,0
1205381,2010,9,15,19,52,2,43.64884538,-79.39579029,Trinity-Spadina (20),20,Waterfront Communities-The Island (77),77,D52,Toronto East York,QUEEN Stre W,SPADINA Aven, ,Major Arterial,Intersection, ,No Control,Clear,Dark,Dry,Non-Fatal Injury,Pedestrian Collisions,Pedestrian,30 to 34,Major,0,South,Other, , , ,Pedestrian hit at mid-block,Crossing without right of way,"Ability Impaired, Alcohol", , , ,1,0,1,0,0,0,0,0,0,0,0,0,0,0
1261321,2011,10,26,19,52,2,43.66674538,-79.39329029,Toronto Centre-Rosedale (27),27,Bay Street Corridor (76),76,D52,Toronto East York,QUEENS PARK,QUEENS PARK CRES W, ,Major Arterial,Mid-Block, ,No Control,Rain,Dark,Wet,Non-Fatal Injury,Pedestrian Collisions,Passenger,unknown,,0, ,Other,Other, , , , , , , , ,1,0,1,0,0,0,0,1,0,0,0,0,0,0
1261321,2011,10,26,19,52,2,43.66674538,-79.39329029,Toronto Centre-Rosedale (27),27,Bay Street Corridor (76),76,D52,Toronto East York,QUEENS PARK,QUEENS PARK CRES W, ,Major Arterial,Mid-Block, ,No Control,Rain,Dark,Wet,Non-Fatal Injury,Pedestrian Collisions,Vehicle Owner,unknown, ,0, ,Other, , , , , , , , , ,1,0,1,0,0,0,0,1,0,0,0,0,0,0
1261321,2011,10,26,19,52,2,43.66674538,-79.39329029,Toronto Centre-Rosedale (27),27,Bay Street Corridor (76),76,D52,Toronto East York,QUEENS PARK,QUEENS PARK CRES W, ,Major Arterial,Mid-Block, ,No Control,Rain,Dark,Wet,Non-Fatal Injury,Pedestrian Collisions,Driver,20 to 24,,0,South,"Automobile, Station Wagon",Going Ahead,Driving Properly,Normal, , , , , , ,1,0,1,0,0,0,0,1,0,0,0,0,0,0
1261321,2011,10,26,19,52,2,43.66674538,-79.39329029,Toronto Centre-Rosedale (27),27,Bay Street Corridor (76),76,D52,Toronto East York,QUEENS PARK,QUEENS PARK CRES W, ,Major Arterial,Mid-Block, ,No Control,Rain,Dark,Wet,Non-Fatal Injury,Pedestrian Collisions,Pedestrian,70 to 74,Major,0,West,Other, , , ,Pedestrian hit at mid-block,"Crossing, no Traffic Control",Inattentive, , , ,1,0,1,0,0,0,0,1,0,0,0,0,0,0
1223675,2011,3,20,19,53,6,43.74574538,-79.23069029,Scarborough Centre (38),38,Woburn (137),137,D43,Scarborough,BELLAMY Road N,NELSON Stre, ,Minor Arterial,Mid-Block,At Intersection,No Control,Clear,Dark,Dry,Non-Fatal Injury,SMV Other,Driver,40 to 44,Major,0,North,"Automobile, Station Wagon",Going Ahead,Driving Properly,Normal, , , , , , ,0,0,1,0,0,0,0,1,0,0,0,0,0,0
1223675,2011,3,20,19,53,6,43.74574538,-79.23069029,Scarborough Centre (38),38,Woburn (137),137,D43,Scarborough,BELLAMY Road N,NELSON Stre, ,Minor Arterial,Mid-Block,At Intersection,No Control,Clear,Dark,Dry,Non-Fatal Injury,SMV Other,Passenger,30 to 34,Major,0, ,Other, , , , , , , , , ,0,0,1,0,0,0,0,1,0,0,0,0,0,0
6000917027,2016,5,27,19,53,4,43.75101431,-79.2222558,Scarborough Centre (38),38,Woburn (137),137,D43,Scarborough,MARKHAM RD,BLAKEMANOR BLVD, ,Major Arterial,Intersection,At Intersection,Traffic Signal,Clear,Daylight,Dry,Non-Fatal Injury,Pedestrian Collisions,Driver,35 to 39,Minor,0,South,"Automobile, Station Wagon",Turning Left,Improper Turn,Normal, , , , , , ,1,0,1,0,0,1,0,0,0,0,0,0,0,0
6000917027,2016,5,27,19,53,4,43.75101431,-79.2222558,Scarborough Centre (38),38,Woburn (137),137,D43,Scarborough,MARKHAM RD,BLAKEMANOR BLVD, ,Major Arterial,Intersection,At Intersection,Traffic Signal,Clear,Daylight,Dry,Non-Fatal Injury,Pedestrian Collisions,Driver,40 to 44,,0,North,Municipal Transit Bus (TTC),Going Ahead,Driving Properly,Normal, , , , , , ,1,0,1,0,0,1,0,0,0,0,0,0,0,0
6000917027,2016,5,27,19,53,4,43.75101431,-79.2222558,Scarborough Centre (38),38,Woburn (137),137,D43,Scarborough,MARKHAM RD,BLAKEMANOR BLVD, ,Major Arterial,Intersection,At Intersection,Traffic Signal,Clear,Daylight,Dry,Non-Fatal Injury,Pedestrian Collisions,Pedestrian,40 to 44,Major,0,Unknown, , , , ,Pedestrian hit on sidewalk or shoulder,On Sidewalk or Shoulder,Normal, , , ,1,0,1,0,0,1,0,0,0,0,0,0,0,0
7001709828,2017,9,20,19,53,2,43.6828533,-79.35718165,Toronto-Danforth (29),29,Broadview North (57),57,D54,Toronto East York,BROADVIEW AVE,NEALON AVE, ,Minor Arterial,Intersection,At Intersection,No Control,Clear,Dark,Dry,Fatal,Pedestrian Collisions,Pedestrian,85 to 89,Fatal,42,West, , , , ,Vehicle is going straight thru inter.while ped cross without ROW,"Crossing, no Traffic Control",Inattentive, , , ,1,0,1,0,0,0,0,0,0,0,0,0,0,1
7001709828,2017,9,20,19,53,2,43.6828533,-79.35718165,Toronto-Danforth (29),29,Broadview North (57),57,D54,Toronto East York,BROADVIEW AVE,NEALON AVE, ,Minor Arterial,Intersection,At Intersection,No Control,Clear,Dark,Dry,Fatal,Pedestrian Collisions,Driver,50 to 54,,0,North,"Automobile, Station Wagon",Going Ahead,Driving Properly,Unknown, , , , , , ,1,0,1,0,0,0,0,0,0,0,0,0,0,1
1268173,2011,12,8,19,54,3,43.77524538,-79.32299029,Scarborough-Agincourt (40),40,Tam O'Shanter-Sullivan (118),118,D42,Scarborough,SHEPPARD AVE E,VICTORIA PARK AVE, ,Major Arterial,Intersection,At Intersection,Traffic Signal,Clear,Dark,Dry,Non-Fatal Injury,Pedestrian Collisions,Vehicle Owner,unknown, ,0, ,Other, , , , , , , , , ,1,0,0,0,0,1,0,0,0,0,0,0,0,0
1268173,2011,12,8,19,54,3,43.77524538,-79.32299029,Scarborough-Agincourt (40),40,Tam O'Shanter-Sullivan (118),118,D42,Scarborough,SHEPPARD AVE E,VICTORIA PARK AVE, ,Major Arterial,Intersection,At Intersection,Traffic Signal,Clear,Dark,Dry,Non-Fatal Injury,Pedestrian Collisions,Driver,55 to 59,,0,South,Municipal Transit Bus (TTC),Turning Right,Driving Properly,Normal, , , , , , ,1,0,0,0,0,1,0,0,0,0,0,0,0,0
1268173,2011,12,8,19,54,3,43.77524538,-79.32299029,Scarborough-Agincourt (40),40,Tam O'Shanter-Sullivan (118),118,D42,Scarborough,SHEPPARD AVE E,VICTORIA PARK AVE, ,Major Arterial,Intersection,At Intersection,Traffic Signal,Clear,Dark,Dry,Non-Fatal Injury,Pedestrian Collisions,Pedestrian,20 to 24,Major,0,South,Other, , , ,Pedestrian involved in a collision with transit vehicle anywhere along roadway,Crossing without right of way,Unknown, , , ,1,0,0,0,0,1,0,0,0,0,0,0,0,0
4002144979,2014,5,24,19,54,5,43.74924048,-79.24446497,Scarborough Centre (38),38,Bendale (127),127,D43,Scarborough,1484 DANFORTH RD, ,30 m South of,Major Arterial,Intersection,Non Intersection,No Control,Clear,Daylight,Dry,Non-Fatal Injury,Angle,Driver,35 to 39,,0,East,"Automobile, Station Wagon",Reversing,Other,Inattentive, , , , , , ,0,0,1,1,0,0,0,0,1,1,0,0,0,0
4002144979,2014,5,24,19,54,5,43.74924048,-79.24446497,Scarborough Centre (38),38,Bendale (127),127,D43,Scarborough,1484 DANFORTH RD, ,30 m South of,Major Arterial,Intersection,Non Intersection,No Control,Clear,Daylight,Dry,Non-Fatal Injury,Angle,Motorcycle Driver,20 to 24,Major,0,South,Motorcycle,Going Ahead,Other,Unknown, , , , , , ,0,0,1,1,0,0,0,0,1,1,0,0,0,0
1000423,2007,10,10,19,55,2,43.64834538,-79.40449029,Trinity-Spadina (19),19,Trinity-Bellwoods (81),81,D14,Toronto East York,BATHURST Stre,WOLSELEY Stre, ,Major Arterial,Mid-Block, ,No Control,Clear,Dark,Dry,Non-Fatal Injury,Approaching,Vehicle Owner,unknown, ,0, ,Other, , , , , , , , , ,0,0,1,0,0,0,0,1,1,1,0,0,0,0
1000423,2007,10,10,19,55,2,43.64834538,-79.40449029,Trinity-Spadina (19),19,Trinity-Bellwoods (81),81,D14,Toronto East York,BATHURST Stre,WOLSELEY Stre, ,Major Arterial,Mid-Block, ,No Control,Clear,Dark,Dry,Non-Fatal Injury,Approaching,Driver,25 to 29,,0,South,"Automobile, Station Wagon",Changing Lanes,Exceeding Speed Limit,Unknown, , , , , , ,0,0,1,0,0,0,0,1,1,1,0,0,0,0
1000423,2007,10,10,19,55,2,43.64834538,-79.40449029,Trinity-Spadina (19),19,Trinity-Bellwoods (81),81,D14,Toronto East York,BATHURST Stre,WOLSELEY Stre, ,Major Arterial,Mid-Block, ,No Control,Clear,Dark,Dry,Non-Fatal Injury,Approaching,Driver,50 to 54,Major,0,North,"Automobile, Station Wagon",Going Ahead,Driving Properly,Normal, , , , , , ,0,0,1,0,0,0,0,1,1,1,0,0,0,0
1000423,2007,10,10,19,55,2,43.64834538,-79.40449029,Trinity-Spadina (19),19,Trinity-Bellwoods (81),81,D14,Toronto East York,BATHURST Stre,WOLSELEY Stre, ,Major Arterial,Mid-Block, ,No Control,Clear,Dark,Dry,Non-Fatal Injury,Approaching,Passenger,50 to 54,Major,0, ,Other, , , , , , , , , ,0,0,1,0,0,0,0,1,1,1,0,0,0,0
1000423,2007,10,10,19,55,2,43.64834538,-79.40449029,Trinity-Spadina (19),19,Trinity-Bellwoods (81),81,D14,Toronto East York,BATHURST Stre,WOLSELEY Stre, ,Major Arterial,Mid-Block, ,No Control,Clear,Dark,Dry,Non-Fatal Injury,Approaching,Other Property Owner,unknown, ,0, ,Other, , , , , , , , , ,0,0,1,0,0,0,0,1,1,1,0,0,0,0
1000423,2007,10,10,19,55,2,43.64834538,-79.40449029,Trinity-Spadina (19),19,Trinity-Bellwoods (81),81,D14,Toronto East York,BATHURST Stre,WOLSELEY Stre, ,Major Arterial,Mid-Block, ,No Control,Clear,Dark,Dry,Non-Fatal Injury,Approaching,Other Property Owner,unknown, ,0, ,Other, , , , , , , , , ,0,0,1,0,0,0,0,1,1,1,0,0,0,0