ACCNUM,YEAR,MONTH,DAY,HOUR,MINUTES,WEEKDAY,LATITUDE,LONGITUDE,Ward_Name,Ward_ID,Hood_Name,Hood_ID,Division,District,STREET1,STREET2,OFFSET,ROAD_CLASS,LOCCOORD,ACCLOC,TRAFFCTL,VISIBILITY,LIGHT,RDSFCOND,ACCLASS,IMPACTYPE,INVTYPE,INVAGE,INJURY,FATAL_NO,INITDIR,VEHTYPE,MANOEUVER,DRIVACT,DRIVCOND,PEDTYPE,PEDACT,PEDCOND,CYCLISTYPE,CYCACT,CYCCOND,PEDESTRIAN,CYCLIST,AUTOMOBILE,MOTORCYCLE,TRUCK,TRSN_CITY_VEH,EMERG_VEH,PASSENGER,SPEEDING,AG_DRIV,REDLIGHT,ALCOHOL,DISABILITY,label
1020344,2008,1,29,19,55,1,43.66524538,-79.35349029,Toronto-Danforth (30),30,South Riverdale (70),70,D55,Toronto East York,HAMILTON ST,GERRARD ST E, ,Minor Arterial,Intersection, ,No Control,Rain,Dark,Wet,Non-Fatal Injury,Pedestrian Collisions,Driver,20 to 24,,0,West,"Automobile, Station Wagon",Turning Left,Failed to Yield Right of Way,Normal, , , , , , ,1,0,1,0,0,0,0,0,0,1,0,0,0,0
1020344,2008,1,29,19,55,1,43.66524538,-79.35349029,Toronto-Danforth (30),30,South Riverdale (70),70,D55,Toronto East York,HAMILTON ST,GERRARD ST E, ,Minor Arterial,Intersection, ,No Control,Rain,Dark,Wet,Non-Fatal Injury,Pedestrian Collisions,Pedestrian,65 to 69,Major,0,West,Other, , , ,Vehicle turns left while ped crosses with ROW at inter.,Crossing with right of way,Normal, , , ,1,0,1,0,0,0,0,0,0,1,0,0,0,0
1265838,2011,9,19,19,55,0,43.69464538,-79.48609029,York South-Weston (12),12,Beechborough-Greenbrook (112),112,D12,Etobicoke York,BLACK CREEK DR,TRETHEWEY DR, ,Major Arterial,Intersection,At Intersection,Traffic Signal,Rain,Dark,Wet,Non-Fatal Injury,Pedestrian Collisions,Driver,40 to 44,,0,West,"Automobile, Station Wagon",Turning Right,Failed to Yield Right of Way,Inattentive, , , , , , ,1,0,1,0,0,0,0,0,0,1,0,0,0,0
1265838,2011,9,19,19,55,0,43.69464538,-79.48609029,York South-Weston (12),12,Beechborough-Greenbrook (112),112,D12,Etobicoke York,BLACK CREEK DR,TRETHEWEY DR, ,Major Arterial,Intersection,At Intersection,Traffic Signal,Rain,Dark,Wet,Non-Fatal Injury,Pedestrian Collisions,Pedestrian,35 to 39,Major,0,West,Other, , , ,Vehicle turns right while ped crosses with ROW at inter.,Crossing with right of way,Normal, , , ,1,0,1,0,0,0,0,0,0,1,0,0,0,0
1276407,2011,11,26,19,55,5,43.75694538,-79.51939029,York West (7),7,Glenfield-Jane Heights (25),25,D31,North York,2001 FINCH AVE W, , ,Major Arterial,Mid-Block, ,No Control,Clear,"Dark, artificial",Dry,Non-Fatal Injury,Turning Movement,Motorcycle Driver,35 to 39,Major,0,East,Motorcycle,Going Ahead,Driving Properly,Normal, , , , , , ,0,0,1,1,0,0,0,0,0,1,0,0,0,0
1276407,2011,11,26,19,55,5,43.75694538,-79.51939029,York West (7),7,Glenfield-Jane Heights (25),25,D31,North York,2001 FINCH AVE W, , ,Major Arterial,Mid-Block, ,No Control,Clear,"Dark, artificial",Dry,Non-Fatal Injury,Turning Movement,Driver,35 to 39,,0,West,"Automobile, Station Wagon",Turning Left,Failed to Yield Right of Way,Inattentive, , , , , , ,0,0,1,1,0,0,0,0,0,1,0,0,0,0
4001910374,2014,4,8,19,55,1,43.66304358,-79.40209589,Trinity-Spadina (20),20,University (79),79,D52,Toronto East York,HARBORD ST,SPADINA AVE,25 m East of,Minor Arterial,Intersection,Non Intersection,No Control,Other,Daylight,Dry,Non-Fatal Injury,Cyclist Collisions,Driver,20 to 24,,0,East,"Automobile, Station Wagon",Parked,Other,Unknown, , , , , , ,0,1,1,0,0,0,0,1,0,0,0,0,0,0
4001910374,2014,4,8,19,55,1,43.66304358,-79.40209589,Trinity-Spadina (20),20,University (79),79,D52,Toronto East York,HARBORD ST,SPADINA AVE,25 m East of,Minor Arterial,Intersection,Non Intersection,No Control,Other,Daylight,Dry,Non-Fatal Injury,Cyclist Collisions,Cyclist,20 to 24,Major,0,East,Bicycle,Going Ahead, , , , , ,Cyclist struck opened vehicle door,Driving Properly,Normal,0,1,1,0,0,0,0,1,0,0,0,0,0,0
4001910374,2014,4,8,19,55,1,43.66304358,-79.40209589,Trinity-Spadina (20),20,University (79),79,D52,Toronto East York,HARBORD ST,SPADINA AVE,25 m East of,Minor Arterial,Intersection,Non Intersection,No Control,Other,Daylight,Dry,Non-Fatal Injury,Cyclist Collisions,Passenger,50 to 54,,0, , , , , , , , , , , ,0,1,1,0,0,0,0,1,0,0,0,0,0,0
6001650762,2016,9,16,19,55,4,43.59922751,-79.54411707,Etobicoke-Lakeshore (6),6,Alderwood (20),20,D22,Etobicoke York,BROWNS LINE,WOODBURY RD,12 m East of,Local,Mid-Block,At Intersection,Pedestrian Crossover,Clear,Dark,Dry,Non-Fatal Injury,Pedestrian Collisions,Driver,20 to 24,,0,North,"Automobile, Station Wagon",Going Ahead,Driving Properly,Normal, , , , , , ,1,0,1,0,0,0,0,1,0,0,0,0,0,0
6001650762,2016,9,16,19,55,4,43.59922751,-79.54411707,Etobicoke-Lakeshore (6),6,Alderwood (20),20,D22,Etobicoke York,BROWNS LINE,WOODBURY RD,12 m East of,Local,Mid-Block,At Intersection,Pedestrian Crossover,Clear,Dark,Dry,Non-Fatal Injury,Pedestrian Collisions,Pedestrian,10 to 14,Major,0,East, , , , ,Pedestrian hit a PXO/ped. Mid-block signal,Running onto Roadway,Inattentive, , , ,1,0,1,0,0,0,0,1,0,0,0,0,0,0
6001650762,2016,9,16,19,55,4,43.59922751,-79.54411707,Etobicoke-Lakeshore (6),6,Alderwood (20),20,D22,Etobicoke York,BROWNS LINE,WOODBURY RD,12 m East of,Local,Mid-Block,At Intersection,Pedestrian Crossover,Clear,Dark,Dry,Non-Fatal Injury,Pedestrian Collisions,Passenger,20 to 24,,0, , , , , , , , , , , ,1,0,1,0,0,0,0,1,0,0,0,0,0,0
6001650779,2016,9,16,19,55,4,43.71088751,-79.3085824,Beaches-East York (31),31,O'Connor-Parkview (54),54,D54,Toronto East York,O CONNOR DR,DOHME AVE,50 m North of,Major Arterial,Mid-Block,Non Intersection,No Control,Clear,"Dark, artificial",Dry,Non-Fatal Injury,Rear End,Driver,20 to 24,Minor,0,North,"Automobile, Station Wagon",Going Ahead,Exceeding Speed Limit,Unknown, , , , , , ,0,0,1,0,0,0,0,0,1,1,0,0,0,0
6001650779,2016,9,16,19,55,4,43.71088751,-79.3085824,Beaches-East York (31),31,O'Connor-Parkview (54),54,D54,Toronto East York,O CONNOR DR,DOHME AVE,50 m North of,Major Arterial,Mid-Block,Non Intersection,No Control,Clear,"Dark, artificial",Dry,Non-Fatal Injury,Rear End,Driver,55 to 59,Major,0,North,"Automobile, Station Wagon",Stopped,Driving Properly,Normal, , , , , , ,0,0,1,0,0,0,0,0,1,1,0,0,0,0
1041784,2008,5,9,19,56,4,43.68309363,-79.41826258,St. Paul's (21),21,Casa Loma (96),96,D13,Toronto East York,ST CLAIR AVE W,BATHURST ST, ,Major Arterial,Intersection,At Intersection,Traffic Signal,Clear,Daylight,Dry,Non-Fatal Injury,Pedestrian Collisions,Vehicle Owner,unknown, ,0, , , , , , , , , , , ,1,0,0,0,0,1,0,0,0,1,0,0,0,0
1041784,2008,5,9,19,56,4,43.68309363,-79.41826258,St. Paul's (21),21,Casa Loma (96),96,D13,Toronto East York,ST CLAIR AVE W,BATHURST ST, ,Major Arterial,Intersection,At Intersection,Traffic Signal,Clear,Daylight,Dry,Non-Fatal Injury,Pedestrian Collisions,Driver,40 to 44,,0,West,Municipal Transit Bus (TTC),Pulling Away from Shoulder or Curb,Failed to Yield Right of Way,Inattentive, , , , , , ,1,0,0,0,0,1,0,0,0,1,0,0,0,0
1041784,2008,5,9,19,56,4,43.68309363,-79.41826258,St. Paul's (21),21,Casa Loma (96),96,D13,Toronto East York,ST CLAIR AVE W,BATHURST ST, ,Major Arterial,Intersection,At Intersection,Traffic Signal,Clear,Daylight,Dry,Non-Fatal Injury,Pedestrian Collisions,Pedestrian,60 to 64,Major,0,South, , , , ,Pedestrian involved in a collision with transit vehicle anywhere along roadway,Person Getting on/off Vehicle,Normal, , , ,1,0,0,0,0,1,0,0,0,1,0,0,0,0
1064978,2008,10,17,19,56,4,43.72854538,-79.48249029,York Centre (9),9,Downsview-Roding-CFB (26),26,D31,North York,KEELE ST,VICTORY DR, ,Major Arterial,Intersection, ,No Control,Clear,Dark,Dry,Non-Fatal Injury,Pedestrian Collisions,Pedestrian,40 to 44,Major,0, ,Other, , , ,Vehicle is going straight thru inter.while ped cross without ROW,"Crossing, no Traffic Control",Normal, , , ,1,0,1,0,0,0,0,0,0,0,0,0,0,0
1064978,2008,10,17,19,56,4,43.72854538,-79.48249029,York Centre (9),9,Downsview-Roding-CFB (26),26,D31,North York,KEELE ST,VICTORY DR, ,Major Arterial,Intersection, ,No Control,Clear,Dark,Dry,Non-Fatal Injury,Pedestrian Collisions,Driver,25 to 29,,0,North,"Automobile, Station Wagon",Going Ahead,Driving Properly,Normal, , , , , , ,1,0,1,0,0,0,0,0,0,0,0,0,0,0
1221155,2011,1,11,19,56,1,43.64754538,-79.40219029,Trinity-Spadina (20),20,Waterfront Communities-The Island (77),77,D14,Toronto East York,QUEEN ST W,RYERSON AVE, ,Major Arterial,Intersection, ,No Control,Snow,Dark,Loose Snow,Non-Fatal Injury,Pedestrian Collisions,Truck Driver,40 to 44,,0,West,Truck - Open,Going Ahead,Other,"Ability Impaired, Alcohol Over .08", , , , , , ,1,0,0,0,1,0,0,0,0,0,0,1,0,0
1221155,2011,1,11,19,56,1,43.64754538,-79.40219029,Trinity-Spadina (20),20,Waterfront Communities-The Island (77),77,D14,Toronto East York,QUEEN ST W,RYERSON AVE, ,Major Arterial,Intersection, ,No Control,Snow,Dark,Loose Snow,Non-Fatal Injury,Pedestrian Collisions,Vehicle Owner,unknown, ,0, ,Other, , , , , , , , , ,1,0,0,0,1,0,0,0,0,0,0,1,0,0
1221155,2011,1,11,19,56,1,43.64754538,-79.40219029,Trinity-Spadina (20),20,Waterfront Communities-The Island (77),77,D14,Toronto East York,QUEEN ST W,RYERSON AVE, ,Major Arterial,Intersection, ,No Control,Snow,Dark,Loose Snow,Non-Fatal Injury,Pedestrian Collisions,Pedestrian,55 to 59,Major,0,Unknown,Other, , , ,Pedestrian hit at mid-block,Person Getting on/off Vehicle,Normal, , , ,1,0,0,0,1,0,0,0,0,0,0,1,0,0
4001952133,2014,4,24,19,56,3,43.66541632,-79.46587763,Parkdale-High Park (13),13,Junction Area (90),90,D11,Etobicoke York,MAVETY ST,DUNDAS ST W, ,Major Arterial,Intersection,At Intersection,No Control,Clear,"Dusk, artificial",Dry,Non-Fatal Injury,Cyclist Collisions,Driver,65 to 69,,0,East,"Automobile, Station Wagon",Parked,Other,Inattentive, , , , , , ,0,1,1,0,0,0,0,0,0,0,0,0,0,0
4001952133,2014,4,24,19,56,3,43.66541632,-79.46587763,Parkdale-High Park (13),13,Junction Area (90),90,D11,Etobicoke York,MAVETY ST,DUNDAS ST W, ,Major Arterial,Intersection,At Intersection,No Control,Clear,"Dusk, artificial",Dry,Non-Fatal Injury,Cyclist Collisions,Cyclist,35 to 39,Major,0,East,Bicycle,Going Ahead, , , , , ,Cyclist struck opened vehicle door,Driving Properly,Normal,0,1,1,0,0,0,0,0,0,0,0,0,0,0
957573,2007,3,7,19,57,2,43.69724538,-79.44279029,Eglinton-Lawrence (15),15,Oakwood Village (107),107,D13,North York,EGLINTON AVE W,OAKWOOD AVE, ,Major Arterial,Intersection,At Intersection,Traffic Signal,Clear,Dark,Dry,Non-Fatal Injury,Pedestrian Collisions,Driver,35 to 39,,0,West,"Automobile, Station Wagon",Going Ahead,Driving Properly,Normal, , , , , , ,1,0,1,0,0,0,0,0,0,0,0,0,0,0
957573,2007,3,7,19,57,2,43.69724538,-79.44279029,Eglinton-Lawrence (15),15,Oakwood Village (107),107,D13,North York,EGLINTON AVE W,OAKWOOD AVE, ,Major Arterial,Intersection,At Intersection,Traffic Signal,Clear,Dark,Dry,Non-Fatal Injury,Pedestrian Collisions,Pedestrian,35 to 39,Major,0,North,Other, , , ,Vehicle is going straight thru inter.while ped cross without ROW,Crossing without right of way,Normal, , , ,1,0,1,0,0,0,0,0,0,0,0,0,0,0
1015580,2008,1,17,19,57,3,43.68184538,-79.36239029,Toronto-Danforth (29),29,Broadview North (57),57,D54,Toronto East York,DON VALLEY PARKWAY  N,PRINCE EDWARD VIADUCT Stre E, ,Expressway,Mid-Block, ,No Control,Clear,Dark,Wet,Non-Fatal Injury,Sideswipe,Driver,50 to 54,Major,0,North,"Automobile, Station Wagon",Going Ahead,Driving Properly,Normal, , , , , , ,0,0,1,0,0,0,0,0,1,1,0,0,0,0
1015580,2008,1,17,19,57,3,43.68184538,-79.36239029,Toronto-Danforth (29),29,Broadview North (57),57,D54,Toronto East York,DON VALLEY PARKWAY  N,PRINCE EDWARD VIADUCT Stre E, ,Expressway,Mid-Block, ,No Control,Clear,Dark,Wet,Non-Fatal Injury,Sideswipe,Driver,20 to 24,,0,North,"Automobile, Station Wagon",Changing Lanes,Improper Lane Change,Normal, , , , , , ,0,0,1,0,0,0,0,0,1,1,0,0,0,0
1015580,2008,1,17,19,57,3,43.68184538,-79.36239029,Toronto-Danforth (29),29,Broadview North (57),57,D54,Toronto East York,DON VALLEY PARKWAY  N,PRINCE EDWARD VIADUCT Stre E, ,Expressway,Mid-Block, ,No Control,Clear,Dark,Wet,Non-Fatal Injury,Sideswipe,Driver,30 to 34,Minimal,0,North,"Automobile, Station Wagon",Going Ahead,Driving Properly,Normal, , , , , , ,0,0,1,0,0,0,0,0,1,1,0,0,0,0
1057611,2008,8,15,19,58,4,43.67174538,-79.42089029,Trinity-Spadina (20),20,Annex (95),95,D14,Toronto East York,DUPONT Stre,CHRISTIE Stre, ,Major Arterial,Mid-Block, ,No Control,Rain,Daylight,Wet,Non-Fatal Injury,Sideswipe,Driver,35 to 39,,0,West,"Automobile, Station Wagon",Stopped,Driving Properly,Normal, , , , , , ,0,0,1,0,0,0,0,0,0,0,0,0,0,0
1057611,2008,8,15,19,58,4,43.67174538,-79.42089029,Trinity-Spadina (20),20,Annex (95),95,D14,Toronto East York,DUPONT Stre,CHRISTIE Stre, ,Major Arterial,Mid-Block, ,No Control,Rain,Daylight,Wet,Non-Fatal Injury,Sideswipe,Driver,60 to 64,,0,West,"Automobile, Station Wagon",Stopped,Driving Properly,Normal, , , , , , ,0,0,1,0,0,0,0,0,0,0,0,0,0,0
1057611,2008,8,15,19,58,4,43.67174538,-79.42089029,Trinity-Spadina (20),20,Annex (95),95,D14,Toronto East York,DUPONT Stre,CHRISTIE Stre, ,Major Arterial,Mid-Block, ,No Control,Rain,Daylight,Wet,Non-Fatal Injury,Sideswipe,Driver,40 to 44,,0,West,"Automobile, Station Wagon",Going Ahead,Driving Properly,Normal, , , , , , ,0,0,1,0,0,0,0,0,0,0,0,0,0,0
1057611,2008,8,15,19,58,4,43.67174538,-79.42089029,Trinity-Spadina (20),20,Annex (95),95,D14,Toronto East York,DUPONT Stre,CHRISTIE Stre, ,Major Arterial,Mid-Block, ,No Control,Rain,Daylight,Wet,Non-Fatal Injury,Sideswipe,Vehicle Owner,unknown, ,0, ,Other, , , , , , , , , ,0,0,1,0,0,0,0,0,0,0,0,0,0,0
1057611,2008,8,15,19,58,4,43.67174538,-79.42089029,Trinity-Spadina (20),20,Annex (95),95,D14,Toronto East York,DUPONT Stre,CHRISTIE Stre, ,Major Arterial,Mid-Block, ,No Control,Rain,Daylight,Wet,Non-Fatal Injury,Sideswipe,Driver,15 to 19,,0,West,"Automobile, Station Wagon",Stopped,Driving Properly,Normal, , , , , , ,0,0,1,0,0,0,0,0,0,0,0,0,0,0
1057611,2008,8,15,19,58,4,43.67174538,-79.42089029,Trinity-Spadina (20),20,Annex (95),95,D14,Toronto East York,DUPONT Stre,CHRISTIE Stre, ,Major Arterial,Mid-Block, ,No Control,Rain,Daylight,Wet,Non-Fatal Injury,Sideswipe,Driver,30 to 34,Minimal,0,West,"Automobile, Station Wagon",Stopped,Driving Properly,Normal, , , , , , ,0,0,1,0,0,0,0,0,0,0,0,0,0,0
1057611,2008,8,15,19,58,4,43.67174538,-79.42089029,Trinity-Spadina (20),20,Annex (95),95,D14,Toronto East York,DUPONT Stre,CHRISTIE Stre, ,Major Arterial,Mid-Block, ,No Control,Rain,Daylight,Wet,Non-Fatal Injury,Sideswipe,Driver,50 to 54,Major,0,West,"Automobile, Station Wagon",Going Ahead,Lost control,Unknown, , , , , , ,0,0,1,0,0,0,0,0,0,0,0,0,0,0
1057611,2008,8,15,19,58,4,43.67174538,-79.42089029,Trinity-Spadina (20),20,Annex (95),95,D14,Toronto East York,DUPONT Stre,CHRISTIE Stre, ,Major Arterial,Mid-Block, ,No Control,Rain,Daylight,Wet,Non-Fatal Injury,Sideswipe,Driver,30 to 34,Minimal,0,West,"Automobile, Station Wagon",Stopped,Driving Properly,Normal, , , , , , ,0,0,1,0,0,0,0,0,0,0,0,0,0,0
1207434,2010,11,14,19,58,6,43.73054538,-79.25099029,Scarborough Southwest (35),35,Kennedy Park (124),124,D41,Scarborough,FALMOUTH Aven,DANFORTH Road, ,Major Arterial,Intersection,At Intersection,Stop Sign,Clear,Dark,Dry,Non-Fatal Injury,Turning Movement,Passenger,45 to 49,Major,0, ,Other, , , , , , , , , ,0,0,1,0,0,0,0,1,0,1,0,0,0,0
1207434,2010,11,14,19,58,6,43.73054538,-79.25099029,Scarborough Southwest (35),35,Kennedy Park (124),124,D41,Scarborough,FALMOUTH Aven,DANFORTH Road, ,Major Arterial,Intersection,At Intersection,Stop Sign,Clear,Dark,Dry,Non-Fatal Injury,Turning Movement,Driver,50 to 54,Major,0,West,"Automobile, Station Wagon",Going Ahead,Driving Properly,Unknown, , , , , , ,0,0,1,0,0,0,0,1,0,1,0,0,0,0
1207434,2010,11,14,19,58,6,43.73054538,-79.25099029,Scarborough Southwest (35),35,Kennedy Park (124),124,D41,Scarborough,FALMOUTH Aven,DANFORTH Road, ,Major Arterial,Intersection,At Intersection,Stop Sign,Clear,Dark,Dry,Non-Fatal Injury,Turning Movement,Driver,40 to 44,Minimal,0,East,"Automobile, Station Wagon",Going Ahead,Driving Properly,Normal, , , , , , ,0,0,1,0,0,0,0,1,0,1,0,0,0,0
1207434,2010,11,14,19,58,6,43.73054538,-79.25099029,Scarborough Southwest (35),35,Kennedy Park (124),124,D41,Scarborough,FALMOUTH Aven,DANFORTH Road, ,Major Arterial,Intersection,At Intersection,Stop Sign,Clear,Dark,Dry,Non-Fatal Injury,Turning Movement,Driver,85 to 89,Minimal,0,South,"Automobile, Station Wagon",Turning Left,Failed to Yield Right of Way,Inattentive, , , , , , ,0,0,1,0,0,0,0,1,0,1,0,0,0,0
1253771,2011,9,13,19,58,1,43.63594538,-79.40359029,Trinity-Spadina (19),19,Niagara (82),82,D14,Toronto East York,LAKE SHORE BLVD W,bastion  st, ,Collector,Intersection,At Intersection,Traffic Signal,Clear,"Dark, artificial",Dry,Non-Fatal Injury,Pedestrian Collisions,Driver,30 to 34,,0,East,"Automobile, Station Wagon",Going Ahead,Driving Properly,Normal, , , , , , ,1,0,1,0,0,0,0,0,0,0,0,0,0,0
1253771,2011,9,13,19,58,1,43.63594538,-79.40359029,Trinity-Spadina (19),19,Niagara (82),82,D14,Toronto East York,LAKE SHORE BLVD W,bastion  st, ,Collector,Intersection,At Intersection,Traffic Signal,Clear,"Dark, artificial",Dry,Non-Fatal Injury,Pedestrian Collisions,Pedestrian,25 to 29,Major,0,Unknown,Other, , , ,Vehicle is going straight thru inter.while ped cross without ROW,Running onto Roadway,Unknown, , , ,1,0,1,0,0,0,0,0,0,0,0,0,0,0
1255770,2011,9,25,19,58,6,43.75524538,-79.24679029,Scarborough Centre (38),38,Bendale (127),127,D43,Scarborough,LAWRENCE Ave E,VALPARAISO Ave, ,Major Arterial,Intersection, ,No Control,Clear,Dark,Dry,Non-Fatal Injury,Pedestrian Collisions,Vehicle Owner,unknown, ,0, ,Other, , , , , , , , , ,1,0,1,0,0,0,0,0,0,0,0,0,0,0
1361161,2013,6,16,19,23,6,43.68494538,-79.47279029,York South-Weston (12),12,Keelesdale-Eglinton West (110),110,D12,Etobicoke York,KEELE ST,DONALD AVE, ,Major Arterial,Intersection,At Intersection,Traffic Signal,Clear,Daylight,Dry,Non-Fatal Injury,Pedestrian Collisions,Driver,50 to 54,,0,South,"Automobile, Station Wagon",Going Ahead,Driving Properly,Normal, , , , , , ,1,0,1,0,0,1,0,1,0,0,0,0,0,0
6000566615,2016,4,3,19,30,6,43.79287298,-79.33548365,Don Valley East (33),33,Pleasant View (46),46,D33,North York,FINCH AVE E,CHEROKEE BLVD,150 m East of,Major Arterial,Mid-Block,Non Intersection,No Control,Snow,Dark,Ice,Non-Fatal Injury,Approaching,Passenger,0 to 4,,0, , , , , , , , , , , ,0,0,1,0,0,0,0,1,1,1,0,0,0,0
1361161,2013,6,16,19,23,6,43.68494538,-79.47279029,York South-Weston (12),12,Keelesdale-Eglinton West (110),110,D12,Etobicoke York,KEELE ST,DONALD AVE, ,Major Arterial,Intersection,At Intersection,Traffic Signal,Clear,Daylight,Dry,Non-Fatal Injury,Pedestrian Collisions,Passenger,0 to 4,Minor,0, ,Other, , , , , , , , , ,1,0,1,0,0,1,0,1,0,0,0,0,0,0
1255770,2011,9,25,19,58,6,43.75524538,-79.24679029,Scarborough Centre (38),38,Bendale (127),127,D43,Scarborough,LAWRENCE Ave E,VALPARAISO Ave, ,Major Arterial,Intersection, ,No Control,Clear,Dark,Dry,Non-Fatal Injury,Pedestrian Collisions,Pedestrian,50 to 54,Major,0,South,Other, , , ,Vehicle is going straight thru inter.while ped cross without ROW,"Crossing, no Traffic Control",Unknown, , , ,1,0,1,0,0,0,0,0,0,0,0,0,0,0
6000566615,2016,4,3,19,30,6,43.79287298,-79.33548365,Don Valley East (33),33,Pleasant View (46),46,D33,North York,FINCH AVE E,CHEROKEE BLVD,150 m East of,Major Arterial,Mid-Block,Non Intersection,No Control,Snow,Dark,Ice,Non-Fatal Injury,Approaching,Passenger,5 to 9,Minor,0, , , , , , , , , , , ,0,0,1,0,0,0,0,1,1,1,0,0,0,0
6001230859,2016,7,13,20,35,2,43.7138439,-79.37761317,Don Valley West (26),26,Leaside-Bennington (56),56,D53,North York,BAYVIEW AVE,BROADWAY AVE,8 m South of,Major Arterial,Intersection,At/Near Private Drive,Traffic Signal,Clear,Daylight,Dry,Non-Fatal Injury,Turning Movement,Driver,65 to 69,Minimal,0,North,"Automobile, Station Wagon",Going Ahead,Driving Properly,Normal, , , , , , ,0,0,1,0,0,0,0,1,0,1,0,0,0,0
1268346,2011,10,6,20,5,3,43.74034538,-79.28359029,Scarborough Centre (37),37,Wexford/Maryvale (119),119,D41,Scarborough,CROUSE Rd,BIRCHMOUNT Rd, ,Local,Mid-Block, ,No Control,Clear,Dark,Dry,Non-Fatal Injury,Pedestrian Collisions,Runaway - No Driver,unknown,,0,East, ,Reversing, , , , , , , , ,1,0,0,0,0,0,0,0,0,0,0,0,0,0
1038340,2008,5,13,20,30,1,43.72594538,-79.31939029,Don Valley East (34),34,Victoria Village (43),43,D33,North York,EGLINTON AVE E,CREDIT UNION DR, ,Major Arterial,Mid-Block, ,No Control,Clear,Dark,Dry,Fatal,Approaching,Vehicle Owner,unknown, ,0, ,Other, , , , , , , , , ,0,0,1,0,0,0,0,1,1,1,0,0,0,1
1384076,2013,9,29,19,39,6,43.74319037,-79.56805811,Etobicoke North (1),1,Thistletown-Beaumond Heights (3),3,D23,Etobicoke York,ISLINGTON Ave,BEAUMONDE HEIGHTS Dr, ,Major Arterial,Mid-Block, ,No Control,Clear,"Dark, artificial",Dry,Non-Fatal Injury,Approaching,Passenger,45 to 49,Minimal,0, ,Other, , , , , , , , , ,0,0,1,0,0,0,0,1,0,0,0,1,0,0
1361161,2013,6,16,19,23,6,43.68494538,-79.47279029,York South-Weston (12),12,Keelesdale-Eglinton West (110),110,D12,Etobicoke York,KEELE ST,DONALD AVE, ,Major Arterial,Intersection,At Intersection,Traffic Signal,Clear,Daylight,Dry,Non-Fatal Injury,Pedestrian Collisions,Passenger,5 to 9,Minor,0, ,Other, , , , , , , , , ,1,0,1,0,0,1,0,1,0,0,0,0,0,0
1202550,2010,10,25,20,22,0,43.78104538,-79.29809029,Scarborough-Agincourt (40),40,Tam O'Shanter-Sullivan (118),118,D42,Scarborough,SHEPPARD AVE E,BIRCHMOUNT RD, ,Major Arterial,Intersection,At Intersection,Traffic Signal,Clear,Dark,Dry,Non-Fatal Injury,Turning Movement,Passenger,45 to 49,Minor,0, ,Other, , , , , , , , , ,0,0,1,0,0,0,0,1,0,0,0,0,0,0
1384076,2013,9,29,19,39,6,43.74319037,-79.56805811,Etobicoke North (1),1,Thistletown-Beaumond Heights (3),3,D23,Etobicoke York,ISLINGTON Ave,BEAUMONDE HEIGHTS Dr, ,Major Arterial,Mid-Block, ,No Control,Clear,"Dark, artificial",Dry,Non-Fatal Injury,Approaching,Passenger,30 to 34,Minor,0, ,Other, , , , , , , , , ,0,0,1,0,0,0,0,1,0,0,0,1,0,0
1268346,2011,10,6,20,5,3,43.74034538,-79.28359029,Scarborough Centre (37),37,Wexford/Maryvale (119),119,D41,Scarborough,CROUSE Rd,BIRCHMOUNT Rd, ,Local,Mid-Block, ,No Control,Clear,Dark,Dry,Non-Fatal Injury,Pedestrian Collisions,Other,unknown,,0, ,Other, , , , , , , , , ,1,0,0,0,0,0,0,0,0,0,0,0,0,0
1038340,2008,5,13,20,30,1,43.72594538,-79.31939029,Don Valley East (34),34,Victoria Village (43),43,D33,North York,EGLINTON AVE E,CREDIT UNION DR, ,Major Arterial,Mid-Block, ,No Control,Clear,Dark,Dry,Fatal,Approaching,Driver,25 to 29,Minor,0,East,"Automobile, Station Wagon",Going Ahead,Driving Properly,Normal, , , , , , ,0,0,1,0,0,0,0,1,1,1,0,0,0,1
1365311,2013,7,11,19,59,3,43.75534538,-79.45989029,York Centre (10),10,Bathurst Manor (34),34,D32,North York,WILSON HEIGHTS BLVD,WATERLOO AVE, ,Collector,Intersection,At Intersection,Traffic Signal,Clear,Dusk,Dry,Non-Fatal Injury,Pedestrian Collisions,Vehicle Owner,unknown, ,0, ,Other, , , , , , , , , ,1,0,1,0,0,0,0,0,0,1,0,0,0,0
6001230859,2016,7,13,20,35,2,43.7138439,-79.37761317,Don Valley West (26),26,Leaside-Bennington (56),56,D53,North York,BAYVIEW AVE,BROADWAY AVE,8 m South of,Major Arterial,Intersection,At/Near Private Drive,Traffic Signal,Clear,Daylight,Dry,Non-Fatal Injury,Turning Movement,Passenger,65 to 69,Minor,0, , , , , , , , , , , ,0,0,1,0,0,0,0,1,0,1,0,0,0,0
1361161,2013,6,16,19,23,6,43.68494538,-79.47279029,York South-Weston (12),12,Keelesdale-Eglinton West (110),110,D12,Etobicoke York,KEELE ST,DONALD AVE, ,Major Arterial,Intersection,At Intersection,Traffic Signal,Clear,Daylight,Dry,Non-Fatal Injury,Pedestrian Collisions,Vehicle Owner,unknown, ,0, ,Other, , , , , , , , , ,1,0,1,0,0,1,0,1,0,0,0,0,0,0
1202550,2010,10,25,20,22,0,43.78104538,-79.29809029,Scarborough-Agincourt (40),40,Tam O'Shanter-Sullivan (118),118,D42,Scarborough,SHEPPARD AVE E,BIRCHMOUNT RD, ,Major Arterial,Intersection,At Intersection,Traffic Signal,Clear,Dark,Dry,Non-Fatal Injury,Turning Movement,Passenger,unknown,Minor,0, ,Other, , , , , , , , , ,0,0,1,0,0,0,0,1,0,0,0,0,0,0