ACCNUM,YEAR,MONTH,DAY,HOUR,MINUTES,WEEKDAY,LATITUDE,LONGITUDE,Ward_Name,Ward_ID,Hood_Name,Hood_ID,Division,District,STREET1,STREET2,OFFSET,ROAD_CLASS,LOCCOORD,ACCLOC,TRAFFCTL,VISIBILITY,LIGHT,RDSFCOND,ACCLASS,IMPACTYPE,INVTYPE,INVAGE,INJURY,FATAL_NO,INITDIR,VEHTYPE,MANOEUVER,DRIVACT,DRIVCOND,PEDTYPE,PEDACT,PEDCOND,CYCLISTYPE,CYCACT,CYCCOND,PEDESTRIAN,CYCLIST,AUTOMOBILE,MOTORCYCLE,TRUCK,TRSN_CITY_VEH,EMERG_VEH,PASSENGER,SPEEDING,AG_DRIV,REDLIGHT,ALCOHOL,DISABILITY,label
6000733806,2016,4,29,19,30,4,43.70487936,-79.36903773,Don Valley West (26),26,Leaside-Bennington (56),56,D53,North York,MILLWOOD RD,MCRAE DR,63 m West of,Collector,Mid-Block,Non Intersection,No Control,Clear,Daylight,Dry,Non-Fatal Injury,Other,Driver,55 to 59,Minimal,0,West,"Automobile, Station Wagon",Going Ahead,Driving Properly,Normal, , , , , , ,0,0,1,0,0,0,0,1,0,0,0,0,0,0
1384076,2013,9,29,19,39,6,43.74319037,-79.56805811,Etobicoke North (1),1,Thistletown-Beaumond Heights (3),3,D23,Etobicoke York,ISLINGTON Ave,BEAUMONDE HEIGHTS Dr, ,Major Arterial,Mid-Block, ,No Control,Clear,"Dark, artificial",Dry,Non-Fatal Injury,Approaching,Driver,45 to 49,Major,0,North,"Automobile, Station Wagon",Going Ahead,Driving Properly,Normal, , , , , , ,0,0,1,0,0,0,0,1,0,0,0,1,0,0
1268346,2011,10,6,20,5,3,43.74034538,-79.28359029,Scarborough Centre (37),37,Wexford/Maryvale (119),119,D41,Scarborough,CROUSE Rd,BIRCHMOUNT Rd, ,Local,Mid-Block, ,No Control,Clear,Dark,Dry,Non-Fatal Injury,Pedestrian Collisions,Other,unknown,,0, ,Other, , , , , , , , , ,1,0,0,0,0,0,0,0,0,0,0,0,0,0
1038340,2008,5,13,20,30,1,43.72594538,-79.31939029,Don Valley East (34),34,Victoria Village (43),43,D33,North York,EGLINTON AVE E,CREDIT UNION DR, ,Major Arterial,Mid-Block, ,No Control,Clear,Dark,Dry,Fatal,Approaching,Driver,55 to 59,Minor,0,East,"Automobile, Station Wagon",Going Ahead,Driving Properly,Normal, , , , , , ,0,0,1,0,0,0,0,1,1,1,0,0,0,1
1365311,2013,7,11,19,59,3,43.75534538,-79.45989029,York Centre (10),10,Bathurst Manor (34),34,D32,North York,WILSON HEIGHTS BLVD,WATERLOO AVE, ,Collector,Intersection,At Intersection,Traffic Signal,Clear,Dusk,Dry,Non-Fatal Injury,Pedestrian Collisions,Driver,45 to 49,,0,North,"Automobile, Station Wagon",Turning Left,Failed to Yield Right of Way,Inattentive, , , , , , ,1,0,1,0,0,0,0,0,0,1,0,0,0,0
6001937894,2016,10,31,20,35,0,43.73693045,-79.34421168,Don Valley West (25),25,Banbury-Don Mills (42),42,D33,North York,LAWRENCE AVE E,DON MILLS RD,45 m West of,Major Arterial,Mid-Block,Non Intersection,No Control,Clear,"Dark, artificial",Dry,Non-Fatal Injury,Pedestrian Collisions,Driver,40 to 44,Minimal,0,West,"Automobile, Station Wagon",Going Ahead,Exceeding Speed Limit,Inattentive, , , , , , ,1,0,1,0,0,0,0,1,1,1,0,1,0,0
1361161,2013,6,16,19,23,6,43.68494538,-79.47279029,York South-Weston (12),12,Keelesdale-Eglinton West (110),110,D12,Etobicoke York,KEELE ST,DONALD AVE, ,Major Arterial,Intersection,At Intersection,Traffic Signal,Clear,Daylight,Dry,Non-Fatal Injury,Pedestrian Collisions,Driver,40 to 44,,0,North,Municipal Transit Bus (TTC),Going Ahead,Driving Properly,Normal, , , , , , ,1,0,1,0,0,1,0,1,0,0,0,0,0,0
1361161,2013,6,16,19,23,6,43.68494538,-79.47279029,York South-Weston (12),12,Keelesdale-Eglinton West (110),110,D12,Etobicoke York,KEELE ST,DONALD AVE, ,Major Arterial,Intersection,At Intersection,Traffic Signal,Clear,Daylight,Dry,Non-Fatal Injury,Pedestrian Collisions,Pedestrian,40 to 44,Major,0,East,Other, , , ,Vehicle is going straight thru inter.while ped cross without ROW,Crossing without right of way,Normal, , , ,1,0,1,0,0,1,0,1,0,0,0,0,0,0
970082,2007,5,3,19,24,3,43.77734538,-79.42649029,Willowdale (23),23,Newtonbrook West (36),36,D32,North York,FINCH AVE W,EDITHVALE DR, ,Major Arterial,Mid-Block,At Intersection,Pedestrian Crossover,Clear,Daylight,Dry,Non-Fatal Injury,Pedestrian Collisions,Driver,40 to 44,,0,West,"Automobile, Station Wagon",Going Ahead,Failed to Yield Right of Way,Normal, , , , , , ,1,0,1,0,0,0,0,0,0,1,0,0,0,0
970082,2007,5,3,19,24,3,43.77734538,-79.42649029,Willowdale (23),23,Newtonbrook West (36),36,D32,North York,FINCH AVE W,EDITHVALE DR, ,Major Arterial,Mid-Block,At Intersection,Pedestrian Crossover,Clear,Daylight,Dry,Non-Fatal Injury,Pedestrian Collisions,Pedestrian,25 to 29,Major,0, ,Other, , , ,Pedestrian hit a PXO/ped. Mid-block signal,"Crossing, Pedestrian Crossover",Normal, , , ,1,0,1,0,0,0,0,0,0,1,0,0,0,0
1251485,2011,8,26,19,24,4,43.63774538,-79.39799029,Trinity-Spadina (20),20,Waterfront Communities-The Island (77),77,D14,Toronto East York,F G GARDINER E Expr E,SPADINA Ave, ,Expressway,Mid-Block, ,No Control,Clear,Daylight,Dry,Non-Fatal Injury,Rear End,Driver,40 to 44,,0,East,"Automobile, Station Wagon",Changing Lanes,Improper Lane Change,Normal, , , , , , ,0,0,1,1,0,0,0,0,0,0,0,0,0,0
1251485,2011,8,26,19,24,4,43.63774538,-79.39799029,Trinity-Spadina (20),20,Waterfront Communities-The Island (77),77,D14,Toronto East York,F G GARDINER E Expr E,SPADINA Ave, ,Expressway,Mid-Block, ,No Control,Clear,Daylight,Dry,Non-Fatal Injury,Rear End,Motorcycle Driver,45 to 49,Major,0,East,Motorcycle,Going Ahead,Driving Properly,Normal, , , , , , ,0,0,1,1,0,0,0,0,0,0,0,0,0,0
1361069,2013,6,15,19,24,5,43.72514538,-79.23239029,Scarborough Southwest (36),36,Cliffcrest (123),123,D43,Scarborough,MCCOWAN RD,KINGSTON RD, ,Major Arterial,Intersection, ,Traffic Signal,Clear,Daylight,Dry,Non-Fatal Injury,Pedestrian Collisions,Driver,80 to 84,,0,North,"Automobile, Station Wagon",Turning Left,Failed to Yield Right of Way,Normal, , , , , , ,1,0,1,0,0,0,0,0,0,1,0,0,0,0
1361069,2013,6,15,19,24,5,43.72514538,-79.23239029,Scarborough Southwest (36),36,Cliffcrest (123),123,D43,Scarborough,MCCOWAN RD,KINGSTON RD, ,Major Arterial,Intersection, ,Traffic Signal,Clear,Daylight,Dry,Non-Fatal Injury,Pedestrian Collisions,Pedestrian,45 to 49,Major,0,South,Other, , , ,Vehicle turns left while ped crosses with ROW at inter.,Crossing with right of way,Normal, , , ,1,0,1,0,0,0,0,0,0,1,0,0,0,0
1008576,2007,11,21,19,25,2,43.67374538,-79.31969029,Toronto-Danforth (30),30,Greenwood-Coxwell (65),65,D55,Toronto East York,283 COXWELL AVE, , ,Minor Arterial,Mid-Block, ,No Control,Rain,Dark,Wet,Non-Fatal Injury,Pedestrian Collisions,Driver,50 to 54,,0,North,"Automobile, Station Wagon",Going Ahead,Driving Properly,Normal, , , , , , ,1,0,1,0,0,0,0,0,0,0,0,0,0,0
1008576,2007,11,21,19,25,2,43.67374538,-79.31969029,Toronto-Danforth (30),30,Greenwood-Coxwell (65),65,D55,Toronto East York,283 COXWELL AVE, , ,Minor Arterial,Mid-Block, ,No Control,Rain,Dark,Wet,Non-Fatal Injury,Pedestrian Collisions,Pedestrian,45 to 49,Major,0, ,Other, , , ,Pedestrian hit at mid-block,"Crossing, no Traffic Control",Normal, , , ,1,0,1,0,0,0,0,0,0,0,0,0,0,0
1095383,2009,2,23,19,25,0,43.64863928,-79.3802682,Toronto Centre-Rosedale (28),28,Bay Street Corridor (76),76,D52,Toronto East York,KING ST W,BAY ST, ,Major Arterial,Intersection,At Intersection,Traffic Signal,Clear,"Dark, artificial",Dry,Non-Fatal Injury,Pedestrian Collisions,Vehicle Owner,unknown, ,0, ,Other, , , , , , , , , ,1,0,0,0,0,1,0,0,0,0,0,0,0,0
1095383,2009,2,23,19,25,0,43.64863928,-79.3802682,Toronto Centre-Rosedale (28),28,Bay Street Corridor (76),76,D52,Toronto East York,KING ST W,BAY ST, ,Major Arterial,Intersection,At Intersection,Traffic Signal,Clear,"Dark, artificial",Dry,Non-Fatal Injury,Pedestrian Collisions,Driver,60 to 64,,0,East,Municipal Transit Bus (TTC),Turning Right,Improper Turn,Inattentive, , , , , , ,1,0,0,0,0,1,0,0,0,0,0,0,0,0
1095383,2009,2,23,19,25,0,43.64863928,-79.3802682,Toronto Centre-Rosedale (28),28,Bay Street Corridor (76),76,D52,Toronto East York,KING ST W,BAY ST, ,Major Arterial,Intersection,At Intersection,Traffic Signal,Clear,"Dark, artificial",Dry,Non-Fatal Injury,Pedestrian Collisions,Pedestrian,30 to 34,Major,0,Unknown,Other, , , ,Pedestrian involved in a collision with transit vehicle anywhere along roadway,On Sidewalk or Shoulder,Unknown, , , ,1,0,0,0,0,1,0,0,0,0,0,0,0,0
1252312,2011,7,19,19,25,1,43.64314538,-79.45549029,Parkdale-High Park (14),14,High Park-Swansea (87),87,D11,Toronto East York,PARKSIDE DR,ALGONQUIN AVE, ,Major Arterial,Intersection,At Intersection,No Control,Clear,Daylight,Dry,Non-Fatal Injury,Rear End,Passenger,70 to 74,Major,0, ,Other, , , , , , , , , ,0,0,1,0,0,0,0,1,0,0,0,0,0,0
1252312,2011,7,19,19,25,1,43.64314538,-79.45549029,Parkdale-High Park (14),14,High Park-Swansea (87),87,D11,Toronto East York,PARKSIDE DR,ALGONQUIN AVE, ,Major Arterial,Intersection,At Intersection,No Control,Clear,Daylight,Dry,Non-Fatal Injury,Rear End,Passenger,40 to 44,Minor,0, ,Other, , , , , , , , , ,0,0,1,0,0,0,0,1,0,0,0,0,0,0
1252312,2011,7,19,19,25,1,43.64314538,-79.45549029,Parkdale-High Park (14),14,High Park-Swansea (87),87,D11,Toronto East York,PARKSIDE DR,ALGONQUIN AVE, ,Major Arterial,Intersection,At Intersection,No Control,Clear,Daylight,Dry,Non-Fatal Injury,Rear End,Driver,40 to 44,Minor,0,North,"Automobile, Station Wagon",Stopped,Driving Properly,Normal, , , , , , ,0,0,1,0,0,0,0,1,0,0,0,0,0,0
1252312,2011,7,19,19,25,1,43.64314538,-79.45549029,Parkdale-High Park (14),14,High Park-Swansea (87),87,D11,Toronto East York,PARKSIDE DR,ALGONQUIN AVE, ,Major Arterial,Intersection,At Intersection,No Control,Clear,Daylight,Dry,Non-Fatal Injury,Rear End,Vehicle Owner,unknown, ,0, ,Other, , , , , , , , , ,0,0,1,0,0,0,0,1,0,0,0,0,0,0
1252312,2011,7,19,19,25,1,43.64314538,-79.45549029,Parkdale-High Park (14),14,High Park-Swansea (87),87,D11,Toronto East York,PARKSIDE DR,ALGONQUIN AVE, ,Major Arterial,Intersection,At Intersection,No Control,Clear,Daylight,Dry,Non-Fatal Injury,Rear End,Driver,30 to 34,,0,North,"Automobile, Station Wagon",Going Ahead,Other,Normal, , , , , , ,0,0,1,0,0,0,0,1,0,0,0,0,0,0
5001837340,2015,10,25,19,25,6,43.73708685,-79.24615870000001,Scarborough Southwest (35),35,Eglinton East (138),138,D43,Scarborough,EGLINTON AVE E,DANFORTH RD, ,Major Arterial,Intersection,At Intersection,Traffic Signal,Clear,"Dark, artificial",Dry,Non-Fatal Injury,Pedestrian Collisions,Driver,25 to 29,,0,South,Passenger Van,Turning Right,Failed to Yield Right of Way,Inattentive, , , , , , ,1,0,1,0,0,0,0,0,0,1,0,0,0,0
5001837340,2015,10,25,19,25,6,43.73708685,-79.24615870000001,Scarborough Southwest (35),35,Eglinton East (138),138,D43,Scarborough,EGLINTON AVE E,DANFORTH RD, ,Major Arterial,Intersection,At Intersection,Traffic Signal,Clear,"Dark, artificial",Dry,Non-Fatal Injury,Pedestrian Collisions,Pedestrian,50 to 54,Major,0,West, , , , ,Vehicle turns right while ped crosses with ROW at inter.,Crossing with right of way,Normal, , , ,1,0,1,0,0,0,0,0,0,1,0,0,0,0
7001788556,2017,10,2,19,25,0,43.80556838,-79.38574629,Willowdale (24),24,Bayview Woods-Steeles (49),49,D33,North York,STEELES AV E,LAURELEAF RD S, ,Major Arterial,Intersection,Intersection Related,Traffic Signal,Clear,"Dark, artificial",Dry,Non-Fatal Injury,Pedestrian Collisions,Driver,Over 95,,0,West,"Automobile, Station Wagon",Going Ahead,Driving Properly,Normal, , , , , , ,1,0,1,0,0,0,0,1,0,0,0,0,0,0
7001788556,2017,10,2,19,25,0,43.80556838,-79.38574629,Willowdale (24),24,Bayview Woods-Steeles (49),49,D33,North York,STEELES AV E,LAURELEAF RD S, ,Major Arterial,Intersection,Intersection Related,Traffic Signal,Clear,"Dark, artificial",Dry,Non-Fatal Injury,Pedestrian Collisions,Passenger,Over 95,,0, , , , , , , , , , , ,1,0,1,0,0,0,0,1,0,0,0,0,0,0
7001788556,2017,10,2,19,25,0,43.80556838,-79.38574629,Willowdale (24),24,Bayview Woods-Steeles (49),49,D33,North York,STEELES AV E,LAURELEAF RD S, ,Major Arterial,Intersection,Intersection Related,Traffic Signal,Clear,"Dark, artificial",Dry,Non-Fatal Injury,Pedestrian Collisions,Pedestrian,55 to 59,Major,0, , , , , , , ,Inattentive, , , ,1,0,1,0,0,0,0,1,0,0,0,0,0,0
1069547,2008,10,22,19,27,2,43.69414538,-79.32799029,Beaches-East York (31),31,Old East York (58),58,D54,Toronto East York,COXWELL AVE,COSBURN AVE, ,Minor Arterial,Intersection,At Intersection,Traffic Signal,Clear,Dark,Dry,Non-Fatal Injury,Cyclist Collisions,Driver,25 to 29,,0,East,"Automobile, Station Wagon",Turning Left,Improper Turn,Normal, , , , , , ,0,1,1,0,0,0,0,0,0,0,0,0,0,0
1069547,2008,10,22,19,27,2,43.69414538,-79.32799029,Beaches-East York (31),31,Old East York (58),58,D54,Toronto East York,COXWELL AVE,COSBURN AVE, ,Minor Arterial,Intersection,At Intersection,Traffic Signal,Clear,Dark,Dry,Non-Fatal Injury,Cyclist Collisions,Cyclist,25 to 29,Major,0,West,Bicycle,Going Ahead, , , , , ,Motorist turned left across cyclists path.,Driving Properly,Normal,0,1,1,0,0,0,0,0,0,0,0,0,0,0
1181618,2010,6,17,19,27,3,43.76174538,-79.27159029,Scarborough Centre (37),37,Dorset Park (126),126,D41,Scarborough,350 MIDWEST RD, , ,Collector,Mid-Block, ,No Control,Clear,Dark,Dry,Non-Fatal Injury,Turning Movement,Motorcycle Driver,35 to 39,Major,0,South,Motorcycle,Going Ahead,Improper Passing,Inattentive, , , , , , ,0,0,0,1,1,0,0,0,0,1,0,0,0,0
1181618,2010,6,17,19,27,3,43.76174538,-79.27159029,Scarborough Centre (37),37,Dorset Park (126),126,D41,Scarborough,350 MIDWEST RD, , ,Collector,Mid-Block, ,No Control,Clear,Dark,Dry,Non-Fatal Injury,Turning Movement,Vehicle Owner,unknown, ,0, ,Other, , , , , , , , , ,0,0,0,1,1,0,0,0,0,1,0,0,0,0
1181618,2010,6,17,19,27,3,43.76174538,-79.27159029,Scarborough Centre (37),37,Dorset Park (126),126,D41,Scarborough,350 MIDWEST RD, , ,Collector,Mid-Block, ,No Control,Clear,Dark,Dry,Non-Fatal Injury,Turning Movement,Vehicle Owner,unknown, ,0, ,Other, , , , , , , , , ,0,0,0,1,1,0,0,0,0,1,0,0,0,0
1181618,2010,6,17,19,27,3,43.76174538,-79.27159029,Scarborough Centre (37),37,Dorset Park (126),126,D41,Scarborough,350 MIDWEST RD, , ,Collector,Mid-Block, ,No Control,Clear,Dark,Dry,Non-Fatal Injury,Turning Movement,Truck Driver,25 to 29,,0,South,Truck - Open,Turning Right,Driving Properly,Normal, , , , , , ,0,0,0,1,1,0,0,0,0,1,0,0,0,0
143117140,2014,10,16,19,27,3,43.72583349,-79.3031045,Scarborough Centre (37),37,Wexford/Maryvale (119),119,D41,Scarborough,VICTORIA PARK AVE,EGLINTON AVE E, ,Major Arterial,Mid-Block, ,No Control,Rain,"Dark, artificial",Wet,Fatal,Pedestrian Collisions,Driver,50 to 54,,0,South,"Automobile, Station Wagon",Going Ahead,Driving Properly,Normal, , , , , , ,1,0,1,0,0,0,0,0,0,0,0,0,0,1
143117140,2014,10,16,19,27,3,43.72583349,-79.3031045,Scarborough Centre (37),37,Wexford/Maryvale (119),119,D41,Scarborough,VICTORIA PARK AVE,EGLINTON AVE E, ,Major Arterial,Mid-Block, ,No Control,Rain,"Dark, artificial",Wet,Fatal,Pedestrian Collisions,Pedestrian,55 to 59,Fatal,35,West, , , , ,Pedestrian hit at mid-block,"Crossing, no Traffic Control",Unknown, , , ,1,0,1,0,0,0,0,0,0,0,0,0,0,1
6001643828,2016,9,15,19,27,3,43.6710964,-79.42945490000001,Davenport (17),17,Wychwood (94),94,D13,Etobicoke York,OSSINGTON AVE,ACORES AVE,40 m South of,Minor Arterial,Mid-Block,Non Intersection,No Control,Clear,Daylight,Dry,Non-Fatal Injury,Sideswipe,Motorcycle Driver,15 to 19,Major,0,North,Motorcycle,Going Ahead,Lost control,Unknown, , , , , , ,0,0,1,1,0,0,0,0,1,1,0,0,0,0
6001643828,2016,9,15,19,27,3,43.6710964,-79.42945490000001,Davenport (17),17,Wychwood (94),94,D13,Etobicoke York,OSSINGTON AVE,ACORES AVE,40 m South of,Minor Arterial,Mid-Block,Non Intersection,No Control,Clear,Daylight,Dry,Non-Fatal Injury,Sideswipe,Driver,unknown,,0,North,"Automobile, Station Wagon",Going Ahead,Speed too Fast For Condition,Unknown, , , , , , ,0,0,1,1,0,0,0,0,1,1,0,0,0,0
968566,2007,5,9,19,28,2,43.77524538,-79.52239029,York West (8),8,Black Creek (24),24,D31,North York,STEELES AVE W,PETER KAISER GT, ,Major Arterial,Mid-Block, ,No Control,Clear,Dark,Dry,Non-Fatal Injury,Approaching,Vehicle Owner,unknown,,0, ,Other, , , , , , , , , ,0,0,1,0,1,0,0,0,0,0,0,0,0,0
968566,2007,5,9,19,28,2,43.77524538,-79.52239029,York West (8),8,Black Creek (24),24,D31,North York,STEELES AVE W,PETER KAISER GT, ,Major Arterial,Mid-Block, ,No Control,Clear,Dark,Dry,Non-Fatal Injury,Approaching,Truck Driver,35 to 39,,0,East,Truck - Open,Stopped,Driving Properly,Normal, , , , , , ,0,0,1,0,1,0,0,0,0,0,0,0,0,0
968566,2007,5,9,19,28,2,43.77524538,-79.52239029,York West (8),8,Black Creek (24),24,D31,North York,STEELES AVE W,PETER KAISER GT, ,Major Arterial,Mid-Block, ,No Control,Clear,Dark,Dry,Non-Fatal Injury,Approaching,Vehicle Owner,unknown,,0, ,Other, , , , , , , , , ,0,0,1,0,1,0,0,0,0,0,0,0,0,0
968566,2007,5,9,19,28,2,43.77524538,-79.52239029,York West (8),8,Black Creek (24),24,D31,North York,STEELES AVE W,PETER KAISER GT, ,Major Arterial,Mid-Block, ,No Control,Clear,Dark,Dry,Non-Fatal Injury,Approaching,Driver,40 to 44,Major,0,West,"Automobile, Station Wagon",Going Ahead,Lost control,Unknown, , , , , , ,0,0,1,0,1,0,0,0,0,0,0,0,0,0
6001741045,2016,9,30,19,28,4,43.70066794,-79.42703638,St. Paul's (21),21,Humewood-Cedarvale (106),106,D13,Toronto East York,EGLINTON AVE W,CHILTERN HILL RD, ,Major Arterial,Mid-Block,Non Intersection,No Control,Clear,Dark,Dry,Fatal,Pedestrian Collisions,Pedestrian,Over 95,Fatal,61,North, , , , ,Pedestrian hit at mid-block,"Crossing, no Traffic Control",Normal, , , ,1,0,1,0,0,0,0,0,0,0,0,0,0,1
6001741045,2016,9,30,19,28,4,43.70066794,-79.42703638,St. Paul's (21),21,Humewood-Cedarvale (106),106,D13,Toronto East York,EGLINTON AVE W,CHILTERN HILL RD, ,Major Arterial,Mid-Block,Non Intersection,No Control,Clear,Dark,Dry,Fatal,Pedestrian Collisions,Driver,40 to 44,,0,East,"Automobile, Station Wagon",Going Ahead,Driving Properly,Normal, , , , , , ,1,0,1,0,0,0,0,0,0,0,0,0,0,1
7001845018,2017,10,11,19,28,2,43.70067938,-79.43138529,St. Paul's (21),21,Forest Hill North (102),102,D13,Toronto East York,OLD PARK RD,WEMBLEY RD,4 m West of,Local,Intersection,Intersection Related,Stop Sign,Rain,"Dark, artificial",Wet,Non-Fatal Injury,Pedestrian Collisions,Driver,55 to 59,,0,North,"Automobile, Station Wagon",Turning Left,Failed to Yield Right of Way,Normal, , , , , , ,1,0,1,0,0,0,0,0,0,1,0,0,0,0
7001845018,2017,10,11,19,28,2,43.70067938,-79.43138529,St. Paul's (21),21,Forest Hill North (102),102,D13,Toronto East York,OLD PARK RD,WEMBLEY RD,4 m West of,Local,Intersection,Intersection Related,Stop Sign,Rain,"Dark, artificial",Wet,Non-Fatal Injury,Pedestrian Collisions,Pedestrian,80 to 84,Major,0, , , , , , , ,Normal, , , ,1,0,1,0,0,0,0,0,0,1,0,0,0,0
997814,2007,7,12,19,29,3,43.71204538,-79.28099029,Scarborough Southwest (35),35,Clairlea-Birchmount (120),120,D41,Scarborough,ST CLAIR AVE E,WARDEN AVE, ,Major Arterial,Intersection,At Intersection,Traffic Signal,Clear,Daylight,Dry,Non-Fatal Injury,Pedestrian Collisions,Driver,35 to 39,,0,North,"Automobile, Station Wagon",Turning Left,Failed to Yield Right of Way,Inattentive, , , , , , ,1,0,1,0,0,0,0,0,0,1,0,0,0,0
997814,2007,7,12,19,29,3,43.71204538,-79.28099029,Scarborough Southwest (35),35,Clairlea-Birchmount (120),120,D41,Scarborough,ST CLAIR AVE E,WARDEN AVE, ,Major Arterial,Intersection,At Intersection,Traffic Signal,Clear,Daylight,Dry,Non-Fatal Injury,Pedestrian Collisions,Pedestrian,40 to 44,Major,0,North,Other, , , ,Vehicle turns left while ped crosses with ROW at inter.,Crossing with right of way,Normal, , , ,1,0,1,0,0,0,0,0,0,1,0,0,0,0
4001344082,2014,1,14,19,29,1,43.77872046,-79.30789576,Scarborough-Agincourt (40),40,Tam O'Shanter-Sullivan (118),118,D42,Scarborough,WARDEN AVE,SHEPPARD AVE E, ,Major Arterial,Intersection,Intersection Related,Traffic Signal,Clear,"Dark, artificial",Dry,Non-Fatal Injury,Turning Movement,Driver,20 to 24,Major,0,South,"Automobile, Station Wagon",Turning Left,Failed to Yield Right of Way,Inattentive, , , , , , ,0,0,1,0,0,0,0,0,0,1,0,0,0,0
4001344082,2014,1,14,19,29,1,43.77872046,-79.30789576,Scarborough-Agincourt (40),40,Tam O'Shanter-Sullivan (118),118,D42,Scarborough,WARDEN AVE,SHEPPARD AVE E, ,Major Arterial,Intersection,Intersection Related,Traffic Signal,Clear,"Dark, artificial",Dry,Non-Fatal Injury,Turning Movement,Driver,15 to 19,,0,North,Passenger Van,Going Ahead,Driving Properly,Normal, , , , , , ,0,0,1,0,0,0,0,0,0,1,0,0,0,0
973511,2007,5,11,19,30,4,43.74424538,-79.59539029,Etobicoke North (1),1,West Humber-Clairville (1),1,D23,Etobicoke York,MARTIN GROVE RD,GARFELLA DR, ,Minor Arterial,Intersection,At Intersection,Traffic Signal,Clear,Daylight,Dry,Non-Fatal Injury,Angle,Passenger,40 to 44,Minor,0, ,Other, , , , , , , , , ,0,0,1,0,0,0,0,1,0,1,1,0,0,0
973511,2007,5,11,19,30,4,43.74424538,-79.59539029,Etobicoke North (1),1,West Humber-Clairville (1),1,D23,Etobicoke York,MARTIN GROVE RD,GARFELLA DR, ,Minor Arterial,Intersection,At Intersection,Traffic Signal,Clear,Daylight,Dry,Non-Fatal Injury,Angle,Passenger,40 to 44,Minor,0, ,Other, , , , , , , , , ,0,0,1,0,0,0,0,1,0,1,1,0,0,0
973511,2007,5,11,19,30,4,43.74424538,-79.59539029,Etobicoke North (1),1,West Humber-Clairville (1),1,D23,Etobicoke York,MARTIN GROVE RD,GARFELLA DR, ,Minor Arterial,Intersection,At Intersection,Traffic Signal,Clear,Daylight,Dry,Non-Fatal Injury,Angle,Driver,35 to 39,Major,0,South,"Automobile, Station Wagon",Going Ahead,Disobeyed Traffic Control,Normal, , , , , , ,0,0,1,0,0,0,0,1,0,1,1,0,0,0
973511,2007,5,11,19,30,4,43.74424538,-79.59539029,Etobicoke North (1),1,West Humber-Clairville (1),1,D23,Etobicoke York,MARTIN GROVE RD,GARFELLA DR, ,Minor Arterial,Intersection,At Intersection,Traffic Signal,Clear,Daylight,Dry,Non-Fatal Injury,Angle,Passenger,40 to 44,Minimal,0, ,Other, , , , , , , , , ,0,0,1,0,0,0,0,1,0,1,1,0,0,0
973511,2007,5,11,19,30,4,43.74424538,-79.59539029,Etobicoke North (1),1,West Humber-Clairville (1),1,D23,Etobicoke York,MARTIN GROVE RD,GARFELLA DR, ,Minor Arterial,Intersection,At Intersection,Traffic Signal,Clear,Daylight,Dry,Non-Fatal Injury,Angle,Passenger,15 to 19,Minimal,0, ,Other, , , , , , , , , ,0,0,1,0,0,0,0,1,0,1,1,0,0,0
973511,2007,5,11,19,30,4,43.74424538,-79.59539029,Etobicoke North (1),1,West Humber-Clairville (1),1,D23,Etobicoke York,MARTIN GROVE RD,GARFELLA DR, ,Minor Arterial,Intersection,At Intersection,Traffic Signal,Clear,Daylight,Dry,Non-Fatal Injury,Angle,Passenger,15 to 19,Minimal,0, ,Other, , , , , , , , , ,0,0,1,0,0,0,0,1,0,1,1,0,0,0
973511,2007,5,11,19,30,4,43.74424538,-79.59539029,Etobicoke North (1),1,West Humber-Clairville (1),1,D23,Etobicoke York,MARTIN GROVE RD,GARFELLA DR, ,Minor Arterial,Intersection,At Intersection,Traffic Signal,Clear,Daylight,Dry,Non-Fatal Injury,Angle,Driver,45 to 49,Major,0,West,"Automobile, Station Wagon",Going Ahead,Driving Properly,Normal, , , , , , ,0,0,1,0,0,0,0,1,0,1,1,0,0,0
981588,2007,6,28,19,30,3,43.76884538,-79.41279029,Willowdale (23),23,Willowdale East (51),51,D32,North York,YONGE ST,PRINCESS AVE, ,Major Arterial,Mid-Block, ,No Control,Clear,Daylight,Dry,Non-Fatal Injury,Pedestrian Collisions,Vehicle Owner,unknown, ,0, ,Other, , , , , , , , , ,1,0,1,0,0,0,0,0,0,0,0,0,0,0
981588,2007,6,28,19,30,3,43.76884538,-79.41279029,Willowdale (23),23,Willowdale East (51),51,D32,North York,YONGE ST,PRINCESS AVE, ,Major Arterial,Mid-Block, ,No Control,Clear,Daylight,Dry,Non-Fatal Injury,Pedestrian Collisions,Driver,15 to 19,,0,North,"Automobile, Station Wagon",Going Ahead,Driving Properly,Normal, , , , , , ,1,0,1,0,0,0,0,0,0,0,0,0,0,0
981588,2007,6,28,19,30,3,43.76884538,-79.41279029,Willowdale (23),23,Willowdale East (51),51,D32,North York,YONGE ST,PRINCESS AVE, ,Major Arterial,Mid-Block, ,No Control,Clear,Daylight,Dry,Non-Fatal Injury,Pedestrian Collisions,Pedestrian,30 to 34,Major,0,West,Other, , , ,Pedestrian hit at mid-block,"Crossing, no Traffic Control",Normal, , , ,1,0,1,0,0,0,0,0,0,0,0,0,0,0