ACCNUM,YEAR,MONTH,DAY,HOUR,MINUTES,WEEKDAY,LATITUDE,LONGITUDE,Ward_Name,Ward_ID,Hood_Name,Hood_ID,Division,District,STREET1,STREET2,OFFSET,ROAD_CLASS,LOCCOORD,ACCLOC,TRAFFCTL,VISIBILITY,LIGHT,RDSFCOND,ACCLASS,IMPACTYPE,INVTYPE,INVAGE,INJURY,FATAL_NO,INITDIR,VEHTYPE,MANOEUVER,DRIVACT,DRIVCOND,PEDTYPE,PEDACT,PEDCOND,CYCLISTYPE,CYCACT,CYCCOND,PEDESTRIAN,CYCLIST,AUTOMOBILE,MOTORCYCLE,TRUCK,TRSN_CITY_VEH,EMERG_VEH,PASSENGER,SPEEDING,AG_DRIV,REDLIGHT,ALCOHOL,DISABILITY,label
999780,2007,10,13,19,30,5,43.76424538,-79.20449029,Scarborough East (43),43,Woburn (137),137,D43,Scarborough,3950 LAWRENCE AVE E, , ,Major Arterial,Mid-Block, ,No Control,Rain,Dark,Wet,Non-Fatal Injury,Pedestrian Collisions,Vehicle Owner,unknown,,0, ,Other, , , , , , , , , ,1,0,1,0,0,0,0,0,0,0,0,0,0,0
999780,2007,10,13,19,30,5,43.76424538,-79.20449029,Scarborough East (43),43,Woburn (137),137,D43,Scarborough,3950 LAWRENCE AVE E, , ,Major Arterial,Mid-Block, ,No Control,Rain,Dark,Wet,Non-Fatal Injury,Pedestrian Collisions,Driver,55 to 59,,0,West,"Automobile, Station Wagon",Going Ahead,Driving Properly,Normal, , , , , , ,1,0,1,0,0,0,0,0,0,0,0,0,0,0
999780,2007,10,13,19,30,5,43.76424538,-79.20449029,Scarborough East (43),43,Woburn (137),137,D43,Scarborough,3950 LAWRENCE AVE E, , ,Major Arterial,Mid-Block, ,No Control,Rain,Dark,Wet,Non-Fatal Injury,Pedestrian Collisions,Pedestrian,60 to 64,Major,0,North,Other, , , ,Pedestrian hit at mid-block,Running onto Roadway,Inattentive, , , ,1,0,1,0,0,0,0,0,0,0,0,0,0,0
1075887,2008,11,30,19,30,6,43.73814538,-79.56569029,Etobicoke North (1),1,Thistletown-Beaumond Heights (3),3,D23,Etobicoke York,BARKWIN DR,ISLINGTON AVE, ,Major Arterial,Intersection,At Intersection,Stop Sign,Clear,Dark,Dry,Non-Fatal Injury,Cyclist Collisions,Driver,unknown,,0,West,"Automobile, Station Wagon",Slowing or Stopping,Driving Properly,Unknown, , , , , , ,0,1,1,0,0,0,0,0,0,0,0,0,0,0
1075887,2008,11,30,19,30,6,43.73814538,-79.56569029,Etobicoke North (1),1,Thistletown-Beaumond Heights (3),3,D23,Etobicoke York,BARKWIN DR,ISLINGTON AVE, ,Major Arterial,Intersection,At Intersection,Stop Sign,Clear,Dark,Dry,Non-Fatal Injury,Cyclist Collisions,Cyclist,45 to 49,Major,0,South,Bicycle,Going Ahead, , , , , ,"Cyclist without ROW rides into path of motorist at inter, lnwy, dwy-Cyclist not turn.",Failed to Yield Right of Way,Inattentive,0,1,1,0,0,0,0,0,0,0,0,0,0,0
1091289,2009,2,25,19,30,2,43.73074538,-79.60669029,Etobicoke North (1),1,West Humber-Clairville (1),1,D23,Etobicoke York,HUMBER COLLEGE Boul,WINDWOOD Driv, ,Minor Arterial,Mid-Block, ,Pedestrian Crossover,Rain,Dark,Wet,Non-Fatal Injury,Pedestrian Collisions,Driver,60 to 64,,0,East,"Automobile, Station Wagon",Going Ahead,Driving Properly,Normal, , , , , , ,1,0,1,0,0,0,0,0,0,0,0,0,0,0
1091289,2009,2,25,19,30,2,43.73074538,-79.60669029,Etobicoke North (1),1,West Humber-Clairville (1),1,D23,Etobicoke York,HUMBER COLLEGE Boul,WINDWOOD Driv, ,Minor Arterial,Mid-Block, ,Pedestrian Crossover,Rain,Dark,Wet,Non-Fatal Injury,Pedestrian Collisions,Pedestrian,20 to 24,Major,0,North,Other, , , ,Pedestrian hit a PXO/ped. Mid-block signal,"Crossing, Pedestrian Crossover",Normal, , , ,1,0,1,0,0,0,0,0,0,0,0,0,0,0
1111945,2009,6,30,19,30,1,43.79304538,-79.24249029,Scarborough-Rouge River (42),42,Agincourt South-Malvern West (128),128,D42,Scarborough,5050 SHEPPARD AVE E, , ,Major Arterial,Mid-Block, ,No Control,Clear,Daylight,Dry,Fatal,Pedestrian Collisions,Vehicle Owner,unknown, ,0, ,Other, , , , , , , , , ,1,0,0,0,0,1,0,0,0,1,0,0,0,1
1111945,2009,6,30,19,30,1,43.79304538,-79.24249029,Scarborough-Rouge River (42),42,Agincourt South-Malvern West (128),128,D42,Scarborough,5050 SHEPPARD AVE E, , ,Major Arterial,Mid-Block, ,No Control,Clear,Daylight,Dry,Fatal,Pedestrian Collisions,Driver,50 to 54,,0,East,Municipal Transit Bus (TTC),Turning Left,Failed to Yield Right of Way,Inattentive, , , , , , ,1,0,0,0,0,1,0,0,0,1,0,0,0,1
1111945,2009,6,30,19,30,1,43.79304538,-79.24249029,Scarborough-Rouge River (42),42,Agincourt South-Malvern West (128),128,D42,Scarborough,5050 SHEPPARD AVE E, , ,Major Arterial,Mid-Block, ,No Control,Clear,Daylight,Dry,Fatal,Pedestrian Collisions,Pedestrian,70 to 74,Fatal,24,East,Other, , , ,Pedestrian involved in a collision with transit vehicle anywhere along roadway,On Sidewalk or Shoulder,Normal, , , ,1,0,0,0,0,1,0,0,0,1,0,0,0,1
1224097,2011,1,19,19,30,2,43.70434538,-79.49669029,York South-Weston (12),12,Brookhaven-Amesbury (30),30,D12,Etobicoke York,LAWRENCE AVE W,BROOKHAVEN DR, ,Major Arterial,Intersection,At Intersection,Traffic Signal,Rain,Dark,Wet,Non-Fatal Injury,Rear End,Passenger,25 to 29,Major,0, ,Other, , , , , , , , , ,0,0,1,0,0,0,0,1,0,1,0,0,0,0
1224097,2011,1,19,19,30,2,43.70434538,-79.49669029,York South-Weston (12),12,Brookhaven-Amesbury (30),30,D12,Etobicoke York,LAWRENCE AVE W,BROOKHAVEN DR, ,Major Arterial,Intersection,At Intersection,Traffic Signal,Rain,Dark,Wet,Non-Fatal Injury,Rear End,Driver,35 to 39,Minor,0,East,"Automobile, Station Wagon",Stopped,Driving Properly,Normal, , , , , , ,0,0,1,0,0,0,0,1,0,1,0,0,0,0
1224097,2011,1,19,19,30,2,43.70434538,-79.49669029,York South-Weston (12),12,Brookhaven-Amesbury (30),30,D12,Etobicoke York,LAWRENCE AVE W,BROOKHAVEN DR, ,Major Arterial,Intersection,At Intersection,Traffic Signal,Rain,Dark,Wet,Non-Fatal Injury,Rear End,Driver,15 to 19,,0,East,"Automobile, Station Wagon",Slowing or Stopping,Following too Close,Normal, , , , , , ,0,0,1,0,0,0,0,1,0,1,0,0,0,0
1237144,2011,4,2,19,30,5,43.74824538,-79.54159029,York West (7),7,Humbermede (22),22,D31,Etobicoke York,WESTON Road,LANYARD Road, ,Major Arterial,Intersection,At Intersection,Traffic Signal,Clear,Dark,Dry,Non-Fatal Injury,Sideswipe,Driver,50 to 54,,0,North,"Automobile, Station Wagon",Going Ahead,Driving Properly,Normal, , , , , , ,0,0,1,0,0,0,0,1,0,0,0,0,0,0
1237144,2011,4,2,19,30,5,43.74824538,-79.54159029,York West (7),7,Humbermede (22),22,D31,Etobicoke York,WESTON Road,LANYARD Road, ,Major Arterial,Intersection,At Intersection,Traffic Signal,Clear,Dark,Dry,Non-Fatal Injury,Sideswipe,Driver,40 to 44,Minor,0,North,"Automobile, Station Wagon",Going Ahead,Driving Properly,Normal, , , , , , ,0,0,1,0,0,0,0,1,0,0,0,0,0,0
1237144,2011,4,2,19,30,5,43.74824538,-79.54159029,York West (7),7,Humbermede (22),22,D31,Etobicoke York,WESTON Road,LANYARD Road, ,Major Arterial,Intersection,At Intersection,Traffic Signal,Clear,Dark,Dry,Non-Fatal Injury,Sideswipe,Passenger,55 to 59,Major,0, ,Other, , , , , , , , , ,0,0,1,0,0,0,0,1,0,0,0,0,0,0
1237144,2011,4,2,19,30,5,43.74824538,-79.54159029,York West (7),7,Humbermede (22),22,D31,Etobicoke York,WESTON Road,LANYARD Road, ,Major Arterial,Intersection,At Intersection,Traffic Signal,Clear,Dark,Dry,Non-Fatal Injury,Sideswipe,Passenger,10 to 14,Minimal,0, ,Other, , , , , , , , , ,0,0,1,0,0,0,0,1,0,0,0,0,0,0
1237144,2011,4,2,19,30,5,43.74824538,-79.54159029,York West (7),7,Humbermede (22),22,D31,Etobicoke York,WESTON Road,LANYARD Road, ,Major Arterial,Intersection,At Intersection,Traffic Signal,Clear,Dark,Dry,Non-Fatal Injury,Sideswipe,Driver,35 to 39,Minor,0,South,"Automobile, Station Wagon",Going Ahead,Driving Properly,Normal, , , , , , ,0,0,1,0,0,0,0,1,0,0,0,0,0,0
1237144,2011,4,2,19,30,5,43.74824538,-79.54159029,York West (7),7,Humbermede (22),22,D31,Etobicoke York,WESTON Road,LANYARD Road, ,Major Arterial,Intersection,At Intersection,Traffic Signal,Clear,Dark,Dry,Non-Fatal Injury,Sideswipe,Vehicle Owner,unknown, ,0, ,Other, , , , , , , , , ,0,0,1,0,0,0,0,1,0,0,0,0,0,0
1237144,2011,4,2,19,30,5,43.74824538,-79.54159029,York West (7),7,Humbermede (22),22,D31,Etobicoke York,WESTON Road,LANYARD Road, ,Major Arterial,Intersection,At Intersection,Traffic Signal,Clear,Dark,Dry,Non-Fatal Injury,Sideswipe,Driver,20 to 24,,0,North,"Automobile, Station Wagon",Changing Lanes,Improper Lane Change,Normal, , , , , , ,0,0,1,0,0,0,0,1,0,0,0,0,0,0
1255302,2011,8,30,19,30,1,43.64544538,-79.43849029,Parkdale-High Park (14),14,Roncesvalles (86),86,D11,Toronto East York,LANSDOWNE Aven,RIDEAU Aven, ,Minor Arterial,Mid-Block, ,No Control,Clear,"Dark, artificial",Dry,Non-Fatal Injury,Cyclist Collisions,Vehicle Owner,unknown, ,0, ,Other, , , , , , , , , ,0,1,1,0,0,0,0,0,1,1,0,0,0,0
1255302,2011,8,30,19,30,1,43.64544538,-79.43849029,Parkdale-High Park (14),14,Roncesvalles (86),86,D11,Toronto East York,LANSDOWNE Aven,RIDEAU Aven, ,Minor Arterial,Mid-Block, ,No Control,Clear,"Dark, artificial",Dry,Non-Fatal Injury,Cyclist Collisions,Driver,20 to 24,,0,South,"Automobile, Station Wagon",Parked,Other,Unknown, , , , , , ,0,1,1,0,0,0,0,0,1,1,0,0,0,0
1255302,2011,8,30,19,30,1,43.64544538,-79.43849029,Parkdale-High Park (14),14,Roncesvalles (86),86,D11,Toronto East York,LANSDOWNE Aven,RIDEAU Aven, ,Minor Arterial,Mid-Block, ,No Control,Clear,"Dark, artificial",Dry,Non-Fatal Injury,Cyclist Collisions,Cyclist,35 to 39,Major,0,South,Bicycle,Going Ahead, , , , , ,Cyclist struck opened vehicle door,Speed too Fast For Condition,Unknown,0,1,1,0,0,0,0,0,1,1,0,0,0,0
1311734,2012,8,13,19,30,0,43.67114538,-79.38239029,Toronto Centre-Rosedale (27),27,Church-Yonge Corridor (75),75,D51,Toronto East York,BLOOR ST E,ST PAULS SQ, ,Major Arterial,Intersection, ,No Control,Clear,Daylight,Dry,Non-Fatal Injury,Cyclist Collisions,Driver,25 to 29,,0,East,"Automobile, Station Wagon",Changing Lanes,Improper Lane Change,Unknown, , , , , , ,0,1,1,0,0,0,0,0,0,0,0,0,0,0
1311734,2012,8,13,19,30,0,43.67114538,-79.38239029,Toronto Centre-Rosedale (27),27,Church-Yonge Corridor (75),75,D51,Toronto East York,BLOOR ST E,ST PAULS SQ, ,Major Arterial,Intersection, ,No Control,Clear,Daylight,Dry,Non-Fatal Injury,Cyclist Collisions,Vehicle Owner,unknown, ,0, ,Other, , , , , , , , , ,0,1,1,0,0,0,0,0,0,0,0,0,0,0
1311734,2012,8,13,19,30,0,43.67114538,-79.38239029,Toronto Centre-Rosedale (27),27,Church-Yonge Corridor (75),75,D51,Toronto East York,BLOOR ST E,ST PAULS SQ, ,Major Arterial,Intersection, ,No Control,Clear,Daylight,Dry,Non-Fatal Injury,Cyclist Collisions,Cyclist,60 to 64,Major,0,East,Bicycle,Going Ahead, , , , , ,Cyclist and Driver travelling in same direction. One vehicle sideswipes the other.,Driving Properly,Normal,0,1,1,0,0,0,0,0,0,0,0,0,0,0
4002291464,2014,6,14,19,30,5,43.75064047,-79.56283961,York West (7),7,Humber Summit (21),21,D31,Etobicoke York,92 DUNCANWOODS DR, , ,Collector,Mid-Block,At/Near Private Drive,No Control,Clear,Daylight,Dry,Non-Fatal Injury,Cyclist Collisions,Driver,75 to 79,,0,North,"Automobile, Station Wagon",Going Ahead,Failed to Yield Right of Way,Inattentive, , , , , , ,0,1,1,0,0,0,0,0,0,1,0,0,0,0
4002291464,2014,6,14,19,30,5,43.75064047,-79.56283961,York West (7),7,Humber Summit (21),21,D31,Etobicoke York,92 DUNCANWOODS DR, , ,Collector,Mid-Block,At/Near Private Drive,No Control,Clear,Daylight,Dry,Non-Fatal Injury,Cyclist Collisions,Cyclist,5 to 9,Major,0,West,Bicycle,Going Ahead, , , , , ,"Motorist without ROW drives into path of cyclist at inter, lnwy, dwy-Driver not turn.",Driving Properly,Normal,0,1,1,0,0,0,0,0,0,1,0,0,0,0
4002366263,2014,6,19,19,30,3,43.64942892,-79.42473994,Trinity-Spadina (19),19,Trinity-Bellwoods (81),81,D14,Toronto East York,DUNDAS ST W,DOVERCOURT RD, ,Minor Arterial,Intersection,Non Intersection,No Control,Clear,Daylight,Dry,Non-Fatal Injury,Cyclist Collisions,Passenger,25 to 29,,0, , , , , , , , , , , ,0,1,1,0,0,0,0,1,0,1,0,0,0,0
4002366263,2014,6,19,19,30,3,43.64942892,-79.42473994,Trinity-Spadina (19),19,Trinity-Bellwoods (81),81,D14,Toronto East York,DUNDAS ST W,DOVERCOURT RD, ,Minor Arterial,Intersection,Non Intersection,No Control,Clear,Daylight,Dry,Non-Fatal Injury,Cyclist Collisions,Driver,20 to 24,,0,West,"Automobile, Station Wagon",Turning Left,Failed to Yield Right of Way,Normal, , , , , , ,0,1,1,0,0,0,0,1,0,1,0,0,0,0
4002366263,2014,6,19,19,30,3,43.64942892,-79.42473994,Trinity-Spadina (19),19,Trinity-Bellwoods (81),81,D14,Toronto East York,DUNDAS ST W,DOVERCOURT RD, ,Minor Arterial,Intersection,Non Intersection,No Control,Clear,Daylight,Dry,Non-Fatal Injury,Cyclist Collisions,Cyclist,25 to 29,Major,0,East,Bicycle,Going Ahead, , , , , ,Motorist turned left across cyclists path.,Driving Properly,Normal,0,1,1,0,0,0,0,1,0,1,0,0,0,0
5000423922,2015,3,12,19,30,3,43.73557623,-79.25314722,Scarborough Southwest (35),35,Kennedy Park (124),124,D41,Scarborough,FALMOUTH AVE,EGLINTON AVE E, ,Major Arterial,Intersection,At Intersection,Traffic Signal,Clear,"Dark, artificial",Dry,Non-Fatal Injury,Pedestrian Collisions,Driver,20 to 24,,0,North,"Automobile, Station Wagon",Turning Left,Failed to Yield Right of Way,Inattentive, , , , , , ,1,0,1,0,0,0,0,0,0,1,0,0,0,0
5000423922,2015,3,12,19,30,3,43.73557623,-79.25314722,Scarborough Southwest (35),35,Kennedy Park (124),124,D41,Scarborough,FALMOUTH AVE,EGLINTON AVE E, ,Major Arterial,Intersection,At Intersection,Traffic Signal,Clear,"Dark, artificial",Dry,Non-Fatal Injury,Pedestrian Collisions,Pedestrian,60 to 64,Major,0,South, , , , ,Vehicle turns left while ped crosses with ROW at inter.,Crossing with right of way,Normal, , , ,1,0,1,0,0,0,0,0,0,1,0,0,0,0
5001578731,2015,9,12,19,30,5,43.77955206,-79.30438624,Scarborough-Agincourt (40),40,Tam O'Shanter-Sullivan (118),118,D42,Scarborough,BAY MILLS BLVD,SHEPPARD AVE E, ,Major Arterial,Intersection,At Intersection,Traffic Signal,Rain,"Dawn, artificial",Wet,Non-Fatal Injury,Pedestrian Collisions,Driver,20 to 24,,0,South,"Automobile, Station Wagon",Turning Left,Failed to Yield Right of Way,Inattentive, , , , , , ,1,0,1,0,0,0,0,1,0,1,0,0,0,0
5001578731,2015,9,12,19,30,5,43.77955206,-79.30438624,Scarborough-Agincourt (40),40,Tam O'Shanter-Sullivan (118),118,D42,Scarborough,BAY MILLS BLVD,SHEPPARD AVE E, ,Major Arterial,Intersection,At Intersection,Traffic Signal,Rain,"Dawn, artificial",Wet,Non-Fatal Injury,Pedestrian Collisions,Passenger,25 to 29,,0, , , , , , , , , , , ,1,0,1,0,0,0,0,1,0,1,0,0,0,0
5001578731,2015,9,12,19,30,5,43.77955206,-79.30438624,Scarborough-Agincourt (40),40,Tam O'Shanter-Sullivan (118),118,D42,Scarborough,BAY MILLS BLVD,SHEPPARD AVE E, ,Major Arterial,Intersection,At Intersection,Traffic Signal,Rain,"Dawn, artificial",Wet,Non-Fatal Injury,Pedestrian Collisions,Passenger,20 to 24,,0, , , , , , , , , , , ,1,0,1,0,0,0,0,1,0,1,0,0,0,0
5001578731,2015,9,12,19,30,5,43.77955206,-79.30438624,Scarborough-Agincourt (40),40,Tam O'Shanter-Sullivan (118),118,D42,Scarborough,BAY MILLS BLVD,SHEPPARD AVE E, ,Major Arterial,Intersection,At Intersection,Traffic Signal,Rain,"Dawn, artificial",Wet,Non-Fatal Injury,Pedestrian Collisions,Pedestrian,15 to 19,Major,0,Unknown, , , , ,Vehicle turns left while ped crosses with ROW at inter.,Crossing with right of way,Normal, , , ,1,0,1,0,0,0,0,1,0,1,0,0,0,0
6000365779,2016,2,29,19,30,0,43.68943747,-79.34833918,Toronto-Danforth (29),29,Danforth East York (59),59,D54,Toronto East York,COSBURN AVE,PAPE AVE,3 m East of,Minor Arterial,Mid-Block,Non Intersection,No Control,Clear,"Dark, artificial",Dry,Non-Fatal Injury,Pedestrian Collisions,Driver,30 to 34,,0,East,"Automobile, Station Wagon",Turning Left,Failed to Yield Right of Way,Inattentive, , , , , , ,1,0,1,0,0,0,0,0,0,1,0,0,0,0
6000365779,2016,2,29,19,30,0,43.68943747,-79.34833918,Toronto-Danforth (29),29,Danforth East York (59),59,D54,Toronto East York,COSBURN AVE,PAPE AVE,3 m East of,Minor Arterial,Mid-Block,Non Intersection,No Control,Clear,"Dark, artificial",Dry,Non-Fatal Injury,Pedestrian Collisions,Pedestrian,60 to 64,Major,0,East, , , , ,Pedestrian hit at mid-block,Crossing with right of way,Normal, , , ,1,0,1,0,0,0,0,0,0,1,0,0,0,0
6000566615,2016,4,3,19,30,6,43.79287298,-79.33548365,Don Valley East (33),33,Pleasant View (46),46,D33,North York,FINCH AVE E,CHEROKEE BLVD,150 m East of,Major Arterial,Mid-Block,Non Intersection,No Control,Snow,Dark,Ice,Non-Fatal Injury,Approaching,Driver,25 to 29,,0,East,"Automobile, Station Wagon",Going Ahead,Speed too Fast For Condition,Normal, , , , , , ,0,0,1,0,0,0,0,1,1,1,0,0,0,0
1202550,2010,10,25,20,22,0,43.78104538,-79.29809029,Scarborough-Agincourt (40),40,Tam O'Shanter-Sullivan (118),118,D42,Scarborough,SHEPPARD AVE E,BIRCHMOUNT RD, ,Major Arterial,Intersection,At Intersection,Traffic Signal,Clear,Dark,Dry,Non-Fatal Injury,Turning Movement,Passenger,unknown,Major,0, ,Other, , , , , , , , , ,0,0,1,0,0,0,0,1,0,0,0,0,0,0
1202550,2010,10,25,20,22,0,43.78104538,-79.29809029,Scarborough-Agincourt (40),40,Tam O'Shanter-Sullivan (118),118,D42,Scarborough,SHEPPARD AVE E,BIRCHMOUNT RD, ,Major Arterial,Intersection,At Intersection,Traffic Signal,Clear,Dark,Dry,Non-Fatal Injury,Turning Movement,Passenger,25 to 29,Major,0, ,Other, , , , , , , , , ,0,0,1,0,0,0,0,1,0,0,0,0,0,0
1038340,2008,5,13,20,30,1,43.72594538,-79.31939029,Don Valley East (34),34,Victoria Village (43),43,D33,North York,EGLINTON AVE E,CREDIT UNION DR, ,Major Arterial,Mid-Block, ,No Control,Clear,Dark,Dry,Fatal,Approaching,Vehicle Owner,unknown, ,0, ,Other, , , , , , , , , ,0,0,1,0,0,0,0,1,1,1,0,0,0,1
1202550,2010,10,25,20,22,0,43.78104538,-79.29809029,Scarborough-Agincourt (40),40,Tam O'Shanter-Sullivan (118),118,D42,Scarborough,SHEPPARD AVE E,BIRCHMOUNT RD, ,Major Arterial,Intersection,At Intersection,Traffic Signal,Clear,Dark,Dry,Non-Fatal Injury,Turning Movement,Passenger,25 to 29,Major,0, ,Other, , , , , , , , , ,0,0,1,0,0,0,0,1,0,0,0,0,0,0
1365311,2013,7,11,19,59,3,43.75534538,-79.45989029,York Centre (10),10,Bathurst Manor (34),34,D32,North York,WILSON HEIGHTS BLVD,WATERLOO AVE, ,Collector,Intersection,At Intersection,Traffic Signal,Clear,Dusk,Dry,Non-Fatal Injury,Pedestrian Collisions,Pedestrian,25 to 29,Major,0,Unknown,Other, , , ,Vehicle turns left while ped crosses with ROW at inter.,Crossing with right of way,Normal, , , ,1,0,1,0,0,0,0,0,0,1,0,0,0,0
1038340,2008,5,13,20,30,1,43.72594538,-79.31939029,Don Valley East (34),34,Victoria Village (43),43,D33,North York,EGLINTON AVE E,CREDIT UNION DR, ,Major Arterial,Mid-Block, ,No Control,Clear,Dark,Dry,Fatal,Approaching,Driver,25 to 29,Minor,0,East,"Automobile, Station Wagon",Going Ahead,Driving Properly,Normal, , , , , , ,0,0,1,0,0,0,0,1,1,1,0,0,0,1
1202550,2010,10,25,20,22,0,43.78104538,-79.29809029,Scarborough-Agincourt (40),40,Tam O'Shanter-Sullivan (118),118,D42,Scarborough,SHEPPARD AVE E,BIRCHMOUNT RD, ,Major Arterial,Intersection,At Intersection,Traffic Signal,Clear,Dark,Dry,Non-Fatal Injury,Turning Movement,Driver,25 to 29,Minimal,0,East,"Automobile, Station Wagon",Turning Left,Improper Turn,Normal, , , , , , ,0,0,1,0,0,0,0,1,0,0,0,0,0,0
1268346,2011,10,6,20,5,3,43.74034538,-79.28359029,Scarborough Centre (37),37,Wexford/Maryvale (119),119,D41,Scarborough,CROUSE Rd,BIRCHMOUNT Rd, ,Local,Mid-Block, ,No Control,Clear,Dark,Dry,Non-Fatal Injury,Pedestrian Collisions,Pedestrian,50 to 54,Major,0,Unknown,Other, , , ,Pedestrian hit at mid-block,Pushing/Working on Vehicle,Inattentive, , , ,1,0,0,0,0,0,0,0,0,0,0,0,0,0
6001937894,2016,10,31,20,35,0,43.73693045,-79.34421168,Don Valley West (25),25,Banbury-Don Mills (42),42,D33,North York,LAWRENCE AVE E,DON MILLS RD,45 m West of,Major Arterial,Mid-Block,Non Intersection,No Control,Clear,"Dark, artificial",Dry,Non-Fatal Injury,Pedestrian Collisions,Driver,35 to 39,Minimal,0,West,"Automobile, Station Wagon",Going Ahead,Driving Properly,"Ability Impaired, Alcohol Over .08", , , , , , ,1,0,1,0,0,0,0,1,1,1,0,1,0,0
1384076,2013,9,29,19,39,6,43.74319037,-79.56805811,Etobicoke North (1),1,Thistletown-Beaumond Heights (3),3,D23,Etobicoke York,ISLINGTON Ave,BEAUMONDE HEIGHTS Dr, ,Major Arterial,Mid-Block, ,No Control,Clear,"Dark, artificial",Dry,Non-Fatal Injury,Approaching,Driver,45 to 49,Major,0,South,"Automobile, Station Wagon",Going Ahead,Lost control,"Ability Impaired, Alcohol Over .08", , , , , , ,0,0,1,0,0,0,0,1,0,0,0,1,0,0
952125,2007,2,8,20,0,3,43.62834538,-79.50329029,Etobicoke-Lakeshore (5),5,Stonegate-Queensway (16),16,D22,Etobicoke York,621 ROYAL YORK Road, , ,Minor Arterial, , ,No Control,Clear,Dark,Dry,Non-Fatal Injury,SMV Unattended Vehicle,Vehicle Owner,unknown,,0, ,Other,Parked, , , , , , , , ,0,0,1,0,0,0,0,0,0,0,0,0,0,0
952125,2007,2,8,20,0,3,43.62834538,-79.50329029,Etobicoke-Lakeshore (5),5,Stonegate-Queensway (16),16,D22,Etobicoke York,621 ROYAL YORK Road, , ,Minor Arterial, , ,No Control,Clear,Dark,Dry,Non-Fatal Injury,SMV Unattended Vehicle,Driver,60 to 64,Major,0,North,"Automobile, Station Wagon",Going Ahead, , , , , , , , ,0,0,1,0,0,0,0,0,0,0,0,0,0,0
1035404,2008,4,28,20,0,0,43.72614538,-79.31829029,Don Valley East (34),34,Victoria Village (43),43,D33,North York,EGLINTON Aven E,CREDIT UNION Driv, ,Major Arterial,Mid-Block,At Intersection,No Control,Clear,Daylight,Dry,Non-Fatal Injury,Pedestrian Collisions,Vehicle Owner,unknown, ,0, ,Other, , , , , , , , , ,1,0,1,0,0,0,0,0,0,0,0,0,0,0
1035404,2008,4,28,20,0,0,43.72614538,-79.31829029,Don Valley East (34),34,Victoria Village (43),43,D33,North York,EGLINTON Aven E,CREDIT UNION Driv, ,Major Arterial,Mid-Block,At Intersection,No Control,Clear,Daylight,Dry,Non-Fatal Injury,Pedestrian Collisions,Driver,35 to 39,,0,East,"Automobile, Station Wagon",Going Ahead,Driving Properly,Normal, , , , , , ,1,0,1,0,0,0,0,0,0,0,0,0,0,0
1035404,2008,4,28,20,0,0,43.72614538,-79.31829029,Don Valley East (34),34,Victoria Village (43),43,D33,North York,EGLINTON Aven E,CREDIT UNION Driv, ,Major Arterial,Mid-Block,At Intersection,No Control,Clear,Daylight,Dry,Non-Fatal Injury,Pedestrian Collisions,Pedestrian,75 to 79,Major,0, ,Other, , , ,Pedestrian hit on sidewalk or shoulder,On Sidewalk or Shoulder,Normal, , , ,1,0,1,0,0,0,0,0,0,0,0,0,0,0
1051188,2008,7,15,20,0,1,43.69754538,-79.50239029,York South-Weston (11),11,Weston (113),113,D12,Etobicoke York,JANE ST,TRETHEWEY DR, ,Major Arterial,Intersection,At Intersection,Traffic Signal,Clear,Daylight,Dry,Non-Fatal Injury,Turning Movement,Driver,50 to 54,Major,0,South,"Automobile, Station Wagon",Turning Left,Driving Properly,Normal, , , , , , ,0,0,1,0,0,0,0,0,0,1,1,0,0,0
1051188,2008,7,15,20,0,1,43.69754538,-79.50239029,York South-Weston (11),11,Weston (113),113,D12,Etobicoke York,JANE ST,TRETHEWEY DR, ,Major Arterial,Intersection,At Intersection,Traffic Signal,Clear,Daylight,Dry,Non-Fatal Injury,Turning Movement,Driver,20 to 24,Minor,0,North,"Automobile, Station Wagon",Going Ahead,Disobeyed Traffic Control,Inattentive, , , , , , ,0,0,1,0,0,0,0,0,0,1,1,0,0,0
1163512,2010,3,22,20,0,0,43.68674538,-79.59559029,Etobicoke North (2),2,West Humber-Clairville (1),1,D23,Etobicoke York,CARLINGVIEW Driv,DIXON Road, ,Major Arterial,Intersection,At Intersection,Traffic Signal,Rain,Dark,Wet,Non-Fatal Injury,Pedestrian Collisions,Driver,45 to 49,,0,North,"Automobile, Station Wagon",Going Ahead,Driving Properly,Normal, , , , , , ,1,0,1,0,0,0,0,0,0,0,0,0,0,0
1163512,2010,3,22,20,0,0,43.68674538,-79.59559029,Etobicoke North (2),2,West Humber-Clairville (1),1,D23,Etobicoke York,CARLINGVIEW Driv,DIXON Road, ,Major Arterial,Intersection,At Intersection,Traffic Signal,Rain,Dark,Wet,Non-Fatal Injury,Pedestrian Collisions,Pedestrian,35 to 39,Major,0,West,Other, , , ,Vehicle is going straight thru inter.while ped cross without ROW,Crossing without right of way,Unknown, , , ,1,0,1,0,0,0,0,0,0,0,0,0,0,0
1163512,2010,3,22,20,0,0,43.68674538,-79.59559029,Etobicoke North (2),2,West Humber-Clairville (1),1,D23,Etobicoke York,CARLINGVIEW Driv,DIXON Road, ,Major Arterial,Intersection,At Intersection,Traffic Signal,Rain,Dark,Wet,Non-Fatal Injury,Pedestrian Collisions,Pedestrian,35 to 39,Major,0,West,Other, , , ,Vehicle is going straight thru inter.while ped cross without ROW,Crossing without right of way,Unknown, , , ,1,0,1,0,0,0,0,0,0,0,0,0,0,0