ACCNUM,YEAR,MONTH,DAY,HOUR,MINUTES,WEEKDAY,LATITUDE,LONGITUDE,Ward_Name,Ward_ID,Hood_Name,Hood_ID,Division,District,STREET1,STREET2,OFFSET,ROAD_CLASS,LOCCOORD,ACCLOC,TRAFFCTL,VISIBILITY,LIGHT,RDSFCOND,ACCLASS,IMPACTYPE,INVTYPE,INVAGE,INJURY,FATAL_NO,INITDIR,VEHTYPE,MANOEUVER,DRIVACT,DRIVCOND,PEDTYPE,PEDACT,PEDCOND,CYCLISTYPE,CYCACT,CYCCOND,PEDESTRIAN,CYCLIST,AUTOMOBILE,MOTORCYCLE,TRUCK,TRSN_CITY_VEH,EMERG_VEH,PASSENGER,SPEEDING,AG_DRIV,REDLIGHT,ALCOHOL,DISABILITY,label
6000733806,2016,4,29,19,30,4,43.70487936,-79.36903773,Don Valley West (26),26,Leaside-Bennington (56),56,D53,North York,MILLWOOD RD,MCRAE DR,63 m West of,Collector,Mid-Block,Non Intersection,No Control,Clear,Daylight,Dry,Non-Fatal Injury,Other,Passenger,20 to 24,Major,0, , , , , , , , , , , ,0,0,1,0,0,0,0,1,0,0,0,0,0,0
1163538,2010,3,23,20,0,1,43.68554538,-79.51249029,Etobicoke Centre (4),4,Humber Heights-Westmount (8),8,D23,Etobicoke York,RICHVIEW Road,SCARLETT Road, ,Major Arterial,Intersection,At Intersection,Stop Sign,Rain,Dark,Wet,Non-Fatal Injury,Pedestrian Collisions,Driver,unknown,,0,North,"Automobile, Station Wagon",Turning Left,Improper Turn,Unknown, , , , , , ,1,0,1,0,0,0,0,0,0,0,0,0,0,0
1163538,2010,3,23,20,0,1,43.68554538,-79.51249029,Etobicoke Centre (4),4,Humber Heights-Westmount (8),8,D23,Etobicoke York,RICHVIEW Road,SCARLETT Road, ,Major Arterial,Intersection,At Intersection,Stop Sign,Rain,Dark,Wet,Non-Fatal Injury,Pedestrian Collisions,Pedestrian,45 to 49,Major,0,North,Other, , , ,Vehicle turns left while ped crosses with ROW at inter.,Crossing with right of way,Normal, , , ,1,0,1,0,0,0,0,0,0,0,0,0,0,0
1188927,2010,8,7,20,0,5,43.68534538,-79.31409029,Beaches-East York (32),32,Woodbine Corridor (64),64,D55,Toronto East York,DANFORTH AVE,MOBERLY AVE, ,Major Arterial,Intersection, ,No Control,Clear,Dusk,Dry,Non-Fatal Injury,Cyclist Collisions,Driver,70 to 74,,0,East,"Automobile, Station Wagon",Going Ahead,Lost control,Unknown, , , , , , ,0,1,1,0,0,0,0,0,0,0,0,0,0,0
1188927,2010,8,7,20,0,5,43.68534538,-79.31409029,Beaches-East York (32),32,Woodbine Corridor (64),64,D55,Toronto East York,DANFORTH AVE,MOBERLY AVE, ,Major Arterial,Intersection, ,No Control,Clear,Dusk,Dry,Non-Fatal Injury,Cyclist Collisions,Cyclist,20 to 24,Major,0,West,Bicycle,Going Ahead, , , , , ,Motorist loses control and strikes cyclist.,Driving Properly,Normal,0,1,1,0,0,0,0,0,0,0,0,0,0,0
1244462,2011,7,17,20,0,6,43.81454538,-79.15699029,Scarborough East (44),44,Rouge (131),131,D42,Scarborough,TWYN RIVERS Driv,LITTLE ROUGE RIVER, ,Collector,Mid-Block, ,No Control,Clear,Daylight,Dry,Non-Fatal Injury,Approaching,Motorcycle Driver,30 to 34,Major,0,East,Motorcycle,Going Ahead,Other,Unknown, , , , , , ,0,0,1,1,0,0,0,0,0,0,0,0,0,0
1244462,2011,7,17,20,0,6,43.81454538,-79.15699029,Scarborough East (44),44,Rouge (131),131,D42,Scarborough,TWYN RIVERS Driv,LITTLE ROUGE RIVER, ,Collector,Mid-Block, ,No Control,Clear,Daylight,Dry,Non-Fatal Injury,Approaching,Motorcycle Driver,25 to 29,Minor,0,East,Motorcycle,Going Ahead,Other,Unknown, , , , , , ,0,0,1,1,0,0,0,0,0,0,0,0,0,0
1244462,2011,7,17,20,0,6,43.81454538,-79.15699029,Scarborough East (44),44,Rouge (131),131,D42,Scarborough,TWYN RIVERS Driv,LITTLE ROUGE RIVER, ,Collector,Mid-Block, ,No Control,Clear,Daylight,Dry,Non-Fatal Injury,Approaching,Driver,35 to 39,,0,West,"Automobile, Station Wagon",Going Ahead,Driving Properly,Normal, , , , , , ,0,0,1,1,0,0,0,0,0,0,0,0,0,0
1261536,2011,9,2,20,0,4,43.65494538,-79.33739029,Toronto-Danforth (30),30,South Riverdale (70),70,D55,Toronto East York,LAKE SHORE Boul E,CARLAW Aven, ,Major Arterial,Intersection,At Intersection,Traffic Signal,Clear,Dark,Wet,Non-Fatal Injury,Turning Movement,Driver,25 to 29,Major,0,West,"Automobile, Station Wagon",Going Ahead,Driving Properly,Normal, , , , , , ,0,0,1,0,0,0,0,0,0,0,0,0,0,0
1261536,2011,9,2,20,0,4,43.65494538,-79.33739029,Toronto-Danforth (30),30,South Riverdale (70),70,D55,Toronto East York,LAKE SHORE Boul E,CARLAW Aven, ,Major Arterial,Intersection,At Intersection,Traffic Signal,Clear,Dark,Wet,Non-Fatal Injury,Turning Movement,Driver,30 to 34,,0,South,"Automobile, Station Wagon",Stopped,Driving Properly,Normal, , , , , , ,0,0,1,0,0,0,0,0,0,0,0,0,0,0
1261536,2011,9,2,20,0,4,43.65494538,-79.33739029,Toronto-Danforth (30),30,South Riverdale (70),70,D55,Toronto East York,LAKE SHORE Boul E,CARLAW Aven, ,Major Arterial,Intersection,At Intersection,Traffic Signal,Clear,Dark,Wet,Non-Fatal Injury,Turning Movement,Vehicle Owner,unknown, ,0, ,Other, , , , , , , , , ,0,0,1,0,0,0,0,0,0,0,0,0,0,0
1261536,2011,9,2,20,0,4,43.65494538,-79.33739029,Toronto-Danforth (30),30,South Riverdale (70),70,D55,Toronto East York,LAKE SHORE Boul E,CARLAW Aven, ,Major Arterial,Intersection,At Intersection,Traffic Signal,Clear,Dark,Wet,Non-Fatal Injury,Turning Movement,Driver,65 to 69,,0,East,"Automobile, Station Wagon",Turning Left,Improper Turn,Normal, , , , , , ,0,0,1,0,0,0,0,0,0,0,0,0,0,0
1268357,2011,10,30,20,0,6,43.69284538,-79.28109029,Scarborough Southwest (35),35,Oakridge (121),121,D41,Scarborough,DANFORTH AVE,AUGUST AVE, ,Major Arterial,Intersection,At Intersection,No Control,Clear,Dark,Dry,Non-Fatal Injury,Pedestrian Collisions,Driver,unknown,,0,West,"Automobile, Station Wagon",Going Ahead,Driving Properly,Normal, , , , , , ,1,0,1,0,0,0,0,0,0,0,0,0,0,0
1268357,2011,10,30,20,0,6,43.69284538,-79.28109029,Scarborough Southwest (35),35,Oakridge (121),121,D41,Scarborough,DANFORTH AVE,AUGUST AVE, ,Major Arterial,Intersection,At Intersection,No Control,Clear,Dark,Dry,Non-Fatal Injury,Pedestrian Collisions,Pedestrian,45 to 49,Major,0,South,Other, , , ,Pedestrian hit at mid-block,Walking on Roadway Against Traffic,Inattentive, , , ,1,0,1,0,0,0,0,0,0,0,0,0,0,0
1283522,2012,1,6,20,0,4,43.73604538,-79.25119029,Scarborough Centre (37),37,Eglinton East (138),138,D41,Scarborough,EGLINTON AVE E,BIMBROK RD, ,Major Arterial,Mid-Block, ,No Control,Clear,Dark,Wet,Non-Fatal Injury,Pedestrian Collisions,Driver,35 to 39,,0,West,"Automobile, Station Wagon",Going Ahead,Driving Properly,Normal, , , , , , ,1,0,1,0,0,0,0,0,0,0,0,0,0,0
1283522,2012,1,6,20,0,4,43.73604538,-79.25119029,Scarborough Centre (37),37,Eglinton East (138),138,D41,Scarborough,EGLINTON AVE E,BIMBROK RD, ,Major Arterial,Mid-Block, ,No Control,Clear,Dark,Wet,Non-Fatal Injury,Pedestrian Collisions,Pedestrian,35 to 39,Major,0,Unknown,Other, , , ,Pedestrian hit at mid-block,"Crossing, no Traffic Control",Normal, , , ,1,0,1,0,0,0,0,0,0,0,0,0,0,0
1292008,2012,3,7,20,0,2,43.74084538,-79.50429029,York Centre (9),9,Glenfield-Jane Heights (25),25,D31,North York,SHEPPARD Aven W,BUCKLAND Road, ,Major Arterial,Mid-Block, ,No Control,Clear,"Dark, artificial",Dry,Non-Fatal Injury,Rear End,Vehicle Owner,unknown, ,0, ,Other, , , , , , , , , ,0,0,1,0,0,0,0,0,0,0,0,0,0,0
1292008,2012,3,7,20,0,2,43.74084538,-79.50429029,York Centre (9),9,Glenfield-Jane Heights (25),25,D31,North York,SHEPPARD Aven W,BUCKLAND Road, ,Major Arterial,Mid-Block, ,No Control,Clear,"Dark, artificial",Dry,Non-Fatal Injury,Rear End,Driver,45 to 49,Major,0,West, ,Stopped,Driving Properly,Normal, , , , , , ,0,0,1,0,0,0,0,0,0,0,0,0,0,0
1292008,2012,3,7,20,0,2,43.74084538,-79.50429029,York Centre (9),9,Glenfield-Jane Heights (25),25,D31,North York,SHEPPARD Aven W,BUCKLAND Road, ,Major Arterial,Mid-Block, ,No Control,Clear,"Dark, artificial",Dry,Non-Fatal Injury,Rear End,Vehicle Owner,unknown, ,0, ,Other, , , , , , , , , ,0,0,1,0,0,0,0,0,0,0,0,0,0,0
1292008,2012,3,7,20,0,2,43.74084538,-79.50429029,York Centre (9),9,Glenfield-Jane Heights (25),25,D31,North York,SHEPPARD Aven W,BUCKLAND Road, ,Major Arterial,Mid-Block, ,No Control,Clear,"Dark, artificial",Dry,Non-Fatal Injury,Rear End,Driver,25 to 29,Minor,0,West,"Automobile, Station Wagon",Going Ahead,Lost control,Normal, , , , , , ,0,0,1,0,0,0,0,0,0,0,0,0,0,0
1305650,2012,6,7,20,0,3,43.66104538,-79.45059029,Davenport (18),18,Dovercourt-Wallace Emerson-Junction (93),93,D11,Toronto East York,WALLACE AVE,PERTH AVE, ,Local,Intersection,At Intersection,Stop Sign,Clear,"Dark, artificial",Dry,Non-Fatal Injury,Cyclist Collisions,Driver,unknown,,0,North,"Automobile, Station Wagon",Going Ahead,Failed to Yield Right of Way,Unknown, , , , , , ,0,1,1,0,0,0,0,0,0,1,0,0,0,0
1305650,2012,6,7,20,0,3,43.66104538,-79.45059029,Davenport (18),18,Dovercourt-Wallace Emerson-Junction (93),93,D11,Toronto East York,WALLACE AVE,PERTH AVE, ,Local,Intersection,At Intersection,Stop Sign,Clear,"Dark, artificial",Dry,Non-Fatal Injury,Cyclist Collisions,Cyclist,45 to 49,Major,0,East,Bicycle,Going Ahead, , , , , ,"Motorist without ROW drives into path of cyclist at inter, lnwy, dwy-Driver not turn.",Driving Properly,Had Been Drinking,0,1,1,0,0,0,0,0,0,1,0,0,0,0
1353734,2013,4,4,20,0,3,43.64894446,-79.39558802,Trinity-Spadina (20),20,Kensington-Chinatown (78),78,D52,Toronto East York,QUEEN St W,SPADINA Ave, ,Major Arterial,Mid-Block, ,No Control,Clear,"Dusk, artificial",Dry,Non-Fatal Injury,Approaching,Vehicle Owner,unknown, ,0, , , , , , , , , , , ,0,1,0,0,0,1,0,1,0,0,0,0,0,0
1353734,2013,4,4,20,0,3,43.64894446,-79.39558802,Trinity-Spadina (20),20,Kensington-Chinatown (78),78,D52,Toronto East York,QUEEN St W,SPADINA Ave, ,Major Arterial,Mid-Block, ,No Control,Clear,"Dusk, artificial",Dry,Non-Fatal Injury,Approaching,Driver,25 to 29,,0,West,Street Car,Going Ahead,Driving Properly,Normal, , , , , , ,0,1,0,0,0,1,0,1,0,0,0,0,0,0
1353734,2013,4,4,20,0,3,43.64894446,-79.39558802,Trinity-Spadina (20),20,Kensington-Chinatown (78),78,D52,Toronto East York,QUEEN St W,SPADINA Ave, ,Major Arterial,Mid-Block, ,No Control,Clear,"Dusk, artificial",Dry,Non-Fatal Injury,Approaching,Passenger,55 to 59,Minor,0, , , , , , , , , , , ,0,1,0,0,0,1,0,1,0,0,0,0,0,0
1353734,2013,4,4,20,0,3,43.64894446,-79.39558802,Trinity-Spadina (20),20,Kensington-Chinatown (78),78,D52,Toronto East York,QUEEN St W,SPADINA Ave, ,Major Arterial,Mid-Block, ,No Control,Clear,"Dusk, artificial",Dry,Non-Fatal Injury,Approaching,Moped Driver,55 to 59,Major,0,East,Moped,Going Ahead, , , , , , , , ,0,1,0,0,0,1,0,1,0,0,0,0,0,0
5001628551,2015,9,20,20,0,6,43.76791342,-79.27109919,Scarborough Centre (37),37,Bendale (127),127,D41,Scarborough,MIDLAND AVE,ELLESMERE RD, ,Major Arterial,Intersection,At Intersection,Traffic Signal,Clear,"Dark, artificial",Dry,Fatal,Turning Movement,Driver,65 to 69,Major,0,East,"Automobile, Station Wagon",Turning Left,Improper Turn,Normal, , , , , , ,0,0,1,0,0,0,0,1,0,0,0,0,0,1
5001628551,2015,9,20,20,0,6,43.76791342,-79.27109919,Scarborough Centre (37),37,Bendale (127),127,D41,Scarborough,MIDLAND AVE,ELLESMERE RD, ,Major Arterial,Intersection,At Intersection,Traffic Signal,Clear,"Dark, artificial",Dry,Fatal,Turning Movement,Driver,15 to 19,Minor,0,West,"Automobile, Station Wagon",Going Ahead,Driving Properly,Normal, , , , , , ,0,0,1,0,0,0,0,1,0,0,0,0,0,1
5001628551,2015,9,20,20,0,6,43.76791342,-79.27109919,Scarborough Centre (37),37,Bendale (127),127,D41,Scarborough,MIDLAND AVE,ELLESMERE RD, ,Major Arterial,Intersection,At Intersection,Traffic Signal,Clear,"Dark, artificial",Dry,Fatal,Turning Movement,Driver,20 to 24,,0,West,"Automobile, Station Wagon",Going Ahead,Driving Properly,Normal, , , , , , ,0,0,1,0,0,0,0,1,0,0,0,0,0,1
5001628551,2015,9,20,20,0,6,43.76791342,-79.27109919,Scarborough Centre (37),37,Bendale (127),127,D41,Scarborough,MIDLAND AVE,ELLESMERE RD, ,Major Arterial,Intersection,At Intersection,Traffic Signal,Clear,"Dark, artificial",Dry,Fatal,Turning Movement,Driver,20 to 24,Minimal,0,East,"Automobile, Station Wagon",Stopped,Driving Properly,Normal, , , , , , ,0,0,1,0,0,0,0,1,0,0,0,0,0,1
5001628551,2015,9,20,20,0,6,43.76791342,-79.27109919,Scarborough Centre (37),37,Bendale (127),127,D41,Scarborough,MIDLAND AVE,ELLESMERE RD, ,Major Arterial,Intersection,At Intersection,Traffic Signal,Clear,"Dark, artificial",Dry,Fatal,Turning Movement,Driver,25 to 29,,0,West,"Automobile, Station Wagon",Stopped,Driving Properly,Normal, , , , , , ,0,0,1,0,0,0,0,1,0,0,0,0,0,1
5001628551,2015,9,20,20,0,6,43.76791342,-79.27109919,Scarborough Centre (37),37,Bendale (127),127,D41,Scarborough,MIDLAND AVE,ELLESMERE RD, ,Major Arterial,Intersection,At Intersection,Traffic Signal,Clear,"Dark, artificial",Dry,Fatal,Turning Movement,Passenger,80 to 84,Fatal,44, , , , , , , , , , , ,0,0,1,0,0,0,0,1,0,0,0,0,0,1
5001628551,2015,9,20,20,0,6,43.76791342,-79.27109919,Scarborough Centre (37),37,Bendale (127),127,D41,Scarborough,MIDLAND AVE,ELLESMERE RD, ,Major Arterial,Intersection,At Intersection,Traffic Signal,Clear,"Dark, artificial",Dry,Fatal,Turning Movement,Passenger,60 to 64,Major,0, , , , , , , , , , , ,0,0,1,0,0,0,0,1,0,0,0,0,0,1
5001628551,2015,9,20,20,0,6,43.76791342,-79.27109919,Scarborough Centre (37),37,Bendale (127),127,D41,Scarborough,MIDLAND AVE,ELLESMERE RD, ,Major Arterial,Intersection,At Intersection,Traffic Signal,Clear,"Dark, artificial",Dry,Fatal,Turning Movement,Passenger,15 to 19,Minor,0, , , , , , , , , , , ,0,0,1,0,0,0,0,1,0,0,0,0,0,1
5001628551,2015,9,20,20,0,6,43.76791342,-79.27109919,Scarborough Centre (37),37,Bendale (127),127,D41,Scarborough,MIDLAND AVE,ELLESMERE RD, ,Major Arterial,Intersection,At Intersection,Traffic Signal,Clear,"Dark, artificial",Dry,Fatal,Turning Movement,Passenger,35 to 39,,0, , , , , , , , , , , ,0,0,1,0,0,0,0,1,0,0,0,0,0,1
5001628551,2015,9,20,20,0,6,43.76791342,-79.27109919,Scarborough Centre (37),37,Bendale (127),127,D41,Scarborough,MIDLAND AVE,ELLESMERE RD, ,Major Arterial,Intersection,At Intersection,Traffic Signal,Clear,"Dark, artificial",Dry,Fatal,Turning Movement,Passenger,10 to 14,,0, , , , , , , , , , , ,0,0,1,0,0,0,0,1,0,0,0,0,0,1
5001628551,2015,9,20,20,0,6,43.76791342,-79.27109919,Scarborough Centre (37),37,Bendale (127),127,D41,Scarborough,MIDLAND AVE,ELLESMERE RD, ,Major Arterial,Intersection,At Intersection,Traffic Signal,Clear,"Dark, artificial",Dry,Fatal,Turning Movement,Passenger,10 to 14,,0, , , , , , , , , , , ,0,0,1,0,0,0,0,1,0,0,0,0,0,1
1090381,2009,2,21,20,1,5,43.75584538,-79.34699029,Don Valley East (34),34,St.Andrew-Windfields (40),40,D33,North York,YORK MILLS RD,DON MILLS RD, ,Major Arterial,Intersection,At Intersection,Traffic Signal,Snow,Dark,Loose Snow,Non-Fatal Injury,Approaching,Driver,85 to 89,Major,0,East,"Automobile, Station Wagon",Going Ahead,Lost control,Medical or Physical Disability, , , , , , ,0,0,1,0,0,0,0,0,0,0,0,0,1,0
1090381,2009,2,21,20,1,5,43.75584538,-79.34699029,Don Valley East (34),34,St.Andrew-Windfields (40),40,D33,North York,YORK MILLS RD,DON MILLS RD, ,Major Arterial,Intersection,At Intersection,Traffic Signal,Snow,Dark,Loose Snow,Non-Fatal Injury,Approaching,Driver,35 to 39,Minimal,0,West,"Automobile, Station Wagon",Slowing or Stopping,Driving Properly,Normal, , , , , , ,0,0,1,0,0,0,0,0,0,0,0,0,1,0
1197862,2010,10,23,20,1,5,43.79474538,-79.41919029,Willowdale (24),24,Newtonbrook East (50),50,D32,North York,6212 YONGE ST, , ,Major Arterial,Intersection, ,No Control,Rain,Dark,Wet,Non-Fatal Injury,Pedestrian Collisions,Driver,70 to 74,,0,East,"Automobile, Station Wagon",Going Ahead,Failed to Yield Right of Way,Normal, , , , , , ,1,0,1,0,0,0,0,0,0,1,0,0,0,0
1197862,2010,10,23,20,1,5,43.79474538,-79.41919029,Willowdale (24),24,Newtonbrook East (50),50,D32,North York,6212 YONGE ST, , ,Major Arterial,Intersection, ,No Control,Rain,Dark,Wet,Non-Fatal Injury,Pedestrian Collisions,Pedestrian,30 to 34,Major,0,North,Other, , , ,Pedestrian hit at private driveway,On Sidewalk or Shoulder,Unknown, , , ,1,0,1,0,0,0,0,0,0,1,0,0,0,0
1205411,2010,11,16,20,1,1,43.75844538,-79.52149029,York West (8),8,Black Creek (24),24,D31,North York,50 YORK GATE BLVD, , ,Minor Arterial,Mid-Block, ,No Control,Rain,Dark,Wet,Non-Fatal Injury,Pedestrian Collisions,Driver,40 to 44,,0,South,"Automobile, Station Wagon",Going Ahead,Driving Properly,Normal, , , , , , ,1,0,1,0,0,0,0,0,0,0,0,0,0,0
1205411,2010,11,16,20,1,1,43.75844538,-79.52149029,York West (8),8,Black Creek (24),24,D31,North York,50 YORK GATE BLVD, , ,Minor Arterial,Mid-Block, ,No Control,Rain,Dark,Wet,Non-Fatal Injury,Pedestrian Collisions,Pedestrian,25 to 29,Major,0,East,Other, , , ,Vehicle is going straight thru inter.while ped cross without ROW,"Crossing, no Traffic Control",Had Been Drinking, , , ,1,0,1,0,0,0,0,0,0,0,0,0,0,0
142937129,2014,9,18,20,1,3,43.6875263,-79.39679346,St. Paul's (22),22,Yonge-St.Clair (97),97,D53,Toronto East York,ST CLAIR AVE W,DEER PARK CRES, ,Major Arterial,Mid-Block, ,No Control,Clear,"Dark, artificial",Dry,Fatal,Pedestrian Collisions,Driver,60 to 64,,0,East,Street Car,Going Ahead,Driving Properly,Normal, , , , , , ,1,0,0,0,0,1,0,0,0,0,0,0,0,1
142937129,2014,9,18,20,1,3,43.6875263,-79.39679346,St. Paul's (22),22,Yonge-St.Clair (97),97,D53,Toronto East York,ST CLAIR AVE W,DEER PARK CRES, ,Major Arterial,Mid-Block, ,No Control,Clear,"Dark, artificial",Dry,Fatal,Pedestrian Collisions,Pedestrian,75 to 79,Fatal,28,South, , , , ,Pedestrian involved in a collision with transit vehicle anywhere along roadway,"Crossing, no Traffic Control",Unknown, , , ,1,0,0,0,0,1,0,0,0,0,0,0,0,1
5000931328,2015,6,3,20,1,2,43.73662527,-79.24805079,Scarborough Southwest (35),35,Kennedy Park (124),124,D41,Scarborough,BRIMLEY RD,EGLINTON AVE E, ,Major Arterial,Intersection,At Intersection,Traffic Signal,Clear,"Dawn, artificial",Dry,Non-Fatal Injury,Pedestrian Collisions,Driver,55 to 59,,0,North,"Automobile, Station Wagon",Turning Left,Failed to Yield Right of Way,Normal, , , , , , ,1,0,1,0,0,0,0,0,0,1,0,0,0,0
5000931328,2015,6,3,20,1,2,43.73662527,-79.24805079,Scarborough Southwest (35),35,Kennedy Park (124),124,D41,Scarborough,BRIMLEY RD,EGLINTON AVE E, ,Major Arterial,Intersection,At Intersection,Traffic Signal,Clear,"Dawn, artificial",Dry,Non-Fatal Injury,Pedestrian Collisions,Pedestrian,25 to 29,Major,0,South, , , , ,Vehicle turns left while ped crosses with ROW at inter.,Crossing with right of way,Normal, , , ,1,0,1,0,0,0,0,0,0,1,0,0,0,0
7001054440,2017,6,13,20,1,1,43.7252117,-79.33025751,Don Valley West (26),26,Banbury-Don Mills (42),42,D33,North York,DON VALLEY PARKWAY  N,EGLINTON AVE E,80 m North of,Expressway,Mid-Block,Non Intersection,No Control,Clear,Daylight,Dry,Non-Fatal Injury,Sideswipe,Motorcycle Driver,25 to 29,Major,0,North,Motorcycle,Changing Lanes,Lost control,Normal, , , , , , ,0,0,1,1,0,0,0,0,1,1,0,0,0,0
7001054440,2017,6,13,20,1,1,43.7252117,-79.33025751,Don Valley West (26),26,Banbury-Don Mills (42),42,D33,North York,DON VALLEY PARKWAY  N,EGLINTON AVE E,80 m North of,Expressway,Mid-Block,Non Intersection,No Control,Clear,Daylight,Dry,Non-Fatal Injury,Sideswipe,Driver,20 to 24,,0,North,"Automobile, Station Wagon",Going Ahead,Driving Properly,Normal, , , , , , ,0,0,1,1,0,0,0,0,1,1,0,0,0,0
7001054440,2017,6,13,20,1,1,43.7252117,-79.33025751,Don Valley West (26),26,Banbury-Don Mills (42),42,D33,North York,DON VALLEY PARKWAY  N,EGLINTON AVE E,80 m North of,Expressway,Mid-Block,Non Intersection,No Control,Clear,Daylight,Dry,Non-Fatal Injury,Sideswipe,Driver,25 to 29,,0,North,"Automobile, Station Wagon",Going Ahead,Driving Properly,Normal, , , , , , ,0,0,1,1,0,0,0,0,1,1,0,0,0,0
1143613,2009,11,28,20,2,5,43.70484538,-79.56349029,Etobicoke North (2),2,West Humber-Clairville (1),1,D23,Etobicoke York,KIPLING AVE,BELFIELD RD, ,Major Arterial,Intersection,At Intersection,Traffic Signal,Clear,Dark,Dry,Non-Fatal Injury,Angle,Driver,60 to 64,Minor,0,West,"Automobile, Station Wagon",Going Ahead,Disobeyed Traffic Control,Medical or Physical Disability, , , , , , ,0,0,1,0,0,0,0,0,1,1,1,0,1,0
1143613,2009,11,28,20,2,5,43.70484538,-79.56349029,Etobicoke North (2),2,West Humber-Clairville (1),1,D23,Etobicoke York,KIPLING AVE,BELFIELD RD, ,Major Arterial,Intersection,At Intersection,Traffic Signal,Clear,Dark,Dry,Non-Fatal Injury,Angle,Driver,45 to 49,Major,0,South,"Automobile, Station Wagon",Going Ahead,Driving Properly,Normal, , , , , , ,0,0,1,0,0,0,0,0,1,1,1,0,1,0
4001840724,2014,4,6,20,2,6,43.70869406,-79.3763238,Don Valley West (26),26,Leaside-Bennington (56),56,D53,No District,BAYVIEW AVE,PARKHURST BLVD, ,Major Arterial,Intersection,At Intersection,Pedestrian Crossover,Clear,"Dark, artificial",Dry,Non-Fatal Injury,Pedestrian Collisions,Driver,15 to 19,,0,South,Passenger Van,Going Ahead,Failed to Yield Right of Way,Inattentive, , , , , , ,1,0,1,0,0,0,0,1,0,1,0,0,0,0
4001840724,2014,4,6,20,2,6,43.70869406,-79.3763238,Don Valley West (26),26,Leaside-Bennington (56),56,D53,No District,BAYVIEW AVE,PARKHURST BLVD, ,Major Arterial,Intersection,At Intersection,Pedestrian Crossover,Clear,"Dark, artificial",Dry,Non-Fatal Injury,Pedestrian Collisions,Pedestrian,20 to 24,Major,0,East, , , , ,Pedestrian hit a PXO/ped. Mid-block signal,"Crossing, Pedestrian Crossover",Normal, , , ,1,0,1,0,0,0,0,1,0,1,0,0,0,0
4001840724,2014,4,6,20,2,6,43.70869406,-79.3763238,Don Valley West (26),26,Leaside-Bennington (56),56,D53,No District,BAYVIEW AVE,PARKHURST BLVD, ,Major Arterial,Intersection,At Intersection,Pedestrian Crossover,Clear,"Dark, artificial",Dry,Non-Fatal Injury,Pedestrian Collisions,Passenger,15 to 19,,0, , , , , , , , , , , ,1,0,1,0,0,0,0,1,0,1,0,0,0,0
7000665292,2017,4,15,20,2,5,43.75627438,-79.50928129,York West (8),8,Glenfield-Jane Heights (25),25,D31,North York,TOPCLIFF AVE,61 TOPCLIFF AV,47 m East of,Local,Mid-Block,Non Intersection,No Control,Clear,"Dark, artificial",Dry,Non-Fatal Injury,Approaching,Driver,20 to 24,Major,0,East,"Automobile, Station Wagon",Going Ahead,Lost control,Normal, , , , , , ,0,0,1,0,0,0,0,1,1,1,0,0,0,0
7000665292,2017,4,15,20,2,5,43.75627438,-79.50928129,York West (8),8,Glenfield-Jane Heights (25),25,D31,North York,TOPCLIFF AVE,61 TOPCLIFF AV,47 m East of,Local,Mid-Block,Non Intersection,No Control,Clear,"Dark, artificial",Dry,Non-Fatal Injury,Approaching,Driver,30 to 34,Minimal,0,West,"Automobile, Station Wagon",Going Ahead,Driving Properly,Normal, , , , , , ,0,0,1,0,0,0,0,1,1,1,0,0,0,0
7000665292,2017,4,15,20,2,5,43.75627438,-79.50928129,York West (8),8,Glenfield-Jane Heights (25),25,D31,North York,TOPCLIFF AVE,61 TOPCLIFF AV,47 m East of,Local,Mid-Block,Non Intersection,No Control,Clear,"Dark, artificial",Dry,Non-Fatal Injury,Approaching,Passenger,35 to 39,,0, , , , , , , , , , , ,0,0,1,0,0,0,0,1,1,1,0,0,0,0
7000665292,2017,4,15,20,2,5,43.75627438,-79.50928129,York West (8),8,Glenfield-Jane Heights (25),25,D31,North York,TOPCLIFF AVE,61 TOPCLIFF AV,47 m East of,Local,Mid-Block,Non Intersection,No Control,Clear,"Dark, artificial",Dry,Non-Fatal Injury,Approaching,Passenger,5 to 9,Minimal,0, , , , , , , , , , , ,0,0,1,0,0,0,0,1,1,1,0,0,0,0
7000665292,2017,4,15,20,2,5,43.75627438,-79.50928129,York West (8),8,Glenfield-Jane Heights (25),25,D31,North York,TOPCLIFF AVE,61 TOPCLIFF AV,47 m East of,Local,Mid-Block,Non Intersection,No Control,Clear,"Dark, artificial",Dry,Non-Fatal Injury,Approaching,Passenger,5 to 9,Minimal,0, , , , , , , , , , , ,0,0,1,0,0,0,0,1,1,1,0,0,0,0
7000665292,2017,4,15,20,2,5,43.75627438,-79.50928129,York West (8),8,Glenfield-Jane Heights (25),25,D31,North York,TOPCLIFF AVE,61 TOPCLIFF AV,47 m East of,Local,Mid-Block,Non Intersection,No Control,Clear,"Dark, artificial",Dry,Non-Fatal Injury,Approaching,Passenger,0 to 4,Minimal,0, , , , , , , , , , , ,0,0,1,0,0,0,0,1,1,1,0,0,0,0
7000665292,2017,4,15,20,2,5,43.75627438,-79.50928129,York West (8),8,Glenfield-Jane Heights (25),25,D31,North York,TOPCLIFF AVE,61 TOPCLIFF AV,47 m East of,Local,Mid-Block,Non Intersection,No Control,Clear,"Dark, artificial",Dry,Non-Fatal Injury,Approaching,Passenger,25 to 29,Minimal,0, , , , , , , , , , , ,0,0,1,0,0,0,0,1,1,1,0,0,0,0