ACCNUM,YEAR,MONTH,DAY,HOUR,MINUTES,WEEKDAY,LATITUDE,LONGITUDE,Ward_Name,Ward_ID,Hood_Name,Hood_ID,Division,District,STREET1,STREET2,OFFSET,ROAD_CLASS,LOCCOORD,ACCLOC,TRAFFCTL,VISIBILITY,LIGHT,RDSFCOND,ACCLASS,IMPACTYPE,INVTYPE,INVAGE,INJURY,FATAL_NO,INITDIR,VEHTYPE,MANOEUVER,DRIVACT,DRIVCOND,PEDTYPE,PEDACT,PEDCOND,CYCLISTYPE,CYCACT,CYCCOND,PEDESTRIAN,CYCLIST,AUTOMOBILE,MOTORCYCLE,TRUCK,TRSN_CITY_VEH,EMERG_VEH,PASSENGER,SPEEDING,AG_DRIV,REDLIGHT,ALCOHOL,DISABILITY,label
4002949644,2014,9,20,20,3,5,43.68093832,-79.58115015,Etobicoke North (2),2,West Humber-Clairville (1),1,D23,Etobicoke York,SKYWAY AVE,MERIDIAN RD,220 m South of,Minor Arterial,Mid-Block,Non Intersection,No Control,Clear,"Dark, artificial",Dry,Non-Fatal Injury,SMV Other,Motorcycle Driver,35 to 39,Major,0,West,Motorcycle,Going Ahead,Lost control,Normal, , , , , , ,0,0,0,1,0,0,0,0,1,1,0,0,0,0
7000058719,2017,1,10,20,3,1,43.65117987,-79.37491236,Toronto Centre-Rosedale (28),28,Church-Yonge Corridor (75),75,D51,Toronto East York,ADELAIDE ST E,CHURCH ST, ,Major Arterial,Intersection,At Intersection,Traffic Signal,Rain,"Dark, artificial",Wet,Non-Fatal Injury,Pedestrian Collisions,Driver,55 to 59,,0,East,"Automobile, Station Wagon",Going Ahead,Driving Properly,Normal, , , , , , ,1,0,1,0,0,0,0,1,0,0,0,0,0,0
7000058719,2017,1,10,20,3,1,43.65117987,-79.37491236,Toronto Centre-Rosedale (28),28,Church-Yonge Corridor (75),75,D51,Toronto East York,ADELAIDE ST E,CHURCH ST, ,Major Arterial,Intersection,At Intersection,Traffic Signal,Rain,"Dark, artificial",Wet,Non-Fatal Injury,Pedestrian Collisions,Pedestrian,50 to 54,Major,0,North, , , , ,Vehicle is going straight thru inter.while ped cross without ROW,Crossing without right of way,Normal, , , ,1,0,1,0,0,0,0,1,0,0,0,0,0,0
7000058719,2017,1,10,20,3,1,43.65117987,-79.37491236,Toronto Centre-Rosedale (28),28,Church-Yonge Corridor (75),75,D51,Toronto East York,ADELAIDE ST E,CHURCH ST, ,Major Arterial,Intersection,At Intersection,Traffic Signal,Rain,"Dark, artificial",Wet,Non-Fatal Injury,Pedestrian Collisions,Passenger,15 to 19,,0, , , , , , , , , , , ,1,0,1,0,0,0,0,1,0,0,0,0,0,0
1161050,2010,3,1,20,4,0,43.66804538,-79.30869029,Beaches-East York (32),32,The Beaches (63),63,D55,Toronto East York,QUEEN Stre E,LOCKWOOD Road, ,Minor Arterial,Mid-Block, ,No Control,Clear,Dark,Dry,Non-Fatal Injury,Rear End,Driver,50 to 54,,0,West,"Automobile, Station Wagon",Going Ahead,Following too Close,"Ability Impaired, Alcohol Over .08", , , , , , ,0,0,1,0,0,0,0,0,0,1,0,1,0,0
1161050,2010,3,1,20,4,0,43.66804538,-79.30869029,Beaches-East York (32),32,The Beaches (63),63,D55,Toronto East York,QUEEN Stre E,LOCKWOOD Road, ,Minor Arterial,Mid-Block, ,No Control,Clear,Dark,Dry,Non-Fatal Injury,Rear End,Driver,25 to 29,,0,West,"Automobile, Station Wagon",Going Ahead,Driving Properly,Unknown, , , , , , ,0,0,1,0,0,0,0,0,0,1,0,1,0,0
1161050,2010,3,1,20,4,0,43.66804538,-79.30869029,Beaches-East York (32),32,The Beaches (63),63,D55,Toronto East York,QUEEN Stre E,LOCKWOOD Road, ,Minor Arterial,Mid-Block, ,No Control,Clear,Dark,Dry,Non-Fatal Injury,Rear End,Driver,55 to 59,Major,0,West,"Automobile, Station Wagon",Stopped,Driving Properly,Normal, , , , , , ,0,0,1,0,0,0,0,0,0,1,0,1,0,0
1242750,2011,5,22,20,4,6,43.68474538,-79.34049029,Toronto-Danforth (29),29,Danforth East York (59),59,D54,Toronto East York,ALDWYCH AVE,DEWHURST BLVD, ,Local,Mid-Block, ,No Control,Clear,Dark,Dry,Non-Fatal Injury,Pedestrian Collisions,Driver,55 to 59,,0,East,"Automobile, Station Wagon",Going Ahead,Driving Properly,Normal, , , , , , ,1,0,1,0,0,0,0,0,0,0,0,0,0,0
1242750,2011,5,22,20,4,6,43.68474538,-79.34049029,Toronto-Danforth (29),29,Danforth East York (59),59,D54,Toronto East York,ALDWYCH AVE,DEWHURST BLVD, ,Local,Mid-Block, ,No Control,Clear,Dark,Dry,Non-Fatal Injury,Pedestrian Collisions,Pedestrian,10 to 14,Major,0,North,Other, , , ,Vehicle hits the pedestrian walking or running out from between parked vehicles at mid-block,Coming From Behind Parked Vehicle,Normal, , , ,1,0,1,0,0,0,0,0,0,0,0,0,0,0
1325621,2012,11,12,20,4,0,43.78104538,-79.29809029,Scarborough-Agincourt (40),40,Tam O'Shanter-Sullivan (118),118,D42,Scarborough,SHEPPARD AVE E,BIRCHMOUNT RD, ,Major Arterial,Intersection,At Intersection,Traffic Signal,Rain,"Dark, artificial",Wet,Non-Fatal Injury,Turning Movement,Passenger,75 to 79,Major,0, ,Other, , , , , , , , , ,0,0,1,0,0,0,0,1,0,1,0,1,0,0
1325621,2012,11,12,20,4,0,43.78104538,-79.29809029,Scarborough-Agincourt (40),40,Tam O'Shanter-Sullivan (118),118,D42,Scarborough,SHEPPARD AVE E,BIRCHMOUNT RD, ,Major Arterial,Intersection,At Intersection,Traffic Signal,Rain,"Dark, artificial",Wet,Non-Fatal Injury,Turning Movement,Driver,85 to 89,,0,West,"Automobile, Station Wagon",Going Ahead,Driving Properly,Normal, , , , , , ,0,0,1,0,0,0,0,1,0,1,0,1,0,0
1325621,2012,11,12,20,4,0,43.78104538,-79.29809029,Scarborough-Agincourt (40),40,Tam O'Shanter-Sullivan (118),118,D42,Scarborough,SHEPPARD AVE E,BIRCHMOUNT RD, ,Major Arterial,Intersection,At Intersection,Traffic Signal,Rain,"Dark, artificial",Wet,Non-Fatal Injury,Turning Movement,Driver,45 to 49,,0,East,"Automobile, Station Wagon",Turning Left,Failed to Yield Right of Way,"Ability Impaired, Alcohol Over .08", , , , , , ,0,0,1,0,0,0,0,1,0,1,0,1,0,0
5001940328,2015,11,11,20,4,2,43.70286902,-79.50382624,York South-Weston (12),12,Brookhaven-Amesbury (30),30,D12,Etobicoke York,LAWRENCE AVE W,JANE ST,5 m West of,Major Arterial,Intersection,Non Intersection,No Control,Clear,"Dark, artificial",Dry,Fatal,Pedestrian Collisions,Driver,55 to 59,,0,East,"Automobile, Station Wagon",Going Ahead,Driving Properly,Normal, , , , , , ,1,0,1,0,0,0,0,0,0,0,0,0,0,1
5001940328,2015,11,11,20,4,2,43.70286902,-79.50382624,York South-Weston (12),12,Brookhaven-Amesbury (30),30,D12,Etobicoke York,LAWRENCE AVE W,JANE ST,5 m West of,Major Arterial,Intersection,Non Intersection,No Control,Clear,"Dark, artificial",Dry,Fatal,Pedestrian Collisions,Pedestrian,85 to 89,Fatal,55,South, , , , ,Pedestrian hit at mid-block,"Crossing, no Traffic Control",Inattentive, , , ,1,0,1,0,0,0,0,0,0,0,0,0,0,1
991727,2007,9,20,20,5,3,43.70944538,-79.41079029,Eglinton-Lawrence (16),16,Lawrence Park South (103),103,D53,North York,AVENUE RD,CASTLEFIELD AVE, ,Major Arterial,Intersection,At Intersection,Stop Sign,Clear,Dark,Dry,Fatal,Angle,Vehicle Owner,unknown, ,0, ,Other, , , , , , , , , ,0,0,1,0,1,0,0,1,1,1,0,0,0,1
991727,2007,9,20,20,5,3,43.70944538,-79.41079029,Eglinton-Lawrence (16),16,Lawrence Park South (103),103,D53,North York,AVENUE RD,CASTLEFIELD AVE, ,Major Arterial,Intersection,At Intersection,Stop Sign,Clear,Dark,Dry,Fatal,Angle,Truck Driver,35 to 39,,0,East,Truck - Open,Going Ahead,Failed to Yield Right of Way,Normal, , , , , , ,0,0,1,0,1,0,0,1,1,1,0,0,0,1
991727,2007,9,20,20,5,3,43.70944538,-79.41079029,Eglinton-Lawrence (16),16,Lawrence Park South (103),103,D53,North York,AVENUE RD,CASTLEFIELD AVE, ,Major Arterial,Intersection,At Intersection,Stop Sign,Clear,Dark,Dry,Fatal,Angle,Passenger,35 to 39,Minor,0, ,Other, , , , , , , , , ,0,0,1,0,1,0,0,1,1,1,0,0,0,1
991727,2007,9,20,20,5,3,43.70944538,-79.41079029,Eglinton-Lawrence (16),16,Lawrence Park South (103),103,D53,North York,AVENUE RD,CASTLEFIELD AVE, ,Major Arterial,Intersection,At Intersection,Stop Sign,Clear,Dark,Dry,Fatal,Angle,Driver,35 to 39,Minor,0,West,"Automobile, Station Wagon",Stopped,Driving Properly,Normal, , , , , , ,0,0,1,0,1,0,0,1,1,1,0,0,0,1
991727,2007,9,20,20,5,3,43.70944538,-79.41079029,Eglinton-Lawrence (16),16,Lawrence Park South (103),103,D53,North York,AVENUE RD,CASTLEFIELD AVE, ,Major Arterial,Intersection,At Intersection,Stop Sign,Clear,Dark,Dry,Fatal,Angle,Passenger,20 to 24,Minor,0, ,Other, , , , , , , , , ,0,0,1,0,1,0,0,1,1,1,0,0,0,1
991727,2007,9,20,20,5,3,43.70944538,-79.41079029,Eglinton-Lawrence (16),16,Lawrence Park South (103),103,D53,North York,AVENUE RD,CASTLEFIELD AVE, ,Major Arterial,Intersection,At Intersection,Stop Sign,Clear,Dark,Dry,Fatal,Angle,Driver,20 to 24,Fatal,0,North,"Automobile, Station Wagon",Going Ahead,Exceeding Speed Limit,Normal, , , , , , ,0,0,1,0,1,0,0,1,1,1,0,0,0,1
1055263,2008,7,28,20,5,0,43.75064538,-79.54909029,York West (7),7,Humbermede (22),22,D31,Etobicoke York,FINCH AVE W,JAYZEL DR, ,Major Arterial,Intersection,At Intersection,Traffic Signal,Clear,Daylight,Dry,Non-Fatal Injury,Pedestrian Collisions,Vehicle Owner,unknown, ,0, ,Other, , , , , , , , , ,1,0,0,0,0,1,0,0,0,0,0,0,0,0
1055263,2008,7,28,20,5,0,43.75064538,-79.54909029,York West (7),7,Humbermede (22),22,D31,Etobicoke York,FINCH AVE W,JAYZEL DR, ,Major Arterial,Intersection,At Intersection,Traffic Signal,Clear,Daylight,Dry,Non-Fatal Injury,Pedestrian Collisions,Driver,unknown,,0,West,Municipal Transit Bus (TTC),Changing Lanes,Improper Lane Change,Unknown, , , , , , ,1,0,0,0,0,1,0,0,0,0,0,0,0,0
1055263,2008,7,28,20,5,0,43.75064538,-79.54909029,York West (7),7,Humbermede (22),22,D31,Etobicoke York,FINCH AVE W,JAYZEL DR, ,Major Arterial,Intersection,At Intersection,Traffic Signal,Clear,Daylight,Dry,Non-Fatal Injury,Pedestrian Collisions,Pedestrian,45 to 49,Major,0,Unknown,Other, , , ,Pedestrian involved in a collision with transit vehicle anywhere along roadway,Pushing/Working on Vehicle,Normal, , , ,1,0,0,0,0,1,0,0,0,0,0,0,0,0
1222965,2011,1,16,20,5,6,43.67174538,-79.47109029,York South-Weston (11),11,Junction Area (90),90,D11,Etobicoke York,ST CLAIR AVE W,GUNNS RD, ,Major Arterial,Intersection,At Intersection,Traffic Signal,Clear,Dark,Dry,Non-Fatal Injury,Rear End,Driver,70 to 74,Major,0,West,"Automobile, Station Wagon",Going Ahead,Driving Properly,Normal, , , , , , ,0,0,1,0,0,0,0,0,1,1,0,0,0,0
1333725,2012,12,19,20,5,2,43.78174538,-79.23389029,Scarborough Centre (38),38,Woburn (137),137,D43,Scarborough,MARKHAM RD,PROGRESS AVE, ,Major Arterial,Intersection,At Intersection,Traffic Signal,Clear,"Dark, artificial",Dry,Non-Fatal Injury,Turning Movement,Driver,20 to 24,,0,East,"Automobile, Station Wagon",Turning Left,Failed to Yield Right of Way,Inattentive, , , , , , ,0,0,1,0,0,0,0,1,0,1,0,0,0,0
6001937894,2016,10,31,20,35,0,43.73693045,-79.34421168,Don Valley West (25),25,Banbury-Don Mills (42),42,D33,North York,LAWRENCE AVE E,DON MILLS RD,45 m West of,Major Arterial,Mid-Block,Non Intersection,No Control,Clear,"Dark, artificial",Dry,Non-Fatal Injury,Pedestrian Collisions,Driver,40 to 44,Minimal,0,West,"Automobile, Station Wagon",Going Ahead,Driving Properly,Normal, , , , , , ,1,0,1,0,0,0,0,1,1,1,0,1,0,0
1219139,2011,2,21,20,22,0,43.71044538,-79.53489029,York South-Weston (11),11,Pelmo Park-Humberlea (23),23,D12,Etobicoke York,WESTON Road,MAPLE BUSH Aven, ,Major Arterial, , , ,Other,Dark,Other,Non-Fatal Injury,Pedestrian Collisions,Driver,25 to 29,,0, ,"Automobile, Station Wagon",Unknown, , , , , , , , ,1,0,1,0,0,0,0,0,0,0,0,0,0,0
1038340,2008,5,13,20,30,1,43.72594538,-79.31939029,Don Valley East (34),34,Victoria Village (43),43,D33,North York,EGLINTON AVE E,CREDIT UNION DR, ,Major Arterial,Mid-Block, ,No Control,Clear,Dark,Dry,Fatal,Approaching,Driver,30 to 34,Minor,0,East,"Automobile, Station Wagon",Going Ahead,Driving Properly,Unknown, , , , , , ,0,0,1,0,0,0,0,1,1,1,0,0,0,1
1384076,2013,9,29,19,39,6,43.74319037,-79.56805811,Etobicoke North (1),1,Thistletown-Beaumond Heights (3),3,D23,Etobicoke York,ISLINGTON Ave,BEAUMONDE HEIGHTS Dr, ,Major Arterial,Mid-Block, ,No Control,Clear,"Dark, artificial",Dry,Non-Fatal Injury,Approaching,Vehicle Owner,unknown, ,0, ,Other, , , , , , , , , ,0,0,1,0,0,0,0,1,0,0,0,1,0,0
1333725,2012,12,19,20,5,2,43.78174538,-79.23389029,Scarborough Centre (38),38,Woburn (137),137,D43,Scarborough,MARKHAM RD,PROGRESS AVE, ,Major Arterial,Intersection,At Intersection,Traffic Signal,Clear,"Dark, artificial",Dry,Non-Fatal Injury,Turning Movement,Passenger,20 to 24,Major,0, ,Other, , , , , , , , , ,0,0,1,0,0,0,0,1,0,1,0,0,0,0
6001937894,2016,10,31,20,35,0,43.73693045,-79.34421168,Don Valley West (25),25,Banbury-Don Mills (42),42,D33,North York,LAWRENCE AVE E,DON MILLS RD,45 m West of,Major Arterial,Mid-Block,Non Intersection,No Control,Clear,"Dark, artificial",Dry,Non-Fatal Injury,Pedestrian Collisions,Passenger,5 to 9,Minimal,0, , , , , , , , , , , ,1,0,1,0,0,0,0,1,1,1,0,1,0,0
6001937894,2016,10,31,20,35,0,43.73693045,-79.34421168,Don Valley West (25),25,Banbury-Don Mills (42),42,D33,North York,LAWRENCE AVE E,DON MILLS RD,45 m West of,Major Arterial,Mid-Block,Non Intersection,No Control,Clear,"Dark, artificial",Dry,Non-Fatal Injury,Pedestrian Collisions,Passenger,5 to 9,Minimal,0, , , , , , , , , , , ,1,0,1,0,0,0,0,1,1,1,0,1,0,0
1333725,2012,12,19,20,5,2,43.78174538,-79.23389029,Scarborough Centre (38),38,Woburn (137),137,D43,Scarborough,MARKHAM RD,PROGRESS AVE, ,Major Arterial,Intersection,At Intersection,Traffic Signal,Clear,"Dark, artificial",Dry,Non-Fatal Injury,Turning Movement,Vehicle Owner,unknown, ,0, ,Other, , , , , , , , , ,0,0,1,0,0,0,0,1,0,1,0,0,0,0
1181097,2010,8,6,19,31,4,43.64984538,-79.38709029,Trinity-Spadina (20),20,Bay Street Corridor (76),76,D52,Toronto East York,RICHMOND ST W,SIMCOE ST, ,Major Arterial,Intersection,At Intersection,No Control,Clear,Daylight,Dry,Non-Fatal Injury,Pedestrian Collisions,Motorcycle Driver,45 to 49,Major,0,West,Motorcycle,Going Ahead,Driving Properly,Normal, , , , , , ,1,0,0,1,0,0,0,0,0,0,0,0,0,0
6000359502,2016,2,29,19,39,0,43.71726187,-79.59259424,Etobicoke North (2),2,West Humber-Clairville (1),1,D23,Etobicoke York,137 QUEEN S PLATE  DR, ,1 m North of,Collector,Mid-Block,Non Intersection,No Control,Clear,Dusk,Dry,Non-Fatal Injury,Pedestrian Collisions,Driver,55 to 59,,0,North,"Automobile, Station Wagon",Going Ahead,Driving Properly,Normal, , , , , , ,1,0,1,0,0,0,0,0,0,0,0,0,0,0
6001937894,2016,10,31,20,35,0,43.73693045,-79.34421168,Don Valley West (25),25,Banbury-Don Mills (42),42,D33,North York,LAWRENCE AVE E,DON MILLS RD,45 m West of,Major Arterial,Mid-Block,Non Intersection,No Control,Clear,"Dark, artificial",Dry,Non-Fatal Injury,Pedestrian Collisions,Pedestrian,10 to 14,Major,0,Unknown, , , , ,Pedestrian hit on sidewalk or shoulder,On Sidewalk or Shoulder,Normal, , , ,1,0,1,0,0,0,0,1,1,1,0,1,0,0
1038340,2008,5,13,20,30,1,43.72594538,-79.31939029,Don Valley East (34),34,Victoria Village (43),43,D33,North York,EGLINTON AVE E,CREDIT UNION DR, ,Major Arterial,Mid-Block, ,No Control,Clear,Dark,Dry,Fatal,Approaching,Passenger,30 to 34,,0, ,Other, , , , , , , , , ,0,0,1,0,0,0,0,1,1,1,0,0,0,1
1181097,2010,8,6,19,31,4,43.64984538,-79.38709029,Trinity-Spadina (20),20,Bay Street Corridor (76),76,D52,Toronto East York,RICHMOND ST W,SIMCOE ST, ,Major Arterial,Intersection,At Intersection,No Control,Clear,Daylight,Dry,Non-Fatal Injury,Pedestrian Collisions,Pedestrian,35 to 39,Major,0,South,Other, , , ,Vehicle is going straight thru inter.while ped cross without ROW,"Crossing, no Traffic Control",Inattentive, , , ,1,0,0,1,0,0,0,0,0,0,0,0,0,0
1333725,2012,12,19,20,5,2,43.78174538,-79.23389029,Scarborough Centre (38),38,Woburn (137),137,D43,Scarborough,MARKHAM RD,PROGRESS AVE, ,Major Arterial,Intersection,At Intersection,Traffic Signal,Clear,"Dark, artificial",Dry,Non-Fatal Injury,Turning Movement,Driver,45 to 49,,0,West,"Automobile, Station Wagon",Going Ahead,Driving Properly,Normal, , , , , , ,0,0,1,0,0,0,0,1,0,1,0,0,0,0
1366837,2013,6,5,20,5,2,43.69884538,-79.51269029,York South-Weston (11),11,Weston (113),113,D12,Etobicoke York,1788 WESTON RD, , ,Minor Arterial,Mid-Block, ,No Control,Clear,Dusk,Dry,Non-Fatal Injury,Pedestrian Collisions,Driver,20 to 24,,0,South,"Automobile, Station Wagon",Going Ahead,Driving Properly,Normal, , , , , , ,1,0,1,0,0,0,0,0,0,0,0,0,0,0
1219139,2011,2,21,20,22,0,43.71044538,-79.53489029,York South-Weston (11),11,Pelmo Park-Humberlea (23),23,D12,Etobicoke York,WESTON Road,MAPLE BUSH Aven, ,Major Arterial, , , ,Other,Dark,Other,Non-Fatal Injury,Pedestrian Collisions,Pedestrian,unknown,Major,0, ,Other,Other, , , , , , , , ,1,0,1,0,0,0,0,0,0,0,0,0,0,0
1038340,2008,5,13,20,30,1,43.72594538,-79.31939029,Don Valley East (34),34,Victoria Village (43),43,D33,North York,EGLINTON AVE E,CREDIT UNION DR, ,Major Arterial,Mid-Block, ,No Control,Clear,Dark,Dry,Fatal,Approaching,Passenger,25 to 29,Minor,0, ,Other, , , , , , , , , ,0,0,1,0,0,0,0,1,1,1,0,0,0,1
6001937894,2016,10,31,20,35,0,43.73693045,-79.34421168,Don Valley West (25),25,Banbury-Don Mills (42),42,D33,North York,LAWRENCE AVE E,DON MILLS RD,45 m West of,Major Arterial,Mid-Block,Non Intersection,No Control,Clear,"Dark, artificial",Dry,Non-Fatal Injury,Pedestrian Collisions,Pedestrian,10 to 14,Major,0,Unknown, , , , ,Pedestrian hit on sidewalk or shoulder,On Sidewalk or Shoulder,Normal, , , ,1,0,1,0,0,0,0,1,1,1,0,1,0,0
6000359502,2016,2,29,19,39,0,43.71726187,-79.59259424,Etobicoke North (2),2,West Humber-Clairville (1),1,D23,Etobicoke York,137 QUEEN S PLATE  DR, ,1 m North of,Collector,Mid-Block,Non Intersection,No Control,Clear,Dusk,Dry,Non-Fatal Injury,Pedestrian Collisions,Pedestrian,50 to 54,Major,0,West, , , , ,Pedestrian hit at mid-block,"Crossing, no Traffic Control",Inattentive, , , ,1,0,1,0,0,0,0,0,0,0,0,0,0,0
1366837,2013,6,5,20,5,2,43.69884538,-79.51269029,York South-Weston (11),11,Weston (113),113,D12,Etobicoke York,1788 WESTON RD, , ,Minor Arterial,Mid-Block, ,No Control,Clear,Dusk,Dry,Non-Fatal Injury,Pedestrian Collisions,Pedestrian,50 to 54,Major,0,East,Other, , , ,Pedestrian hit at mid-block,Running onto Roadway,"Ability Impaired, Drugs", , , ,1,0,1,0,0,0,0,0,0,0,0,0,0,0
1219456,2011,2,21,20,22,0,43.71034538,-79.53479029,York South-Weston (11),11,Pelmo Park-Humberlea (23),23,D12,Etobicoke York,WESTON RD,MAPLE BUSH AVE, ,Major Arterial,Intersection,At Intersection,No Control,Clear,Dark,Dry,Non-Fatal Injury,Pedestrian Collisions,Driver,25 to 29,Minimal,0,South,"Automobile, Station Wagon",Going Ahead,Driving Properly,Normal, , , , , , ,1,0,1,0,0,0,0,0,0,0,0,0,0,0
993818,2007,9,28,19,32,4,43.73154538,-79.60189029,Etobicoke North (1),1,West Humber-Clairville (1),1,D23,Etobicoke York,HIGHWAY 27  N,HUMBER COLLEGE BLVD, ,Major Arterial,Mid-Block, ,No Control,Clear,Dark,Dry,Fatal,Pedestrian Collisions,Vehicle Owner,unknown, ,0, ,Other, , , , , , , , , ,1,0,1,0,0,0,0,0,0,0,0,0,0,1
993818,2007,9,28,19,32,4,43.73154538,-79.60189029,Etobicoke North (1),1,West Humber-Clairville (1),1,D23,Etobicoke York,HIGHWAY 27  N,HUMBER COLLEGE BLVD, ,Major Arterial,Mid-Block, ,No Control,Clear,Dark,Dry,Fatal,Pedestrian Collisions,Driver,55 to 59,,0,North,"Automobile, Station Wagon",Going Ahead,Driving Properly,Normal, , , , , , ,1,0,1,0,0,0,0,0,0,0,0,0,0,1
1038340,2008,5,13,20,30,1,43.72594538,-79.31939029,Don Valley East (34),34,Victoria Village (43),43,D33,North York,EGLINTON AVE E,CREDIT UNION DR, ,Major Arterial,Mid-Block, ,No Control,Clear,Dark,Dry,Fatal,Approaching,Passenger,20 to 24,Major,0, ,Other, , , , , , , , , ,0,0,1,0,0,0,0,1,1,1,0,0,0,1
5001928023,2015,11,9,20,5,0,43.61905249,-79.49957667,Etobicoke-Lakeshore (6),6,Mimico (includes Humber Bay Shores) (17),17,D22,Etobicoke York,PORTLAND ST,ROYAL YORK RD,11 m South of,Minor Arterial,Intersection,Non Intersection,No Control,Clear,"Dark, artificial",Dry,Non-Fatal Injury,Pedestrian Collisions,Driver,50 to 54,,0,South,"Automobile, Station Wagon",Going Ahead,Speed too Fast For Condition,Unknown, , , , , , ,1,0,1,0,0,0,0,0,1,1,0,0,0,0
993818,2007,9,28,19,32,4,43.73154538,-79.60189029,Etobicoke North (1),1,West Humber-Clairville (1),1,D23,Etobicoke York,HIGHWAY 27  N,HUMBER COLLEGE BLVD, ,Major Arterial,Mid-Block, ,No Control,Clear,Dark,Dry,Fatal,Pedestrian Collisions,Pedestrian,80 to 84,Fatal,0,West,Other, , , ,Pedestrian hit at mid-block,"Crossing, no Traffic Control",Unknown, , , ,1,0,1,0,0,0,0,0,0,0,0,0,0,1
1038340,2008,5,13,20,30,1,43.72594538,-79.31939029,Don Valley East (34),34,Victoria Village (43),43,D33,North York,EGLINTON AVE E,CREDIT UNION DR, ,Major Arterial,Mid-Block, ,No Control,Clear,Dark,Dry,Fatal,Approaching,Passenger,15 to 19,Major,0, ,Other, , , , , , , , , ,0,0,1,0,0,0,0,1,1,1,0,0,0,1
1219456,2011,2,21,20,22,0,43.71034538,-79.53479029,York South-Weston (11),11,Pelmo Park-Humberlea (23),23,D12,Etobicoke York,WESTON RD,MAPLE BUSH AVE, ,Major Arterial,Intersection,At Intersection,No Control,Clear,Dark,Dry,Non-Fatal Injury,Pedestrian Collisions,Pedestrian,25 to 29,Major,0,North,Other, , , ,Pedestrian hit at mid-block,Running onto Roadway,Other, , , ,1,0,1,0,0,0,0,0,0,0,0,0,0,0
6001937894,2016,10,31,20,35,0,43.73693045,-79.34421168,Don Valley West (25),25,Banbury-Don Mills (42),42,D33,North York,LAWRENCE AVE E,DON MILLS RD,45 m West of,Major Arterial,Mid-Block,Non Intersection,No Control,Clear,"Dark, artificial",Dry,Non-Fatal Injury,Pedestrian Collisions,Pedestrian,10 to 14,Minor,0,Unknown, , , , ,Pedestrian hit on sidewalk or shoulder,On Sidewalk or Shoulder,Normal, , , ,1,0,1,0,0,0,0,1,1,1,0,1,0,0
1017679,2008,1,21,19,40,0,43.60894538,-79.55639029,Etobicoke-Lakeshore (5),5,Islington-City Centre West (14),14,D22,Etobicoke York,EVANS AVE,SHERWAY GT, ,Major Arterial,Intersection, ,Traffic Signal,Clear,Dark,Dry,Non-Fatal Injury,Pedestrian Collisions,Driver,65 to 69,,0,North,"Automobile, Station Wagon",Turning Left,Improper Turn,Inattentive, , , , , , ,1,0,1,0,0,0,0,0,0,0,0,0,0,0
4002656548,2014,8,7,20,22,3,43.64643057,-79.3661233,Toronto Centre-Rosedale (28),28,Waterfront Communities-The Island (77),77,D51,Toronto East York,LAKE SHORE BLVD E,LOWER SHERBOURNE ST, ,Major Arterial,Intersection,At Intersection,Traffic Signal,Clear,Dark,Dry,Non-Fatal Injury,Sideswipe,Driver,25 to 29,Minimal,0,West,"Automobile, Station Wagon",Changing Lanes,Improper Lane Change,Inattentive, , , , , , ,0,0,1,0,0,0,0,1,0,0,0,0,0,0
1181809,2010,6,19,19,32,5,43.71954538,-79.28419029,Scarborough Southwest (35),35,Clairlea-Birchmount (120),120,D41,Scarborough,WARDEN AVE,HYMUS RD, ,Major Arterial,Intersection,At Intersection,Stop Sign,Clear,Daylight,Dry,Non-Fatal Injury,Turning Movement,Motorcycle Driver,30 to 34,Major,0,South,Motorcycle,Going Ahead,Driving Properly,Normal, , , , , , ,0,0,1,1,0,0,0,0,0,1,0,1,0,0
974540,2007,5,23,20,37,2,43.73444538,-79.61329029,Etobicoke North (1),1,West Humber-Clairville (1),1,D23,Etobicoke York,6700 FINCH AVE W, , ,Major Arterial,Mid-Block, ,No Control,Clear,Dark,Dry,Non-Fatal Injury,Rear End,Driver,15 to 19,Major,0,West,"Automobile, Station Wagon",Going Ahead,Following too Close,Normal, , , , , , ,0,0,1,0,0,0,0,1,0,1,0,0,0,0
1038340,2008,5,13,20,30,1,43.72594538,-79.31939029,Don Valley East (34),34,Victoria Village (43),43,D33,North York,EGLINTON AVE E,CREDIT UNION DR, ,Major Arterial,Mid-Block, ,No Control,Clear,Dark,Dry,Fatal,Approaching,Passenger,20 to 24,Fatal,18, ,Other, , , , , , , , , ,0,0,1,0,0,0,0,1,1,1,0,0,0,1
1017679,2008,1,21,19,40,0,43.60894538,-79.55639029,Etobicoke-Lakeshore (5),5,Islington-City Centre West (14),14,D22,Etobicoke York,EVANS AVE,SHERWAY GT, ,Major Arterial,Intersection, ,Traffic Signal,Clear,Dark,Dry,Non-Fatal Injury,Pedestrian Collisions,Pedestrian,50 to 54,Major,0,South,Other, , , ,Vehicle turns left while ped crosses with ROW at inter.,Crossing with right of way,Normal, , , ,1,0,1,0,0,0,0,0,0,0,0,0,0,0
4002656548,2014,8,7,20,22,3,43.64643057,-79.3661233,Toronto Centre-Rosedale (28),28,Waterfront Communities-The Island (77),77,D51,Toronto East York,LAKE SHORE BLVD E,LOWER SHERBOURNE ST, ,Major Arterial,Intersection,At Intersection,Traffic Signal,Clear,Dark,Dry,Non-Fatal Injury,Sideswipe,Driver,45 to 49,Minimal,0,West,"Automobile, Station Wagon",Going Ahead,Driving Properly,Normal, , , , , , ,0,0,1,0,0,0,0,1,0,0,0,0,0,0