ACCNUM,YEAR,MONTH,DAY,HOUR,MINUTES,WEEKDAY,LATITUDE,LONGITUDE,Ward_Name,Ward_ID,Hood_Name,Hood_ID,Division,District,STREET1,STREET2,OFFSET,ROAD_CLASS,LOCCOORD,ACCLOC,TRAFFCTL,VISIBILITY,LIGHT,RDSFCOND,ACCLASS,IMPACTYPE,INVTYPE,INVAGE,INJURY,FATAL_NO,INITDIR,VEHTYPE,MANOEUVER,DRIVACT,DRIVCOND,PEDTYPE,PEDACT,PEDCOND,CYCLISTYPE,CYCACT,CYCCOND,PEDESTRIAN,CYCLIST,AUTOMOBILE,MOTORCYCLE,TRUCK,TRSN_CITY_VEH,EMERG_VEH,PASSENGER,SPEEDING,AG_DRIV,REDLIGHT,ALCOHOL,DISABILITY,label
5001928023,2015,11,9,20,5,0,43.61905249,-79.49957667,Etobicoke-Lakeshore (6),6,Mimico (includes Humber Bay Shores) (17),17,D22,Etobicoke York,PORTLAND ST,ROYAL YORK RD,11 m South of,Minor Arterial,Intersection,Non Intersection,No Control,Clear,"Dark, artificial",Dry,Non-Fatal Injury,Pedestrian Collisions,Pedestrian,65 to 69,Major,0,West, , , , ,Pedestrian hit at mid-block,"Crossing, no Traffic Control",Normal, , , ,1,0,1,0,0,0,0,0,1,1,0,0,0,0
1181809,2010,6,19,19,32,5,43.71954538,-79.28419029,Scarborough Southwest (35),35,Clairlea-Birchmount (120),120,D41,Scarborough,WARDEN AVE,HYMUS RD, ,Major Arterial,Intersection,At Intersection,Stop Sign,Clear,Daylight,Dry,Non-Fatal Injury,Turning Movement,Driver,25 to 29,,0,East,"Automobile, Station Wagon",Turning Left,Failed to Yield Right of Way,"Ability Impaired, Alcohol", , , , , , ,0,0,1,1,0,0,0,0,0,1,0,1,0,0
1038340,2008,5,13,20,30,1,43.72594538,-79.31939029,Don Valley East (34),34,Victoria Village (43),43,D33,North York,EGLINTON AVE E,CREDIT UNION DR, ,Major Arterial,Mid-Block, ,No Control,Clear,Dark,Dry,Fatal,Approaching,Passenger,15 to 19,Fatal,19, ,Other, , , , , , , , , ,0,0,1,0,0,0,0,1,1,1,0,0,0,1
6000956129,2016,5,28,20,5,5,43.65001257,-79.38624964,Trinity-Spadina (20),20,Bay Street Corridor (76),76,D52,Toronto East York,RICHMOND ST W,UNIVERSITY AVE, ,Major Arterial,Intersection,At Intersection,Traffic Signal,Clear,Daylight,Dry,Non-Fatal Injury,Cyclist Collisions,Driver,unknown,,0,West,"Automobile, Station Wagon",Turning Right,Failed to Yield Right of Way,Inattentive, , , , , , ,0,1,1,0,0,0,0,0,0,1,0,0,0,0
974540,2007,5,23,20,37,2,43.73444538,-79.61329029,Etobicoke North (1),1,West Humber-Clairville (1),1,D23,Etobicoke York,6700 FINCH AVE W, , ,Major Arterial,Mid-Block, ,No Control,Clear,Dark,Dry,Non-Fatal Injury,Rear End,Passenger,20 to 24,Minimal,0, ,Other, , , , , , , , , ,0,0,1,0,0,0,0,1,0,1,0,0,0,0
1066104,2008,10,23,19,40,3,43.71144538,-79.35849029,Don Valley West (26),26,Thorncliffe Park (55),55,D53,North York,BRENTCLIFFE RD,WICKSTEED AVE, ,Minor Arterial,Intersection,At Intersection,Traffic Signal,Clear,Dark,Dry,Non-Fatal Injury,Pedestrian Collisions,Pedestrian,65 to 69,Major,0,North,Other,Going Ahead, , ,Other / Undefined,Pushing/Working on Vehicle,Inattentive, , , ,1,0,0,0,0,0,0,0,0,0,0,0,0,0
1234067,2011,5,20,19,32,4,43.68194538,-79.30679029,Beaches-East York (32),32,East End-Danforth (62),62,D55,Toronto East York,180 BROOKSIDE DR, , ,Local,Mid-Block, ,No Control,Clear,Daylight,Dry,Non-Fatal Injury,Pedestrian Collisions,Driver,50 to 54,,0,West,"Automobile, Station Wagon",Reversing,Other,Normal, , , , , , ,1,0,1,0,0,0,0,0,0,0,0,0,0,0
1302226,2012,6,22,19,40,4,43.76064538,-79.32769029,Don Valley East (34),34,Parkwoods-Donalda (45),45,D33,North York,YORK MILLS RD,FENSIDE DR, ,Major Arterial,Intersection,At Intersection,Traffic Signal,Clear,Daylight,Dry,Non-Fatal Injury,Pedestrian Collisions,Driver,30 to 34,,0,North,"Automobile, Station Wagon",Turning Left,Failed to Yield Right of Way,Normal, , , , , , ,1,0,1,0,0,0,0,0,0,1,0,0,0,0
4002656548,2014,8,7,20,22,3,43.64643057,-79.3661233,Toronto Centre-Rosedale (28),28,Waterfront Communities-The Island (77),77,D51,Toronto East York,LAKE SHORE BLVD E,LOWER SHERBOURNE ST, ,Major Arterial,Intersection,At Intersection,Traffic Signal,Clear,Dark,Dry,Non-Fatal Injury,Sideswipe,Passenger,60 to 64,Minimal,0, , , , , , , , , , , ,0,0,1,0,0,0,0,1,0,0,0,0,0,0
1038340,2008,5,13,20,30,1,43.72594538,-79.31939029,Don Valley East (34),34,Victoria Village (43),43,D33,North York,EGLINTON AVE E,CREDIT UNION DR, ,Major Arterial,Mid-Block, ,No Control,Clear,Dark,Dry,Fatal,Approaching,Driver,20 to 24,Minor,0,West,"Automobile, Station Wagon",Going Ahead,Exceeding Speed Limit,Had Been Drinking, , , , , , ,0,0,1,0,0,0,0,1,1,1,0,0,0,1
6000956129,2016,5,28,20,5,5,43.65001257,-79.38624964,Trinity-Spadina (20),20,Bay Street Corridor (76),76,D52,Toronto East York,RICHMOND ST W,UNIVERSITY AVE, ,Major Arterial,Intersection,At Intersection,Traffic Signal,Clear,Daylight,Dry,Non-Fatal Injury,Cyclist Collisions,Cyclist,25 to 29,Major,0,West,Bicycle,Going Ahead, , , , , ,Motorist turning right on green or amber at signalized intersection strikes cyclist.,Driving Properly,Normal,0,1,1,0,0,0,0,0,0,1,0,0,0,0
974540,2007,5,23,20,37,2,43.73444538,-79.61329029,Etobicoke North (1),1,West Humber-Clairville (1),1,D23,Etobicoke York,6700 FINCH AVE W, , ,Major Arterial,Mid-Block, ,No Control,Clear,Dark,Dry,Non-Fatal Injury,Rear End,Passenger,15 to 19,Minimal,0, ,Other, , , , , , , , , ,0,0,1,0,0,0,0,1,0,1,0,0,0,0
4002656548,2014,8,7,20,22,3,43.64643057,-79.3661233,Toronto Centre-Rosedale (28),28,Waterfront Communities-The Island (77),77,D51,Toronto East York,LAKE SHORE BLVD E,LOWER SHERBOURNE ST, ,Major Arterial,Intersection,At Intersection,Traffic Signal,Clear,Dark,Dry,Non-Fatal Injury,Sideswipe,Passenger,30 to 34,,0, , , , , , , , , , , ,0,0,1,0,0,0,0,1,0,0,0,0,0,0
6001177381,2016,7,5,20,5,1,43.74311026,-79.21887598,Scarborough Southwest (36),36,Scarborough Village (139),139,D43,Scarborough,EGLINTON AVE E,MARKHAM RD,13 m West of,Major Arterial,Intersection,At Intersection,Traffic Signal,Clear,Daylight,Dry,Non-Fatal Injury,Pedestrian Collisions,Driver,60 to 64,,0,North,"Automobile, Station Wagon",Turning Left,Failed to Yield Right of Way,Inattentive, , , , , , ,1,0,1,0,0,0,0,0,0,1,0,0,0,0
1302226,2012,6,22,19,40,4,43.76064538,-79.32769029,Don Valley East (34),34,Parkwoods-Donalda (45),45,D33,North York,YORK MILLS RD,FENSIDE DR, ,Major Arterial,Intersection,At Intersection,Traffic Signal,Clear,Daylight,Dry,Non-Fatal Injury,Pedestrian Collisions,Pedestrian,50 to 54,Major,0,North,Other, , , ,Vehicle turns left while ped crosses with ROW at inter.,Crossing with right of way,Normal, , , ,1,0,1,0,0,0,0,0,0,1,0,0,0,0
974540,2007,5,23,20,37,2,43.73444538,-79.61329029,Etobicoke North (1),1,West Humber-Clairville (1),1,D23,Etobicoke York,6700 FINCH AVE W, , ,Major Arterial,Mid-Block, ,No Control,Clear,Dark,Dry,Non-Fatal Injury,Rear End,Passenger,25 to 29,Minimal,0, ,Other, , , , , , , , , ,0,0,1,0,0,0,0,1,0,1,0,0,0,0
4002656548,2014,8,7,20,22,3,43.64643057,-79.3661233,Toronto Centre-Rosedale (28),28,Waterfront Communities-The Island (77),77,D51,Toronto East York,LAKE SHORE BLVD E,LOWER SHERBOURNE ST, ,Major Arterial,Intersection,At Intersection,Traffic Signal,Clear,Dark,Dry,Non-Fatal Injury,Sideswipe,Passenger,55 to 59,Major,0, , , , , , , , , , , ,0,0,1,0,0,0,0,1,0,0,0,0,0,0
1038340,2008,5,13,20,30,1,43.72594538,-79.31939029,Don Valley East (34),34,Victoria Village (43),43,D33,North York,EGLINTON AVE E,CREDIT UNION DR, ,Major Arterial,Mid-Block, ,No Control,Clear,Dark,Dry,Fatal,Approaching,Vehicle Owner,unknown, ,0, ,Other, , , , , , , , , ,0,0,1,0,0,0,0,1,1,1,0,0,0,1
1234067,2011,5,20,19,32,4,43.68194538,-79.30679029,Beaches-East York (32),32,East End-Danforth (62),62,D55,Toronto East York,180 BROOKSIDE DR, , ,Local,Mid-Block, ,No Control,Clear,Daylight,Dry,Non-Fatal Injury,Pedestrian Collisions,Pedestrian,85 to 89,Major,0,East,Other, , , ,Pedestrian hit at private driveway,Other,Medical or Physical Disability, , , ,1,0,1,0,0,0,0,0,0,0,0,0,0,0
6001177381,2016,7,5,20,5,1,43.74311026,-79.21887598,Scarborough Southwest (36),36,Scarborough Village (139),139,D43,Scarborough,EGLINTON AVE E,MARKHAM RD,13 m West of,Major Arterial,Intersection,At Intersection,Traffic Signal,Clear,Daylight,Dry,Non-Fatal Injury,Pedestrian Collisions,Pedestrian,40 to 44,Major,0,South, , , , ,Vehicle turns left while ped crosses without ROW at inter.,Crossing without right of way,Inattentive, , , ,1,0,1,0,0,0,0,0,0,1,0,0,0,0
1301786,2012,7,1,19,40,6,43.73674538,-79.59169029,Etobicoke North (1),1,West Humber-Clairville (1),1,D23,Etobicoke York,MARTIN GROVE RD,FINCH AVE W, ,Major Arterial,Intersection,At Intersection,Traffic Signal,Clear,Daylight,Dry,Non-Fatal Injury,Pedestrian Collisions,Driver,50 to 54,,0,North,"Automobile, Station Wagon",Turning Left,Failed to Yield Right of Way,Normal, , , , , , ,1,0,1,0,0,0,0,0,0,1,0,0,0,0
974540,2007,5,23,20,37,2,43.73444538,-79.61329029,Etobicoke North (1),1,West Humber-Clairville (1),1,D23,Etobicoke York,6700 FINCH AVE W, , ,Major Arterial,Mid-Block, ,No Control,Clear,Dark,Dry,Non-Fatal Injury,Rear End,Driver,20 to 24,Minimal,0,West,"Automobile, Station Wagon",Going Ahead,Driving Properly,Normal, , , , , , ,0,0,1,0,0,0,0,1,0,1,0,0,0,0
982611,2007,7,4,20,38,2,43.64194538,-79.45499029,Parkdale-High Park (14),14,High Park-Swansea (87),87,D11,Toronto East York,PARKSIDE DR,GARDEN AVE, ,Major Arterial,Mid-Block, ,No Control,Clear,Daylight,Wet,Non-Fatal Injury,Pedestrian Collisions,Driver,35 to 39,,0,North,"Automobile, Station Wagon",Slowing or Stopping,Driving Properly,Normal, , , , , , ,1,0,1,0,0,0,0,0,0,0,0,0,0,0
982611,2007,7,4,20,38,2,43.64194538,-79.45499029,Parkdale-High Park (14),14,High Park-Swansea (87),87,D11,Toronto East York,PARKSIDE DR,GARDEN AVE, ,Major Arterial,Mid-Block, ,No Control,Clear,Daylight,Wet,Non-Fatal Injury,Pedestrian Collisions,Pedestrian,30 to 34,Major,0,East,Other, , , ,Vehicle hits the pedestrian walking or running out from between parked vehicles at mid-block,Running onto Roadway,"Ability Impaired, Alcohol", , , ,1,0,1,0,0,0,0,0,0,0,0,0,0,0
1062444,2008,10,2,20,38,3,43.76814538,-79.46989029,York West (8),8,York University Heights (27),27,D32,North York,FINCH Ave W,DUFFERIN St, ,Major Arterial,Mid-Block, ,No Control,Rain,Dark,Wet,Non-Fatal Injury,Pedestrian Collisions,Pedestrian,65 to 69,Major,0,North,Other, , , ,Pedestrian hit at mid-block,"Crossing, no Traffic Control",Normal, , , ,1,0,1,0,0,0,0,1,0,0,0,0,0,0
1062444,2008,10,2,20,38,3,43.76814538,-79.46989029,York West (8),8,York University Heights (27),27,D32,North York,FINCH Ave W,DUFFERIN St, ,Major Arterial,Mid-Block, ,No Control,Rain,Dark,Wet,Non-Fatal Injury,Pedestrian Collisions,Passenger,15 to 19,,0, ,Other, , , , , , , , , ,1,0,1,0,0,0,0,1,0,0,0,0,0,0
1062444,2008,10,2,20,38,3,43.76814538,-79.46989029,York West (8),8,York University Heights (27),27,D32,North York,FINCH Ave W,DUFFERIN St, ,Major Arterial,Mid-Block, ,No Control,Rain,Dark,Wet,Non-Fatal Injury,Pedestrian Collisions,Vehicle Owner,unknown, ,0, ,Other, , , , , , , , , ,1,0,1,0,0,0,0,1,0,0,0,0,0,0
1062444,2008,10,2,20,38,3,43.76814538,-79.46989029,York West (8),8,York University Heights (27),27,D32,North York,FINCH Ave W,DUFFERIN St, ,Major Arterial,Mid-Block, ,No Control,Rain,Dark,Wet,Non-Fatal Injury,Pedestrian Collisions,Driver,15 to 19,,0,West,"Automobile, Station Wagon",Going Ahead,Driving Properly,Normal, , , , , , ,1,0,1,0,0,0,0,1,0,0,0,0,0,0
5002074254,2015,12,3,20,38,3,43.72945746,-79.22742091,Scarborough Southwest (36),36,Cliffcrest (123),123,D43,Scarborough,KINGSTON RD,FAIRCROFT BLVD,119 m West of,Major Arterial,Mid-Block,Non Intersection,No Control,Clear,"Dark, artificial",Dry,Fatal,SMV Unattended Vehicle,Driver,30 to 34,Fatal,61,West,"Automobile, Station Wagon",Going Ahead,Lost control,Inattentive, , , , , , ,0,0,1,0,0,0,0,0,1,1,0,0,0,1
5002074254,2015,12,3,20,38,3,43.72945746,-79.22742091,Scarborough Southwest (36),36,Cliffcrest (123),123,D43,Scarborough,KINGSTON RD,FAIRCROFT BLVD,119 m West of,Major Arterial,Mid-Block,Non Intersection,No Control,Clear,"Dark, artificial",Dry,Fatal,SMV Unattended Vehicle,Other,unknown,,0,Unknown,Delivery Van,Parked, , , , , , , , ,0,0,1,0,0,0,0,0,1,1,0,0,0,1
6000721028,2016,4,27,20,38,2,43.66234549,-79.37667475,Toronto Centre-Rosedale (27),27,Moss Park (73),73,D51,Toronto East York,JARVIS ST,CARLTON ST, ,Major Arterial,Intersection,At Intersection,Traffic Signal,Clear,"Dark, artificial",Dry,Non-Fatal Injury,Cyclist Collisions,Driver,30 to 34,,0,North,"Automobile, Station Wagon",Going Ahead,Disobeyed Traffic Control,Normal, , , , , , ,0,1,1,0,0,0,0,0,0,1,1,0,0,0
6000721028,2016,4,27,20,38,2,43.66234549,-79.37667475,Toronto Centre-Rosedale (27),27,Moss Park (73),73,D51,Toronto East York,JARVIS ST,CARLTON ST, ,Major Arterial,Intersection,At Intersection,Traffic Signal,Clear,"Dark, artificial",Dry,Non-Fatal Injury,Cyclist Collisions,Cyclist,25 to 29,Major,0,West,Bicycle,Going Ahead, , , , , ,"Motorist without ROW drives into path of cyclist at inter, lnwy, dwy-Driver not turn.",Disobeyed Traffic Control,Normal,0,1,1,0,0,0,0,0,0,1,1,0,0,0
1105956,2009,4,29,20,39,2,43.61434538,-79.55519029,Etobicoke-Lakeshore (5),5,Islington-City Centre West (14),14,D22,Etobicoke York,THE QUEENSWAY Stre,NORTH QUEEN ST, ,Major Arterial,Mid-Block, ,No Control,Clear,Dark,Dry,Non-Fatal Injury,Turning Movement,Driver,20 to 24,,0,South,"Automobile, Station Wagon",Turning Right,Improper Turn,Inattentive, , , , , , ,0,0,1,1,0,0,0,0,1,1,0,0,0,0
1105956,2009,4,29,20,39,2,43.61434538,-79.55519029,Etobicoke-Lakeshore (5),5,Islington-City Centre West (14),14,D22,Etobicoke York,THE QUEENSWAY Stre,NORTH QUEEN ST, ,Major Arterial,Mid-Block, ,No Control,Clear,Dark,Dry,Non-Fatal Injury,Turning Movement,Motorcycle Driver,25 to 29,Major,0,West,Motorcycle,Going Ahead,Exceeding Speed Limit,Inattentive, , , , , , ,0,0,1,1,0,0,0,0,1,1,0,0,0,0
1163874,2010,3,27,20,39,5,43.65624538,-79.36149029,Toronto Centre-Rosedale (28),28,Moss Park (73),73,D51,Toronto East York,QUEEN Stre E,SACKVILLE Stre, ,Major Arterial,Intersection,At Intersection,No Control,Clear,Dark,Dry,Non-Fatal Injury,Pedestrian Collisions,Driver,25 to 29,,0,West,"Automobile, Station Wagon",Going Ahead,Driving Properly,Normal, , , , , , ,1,0,1,0,0,0,0,0,0,0,0,0,0,0
1163874,2010,3,27,20,39,5,43.65624538,-79.36149029,Toronto Centre-Rosedale (28),28,Moss Park (73),73,D51,Toronto East York,QUEEN Stre E,SACKVILLE Stre, ,Major Arterial,Intersection,At Intersection,No Control,Clear,Dark,Dry,Non-Fatal Injury,Pedestrian Collisions,Pedestrian,5 to 9,Major,0,South,Other, , , ,Vehicle is going straight thru inter.while ped cross without ROW,Running onto Roadway,Inattentive, , , ,1,0,1,0,0,0,0,0,0,0,0,0,0,0
1173447,2010,6,2,20,39,2,43.76464538,-79.48549029,York West (8),8,York University Heights (27),27,D31,North York,ALEXDON RD,FINCH AVE W, ,Major Arterial,Intersection,At Intersection,Stop Sign,Rain,Dark,Wet,Non-Fatal Injury,Pedestrian Collisions,Driver,unknown,,0,North,"Automobile, Station Wagon",Turning Right,Failed to Yield Right of Way,Normal, , , , , , ,1,0,1,0,0,0,0,0,0,1,0,0,0,0
1173447,2010,6,2,20,39,2,43.76464538,-79.48549029,York West (8),8,York University Heights (27),27,D31,North York,ALEXDON RD,FINCH AVE W, ,Major Arterial,Intersection,At Intersection,Stop Sign,Rain,Dark,Wet,Non-Fatal Injury,Pedestrian Collisions,Pedestrian,15 to 19,Major,0,East,Other, , , ,Vehicle turns right while ped crosses with ROW at inter.,Crossing with right of way,Normal, , , ,1,0,1,0,0,0,0,0,0,1,0,0,0,0
1026199,2008,2,26,20,40,1,43.73044538,-79.60159029,Etobicoke North (1),1,West Humber-Clairville (1),1,D23,Etobicoke York,HUMBER COLLEGE BLVD,HIGHWAY 27  S, ,Major Arterial,Intersection, ,Traffic Signal,Snow,Dark,Wet,Non-Fatal Injury,Rear End,Passenger,20 to 24,Major,0, ,Other, , , , , , , , , ,0,0,1,0,0,0,0,1,1,1,0,0,0,0
1026199,2008,2,26,20,40,1,43.73044538,-79.60159029,Etobicoke North (1),1,West Humber-Clairville (1),1,D23,Etobicoke York,HUMBER COLLEGE BLVD,HIGHWAY 27  S, ,Major Arterial,Intersection, ,Traffic Signal,Snow,Dark,Wet,Non-Fatal Injury,Rear End,Driver,20 to 24,Minor,0,East,"Automobile, Station Wagon",Stopped,Driving Properly,Normal, , , , , , ,0,0,1,0,0,0,0,1,1,1,0,0,0,0
1026199,2008,2,26,20,40,1,43.73044538,-79.60159029,Etobicoke North (1),1,West Humber-Clairville (1),1,D23,Etobicoke York,HUMBER COLLEGE BLVD,HIGHWAY 27  S, ,Major Arterial,Intersection, ,Traffic Signal,Snow,Dark,Wet,Non-Fatal Injury,Rear End,Driver,30 to 34,,0,East,Other,Going Ahead,Speed too Fast For Condition,Inattentive, , , , , , ,0,0,1,0,0,0,0,1,1,1,0,0,0,0
1044949,2008,6,25,20,40,2,43.72824538,-79.51259029,York West (7),7,Downsview-Roding-CFB (26),26,D31,Etobicoke York,136 NEAMES CRES, , ,Local,Mid-Block, ,No Control,Clear,Daylight,Dry,Non-Fatal Injury,Cyclist Collisions,Passenger,35 to 39,,0, ,Other, , , , , , , , , ,0,1,1,0,0,0,0,1,0,0,0,0,0,0
1044949,2008,6,25,20,40,2,43.72824538,-79.51259029,York West (7),7,Downsview-Roding-CFB (26),26,D31,Etobicoke York,136 NEAMES CRES, , ,Local,Mid-Block, ,No Control,Clear,Daylight,Dry,Non-Fatal Injury,Cyclist Collisions,Driver,35 to 39,,0,North,"Automobile, Station Wagon",Going Ahead,Driving Properly,Normal, , , , , , ,0,1,1,0,0,0,0,1,0,0,0,0,0,0
1044949,2008,6,25,20,40,2,43.72824538,-79.51259029,York West (7),7,Downsview-Roding-CFB (26),26,D31,Etobicoke York,136 NEAMES CRES, , ,Local,Mid-Block, ,No Control,Clear,Daylight,Dry,Non-Fatal Injury,Cyclist Collisions,Cyclist,5 to 9,Major,0,South,Bicycle,Going Ahead, , , , , ,Insufficient information (to determine cyclist crash type).,Other,Inattentive,0,1,1,0,0,0,0,1,0,0,0,0,0,0
1102178,2009,4,11,20,40,5,43.68764538,-79.34029029,Toronto-Danforth (29),29,Danforth East York (59),59,D54,Toronto East York,DONLANDS AVE,MORTIMER AVE, ,Minor Arterial,Intersection,At Intersection,Traffic Signal,Clear,Dark,Dry,Non-Fatal Injury,Pedestrian Collisions,Driver,70 to 74,,0,South,"Automobile, Station Wagon",Going Ahead,Driving Properly,Normal, , , , , , ,1,0,1,0,0,0,0,0,0,0,0,0,0,0
1102178,2009,4,11,20,40,5,43.68764538,-79.34029029,Toronto-Danforth (29),29,Danforth East York (59),59,D54,Toronto East York,DONLANDS AVE,MORTIMER AVE, ,Minor Arterial,Intersection,At Intersection,Traffic Signal,Clear,Dark,Dry,Non-Fatal Injury,Pedestrian Collisions,Pedestrian,10 to 14,Major,0, ,Other, , , ,Vehicle is going straight thru inter.while ped cross without ROW,Crossing without right of way,Inattentive, , , ,1,0,1,0,0,0,0,0,0,0,0,0,0,0
1126624,2009,8,16,20,40,6,43.77544538,-79.17509029,Scarborough East (44),44,West Hill (136),136,D43,Scarborough,4660 KINGSTON Road, , ,Major Arterial,Intersection, ,No Control,Clear,Dark,Dry,Non-Fatal Injury,Cyclist Collisions,Driver,unknown,,0,South,"Automobile, Station Wagon",Going Ahead,Failed to Yield Right of Way,Unknown, , , , , , ,0,1,1,0,0,0,0,0,0,1,0,0,0,0
1126624,2009,8,16,20,40,6,43.77544538,-79.17509029,Scarborough East (44),44,West Hill (136),136,D43,Scarborough,4660 KINGSTON Road, , ,Major Arterial,Intersection, ,No Control,Clear,Dark,Dry,Non-Fatal Injury,Cyclist Collisions,Cyclist,55 to 59,Major,0,East,Bicycle,Going Ahead, , , , , ,"Motorist without ROW drives into path of cyclist at inter, lnwy, dwy-Driver not turn.",Driving Properly,Unknown,0,1,1,0,0,0,0,0,0,1,0,0,0,0
1226853,2011,4,7,20,40,3,43.78574538,-79.40909029,Willowdale (24),24,Newtonbrook East (50),50,D32,North York,WILLOWDALE Aven,REVCOE Driv, ,Minor Arterial,Intersection, ,No Control,Clear,Dark,Dry,Non-Fatal Injury,Rear End,Vehicle Owner,unknown, ,0, ,Other, , , , , , , , , ,0,0,1,0,0,0,0,0,1,1,0,0,1,0
1226853,2011,4,7,20,40,3,43.78574538,-79.40909029,Willowdale (24),24,Newtonbrook East (50),50,D32,North York,WILLOWDALE Aven,REVCOE Driv, ,Minor Arterial,Intersection, ,No Control,Clear,Dark,Dry,Non-Fatal Injury,Rear End,Driver,55 to 59,Minor,0,North,"Automobile, Station Wagon",Going Ahead,Driving Properly,Normal, , , , , , ,0,0,1,0,0,0,0,0,1,1,0,0,1,0
1226853,2011,4,7,20,40,3,43.78574538,-79.40909029,Willowdale (24),24,Newtonbrook East (50),50,D32,North York,WILLOWDALE Aven,REVCOE Driv, ,Minor Arterial,Intersection, ,No Control,Clear,Dark,Dry,Non-Fatal Injury,Rear End,Driver,75 to 79,Major,0,North,"Automobile, Station Wagon",Going Ahead,Following too Close,Medical or Physical Disability, , , , , , ,0,0,1,0,0,0,0,0,1,1,0,0,1,0
1268039,2011,10,4,20,40,1,43.77524538,-79.26319029,Scarborough Centre (37),37,Bendale (127),127,D41,Scarborough,BRIMLEY RD,PROGRESS AVE, ,Major Arterial,Intersection, ,Traffic Signal,Clear,Dark,Dry,Non-Fatal Injury,Turning Movement,Passenger,20 to 24,Minor,0, ,Other, , , , , , , , , ,0,0,1,0,0,0,0,1,0,1,0,0,0,0
1268039,2011,10,4,20,40,1,43.77524538,-79.26319029,Scarborough Centre (37),37,Bendale (127),127,D41,Scarborough,BRIMLEY RD,PROGRESS AVE, ,Major Arterial,Intersection, ,Traffic Signal,Clear,Dark,Dry,Non-Fatal Injury,Turning Movement,Driver,20 to 24,Minimal,0,South,"Automobile, Station Wagon",Turning Left,Failed to Yield Right of Way,Normal, , , , , , ,0,0,1,0,0,0,0,1,0,1,0,0,0,0
1268039,2011,10,4,20,40,1,43.77524538,-79.26319029,Scarborough Centre (37),37,Bendale (127),127,D41,Scarborough,BRIMLEY RD,PROGRESS AVE, ,Major Arterial,Intersection, ,Traffic Signal,Clear,Dark,Dry,Non-Fatal Injury,Turning Movement,Vehicle Owner,unknown, ,0, ,Other, , , , , , , , , ,0,0,1,0,0,0,0,1,0,1,0,0,0,0
1268039,2011,10,4,20,40,1,43.77524538,-79.26319029,Scarborough Centre (37),37,Bendale (127),127,D41,Scarborough,BRIMLEY RD,PROGRESS AVE, ,Major Arterial,Intersection, ,Traffic Signal,Clear,Dark,Dry,Non-Fatal Injury,Turning Movement,Driver,45 to 49,Major,0,North,"Automobile, Station Wagon",Going Ahead,Driving Properly,Normal, , , , , , ,0,0,1,0,0,0,0,1,0,1,0,0,0,0
1342832,2012,2,25,20,40,5,43.73454626,-79.25809107,Scarborough Centre (37),37,Eglinton East (138),138,D41,Scarborough,MIDLAND AVE,EGLINTON AVE E, ,Major Arterial,Intersection,At Intersection,Traffic Signal,Clear,Dark,Dry,Non-Fatal Injury,Pedestrian Collisions,Driver,unknown,,0,North,"Automobile, Station Wagon",Turning Left, , , , , , , , ,1,0,1,0,0,0,0,0,0,0,0,0,0,0
1342832,2012,2,25,20,40,5,43.73454626,-79.25809107,Scarborough Centre (37),37,Eglinton East (138),138,D41,Scarborough,MIDLAND AVE,EGLINTON AVE E, ,Major Arterial,Intersection,At Intersection,Traffic Signal,Clear,Dark,Dry,Non-Fatal Injury,Pedestrian Collisions,Pedestrian,unknown,Minor,0, ,Other,Other, , ,Vehicle turns left while ped crosses with ROW at inter., , , , , ,1,0,1,0,0,0,0,0,0,0,0,0,0,0
1342832,2012,2,25,20,40,5,43.73454626,-79.25809107,Scarborough Centre (37),37,Eglinton East (138),138,D41,Scarborough,MIDLAND AVE,EGLINTON AVE E, ,Major Arterial,Intersection,At Intersection,Traffic Signal,Clear,Dark,Dry,Non-Fatal Injury,Pedestrian Collisions,Pedestrian,unknown,Major,0, ,Other,Other, , , , , , , , ,1,0,1,0,0,0,0,0,0,0,0,0,0,0
1322166,2012,9,7,20,40,4,43.77694538,-79.41319029,Willowdale (23),23,Willowdale East (51),51,D32,North York,BYNG AVE,DORIS AVE, ,Major Arterial,Intersection, ,Traffic Signal,Clear,"Dark, artificial",Dry,Non-Fatal Injury,Pedestrian Collisions,Vehicle Owner,unknown, ,0, ,Other, , , , , , , , , ,1,0,1,0,0,0,0,0,0,1,0,0,0,0
1322166,2012,9,7,20,40,4,43.77694538,-79.41319029,Willowdale (23),23,Willowdale East (51),51,D32,North York,BYNG AVE,DORIS AVE, ,Major Arterial,Intersection, ,Traffic Signal,Clear,"Dark, artificial",Dry,Non-Fatal Injury,Pedestrian Collisions,Driver,60 to 64,,0,East,"Automobile, Station Wagon",Turning Left,Failed to Yield Right of Way,Normal, , , , , , ,1,0,1,0,0,0,0,0,0,1,0,0,0,0
1322166,2012,9,7,20,40,4,43.77694538,-79.41319029,Willowdale (23),23,Willowdale East (51),51,D32,North York,BYNG AVE,DORIS AVE, ,Major Arterial,Intersection, ,Traffic Signal,Clear,"Dark, artificial",Dry,Non-Fatal Injury,Pedestrian Collisions,Pedestrian,55 to 59,Major,0,East,Other, , , ,Vehicle turns left while ped crosses with ROW at inter.,Crossing with right of way,Normal, , , ,1,0,1,0,0,0,0,0,0,1,0,0,0,0