ACCNUM,YEAR,MONTH,DAY,HOUR,MINUTES,WEEKDAY,LATITUDE,LONGITUDE,Ward_Name,Ward_ID,Hood_Name,Hood_ID,Division,District,STREET1,STREET2,OFFSET,ROAD_CLASS,LOCCOORD,ACCLOC,TRAFFCTL,VISIBILITY,LIGHT,RDSFCOND,ACCLASS,IMPACTYPE,INVTYPE,INVAGE,INJURY,FATAL_NO,INITDIR,VEHTYPE,MANOEUVER,DRIVACT,DRIVCOND,PEDTYPE,PEDACT,PEDCOND,CYCLISTYPE,CYCACT,CYCCOND,PEDESTRIAN,CYCLIST,AUTOMOBILE,MOTORCYCLE,TRUCK,TRSN_CITY_VEH,EMERG_VEH,PASSENGER,SPEEDING,AG_DRIV,REDLIGHT,ALCOHOL,DISABILITY,label
6001719331,2016,9,6,20,40,1,43.66903647,-79.33601771,Toronto-Danforth (30),30,South Riverdale (70),70,D55,Toronto East York,1058 GERRARD ST E, ,5 m South of,Minor Arterial,Mid-Block,Non Intersection,No Control,Clear,"Dark, artificial",Dry,Non-Fatal Injury,Pedestrian Collisions,Driver,40 to 44,,0,East,"Automobile, Station Wagon",Going Ahead,Driving Properly,Had Been Drinking, , , , , , ,1,0,1,0,0,0,0,0,0,0,0,0,0,0
6001719331,2016,9,6,20,40,1,43.66903647,-79.33601771,Toronto-Danforth (30),30,South Riverdale (70),70,D55,Toronto East York,1058 GERRARD ST E, ,5 m South of,Minor Arterial,Mid-Block,Non Intersection,No Control,Clear,"Dark, artificial",Dry,Non-Fatal Injury,Pedestrian Collisions,Pedestrian,60 to 64,Major,0,South, , , , ,Pedestrian hit at mid-block,"Crossing, no Traffic Control",Normal, , , ,1,0,1,0,0,0,0,0,0,0,0,0,0,0
6002076706,2016,11,22,20,40,1,43.6187168,-79.50637446,Etobicoke-Lakeshore (6),6,Mimico (includes Humber Bay Shores) (17),17,D22,Etobicoke York,MELROSE ST,GARROCH PL, ,Local,Intersection,At Intersection,No Control,Clear,"Dark, artificial",Dry,Non-Fatal Injury,Pedestrian Collisions,Driver,25 to 29,,0,East,"Automobile, Station Wagon",Turning Left,Failed to Yield Right of Way,Inattentive, , , , , , ,1,0,1,0,0,0,0,0,0,1,0,0,0,0
6002076706,2016,11,22,20,40,1,43.6187168,-79.50637446,Etobicoke-Lakeshore (6),6,Mimico (includes Humber Bay Shores) (17),17,D22,Etobicoke York,MELROSE ST,GARROCH PL, ,Local,Intersection,At Intersection,No Control,Clear,"Dark, artificial",Dry,Non-Fatal Injury,Pedestrian Collisions,Pedestrian,85 to 89,Major,0,East, , , , ,Vehicle turns left while ped crosses with ROW at inter.,Crossing with right of way,Normal, , , ,1,0,1,0,0,0,0,0,0,1,0,0,0,0
7001616713,2017,9,6,20,40,2,43.68532904,-79.29340754,Beaches-East York (32),32,East End-Danforth (62),62,D55,Toronto East York,GERRARD ST E,HANNAFORD ST, ,Minor Arterial,Intersection,At Intersection,No Control,Clear,"Dark, artificial",Dry,Non-Fatal Injury,Cyclist Collisions,Driver,55 to 59,,0,West,"Automobile, Station Wagon",Turning Left,Improper Turn,Normal, , , , , , ,0,1,1,0,0,0,0,0,0,0,0,0,0,0
7001616713,2017,9,6,20,40,2,43.68532904,-79.29340754,Beaches-East York (32),32,East End-Danforth (62),62,D55,Toronto East York,GERRARD ST E,HANNAFORD ST, ,Minor Arterial,Intersection,At Intersection,No Control,Clear,"Dark, artificial",Dry,Non-Fatal Injury,Cyclist Collisions,Cyclist,30 to 34,Major,0,East,Bicycle,Going Ahead, , , , , ,Motorist turned left across cyclists path.,Driving Properly,Normal,0,1,1,0,0,0,0,0,0,0,0,0,0,0
1206111,2010,11,18,20,41,3,43.65154538,-79.36269029,Toronto Centre-Rosedale (28),28,Waterfront Communities-The Island (77),77,D51,Toronto East York,PARLIAMENT St,FRONT St E, ,Minor Arterial,Intersection,At Intersection,Traffic Signal,Clear,Dark,Dry,Non-Fatal Injury,Angle,Driver,75 to 79,Minor,0,East,"Automobile, Station Wagon",Going Ahead,Disobeyed Traffic Control,Unknown, , , , , , ,0,0,1,0,0,0,0,1,0,1,1,0,0,0
1206111,2010,11,18,20,41,3,43.65154538,-79.36269029,Toronto Centre-Rosedale (28),28,Waterfront Communities-The Island (77),77,D51,Toronto East York,PARLIAMENT St,FRONT St E, ,Minor Arterial,Intersection,At Intersection,Traffic Signal,Clear,Dark,Dry,Non-Fatal Injury,Angle,Passenger,unknown,Minimal,0, ,Other, , , , , , , , , ,0,0,1,0,0,0,0,1,0,1,1,0,0,0
1206111,2010,11,18,20,41,3,43.65154538,-79.36269029,Toronto Centre-Rosedale (28),28,Waterfront Communities-The Island (77),77,D51,Toronto East York,PARLIAMENT St,FRONT St E, ,Minor Arterial,Intersection,At Intersection,Traffic Signal,Clear,Dark,Dry,Non-Fatal Injury,Angle,Passenger,unknown,Major,0, ,Other, , , , , , , , , ,0,0,1,0,0,0,0,1,0,1,1,0,0,0
1206111,2010,11,18,20,41,3,43.65154538,-79.36269029,Toronto Centre-Rosedale (28),28,Waterfront Communities-The Island (77),77,D51,Toronto East York,PARLIAMENT St,FRONT St E, ,Minor Arterial,Intersection,At Intersection,Traffic Signal,Clear,Dark,Dry,Non-Fatal Injury,Angle,Driver,25 to 29,Minor,0,North,"Automobile, Station Wagon",Going Ahead,Driving Properly,Unknown, , , , , , ,0,0,1,0,0,0,0,1,0,1,1,0,0,0
1345002,2013,1,18,20,41,4,43.74474538,-79.48639029,York Centre (9),9,Downsview-Roding-CFB (26),26,D31,North York,SHEPPARD AVE W,KEELE ST, ,Major Arterial,Intersection,At Intersection,Traffic Signal,Clear,"Dark, artificial",Wet,Non-Fatal Injury,Pedestrian Collisions,Driver,55 to 59,Minimal,0,East,"Automobile, Station Wagon",Turning Right,Failed to Yield Right of Way,Unknown, , , , , , ,1,0,1,0,0,0,0,0,0,1,0,0,0,0
1345002,2013,1,18,20,41,4,43.74474538,-79.48639029,York Centre (9),9,Downsview-Roding-CFB (26),26,D31,North York,SHEPPARD AVE W,KEELE ST, ,Major Arterial,Intersection,At Intersection,Traffic Signal,Clear,"Dark, artificial",Wet,Non-Fatal Injury,Pedestrian Collisions,Pedestrian,40 to 44,Major,0,East,Other, , , ,Vehicle turns right while ped crosses with ROW at inter.,Crossing with right of way,Unknown, , , ,1,0,1,0,0,0,0,0,0,1,0,0,0,0
4001701923,2014,3,14,20,41,4,43.73990591,-79.24553309,Scarborough Centre (38),38,Eglinton East (138),138,D43,Scarborough,DANFORTH RD,TRUDELLE ST, ,Major Arterial,Intersection,Intersection Related,Traffic Signal,Clear,"Dark, artificial",Dry,Non-Fatal Injury,Pedestrian Collisions,Driver,40 to 44,,0,North,"Automobile, Station Wagon",Going Ahead,Driving Properly,Unknown, , , , , , ,1,0,1,0,0,0,0,1,0,1,0,0,0,0
4001701923,2014,3,14,20,41,4,43.73990591,-79.24553309,Scarborough Centre (38),38,Eglinton East (138),138,D43,Scarborough,DANFORTH RD,TRUDELLE ST, ,Major Arterial,Intersection,Intersection Related,Traffic Signal,Clear,"Dark, artificial",Dry,Non-Fatal Injury,Pedestrian Collisions,Driver,30 to 34,,0,West,"Automobile, Station Wagon",Stopped,Driving Properly,Unknown, , , , , , ,1,0,1,0,0,0,0,1,0,1,0,0,0,0
4001701923,2014,3,14,20,41,4,43.73990591,-79.24553309,Scarborough Centre (38),38,Eglinton East (138),138,D43,Scarborough,DANFORTH RD,TRUDELLE ST, ,Major Arterial,Intersection,Intersection Related,Traffic Signal,Clear,"Dark, artificial",Dry,Non-Fatal Injury,Pedestrian Collisions,Driver,15 to 19,,0,South,"Automobile, Station Wagon",Turning Left,Failed to Yield Right of Way,Unknown, , , , , , ,1,0,1,0,0,0,0,1,0,1,0,0,0,0
4001701923,2014,3,14,20,41,4,43.73990591,-79.24553309,Scarborough Centre (38),38,Eglinton East (138),138,D43,Scarborough,DANFORTH RD,TRUDELLE ST, ,Major Arterial,Intersection,Intersection Related,Traffic Signal,Clear,"Dark, artificial",Dry,Non-Fatal Injury,Pedestrian Collisions,Passenger,25 to 29,,0, , , , , , , , , , , ,1,0,1,0,0,0,0,1,0,1,0,0,0,0
4001701923,2014,3,14,20,41,4,43.73990591,-79.24553309,Scarborough Centre (38),38,Eglinton East (138),138,D43,Scarborough,DANFORTH RD,TRUDELLE ST, ,Major Arterial,Intersection,Intersection Related,Traffic Signal,Clear,"Dark, artificial",Dry,Non-Fatal Injury,Pedestrian Collisions,Passenger,0 to 4,,0, , , , , , , , , , , ,1,0,1,0,0,0,0,1,0,1,0,0,0,0
4001701923,2014,3,14,20,41,4,43.73990591,-79.24553309,Scarborough Centre (38),38,Eglinton East (138),138,D43,Scarborough,DANFORTH RD,TRUDELLE ST, ,Major Arterial,Intersection,Intersection Related,Traffic Signal,Clear,"Dark, artificial",Dry,Non-Fatal Injury,Pedestrian Collisions,Pedestrian,50 to 54,Major,0,Unknown, , , , ,Vehicle is going straight thru inter.while ped cross with ROW,Crossing with right of way,Unknown, , , ,1,0,1,0,0,0,0,1,0,1,0,0,0,0
982327,2007,7,2,20,42,0,43.78654538,-79.18829029,Scarborough East (44),44,Highland Creek (134),134,D43,Scarborough,ELLESMERE Road,MILITARY Trai, ,Minor Arterial,Intersection,At Intersection,Traffic Signal,Clear,Dark,Dry,Non-Fatal Injury,Turning Movement,Driver,35 to 39,Major,0,West,"Automobile, Station Wagon",Going Ahead,Disobeyed Traffic Control,Inattentive, , , , , , ,0,0,1,0,0,0,0,1,1,1,1,0,0,0
982327,2007,7,2,20,42,0,43.78654538,-79.18829029,Scarborough East (44),44,Highland Creek (134),134,D43,Scarborough,ELLESMERE Road,MILITARY Trai, ,Minor Arterial,Intersection,At Intersection,Traffic Signal,Clear,Dark,Dry,Non-Fatal Injury,Turning Movement,Passenger,15 to 19,Minor,0, ,Other, , , , , , , , , ,0,0,1,0,0,0,0,1,1,1,1,0,0,0
982327,2007,7,2,20,42,0,43.78654538,-79.18829029,Scarborough East (44),44,Highland Creek (134),134,D43,Scarborough,ELLESMERE Road,MILITARY Trai, ,Minor Arterial,Intersection,At Intersection,Traffic Signal,Clear,Dark,Dry,Non-Fatal Injury,Turning Movement,Vehicle Owner,unknown, ,0, ,Other, , , , , , , , , ,0,0,1,0,0,0,0,1,1,1,1,0,0,0
982327,2007,7,2,20,42,0,43.78654538,-79.18829029,Scarborough East (44),44,Highland Creek (134),134,D43,Scarborough,ELLESMERE Road,MILITARY Trai, ,Minor Arterial,Intersection,At Intersection,Traffic Signal,Clear,Dark,Dry,Non-Fatal Injury,Turning Movement,Driver,15 to 19,Minor,0,South,"Automobile, Station Wagon",Turning Left,Driving Properly,Normal, , , , , , ,0,0,1,0,0,0,0,1,1,1,1,0,0,0
1297456,2012,4,7,20,43,5,43.68943365,-79.26826868,Scarborough Southwest (36),36,Birchcliffe-Cliffside (122),122,D41,Scarborough,KINGSTON RD,VALHALLA BLVD, ,Major Arterial,Intersection,At Intersection,No Control,Clear,"Dusk, artificial",Dry,Non-Fatal Injury,Turning Movement,Motorcycle Driver,30 to 34,Major,0,East,Motorcycle,Going Ahead,Driving Properly,Normal, , , , , , ,0,0,1,1,0,0,0,0,0,1,0,1,0,0
1297456,2012,4,7,20,43,5,43.68943365,-79.26826868,Scarborough Southwest (36),36,Birchcliffe-Cliffside (122),122,D41,Scarborough,KINGSTON RD,VALHALLA BLVD, ,Major Arterial,Intersection,At Intersection,No Control,Clear,"Dusk, artificial",Dry,Non-Fatal Injury,Turning Movement,Driver,50 to 54,,0,West,"Automobile, Station Wagon",Turning Left,Failed to Yield Right of Way,"Ability Impaired, Alcohol", , , , , , ,0,0,1,1,0,0,0,0,0,1,0,1,0,0
1146005,2010,1,5,20,44,1,43.69034538,-79.38329029,Toronto Centre-Rosedale (27),27,Rosedale-Moore Park (98),98,D53,Toronto East York,MOUNT PLEASANT RD,ST CLAIR AVE E, ,Major Arterial,Intersection,At Intersection,No Control,Clear,Dark,Wet,Non-Fatal Injury,Turning Movement,Driver,55 to 59,Major,0,East,"Automobile, Station Wagon",Turning Right,Lost control,Medical or Physical Disability, , , , , , ,0,0,1,0,0,0,0,0,0,0,0,0,1,0
1146005,2010,1,5,20,44,1,43.69034538,-79.38329029,Toronto Centre-Rosedale (27),27,Rosedale-Moore Park (98),98,D53,Toronto East York,MOUNT PLEASANT RD,ST CLAIR AVE E, ,Major Arterial,Intersection,At Intersection,No Control,Clear,Dark,Wet,Non-Fatal Injury,Turning Movement,Driver,50 to 54,,0,North,"Automobile, Station Wagon",Stopped,Driving Properly,Normal, , , , , , ,0,0,1,0,0,0,0,0,0,0,0,0,1,0
1193747,2010,10,7,20,44,3,43.76574538,-79.40909029,Willowdale (23),23,Willowdale East (51),51,D32,North York,DORIS AVE,HOLLYWOOD AVE, ,Collector,Mid-Block, ,Pedestrian Crossover,Clear,Dark,Dry,Fatal,Pedestrian Collisions,Driver,40 to 44,,0,South,"Automobile, Station Wagon",Going Ahead,Failed to Yield Right of Way,Normal, , , , , , ,1,0,1,0,0,0,0,0,0,1,0,0,0,1
1193747,2010,10,7,20,44,3,43.76574538,-79.40909029,Willowdale (23),23,Willowdale East (51),51,D32,North York,DORIS AVE,HOLLYWOOD AVE, ,Collector,Mid-Block, ,Pedestrian Crossover,Clear,Dark,Dry,Fatal,Pedestrian Collisions,Pedestrian,40 to 44,Fatal,34,West,Other, , , ,Pedestrian hit a PXO/ped. Mid-block signal,"Crossing, Pedestrian Crossover",Normal, , , ,1,0,1,0,0,0,0,0,0,1,0,0,0,1
964870,2007,3,27,20,45,1,43.66144538,-79.40069029,Trinity-Spadina (20),20,University (79),79,D52,Toronto East York,40 WILLCOCKS St, , ,Local,Mid-Block, ,No Control,Clear,Dark,Dry,Non-Fatal Injury,Cyclist Collisions,Driver,40 to 44,,0,West,"Automobile, Station Wagon",Turning Left,Improper Turn,Inattentive, , , , , , ,0,1,1,0,0,0,0,0,0,0,0,0,0,0
964870,2007,3,27,20,45,1,43.66144538,-79.40069029,Trinity-Spadina (20),20,University (79),79,D52,Toronto East York,40 WILLCOCKS St, , ,Local,Mid-Block, ,No Control,Clear,Dark,Dry,Non-Fatal Injury,Cyclist Collisions,Cyclist,65 to 69,Major,0,East,Bicycle,Going Ahead, , , , , ,Motorist turned left across cyclists path., , ,0,1,1,0,0,0,0,0,0,0,0,0,0,0
1011587,2007,11,25,20,45,6,43.64324538,-79.39199029,Trinity-Spadina (20),20,Waterfront Communities-The Island (77),77,D52,Toronto East York,FRONT ST W,SPADINA AVE, ,Minor Arterial,Mid-Block, ,No Control,Clear,Dark,Dry,Non-Fatal Injury,Pedestrian Collisions,Driver,55 to 59,,0,West,"Automobile, Station Wagon",Going Ahead,Driving Properly,Normal, , , , , , ,1,0,1,0,0,0,0,0,0,0,0,0,0,0
1011587,2007,11,25,20,45,6,43.64324538,-79.39199029,Trinity-Spadina (20),20,Waterfront Communities-The Island (77),77,D52,Toronto East York,FRONT ST W,SPADINA AVE, ,Minor Arterial,Mid-Block, ,No Control,Clear,Dark,Dry,Non-Fatal Injury,Pedestrian Collisions,Pedestrian,40 to 44,Major,0,North,Other, , , ,Pedestrian hit at mid-block,"Crossing, no Traffic Control",Had Been Drinking, , , ,1,0,1,0,0,0,0,0,0,0,0,0,0,0
1053906,2008,8,14,20,45,3,43.67364538,-79.46249029,Davenport (17),17,Weston-Pellam Park (91),91,D11,Etobicoke York,ST CLAIR Aven W,FORD Stre, ,Major Arterial,Intersection,At Intersection,No Control,Clear,Dark,Dry,Non-Fatal Injury,Sideswipe,Motorcycle Driver,25 to 29,Major,0,East,Motorcycle,Going Ahead,Driving Properly,Normal, , , , , , ,0,0,1,1,0,0,0,0,0,0,0,0,0,0
1053906,2008,8,14,20,45,3,43.67364538,-79.46249029,Davenport (17),17,Weston-Pellam Park (91),91,D11,Etobicoke York,ST CLAIR Aven W,FORD Stre, ,Major Arterial,Intersection,At Intersection,No Control,Clear,Dark,Dry,Non-Fatal Injury,Sideswipe,Driver,unknown,,0,East,"Automobile, Station Wagon",Changing Lanes,Improper Lane Change,Unknown, , , , , , ,0,0,1,1,0,0,0,0,0,0,0,0,0,0
1305383,2012,6,5,20,45,1,43.65984538,-79.43539029,Davenport (18),18,Dufferin Grove (83),83,D11,Toronto East York,DUFFERIN ST,BLOOR ST W, ,Major Arterial,Intersection,At Intersection,Traffic Signal,Clear,Dusk,Dry,Non-Fatal Injury,Cyclist Collisions,Driver,25 to 29,,0,North,"Automobile, Station Wagon",Going Ahead,Driving Properly,Normal, , , , , , ,0,1,1,0,0,0,0,1,0,0,0,0,0,0
1305383,2012,6,5,20,45,1,43.65984538,-79.43539029,Davenport (18),18,Dufferin Grove (83),83,D11,Toronto East York,DUFFERIN ST,BLOOR ST W, ,Major Arterial,Intersection,At Intersection,Traffic Signal,Clear,Dusk,Dry,Non-Fatal Injury,Cyclist Collisions,Passenger,30 to 34,,0, ,Other, , , , , , , , , ,0,1,1,0,0,0,0,1,0,0,0,0,0,0
1305383,2012,6,5,20,45,1,43.65984538,-79.43539029,Davenport (18),18,Dufferin Grove (83),83,D11,Toronto East York,DUFFERIN ST,BLOOR ST W, ,Major Arterial,Intersection,At Intersection,Traffic Signal,Clear,Dusk,Dry,Non-Fatal Injury,Cyclist Collisions,Passenger,20 to 24,,0, ,Other, , , , , , , , , ,0,1,1,0,0,0,0,1,0,0,0,0,0,0
1305383,2012,6,5,20,45,1,43.65984538,-79.43539029,Davenport (18),18,Dufferin Grove (83),83,D11,Toronto East York,DUFFERIN ST,BLOOR ST W, ,Major Arterial,Intersection,At Intersection,Traffic Signal,Clear,Dusk,Dry,Non-Fatal Injury,Cyclist Collisions,Cyclist,20 to 24,Major,0,West,Bicycle,Going Ahead, , , , , ,"Cyclist without ROW rides into path of motorist at inter, lnwy, dwy-Cyclist not turn.",Disobeyed Traffic Control,Unknown,0,1,1,0,0,0,0,1,0,0,0,0,0,0
1388238,2013,10,31,20,45,3,43.68843802,-79.30054102,Beaches-East York (32),32,East End-Danforth (62),62,D55,Toronto East York,DANFORTH AVE,BARRINGTON AVE, ,Major Arterial,Intersection, ,No Control,Rain,"Dark, artificial",Wet,Non-Fatal Injury,Pedestrian Collisions,Driver,30 to 34,,0,East,"Automobile, Station Wagon",Going Ahead,Driving Properly,Normal, , , , , , ,1,0,1,0,0,0,0,0,0,0,0,0,0,0
1388238,2013,10,31,20,45,3,43.68843802,-79.30054102,Beaches-East York (32),32,East End-Danforth (62),62,D55,Toronto East York,DANFORTH AVE,BARRINGTON AVE, ,Major Arterial,Intersection, ,No Control,Rain,"Dark, artificial",Wet,Non-Fatal Injury,Pedestrian Collisions,Vehicle Owner,unknown, ,0, ,Other, , , , , , , , , ,1,0,1,0,0,0,0,0,0,0,0,0,0,0
1388238,2013,10,31,20,45,3,43.68843802,-79.30054102,Beaches-East York (32),32,East End-Danforth (62),62,D55,Toronto East York,DANFORTH AVE,BARRINGTON AVE, ,Major Arterial,Intersection, ,No Control,Rain,"Dark, artificial",Wet,Non-Fatal Injury,Pedestrian Collisions,Pedestrian,5 to 9,Major,0,South,Other, , , ,Vehicle is going straight thru inter.while ped cross without ROW,Running onto Roadway,Inattentive, , , ,1,0,1,0,0,0,0,0,0,0,0,0,0,0
7000689594,2017,4,19,20,45,2,43.734737,-79.2568017,Scarborough Southwest (35),35,Kennedy Park (124),124,D41,Scarborough,EGLINTON AVE E,COMMONWEALTH AVE,29 m East of,Major Arterial,Intersection,At Intersection,No Control,Clear,"Dark, artificial",Dry,Non-Fatal Injury,Pedestrian Collisions,Driver,65 to 69,,0,West,"Automobile, Station Wagon",Going Ahead,Driving Properly,Normal, , , , , , ,1,0,1,0,0,0,0,0,0,0,0,0,0,0
7000689594,2017,4,19,20,45,2,43.734737,-79.2568017,Scarborough Southwest (35),35,Kennedy Park (124),124,D41,Scarborough,EGLINTON AVE E,COMMONWEALTH AVE,29 m East of,Major Arterial,Intersection,At Intersection,No Control,Clear,"Dark, artificial",Dry,Non-Fatal Injury,Pedestrian Collisions,Pedestrian,45 to 49,Major,0,South, , , , ,Pedestrian hit at mid-block,"Crossing, no Traffic Control",Normal, , , ,1,0,1,0,0,0,0,0,0,0,0,0,0,0
6001862709,2016,10,19,20,46,2,43.65105398,-79.43605433,Davenport (18),18,Little Portugal (84),84,D11,Toronto East York,BROCK AVE,MOUTRAY ST, ,Collector,Intersection,At Intersection,No Control,Clear,"Dark, artificial",Dry,Non-Fatal Injury,Cyclist Collisions,Driver,20 to 24,,0,North,"Automobile, Station Wagon",Turning Left,Improper Turn,Normal, , , , , , ,0,1,1,0,0,0,0,0,0,0,0,0,0,0
4002642659,2014,8,5,19,32,1,43.80778082,-79.21560297,Scarborough-Rouge River (42),42,Malvern (132),132,D42,Scarborough,SEWELLS RD,BRENYON WAY, ,Minor Arterial,Intersection,Intersection Related,Traffic Signal,Clear,Daylight,Dry,Non-Fatal Injury,Pedestrian Collisions,Driver,35 to 39,,0,North,Passenger Van,Turning Left,Failed to Yield Right of Way,Normal, , , , , , ,1,0,1,0,0,0,0,1,0,1,0,0,0,0
1301786,2012,7,1,19,40,6,43.73674538,-79.59169029,Etobicoke North (1),1,West Humber-Clairville (1),1,D23,Etobicoke York,MARTIN GROVE RD,FINCH AVE W, ,Major Arterial,Intersection,At Intersection,Traffic Signal,Clear,Daylight,Dry,Non-Fatal Injury,Pedestrian Collisions,Pedestrian,65 to 69,Major,0,North,Other, , , ,Vehicle turns left while ped crosses with ROW at inter.,Crossing with right of way,Normal, , , ,1,0,1,0,0,0,0,0,0,1,0,0,0,0
7003203834,2017,12,15,20,5,4,43.64918438,-79.38406729,Toronto Centre-Rosedale (28),28,Bay Street Corridor (76),76,D52,Toronto East York,ADELAIDE ST W,YORK ST, ,Major Arterial,Intersection,Intersection Related,Traffic Signal,Clear,"Dark, artificial",Wet,Non-Fatal Injury,Pedestrian Collisions,Driver,40 to 44,,0,East,"Automobile, Station Wagon",Turning Left,Driving Properly,Normal, , , , , , ,1,0,1,0,0,0,0,0,0,0,0,0,0,0
4002642659,2014,8,5,19,32,1,43.80778082,-79.21560297,Scarborough-Rouge River (42),42,Malvern (132),132,D42,Scarborough,SEWELLS RD,BRENYON WAY, ,Minor Arterial,Intersection,Intersection Related,Traffic Signal,Clear,Daylight,Dry,Non-Fatal Injury,Pedestrian Collisions,Passenger,10 to 14,,0, , , , , , , , , , , ,1,0,1,0,0,0,0,1,0,1,0,0,0,0
6002315243,2016,12,31,20,22,5,43.72595175,-79.31348809999999,Don Valley East (34),34,Victoria Village (43),43,D54,North York,EGLINTON AVE E,BERMONDSEY RD, ,Major Arterial,Intersection,Intersection Related,Traffic Signal,Clear,"Dark, artificial",Wet,Non-Fatal Injury,Turning Movement,Driver,25 to 29,,0,West,"Automobile, Station Wagon",Turning Left,Improper Turn,Normal, , , , , , ,0,0,1,0,0,0,0,1,0,0,0,0,0,0
4002642659,2014,8,5,19,32,1,43.80778082,-79.21560297,Scarborough-Rouge River (42),42,Malvern (132),132,D42,Scarborough,SEWELLS RD,BRENYON WAY, ,Minor Arterial,Intersection,Intersection Related,Traffic Signal,Clear,Daylight,Dry,Non-Fatal Injury,Pedestrian Collisions,Pedestrian,25 to 29,Major,0,South, , , , ,Vehicle turns left while ped crosses with ROW at inter.,Crossing with right of way,Unknown, , , ,1,0,1,0,0,0,0,1,0,1,0,0,0,0
4002270913,2014,6,11,19,40,2,43.70253714,-79.33308039,Toronto-Danforth (29),29,Old East York (58),58,D54,Toronto East York,DON VALLEY PARKWAY  S,DON MILLS RD,500 m North of,Expressway,Mid-Block,Non Intersection,No Control,Clear,Daylight,Dry,Non-Fatal Injury,Sideswipe,Driver,35 to 39,,0,South,"Automobile, Station Wagon",Going Ahead,Lost control,Unknown, , , , , , ,0,0,1,0,0,0,0,1,1,1,0,0,0,0
1038340,2008,5,13,20,30,1,43.72594538,-79.31939029,Don Valley East (34),34,Victoria Village (43),43,D33,North York,EGLINTON AVE E,CREDIT UNION DR, ,Major Arterial,Mid-Block, ,No Control,Clear,Dark,Dry,Fatal,Approaching,Driver,30 to 34,Minor,0,East,"Automobile, Station Wagon",Going Ahead,Driving Properly,Normal, , , , , , ,0,0,1,0,0,0,0,1,1,1,0,0,0,1
7000485980,2017,3,18,19,32,5,43.66763647,-79.3788949,Toronto Centre-Rosedale (27),27,North St.James Town (74),74,D51,Toronto East York,JARVIS ST,EARL PL,30 m South of,Major Arterial,Mid-Block,Intersection Related,No Control,Rain,"Dark, artificial",Wet,Fatal,Pedestrian Collisions,Pedestrian,60 to 64,Fatal,12,East, , , , ,Pedestrian hit at mid-block,"Crossing, no Traffic Control",Medical or Physical Disability, , , ,1,0,1,0,0,0,0,0,0,0,0,0,0,1
7003203834,2017,12,15,20,5,4,43.64918438,-79.38406729,Toronto Centre-Rosedale (28),28,Bay Street Corridor (76),76,D52,Toronto East York,ADELAIDE ST W,YORK ST, ,Major Arterial,Intersection,Intersection Related,Traffic Signal,Clear,"Dark, artificial",Wet,Non-Fatal Injury,Pedestrian Collisions,Pedestrian,55 to 59,Major,0, , , , , , , ,Normal, , , ,1,0,1,0,0,0,0,0,0,0,0,0,0,0
6002315243,2016,12,31,20,22,5,43.72595175,-79.31348809999999,Don Valley East (34),34,Victoria Village (43),43,D54,North York,EGLINTON AVE E,BERMONDSEY RD, ,Major Arterial,Intersection,Intersection Related,Traffic Signal,Clear,"Dark, artificial",Wet,Non-Fatal Injury,Turning Movement,Driver,50 to 54,,0,East,"Automobile, Station Wagon",Going Ahead,Driving Properly,Normal, , , , , , ,0,0,1,0,0,0,0,1,0,0,0,0,0,0
1038340,2008,5,13,20,30,1,43.72594538,-79.31939029,Don Valley East (34),34,Victoria Village (43),43,D33,North York,EGLINTON AVE E,CREDIT UNION DR, ,Major Arterial,Mid-Block, ,No Control,Clear,Dark,Dry,Fatal,Approaching,Vehicle Owner,unknown, ,0, ,Other, , , , , , , , , ,0,0,1,0,0,0,0,1,1,1,0,0,0,1
7000485980,2017,3,18,19,32,5,43.66763647,-79.3788949,Toronto Centre-Rosedale (27),27,North St.James Town (74),74,D51,Toronto East York,JARVIS ST,EARL PL,30 m South of,Major Arterial,Mid-Block,Intersection Related,No Control,Rain,"Dark, artificial",Wet,Fatal,Pedestrian Collisions,Driver,65 to 69,,0,South,"Automobile, Station Wagon",Going Ahead,Driving Properly,Unknown, , , , , , ,1,0,1,0,0,0,0,0,0,0,0,0,0,1
1056289,2008,8,2,20,7,5,43.70934538,-79.46609029,Eglinton-Lawrence (15),15,Yorkdale-Glen Park (31),31,D13,North York,CALEDONIA Road,JOYCE Park, ,Minor Arterial,Intersection,At Intersection,Stop Sign,Clear,Daylight,Dry,Non-Fatal Injury,Turning Movement,Vehicle Owner,unknown, ,0, ,Other, , , , , , , , , ,0,0,1,1,0,0,0,0,0,1,0,0,0,0
1112683,2009,7,6,20,30,0,43.71874538,-79.32799029,Don Valley West (26),26,Flemingdon Park (44),44,D54,North York,DON VALLEY PARKWAY  N,ST DENNIS DR, ,Expressway,Mid-Block, ,No Control,Clear,Daylight,Dry,Fatal,SMV Other,Passenger,20 to 24,Minor,0, ,Other, , , , , , , , , ,0,0,1,0,0,0,0,1,1,1,0,0,0,1