ACCNUM,YEAR,MONTH,DAY,HOUR,MINUTES,WEEKDAY,LATITUDE,LONGITUDE,Ward_Name,Ward_ID,Hood_Name,Hood_ID,Division,District,STREET1,STREET2,OFFSET,ROAD_CLASS,LOCCOORD,ACCLOC,TRAFFCTL,VISIBILITY,LIGHT,RDSFCOND,ACCLASS,IMPACTYPE,INVTYPE,INVAGE,INJURY,FATAL_NO,INITDIR,VEHTYPE,MANOEUVER,DRIVACT,DRIVCOND,PEDTYPE,PEDACT,PEDCOND,CYCLISTYPE,CYCACT,CYCCOND,PEDESTRIAN,CYCLIST,AUTOMOBILE,MOTORCYCLE,TRUCK,TRSN_CITY_VEH,EMERG_VEH,PASSENGER,SPEEDING,AG_DRIV,REDLIGHT,ALCOHOL,DISABILITY,label
6002315243,2016,12,31,20,22,5,43.72595175,-79.31348809999999,Don Valley East (34),34,Victoria Village (43),43,D54,North York,EGLINTON AVE E,BERMONDSEY RD, ,Major Arterial,Intersection,Intersection Related,Traffic Signal,Clear,"Dark, artificial",Wet,Non-Fatal Injury,Turning Movement,Passenger,25 to 29,,0, , , , , , , , , , , ,0,0,1,0,0,0,0,1,0,0,0,0,0,0
1056289,2008,8,2,20,7,5,43.70934538,-79.46609029,Eglinton-Lawrence (15),15,Yorkdale-Glen Park (31),31,D13,North York,CALEDONIA Road,JOYCE Park, ,Minor Arterial,Intersection,At Intersection,Stop Sign,Clear,Daylight,Dry,Non-Fatal Injury,Turning Movement,Motorcycle Driver,35 to 39,Major,0,North,Motorcycle,Going Ahead,Driving Properly,Normal, , , , , , ,0,0,1,1,0,0,0,0,0,1,0,0,0,0
1112683,2009,7,6,20,30,0,43.71874538,-79.32799029,Don Valley West (26),26,Flemingdon Park (44),44,D54,North York,DON VALLEY PARKWAY  N,ST DENNIS DR, ,Expressway,Mid-Block, ,No Control,Clear,Daylight,Dry,Fatal,SMV Other,Passenger,20 to 24,Fatal,18, ,Other, , , , , , , , , ,0,0,1,0,0,0,0,1,1,1,0,0,0,1
4002270913,2014,6,11,19,40,2,43.70253714,-79.33308039,Toronto-Danforth (29),29,Old East York (58),58,D54,Toronto East York,DON VALLEY PARKWAY  S,DON MILLS RD,500 m North of,Expressway,Mid-Block,Non Intersection,No Control,Clear,Daylight,Dry,Non-Fatal Injury,Sideswipe,Driver,45 to 49,Minor,0,South,Delivery Van,Going Ahead,Driving Properly,Normal, , , , , , ,0,0,1,0,0,0,0,1,1,1,0,0,0,0
1148424,2009,12,21,19,33,0,43.74624538,-79.19879029,Scarborough East (43),43,Guildwood (140),140,D43,Scarborough,LIVINGSTON RD,EARSWICK DR, ,Collector,Intersection,At Intersection,No Control,Clear,Dark,Dry,Non-Fatal Injury,Pedestrian Collisions,Driver,70 to 74,,0,South,"Automobile, Station Wagon",Turning Right,Failed to Yield Right of Way,"Ability Impaired, Alcohol", , , , , , ,1,0,1,0,0,0,0,0,0,1,0,1,0,0
1112683,2009,7,6,20,30,0,43.71874538,-79.32799029,Don Valley West (26),26,Flemingdon Park (44),44,D54,North York,DON VALLEY PARKWAY  N,ST DENNIS DR, ,Expressway,Mid-Block, ,No Control,Clear,Daylight,Dry,Fatal,SMV Other,Vehicle Owner,unknown, ,0, ,Other, , , , , , , , , ,0,0,1,0,0,0,0,1,1,1,0,0,0,1
4002270913,2014,6,11,19,40,2,43.70253714,-79.33308039,Toronto-Danforth (29),29,Old East York (58),58,D54,Toronto East York,DON VALLEY PARKWAY  S,DON MILLS RD,500 m North of,Expressway,Mid-Block,Non Intersection,No Control,Clear,Daylight,Dry,Non-Fatal Injury,Sideswipe,Passenger,45 to 49,Major,0, , , , , , , , , , , ,0,0,1,0,0,0,0,1,1,1,0,0,0,0
1056289,2008,8,2,20,7,5,43.70934538,-79.46609029,Eglinton-Lawrence (15),15,Yorkdale-Glen Park (31),31,D13,North York,CALEDONIA Road,JOYCE Park, ,Minor Arterial,Intersection,At Intersection,Stop Sign,Clear,Daylight,Dry,Non-Fatal Injury,Turning Movement,Driver,35 to 39,,0,West,"Automobile, Station Wagon",Turning Left,Failed to Yield Right of Way,Normal, , , , , , ,0,0,1,1,0,0,0,0,0,1,0,0,0,0
1148424,2009,12,21,19,33,0,43.74624538,-79.19879029,Scarborough East (43),43,Guildwood (140),140,D43,Scarborough,LIVINGSTON RD,EARSWICK DR, ,Collector,Intersection,At Intersection,No Control,Clear,Dark,Dry,Non-Fatal Injury,Pedestrian Collisions,Pedestrian,65 to 69,Major,0,South,Other, , , ,Vehicle turns right while ped crosses with ROW at inter.,Crossing with right of way,Normal, , , ,1,0,1,0,0,0,0,0,0,1,0,1,0,0
1112683,2009,7,6,20,30,0,43.71874538,-79.32799029,Don Valley West (26),26,Flemingdon Park (44),44,D54,North York,DON VALLEY PARKWAY  N,ST DENNIS DR, ,Expressway,Mid-Block, ,No Control,Clear,Daylight,Dry,Fatal,SMV Other,Driver,20 to 24,Fatal,19,North,"Automobile, Station Wagon",Changing Lanes,Exceeding Speed Limit,Unknown, , , , , , ,0,0,1,0,0,0,0,1,1,1,0,0,0,1
6002315243,2016,12,31,20,22,5,43.72595175,-79.31348809999999,Don Valley East (34),34,Victoria Village (43),43,D54,North York,EGLINTON AVE E,BERMONDSEY RD, ,Major Arterial,Intersection,Intersection Related,Traffic Signal,Clear,"Dark, artificial",Wet,Non-Fatal Injury,Turning Movement,Passenger,20 to 24,Minor,0, , , , , , , , , , , ,0,0,1,0,0,0,0,1,0,0,0,0,0,0
5001603828,2015,9,16,19,40,2,43.80890234,-79.3004571,Scarborough-Agincourt (39),39,Milliken (130),130,D42,Scarborough,KENNEDY RD,PERTHSHIRE ST, ,Major Arterial,Intersection,Intersection Related,No Control,Clear,"Dark, artificial",Dry,Non-Fatal Injury,Pedestrian Collisions,Driver,20 to 24,,0,South,"Automobile, Station Wagon",Going Ahead,Driving Properly,Normal, , , , , , ,1,0,1,0,0,0,0,0,0,0,0,0,0,0
1120071,2009,7,6,20,30,0,43.77024538,-79.46069029,York Centre (10),10,Bathurst Manor (34),34,D32,North York,FINCH AVE W,WILMINGTON AVE, ,Major Arterial,Intersection,At Intersection,Traffic Signal,Clear,Daylight,Dry,Non-Fatal Injury,Turning Movement,Driver,75 to 79,,0,West,"Automobile, Station Wagon",Turning Left,Improper Turn,Normal, , , , , , ,0,0,1,1,0,0,0,0,1,1,1,0,0,0
7001224899,2017,7,8,20,7,5,43.68099554,-79.36806116,Toronto Centre-Rosedale (27),27,Rosedale-Moore Park (98),98,D53,Toronto East York,BAYVIEW AVE,BLOOR W BAYVIEW N RAMP,240 m North of,Major Arterial,Mid-Block,Non Intersection,No Control,Clear,Daylight,Dry,Fatal,Turning Movement,Motorcycle Driver,35 to 39,Fatal,29,North,Motorcycle,Going Ahead,Driving Properly,Normal, , , , , , ,0,0,1,1,0,0,0,0,0,0,0,0,0,1
1329835,2012,11,2,19,33,4,43.71256598,-79.36964808,Don Valley West (26),26,Leaside-Bennington (56),56,D53,North York,EGLINTON Ave E,RUMSEY Rd, ,Major Arterial,Intersection,At Intersection,Traffic Signal,Clear,"Dusk, artificial",Dry,Non-Fatal Injury,Angle,Vehicle Owner,unknown, ,0, ,Other, , , , , , , , , ,0,0,1,0,0,0,0,0,0,1,1,0,0,0
7001224899,2017,7,8,20,7,5,43.68099554,-79.36806116,Toronto Centre-Rosedale (27),27,Rosedale-Moore Park (98),98,D53,Toronto East York,BAYVIEW AVE,BLOOR W BAYVIEW N RAMP,240 m North of,Major Arterial,Mid-Block,Non Intersection,No Control,Clear,Daylight,Dry,Fatal,Turning Movement,Driver,35 to 39,Minimal,0,North,"Automobile, Station Wagon",Making U Turn,Improper Turn,Normal, , , , , , ,0,0,1,1,0,0,0,0,0,0,0,0,0,1
5001603828,2015,9,16,19,40,2,43.80890234,-79.3004571,Scarborough-Agincourt (39),39,Milliken (130),130,D42,Scarborough,KENNEDY RD,PERTHSHIRE ST, ,Major Arterial,Intersection,Intersection Related,No Control,Clear,"Dark, artificial",Dry,Non-Fatal Injury,Pedestrian Collisions,Pedestrian,80 to 84,Major,0,Unknown, , , , ,Vehicle is going straight thru inter.while ped cross without ROW,"Crossing, no Traffic Control",Normal, , , ,1,0,1,0,0,0,0,0,0,0,0,0,0,0
1120071,2009,7,6,20,30,0,43.77024538,-79.46069029,York Centre (10),10,Bathurst Manor (34),34,D32,North York,FINCH AVE W,WILMINGTON AVE, ,Major Arterial,Intersection,At Intersection,Traffic Signal,Clear,Daylight,Dry,Non-Fatal Injury,Turning Movement,Motorcycle Driver,20 to 24,Major,0,East,Motorcycle,Going Ahead,Disobeyed Traffic Control,Normal, , , , , , ,0,0,1,1,0,0,0,0,1,1,1,0,0,0
1329835,2012,11,2,19,33,4,43.71256598,-79.36964808,Don Valley West (26),26,Leaside-Bennington (56),56,D53,North York,EGLINTON Ave E,RUMSEY Rd, ,Major Arterial,Intersection,At Intersection,Traffic Signal,Clear,"Dusk, artificial",Dry,Non-Fatal Injury,Angle,Driver,50 to 54,,0,South,"Automobile, Station Wagon",Going Ahead,Driving Properly,Normal, , , , , , ,0,0,1,0,0,0,0,0,0,1,1,0,0,0
7001224899,2017,7,8,20,7,5,43.68099554,-79.36806116,Toronto Centre-Rosedale (27),27,Rosedale-Moore Park (98),98,D53,Toronto East York,BAYVIEW AVE,BLOOR W BAYVIEW N RAMP,240 m North of,Major Arterial,Mid-Block,Non Intersection,No Control,Clear,Daylight,Dry,Fatal,Turning Movement,Motorcycle Driver,45 to 49,Minimal,0,North,Motorcycle,Going Ahead,Driving Properly,Normal, , , , , , ,0,0,1,1,0,0,0,0,0,0,0,0,0,1
6002315243,2016,12,31,20,22,5,43.72595175,-79.31348809999999,Don Valley East (34),34,Victoria Village (43),43,D54,North York,EGLINTON AVE E,BERMONDSEY RD, ,Major Arterial,Intersection,Intersection Related,Traffic Signal,Clear,"Dark, artificial",Wet,Non-Fatal Injury,Turning Movement,Passenger,15 to 19,Major,0, , , , , , , , , , , ,0,0,1,0,0,0,0,1,0,0,0,0,0,0
7001914819,2017,10,22,20,7,6,43.64313438,-79.40794029,Trinity-Spadina (19),19,Niagara (82),82,D14,Toronto East York,KING ST W,NIAGARA ST,33 m West of,Collector,Mid-Block,Non Intersection,No Control,Clear,"Dark, artificial",Dry,Non-Fatal Injury,Pedestrian Collisions,Driver,55 to 59,,0,West,Street Car,Going Ahead,Driving Properly,Normal, , , , , , ,1,0,0,0,0,1,0,0,0,0,0,0,0,0
1162673,2010,3,15,20,30,0,43.64884538,-79.54899029,Etobicoke Centre (3),3,Islington-City Centre West (14),14,D22,Etobicoke York,BURNHAMTHORPE RD,MARTIN GROVE RD, ,Major Arterial,Intersection,At Intersection,Traffic Signal,Clear,Dark,Dry,Non-Fatal Injury,Turning Movement,Driver,55 to 59,Major,0,East,"Automobile, Station Wagon",Turning Left,Improper Turn,Normal, , , , , , ,0,0,1,0,0,0,0,0,0,0,0,0,0,0
5001603828,2015,9,16,19,40,2,43.80890234,-79.3004571,Scarborough-Agincourt (39),39,Milliken (130),130,D42,Scarborough,KENNEDY RD,PERTHSHIRE ST, ,Major Arterial,Intersection,Intersection Related,No Control,Clear,"Dark, artificial",Dry,Non-Fatal Injury,Pedestrian Collisions,Pedestrian,70 to 74,Minimal,0,Unknown, , , , ,Vehicle is going straight thru inter.while ped cross without ROW,"Crossing, no Traffic Control",Normal, , , ,1,0,1,0,0,0,0,0,0,0,0,0,0,0
6002315243,2016,12,31,20,22,5,43.72595175,-79.31348809999999,Don Valley East (34),34,Victoria Village (43),43,D54,North York,EGLINTON AVE E,BERMONDSEY RD, ,Major Arterial,Intersection,Intersection Related,Traffic Signal,Clear,"Dark, artificial",Wet,Non-Fatal Injury,Turning Movement,Passenger,50 to 54,Minor,0, , , , , , , , , , , ,0,0,1,0,0,0,0,1,0,0,0,0,0,0
6000951747,2016,6,1,19,40,2,43.64981802,-79.43555842,Davenport (18),18,Little Portugal (84),84,D11,Toronto East York,DUNDAS ST W,BROCK AVE, ,Minor Arterial,Intersection,At Intersection,Traffic Signal,Clear,Daylight,Dry,Non-Fatal Injury,Cyclist Collisions,Cyclist,30 to 34,Major,0,West,Bicycle,Turning Left, , , , , ,Cyclist turned left across motorists path.,Disobeyed Traffic Control,Inattentive,0,1,1,0,0,0,0,0,0,0,0,0,0,0
1329835,2012,11,2,19,33,4,43.71256598,-79.36964808,Don Valley West (26),26,Leaside-Bennington (56),56,D53,North York,EGLINTON Ave E,RUMSEY Rd, ,Major Arterial,Intersection,At Intersection,Traffic Signal,Clear,"Dusk, artificial",Dry,Non-Fatal Injury,Angle,Driver,35 to 39,,0,West,"Automobile, Station Wagon",Going Ahead,Disobeyed Traffic Control,Normal, , , , , , ,0,0,1,0,0,0,0,0,0,1,1,0,0,0
7001914819,2017,10,22,20,7,6,43.64313438,-79.40794029,Trinity-Spadina (19),19,Niagara (82),82,D14,Toronto East York,KING ST W,NIAGARA ST,33 m West of,Collector,Mid-Block,Non Intersection,No Control,Clear,"Dark, artificial",Dry,Non-Fatal Injury,Pedestrian Collisions,Pedestrian,25 to 29,Major,0, , , , , , , ,Had Been Drinking, , , ,1,0,0,0,0,1,0,0,0,0,0,0,0,0
1162673,2010,3,15,20,30,0,43.64884538,-79.54899029,Etobicoke Centre (3),3,Islington-City Centre West (14),14,D22,Etobicoke York,BURNHAMTHORPE RD,MARTIN GROVE RD, ,Major Arterial,Intersection,At Intersection,Traffic Signal,Clear,Dark,Dry,Non-Fatal Injury,Turning Movement,Driver,25 to 29,,0,West,"Automobile, Station Wagon",Going Ahead,Driving Properly,Normal, , , , , , ,0,0,1,0,0,0,0,0,0,0,0,0,0,0
953931,2007,2,16,20,8,4,43.63244538,-79.41079029,Trinity-Spadina (19),19,Niagara (82),82,D14,Toronto East York,LAKE SHORE BLVD W,NEWFOUNDLAND RD, ,Major Arterial,Intersection,At Intersection,Traffic Signal,Clear,Dark,Dry,Non-Fatal Injury,Turning Movement,Passenger,35 to 39,Minor,0, ,"Automobile, Station Wagon",Other, , , , , , , , ,0,0,1,0,0,0,0,1,0,1,1,0,0,0
1329835,2012,11,2,19,33,4,43.71256598,-79.36964808,Don Valley West (26),26,Leaside-Bennington (56),56,D53,North York,EGLINTON Ave E,RUMSEY Rd, ,Major Arterial,Intersection,At Intersection,Traffic Signal,Clear,"Dusk, artificial",Dry,Non-Fatal Injury,Angle,Vehicle Owner,unknown, ,0, ,Other, , , , , , , , , ,0,0,1,0,0,0,0,0,0,1,1,0,0,0
1132126,2009,10,21,20,23,2,43.74074538,-79.58679029,Etobicoke North (1),1,Mount Olive-Silverstone-Jamestown (2),2,D23,Etobicoke York,1549 ALBION RD, , ,Major Arterial,Mid-Block, ,No Control,Clear,Dark,Dry,Non-Fatal Injury,Pedestrian Collisions,Vehicle Owner,unknown, ,0, ,Other, , , , , , , , , ,1,0,0,0,0,1,0,0,0,0,0,0,0,0
1162673,2010,3,15,20,30,0,43.64884538,-79.54899029,Etobicoke Centre (3),3,Islington-City Centre West (14),14,D22,Etobicoke York,BURNHAMTHORPE RD,MARTIN GROVE RD, ,Major Arterial,Intersection,At Intersection,Traffic Signal,Clear,Dark,Dry,Non-Fatal Injury,Turning Movement,Other Property Owner,unknown, ,0, ,Other, , , , , , , , , ,0,0,1,0,0,0,0,0,0,0,0,0,0,0
953931,2007,2,16,20,8,4,43.63244538,-79.41079029,Trinity-Spadina (19),19,Niagara (82),82,D14,Toronto East York,LAKE SHORE BLVD W,NEWFOUNDLAND RD, ,Major Arterial,Intersection,At Intersection,Traffic Signal,Clear,Dark,Dry,Non-Fatal Injury,Turning Movement,Vehicle Owner,unknown,,0, ,Other,Other, , , , , , , , ,0,0,1,0,0,0,0,1,0,1,1,0,0,0
6000951747,2016,6,1,19,40,2,43.64981802,-79.43555842,Davenport (18),18,Little Portugal (84),84,D11,Toronto East York,DUNDAS ST W,BROCK AVE, ,Minor Arterial,Intersection,At Intersection,Traffic Signal,Clear,Daylight,Dry,Non-Fatal Injury,Cyclist Collisions,Driver,25 to 29,,0,South,"Automobile, Station Wagon",Going Ahead,Driving Properly,Normal, , , , , , ,0,1,1,0,0,0,0,0,0,0,0,0,0,0
1329835,2012,11,2,19,33,4,43.71256598,-79.36964808,Don Valley West (26),26,Leaside-Bennington (56),56,D53,North York,EGLINTON Ave E,RUMSEY Rd, ,Major Arterial,Intersection,At Intersection,Traffic Signal,Clear,"Dusk, artificial",Dry,Non-Fatal Injury,Angle,Driver,70 to 74,Major,0,East,"Automobile, Station Wagon",Slowing or Stopping,Driving Properly,Normal, , , , , , ,0,0,1,0,0,0,0,0,0,1,1,0,0,0
1132126,2009,10,21,20,23,2,43.74074538,-79.58679029,Etobicoke North (1),1,Mount Olive-Silverstone-Jamestown (2),2,D23,Etobicoke York,1549 ALBION RD, , ,Major Arterial,Mid-Block, ,No Control,Clear,Dark,Dry,Non-Fatal Injury,Pedestrian Collisions,Driver,25 to 29,,0,East,Municipal Transit Bus (TTC),Going Ahead,Driving Properly,Normal, , , , , , ,1,0,0,0,0,1,0,0,0,0,0,0,0,0
1162673,2010,3,15,20,30,0,43.64884538,-79.54899029,Etobicoke Centre (3),3,Islington-City Centre West (14),14,D22,Etobicoke York,BURNHAMTHORPE RD,MARTIN GROVE RD, ,Major Arterial,Intersection,At Intersection,Traffic Signal,Clear,Dark,Dry,Non-Fatal Injury,Turning Movement,Other Property Owner,unknown, ,0, ,Other, , , , , , , , , ,0,0,1,0,0,0,0,0,0,0,0,0,0,0
953931,2007,2,16,20,8,4,43.63244538,-79.41079029,Trinity-Spadina (19),19,Niagara (82),82,D14,Toronto East York,LAKE SHORE BLVD W,NEWFOUNDLAND RD, ,Major Arterial,Intersection,At Intersection,Traffic Signal,Clear,Dark,Dry,Non-Fatal Injury,Turning Movement,Driver,35 to 39,Minor,0,East,"Automobile, Station Wagon",Turning Left,Driving Properly,Normal, , , , , , ,0,0,1,0,0,0,0,1,0,1,1,0,0,0
953931,2007,2,16,20,8,4,43.63244538,-79.41079029,Trinity-Spadina (19),19,Niagara (82),82,D14,Toronto East York,LAKE SHORE BLVD W,NEWFOUNDLAND RD, ,Major Arterial,Intersection,At Intersection,Traffic Signal,Clear,Dark,Dry,Non-Fatal Injury,Turning Movement,Driver,60 to 64,Major,0,West,"Automobile, Station Wagon",Other,Disobeyed Traffic Control,Unknown, , , , , , ,0,0,1,0,0,0,0,1,0,1,1,0,0,0
1311099,2012,8,6,20,8,0,43.66634538,-79.43829029,Davenport (18),18,Dovercourt-Wallace Emerson-Junction (93),93,D11,Toronto East York,LAPPIN AVE,DUFFERIN ST, ,Collector,Mid-Block, ,No Control,Clear,"Dark, artificial",Dry,Non-Fatal Injury,Pedestrian Collisions,Driver,unknown,,0,East,"Automobile, Station Wagon",Going Ahead,Other,Unknown, , , , , , ,1,0,1,0,0,0,0,0,0,0,0,0,0,0
1311099,2012,8,6,20,8,0,43.66634538,-79.43829029,Davenport (18),18,Dovercourt-Wallace Emerson-Junction (93),93,D11,Toronto East York,LAPPIN AVE,DUFFERIN ST, ,Collector,Mid-Block, ,No Control,Clear,"Dark, artificial",Dry,Non-Fatal Injury,Pedestrian Collisions,Pedestrian,40 to 44,Major,0,Unknown,Other, , , ,Other / Undefined,Other,Normal, , , ,1,0,1,0,0,0,0,0,0,0,0,0,0,0
6000864386,2016,5,19,20,8,3,43.81290014,-79.24303828,Scarborough-Rouge River (42),42,Malvern (132),132,D42,Scarborough,FINCH AVE E,MARKHAM RD, ,Major Arterial,Intersection,Intersection Related,Traffic Signal,Clear,Daylight,Dry,Non-Fatal Injury,Rear End,Motorcycle Driver,25 to 29,Major,0,North,Motorcycle,Changing Lanes,Following too Close,Normal, , , , , , ,0,0,1,1,0,0,0,0,0,1,0,0,0,0
6000864386,2016,5,19,20,8,3,43.81290014,-79.24303828,Scarborough-Rouge River (42),42,Malvern (132),132,D42,Scarborough,FINCH AVE E,MARKHAM RD, ,Major Arterial,Intersection,Intersection Related,Traffic Signal,Clear,Daylight,Dry,Non-Fatal Injury,Rear End,Driver,40 to 44,,0,North,Pick Up Truck,Changing Lanes,Driving Properly,Normal, , , , , , ,0,0,1,1,0,0,0,0,0,1,0,0,0,0
976691,2007,6,22,20,9,4,43.77874538,-79.30789029,Scarborough-Agincourt (40),40,Tam O'Shanter-Sullivan (118),118,D42,Scarborough,WARDEN AVE,SHEPPARD AVE E, ,Major Arterial,Intersection,At Intersection,Traffic Signal,Clear,Daylight,Dry,Non-Fatal Injury,Pedestrian Collisions,Pedestrian,70 to 74,Major,0,South,Other, , , ,Vehicle turns left while ped crosses with ROW at inter.,Crossing with right of way,Normal, , , ,1,0,1,0,0,0,0,1,0,0,0,0,0,0
976691,2007,6,22,20,9,4,43.77874538,-79.30789029,Scarborough-Agincourt (40),40,Tam O'Shanter-Sullivan (118),118,D42,Scarborough,WARDEN AVE,SHEPPARD AVE E, ,Major Arterial,Intersection,At Intersection,Traffic Signal,Clear,Daylight,Dry,Non-Fatal Injury,Pedestrian Collisions,Passenger,0 to 4,,0, ,Other, , , , , , , , , ,1,0,1,0,0,0,0,1,0,0,0,0,0,0
976691,2007,6,22,20,9,4,43.77874538,-79.30789029,Scarborough-Agincourt (40),40,Tam O'Shanter-Sullivan (118),118,D42,Scarborough,WARDEN AVE,SHEPPARD AVE E, ,Major Arterial,Intersection,At Intersection,Traffic Signal,Clear,Daylight,Dry,Non-Fatal Injury,Pedestrian Collisions,Passenger,5 to 9,,0, ,Other, , , , , , , , , ,1,0,1,0,0,0,0,1,0,0,0,0,0,0
976691,2007,6,22,20,9,4,43.77874538,-79.30789029,Scarborough-Agincourt (40),40,Tam O'Shanter-Sullivan (118),118,D42,Scarborough,WARDEN AVE,SHEPPARD AVE E, ,Major Arterial,Intersection,At Intersection,Traffic Signal,Clear,Daylight,Dry,Non-Fatal Injury,Pedestrian Collisions,Passenger,0 to 4,,0, ,Other, , , , , , , , , ,1,0,1,0,0,0,0,1,0,0,0,0,0,0
976691,2007,6,22,20,9,4,43.77874538,-79.30789029,Scarborough-Agincourt (40),40,Tam O'Shanter-Sullivan (118),118,D42,Scarborough,WARDEN AVE,SHEPPARD AVE E, ,Major Arterial,Intersection,At Intersection,Traffic Signal,Clear,Daylight,Dry,Non-Fatal Injury,Pedestrian Collisions,Passenger,30 to 34,,0, ,Other, , , , , , , , , ,1,0,1,0,0,0,0,1,0,0,0,0,0,0
976691,2007,6,22,20,9,4,43.77874538,-79.30789029,Scarborough-Agincourt (40),40,Tam O'Shanter-Sullivan (118),118,D42,Scarborough,WARDEN AVE,SHEPPARD AVE E, ,Major Arterial,Intersection,At Intersection,Traffic Signal,Clear,Daylight,Dry,Non-Fatal Injury,Pedestrian Collisions,Driver,35 to 39,,0,North,"Automobile, Station Wagon",Turning Left,Improper Turn,Inattentive, , , , , , ,1,0,1,0,0,0,0,1,0,0,0,0,0,0
1113770,2009,6,6,20,9,5,43.67064538,-79.31829029,Beaches-East York (32),32,Woodbine Corridor (64),64,D55,Toronto East York,COXWELL Ave,ROBBINS Ave, ,Minor Arterial,Mid-Block, ,No Control,Clear,Daylight,Dry,Non-Fatal Injury,Cyclist Collisions,Driver,40 to 44,,0,South,"Automobile, Station Wagon",Parked,Other,Inattentive, , , , , , ,0,1,1,0,0,0,0,0,0,0,0,0,0,0
1113770,2009,6,6,20,9,5,43.67064538,-79.31829029,Beaches-East York (32),32,Woodbine Corridor (64),64,D55,Toronto East York,COXWELL Ave,ROBBINS Ave, ,Minor Arterial,Mid-Block, ,No Control,Clear,Daylight,Dry,Non-Fatal Injury,Cyclist Collisions,Cyclist,50 to 54,Major,0,South,Bicycle,Going Ahead, , , , , ,Cyclist struck opened vehicle door,Driving Properly,Normal,0,1,1,0,0,0,0,0,0,0,0,0,0,0
1124221,2009,9,11,20,9,4,43.73184538,-79.30559029,Scarborough Centre (37),37,Wexford/Maryvale (119),119,D41,Scarborough,VICTORIA PARK AVE,ARNCLIFFE CRES, ,Major Arterial,Intersection,At Intersection,Traffic Signal,Clear,Dark,Dry,Fatal,Pedestrian Collisions,Driver,35 to 39,,0,North,"Automobile, Station Wagon",Going Ahead,Driving Properly,Normal, , , , , , ,1,0,1,0,0,0,0,0,0,0,0,0,0,1
1124221,2009,9,11,20,9,4,43.73184538,-79.30559029,Scarborough Centre (37),37,Wexford/Maryvale (119),119,D41,Scarborough,VICTORIA PARK AVE,ARNCLIFFE CRES, ,Major Arterial,Intersection,At Intersection,Traffic Signal,Clear,Dark,Dry,Fatal,Pedestrian Collisions,Pedestrian,15 to 19,Fatal,26,East,Other, , , ,Vehicle is going straight thru inter.while ped cross without ROW,Crossing without right of way,Inattentive, , , ,1,0,1,0,0,0,0,0,0,0,0,0,0,1
1388451,2013,11,4,20,9,0,43.69829138,-79.39663325,St. Paul's (22),22,Mount Pleasant West (104),104,D53,Toronto East York,YONGE St,DAVISVILLE Ave, ,Major Arterial,Mid-Block, ,No Control,Clear,"Dawn, artificial",Dry,Non-Fatal Injury,Rear End,Passenger,65 to 69,Major,0, ,Other, , , , , , , , , ,0,0,1,0,0,0,0,1,0,1,0,0,0,0
1388451,2013,11,4,20,9,0,43.69829138,-79.39663325,St. Paul's (22),22,Mount Pleasant West (104),104,D53,Toronto East York,YONGE St,DAVISVILLE Ave, ,Major Arterial,Mid-Block, ,No Control,Clear,"Dawn, artificial",Dry,Non-Fatal Injury,Rear End,Passenger,75 to 79,Major,0, ,Other, , , , , , , , , ,0,0,1,0,0,0,0,1,0,1,0,0,0,0
1388451,2013,11,4,20,9,0,43.69829138,-79.39663325,St. Paul's (22),22,Mount Pleasant West (104),104,D53,Toronto East York,YONGE St,DAVISVILLE Ave, ,Major Arterial,Mid-Block, ,No Control,Clear,"Dawn, artificial",Dry,Non-Fatal Injury,Rear End,Driver,30 to 34,,0,South,"Automobile, Station Wagon",Going Ahead,Driving Properly,Normal, , , , , , ,0,0,1,0,0,0,0,1,0,1,0,0,0,0
1388451,2013,11,4,20,9,0,43.69829138,-79.39663325,St. Paul's (22),22,Mount Pleasant West (104),104,D53,Toronto East York,YONGE St,DAVISVILLE Ave, ,Major Arterial,Mid-Block, ,No Control,Clear,"Dawn, artificial",Dry,Non-Fatal Injury,Rear End,Driver,30 to 34,,0,South,"Automobile, Station Wagon",Going Ahead,Following too Close,Normal, , , , , , ,0,0,1,0,0,0,0,1,0,1,0,0,0,0
5001785499,2015,10,16,20,9,4,43.76937063,-79.38865290000001,Willowdale (24),24,Bayview Village (52),52,D33,North York,BAYVIEW AVE,BAYVIEW MEWS LANE,10 m North of,Major Arterial,Intersection,Non Intersection,No Control,Clear,"Dark, artificial",Dry,Non-Fatal Injury,Approaching,Driver,50 to 54,Major,0,North,"Automobile, Station Wagon",Going Ahead,Lost control,Inattentive, , , , , , ,0,0,1,0,0,0,0,1,0,0,0,0,0,0
5001785499,2015,10,16,20,9,4,43.76937063,-79.38865290000001,Willowdale (24),24,Bayview Village (52),52,D33,North York,BAYVIEW AVE,BAYVIEW MEWS LANE,10 m North of,Major Arterial,Intersection,Non Intersection,No Control,Clear,"Dark, artificial",Dry,Non-Fatal Injury,Approaching,Driver,60 to 64,Major,0,South,"Automobile, Station Wagon",Going Ahead,Driving Properly,Normal, , , , , , ,0,0,1,0,0,0,0,1,0,0,0,0,0,0
5001785499,2015,10,16,20,9,4,43.76937063,-79.38865290000001,Willowdale (24),24,Bayview Village (52),52,D33,North York,BAYVIEW AVE,BAYVIEW MEWS LANE,10 m North of,Major Arterial,Intersection,Non Intersection,No Control,Clear,"Dark, artificial",Dry,Non-Fatal Injury,Approaching,Passenger,45 to 49,Major,0, , , , , , , , , , , ,0,0,1,0,0,0,0,1,0,0,0,0,0,0