ACCNUM,YEAR,MONTH,DAY,HOUR,MINUTES,WEEKDAY,LATITUDE,LONGITUDE,Ward_Name,Ward_ID,Hood_Name,Hood_ID,Division,District,STREET1,STREET2,OFFSET,ROAD_CLASS,LOCCOORD,ACCLOC,TRAFFCTL,VISIBILITY,LIGHT,RDSFCOND,ACCLASS,IMPACTYPE,INVTYPE,INVAGE,INJURY,FATAL_NO,INITDIR,VEHTYPE,MANOEUVER,DRIVACT,DRIVCOND,PEDTYPE,PEDACT,PEDCOND,CYCLISTYPE,CYCACT,CYCCOND,PEDESTRIAN,CYCLIST,AUTOMOBILE,MOTORCYCLE,TRUCK,TRSN_CITY_VEH,EMERG_VEH,PASSENGER,SPEEDING,AG_DRIV,REDLIGHT,ALCOHOL,DISABILITY,label
5001785499,2015,10,16,20,9,4,43.76937063,-79.38865290000001,Willowdale (24),24,Bayview Village (52),52,D33,North York,BAYVIEW AVE,BAYVIEW MEWS LANE,10 m North of,Major Arterial,Intersection,Non Intersection,No Control,Clear,"Dark, artificial",Dry,Non-Fatal Injury,Approaching,Passenger,20 to 24,Major,0, , , , , , , , , , , ,0,0,1,0,0,0,0,1,0,0,0,0,0,0
1043273,2008,6,11,20,10,2,43.59434538,-79.53399029,Etobicoke-Lakeshore (6),6,Long Branch (19),19,D22,Etobicoke York,LAKE SHORE BLVD W,LONG BRANCH AVE, ,Major Arterial,Intersection,At Intersection,Traffic Signal,Clear,Dusk,Dry,Fatal,Pedestrian Collisions,Vehicle Owner,unknown, ,0, ,Other, , , , , , , , , ,1,0,1,0,0,0,0,0,0,1,0,0,0,1
1043273,2008,6,11,20,10,2,43.59434538,-79.53399029,Etobicoke-Lakeshore (6),6,Long Branch (19),19,D22,Etobicoke York,LAKE SHORE BLVD W,LONG BRANCH AVE, ,Major Arterial,Intersection,At Intersection,Traffic Signal,Clear,Dusk,Dry,Fatal,Pedestrian Collisions,Driver,55 to 59,,0,North,"Automobile, Station Wagon",Turning Left,Failed to Yield Right of Way,Unknown, , , , , , ,1,0,1,0,0,0,0,0,0,1,0,0,0,1
1043273,2008,6,11,20,10,2,43.59434538,-79.53399029,Etobicoke-Lakeshore (6),6,Long Branch (19),19,D22,Etobicoke York,LAKE SHORE BLVD W,LONG BRANCH AVE, ,Major Arterial,Intersection,At Intersection,Traffic Signal,Clear,Dusk,Dry,Fatal,Pedestrian Collisions,Pedestrian,60 to 64,Fatal,26,South,Other, , , ,Vehicle turns left while ped crosses with ROW at inter.,Crossing with right of way,Normal, , , ,1,0,1,0,0,0,0,0,0,1,0,0,0,1
1142942,2009,12,10,20,10,3,43.63904538,-79.54779029,Etobicoke-Lakeshore (5),5,Islington-City Centre West (14),14,D22,Etobicoke York,BLOOR Stre W,SHAVER Aven N, ,Minor Arterial,Intersection, ,Traffic Signal,Rain,Dark,Wet,Non-Fatal Injury,Angle,Driver,65 to 69,Major,0,South,"Automobile, Station Wagon",Going Ahead,Driving Properly,Normal, , , , , , ,0,0,1,0,0,0,0,0,1,1,1,0,0,0
1142942,2009,12,10,20,10,3,43.63904538,-79.54779029,Etobicoke-Lakeshore (5),5,Islington-City Centre West (14),14,D22,Etobicoke York,BLOOR Stre W,SHAVER Aven N, ,Minor Arterial,Intersection, ,Traffic Signal,Rain,Dark,Wet,Non-Fatal Injury,Angle,Driver,55 to 59,Minor,0,North,"Automobile, Station Wagon",Going Ahead,Driving Properly,Normal, , , , , , ,0,0,1,0,0,0,0,0,1,1,1,0,0,0
1142942,2009,12,10,20,10,3,43.63904538,-79.54779029,Etobicoke-Lakeshore (5),5,Islington-City Centre West (14),14,D22,Etobicoke York,BLOOR Stre W,SHAVER Aven N, ,Minor Arterial,Intersection, ,Traffic Signal,Rain,Dark,Wet,Non-Fatal Injury,Angle,Vehicle Owner,unknown, ,0, ,Other, , , , , , , , , ,0,0,1,0,0,0,0,0,1,1,1,0,0,0
1142942,2009,12,10,20,10,3,43.63904538,-79.54779029,Etobicoke-Lakeshore (5),5,Islington-City Centre West (14),14,D22,Etobicoke York,BLOOR Stre W,SHAVER Aven N, ,Minor Arterial,Intersection, ,Traffic Signal,Rain,Dark,Wet,Non-Fatal Injury,Angle,Driver,unknown,,0,East,"Automobile, Station Wagon",Going Ahead,Disobeyed Traffic Control,Unknown, , , , , , ,0,0,1,0,0,0,0,0,1,1,1,0,0,0
1332565,2012,12,22,20,10,5,43.74374538,-79.24489029,Scarborough Centre (38),38,Eglinton East (138),138,D43,Scarborough,DANFORTH RD,SAVARIN ST, ,Major Arterial,Mid-Block,At Intersection,No Control,Clear,"Dark, artificial",Dry,Non-Fatal Injury,Pedestrian Collisions,Driver,55 to 59,,0,North,"Automobile, Station Wagon",Going Ahead,Driving Properly,Normal, , , , , , ,1,0,1,0,0,0,0,0,0,0,0,0,0,0
1332565,2012,12,22,20,10,5,43.74374538,-79.24489029,Scarborough Centre (38),38,Eglinton East (138),138,D43,Scarborough,DANFORTH RD,SAVARIN ST, ,Major Arterial,Mid-Block,At Intersection,No Control,Clear,"Dark, artificial",Dry,Non-Fatal Injury,Pedestrian Collisions,Pedestrian,45 to 49,Major,0,East,Other, , , ,Pedestrian hit at mid-block,"Crossing, no Traffic Control",Had Been Drinking, , , ,1,0,1,0,0,0,0,0,0,0,0,0,0,0
1388642,2013,3,6,20,10,2,43.82497748,-79.28604517,Scarborough-Rouge River (41),41,Milliken (130),130,D42,Scarborough,BRIMLEY Rd,EAGLEDANCE Dr, ,Major Arterial,Intersection, ,Traffic Signal,Clear,"Dark, artificial",Dry,Non-Fatal Injury,Angle,Driver,50 to 54,Major,0,North,"Automobile, Station Wagon",Going Ahead,Disobeyed Traffic Control,Inattentive, , , , , , ,0,0,1,0,0,0,0,0,0,1,1,0,0,0
1388642,2013,3,6,20,10,2,43.82497748,-79.28604517,Scarborough-Rouge River (41),41,Milliken (130),130,D42,Scarborough,BRIMLEY Rd,EAGLEDANCE Dr, ,Major Arterial,Intersection, ,Traffic Signal,Clear,"Dark, artificial",Dry,Non-Fatal Injury,Angle,Vehicle Owner,unknown, ,0, ,Other, , , , , , , , , ,0,0,1,0,0,0,0,0,0,1,1,0,0,0
1388642,2013,3,6,20,10,2,43.82497748,-79.28604517,Scarborough-Rouge River (41),41,Milliken (130),130,D42,Scarborough,BRIMLEY Rd,EAGLEDANCE Dr, ,Major Arterial,Intersection, ,Traffic Signal,Clear,"Dark, artificial",Dry,Non-Fatal Injury,Angle,Driver,50 to 54,Minimal,0,West,"Automobile, Station Wagon",Going Ahead,Driving Properly,Normal, , , , , , ,0,0,1,0,0,0,0,0,0,1,1,0,0,0
4002916967,2014,9,15,20,10,0,43.72495993,-79.30053339,Scarborough Southwest (35),35,Clairlea-Birchmount (120),120,D41,Scarborough,EGLINTON AVE E,EGLINTON SQ, ,Major Arterial,Intersection,At Intersection,Traffic Signal,Rain,"Dark, artificial",Wet,Non-Fatal Injury,Angle,Driver,20 to 24,,0,South,"Automobile, Station Wagon",Going Ahead,Disobeyed Traffic Control,Normal, , , , , , ,0,0,1,0,0,0,0,1,0,1,1,0,0,0
4002916967,2014,9,15,20,10,0,43.72495993,-79.30053339,Scarborough Southwest (35),35,Clairlea-Birchmount (120),120,D41,Scarborough,EGLINTON AVE E,EGLINTON SQ, ,Major Arterial,Intersection,At Intersection,Traffic Signal,Rain,"Dark, artificial",Wet,Non-Fatal Injury,Angle,Driver,40 to 44,Minimal,0,East,"Automobile, Station Wagon",Going Ahead,Driving Properly,Normal, , , , , , ,0,0,1,0,0,0,0,1,0,1,1,0,0,0
4002916967,2014,9,15,20,10,0,43.72495993,-79.30053339,Scarborough Southwest (35),35,Clairlea-Birchmount (120),120,D41,Scarborough,EGLINTON AVE E,EGLINTON SQ, ,Major Arterial,Intersection,At Intersection,Traffic Signal,Rain,"Dark, artificial",Wet,Non-Fatal Injury,Angle,Driver,45 to 49,Minimal,0,East,Passenger Van,Going Ahead,Driving Properly,Normal, , , , , , ,0,0,1,0,0,0,0,1,0,1,1,0,0,0
4002916967,2014,9,15,20,10,0,43.72495993,-79.30053339,Scarborough Southwest (35),35,Clairlea-Birchmount (120),120,D41,Scarborough,EGLINTON AVE E,EGLINTON SQ, ,Major Arterial,Intersection,At Intersection,Traffic Signal,Rain,"Dark, artificial",Wet,Non-Fatal Injury,Angle,Passenger,15 to 19,,0, , , , , , , , , , , ,0,0,1,0,0,0,0,1,0,1,1,0,0,0
4002916967,2014,9,15,20,10,0,43.72495993,-79.30053339,Scarborough Southwest (35),35,Clairlea-Birchmount (120),120,D41,Scarborough,EGLINTON AVE E,EGLINTON SQ, ,Major Arterial,Intersection,At Intersection,Traffic Signal,Rain,"Dark, artificial",Wet,Non-Fatal Injury,Angle,Passenger,40 to 44,Major,0, , , , , , , , , , , ,0,0,1,0,0,0,0,1,0,1,1,0,0,0
4002916967,2014,9,15,20,10,0,43.72495993,-79.30053339,Scarborough Southwest (35),35,Clairlea-Birchmount (120),120,D41,Scarborough,EGLINTON AVE E,EGLINTON SQ, ,Major Arterial,Intersection,At Intersection,Traffic Signal,Rain,"Dark, artificial",Wet,Non-Fatal Injury,Angle,Passenger,15 to 19,Minimal,0, , , , , , , , , , , ,0,0,1,0,0,0,0,1,0,1,1,0,0,0
4002916967,2014,9,15,20,10,0,43.72495993,-79.30053339,Scarborough Southwest (35),35,Clairlea-Birchmount (120),120,D41,Scarborough,EGLINTON AVE E,EGLINTON SQ, ,Major Arterial,Intersection,At Intersection,Traffic Signal,Rain,"Dark, artificial",Wet,Non-Fatal Injury,Angle,Passenger,15 to 19,Minimal,0, , , , , , , , , , , ,0,0,1,0,0,0,0,1,0,1,1,0,0,0
4002916967,2014,9,15,20,10,0,43.72495993,-79.30053339,Scarborough Southwest (35),35,Clairlea-Birchmount (120),120,D41,Scarborough,EGLINTON AVE E,EGLINTON SQ, ,Major Arterial,Intersection,At Intersection,Traffic Signal,Rain,"Dark, artificial",Wet,Non-Fatal Injury,Angle,Passenger,10 to 14,Minimal,0, , , , , , , , , , , ,0,0,1,0,0,0,0,1,0,1,1,0,0,0
4002916967,2014,9,15,20,10,0,43.72495993,-79.30053339,Scarborough Southwest (35),35,Clairlea-Birchmount (120),120,D41,Scarborough,EGLINTON AVE E,EGLINTON SQ, ,Major Arterial,Intersection,At Intersection,Traffic Signal,Rain,"Dark, artificial",Wet,Non-Fatal Injury,Angle,Passenger,10 to 14,Minimal,0, , , , , , , , , , , ,0,0,1,0,0,0,0,1,0,1,1,0,0,0
5000471839,2015,3,20,20,10,4,43.68103369,-79.42885981,St. Paul's (21),21,Wychwood (94),94,D13,Toronto East York,ST CLAIR AVE W,ARLINGTON AVE, ,Major Arterial,Intersection,At Intersection,Traffic Signal,Clear,"Dark, artificial",Dry,Fatal,Pedestrian Collisions,Driver,25 to 29,,0,East,Street Car,Going Ahead,Failed to Yield Right of Way,Normal, , , , , , ,1,0,0,0,0,1,0,0,0,1,0,0,0,1
5000471839,2015,3,20,20,10,4,43.68103369,-79.42885981,St. Paul's (21),21,Wychwood (94),94,D13,Toronto East York,ST CLAIR AVE W,ARLINGTON AVE, ,Major Arterial,Intersection,At Intersection,Traffic Signal,Clear,"Dark, artificial",Dry,Fatal,Pedestrian Collisions,Pedestrian,80 to 84,Fatal,14,South, , , , ,Pedestrian involved in a collision with transit vehicle anywhere along roadway,Crossing with right of way,Medical or Physical Disability, , , ,1,0,0,0,0,1,0,0,0,1,0,0,0,1
5000560313,2015,4,4,20,10,5,43.66582068,-79.35276423,Toronto-Danforth (30),30,North Riverdale (68),68,D55,Toronto East York,BROADVIEW AVE,GERRARD ST E,31 m North of,Minor Arterial,Mid-Block,Non Intersection,No Control,Rain,"Dark, artificial",Wet,Fatal,Pedestrian Collisions,Driver,35 to 39,,0,North,Street Car,Slowing or Stopping,Driving Properly,Normal, , , , , , ,1,0,0,0,0,1,0,0,0,0,0,0,0,1
5000560313,2015,4,4,20,10,5,43.66582068,-79.35276423,Toronto-Danforth (30),30,North Riverdale (68),68,D55,Toronto East York,BROADVIEW AVE,GERRARD ST E,31 m North of,Minor Arterial,Mid-Block,Non Intersection,No Control,Rain,"Dark, artificial",Wet,Fatal,Pedestrian Collisions,Pedestrian,60 to 64,Fatal,17,Unknown, , , , ,Pedestrian involved in a collision with transit vehicle anywhere along roadway,"Crossing, no Traffic Control",Had Been Drinking, , , ,1,0,0,0,0,1,0,0,0,0,0,0,0,1
6000143198,2016,1,23,20,10,5,43.61414679,-79.55611048,Etobicoke-Lakeshore (5),5,Islington-City Centre West (14),14,D22,Etobicoke York,THE QUEENSWAY,NORTH QUEEN ST, ,Major Arterial,Intersection,At Intersection,Traffic Signal,Clear,"Dark, artificial",Dry,Non-Fatal Injury,Cyclist Collisions,Driver,50 to 54,,0,East,"Automobile, Station Wagon",Turning Left,Failed to Yield Right of Way,Unknown, , , , , , ,0,1,1,0,0,0,0,0,1,1,0,0,0,0
6000143198,2016,1,23,20,10,5,43.61414679,-79.55611048,Etobicoke-Lakeshore (5),5,Islington-City Centre West (14),14,D22,Etobicoke York,THE QUEENSWAY,NORTH QUEEN ST, ,Major Arterial,Intersection,At Intersection,Traffic Signal,Clear,"Dark, artificial",Dry,Non-Fatal Injury,Cyclist Collisions,Cyclist,20 to 24,Major,0,West,Bicycle,Going Ahead, , , , , ,Motorist turned left across cyclists path.,Other,Unknown,0,1,1,0,0,0,0,0,1,1,0,0,0,0
6002089290,2016,11,24,20,10,3,43.6577793,-79.37367640000001,Toronto Centre-Rosedale (27),27,Moss Park (73),73,D51,Toronto East York,300 GEORGE ST, , ,Local,Mid-Block,At/Near Private Drive,No Control,Clear,Dark,Wet,Fatal,Pedestrian Collisions,Pedestrian,70 to 74,Fatal,73,Unknown, , , , ,Pedestrian hit at private driveway,Other,Unknown, , , ,1,0,1,0,0,0,0,0,0,0,0,0,0,1
6002089290,2016,11,24,20,10,3,43.6577793,-79.37367640000001,Toronto Centre-Rosedale (27),27,Moss Park (73),73,D51,Toronto East York,300 GEORGE ST, , ,Local,Mid-Block,At/Near Private Drive,No Control,Clear,Dark,Wet,Fatal,Pedestrian Collisions,Driver,35 to 39,,0,East,"Automobile, Station Wagon",Going Ahead,Other,Normal, , , , , , ,1,0,1,0,0,0,0,0,0,0,0,0,0,1
1078876,2009,1,2,20,11,4,43.79794538,-79.31249029,Scarborough-Agincourt (39),39,L'Amoreaux (117),117,D42,Scarborough,BRIDLETOWNE CRCL,FINCH AVE E, ,Minor Arterial,Mid-Block, ,No Control,Snow,Dark,Other,Non-Fatal Injury,SMV Other,Passenger,70 to 74,Major,0, ,Other, , , , , , , , , ,0,0,1,0,0,0,0,1,0,0,0,0,0,0
1078876,2009,1,2,20,11,4,43.79794538,-79.31249029,Scarborough-Agincourt (39),39,L'Amoreaux (117),117,D42,Scarborough,BRIDLETOWNE CRCL,FINCH AVE E, ,Minor Arterial,Mid-Block, ,No Control,Snow,Dark,Other,Non-Fatal Injury,SMV Other,Driver,80 to 84,Minimal,0,North,"Automobile, Station Wagon",Going Ahead,Lost control,Normal, , , , , , ,0,0,1,0,0,0,0,1,0,0,0,0,0,0
4002138456,2014,5,23,20,11,4,43.80836447,-79.17080317,Scarborough East (44),44,Rouge (131),131,D42,Scarborough,MEADOWVALE RD,SHEPPARD AVE E, ,Major Arterial,Intersection,At Intersection,Traffic Signal,Clear,Dark,Dry,Non-Fatal Injury,Turning Movement,Motorcycle Driver,45 to 49,Major,0,South,Motorcycle,Going Ahead,Driving Properly,Normal, , , , , , ,0,0,1,1,0,0,0,0,0,1,0,0,0,0
4002138456,2014,5,23,20,11,4,43.80836447,-79.17080317,Scarborough East (44),44,Rouge (131),131,D42,Scarborough,MEADOWVALE RD,SHEPPARD AVE E, ,Major Arterial,Intersection,At Intersection,Traffic Signal,Clear,Dark,Dry,Non-Fatal Injury,Turning Movement,Driver,15 to 19,,0,North,"Automobile, Station Wagon",Turning Left,Failed to Yield Right of Way,Normal, , , , , , ,0,0,1,1,0,0,0,0,0,1,0,0,0,0
5001258434,2015,7,23,20,11,3,43.78500326,-79.31293879,Scarborough-Agincourt (40),40,Tam O'Shanter-Sullivan (118),118,D42,Scarborough,HUNTINGWOOD DR,BRIDLEWOOD BLVD, ,Minor Arterial,Intersection,At Intersection,No Control,Clear,Daylight,Dry,Non-Fatal Injury,Turning Movement,Driver,45 to 49,,0,West,"Automobile, Station Wagon",Turning Left,Failed to Yield Right of Way,Inattentive, , , , , , ,0,0,1,1,0,0,0,1,1,1,0,0,0,0
5001258434,2015,7,23,20,11,3,43.78500326,-79.31293879,Scarborough-Agincourt (40),40,Tam O'Shanter-Sullivan (118),118,D42,Scarborough,HUNTINGWOOD DR,BRIDLEWOOD BLVD, ,Minor Arterial,Intersection,At Intersection,No Control,Clear,Daylight,Dry,Non-Fatal Injury,Turning Movement,Motorcycle Driver,20 to 24,Major,0,East,Motorcycle,Going Ahead,Driving Properly,Normal, , , , , , ,0,0,1,1,0,0,0,1,1,1,0,0,0,0
5001258434,2015,7,23,20,11,3,43.78500326,-79.31293879,Scarborough-Agincourt (40),40,Tam O'Shanter-Sullivan (118),118,D42,Scarborough,HUNTINGWOOD DR,BRIDLEWOOD BLVD, ,Minor Arterial,Intersection,At Intersection,No Control,Clear,Daylight,Dry,Non-Fatal Injury,Turning Movement,Passenger,10 to 14,,0, , , , , , , , , , , ,0,0,1,1,0,0,0,1,1,1,0,0,0,0
7000264756,2017,2,11,20,11,5,43.78534638,-79.27853029,Scarborough-Rouge River (41),41,Agincourt South-Malvern West (128),128,D42,Scarborough,MIDLAND AVE,SHEPPARD AVE E, ,Major Arterial,Intersection,At Intersection,Traffic Signal,Clear,"Dark, artificial",Wet,Non-Fatal Injury,Pedestrian Collisions,Driver,65 to 69,,0,North,"Automobile, Station Wagon",Going Ahead,Driving Properly,Normal, , , , , , ,1,0,1,0,0,0,0,0,0,0,0,0,0,0
7000264756,2017,2,11,20,11,5,43.78534638,-79.27853029,Scarborough-Rouge River (41),41,Agincourt South-Malvern West (128),128,D42,Scarborough,MIDLAND AVE,SHEPPARD AVE E, ,Major Arterial,Intersection,At Intersection,Traffic Signal,Clear,"Dark, artificial",Wet,Non-Fatal Injury,Pedestrian Collisions,Pedestrian,35 to 39,Major,0, , , , , , , ,Inattentive, , , ,1,0,1,0,0,0,0,0,0,0,0,0,0,0
4002884654,2014,9,10,20,12,2,43.74536093,-79.29472742,Scarborough Centre (37),37,Wexford/Maryvale (119),119,D41,Scarborough,LAWRENCE AVE E,WARDEN AVE, ,Major Arterial,Intersection,At Intersection,Traffic Signal,Rain,"Dark, artificial",Wet,Non-Fatal Injury,Pedestrian Collisions,Driver,55 to 59,,0,West,"Automobile, Station Wagon",Turning Left,Failed to Yield Right of Way,Inattentive, , , , , , ,1,0,1,0,0,0,0,0,0,1,0,0,0,0
4002884654,2014,9,10,20,12,2,43.74536093,-79.29472742,Scarborough Centre (37),37,Wexford/Maryvale (119),119,D41,Scarborough,LAWRENCE AVE E,WARDEN AVE, ,Major Arterial,Intersection,At Intersection,Traffic Signal,Rain,"Dark, artificial",Wet,Non-Fatal Injury,Pedestrian Collisions,Pedestrian,45 to 49,Major,0,West, , , , ,Vehicle turns left while ped crosses with ROW at inter.,Crossing with right of way,Normal, , , ,1,0,1,0,0,0,0,0,0,1,0,0,0,0
979400,2007,7,11,20,13,2,43.73524538,-79.23669029,Scarborough Southwest (36),36,Cliffcrest (123),123,D43,Scarborough,MCCOWAN RD,BRIDLEGROVE DR, ,Minor Arterial,Mid-Block, ,No Control,Clear,Daylight,Dry,Fatal,Pedestrian Collisions,Driver,55 to 59,,0,South,"Automobile, Station Wagon",Going Ahead,Lost control,"Ability Impaired, Alcohol Over .08", , , , , , ,1,0,1,0,0,0,0,0,0,0,0,1,0,1
979400,2007,7,11,20,13,2,43.73524538,-79.23669029,Scarborough Southwest (36),36,Cliffcrest (123),123,D43,Scarborough,MCCOWAN RD,BRIDLEGROVE DR, ,Minor Arterial,Mid-Block, ,No Control,Clear,Daylight,Dry,Fatal,Pedestrian Collisions,Pedestrian,0 to 4,Major,0,South,Other, , , ,Pedestrian hit on sidewalk or shoulder,On Sidewalk or Shoulder,Normal, , , ,1,0,1,0,0,0,0,0,0,0,0,1,0,1
979400,2007,7,11,20,13,2,43.73524538,-79.23669029,Scarborough Southwest (36),36,Cliffcrest (123),123,D43,Scarborough,MCCOWAN RD,BRIDLEGROVE DR, ,Minor Arterial,Mid-Block, ,No Control,Clear,Daylight,Dry,Fatal,Pedestrian Collisions,Pedestrian,35 to 39,Fatal,0,South,Other, , , ,Pedestrian hit on sidewalk or shoulder,On Sidewalk or Shoulder,Normal, , , ,1,0,1,0,0,0,0,0,0,0,0,1,0,1
1107544,2009,6,2,20,13,1,43.65084538,-79.38659029,Toronto Centre-Rosedale (28),28,Bay Street Corridor (76),76,D52,Toronto East York,QUEEN St W,UNIVERSITY Ave, ,Major Arterial,Intersection,At Intersection,Traffic Signal,Clear,Dark,Dry,Non-Fatal Injury,Pedestrian Collisions,Driver,55 to 59,Minimal,0,South,"Automobile, Station Wagon",Slowing or Stopping,Driving Properly,Normal, , , , , , ,1,0,1,0,0,0,0,1,0,1,1,0,0,0
1107544,2009,6,2,20,13,1,43.65084538,-79.38659029,Toronto Centre-Rosedale (28),28,Bay Street Corridor (76),76,D52,Toronto East York,QUEEN St W,UNIVERSITY Ave, ,Major Arterial,Intersection,At Intersection,Traffic Signal,Clear,Dark,Dry,Non-Fatal Injury,Pedestrian Collisions,Driver,60 to 64,Minor,0,South,"Automobile, Station Wagon",Going Ahead,Driving Properly,Normal, , , , , , ,1,0,1,0,0,0,0,1,0,1,1,0,0,0
1107544,2009,6,2,20,13,1,43.65084538,-79.38659029,Toronto Centre-Rosedale (28),28,Bay Street Corridor (76),76,D52,Toronto East York,QUEEN St W,UNIVERSITY Ave, ,Major Arterial,Intersection,At Intersection,Traffic Signal,Clear,Dark,Dry,Non-Fatal Injury,Pedestrian Collisions,Passenger,15 to 19,,0, ,Other, , , , , , , , , ,1,0,1,0,0,0,0,1,0,1,1,0,0,0
1107544,2009,6,2,20,13,1,43.65084538,-79.38659029,Toronto Centre-Rosedale (28),28,Bay Street Corridor (76),76,D52,Toronto East York,QUEEN St W,UNIVERSITY Ave, ,Major Arterial,Intersection,At Intersection,Traffic Signal,Clear,Dark,Dry,Non-Fatal Injury,Pedestrian Collisions,Passenger,15 to 19,Minimal,0, ,Other, , , , , , , , , ,1,0,1,0,0,0,0,1,0,1,1,0,0,0
1132126,2009,10,21,20,23,2,43.74074538,-79.58679029,Etobicoke North (1),1,Mount Olive-Silverstone-Jamestown (2),2,D23,Etobicoke York,1549 ALBION RD, , ,Major Arterial,Mid-Block, ,No Control,Clear,Dark,Dry,Non-Fatal Injury,Pedestrian Collisions,Pedestrian,40 to 44,Major,0,South,Other, , , ,Pedestrian involved in a collision with transit vehicle anywhere along roadway,"Crossing, no Traffic Control",Had Been Drinking, , , ,1,0,0,0,0,1,0,0,0,0,0,0,0,0
1166313,2010,4,20,20,30,1,43.69174538,-79.46659029,York South-Weston (12),12,Keelesdale-Eglinton West (110),110,D12,Etobicoke York,EGLINTON Ave W,BLACKTHORN Ave, ,Major Arterial,Mid-Block,At Intersection,No Control,Clear,Dark,Dry,Non-Fatal Injury,Rear End,Vehicle Owner,unknown, ,0, ,Other, , , , , , , , , ,0,0,1,0,0,0,0,0,0,0,0,0,0,0
1290852,2012,2,29,20,23,2,43.73214538,-79.60909029,Etobicoke North (1),1,West Humber-Clairville (1),1,D23,Etobicoke York,HUMBERLINE DR,HUMBER COLLEGE BLVD, ,Minor Arterial,Intersection,At Intersection,Traffic Signal,Rain,Dark,Wet,Non-Fatal Injury,Pedestrian Collisions,Driver,65 to 69,,0,North,"Automobile, Station Wagon",Turning Left,Improper Turn,Inattentive, , , , , , ,1,0,1,0,0,0,0,0,0,0,0,0,0,0
1166313,2010,4,20,20,30,1,43.69174538,-79.46659029,York South-Weston (12),12,Keelesdale-Eglinton West (110),110,D12,Etobicoke York,EGLINTON Ave W,BLACKTHORN Ave, ,Major Arterial,Mid-Block,At Intersection,No Control,Clear,Dark,Dry,Non-Fatal Injury,Rear End,Driver,55 to 59,,0,East,"Automobile, Station Wagon",Going Ahead,Lost control,Inattentive, , , , , , ,0,0,1,0,0,0,0,0,0,0,0,0,0,0
1290852,2012,2,29,20,23,2,43.73214538,-79.60909029,Etobicoke North (1),1,West Humber-Clairville (1),1,D23,Etobicoke York,HUMBERLINE DR,HUMBER COLLEGE BLVD, ,Minor Arterial,Intersection,At Intersection,Traffic Signal,Rain,Dark,Wet,Non-Fatal Injury,Pedestrian Collisions,Pedestrian,20 to 24,Major,0,Unknown,Other, , , ,Vehicle turns left while ped crosses with ROW at inter.,Crossing with right of way,Normal, , , ,1,0,1,0,0,0,0,0,0,0,0,0,0,0
1166313,2010,4,20,20,30,1,43.69174538,-79.46659029,York South-Weston (12),12,Keelesdale-Eglinton West (110),110,D12,Etobicoke York,EGLINTON Ave W,BLACKTHORN Ave, ,Major Arterial,Mid-Block,At Intersection,No Control,Clear,Dark,Dry,Non-Fatal Injury,Rear End,Driver,25 to 29,Major,0,East,"Automobile, Station Wagon",Stopped,Driving Properly,Normal, , , , , , ,0,0,1,0,0,0,0,0,0,0,0,0,0,0
1350051,2013,3,11,20,23,0,43.74754538,-79.28479029,Scarborough Centre (37),37,Dorset Park (126),126,D41,Scarborough,BIRCHMOUNT RD,LAWRENCE AVE E, ,Major Arterial,Intersection,At Intersection,Traffic Signal,Rain,"Dark, artificial",Wet,Non-Fatal Injury,Pedestrian Collisions,Driver,65 to 69,,0,East,"Automobile, Station Wagon",Turning Left,Failed to Yield Right of Way,Inattentive, , , , , , ,1,0,1,0,0,0,0,0,0,1,0,0,0,0
1329835,2012,11,2,19,33,4,43.71256598,-79.36964808,Don Valley West (26),26,Leaside-Bennington (56),56,D53,North York,EGLINTON Ave E,RUMSEY Rd, ,Major Arterial,Intersection,At Intersection,Traffic Signal,Clear,"Dusk, artificial",Dry,Non-Fatal Injury,Angle,Other Property Owner,unknown, ,0, ,Other, , , , , , , , , ,0,0,1,0,0,0,0,0,0,1,1,0,0,0
1186795,2010,8,28,20,30,5,43.73364599,-79.60058985,Etobicoke North (1),1,West Humber-Clairville (1),1,D23,Etobicoke York,WESTMORE DR,COUNTRYMAN CRCL, ,Collector,Intersection,At Intersection,Stop Sign,Clear,Dark,Dry,Non-Fatal Injury,Pedestrian Collisions,Driver,unknown,,0,North,"Automobile, Station Wagon",Going Ahead,Driving Properly,Unknown, , , , , , ,1,0,1,0,0,0,0,0,0,0,0,0,0,0
1350051,2013,3,11,20,23,0,43.74754538,-79.28479029,Scarborough Centre (37),37,Dorset Park (126),126,D41,Scarborough,BIRCHMOUNT RD,LAWRENCE AVE E, ,Major Arterial,Intersection,At Intersection,Traffic Signal,Rain,"Dark, artificial",Wet,Non-Fatal Injury,Pedestrian Collisions,Pedestrian,20 to 24,Major,0,East,Other, , , ,Vehicle turns left while ped crosses with ROW at inter.,Crossing with right of way,Normal, , , ,1,0,1,0,0,0,0,0,0,1,0,0,0,0
6001753301,2016,10,2,19,40,6,43.73405035,-79.26018915,Scarborough Southwest (35),35,Kennedy Park (124),124,D41,Scarborough,EGLINTON AVE E,MIDLAND AVE, ,Major Arterial,Intersection,Non Intersection,No Control,Rain,"Dark, artificial",Wet,Fatal,Pedestrian Collisions,Pedestrian,70 to 74,Fatal,59,South, , , , ,Pedestrian hit at mid-block,Crossing without right of way,Inattentive, , , ,1,0,1,0,0,0,0,0,0,0,0,0,0,1