ACCNUM,YEAR,MONTH,DAY,HOUR,MINUTES,WEEKDAY,LATITUDE,LONGITUDE,Ward_Name,Ward_ID,Hood_Name,Hood_ID,Division,District,STREET1,STREET2,OFFSET,ROAD_CLASS,LOCCOORD,ACCLOC,TRAFFCTL,VISIBILITY,LIGHT,RDSFCOND,ACCLASS,IMPACTYPE,INVTYPE,INVAGE,INJURY,FATAL_NO,INITDIR,VEHTYPE,MANOEUVER,DRIVACT,DRIVCOND,PEDTYPE,PEDACT,PEDCOND,CYCLISTYPE,CYCACT,CYCCOND,PEDESTRIAN,CYCLIST,AUTOMOBILE,MOTORCYCLE,TRUCK,TRSN_CITY_VEH,EMERG_VEH,PASSENGER,SPEEDING,AG_DRIV,REDLIGHT,ALCOHOL,DISABILITY,label
1364208,2013,7,6,20,23,5,43.65924538,-79.36669029,Toronto Centre-Rosedale (28),28,Moss Park (73),73,D51,Toronto East York,DUNDAS ST E,POULETT ST, ,Major Arterial,Intersection, ,No Control,Clear,Daylight,Dry,Non-Fatal Injury,Pedestrian Collisions,Driver,45 to 49,,0,East,Municipal Transit Bus (TTC),Slowing or Stopping,Driving Properly,Normal, , , , , , ,1,0,0,0,0,1,0,0,0,0,0,0,0,0
1364208,2013,7,6,20,23,5,43.65924538,-79.36669029,Toronto Centre-Rosedale (28),28,Moss Park (73),73,D51,Toronto East York,DUNDAS ST E,POULETT ST, ,Major Arterial,Intersection, ,No Control,Clear,Daylight,Dry,Non-Fatal Injury,Pedestrian Collisions,Pedestrian,55 to 59,Major,0,North,Other, , , ,Pedestrian involved in a collision with transit vehicle anywhere along roadway,Running onto Roadway,Unknown, , , ,1,0,0,0,0,1,0,0,0,0,0,0,0,0
1364208,2013,7,6,20,23,5,43.65924538,-79.36669029,Toronto Centre-Rosedale (28),28,Moss Park (73),73,D51,Toronto East York,DUNDAS ST E,POULETT ST, ,Major Arterial,Intersection, ,No Control,Clear,Daylight,Dry,Non-Fatal Injury,Pedestrian Collisions,Vehicle Owner,unknown, ,0, ,Other, , , , , , , , , ,1,0,0,0,0,1,0,0,0,0,0,0,0,0
4002360451,2014,6,24,20,24,1,43.76705511,-79.41573725,Willowdale (23),23,Lansing-Westgate (38),38,D32,North York,BEECROFT RD,PARK HOME AVE, ,Collector,Mid-Block,Non Intersection,No Control,Rain,"Dark, artificial",Wet,Non-Fatal Injury,Pedestrian Collisions,Driver,20 to 24,,0,South,"Automobile, Station Wagon",Going Ahead,Failed to Yield Right of Way,Normal, , , , , , ,1,0,1,0,0,0,0,0,0,1,0,0,0,0
4002360451,2014,6,24,20,24,1,43.76705511,-79.41573725,Willowdale (23),23,Lansing-Westgate (38),38,D32,North York,BEECROFT RD,PARK HOME AVE, ,Collector,Mid-Block,Non Intersection,No Control,Rain,"Dark, artificial",Wet,Non-Fatal Injury,Pedestrian Collisions,Pedestrian,65 to 69,Major,0,Unknown, , , , ,Pedestrian hit a PXO/ped. Mid-block signal,"Crossing, Pedestrian Crossover",Normal, , , ,1,0,1,0,0,0,0,0,0,1,0,0,0,0
6001210183,2016,7,10,20,24,6,43.79670294,-79.31572352,Scarborough-Agincourt (40),40,L'Amoreaux (117),117,D42,Scarborough,WARDEN AVE,FINCH AVE E,105 m North of,Major Arterial,Intersection,Non Intersection,Traffic Signal,Clear,Daylight,Dry,Non-Fatal Injury,Turning Movement,Driver,40 to 44,,0,North,"Automobile, Station Wagon",Turning Left,Failed to Yield Right of Way,Normal, , , , , , ,0,0,1,1,0,0,0,0,0,1,0,0,0,0
6001210183,2016,7,10,20,24,6,43.79670294,-79.31572352,Scarborough-Agincourt (40),40,L'Amoreaux (117),117,D42,Scarborough,WARDEN AVE,FINCH AVE E,105 m North of,Major Arterial,Intersection,Non Intersection,Traffic Signal,Clear,Daylight,Dry,Non-Fatal Injury,Turning Movement,Motorcycle Driver,40 to 44,Major,0,South,Motorcycle,Going Ahead,Driving Properly,Normal, , , , , , ,0,0,1,1,0,0,0,0,0,1,0,0,0,0
1064434,2008,9,27,20,25,5,43.74754538,-79.28479029,Scarborough Centre (37),37,Dorset Park (126),126,D41,Scarborough,BIRCHMOUNT RD,LAWRENCE AVE E, ,Major Arterial,Intersection,At Intersection,Traffic Signal,Rain,Dark,Wet,Non-Fatal Injury,Pedestrian Collisions,Passenger,20 to 24,Minimal,0, ,Other, , , , , , , , , ,1,0,1,0,0,0,0,1,1,1,0,0,0,0
1064434,2008,9,27,20,25,5,43.74754538,-79.28479029,Scarborough Centre (37),37,Dorset Park (126),126,D41,Scarborough,BIRCHMOUNT RD,LAWRENCE AVE E, ,Major Arterial,Intersection,At Intersection,Traffic Signal,Rain,Dark,Wet,Non-Fatal Injury,Pedestrian Collisions,Vehicle Owner,unknown, ,0, ,Other, , , , , , , , , ,1,0,1,0,0,0,0,1,1,1,0,0,0,0
1064434,2008,9,27,20,25,5,43.74754538,-79.28479029,Scarborough Centre (37),37,Dorset Park (126),126,D41,Scarborough,BIRCHMOUNT RD,LAWRENCE AVE E, ,Major Arterial,Intersection,At Intersection,Traffic Signal,Rain,Dark,Wet,Non-Fatal Injury,Pedestrian Collisions,Driver,20 to 24,,0,South,"Automobile, Station Wagon",Going Ahead,Speed too Fast For Condition,Unknown, , , , , , ,1,0,1,0,0,0,0,1,1,1,0,0,0,0
1064434,2008,9,27,20,25,5,43.74754538,-79.28479029,Scarborough Centre (37),37,Dorset Park (126),126,D41,Scarborough,BIRCHMOUNT RD,LAWRENCE AVE E, ,Major Arterial,Intersection,At Intersection,Traffic Signal,Rain,Dark,Wet,Non-Fatal Injury,Pedestrian Collisions,Pedestrian,40 to 44,Major,0,East,Other, , , ,Vehicle is going straight thru inter.while ped cross without ROW,Crossing without right of way,Normal, , , ,1,0,1,0,0,0,0,1,1,1,0,0,0,0
1330477,2012,12,10,20,25,0,43.76284538,-79.25859029,Scarborough Centre (38),38,Bendale (127),127,D43,Scarborough,BRIMLEY RD,ST ANDREWS RD, ,Major Arterial,Mid-Block, ,No Control,Clear,"Dark, artificial",Dry,Non-Fatal Injury,SMV Other,Passenger,20 to 24,Major,0, ,Other, , , , , , , , , ,0,0,1,0,0,0,0,1,0,0,0,0,0,0
1330477,2012,12,10,20,25,0,43.76284538,-79.25859029,Scarborough Centre (38),38,Bendale (127),127,D43,Scarborough,BRIMLEY RD,ST ANDREWS RD, ,Major Arterial,Mid-Block, ,No Control,Clear,"Dark, artificial",Dry,Non-Fatal Injury,SMV Other,Passenger,20 to 24,Minor,0, ,Other, , , , , , , , , ,0,0,1,0,0,0,0,1,0,0,0,0,0,0
1330477,2012,12,10,20,25,0,43.76284538,-79.25859029,Scarborough Centre (38),38,Bendale (127),127,D43,Scarborough,BRIMLEY RD,ST ANDREWS RD, ,Major Arterial,Mid-Block, ,No Control,Clear,"Dark, artificial",Dry,Non-Fatal Injury,SMV Other,Vehicle Owner,unknown, ,0, ,Other, , , , , , , , , ,0,0,1,0,0,0,0,1,0,0,0,0,0,0
1330477,2012,12,10,20,25,0,43.76284538,-79.25859029,Scarborough Centre (38),38,Bendale (127),127,D43,Scarborough,BRIMLEY RD,ST ANDREWS RD, ,Major Arterial,Mid-Block, ,No Control,Clear,"Dark, artificial",Dry,Non-Fatal Injury,SMV Other,Driver,20 to 24,Minor,0,North,"Automobile, Station Wagon",Going Ahead,Lost control,Normal, , , , , , ,0,0,1,0,0,0,0,1,0,0,0,0,0,0
1330477,2012,12,10,20,25,0,43.76284538,-79.25859029,Scarborough Centre (38),38,Bendale (127),127,D43,Scarborough,BRIMLEY RD,ST ANDREWS RD, ,Major Arterial,Mid-Block, ,No Control,Clear,"Dark, artificial",Dry,Non-Fatal Injury,SMV Other,Other Property Owner,unknown, ,0, ,Other, , , , , , , , , ,0,0,1,0,0,0,0,1,0,0,0,0,0,0
1387491,2013,9,25,20,25,2,43.70100744,-79.40709315,St. Paul's (22),22,Yonge-Eglinton (100),100,D53,Toronto East York,923 AVENUE Rd, , ,Major Arterial,Mid-Block, ,No Control,Clear,"Dark, artificial",Dry,Non-Fatal Injury,SMV Other,Vehicle Owner,unknown, ,0, ,Other, , , , , , , , , ,0,0,0,0,0,0,0,1,0,0,0,0,0,0
1387491,2013,9,25,20,25,2,43.70100744,-79.40709315,St. Paul's (22),22,Yonge-Eglinton (100),100,D53,Toronto East York,923 AVENUE Rd, , ,Major Arterial,Mid-Block, ,No Control,Clear,"Dark, artificial",Dry,Non-Fatal Injury,SMV Other,Passenger,55 to 59,Major,0, ,Other, , , , , , , , , ,0,0,0,0,0,0,0,1,0,0,0,0,0,0
1387491,2013,9,25,20,25,2,43.70100744,-79.40709315,St. Paul's (22),22,Yonge-Eglinton (100),100,D53,Toronto East York,923 AVENUE Rd, , ,Major Arterial,Mid-Block, ,No Control,Clear,"Dark, artificial",Dry,Non-Fatal Injury,SMV Other,Other Property Owner,unknown, ,0, ,Other, , , , , , , , , ,0,0,0,0,0,0,0,1,0,0,0,0,0,0
1387491,2013,9,25,20,25,2,43.70100744,-79.40709315,St. Paul's (22),22,Yonge-Eglinton (100),100,D53,Toronto East York,923 AVENUE Rd, , ,Major Arterial,Mid-Block, ,No Control,Clear,"Dark, artificial",Dry,Non-Fatal Injury,SMV Other,Driver,50 to 54,Minor,0,North, ,Going Ahead,Lost control,Normal, , , , , , ,0,0,0,0,0,0,0,1,0,0,0,0,0,0
1387491,2013,9,25,20,25,2,43.70100744,-79.40709315,St. Paul's (22),22,Yonge-Eglinton (100),100,D53,Toronto East York,923 AVENUE Rd, , ,Major Arterial,Mid-Block, ,No Control,Clear,"Dark, artificial",Dry,Non-Fatal Injury,SMV Other,Vehicle Owner,unknown, ,0, ,Other, , , , , , , , , ,0,0,0,0,0,0,0,1,0,0,0,0,0,0
1385964,2013,10,21,20,25,0,43.73032721,-79.46809016,York Centre (9),9,Downsview-Roding-CFB (26),26,D32,North York,WILSON AVE,NORTHGATE DR, ,Major Arterial,Intersection, ,Traffic Signal,Rain,"Dark, artificial",Wet,Non-Fatal Injury,Pedestrian Collisions,Vehicle Owner,unknown, ,0, ,Other, , , , , , , , , ,1,0,1,0,0,0,0,0,0,1,0,0,0,0
1385964,2013,10,21,20,25,0,43.73032721,-79.46809016,York Centre (9),9,Downsview-Roding-CFB (26),26,D32,North York,WILSON AVE,NORTHGATE DR, ,Major Arterial,Intersection, ,Traffic Signal,Rain,"Dark, artificial",Wet,Non-Fatal Injury,Pedestrian Collisions,Driver,50 to 54,Major,0,South,"Automobile, Station Wagon",Turning Left,Failed to Yield Right of Way,Normal, , , , , , ,1,0,1,0,0,0,0,0,0,1,0,0,0,0
1385964,2013,10,21,20,25,0,43.73032721,-79.46809016,York Centre (9),9,Downsview-Roding-CFB (26),26,D32,North York,WILSON AVE,NORTHGATE DR, ,Major Arterial,Intersection, ,Traffic Signal,Rain,"Dark, artificial",Wet,Non-Fatal Injury,Pedestrian Collisions,Pedestrian,20 to 24,Major,0,North,Other, , , ,Pedestrian involved in a collision with transit vehicle anywhere along roadway,Crossing with right of way,Normal, , , ,1,0,1,0,0,0,0,0,0,1,0,0,0,0
4001313188,2014,1,9,20,25,3,43.60322912,-79.5062829,Etobicoke-Lakeshore (6),6,New Toronto (18),18,D22,Etobicoke York,ISLINGTON AVE,BRIMINGHAM ST, ,Major Arterial,Intersection,Intersection Related,Traffic Signal,Clear,"Dark, artificial",Wet,Non-Fatal Injury,Pedestrian Collisions,Driver,30 to 34,,0,North,"Automobile, Station Wagon",Going Ahead,Driving Properly,Normal, , , , , , ,1,0,1,0,0,0,0,0,0,0,0,0,0,0
4001313188,2014,1,9,20,25,3,43.60322912,-79.5062829,Etobicoke-Lakeshore (6),6,New Toronto (18),18,D22,Etobicoke York,ISLINGTON AVE,BRIMINGHAM ST, ,Major Arterial,Intersection,Intersection Related,Traffic Signal,Clear,"Dark, artificial",Wet,Non-Fatal Injury,Pedestrian Collisions,Pedestrian,40 to 44,Major,0,West, , , , ,Pedestrian hit at mid-block,"Crossing, no Traffic Control",Normal, , , ,1,0,1,0,0,0,0,0,0,0,0,0,0,0
6000780145,2016,5,6,20,25,4,43.64446219,-79.40652094,Trinity-Spadina (19),19,Niagara (82),82,D14,Toronto East York,ADELAIDE ST W,TECUMSETH ST,51 m West of,Collector,Mid-Block,Non Intersection,No Control,Clear,Dusk,Dry,Non-Fatal Injury,Other,Driver,30 to 34,,0,East,"Automobile, Station Wagon",Going Ahead,Driving Properly,Normal, , , , , , ,0,0,1,0,0,0,0,1,0,0,0,0,0,0
6000780145,2016,5,6,20,25,4,43.64446219,-79.40652094,Trinity-Spadina (19),19,Niagara (82),82,D14,Toronto East York,ADELAIDE ST W,TECUMSETH ST,51 m West of,Collector,Mid-Block,Non Intersection,No Control,Clear,Dusk,Dry,Non-Fatal Injury,Other,Passenger,35 to 39,Major,0, , , , , , , , , , , ,0,0,1,0,0,0,0,1,0,0,0,0,0,0
7000787575,2017,5,4,20,25,3,43.7984844,-79.24100886,Scarborough-Rouge River (42),42,Malvern (132),132,D42,Scarborough,NUGGET AVE,MARKHAM RD, ,Minor Arterial,Intersection,At Intersection,Traffic Signal,Rain,Daylight,Wet,Non-Fatal Injury,Pedestrian Collisions,Driver,unknown,,0,West,"Automobile, Station Wagon",Turning Left,Failed to Yield Right of Way,Unknown, , , , , , ,1,0,1,0,0,0,0,0,0,1,0,0,0,0
7000787575,2017,5,4,20,25,3,43.7984844,-79.24100886,Scarborough-Rouge River (42),42,Malvern (132),132,D42,Scarborough,NUGGET AVE,MARKHAM RD, ,Minor Arterial,Intersection,At Intersection,Traffic Signal,Rain,Daylight,Wet,Non-Fatal Injury,Pedestrian Collisions,Pedestrian,65 to 69,Major,0,West, , , , ,Vehicle turns left while ped crosses with ROW at inter.,Crossing with right of way,Normal, , , ,1,0,1,0,0,0,0,0,0,1,0,0,0,0
7001821559,2017,10,7,20,25,5,43.65546038,-79.38856129,Toronto Centre-Rosedale (27),27,Bay Street Corridor (76),76,D52,Toronto East York,UNIVERSITY AV,EDWARD ST, ,Major Arterial,Intersection,Intersection Related,Stop Sign,Clear,"Daylight, artificial",Dry,Non-Fatal Injury,Turning Movement,Driver,30 to 34,,0,South,"Automobile, Station Wagon",Turning Left,Failed to Yield Right of Way,Normal, , , , , , ,0,0,1,1,0,0,0,1,0,1,0,0,0,0
7001821559,2017,10,7,20,25,5,43.65546038,-79.38856129,Toronto Centre-Rosedale (27),27,Bay Street Corridor (76),76,D52,Toronto East York,UNIVERSITY AV,EDWARD ST, ,Major Arterial,Intersection,Intersection Related,Stop Sign,Clear,"Daylight, artificial",Dry,Non-Fatal Injury,Turning Movement,Motorcycle Driver,25 to 29,Major,0,North,Motorcycle,Going Ahead,Driving Properly,Normal, , , , , , ,0,0,1,1,0,0,0,1,0,1,0,0,0,0
7001821559,2017,10,7,20,25,5,43.65546038,-79.38856129,Toronto Centre-Rosedale (27),27,Bay Street Corridor (76),76,D52,Toronto East York,UNIVERSITY AV,EDWARD ST, ,Major Arterial,Intersection,Intersection Related,Stop Sign,Clear,"Daylight, artificial",Dry,Non-Fatal Injury,Turning Movement,Passenger,30 to 34,,0, , , , , , , , , , , ,0,0,1,1,0,0,0,1,0,1,0,0,0,0
7001821559,2017,10,7,20,25,5,43.65546038,-79.38856129,Toronto Centre-Rosedale (27),27,Bay Street Corridor (76),76,D52,Toronto East York,UNIVERSITY AV,EDWARD ST, ,Major Arterial,Intersection,Intersection Related,Stop Sign,Clear,"Daylight, artificial",Dry,Non-Fatal Injury,Turning Movement,Motorcycle Passenger,15 to 19,Minimal,0, , , , , , , , , , , ,0,0,1,1,0,0,0,1,0,1,0,0,0,0
1204298,2010,11,26,20,26,4,43.71304538,-79.36719029,Don Valley West (26),26,Leaside-Bennington (56),56,D53,North York,EGLINTON AVE E,SUTHERLAND DR, ,Major Arterial,Intersection, ,Traffic Signal,Clear,Dark,Dry,Non-Fatal Injury,Pedestrian Collisions,Driver,25 to 29,,0,East,"Automobile, Station Wagon",Going Ahead,Driving Properly,Normal, , , , , , ,1,0,1,0,0,0,0,0,0,0,0,0,0,0
1204298,2010,11,26,20,26,4,43.71304538,-79.36719029,Don Valley West (26),26,Leaside-Bennington (56),56,D53,North York,EGLINTON AVE E,SUTHERLAND DR, ,Major Arterial,Intersection, ,Traffic Signal,Clear,Dark,Dry,Non-Fatal Injury,Pedestrian Collisions,Pedestrian,75 to 79,Major,0,South,Other, , , ,Vehicle is going straight thru inter.while ped cross without ROW,Crossing without right of way,Unknown, , , ,1,0,1,0,0,0,0,0,0,0,0,0,0,0
986957,2007,8,28,20,27,1,43.77864538,-79.21469029,Scarborough East (43),43,Morningside (135),135,D43,Scarborough,371 ORTON PARK Rd, , ,Local,Mid-Block, ,No Control,Clear,Dark,Dry,Non-Fatal Injury,Sideswipe,Motorcycle Driver,unknown,,0,North,Motorcycle,Going Ahead,Other,Unknown, , , , , , ,0,0,0,1,0,0,0,0,0,0,0,0,0,0
986957,2007,8,28,20,27,1,43.77864538,-79.21469029,Scarborough East (43),43,Morningside (135),135,D43,Scarborough,371 ORTON PARK Rd, , ,Local,Mid-Block, ,No Control,Clear,Dark,Dry,Non-Fatal Injury,Sideswipe,Motorcycle Driver,55 to 59,Major,0,North,Motorcycle,Going Ahead,Other,Unknown, , , , , , ,0,0,0,1,0,0,0,0,0,0,0,0,0,0
1061106,2008,9,25,20,27,3,43.66464575,-79.37759028,Toronto Centre-Rosedale (27),27,Cabbagetown-South St.James Town (71),71,D51,Toronto East York,JARVIS ST,CARLTON ST, ,Major Arterial,Mid-Block, ,No Control,Clear,Dark,Dry,Non-Fatal Injury,Turning Movement,Motorcycle Driver,45 to 49,Major,0,South,Motorcycle,Going Ahead,Driving Properly,Normal, , , , , , ,0,0,1,1,0,0,0,0,0,1,0,0,0,0
1061106,2008,9,25,20,27,3,43.66464575,-79.37759028,Toronto Centre-Rosedale (27),27,Cabbagetown-South St.James Town (71),71,D51,Toronto East York,JARVIS ST,CARLTON ST, ,Major Arterial,Mid-Block, ,No Control,Clear,Dark,Dry,Non-Fatal Injury,Turning Movement,Vehicle Owner,unknown, ,0, ,Other, , , , , , , , , ,0,0,1,1,0,0,0,0,0,1,0,0,0,0
1061106,2008,9,25,20,27,3,43.66464575,-79.37759028,Toronto Centre-Rosedale (27),27,Cabbagetown-South St.James Town (71),71,D51,Toronto East York,JARVIS ST,CARLTON ST, ,Major Arterial,Mid-Block, ,No Control,Clear,Dark,Dry,Non-Fatal Injury,Turning Movement,Driver,65 to 69,,0,South,"Automobile, Station Wagon",Making U Turn,Failed to Yield Right of Way,Inattentive, , , , , , ,0,0,1,1,0,0,0,0,0,1,0,0,0,0
1209207,2010,12,23,20,27,3,43.67394538,-79.41469029,St. Paul's (21),21,Casa Loma (96),96,D13,Toronto East York,BATHURST ST,BRIDGMAN AVE, ,Major Arterial,Mid-Block, ,No Control,Clear,Dark,Dry,Fatal,Pedestrian Collisions,Other,unknown,,0,South,Other,Parked, , , , , , , , ,1,0,0,0,0,1,0,1,0,1,0,0,0,1
1209207,2010,12,23,20,27,3,43.67394538,-79.41469029,St. Paul's (21),21,Casa Loma (96),96,D13,Toronto East York,BATHURST ST,BRIDGMAN AVE, ,Major Arterial,Mid-Block, ,No Control,Clear,Dark,Dry,Fatal,Pedestrian Collisions,Passenger,50 to 54,Major,0, ,Other, , , , , , , , , ,1,0,0,0,0,1,0,1,0,1,0,0,0,1
1209207,2010,12,23,20,27,3,43.67394538,-79.41469029,St. Paul's (21),21,Casa Loma (96),96,D13,Toronto East York,BATHURST ST,BRIDGMAN AVE, ,Major Arterial,Mid-Block, ,No Control,Clear,Dark,Dry,Fatal,Pedestrian Collisions,Vehicle Owner,unknown, ,0, ,Other, , , , , , , , , ,1,0,0,0,0,1,0,1,0,1,0,0,0,1
1209207,2010,12,23,20,27,3,43.67394538,-79.41469029,St. Paul's (21),21,Casa Loma (96),96,D13,Toronto East York,BATHURST ST,BRIDGMAN AVE, ,Major Arterial,Mid-Block, ,No Control,Clear,Dark,Dry,Fatal,Pedestrian Collisions,Driver,50 to 54,,0,South,Municipal Transit Bus (TTC),Going Ahead,Improper Passing,Normal, , , , , , ,1,0,0,0,0,1,0,1,0,1,0,0,0,1
1209207,2010,12,23,20,27,3,43.67394538,-79.41469029,St. Paul's (21),21,Casa Loma (96),96,D13,Toronto East York,BATHURST ST,BRIDGMAN AVE, ,Major Arterial,Mid-Block, ,No Control,Clear,Dark,Dry,Fatal,Pedestrian Collisions,Pedestrian,40 to 44,Fatal,42,Unknown,Other, , , ,Pedestrian involved in a collision with transit vehicle anywhere along roadway,Playing or Working on Highway,Normal, , , ,1,0,0,0,0,1,0,1,0,1,0,0,0,1
1336399,2012,12,1,20,27,5,43.70824538,-79.34029029,Don Valley West (26),26,Thorncliffe Park (55),55,D53,North York,OVERLEA BLVD,WILLIAM MORGAN DR, ,Major Arterial,Mid-Block, ,No Control,Clear,Dark,Dry,Non-Fatal Injury,Pedestrian Collisions,Driver,25 to 29,,0,East,"Automobile, Station Wagon",Going Ahead,Driving Properly,Normal, , , , , , ,1,0,1,0,0,0,0,0,0,0,0,0,0,0
1336399,2012,12,1,20,27,5,43.70824538,-79.34029029,Don Valley West (26),26,Thorncliffe Park (55),55,D53,North York,OVERLEA BLVD,WILLIAM MORGAN DR, ,Major Arterial,Mid-Block, ,No Control,Clear,Dark,Dry,Non-Fatal Injury,Pedestrian Collisions,Pedestrian,70 to 74,Major,0,South,Other, , , ,Pedestrian hit at mid-block,"Crossing, no Traffic Control",Normal, , , ,1,0,1,0,0,0,0,0,0,0,0,0,0,0
1120536,2009,7,13,20,28,0,43.70094538,-79.42559029,St. Paul's (21),21,Humewood-Cedarvale (106),106,D13,Toronto East York,EGLINTON AVE W,BATHURST ST, ,Major Arterial,Intersection, ,Traffic Signal,Clear,Daylight,Dry,Non-Fatal Injury,Cyclist Collisions,Vehicle Owner,unknown, ,0, ,Other, , , , , , , , , ,0,1,1,0,0,0,0,0,0,0,0,0,0,0
1120536,2009,7,13,20,28,0,43.70094538,-79.42559029,St. Paul's (21),21,Humewood-Cedarvale (106),106,D13,Toronto East York,EGLINTON AVE W,BATHURST ST, ,Major Arterial,Intersection, ,Traffic Signal,Clear,Daylight,Dry,Non-Fatal Injury,Cyclist Collisions,Driver,20 to 24,,0,North,"Automobile, Station Wagon",Turning Left,Driving Properly,Normal, , , , , , ,0,1,1,0,0,0,0,0,0,0,0,0,0,0
1120536,2009,7,13,20,28,0,43.70094538,-79.42559029,St. Paul's (21),21,Humewood-Cedarvale (106),106,D13,Toronto East York,EGLINTON AVE W,BATHURST ST, ,Major Arterial,Intersection, ,Traffic Signal,Clear,Daylight,Dry,Non-Fatal Injury,Cyclist Collisions,Cyclist,20 to 24,Major,0,South,Bicycle,Going Ahead, , , , , ,"Cyclist without ROW rides into path of motorist at inter, lnwy, dwy-Cyclist not turn.",Disobeyed Traffic Control,Normal,0,1,1,0,0,0,0,0,0,0,0,0,0,0
4002458189,2014,7,8,20,28,1,43.70998724,-79.33438502,Don Valley West (26),26,Flemingdon Park (44),44,D54,North York,DON MILLS RD,OVERLEA BLVD,17 m West of,Major Arterial,Intersection,Non Intersection,Traffic Signal,Clear,Daylight,Dry,Non-Fatal Injury,Angle,Driver,45 to 49,,0,South,"Automobile, Station Wagon",Going Ahead,Disobeyed Traffic Control,Normal, , , , , , ,0,0,1,0,0,0,0,1,0,1,1,0,0,0
4002458189,2014,7,8,20,28,1,43.70998724,-79.33438502,Don Valley West (26),26,Flemingdon Park (44),44,D54,North York,DON MILLS RD,OVERLEA BLVD,17 m West of,Major Arterial,Intersection,Non Intersection,Traffic Signal,Clear,Daylight,Dry,Non-Fatal Injury,Angle,Driver,80 to 84,Minimal,0,East,"Automobile, Station Wagon",Going Ahead,Driving Properly,Normal, , , , , , ,0,0,1,0,0,0,0,1,0,1,1,0,0,0
4002458189,2014,7,8,20,28,1,43.70998724,-79.33438502,Don Valley West (26),26,Flemingdon Park (44),44,D54,North York,DON MILLS RD,OVERLEA BLVD,17 m West of,Major Arterial,Intersection,Non Intersection,Traffic Signal,Clear,Daylight,Dry,Non-Fatal Injury,Angle,Passenger,75 to 79,Minimal,0, , , , , , , , , , , ,0,0,1,0,0,0,0,1,0,1,1,0,0,0
4002458189,2014,7,8,20,28,1,43.70998724,-79.33438502,Don Valley West (26),26,Flemingdon Park (44),44,D54,North York,DON MILLS RD,OVERLEA BLVD,17 m West of,Major Arterial,Intersection,Non Intersection,Traffic Signal,Clear,Daylight,Dry,Non-Fatal Injury,Angle,Passenger,75 to 79,Major,0, , , , , , , , , , , ,0,0,1,0,0,0,0,1,0,1,1,0,0,0
5000560374,2015,4,4,20,28,5,43.67893179,-79.49685297,York South-Weston (11),11,Rockcliffe-Smythe (111),111,D12,Etobicoke York,JANE ST,EAST DR, ,Major Arterial,Intersection,Intersection Related,Traffic Signal,Snow,"Dark, artificial",Wet,Non-Fatal Injury,Pedestrian Collisions,Driver,70 to 74,,0,South,"Automobile, Station Wagon",Going Ahead,Driving Properly,Normal, , , , , , ,1,0,1,0,0,0,0,1,0,0,0,0,0,0
5000560374,2015,4,4,20,28,5,43.67893179,-79.49685297,York South-Weston (11),11,Rockcliffe-Smythe (111),111,D12,Etobicoke York,JANE ST,EAST DR, ,Major Arterial,Intersection,Intersection Related,Traffic Signal,Snow,"Dark, artificial",Wet,Non-Fatal Injury,Pedestrian Collisions,Pedestrian,30 to 34,Major,0,East, , , , ,Vehicle is going straight thru inter.while ped cross without ROW,Crossing without right of way,Unknown, , , ,1,0,1,0,0,0,0,1,0,0,0,0,0,0
5000560374,2015,4,4,20,28,5,43.67893179,-79.49685297,York South-Weston (11),11,Rockcliffe-Smythe (111),111,D12,Etobicoke York,JANE ST,EAST DR, ,Major Arterial,Intersection,Intersection Related,Traffic Signal,Snow,"Dark, artificial",Wet,Non-Fatal Injury,Pedestrian Collisions,Passenger,70 to 74,Minor,0, , , , , , , , , , , ,1,0,1,0,0,0,0,1,0,0,0,0,0,0
6001385962,2016,8,6,20,29,5,43.65082129,-79.34692011,Toronto-Danforth (30),30,South Riverdale (70),70,D51,Toronto East York,LAKE SHORE BLVD E,DON ROADWAY,9 m West of,Major Arterial,Intersection,At Intersection,Traffic Signal,Clear,Daylight,Dry,Non-Fatal Injury,Turning Movement,Driver,50 to 54,Minor,0,West,"Automobile, Station Wagon",Turning Left,Improper Turn,Inattentive, , , , , , ,0,0,1,0,0,0,0,1,0,0,0,0,0,0
6001385962,2016,8,6,20,29,5,43.65082129,-79.34692011,Toronto-Danforth (30),30,South Riverdale (70),70,D51,Toronto East York,LAKE SHORE BLVD E,DON ROADWAY,9 m West of,Major Arterial,Intersection,At Intersection,Traffic Signal,Clear,Daylight,Dry,Non-Fatal Injury,Turning Movement,Driver,45 to 49,Minor,0,East,"Automobile, Station Wagon",Going Ahead,Driving Properly,Normal, , , , , , ,0,0,1,0,0,0,0,1,0,0,0,0,0,0
6001385962,2016,8,6,20,29,5,43.65082129,-79.34692011,Toronto-Danforth (30),30,South Riverdale (70),70,D51,Toronto East York,LAKE SHORE BLVD E,DON ROADWAY,9 m West of,Major Arterial,Intersection,At Intersection,Traffic Signal,Clear,Daylight,Dry,Non-Fatal Injury,Turning Movement,Passenger,40 to 44,,0, , , , , , , , , , , ,0,0,1,0,0,0,0,1,0,0,0,0,0,0
6001385962,2016,8,6,20,29,5,43.65082129,-79.34692011,Toronto-Danforth (30),30,South Riverdale (70),70,D51,Toronto East York,LAKE SHORE BLVD E,DON ROADWAY,9 m West of,Major Arterial,Intersection,At Intersection,Traffic Signal,Clear,Daylight,Dry,Non-Fatal Injury,Turning Movement,Passenger,35 to 39,Major,0, , , , , , , , , , , ,0,0,1,0,0,0,0,1,0,0,0,0,0,0
6001385962,2016,8,6,20,29,5,43.65082129,-79.34692011,Toronto-Danforth (30),30,South Riverdale (70),70,D51,Toronto East York,LAKE SHORE BLVD E,DON ROADWAY,9 m West of,Major Arterial,Intersection,At Intersection,Traffic Signal,Clear,Daylight,Dry,Non-Fatal Injury,Turning Movement,Passenger,5 to 9,Minimal,0, , , , , , , , , , , ,0,0,1,0,0,0,0,1,0,0,0,0,0,0