ACCNUM,YEAR,MONTH,DAY,HOUR,MINUTES,WEEKDAY,LATITUDE,LONGITUDE,Ward_Name,Ward_ID,Hood_Name,Hood_ID,Division,District,STREET1,STREET2,OFFSET,ROAD_CLASS,LOCCOORD,ACCLOC,TRAFFCTL,VISIBILITY,LIGHT,RDSFCOND,ACCLASS,IMPACTYPE,INVTYPE,INVAGE,INJURY,FATAL_NO,INITDIR,VEHTYPE,MANOEUVER,DRIVACT,DRIVCOND,PEDTYPE,PEDACT,PEDCOND,CYCLISTYPE,CYCACT,CYCCOND,PEDESTRIAN,CYCLIST,AUTOMOBILE,MOTORCYCLE,TRUCK,TRSN_CITY_VEH,EMERG_VEH,PASSENGER,SPEEDING,AG_DRIV,REDLIGHT,ALCOHOL,DISABILITY,label
6001385962,2016,8,6,20,29,5,43.65082129,-79.34692011,Toronto-Danforth (30),30,South Riverdale (70),70,D51,Toronto East York,LAKE SHORE BLVD E,DON ROADWAY,9 m West of,Major Arterial,Intersection,At Intersection,Traffic Signal,Clear,Daylight,Dry,Non-Fatal Injury,Turning Movement,Passenger,5 to 9,Minimal,0, , , , , , , , , , , ,0,0,1,0,0,0,0,1,0,0,0,0,0,0
6001385962,2016,8,6,20,29,5,43.65082129,-79.34692011,Toronto-Danforth (30),30,South Riverdale (70),70,D51,Toronto East York,LAKE SHORE BLVD E,DON ROADWAY,9 m West of,Major Arterial,Intersection,At Intersection,Traffic Signal,Clear,Daylight,Dry,Non-Fatal Injury,Turning Movement,Passenger,45 to 49,Minor,0, , , , , , , , , , , ,0,0,1,0,0,0,0,1,0,0,0,0,0,0
949215,2007,1,12,20,30,4,43.75534538,-79.20089029,Scarborough East (43),43,West Hill (136),136,D43,Scarborough,4071 KINGSTON RD, , ,Major Arterial,Mid-Block, ,No Control,Rain,Dark,Wet,Non-Fatal Injury,Pedestrian Collisions,Vehicle Owner,unknown, ,0, ,Other, , , , , , , , , ,1,0,1,0,0,0,0,0,0,0,0,0,0,0
949215,2007,1,12,20,30,4,43.75534538,-79.20089029,Scarborough East (43),43,West Hill (136),136,D43,Scarborough,4071 KINGSTON RD, , ,Major Arterial,Mid-Block, ,No Control,Rain,Dark,Wet,Non-Fatal Injury,Pedestrian Collisions,Driver,40 to 44,,0,East,"Automobile, Station Wagon",Going Ahead,Driving Properly,Normal, , , , , , ,1,0,1,0,0,0,0,0,0,0,0,0,0,0
949215,2007,1,12,20,30,4,43.75534538,-79.20089029,Scarborough East (43),43,West Hill (136),136,D43,Scarborough,4071 KINGSTON RD, , ,Major Arterial,Mid-Block, ,No Control,Rain,Dark,Wet,Non-Fatal Injury,Pedestrian Collisions,Pedestrian,35 to 39,Major,0,North,Other, , , ,Pedestrian hit at mid-block,Running onto Roadway,Normal, , , ,1,0,1,0,0,0,0,0,0,0,0,0,0,0
991480,2007,9,9,20,30,6,43.70214538,-79.33599029,Toronto-Danforth (29),29,Old East York (58),58,D54,Toronto East York,DON MILLS RD,DVP S DON MILLS N RAMP RD S, ,Major Arterial,Intersection,At Intersection,Stop Sign,Clear,Dark,Dry,Non-Fatal Injury,Angle,Passenger,15 to 19,Minor,0, ,Other,Other, , , , , , , , ,0,0,1,0,0,0,0,1,0,1,0,0,0,0
991480,2007,9,9,20,30,6,43.70214538,-79.33599029,Toronto-Danforth (29),29,Old East York (58),58,D54,Toronto East York,DON MILLS RD,DVP S DON MILLS N RAMP RD S, ,Major Arterial,Intersection,At Intersection,Stop Sign,Clear,Dark,Dry,Non-Fatal Injury,Angle,Driver,45 to 49,Major,0,North,"Automobile, Station Wagon",Going Ahead,Failed to Yield Right of Way,Normal, , , , , , ,0,0,1,0,0,0,0,1,0,1,0,0,0,0
991480,2007,9,9,20,30,6,43.70214538,-79.33599029,Toronto-Danforth (29),29,Old East York (58),58,D54,Toronto East York,DON MILLS RD,DVP S DON MILLS N RAMP RD S, ,Major Arterial,Intersection,At Intersection,Stop Sign,Clear,Dark,Dry,Non-Fatal Injury,Angle,Vehicle Owner,unknown, ,0, ,Other, , , , , , , , , ,0,0,1,0,0,0,0,1,0,1,0,0,0,0
6001753301,2016,10,2,19,40,6,43.73405035,-79.26018915,Scarborough Southwest (35),35,Kennedy Park (124),124,D41,Scarborough,EGLINTON AVE E,MIDLAND AVE, ,Major Arterial,Intersection,Non Intersection,No Control,Rain,"Dark, artificial",Wet,Fatal,Pedestrian Collisions,Driver,75 to 79,,0,East,"Automobile, Station Wagon",Going Ahead,Driving Properly,Normal, , , , , , ,1,0,1,0,0,0,0,0,0,0,0,0,0,1
1186795,2010,8,28,20,30,5,43.73364599,-79.60058985,Etobicoke North (1),1,West Humber-Clairville (1),1,D23,Etobicoke York,WESTMORE DR,COUNTRYMAN CRCL, ,Collector,Intersection,At Intersection,Stop Sign,Clear,Dark,Dry,Non-Fatal Injury,Pedestrian Collisions,Pedestrian,15 to 19,Major,0,West,Other, , , ,Pedestrian hit at mid-block,"Crossing, no Traffic Control",Inattentive, , , ,1,0,1,0,0,0,0,0,0,0,0,0,0,0
959779,2007,2,19,19,41,0,43.70444538,-79.55009029,Etobicoke North (2),2,Kingsview Village-The Westway (6),6,D23,Etobicoke York,ISLINGTON AVE,LEMSFORD RD, ,Major Arterial,Intersection,At Intersection,Stop Sign,Clear,Dark,Dry,Non-Fatal Injury,Turning Movement,Driver,60 to 64,,0,West,"Automobile, Station Wagon",Turning Left,Improper Turn,Inattentive, , , , , , ,0,0,1,0,0,0,0,0,0,0,0,0,0,0
1220130,2011,1,6,20,30,3,43.77754538,-79.22659029,Scarborough Centre (38),38,Woburn (137),137,D43,Scarborough,ELLESMERE RD,GANDER DR, ,Major Arterial,Intersection, ,Traffic Signal,Snow,Dark,Loose Snow,Non-Fatal Injury,Sideswipe,Driver,40 to 44,,0,East,"Automobile, Station Wagon",Going Ahead,Lost control,Normal, , , , , , ,0,0,1,0,0,0,0,1,0,0,0,0,0,0
959779,2007,2,19,19,41,0,43.70444538,-79.55009029,Etobicoke North (2),2,Kingsview Village-The Westway (6),6,D23,Etobicoke York,ISLINGTON AVE,LEMSFORD RD, ,Major Arterial,Intersection,At Intersection,Stop Sign,Clear,Dark,Dry,Non-Fatal Injury,Turning Movement,Driver,25 to 29,Major,0,North,"Automobile, Station Wagon",Going Ahead,Driving Properly,Normal, , , , , , ,0,0,1,0,0,0,0,0,0,0,0,0,0,0
7000156964,2017,1,25,19,34,2,43.66375693,-79.41067896,Trinity-Spadina (20),20,University (79),79,D14,Toronto East York,BATHURST ST,LENNOX ST, ,Major Arterial,Intersection,At Intersection,Traffic Signal,Rain,"Dark, artificial",Wet,Non-Fatal Injury,Pedestrian Collisions,Driver,unknown,,0,West,"Automobile, Station Wagon",Turning Right,Failed to Yield Right of Way,Unknown, , , , , , ,1,0,1,0,0,0,0,0,0,1,0,0,0,0
1220130,2011,1,6,20,30,3,43.77754538,-79.22659029,Scarborough Centre (38),38,Woburn (137),137,D43,Scarborough,ELLESMERE RD,GANDER DR, ,Major Arterial,Intersection, ,Traffic Signal,Snow,Dark,Loose Snow,Non-Fatal Injury,Sideswipe,Passenger,50 to 54,Major,0, ,Other, , , , , , , , , ,0,0,1,0,0,0,0,1,0,0,0,0,0,0
7000156964,2017,1,25,19,34,2,43.66375693,-79.41067896,Trinity-Spadina (20),20,University (79),79,D14,Toronto East York,BATHURST ST,LENNOX ST, ,Major Arterial,Intersection,At Intersection,Traffic Signal,Rain,"Dark, artificial",Wet,Non-Fatal Injury,Pedestrian Collisions,Pedestrian,50 to 54,Major,0,East, , , , ,Vehicle turns right while ped crosses with ROW at inter.,Crossing with right of way,Normal, , , ,1,0,1,0,0,0,0,0,0,1,0,0,0,0
1129305,2009,9,8,19,41,1,43.64404538,-79.40199029,Trinity-Spadina (20),20,Waterfront Communities-The Island (77),77,D14,Toronto East York,KING ST W,BATHURST ST, ,Major Arterial,Mid-Block, ,No Control,Clear,Dark,Dry,Non-Fatal Injury,Sideswipe,Passenger,20 to 24,Minor,0, ,Other, , , , , , , , , ,0,0,1,1,0,0,0,1,0,1,0,0,0,0
1220130,2011,1,6,20,30,3,43.77754538,-79.22659029,Scarborough Centre (38),38,Woburn (137),137,D43,Scarborough,ELLESMERE RD,GANDER DR, ,Major Arterial,Intersection, ,Traffic Signal,Snow,Dark,Loose Snow,Non-Fatal Injury,Sideswipe,Passenger,50 to 54,Major,0, ,Other, , , , , , , , , ,0,0,1,0,0,0,0,1,0,0,0,0,0,0
976743,2007,6,26,19,35,1,43.73404538,-79.35589029,Don Valley West (25),25,Banbury-Don Mills (42),42,D33,North York,LESLIE ST,TOTTENHAM RD, ,Minor Arterial,Intersection,At Intersection,No Control,Clear,Daylight,Dry,Non-Fatal Injury,Rear End,Vehicle Owner,unknown, ,0, ,Other, , , , , , , , , ,0,0,1,0,0,0,0,0,1,1,0,0,0,0
1129305,2009,9,8,19,41,1,43.64404538,-79.40199029,Trinity-Spadina (20),20,Waterfront Communities-The Island (77),77,D14,Toronto East York,KING ST W,BATHURST ST, ,Major Arterial,Mid-Block, ,No Control,Clear,Dark,Dry,Non-Fatal Injury,Sideswipe,Motorcycle Driver,30 to 34,Major,0,East,Motorcycle,Going Ahead,Improper Passing,Normal, , , , , , ,0,0,1,1,0,0,0,1,0,1,0,0,0,0
976743,2007,6,26,19,35,1,43.73404538,-79.35589029,Don Valley West (25),25,Banbury-Don Mills (42),42,D33,North York,LESLIE ST,TOTTENHAM RD, ,Minor Arterial,Intersection,At Intersection,No Control,Clear,Daylight,Dry,Non-Fatal Injury,Rear End,Driver,40 to 44,,0,North,"Automobile, Station Wagon",Slowing or Stopping,Driving Properly,Normal, , , , , , ,0,0,1,0,0,0,0,0,1,1,0,0,0,0
976743,2007,6,26,19,35,1,43.73404538,-79.35589029,Don Valley West (25),25,Banbury-Don Mills (42),42,D33,North York,LESLIE ST,TOTTENHAM RD, ,Minor Arterial,Intersection,At Intersection,No Control,Clear,Daylight,Dry,Non-Fatal Injury,Rear End,Vehicle Owner,unknown, ,0, ,Other, , , , , , , , , ,0,0,1,0,0,0,0,0,1,1,0,0,0,0
976743,2007,6,26,19,35,1,43.73404538,-79.35589029,Don Valley West (25),25,Banbury-Don Mills (42),42,D33,North York,LESLIE ST,TOTTENHAM RD, ,Minor Arterial,Intersection,At Intersection,No Control,Clear,Daylight,Dry,Non-Fatal Injury,Rear End,Driver,55 to 59,Major,0,South,"Automobile, Station Wagon",Going Ahead,Lost control,Unknown, , , , , , ,0,0,1,0,0,0,0,0,1,1,0,0,0,0
976743,2007,6,26,19,35,1,43.73404538,-79.35589029,Don Valley West (25),25,Banbury-Don Mills (42),42,D33,North York,LESLIE ST,TOTTENHAM RD, ,Minor Arterial,Intersection,At Intersection,No Control,Clear,Daylight,Dry,Non-Fatal Injury,Rear End,Vehicle Owner,unknown, ,0, ,Other, , , , , , , , , ,0,0,1,0,0,0,0,0,1,1,0,0,0,0
976743,2007,6,26,19,35,1,43.73404538,-79.35589029,Don Valley West (25),25,Banbury-Don Mills (42),42,D33,North York,LESLIE ST,TOTTENHAM RD, ,Minor Arterial,Intersection,At Intersection,No Control,Clear,Daylight,Dry,Non-Fatal Injury,Rear End,Driver,35 to 39,,0,South,"Automobile, Station Wagon",Stopped,Driving Properly,Normal, , , , , , ,0,0,1,0,0,0,0,0,1,1,0,0,0,0
976743,2007,6,26,19,35,1,43.73404538,-79.35589029,Don Valley West (25),25,Banbury-Don Mills (42),42,D33,North York,LESLIE ST,TOTTENHAM RD, ,Minor Arterial,Intersection,At Intersection,No Control,Clear,Daylight,Dry,Non-Fatal Injury,Rear End,Other,unknown,,0, ,Other, , , , , , , , , ,0,0,1,0,0,0,0,0,1,1,0,0,0,0
1012988,2008,1,5,19,35,5,43.68434538,-79.56499029,Etobicoke Centre (4),4,Willowridge-Martingrove-Richview (7),7,D23,Etobicoke York,SANDWELL DR,THE WESTWAY, ,Local,Mid-Block, ,No Control,Clear,Dark,Wet,Fatal,Pedestrian Collisions,Driver,80 to 84,Minimal,0,North,"Automobile, Station Wagon",Going Ahead,Driving Properly,Normal, , , , , , ,1,0,1,0,0,0,0,0,0,0,0,0,0,1
1012988,2008,1,5,19,35,5,43.68434538,-79.56499029,Etobicoke Centre (4),4,Willowridge-Martingrove-Richview (7),7,D23,Etobicoke York,SANDWELL DR,THE WESTWAY, ,Local,Mid-Block, ,No Control,Clear,Dark,Wet,Fatal,Pedestrian Collisions,Pedestrian,75 to 79,Fatal,2,West,Other, , , ,Vehicle hits the pedestrian walking or running out from between parked vehicles at mid-block,Coming From Behind Parked Vehicle,Inattentive, , , ,1,0,1,0,0,0,0,0,0,0,0,0,0,1
1051205,2008,7,15,19,35,1,43.77344538,-79.34649029,Don Valley East (33),33,Henry Farm (53),53,D33,North York,DON MILLS RD,GEORGE HENRY BLVD, ,Major Arterial,Intersection,At Intersection,Stop Sign,Clear,Dusk,Dry,Non-Fatal Injury,Pedestrian Collisions,Driver,25 to 29,,0,West,"Automobile, Station Wagon",Going Ahead,Failed to Yield Right of Way,Normal, , , , , , ,1,0,1,0,0,0,0,0,0,1,0,0,0,0
1051205,2008,7,15,19,35,1,43.77344538,-79.34649029,Don Valley East (33),33,Henry Farm (53),53,D33,North York,DON MILLS RD,GEORGE HENRY BLVD, ,Major Arterial,Intersection,At Intersection,Stop Sign,Clear,Dusk,Dry,Non-Fatal Injury,Pedestrian Collisions,Pedestrian,35 to 39,Major,0,South,Other, , , ,Vehicle is going straight thru inter.while ped cross with ROW,Crossing with right of way,Normal, , , ,1,0,1,0,0,0,0,0,0,1,0,0,0,0
1206992,2010,12,11,19,35,5,43.71684538,-79.25989029,Scarborough Southwest (35),35,Clairlea-Birchmount (120),120,D41,Scarborough,ST CLAIR AVE E,DANFORTH RD, ,Major Arterial,Intersection,At Intersection,Traffic Signal,Clear,Dark,Dry,Fatal,Pedestrian Collisions,Vehicle Owner,unknown, ,0, ,Other, , , , , , , , , ,1,0,0,0,0,1,0,0,0,0,0,0,0,1
1206992,2010,12,11,19,35,5,43.71684538,-79.25989029,Scarborough Southwest (35),35,Clairlea-Birchmount (120),120,D41,Scarborough,ST CLAIR AVE E,DANFORTH RD, ,Major Arterial,Intersection,At Intersection,Traffic Signal,Clear,Dark,Dry,Fatal,Pedestrian Collisions,Driver,45 to 49,,0,South,Municipal Transit Bus (TTC),Going Ahead,Driving Properly,Normal, , , , , , ,1,0,0,0,0,1,0,0,0,0,0,0,0,1
1206992,2010,12,11,19,35,5,43.71684538,-79.25989029,Scarborough Southwest (35),35,Clairlea-Birchmount (120),120,D41,Scarborough,ST CLAIR AVE E,DANFORTH RD, ,Major Arterial,Intersection,At Intersection,Traffic Signal,Clear,Dark,Dry,Fatal,Pedestrian Collisions,Pedestrian,65 to 69,Fatal,40,East,Other, , , ,Pedestrian involved in a collision with transit vehicle anywhere along roadway,Crossing without right of way,Inattentive, , , ,1,0,0,0,0,1,0,0,0,0,0,0,0,1
1239766,2011,6,1,19,35,2,43.65014538,-79.36359029,Toronto Centre-Rosedale (28),28,Waterfront Communities-The Island (77),77,D51,Toronto East York,THE ESPLANADE,BERKELEY Stre, ,Collector,Intersection, ,Traffic Signal,Clear,Daylight,Dry,Non-Fatal Injury,SMV Other,Vehicle Owner,unknown, ,0, ,Other, , , , , , , , , ,0,0,1,1,0,0,0,0,0,0,0,0,0,0
1239766,2011,6,1,19,35,2,43.65014538,-79.36359029,Toronto Centre-Rosedale (28),28,Waterfront Communities-The Island (77),77,D51,Toronto East York,THE ESPLANADE,BERKELEY Stre, ,Collector,Intersection, ,Traffic Signal,Clear,Daylight,Dry,Non-Fatal Injury,SMV Other,Motorcycle Driver,30 to 34,Major,0,East,Motorcycle,Going Ahead,Driving Properly,Normal, , , , , , ,0,0,1,1,0,0,0,0,0,0,0,0,0,0
1239766,2011,6,1,19,35,2,43.65014538,-79.36359029,Toronto Centre-Rosedale (28),28,Waterfront Communities-The Island (77),77,D51,Toronto East York,THE ESPLANADE,BERKELEY Stre, ,Collector,Intersection, ,Traffic Signal,Clear,Daylight,Dry,Non-Fatal Injury,SMV Other,Driver,unknown,,0,West,"Automobile, Station Wagon",Overtaking,Other,Unknown, , , , , , ,0,0,1,1,0,0,0,0,0,0,0,0,0,0
1251858,2011,8,29,19,35,0,43.65744538,-79.35329029,Toronto-Danforth (30),30,South Riverdale (70),70,D55,Toronto East York,DON VALLEY PARKWAY  S,QUEEN St E, ,Expressway,Mid-Block, ,No Control,Clear,Daylight,Dry,Non-Fatal Injury,Rear End,Motorcycle Driver,25 to 29,Major,0,South,Motorcycle,Going Ahead,Following too Close,Normal, , , , , , ,0,0,1,1,0,0,0,0,0,1,0,0,0,0
1251858,2011,8,29,19,35,0,43.65744538,-79.35329029,Toronto-Danforth (30),30,South Riverdale (70),70,D55,Toronto East York,DON VALLEY PARKWAY  S,QUEEN St E, ,Expressway,Mid-Block, ,No Control,Clear,Daylight,Dry,Non-Fatal Injury,Rear End,Driver,45 to 49,,0,South,"Automobile, Station Wagon",Going Ahead,Driving Properly,Normal, , , , , , ,0,0,1,1,0,0,0,0,0,1,0,0,0,0
1315507,2012,8,8,19,35,2,43.69404538,-79.36629029,Toronto-Danforth (29),29,Leaside-Bennington (56),56,D53,Toronto East York,BAYVIEW AVE,NESBITT DR, ,Major Arterial,Intersection,At Intersection,Traffic Signal,Clear,Daylight,Dry,Non-Fatal Injury,Cyclist Collisions,Driver,70 to 74,,0,North,"Automobile, Station Wagon",Turning Left,Failed to Yield Right of Way,Inattentive, , , , , , ,0,1,1,0,0,0,0,0,0,1,0,0,0,0
1315507,2012,8,8,19,35,2,43.69404538,-79.36629029,Toronto-Danforth (29),29,Leaside-Bennington (56),56,D53,Toronto East York,BAYVIEW AVE,NESBITT DR, ,Major Arterial,Intersection,At Intersection,Traffic Signal,Clear,Daylight,Dry,Non-Fatal Injury,Cyclist Collisions,Cyclist,25 to 29,Major,0,South,Bicycle,Going Ahead, , , , , ,Motorist turned left across cyclists path.,Driving Properly,Normal,0,1,1,0,0,0,0,0,0,1,0,0,0,0
2015375108,2015,3,4,19,35,2,43.76041754,-79.57007227,York West (7),7,Humber Summit (21),21,D31,Etobicoke York,MILLWICK DR,PLUNKETT RD, ,Minor Arterial,Intersection,Intersection Related,Traffic Signal,Clear,Dark,Dry,Fatal,Pedestrian Collisions,Pedestrian,80 to 84,Fatal,9,South, , , , ,Vehicle turns right while ped crosses with ROW at inter.,Crossing with right of way,Normal, , , ,1,0,0,0,0,0,0,0,0,0,0,0,0,1
5000375108,2015,3,4,19,35,2,43.76041754,-79.57007227,York West (7),7,Humber Summit (21),21,D31,Etobicoke York,MILLWICK DR,PLUNKETT RD, ,Minor Arterial,Intersection,At Intersection,Traffic Signal,Clear,"Dark, artificial",Dry,Non-Fatal Injury,Pedestrian Collisions,Driver,40 to 44,,0,South,"Automobile, Station Wagon",Turning Right,Failed to Yield Right of Way,Inattentive, , , , , , ,1,0,1,0,0,0,0,0,0,1,0,0,0,0
5000375108,2015,3,4,19,35,2,43.76041754,-79.57007227,York West (7),7,Humber Summit (21),21,D31,Etobicoke York,MILLWICK DR,PLUNKETT RD, ,Minor Arterial,Intersection,At Intersection,Traffic Signal,Clear,"Dark, artificial",Dry,Non-Fatal Injury,Pedestrian Collisions,Pedestrian,80 to 84,Major,0,South, , , , ,Vehicle turns right while ped crosses with ROW at inter.,Crossing with right of way,Normal, , , ,1,0,1,0,0,0,0,0,0,1,0,0,0,0
6000101056,2016,1,17,19,35,6,43.77589377,-79.32031641,Scarborough-Agincourt (40),40,Tam O'Shanter-Sullivan (118),118,D42,Scarborough,SHEPPARD AVE E,CHICHESTER PL, ,Major Arterial,Intersection,At Intersection,No Control,Clear,"Dark, artificial",Dry,Fatal,Pedestrian Collisions,Driver,35 to 39,,0,West,"Automobile, Station Wagon",Going Ahead,Driving Properly,Normal, , , , , , ,1,0,1,0,0,0,0,0,0,0,0,0,0,1
6000101056,2016,1,17,19,35,6,43.77589377,-79.32031641,Scarborough-Agincourt (40),40,Tam O'Shanter-Sullivan (118),118,D42,Scarborough,SHEPPARD AVE E,CHICHESTER PL, ,Major Arterial,Intersection,At Intersection,No Control,Clear,"Dark, artificial",Dry,Fatal,Pedestrian Collisions,Pedestrian,75 to 79,Fatal,4,North, , , , ,Vehicle is going straight thru inter.while ped cross without ROW,"Crossing, no Traffic Control",Inattentive, , , ,1,0,1,0,0,0,0,0,0,0,0,0,0,1
1184036,2010,7,11,19,36,6,43.80834538,-79.17079029,Scarborough East (44),44,Rouge (131),131,D42,Scarborough,MEADOWVALE Rd,SHEPPARD Ave E, ,Major Arterial,Intersection,At Intersection,Traffic Signal,Clear,Daylight,Dry,Non-Fatal Injury,Pedestrian Collisions,Driver,50 to 54,,0,North,"Automobile, Station Wagon",Turning Left,Failed to Yield Right of Way,Inattentive, , , , , , ,1,0,1,0,0,0,0,0,0,1,0,0,0,0
1184036,2010,7,11,19,36,6,43.80834538,-79.17079029,Scarborough East (44),44,Rouge (131),131,D42,Scarborough,MEADOWVALE Rd,SHEPPARD Ave E, ,Major Arterial,Intersection,At Intersection,Traffic Signal,Clear,Daylight,Dry,Non-Fatal Injury,Pedestrian Collisions,Pedestrian,60 to 64,Major,0,South,Other, , , ,Vehicle turns left while ped crosses with ROW at inter.,Crossing with right of way,Normal, , , ,1,0,1,0,0,0,0,0,0,1,0,0,0,0
1303045,2012,5,14,19,36,0,43.78544538,-79.31089029,Scarborough-Agincourt (40),40,Tam O'Shanter-Sullivan (118),118,D42,Scarborough,WARDEN AVE,HUNTINGWOOD DR, ,Major Arterial,Intersection,At Intersection,Traffic Signal,Clear,Dusk,Dry,Non-Fatal Injury,Turning Movement,Vehicle Owner,unknown, ,0, ,Other, , , , , , , , , ,0,0,1,1,0,0,0,0,1,1,0,0,0,0
1303045,2012,5,14,19,36,0,43.78544538,-79.31089029,Scarborough-Agincourt (40),40,Tam O'Shanter-Sullivan (118),118,D42,Scarborough,WARDEN AVE,HUNTINGWOOD DR, ,Major Arterial,Intersection,At Intersection,Traffic Signal,Clear,Dusk,Dry,Non-Fatal Injury,Turning Movement,Motorcycle Driver,20 to 24,Major,0,South,Motorcycle,Going Ahead,Exceeding Speed Limit,Normal, , , , , , ,0,0,1,1,0,0,0,0,1,1,0,0,0,0
1303045,2012,5,14,19,36,0,43.78544538,-79.31089029,Scarborough-Agincourt (40),40,Tam O'Shanter-Sullivan (118),118,D42,Scarborough,WARDEN AVE,HUNTINGWOOD DR, ,Major Arterial,Intersection,At Intersection,Traffic Signal,Clear,Dusk,Dry,Non-Fatal Injury,Turning Movement,Driver,25 to 29,,0,North,"Automobile, Station Wagon",Turning Left,Driving Properly,Normal, , , , , , ,0,0,1,1,0,0,0,0,1,1,0,0,0,0
6000493980,2016,3,22,19,36,1,43.76935156,-79.28222285,Scarborough-Agincourt (40),40,Dorset Park (126),126,D41,Scarborough,PROGRESS AVE,KENNEDY RD, ,Major Arterial,Intersection,Intersection Related,Traffic Signal,Rain,"Dusk, artificial",Wet,Non-Fatal Injury,Pedestrian Collisions,Driver,35 to 39,,0,West,Pick Up Truck,Turning Right,Failed to Yield Right of Way,Normal, , , , , , ,1,0,1,0,0,0,0,0,0,1,0,0,0,0
6000493980,2016,3,22,19,36,1,43.76935156,-79.28222285,Scarborough-Agincourt (40),40,Dorset Park (126),126,D41,Scarborough,PROGRESS AVE,KENNEDY RD, ,Major Arterial,Intersection,Intersection Related,Traffic Signal,Rain,"Dusk, artificial",Wet,Non-Fatal Injury,Pedestrian Collisions,Pedestrian,60 to 64,Major,0,South, , , , ,Vehicle turns right while ped crosses with ROW at inter.,Crossing with right of way,Normal, , , ,1,0,1,0,0,0,0,0,0,1,0,0,0,0
1007071,2007,11,19,19,37,0,43.67474538,-79.39289029,Toronto Centre-Rosedale (27),27,Annex (95),95,D53,Toronto East York,DAVENPORT RD,BELMONT ST, ,Major Arterial,Intersection,At Intersection,Traffic Signal,Rain,Dark,Wet,Non-Fatal Injury,Pedestrian Collisions,Driver,25 to 29,,0,South,"Automobile, Station Wagon",Turning Left,Failed to Yield Right of Way,Normal, , , , , , ,1,0,1,0,0,0,0,0,0,1,0,0,0,0
1007071,2007,11,19,19,37,0,43.67474538,-79.39289029,Toronto Centre-Rosedale (27),27,Annex (95),95,D53,Toronto East York,DAVENPORT RD,BELMONT ST, ,Major Arterial,Intersection,At Intersection,Traffic Signal,Rain,Dark,Wet,Non-Fatal Injury,Pedestrian Collisions,Pedestrian,unknown,Major,0,South,Other, , , ,Vehicle turns left while ped crosses with ROW at inter.,Crossing with right of way,Normal, , , ,1,0,1,0,0,0,0,0,0,1,0,0,0,0
1078999,2009,1,3,19,37,5,43.65135153,-79.38682947,Toronto Centre-Rosedale (27),27,Bay Street Corridor (76),76,D52,Toronto East York,330 UNIVERSITY AVE, , ,Major Arterial,Mid-Block,Non Intersection,No Control,Clear,"Dark, artificial",Other,Non-Fatal Injury,SMV Other,Vehicle Owner,unknown, ,0, , , , , , , , , , , ,0,0,1,0,0,0,0,0,0,0,0,0,0,0
1078999,2009,1,3,19,37,5,43.65135153,-79.38682947,Toronto Centre-Rosedale (27),27,Bay Street Corridor (76),76,D52,Toronto East York,330 UNIVERSITY AVE, , ,Major Arterial,Mid-Block,Non Intersection,No Control,Clear,"Dark, artificial",Other,Non-Fatal Injury,SMV Other,Driver,40 to 44,Major,0,South,"Automobile, Station Wagon",Unknown,Lost control,Unknown, , , , , , ,0,0,1,0,0,0,0,0,0,0,0,0,0,0
1078999,2009,1,3,19,37,5,43.65135153,-79.38682947,Toronto Centre-Rosedale (27),27,Bay Street Corridor (76),76,D52,Toronto East York,330 UNIVERSITY AVE, , ,Major Arterial,Mid-Block,Non Intersection,No Control,Clear,"Dark, artificial",Other,Non-Fatal Injury,SMV Other,Other Property Owner,unknown, ,0, , , , , , , , , , , ,0,0,1,0,0,0,0,0,0,0,0,0,0,0
1161998,2010,3,12,19,37,4,43.77344538,-79.23069029,Scarborough Centre (38),38,Woburn (137),137,D43,Scarborough,MARKHAM Rd,BRIMORTON Dr, ,Major Arterial,Intersection,At Intersection,Traffic Signal,Rain,Dark,Wet,Non-Fatal Injury,Pedestrian Collisions,Driver,50 to 54,,0,South,"Automobile, Station Wagon",Turning Left,Failed to Yield Right of Way,Normal, , , , , , ,1,0,1,0,0,0,0,0,0,1,0,0,0,0
1161998,2010,3,12,19,37,4,43.77344538,-79.23069029,Scarborough Centre (38),38,Woburn (137),137,D43,Scarborough,MARKHAM Rd,BRIMORTON Dr, ,Major Arterial,Intersection,At Intersection,Traffic Signal,Rain,Dark,Wet,Non-Fatal Injury,Pedestrian Collisions,Pedestrian,25 to 29,Major,0,South,Other, , , ,Vehicle turns left while ped crosses with ROW at inter.,Crossing with right of way,Normal, , , ,1,0,1,0,0,0,0,0,0,1,0,0,0,0
1198624,2010,9,26,19,37,6,43.69254538,-79.44899029,Davenport (17),17,Caledonia-Fairbank (109),109,D13,North York,DUFFERIN ST,KEYWEST AVE, ,Major Arterial,Intersection,At Intersection,No Control,Clear,Dark,Dry,Non-Fatal Injury,Turning Movement,Motorcycle Driver,30 to 34,Major,0,North,Motorcycle,Going Ahead,Driving Properly,Normal, , , , , , ,0,0,1,1,0,0,0,0,0,0,0,0,0,0