ACCNUM,YEAR,MONTH,DAY,HOUR,MINUTES,WEEKDAY,LATITUDE,LONGITUDE,Ward_Name,Ward_ID,Hood_Name,Hood_ID,Division,District,STREET1,STREET2,OFFSET,ROAD_CLASS,LOCCOORD,ACCLOC,TRAFFCTL,VISIBILITY,LIGHT,RDSFCOND,ACCLASS,IMPACTYPE,INVTYPE,INVAGE,INJURY,FATAL_NO,INITDIR,VEHTYPE,MANOEUVER,DRIVACT,DRIVCOND,PEDTYPE,PEDACT,PEDCOND,CYCLISTYPE,CYCACT,CYCCOND,PEDESTRIAN,CYCLIST,AUTOMOBILE,MOTORCYCLE,TRUCK,TRSN_CITY_VEH,EMERG_VEH,PASSENGER,SPEEDING,AG_DRIV,REDLIGHT,ALCOHOL,DISABILITY,label
1198624,2010,9,26,19,37,6,43.69254538,-79.44899029,Davenport (17),17,Caledonia-Fairbank (109),109,D13,North York,DUFFERIN ST,KEYWEST AVE, ,Major Arterial,Intersection,At Intersection,No Control,Clear,Dark,Dry,Non-Fatal Injury,Turning Movement,Driver,40 to 44,,0,South,"Automobile, Station Wagon",Turning Left,Improper Turn,Inattentive, , , , , , ,0,0,1,1,0,0,0,0,0,0,0,0,0,0
1256815,2011,8,31,19,37,2,43.62154538,-79.52429029,Etobicoke-Lakeshore (5),5,Islington-City Centre West (14),14,D22,Etobicoke York,THE QUEENSWAY,CULNAN AVE, ,Major Arterial,Intersection, ,No Control,Clear,"Dark, artificial",Dry,Fatal,Other,Vehicle Owner,unknown, ,0, ,Other, , , , , , , , , ,0,0,0,0,0,0,0,1,0,0,0,0,0,1
1256815,2011,8,31,19,37,2,43.62154538,-79.52429029,Etobicoke-Lakeshore (5),5,Islington-City Centre West (14),14,D22,Etobicoke York,THE QUEENSWAY,CULNAN AVE, ,Major Arterial,Intersection, ,No Control,Clear,"Dark, artificial",Dry,Fatal,Other,Passenger,75 to 79,Fatal,26,Unknown,Other,Other, , , , , , , , ,0,0,0,0,0,0,0,1,0,0,0,0,0,1
1256815,2011,8,31,19,37,2,43.62154538,-79.52429029,Etobicoke-Lakeshore (5),5,Islington-City Centre West (14),14,D22,Etobicoke York,THE QUEENSWAY,CULNAN AVE, ,Major Arterial,Intersection, ,No Control,Clear,"Dark, artificial",Dry,Fatal,Other,Driver,50 to 54,,0,East,Other,Stopped,Driving Properly,Normal, , , , , , ,0,0,0,0,0,0,0,1,0,0,0,0,0,1
1291892,2012,5,1,19,37,1,43.68324538,-79.47639029,York South-Weston (12),12,Keelesdale-Eglinton West (110),110,D12,Etobicoke York,HYDE AVE,VALLEY CRES, ,Local,Intersection, ,No Control,Clear,Daylight,Dry,Non-Fatal Injury,SMV Unattended Vehicle,Driver,20 to 24,Major,0,West,Other,Going Ahead,Other,Unknown, , , , , , ,0,0,1,0,0,0,0,0,0,0,0,0,0,0
1291892,2012,5,1,19,37,1,43.68324538,-79.47639029,York South-Weston (12),12,Keelesdale-Eglinton West (110),110,D12,Etobicoke York,HYDE AVE,VALLEY CRES, ,Local,Intersection, ,No Control,Clear,Daylight,Dry,Non-Fatal Injury,SMV Unattended Vehicle,Vehicle Owner,unknown, ,0, ,Other, , , , , , , , , ,0,0,1,0,0,0,0,0,0,0,0,0,0,0
1291892,2012,5,1,19,37,1,43.68324538,-79.47639029,York South-Weston (12),12,Keelesdale-Eglinton West (110),110,D12,Etobicoke York,HYDE AVE,VALLEY CRES, ,Local,Intersection, ,No Control,Clear,Daylight,Dry,Non-Fatal Injury,SMV Unattended Vehicle,Other,unknown,,0, ,"Automobile, Station Wagon", , , , , , , , , ,0,0,1,0,0,0,0,0,0,0,0,0,0,0
1291892,2012,5,1,19,37,1,43.68324538,-79.47639029,York South-Weston (12),12,Keelesdale-Eglinton West (110),110,D12,Etobicoke York,HYDE AVE,VALLEY CRES, ,Local,Intersection, ,No Control,Clear,Daylight,Dry,Non-Fatal Injury,SMV Unattended Vehicle,Vehicle Owner,unknown, ,0, ,Other, , , , , , , , , ,0,0,1,0,0,0,0,0,0,0,0,0,0,0
1291892,2012,5,1,19,37,1,43.68324538,-79.47639029,York South-Weston (12),12,Keelesdale-Eglinton West (110),110,D12,Etobicoke York,HYDE AVE,VALLEY CRES, ,Local,Intersection, ,No Control,Clear,Daylight,Dry,Non-Fatal Injury,SMV Unattended Vehicle,Vehicle Owner,unknown, ,0, ,Other, , , , , , , , , ,0,0,1,0,0,0,0,0,0,0,0,0,0,0
1291892,2012,5,1,19,37,1,43.68324538,-79.47639029,York South-Weston (12),12,Keelesdale-Eglinton West (110),110,D12,Etobicoke York,HYDE AVE,VALLEY CRES, ,Local,Intersection, ,No Control,Clear,Daylight,Dry,Non-Fatal Injury,SMV Unattended Vehicle,Vehicle Owner,unknown, ,0, ,Other, , , , , , , , , ,0,0,1,0,0,0,0,0,0,0,0,0,0,0
1291892,2012,5,1,19,37,1,43.68324538,-79.47639029,York South-Weston (12),12,Keelesdale-Eglinton West (110),110,D12,Etobicoke York,HYDE AVE,VALLEY CRES, ,Local,Intersection, ,No Control,Clear,Daylight,Dry,Non-Fatal Injury,SMV Unattended Vehicle,Vehicle Owner,unknown, ,0, ,Other, , , , , , , , , ,0,0,1,0,0,0,0,0,0,0,0,0,0,0
1321792,2012,10,23,19,37,1,43.69334538,-79.56249029,Etobicoke Centre (4),4,Willowridge-Martingrove-Richview (7),7,D23,Etobicoke York,DIXON RD,CELESTINE DR, ,Major Arterial,Intersection,At Intersection,Traffic Signal,Clear,"Dark, artificial",Dry,Non-Fatal Injury,Pedestrian Collisions,Vehicle Owner,unknown, ,0, ,Other, , , , , , , , , ,1,0,1,0,0,0,0,0,0,0,0,0,0,0
1321792,2012,10,23,19,37,1,43.69334538,-79.56249029,Etobicoke Centre (4),4,Willowridge-Martingrove-Richview (7),7,D23,Etobicoke York,DIXON RD,CELESTINE DR, ,Major Arterial,Intersection,At Intersection,Traffic Signal,Clear,"Dark, artificial",Dry,Non-Fatal Injury,Pedestrian Collisions,Driver,50 to 54,,0,West,"Automobile, Station Wagon",Going Ahead,Driving Properly,Normal, , , , , , ,1,0,1,0,0,0,0,0,0,0,0,0,0,0
1321792,2012,10,23,19,37,1,43.69334538,-79.56249029,Etobicoke Centre (4),4,Willowridge-Martingrove-Richview (7),7,D23,Etobicoke York,DIXON RD,CELESTINE DR, ,Major Arterial,Intersection,At Intersection,Traffic Signal,Clear,"Dark, artificial",Dry,Non-Fatal Injury,Pedestrian Collisions,Pedestrian,20 to 24,Major,0,North,Other, , , ,Vehicle is going straight thru inter.while ped cross without ROW,Running onto Roadway,Unknown, , , ,1,0,1,0,0,0,0,0,0,0,0,0,0,0
1386897,2013,9,15,19,37,6,43.66969259,-79.4327508,Trinity-Spadina (19),19,Dovercourt-Wallace Emerson-Junction (93),93,D14,Toronto East York,DUPONT St,DOVERCOURT Rd, ,Major Arterial,Intersection, ,Traffic Signal,Rain,"Dark, artificial",Wet,Non-Fatal Injury,Cyclist Collisions,Driver,20 to 24,,0,West,"Automobile, Station Wagon",Going Ahead,Improper Passing,Inattentive, , , , , , ,0,1,1,0,0,0,0,0,0,1,0,0,0,0
1386897,2013,9,15,19,37,6,43.66969259,-79.4327508,Trinity-Spadina (19),19,Dovercourt-Wallace Emerson-Junction (93),93,D14,Toronto East York,DUPONT St,DOVERCOURT Rd, ,Major Arterial,Intersection, ,Traffic Signal,Rain,"Dark, artificial",Wet,Non-Fatal Injury,Cyclist Collisions,Cyclist,30 to 34,Major,0,West,Bicycle,Stopped, , , , , ,Cyclist and Driver travelling in same direction. One vehicle rear-ended the other.,Driving Properly,Normal,0,1,1,0,0,0,0,0,0,1,0,0,0,0
6000978198,2016,6,5,19,37,6,43.64506872,-79.38341914,Trinity-Spadina (20),20,Waterfront Communities-The Island (77),77,D52,Toronto East York,UNIVERSITY AVE,FRONT ST W,9 m South of,Minor Arterial,Intersection,Non Intersection,Stop Sign,Clear,"Dusk, artificial",Wet,Non-Fatal Injury,Rear End,Motorcycle Driver,25 to 29,Major,0,South,Motorcycle,Going Ahead,Following too Close,Normal, , , , , , ,0,0,1,1,0,0,0,0,0,1,0,0,0,0
6000978198,2016,6,5,19,37,6,43.64506872,-79.38341914,Trinity-Spadina (20),20,Waterfront Communities-The Island (77),77,D52,Toronto East York,UNIVERSITY AVE,FRONT ST W,9 m South of,Minor Arterial,Intersection,Non Intersection,Stop Sign,Clear,"Dusk, artificial",Wet,Non-Fatal Injury,Rear End,Driver,55 to 59,,0,South,"Automobile, Station Wagon",Slowing or Stopping,Driving Properly,Normal, , , , , , ,0,0,1,1,0,0,0,0,0,1,0,0,0,0
1261319,2011,10,26,19,38,2,43.68164538,-79.41769029,St. Paul's (21),21,Casa Loma (96),96,D13,Toronto East York,BATHURST ST,VAUGHAN RD, ,Major Arterial,Intersection,At Intersection,No Control,Rain,Dark,Wet,Non-Fatal Injury,Pedestrian Collisions,Driver,65 to 69,,0,South,"Automobile, Station Wagon",Going Ahead,Other,"Ability Impaired, Alcohol", , , , , , ,1,0,1,0,0,0,0,0,1,1,0,1,0,0
1261319,2011,10,26,19,38,2,43.68164538,-79.41769029,St. Paul's (21),21,Casa Loma (96),96,D13,Toronto East York,BATHURST ST,VAUGHAN RD, ,Major Arterial,Intersection,At Intersection,No Control,Rain,Dark,Wet,Non-Fatal Injury,Pedestrian Collisions,Pedestrian,75 to 79,Major,0,Unknown,Other, , , ,Other / Undefined,Other,Normal, , , ,1,0,1,0,0,0,0,0,1,1,0,1,0,0
957751,2007,2,6,19,39,1,43.68834538,-79.48289029,York South-Weston (12),12,Keelesdale-Eglinton West (110),110,D12,Etobicoke York,EGLINTON AVE W,BLACK CREEK DR, ,Major Arterial,Intersection,At Intersection,Traffic Signal,Clear,Dark,Dry,Non-Fatal Injury,Turning Movement,Driver,70 to 74,Minor,0,East,"Automobile, Station Wagon",Going Ahead,Driving Properly,Normal, , , , , , ,0,0,1,0,0,0,0,0,0,1,0,0,0,0
957751,2007,2,6,19,39,1,43.68834538,-79.48289029,York South-Weston (12),12,Keelesdale-Eglinton West (110),110,D12,Etobicoke York,EGLINTON AVE W,BLACK CREEK DR, ,Major Arterial,Intersection,At Intersection,Traffic Signal,Clear,Dark,Dry,Non-Fatal Injury,Turning Movement,Driver,40 to 44,Major,0,West,"Automobile, Station Wagon",Turning Left,Failed to Yield Right of Way,Normal, , , , , , ,0,0,1,0,0,0,0,0,0,1,0,0,0,0
991193,2007,8,23,19,39,3,43.70034538,-79.25329029,Scarborough Southwest (36),36,Birchcliffe-Cliffside (122),122,D41,Scarborough,26 GLEN EVEREST RD, , ,Local,Mid-Block, ,No Control,Clear,Daylight,Dry,Non-Fatal Injury,SMV Other,Vehicle Owner,unknown,,0, ,Other, , , , , , , , , ,0,0,0,0,0,0,0,0,0,0,0,0,0,0
991193,2007,8,23,19,39,3,43.70034538,-79.25329029,Scarborough Southwest (36),36,Birchcliffe-Cliffside (122),122,D41,Scarborough,26 GLEN EVEREST RD, , ,Local,Mid-Block, ,No Control,Clear,Daylight,Dry,Non-Fatal Injury,SMV Other,Unknown - FTR,unknown,,0, ,Other, , , , , , , , , ,0,0,0,0,0,0,0,0,0,0,0,0,0,0
991193,2007,8,23,19,39,3,43.70034538,-79.25329029,Scarborough Southwest (36),36,Birchcliffe-Cliffside (122),122,D41,Scarborough,26 GLEN EVEREST RD, , ,Local,Mid-Block, ,No Control,Clear,Daylight,Dry,Non-Fatal Injury,SMV Other,Driver,55 to 59,Major,0,North,Other,Reversing,Other,Normal, , , , , , ,0,0,0,0,0,0,0,0,0,0,0,0,0,0
1366122,2013,7,11,19,39,3,43.67654538,-79.35889029,Toronto-Danforth (29),29,Playter Estates-Danforth (67),67,D54,Toronto East York,BROADVIEW Ave,DANFORTH Ave, ,Minor Arterial,Mid-Block, ,No Control,Clear,Daylight,Dry,Non-Fatal Injury,Pedestrian Collisions,Pedestrian,unknown,,0,East,"Automobile, Station Wagon",Going Ahead, , ,Pedestrian hit at mid-block,"Crossing, no Traffic Control",Inattentive, , , ,1,1,1,0,0,0,0,0,0,0,0,0,0,0
1129305,2009,9,8,19,41,1,43.64404538,-79.40199029,Trinity-Spadina (20),20,Waterfront Communities-The Island (77),77,D14,Toronto East York,KING ST W,BATHURST ST, ,Major Arterial,Mid-Block, ,No Control,Clear,Dark,Dry,Non-Fatal Injury,Sideswipe,Driver,40 to 44,,0,East,"Automobile, Station Wagon",Turning Right,Failed to Yield Right of Way,Normal, , , , , , ,0,0,1,1,0,0,0,1,0,1,0,0,0,0
5002131445,2015,12,12,19,41,5,43.65164145,-79.4854394,Parkdale-High Park (13),13,Lambton Baby Point (114),114,D11,Etobicoke York,JANE ST,WEATHERELL ST, ,Major Arterial,Intersection,At Intersection,No Control,Clear,"Dark, artificial",Dry,Non-Fatal Injury,Sideswipe,Driver,20 to 24,,0,South,"Automobile, Station Wagon",Changing Lanes,Improper Lane Change,Normal, , , , , , ,0,0,1,1,0,0,0,1,0,0,0,0,0,0
5002131445,2015,12,12,19,41,5,43.65164145,-79.4854394,Parkdale-High Park (13),13,Lambton Baby Point (114),114,D11,Etobicoke York,JANE ST,WEATHERELL ST, ,Major Arterial,Intersection,At Intersection,No Control,Clear,"Dark, artificial",Dry,Non-Fatal Injury,Sideswipe,Motorcycle Driver,15 to 19,Major,0,South,Motorcycle,Going Ahead,Driving Properly,Normal, , , , , , ,0,0,1,1,0,0,0,1,0,0,0,0,0,0
1220130,2011,1,6,20,30,3,43.77754538,-79.22659029,Scarborough Centre (38),38,Woburn (137),137,D43,Scarborough,ELLESMERE RD,GANDER DR, ,Major Arterial,Intersection, ,Traffic Signal,Snow,Dark,Loose Snow,Non-Fatal Injury,Sideswipe,Driver,50 to 54,Minimal,0,East,"Automobile, Station Wagon",Going Ahead,Driving Properly,Normal, , , , , , ,0,0,1,0,0,0,0,1,0,0,0,0,0,0
5002131445,2015,12,12,19,41,5,43.65164145,-79.4854394,Parkdale-High Park (13),13,Lambton Baby Point (114),114,D11,Etobicoke York,JANE ST,WEATHERELL ST, ,Major Arterial,Intersection,At Intersection,No Control,Clear,"Dark, artificial",Dry,Non-Fatal Injury,Sideswipe,Passenger,20 to 24,,0, , , , , , , , , , , ,0,0,1,1,0,0,0,1,0,0,0,0,0,0
1157957,2010,2,8,19,42,0,43.64714538,-79.40399029,Trinity-Spadina (20),20,Waterfront Communities-The Island (77),77,D14,Toronto East York,QUEEN Stre W,BATHURST Stre, ,Major Arterial,Intersection,At Intersection,Traffic Signal,Clear,Dark,Dry,Non-Fatal Injury,Pedestrian Collisions,Driver,45 to 49,,0,North,"Automobile, Station Wagon",Going Ahead,Driving Properly,Normal, , , , , , ,1,0,1,0,0,0,0,0,0,0,0,0,0,0
1157957,2010,2,8,19,42,0,43.64714538,-79.40399029,Trinity-Spadina (20),20,Waterfront Communities-The Island (77),77,D14,Toronto East York,QUEEN Stre W,BATHURST Stre, ,Major Arterial,Intersection,At Intersection,Traffic Signal,Clear,Dark,Dry,Non-Fatal Injury,Pedestrian Collisions,Pedestrian,25 to 29,Major,0,East,Other, , , ,Vehicle is going straight thru inter.while ped cross without ROW,Crossing without right of way,Inattentive, , , ,1,0,1,0,0,0,0,0,0,0,0,0,0,0
1280694,2012,2,16,19,42,3,43.79794538,-79.42009029,Willowdale (23),23,Newtonbrook West (36),36,D32,North York,STEELES AVE E,YONGE ST, ,Major Arterial,Intersection,At Intersection,Traffic Signal,Clear,Dark,Wet,Non-Fatal Injury,Pedestrian Collisions,Other,unknown,,0,Unknown,"Automobile, Station Wagon",Parked, , , , , , , , ,1,0,1,0,0,0,0,1,1,1,0,0,0,0
1280694,2012,2,16,19,42,3,43.79794538,-79.42009029,Willowdale (23),23,Newtonbrook West (36),36,D32,North York,STEELES AVE E,YONGE ST, ,Major Arterial,Intersection,At Intersection,Traffic Signal,Clear,Dark,Wet,Non-Fatal Injury,Pedestrian Collisions,Other,unknown,,0,Unknown,"Automobile, Station Wagon",Parked, , , , , , , , ,1,0,1,0,0,0,0,1,1,1,0,0,0,0
1280694,2012,2,16,19,42,3,43.79794538,-79.42009029,Willowdale (23),23,Newtonbrook West (36),36,D32,North York,STEELES AVE E,YONGE ST, ,Major Arterial,Intersection,At Intersection,Traffic Signal,Clear,Dark,Wet,Non-Fatal Injury,Pedestrian Collisions,Passenger,55 to 59,,0, ,Other, , , , , , , , , ,1,0,1,0,0,0,0,1,1,1,0,0,0,0
1280694,2012,2,16,19,42,3,43.79794538,-79.42009029,Willowdale (23),23,Newtonbrook West (36),36,D32,North York,STEELES AVE E,YONGE ST, ,Major Arterial,Intersection,At Intersection,Traffic Signal,Clear,Dark,Wet,Non-Fatal Injury,Pedestrian Collisions,Vehicle Owner,unknown, ,0, ,Other, , , , , , , , , ,1,0,1,0,0,0,0,1,1,1,0,0,0,0
1280694,2012,2,16,19,42,3,43.79794538,-79.42009029,Willowdale (23),23,Newtonbrook West (36),36,D32,North York,STEELES AVE E,YONGE ST, ,Major Arterial,Intersection,At Intersection,Traffic Signal,Clear,Dark,Wet,Non-Fatal Injury,Pedestrian Collisions,Driver,55 to 59,,0,West,"Automobile, Station Wagon",Turning Left,Improper Turn,Unknown, , , , , , ,1,0,1,0,0,0,0,1,1,1,0,0,0,0
1280694,2012,2,16,19,42,3,43.79794538,-79.42009029,Willowdale (23),23,Newtonbrook West (36),36,D32,North York,STEELES AVE E,YONGE ST, ,Major Arterial,Intersection,At Intersection,Traffic Signal,Clear,Dark,Wet,Non-Fatal Injury,Pedestrian Collisions,Passenger,15 to 19,Minor,0, ,Other, , , , , , , , , ,1,0,1,0,0,0,0,1,1,1,0,0,0,0
1280694,2012,2,16,19,42,3,43.79794538,-79.42009029,Willowdale (23),23,Newtonbrook West (36),36,D32,North York,STEELES AVE E,YONGE ST, ,Major Arterial,Intersection,At Intersection,Traffic Signal,Clear,Dark,Wet,Non-Fatal Injury,Pedestrian Collisions,Vehicle Owner,unknown, ,0, ,Other, , , , , , , , , ,1,0,1,0,0,0,0,1,1,1,0,0,0,0
1280694,2012,2,16,19,42,3,43.79794538,-79.42009029,Willowdale (23),23,Newtonbrook West (36),36,D32,North York,STEELES AVE E,YONGE ST, ,Major Arterial,Intersection,At Intersection,Traffic Signal,Clear,Dark,Wet,Non-Fatal Injury,Pedestrian Collisions,Driver,20 to 24,Minimal,0,East,"Automobile, Station Wagon",Going Ahead,Exceeding Speed Limit,Unknown, , , , , , ,1,0,1,0,0,0,0,1,1,1,0,0,0,0
1280694,2012,2,16,19,42,3,43.79794538,-79.42009029,Willowdale (23),23,Newtonbrook West (36),36,D32,North York,STEELES AVE E,YONGE ST, ,Major Arterial,Intersection,At Intersection,Traffic Signal,Clear,Dark,Wet,Non-Fatal Injury,Pedestrian Collisions,Pedestrian,20 to 24,Major,0,Unknown,Other, , , ,Pedestrian hit on sidewalk or shoulder,On Sidewalk or Shoulder,Unknown, , , ,1,0,1,0,0,0,0,1,1,1,0,0,0,0
1280694,2012,2,16,19,42,3,43.79794538,-79.42009029,Willowdale (23),23,Newtonbrook West (36),36,D32,North York,STEELES AVE E,YONGE ST, ,Major Arterial,Intersection,At Intersection,Traffic Signal,Clear,Dark,Wet,Non-Fatal Injury,Pedestrian Collisions,Pedestrian,20 to 24,Major,0,Unknown,Other, , , ,Pedestrian hit on sidewalk or shoulder,On Sidewalk or Shoulder,Unknown, , , ,1,0,1,0,0,0,0,1,1,1,0,0,0,0
1075851,2008,11,23,19,43,6,43.80914538,-79.22169029,Scarborough-Rouge River (42),42,Malvern (132),132,D42,Scarborough,NEILSON Rd,MCLEVIN Ave, ,Major Arterial,Intersection, ,Traffic Signal,Clear,Daylight,Dry,Non-Fatal Injury,SMV Other,Driver,25 to 29,Major,0,South,"Automobile, Station Wagon",Turning Left,Lost control,Medical or Physical Disability, , , , , , ,0,0,1,0,0,0,0,0,0,0,0,0,1,0
1075851,2008,11,23,19,43,6,43.80914538,-79.22169029,Scarborough-Rouge River (42),42,Malvern (132),132,D42,Scarborough,NEILSON Rd,MCLEVIN Ave, ,Major Arterial,Intersection, ,Traffic Signal,Clear,Daylight,Dry,Non-Fatal Injury,SMV Other,Other Property Owner,unknown, ,0, ,Other, , , , , , , , , ,0,0,1,0,0,0,0,0,0,0,0,0,1,0
1142399,2009,12,15,19,43,1,43.67754538,-79.30259029,Beaches-East York (32),32,The Beaches (63),63,D55,Toronto East York,505 KINGSTON RD, , ,Major Arterial,Mid-Block, ,No Control,Clear,Dark,Dry,Non-Fatal Injury,Cyclist Collisions,Driver,unknown,,0,Unknown,"Automobile, Station Wagon",Parked,Other,Unknown, , , , , , ,0,1,1,0,0,0,0,0,0,0,0,0,0,0
1142399,2009,12,15,19,43,1,43.67754538,-79.30259029,Beaches-East York (32),32,The Beaches (63),63,D55,Toronto East York,505 KINGSTON RD, , ,Major Arterial,Mid-Block, ,No Control,Clear,Dark,Dry,Non-Fatal Injury,Cyclist Collisions,Driver,unknown,,0,West,"Automobile, Station Wagon",Parked,Other,Unknown, , , , , , ,0,1,1,0,0,0,0,0,0,0,0,0,0,0
1142399,2009,12,15,19,43,1,43.67754538,-79.30259029,Beaches-East York (32),32,The Beaches (63),63,D55,Toronto East York,505 KINGSTON RD, , ,Major Arterial,Mid-Block, ,No Control,Clear,Dark,Dry,Non-Fatal Injury,Cyclist Collisions,Cyclist,40 to 44,Major,0,West,Bicycle,Going Ahead, , , , , ,Cyclist strikes a parked vehicle.,Improper Passing,"Ability Impaired, Alcohol",0,1,1,0,0,0,0,0,0,0,0,0,0,0
1381080,2013,8,1,19,43,3,43.76433523,-79.5748559,York West (7),7,Humber Summit (21),21,D31,Etobicoke York,STEELES AVE W,ISLINGTON AVE, ,Major Arterial,Intersection,At Intersection,Traffic Signal,Clear,Dusk,Dry,Non-Fatal Injury,Cyclist Collisions,Driver,55 to 59,,0,North,"Automobile, Station Wagon",Turning Left,Failed to Yield Right of Way,Normal, , , , , , ,0,1,1,0,0,0,0,0,0,1,0,0,0,0
1381080,2013,8,1,19,43,3,43.76433523,-79.5748559,York West (7),7,Humber Summit (21),21,D31,Etobicoke York,STEELES AVE W,ISLINGTON AVE, ,Major Arterial,Intersection,At Intersection,Traffic Signal,Clear,Dusk,Dry,Non-Fatal Injury,Cyclist Collisions,Cyclist,50 to 54,Major,0,South,Bicycle,Going Ahead, , , , , ,Motorist turned left across cyclists path.,Other,Normal,0,1,1,0,0,0,0,0,0,1,0,0,0,0
5001660531,2015,9,25,19,43,4,43.66159018,-79.46291743,Parkdale-High Park (14),14,High Park North (88),88,D11,Etobicoke York,HUMBERSIDE AVE,KEELE ST, ,Major Arterial,Intersection,At Intersection,Traffic Signal,Clear,"Dark, artificial",Dry,Non-Fatal Injury,Pedestrian Collisions,Driver,30 to 34,,0,East,"Automobile, Station Wagon",Turning Left,Failed to Yield Right of Way,Inattentive, , , , , , ,1,0,1,0,0,0,0,1,0,1,0,0,0,0
5001660531,2015,9,25,19,43,4,43.66159018,-79.46291743,Parkdale-High Park (14),14,High Park North (88),88,D11,Etobicoke York,HUMBERSIDE AVE,KEELE ST, ,Major Arterial,Intersection,At Intersection,Traffic Signal,Clear,"Dark, artificial",Dry,Non-Fatal Injury,Pedestrian Collisions,Pedestrian,80 to 84,Major,0,West, , , , ,Vehicle turns left while ped crosses with ROW at inter.,Crossing with right of way,Normal, , , ,1,0,1,0,0,0,0,1,0,1,0,0,0,0
5001660531,2015,9,25,19,43,4,43.66159018,-79.46291743,Parkdale-High Park (14),14,High Park North (88),88,D11,Etobicoke York,HUMBERSIDE AVE,KEELE ST, ,Major Arterial,Intersection,At Intersection,Traffic Signal,Clear,"Dark, artificial",Dry,Non-Fatal Injury,Pedestrian Collisions,Passenger,65 to 69,,0, , , , , , , , , , , ,1,0,1,0,0,0,0,1,0,1,0,0,0,0
1263122,2011,8,25,19,44,3,43.69304538,-79.39669029,St. Paul's (22),22,Yonge-St.Clair (97),97,D53,Toronto East York,LAWTON Blvd,WALMSLEY Blvd, ,Local,Intersection, ,No Control,Clear,Daylight,Dry,Non-Fatal Injury,Cyclist Collisions,Driver,40 to 44,,0,North,"Automobile, Station Wagon",Overtaking,Driving Properly,Normal, , , , , , ,0,1,1,0,0,0,0,0,0,0,0,0,0,0
1263122,2011,8,25,19,44,3,43.69304538,-79.39669029,St. Paul's (22),22,Yonge-St.Clair (97),97,D53,Toronto East York,LAWTON Blvd,WALMSLEY Blvd, ,Local,Intersection, ,No Control,Clear,Daylight,Dry,Non-Fatal Injury,Cyclist Collisions,Cyclist,50 to 54,Major,0,North,Bicycle,Going Ahead, , , , , ,Cyclist and Driver travelling in same direction. One vehicle sideswipes the other.,Improper Passing,Normal,0,1,1,0,0,0,0,0,0,0,0,0,0,0
1321983,2012,10,18,19,44,3,43.68274538,-79.46329029,Davenport (17),17,Keelesdale-Eglinton West (110),110,D12,Etobicoke York,ROGERS RD,SILVERTHORN AVE, ,Minor Arterial,Intersection,At Intersection,Traffic Signal,Rain,Dark,Wet,Non-Fatal Injury,Pedestrian Collisions,Driver,unknown,,0,North,"Automobile, Station Wagon",Turning Left,Failed to Yield Right of Way,Unknown, , , , , , ,1,0,1,0,0,0,0,0,0,1,0,0,0,0
1321983,2012,10,18,19,44,3,43.68274538,-79.46329029,Davenport (17),17,Keelesdale-Eglinton West (110),110,D12,Etobicoke York,ROGERS RD,SILVERTHORN AVE, ,Minor Arterial,Intersection,At Intersection,Traffic Signal,Rain,Dark,Wet,Non-Fatal Injury,Pedestrian Collisions,Pedestrian,50 to 54,Major,0,South,Other, , , ,Vehicle turns left while ped crosses with ROW at inter.,Crossing with right of way,Normal, , , ,1,0,1,0,0,0,0,0,0,1,0,0,0,0
1003332,2007,11,8,19,45,3,43.75604538,-79.26669029,Scarborough Centre (37),37,Bendale (127),127,D41,Scarborough,MIDLAND AVE,NORBURY CRES, ,Major Arterial,Intersection, ,No Control,Rain,Dark,Wet,Non-Fatal Injury,Pedestrian Collisions,Driver,50 to 54,,0,North,"Automobile, Station Wagon",Going Ahead,Driving Properly,Normal, , , , , , ,1,0,1,0,0,0,0,0,0,0,0,0,0,0
1003332,2007,11,8,19,45,3,43.75604538,-79.26669029,Scarborough Centre (37),37,Bendale (127),127,D41,Scarborough,MIDLAND AVE,NORBURY CRES, ,Major Arterial,Intersection, ,No Control,Rain,Dark,Wet,Non-Fatal Injury,Pedestrian Collisions,Pedestrian,40 to 44,Major,0,East,Other, , , ,Vehicle is going straight thru inter.while ped cross without ROW,"Crossing, no Traffic Control",Had Been Drinking, , , ,1,0,1,0,0,0,0,0,0,0,0,0,0,0
1056407,2008,9,3,19,45,2,43.72124538,-79.30119029,Scarborough Southwest (35),35,Clairlea-Birchmount (120),120,D41,Scarborough,1420 VICTORIA PARK AVE, , ,Major Arterial,Mid-Block, ,No Control,Clear,Daylight,Dry,Non-Fatal Injury,Pedestrian Collisions,Pedestrian,80 to 84,Major,0, ,Other,Unknown, , ,Pedestrian hit at mid-block,"Crossing, no Traffic Control",Normal, , , ,1,0,1,0,0,0,0,0,0,1,0,0,0,0
1056407,2008,9,3,19,45,2,43.72124538,-79.30119029,Scarborough Southwest (35),35,Clairlea-Birchmount (120),120,D41,Scarborough,1420 VICTORIA PARK AVE, , ,Major Arterial,Mid-Block, ,No Control,Clear,Daylight,Dry,Non-Fatal Injury,Pedestrian Collisions,Driver,45 to 49,,0,South,"Automobile, Station Wagon",Going Ahead,Failed to Yield Right of Way,Unknown, , , , , , ,1,0,1,0,0,0,0,0,0,1,0,0,0,0