ACCNUM,YEAR,MONTH,DAY,HOUR,MINUTES,WEEKDAY,LATITUDE,LONGITUDE,Ward_Name,Ward_ID,Hood_Name,Hood_ID,Division,District,STREET1,STREET2,OFFSET,ROAD_CLASS,LOCCOORD,ACCLOC,TRAFFCTL,VISIBILITY,LIGHT,RDSFCOND,ACCLASS,IMPACTYPE,INVTYPE,INVAGE,INJURY,FATAL_NO,INITDIR,VEHTYPE,MANOEUVER,DRIVACT,DRIVCOND,PEDTYPE,PEDACT,PEDCOND,CYCLISTYPE,CYCACT,CYCCOND,PEDESTRIAN,CYCLIST,AUTOMOBILE,MOTORCYCLE,TRUCK,TRSN_CITY_VEH,EMERG_VEH,PASSENGER,SPEEDING,AG_DRIV,REDLIGHT,ALCOHOL,DISABILITY,label
1093334,2009,2,19,19,45,3,43.69474538,-79.50639029,York South-Weston (11),11,Weston (113),113,D12,Etobicoke York,WESTON RD,CLOUSTON AVE, ,Minor Arterial,Intersection, ,Pedestrian Crossover,Clear,Dark,Dry,Non-Fatal Injury,Pedestrian Collisions,Driver,unknown,,0,South,"Automobile, Station Wagon",Going Ahead,Failed to Yield Right of Way,Unknown, , , , , , ,1,0,1,0,0,0,0,0,0,1,0,0,0,0
1093334,2009,2,19,19,45,3,43.69474538,-79.50639029,York South-Weston (11),11,Weston (113),113,D12,Etobicoke York,WESTON RD,CLOUSTON AVE, ,Minor Arterial,Intersection, ,Pedestrian Crossover,Clear,Dark,Dry,Non-Fatal Injury,Pedestrian Collisions,Wheelchair,40 to 44,Major,0,East,Other, , , ,Pedestrian hit a PXO/ped. Mid-block signal,"Crossing, Pedestrian Crossover",Normal, , , ,1,0,1,0,0,0,0,0,0,1,0,0,0,0
1202192,2010,10,24,19,45,6,43.66194538,-79.36699029,Toronto Centre-Rosedale (28),28,Regent Park (72),72,D51,Toronto East York,PARLIAMENT ST,GERRARD ST E, ,Minor Arterial,Intersection,At Intersection,Traffic Signal,Clear,Dark,Dry,Non-Fatal Injury,Pedestrian Collisions,Driver,50 to 54,,0,South,"Automobile, Station Wagon",Turning Left,Failed to Yield Right of Way,Normal, , , , , , ,1,0,1,0,0,0,0,0,0,1,0,0,0,0
1202192,2010,10,24,19,45,6,43.66194538,-79.36699029,Toronto Centre-Rosedale (28),28,Regent Park (72),72,D51,Toronto East York,PARLIAMENT ST,GERRARD ST E, ,Minor Arterial,Intersection,At Intersection,Traffic Signal,Clear,Dark,Dry,Non-Fatal Injury,Pedestrian Collisions,Pedestrian,50 to 54,Major,0,North,Other, , , ,Vehicle turns left while ped crosses with ROW at inter.,Crossing with right of way,Normal, , , ,1,0,1,0,0,0,0,0,0,1,0,0,0,0
1266995,2011,9,25,19,45,6,43.75104538,-79.56039029,York West (7),7,Humber Summit (21),21,D31,Etobicoke York,GRACEDALE Boul,DUNCANWOODS Driv, ,Collector,Intersection,At Intersection,Stop Sign,Clear,Dark,Dry,Non-Fatal Injury,Cyclist Collisions,Driver,65 to 69,,0,South,"Automobile, Station Wagon",Going Ahead,Failed to Yield Right of Way,Normal, , , , , , ,0,1,1,0,0,0,0,0,0,1,0,0,0,0
1266995,2011,9,25,19,45,6,43.75104538,-79.56039029,York West (7),7,Humber Summit (21),21,D31,Etobicoke York,GRACEDALE Boul,DUNCANWOODS Driv, ,Collector,Intersection,At Intersection,Stop Sign,Clear,Dark,Dry,Non-Fatal Injury,Cyclist Collisions,Cyclist,10 to 14,Major,0,West,Bicycle,Going Ahead, , , , , ,"Motorist without ROW drives into path of cyclist at inter, lnwy, dwy-Driver not turn.",Driving Properly,Normal,0,1,1,0,0,0,0,0,0,1,0,0,0,0
1257763,2011,10,6,19,45,3,43.74484538,-79.51459029,York West (7),7,Glenfield-Jane Heights (25),25,D31,North York,JANE St,COURAGE Ave, ,Major Arterial,Intersection,At Intersection,No Control,Clear,Dark,Dry,Non-Fatal Injury,Pedestrian Collisions,Driver,65 to 69,Minor,0,South,"Automobile, Station Wagon",Going Ahead, , , , , , , , ,1,0,1,0,0,0,0,0,0,0,0,0,0,0
1257763,2011,10,6,19,45,3,43.74484538,-79.51459029,York West (7),7,Glenfield-Jane Heights (25),25,D31,North York,JANE St,COURAGE Ave, ,Major Arterial,Intersection,At Intersection,No Control,Clear,Dark,Dry,Non-Fatal Injury,Pedestrian Collisions,Pedestrian,65 to 69,Major,0, ,Other,Other, , , , , , , , ,1,0,1,0,0,0,0,0,0,0,0,0,0,0
1282698,2011,12,31,19,45,5,43.64624538,-79.38409029,Trinity-Spadina (20),20,Bay Street Corridor (76),76,D52,Toronto East York,UNIVERSITY AVE,WELLINGTON ST W, ,Major Arterial,Intersection, ,No Control,Clear,"Dark, artificial",Dry,Non-Fatal Injury,Pedestrian Collisions,Vehicle Owner,unknown, ,0, ,Other, , , , , , , , , ,1,0,1,0,0,0,0,0,0,0,0,0,0,0
1282698,2011,12,31,19,45,5,43.64624538,-79.38409029,Trinity-Spadina (20),20,Bay Street Corridor (76),76,D52,Toronto East York,UNIVERSITY AVE,WELLINGTON ST W, ,Major Arterial,Intersection, ,No Control,Clear,"Dark, artificial",Dry,Non-Fatal Injury,Pedestrian Collisions,Driver,40 to 44,,0,South,"Automobile, Station Wagon",Going Ahead,Driving Properly,Normal, , , , , , ,1,0,1,0,0,0,0,0,0,0,0,0,0,0
1282698,2011,12,31,19,45,5,43.64624538,-79.38409029,Trinity-Spadina (20),20,Bay Street Corridor (76),76,D52,Toronto East York,UNIVERSITY AVE,WELLINGTON ST W, ,Major Arterial,Intersection, ,No Control,Clear,"Dark, artificial",Dry,Non-Fatal Injury,Pedestrian Collisions,Driver,40 to 44,,0,North,"Automobile, Station Wagon",Stopped,Driving Properly,Normal, , , , , , ,1,0,1,0,0,0,0,0,0,0,0,0,0,0
1282698,2011,12,31,19,45,5,43.64624538,-79.38409029,Trinity-Spadina (20),20,Bay Street Corridor (76),76,D52,Toronto East York,UNIVERSITY AVE,WELLINGTON ST W, ,Major Arterial,Intersection, ,No Control,Clear,"Dark, artificial",Dry,Non-Fatal Injury,Pedestrian Collisions,Pedestrian,20 to 24,Major,0,West,Other, , , ,Pedestrian hit at mid-block,"Crossing, no Traffic Control",Had Been Drinking, , , ,1,0,1,0,0,0,0,0,0,0,0,0,0,0
1277367,2012,1,26,19,45,3,43.74164538,-79.31239029,Don Valley East (34),34,Victoria Village (43),43,D33,North York,LAWRENCE AVE E,CARNFORTH RD, ,Major Arterial,Mid-Block, ,No Control,Rain,"Dark, artificial",Wet,Non-Fatal Injury,Pedestrian Collisions,Driver,50 to 54,,0,East,"Automobile, Station Wagon",Changing Lanes,Driving Properly,Normal, , , , , , ,1,0,1,0,0,0,0,0,0,0,0,0,0,0
1277367,2012,1,26,19,45,3,43.74164538,-79.31239029,Don Valley East (34),34,Victoria Village (43),43,D33,North York,LAWRENCE AVE E,CARNFORTH RD, ,Major Arterial,Mid-Block, ,No Control,Rain,"Dark, artificial",Wet,Non-Fatal Injury,Pedestrian Collisions,Pedestrian,45 to 49,Major,0,Unknown,Other, , , ,Pedestrian hit at mid-block,"Crossing, no Traffic Control",Inattentive, , , ,1,0,1,0,0,0,0,0,0,0,0,0,0,0
1379013,2013,10,5,19,45,5,43.77144201,-79.45506678,York Centre (10),10,Westminster-Branson (35),35,D32,North York,FINCH AVE W,WILMINGTON AVE, ,Major Arterial,Mid-Block, ,No Control,Clear,"Dark, artificial",Dry,Fatal,Pedestrian Collisions,Passenger,50 to 54,,0, , , , , , , , , , , ,1,0,1,0,0,0,0,1,0,0,0,0,0,1
1379013,2013,10,5,19,45,5,43.77144201,-79.45506678,York Centre (10),10,Westminster-Branson (35),35,D32,North York,FINCH AVE W,WILMINGTON AVE, ,Major Arterial,Mid-Block, ,No Control,Clear,"Dark, artificial",Dry,Fatal,Pedestrian Collisions,Driver,55 to 59,,0,West,Passenger Van,Going Ahead,Driving Properly,Normal, , , , , , ,1,0,1,0,0,0,0,1,0,0,0,0,0,1
1379013,2013,10,5,19,45,5,43.77144201,-79.45506678,York Centre (10),10,Westminster-Branson (35),35,D32,North York,FINCH AVE W,WILMINGTON AVE, ,Major Arterial,Mid-Block, ,No Control,Clear,"Dark, artificial",Dry,Fatal,Pedestrian Collisions,Pedestrian,70 to 74,Fatal,45,South, , , , ,Pedestrian hit at mid-block,Running onto Roadway,Unknown, , , ,1,0,1,0,0,0,0,1,0,0,0,0,0,1
3000972719,2013,11,14,19,45,3,43.65168722,-79.56978236,Etobicoke Centre (3),3,Etobicoke West Mall (13),13,D22,Etobicoke York,545 THE WEST MALL, , ,Minor Arterial,Mid-Block,Non Intersection,No Control,Clear,"Dark, artificial",Dry,Non-Fatal Injury,Pedestrian Collisions,Driver,45 to 49,,0,South,"Automobile, Station Wagon",Going Ahead,Driving Properly,Normal, , , , , , ,1,0,1,0,0,0,0,0,0,0,0,0,0,0
3000972719,2013,11,14,19,45,3,43.65168722,-79.56978236,Etobicoke Centre (3),3,Etobicoke West Mall (13),13,D22,Etobicoke York,545 THE WEST MALL, , ,Minor Arterial,Mid-Block,Non Intersection,No Control,Clear,"Dark, artificial",Dry,Non-Fatal Injury,Pedestrian Collisions,Pedestrian,15 to 19,Major,0,West, , , , ,Pedestrian hit at mid-block,Playing or Working on Highway,Had Been Drinking, , , ,1,0,1,0,0,0,0,0,0,0,0,0,0,0
3000972719,2013,11,14,19,45,3,43.65168722,-79.56978236,Etobicoke Centre (3),3,Etobicoke West Mall (13),13,D22,Etobicoke York,545 THE WEST MALL, , ,Minor Arterial,Mid-Block,Non Intersection,No Control,Clear,"Dark, artificial",Dry,Non-Fatal Injury,Pedestrian Collisions, ,unknown, ,0, , , , , , , , , , , ,1,0,1,0,0,0,0,0,0,0,0,0,0,0
996032,2007,10,10,19,46,2,43.79604538,-79.31849029,Scarborough-Agincourt (40),40,L'Amoreaux (117),117,D42,Scarborough,FINCH AVE E,BRIDLETOWNE CRCL, ,Major Arterial,Mid-Block, ,No Control,Rain,Dark,Wet,Fatal,Pedestrian Collisions,Driver,80 to 84,,0,West,"Automobile, Station Wagon",Changing Lanes,Driving Properly,Normal, , , , , , ,1,0,1,0,0,0,0,0,0,0,0,0,0,1
996032,2007,10,10,19,46,2,43.79604538,-79.31849029,Scarborough-Agincourt (40),40,L'Amoreaux (117),117,D42,Scarborough,FINCH AVE E,BRIDLETOWNE CRCL, ,Major Arterial,Mid-Block, ,No Control,Rain,Dark,Wet,Fatal,Pedestrian Collisions,Pedestrian,50 to 54,Fatal,0,South,Other, , , ,Pedestrian hit at mid-block,"Crossing, no Traffic Control",Inattentive, , , ,1,0,1,0,0,0,0,0,0,0,0,0,0,1
1259893,2011,10,19,19,46,2,43.77424538,-79.29509029,Scarborough-Agincourt (40),40,Tam O'Shanter-Sullivan (118),118,D42,Scarborough,BIRCHMOUNT RD,ALLANFORD RD, ,Major Arterial,Intersection,At Intersection,Traffic Signal,Rain,Dark,Wet,Non-Fatal Injury,Pedestrian Collisions,Driver,55 to 59,,0,North,"Automobile, Station Wagon",Going Ahead,Failed to Yield Right of Way,Inattentive, , , , , , ,1,0,1,0,0,0,0,0,0,1,0,0,0,0
1259893,2011,10,19,19,46,2,43.77424538,-79.29509029,Scarborough-Agincourt (40),40,Tam O'Shanter-Sullivan (118),118,D42,Scarborough,BIRCHMOUNT RD,ALLANFORD RD, ,Major Arterial,Intersection,At Intersection,Traffic Signal,Rain,Dark,Wet,Non-Fatal Injury,Pedestrian Collisions,Pedestrian,40 to 44,Major,0,Unknown,Other, , , ,Vehicle is going straight thru inter.while ped cross with ROW,Walking on Roadway with Traffic,Normal, , , ,1,0,1,0,0,0,0,0,0,1,0,0,0,0
1259893,2011,10,19,19,46,2,43.77424538,-79.29509029,Scarborough-Agincourt (40),40,Tam O'Shanter-Sullivan (118),118,D42,Scarborough,BIRCHMOUNT RD,ALLANFORD RD, ,Major Arterial,Intersection,At Intersection,Traffic Signal,Rain,Dark,Wet,Non-Fatal Injury,Pedestrian Collisions,Pedestrian,45 to 49,Major,0,Unknown,Other, , , ,Vehicle is going straight thru inter.while ped cross with ROW,Crossing with right of way,Unknown, , , ,1,0,1,0,0,0,0,0,0,1,0,0,0,0
1004306,2007,11,23,19,47,4,43.72064538,-79.24259029,Scarborough Southwest (36),36,Cliffcrest (123),123,D41,Scarborough,ST CLAIR AVE E,BRIMLEY RD, ,Minor Arterial,Mid-Block, ,No Control,Clear,Dark,Other,Fatal,SMV Unattended Vehicle,Other,unknown,,0,West,Other,Parked, , , , , , , , ,0,0,1,0,0,0,0,1,0,0,0,0,0,1
1004306,2007,11,23,19,47,4,43.72064538,-79.24259029,Scarborough Southwest (36),36,Cliffcrest (123),123,D41,Scarborough,ST CLAIR AVE E,BRIMLEY RD, ,Minor Arterial,Mid-Block, ,No Control,Clear,Dark,Other,Fatal,SMV Unattended Vehicle,Passenger,20 to 24,Fatal,0, ,Other, , , , , , , , , ,0,0,1,0,0,0,0,1,0,0,0,0,0,1
1004306,2007,11,23,19,47,4,43.72064538,-79.24259029,Scarborough Southwest (36),36,Cliffcrest (123),123,D41,Scarborough,ST CLAIR AVE E,BRIMLEY RD, ,Minor Arterial,Mid-Block, ,No Control,Clear,Dark,Other,Fatal,SMV Unattended Vehicle,Driver,25 to 29,,0,West,"Automobile, Station Wagon",Going Ahead,Lost control,Inattentive, , , , , , ,0,0,1,0,0,0,0,1,0,0,0,0,0,1
1149845,2009,12,31,19,47,3,43.69124538,-79.50089029,York South-Weston (11),11,Mount Dennis (115),115,D12,Etobicoke York,WESTON RD,JANE ST, ,Major Arterial,Intersection,At Intersection,Traffic Signal,Rain,Dark,Wet,Non-Fatal Injury,Pedestrian Collisions,Vehicle Owner,unknown, ,0, ,Other, , , , , , , , , ,1,0,1,0,0,0,0,0,0,1,0,0,0,0
1149845,2009,12,31,19,47,3,43.69124538,-79.50089029,York South-Weston (11),11,Mount Dennis (115),115,D12,Etobicoke York,WESTON RD,JANE ST, ,Major Arterial,Intersection,At Intersection,Traffic Signal,Rain,Dark,Wet,Non-Fatal Injury,Pedestrian Collisions,Driver,40 to 44,,0,North,"Automobile, Station Wagon",Turning Left,Failed to Yield Right of Way,Inattentive, , , , , , ,1,0,1,0,0,0,0,0,0,1,0,0,0,0
1149845,2009,12,31,19,47,3,43.69124538,-79.50089029,York South-Weston (11),11,Mount Dennis (115),115,D12,Etobicoke York,WESTON RD,JANE ST, ,Major Arterial,Intersection,At Intersection,Traffic Signal,Rain,Dark,Wet,Non-Fatal Injury,Pedestrian Collisions,Pedestrian,40 to 44,Major,0,North,Other, , , ,Vehicle turns left while ped crosses with ROW at inter.,Crossing with right of way,Normal, , , ,1,0,1,0,0,0,0,0,0,1,0,0,0,0
1186302,2010,7,26,19,47,0,43.65634538,-79.38089029,Toronto Centre-Rosedale (27),27,Church-Yonge Corridor (75),75,D52,Toronto East York,YONGE ST,DUNDAS ST E, ,Major Arterial,Intersection, ,Traffic Signal,Clear,Daylight,Dry,Non-Fatal Injury,Cyclist Collisions,Driver,30 to 34,Major,0,North,Other,Going Ahead,Driving Properly,Normal, , , , , , ,0,1,0,0,0,0,0,0,0,0,0,0,0,0
1186302,2010,7,26,19,47,0,43.65634538,-79.38089029,Toronto Centre-Rosedale (27),27,Church-Yonge Corridor (75),75,D52,Toronto East York,YONGE ST,DUNDAS ST E, ,Major Arterial,Intersection, ,Traffic Signal,Clear,Daylight,Dry,Non-Fatal Injury,Cyclist Collisions,Vehicle Owner,unknown, ,0, ,Other, , , , , , , , , ,0,1,0,0,0,0,0,0,0,0,0,0,0,0
1186302,2010,7,26,19,47,0,43.65634538,-79.38089029,Toronto Centre-Rosedale (27),27,Church-Yonge Corridor (75),75,D52,Toronto East York,YONGE ST,DUNDAS ST E, ,Major Arterial,Intersection, ,Traffic Signal,Clear,Daylight,Dry,Non-Fatal Injury,Cyclist Collisions,Cyclist,40 to 44,,0,North,Bicycle,Turning Left, , , , , ,Cyclist turned left across motorists path.,Improper Turn,Had Been Drinking,0,1,0,0,0,0,0,0,0,0,0,0,0,0
1373041,2013,8,30,19,48,4,43.77416571,-79.29501734,Scarborough-Agincourt (40),40,Tam O'Shanter-Sullivan (118),118,D42,Scarborough,BIRCHMOUNT RD,SCARDEN AVE, ,Major Arterial,Intersection,At Intersection,Traffic Signal,Rain,"Dusk, artificial",Wet,Non-Fatal Injury,Pedestrian Collisions,Vehicle Owner,unknown, ,0, , , , , , , , , , , ,1,0,1,0,0,0,0,0,0,1,0,0,0,0
1373041,2013,8,30,19,48,4,43.77416571,-79.29501734,Scarborough-Agincourt (40),40,Tam O'Shanter-Sullivan (118),118,D42,Scarborough,BIRCHMOUNT RD,SCARDEN AVE, ,Major Arterial,Intersection,At Intersection,Traffic Signal,Rain,"Dusk, artificial",Wet,Non-Fatal Injury,Pedestrian Collisions,Driver,65 to 69,,0,East,"Automobile, Station Wagon",Turning Left,Failed to Yield Right of Way,Inattentive, , , , , , ,1,0,1,0,0,0,0,0,0,1,0,0,0,0
1373041,2013,8,30,19,48,4,43.77416571,-79.29501734,Scarborough-Agincourt (40),40,Tam O'Shanter-Sullivan (118),118,D42,Scarborough,BIRCHMOUNT RD,SCARDEN AVE, ,Major Arterial,Intersection,At Intersection,Traffic Signal,Rain,"Dusk, artificial",Wet,Non-Fatal Injury,Pedestrian Collisions,Pedestrian,70 to 74,Major,0,East,Other, , , ,Vehicle turns left while ped crosses with ROW at inter.,Crossing with right of way,Normal, , , ,1,0,1,0,0,0,0,0,0,1,0,0,0,0
1331576,2012,12,17,20,30,0,43.80104538,-79.40619029,Willowdale (24),24,Newtonbrook East (50),50,D32,North York,STEELES AVE E,MAXOME AVE, ,Major Arterial,Intersection,At Intersection,Traffic Signal,Clear,Dark,Dry,Non-Fatal Injury,Pedestrian Collisions,Driver,55 to 59,,0,South,"Automobile, Station Wagon",Turning Left,Improper Turn,Inattentive, , , , , , ,1,0,1,0,0,0,0,0,0,0,0,0,0,0
1331576,2012,12,17,20,30,0,43.80104538,-79.40619029,Willowdale (24),24,Newtonbrook East (50),50,D32,North York,STEELES AVE E,MAXOME AVE, ,Major Arterial,Intersection,At Intersection,Traffic Signal,Clear,Dark,Dry,Non-Fatal Injury,Pedestrian Collisions,Pedestrian,25 to 29,Major,0,North,Other, , , ,Vehicle turns left while ped crosses with ROW at inter.,Crossing with right of way,Normal, , , ,1,0,1,0,0,0,0,0,0,0,0,0,0,0
4001879766,2014,4,12,20,30,5,43.6796604,-79.33162318,Toronto-Danforth (30),30,Greenwood-Coxwell (65),65,D55,Toronto East York,GREENWOOD AVE,OAKVALE AVE, ,Minor Arterial,Intersection,Intersection Related,Stop Sign,Clear,"Dark, artificial",Dry,Non-Fatal Injury,Turning Movement,Motorcycle Driver,35 to 39,Major,0,South,Motorcycle,Going Ahead,Exceeding Speed Limit,Normal, , , , , , ,0,0,1,1,0,0,0,0,1,1,0,0,0,0
4001879766,2014,4,12,20,30,5,43.6796604,-79.33162318,Toronto-Danforth (30),30,Greenwood-Coxwell (65),65,D55,Toronto East York,GREENWOOD AVE,OAKVALE AVE, ,Minor Arterial,Intersection,Intersection Related,Stop Sign,Clear,"Dark, artificial",Dry,Non-Fatal Injury,Turning Movement,Driver,25 to 29,,0,East,Passenger Van,Turning Left,Driving Properly,Normal, , , , , , ,0,0,1,1,0,0,0,0,1,1,0,0,0,0
4001879766,2014,4,12,20,30,5,43.6796604,-79.33162318,Toronto-Danforth (30),30,Greenwood-Coxwell (65),65,D55,Toronto East York,GREENWOOD AVE,OAKVALE AVE, ,Minor Arterial,Intersection,Intersection Related,Stop Sign,Clear,"Dark, artificial",Dry,Non-Fatal Injury,Turning Movement,Driver,20 to 24,,0,Unknown,"Automobile, Station Wagon",Parked,Driving Properly,Unknown, , , , , , ,0,0,1,1,0,0,0,0,1,1,0,0,0,0
4001911454,2014,4,17,20,30,3,43.6354595,-79.47348414,Parkdale-High Park (13),13,High Park-Swansea (87),87,D11,Etobicoke York,THE QUEENSWAY,SOUTH KINGSWAY, ,Major Arterial,Mid-Block,Underpass or Tunnel,No Control,Clear,"Dark, artificial",Dry,Non-Fatal Injury,Sideswipe,Driver,35 to 39,Major,0,East,"Automobile, Station Wagon",Overtaking,Exceeding Speed Limit,Normal, , , , , , ,0,0,1,0,0,0,0,1,1,1,0,0,0,0
4001911454,2014,4,17,20,30,3,43.6354595,-79.47348414,Parkdale-High Park (13),13,High Park-Swansea (87),87,D11,Etobicoke York,THE QUEENSWAY,SOUTH KINGSWAY, ,Major Arterial,Mid-Block,Underpass or Tunnel,No Control,Clear,"Dark, artificial",Dry,Non-Fatal Injury,Sideswipe,Driver,60 to 64,,0,East,"Automobile, Station Wagon",Going Ahead,Driving Properly,Normal, , , , , , ,0,0,1,0,0,0,0,1,1,1,0,0,0,0
4001911454,2014,4,17,20,30,3,43.6354595,-79.47348414,Parkdale-High Park (13),13,High Park-Swansea (87),87,D11,Etobicoke York,THE QUEENSWAY,SOUTH KINGSWAY, ,Major Arterial,Mid-Block,Underpass or Tunnel,No Control,Clear,"Dark, artificial",Dry,Non-Fatal Injury,Sideswipe,Passenger,40 to 44,,0, , , , , , , , , , , ,0,0,1,0,0,0,0,1,1,1,0,0,0,0
5001203164,2015,7,15,20,30,2,43.69280585,-79.28110895,Scarborough Southwest (35),35,Oakridge (121),121,D41,Scarborough,DANFORTH AVE,AUGUST AVE, ,Major Arterial,Intersection,Intersection Related,Stop Sign,Clear,Daylight,Dry,Non-Fatal Injury,Turning Movement,Driver,60 to 64,,0,North,"Automobile, Station Wagon",Turning Left,Improper Turn,Normal, , , , , , ,0,0,1,1,0,0,0,1,0,0,0,0,0,0
5001203164,2015,7,15,20,30,2,43.69280585,-79.28110895,Scarborough Southwest (35),35,Oakridge (121),121,D41,Scarborough,DANFORTH AVE,AUGUST AVE, ,Major Arterial,Intersection,Intersection Related,Stop Sign,Clear,Daylight,Dry,Non-Fatal Injury,Turning Movement,Motorcycle Driver,50 to 54,Major,0,West,Motorcycle,Going Ahead,Driving Properly,Normal, , , , , , ,0,0,1,1,0,0,0,1,0,0,0,0,0,0
5001203164,2015,7,15,20,30,2,43.69280585,-79.28110895,Scarborough Southwest (35),35,Oakridge (121),121,D41,Scarborough,DANFORTH AVE,AUGUST AVE, ,Major Arterial,Intersection,Intersection Related,Stop Sign,Clear,Daylight,Dry,Non-Fatal Injury,Turning Movement,Passenger,45 to 49,,0, , , , , , , , , , , ,0,0,1,1,0,0,0,1,0,0,0,0,0,0
5001203164,2015,7,15,20,30,2,43.69280585,-79.28110895,Scarborough Southwest (35),35,Oakridge (121),121,D41,Scarborough,DANFORTH AVE,AUGUST AVE, ,Major Arterial,Intersection,Intersection Related,Stop Sign,Clear,Daylight,Dry,Non-Fatal Injury,Turning Movement,Passenger,10 to 14,,0, , , , , , , , , , , ,0,0,1,1,0,0,0,1,0,0,0,0,0,0
6001086045,2016,6,21,20,30,1,43.74119147,-79.50281916,York Centre (9),9,Glenfield-Jane Heights (25),25,D31,North York,SHEPPARD AVE W,NORTHOVER ST,100 m West of,Major Arterial,Mid-Block,Non Intersection,No Control,Clear,Daylight,Dry,Non-Fatal Injury,Rear End,Driver,20 to 24,Major,0,East,"Automobile, Station Wagon",Stopped,Following too Close,Inattentive, , , , , , ,0,0,1,0,0,0,0,0,0,1,0,0,0,0
6001086045,2016,6,21,20,30,1,43.74119147,-79.50281916,York Centre (9),9,Glenfield-Jane Heights (25),25,D31,North York,SHEPPARD AVE W,NORTHOVER ST,100 m West of,Major Arterial,Mid-Block,Non Intersection,No Control,Clear,Daylight,Dry,Non-Fatal Injury,Rear End,Driver,65 to 69,Minor,0,East,"Automobile, Station Wagon",Slowing or Stopping,Driving Properly,Normal, , , , , , ,0,0,1,0,0,0,0,0,0,1,0,0,0,0
6001301961,2016,7,24,20,30,6,43.69748648,-79.26246271,Scarborough Southwest (36),36,Birchcliffe-Cliffside (122),122,D41,Scarborough,DANFORTH AVE,BIRCHMOUNT RD,130 m East of,Minor Arterial,Mid-Block,Non Intersection,No Control,Clear,Dusk,Dry,Non-Fatal Injury,Other,Driver,20 to 24,,0,West,"Automobile, Station Wagon",Going Ahead,Exceeding Speed Limit,Had Been Drinking, , , , , , ,0,0,1,0,0,0,0,1,1,1,0,0,0,0
6001301961,2016,7,24,20,30,6,43.69748648,-79.26246271,Scarborough Southwest (36),36,Birchcliffe-Cliffside (122),122,D41,Scarborough,DANFORTH AVE,BIRCHMOUNT RD,130 m East of,Minor Arterial,Mid-Block,Non Intersection,No Control,Clear,Dusk,Dry,Non-Fatal Injury,Other,Passenger,20 to 24,Major,0, , , , , , , , , , , ,0,0,1,0,0,0,0,1,1,1,0,0,0,0
6002260647,2016,12,21,20,30,2,43.79325827,-79.3034936,Scarborough-Agincourt (40),40,L'Amoreaux (117),117,D42,Scarborough,BIRCHMOUNT RD,CHALDEAN ST,9 m South of,Major Arterial,Intersection,Intersection Related,Stop Sign,Clear,"Dark, artificial",Wet,Non-Fatal Injury,Pedestrian Collisions,Driver,60 to 64,,0,South,"Automobile, Station Wagon",Going Ahead,Driving Properly,Normal, , , , , , ,1,0,1,0,0,0,0,0,0,0,0,0,0,0
6002260647,2016,12,21,20,30,2,43.79325827,-79.3034936,Scarborough-Agincourt (40),40,L'Amoreaux (117),117,D42,Scarborough,BIRCHMOUNT RD,CHALDEAN ST,9 m South of,Major Arterial,Intersection,Intersection Related,Stop Sign,Clear,"Dark, artificial",Wet,Non-Fatal Injury,Pedestrian Collisions,Pedestrian,55 to 59,Major,0,West, , , , ,Vehicle is going straight thru inter.while ped cross without ROW,"Crossing, no Traffic Control",Normal, , , ,1,0,1,0,0,0,0,0,0,0,0,0,0,0
1155645,2010,1,24,20,31,6,43.81164538,-79.26919029,Scarborough-Rouge River (41),41,Agincourt North (129),129,D42,Scarborough,MCCOWAN RD,SANDHURST CRCL, ,Major Arterial,Intersection,At Intersection,Traffic Signal,Rain,Daylight,Wet,Non-Fatal Injury,Angle,Passenger,35 to 39,Minor,0, ,Other, , , , , , , , , ,0,0,1,0,0,0,0,1,0,1,1,0,0,0
1155645,2010,1,24,20,31,6,43.81164538,-79.26919029,Scarborough-Rouge River (41),41,Agincourt North (129),129,D42,Scarborough,MCCOWAN RD,SANDHURST CRCL, ,Major Arterial,Intersection,At Intersection,Traffic Signal,Rain,Daylight,Wet,Non-Fatal Injury,Angle,Driver,30 to 34,Minor,0,North,"Automobile, Station Wagon",Slowing or Stopping,Driving Properly,Normal, , , , , , ,0,0,1,0,0,0,0,1,0,1,1,0,0,0
1155645,2010,1,24,20,31,6,43.81164538,-79.26919029,Scarborough-Rouge River (41),41,Agincourt North (129),129,D42,Scarborough,MCCOWAN RD,SANDHURST CRCL, ,Major Arterial,Intersection,At Intersection,Traffic Signal,Rain,Daylight,Wet,Non-Fatal Injury,Angle,Vehicle Owner,unknown, ,0, ,Other, , , , , , , , , ,0,0,1,0,0,0,0,1,0,1,1,0,0,0
1155645,2010,1,24,20,31,6,43.81164538,-79.26919029,Scarborough-Rouge River (41),41,Agincourt North (129),129,D42,Scarborough,MCCOWAN RD,SANDHURST CRCL, ,Major Arterial,Intersection,At Intersection,Traffic Signal,Rain,Daylight,Wet,Non-Fatal Injury,Angle,Driver,20 to 24,Minimal,0,South,"Automobile, Station Wagon",Going Ahead,Disobeyed Traffic Control,Unknown, , , , , , ,0,0,1,0,0,0,0,1,0,1,1,0,0,0
1155645,2010,1,24,20,31,6,43.81164538,-79.26919029,Scarborough-Rouge River (41),41,Agincourt North (129),129,D42,Scarborough,MCCOWAN RD,SANDHURST CRCL, ,Major Arterial,Intersection,At Intersection,Traffic Signal,Rain,Daylight,Wet,Non-Fatal Injury,Angle,Vehicle Owner,unknown, ,0, ,Other, , , , , , , , , ,0,0,1,0,0,0,0,1,0,1,1,0,0,0