ACCNUM,YEAR,MONTH,DAY,HOUR,MINUTES,WEEKDAY,LATITUDE,LONGITUDE,Ward_Name,Ward_ID,Hood_Name,Hood_ID,Division,District,STREET1,STREET2,OFFSET,ROAD_CLASS,LOCCOORD,ACCLOC,TRAFFCTL,VISIBILITY,LIGHT,RDSFCOND,ACCLASS,IMPACTYPE,INVTYPE,INVAGE,INJURY,FATAL_NO,INITDIR,VEHTYPE,MANOEUVER,DRIVACT,DRIVCOND,PEDTYPE,PEDACT,PEDCOND,CYCLISTYPE,CYCACT,CYCCOND,PEDESTRIAN,CYCLIST,AUTOMOBILE,MOTORCYCLE,TRUCK,TRSN_CITY_VEH,EMERG_VEH,PASSENGER,SPEEDING,AG_DRIV,REDLIGHT,ALCOHOL,DISABILITY,label
1155645,2010,1,24,20,31,6,43.81164538,-79.26919029,Scarborough-Rouge River (41),41,Agincourt North (129),129,D42,Scarborough,MCCOWAN RD,SANDHURST CRCL, ,Major Arterial,Intersection,At Intersection,Traffic Signal,Rain,Daylight,Wet,Non-Fatal Injury,Angle,Driver,30 to 34,Minimal,0,North,"Automobile, Station Wagon",Slowing or Stopping,Driving Properly,Normal, , , , , , ,0,0,1,0,0,0,0,1,0,1,1,0,0,0
1155645,2010,1,24,20,31,6,43.81164538,-79.26919029,Scarborough-Rouge River (41),41,Agincourt North (129),129,D42,Scarborough,MCCOWAN RD,SANDHURST CRCL, ,Major Arterial,Intersection,At Intersection,Traffic Signal,Rain,Daylight,Wet,Non-Fatal Injury,Angle,Vehicle Owner,unknown, ,0, ,Other, , , , , , , , , ,0,0,1,0,0,0,0,1,0,1,1,0,0,0
1155645,2010,1,24,20,31,6,43.81164538,-79.26919029,Scarborough-Rouge River (41),41,Agincourt North (129),129,D42,Scarborough,MCCOWAN RD,SANDHURST CRCL, ,Major Arterial,Intersection,At Intersection,Traffic Signal,Rain,Daylight,Wet,Non-Fatal Injury,Angle,Driver,40 to 44,Major,0,East,"Automobile, Station Wagon",Going Ahead,Driving Properly,Normal, , , , , , ,0,0,1,0,0,0,0,1,0,1,1,0,0,0
7001954444,2017,10,27,20,31,4,43.74326238,-79.58207329,Etobicoke North (1),1,Thistletown-Beaumond Heights (3),3,D23,Etobicoke York,FINCH AV W,KIPLING AV, ,Major Arterial,Intersection,Intersection Related,Traffic Signal,Clear,Dark,Dry,Non-Fatal Injury,Cyclist Collisions,Driver,45 to 49,Major,0,South,"Automobile, Station Wagon",Going Ahead,Driving Properly,Normal, , , , , , ,0,1,1,0,0,0,0,0,0,0,0,0,0,0
7001954444,2017,10,27,20,31,4,43.74326238,-79.58207329,Etobicoke North (1),1,Thistletown-Beaumond Heights (3),3,D23,Etobicoke York,FINCH AV W,KIPLING AV, ,Major Arterial,Intersection,Intersection Related,Traffic Signal,Clear,Dark,Dry,Non-Fatal Injury,Cyclist Collisions,Cyclist,30 to 34,Minor,0,West,Bicycle,Going Ahead, , , , , , ,Other,Normal,0,1,1,0,0,0,0,0,0,0,0,0,0,0
1298554,2012,6,12,20,32,1,43.67474538,-79.43099029,Davenport (17),17,Wychwood (94),94,D13,Toronto East York,DAVENPORT RD,OSSINGTON AVE, ,Minor Arterial,Intersection,At Intersection,Traffic Signal,Clear,"Dark, artificial",Dry,Non-Fatal Injury,Pedestrian Collisions,Vehicle Owner,unknown, ,0, ,Other, , , , , , , , , ,1,0,0,0,0,1,0,0,0,1,0,0,0,0
1298554,2012,6,12,20,32,1,43.67474538,-79.43099029,Davenport (17),17,Wychwood (94),94,D13,Toronto East York,DAVENPORT RD,OSSINGTON AVE, ,Minor Arterial,Intersection,At Intersection,Traffic Signal,Clear,"Dark, artificial",Dry,Non-Fatal Injury,Pedestrian Collisions,Driver,20 to 24,,0,North,Municipal Transit Bus (TTC),Turning Left,Failed to Yield Right of Way,Inattentive, , , , , , ,1,0,0,0,0,1,0,0,0,1,0,0,0,0
1298554,2012,6,12,20,32,1,43.67474538,-79.43099029,Davenport (17),17,Wychwood (94),94,D13,Toronto East York,DAVENPORT RD,OSSINGTON AVE, ,Minor Arterial,Intersection,At Intersection,Traffic Signal,Clear,"Dark, artificial",Dry,Non-Fatal Injury,Pedestrian Collisions,Pedestrian,80 to 84,Major,0,North,Other, , , ,Pedestrian involved in a collision with transit vehicle anywhere along roadway,Crossing with right of way,Normal, , , ,1,0,0,0,0,1,0,0,0,1,0,0,0,0
1346509,2013,3,14,20,32,3,43.66334538,-79.34109029,Toronto-Danforth (30),30,South Riverdale (70),70,D55,Toronto East York,CARLAW AVE,DUNDAS ST E, ,Minor Arterial,Mid-Block,At Intersection,No Control,Clear,"Dark, artificial",Dry,Non-Fatal Injury,Pedestrian Collisions,Passenger,20 to 24,,0, ,Other, , , , , , , , , ,1,0,1,0,0,0,0,1,0,0,0,0,0,0
1346509,2013,3,14,20,32,3,43.66334538,-79.34109029,Toronto-Danforth (30),30,South Riverdale (70),70,D55,Toronto East York,CARLAW AVE,DUNDAS ST E, ,Minor Arterial,Mid-Block,At Intersection,No Control,Clear,"Dark, artificial",Dry,Non-Fatal Injury,Pedestrian Collisions,Passenger,30 to 34,,0, ,Other, , , , , , , , , ,1,0,1,0,0,0,0,1,0,0,0,0,0,0
1346509,2013,3,14,20,32,3,43.66334538,-79.34109029,Toronto-Danforth (30),30,South Riverdale (70),70,D55,Toronto East York,CARLAW AVE,DUNDAS ST E, ,Minor Arterial,Mid-Block,At Intersection,No Control,Clear,"Dark, artificial",Dry,Non-Fatal Injury,Pedestrian Collisions,Vehicle Owner,unknown, ,0, ,Other, , , , , , , , , ,1,0,1,0,0,0,0,1,0,0,0,0,0,0
1346509,2013,3,14,20,32,3,43.66334538,-79.34109029,Toronto-Danforth (30),30,South Riverdale (70),70,D55,Toronto East York,CARLAW AVE,DUNDAS ST E, ,Minor Arterial,Mid-Block,At Intersection,No Control,Clear,"Dark, artificial",Dry,Non-Fatal Injury,Pedestrian Collisions,Driver,45 to 49,,0,West,"Automobile, Station Wagon",Turning Left,Driving Properly,Normal, , , , , , ,1,0,1,0,0,0,0,1,0,0,0,0,0,0
1346509,2013,3,14,20,32,3,43.66334538,-79.34109029,Toronto-Danforth (30),30,South Riverdale (70),70,D55,Toronto East York,CARLAW AVE,DUNDAS ST E, ,Minor Arterial,Mid-Block,At Intersection,No Control,Clear,"Dark, artificial",Dry,Non-Fatal Injury,Pedestrian Collisions,Pedestrian,60 to 64,Major,0,East,Other, , , ,Pedestrian hit at mid-block,"Crossing, no Traffic Control",Normal, , , ,1,0,1,0,0,0,0,1,0,0,0,0,0,0
996853,2007,9,28,20,33,4,43.80874538,-79.26319029,Scarborough-Rouge River (41),41,Agincourt North (129),129,D42,Scarborough,FINCH AVE E,MCCOWAN RD, ,Major Arterial,Mid-Block, ,No Control,Clear,Dark,Dry,Non-Fatal Injury,Pedestrian Collisions,Driver,25 to 29,,0,West,"Automobile, Station Wagon",Going Ahead,Driving Properly,Normal, , , , , , ,1,0,1,0,0,0,0,0,0,0,0,0,0,0
996853,2007,9,28,20,33,4,43.80874538,-79.26319029,Scarborough-Rouge River (41),41,Agincourt North (129),129,D42,Scarborough,FINCH AVE E,MCCOWAN RD, ,Major Arterial,Mid-Block, ,No Control,Clear,Dark,Dry,Non-Fatal Injury,Pedestrian Collisions,Pedestrian,45 to 49,Major,0,South,Other, , , ,Pedestrian hit at mid-block,"Crossing, no Traffic Control",Normal, , , ,1,0,1,0,0,0,0,0,0,0,0,0,0,0
6000746605,2016,5,1,20,33,6,43.73446234,-79.41976557,Eglinton-Lawrence (16),16,Bedford Park-Nortown (39),39,D32,North York,AVENUE RD,FELBRIGGE AVE, ,Major Arterial,Mid-Block,Non Intersection,No Control,Rain,"Dark, artificial",Wet,Fatal,Pedestrian Collisions,Pedestrian,90 to 94,Fatal,29,West, , , , ,Vehicle is going straight thru inter.while ped cross without ROW,"Crossing, no Traffic Control",Inattentive, , , ,1,0,1,0,0,0,0,0,0,0,0,0,0,1
6000746605,2016,5,1,20,33,6,43.73446234,-79.41976557,Eglinton-Lawrence (16),16,Bedford Park-Nortown (39),39,D32,North York,AVENUE RD,FELBRIGGE AVE, ,Major Arterial,Mid-Block,Non Intersection,No Control,Rain,"Dark, artificial",Wet,Fatal,Pedestrian Collisions,Driver,30 to 34,,0,South,"Automobile, Station Wagon",Going Ahead,Driving Properly,Normal, , , , , , ,1,0,1,0,0,0,0,0,0,0,0,0,0,1
7001277580,2017,7,16,20,33,6,43.69688038,-79.46812029,York South-Weston (12),12,Beechborough-Greenbrook (112),112,D12,Etobicoke York,CASTLEFIELD AV,KINCORT ST,20 m West of,Collector,Mid-Block,Non Intersection,No Control,Clear,Daylight,Dry,Non-Fatal Injury,Sideswipe,Motorcycle Driver,0 to 4,,0,West,Motorcycle,Going Ahead,Driving Properly,Unknown, , , , , , ,0,0,0,1,0,0,0,0,1,1,0,0,0,0
7001277580,2017,7,16,20,33,6,43.69688038,-79.46812029,York South-Weston (12),12,Beechborough-Greenbrook (112),112,D12,Etobicoke York,CASTLEFIELD AV,KINCORT ST,20 m West of,Collector,Mid-Block,Non Intersection,No Control,Clear,Daylight,Dry,Non-Fatal Injury,Sideswipe,Motorcycle Driver,25 to 29,Major,0,West,Motorcycle,Going Ahead,Driving Properly,Normal, , , , , , ,0,0,0,1,0,0,0,0,1,1,0,0,0,0
963778,2007,4,11,20,34,2,43.76034538,-79.58349029,Etobicoke North (1),1,Mount Olive-Silverstone-Jamestown (2),2,D23,Etobicoke York,STEELES AVE W,MARKBROOK LANE, ,Major Arterial,Mid-Block, ,No Control,Rain,Dark,Wet,Fatal,Approaching,Driver,45 to 49,Fatal,0,East,"Automobile, Station Wagon",Going Ahead,Driving Properly,Normal, , , , , , ,0,0,1,0,0,0,0,0,0,0,0,1,0,1
963778,2007,4,11,20,34,2,43.76034538,-79.58349029,Etobicoke North (1),1,Mount Olive-Silverstone-Jamestown (2),2,D23,Etobicoke York,STEELES AVE W,MARKBROOK LANE, ,Major Arterial,Mid-Block, ,No Control,Rain,Dark,Wet,Fatal,Approaching,Driver,45 to 49,Minor,0,West,"Automobile, Station Wagon",Going Ahead,Lost control,"Ability Impaired, Alcohol Over .08", , , , , , ,0,0,1,0,0,0,0,0,0,0,0,1,0,1
1126056,2009,8,20,20,34,3,43.80404538,-79.33629029,Scarborough-Agincourt (39),39,Steeles (116),116,D42,Scarborough,VICTORIA PARK AVE,MCNICOLL AVE, ,Major Arterial,Intersection, ,Traffic Signal,Rain,Dark,Wet,Non-Fatal Injury,Angle,Driver,45 to 49,,0,East,"Automobile, Station Wagon",Going Ahead,Failed to Yield Right of Way,Normal, , , , , , ,0,0,1,0,0,0,0,0,0,1,0,0,0,0
1126056,2009,8,20,20,34,3,43.80404538,-79.33629029,Scarborough-Agincourt (39),39,Steeles (116),116,D42,Scarborough,VICTORIA PARK AVE,MCNICOLL AVE, ,Major Arterial,Intersection, ,Traffic Signal,Rain,Dark,Wet,Non-Fatal Injury,Angle,Driver,40 to 44,Major,0,North,"Automobile, Station Wagon",Going Ahead,Driving Properly,Normal, , , , , , ,0,0,1,0,0,0,0,0,0,1,0,0,0,0
1146000,2010,1,5,20,34,1,43.68794538,-79.39459029,St. Paul's (22),22,Yonge-St.Clair (97),97,D53,Toronto East York,ST CLAIR AVE W,YONGE ST, ,Major Arterial,Mid-Block, ,No Control,Clear,Dark,Wet,Non-Fatal Injury,SMV Unattended Vehicle,Driver,55 to 59,Major,0,East,"Automobile, Station Wagon",Going Ahead,Lost control,Medical or Physical Disability, , , , , , ,0,0,1,0,0,0,0,0,0,0,0,0,1,0
1146000,2010,1,5,20,34,1,43.68794538,-79.39459029,St. Paul's (22),22,Yonge-St.Clair (97),97,D53,Toronto East York,ST CLAIR AVE W,YONGE ST, ,Major Arterial,Mid-Block, ,No Control,Clear,Dark,Wet,Non-Fatal Injury,SMV Unattended Vehicle,Other,unknown,,0,East,Other,Parked, , , , , , , , ,0,0,1,0,0,0,0,0,0,0,0,0,1,0
1063638,2008,9,24,20,35,2,43.59914538,-79.51739029,Etobicoke-Lakeshore (6),6,New Toronto (18),18,D22,Etobicoke York,319 KIPLING AVE, , ,Major Arterial,Mid-Block, ,No Control,Clear,Dark,Dry,Non-Fatal Injury,SMV Other,Driver,25 to 29,Major,0,South,"Automobile, Station Wagon",Going Ahead,Lost control,Medical or Physical Disability, , , , , , ,0,0,1,0,0,0,0,0,1,1,0,0,1,0
1063638,2008,9,24,20,35,2,43.59914538,-79.51739029,Etobicoke-Lakeshore (6),6,New Toronto (18),18,D22,Etobicoke York,319 KIPLING AVE, , ,Major Arterial,Mid-Block, ,No Control,Clear,Dark,Dry,Non-Fatal Injury,SMV Other,Other Property Owner,unknown, ,0, ,Other, , , , , , , , , ,0,0,1,0,0,0,0,0,1,1,0,0,1,0
1176916,2010,7,13,20,35,1,43.70484538,-79.56349029,Etobicoke North (2),2,West Humber-Clairville (1),1,D23,Etobicoke York,KIPLING AVE,BELFIELD RD, ,Major Arterial,Intersection,At Intersection,Traffic Signal,Clear,Dark,Dry,Fatal,Angle,Truck Driver,40 to 44,,0,West,Truck - Open,Going Ahead,Driving Properly,Normal, , , , , , ,0,0,1,0,1,0,0,0,0,1,1,0,0,1
1176916,2010,7,13,20,35,1,43.70484538,-79.56349029,Etobicoke North (2),2,West Humber-Clairville (1),1,D23,Etobicoke York,KIPLING AVE,BELFIELD RD, ,Major Arterial,Intersection,At Intersection,Traffic Signal,Clear,Dark,Dry,Fatal,Angle,Vehicle Owner,unknown, ,0, ,Other, , , , , , , , , ,0,0,1,0,1,0,0,0,0,1,1,0,0,1
1176916,2010,7,13,20,35,1,43.70484538,-79.56349029,Etobicoke North (2),2,West Humber-Clairville (1),1,D23,Etobicoke York,KIPLING AVE,BELFIELD RD, ,Major Arterial,Intersection,At Intersection,Traffic Signal,Clear,Dark,Dry,Fatal,Angle,Driver,65 to 69,Fatal,23,South,"Automobile, Station Wagon",Going Ahead,Disobeyed Traffic Control,Unknown, , , , , , ,0,0,1,0,1,0,0,0,0,1,1,0,0,1
1176916,2010,7,13,20,35,1,43.70484538,-79.56349029,Etobicoke North (2),2,West Humber-Clairville (1),1,D23,Etobicoke York,KIPLING AVE,BELFIELD RD, ,Major Arterial,Intersection,At Intersection,Traffic Signal,Clear,Dark,Dry,Fatal,Angle,Other Property Owner,unknown, ,0, ,Other, , , , , , , , , ,0,0,1,0,1,0,0,0,0,1,1,0,0,1
1190214,2010,8,15,20,35,6,43.80374538,-79.28629029,Scarborough-Rouge River (41),41,Agincourt North (129),129,D42,Scarborough,FINCH AVE E,MIDLAND AVE, ,Major Arterial,Intersection,At Intersection,Traffic Signal,Rain,Dusk,Wet,Non-Fatal Injury,Turning Movement,Driver,35 to 39,Major,0,West,"Automobile, Station Wagon",Going Ahead,Driving Properly,Normal, , , , , , ,0,0,1,0,0,0,0,0,0,1,0,0,0,0
1190214,2010,8,15,20,35,6,43.80374538,-79.28629029,Scarborough-Rouge River (41),41,Agincourt North (129),129,D42,Scarborough,FINCH AVE E,MIDLAND AVE, ,Major Arterial,Intersection,At Intersection,Traffic Signal,Rain,Dusk,Wet,Non-Fatal Injury,Turning Movement,Vehicle Owner,unknown, ,0, ,Other, , , , , , , , , ,0,0,1,0,0,0,0,0,0,1,0,0,0,0
1190214,2010,8,15,20,35,6,43.80374538,-79.28629029,Scarborough-Rouge River (41),41,Agincourt North (129),129,D42,Scarborough,FINCH AVE E,MIDLAND AVE, ,Major Arterial,Intersection,At Intersection,Traffic Signal,Rain,Dusk,Wet,Non-Fatal Injury,Turning Movement,Driver,20 to 24,,0,East,"Automobile, Station Wagon",Turning Left,Failed to Yield Right of Way,Inattentive, , , , , , ,0,0,1,0,0,0,0,0,0,1,0,0,0,0
1256647,2011,9,1,20,35,3,43.66484538,-79.57319029,Etobicoke Centre (3),3,Eringate-Centennial-West Deane (11),11,D22,Etobicoke York,HOLLISTER RD,INVERDON RD, ,Local,Intersection,At Intersection,No Control,Clear,Dark,Dry,Non-Fatal Injury,Pedestrian Collisions,Driver,55 to 59,,0,North,"Automobile, Station Wagon",Turning Left,Failed to Yield Right of Way,Inattentive, , , , , , ,1,0,1,0,0,0,0,0,0,1,0,0,0,0
1256647,2011,9,1,20,35,3,43.66484538,-79.57319029,Etobicoke Centre (3),3,Eringate-Centennial-West Deane (11),11,D22,Etobicoke York,HOLLISTER RD,INVERDON RD, ,Local,Intersection,At Intersection,No Control,Clear,Dark,Dry,Non-Fatal Injury,Pedestrian Collisions,Pedestrian,15 to 19,Major,0,North,Other, , , ,Vehicle turns left while ped crosses with ROW at inter.,Crossing with right of way,Normal, , , ,1,0,1,0,0,0,0,0,0,1,0,0,0,0
1256647,2011,9,1,20,35,3,43.66484538,-79.57319029,Etobicoke Centre (3),3,Eringate-Centennial-West Deane (11),11,D22,Etobicoke York,HOLLISTER RD,INVERDON RD, ,Local,Intersection,At Intersection,No Control,Clear,Dark,Dry,Non-Fatal Injury,Pedestrian Collisions,Pedestrian,20 to 24,Minor,0,North,Other, , , ,Vehicle turns left while ped crosses with ROW at inter.,Crossing with right of way,Normal, , , ,1,0,1,0,0,0,0,0,0,1,0,0,0,0
1366796,2013,6,5,20,35,2,43.7702442,-79.46071253,York Centre (10),10,Bathurst Manor (34),34,D32,North York,FINCH AVE W,WILMINGTON AVE, ,Major Arterial,Intersection,At Intersection,Traffic Signal,Clear,Daylight,Dry,Non-Fatal Injury,Turning Movement,Vehicle Owner,unknown, ,0, ,Other, , , , , , , , , ,0,0,1,1,0,0,0,0,0,1,1,0,0,0
1366796,2013,6,5,20,35,2,43.7702442,-79.46071253,York Centre (10),10,Bathurst Manor (34),34,D32,North York,FINCH AVE W,WILMINGTON AVE, ,Major Arterial,Intersection,At Intersection,Traffic Signal,Clear,Daylight,Dry,Non-Fatal Injury,Turning Movement,Driver,25 to 29,,0,West,"Automobile, Station Wagon",Turning Left,Driving Properly,Normal, , , , , , ,0,0,1,1,0,0,0,0,0,1,1,0,0,0
1366796,2013,6,5,20,35,2,43.7702442,-79.46071253,York Centre (10),10,Bathurst Manor (34),34,D32,North York,FINCH AVE W,WILMINGTON AVE, ,Major Arterial,Intersection,At Intersection,Traffic Signal,Clear,Daylight,Dry,Non-Fatal Injury,Turning Movement,Motorcycle Driver,40 to 44,Major,0,East,Motorcycle,Going Ahead,Disobeyed Traffic Control,Normal, , , , , , ,0,0,1,1,0,0,0,0,0,1,1,0,0,0
3000996799,2013,11,18,20,35,0,43.71680029,-79.42921076,Eglinton-Lawrence (16),16,Bedford Park-Nortown (39),39,D53,North York,BATHURST ST,FRONTENAC AVE, ,Major Arterial,Intersection,Non Intersection,No Control,Clear,"Dark, artificial",Dry,Non-Fatal Injury,SMV Other,Driver,20 to 24,Minimal,0,South,"Automobile, Station Wagon",Other,Lost control,"Ability Impaired, Alcohol", , , , , , ,0,0,1,0,0,0,0,1,0,0,0,1,0,0
5001784292,2015,10,16,16,27,4,43.64701422,-79.38748559999999,Trinity-Spadina (20),20,Waterfront Communities-The Island (77),77,D52,Toronto East York,KING ST W,ED MIRVISH WAY,35 m East of,Major Arterial,Mid-Block,Non Intersection,No Control,Clear,Daylight,Dry,Non-Fatal Injury,Pedestrian Collisions,Driver,20 to 24,,0,West,"Automobile, Station Wagon",Going Ahead,Driving Properly,Normal, , , , , , ,1,0,1,0,0,0,0,0,0,0,0,0,0,0
5001784292,2015,10,16,16,27,4,43.64701422,-79.38748559999999,Trinity-Spadina (20),20,Waterfront Communities-The Island (77),77,D52,Toronto East York,KING ST W,ED MIRVISH WAY,35 m East of,Major Arterial,Mid-Block,Non Intersection,No Control,Clear,Daylight,Dry,Non-Fatal Injury,Pedestrian Collisions,Pedestrian,65 to 69,Major,0,North, , , , ,Pedestrian hit at mid-block,"Crossing, no Traffic Control",Inattentive, , , ,1,0,1,0,0,0,0,0,0,0,0,0,0,0
1096124,2009,3,2,16,28,0,43.76576956,-79.40910731,Willowdale (23),23,Willowdale East (51),51,D32,Etobicoke York,130 DORIS Ave, , ,Collector,Intersection, ,Pedestrian Crossover,Clear,Daylight,Dry,Non-Fatal Injury,Pedestrian Collisions,Driver,45 to 49,,0,South,"Automobile, Station Wagon",Going Ahead,Failed to Yield Right of Way,Inattentive, , , , , , ,1,0,1,0,0,0,0,0,0,1,0,0,0,0
1096124,2009,3,2,16,28,0,43.76576956,-79.40910731,Willowdale (23),23,Willowdale East (51),51,D32,Etobicoke York,130 DORIS Ave, , ,Collector,Intersection, ,Pedestrian Crossover,Clear,Daylight,Dry,Non-Fatal Injury,Pedestrian Collisions,Pedestrian,35 to 39,Major,0,East,Other, , , ,Pedestrian hit a PXO/ped. Mid-block signal,"Crossing, Pedestrian Crossover",Normal, , , ,1,0,1,0,0,0,0,0,0,1,0,0,0,0
1232425,2011,4,8,16,28,4,43.70344538,-79.41389029,St. Paul's (22),22,Forest Hill South (101),101,D53,Toronto East York,EGLINTON AVE W,HEDDINGTON AVE, ,Major Arterial,Intersection,At Intersection,Traffic Signal,Clear,Daylight,Dry,Non-Fatal Injury,Rear End,Driver,70 to 74,Minor,0,West,"Automobile, Station Wagon",Slowing or Stopping,Driving Properly,Normal, , , , , , ,0,0,1,0,0,0,0,0,0,1,1,0,0,0
1232425,2011,4,8,16,28,4,43.70344538,-79.41389029,St. Paul's (22),22,Forest Hill South (101),101,D53,Toronto East York,EGLINTON AVE W,HEDDINGTON AVE, ,Major Arterial,Intersection,At Intersection,Traffic Signal,Clear,Daylight,Dry,Non-Fatal Injury,Rear End,Driver,65 to 69,Major,0,West,"Automobile, Station Wagon",Going Ahead,Disobeyed Traffic Control,Normal, , , , , , ,0,0,1,0,0,0,0,0,0,1,1,0,0,0
1232425,2011,4,8,16,28,4,43.70344538,-79.41389029,St. Paul's (22),22,Forest Hill South (101),101,D53,Toronto East York,EGLINTON AVE W,HEDDINGTON AVE, ,Major Arterial,Intersection,At Intersection,Traffic Signal,Clear,Daylight,Dry,Non-Fatal Injury,Rear End,Vehicle Owner,unknown, ,0, ,Other, , , , , , , , , ,0,0,1,0,0,0,0,0,0,1,1,0,0,0
1232425,2011,4,8,16,28,4,43.70344538,-79.41389029,St. Paul's (22),22,Forest Hill South (101),101,D53,Toronto East York,EGLINTON AVE W,HEDDINGTON AVE, ,Major Arterial,Intersection,At Intersection,Traffic Signal,Clear,Daylight,Dry,Non-Fatal Injury,Rear End,Driver,35 to 39,Minor,0,West,"Automobile, Station Wagon",Slowing or Stopping,Driving Properly,Normal, , , , , , ,0,0,1,0,0,0,0,0,0,1,1,0,0,0
6000026380,2016,1,5,16,28,1,43.72621878,-79.29469691,Scarborough Southwest (35),35,Clairlea-Birchmount (120),120,D41,Scarborough,EGLINTON AVE E,PHARMACY AVE,265 m East of,Major Arterial,Mid-Block,Non Intersection,No Control,Clear,Daylight,Dry,Non-Fatal Injury,Pedestrian Collisions,Driver,25 to 29,,0,West,"Automobile, Station Wagon",Going Ahead,Driving Properly,Normal, , , , , , ,1,0,1,0,0,0,0,0,0,0,0,0,0,0
6000026380,2016,1,5,16,28,1,43.72621878,-79.29469691,Scarborough Southwest (35),35,Clairlea-Birchmount (120),120,D41,Scarborough,EGLINTON AVE E,PHARMACY AVE,265 m East of,Major Arterial,Mid-Block,Non Intersection,No Control,Clear,Daylight,Dry,Non-Fatal Injury,Pedestrian Collisions,Pedestrian,10 to 14,Major,0,North, , , , ,Pedestrian hit at mid-block,Running onto Roadway,Normal, , , ,1,0,1,0,0,0,0,0,0,0,0,0,0,0
7001831217,2017,10,9,16,28,0,43.67322838,-79.38800429,Toronto Centre-Rosedale (27),27,Rosedale-Moore Park (98),98,D53,Toronto East York,YONGE ST,FRICHOT AVE,95 m South of,Major Arterial,Mid-Block,Non Intersection,No Control,Clear,Daylight,Dry,Non-Fatal Injury,Sideswipe,Driver,60 to 64,Major,0,North,"Automobile, Station Wagon",Changing Lanes,Improper Lane Change,Inattentive, , , , , , ,0,0,1,0,0,0,0,0,0,0,0,0,0,0
7001831217,2017,10,9,16,28,0,43.67322838,-79.38800429,Toronto Centre-Rosedale (27),27,Rosedale-Moore Park (98),98,D53,Toronto East York,YONGE ST,FRICHOT AVE,95 m South of,Major Arterial,Mid-Block,Non Intersection,No Control,Clear,Daylight,Dry,Non-Fatal Injury,Sideswipe,Driver,30 to 34,,0,North,"Automobile, Station Wagon",Going Ahead,Driving Properly,Normal, , , , , , ,0,0,1,0,0,0,0,0,0,0,0,0,0,0
1150809,2010,1,30,16,29,5,43.66434538,-79.41489029,Trinity-Spadina (20),20,Annex (95),95,D14,Toronto East York,EUCLID AVE,BLOOR ST W, ,Major Arterial,Intersection,At Intersection,Stop Sign,Clear,Daylight,Dry,Non-Fatal Injury,Pedestrian Collisions,Driver,unknown,,0,North,"Automobile, Station Wagon",Turning Right,Driving Properly,Unknown, , , , , , ,1,0,1,0,0,0,0,0,0,0,0,0,0,0
1188456,2010,8,4,15,30,2,43.78374538,-79.41659029,Willowdale (23),23,Newtonbrook West (36),36,D32,North York,5785 YONGE ST, , ,Major Arterial,Mid-Block, ,No Control,Clear,Daylight,Dry,Non-Fatal Injury,Turning Movement,Motorcycle Driver,20 to 24,Major,0,North,Motorcycle,Going Ahead,Driving Properly,Normal, , , , , , ,0,0,1,1,0,0,0,0,0,0,0,0,0,0
1150809,2010,1,30,16,29,5,43.66434538,-79.41489029,Trinity-Spadina (20),20,Annex (95),95,D14,Toronto East York,EUCLID AVE,BLOOR ST W, ,Major Arterial,Intersection,At Intersection,Stop Sign,Clear,Daylight,Dry,Non-Fatal Injury,Pedestrian Collisions,Pedestrian,65 to 69,Major,0,Unknown,Other, , , ,Vehicle turns right while ped crosses without ROW at inter.,Running onto Roadway,Normal, , , ,1,0,1,0,0,0,0,0,0,0,0,0,0,0
6001707155,2016,9,25,16,29,6,43.781509,-79.49446497,York West (8),8,York University Heights (27),27,D31,North York,KEELE ST,STEELES AVE W, ,Major Arterial,Intersection,At Intersection,Traffic Signal,Clear,Daylight,Dry,Non-Fatal Injury,Angle,Driver,65 to 69,Major,0,West,"Automobile, Station Wagon",Going Ahead,Disobeyed Traffic Control,Inattentive, , , , , , ,0,0,1,0,0,0,0,1,0,1,1,0,0,0
6001707155,2016,9,25,16,29,6,43.781509,-79.49446497,York West (8),8,York University Heights (27),27,D31,North York,KEELE ST,STEELES AVE W, ,Major Arterial,Intersection,At Intersection,Traffic Signal,Clear,Daylight,Dry,Non-Fatal Injury,Angle,Driver,65 to 69,Minor,0,North,"Automobile, Station Wagon",Going Ahead,Driving Properly,Normal, , , , , , ,0,0,1,0,0,0,0,1,0,1,1,0,0,0
6001707155,2016,9,25,16,29,6,43.781509,-79.49446497,York West (8),8,York University Heights (27),27,D31,North York,KEELE ST,STEELES AVE W, ,Major Arterial,Intersection,At Intersection,Traffic Signal,Clear,Daylight,Dry,Non-Fatal Injury,Angle,Driver,55 to 59,Minor,0,South,"Automobile, Station Wagon",Stopped,Driving Properly,Normal, , , , , , ,0,0,1,0,0,0,0,1,0,1,1,0,0,0
6001707155,2016,9,25,16,29,6,43.781509,-79.49446497,York West (8),8,York University Heights (27),27,D31,North York,KEELE ST,STEELES AVE W, ,Major Arterial,Intersection,At Intersection,Traffic Signal,Clear,Daylight,Dry,Non-Fatal Injury,Angle,Passenger,55 to 59,Minor,0, , , , , , , , , , , ,0,0,1,0,0,0,0,1,0,1,1,0,0,0
6001707155,2016,9,25,16,29,6,43.781509,-79.49446497,York West (8),8,York University Heights (27),27,D31,North York,KEELE ST,STEELES AVE W, ,Major Arterial,Intersection,At Intersection,Traffic Signal,Clear,Daylight,Dry,Non-Fatal Injury,Angle,Passenger,75 to 79,Minor,0, , , , , , , , , , , ,0,0,1,0,0,0,0,1,0,1,1,0,0,0