ACCNUM,YEAR,MONTH,DAY,HOUR,MINUTES,WEEKDAY,LATITUDE,LONGITUDE,Ward_Name,Ward_ID,Hood_Name,Hood_ID,Division,District,STREET1,STREET2,OFFSET,ROAD_CLASS,LOCCOORD,ACCLOC,TRAFFCTL,VISIBILITY,LIGHT,RDSFCOND,ACCLASS,IMPACTYPE,INVTYPE,INVAGE,INJURY,FATAL_NO,INITDIR,VEHTYPE,MANOEUVER,DRIVACT,DRIVCOND,PEDTYPE,PEDACT,PEDCOND,CYCLISTYPE,CYCACT,CYCCOND,PEDESTRIAN,CYCLIST,AUTOMOBILE,MOTORCYCLE,TRUCK,TRSN_CITY_VEH,EMERG_VEH,PASSENGER,SPEEDING,AG_DRIV,REDLIGHT,ALCOHOL,DISABILITY,label
1165188,2010,4,10,16,35,5,43.65634538,-79.38089029,Toronto Centre-Rosedale (27),27,Church-Yonge Corridor (75),75,D52,Toronto East York,DUNDAS St W,YONGE St, ,Major Arterial,Intersection, ,Streetcar (Stop for),Clear,Daylight,Dry,Non-Fatal Injury,Pedestrian Collisions,Driver,15 to 19,,0,East,"Automobile, Station Wagon",Going Ahead,Disobeyed Traffic Control,Unknown, , , , , , ,1,0,1,0,0,0,0,0,0,1,0,0,0,0
1165188,2010,4,10,16,35,5,43.65634538,-79.38089029,Toronto Centre-Rosedale (27),27,Church-Yonge Corridor (75),75,D52,Toronto East York,DUNDAS St W,YONGE St, ,Major Arterial,Intersection, ,Streetcar (Stop for),Clear,Daylight,Dry,Non-Fatal Injury,Pedestrian Collisions,Pedestrian,20 to 24,Major,0,North,Other, , , ,Vehicle is going straight thru inter.while ped cross with ROW,Person Getting on/off Vehicle,Inattentive, , , ,1,0,1,0,0,0,0,0,0,1,0,0,0,0
1266689,2011,11,29,16,35,1,43.81304538,-79.31319029,Scarborough-Agincourt (39),39,Steeles (116),116,D42,Scarborough,BIRCHMOUNT RD,BESWICK PARK  CRT, ,Major Arterial,Intersection, ,No Control,Rain,"Dark, artificial",Wet,Non-Fatal Injury,Pedestrian Collisions,Driver,65 to 69,,0,South,"Automobile, Station Wagon",Going Ahead,Driving Properly,Normal, , , , , , ,1,0,1,0,0,0,0,0,0,0,0,0,0,0
1266689,2011,11,29,16,35,1,43.81304538,-79.31319029,Scarborough-Agincourt (39),39,Steeles (116),116,D42,Scarborough,BIRCHMOUNT RD,BESWICK PARK  CRT, ,Major Arterial,Intersection, ,No Control,Rain,"Dark, artificial",Wet,Non-Fatal Injury,Pedestrian Collisions,Pedestrian,45 to 49,Major,0,West,Other, , , ,Vehicle is going straight thru inter.while ped cross without ROW,"Crossing, no Traffic Control",Inattentive, , , ,1,0,1,0,0,0,0,0,0,0,0,0,0,0
1291108,2012,3,2,16,35,4,43.72994538,-79.27789029,Scarborough Southwest (35),35,Clairlea-Birchmount (120),120,D41,Scarborough,EGLINTON AVE E,BIRCHMOUNT RD, ,Major Arterial,Intersection,At Intersection,Traffic Signal,Clear,Daylight,Dry,Non-Fatal Injury,Pedestrian Collisions,Vehicle Owner,unknown, ,0, ,Other, , , , , , , , , ,1,0,1,0,0,0,0,0,0,1,0,0,0,0
1291108,2012,3,2,16,35,4,43.72994538,-79.27789029,Scarborough Southwest (35),35,Clairlea-Birchmount (120),120,D41,Scarborough,EGLINTON AVE E,BIRCHMOUNT RD, ,Major Arterial,Intersection,At Intersection,Traffic Signal,Clear,Daylight,Dry,Non-Fatal Injury,Pedestrian Collisions,Driver,55 to 59,,0,West,"Automobile, Station Wagon",Turning Right,Failed to Yield Right of Way,Inattentive, , , , , , ,1,0,1,0,0,0,0,0,0,1,0,0,0,0
1291108,2012,3,2,16,35,4,43.72994538,-79.27789029,Scarborough Southwest (35),35,Clairlea-Birchmount (120),120,D41,Scarborough,EGLINTON AVE E,BIRCHMOUNT RD, ,Major Arterial,Intersection,At Intersection,Traffic Signal,Clear,Daylight,Dry,Non-Fatal Injury,Pedestrian Collisions,Pedestrian,25 to 29,Major,0,West,Other, , , ,Vehicle turns right while ped crosses with ROW at inter.,Crossing with right of way,Normal, , , ,1,0,1,0,0,0,0,0,0,1,0,0,0,0
1150610,2010,1,29,16,36,4,43.77654538,-79.18069029,Scarborough East (44),44,West Hill (136),136,D43,Scarborough,OLD KINGSTON RD,MANSE RD, ,Collector,Mid-Block, ,No Control,Clear,Dusk,Dry,Non-Fatal Injury,Rear End,Driver,80 to 84,Major,0,South,"Automobile, Station Wagon",Other,Lost control,Normal, , , , , , ,0,0,1,0,0,0,0,0,0,0,0,0,0,0
1150610,2010,1,29,16,36,4,43.77654538,-79.18069029,Scarborough East (44),44,West Hill (136),136,D43,Scarborough,OLD KINGSTON RD,MANSE RD, ,Collector,Mid-Block, ,No Control,Clear,Dusk,Dry,Non-Fatal Injury,Rear End,Driver,45 to 49,,0,South,"Automobile, Station Wagon",Stopped,Driving Properly,Normal, , , , , , ,0,0,1,0,0,0,0,0,0,0,0,0,0,0
980783,2007,7,20,16,37,4,43.77824538,-79.23239029,Scarborough Centre (38),38,Woburn (137),137,D43,Scarborough,1210 MARKHAM RD, , ,Major Arterial,Mid-Block, ,No Control,Clear,Daylight,Dry,Non-Fatal Injury,Pedestrian Collisions,Pedestrian,0 to 4,Minimal,0,West,Other, , , ,Pedestrian hit at mid-block,"Crossing, no Traffic Control",Inattentive, , , ,1,0,1,0,0,0,0,0,0,0,0,0,0,0
980783,2007,7,20,16,37,4,43.77824538,-79.23239029,Scarborough Centre (38),38,Woburn (137),137,D43,Scarborough,1210 MARKHAM RD, , ,Major Arterial,Mid-Block, ,No Control,Clear,Daylight,Dry,Non-Fatal Injury,Pedestrian Collisions,Pedestrian,25 to 29,Major,0,West,Other, , , ,Pedestrian hit at mid-block,Crossing without right of way,Inattentive, , , ,1,0,1,0,0,0,0,0,0,0,0,0,0,0
980783,2007,7,20,16,37,4,43.77824538,-79.23239029,Scarborough Centre (38),38,Woburn (137),137,D43,Scarborough,1210 MARKHAM RD, , ,Major Arterial,Mid-Block, ,No Control,Clear,Daylight,Dry,Non-Fatal Injury,Pedestrian Collisions,Vehicle Owner,unknown, ,0, ,Other, , , , , , , , , ,1,0,1,0,0,0,0,0,0,0,0,0,0,0
980783,2007,7,20,16,37,4,43.77824538,-79.23239029,Scarborough Centre (38),38,Woburn (137),137,D43,Scarborough,1210 MARKHAM RD, , ,Major Arterial,Mid-Block, ,No Control,Clear,Daylight,Dry,Non-Fatal Injury,Pedestrian Collisions,Driver,30 to 34,,0,South,"Automobile, Station Wagon",Going Ahead,Driving Properly,Normal, , , , , , ,1,0,1,0,0,0,0,0,0,0,0,0,0,0
990885,2007,9,18,16,37,1,43.75214538,-79.54149029,York West (7),7,Humbermede (22),22,D31,Etobicoke York,FINCH AVE W,WESTON RD, ,Major Arterial,Mid-Block,At Intersection,No Control,Clear,Daylight,Dry,Non-Fatal Injury,Rear End,Driver,35 to 39,,0,East,"Automobile, Station Wagon",Stopped,Driving Properly,Normal, , , , , , ,0,0,1,0,0,0,0,1,0,0,0,0,0,0
990885,2007,9,18,16,37,1,43.75214538,-79.54149029,York West (7),7,Humbermede (22),22,D31,Etobicoke York,FINCH AVE W,WESTON RD, ,Major Arterial,Mid-Block,At Intersection,No Control,Clear,Daylight,Dry,Non-Fatal Injury,Rear End,Passenger,5 to 9,Major,0, ,Other, , , , , , , , , ,0,0,1,0,0,0,0,1,0,0,0,0,0,0
990885,2007,9,18,16,37,1,43.75214538,-79.54149029,York West (7),7,Humbermede (22),22,D31,Etobicoke York,FINCH AVE W,WESTON RD, ,Major Arterial,Mid-Block,At Intersection,No Control,Clear,Daylight,Dry,Non-Fatal Injury,Rear End,Driver,20 to 24,Minimal,0,East,"Automobile, Station Wagon",Going Ahead,Lost control,Inattentive, , , , , , ,0,0,1,0,0,0,0,1,0,0,0,0,0,0
990885,2007,9,18,16,37,1,43.75214538,-79.54149029,York West (7),7,Humbermede (22),22,D31,Etobicoke York,FINCH AVE W,WESTON RD, ,Major Arterial,Mid-Block,At Intersection,No Control,Clear,Daylight,Dry,Non-Fatal Injury,Rear End,Driver,20 to 24,,0,East,"Automobile, Station Wagon",Stopped,Driving Properly,Normal, , , , , , ,0,0,1,0,0,0,0,1,0,0,0,0,0,0
1369174,2013,8,2,16,37,4,43.77166708,-79.25364313,Scarborough Centre (38),38,Bendale (127),127,D43,Scarborough,ELLESMERE Rd,SARATOGA Dr, ,Major Arterial,Intersection,At Intersection,No Control,Rain,Daylight,Wet,Non-Fatal Injury,Turning Movement,Driver,35 to 39,,0,East,"Automobile, Station Wagon",Going Ahead,Driving Properly,Normal, , , , , , ,0,0,1,0,0,0,0,1,0,0,0,0,0,0
1369174,2013,8,2,16,37,4,43.77166708,-79.25364313,Scarborough Centre (38),38,Bendale (127),127,D43,Scarborough,ELLESMERE Rd,SARATOGA Dr, ,Major Arterial,Intersection,At Intersection,No Control,Rain,Daylight,Wet,Non-Fatal Injury,Turning Movement,Driver,40 to 44,,0,North,"Automobile, Station Wagon",Stopped,Driving Properly,Unknown, , , , , , ,0,0,1,0,0,0,0,1,0,0,0,0,0,0
1369174,2013,8,2,16,37,4,43.77166708,-79.25364313,Scarborough Centre (38),38,Bendale (127),127,D43,Scarborough,ELLESMERE Rd,SARATOGA Dr, ,Major Arterial,Intersection,At Intersection,No Control,Rain,Daylight,Wet,Non-Fatal Injury,Turning Movement,Passenger,75 to 79,Major,0, ,Other, , , , , , , , , ,0,0,1,0,0,0,0,1,0,0,0,0,0,0
1369174,2013,8,2,16,37,4,43.77166708,-79.25364313,Scarborough Centre (38),38,Bendale (127),127,D43,Scarborough,ELLESMERE Rd,SARATOGA Dr, ,Major Arterial,Intersection,At Intersection,No Control,Rain,Daylight,Wet,Non-Fatal Injury,Turning Movement,Driver,80 to 84,Minimal,0,West,"Automobile, Station Wagon",Turning Left,Improper Turn,Normal, , , , , , ,0,0,1,0,0,0,0,1,0,0,0,0,0,0
1246125,2011,7,27,16,20,2,43.78764538,-79.38019029,Willowdale (24),24,Bayview Village (52),52,D33,North York,FINCH AVE E,PAGE AVE, ,Major Arterial,Mid-Block, ,No Control,Clear,Daylight,Dry,Non-Fatal Injury,Angle,Passenger,60 to 64,Minor,0, ,Other, , , , , , , , , ,0,0,1,0,0,0,0,1,0,0,0,0,0,0
4002856687,2014,9,6,16,10,5,43.66791876,-79.45676813,Davenport (17),17,Weston-Pellam Park (91),91,D11,Etobicoke York,PELHAM AVE,UXBRIDGE AVE, ,Local,Mid-Block,Non Intersection,No Control,Clear,Daylight,Dry,Non-Fatal Injury,Cyclist Collisions,Driver,40 to 44,,0,West,"Automobile, Station Wagon",Slowing or Stopping,Driving Properly,Normal, , , , , , ,0,1,1,0,0,0,0,0,0,0,0,0,0,0
5000716436,2015,4,30,16,37,3,43.80713995,-79.26613245,Scarborough-Rouge River (41),41,Agincourt North (129),129,D42,Scarborough,2628 MCCOWAN RD, , ,Major Arterial,Mid-Block,Non Intersection,No Control,Clear,Daylight,Dry,Non-Fatal Injury,Approaching,Driver,40 to 44,Minimal,0,North,"Automobile, Station Wagon",Going Ahead,Lost control,Inattentive, , , , , , ,0,0,1,0,0,0,0,1,0,0,0,0,0,0
1188456,2010,8,4,15,30,2,43.78374538,-79.41659029,Willowdale (23),23,Newtonbrook West (36),36,D32,North York,5785 YONGE ST, , ,Major Arterial,Mid-Block, ,No Control,Clear,Daylight,Dry,Non-Fatal Injury,Turning Movement,Driver,35 to 39,,0,South,"Automobile, Station Wagon",Turning Left,Improper Turn,Normal, , , , , , ,0,0,1,1,0,0,0,0,0,0,0,0,0,0
1246125,2011,7,27,16,20,2,43.78764538,-79.38019029,Willowdale (24),24,Bayview Village (52),52,D33,North York,FINCH AVE E,PAGE AVE, ,Major Arterial,Mid-Block, ,No Control,Clear,Daylight,Dry,Non-Fatal Injury,Angle,Driver,75 to 79,Minor,0,East,"Automobile, Station Wagon",Going Ahead,Lost control,Unknown, , , , , , ,0,0,1,0,0,0,0,1,0,0,0,0,0,0
1241015,2011,6,28,15,30,1,43.71434538,-79.33629029,Don Valley West (26),26,Flemingdon Park (44),44,D54,North York,GATEWAY Blvd,DON MILLS Rd, ,Collector,Intersection,At Intersection,Traffic Signal,Clear,Daylight,Dry,Non-Fatal Injury,Pedestrian Collisions,Driver,80 to 84,,0,West,"Automobile, Station Wagon",Going Ahead,Driving Properly,Normal, , , , , , ,1,0,1,0,0,0,0,0,0,0,0,0,0,0
1108724,2009,6,10,15,46,2,43.69984538,-79.43099029,St. Paul's (21),21,Forest Hill North (102),102,D13,Toronto East York,EGLINTON AVE W,OLD PARK RD, ,Major Arterial,Intersection, ,Traffic Signal,Clear,Daylight,Dry,Non-Fatal Injury,Pedestrian Collisions,Vehicle Owner,unknown, ,0, ,Other, , , , , , , , , ,1,0,1,0,0,0,0,0,0,0,0,0,0,0
973640,2007,6,6,16,45,2,43.65594538,-79.38639029,Toronto Centre-Rosedale (27),27,Bay Street Corridor (76),76,D52,Toronto East York,CHESTNUT ST,EDWARD ST, ,Collector,Intersection,At Intersection,No Control,Clear,Daylight,Dry,Non-Fatal Injury,Pedestrian Collisions,Driver,35 to 39,,0,West,Municipal Transit Bus (TTC),Turning Left,Failed to Yield Right of Way,Normal, , , , , , ,1,0,0,0,0,1,0,0,0,1,0,0,0,0
1241015,2011,6,28,15,30,1,43.71434538,-79.33629029,Don Valley West (26),26,Flemingdon Park (44),44,D54,North York,GATEWAY Blvd,DON MILLS Rd, ,Collector,Intersection,At Intersection,Traffic Signal,Clear,Daylight,Dry,Non-Fatal Injury,Pedestrian Collisions,Vehicle Owner,unknown, ,0, ,Other, , , , , , , , , ,1,0,1,0,0,0,0,0,0,0,0,0,0,0
1241015,2011,6,28,15,30,1,43.71434538,-79.33629029,Don Valley West (26),26,Flemingdon Park (44),44,D54,North York,GATEWAY Blvd,DON MILLS Rd, ,Collector,Intersection,At Intersection,Traffic Signal,Clear,Daylight,Dry,Non-Fatal Injury,Pedestrian Collisions,Driver,45 to 49,,0,West,"Automobile, Station Wagon",Going Ahead,Driving Properly,Normal, , , , , , ,1,0,1,0,0,0,0,0,0,0,0,0,0,0
1241015,2011,6,28,15,30,1,43.71434538,-79.33629029,Don Valley West (26),26,Flemingdon Park (44),44,D54,North York,GATEWAY Blvd,DON MILLS Rd, ,Collector,Intersection,At Intersection,Traffic Signal,Clear,Daylight,Dry,Non-Fatal Injury,Pedestrian Collisions,Pedestrian,10 to 14,Major,0,South,Other, , , ,Pedestrian hit at mid-block,"Crossing, no Traffic Control",Inattentive, , , ,1,0,1,0,0,0,0,0,0,0,0,0,0,0
1258447,2011,8,11,15,30,3,43.78234538,-79.41309029,Willowdale (24),24,Newtonbrook East (50),50,D32,North York,BISHOP Aven,KENNETH Aven, ,Collector,Intersection,At Intersection,No Control,Clear,Daylight,Dry,Non-Fatal Injury,Pedestrian Collisions,Driver,50 to 54,,0,West,"Automobile, Station Wagon",Turning Left,Failed to Yield Right of Way,Inattentive, , , , , , ,1,0,1,0,0,0,0,0,0,1,0,0,0,0
1258447,2011,8,11,15,30,3,43.78234538,-79.41309029,Willowdale (24),24,Newtonbrook East (50),50,D32,North York,BISHOP Aven,KENNETH Aven, ,Collector,Intersection,At Intersection,No Control,Clear,Daylight,Dry,Non-Fatal Injury,Pedestrian Collisions,Pedestrian,55 to 59,Major,0,East,Other, , , ,Vehicle turns left while ped crosses with ROW at inter.,Crossing with right of way,Normal, , , ,1,0,1,0,0,0,0,0,0,1,0,0,0,0
1299771,2012,4,23,15,30,0,43.68194538,-79.39159029,St. Paul's (22),22,Yonge-St.Clair (97),97,D53,Toronto East York,YONGE ST,SHAFTESBURY AVE, ,Major Arterial,Intersection,At Intersection,Traffic Signal,Rain,Daylight,Wet,Non-Fatal Injury,Pedestrian Collisions,Pedestrian,30 to 34,Major,0,East,Other, , , ,Other / Undefined,Crossing with right of way,Normal, , , ,1,1,0,0,0,0,0,0,0,0,0,0,0,0
1299771,2012,4,23,15,30,0,43.68194538,-79.39159029,St. Paul's (22),22,Yonge-St.Clair (97),97,D53,Toronto East York,YONGE ST,SHAFTESBURY AVE, ,Major Arterial,Intersection,At Intersection,Traffic Signal,Rain,Daylight,Wet,Non-Fatal Injury,Pedestrian Collisions,Cyclist,25 to 29,Minor,0,South,Bicycle,Going Ahead, , , , , ,Cyclist strikes pedestrian.,Driving Properly,Normal,1,1,0,0,0,0,0,0,0,0,0,0,0,0
1300754,2012,4,30,15,30,0,43.68014538,-79.44399029,Davenport (17),17,Corso Italia-Davenport (92),92,D13,Etobicoke York,DUFFERIN ST,ASCOT AVE, ,Major Arterial,Intersection,At Intersection,Traffic Signal,Rain,Daylight,Wet,Non-Fatal Injury,Pedestrian Collisions,Vehicle Owner,unknown, ,0, ,Other, , , , , , , , , ,1,0,1,0,0,0,0,0,0,1,0,0,0,0
1300754,2012,4,30,15,30,0,43.68014538,-79.44399029,Davenport (17),17,Corso Italia-Davenport (92),92,D13,Etobicoke York,DUFFERIN ST,ASCOT AVE, ,Major Arterial,Intersection,At Intersection,Traffic Signal,Rain,Daylight,Wet,Non-Fatal Injury,Pedestrian Collisions,Driver,20 to 24,,0,East,"Automobile, Station Wagon",Turning Left,Failed to Yield Right of Way,Inattentive, , , , , , ,1,0,1,0,0,0,0,0,0,1,0,0,0,0
1300754,2012,4,30,15,30,0,43.68014538,-79.44399029,Davenport (17),17,Corso Italia-Davenport (92),92,D13,Etobicoke York,DUFFERIN ST,ASCOT AVE, ,Major Arterial,Intersection,At Intersection,Traffic Signal,Rain,Daylight,Wet,Non-Fatal Injury,Pedestrian Collisions,Pedestrian,20 to 24,Major,0,West,Other, , , ,Vehicle turns left while ped crosses with ROW at inter.,Crossing with right of way,Normal, , , ,1,0,1,0,0,0,0,0,0,1,0,0,0,0
4002856687,2014,9,6,16,10,5,43.66791876,-79.45676813,Davenport (17),17,Weston-Pellam Park (91),91,D11,Etobicoke York,PELHAM AVE,UXBRIDGE AVE, ,Local,Mid-Block,Non Intersection,No Control,Clear,Daylight,Dry,Non-Fatal Injury,Cyclist Collisions,Cyclist,50 to 54,Major,0,South,Bicycle,Going Ahead, , , , , ,"Cyclist without ROW rides into path of motorist at inter, lnwy, dwy-Cyclist not turn.",Failed to Yield Right of Way,Had Been Drinking,0,1,1,0,0,0,0,0,0,0,0,0,0,0
5000716436,2015,4,30,16,37,3,43.80713995,-79.26613245,Scarborough-Rouge River (41),41,Agincourt North (129),129,D42,Scarborough,2628 MCCOWAN RD, , ,Major Arterial,Mid-Block,Non Intersection,No Control,Clear,Daylight,Dry,Non-Fatal Injury,Approaching,Driver,55 to 59,Minor,0,South,"Automobile, Station Wagon",Going Ahead,Driving Properly,Normal, , , , , , ,0,0,1,0,0,0,0,1,0,0,0,0,0,0
1361618,2013,5,6,15,30,0,43.61974538,-79.49649029,Etobicoke-Lakeshore (6),6,Mimico (includes Humber Bay Shores) (17),17,D22,Etobicoke York,PORTLAND ST,WESLEY ST, ,Collector,Intersection,At Intersection,No Control,Clear,Daylight,Dry,Non-Fatal Injury,Pedestrian Collisions,Driver,60 to 64,,0,West,"Automobile, Station Wagon",Going Ahead,Driving Properly,Normal, , , , , , ,1,0,1,0,0,0,0,0,0,0,0,0,0,0
1361618,2013,5,6,15,30,0,43.61974538,-79.49649029,Etobicoke-Lakeshore (6),6,Mimico (includes Humber Bay Shores) (17),17,D22,Etobicoke York,PORTLAND ST,WESLEY ST, ,Collector,Intersection,At Intersection,No Control,Clear,Daylight,Dry,Non-Fatal Injury,Pedestrian Collisions,Pedestrian,20 to 24,Major,0,South,Other, , , ,Vehicle is going straight thru inter.while ped cross without ROW,"Crossing, no Traffic Control",Inattentive, , , ,1,0,1,0,0,0,0,0,0,0,0,0,0,0
5001897298,2015,11,4,15,30,2,43.70869406,-79.3763238,Don Valley West (26),26,Leaside-Bennington (56),56,D53,Toronto East York,BAYVIEW AVE,PARKHURST BLVD, ,Major Arterial,Intersection,At Intersection,Stop Sign,Clear,Daylight,Dry,Non-Fatal Injury,Angle,Driver,75 to 79,Minimal,0,West,"Automobile, Station Wagon",Going Ahead,Failed to Yield Right of Way,Inattentive, , , , , , ,0,0,1,0,0,0,0,1,0,1,0,0,0,0
5001897298,2015,11,4,15,30,2,43.70869406,-79.3763238,Don Valley West (26),26,Leaside-Bennington (56),56,D53,Toronto East York,BAYVIEW AVE,PARKHURST BLVD, ,Major Arterial,Intersection,At Intersection,Stop Sign,Clear,Daylight,Dry,Non-Fatal Injury,Angle,Driver,50 to 54,Minimal,0,South,"Automobile, Station Wagon",Going Ahead,Driving Properly,Normal, , , , , , ,0,0,1,0,0,0,0,1,0,1,0,0,0,0
5001897298,2015,11,4,15,30,2,43.70869406,-79.3763238,Don Valley West (26),26,Leaside-Bennington (56),56,D53,Toronto East York,BAYVIEW AVE,PARKHURST BLVD, ,Major Arterial,Intersection,At Intersection,Stop Sign,Clear,Daylight,Dry,Non-Fatal Injury,Angle,Driver,55 to 59,Major,0,North,"Automobile, Station Wagon",Stopped,Driving Properly,Normal, , , , , , ,0,0,1,0,0,0,0,1,0,1,0,0,0,0
5001897298,2015,11,4,15,30,2,43.70869406,-79.3763238,Don Valley West (26),26,Leaside-Bennington (56),56,D53,Toronto East York,BAYVIEW AVE,PARKHURST BLVD, ,Major Arterial,Intersection,At Intersection,Stop Sign,Clear,Daylight,Dry,Non-Fatal Injury,Angle,Passenger,30 to 34,,0, , , , , , , , , , , ,0,0,1,0,0,0,0,1,0,1,0,0,0,0
5001897298,2015,11,4,15,30,2,43.70869406,-79.3763238,Don Valley West (26),26,Leaside-Bennington (56),56,D53,Toronto East York,BAYVIEW AVE,PARKHURST BLVD, ,Major Arterial,Intersection,At Intersection,Stop Sign,Clear,Daylight,Dry,Non-Fatal Injury,Angle,Passenger,20 to 24,,0, , , , , , , , , , , ,0,0,1,0,0,0,0,1,0,1,0,0,0,0
5001897298,2015,11,4,15,30,2,43.70869406,-79.3763238,Don Valley West (26),26,Leaside-Bennington (56),56,D53,Toronto East York,BAYVIEW AVE,PARKHURST BLVD, ,Major Arterial,Intersection,At Intersection,Stop Sign,Clear,Daylight,Dry,Non-Fatal Injury,Angle,Passenger,15 to 19,,0, , , , , , , , , , , ,0,0,1,0,0,0,0,1,0,1,0,0,0,0
6000582754,2016,3,26,15,30,5,43.77378805,-79.44296656,Willowdale (23),23,Willowdale West (37),37,D32,North York,FINCH AVE W,BATHURST ST, ,Major Arterial,Intersection,At Intersection,Traffic Signal,Clear,Daylight,Dry,Non-Fatal Injury,Pedestrian Collisions,Pedestrian,75 to 79,Major,0,Unknown, , , , ,Vehicle turns right while ped crosses with ROW at inter.,Crossing with right of way,Normal, , , ,1,0,0,0,0,0,0,0,0,0,0,0,0,0
7000701050,2017,4,21,15,30,4,43.79375418,-79.17908106,Scarborough East (44),44,Highland Creek (134),134,D43,Scarborough,HALFMOON SQ,CANMORE BLVD,north of,Local,Intersection,Intersection Related,No Control,Clear,"Daylight, artificial",Dry,Fatal,Pedestrian Collisions,Pedestrian,5 to 9,Fatal,19,East, , , , ,Vehicle hits the pedestrian walking or running out from between parked vehicles at mid-block,Running onto Roadway,Inattentive, , , ,1,0,1,0,0,0,0,0,0,0,0,0,0,1
7000701050,2017,4,21,15,30,4,43.79375418,-79.17908106,Scarborough East (44),44,Highland Creek (134),134,D43,Scarborough,HALFMOON SQ,CANMORE BLVD,north of,Local,Intersection,Intersection Related,No Control,Clear,"Daylight, artificial",Dry,Fatal,Pedestrian Collisions,Driver,50 to 54,,0,North,"Automobile, Station Wagon",Going Ahead,Driving Properly,Inattentive, , , , , , ,1,0,1,0,0,0,0,0,0,0,0,0,0,1
959236,2007,2,15,15,31,3,43.67164538,-79.49369029,York South-Weston (11),11,Rockcliffe-Smythe (111),111,D12,Etobicoke York,JANE ST,WOOLNER AVE, ,Major Arterial,Intersection,At Intersection,Traffic Signal,Clear,Daylight,Dry,Non-Fatal Injury,Pedestrian Collisions,Driver,20 to 24,,0,West,"Automobile, Station Wagon",Turning Right,Improper Turn,Normal, , , , , , ,1,0,1,0,0,0,0,0,0,0,0,0,0,0
959236,2007,2,15,15,31,3,43.67164538,-79.49369029,York South-Weston (11),11,Rockcliffe-Smythe (111),111,D12,Etobicoke York,JANE ST,WOOLNER AVE, ,Major Arterial,Intersection,At Intersection,Traffic Signal,Clear,Daylight,Dry,Non-Fatal Injury,Pedestrian Collisions,Vehicle Owner,unknown,,0, ,Other, , , , , , , , , ,1,0,1,0,0,0,0,0,0,0,0,0,0,0
959236,2007,2,15,15,31,3,43.67164538,-79.49369029,York South-Weston (11),11,Rockcliffe-Smythe (111),111,D12,Etobicoke York,JANE ST,WOOLNER AVE, ,Major Arterial,Intersection,At Intersection,Traffic Signal,Clear,Daylight,Dry,Non-Fatal Injury,Pedestrian Collisions,Pedestrian,45 to 49,Major,0,West,Other, , , ,Vehicle turns right while ped crosses with ROW at inter.,Crossing with right of way,Normal, , , ,1,0,1,0,0,0,0,0,0,0,0,0,0,0
1083196,2009,1,21,15,32,2,43.69532355,-79.35103236,Toronto-Danforth (29),29,Old East York (58),58,D54,Toronto East York,1317 PAPE Ave, , ,Major Arterial,Intersection, ,No Control,Clear,Dusk,Loose Snow,Non-Fatal Injury,Approaching,Passenger,50 to 54,Major,0, ,Other, , , , , , , , , ,0,0,1,0,0,0,0,1,0,0,0,0,0,0
1083196,2009,1,21,15,32,2,43.69532355,-79.35103236,Toronto-Danforth (29),29,Old East York (58),58,D54,Toronto East York,1317 PAPE Ave, , ,Major Arterial,Intersection, ,No Control,Clear,Dusk,Loose Snow,Non-Fatal Injury,Approaching,Driver,65 to 69,Minor,0,North,Taxi,Going Ahead,Driving Properly,Normal, , , , , , ,0,0,1,0,0,0,0,1,0,0,0,0,0,0
1083196,2009,1,21,15,32,2,43.69532355,-79.35103236,Toronto-Danforth (29),29,Old East York (58),58,D54,Toronto East York,1317 PAPE Ave, , ,Major Arterial,Intersection, ,No Control,Clear,Dusk,Loose Snow,Non-Fatal Injury,Approaching,Driver,70 to 74,Minor,0,South,"Automobile, Station Wagon",Going Ahead,Lost control,Normal, , , , , , ,0,0,1,0,0,0,0,1,0,0,0,0,0,0
1283446,2012,3,7,15,32,2,43.67064538,-79.29689029,Beaches-East York (32),32,The Beaches (63),63,D55,Toronto East York,QUEEN ST E,hambly AVE, ,Minor Arterial,Intersection, ,No Control,Clear,Daylight,Dry,Non-Fatal Injury,Pedestrian Collisions,Vehicle Owner,unknown, ,0, ,Other, , , , , , , , , ,1,0,0,0,1,0,0,0,0,1,0,0,0,0
1283446,2012,3,7,15,32,2,43.67064538,-79.29689029,Beaches-East York (32),32,The Beaches (63),63,D55,Toronto East York,QUEEN ST E,hambly AVE, ,Minor Arterial,Intersection, ,No Control,Clear,Daylight,Dry,Non-Fatal Injury,Pedestrian Collisions,Truck Driver,45 to 49,,0,West,Truck - Open,Going Ahead,Failed to Yield Right of Way,Unknown, , , , , , ,1,0,0,0,1,0,0,0,0,1,0,0,0,0
1283446,2012,3,7,15,32,2,43.67064538,-79.29689029,Beaches-East York (32),32,The Beaches (63),63,D55,Toronto East York,QUEEN ST E,hambly AVE, ,Minor Arterial,Intersection, ,No Control,Clear,Daylight,Dry,Non-Fatal Injury,Pedestrian Collisions,Pedestrian,30 to 34,Major,0,Unknown,Other, , , ,Vehicle is going straight thru inter.while ped cross with ROW,Crossing without right of way,Normal, , , ,1,0,0,0,1,0,0,0,0,1,0,0,0,0