ACCNUM,YEAR,MONTH,DAY,HOUR,MINUTES,WEEKDAY,LATITUDE,LONGITUDE,Ward_Name,Ward_ID,Hood_Name,Hood_ID,Division,District,STREET1,STREET2,OFFSET,ROAD_CLASS,LOCCOORD,ACCLOC,TRAFFCTL,VISIBILITY,LIGHT,RDSFCOND,ACCLASS,IMPACTYPE,INVTYPE,INVAGE,INJURY,FATAL_NO,INITDIR,VEHTYPE,MANOEUVER,DRIVACT,DRIVCOND,PEDTYPE,PEDACT,PEDCOND,CYCLISTYPE,CYCACT,CYCCOND,PEDESTRIAN,CYCLIST,AUTOMOBILE,MOTORCYCLE,TRUCK,TRSN_CITY_VEH,EMERG_VEH,PASSENGER,SPEEDING,AG_DRIV,REDLIGHT,ALCOHOL,DISABILITY,label
1372963,2013,6,21,15,32,4,43.67445715,-79.39774714,Trinity-Spadina (20),20,Annex (95),95,D53,Toronto East York,247 DAVENPORT Rd, , ,Major Arterial,Mid-Block, ,No Control,Clear,Daylight,Dry,Non-Fatal Injury,Sideswipe,Driver,65 to 69,,0,East,"Automobile, Station Wagon",Parked,Other,Normal, , , , , , ,0,1,1,0,0,0,0,0,0,0,0,0,0,0
1372963,2013,6,21,15,32,4,43.67445715,-79.39774714,Trinity-Spadina (20),20,Annex (95),95,D53,Toronto East York,247 DAVENPORT Rd, , ,Major Arterial,Mid-Block, ,No Control,Clear,Daylight,Dry,Non-Fatal Injury,Sideswipe,Driver,50 to 54,,0,East,"Automobile, Station Wagon",Going Ahead,Driving Properly,Normal, , , , , , ,0,1,1,0,0,0,0,0,0,0,0,0,0,0
1372963,2013,6,21,15,32,4,43.67445715,-79.39774714,Trinity-Spadina (20),20,Annex (95),95,D53,Toronto East York,247 DAVENPORT Rd, , ,Major Arterial,Mid-Block, ,No Control,Clear,Daylight,Dry,Non-Fatal Injury,Sideswipe,Moped Driver,50 to 54,Major,0,East,Moped,Going Ahead, , , , , , , , ,0,1,1,0,0,0,0,0,0,0,0,0,0,0
1276036,2011,12,10,15,33,5,43.69324538,-79.35029029,Toronto-Danforth (29),29,Old East York (58),58,D54,Toronto East York,O CONNOR DR,PAPE AVE, ,Major Arterial,Intersection,At Intersection,Traffic Signal,Clear,Daylight,Dry,Non-Fatal Injury,Pedestrian Collisions,Driver,25 to 29,,0,West,"Automobile, Station Wagon",Turning Left,Failed to Yield Right of Way,Inattentive, , , , , , ,1,0,1,0,0,0,0,0,0,1,0,0,0,0
1276036,2011,12,10,15,33,5,43.69324538,-79.35029029,Toronto-Danforth (29),29,Old East York (58),58,D54,Toronto East York,O CONNOR DR,PAPE AVE, ,Major Arterial,Intersection,At Intersection,Traffic Signal,Clear,Daylight,Dry,Non-Fatal Injury,Pedestrian Collisions,Pedestrian,30 to 34,Minimal,0,East,Other, , , ,Vehicle turns left while ped crosses with ROW at inter.,Crossing with right of way,Normal, , , ,1,0,1,0,0,0,0,0,0,1,0,0,0,0
1276036,2011,12,10,15,33,5,43.69324538,-79.35029029,Toronto-Danforth (29),29,Old East York (58),58,D54,Toronto East York,O CONNOR DR,PAPE AVE, ,Major Arterial,Intersection,At Intersection,Traffic Signal,Clear,Daylight,Dry,Non-Fatal Injury,Pedestrian Collisions,Pedestrian,25 to 29,Major,0,East,Other, , , ,Vehicle turns left while ped crosses with ROW at inter.,Crossing with right of way,Normal, , , ,1,0,1,0,0,0,0,0,0,1,0,0,0,0
1372377,2013,8,27,15,33,1,43.73074682,-79.60679255,Etobicoke North (1),1,West Humber-Clairville (1),1,D23,Etobicoke York,HUMBER COLLEGE Blvd,WINDWOOD Dr, ,Minor Arterial,Mid-Block, ,Pedestrian Crossover,Clear,Daylight,Dry,Fatal,Pedestrian Collisions,Driver,15 to 19,,0,West,Pick Up Truck,Going Ahead,Failed to Yield Right of Way,Normal, , , , , , ,1,0,1,0,0,0,0,0,1,1,0,0,0,1
1372377,2013,8,27,15,33,1,43.73074682,-79.60679255,Etobicoke North (1),1,West Humber-Clairville (1),1,D23,Etobicoke York,HUMBER COLLEGE Blvd,WINDWOOD Dr, ,Minor Arterial,Mid-Block, ,Pedestrian Crossover,Clear,Daylight,Dry,Fatal,Pedestrian Collisions,Pedestrian,55 to 59,Fatal,35,South, , , , ,Pedestrian hit a PXO/ped. Mid-block signal,"Crossing, Pedestrian Crossover",Normal, , , ,1,0,1,0,0,0,0,0,1,1,0,0,0,1
1099908,2009,4,18,15,34,5,43.64404538,-79.37579029,Toronto Centre-Rosedale (28),28,Waterfront Communities-The Island (77),77,D52,Toronto East York,YONGE ST,LAKE SHORE W BLVD E, ,Major Arterial,Intersection,At Intersection,Traffic Signal,Clear,Daylight,Dry,Non-Fatal Injury,Angle,Passenger,35 to 39,Minimal,0, ,Other, , , , , , , , , ,0,0,1,0,0,0,0,1,0,1,1,0,0,0
1099908,2009,4,18,15,34,5,43.64404538,-79.37579029,Toronto Centre-Rosedale (28),28,Waterfront Communities-The Island (77),77,D52,Toronto East York,YONGE ST,LAKE SHORE W BLVD E, ,Major Arterial,Intersection,At Intersection,Traffic Signal,Clear,Daylight,Dry,Non-Fatal Injury,Angle,Driver,55 to 59,Minimal,0,South,"Automobile, Station Wagon",Stopped,Driving Properly,Normal, , , , , , ,0,0,1,0,0,0,0,1,0,1,1,0,0,0
1099908,2009,4,18,15,34,5,43.64404538,-79.37579029,Toronto Centre-Rosedale (28),28,Waterfront Communities-The Island (77),77,D52,Toronto East York,YONGE ST,LAKE SHORE W BLVD E, ,Major Arterial,Intersection,At Intersection,Traffic Signal,Clear,Daylight,Dry,Non-Fatal Injury,Angle,Driver,40 to 44,Minimal,0,West,"Automobile, Station Wagon",Going Ahead,Driving Properly,Normal, , , , , , ,0,0,1,0,0,0,0,1,0,1,1,0,0,0
1099908,2009,4,18,15,34,5,43.64404538,-79.37579029,Toronto Centre-Rosedale (28),28,Waterfront Communities-The Island (77),77,D52,Toronto East York,YONGE ST,LAKE SHORE W BLVD E, ,Major Arterial,Intersection,At Intersection,Traffic Signal,Clear,Daylight,Dry,Non-Fatal Injury,Angle,Passenger,0 to 4,Minimal,0, ,Other, , , , , , , , , ,0,0,1,0,0,0,0,1,0,1,1,0,0,0
1099908,2009,4,18,15,34,5,43.64404538,-79.37579029,Toronto Centre-Rosedale (28),28,Waterfront Communities-The Island (77),77,D52,Toronto East York,YONGE ST,LAKE SHORE W BLVD E, ,Major Arterial,Intersection,At Intersection,Traffic Signal,Clear,Daylight,Dry,Non-Fatal Injury,Angle,Passenger,0 to 4,Major,0, ,Other, , , , , , , , , ,0,0,1,0,0,0,0,1,0,1,1,0,0,0
1099908,2009,4,18,15,34,5,43.64404538,-79.37579029,Toronto Centre-Rosedale (28),28,Waterfront Communities-The Island (77),77,D52,Toronto East York,YONGE ST,LAKE SHORE W BLVD E, ,Major Arterial,Intersection,At Intersection,Traffic Signal,Clear,Daylight,Dry,Non-Fatal Injury,Angle,Passenger,0 to 4,Minimal,0, ,Other, , , , , , , , , ,0,0,1,0,0,0,0,1,0,1,1,0,0,0
1099908,2009,4,18,15,34,5,43.64404538,-79.37579029,Toronto Centre-Rosedale (28),28,Waterfront Communities-The Island (77),77,D52,Toronto East York,YONGE ST,LAKE SHORE W BLVD E, ,Major Arterial,Intersection,At Intersection,Traffic Signal,Clear,Daylight,Dry,Non-Fatal Injury,Angle,Passenger,25 to 29,Minor,0, ,Other, , , , , , , , , ,0,0,1,0,0,0,0,1,0,1,1,0,0,0
1099908,2009,4,18,15,34,5,43.64404538,-79.37579029,Toronto Centre-Rosedale (28),28,Waterfront Communities-The Island (77),77,D52,Toronto East York,YONGE ST,LAKE SHORE W BLVD E, ,Major Arterial,Intersection,At Intersection,Traffic Signal,Clear,Daylight,Dry,Non-Fatal Injury,Angle,Passenger,0 to 4,Major,0, ,Other, , , , , , , , , ,0,0,1,0,0,0,0,1,0,1,1,0,0,0
1099908,2009,4,18,15,34,5,43.64404538,-79.37579029,Toronto Centre-Rosedale (28),28,Waterfront Communities-The Island (77),77,D52,Toronto East York,YONGE ST,LAKE SHORE W BLVD E, ,Major Arterial,Intersection,At Intersection,Traffic Signal,Clear,Daylight,Dry,Non-Fatal Injury,Angle,Driver,35 to 39,Minimal,0,North,"Automobile, Station Wagon",Going Ahead,Disobeyed Traffic Control,Inattentive, , , , , , ,0,0,1,0,0,0,0,1,0,1,1,0,0,0
1106499,2009,5,27,15,34,2,43.69024538,-79.57709029,Etobicoke North (2),2,West Humber-Clairville (1),1,D23,North York,DIXON ROAD,KELFIELD ST, ,Major Arterial,Intersection,At Intersection,Traffic Signal,Rain,Daylight,Wet,Non-Fatal Injury,SMV Other,Driver,65 to 69,Major,0,East,"Automobile, Station Wagon",Going Ahead,Lost control,Medical or Physical Disability, , , , , , ,0,0,1,0,0,0,0,0,0,0,0,0,1,0
1205539,2010,11,17,15,34,2,43.72484538,-79.25399029,Scarborough Southwest (35),35,Kennedy Park (124),124,D41,Scarborough,DANFORTH RD,MIDLAND AVE, ,Major Arterial,Intersection,At Intersection,Traffic Signal,Clear,Daylight,Dry,Non-Fatal Injury,Pedestrian Collisions,Vehicle Owner,unknown, ,0, ,Other, , , , , , , , , ,1,0,1,0,0,0,0,0,0,0,0,0,0,0
1205539,2010,11,17,15,34,2,43.72484538,-79.25399029,Scarborough Southwest (35),35,Kennedy Park (124),124,D41,Scarborough,DANFORTH RD,MIDLAND AVE, ,Major Arterial,Intersection,At Intersection,Traffic Signal,Clear,Daylight,Dry,Non-Fatal Injury,Pedestrian Collisions,Driver,50 to 54,,0,North,"Automobile, Station Wagon",Turning Right,Driving Properly,Unknown, , , , , , ,1,0,1,0,0,0,0,0,0,0,0,0,0,0
1205539,2010,11,17,15,34,2,43.72484538,-79.25399029,Scarborough Southwest (35),35,Kennedy Park (124),124,D41,Scarborough,DANFORTH RD,MIDLAND AVE, ,Major Arterial,Intersection,At Intersection,Traffic Signal,Clear,Daylight,Dry,Non-Fatal Injury,Pedestrian Collisions,Pedestrian,25 to 29,Major,0,West,Other,Unknown, , ,Vehicle turns right while ped crosses without ROW at inter.,Running onto Roadway,Unknown, , , ,1,0,1,0,0,0,0,0,0,0,0,0,0,0
6001668263,2016,9,19,15,34,0,43.78445395,-79.35323725,Don Valley East (33),33,Don Valley Village (47),47,D33,North York,DON MILLS RD W,GOODVIEW RD,72 m North of,Major Arterial,Mid-Block,Non Intersection,No Control,Clear,Daylight,Dry,Non-Fatal Injury,SMV Other,Motorcycle Driver,15 to 19,Major,0,South,Motorcycle,Going Ahead,Lost control,Inattentive, , , , , , ,0,0,0,1,0,0,0,0,0,0,0,0,0,0
1094123,2009,3,12,15,35,3,43.75374538,-79.51859029,York West (7),7,Glenfield-Jane Heights (25),25,D31,Etobicoke York,FIRGROVE CRES,NEEDLE FIRWAY, ,Local,Mid-Block, ,No Control,Clear,Daylight,Dry,Non-Fatal Injury,Pedestrian Collisions,Driver,80 to 84,,0,West,"Automobile, Station Wagon",Going Ahead,Driving Properly,Medical or Physical Disability, , , , , , ,1,0,1,0,0,0,0,0,0,0,0,0,1,0
1094123,2009,3,12,15,35,3,43.75374538,-79.51859029,York West (7),7,Glenfield-Jane Heights (25),25,D31,Etobicoke York,FIRGROVE CRES,NEEDLE FIRWAY, ,Local,Mid-Block, ,No Control,Clear,Daylight,Dry,Non-Fatal Injury,Pedestrian Collisions,Pedestrian,5 to 9,Major,0,North,Other, , , ,Pedestrian hit at mid-block,Running onto Roadway,Inattentive, , , ,1,0,1,0,0,0,0,0,0,0,0,0,1,0
1117715,2009,8,6,15,35,3,43.78414538,-79.28869029,Scarborough-Agincourt (40),40,Agincourt South-Malvern West (128),128,D42,Scarborough,2330 KENNEDY RD, , ,Major Arterial,Mid-Block, ,No Control,Clear,Daylight,Dry,Non-Fatal Injury,Pedestrian Collisions,Pedestrian,55 to 59,Major,0,South,Other, , , ,Pedestrian hit on sidewalk or shoulder,On Sidewalk or Shoulder,Normal, , , ,1,1,0,0,0,0,0,0,0,0,0,0,0,0
1117715,2009,8,6,15,35,3,43.78414538,-79.28869029,Scarborough-Agincourt (40),40,Agincourt South-Malvern West (128),128,D42,Scarborough,2330 KENNEDY RD, , ,Major Arterial,Mid-Block, ,No Control,Clear,Daylight,Dry,Non-Fatal Injury,Pedestrian Collisions,Cyclist,15 to 19,,0,North,Bicycle,Going Ahead, , , , , ,Cyclist strikes pedestrian.,Failed to Yield Right of Way,Normal,1,1,0,0,0,0,0,0,0,0,0,0,0,0
1372876,2013,6,21,15,35,4,43.79834538,-79.37519029,Willowdale (24),24,Bayview Woods-Steeles (49),49,D33,North York,PINEWAY BLVD,BERNICK RD, ,Local,Intersection,At Intersection,Stop Sign,Clear,Daylight,Dry,Non-Fatal Injury,Pedestrian Collisions,Driver,40 to 44,,0,North,"Automobile, Station Wagon",Going Ahead,Failed to Yield Right of Way,Inattentive, , , , , , ,1,0,1,0,0,0,0,0,0,1,0,0,0,0
1372876,2013,6,21,15,35,4,43.79834538,-79.37519029,Willowdale (24),24,Bayview Woods-Steeles (49),49,D33,North York,PINEWAY BLVD,BERNICK RD, ,Local,Intersection,At Intersection,Stop Sign,Clear,Daylight,Dry,Non-Fatal Injury,Pedestrian Collisions,Pedestrian,10 to 14,Major,0,Unknown,Other, , , ,Vehicle is going straight thru inter.while ped cross with ROW,Crossing with right of way,Normal, , , ,1,0,1,0,0,0,0,0,0,1,0,0,0,0
5000811243,2015,5,15,15,35,4,43.69143637,-79.32065211,Beaches-East York (31),31,Danforth East York (59),59,D54,Toronto East York,MORTIMER AVE,GLEBEMOUNT AVE, ,Minor Arterial,Intersection,At Intersection,Stop Sign,Clear,Daylight,Wet,Non-Fatal Injury,Angle,Driver,15 to 19,,0,North,"Automobile, Station Wagon",Going Ahead,Failed to Yield Right of Way,Inattentive, , , , , , ,0,0,1,1,0,0,0,0,0,1,0,0,0,0
5000811243,2015,5,15,15,35,4,43.69143637,-79.32065211,Beaches-East York (31),31,Danforth East York (59),59,D54,Toronto East York,MORTIMER AVE,GLEBEMOUNT AVE, ,Minor Arterial,Intersection,At Intersection,Stop Sign,Clear,Daylight,Wet,Non-Fatal Injury,Angle,Motorcycle Driver,55 to 59,Major,0,East,Motorcycle,Overtaking,Driving Properly,Normal, , , , , , ,0,0,1,1,0,0,0,0,0,1,0,0,0,0
6002164193,2016,12,6,15,35,1,43.66531714,-79.40995417,Trinity-Spadina (20),20,University (79),79,D14,Toronto East York,BLOOR ST W,ALBANY AVE, ,Major Arterial,Intersection,At Intersection,No Control,Clear,Daylight,Dry,Non-Fatal Injury,Cyclist Collisions,Driver,unknown,,0,East,"Automobile, Station Wagon",Turning Left,Failed to Yield Right of Way,Inattentive, , , , , , ,0,1,1,0,0,0,0,0,0,1,0,0,0,0
6002164193,2016,12,6,15,35,1,43.66531714,-79.40995417,Trinity-Spadina (20),20,University (79),79,D14,Toronto East York,BLOOR ST W,ALBANY AVE, ,Major Arterial,Intersection,At Intersection,No Control,Clear,Daylight,Dry,Non-Fatal Injury,Cyclist Collisions,Cyclist,65 to 69,Major,0,West,Bicycle,Going Ahead, , , , , ,Motorist turned left across cyclists path.,Driving Properly,Normal,0,1,1,0,0,0,0,0,0,1,0,0,0,0
5001836357,2015,10,25,15,36,6,43.74263342,-79.30739985,Scarborough Centre (37),37,Wexford/Maryvale (119),119,D41,Scarborough,LAWRENCE AVE E,TOWNLEY AVE, ,Major Arterial,Intersection,Intersection Related,No Control,Clear,Daylight,Dry,Non-Fatal Injury,Pedestrian Collisions,Driver,40 to 44,,0,East,"Automobile, Station Wagon",Going Ahead,Driving Properly,Normal, , , , , , ,1,0,1,0,0,0,0,0,0,0,0,0,0,0
5001836357,2015,10,25,15,36,6,43.74263342,-79.30739985,Scarborough Centre (37),37,Wexford/Maryvale (119),119,D41,Scarborough,LAWRENCE AVE E,TOWNLEY AVE, ,Major Arterial,Intersection,Intersection Related,No Control,Clear,Daylight,Dry,Non-Fatal Injury,Pedestrian Collisions,Pedestrian,10 to 14,Major,0,South, , , , ,Pedestrian hit at mid-block,"Crossing, no Traffic Control",Normal, , , ,1,0,1,0,0,0,0,0,0,0,0,0,0,0
5001836357,2015,10,25,15,36,6,43.74263342,-79.30739985,Scarborough Centre (37),37,Wexford/Maryvale (119),119,D41,Scarborough,LAWRENCE AVE E,TOWNLEY AVE, ,Major Arterial,Intersection,Intersection Related,No Control,Clear,Daylight,Dry,Non-Fatal Injury,Pedestrian Collisions,Pedestrian,5 to 9,Minimal,0,South, , , , ,Pedestrian hit at mid-block,"Crossing, no Traffic Control",Unknown, , , ,1,0,1,0,0,0,0,0,0,0,0,0,0,0
5001836357,2015,10,25,15,36,6,43.74263342,-79.30739985,Scarborough Centre (37),37,Wexford/Maryvale (119),119,D41,Scarborough,LAWRENCE AVE E,TOWNLEY AVE, ,Major Arterial,Intersection,Intersection Related,No Control,Clear,Daylight,Dry,Non-Fatal Injury,Pedestrian Collisions,Pedestrian,15 to 19,Minimal,0,South, , , , ,Pedestrian hit at mid-block,"Crossing, no Traffic Control",Unknown, , , ,1,0,1,0,0,0,0,0,0,0,0,0,0,0
5001836357,2015,10,25,15,36,6,43.74263342,-79.30739985,Scarborough Centre (37),37,Wexford/Maryvale (119),119,D41,Scarborough,LAWRENCE AVE E,TOWNLEY AVE, ,Major Arterial,Intersection,Intersection Related,No Control,Clear,Daylight,Dry,Non-Fatal Injury,Pedestrian Collisions,Pedestrian,45 to 49,Major,0,South, , , , ,Pedestrian hit at mid-block,"Crossing, no Traffic Control",Unknown, , , ,1,0,1,0,0,0,0,0,0,0,0,0,0,0
6000094182,2016,1,16,15,36,5,43.67431219,-79.43080529999999,St. Paul's (21),21,Wychwood (94),94,D13,Toronto East York,OSSINGTON AVE,DAVENPORT RD,41 m South of,Minor Arterial,Mid-Block,Non Intersection,No Control,Clear,Daylight,Dry,Non-Fatal Injury,Pedestrian Collisions,Driver,50 to 54,,0,South,"Automobile, Station Wagon",Going Ahead,Driving Properly,Normal, , , , , , ,1,0,1,0,0,0,0,0,0,0,0,0,0,0
6000094182,2016,1,16,15,36,5,43.67431219,-79.43080529999999,St. Paul's (21),21,Wychwood (94),94,D13,Toronto East York,OSSINGTON AVE,DAVENPORT RD,41 m South of,Minor Arterial,Mid-Block,Non Intersection,No Control,Clear,Daylight,Dry,Non-Fatal Injury,Pedestrian Collisions,Pedestrian,20 to 24,Major,0,North, , , , ,Pedestrian hit at mid-block,Running onto Roadway,Normal, , , ,1,0,1,0,0,0,0,0,0,0,0,0,0,0
1232208,2011,3,8,15,37,1,43.76834538,-79.18619029,Scarborough East (44),44,West Hill (136),136,D43,Scarborough,255 MORNINGSIDE AVE, , ,Minor Arterial,Intersection,At Intersection,Traffic Signal,Clear,Daylight,Dry,Non-Fatal Injury,Pedestrian Collisions,Driver,40 to 44,,0,West,"Automobile, Station Wagon",Turning Left,Improper Turn,Normal, , , , , , ,1,0,1,0,0,0,0,0,0,0,0,0,0,0
987506,2007,9,1,16,5,5,43.83654538,-79.25119029,Scarborough-Rouge River (41),41,Milliken (130),130,D42,Scarborough,STEELES Aven E,MARKHAM Road, ,Major Arterial,Intersection,At Intersection,Traffic Signal,Clear,Daylight,Dry,Non-Fatal Injury,Angle,Driver,45 to 49,Major,0,East,"Automobile, Station Wagon",Going Ahead,Disobeyed Traffic Control,Unknown, , , , , , ,0,0,1,0,0,0,0,1,1,1,1,0,0,0
1232208,2011,3,8,15,37,1,43.76834538,-79.18619029,Scarborough East (44),44,West Hill (136),136,D43,Scarborough,255 MORNINGSIDE AVE, , ,Minor Arterial,Intersection,At Intersection,Traffic Signal,Clear,Daylight,Dry,Non-Fatal Injury,Pedestrian Collisions,Pedestrian,75 to 79,Major,0,East,Other,Other, , ,Vehicle turns left while ped crosses with ROW at inter.,Crossing with right of way,Normal, , , ,1,0,1,0,0,0,0,0,0,0,0,0,0,0
6001681800,2016,9,21,15,37,2,43.7127529,-79.56181727,Etobicoke North (2),2,West Humber-Clairville (1),1,D23,Etobicoke York,REXDALE BLVD,BERGAMOT AVE,160 m West of,Major Arterial,Mid-Block,Non Intersection,No Control,Clear,Daylight,Dry,Non-Fatal Injury,Turning Movement,Driver,65 to 69,,0,East,"Automobile, Station Wagon",Turning Left,Improper Turn,Normal, , , , , , ,0,0,1,1,0,0,0,0,0,0,0,0,0,0
6001681800,2016,9,21,15,37,2,43.7127529,-79.56181727,Etobicoke North (2),2,West Humber-Clairville (1),1,D23,Etobicoke York,REXDALE BLVD,BERGAMOT AVE,160 m West of,Major Arterial,Mid-Block,Non Intersection,No Control,Clear,Daylight,Dry,Non-Fatal Injury,Turning Movement,Motorcycle Driver,35 to 39,Major,0,West,Motorcycle,Going Ahead,Driving Properly,Normal, , , , , , ,0,0,1,1,0,0,0,0,0,0,0,0,0,0
1170181,2010,5,27,15,38,3,43.79704538,-79.14409029,Scarborough East (44),44,Rouge (131),131,D43,Scarborough,PORT UNION Rd,HIGHWAY 401 C  E, ,Minor Arterial,Mid-Block, ,No Control,Clear,Daylight,Dry,Non-Fatal Injury,Cyclist Collisions,Other,unknown, ,0,North,Other,Parked, , , , , , , , ,0,1,0,0,0,0,0,0,0,0,0,0,0,0
1170181,2010,5,27,15,38,3,43.79704538,-79.14409029,Scarborough East (44),44,Rouge (131),131,D43,Scarborough,PORT UNION Rd,HIGHWAY 401 C  E, ,Minor Arterial,Mid-Block, ,No Control,Clear,Daylight,Dry,Non-Fatal Injury,Cyclist Collisions,Cyclist,35 to 39,Major,0,North,Bicycle,Going Ahead, , , , , ,Cyclist and Driver travelling in same direction. One vehicle rear-ended the other.,Other,"Ability Impaired, Drugs",0,1,0,0,0,0,0,0,0,0,0,0,0,0
1188695,2010,8,6,15,38,4,43.71784538,-79.41449029,Eglinton-Lawrence (16),16,Lawrence Park South (103),103,D53,North York,AVENUE Rd,GLENVIEW Ave, ,Major Arterial,Intersection, ,No Control,Rain,Daylight,Wet,Non-Fatal Injury,SMV Other,Moped Driver,45 to 49,Major,0,South,Moped,Going Ahead,Lost control,Normal, , , , , , ,0,1,0,0,0,0,0,0,0,0,0,0,0,0
4003015546,2014,9,30,15,38,1,43.65680655,-79.37566004,Toronto Centre-Rosedale (27),27,Church-Yonge Corridor (75),75,D51,Toronto East York,DUNDAS ST E,MUTUAL ST, ,Major Arterial,Intersection,At Intersection,No Control,Clear,Daylight,Dry,Non-Fatal Injury,Pedestrian Collisions,Motorcycle Driver,35 to 39,Minor,0,West,Motorcycle,Going Ahead,Driving Properly,Fatigue, , , , , , ,1,0,0,1,0,0,0,0,0,0,0,0,0,0
4003015546,2014,9,30,15,38,1,43.65680655,-79.37566004,Toronto Centre-Rosedale (27),27,Church-Yonge Corridor (75),75,D51,Toronto East York,DUNDAS ST E,MUTUAL ST, ,Major Arterial,Intersection,At Intersection,No Control,Clear,Daylight,Dry,Non-Fatal Injury,Pedestrian Collisions,Pedestrian,45 to 49,Major,0,South, , , , ,Vehicle is going straight thru inter.while ped cross without ROW,Crossing without right of way,Medical or Physical Disability, , , ,1,0,0,1,0,0,0,0,0,0,0,0,0,0
5000804946,2015,5,14,15,38,3,43.68671377,-79.40506373,St. Paul's (22),22,Casa Loma (96),96,D53,Toronto East York,DUNVEGAN RD,ST CLAIR AVE W, ,Local,Mid-Block,Non Intersection,No Control,Clear,Daylight,Dry,Non-Fatal Injury,Cyclist Collisions,Driver,45 to 49,,0,South,"Automobile, Station Wagon",Turning Left,Improper Turn,Normal, , , , , , ,0,1,1,0,0,0,0,1,0,0,0,0,0,0
5000804946,2015,5,14,15,38,3,43.68671377,-79.40506373,St. Paul's (22),22,Casa Loma (96),96,D53,Toronto East York,DUNVEGAN RD,ST CLAIR AVE W, ,Local,Mid-Block,Non Intersection,No Control,Clear,Daylight,Dry,Non-Fatal Injury,Cyclist Collisions,Cyclist,20 to 24,Major,0,North,Bicycle,Going Ahead, , , , , ,Motorist turned left across cyclists path.,Driving Properly,Normal,0,1,1,0,0,0,0,1,0,0,0,0,0,0
5000804946,2015,5,14,15,38,3,43.68671377,-79.40506373,St. Paul's (22),22,Casa Loma (96),96,D53,Toronto East York,DUNVEGAN RD,ST CLAIR AVE W, ,Local,Mid-Block,Non Intersection,No Control,Clear,Daylight,Dry,Non-Fatal Injury,Cyclist Collisions,Passenger,0 to 4,,0, , , , , , , , , , , ,0,1,1,0,0,0,0,1,0,0,0,0,0,0
7000416403,2017,3,7,15,38,1,43.65205725,-79.47174464,Parkdale-High Park (13),13,High Park-Swansea (87),87,D11,Etobicoke York,BLOOR ST W,KENNEDY PARK RD,8.6 m East of,Major Arterial,Intersection,Intersection Related,No Control,Clear,Daylight,Dry,Fatal,Approaching,Driver,30 to 34,,0,West,"Automobile, Station Wagon",Overtaking,Improper Passing,Unknown, , , , , , ,0,0,1,0,0,0,0,1,0,1,0,0,0,1
7000416403,2017,3,7,15,38,1,43.65205725,-79.47174464,Parkdale-High Park (13),13,High Park-Swansea (87),87,D11,Etobicoke York,BLOOR ST W,KENNEDY PARK RD,8.6 m East of,Major Arterial,Intersection,Intersection Related,No Control,Clear,Daylight,Dry,Fatal,Approaching,Driver,80 to 84,,0,East,"Automobile, Station Wagon",Going Ahead,Driving Properly,Normal, , , , , , ,0,0,1,0,0,0,0,1,0,1,0,0,0,1
7000416403,2017,3,7,15,38,1,43.65205725,-79.47174464,Parkdale-High Park (13),13,High Park-Swansea (87),87,D11,Etobicoke York,BLOOR ST W,KENNEDY PARK RD,8.6 m East of,Major Arterial,Intersection,Intersection Related,No Control,Clear,Daylight,Dry,Fatal,Approaching,Passenger,35 to 39,Fatal,10, ,"Automobile, Station Wagon", , , , , , , , , ,0,0,1,0,0,0,0,1,0,1,0,0,0,1
7000416403,2017,3,7,15,38,1,43.65205725,-79.47174464,Parkdale-High Park (13),13,High Park-Swansea (87),87,D11,Etobicoke York,BLOOR ST W,KENNEDY PARK RD,8.6 m East of,Major Arterial,Intersection,Intersection Related,No Control,Clear,Daylight,Dry,Fatal,Approaching,Driver,20 to 24,,0,East,"Automobile, Station Wagon",Going Ahead,Driving Properly,Normal, , , , , , ,0,0,1,0,0,0,0,1,0,1,0,0,0,1
7000416403,2017,3,7,15,38,1,43.65205725,-79.47174464,Parkdale-High Park (13),13,High Park-Swansea (87),87,D11,Etobicoke York,BLOOR ST W,KENNEDY PARK RD,8.6 m East of,Major Arterial,Intersection,Intersection Related,No Control,Clear,Daylight,Dry,Fatal,Approaching,Passenger,35 to 39,,0, ,"Automobile, Station Wagon", , , , , , , , , ,0,0,1,0,0,0,0,1,0,1,0,0,0,1
7001621842,2017,9,7,15,38,3,43.73584738,-79.25201029,Scarborough Southwest (35),35,Kennedy Park (124),124,D41,Scarborough,EGLINTON AVE E,BIMBROK RD, ,Major Arterial,Intersection,Intersection Related,No Control,Clear,Daylight,Dry,Non-Fatal Injury,Turning Movement,Driver,30 to 34,Major,0,East,"Automobile, Station Wagon",Turning Left,Failed to Yield Right of Way,Normal, , , , , , ,0,0,1,0,1,0,0,1,0,1,0,0,0,0
7001621842,2017,9,7,15,38,3,43.73584738,-79.25201029,Scarborough Southwest (35),35,Kennedy Park (124),124,D41,Scarborough,EGLINTON AVE E,BIMBROK RD, ,Major Arterial,Intersection,Intersection Related,No Control,Clear,Daylight,Dry,Non-Fatal Injury,Turning Movement,Truck Driver,60 to 64,,0,West,"Truck - Closed (Blazer, etc)",Going Ahead,Driving Properly,Normal, , , , , , ,0,0,1,0,1,0,0,1,0,1,0,0,0,0