ACCNUM,YEAR,MONTH,DAY,HOUR,MINUTES,WEEKDAY,LATITUDE,LONGITUDE,Ward_Name,Ward_ID,Hood_Name,Hood_ID,Division,District,STREET1,STREET2,OFFSET,ROAD_CLASS,LOCCOORD,ACCLOC,TRAFFCTL,VISIBILITY,LIGHT,RDSFCOND,ACCLASS,IMPACTYPE,INVTYPE,INVAGE,INJURY,FATAL_NO,INITDIR,VEHTYPE,MANOEUVER,DRIVACT,DRIVCOND,PEDTYPE,PEDACT,PEDCOND,CYCLISTYPE,CYCACT,CYCCOND,PEDESTRIAN,CYCLIST,AUTOMOBILE,MOTORCYCLE,TRUCK,TRSN_CITY_VEH,EMERG_VEH,PASSENGER,SPEEDING,AG_DRIV,REDLIGHT,ALCOHOL,DISABILITY,label
7001621842,2017,9,7,15,38,3,43.73584738,-79.25201029,Scarborough Southwest (35),35,Kennedy Park (124),124,D41,Scarborough,EGLINTON AVE E,BIMBROK RD, ,Major Arterial,Intersection,Intersection Related,No Control,Clear,Daylight,Dry,Non-Fatal Injury,Turning Movement,Passenger,25 to 29,Major,0, , , , , , , , , , , ,0,0,1,0,1,0,0,1,0,1,0,0,0,0
980936,2007,4,13,15,39,4,43.66774538,-79.32329029,Beaches-East York (32),32,Greenwood-Coxwell (65),65,D55,Toronto East York,DUNDAS Stre E,HIGHFIELD Road, ,Minor Arterial,Intersection,At Intersection,No Control,Clear,Daylight,Dry,Non-Fatal Injury,Rear End,Driver,55 to 59,,0,East,"Automobile, Station Wagon",Stopped, , , , , , , , ,0,0,1,0,0,0,0,1,0,0,0,0,0,0
980936,2007,4,13,15,39,4,43.66774538,-79.32329029,Beaches-East York (32),32,Greenwood-Coxwell (65),65,D55,Toronto East York,DUNDAS Stre E,HIGHFIELD Road, ,Minor Arterial,Intersection,At Intersection,No Control,Clear,Daylight,Dry,Non-Fatal Injury,Rear End,Passenger,unknown,Minor,0, ,Other,Other, , , , , , , , ,0,0,1,0,0,0,0,1,0,0,0,0,0,0
980936,2007,4,13,15,39,4,43.66774538,-79.32329029,Beaches-East York (32),32,Greenwood-Coxwell (65),65,D55,Toronto East York,DUNDAS Stre E,HIGHFIELD Road, ,Minor Arterial,Intersection,At Intersection,No Control,Clear,Daylight,Dry,Non-Fatal Injury,Rear End,Vehicle Owner,unknown,,0, ,Other,Other, , , , , , , , ,0,0,1,0,0,0,0,1,0,0,0,0,0,0
980936,2007,4,13,15,39,4,43.66774538,-79.32329029,Beaches-East York (32),32,Greenwood-Coxwell (65),65,D55,Toronto East York,DUNDAS Stre E,HIGHFIELD Road, ,Minor Arterial,Intersection,At Intersection,No Control,Clear,Daylight,Dry,Non-Fatal Injury,Rear End,Driver,25 to 29,Major,0,East,"Automobile, Station Wagon",Going Ahead, , , , , , , , ,0,0,1,0,0,0,0,1,0,0,0,0,0,0
980936,2007,4,13,15,39,4,43.66774538,-79.32329029,Beaches-East York (32),32,Greenwood-Coxwell (65),65,D55,Toronto East York,DUNDAS Stre E,HIGHFIELD Road, ,Minor Arterial,Intersection,At Intersection,No Control,Clear,Daylight,Dry,Non-Fatal Injury,Rear End,Driver,45 to 49,Minor,0,East,"Automobile, Station Wagon",Stopped, , , , , , , , ,0,0,1,0,0,0,0,1,0,0,0,0,0,0
5001088565,2015,6,28,15,39,6,43.63642081,-79.44409571,Parkdale-High Park (14),14,South Parkdale (85),85,D14,Etobicoke York,1491 LAKE SHORE BLVD W, ,100 m West of,Major Arterial,Mid-Block,Non Intersection,No Control,Rain,Daylight,Wet,Non-Fatal Injury,SMV Other,Driver,20 to 24,Major,0,East,"Automobile, Station Wagon",Changing Lanes,Speed too Fast For Condition,Inattentive, , , , , , ,0,0,1,0,0,0,0,1,1,1,0,0,0,0
5001088565,2015,6,28,15,39,6,43.63642081,-79.44409571,Parkdale-High Park (14),14,South Parkdale (85),85,D14,Etobicoke York,1491 LAKE SHORE BLVD W, ,100 m West of,Major Arterial,Mid-Block,Non Intersection,No Control,Rain,Daylight,Wet,Non-Fatal Injury,SMV Other,Passenger,20 to 24,Minor,0, , , , , , , , , , , ,0,0,1,0,0,0,0,1,1,1,0,0,0,0
5001088565,2015,6,28,15,39,6,43.63642081,-79.44409571,Parkdale-High Park (14),14,South Parkdale (85),85,D14,Etobicoke York,1491 LAKE SHORE BLVD W, ,100 m West of,Major Arterial,Mid-Block,Non Intersection,No Control,Rain,Daylight,Wet,Non-Fatal Injury,SMV Other,Passenger,20 to 24,Minor,0, , , , , , , , , , , ,0,0,1,0,0,0,0,1,1,1,0,0,0,0
1318799,2012,8,27,15,58,0,43.68264538,-79.43689029,Davenport (17),17,Oakwood Village (107),107,D13,Etobicoke York,OAKWOOD AVE,CONWAY AVE, ,Minor Arterial,Intersection, ,Pedestrian Crossover,Clear,Daylight,Dry,Non-Fatal Injury,Pedestrian Collisions,Driver,40 to 44,,0,South,"Automobile, Station Wagon",Going Ahead,Disobeyed Traffic Control,Normal, , , , , , ,1,0,1,0,0,0,0,0,0,1,0,0,0,0
1015121,2008,1,4,15,40,4,43.75504538,-79.35029029,Don Valley East (34),34,Banbury-Don Mills (42),42,D33,North York,YORK MILLS RD,UPJOHN RD, ,Major Arterial,Mid-Block, ,No Control,Clear,Daylight,Dry,Non-Fatal Injury,Approaching,Driver,55 to 59,Minor,0,West,"Automobile, Station Wagon",Going Ahead,Lost control,Fatigue, , , , , , ,0,0,1,0,0,0,0,0,0,0,0,0,0,0
5000716436,2015,4,30,16,37,3,43.80713995,-79.26613245,Scarborough-Rouge River (41),41,Agincourt North (129),129,D42,Scarborough,2628 MCCOWAN RD, , ,Major Arterial,Mid-Block,Non Intersection,No Control,Clear,Daylight,Dry,Non-Fatal Injury,Approaching,Passenger,55 to 59,Major,0, , , , , , , , , , , ,0,0,1,0,0,0,0,1,0,0,0,0,0,0
1246125,2011,7,27,16,20,2,43.78764538,-79.38019029,Willowdale (24),24,Bayview Village (52),52,D33,North York,FINCH AVE E,PAGE AVE, ,Major Arterial,Mid-Block, ,No Control,Clear,Daylight,Dry,Non-Fatal Injury,Angle,Other Property Owner,unknown, ,0, ,Other, , , , , , , , , ,0,0,1,0,0,0,0,1,0,0,0,0,0,0
5000296206,2015,2,19,16,10,3,43.64646109,-79.40375147,Trinity-Spadina (20),20,Waterfront Communities-The Island (77),77,D14,Toronto East York,BATHURST ST,RICHMOND ST W, ,Major Arterial,Intersection,At Intersection,Traffic Signal,Clear,Daylight,Dry,Non-Fatal Injury,Pedestrian Collisions,Driver,35 to 39,,0,West,"Automobile, Station Wagon",Turning Left,Improper Turn,Inattentive, , , , , , ,1,0,1,0,0,0,0,0,0,0,0,0,0,0
987506,2007,9,1,16,5,5,43.83654538,-79.25119029,Scarborough-Rouge River (41),41,Milliken (130),130,D42,Scarborough,STEELES Aven E,MARKHAM Road, ,Major Arterial,Intersection,At Intersection,Traffic Signal,Clear,Daylight,Dry,Non-Fatal Injury,Angle,Passenger,45 to 49,,0, ,Other, , , , , , , , , ,0,0,1,0,0,0,0,1,1,1,1,0,0,0
1015121,2008,1,4,15,40,4,43.75504538,-79.35029029,Don Valley East (34),34,Banbury-Don Mills (42),42,D33,North York,YORK MILLS RD,UPJOHN RD, ,Major Arterial,Mid-Block, ,No Control,Clear,Daylight,Dry,Non-Fatal Injury,Approaching,Driver,15 to 19,Major,0,East,"Automobile, Station Wagon",Going Ahead,Driving Properly,Normal, , , , , , ,0,0,1,0,0,0,0,0,0,0,0,0,0,0
1047294,2008,6,17,15,40,1,43.63084538,-79.48189029,Etobicoke-Lakeshore (5),5,Stonegate-Queensway (16),16,D22,Etobicoke York,130 THE QUEENSWAY, , ,Major Arterial,Mid-Block,At Intersection,No Control,Clear,Daylight,Dry,Non-Fatal Injury,Pedestrian Collisions,Vehicle Owner,unknown, ,0, ,Other, , , , , , , , , ,1,0,1,0,0,0,0,0,0,0,0,0,0,0
1047294,2008,6,17,15,40,1,43.63084538,-79.48189029,Etobicoke-Lakeshore (5),5,Stonegate-Queensway (16),16,D22,Etobicoke York,130 THE QUEENSWAY, , ,Major Arterial,Mid-Block,At Intersection,No Control,Clear,Daylight,Dry,Non-Fatal Injury,Pedestrian Collisions,Driver,45 to 49,,0,West,"Automobile, Station Wagon",Going Ahead,Driving Properly,Normal, , , , , , ,1,0,1,0,0,0,0,0,0,0,0,0,0,0
1047294,2008,6,17,15,40,1,43.63084538,-79.48189029,Etobicoke-Lakeshore (5),5,Stonegate-Queensway (16),16,D22,Etobicoke York,130 THE QUEENSWAY, , ,Major Arterial,Mid-Block,At Intersection,No Control,Clear,Daylight,Dry,Non-Fatal Injury,Pedestrian Collisions,Pedestrian,75 to 79,Major,0,South,Other, , , ,Pedestrian hit at mid-block,"Crossing, no Traffic Control",Normal, , , ,1,0,1,0,0,0,0,0,0,0,0,0,0,0
1056442,2008,8,3,15,40,6,43.63554538,-79.51369029,Etobicoke-Lakeshore (5),5,Stonegate-Queensway (16),16,D22,Etobicoke York,68 NORSEMAN ST, , ,Collector,Mid-Block, ,No Control,Clear,Daylight,Dry,Non-Fatal Injury,Cyclist Collisions,Cyclist,20 to 24,Major,0,West,Bicycle,Going Ahead, , , , , ,Cyclist strikes a parked vehicle.,Other,Inattentive,0,1,0,0,0,0,0,0,0,0,0,0,0,0
1056442,2008,8,3,15,40,6,43.63554538,-79.51369029,Etobicoke-Lakeshore (5),5,Stonegate-Queensway (16),16,D22,Etobicoke York,68 NORSEMAN ST, , ,Collector,Mid-Block, ,No Control,Clear,Daylight,Dry,Non-Fatal Injury,Cyclist Collisions,Other,unknown,,0, ,Other,Parked, , , , , , , , ,0,1,0,0,0,0,0,0,0,0,0,0,0,0
1103726,2009,4,15,15,40,2,43.70254538,-79.57299029,Etobicoke North (2),2,West Humber-Clairville (1),1,D23,Etobicoke York,BELFIELD RD,MCCULLOCH AVE, ,Minor Arterial,Intersection, ,No Control,Clear,Daylight,Dry,Non-Fatal Injury,SMV Other,Driver,60 to 64,Major,0,West,"Automobile, Station Wagon",Going Ahead,Lost control,Medical or Physical Disability, , , , , , ,0,0,1,0,0,0,0,0,0,0,0,0,1,0
1106309,2009,4,30,15,40,3,43.70794538,-79.25189029,Scarborough Southwest (36),36,Birchcliffe-Cliffside (122),122,D41,Scarborough,MCINTOSH ST,NATAL AVE, ,Local,Intersection,At Intersection,Stop Sign,Clear,Daylight,Dry,Non-Fatal Injury,Cyclist Collisions,Driver,15 to 19,,0,West,"Automobile, Station Wagon",Going Ahead,Exceeding Speed Limit,Normal, , , , , , ,0,1,1,0,0,0,0,0,1,1,0,0,0,0
1106309,2009,4,30,15,40,3,43.70794538,-79.25189029,Scarborough Southwest (36),36,Birchcliffe-Cliffside (122),122,D41,Scarborough,MCINTOSH ST,NATAL AVE, ,Local,Intersection,At Intersection,Stop Sign,Clear,Daylight,Dry,Non-Fatal Injury,Cyclist Collisions,Cyclist,20 to 24,Major,0,South,Bicycle,Turning Left, , , , , ,"Motorist without ROW drives into path of cyclist at inter, lnwy, dwy-Driver not turn.",Driving Properly,Normal,0,1,1,0,0,0,0,0,1,1,0,0,0,0
1103903,2009,5,12,15,40,1,43.80704538,-79.28879029,Scarborough-Rouge River (41),41,Agincourt North (129),129,D42,Scarborough,MIDLAND AVE,SOUTH SHIELDS AVE, ,Minor Arterial,Intersection,At Intersection,Traffic Signal,Clear,Daylight,Dry,Non-Fatal Injury,Pedestrian Collisions,Pedestrian,20 to 24,Major,0,North,Other,Other, , ,Vehicle turns left while ped crosses with ROW at inter.,Crossing with right of way,Normal, , , ,1,0,1,0,0,0,0,0,0,1,0,0,0,0
1108724,2009,6,10,15,46,2,43.69984538,-79.43099029,St. Paul's (21),21,Forest Hill North (102),102,D13,Toronto East York,EGLINTON AVE W,OLD PARK RD, ,Major Arterial,Intersection, ,Traffic Signal,Clear,Daylight,Dry,Non-Fatal Injury,Pedestrian Collisions,Driver,50 to 54,,0,West,"Automobile, Station Wagon",Going Ahead,Driving Properly,Normal, , , , , , ,1,0,1,0,0,0,0,0,0,0,0,0,0,0
973640,2007,6,6,16,45,2,43.65594538,-79.38639029,Toronto Centre-Rosedale (27),27,Bay Street Corridor (76),76,D52,Toronto East York,CHESTNUT ST,EDWARD ST, ,Collector,Intersection,At Intersection,No Control,Clear,Daylight,Dry,Non-Fatal Injury,Pedestrian Collisions,Pedestrian,40 to 44,Major,0,East,Other, , , ,Pedestrian involved in a collision with transit vehicle anywhere along roadway,Crossing with right of way,Unknown, , , ,1,0,0,0,0,1,0,0,0,1,0,0,0,0
1103903,2009,5,12,15,40,1,43.80704538,-79.28879029,Scarborough-Rouge River (41),41,Agincourt North (129),129,D42,Scarborough,MIDLAND AVE,SOUTH SHIELDS AVE, ,Minor Arterial,Intersection,At Intersection,Traffic Signal,Clear,Daylight,Dry,Non-Fatal Injury,Pedestrian Collisions,Driver,60 to 64,,0,South,"Automobile, Station Wagon",Turning Left,Failed to Yield Right of Way,Inattentive, , , , , , ,1,0,1,0,0,0,0,0,0,1,0,0,0,0
1123411,2009,8,7,15,40,4,43.75534538,-79.44159029,York Centre (10),10,Bathurst Manor (34),34,D32,North York,HOVE ST,SHEPPARD AVE W, ,Local,Mid-Block, ,No Control,Clear,Daylight,Dry,Non-Fatal Injury,Pedestrian Collisions,Driver,80 to 84,,0,East,"Automobile, Station Wagon",Turning Right,Failed to Yield Right of Way,Normal, , , , , , ,1,0,1,0,0,0,0,0,0,1,0,0,0,0
1123411,2009,8,7,15,40,4,43.75534538,-79.44159029,York Centre (10),10,Bathurst Manor (34),34,D32,North York,HOVE ST,SHEPPARD AVE W, ,Local,Mid-Block, ,No Control,Clear,Daylight,Dry,Non-Fatal Injury,Pedestrian Collisions,Pedestrian,60 to 64,Major,0, ,Other, , , ,Pedestrian hit at mid-block,"Crossing, no Traffic Control",Unknown, , , ,1,0,1,0,0,0,0,0,0,1,0,0,0,0
1216368,2010,12,20,15,40,0,43.76184538,-79.31699029,Scarborough-Agincourt (40),40,Wexford/Maryvale (119),119,D41,Scarborough,VICTORIA PARK AVE,PACHINO BLVD, ,Major Arterial,Intersection, ,No Control,Clear,Daylight,Wet,Non-Fatal Injury,Pedestrian Collisions,Driver,45 to 49,,0,North,"Automobile, Station Wagon",Going Ahead,Driving Properly,Normal, , , , , , ,1,0,1,0,0,0,0,0,0,0,0,0,0,0
1216368,2010,12,20,15,40,0,43.76184538,-79.31699029,Scarborough-Agincourt (40),40,Wexford/Maryvale (119),119,D41,Scarborough,VICTORIA PARK AVE,PACHINO BLVD, ,Major Arterial,Intersection, ,No Control,Clear,Daylight,Wet,Non-Fatal Injury,Pedestrian Collisions,Pedestrian,45 to 49,Major,0,West,Other, , , ,Pedestrian hit at mid-block,Running onto Roadway,Medical or Physical Disability, , , ,1,0,1,0,0,0,0,0,0,0,0,0,0,0
1252379,2011,9,1,15,40,3,43.80054538,-79.28489029,Scarborough-Rouge River (41),41,Agincourt North (129),129,D42,Scarborough,MIDLAND AVE,BAYLAWN DR, ,Major Arterial,Mid-Block, ,No Control,Clear,Daylight,Dry,Fatal,SMV Other,Vehicle Owner,unknown, ,0, ,Other, , , , , , , , , ,0,0,1,0,0,0,0,0,1,1,0,0,0,1
1252379,2011,9,1,15,40,3,43.80054538,-79.28489029,Scarborough-Rouge River (41),41,Agincourt North (129),129,D42,Scarborough,MIDLAND AVE,BAYLAWN DR, ,Major Arterial,Mid-Block, ,No Control,Clear,Daylight,Dry,Fatal,SMV Other,Driver,35 to 39,Fatal,23,South,"Automobile, Station Wagon",Going Ahead,Lost control,Unknown, , , , , , ,0,0,1,0,0,0,0,0,1,1,0,0,0,1
1365020,2013,5,21,15,40,1,43.67004538,-79.42899029,Trinity-Spadina (19),19,Dovercourt-Wallace Emerson-Junction (93),93,D14,Toronto East York,OSSINGTON Ave,DUPONT St, ,Minor Arterial,Intersection,At Intersection,Traffic Signal,Clear,Daylight,Dry,Non-Fatal Injury,Turning Movement,Driver,20 to 24,,0,South,Other,Going Ahead,Exceeding Speed Limit,Unknown, , , , , , ,0,0,1,0,0,0,0,1,1,1,0,0,0,0
1365020,2013,5,21,15,40,1,43.67004538,-79.42899029,Trinity-Spadina (19),19,Dovercourt-Wallace Emerson-Junction (93),93,D14,Toronto East York,OSSINGTON Ave,DUPONT St, ,Minor Arterial,Intersection,At Intersection,Traffic Signal,Clear,Daylight,Dry,Non-Fatal Injury,Turning Movement,Passenger,45 to 49,Major,0, ,Other, , , , , , , , , ,0,0,1,0,0,0,0,1,1,1,0,0,0,0
1365020,2013,5,21,15,40,1,43.67004538,-79.42899029,Trinity-Spadina (19),19,Dovercourt-Wallace Emerson-Junction (93),93,D14,Toronto East York,OSSINGTON Ave,DUPONT St, ,Minor Arterial,Intersection,At Intersection,Traffic Signal,Clear,Daylight,Dry,Non-Fatal Injury,Turning Movement,Vehicle Owner,unknown, ,0, ,Other, , , , , , , , , ,0,0,1,0,0,0,0,1,1,1,0,0,0,0
1365020,2013,5,21,15,40,1,43.67004538,-79.42899029,Trinity-Spadina (19),19,Dovercourt-Wallace Emerson-Junction (93),93,D14,Toronto East York,OSSINGTON Ave,DUPONT St, ,Minor Arterial,Intersection,At Intersection,Traffic Signal,Clear,Daylight,Dry,Non-Fatal Injury,Turning Movement,Driver,35 to 39,,0,North,"Automobile, Station Wagon",Turning Left,Driving Properly,Normal, , , , , , ,0,0,1,0,0,0,0,1,1,1,0,0,0,0
4001438202,2014,1,30,15,40,3,43.77033194,-79.50083552,York West (8),8,York University Heights (27),27,D31,North York,THE POND RD,ATKINSON RD,7 m West of,Local, ,At/Near Private Drive,Stop Sign,Clear,Daylight,Wet,Non-Fatal Injury,SMV Other,Driver,40 to 44,Major,0,North,"Automobile, Station Wagon",Turning Left,Lost control,Medical or Physical Disability, , , , , , ,0,0,1,0,0,0,0,0,0,0,0,0,1,0
5000630061,2015,4,16,15,40,3,43.64555701,-79.36981592,Toronto Centre-Rosedale (28),28,Waterfront Communities-The Island (77),77,D51,Toronto East York,LAKE SHORE BLVD E,LOWER JARVIS ST, ,Major Arterial,Intersection,At Intersection,Traffic Signal,Clear,Daylight,Dry,Non-Fatal Injury,Turning Movement,Driver,85 to 89,,0,West,"Automobile, Station Wagon",Turning Left,Failed to Yield Right of Way,Inattentive, , , , , , ,0,0,1,0,0,0,0,0,0,1,0,0,0,0
5000630061,2015,4,16,15,40,3,43.64555701,-79.36981592,Toronto Centre-Rosedale (28),28,Waterfront Communities-The Island (77),77,D51,Toronto East York,LAKE SHORE BLVD E,LOWER JARVIS ST, ,Major Arterial,Intersection,At Intersection,Traffic Signal,Clear,Daylight,Dry,Non-Fatal Injury,Turning Movement,Driver,30 to 34,Major,0,East,"Automobile, Station Wagon",Going Ahead,Driving Properly,Normal, , , , , , ,0,0,1,0,0,0,0,0,0,1,0,0,0,0
7000963426,2017,5,31,15,40,2,43.7878414,-79.18322382,Scarborough East (44),44,Highland Creek (134),134,D43,Scarborough,ELLESMERE RD,CONLINS RD, ,Minor Arterial,Intersection,Intersection Related,Traffic Signal,Clear,Daylight,Dry,Non-Fatal Injury,Cyclist Collisions,Cyclist,15 to 19,Major,0,North,Bicycle,Going Ahead, , , , , ,"Cyclist without ROW rides into path of motorist at inter, lnwy, dwy-Cyclist not turn.",Disobeyed Traffic Control,Normal,0,1,1,0,0,0,0,0,0,0,0,0,0,0
7000963426,2017,5,31,15,40,2,43.7878414,-79.18322382,Scarborough East (44),44,Highland Creek (134),134,D43,Scarborough,ELLESMERE RD,CONLINS RD, ,Minor Arterial,Intersection,Intersection Related,Traffic Signal,Clear,Daylight,Dry,Non-Fatal Injury,Cyclist Collisions,Driver,35 to 39,,0,West,"Automobile, Station Wagon",Going Ahead,Driving Properly,Unknown, , , , , , ,0,1,1,0,0,0,0,0,0,0,0,0,0,0
7001349582,2017,7,27,15,40,3,43.65266038,-79.37819329,Toronto Centre-Rosedale (28),28,Church-Yonge Corridor (75),75,D51,Toronto East York,QUEEN ST W,YONGE ST,11 m West of,Major Arterial,Intersection,At Intersection,Traffic Signal,Clear,Daylight,Dry,Non-Fatal Injury,SMV Other,Driver,40 to 44,,0,East,Municipal Transit Bus (TTC),Pulling Away from Shoulder or Curb,Driving Properly,Normal, , , , , , ,0,0,0,0,0,1,0,1,0,0,0,0,0,0
7001349582,2017,7,27,15,40,3,43.65266038,-79.37819329,Toronto Centre-Rosedale (28),28,Church-Yonge Corridor (75),75,D51,Toronto East York,QUEEN ST W,YONGE ST,11 m West of,Major Arterial,Intersection,At Intersection,Traffic Signal,Clear,Daylight,Dry,Non-Fatal Injury,SMV Other,Passenger,65 to 69,Major,0, , , , , , , , , , , ,0,0,0,0,0,1,0,1,0,0,0,0,0,0
1156513,2010,1,28,15,41,3,43.69314538,-79.30009029,Beaches-East York (31),31,Taylor-Massey (61),61,D54,Toronto East York,SECORD AVE,EASTDALE AVE, ,Local,Intersection, ,No Control,Clear,Daylight,Dry,Non-Fatal Injury,Pedestrian Collisions,Driver,20 to 24,,0,West,"Automobile, Station Wagon",Going Ahead,Driving Properly,Normal, , , , , , ,1,0,1,0,0,0,0,0,0,0,0,0,0,0
1156513,2010,1,28,15,41,3,43.69314538,-79.30009029,Beaches-East York (31),31,Taylor-Massey (61),61,D54,Toronto East York,SECORD AVE,EASTDALE AVE, ,Local,Intersection, ,No Control,Clear,Daylight,Dry,Non-Fatal Injury,Pedestrian Collisions,Pedestrian,50 to 54,Major,0,North,Other, , , ,Vehicle is going straight thru inter.while ped cross without ROW,"Crossing, no Traffic Control",Inattentive, , , ,1,0,1,0,0,0,0,0,0,0,0,0,0,0
1178593,2010,5,31,15,41,0,43.64734538,-79.51139029,Etobicoke-Lakeshore (5),5,Stonegate-Queensway (16),16,D22,Etobicoke York,BLOOR ST W,ROYAL YORK RD, ,Major Arterial,Intersection,At Intersection,Traffic Signal,Clear,Daylight,Dry,Non-Fatal Injury,Rear End,Vehicle Owner,unknown, ,0, ,Other, , , , , , , , , ,0,0,1,0,0,0,0,0,0,0,0,0,0,0
1178593,2010,5,31,15,41,0,43.64734538,-79.51139029,Etobicoke-Lakeshore (5),5,Stonegate-Queensway (16),16,D22,Etobicoke York,BLOOR ST W,ROYAL YORK RD, ,Major Arterial,Intersection,At Intersection,Traffic Signal,Clear,Daylight,Dry,Non-Fatal Injury,Rear End,Driver,40 to 44,,0,East,"Automobile, Station Wagon",Going Ahead,Driving Properly,Normal, , , , , , ,0,0,1,0,0,0,0,0,0,0,0,0,0,0
1178593,2010,5,31,15,41,0,43.64734538,-79.51139029,Etobicoke-Lakeshore (5),5,Stonegate-Queensway (16),16,D22,Etobicoke York,BLOOR ST W,ROYAL YORK RD, ,Major Arterial,Intersection,At Intersection,Traffic Signal,Clear,Daylight,Dry,Non-Fatal Injury,Rear End,Vehicle Owner,unknown, ,0, ,Other, , , , , , , , , ,0,0,1,0,0,0,0,0,0,0,0,0,0,0
1178593,2010,5,31,15,41,0,43.64734538,-79.51139029,Etobicoke-Lakeshore (5),5,Stonegate-Queensway (16),16,D22,Etobicoke York,BLOOR ST W,ROYAL YORK RD, ,Major Arterial,Intersection,At Intersection,Traffic Signal,Clear,Daylight,Dry,Non-Fatal Injury,Rear End,Driver,35 to 39,Major,0,East,"Automobile, Station Wagon",Going Ahead,Lost control,Normal, , , , , , ,0,0,1,0,0,0,0,0,0,0,0,0,0,0
1178593,2010,5,31,15,41,0,43.64734538,-79.51139029,Etobicoke-Lakeshore (5),5,Stonegate-Queensway (16),16,D22,Etobicoke York,BLOOR ST W,ROYAL YORK RD, ,Major Arterial,Intersection,At Intersection,Traffic Signal,Clear,Daylight,Dry,Non-Fatal Injury,Rear End,Vehicle Owner,unknown, ,0, ,Other, , , , , , , , , ,0,0,1,0,0,0,0,0,0,0,0,0,0,0
1178593,2010,5,31,15,41,0,43.64734538,-79.51139029,Etobicoke-Lakeshore (5),5,Stonegate-Queensway (16),16,D22,Etobicoke York,BLOOR ST W,ROYAL YORK RD, ,Major Arterial,Intersection,At Intersection,Traffic Signal,Clear,Daylight,Dry,Non-Fatal Injury,Rear End,Driver,40 to 44,,0,East,"Automobile, Station Wagon",Going Ahead,Driving Properly,Normal, , , , , , ,0,0,1,0,0,0,0,0,0,0,0,0,0,0
1118326,2009,6,29,15,42,0,43.64854538,-79.39739029,Trinity-Spadina (20),20,Kensington-Chinatown (78),78,D14,Toronto East York,QUEEN ST W,CAMERON ST, ,Major Arterial,Intersection, ,No Control,Clear,Daylight,Wet,Non-Fatal Injury,Angle,Motorcycle Driver,50 to 54,Major,0,West,Motorcycle,Going Ahead,Driving Properly,Normal, , , , , , ,0,0,1,1,0,0,0,0,0,0,0,0,0,0
1118326,2009,6,29,15,42,0,43.64854538,-79.39739029,Trinity-Spadina (20),20,Kensington-Chinatown (78),78,D14,Toronto East York,QUEEN ST W,CAMERON ST, ,Major Arterial,Intersection, ,No Control,Clear,Daylight,Wet,Non-Fatal Injury,Angle,Vehicle Owner,unknown, ,0, ,Other, , , , , , , , , ,0,0,1,1,0,0,0,0,0,0,0,0,0,0
1118326,2009,6,29,15,42,0,43.64854538,-79.39739029,Trinity-Spadina (20),20,Kensington-Chinatown (78),78,D14,Toronto East York,QUEEN ST W,CAMERON ST, ,Major Arterial,Intersection, ,No Control,Clear,Daylight,Wet,Non-Fatal Injury,Angle,Driver,50 to 54,,0,East,"Automobile, Station Wagon",Reversing,Other,Normal, , , , , , ,0,0,1,1,0,0,0,0,0,0,0,0,0,0
1175797,2010,4,27,15,42,1,43.66204538,-79.33589029,Toronto-Danforth (30),30,South Riverdale (70),70,D55,Toronto East York,QUEEN St E,BROOKLYN Ave, ,Minor Arterial,Intersection, ,No Control,Clear,Daylight,Dry,Non-Fatal Injury,Cyclist Collisions,Cyclist,25 to 29,Major,0,East,Bicycle,Going Ahead, , , , , ,Cyclist and Driver travelling in same direction. One vehicle sideswipes the other.,Driving Properly,Normal,0,1,1,0,0,0,0,0,0,0,0,0,0,0
1175797,2010,4,27,15,42,1,43.66204538,-79.33589029,Toronto-Danforth (30),30,South Riverdale (70),70,D55,Toronto East York,QUEEN St E,BROOKLYN Ave, ,Minor Arterial,Intersection, ,No Control,Clear,Daylight,Dry,Non-Fatal Injury,Cyclist Collisions,Vehicle Owner,unknown, ,0, ,Other, , , , , , , , , ,0,1,1,0,0,0,0,0,0,0,0,0,0,0
1175797,2010,4,27,15,42,1,43.66204538,-79.33589029,Toronto-Danforth (30),30,South Riverdale (70),70,D55,Toronto East York,QUEEN St E,BROOKLYN Ave, ,Minor Arterial,Intersection, ,No Control,Clear,Daylight,Dry,Non-Fatal Injury,Cyclist Collisions,Driver,50 to 54,,0,East,"Automobile, Station Wagon",Going Ahead,Driving Properly,Normal, , , , , , ,0,1,1,0,0,0,0,0,0,0,0,0,0,0
1203855,2010,11,22,15,42,0,43.70504538,-79.34989029,Don Valley West (26),26,Thorncliffe Park (55),55,D53,North York,THORNCLIFFE PARK DR,OVERLEA BLVD, ,Major Arterial,Intersection,At Intersection,Traffic Signal,Rain,Daylight,Wet,Non-Fatal Injury,Pedestrian Collisions,Driver,25 to 29,,0,North,"Automobile, Station Wagon",Turning Left,Failed to Yield Right of Way,Normal, , , , , , ,1,0,1,0,0,0,0,0,0,1,0,0,0,0
1203855,2010,11,22,15,42,0,43.70504538,-79.34989029,Don Valley West (26),26,Thorncliffe Park (55),55,D53,North York,THORNCLIFFE PARK DR,OVERLEA BLVD, ,Major Arterial,Intersection,At Intersection,Traffic Signal,Rain,Daylight,Wet,Non-Fatal Injury,Pedestrian Collisions,Pedestrian,65 to 69,Major,0,North,Other, , , ,Vehicle turns left while ped crosses with ROW at inter.,Crossing with right of way,Normal, , , ,1,0,1,0,0,0,0,0,0,1,0,0,0,0