ACCNUM,YEAR,MONTH,DAY,HOUR,MINUTES,WEEKDAY,LATITUDE,LONGITUDE,Ward_Name,Ward_ID,Hood_Name,Hood_ID,Division,District,STREET1,STREET2,OFFSET,ROAD_CLASS,LOCCOORD,ACCLOC,TRAFFCTL,VISIBILITY,LIGHT,RDSFCOND,ACCLASS,IMPACTYPE,INVTYPE,INVAGE,INJURY,FATAL_NO,INITDIR,VEHTYPE,MANOEUVER,DRIVACT,DRIVCOND,PEDTYPE,PEDACT,PEDCOND,CYCLISTYPE,CYCACT,CYCCOND,PEDESTRIAN,CYCLIST,AUTOMOBILE,MOTORCYCLE,TRUCK,TRSN_CITY_VEH,EMERG_VEH,PASSENGER,SPEEDING,AG_DRIV,REDLIGHT,ALCOHOL,DISABILITY,label
1288937,2012,2,12,15,42,6,43.80574538,-79.27739029,Scarborough-Rouge River (41),41,Agincourt North (129),129,D42,Scarborough,FINCH AVE E,BRIMLEY RD, ,Major Arterial,Intersection,At Intersection,Traffic Signal,Clear,Daylight,Dry,Non-Fatal Injury,Pedestrian Collisions,Driver,50 to 54,,0,South,"Automobile, Station Wagon",Turning Left,Failed to Yield Right of Way,Inattentive, , , , , , ,1,0,1,0,0,0,0,0,0,1,0,0,0,0
1288937,2012,2,12,15,42,6,43.80574538,-79.27739029,Scarborough-Rouge River (41),41,Agincourt North (129),129,D42,Scarborough,FINCH AVE E,BRIMLEY RD, ,Major Arterial,Intersection,At Intersection,Traffic Signal,Clear,Daylight,Dry,Non-Fatal Injury,Pedestrian Collisions,Pedestrian,50 to 54,Major,0,North,Other, , , ,Vehicle turns left while ped crosses with ROW at inter.,Crossing with right of way,Normal, , , ,1,0,1,0,0,0,0,0,0,1,0,0,0,0
1306825,2012,6,19,15,42,1,43.67024538,-79.37039029,Toronto Centre-Rosedale (28),28,Cabbagetown-South St.James Town (71),71,D51,Toronto East York,PARLIAMENT ST,ST JAMES AVE, ,Minor Arterial,Intersection,At Intersection,No Control,Clear,Daylight,Dry,Non-Fatal Injury,Rear End,Driver,20 to 24,,0,South,"Automobile, Station Wagon",Stopped,Driving Properly,Normal, , , , , , ,0,0,1,0,0,0,0,0,0,1,0,0,0,0
1306825,2012,6,19,15,42,1,43.67024538,-79.37039029,Toronto Centre-Rosedale (28),28,Cabbagetown-South St.James Town (71),71,D51,Toronto East York,PARLIAMENT ST,ST JAMES AVE, ,Minor Arterial,Intersection,At Intersection,No Control,Clear,Daylight,Dry,Non-Fatal Injury,Rear End,Driver,65 to 69,,0,South,"Automobile, Station Wagon",Stopped,Driving Properly,Normal, , , , , , ,0,0,1,0,0,0,0,0,0,1,0,0,0,0
1306825,2012,6,19,15,42,1,43.67024538,-79.37039029,Toronto Centre-Rosedale (28),28,Cabbagetown-South St.James Town (71),71,D51,Toronto East York,PARLIAMENT ST,ST JAMES AVE, ,Minor Arterial,Intersection,At Intersection,No Control,Clear,Daylight,Dry,Non-Fatal Injury,Rear End,Vehicle Owner,unknown, ,0, ,Other, , , , , , , , , ,0,0,1,0,0,0,0,0,0,1,0,0,0,0
1306825,2012,6,19,15,42,1,43.67024538,-79.37039029,Toronto Centre-Rosedale (28),28,Cabbagetown-South St.James Town (71),71,D51,Toronto East York,PARLIAMENT ST,ST JAMES AVE, ,Minor Arterial,Intersection,At Intersection,No Control,Clear,Daylight,Dry,Non-Fatal Injury,Rear End,Driver,25 to 29,Major,0,South,"Automobile, Station Wagon",Slowing or Stopping,Following too Close,Normal, , , , , , ,0,0,1,0,0,0,0,0,0,1,0,0,0,0
1353471,2013,4,27,15,42,5,43.75704538,-79.19929029,Scarborough East (43),43,West Hill (136),136,D43,Scarborough,KINGSTON RD,CELESTE DR, ,Major Arterial,Intersection,At Intersection,Traffic Signal,Clear,Daylight,Dry,Non-Fatal Injury,Pedestrian Collisions,Vehicle Owner,unknown, ,0, ,Other, , , , , , , , , ,1,0,1,0,0,0,0,0,0,1,1,0,0,0
1353471,2013,4,27,15,42,5,43.75704538,-79.19929029,Scarborough East (43),43,West Hill (136),136,D43,Scarborough,KINGSTON RD,CELESTE DR, ,Major Arterial,Intersection,At Intersection,Traffic Signal,Clear,Daylight,Dry,Non-Fatal Injury,Pedestrian Collisions,Driver,15 to 19,,0,East,"Automobile, Station Wagon",Turning Left,Improper Turn,Inattentive, , , , , , ,1,0,1,0,0,0,0,0,0,1,1,0,0,0
1353471,2013,4,27,15,42,5,43.75704538,-79.19929029,Scarborough East (43),43,West Hill (136),136,D43,Scarborough,KINGSTON RD,CELESTE DR, ,Major Arterial,Intersection,At Intersection,Traffic Signal,Clear,Daylight,Dry,Non-Fatal Injury,Pedestrian Collisions,Driver,20 to 24,,0,West,"Automobile, Station Wagon",Going Ahead,Disobeyed Traffic Control,Inattentive, , , , , , ,1,0,1,0,0,0,0,0,0,1,1,0,0,0
1353471,2013,4,27,15,42,5,43.75704538,-79.19929029,Scarborough East (43),43,West Hill (136),136,D43,Scarborough,KINGSTON RD,CELESTE DR, ,Major Arterial,Intersection,At Intersection,Traffic Signal,Clear,Daylight,Dry,Non-Fatal Injury,Pedestrian Collisions,Other,unknown,,0, ,Other, , , , , , , , , ,1,0,1,0,0,0,0,0,0,1,1,0,0,0
1353471,2013,4,27,15,42,5,43.75704538,-79.19929029,Scarborough East (43),43,West Hill (136),136,D43,Scarborough,KINGSTON RD,CELESTE DR, ,Major Arterial,Intersection,At Intersection,Traffic Signal,Clear,Daylight,Dry,Non-Fatal Injury,Pedestrian Collisions,Pedestrian,70 to 74,Major,0,Unknown,Other, , , ,Pedestrian hit on sidewalk or shoulder,On Sidewalk or Shoulder,Normal, , , ,1,0,1,0,0,0,0,0,0,1,1,0,0,0
4002954632,2014,9,21,15,42,6,43.75266989,-79.25905999999999,Scarborough Centre (37),37,Bendale (127),127,D41,Scarborough,2715 LAWRENCE AVE E, ,50 m West of,Major Arterial,Mid-Block,At/Near Private Drive,No Control,Clear,Daylight,Dry,Non-Fatal Injury,Turning Movement,Motorcycle Driver,35 to 39,Major,0,South,Motorcycle,Going Ahead,Exceeding Speed Limit,Normal, , , , , , ,0,0,1,1,0,0,0,0,1,1,0,0,0,0
4002954632,2014,9,21,15,42,6,43.75266989,-79.25905999999999,Scarborough Centre (37),37,Bendale (127),127,D41,Scarborough,2715 LAWRENCE AVE E, ,50 m West of,Major Arterial,Mid-Block,At/Near Private Drive,No Control,Clear,Daylight,Dry,Non-Fatal Injury,Turning Movement,Driver,60 to 64,,0,West,"Automobile, Station Wagon",Turning Left,Driving Properly,Normal, , , , , , ,0,0,1,1,0,0,0,0,1,1,0,0,0,0
1144896,2009,11,26,15,43,3,43.80194538,-79.31369029,Scarborough-Agincourt (39),39,L'Amoreaux (117),117,D42,Scarborough,BROOKMILL BLVD,LA PEER BLVD, ,Collector,Intersection, ,Stop Sign,Clear,Daylight,Dry,Non-Fatal Injury,Turning Movement,Passenger,5 to 9,Major,0, ,Other, , , , , , , , , ,0,0,1,0,0,0,0,1,0,1,0,0,0,0
1144896,2009,11,26,15,43,3,43.80194538,-79.31369029,Scarborough-Agincourt (39),39,L'Amoreaux (117),117,D42,Scarborough,BROOKMILL BLVD,LA PEER BLVD, ,Collector,Intersection, ,Stop Sign,Clear,Daylight,Dry,Non-Fatal Injury,Turning Movement,Vehicle Owner,unknown, ,0, ,Other, , , , , , , , , ,0,0,1,0,0,0,0,1,0,1,0,0,0,0
1144896,2009,11,26,15,43,3,43.80194538,-79.31369029,Scarborough-Agincourt (39),39,L'Amoreaux (117),117,D42,Scarborough,BROOKMILL BLVD,LA PEER BLVD, ,Collector,Intersection, ,Stop Sign,Clear,Daylight,Dry,Non-Fatal Injury,Turning Movement,Driver,40 to 44,Major,0,East,"Automobile, Station Wagon",Making U Turn,Improper Turn,Normal, , , , , , ,0,0,1,0,0,0,0,1,0,1,0,0,0,0
1144896,2009,11,26,15,43,3,43.80194538,-79.31369029,Scarborough-Agincourt (39),39,L'Amoreaux (117),117,D42,Scarborough,BROOKMILL BLVD,LA PEER BLVD, ,Collector,Intersection, ,Stop Sign,Clear,Daylight,Dry,Non-Fatal Injury,Turning Movement,Driver,35 to 39,Major,0,East,"Automobile, Station Wagon",Going Ahead,Following too Close,Normal, , , , , , ,0,0,1,0,0,0,0,1,0,1,0,0,0,0
7001025478,2017,6,9,15,43,4,43.68339499,-79.32348261,Beaches-East York (32),32,Woodbine Corridor (64),64,D55,Toronto East York,DANFORTH AV,COXWELL AV              (542),10 m East of,Major Arterial,Intersection,Intersection Related,Traffic Signal,Clear,Daylight,Dry,Non-Fatal Injury,Cyclist Collisions,Cyclist,60 to 64,Major,0,West,Bicycle,Changing Lanes, , , , , ,Cyclist and Driver travelling in same direction. One vehicle sideswipes the other.,Improper Lane Change,Normal,0,1,1,0,0,0,0,0,0,0,0,0,0,0
7001025478,2017,6,9,15,43,4,43.68339499,-79.32348261,Beaches-East York (32),32,Woodbine Corridor (64),64,D55,Toronto East York,DANFORTH AV,COXWELL AV              (542),10 m East of,Major Arterial,Intersection,Intersection Related,Traffic Signal,Clear,Daylight,Dry,Non-Fatal Injury,Cyclist Collisions,Driver,55 to 59,,0,West,"Automobile, Station Wagon",Going Ahead,Driving Properly,Normal, , , , , , ,0,1,1,0,0,0,0,0,0,0,0,0,0,0
7001094601,2017,6,19,15,43,0,43.78167303,-79.23385248,Scarborough Centre (38),38,Woburn (137),137,D43,Scarborough,MARKHAM RD,PROGRESS AVE, ,Major Arterial,Intersection,At Intersection,Traffic Signal,Clear,Daylight,Dry,Non-Fatal Injury,Turning Movement,Motorcycle Driver,20 to 24,Major,0,South,Motorcycle,Turning Left,Improper Turn,Inattentive, , , , , , ,0,0,1,1,0,0,0,0,0,0,0,0,0,0
7001094601,2017,6,19,15,43,0,43.78167303,-79.23385248,Scarborough Centre (38),38,Woburn (137),137,D43,Scarborough,MARKHAM RD,PROGRESS AVE, ,Major Arterial,Intersection,At Intersection,Traffic Signal,Clear,Daylight,Dry,Non-Fatal Injury,Turning Movement,Driver,55 to 59,,0,North,"Automobile, Station Wagon",Going Ahead,Driving Properly,Normal, , , , , , ,0,0,1,1,0,0,0,0,0,0,0,0,0,0
7001094601,2017,6,19,15,43,0,43.78167303,-79.23385248,Scarborough Centre (38),38,Woburn (137),137,D43,Scarborough,MARKHAM RD,PROGRESS AVE, ,Major Arterial,Intersection,At Intersection,Traffic Signal,Clear,Daylight,Dry,Non-Fatal Injury,Turning Movement,Other,unknown,,0, , , , , , , , , , , ,0,0,1,1,0,0,0,0,0,0,0,0,0,0
1144593,2009,12,10,15,45,3,43.65544538,-79.38519029,Toronto Centre-Rosedale (27),27,Bay Street Corridor (76),76,D52,Toronto East York,DUNDAS Stre W,ELIZABETH Stre, ,Major Arterial,Intersection,At Intersection,Stop Sign,Clear,Daylight,Dry,Non-Fatal Injury,Pedestrian Collisions,Vehicle Owner,unknown, ,0, ,Other, , , , , , , , , ,1,0,1,0,0,0,0,0,0,1,0,0,0,0
1144593,2009,12,10,15,45,3,43.65544538,-79.38519029,Toronto Centre-Rosedale (27),27,Bay Street Corridor (76),76,D52,Toronto East York,DUNDAS Stre W,ELIZABETH Stre, ,Major Arterial,Intersection,At Intersection,Stop Sign,Clear,Daylight,Dry,Non-Fatal Injury,Pedestrian Collisions,Driver,30 to 34,,0,South,"Automobile, Station Wagon",Going Ahead,Failed to Yield Right of Way,Inattentive, , , , , , ,1,0,1,0,0,0,0,0,0,1,0,0,0,0
1144593,2009,12,10,15,45,3,43.65544538,-79.38519029,Toronto Centre-Rosedale (27),27,Bay Street Corridor (76),76,D52,Toronto East York,DUNDAS Stre W,ELIZABETH Stre, ,Major Arterial,Intersection,At Intersection,Stop Sign,Clear,Daylight,Dry,Non-Fatal Injury,Pedestrian Collisions,Pedestrian,55 to 59,Major,0,West,Other, , , ,Vehicle is going straight thru inter.while ped cross with ROW,Crossing with right of way,Normal, , , ,1,0,1,0,0,0,0,0,0,1,0,0,0,0
1161157,2010,4,7,15,45,2,43.65514538,-79.45209029,Parkdale-High Park (14),14,Roncesvalles (86),86,D11,Toronto East York,DUNDAS St W,BLOOR St W, ,Minor Arterial,Mid-Block,At Intersection,No Control,Rain,Daylight,Wet,Non-Fatal Injury,Pedestrian Collisions,Driver,40 to 44,,0,South,"Automobile, Station Wagon",Going Ahead,Driving Properly,Normal, , , , , , ,1,0,1,0,0,0,0,0,0,0,0,0,0,0
1161157,2010,4,7,15,45,2,43.65514538,-79.45209029,Parkdale-High Park (14),14,Roncesvalles (86),86,D11,Toronto East York,DUNDAS St W,BLOOR St W, ,Minor Arterial,Mid-Block,At Intersection,No Control,Rain,Daylight,Wet,Non-Fatal Injury,Pedestrian Collisions,Pedestrian,70 to 74,Major,0,East,Other, , , ,Pedestrian hit at mid-block,"Crossing, no Traffic Control",Inattentive, , , ,1,0,1,0,0,0,0,0,0,0,0,0,0,0
1183977,2010,7,9,15,45,4,43.67974538,-79.29449029,Beaches-East York (32),32,East End-Danforth (62),62,D55,Toronto East York,KINGSTON Road,GLEN MANOR Driv, ,Major Arterial,Intersection,At Intersection,Stop Sign,Clear,Daylight,Dry,Non-Fatal Injury,Turning Movement,Passenger,45 to 49,Minor,0, ,Other, , , , , , , , , ,0,0,1,0,0,0,0,1,0,0,0,0,0,0
1183977,2010,7,9,15,45,4,43.67974538,-79.29449029,Beaches-East York (32),32,East End-Danforth (62),62,D55,Toronto East York,KINGSTON Road,GLEN MANOR Driv, ,Major Arterial,Intersection,At Intersection,Stop Sign,Clear,Daylight,Dry,Non-Fatal Injury,Turning Movement,Driver,30 to 34,Minor,0,East,"Automobile, Station Wagon",Going Ahead,Driving Properly,Normal, , , , , , ,0,0,1,0,0,0,0,1,0,0,0,0,0,0
1183977,2010,7,9,15,45,4,43.67974538,-79.29449029,Beaches-East York (32),32,East End-Danforth (62),62,D55,Toronto East York,KINGSTON Road,GLEN MANOR Driv, ,Major Arterial,Intersection,At Intersection,Stop Sign,Clear,Daylight,Dry,Non-Fatal Injury,Turning Movement,Driver,25 to 29,Major,0,North,"Automobile, Station Wagon",Turning Left,Improper Turn,Normal, , , , , , ,0,0,1,0,0,0,0,1,0,0,0,0,0,0
1223946,2011,1,19,15,45,2,43.68104538,-79.47619029,York South-Weston (11),11,Rockcliffe-Smythe (111),111,D12,Etobicoke York,WESTON RD,AVON CRES, ,Major Arterial,Intersection,At Intersection,Stop Sign,Clear,Daylight,Dry,Non-Fatal Injury,Pedestrian Collisions,Pedestrian,45 to 49,Major,0,North,Other, , , ,Other / Undefined,Walking on Roadway with Traffic,Inattentive, , , ,1,0,1,0,0,0,0,0,0,0,0,0,0,0
1223946,2011,1,19,15,45,2,43.68104538,-79.47619029,York South-Weston (11),11,Rockcliffe-Smythe (111),111,D12,Etobicoke York,WESTON RD,AVON CRES, ,Major Arterial,Intersection,At Intersection,Stop Sign,Clear,Daylight,Dry,Non-Fatal Injury,Pedestrian Collisions,Driver,35 to 39,,0,East,"Automobile, Station Wagon",Turning Left,Driving Properly,Normal, , , , , , ,1,0,1,0,0,0,0,0,0,0,0,0,0,0
1224952,2011,1,22,15,45,5,43.67314538,-79.41439029,Trinity-Spadina (20),20,Annex (95),95,D14,Toronto East York,BATHURST ST,DUPONT ST, ,Major Arterial,Intersection,At Intersection,Traffic Signal,Snow,Daylight,Loose Snow,Non-Fatal Injury,Turning Movement,Driver,60 to 64,,0,East,"Automobile, Station Wagon",Turning Left,Failed to Yield Right of Way,Normal, , , , , , ,0,0,1,0,0,0,0,0,0,1,0,0,0,0
1224952,2011,1,22,15,45,5,43.67314538,-79.41439029,Trinity-Spadina (20),20,Annex (95),95,D14,Toronto East York,BATHURST ST,DUPONT ST, ,Major Arterial,Intersection,At Intersection,Traffic Signal,Snow,Daylight,Loose Snow,Non-Fatal Injury,Turning Movement,Driver,40 to 44,Major,0,South,"Automobile, Station Wagon",Going Ahead,Driving Properly,Normal, , , , , , ,0,0,1,0,0,0,0,0,0,1,0,0,0,0
1278772,2012,2,2,15,45,3,43.74444538,-79.48799029,York Centre (9),9,Downsview-Roding-CFB (26),26,D31,North York,SHEPPARD AVE W,KEELE ST, ,Major Arterial,Mid-Block, ,No Control,Clear,Daylight,Dry,Non-Fatal Injury,SMV Other,Passenger,75 to 79,Major,0, ,Other, , , , , , , , , ,0,0,0,0,0,1,0,1,0,0,0,0,0,0
1278772,2012,2,2,15,45,3,43.74444538,-79.48799029,York Centre (9),9,Downsview-Roding-CFB (26),26,D31,North York,SHEPPARD AVE W,KEELE ST, ,Major Arterial,Mid-Block, ,No Control,Clear,Daylight,Dry,Non-Fatal Injury,SMV Other,Vehicle Owner,unknown, ,0, ,Other, , , , , , , , , ,0,0,0,0,0,1,0,1,0,0,0,0,0,0
1278772,2012,2,2,15,45,3,43.74444538,-79.48799029,York Centre (9),9,Downsview-Roding-CFB (26),26,D31,North York,SHEPPARD AVE W,KEELE ST, ,Major Arterial,Mid-Block, ,No Control,Clear,Daylight,Dry,Non-Fatal Injury,SMV Other,Driver,40 to 44,,0,West,Municipal Transit Bus (TTC),Going Ahead,Driving Properly,Normal, , , , , , ,0,0,0,0,0,1,0,1,0,0,0,0,0,0
1345175,2013,3,7,15,45,3,43.70364722,-79.25159083,Scarborough Southwest (36),36,Birchcliffe-Cliffside (122),122,D41,Scarborough,CLIFFSIDE DR,EAST HAVEN DR, ,Local,Intersection, ,Stop Sign,Clear,Daylight,Wet,Fatal,Pedestrian Collisions,Vehicle Owner,unknown, ,0, , , , , , , , , , , ,1,0,0,0,1,0,0,0,0,1,0,0,0,1
1345175,2013,3,7,15,45,3,43.70364722,-79.25159083,Scarborough Southwest (36),36,Birchcliffe-Cliffside (122),122,D41,Scarborough,CLIFFSIDE DR,EAST HAVEN DR, ,Local,Intersection, ,Stop Sign,Clear,Daylight,Wet,Fatal,Pedestrian Collisions,Truck Driver,60 to 64,,0,West,"Truck - Closed (Blazer, etc)",Turning Left,Failed to Yield Right of Way,Normal, , , , , , ,1,0,0,0,1,0,0,0,0,1,0,0,0,1
1345175,2013,3,7,15,45,3,43.70364722,-79.25159083,Scarborough Southwest (36),36,Birchcliffe-Cliffside (122),122,D41,Scarborough,CLIFFSIDE DR,EAST HAVEN DR, ,Local,Intersection, ,Stop Sign,Clear,Daylight,Wet,Fatal,Pedestrian Collisions,Pedestrian,10 to 14,Minor,0,West, , , , ,Vehicle turns left while ped crosses with ROW at inter.,Crossing with right of way,Normal, , , ,1,0,0,0,1,0,0,0,0,1,0,0,0,1
1345175,2013,3,7,15,45,3,43.70364722,-79.25159083,Scarborough Southwest (36),36,Birchcliffe-Cliffside (122),122,D41,Scarborough,CLIFFSIDE DR,EAST HAVEN DR, ,Local,Intersection, ,Stop Sign,Clear,Daylight,Wet,Fatal,Pedestrian Collisions,Pedestrian,5 to 9,Minor,0,West, , , , ,Vehicle turns left while ped crosses with ROW at inter.,Crossing with right of way,Normal, , , ,1,0,0,0,1,0,0,0,0,1,0,0,0,1
1345175,2013,3,7,15,45,3,43.70364722,-79.25159083,Scarborough Southwest (36),36,Birchcliffe-Cliffside (122),122,D41,Scarborough,CLIFFSIDE DR,EAST HAVEN DR, ,Local,Intersection, ,Stop Sign,Clear,Daylight,Wet,Fatal,Pedestrian Collisions,Pedestrian,5 to 9,Fatal,6,West, , , , ,Vehicle turns left while ped crosses with ROW at inter.,Crossing with right of way,Normal, , , ,1,0,0,0,1,0,0,0,0,1,0,0,0,1
1373040,2013,8,30,15,45,4,43.74854620000001,-79.24448786,Scarborough Centre (38),38,Bendale (127),127,D43,Scarborough,DANFORTH RD,BARDSEA CRT, ,Major Arterial,Intersection,At Intersection,Stop Sign,Clear,Daylight,Dry,Fatal,Turning Movement,Driver,75 to 79,Minimal,0,West,"Automobile, Station Wagon",Turning Right,Failed to Yield Right of Way,Normal, , , , , , ,0,0,1,1,1,0,0,0,0,1,0,0,0,1
1373040,2013,8,30,15,45,4,43.74854620000001,-79.24448786,Scarborough Centre (38),38,Bendale (127),127,D43,Scarborough,DANFORTH RD,BARDSEA CRT, ,Major Arterial,Intersection,At Intersection,Stop Sign,Clear,Daylight,Dry,Fatal,Turning Movement,Motorcycle Driver,45 to 49,Fatal,36,North,Motorcycle,Changing Lanes,Improper Lane Change,Normal, , , , , , ,0,0,1,1,1,0,0,0,0,1,0,0,0,1
1373040,2013,8,30,15,45,4,43.74854620000001,-79.24448786,Scarborough Centre (38),38,Bendale (127),127,D43,Scarborough,DANFORTH RD,BARDSEA CRT, ,Major Arterial,Intersection,At Intersection,Stop Sign,Clear,Daylight,Dry,Fatal,Turning Movement,Truck Driver,65 to 69,Major,0,South,"Truck - Closed (Blazer, etc)",Stopped,Driving Properly,Normal, , , , , , ,0,0,1,1,1,0,0,0,0,1,0,0,0,1
3001061187,2013,11,29,15,45,4,43.78248938,-79.40745173,Willowdale (24),24,Newtonbrook East (50),50,D32,North York,WILLOWDALE AVE,PEMBERTON AVE, ,Minor Arterial,Intersection,At Intersection,No Control,Clear,Daylight,Dry,Non-Fatal Injury,Pedestrian Collisions,Driver,unknown, ,0,South,"Automobile, Station Wagon",Going Ahead,Driving Properly,Unknown, , , , , , ,1,0,1,0,0,0,0,0,0,0,0,0,0,0
3001061187,2013,11,29,15,45,4,43.78248938,-79.40745173,Willowdale (24),24,Newtonbrook East (50),50,D32,North York,WILLOWDALE AVE,PEMBERTON AVE, ,Minor Arterial,Intersection,At Intersection,No Control,Clear,Daylight,Dry,Non-Fatal Injury,Pedestrian Collisions,Pedestrian,10 to 14,Major,0,West, , , , ,Vehicle is going straight thru inter.while ped cross without ROW,"Crossing, no Traffic Control",Unknown, , , ,1,0,1,0,0,0,0,0,0,0,0,0,0,0
4001311712,2014,1,9,15,45,3,43.73884161,-79.23835383,Scarborough Southwest (35),35,Eglinton East (138),138,D43,Scarborough,MCCOWAN RD,EGLINTON AVE E,2 m North of,Collector,Intersection,Intersection Related,No Control,Clear,Daylight,Wet,Non-Fatal Injury,Pedestrian Collisions,Driver,unknown,,0,Unknown, ,Unknown,Other,Unknown, , , , , , ,1,0,0,0,0,0,0,0,0,0,0,0,0,0
4001311712,2014,1,9,15,45,3,43.73884161,-79.23835383,Scarborough Southwest (35),35,Eglinton East (138),138,D43,Scarborough,MCCOWAN RD,EGLINTON AVE E,2 m North of,Collector,Intersection,Intersection Related,No Control,Clear,Daylight,Wet,Non-Fatal Injury,Pedestrian Collisions,Pedestrian,40 to 44,Major,0,Unknown, , , , ,Unknown,Other,Unknown, , , ,1,0,0,0,0,0,0,0,0,0,0,0,0,0
4001700272,2014,3,14,15,45,4,43.64142187,-79.38086329,Trinity-Spadina (20),20,Waterfront Communities-The Island (77),77,D52,Toronto East York,YORK ST,YORK ST GARDINER W  RAMP, ,Major Arterial,Intersection,At Intersection,Traffic Signal,Clear,Daylight,Dry,Non-Fatal Injury,Pedestrian Collisions,Driver,20 to 24,,0,South,"Automobile, Station Wagon",Turning Right,Failed to Yield Right of Way,Inattentive, , , , , , ,1,0,1,0,0,0,0,1,0,1,0,0,0,0
4001700272,2014,3,14,15,45,4,43.64142187,-79.38086329,Trinity-Spadina (20),20,Waterfront Communities-The Island (77),77,D52,Toronto East York,YORK ST,YORK ST GARDINER W  RAMP, ,Major Arterial,Intersection,At Intersection,Traffic Signal,Clear,Daylight,Dry,Non-Fatal Injury,Pedestrian Collisions,Passenger,20 to 24,,0, , , , , , , , , , , ,1,0,1,0,0,0,0,1,0,1,0,0,0,0
4001700272,2014,3,14,15,45,4,43.64142187,-79.38086329,Trinity-Spadina (20),20,Waterfront Communities-The Island (77),77,D52,Toronto East York,YORK ST,YORK ST GARDINER W  RAMP, ,Major Arterial,Intersection,At Intersection,Traffic Signal,Clear,Daylight,Dry,Non-Fatal Injury,Pedestrian Collisions,Pedestrian,55 to 59,Major,0,North, , , , ,Vehicle turns right while ped crosses with ROW at inter.,Crossing with right of way,Normal, , , ,1,0,1,0,0,0,0,1,0,1,0,0,0,0
5001501450,2015,8,31,15,45,0,43.64231833,-79.38396845,Trinity-Spadina (20),20,Waterfront Communities-The Island (77),77,D52,Toronto East York,LOWER SIMCOE ST,BREMNER BLVD, ,Minor Arterial,Intersection,At Intersection,Traffic Signal,Clear,Daylight,Dry,Non-Fatal Injury,Cyclist Collisions,Truck Driver,40 to 44,,0,South,"Truck - Closed (Blazer, etc)",Turning Right,Improper Turn,Inattentive, , , , , , ,0,1,0,0,1,0,0,0,0,0,0,0,0,0
5001501450,2015,8,31,15,45,0,43.64231833,-79.38396845,Trinity-Spadina (20),20,Waterfront Communities-The Island (77),77,D52,Toronto East York,LOWER SIMCOE ST,BREMNER BLVD, ,Minor Arterial,Intersection,At Intersection,Traffic Signal,Clear,Daylight,Dry,Non-Fatal Injury,Cyclist Collisions,Cyclist,35 to 39,Major,0,South,Bicycle,Going Ahead, , , , , ,Motorist turning right on green or amber at signalized intersection strikes cyclist.,Driving Properly,Normal,0,1,0,0,1,0,0,0,0,0,0,0,0,0
7001831033,2017,10,9,15,45,0,43.73338238,-79.45286229,York Centre (9),9,Clanton Park (33),33,D32,North York,TRANSIT ROAD,WILSON AVENUE,84 m North of,Minor Arterial,Mid-Block,Non Intersection,No Control,Clear,Daylight,Dry,Non-Fatal Injury,SMV Other,Motorcycle Driver,35 to 39,Major,0,North,Motorcycle,Going Ahead,Lost control,Inattentive, , , , , , ,0,0,0,1,0,0,0,0,0,0,0,0,0,0
1320874,2012,9,15,16,38,5,43.67844538,-79.34729029,Toronto-Danforth (30),30,North Riverdale (68),68,D55,Toronto East York,DANFORTH Aven,CARLAW Aven, ,Major Arterial,Intersection,At Intersection,Traffic Signal,Clear,Daylight,Dry,Non-Fatal Injury,Pedestrian Collisions,Driver,45 to 49,,0,East,"Automobile, Station Wagon",Turning Right,Failed to Yield Right of Way,Inattentive, , , , , , ,1,0,1,0,0,0,0,0,0,1,0,0,0,0
1277349,2011,12,4,16,20,6,43.66734538,-79.38159029,Toronto Centre-Rosedale (27),27,Church-Yonge Corridor (75),75,D51,Toronto East York,CHURCH ST,GLOUCESTER ST, ,Minor Arterial,Intersection,At Intersection,No Control,Clear,Daylight,Dry,Non-Fatal Injury,Pedestrian Collisions,Driver,35 to 39,,0,South,"Automobile, Station Wagon",Going Ahead,Driving Properly,Normal, , , , , , ,1,0,1,0,0,0,0,0,0,0,0,0,0,0
1318799,2012,8,27,15,58,0,43.68264538,-79.43689029,Davenport (17),17,Oakwood Village (107),107,D13,Etobicoke York,OAKWOOD AVE,CONWAY AVE, ,Minor Arterial,Intersection, ,Pedestrian Crossover,Clear,Daylight,Dry,Non-Fatal Injury,Pedestrian Collisions,Pedestrian,50 to 54,Major,0,East,Other, , , ,Pedestrian hit a PXO/ped. Mid-block signal,"Crossing, Pedestrian Crossover",Normal, , , ,1,0,1,0,0,0,0,0,0,1,0,0,0,0
987506,2007,9,1,16,5,5,43.83654538,-79.25119029,Scarborough-Rouge River (41),41,Milliken (130),130,D42,Scarborough,STEELES Aven E,MARKHAM Road, ,Major Arterial,Intersection,At Intersection,Traffic Signal,Clear,Daylight,Dry,Non-Fatal Injury,Angle,Driver,50 to 54,,0,North,"Automobile, Station Wagon",Going Ahead,Driving Properly,Normal, , , , , , ,0,0,1,0,0,0,0,1,1,1,1,0,0,0