ACCNUM,YEAR,MONTH,DAY,HOUR,MINUTES,WEEKDAY,LATITUDE,LONGITUDE,Ward_Name,Ward_ID,Hood_Name,Hood_ID,Division,District,STREET1,STREET2,OFFSET,ROAD_CLASS,LOCCOORD,ACCLOC,TRAFFCTL,VISIBILITY,LIGHT,RDSFCOND,ACCLASS,IMPACTYPE,INVTYPE,INVAGE,INJURY,FATAL_NO,INITDIR,VEHTYPE,MANOEUVER,DRIVACT,DRIVCOND,PEDTYPE,PEDACT,PEDCOND,CYCLISTYPE,CYCACT,CYCCOND,PEDESTRIAN,CYCLIST,AUTOMOBILE,MOTORCYCLE,TRUCK,TRSN_CITY_VEH,EMERG_VEH,PASSENGER,SPEEDING,AG_DRIV,REDLIGHT,ALCOHOL,DISABILITY,label
1297963,2012,4,13,16,24,4,43.69354538,-79.32779029,Toronto-Danforth (29),29,Danforth East York (59),59,D54,Toronto East York,COXWELL Ave,COSBURN Ave, ,Minor Arterial,Mid-Block, ,No Control,Clear,Daylight,Dry,Non-Fatal Injury,Pedestrian Collisions,Vehicle Owner,unknown, ,0, ,Other, , , , , , , , , ,1,0,1,0,0,0,0,0,0,0,0,0,0,0
1297963,2012,4,13,16,24,4,43.69354538,-79.32779029,Toronto-Danforth (29),29,Danforth East York (59),59,D54,Toronto East York,COXWELL Ave,COSBURN Ave, ,Minor Arterial,Mid-Block, ,No Control,Clear,Daylight,Dry,Non-Fatal Injury,Pedestrian Collisions,Vehicle Owner,unknown, ,0, ,Other, , , , , , , , , ,1,0,1,0,0,0,0,0,0,0,0,0,0,0
1297963,2012,4,13,16,24,4,43.69354538,-79.32779029,Toronto-Danforth (29),29,Danforth East York (59),59,D54,Toronto East York,COXWELL Ave,COSBURN Ave, ,Minor Arterial,Mid-Block, ,No Control,Clear,Daylight,Dry,Non-Fatal Injury,Pedestrian Collisions,Vehicle Owner,unknown, ,0, ,Other, , , , , , , , , ,1,0,1,0,0,0,0,0,0,0,0,0,0,0
1297963,2012,4,13,16,24,4,43.69354538,-79.32779029,Toronto-Danforth (29),29,Danforth East York (59),59,D54,Toronto East York,COXWELL Ave,COSBURN Ave, ,Minor Arterial,Mid-Block, ,No Control,Clear,Daylight,Dry,Non-Fatal Injury,Pedestrian Collisions,Driver,50 to 54,,0,South,"Automobile, Station Wagon",Going Ahead,Lost control,Inattentive, , , , , , ,1,0,1,0,0,0,0,0,0,0,0,0,0,0
1297963,2012,4,13,16,24,4,43.69354538,-79.32779029,Toronto-Danforth (29),29,Danforth East York (59),59,D54,Toronto East York,COXWELL Ave,COSBURN Ave, ,Minor Arterial,Mid-Block, ,No Control,Clear,Daylight,Dry,Non-Fatal Injury,Pedestrian Collisions,Pedestrian,50 to 54,Major,0,Unknown,Other, , , ,Pedestrian hit at private driveway,Pushing/Working on Vehicle,Normal, , , ,1,0,1,0,0,0,0,0,0,0,0,0,0,0
1316631,2012,8,16,16,24,3,43.78404538,-79.32709029,Scarborough-Agincourt (40),40,L'Amoreaux (117),117,D42,Scarborough,VICTORIA PARK AVE,CLYDESDALE DR, ,Major Arterial,Mid-Block, ,No Control,Clear,Daylight,Dry,Non-Fatal Injury,Rear End,Driver,35 to 39,,0,North,"Automobile, Station Wagon",Going Ahead,Following too Close,Inattentive, , , , , , ,0,0,1,0,0,0,0,0,0,1,0,0,0,0
1316631,2012,8,16,16,24,3,43.78404538,-79.32709029,Scarborough-Agincourt (40),40,L'Amoreaux (117),117,D42,Scarborough,VICTORIA PARK AVE,CLYDESDALE DR, ,Major Arterial,Mid-Block, ,No Control,Clear,Daylight,Dry,Non-Fatal Injury,Rear End,Vehicle Owner,unknown, ,0, ,Other, , , , , , , , , ,0,0,1,0,0,0,0,0,0,1,0,0,0,0
1316631,2012,8,16,16,24,3,43.78404538,-79.32709029,Scarborough-Agincourt (40),40,L'Amoreaux (117),117,D42,Scarborough,VICTORIA PARK AVE,CLYDESDALE DR, ,Major Arterial,Mid-Block, ,No Control,Clear,Daylight,Dry,Non-Fatal Injury,Rear End,Driver,45 to 49,,0,North,"Automobile, Station Wagon",Stopped,Driving Properly,Normal, , , , , , ,0,0,1,0,0,0,0,0,0,1,0,0,0,0
1316631,2012,8,16,16,24,3,43.78404538,-79.32709029,Scarborough-Agincourt (40),40,L'Amoreaux (117),117,D42,Scarborough,VICTORIA PARK AVE,CLYDESDALE DR, ,Major Arterial,Mid-Block, ,No Control,Clear,Daylight,Dry,Non-Fatal Injury,Rear End,Driver,60 to 64,,0,North,"Automobile, Station Wagon",Stopped,Driving Properly,Normal, , , , , , ,0,0,1,0,0,0,0,0,0,1,0,0,0,0
1316631,2012,8,16,16,24,3,43.78404538,-79.32709029,Scarborough-Agincourt (40),40,L'Amoreaux (117),117,D42,Scarborough,VICTORIA PARK AVE,CLYDESDALE DR, ,Major Arterial,Mid-Block, ,No Control,Clear,Daylight,Dry,Non-Fatal Injury,Rear End,Driver,50 to 54,Minimal,0,North,"Automobile, Station Wagon",Stopped,Driving Properly,Normal, , , , , , ,0,0,1,0,0,0,0,0,0,1,0,0,0,0
1316631,2012,8,16,16,24,3,43.78404538,-79.32709029,Scarborough-Agincourt (40),40,L'Amoreaux (117),117,D42,Scarborough,VICTORIA PARK AVE,CLYDESDALE DR, ,Major Arterial,Mid-Block, ,No Control,Clear,Daylight,Dry,Non-Fatal Injury,Rear End,Driver,50 to 54,Major,0,North,"Automobile, Station Wagon",Stopped,Driving Properly,Normal, , , , , , ,0,0,1,0,0,0,0,0,0,1,0,0,0,0
1357570,2013,4,24,16,24,2,43.77474538,-79.18869029,Scarborough East (43),43,West Hill (136),136,D43,Scarborough,MORNINGSIDE Ave,BEATH St, ,Major Arterial,Intersection, ,No Control,Rain,Daylight,Wet,Non-Fatal Injury,Sideswipe,Driver,70 to 74,Major,0,North,Municipal Transit Bus (TTC),Stopped,Driving Properly,Normal, , , , , , ,0,0,1,0,0,1,0,0,0,1,0,0,0,0
1357570,2013,4,24,16,24,2,43.77474538,-79.18869029,Scarborough East (43),43,West Hill (136),136,D43,Scarborough,MORNINGSIDE Ave,BEATH St, ,Major Arterial,Intersection, ,No Control,Rain,Daylight,Wet,Non-Fatal Injury,Sideswipe,Driver,15 to 19,Minor,0,North,"Automobile, Station Wagon",Changing Lanes,Following too Close,Inattentive, , , , , , ,0,0,1,0,0,1,0,0,0,1,0,0,0,0
1159418,2010,2,20,16,25,5,43.82134538,-79.31689029,Scarborough-Agincourt (39),39,Steeles (116),116,D42,Scarborough,STEELES Aven E,BIRCHMOUNT Road, ,Major Arterial,Intersection,At Intersection,Traffic Signal,Clear,Daylight,Dry,Non-Fatal Injury,Turning Movement,Driver,15 to 19,Minimal,0,West,"Automobile, Station Wagon",Turning Left,Improper Turn,Inattentive, , , , , , ,0,0,1,0,0,0,0,1,0,0,0,0,0,0
1159418,2010,2,20,16,25,5,43.82134538,-79.31689029,Scarborough-Agincourt (39),39,Steeles (116),116,D42,Scarborough,STEELES Aven E,BIRCHMOUNT Road, ,Major Arterial,Intersection,At Intersection,Traffic Signal,Clear,Daylight,Dry,Non-Fatal Injury,Turning Movement,Passenger,15 to 19,Major,0, ,Other, , , , , , , , , ,0,0,1,0,0,0,0,1,0,0,0,0,0,0
1159418,2010,2,20,16,25,5,43.82134538,-79.31689029,Scarborough-Agincourt (39),39,Steeles (116),116,D42,Scarborough,STEELES Aven E,BIRCHMOUNT Road, ,Major Arterial,Intersection,At Intersection,Traffic Signal,Clear,Daylight,Dry,Non-Fatal Injury,Turning Movement,Vehicle Owner,unknown, ,0, ,Other, , , , , , , , , ,0,0,1,0,0,0,0,1,0,0,0,0,0,0
1159418,2010,2,20,16,25,5,43.82134538,-79.31689029,Scarborough-Agincourt (39),39,Steeles (116),116,D42,Scarborough,STEELES Aven E,BIRCHMOUNT Road, ,Major Arterial,Intersection,At Intersection,Traffic Signal,Clear,Daylight,Dry,Non-Fatal Injury,Turning Movement,Driver,55 to 59,Minor,0,East,"Automobile, Station Wagon",Going Ahead,Driving Properly,Normal, , , , , , ,0,0,1,0,0,0,0,1,0,0,0,0,0,0
1385276,2013,11,3,16,25,6,43.70580252,-79.32506953,Beaches-East York (31),31,O'Connor-Parkview (54),54,D54,Toronto East York,18 LONGSPUR RD, , ,Local,Intersection, ,No Control,Clear,Daylight,Dry,Fatal,Pedestrian Collisions,Driver,60 to 64,,0,West,"Automobile, Station Wagon",Reversing,Other,Normal, , , , , , ,1,0,1,0,0,0,0,0,0,0,0,0,0,1
1385276,2013,11,3,16,25,6,43.70580252,-79.32506953,Beaches-East York (31),31,O'Connor-Parkview (54),54,D54,Toronto East York,18 LONGSPUR RD, , ,Local,Intersection, ,No Control,Clear,Daylight,Dry,Fatal,Pedestrian Collisions,Pedestrian,85 to 89,Fatal,55,West,Other, , , ,Vehicle is reversing and hits pedestrian,Other,Normal, , , ,1,0,1,0,0,0,0,0,0,0,0,0,0,1
4003374622,2014,11,26,16,25,2,43.78147085,-79.22417841,Scarborough Centre (38),38,Woburn (137),137,D43,Scarborough,23 CASTOR CRES, , ,Local,Mid-Block,At/Near Private Drive,No Control,Clear,Dusk,Dry,Non-Fatal Injury,Cyclist Collisions,Cyclist,15 to 19,Major,0,East,Bicycle,Changing Lanes, , , , , ,Cyclist and Driver travelling in same direction. One vehicle sideswipes the other.,Improper Lane Change,Inattentive,0,1,1,0,0,0,0,0,0,0,0,0,0,0
4003374622,2014,11,26,16,25,2,43.78147085,-79.22417841,Scarborough Centre (38),38,Woburn (137),137,D43,Scarborough,23 CASTOR CRES, , ,Local,Mid-Block,At/Near Private Drive,No Control,Clear,Dusk,Dry,Non-Fatal Injury,Cyclist Collisions,Driver,55 to 59,,0,East,"Automobile, Station Wagon",Going Ahead,Driving Properly,Normal, , , , , , ,0,1,1,0,0,0,0,0,0,0,0,0,0,0
6000334615,2016,2,25,16,25,3,43.75034674,-79.57017145,York West (7),7,Humber Summit (21),21,D31,Etobicoke York,AVIEMORE DR,GRAMPIAN CRES,99 m South of,Local,Mid-Block,Non Intersection,No Control,Clear,Daylight,Dry,Non-Fatal Injury,Pedestrian Collisions,Driver,75 to 79,,0,North,"Automobile, Station Wagon",Going Ahead,Improper Passing,Inattentive, , , , , , ,1,0,1,0,0,0,0,0,0,1,0,0,0,0
6000334615,2016,2,25,16,25,3,43.75034674,-79.57017145,York West (7),7,Humber Summit (21),21,D31,Etobicoke York,AVIEMORE DR,GRAMPIAN CRES,99 m South of,Local,Mid-Block,Non Intersection,No Control,Clear,Daylight,Dry,Non-Fatal Injury,Pedestrian Collisions,Pedestrian,35 to 39,Major,0,East, , , , ,Pedestrian hit at mid-block,Other,Normal, , , ,1,0,1,0,0,0,0,0,0,1,0,0,0,0
7000844451,2017,5,13,16,25,5,43.65513571,-79.39889155,Trinity-Spadina (20),20,Kensington-Chinatown (78),78,D52,Toronto East York,SPADINA AVENUE,BALDWIN STREET,2 m North of,Major Arterial,Intersection,Intersection Related,No Control,Clear,Daylight,Dry,Non-Fatal Injury,Pedestrian Collisions,Driver,30 to 34,,0,North,Street Car,Slowing or Stopping,Driving Properly,Normal, , , , , , ,1,0,0,0,0,1,0,0,0,0,0,0,0,0
7000844451,2017,5,13,16,25,5,43.65513571,-79.39889155,Trinity-Spadina (20),20,Kensington-Chinatown (78),78,D52,Toronto East York,SPADINA AVENUE,BALDWIN STREET,2 m North of,Major Arterial,Intersection,Intersection Related,No Control,Clear,Daylight,Dry,Non-Fatal Injury,Pedestrian Collisions,Pedestrian,55 to 59,Major,0,Unknown, , , , ,Pedestrian involved in a collision with transit vehicle anywhere along roadway,"Crossing, no Traffic Control",Inattentive, , , ,1,0,0,0,0,1,0,0,0,0,0,0,0,0
1133570,2009,10,2,16,26,4,43.76344538,-79.49099029,York West (8),8,York University Heights (27),27,D31,North York,FINCH AVE W,KEELE ST, ,Major Arterial,Intersection,At Intersection,Traffic Signal,Rain,Daylight,Wet,Non-Fatal Injury,Pedestrian Collisions,Vehicle Owner,unknown, ,0, ,Other, , , , , , , , , ,1,0,0,0,1,0,0,0,0,0,0,0,0,0
1133570,2009,10,2,16,26,4,43.76344538,-79.49099029,York West (8),8,York University Heights (27),27,D31,North York,FINCH AVE W,KEELE ST, ,Major Arterial,Intersection,At Intersection,Traffic Signal,Rain,Daylight,Wet,Non-Fatal Injury,Pedestrian Collisions,Truck Driver,40 to 44,,0,South,Truck - Open,Turning Right,Driving Properly,Normal, , , , , , ,1,0,0,0,1,0,0,0,0,0,0,0,0,0
1133570,2009,10,2,16,26,4,43.76344538,-79.49099029,York West (8),8,York University Heights (27),27,D31,North York,FINCH AVE W,KEELE ST, ,Major Arterial,Intersection,At Intersection,Traffic Signal,Rain,Daylight,Wet,Non-Fatal Injury,Pedestrian Collisions,Other,unknown,,0, ,Other, , , , , , , , , ,1,0,0,0,1,0,0,0,0,0,0,0,0,0
1133570,2009,10,2,16,26,4,43.76344538,-79.49099029,York West (8),8,York University Heights (27),27,D31,North York,FINCH AVE W,KEELE ST, ,Major Arterial,Intersection,At Intersection,Traffic Signal,Rain,Daylight,Wet,Non-Fatal Injury,Pedestrian Collisions,Pedestrian,60 to 64,Major,0,South,Other, , , ,Vehicle turns right while ped crosses without ROW at inter.,Crossing without right of way,Unknown, , , ,1,0,0,0,1,0,0,0,0,0,0,0,0,0
1340591,2013,2,13,16,26,2,43.64805563,-79.39966212,Trinity-Spadina (20),20,Waterfront Communities-The Island (77),77,D14,Toronto East York,QUEEN ST W,AUGUSTA AVE, ,Major Arterial,Intersection, ,Traffic Signal,Clear,Daylight,Dry,Non-Fatal Injury,Cyclist Collisions,Driver,45 to 49,Major,0,North,"Automobile, Station Wagon",Going Ahead,Driving Properly,Normal, , , , , , ,0,1,1,0,0,0,0,0,0,1,1,0,0,0
1340591,2013,2,13,16,26,2,43.64805563,-79.39966212,Trinity-Spadina (20),20,Waterfront Communities-The Island (77),77,D14,Toronto East York,QUEEN ST W,AUGUSTA AVE, ,Major Arterial,Intersection, ,Traffic Signal,Clear,Daylight,Dry,Non-Fatal Injury,Cyclist Collisions,Vehicle Owner,unknown, ,0, ,Other, , , , , , , , , ,0,1,1,0,0,0,0,0,0,1,1,0,0,0
1340591,2013,2,13,16,26,2,43.64805563,-79.39966212,Trinity-Spadina (20),20,Waterfront Communities-The Island (77),77,D14,Toronto East York,QUEEN ST W,AUGUSTA AVE, ,Major Arterial,Intersection, ,Traffic Signal,Clear,Daylight,Dry,Non-Fatal Injury,Cyclist Collisions,Driver,20 to 24,Minimal,0,East,"Automobile, Station Wagon",Going Ahead,Disobeyed Traffic Control,Normal, , , , , , ,0,1,1,0,0,0,0,0,0,1,1,0,0,0
1340591,2013,2,13,16,26,2,43.64805563,-79.39966212,Trinity-Spadina (20),20,Waterfront Communities-The Island (77),77,D14,Toronto East York,QUEEN ST W,AUGUSTA AVE, ,Major Arterial,Intersection, ,Traffic Signal,Clear,Daylight,Dry,Non-Fatal Injury,Cyclist Collisions,Other Property Owner,unknown, ,0, ,Other, , , , , , , , , ,0,1,1,0,0,0,0,0,0,1,1,0,0,0
1340591,2013,2,13,16,26,2,43.64805563,-79.39966212,Trinity-Spadina (20),20,Waterfront Communities-The Island (77),77,D14,Toronto East York,QUEEN ST W,AUGUSTA AVE, ,Major Arterial,Intersection, ,Traffic Signal,Clear,Daylight,Dry,Non-Fatal Injury,Cyclist Collisions,Cyclist,20 to 24,Major,0,West,Bicycle,Stopped, , , , , ,"Motorist without ROW drives into path of cyclist at inter, lnwy, dwy-Driver not turn.",Driving Properly,Normal,0,1,1,0,0,0,0,0,0,1,1,0,0,0
5000553836,2015,4,3,16,26,4,43.7442623,-79.21406946,Scarborough Southwest (36),36,Scarborough Village (139),139,D43,Scarborough,3231 EGLINTON AVE E, ,7 m West of,Major Arterial,Mid-Block,At/Near Private Drive,No Control,Clear,Daylight,Dry,Non-Fatal Injury,Sideswipe,Driver,unknown,,0,East, ,Changing Lanes,Improper Lane Change,Unknown, , , , , , ,0,0,0,1,0,0,0,0,0,0,0,0,0,0
5000553836,2015,4,3,16,26,4,43.7442623,-79.21406946,Scarborough Southwest (36),36,Scarborough Village (139),139,D43,Scarborough,3231 EGLINTON AVE E, ,7 m West of,Major Arterial,Mid-Block,At/Near Private Drive,No Control,Clear,Daylight,Dry,Non-Fatal Injury,Sideswipe,Motorcycle Driver,60 to 64,Major,0,East,Motorcycle,Going Ahead,Driving Properly,Normal, , , , , , ,0,0,0,1,0,0,0,0,0,0,0,0,0,0
1311464,2012,8,23,16,27,3,43.67694433,-79.48939143,York South-Weston (11),11,Rockcliffe-Smythe (111),111,D12,Etobicoke York,ALLIANCE AVE,ROCKCLIFFE BLVD, ,Collector,Intersection,At Intersection,Traffic Signal,Clear,Daylight,Dry,Fatal,Angle,Passenger,20 to 24,Minimal,0, ,Other, , , , , , , , , ,0,0,1,1,0,0,0,1,0,1,1,0,0,1
1311464,2012,8,23,16,27,3,43.67694433,-79.48939143,York South-Weston (11),11,Rockcliffe-Smythe (111),111,D12,Etobicoke York,ALLIANCE AVE,ROCKCLIFFE BLVD, ,Collector,Intersection,At Intersection,Traffic Signal,Clear,Daylight,Dry,Fatal,Angle,Vehicle Owner,unknown, ,0, ,Other, , , , , , , , , ,0,0,1,1,0,0,0,1,0,1,1,0,0,1
1311464,2012,8,23,16,27,3,43.67694433,-79.48939143,York South-Weston (11),11,Rockcliffe-Smythe (111),111,D12,Etobicoke York,ALLIANCE AVE,ROCKCLIFFE BLVD, ,Collector,Intersection,At Intersection,Traffic Signal,Clear,Daylight,Dry,Fatal,Angle,Driver,25 to 29,Minimal,0,West,"Automobile, Station Wagon",Going Ahead,Driving Properly,Normal, , , , , , ,0,0,1,1,0,0,0,1,0,1,1,0,0,1
1311464,2012,8,23,16,27,3,43.67694433,-79.48939143,York South-Weston (11),11,Rockcliffe-Smythe (111),111,D12,Etobicoke York,ALLIANCE AVE,ROCKCLIFFE BLVD, ,Collector,Intersection,At Intersection,Traffic Signal,Clear,Daylight,Dry,Fatal,Angle,Motorcycle Driver,40 to 44,Fatal,26,North,Motorcycle,Going Ahead,Disobeyed Traffic Control,Unknown, , , , , , ,0,0,1,1,0,0,0,1,0,1,1,0,0,1
1376894,2013,7,9,16,27,1,43.67015036,-79.38280115,Toronto Centre-Rosedale (27),27,Church-Yonge Corridor (75),75,D51,Toronto East York,CHURCH ST,HAYDEN ST, ,Minor Arterial,Intersection,At Intersection,Stop Sign,Clear,Daylight,Dry,Non-Fatal Injury,Pedestrian Collisions,Driver,45 to 49,,0,West,"Automobile, Station Wagon",Turning Left,Driving Properly,Normal, , , , , , ,1,0,1,0,0,0,0,0,0,0,0,0,0,0
1376894,2013,7,9,16,27,1,43.67015036,-79.38280115,Toronto Centre-Rosedale (27),27,Church-Yonge Corridor (75),75,D51,Toronto East York,CHURCH ST,HAYDEN ST, ,Minor Arterial,Intersection,At Intersection,Stop Sign,Clear,Daylight,Dry,Non-Fatal Injury,Pedestrian Collisions,Pedestrian,40 to 44,Major,0,East,Other, , , ,Vehicle turns left while ped crosses without ROW at inter.,Crossing without right of way,Normal, , , ,1,0,1,0,0,0,0,0,0,0,0,0,0,0
987506,2007,9,1,16,5,5,43.83654538,-79.25119029,Scarborough-Rouge River (41),41,Milliken (130),130,D42,Scarborough,STEELES Aven E,MARKHAM Road, ,Major Arterial,Intersection,At Intersection,Traffic Signal,Clear,Daylight,Dry,Non-Fatal Injury,Angle,Passenger,15 to 19,Minor,0, ,Other, , , , , , , , , ,0,0,1,0,0,0,0,1,1,1,1,0,0,0
1108724,2009,6,10,15,46,2,43.69984538,-79.43099029,St. Paul's (21),21,Forest Hill North (102),102,D13,Toronto East York,EGLINTON AVE W,OLD PARK RD, ,Major Arterial,Intersection, ,Traffic Signal,Clear,Daylight,Dry,Non-Fatal Injury,Pedestrian Collisions,Pedestrian,40 to 44,Major,0,South,Other, , , ,Vehicle is going straight thru inter.while ped cross without ROW,Running onto Roadway, , , , ,1,0,1,0,0,0,0,0,0,0,0,0,0,0
987506,2007,9,1,16,5,5,43.83654538,-79.25119029,Scarborough-Rouge River (41),41,Milliken (130),130,D42,Scarborough,STEELES Aven E,MARKHAM Road, ,Major Arterial,Intersection,At Intersection,Traffic Signal,Clear,Daylight,Dry,Non-Fatal Injury,Angle,Driver,35 to 39,,0,North,"Automobile, Station Wagon",Going Ahead,Driving Properly,Normal, , , , , , ,0,0,1,0,0,0,0,1,1,1,1,0,0,0
1032200,2008,4,6,16,45,6,43.79384538,-79.23879029,Scarborough-Rouge River (42),42,Agincourt South-Malvern West (128),128,D42,Scarborough,MARKHAM Rd,SHEPPARD Ave E, ,Major Arterial,Intersection,At Intersection,Traffic Signal,Clear,Daylight,Dry,Non-Fatal Injury,Pedestrian Collisions,Driver,70 to 74,,0,West,"Automobile, Station Wagon",Turning Left,Driving Properly,Normal, , , , , , ,1,0,1,0,0,0,0,0,0,0,0,0,0,0
1153821,2010,2,4,15,46,3,43.73904538,-79.51449029,York West (7),7,Downsview-Roding-CFB (26),26,D31,Etobicoke York,SHEPPARD AVE W,LAURA RD, ,Major Arterial,Mid-Block,At Intersection,No Control,Clear,Daylight,Dry,Non-Fatal Injury,Pedestrian Collisions,Pedestrian,70 to 74,Major,0,South,Other, , , ,Pedestrian hit at mid-block,"Crossing, no Traffic Control",Normal, , , ,1,0,1,0,0,0,0,0,0,1,0,0,0,0
987506,2007,9,1,16,5,5,43.83654538,-79.25119029,Scarborough-Rouge River (41),41,Milliken (130),130,D42,Scarborough,STEELES Aven E,MARKHAM Road, ,Major Arterial,Intersection,At Intersection,Traffic Signal,Clear,Daylight,Dry,Non-Fatal Injury,Angle,Passenger,40 to 44,Minor,0, ,Other, , , , , , , , , ,0,0,1,0,0,0,0,1,1,1,1,0,0,0
4003538995,2014,12,23,16,38,1,43.69816168,-79.38647089,St. Paul's (22),22,Mount Pleasant East (99),99,D53,Toronto East York,MOUNT PLEASANT RD,MERTON ST, ,Major Arterial,Intersection,At Intersection,Traffic Signal,Rain,Dusk,Wet,Non-Fatal Injury,Pedestrian Collisions,Driver,80 to 84,,0,East,"Automobile, Station Wagon",Turning Left,Failed to Yield Right of Way,Inattentive, , , , , , ,1,0,1,0,0,0,0,0,0,1,0,0,0,0
6001532518,2016,8,29,16,10,0,43.76349219,-79.30125819,Scarborough-Agincourt (40),40,Wexford/Maryvale (119),119,D41,Scarborough,WARDEN AVE,CONTINENTAL PL, ,Major Arterial,Intersection,At Intersection,Stop Sign,Clear,Daylight,Dry,Non-Fatal Injury,Turning Movement,Driver,55 to 59,,0,West,"Automobile, Station Wagon",Turning Left,Improper Turn,Inattentive, , , , , , ,0,0,1,1,0,0,0,0,0,0,0,0,0,0
1032200,2008,4,6,16,45,6,43.79384538,-79.23879029,Scarborough-Rouge River (42),42,Agincourt South-Malvern West (128),128,D42,Scarborough,MARKHAM Rd,SHEPPARD Ave E, ,Major Arterial,Intersection,At Intersection,Traffic Signal,Clear,Daylight,Dry,Non-Fatal Injury,Pedestrian Collisions,Pedestrian,70 to 74,Major,0,East,Other, , , ,Vehicle turns left while ped crosses without ROW at inter.,Crossing without right of way,Unknown, , , ,1,0,1,0,0,0,0,0,0,0,0,0,0,0
3001181592,2013,12,19,15,58,3,43.71923788,-79.51597224,York West (7),7,Downsview-Roding-CFB (26),26,D31,Etobicoke York,WILSON AVE,HAYMARKET RD,314 m  of,Major Arterial,Intersection,At Intersection,No Control,Clear,Daylight,Dry,Non-Fatal Injury,Pedestrian Collisions,Pedestrian,65 to 69,Major,0,South, , , , ,Vehicle turns left while ped crosses with ROW at inter.,"Crossing, no Traffic Control",Normal, , , ,1,0,1,0,0,0,0,0,0,1,0,0,0,0
1153821,2010,2,4,15,46,3,43.73904538,-79.51449029,York West (7),7,Downsview-Roding-CFB (26),26,D31,Etobicoke York,SHEPPARD AVE W,LAURA RD, ,Major Arterial,Mid-Block,At Intersection,No Control,Clear,Daylight,Dry,Non-Fatal Injury,Pedestrian Collisions,Driver,65 to 69,,0,West,"Automobile, Station Wagon",Going Ahead,Failed to Yield Right of Way,Normal, , , , , , ,1,0,1,0,0,0,0,0,0,1,0,0,0,0
987506,2007,9,1,16,5,5,43.83654538,-79.25119029,Scarborough-Rouge River (41),41,Milliken (130),130,D42,Scarborough,STEELES Aven E,MARKHAM Road, ,Major Arterial,Intersection,At Intersection,Traffic Signal,Clear,Daylight,Dry,Non-Fatal Injury,Angle,Driver,40 to 44,Minimal,0,South,"Automobile, Station Wagon",Going Ahead,Driving Properly,Normal, , , , , , ,0,0,1,0,0,0,0,1,1,1,1,0,0,0
987506,2007,9,1,16,5,5,43.83654538,-79.25119029,Scarborough-Rouge River (41),41,Milliken (130),130,D42,Scarborough,STEELES Aven E,MARKHAM Road, ,Major Arterial,Intersection,At Intersection,Traffic Signal,Clear,Daylight,Dry,Non-Fatal Injury,Angle,Passenger,5 to 9,,0, ,Other, , , , , , , , , ,0,0,1,0,0,0,0,1,1,1,1,0,0,0
987506,2007,9,1,16,5,5,43.83654538,-79.25119029,Scarborough-Rouge River (41),41,Milliken (130),130,D42,Scarborough,STEELES Aven E,MARKHAM Road, ,Major Arterial,Intersection,At Intersection,Traffic Signal,Clear,Daylight,Dry,Non-Fatal Injury,Angle,Passenger,0 to 4,,0, ,Other, , , , , , , , , ,0,0,1,0,0,0,0,1,1,1,1,0,0,0
987506,2007,9,1,16,5,5,43.83654538,-79.25119029,Scarborough-Rouge River (41),41,Milliken (130),130,D42,Scarborough,STEELES Aven E,MARKHAM Road, ,Major Arterial,Intersection,At Intersection,Traffic Signal,Clear,Daylight,Dry,Non-Fatal Injury,Angle,Passenger,5 to 9,,0, ,Other, , , , , , , , , ,0,0,1,0,0,0,0,1,1,1,1,0,0,0
987506,2007,9,1,16,5,5,43.83654538,-79.25119029,Scarborough-Rouge River (41),41,Milliken (130),130,D42,Scarborough,STEELES Aven E,MARKHAM Road, ,Major Arterial,Intersection,At Intersection,Traffic Signal,Clear,Daylight,Dry,Non-Fatal Injury,Angle,Passenger,30 to 34,Minor,0, ,Other, , , , , , , , , ,0,0,1,0,0,0,0,1,1,1,1,0,0,0
987506,2007,9,1,16,5,5,43.83654538,-79.25119029,Scarborough-Rouge River (41),41,Milliken (130),130,D42,Scarborough,STEELES Aven E,MARKHAM Road, ,Major Arterial,Intersection,At Intersection,Traffic Signal,Clear,Daylight,Dry,Non-Fatal Injury,Angle,Driver,30 to 34,,0,North,"Automobile, Station Wagon",Going Ahead,Driving Properly,Normal, , , , , , ,0,0,1,0,0,0,0,1,1,1,1,0,0,0
1160348,2010,2,24,16,5,2,43.63204538,-79.43439029,Parkdale-High Park (14),14,South Parkdale (85),85,D14,Toronto East York,LAKE SHORE Boul W,JAMESON Aven, ,Major Arterial,Mid-Block, ,No Control,Clear,Daylight,Dry,Non-Fatal Injury,Turning Movement,Driver,50 to 54,Minimal,0,East,"Automobile, Station Wagon",Going Ahead,Driving Properly,Normal, , , , , , ,0,0,1,0,0,0,0,1,0,0,0,0,0,0
1160348,2010,2,24,16,5,2,43.63204538,-79.43439029,Parkdale-High Park (14),14,South Parkdale (85),85,D14,Toronto East York,LAKE SHORE Boul W,JAMESON Aven, ,Major Arterial,Mid-Block, ,No Control,Clear,Daylight,Dry,Non-Fatal Injury,Turning Movement,Passenger,35 to 39,Major,0, ,Other, , , , , , , , , ,0,0,1,0,0,0,0,1,0,0,0,0,0,0
1160348,2010,2,24,16,5,2,43.63204538,-79.43439029,Parkdale-High Park (14),14,South Parkdale (85),85,D14,Toronto East York,LAKE SHORE Boul W,JAMESON Aven, ,Major Arterial,Mid-Block, ,No Control,Clear,Daylight,Dry,Non-Fatal Injury,Turning Movement,Driver,30 to 34,Minor,0,East,"Automobile, Station Wagon",Making U Turn,Improper Lane Change,Inattentive, , , , , , ,0,0,1,0,0,0,0,1,0,0,0,0,0,0