ACCNUM,YEAR,MONTH,DAY,HOUR,MINUTES,WEEKDAY,LATITUDE,LONGITUDE,Ward_Name,Ward_ID,Hood_Name,Hood_ID,Division,District,STREET1,STREET2,OFFSET,ROAD_CLASS,LOCCOORD,ACCLOC,TRAFFCTL,VISIBILITY,LIGHT,RDSFCOND,ACCLASS,IMPACTYPE,INVTYPE,INVAGE,INJURY,FATAL_NO,INITDIR,VEHTYPE,MANOEUVER,DRIVACT,DRIVCOND,PEDTYPE,PEDACT,PEDCOND,CYCLISTYPE,CYCACT,CYCCOND,PEDESTRIAN,CYCLIST,AUTOMOBILE,MOTORCYCLE,TRUCK,TRSN_CITY_VEH,EMERG_VEH,PASSENGER,SPEEDING,AG_DRIV,REDLIGHT,ALCOHOL,DISABILITY,label
1160348,2010,2,24,16,5,2,43.63204538,-79.43439029,Parkdale-High Park (14),14,South Parkdale (85),85,D14,Toronto East York,LAKE SHORE Boul W,JAMESON Aven, ,Major Arterial,Mid-Block, ,No Control,Clear,Daylight,Dry,Non-Fatal Injury,Turning Movement,Driver,35 to 39,,0,East,"Automobile, Station Wagon",Going Ahead,Driving Properly,Normal, , , , , , ,0,0,1,0,0,0,0,1,0,0,0,0,0,0
1155407,2010,3,2,16,5,1,43.60474538,-79.53139029,Etobicoke-Lakeshore (6),6,Alderwood (20),20,D22,Etobicoke York,HORNER AVE,EDILOU DR, ,Minor Arterial,Intersection, ,No Control,Clear,Daylight,Dry,Fatal,Pedestrian Collisions,Vehicle Owner,unknown, ,0, ,Other, , , , , , , , , ,1,0,0,0,1,0,0,0,0,0,0,0,0,1
1155407,2010,3,2,16,5,1,43.60474538,-79.53139029,Etobicoke-Lakeshore (6),6,Alderwood (20),20,D22,Etobicoke York,HORNER AVE,EDILOU DR, ,Minor Arterial,Intersection, ,No Control,Clear,Daylight,Dry,Fatal,Pedestrian Collisions,Truck Driver,45 to 49,,0,West,Truck - Open,Going Ahead,Driving Properly,Normal, , , , , , ,1,0,0,0,1,0,0,0,0,0,0,0,0,1
1155407,2010,3,2,16,5,1,43.60474538,-79.53139029,Etobicoke-Lakeshore (6),6,Alderwood (20),20,D22,Etobicoke York,HORNER AVE,EDILOU DR, ,Minor Arterial,Intersection, ,No Control,Clear,Daylight,Dry,Fatal,Pedestrian Collisions,Pedestrian,55 to 59,Fatal,13,South,Other, , , ,Pedestrian hit at mid-block,"Crossing, no Traffic Control",Unknown, , , ,1,0,0,0,1,0,0,0,0,0,0,0,0,1
7001038789,2017,6,11,16,5,6,43.71596838,-79.30464529,Don Valley East (34),34,Victoria Village (43),43,D54,North York,WAKUNDA PL,5, ,Local,Mid-Block,Non Intersection,No Control,Clear,Daylight,Dry,Non-Fatal Injury,Cyclist Collisions,Cyclist,25 to 29,Major,0,East,Bicycle,Other, , , , , , ,Other,Unknown,0,1,1,0,0,0,0,0,0,0,0,0,0,0
7001038789,2017,6,11,16,5,6,43.71596838,-79.30464529,Don Valley East (34),34,Victoria Village (43),43,D54,North York,WAKUNDA PL,5, ,Local,Mid-Block,Non Intersection,No Control,Clear,Daylight,Dry,Non-Fatal Injury,Cyclist Collisions,Driver,40 to 44,,0,West,"Automobile, Station Wagon",Going Ahead,Driving Properly,Normal, , , , , , ,0,1,1,0,0,0,0,0,0,0,0,0,0,0
7003202275,2017,12,15,16,5,4,43.68857938,-79.35318429,Toronto-Danforth (29),29,Broadview North (57),57,D54,Toronto East York,COSBURN AVE,LOGAN AVE,8 m East of,Minor Arterial,Intersection,At Intersection,Pedestrian Crossover,Snow,"Dusk, artificial",Loose Snow,Non-Fatal Injury,Pedestrian Collisions,Driver,45 to 49,,0,West,"Automobile, Station Wagon",Slowing or Stopping,Lost control,Normal, , , , , , ,1,0,1,0,0,0,0,0,0,0,0,0,0,0
7003202275,2017,12,15,16,5,4,43.68857938,-79.35318429,Toronto-Danforth (29),29,Broadview North (57),57,D54,Toronto East York,COSBURN AVE,LOGAN AVE,8 m East of,Minor Arterial,Intersection,At Intersection,Pedestrian Crossover,Snow,"Dusk, artificial",Loose Snow,Non-Fatal Injury,Pedestrian Collisions,Pedestrian,35 to 39,Major,0, , , , , , , ,Normal, , , ,1,0,1,0,0,0,0,0,0,0,0,0,0,0
1306744,2012,6,21,16,6,3,43.77974538,-79.30349029,Scarborough-Agincourt (40),40,Tam O'Shanter-Sullivan (118),118,D42,Scarborough,3477 SHEPPARD AVE E, , ,Major Arterial,Mid-Block, ,No Control,Clear,Daylight,Dry,Non-Fatal Injury,Cyclist Collisions,Driver,75 to 79,,0,North,"Automobile, Station Wagon",Going Ahead,Driving Properly,Normal, , , , , , ,0,1,1,0,0,0,0,0,0,0,0,0,0,0
1306744,2012,6,21,16,6,3,43.77974538,-79.30349029,Scarborough-Agincourt (40),40,Tam O'Shanter-Sullivan (118),118,D42,Scarborough,3477 SHEPPARD AVE E, , ,Major Arterial,Mid-Block, ,No Control,Clear,Daylight,Dry,Non-Fatal Injury,Cyclist Collisions,Cyclist,60 to 64,Major,0,East,Bicycle,Going Ahead, , , , , ,"Motorist without ROW drives into path of cyclist at inter, lnwy, dwy-Driver not turn.",Other,Normal,0,1,1,0,0,0,0,0,0,0,0,0,0,0
1312333,2012,7,25,16,6,2,43.77974538,-79.30349029,Scarborough-Agincourt (40),40,Tam O'Shanter-Sullivan (118),118,D42,Scarborough,SHEPPARD Aven E,ARAGON Aven, ,Major Arterial,Mid-Block, ,No Control,Clear,Daylight,Dry,Non-Fatal Injury,Other,Passenger,70 to 74,Major,0, ,Other, , , , , , , , , ,0,0,0,0,0,1,0,1,0,0,0,0,0,0
1312333,2012,7,25,16,6,2,43.77974538,-79.30349029,Scarborough-Agincourt (40),40,Tam O'Shanter-Sullivan (118),118,D42,Scarborough,SHEPPARD Aven E,ARAGON Aven, ,Major Arterial,Mid-Block, ,No Control,Clear,Daylight,Dry,Non-Fatal Injury,Other,Vehicle Owner,unknown, ,0, ,Other, , , , , , , , , ,0,0,0,0,0,1,0,1,0,0,0,0,0,0
1312333,2012,7,25,16,6,2,43.77974538,-79.30349029,Scarborough-Agincourt (40),40,Tam O'Shanter-Sullivan (118),118,D42,Scarborough,SHEPPARD Aven E,ARAGON Aven, ,Major Arterial,Mid-Block, ,No Control,Clear,Daylight,Dry,Non-Fatal Injury,Other,Driver,50 to 54,,0,East,Municipal Transit Bus (TTC),Going Ahead,Driving Properly,Normal, , , , , , ,0,0,0,0,0,1,0,1,0,0,0,0,0,0
6001455596,2016,8,17,16,6,2,43.76867636,-79.49236689,York West (8),8,York University Heights (27),27,D31,North York,KEELE ST,MURRAY ROSS PKWY,219 m North of,Major Arterial,Mid-Block,Non Intersection,No Control,Clear,Daylight,Dry,Non-Fatal Injury,Approaching,Driver,55 to 59,Major,0,North,"Automobile, Station Wagon",Going Ahead,Lost control,Medical or Physical Disability, , , , , , ,0,0,1,0,0,0,0,1,1,1,0,0,1,0
6001455596,2016,8,17,16,6,2,43.76867636,-79.49236689,York West (8),8,York University Heights (27),27,D31,North York,KEELE ST,MURRAY ROSS PKWY,219 m North of,Major Arterial,Mid-Block,Non Intersection,No Control,Clear,Daylight,Dry,Non-Fatal Injury,Approaching,Driver,40 to 44,Minimal,0,South,"Automobile, Station Wagon",Going Ahead,Driving Properly,Normal, , , , , , ,0,0,1,0,0,0,0,1,1,1,0,0,1,0
6001455596,2016,8,17,16,6,2,43.76867636,-79.49236689,York West (8),8,York University Heights (27),27,D31,North York,KEELE ST,MURRAY ROSS PKWY,219 m North of,Major Arterial,Mid-Block,Non Intersection,No Control,Clear,Daylight,Dry,Non-Fatal Injury,Approaching,Driver,35 to 39,Minimal,0,South,"Automobile, Station Wagon",Going Ahead,Driving Properly,Normal, , , , , , ,0,0,1,0,0,0,0,1,1,1,0,0,1,0
6001455596,2016,8,17,16,6,2,43.76867636,-79.49236689,York West (8),8,York University Heights (27),27,D31,North York,KEELE ST,MURRAY ROSS PKWY,219 m North of,Major Arterial,Mid-Block,Non Intersection,No Control,Clear,Daylight,Dry,Non-Fatal Injury,Approaching,Passenger,15 to 19,Minimal,0, , , , , , , , , , , ,0,0,1,0,0,0,0,1,1,1,0,0,1,0
6001455596,2016,8,17,16,6,2,43.76867636,-79.49236689,York West (8),8,York University Heights (27),27,D31,North York,KEELE ST,MURRAY ROSS PKWY,219 m North of,Major Arterial,Mid-Block,Non Intersection,No Control,Clear,Daylight,Dry,Non-Fatal Injury,Approaching,Passenger,5 to 9,Minimal,0, , , , , , , , , , , ,0,0,1,0,0,0,0,1,1,1,0,0,1,0
6001455596,2016,8,17,16,6,2,43.76867636,-79.49236689,York West (8),8,York University Heights (27),27,D31,North York,KEELE ST,MURRAY ROSS PKWY,219 m North of,Major Arterial,Mid-Block,Non Intersection,No Control,Clear,Daylight,Dry,Non-Fatal Injury,Approaching,Passenger,30 to 34,Minimal,0, , , , , , , , , , , ,0,0,1,0,0,0,0,1,1,1,0,0,1,0
7000503905,2017,3,21,16,6,1,43.76800538,-79.31959129,Scarborough-Agincourt (40),40,Wexford/Maryvale (119),119,D41,North York,EB HWY 401 OFF-RAMP,VICTORIA PARK AVE, ,Expressway,Intersection,At Intersection,Traffic Signal,Clear,Daylight,Dry,Non-Fatal Injury,Pedestrian Collisions,Driver,50 to 54,,0,East,"Automobile, Station Wagon",Turning Right,Failed to Yield Right of Way,Inattentive, , , , , , ,1,0,1,0,0,0,0,0,0,1,0,0,0,0
7000503905,2017,3,21,16,6,1,43.76800538,-79.31959129,Scarborough-Agincourt (40),40,Wexford/Maryvale (119),119,D41,North York,EB HWY 401 OFF-RAMP,VICTORIA PARK AVE, ,Expressway,Intersection,At Intersection,Traffic Signal,Clear,Daylight,Dry,Non-Fatal Injury,Pedestrian Collisions,Pedestrian,65 to 69,Major,0, , , , , , , ,Normal, , , ,1,0,1,0,0,0,0,0,0,1,0,0,0,0
7001052989,2017,6,13,16,6,1,43.79350622,-79.24007044,Scarborough-Rouge River (42),42,Agincourt South-Malvern West (128),128,D42,Scarborough,5085 SHEPPARD AVE E, , ,Major Arterial,Mid-Block,Non Intersection,No Control,Clear,Daylight,Dry,Fatal,Turning Movement,Driver,25 to 29,Minimal,0,West,"Automobile, Station Wagon",Turning Left,Improper Turn,Normal, , , , , , ,0,0,1,0,0,0,0,1,0,0,0,0,0,1
7001052989,2017,6,13,16,6,1,43.79350622,-79.24007044,Scarborough-Rouge River (42),42,Agincourt South-Malvern West (128),128,D42,Scarborough,5085 SHEPPARD AVE E, , ,Major Arterial,Mid-Block,Non Intersection,No Control,Clear,Daylight,Dry,Fatal,Turning Movement,Passenger,40 to 44,Major,0, , , , , , , , , , , ,0,0,1,0,0,0,0,1,0,0,0,0,0,1
7001052989,2017,6,13,16,6,1,43.79350622,-79.24007044,Scarborough-Rouge River (42),42,Agincourt South-Malvern West (128),128,D42,Scarborough,5085 SHEPPARD AVE E, , ,Major Arterial,Mid-Block,Non Intersection,No Control,Clear,Daylight,Dry,Fatal,Turning Movement,Passenger,0 to 4,Fatal,27, , , , , , , , , , , ,0,0,1,0,0,0,0,1,0,0,0,0,0,1
7001052989,2017,6,13,16,6,1,43.79350622,-79.24007044,Scarborough-Rouge River (42),42,Agincourt South-Malvern West (128),128,D42,Scarborough,5085 SHEPPARD AVE E, , ,Major Arterial,Mid-Block,Non Intersection,No Control,Clear,Daylight,Dry,Fatal,Turning Movement,Driver,55 to 59,Minimal,0,East,"Automobile, Station Wagon",Going Ahead,Driving Properly,Normal, , , , , , ,0,0,1,0,0,0,0,1,0,0,0,0,0,1
982207,2007,7,18,16,7,2,43.74534538,-79.29469029,Scarborough Centre (37),37,Wexford/Maryvale (119),119,D41,Scarborough,LAWRENCE AVE E,WARDEN AVE, ,Major Arterial,Intersection,At Intersection,Traffic Signal,Clear,Daylight,Dry,Fatal,Pedestrian Collisions,Driver,25 to 29,Minor,0,South,"Automobile, Station Wagon",Stopped,Driving Properly,Normal, , , , , , ,1,0,1,0,1,0,0,1,0,0,0,0,0,1
982207,2007,7,18,16,7,2,43.74534538,-79.29469029,Scarborough Centre (37),37,Wexford/Maryvale (119),119,D41,Scarborough,LAWRENCE AVE E,WARDEN AVE, ,Major Arterial,Intersection,At Intersection,Traffic Signal,Clear,Daylight,Dry,Fatal,Pedestrian Collisions,Driver,50 to 54,,0,North,"Automobile, Station Wagon",Going Ahead,Driving Properly,Normal, , , , , , ,1,0,1,0,1,0,0,1,0,0,0,0,0,1
982207,2007,7,18,16,7,2,43.74534538,-79.29469029,Scarborough Centre (37),37,Wexford/Maryvale (119),119,D41,Scarborough,LAWRENCE AVE E,WARDEN AVE, ,Major Arterial,Intersection,At Intersection,Traffic Signal,Clear,Daylight,Dry,Fatal,Pedestrian Collisions,Vehicle Owner,unknown, ,0, ,Other, , , , , , , , , ,1,0,1,0,1,0,0,1,0,0,0,0,0,1
982207,2007,7,18,16,7,2,43.74534538,-79.29469029,Scarborough Centre (37),37,Wexford/Maryvale (119),119,D41,Scarborough,LAWRENCE AVE E,WARDEN AVE, ,Major Arterial,Intersection,At Intersection,Traffic Signal,Clear,Daylight,Dry,Fatal,Pedestrian Collisions,Passenger,5 to 9,Minor,0, ,Other, , , , , , , , , ,1,0,1,0,1,0,0,1,0,0,0,0,0,1
982207,2007,7,18,16,7,2,43.74534538,-79.29469029,Scarborough Centre (37),37,Wexford/Maryvale (119),119,D41,Scarborough,LAWRENCE AVE E,WARDEN AVE, ,Major Arterial,Intersection,At Intersection,Traffic Signal,Clear,Daylight,Dry,Fatal,Pedestrian Collisions,Passenger,0 to 4,Minor,0, ,Other, , , , , , , , , ,1,0,1,0,1,0,0,1,0,0,0,0,0,1
982207,2007,7,18,16,7,2,43.74534538,-79.29469029,Scarborough Centre (37),37,Wexford/Maryvale (119),119,D41,Scarborough,LAWRENCE AVE E,WARDEN AVE, ,Major Arterial,Intersection,At Intersection,Traffic Signal,Clear,Daylight,Dry,Fatal,Pedestrian Collisions,Driver,45 to 49,Major,0,East,"Automobile, Station Wagon",Going Ahead,Lost control,Unknown, , , , , , ,1,0,1,0,1,0,0,1,0,0,0,0,0,1
982207,2007,7,18,16,7,2,43.74534538,-79.29469029,Scarborough Centre (37),37,Wexford/Maryvale (119),119,D41,Scarborough,LAWRENCE AVE E,WARDEN AVE, ,Major Arterial,Intersection,At Intersection,Traffic Signal,Clear,Daylight,Dry,Fatal,Pedestrian Collisions,Other,unknown,,0, ,Other, , , , , , , , , ,1,0,1,0,1,0,0,1,0,0,0,0,0,1
982207,2007,7,18,16,7,2,43.74534538,-79.29469029,Scarborough Centre (37),37,Wexford/Maryvale (119),119,D41,Scarborough,LAWRENCE AVE E,WARDEN AVE, ,Major Arterial,Intersection,At Intersection,Traffic Signal,Clear,Daylight,Dry,Fatal,Pedestrian Collisions,Other Property Owner,unknown, ,0, ,Other, , , , , , , , , ,1,0,1,0,1,0,0,1,0,0,0,0,0,1
982207,2007,7,18,16,7,2,43.74534538,-79.29469029,Scarborough Centre (37),37,Wexford/Maryvale (119),119,D41,Scarborough,LAWRENCE AVE E,WARDEN AVE, ,Major Arterial,Intersection,At Intersection,Traffic Signal,Clear,Daylight,Dry,Fatal,Pedestrian Collisions,Other Property Owner,unknown, ,0, ,Other, , , , , , , , , ,1,0,1,0,1,0,0,1,0,0,0,0,0,1
982207,2007,7,18,16,7,2,43.74534538,-79.29469029,Scarborough Centre (37),37,Wexford/Maryvale (119),119,D41,Scarborough,LAWRENCE AVE E,WARDEN AVE, ,Major Arterial,Intersection,At Intersection,Traffic Signal,Clear,Daylight,Dry,Fatal,Pedestrian Collisions,Pedestrian,35 to 39,Minor,0, ,Other, , , ,Pedestrian hit on sidewalk or shoulder,On Sidewalk or Shoulder,Normal, , , ,1,0,1,0,1,0,0,1,0,0,0,0,0,1
982207,2007,7,18,16,7,2,43.74534538,-79.29469029,Scarborough Centre (37),37,Wexford/Maryvale (119),119,D41,Scarborough,LAWRENCE AVE E,WARDEN AVE, ,Major Arterial,Intersection,At Intersection,Traffic Signal,Clear,Daylight,Dry,Fatal,Pedestrian Collisions,Pedestrian,unknown,Minor,0, ,Other, , , ,Pedestrian hit on sidewalk or shoulder,On Sidewalk or Shoulder,Normal, , , ,1,0,1,0,1,0,0,1,0,0,0,0,0,1
982207,2007,7,18,16,7,2,43.74534538,-79.29469029,Scarborough Centre (37),37,Wexford/Maryvale (119),119,D41,Scarborough,LAWRENCE AVE E,WARDEN AVE, ,Major Arterial,Intersection,At Intersection,Traffic Signal,Clear,Daylight,Dry,Fatal,Pedestrian Collisions,Pedestrian,35 to 39,Fatal,0, ,Other, , , ,Pedestrian hit on sidewalk or shoulder,On Sidewalk or Shoulder,Normal, , , ,1,0,1,0,1,0,0,1,0,0,0,0,0,1
982207,2007,7,18,16,7,2,43.74534538,-79.29469029,Scarborough Centre (37),37,Wexford/Maryvale (119),119,D41,Scarborough,LAWRENCE AVE E,WARDEN AVE, ,Major Arterial,Intersection,At Intersection,Traffic Signal,Clear,Daylight,Dry,Fatal,Pedestrian Collisions,Vehicle Owner,unknown, ,0, ,Other, , , , , , , , , ,1,0,1,0,1,0,0,1,0,0,0,0,0,1
982207,2007,7,18,16,7,2,43.74534538,-79.29469029,Scarborough Centre (37),37,Wexford/Maryvale (119),119,D41,Scarborough,LAWRENCE AVE E,WARDEN AVE, ,Major Arterial,Intersection,At Intersection,Traffic Signal,Clear,Daylight,Dry,Fatal,Pedestrian Collisions,Truck Driver,50 to 54,Minor,0,South,Truck - Open,Going Ahead,Driving Properly,Normal, , , , , , ,1,0,1,0,1,0,0,1,0,0,0,0,0,1
1137502,2009,11,17,16,7,1,43.69814538,-79.45909029,Eglinton-Lawrence (15),15,Briar Hill-Belgravia (108),108,D13,North York,RONALD AVE,SCHELL AVE, ,Collector,Mid-Block, ,No Control,Clear,Daylight,Dry,Non-Fatal Injury,Pedestrian Collisions,Driver,75 to 79,,0,South,"Automobile, Station Wagon",Going Ahead,Failed to Yield Right of Way,Unknown, , , , , , ,1,0,1,0,0,0,0,0,0,1,0,0,0,0
1137502,2009,11,17,16,7,1,43.69814538,-79.45909029,Eglinton-Lawrence (15),15,Briar Hill-Belgravia (108),108,D13,North York,RONALD AVE,SCHELL AVE, ,Collector,Mid-Block, ,No Control,Clear,Daylight,Dry,Non-Fatal Injury,Pedestrian Collisions,Wheelchair,75 to 79,Major,0,South,Other,Going Ahead, , ,Pedestrian hit at mid-block,Crossing with right of way,Normal, , , ,1,0,1,0,0,0,0,0,0,1,0,0,0,0
1015408,2008,1,16,16,8,2,43.79104538,-79.29169029,Scarborough-Agincourt (39),39,Tam O'Shanter-Sullivan (118),118,D42,Scarborough,KENNEDY Road,HAVENDALE Road, ,Major Arterial,Intersection,At Intersection,Traffic Signal,Clear,Daylight,Dry,Non-Fatal Injury,Turning Movement,Driver,45 to 49,Minor,0,South,"Automobile, Station Wagon",Turning Left,Driving Properly,Normal, , , , , , ,0,0,1,0,0,0,0,0,0,1,1,0,1,0
1015408,2008,1,16,16,8,2,43.79104538,-79.29169029,Scarborough-Agincourt (39),39,Tam O'Shanter-Sullivan (118),118,D42,Scarborough,KENNEDY Road,HAVENDALE Road, ,Major Arterial,Intersection,At Intersection,Traffic Signal,Clear,Daylight,Dry,Non-Fatal Injury,Turning Movement,Driver,90 to 94,Major,0,North,"Automobile, Station Wagon",Going Ahead,Disobeyed Traffic Control,Medical or Physical Disability, , , , , , ,0,0,1,0,0,0,0,0,0,1,1,0,1,0
1102106,2009,4,7,16,8,1,43.68934538,-79.35499029,Toronto-Danforth (29),29,Broadview North (57),57,D54,Toronto East York,BROADVIEW AVE,GAMBLE AVE, ,Minor Arterial,Intersection, ,No Control,Clear,Daylight,Dry,Non-Fatal Injury,SMV Other,Vehicle Owner,unknown, ,0, ,Other, , , , , , , , , ,0,0,1,0,0,0,0,0,1,1,0,1,0,0
1102106,2009,4,7,16,8,1,43.68934538,-79.35499029,Toronto-Danforth (29),29,Broadview North (57),57,D54,Toronto East York,BROADVIEW AVE,GAMBLE AVE, ,Minor Arterial,Intersection, ,No Control,Clear,Daylight,Dry,Non-Fatal Injury,SMV Other,Driver,55 to 59,Major,0,South,"Automobile, Station Wagon",Going Ahead,Exceeding Speed Limit,"Ability Impaired, Alcohol Over .08", , , , , , ,0,0,1,0,0,0,0,0,1,1,0,1,0,0
143015764,2014,9,30,16,8,1,43.67233237,-79.46850977,York South-Weston (11),11,Junction Area (90),90,D11,Etobicoke York,ST CLAIR AVE W,KEELE ST, ,Major Arterial,Mid-Block, ,No Control,Clear,Daylight,Dry,Fatal,Pedestrian Collisions,Driver,45 to 49,,0,East,Street Car,Slowing or Stopping,Driving Properly,Normal, , , , , , ,1,0,0,0,0,1,0,0,0,0,0,0,0,1
143015764,2014,9,30,16,8,1,43.67233237,-79.46850977,York South-Weston (11),11,Junction Area (90),90,D11,Etobicoke York,ST CLAIR AVE W,KEELE ST, ,Major Arterial,Mid-Block, ,No Control,Clear,Daylight,Dry,Fatal,Pedestrian Collisions,Pedestrian,70 to 74,Fatal,30,North, , , , ,Pedestrian involved in a collision with transit vehicle anywhere along roadway,"Crossing, no Traffic Control",Unknown, , , ,1,0,0,0,0,1,0,0,0,0,0,0,0,1
6001802808,2016,10,10,16,8,0,43.78851279,-79.14571009,Scarborough East (44),44,Centennial Scarborough (133),133,D43,Scarborough,391 LAWSON RD, , ,Collector,Mid-Block,At/Near Private Drive,No Control,Clear,Daylight,Dry,Non-Fatal Injury,Rear End,Driver,20 to 24,,0,East,"Automobile, Station Wagon",Going Ahead,Following too Close,Normal, , , , , , ,0,0,1,0,0,0,0,0,1,1,0,0,0,0
6001802808,2016,10,10,16,8,0,43.78851279,-79.14571009,Scarborough East (44),44,Centennial Scarborough (133),133,D43,Scarborough,391 LAWSON RD, , ,Collector,Mid-Block,At/Near Private Drive,No Control,Clear,Daylight,Dry,Non-Fatal Injury,Rear End,Driver,25 to 29,Minimal,0,East,"Automobile, Station Wagon",Turning Left,Driving Properly,Normal, , , , , , ,0,0,1,0,0,0,0,0,1,1,0,0,0,0
6001802808,2016,10,10,16,8,0,43.78851279,-79.14571009,Scarborough East (44),44,Centennial Scarborough (133),133,D43,Scarborough,391 LAWSON RD, , ,Collector,Mid-Block,At/Near Private Drive,No Control,Clear,Daylight,Dry,Non-Fatal Injury,Rear End,Driver,60 to 64,Major,0,West,"Automobile, Station Wagon",Going Ahead,Driving Properly,Normal, , , , , , ,0,0,1,0,0,0,0,0,1,1,0,0,0,0
1199497,2010,9,11,16,9,5,43.63854538,-79.38789029,Trinity-Spadina (20),20,Waterfront Communities-The Island (77),77,D52,Toronto East York,QUEENS QUAY W,LOWER SIMCOE ST, ,Minor Arterial,Mid-Block, ,No Control,Clear,Daylight,Dry,Non-Fatal Injury,Sideswipe,Vehicle Owner,unknown, ,0, ,Other, , , , , , , , , ,0,0,1,0,0,1,0,0,0,0,0,0,0,0
1199497,2010,9,11,16,9,5,43.63854538,-79.38789029,Trinity-Spadina (20),20,Waterfront Communities-The Island (77),77,D52,Toronto East York,QUEENS QUAY W,LOWER SIMCOE ST, ,Minor Arterial,Mid-Block, ,No Control,Clear,Daylight,Dry,Non-Fatal Injury,Sideswipe,Driver,55 to 59,Major,0,West,"Automobile, Station Wagon",Turning Left,Improper Lane Change,Inattentive, , , , , , ,0,0,1,0,0,1,0,0,0,0,0,0,0,0
1199497,2010,9,11,16,9,5,43.63854538,-79.38789029,Trinity-Spadina (20),20,Waterfront Communities-The Island (77),77,D52,Toronto East York,QUEENS QUAY W,LOWER SIMCOE ST, ,Minor Arterial,Mid-Block, ,No Control,Clear,Daylight,Dry,Non-Fatal Injury,Sideswipe,Vehicle Owner,unknown, ,0, ,Other, , , , , , , , , ,0,0,1,0,0,1,0,0,0,0,0,0,0,0
1199497,2010,9,11,16,9,5,43.63854538,-79.38789029,Trinity-Spadina (20),20,Waterfront Communities-The Island (77),77,D52,Toronto East York,QUEENS QUAY W,LOWER SIMCOE ST, ,Minor Arterial,Mid-Block, ,No Control,Clear,Daylight,Dry,Non-Fatal Injury,Sideswipe,Driver,40 to 44,,0,West,Municipal Transit Bus (TTC),Going Ahead,Driving Properly,Normal, , , , , , ,0,0,1,0,0,1,0,0,0,0,0,0,0,0
1267989,2011,10,3,16,9,0,43.66204538,-79.38619029,Toronto Centre-Rosedale (27),27,Bay Street Corridor (76),76,D52,Toronto East York,BAY ST,GRENVILLE ST, ,Major Arterial,Mid-Block, ,No Control,Clear,Daylight,Dry,Non-Fatal Injury,Cyclist Collisions,Driver,60 to 64,,0,South,"Automobile, Station Wagon",Overtaking,Improper Lane Change,Inattentive, , , , , , ,0,1,1,0,0,0,0,0,0,0,0,0,0,0
1267989,2011,10,3,16,9,0,43.66204538,-79.38619029,Toronto Centre-Rosedale (27),27,Bay Street Corridor (76),76,D52,Toronto East York,BAY ST,GRENVILLE ST, ,Major Arterial,Mid-Block, ,No Control,Clear,Daylight,Dry,Non-Fatal Injury,Cyclist Collisions,Vehicle Owner,unknown, ,0, ,Other, , , , , , , , , ,0,1,1,0,0,0,0,0,0,0,0,0,0,0
1267989,2011,10,3,16,9,0,43.66204538,-79.38619029,Toronto Centre-Rosedale (27),27,Bay Street Corridor (76),76,D52,Toronto East York,BAY ST,GRENVILLE ST, ,Major Arterial,Mid-Block, ,No Control,Clear,Daylight,Dry,Non-Fatal Injury,Cyclist Collisions,Cyclist,55 to 59,Major,0,South,Bicycle,Going Ahead, , , , , ,Cyclist and Driver travelling in same direction. One vehicle sideswipes the other.,Driving Properly,Normal,0,1,1,0,0,0,0,0,0,0,0,0,0,0
960441,2007,2,24,16,10,5,43.74644538,-79.39159029,Don Valley West (25),25,Bridle Path-Sunnybrook-York Mills (41),41,D32,North York,YORK MILLS RD,BIRCHWOOD AVE, ,Major Arterial,Intersection,At Intersection,Pedestrian Crossover,Clear,Daylight,Dry,Non-Fatal Injury,Pedestrian Collisions,Passenger,10 to 14,Minimal,0, ,Other, , , , , , , , , ,1,0,1,0,0,0,0,1,1,1,0,0,0,0
960441,2007,2,24,16,10,5,43.74644538,-79.39159029,Don Valley West (25),25,Bridle Path-Sunnybrook-York Mills (41),41,D32,North York,YORK MILLS RD,BIRCHWOOD AVE, ,Major Arterial,Intersection,At Intersection,Pedestrian Crossover,Clear,Daylight,Dry,Non-Fatal Injury,Pedestrian Collisions,Driver,30 to 34,,0,West,"Automobile, Station Wagon",Going Ahead,Disobeyed Traffic Control,Normal, , , , , , ,1,0,1,0,0,0,0,1,1,1,0,0,0,0
960441,2007,2,24,16,10,5,43.74644538,-79.39159029,Don Valley West (25),25,Bridle Path-Sunnybrook-York Mills (41),41,D32,North York,YORK MILLS RD,BIRCHWOOD AVE, ,Major Arterial,Intersection,At Intersection,Pedestrian Crossover,Clear,Daylight,Dry,Non-Fatal Injury,Pedestrian Collisions,Pedestrian,15 to 19,Major,0, ,Other, , , ,Pedestrian hit a PXO/ped. Mid-block signal,"Crossing, Pedestrian Crossover",Normal, , , ,1,0,1,0,0,0,0,1,1,1,0,0,0,0
973970,2007,5,24,16,10,3,43.66874538,-79.48349029,York South-Weston (11),11,Rockcliffe-Smythe (111),111,D11,Etobicoke York,RUNNYMEDE Road,ST CLAIR Aven W, ,Minor Arterial,Mid-Block, ,No Control,Clear,Daylight,Dry,Non-Fatal Injury,Sideswipe,Passenger,0 to 4,Major,0, ,Other, , , , , , , , , ,0,0,1,0,0,1,0,1,0,1,0,0,0,0
973970,2007,5,24,16,10,3,43.66874538,-79.48349029,York South-Weston (11),11,Rockcliffe-Smythe (111),111,D11,Etobicoke York,RUNNYMEDE Road,ST CLAIR Aven W, ,Minor Arterial,Mid-Block, ,No Control,Clear,Daylight,Dry,Non-Fatal Injury,Sideswipe,Driver,40 to 44,Major,0,North,"Automobile, Station Wagon",Going Ahead,Failed to Yield Right of Way,Normal, , , , , , ,0,0,1,0,0,1,0,1,0,1,0,0,0,0