ACCNUM,YEAR,MONTH,DAY,HOUR,MINUTES,WEEKDAY,LATITUDE,LONGITUDE,Ward_Name,Ward_ID,Hood_Name,Hood_ID,Division,District,STREET1,STREET2,OFFSET,ROAD_CLASS,LOCCOORD,ACCLOC,TRAFFCTL,VISIBILITY,LIGHT,RDSFCOND,ACCLASS,IMPACTYPE,INVTYPE,INVAGE,INJURY,FATAL_NO,INITDIR,VEHTYPE,MANOEUVER,DRIVACT,DRIVCOND,PEDTYPE,PEDACT,PEDCOND,CYCLISTYPE,CYCACT,CYCCOND,PEDESTRIAN,CYCLIST,AUTOMOBILE,MOTORCYCLE,TRUCK,TRSN_CITY_VEH,EMERG_VEH,PASSENGER,SPEEDING,AG_DRIV,REDLIGHT,ALCOHOL,DISABILITY,label
973970,2007,5,24,16,10,3,43.66874538,-79.48349029,York South-Weston (11),11,Rockcliffe-Smythe (111),111,D11,Etobicoke York,RUNNYMEDE Road,ST CLAIR Aven W, ,Minor Arterial,Mid-Block, ,No Control,Clear,Daylight,Dry,Non-Fatal Injury,Sideswipe,Vehicle Owner,unknown,,0, ,Other, , , , , , , , , ,0,0,1,0,0,1,0,1,0,1,0,0,0,0
973970,2007,5,24,16,10,3,43.66874538,-79.48349029,York South-Weston (11),11,Rockcliffe-Smythe (111),111,D11,Etobicoke York,RUNNYMEDE Road,ST CLAIR Aven W, ,Minor Arterial,Mid-Block, ,No Control,Clear,Daylight,Dry,Non-Fatal Injury,Sideswipe,Driver,50 to 54,Major,0,North,Municipal Transit Bus (TTC),Going Ahead,Driving Properly,Normal, , , , , , ,0,0,1,0,0,1,0,1,0,1,0,0,0,0
1054754,2008,7,31,16,10,3,43.63034538,-79.48429029,Etobicoke-Lakeshore (5),5,Stonegate-Queensway (16),16,D22,Etobicoke York,THE QUEENSWAY,STEPHEN Driv, ,Major Arterial,Intersection,At Intersection,Traffic Signal,Clear,Daylight,Dry,Non-Fatal Injury,Cyclist Collisions,Driver,25 to 29,,0,West,"Automobile, Station Wagon",Going Ahead,Driving Properly,Normal, , , , , , ,0,1,1,0,0,0,0,0,0,0,0,0,0,0
1054754,2008,7,31,16,10,3,43.63034538,-79.48429029,Etobicoke-Lakeshore (5),5,Stonegate-Queensway (16),16,D22,Etobicoke York,THE QUEENSWAY,STEPHEN Driv, ,Major Arterial,Intersection,At Intersection,Traffic Signal,Clear,Daylight,Dry,Non-Fatal Injury,Cyclist Collisions,Cyclist,20 to 24,Major,0,West,Bicycle,Changing Lanes, , , , , ,Cyclist and Driver travelling in same direction. One vehicle sideswipes the other.,Improper Lane Change,Unknown,0,1,1,0,0,0,0,0,0,0,0,0,0,0
1085959,2009,2,2,16,10,0,43.75204538,-79.54239029,York West (7),7,Humbermede (22),22,D31,Etobicoke York,FINCH AVE W,WESTON RD, ,Major Arterial,Intersection,At Intersection,Traffic Signal,Clear,Daylight,Dry,Fatal,Pedestrian Collisions,Vehicle Owner,unknown, ,0, ,Other, , , , , , , , , ,1,0,0,0,1,0,0,0,0,1,0,0,0,1
1085959,2009,2,2,16,10,0,43.75204538,-79.54239029,York West (7),7,Humbermede (22),22,D31,Etobicoke York,FINCH AVE W,WESTON RD, ,Major Arterial,Intersection,At Intersection,Traffic Signal,Clear,Daylight,Dry,Fatal,Pedestrian Collisions,Truck Driver,55 to 59,,0,South,Truck - Open,Turning Left,Failed to Yield Right of Way,Normal, , , , , , ,1,0,0,0,1,0,0,0,0,1,0,0,0,1
1085959,2009,2,2,16,10,0,43.75204538,-79.54239029,York West (7),7,Humbermede (22),22,D31,Etobicoke York,FINCH AVE W,WESTON RD, ,Major Arterial,Intersection,At Intersection,Traffic Signal,Clear,Daylight,Dry,Fatal,Pedestrian Collisions,Pedestrian,90 to 94,Fatal,3,North,Other, , , ,Vehicle turns left while ped crosses with ROW at inter.,Crossing with right of way,Medical or Physical Disability, , , ,1,0,0,0,1,0,0,0,0,1,0,0,0,1
1250782,2011,7,14,16,10,3,43.68254538,-79.39979029,St. Paul's (22),22,Yonge-St.Clair (97),97,D53,Toronto East York,AVENUE Road,EDMUND Aven, ,Major Arterial,Intersection, ,Traffic Signal,Clear,Daylight,Dry,Non-Fatal Injury,Cyclist Collisions,Driver,50 to 54,,0,North,"Automobile, Station Wagon",Going Ahead,Driving Properly,Normal, , , , , , ,0,1,1,0,0,0,0,0,0,0,0,0,0,0
1250782,2011,7,14,16,10,3,43.68254538,-79.39979029,St. Paul's (22),22,Yonge-St.Clair (97),97,D53,Toronto East York,AVENUE Road,EDMUND Aven, ,Major Arterial,Intersection, ,Traffic Signal,Clear,Daylight,Dry,Non-Fatal Injury,Cyclist Collisions,Cyclist,25 to 29,Major,0,East,Bicycle,Going Ahead, , , , , ,"Cyclist without ROW rides into path of motorist at inter, lnwy, dwy-Cyclist not turn.",Disobeyed Traffic Control,Inattentive,0,1,1,0,0,0,0,0,0,0,0,0,0,0
1273001,2011,11,2,16,10,2,43.65294538,-79.42939029,Davenport (18),18,Little Portugal (84),84,D14,Toronto East York,COLLEGE ST,HAVELOCK ST, ,Major Arterial,Intersection,At Intersection,Stop Sign,Clear,Daylight,Dry,Non-Fatal Injury,Turning Movement,Motorcycle Driver,65 to 69,Major,0,West,Motorcycle,Going Ahead,Driving Properly,Normal, , , , , , ,0,0,1,1,0,0,0,0,1,1,0,0,0,0
1273001,2011,11,2,16,10,2,43.65294538,-79.42939029,Davenport (18),18,Little Portugal (84),84,D14,Toronto East York,COLLEGE ST,HAVELOCK ST, ,Major Arterial,Intersection,At Intersection,Stop Sign,Clear,Daylight,Dry,Non-Fatal Injury,Turning Movement,Vehicle Owner,unknown, ,0, ,Other, , , , , , , , , ,0,0,1,1,0,0,0,0,1,1,0,0,0,0
1273001,2011,11,2,16,10,2,43.65294538,-79.42939029,Davenport (18),18,Little Portugal (84),84,D14,Toronto East York,COLLEGE ST,HAVELOCK ST, ,Major Arterial,Intersection,At Intersection,Stop Sign,Clear,Daylight,Dry,Non-Fatal Injury,Turning Movement,Driver,15 to 19,,0,South,"Automobile, Station Wagon",Turning Right,Failed to Yield Right of Way,Normal, , , , , , ,0,0,1,1,0,0,0,0,1,1,0,0,0,0
1301507,2012,5,5,16,10,5,43.65494538,-79.42029029,Trinity-Spadina (19),19,Palmerston-Little Italy (80),80,D14,Toronto East York,COLLEGE St,SHAW St, ,Major Arterial,Intersection,At Intersection,Stop Sign,Clear,Daylight,Dry,Non-Fatal Injury,Cyclist Collisions,Vehicle Owner,unknown, ,0, ,Other, , , , , , , , , ,0,1,1,0,0,0,0,0,0,1,0,0,0,0
1301507,2012,5,5,16,10,5,43.65494538,-79.42029029,Trinity-Spadina (19),19,Palmerston-Little Italy (80),80,D14,Toronto East York,COLLEGE St,SHAW St, ,Major Arterial,Intersection,At Intersection,Stop Sign,Clear,Daylight,Dry,Non-Fatal Injury,Cyclist Collisions,Driver,45 to 49,,0,South,"Automobile, Station Wagon",Turning Left,Failed to Yield Right of Way,Normal, , , , , , ,0,1,1,0,0,0,0,0,0,1,0,0,0,0
1301507,2012,5,5,16,10,5,43.65494538,-79.42029029,Trinity-Spadina (19),19,Palmerston-Little Italy (80),80,D14,Toronto East York,COLLEGE St,SHAW St, ,Major Arterial,Intersection,At Intersection,Stop Sign,Clear,Daylight,Dry,Non-Fatal Injury,Cyclist Collisions,Cyclist,20 to 24,Major,0,West,Bicycle,Going Ahead, , , , , ,Motorist turned left across cyclists path.,Speed too Fast For Condition,Normal,0,1,1,0,0,0,0,0,0,1,0,0,0,0
1311229,2012,7,15,16,10,6,43.79504538,-79.40849029,Willowdale (24),24,Newtonbrook East (50),50,D32,North York,145 NEWTON Dr, , ,Collector,Mid-Block, ,No Control,Clear,Daylight,Dry,Non-Fatal Injury,SMV Other,Vehicle Owner,unknown, ,0, ,Other, , , , , , , , , ,0,0,1,0,0,0,0,1,0,0,0,0,0,0
1311229,2012,7,15,16,10,6,43.79504538,-79.40849029,Willowdale (24),24,Newtonbrook East (50),50,D32,North York,145 NEWTON Dr, , ,Collector,Mid-Block, ,No Control,Clear,Daylight,Dry,Non-Fatal Injury,SMV Other,Driver,35 to 39,,0,East,"Automobile, Station Wagon",Going Ahead,Driving Properly,Inattentive, , , , , , ,0,0,1,0,0,0,0,1,0,0,0,0,0,0
1311229,2012,7,15,16,10,6,43.79504538,-79.40849029,Willowdale (24),24,Newtonbrook East (50),50,D32,North York,145 NEWTON Dr, , ,Collector,Mid-Block, ,No Control,Clear,Daylight,Dry,Non-Fatal Injury,SMV Other,Passenger,30 to 34,Major,0, ,Other, , , , , , , , , ,0,0,1,0,0,0,0,1,0,0,0,0,0,0
1383782,2013,8,3,16,10,5,43.67619284,-79.35886011,Toronto-Danforth (30),30,North Riverdale (68),68,D55,Toronto East York,DANFORTH Ave,BROADVIEW Ave, ,Major Arterial,Intersection, ,Traffic Signal,Clear,Daylight,Dry,Non-Fatal Injury,Angle,Motorcycle Driver,40 to 44,Major,0,West,Motorcycle,Going Ahead,Driving Properly,Normal, , , , , , ,0,0,1,1,0,0,0,0,0,1,1,0,0,0
1383782,2013,8,3,16,10,5,43.67619284,-79.35886011,Toronto-Danforth (30),30,North Riverdale (68),68,D55,Toronto East York,DANFORTH Ave,BROADVIEW Ave, ,Major Arterial,Intersection, ,Traffic Signal,Clear,Daylight,Dry,Non-Fatal Injury,Angle,Vehicle Owner,unknown, ,0, ,Other, , , , , , , , , ,0,0,1,1,0,0,0,0,0,1,1,0,0,0
1383782,2013,8,3,16,10,5,43.67619284,-79.35886011,Toronto-Danforth (30),30,North Riverdale (68),68,D55,Toronto East York,DANFORTH Ave,BROADVIEW Ave, ,Major Arterial,Intersection, ,Traffic Signal,Clear,Daylight,Dry,Non-Fatal Injury,Angle,Driver,40 to 44,,0,East,"Automobile, Station Wagon",Stopped,Driving Properly,Normal, , , , , , ,0,0,1,1,0,0,0,0,0,1,1,0,0,0
1383782,2013,8,3,16,10,5,43.67619284,-79.35886011,Toronto-Danforth (30),30,North Riverdale (68),68,D55,Toronto East York,DANFORTH Ave,BROADVIEW Ave, ,Major Arterial,Intersection, ,Traffic Signal,Clear,Daylight,Dry,Non-Fatal Injury,Angle,Driver,75 to 79,Minimal,0,South,"Automobile, Station Wagon",Going Ahead,Disobeyed Traffic Control,Inattentive, , , , , , ,0,0,1,1,0,0,0,0,0,1,1,0,0,0
1251711,2011,7,21,16,45,3,43.66744538,-79.31139029,Beaches-East York (32),32,The Beaches (63),63,D55,Toronto East York,NORTHERN DANCER BLVD,QUEEN ST E, ,Minor Arterial,Intersection,At Intersection,Stop Sign,Clear,Daylight,Dry,Non-Fatal Injury,Pedestrian Collisions,Driver,35 to 39,,0,North,"Automobile, Station Wagon",Turning Left,Failed to Yield Right of Way,Inattentive, , , , , , ,1,0,1,0,0,0,0,0,0,1,0,0,0,0
1158031,2010,3,17,15,46,2,43.77004538,-79.17879029,Scarborough East (44),44,West Hill (136),136,D43,Scarborough,LAWRENCE AVE E,WEST HILL DR, ,Minor Arterial,Mid-Block, ,No Control,Clear,Daylight,Dry,Non-Fatal Injury,SMV Unattended Vehicle,Driver,80 to 84,Major,0,East,"Automobile, Station Wagon",Going Ahead,Lost control,Unknown, , , , , , ,0,0,1,0,0,0,0,0,0,0,0,0,0,0
6001532518,2016,8,29,16,10,0,43.76349219,-79.30125819,Scarborough-Agincourt (40),40,Wexford/Maryvale (119),119,D41,Scarborough,WARDEN AVE,CONTINENTAL PL, ,Major Arterial,Intersection,At Intersection,Stop Sign,Clear,Daylight,Dry,Non-Fatal Injury,Turning Movement,Motorcycle Driver,30 to 34,Major,0,North,Motorcycle,Going Ahead,Driving Properly,Normal, , , , , , ,0,0,1,1,0,0,0,0,0,0,0,0,0,0
1158031,2010,3,17,15,46,2,43.77004538,-79.17879029,Scarborough East (44),44,West Hill (136),136,D43,Scarborough,LAWRENCE AVE E,WEST HILL DR, ,Minor Arterial,Mid-Block, ,No Control,Clear,Daylight,Dry,Non-Fatal Injury,SMV Unattended Vehicle,Vehicle Owner,unknown, ,0, ,Other, , , , , , , , , ,0,0,1,0,0,0,0,0,0,0,0,0,0,0
950372,2007,1,17,15,59,2,43.70714538,-79.39619029,St. Paul's (22),22,Mount Pleasant West (104),104,D53,Toronto East York,EGLINTON AVE E,HOLLY ST, ,Major Arterial,Mid-Block, ,No Control,Snow,Daylight,Packed Snow,Non-Fatal Injury,Pedestrian Collisions,Vehicle Owner,unknown, ,0, ,Other, , , , , , , , , ,1,0,0,0,0,1,0,0,0,0,0,0,0,0
1251711,2011,7,21,16,45,3,43.66744538,-79.31139029,Beaches-East York (32),32,The Beaches (63),63,D55,Toronto East York,NORTHERN DANCER BLVD,QUEEN ST E, ,Minor Arterial,Intersection,At Intersection,Stop Sign,Clear,Daylight,Dry,Non-Fatal Injury,Pedestrian Collisions,Pedestrian,40 to 44,Major,0,East,Other, , , ,Vehicle turns left while ped crosses with ROW at inter.,Crossing with right of way,Normal, , , ,1,0,1,0,0,0,0,0,0,1,0,0,0,0
4003538995,2014,12,23,16,38,1,43.69816168,-79.38647089,St. Paul's (22),22,Mount Pleasant East (99),99,D53,Toronto East York,MOUNT PLEASANT RD,MERTON ST, ,Major Arterial,Intersection,At Intersection,Traffic Signal,Rain,Dusk,Wet,Non-Fatal Injury,Pedestrian Collisions,Pedestrian,70 to 74,Major,0,East, , , , ,Vehicle turns left while ped crosses with ROW at inter.,Crossing with right of way,Normal, , , ,1,0,1,0,0,0,0,0,0,1,0,0,0,0
7000786056,2017,5,4,15,46,3,43.79465838,-79.23489729,Scarborough-Rouge River (42),42,Malvern (132),132,D42,Scarborough,SHEPPARD AV E,MALVERN ST, ,Major Arterial,Intersection,At Intersection,Traffic Controller,Rain,Daylight,Wet,Non-Fatal Injury,Turning Movement,Driver,40 to 44,,0,East,"Automobile, Station Wagon",Turning Left,Improper Turn,Normal, , , , , , ,0,0,1,0,0,0,0,1,0,0,0,0,0,0
1208896,2010,12,21,16,39,1,43.67614538,-79.35889029,Toronto-Danforth (30),30,North Riverdale (68),68,D55,Toronto East York,DANFORTH Ave,BROADVIEW Ave, ,Major Arterial,Mid-Block, ,No Control,Clear,Daylight,Dry,Non-Fatal Injury,Cyclist Collisions,Vehicle Owner,unknown, ,0, ,Other, , , , , , , , , ,0,1,1,0,0,0,0,0,0,0,0,0,0,0
950372,2007,1,17,15,59,2,43.70714538,-79.39619029,St. Paul's (22),22,Mount Pleasant West (104),104,D53,Toronto East York,EGLINTON AVE E,HOLLY ST, ,Major Arterial,Mid-Block, ,No Control,Snow,Daylight,Packed Snow,Non-Fatal Injury,Pedestrian Collisions,Driver,40 to 44,,0,West,Municipal Transit Bus (TTC),Going Ahead,Driving Properly,Normal, , , , , , ,1,0,0,0,0,1,0,0,0,0,0,0,0,0
7000786056,2017,5,4,15,46,3,43.79465838,-79.23489729,Scarborough-Rouge River (42),42,Malvern (132),132,D42,Scarborough,SHEPPARD AV E,MALVERN ST, ,Major Arterial,Intersection,At Intersection,Traffic Controller,Rain,Daylight,Wet,Non-Fatal Injury,Turning Movement,Driver,20 to 24,Major,0,West,"Automobile, Station Wagon",Going Ahead,Driving Properly,Normal, , , , , , ,0,0,1,0,0,0,0,1,0,0,0,0,0,0
3001220302,2013,12,24,16,45,1,43.6363407,-79.43570338,Parkdale-High Park (14),14,South Parkdale (85),85,D14,Toronto East York,JAMESON AVE,KING ST W, ,Minor Arterial,Mid-Block,Non Intersection,No Control,Clear,Daylight,Dry,Non-Fatal Injury,Pedestrian Collisions,Driver,75 to 79,,0,South,"Automobile, Station Wagon",Going Ahead,Driving Properly,Normal, , , , , , ,1,0,1,0,0,0,0,0,0,0,0,0,0,0
7000633254,2017,4,10,16,10,0,43.69515188,-79.57252894,Etobicoke North (2),2,West Humber-Clairville (1),1,D23,Etobicoke York,MARTIN GROVE RD,DOSCO RD,7 m South of MARTIN GROVE RD,Major Arterial,Intersection,At Intersection,No Control,Clear,Daylight,Wet,Non-Fatal Injury,Turning Movement,Driver,45 to 49,,0,East,Passenger Van,Turning Left,Failed to Yield Right of Way,Inattentive, , , , , , ,0,0,1,0,0,0,0,0,1,1,0,0,0,0
1208896,2010,12,21,16,39,1,43.67614538,-79.35889029,Toronto-Danforth (30),30,North Riverdale (68),68,D55,Toronto East York,DANFORTH Ave,BROADVIEW Ave, ,Major Arterial,Mid-Block, ,No Control,Clear,Daylight,Dry,Non-Fatal Injury,Cyclist Collisions,Driver,30 to 34,,0,East,"Automobile, Station Wagon",Pulling Onto Shoulder or towardCurb,Improper Lane Change,Inattentive, , , , , , ,0,1,1,0,0,0,0,0,0,0,0,0,0,0
950372,2007,1,17,15,59,2,43.70714538,-79.39619029,St. Paul's (22),22,Mount Pleasant West (104),104,D53,Toronto East York,EGLINTON AVE E,HOLLY ST, ,Major Arterial,Mid-Block, ,No Control,Snow,Daylight,Packed Snow,Non-Fatal Injury,Pedestrian Collisions,Pedestrian,55 to 59,Major,0,South,Other, , , ,Pedestrian involved in a collision with transit vehicle anywhere along roadway,Running onto Roadway,Normal, , , ,1,0,0,0,0,1,0,0,0,0,0,0,0,0
7000633254,2017,4,10,16,10,0,43.69515188,-79.57252894,Etobicoke North (2),2,West Humber-Clairville (1),1,D23,Etobicoke York,MARTIN GROVE RD,DOSCO RD,7 m South of MARTIN GROVE RD,Major Arterial,Intersection,At Intersection,No Control,Clear,Daylight,Wet,Non-Fatal Injury,Turning Movement,Driver,20 to 24,Major,0,South,"Automobile, Station Wagon",Going Ahead,Driving Properly,Inattentive, , , , , , ,0,0,1,0,0,0,0,0,1,1,0,0,0,0
7000786056,2017,5,4,15,46,3,43.79465838,-79.23489729,Scarborough-Rouge River (42),42,Malvern (132),132,D42,Scarborough,SHEPPARD AV E,MALVERN ST, ,Major Arterial,Intersection,At Intersection,Traffic Controller,Rain,Daylight,Wet,Non-Fatal Injury,Turning Movement,Passenger,20 to 24,,0, , , , , , , , , , , ,0,0,1,0,0,0,0,1,0,0,0,0,0,0
3001220302,2013,12,24,16,45,1,43.6363407,-79.43570338,Parkdale-High Park (14),14,South Parkdale (85),85,D14,Toronto East York,JAMESON AVE,KING ST W, ,Minor Arterial,Mid-Block,Non Intersection,No Control,Clear,Daylight,Dry,Non-Fatal Injury,Pedestrian Collisions,Pedestrian,65 to 69,Major,0,West, , , , ,Pedestrian hit at mid-block,"Crossing, no Traffic Control",Normal, , , ,1,0,1,0,0,0,0,0,0,0,0,0,0,0
995821,2007,9,29,16,0,5,43.71124538,-79.53519029,York South-Weston (11),11,Pelmo Park-Humberlea (23),23,D12,Etobicoke York,WESTON RD,KNOB HILL DR, ,Major Arterial,Intersection,At Intersection,Stop Sign,Clear,Daylight,Dry,Non-Fatal Injury,Angle,Vehicle Owner,unknown,,0, ,Other, , , , , , , , , ,0,0,1,0,0,0,0,1,0,1,0,0,0,0
4002721774,2014,8,17,16,45,6,43.65709265,-79.42374811,Trinity-Spadina (19),19,Palmerston-Little Italy (80),80,D14,Toronto East York,OSSINGTON AVE,DEWSON ST, ,Minor Arterial,Intersection,At Intersection,No Control,Clear,Daylight,Dry,Non-Fatal Injury,Turning Movement,Driver,40 to 44,,0,South,Passenger Van,Turning Left,Improper Turn,Inattentive, , , , , , ,0,0,1,1,0,0,0,1,0,0,0,0,0,0
1208896,2010,12,21,16,39,1,43.67614538,-79.35889029,Toronto-Danforth (30),30,North Riverdale (68),68,D55,Toronto East York,DANFORTH Ave,BROADVIEW Ave, ,Major Arterial,Mid-Block, ,No Control,Clear,Daylight,Dry,Non-Fatal Injury,Cyclist Collisions,Cyclist,55 to 59,Major,0,East,Bicycle,Going Ahead, , , , , ,Cyclist and Driver travelling in same direction. One vehicle rear-ended the other.,Driving Properly,Normal,0,1,1,0,0,0,0,0,0,0,0,0,0,0
1108193,2009,6,5,15,47,4,43.73374538,-79.60669029,Etobicoke North (1),1,West Humber-Clairville (1),1,D23,Etobicoke York,FINCH AVE W,HALESIA DR, ,Major Arterial,Intersection,At Intersection,Traffic Signal,Clear,Daylight,Dry,Fatal,Turning Movement,Motorcycle Driver,35 to 39,Fatal,15,East,Motorcycle,Slowing or Stopping,Lost control,Unknown, , , , , , ,0,0,1,1,0,0,0,0,0,1,0,0,0,1
1370609,2013,8,15,16,12,3,43.65129812,-79.41090784,Trinity-Spadina (19),19,Trinity-Bellwoods (81),81,D14,Toronto East York,DUNDAS ST W,MANNING AVE, ,Major Arterial,Intersection, ,Traffic Signal,Clear,Daylight,Dry,Non-Fatal Injury,Cyclist Collisions,Driver,65 to 69,Minor,0,East,"Automobile, Station Wagon",Going Ahead,Lost control,Unknown, , , , , , ,0,1,1,0,0,0,0,0,0,0,0,0,0,0
1370609,2013,8,15,16,12,3,43.65129812,-79.41090784,Trinity-Spadina (19),19,Trinity-Bellwoods (81),81,D14,Toronto East York,DUNDAS ST W,MANNING AVE, ,Major Arterial,Intersection, ,Traffic Signal,Clear,Daylight,Dry,Non-Fatal Injury,Cyclist Collisions,Vehicle Owner,unknown, ,0, ,"Automobile, Station Wagon", , , , , , , , , ,0,1,1,0,0,0,0,0,0,0,0,0,0,0
995821,2007,9,29,16,0,5,43.71124538,-79.53519029,York South-Weston (11),11,Pelmo Park-Humberlea (23),23,D12,Etobicoke York,WESTON RD,KNOB HILL DR, ,Major Arterial,Intersection,At Intersection,Stop Sign,Clear,Daylight,Dry,Non-Fatal Injury,Angle,Driver,60 to 64,Major,0,North,"Automobile, Station Wagon",Going Ahead,Driving Properly,Normal, , , , , , ,0,0,1,0,0,0,0,1,0,1,0,0,0,0
1219857,2011,1,5,16,39,2,43.78574538,-79.28949029,Scarborough-Agincourt (40),40,Tam O'Shanter-Sullivan (118),118,D42,Scarborough,KENNEDY RD,CARDWELL AVE, ,Major Arterial,Intersection,At Intersection,Traffic Signal,Clear,Dark,Wet,Non-Fatal Injury,Pedestrian Collisions,Vehicle Owner,unknown, ,0, ,Other, , , , , , , , , ,1,0,1,0,0,0,0,0,0,0,0,0,0,0
1108193,2009,6,5,15,47,4,43.73374538,-79.60669029,Etobicoke North (1),1,West Humber-Clairville (1),1,D23,Etobicoke York,FINCH AVE W,HALESIA DR, ,Major Arterial,Intersection,At Intersection,Traffic Signal,Clear,Daylight,Dry,Fatal,Turning Movement,Driver,35 to 39,,0,West,"Automobile, Station Wagon",Turning Left,Failed to Yield Right of Way,Inattentive, , , , , , ,0,0,1,1,0,0,0,0,0,1,0,0,0,1
4002721774,2014,8,17,16,45,6,43.65709265,-79.42374811,Trinity-Spadina (19),19,Palmerston-Little Italy (80),80,D14,Toronto East York,OSSINGTON AVE,DEWSON ST, ,Minor Arterial,Intersection,At Intersection,No Control,Clear,Daylight,Dry,Non-Fatal Injury,Turning Movement,Motorcycle Driver,30 to 34,Major,0,North,Motorcycle,Going Ahead,Driving Properly,Unknown, , , , , , ,0,0,1,1,0,0,0,1,0,0,0,0,0,0
995821,2007,9,29,16,0,5,43.71124538,-79.53519029,York South-Weston (11),11,Pelmo Park-Humberlea (23),23,D12,Etobicoke York,WESTON RD,KNOB HILL DR, ,Major Arterial,Intersection,At Intersection,Stop Sign,Clear,Daylight,Dry,Non-Fatal Injury,Angle,Passenger,55 to 59,Minor,0, ,Other, , , , , , , , , ,0,0,1,0,0,0,0,1,0,1,0,0,0,0
4002721774,2014,8,17,16,45,6,43.65709265,-79.42374811,Trinity-Spadina (19),19,Palmerston-Little Italy (80),80,D14,Toronto East York,OSSINGTON AVE,DEWSON ST, ,Minor Arterial,Intersection,At Intersection,No Control,Clear,Daylight,Dry,Non-Fatal Injury,Turning Movement,Passenger,50 to 54,,0, , , , , , , , , , , ,0,0,1,1,0,0,0,1,0,0,0,0,0,0
1219857,2011,1,5,16,39,2,43.78574538,-79.28949029,Scarborough-Agincourt (40),40,Tam O'Shanter-Sullivan (118),118,D42,Scarborough,KENNEDY RD,CARDWELL AVE, ,Major Arterial,Intersection,At Intersection,Traffic Signal,Clear,Dark,Wet,Non-Fatal Injury,Pedestrian Collisions,Driver,20 to 24,,0,North,"Automobile, Station Wagon",Turning Right,Driving Properly,Normal, , , , , , ,1,0,1,0,0,0,0,0,0,0,0,0,0,0
7001209887,2017,7,6,15,47,3,43.68791922,-79.30256281,Beaches-East York (32),32,East End-Danforth (62),62,D55,Toronto East York,DANFORTH AVE,MAIN ST,90 m West of,Major Arterial,Mid-Block,At/Near Private Drive,No Control,Clear,Daylight,Dry,Non-Fatal Injury,Cyclist Collisions,Driver,55 to 59,,0,West,"Automobile, Station Wagon",Turning Left,Failed to Yield Right of Way,Inattentive, , , , , , ,0,1,1,0,0,0,0,0,0,1,0,0,0,0
1370609,2013,8,15,16,12,3,43.65129812,-79.41090784,Trinity-Spadina (19),19,Trinity-Bellwoods (81),81,D14,Toronto East York,DUNDAS ST W,MANNING AVE, ,Major Arterial,Intersection, ,Traffic Signal,Clear,Daylight,Dry,Non-Fatal Injury,Cyclist Collisions,Cyclist,50 to 54,Major,0,East,Bicycle,Stopped, , , , , ,Cyclist and Driver travelling in same direction. One vehicle rear-ended the other.,Driving Properly,Normal,0,1,1,0,0,0,0,0,0,0,0,0,0,0
995821,2007,9,29,16,0,5,43.71124538,-79.53519029,York South-Weston (11),11,Pelmo Park-Humberlea (23),23,D12,Etobicoke York,WESTON RD,KNOB HILL DR, ,Major Arterial,Intersection,At Intersection,Stop Sign,Clear,Daylight,Dry,Non-Fatal Injury,Angle,Driver,45 to 49,Minor,0,West,"Automobile, Station Wagon",Going Ahead,Failed to Yield Right of Way,Inattentive, , , , , , ,0,0,1,0,0,0,0,1,0,1,0,0,0,0
1219857,2011,1,5,16,39,2,43.78574538,-79.28949029,Scarborough-Agincourt (40),40,Tam O'Shanter-Sullivan (118),118,D42,Scarborough,KENNEDY RD,CARDWELL AVE, ,Major Arterial,Intersection,At Intersection,Traffic Signal,Clear,Dark,Wet,Non-Fatal Injury,Pedestrian Collisions,Pedestrian,75 to 79,Major,0,East,Other, , , ,Vehicle turns right while ped crosses without ROW at inter.,Crossing without right of way,Normal, , , ,1,0,1,0,0,0,0,0,0,0,0,0,0,0
4002721774,2014,8,17,16,45,6,43.65709265,-79.42374811,Trinity-Spadina (19),19,Palmerston-Little Italy (80),80,D14,Toronto East York,OSSINGTON AVE,DEWSON ST, ,Minor Arterial,Intersection,At Intersection,No Control,Clear,Daylight,Dry,Non-Fatal Injury,Turning Movement,Passenger,45 to 49,Minimal,0, , , , , , , , , , , ,0,0,1,1,0,0,0,1,0,0,0,0,0,0
7001250133,2017,7,12,16,12,2,43.66142615,-79.35091791,Toronto-Danforth (30),30,South Riverdale (70),70,D55,Toronto East York,BROADVIEW AVE,DUNDAS ST E,120 m South of,Minor Arterial,Mid-Block,Non Intersection,No Control,Rain,Daylight,Wet,Non-Fatal Injury,SMV Other,Motorcycle Driver,45 to 49,Major,0,North,Motorcycle,Going Ahead,Lost control,Normal, , , , , , ,0,0,0,1,0,0,0,0,0,0,0,0,0,0
7001209887,2017,7,6,15,47,3,43.68791922,-79.30256281,Beaches-East York (32),32,East End-Danforth (62),62,D55,Toronto East York,DANFORTH AVE,MAIN ST,90 m West of,Major Arterial,Mid-Block,At/Near Private Drive,No Control,Clear,Daylight,Dry,Non-Fatal Injury,Cyclist Collisions,Cyclist,50 to 54,Major,0,East,Bicycle,Going Ahead, , , , , ,Motorist turned left across cyclists path.,Driving Properly,Normal,0,1,1,0,0,0,0,0,0,1,0,0,0,0
1064016,2008,10,8,16,0,2,43.65814538,-79.38639029,Toronto Centre-Rosedale (27),27,Bay Street Corridor (76),76,D52,Toronto East York,ELIZABETH Stre,GERRARD Stre W, ,Minor Arterial, , ,No Control,Rain,Daylight,Wet,Non-Fatal Injury,Approaching,Driver,unknown,Major,0, ,Other,Unknown, , , , , , , , ,0,0,1,0,0,0,0,0,0,0,0,0,0,0