ACCNUM,YEAR,MONTH,DAY,HOUR,MINUTES,WEEKDAY,LATITUDE,LONGITUDE,Ward_Name,Ward_ID,Hood_Name,Hood_ID,Division,District,STREET1,STREET2,OFFSET,ROAD_CLASS,LOCCOORD,ACCLOC,TRAFFCTL,VISIBILITY,LIGHT,RDSFCOND,ACCLASS,IMPACTYPE,INVTYPE,INVAGE,INJURY,FATAL_NO,INITDIR,VEHTYPE,MANOEUVER,DRIVACT,DRIVCOND,PEDTYPE,PEDACT,PEDCOND,CYCLISTYPE,CYCACT,CYCCOND,PEDESTRIAN,CYCLIST,AUTOMOBILE,MOTORCYCLE,TRUCK,TRSN_CITY_VEH,EMERG_VEH,PASSENGER,SPEEDING,AG_DRIV,REDLIGHT,ALCOHOL,DISABILITY,label
1181330,2010,6,10,15,48,3,43.80024538,-79.19909029,Scarborough-Rouge River (42),42,Malvern (132),132,D42,Scarborough,MILNER AVE,MORNINGSIDE AVE, ,Major Arterial,Intersection,At Intersection,Traffic Signal,Clear,Daylight,Dry,Non-Fatal Injury,Pedestrian Collisions,Vehicle Owner,unknown, ,0, ,Other, , , , , , , , , ,1,0,1,0,0,0,0,0,0,0,0,0,0,0
4002721774,2014,8,17,16,45,6,43.65709265,-79.42374811,Trinity-Spadina (19),19,Palmerston-Little Italy (80),80,D14,Toronto East York,OSSINGTON AVE,DEWSON ST, ,Minor Arterial,Intersection,At Intersection,No Control,Clear,Daylight,Dry,Non-Fatal Injury,Turning Movement,Passenger,5 to 9,Minimal,0, , , , , , , , , , , ,0,0,1,1,0,0,0,1,0,0,0,0,0,0
1382388,2013,8,13,16,39,1,43.67795141,-79.44307337,Davenport (17),17,Corso Italia-Davenport (92),92,D13,Etobicoke York,ST CLAIR AVE W,DUFFERIN ST, ,Major Arterial,Intersection,At Intersection,Traffic Signal,Clear,Daylight,Dry,Non-Fatal Injury,Cyclist Collisions,Vehicle Owner,unknown, ,0, , , , , , , , , , , ,0,1,0,0,0,1,0,0,0,0,0,0,0,0
1060729,2008,9,8,16,13,0,43.76354538,-79.49089029,York West (8),8,York University Heights (27),27,D31,North York,FINCH AVE W,KEELE ST, ,Major Arterial,Intersection,At Intersection,Traffic Signal,Clear,Daylight,Dry,Non-Fatal Injury,Pedestrian Collisions,Vehicle Owner,unknown, ,0, ,Other, , , , , , , , , ,1,0,1,0,0,0,0,0,0,0,0,0,0,0
1382388,2013,8,13,16,39,1,43.67795141,-79.44307337,Davenport (17),17,Corso Italia-Davenport (92),92,D13,Etobicoke York,ST CLAIR AVE W,DUFFERIN ST, ,Major Arterial,Intersection,At Intersection,Traffic Signal,Clear,Daylight,Dry,Non-Fatal Injury,Cyclist Collisions,Driver,30 to 34,,0,West,Street Car,Going Ahead,Driving Properly,Normal, , , , , , ,0,1,0,0,0,1,0,0,0,0,0,0,0,0
1060729,2008,9,8,16,13,0,43.76354538,-79.49089029,York West (8),8,York University Heights (27),27,D31,North York,FINCH AVE W,KEELE ST, ,Major Arterial,Intersection,At Intersection,Traffic Signal,Clear,Daylight,Dry,Non-Fatal Injury,Pedestrian Collisions,Driver,20 to 24,,0,West,"Automobile, Station Wagon",Going Ahead,Driving Properly,Normal, , , , , , ,1,0,1,0,0,0,0,0,0,0,0,0,0,0
1064016,2008,10,8,16,0,2,43.65814538,-79.38639029,Toronto Centre-Rosedale (27),27,Bay Street Corridor (76),76,D52,Toronto East York,ELIZABETH Stre,GERRARD Stre W, ,Minor Arterial, , ,No Control,Rain,Daylight,Wet,Non-Fatal Injury,Approaching,Driver,25 to 29,,0,North,"Automobile, Station Wagon",Reversing, , , , , , , , ,0,0,1,0,0,0,0,0,0,0,0,0,0,0
4002721774,2014,8,17,16,45,6,43.65709265,-79.42374811,Trinity-Spadina (19),19,Palmerston-Little Italy (80),80,D14,Toronto East York,OSSINGTON AVE,DEWSON ST, ,Minor Arterial,Intersection,At Intersection,No Control,Clear,Daylight,Dry,Non-Fatal Injury,Turning Movement,Passenger,35 to 39,Minimal,0, , , , , , , , , , , ,0,0,1,1,0,0,0,1,0,0,0,0,0,0
1181330,2010,6,10,15,48,3,43.80024538,-79.19909029,Scarborough-Rouge River (42),42,Malvern (132),132,D42,Scarborough,MILNER AVE,MORNINGSIDE AVE, ,Major Arterial,Intersection,At Intersection,Traffic Signal,Clear,Daylight,Dry,Non-Fatal Injury,Pedestrian Collisions,Driver,30 to 34,,0,East,"Automobile, Station Wagon",Going Ahead,Driving Properly,Normal, , , , , , ,1,0,1,0,0,0,0,0,0,0,0,0,0,0
1064016,2008,10,8,16,0,2,43.65814538,-79.38639029,Toronto Centre-Rosedale (27),27,Bay Street Corridor (76),76,D52,Toronto East York,ELIZABETH Stre,GERRARD Stre W, ,Minor Arterial, , ,No Control,Rain,Daylight,Wet,Non-Fatal Injury,Approaching,Vehicle Owner,unknown,,0, ,Other,Parked, , , , , , , , ,0,0,1,0,0,0,0,0,0,0,0,0,0,0
1181330,2010,6,10,15,48,3,43.80024538,-79.19909029,Scarborough-Rouge River (42),42,Malvern (132),132,D42,Scarborough,MILNER AVE,MORNINGSIDE AVE, ,Major Arterial,Intersection,At Intersection,Traffic Signal,Clear,Daylight,Dry,Non-Fatal Injury,Pedestrian Collisions,Pedestrian,30 to 34,Major,0,South,Other, , , ,Vehicle is going straight thru inter.while ped cross without ROW,Crossing without right of way,Normal, , , ,1,0,1,0,0,0,0,0,0,0,0,0,0,0
2015518760,2015,3,19,16,45,3,43.79463919,-79.419201,Willowdale (24),24,Newtonbrook East (50),50,D32,North York,6212 YONGE ST, , ,Major Arterial,Intersection, ,No Control,Clear,"Dark, artificial",Dry,Fatal,Pedestrian Collisions,Driver,unknown,,0,East,"Automobile, Station Wagon",Going Ahead,Failed to Yield Right of Way,Unknown, , , , , , ,1,0,1,0,0,0,0,0,0,1,0,0,0,1
1382388,2013,8,13,16,39,1,43.67795141,-79.44307337,Davenport (17),17,Corso Italia-Davenport (92),92,D13,Etobicoke York,ST CLAIR AVE W,DUFFERIN ST, ,Major Arterial,Intersection,At Intersection,Traffic Signal,Clear,Daylight,Dry,Non-Fatal Injury,Cyclist Collisions,Cyclist,55 to 59,Major,0,South,Bicycle,Going Ahead, , , , , ,"Cyclist without ROW rides into path of motorist at inter, lnwy, dwy-Cyclist not turn.",Disobeyed Traffic Control,Inattentive,0,1,0,0,0,1,0,0,0,0,0,0,0,0
1060729,2008,9,8,16,13,0,43.76354538,-79.49089029,York West (8),8,York University Heights (27),27,D31,North York,FINCH AVE W,KEELE ST, ,Major Arterial,Intersection,At Intersection,Traffic Signal,Clear,Daylight,Dry,Non-Fatal Injury,Pedestrian Collisions,Pedestrian,45 to 49,Major,0,South,Other, , , ,Vehicle is going straight thru inter.while ped cross without ROW,"Crossing, no Traffic Control",Normal, , , ,1,0,1,0,0,0,0,0,0,0,0,0,0,0
1110376,2009,6,21,16,0,6,43.68774538,-79.27089029,Scarborough Southwest (36),36,Birchcliffe-Cliffside (122),122,D41,Scarborough,WARDEN AVE,KINGSTON RD, ,Major Arterial,Intersection,At Intersection,Traffic Signal,Clear,Daylight,Dry,Non-Fatal Injury,Cyclist Collisions,Driver,unknown,,0,South,"Automobile, Station Wagon",Going Ahead,Following too Close,Unknown, , , , , , ,0,1,1,0,0,0,0,0,0,1,0,0,0,0
142740894,2014,8,20,16,39,2,43.72337301,-79.30208979,Scarborough Southwest (35),35,Clairlea-Birchmount (120),120,D41,Scarborough,VICTORIA PARK AVE,O CONNOR DR, ,Major Arterial,Intersection, ,Traffic Signal,Clear,Daylight,Dry,Fatal,Pedestrian Collisions,Pedestrian,75 to 79,Major,0,East, , , , ,Vehicle turns left while ped crosses with ROW at inter.,Crossing with right of way,Unknown, , , ,1,0,1,0,0,0,0,0,0,1,0,0,0,1
142740894,2014,8,20,16,39,2,43.72337301,-79.30208979,Scarborough Southwest (35),35,Clairlea-Birchmount (120),120,D41,Scarborough,VICTORIA PARK AVE,O CONNOR DR, ,Major Arterial,Intersection, ,Traffic Signal,Clear,Daylight,Dry,Fatal,Pedestrian Collisions,Driver,55 to 59,,0,West,Delivery Van,Turning Left,Failed to Yield Right of Way,Inattentive, , , , , , ,1,0,1,0,0,0,0,0,0,1,0,0,0,1
142740894,2014,8,20,16,39,2,43.72337301,-79.30208979,Scarborough Southwest (35),35,Clairlea-Birchmount (120),120,D41,Scarborough,VICTORIA PARK AVE,O CONNOR DR, ,Major Arterial,Intersection, ,Traffic Signal,Clear,Daylight,Dry,Fatal,Pedestrian Collisions,Pedestrian,75 to 79,Fatal,23,East, , , , ,Vehicle turns left while ped crosses with ROW at inter.,Crossing with right of way,Normal, , , ,1,0,1,0,0,0,0,0,0,1,0,0,0,1
2015374256,2015,3,4,16,39,2,43.81296118,-79.24306879,Scarborough-Rouge River (42),42,Malvern (132),132,D42,Scarborough,FINCH AVE E,MARKHAM RD, ,Major Arterial,Intersection,At Intersection,Traffic Signal,Clear,Daylight,Dry,Fatal,Pedestrian Collisions,Pedestrian,60 to 64,Fatal,8,Unknown, , , , ,Vehicle turns right while ped crosses with ROW at inter.,Crossing with right of way,Normal, , , ,1,0,0,0,1,0,0,0,0,1,0,0,0,1
2015374256,2015,3,4,16,39,2,43.81296118,-79.24306879,Scarborough-Rouge River (42),42,Malvern (132),132,D42,Scarborough,FINCH AVE E,MARKHAM RD, ,Major Arterial,Intersection,At Intersection,Traffic Signal,Clear,Daylight,Dry,Fatal,Pedestrian Collisions,Truck Driver,35 to 39,,0,West,Truck-Tractor,Turning Right,Failed to Yield Right of Way,Normal, , , , , , ,1,0,0,0,1,0,0,0,0,1,0,0,0,1
992854,2007,9,27,16,40,3,43.72094538,-79.33899029,Don Valley West (26),26,Banbury-Don Mills (42),42,D33,North York,DON MILLS RD,EGLINTON AVE E, ,Major Arterial,Mid-Block, ,No Control,Clear,Daylight,Dry,Non-Fatal Injury,Rear End,Driver,45 to 49,,0,South,"Automobile, Station Wagon",Going Ahead,Driving Properly,Normal, , , , , , ,0,0,1,0,0,0,0,0,0,1,0,0,0,0
992854,2007,9,27,16,40,3,43.72094538,-79.33899029,Don Valley West (26),26,Banbury-Don Mills (42),42,D33,North York,DON MILLS RD,EGLINTON AVE E, ,Major Arterial,Mid-Block, ,No Control,Clear,Daylight,Dry,Non-Fatal Injury,Rear End,Driver,60 to 64,Major,0,South,"Automobile, Station Wagon",Going Ahead,Failed to Yield Right of Way,Inattentive, , , , , , ,0,0,1,0,0,0,0,0,0,1,0,0,0,0
992854,2007,9,27,16,40,3,43.72094538,-79.33899029,Don Valley West (26),26,Banbury-Don Mills (42),42,D33,North York,DON MILLS RD,EGLINTON AVE E, ,Major Arterial,Mid-Block, ,No Control,Clear,Daylight,Dry,Non-Fatal Injury,Rear End,Vehicle Owner,unknown, ,0, ,Other, , , , , , , , , ,0,0,1,0,0,0,0,0,0,1,0,0,0,0
992854,2007,9,27,16,40,3,43.72094538,-79.33899029,Don Valley West (26),26,Banbury-Don Mills (42),42,D33,North York,DON MILLS RD,EGLINTON AVE E, ,Major Arterial,Mid-Block, ,No Control,Clear,Daylight,Dry,Non-Fatal Injury,Rear End,Driver,25 to 29,Minimal,0,South,"Automobile, Station Wagon",Stopped,Driving Properly,Normal, , , , , , ,0,0,1,0,0,0,0,0,0,1,0,0,0,0
1079931,2009,1,7,16,40,2,43.69344538,-79.46029029,Davenport (17),17,Caledonia-Fairbank (109),109,D13,North York,2160 EGLINTON AVE W,CALEDONIA Road, ,Major Arterial,Mid-Block, ,No Control,Snow,Daylight,Slush,Non-Fatal Injury,Pedestrian Collisions,Vehicle Owner,unknown, ,0, ,Other, , , , , , , , , ,1,0,0,0,0,1,0,0,0,0,0,0,0,0
1079931,2009,1,7,16,40,2,43.69344538,-79.46029029,Davenport (17),17,Caledonia-Fairbank (109),109,D13,North York,2160 EGLINTON AVE W,CALEDONIA Road, ,Major Arterial,Mid-Block, ,No Control,Snow,Daylight,Slush,Non-Fatal Injury,Pedestrian Collisions,Driver,50 to 54,,0,West,Municipal Transit Bus (TTC),Going Ahead,Driving Properly,Normal, , , , , , ,1,0,0,0,0,1,0,0,0,0,0,0,0,0
1079931,2009,1,7,16,40,2,43.69344538,-79.46029029,Davenport (17),17,Caledonia-Fairbank (109),109,D13,North York,2160 EGLINTON AVE W,CALEDONIA Road, ,Major Arterial,Mid-Block, ,No Control,Snow,Daylight,Slush,Non-Fatal Injury,Pedestrian Collisions,Pedestrian,55 to 59,Major,0, ,Other, , , ,Pedestrian involved in a collision with transit vehicle anywhere along roadway,"Crossing, no Traffic Control",Medical or Physical Disability, , , ,1,0,0,0,0,1,0,0,0,0,0,0,0,0
1087632,2009,1,9,16,40,4,43.66814538,-79.34039029,Toronto-Danforth (30),30,South Riverdale (70),70,D55,Toronto East York,GERRARD ST E,PAPE AVE, ,Minor Arterial,Intersection,At Intersection,Traffic Signal,Clear,Daylight,Wet,Non-Fatal Injury,Pedestrian Collisions,Driver,65 to 69,,0,West,"Automobile, Station Wagon",Turning Left,Failed to Yield Right of Way,Normal, , , , , , ,1,0,1,0,0,0,0,0,0,1,0,0,0,0
1087632,2009,1,9,16,40,4,43.66814538,-79.34039029,Toronto-Danforth (30),30,South Riverdale (70),70,D55,Toronto East York,GERRARD ST E,PAPE AVE, ,Minor Arterial,Intersection,At Intersection,Traffic Signal,Clear,Daylight,Wet,Non-Fatal Injury,Pedestrian Collisions,Pedestrian,50 to 54,Major,0,East,Other, , , ,Vehicle turns left while ped crosses with ROW at inter.,Crossing with right of way,Normal, , , ,1,0,1,0,0,0,0,0,0,1,0,0,0,0
1193217,2010,9,2,16,40,3,43.65284538,-79.43109029,Davenport (18),18,Little Portugal (84),84,D14,Toronto East York,COLLEGE ST,GLADSTONE AVE, ,Major Arterial,Intersection,At Intersection,No Control,Clear,Daylight,Dry,Non-Fatal Injury,Cyclist Collisions,Driver,40 to 44,,0,West,"Automobile, Station Wagon",Going Ahead,Driving Properly,Normal, , , , , , ,0,1,1,0,0,0,0,0,0,0,0,0,0,0
1193217,2010,9,2,16,40,3,43.65284538,-79.43109029,Davenport (18),18,Little Portugal (84),84,D14,Toronto East York,COLLEGE ST,GLADSTONE AVE, ,Major Arterial,Intersection,At Intersection,No Control,Clear,Daylight,Dry,Non-Fatal Injury,Cyclist Collisions,Cyclist,45 to 49,Major,0,North,Bicycle,Going Ahead, , , , , ,"Cyclist without ROW rides into path of motorist at inter, lnwy, dwy-Cyclist not turn.",Other,Normal,0,1,1,0,0,0,0,0,0,0,0,0,0,0
1219581,2011,1,4,16,40,1,43.69104538,-79.44829029,Eglinton-Lawrence (15),15,Oakwood Village (107),107,D13,North York,DUFFERIN ST,PRESTON RD, ,Major Arterial,Intersection, ,No Control,Clear,Dusk,Dry,Non-Fatal Injury,Approaching,Driver,60 to 64,Major,0,North,"Automobile, Station Wagon",Going Ahead,Driving Properly,Normal, , , , , , ,0,0,1,0,0,0,0,0,0,0,0,0,0,0
1219581,2011,1,4,16,40,1,43.69104538,-79.44829029,Eglinton-Lawrence (15),15,Oakwood Village (107),107,D13,North York,DUFFERIN ST,PRESTON RD, ,Major Arterial,Intersection, ,No Control,Clear,Dusk,Dry,Non-Fatal Injury,Approaching,Driver,30 to 34,,0,South,"Automobile, Station Wagon",Going Ahead,Lost control,Inattentive, , , , , , ,0,0,1,0,0,0,0,0,0,0,0,0,0,0
1219581,2011,1,4,16,40,1,43.69104538,-79.44829029,Eglinton-Lawrence (15),15,Oakwood Village (107),107,D13,North York,DUFFERIN ST,PRESTON RD, ,Major Arterial,Intersection, ,No Control,Clear,Dusk,Dry,Non-Fatal Injury,Approaching,Driver,30 to 34,Minimal,0,South,"Automobile, Station Wagon",Going Ahead,Lost control,Inattentive, , , , , , ,0,0,1,0,0,0,0,0,0,0,0,0,0,0
1253834,2011,8,16,16,40,1,43.64174538,-79.39189029,Trinity-Spadina (20),20,Waterfront Communities-The Island (77),77,D52,Toronto East York,BLUE JAYS WAY,NAVY WHARF CRT, ,Minor Arterial,Intersection,At Intersection,No Control,Clear,Daylight,Dry,Non-Fatal Injury,Cyclist Collisions,Driver,unknown,,0,West,"Automobile, Station Wagon",Going Ahead,Failed to Yield Right of Way,Unknown, , , , , , ,0,1,1,0,0,0,0,0,0,1,0,0,0,0
1253834,2011,8,16,16,40,1,43.64174538,-79.39189029,Trinity-Spadina (20),20,Waterfront Communities-The Island (77),77,D52,Toronto East York,BLUE JAYS WAY,NAVY WHARF CRT, ,Minor Arterial,Intersection,At Intersection,No Control,Clear,Daylight,Dry,Non-Fatal Injury,Cyclist Collisions,Cyclist,25 to 29,Major,0,West,Bicycle,Turning Left, , , , , ,Cyclist turned left across motorists path.,Driving Properly,Normal,0,1,1,0,0,0,0,0,0,1,0,0,0,0
1308558,2012,7,4,16,40,2,43.61404538,-79.52359029,Etobicoke-Lakeshore (6),6,Mimico (includes Humber Bay Shores) (17),17,D22,Etobicoke York,KIPLING AVE,TORLAKE CRES, ,Major Arterial,Intersection, ,No Control,Clear,Daylight,Dry,Non-Fatal Injury,Pedestrian Collisions,Motorcycle Driver,25 to 29,,0,South,Motorcycle,Going Ahead,Driving Properly,Normal, , , , , , ,1,0,0,1,0,0,0,0,0,0,0,0,0,0
1308558,2012,7,4,16,40,2,43.61404538,-79.52359029,Etobicoke-Lakeshore (6),6,Mimico (includes Humber Bay Shores) (17),17,D22,Etobicoke York,KIPLING AVE,TORLAKE CRES, ,Major Arterial,Intersection, ,No Control,Clear,Daylight,Dry,Non-Fatal Injury,Pedestrian Collisions,Pedestrian,55 to 59,Major,0,East,Other, , , ,Pedestrian hit at mid-block,"Crossing, no Traffic Control",Inattentive, , , ,1,0,0,1,0,0,0,0,0,0,0,0,0,0
1319386,2012,8,31,16,40,4,43.71204538,-79.28099029,Scarborough Southwest (35),35,Clairlea-Birchmount (120),120,D41,Scarborough,ST CLAIR AVE E,WARDEN AVE, ,Major Arterial,Intersection,At Intersection,Traffic Signal,Clear,Daylight,Dry,Non-Fatal Injury,Turning Movement,Driver,45 to 49,,0,South,"Automobile, Station Wagon",Stopped,Driving Properly,Normal, , , , , , ,0,0,1,0,0,0,0,1,0,1,1,0,0,0
1319386,2012,8,31,16,40,4,43.71204538,-79.28099029,Scarborough Southwest (35),35,Clairlea-Birchmount (120),120,D41,Scarborough,ST CLAIR AVE E,WARDEN AVE, ,Major Arterial,Intersection,At Intersection,Traffic Signal,Clear,Daylight,Dry,Non-Fatal Injury,Turning Movement,Passenger,65 to 69,Major,0, ,Other, , , , , , , , , ,0,0,1,0,0,0,0,1,0,1,1,0,0,0
1319386,2012,8,31,16,40,4,43.71204538,-79.28099029,Scarborough Southwest (35),35,Clairlea-Birchmount (120),120,D41,Scarborough,ST CLAIR AVE E,WARDEN AVE, ,Major Arterial,Intersection,At Intersection,Traffic Signal,Clear,Daylight,Dry,Non-Fatal Injury,Turning Movement,Driver,15 to 19,Minimal,0,East,"Automobile, Station Wagon",Turning Left,Driving Properly,Normal, , , , , , ,0,0,1,0,0,0,0,1,0,1,1,0,0,0
1319386,2012,8,31,16,40,4,43.71204538,-79.28099029,Scarborough Southwest (35),35,Clairlea-Birchmount (120),120,D41,Scarborough,ST CLAIR AVE E,WARDEN AVE, ,Major Arterial,Intersection,At Intersection,Traffic Signal,Clear,Daylight,Dry,Non-Fatal Injury,Turning Movement,Driver,40 to 44,Minor,0,West,"Automobile, Station Wagon",Going Ahead,Disobeyed Traffic Control,Normal, , , , , , ,0,0,1,0,0,0,0,1,0,1,1,0,0,0
1387866,2013,9,30,16,40,0,43.71306952,-79.36722193,Don Valley West (26),26,Leaside-Bennington (56),56,D53,North York,EGLINTON Ave E,SUTHERLAND Dr, ,Major Arterial,Intersection, ,Traffic Signal,Clear,Daylight,Dry,Non-Fatal Injury,Turning Movement,Motorcycle Driver,20 to 24,Major,0,West,Motorcycle,Going Ahead,Driving Properly,Normal, , , , , , ,0,0,1,1,0,0,0,0,0,1,0,0,0,0
1387866,2013,9,30,16,40,0,43.71306952,-79.36722193,Don Valley West (26),26,Leaside-Bennington (56),56,D53,North York,EGLINTON Ave E,SUTHERLAND Dr, ,Major Arterial,Intersection, ,Traffic Signal,Clear,Daylight,Dry,Non-Fatal Injury,Turning Movement,Driver,45 to 49,,0,East,"Automobile, Station Wagon",Turning Left,Failed to Yield Right of Way,Normal, , , , , , ,0,0,1,1,0,0,0,0,0,1,0,0,0,0
4003092212,2014,10,12,16,40,6,43.65702399,-79.5552331,Etobicoke Centre (3),3,Islington-City Centre West (14),14,D22,Etobicoke York,MARTIN GROVE RD,RATHBURN  RD, ,Minor Arterial,Intersection,At Intersection,Traffic Signal,Clear,Daylight,Dry,Non-Fatal Injury,Angle,Driver,45 to 49,,0,North,Fire Vehicle,Stopped,Disobeyed Traffic Control,Normal, , , , , , ,0,0,1,0,0,0,1,1,0,1,1,0,0,0
4003092212,2014,10,12,16,40,6,43.65702399,-79.5552331,Etobicoke Centre (3),3,Islington-City Centre West (14),14,D22,Etobicoke York,MARTIN GROVE RD,RATHBURN  RD, ,Minor Arterial,Intersection,At Intersection,Traffic Signal,Clear,Daylight,Dry,Non-Fatal Injury,Angle,Driver,90 to 94,Minimal,0,West,"Automobile, Station Wagon",Going Ahead,Failed to Yield Right of Way,Inattentive, , , , , , ,0,0,1,0,0,0,1,1,0,1,1,0,0,0
4003092212,2014,10,12,16,40,6,43.65702399,-79.5552331,Etobicoke Centre (3),3,Islington-City Centre West (14),14,D22,Etobicoke York,MARTIN GROVE RD,RATHBURN  RD, ,Minor Arterial,Intersection,At Intersection,Traffic Signal,Clear,Daylight,Dry,Non-Fatal Injury,Angle,Passenger,45 to 49,,0, , , , , , , , , , , ,0,0,1,0,0,0,1,1,0,1,1,0,0,0
4003092212,2014,10,12,16,40,6,43.65702399,-79.5552331,Etobicoke Centre (3),3,Islington-City Centre West (14),14,D22,Etobicoke York,MARTIN GROVE RD,RATHBURN  RD, ,Minor Arterial,Intersection,At Intersection,Traffic Signal,Clear,Daylight,Dry,Non-Fatal Injury,Angle,Passenger,30 to 34,,0, , , , , , , , , , , ,0,0,1,0,0,0,1,1,0,1,1,0,0,0
4003092212,2014,10,12,16,40,6,43.65702399,-79.5552331,Etobicoke Centre (3),3,Islington-City Centre West (14),14,D22,Etobicoke York,MARTIN GROVE RD,RATHBURN  RD, ,Minor Arterial,Intersection,At Intersection,Traffic Signal,Clear,Daylight,Dry,Non-Fatal Injury,Angle,Passenger,35 to 39,,0, , , , , , , , , , , ,0,0,1,0,0,0,1,1,0,1,1,0,0,0
4003092212,2014,10,12,16,40,6,43.65702399,-79.5552331,Etobicoke Centre (3),3,Islington-City Centre West (14),14,D22,Etobicoke York,MARTIN GROVE RD,RATHBURN  RD, ,Minor Arterial,Intersection,At Intersection,Traffic Signal,Clear,Daylight,Dry,Non-Fatal Injury,Angle,Passenger,85 to 89,Major,0, , , , , , , , , , , ,0,0,1,0,0,0,1,1,0,1,1,0,0,0
5001872803,2015,10,31,16,40,5,43.79252203,-79.24520502,Scarborough-Rouge River (42),42,Agincourt South-Malvern West (128),128,D42,Scarborough,SHEPPARD AVE E,MASSIE ST, ,Major Arterial,Intersection,Non Intersection,No Control,Clear,Daylight,Dry,Non-Fatal Injury,Pedestrian Collisions,Driver,65 to 69,,0,West,Passenger Van,Going Ahead,Driving Properly,Normal, , , , , , ,1,0,1,0,0,0,0,1,0,0,0,0,0,0
5001872803,2015,10,31,16,40,5,43.79252203,-79.24520502,Scarborough-Rouge River (42),42,Agincourt South-Malvern West (128),128,D42,Scarborough,SHEPPARD AVE E,MASSIE ST, ,Major Arterial,Intersection,Non Intersection,No Control,Clear,Daylight,Dry,Non-Fatal Injury,Pedestrian Collisions,Passenger,55 to 59,,0, , , , , , , , , , , ,1,0,1,0,0,0,0,1,0,0,0,0,0,0
5001872803,2015,10,31,16,40,5,43.79252203,-79.24520502,Scarborough-Rouge River (42),42,Agincourt South-Malvern West (128),128,D42,Scarborough,SHEPPARD AVE E,MASSIE ST, ,Major Arterial,Intersection,Non Intersection,No Control,Clear,Daylight,Dry,Non-Fatal Injury,Pedestrian Collisions,Passenger,45 to 49,,0, , , , , , , , , , , ,1,0,1,0,0,0,0,1,0,0,0,0,0,0
5001872803,2015,10,31,16,40,5,43.79252203,-79.24520502,Scarborough-Rouge River (42),42,Agincourt South-Malvern West (128),128,D42,Scarborough,SHEPPARD AVE E,MASSIE ST, ,Major Arterial,Intersection,Non Intersection,No Control,Clear,Daylight,Dry,Non-Fatal Injury,Pedestrian Collisions,Pedestrian,10 to 14,Major,0,Unknown, , , , ,Vehicle is going straight thru inter.while ped cross without ROW,Crossing without right of way,Unknown, , , ,1,0,1,0,0,0,0,1,0,0,0,0,0,0
5001920978,2015,11,8,16,40,6,43.81947668,-79.2646905,Scarborough-Rouge River (41),41,Milliken (130),130,D42,Scarborough,MCNICOLL AVE,SHADY HOLLOW DR,5 m South of,Minor Arterial,Intersection,Intersection Related,No Control,Clear,Daylight,Dry,Non-Fatal Injury,Turning Movement,Driver,55 to 59,,0,East,"Automobile, Station Wagon",Turning Left,Improper Turn,"Ability Impaired, Alcohol", , , , , , ,0,0,1,0,0,0,0,1,0,0,0,1,0,0
5001920978,2015,11,8,16,40,6,43.81947668,-79.2646905,Scarborough-Rouge River (41),41,Milliken (130),130,D42,Scarborough,MCNICOLL AVE,SHADY HOLLOW DR,5 m South of,Minor Arterial,Intersection,Intersection Related,No Control,Clear,Daylight,Dry,Non-Fatal Injury,Turning Movement,Driver,65 to 69,Minor,0,West,"Automobile, Station Wagon",Going Ahead,Driving Properly,Normal, , , , , , ,0,0,1,0,0,0,0,1,0,0,0,1,0,0
5001920978,2015,11,8,16,40,6,43.81947668,-79.2646905,Scarborough-Rouge River (41),41,Milliken (130),130,D42,Scarborough,MCNICOLL AVE,SHADY HOLLOW DR,5 m South of,Minor Arterial,Intersection,Intersection Related,No Control,Clear,Daylight,Dry,Non-Fatal Injury,Turning Movement,Passenger,40 to 44,Minimal,0, , , , , , , , , , , ,0,0,1,0,0,0,0,1,0,0,0,1,0,0
5001920978,2015,11,8,16,40,6,43.81947668,-79.2646905,Scarborough-Rouge River (41),41,Milliken (130),130,D42,Scarborough,MCNICOLL AVE,SHADY HOLLOW DR,5 m South of,Minor Arterial,Intersection,Intersection Related,No Control,Clear,Daylight,Dry,Non-Fatal Injury,Turning Movement,Passenger,55 to 59,Major,0, , , , , , , , , , , ,0,0,1,0,0,0,0,1,0,0,0,1,0,0
1112907,2009,6,1,16,41,0,43.66674538,-79.31479029,Beaches-East York (32),32,The Beaches (63),63,D55,Toronto East York,EASTERN AVE,QUEEN ST E, ,Minor Arterial,Intersection,At Intersection,Stop Sign,Clear,Daylight,Dry,Non-Fatal Injury,Pedestrian Collisions,Driver,35 to 39,Minor,0,North,"Automobile, Station Wagon",Turning Right,Failed to Yield Right of Way,Inattentive, , , , , , ,1,0,1,0,0,0,0,0,0,1,0,0,0,0
1112907,2009,6,1,16,41,0,43.66674538,-79.31479029,Beaches-East York (32),32,The Beaches (63),63,D55,Toronto East York,EASTERN AVE,QUEEN ST E, ,Minor Arterial,Intersection,At Intersection,Stop Sign,Clear,Daylight,Dry,Non-Fatal Injury,Pedestrian Collisions,Pedestrian,35 to 39,Major,0,West,Other, , , ,Vehicle turns right while ped crosses with ROW at inter.,Crossing with right of way,Normal, , , ,1,0,1,0,0,0,0,0,0,1,0,0,0,0