ACCNUM,YEAR,MONTH,DAY,HOUR,MINUTES,WEEKDAY,LATITUDE,LONGITUDE,Ward_Name,Ward_ID,Hood_Name,Hood_ID,Division,District,STREET1,STREET2,OFFSET,ROAD_CLASS,LOCCOORD,ACCLOC,TRAFFCTL,VISIBILITY,LIGHT,RDSFCOND,ACCLASS,IMPACTYPE,INVTYPE,INVAGE,INJURY,FATAL_NO,INITDIR,VEHTYPE,MANOEUVER,DRIVACT,DRIVCOND,PEDTYPE,PEDACT,PEDCOND,CYCLISTYPE,CYCACT,CYCCOND,PEDESTRIAN,CYCLIST,AUTOMOBILE,MOTORCYCLE,TRUCK,TRSN_CITY_VEH,EMERG_VEH,PASSENGER,SPEEDING,AG_DRIV,REDLIGHT,ALCOHOL,DISABILITY,label
1312337,2012,7,25,16,41,2,43.78334538,-79.30029029,Scarborough-Agincourt (40),40,Tam O'Shanter-Sullivan (118),118,D42,Scarborough,BAY MILLS Blvd,BIRCHMOUNT Rd, ,Collector,Mid-Block, ,No Control,Clear,Daylight,Dry,Non-Fatal Injury,Turning Movement,Vehicle Owner,unknown, ,0, ,Other, , , , , , , , , ,0,0,1,1,0,0,0,0,0,1,0,0,0,0
1312337,2012,7,25,16,41,2,43.78334538,-79.30029029,Scarborough-Agincourt (40),40,Tam O'Shanter-Sullivan (118),118,D42,Scarborough,BAY MILLS Blvd,BIRCHMOUNT Rd, ,Collector,Mid-Block, ,No Control,Clear,Daylight,Dry,Non-Fatal Injury,Turning Movement,Motorcycle Driver,25 to 29,Major,0,East,Motorcycle,Going Ahead,Driving Properly,Normal, , , , , , ,0,0,1,1,0,0,0,0,0,1,0,0,0,0
1312337,2012,7,25,16,41,2,43.78334538,-79.30029029,Scarborough-Agincourt (40),40,Tam O'Shanter-Sullivan (118),118,D42,Scarborough,BAY MILLS Blvd,BIRCHMOUNT Rd, ,Collector,Mid-Block, ,No Control,Clear,Daylight,Dry,Non-Fatal Injury,Turning Movement,Vehicle Owner,unknown, ,0, ,Other, , , , , , , , , ,0,0,1,1,0,0,0,0,0,1,0,0,0,0
1312337,2012,7,25,16,41,2,43.78334538,-79.30029029,Scarborough-Agincourt (40),40,Tam O'Shanter-Sullivan (118),118,D42,Scarborough,BAY MILLS Blvd,BIRCHMOUNT Rd, ,Collector,Mid-Block, ,No Control,Clear,Daylight,Dry,Non-Fatal Injury,Turning Movement,Driver,35 to 39,,0,South,"Automobile, Station Wagon",Turning Left,Failed to Yield Right of Way,Normal, , , , , , ,0,0,1,1,0,0,0,0,0,1,0,0,0,0
1002191,2007,11,2,16,42,4,43.77694538,-79.25449029,Scarborough Centre (38),38,Bendale (127),127,D43,Scarborough,PROGRESS AVE,BOROUGH DR, ,Minor Arterial,Mid-Block, ,No Control,Clear,Daylight,Dry,Non-Fatal Injury,Cyclist Collisions,Driver,55 to 59,,0,East,"Automobile, Station Wagon",Turning Left,Other,Normal, , , , , , ,0,1,1,0,0,0,0,0,0,0,0,0,0,0
1002191,2007,11,2,16,42,4,43.77694538,-79.25449029,Scarborough Centre (38),38,Bendale (127),127,D43,Scarborough,PROGRESS AVE,BOROUGH DR, ,Minor Arterial,Mid-Block, ,No Control,Clear,Daylight,Dry,Non-Fatal Injury,Cyclist Collisions,Cyclist,45 to 49,Major,0,North,Bicycle,Going Ahead, , , , , ,Motorist turned left across cyclists path., , ,0,1,1,0,0,0,0,0,0,0,0,0,0,0
1163084,2010,4,16,16,43,4,43.63704538,-79.44769029,Parkdale-High Park (14),14,South Parkdale (85),85,D11,Toronto East York,LAKE SHORE BLVD W,BUDAPEST LANE, ,Major Arterial,Intersection, ,Traffic Signal,Clear,Daylight,Dry,Non-Fatal Injury,Pedestrian Collisions,Vehicle Owner,unknown, ,0, ,Other, , , , , , , , , ,1,0,0,0,0,1,0,0,0,0,0,0,0,0
1163084,2010,4,16,16,43,4,43.63704538,-79.44769029,Parkdale-High Park (14),14,South Parkdale (85),85,D11,Toronto East York,LAKE SHORE BLVD W,BUDAPEST LANE, ,Major Arterial,Intersection, ,Traffic Signal,Clear,Daylight,Dry,Non-Fatal Injury,Pedestrian Collisions,Driver,35 to 39,,0,East,Municipal Transit Bus (TTC),Going Ahead,Driving Properly,Normal, , , , , , ,1,0,0,0,0,1,0,0,0,0,0,0,0,0
1163084,2010,4,16,16,43,4,43.63704538,-79.44769029,Parkdale-High Park (14),14,South Parkdale (85),85,D11,Toronto East York,LAKE SHORE BLVD W,BUDAPEST LANE, ,Major Arterial,Intersection, ,Traffic Signal,Clear,Daylight,Dry,Non-Fatal Injury,Pedestrian Collisions,Pedestrian,55 to 59,Major,0,North,Other, , , ,Pedestrian involved in a collision with transit vehicle anywhere along roadway,Running onto Roadway,Unknown, , , ,1,0,0,0,0,1,0,0,0,0,0,0,0,0
6001582808,2016,9,6,16,43,1,43.7229801,-79.62006769,Etobicoke North (2),2,West Humber-Clairville (1),1,D23,Etobicoke York,HULLRICK DR,CINRICKBAR DR, ,Local,Intersection,At Intersection,Stop Sign,Clear,Daylight,Dry,Non-Fatal Injury,Angle,Driver,25 to 29,,0,South,"Automobile, Station Wagon",Going Ahead,Disobeyed Traffic Control,Normal, , , , , , ,0,0,1,0,0,0,0,1,1,1,0,0,0,0
6001582808,2016,9,6,16,43,1,43.7229801,-79.62006769,Etobicoke North (2),2,West Humber-Clairville (1),1,D23,Etobicoke York,HULLRICK DR,CINRICKBAR DR, ,Local,Intersection,At Intersection,Stop Sign,Clear,Daylight,Dry,Non-Fatal Injury,Angle,Driver,50 to 54,Major,0,West,"Automobile, Station Wagon",Going Ahead,Driving Properly,Normal, , , , , , ,0,0,1,0,0,0,0,1,1,1,0,0,0,0
6001582808,2016,9,6,16,43,1,43.7229801,-79.62006769,Etobicoke North (2),2,West Humber-Clairville (1),1,D23,Etobicoke York,HULLRICK DR,CINRICKBAR DR, ,Local,Intersection,At Intersection,Stop Sign,Clear,Daylight,Dry,Non-Fatal Injury,Angle,Passenger,25 to 29,,0, , , , , , , , , , , ,0,0,1,0,0,0,0,1,1,1,0,0,0,0
6001582808,2016,9,6,16,43,1,43.7229801,-79.62006769,Etobicoke North (2),2,West Humber-Clairville (1),1,D23,Etobicoke York,HULLRICK DR,CINRICKBAR DR, ,Local,Intersection,At Intersection,Stop Sign,Clear,Daylight,Dry,Non-Fatal Injury,Angle,Passenger,15 to 19,,0, , , , , , , , , , , ,0,0,1,0,0,0,0,1,1,1,0,0,0,0
1300277,2012,4,27,16,44,4,43.72214538,-79.30159029,Scarborough Southwest (35),35,Clairlea-Birchmount (120),120,D41,Scarborough,1437 VICTORIA PARK AVE, , ,Major Arterial,Mid-Block,At Intersection,No Control,Clear,Daylight,Dry,Non-Fatal Injury,Pedestrian Collisions,Driver,50 to 54,,0,West,"Automobile, Station Wagon",Turning Left,Failed to Yield Right of Way,Normal, , , , , , ,1,0,1,0,0,0,0,0,0,1,0,0,0,0
1300277,2012,4,27,16,44,4,43.72214538,-79.30159029,Scarborough Southwest (35),35,Clairlea-Birchmount (120),120,D41,Scarborough,1437 VICTORIA PARK AVE, , ,Major Arterial,Mid-Block,At Intersection,No Control,Clear,Daylight,Dry,Non-Fatal Injury,Pedestrian Collisions,Pedestrian,70 to 74,Major,0,East,Other, , , ,Pedestrian hit at mid-block,"Crossing, no Traffic Control",Normal, , , ,1,0,1,0,0,0,0,0,0,1,0,0,0,0
1338579,2012,12,9,16,44,6,43.64426764,-79.37584315,Toronto Centre-Rosedale (28),28,Waterfront Communities-The Island (77),77,D51,Toronto East York,YONGE ST,LAKE SHORE BLVD E, ,Major Arterial,Intersection,At Intersection,Traffic Signal,Rain,"Dark, artificial",Wet,Non-Fatal Injury,Angle,Vehicle Owner,unknown, ,0, ,Other, , , , , , , , , ,0,0,1,0,0,0,0,1,0,1,1,0,0,0
1338579,2012,12,9,16,44,6,43.64426764,-79.37584315,Toronto Centre-Rosedale (28),28,Waterfront Communities-The Island (77),77,D51,Toronto East York,YONGE ST,LAKE SHORE BLVD E, ,Major Arterial,Intersection,At Intersection,Traffic Signal,Rain,"Dark, artificial",Wet,Non-Fatal Injury,Angle,Driver,35 to 39,Major,0,West,"Automobile, Station Wagon",Going Ahead,Driving Properly,Normal, , , , , , ,0,0,1,0,0,0,0,1,0,1,1,0,0,0
1338579,2012,12,9,16,44,6,43.64426764,-79.37584315,Toronto Centre-Rosedale (28),28,Waterfront Communities-The Island (77),77,D51,Toronto East York,YONGE ST,LAKE SHORE BLVD E, ,Major Arterial,Intersection,At Intersection,Traffic Signal,Rain,"Dark, artificial",Wet,Non-Fatal Injury,Angle,Passenger,0 to 4,Minimal,0, ,Other, , , , , , , , , ,0,0,1,0,0,0,0,1,0,1,1,0,0,0
1338579,2012,12,9,16,44,6,43.64426764,-79.37584315,Toronto Centre-Rosedale (28),28,Waterfront Communities-The Island (77),77,D51,Toronto East York,YONGE ST,LAKE SHORE BLVD E, ,Major Arterial,Intersection,At Intersection,Traffic Signal,Rain,"Dark, artificial",Wet,Non-Fatal Injury,Angle,Driver,45 to 49,Minor,0,West,"Automobile, Station Wagon",Going Ahead,Driving Properly,Normal, , , , , , ,0,0,1,0,0,0,0,1,0,1,1,0,0,0
1338579,2012,12,9,16,44,6,43.64426764,-79.37584315,Toronto Centre-Rosedale (28),28,Waterfront Communities-The Island (77),77,D51,Toronto East York,YONGE ST,LAKE SHORE BLVD E, ,Major Arterial,Intersection,At Intersection,Traffic Signal,Rain,"Dark, artificial",Wet,Non-Fatal Injury,Angle,Driver,65 to 69,,0,South,"Automobile, Station Wagon",Going Ahead,Disobeyed Traffic Control,Normal, , , , , , ,0,0,1,0,0,0,0,1,0,1,1,0,0,0
4001784791,2014,3,28,16,44,4,43.64741095,-79.40282069,Trinity-Spadina (20),20,Waterfront Communities-The Island (77),77,D14,Toronto East York,QUEEN ST W,BATHURST ST, ,Major Arterial,Mid-Block,Non Intersection,No Control,Clear,Daylight,Dry,Non-Fatal Injury,Pedestrian Collisions,Driver,25 to 29,,0,East,"Automobile, Station Wagon",Going Ahead,Driving Properly,Normal, , , , , , ,1,0,1,0,0,0,0,0,0,0,0,0,0,0
4001784791,2014,3,28,16,44,4,43.64741095,-79.40282069,Trinity-Spadina (20),20,Waterfront Communities-The Island (77),77,D14,Toronto East York,QUEEN ST W,BATHURST ST, ,Major Arterial,Mid-Block,Non Intersection,No Control,Clear,Daylight,Dry,Non-Fatal Injury,Pedestrian Collisions,Pedestrian,40 to 44,Major,0,South, , , , ,Pedestrian hit at mid-block,"Crossing, no Traffic Control",Inattentive, , , ,1,0,1,0,0,0,0,0,0,0,0,0,0,0
5002036269,2015,11,27,16,44,4,43.72343024,-79.57235346,Etobicoke North (2),2,Rexdale-Kipling (4),4,D23,Etobicoke York,KIPLING AVE,GENTHORN AVE,6 m South of,Major Arterial,Intersection,Intersection Related,Traffic Signal,Clear,"Dark, artificial",Wet,Non-Fatal Injury,Rear End,Driver,25 to 29,Minor,0,North,"Automobile, Station Wagon",Going Ahead,Following too Close,Inattentive, , , , , , ,0,0,1,0,0,0,0,1,0,1,0,0,0,0
5002036269,2015,11,27,16,44,4,43.72343024,-79.57235346,Etobicoke North (2),2,Rexdale-Kipling (4),4,D23,Etobicoke York,KIPLING AVE,GENTHORN AVE,6 m South of,Major Arterial,Intersection,Intersection Related,Traffic Signal,Clear,"Dark, artificial",Wet,Non-Fatal Injury,Rear End,Driver,45 to 49,Minor,0,North,"Automobile, Station Wagon",Stopped,Driving Properly,Normal, , , , , , ,0,0,1,0,0,0,0,1,0,1,0,0,0,0
5002036269,2015,11,27,16,44,4,43.72343024,-79.57235346,Etobicoke North (2),2,Rexdale-Kipling (4),4,D23,Etobicoke York,KIPLING AVE,GENTHORN AVE,6 m South of,Major Arterial,Intersection,Intersection Related,Traffic Signal,Clear,"Dark, artificial",Wet,Non-Fatal Injury,Rear End,Driver,50 to 54,Major,0,North,"Automobile, Station Wagon",Stopped,Driving Properly,Normal, , , , , , ,0,0,1,0,0,0,0,1,0,1,0,0,0,0
5002036269,2015,11,27,16,44,4,43.72343024,-79.57235346,Etobicoke North (2),2,Rexdale-Kipling (4),4,D23,Etobicoke York,KIPLING AVE,GENTHORN AVE,6 m South of,Major Arterial,Intersection,Intersection Related,Traffic Signal,Clear,"Dark, artificial",Wet,Non-Fatal Injury,Rear End,Passenger,5 to 9,,0, , , , , , , , , , , ,0,0,1,0,0,0,0,1,0,1,0,0,0,0
5002036269,2015,11,27,16,44,4,43.72343024,-79.57235346,Etobicoke North (2),2,Rexdale-Kipling (4),4,D23,Etobicoke York,KIPLING AVE,GENTHORN AVE,6 m South of,Major Arterial,Intersection,Intersection Related,Traffic Signal,Clear,"Dark, artificial",Wet,Non-Fatal Injury,Rear End,Passenger,0 to 4,,0, , , , , , , , , , , ,0,0,1,0,0,0,0,1,0,1,0,0,0,0
6001043780,2016,6,15,16,44,2,43.78292807,-79.4010583,Willowdale (23),23,Willowdale East (51),51,D32,North York,FINCH AVE E,GARVIN  MEWS,143 m West of,Major Arterial,Mid-Block,Non Intersection,No Control,Clear,Daylight,Dry,Non-Fatal Injury,Pedestrian Collisions,Driver,40 to 44,,0,West,"Automobile, Station Wagon",Going Ahead,Driving Properly,Normal, , , , , , ,1,0,1,0,0,0,0,0,0,0,0,0,0,0
6001043780,2016,6,15,16,44,2,43.78292807,-79.4010583,Willowdale (23),23,Willowdale East (51),51,D32,North York,FINCH AVE E,GARVIN  MEWS,143 m West of,Major Arterial,Mid-Block,Non Intersection,No Control,Clear,Daylight,Dry,Non-Fatal Injury,Pedestrian Collisions,Pedestrian,20 to 24,Major,0,North, , , , ,Pedestrian hit at mid-block,Running onto Roadway,Normal, , , ,1,0,1,0,0,0,0,0,0,0,0,0,0,0
944879,2007,1,1,16,45,0,43.76864538,-79.42669029,Willowdale (23),23,Willowdale West (37),37,D32,North York,SENLAC RD,ELLERSLIE AVE, ,Minor Arterial,Intersection,At Intersection,Stop Sign,Clear,Dusk,Wet,Non-Fatal Injury,Pedestrian Collisions,Passenger,15 to 19,,0, ,Other, , , , , , , , , ,1,0,1,0,0,0,0,1,0,1,0,0,0,0
944879,2007,1,1,16,45,0,43.76864538,-79.42669029,Willowdale (23),23,Willowdale West (37),37,D32,North York,SENLAC RD,ELLERSLIE AVE, ,Minor Arterial,Intersection,At Intersection,Stop Sign,Clear,Dusk,Wet,Non-Fatal Injury,Pedestrian Collisions,Driver,15 to 19,,0,South,"Automobile, Station Wagon",Going Ahead,Disobeyed Traffic Control,Normal, , , , , , ,1,0,1,0,0,0,0,1,0,1,0,0,0,0
944879,2007,1,1,16,45,0,43.76864538,-79.42669029,Willowdale (23),23,Willowdale West (37),37,D32,North York,SENLAC RD,ELLERSLIE AVE, ,Minor Arterial,Intersection,At Intersection,Stop Sign,Clear,Dusk,Wet,Non-Fatal Injury,Pedestrian Collisions,Pedestrian,65 to 69,Major,0,West,Other, , , ,Vehicle is going straight thru inter.while ped cross with ROW,Crossing with right of way,Normal, , , ,1,0,1,0,0,0,0,1,0,1,0,0,0,0
967321,2007,4,10,16,45,1,43.79644538,-79.41909029,Willowdale (24),24,Newtonbrook East (50),50,D32,North York,ABITIBI AVE,YONGE ST, ,Local,Mid-Block, ,No Control,Clear,Daylight,Dry,Non-Fatal Injury,Pedestrian Collisions,Driver,55 to 59,,0,West,"Automobile, Station Wagon",Going Ahead,Driving Properly,Normal, , , , , , ,1,0,1,0,0,0,0,0,0,0,0,0,0,0
967321,2007,4,10,16,45,1,43.79644538,-79.41909029,Willowdale (24),24,Newtonbrook East (50),50,D32,North York,ABITIBI AVE,YONGE ST, ,Local,Mid-Block, ,No Control,Clear,Daylight,Dry,Non-Fatal Injury,Pedestrian Collisions,Pedestrian,15 to 19,Major,0, ,Other, , , ,Pedestrian hit at mid-block,Running onto Roadway,Normal, , , ,1,0,1,0,0,0,0,0,0,0,0,0,0,0
972018,2007,5,15,16,45,1,43.78234538,-79.28629029,Scarborough-Agincourt (40),40,Agincourt South-Malvern West (128),128,D42,Scarborough,GORDON AVE,COLLINGWOOD ST, ,Local,Mid-Block, ,No Control,Clear,Daylight,Dry,Non-Fatal Injury,Sideswipe,Motorcycle Driver,25 to 29,Major,0,North,Motorcycle,Going Ahead,Driving Properly,Normal, , , , , , ,0,0,1,1,0,0,0,0,0,0,0,0,0,0
972018,2007,5,15,16,45,1,43.78234538,-79.28629029,Scarborough-Agincourt (40),40,Agincourt South-Malvern West (128),128,D42,Scarborough,GORDON AVE,COLLINGWOOD ST, ,Local,Mid-Block, ,No Control,Clear,Daylight,Dry,Non-Fatal Injury,Sideswipe,Vehicle Owner,unknown,,0, ,Other, , , , , , , , , ,0,0,1,1,0,0,0,0,0,0,0,0,0,0
972018,2007,5,15,16,45,1,43.78234538,-79.28629029,Scarborough-Agincourt (40),40,Agincourt South-Malvern West (128),128,D42,Scarborough,GORDON AVE,COLLINGWOOD ST, ,Local,Mid-Block, ,No Control,Clear,Daylight,Dry,Non-Fatal Injury,Sideswipe,Driver,20 to 24,,0,North,"Automobile, Station Wagon",Turning Left,Improper Turn,Normal, , , , , , ,0,0,1,1,0,0,0,0,0,0,0,0,0,0
973640,2007,6,6,16,45,2,43.65594538,-79.38639029,Toronto Centre-Rosedale (27),27,Bay Street Corridor (76),76,D52,Toronto East York,CHESTNUT ST,EDWARD ST, ,Collector,Intersection,At Intersection,No Control,Clear,Daylight,Dry,Non-Fatal Injury,Pedestrian Collisions,Vehicle Owner,unknown, ,0, ,Other, , , , , , , , , ,1,0,0,0,0,1,0,0,0,1,0,0,0,0
1110376,2009,6,21,16,0,6,43.68774538,-79.27089029,Scarborough Southwest (36),36,Birchcliffe-Cliffside (122),122,D41,Scarborough,WARDEN AVE,KINGSTON RD, ,Major Arterial,Intersection,At Intersection,Traffic Signal,Clear,Daylight,Dry,Non-Fatal Injury,Cyclist Collisions,Cyclist,45 to 49,Major,0,South,Bicycle,Turning Right, , , , , ,Cyclist and Driver travelling in same direction. One vehicle rear-ended the other.,Driving Properly,Had Been Drinking,0,1,1,0,0,0,0,0,0,1,0,0,0,0
7001296811,2017,7,19,15,48,2,43.67586138,-79.40736829,St. Paul's (22),22,Casa Loma (96),96,D53,Toronto East York,MACPHERSON AV,SPADINA RD,7 m East of,Local,Mid-Block,Non Intersection,No Control,Clear,Daylight,Dry,Non-Fatal Injury,Turning Movement,Driver,10 to 14,Major,0,North,Other,Going Ahead,Improper Turn,Normal, , , , , , ,0,0,1,0,0,0,0,0,1,1,0,0,0,0
1109235,2009,6,9,16,13,1,43.79224538,-79.39359029,Willowdale (24),24,Newtonbrook East (50),50,D32,North York,CUMMER Aven,BAYVIEW Aven, ,Major Arterial,Intersection,At Intersection,Traffic Signal,Clear,Daylight,Dry,Non-Fatal Injury,Pedestrian Collisions,Pedestrian,60 to 64,Major,0,North,Other, , , ,Vehicle is going straight thru inter.while ped cross without ROW,Crossing without right of way,Inattentive, , , ,1,0,1,0,0,0,0,0,0,0,0,0,0,0
1116599,2009,6,22,16,0,0,43.66714538,-79.49179029,York South-Weston (11),11,Rockcliffe-Smythe (111),111,D11,Etobicoke York,ST CLAIR AVE W,JANE ST, ,Major Arterial,Intersection, ,Traffic Signal,Clear,Daylight,Dry,Non-Fatal Injury,Pedestrian Collisions,Driver,65 to 69,,0,North,"Automobile, Station Wagon",Turning Left,Failed to Yield Right of Way,Unknown, , , , , , ,1,0,1,0,0,0,0,0,0,1,0,0,0,0
1116599,2009,6,22,16,0,0,43.66714538,-79.49179029,York South-Weston (11),11,Rockcliffe-Smythe (111),111,D11,Etobicoke York,ST CLAIR AVE W,JANE ST, ,Major Arterial,Intersection, ,Traffic Signal,Clear,Daylight,Dry,Non-Fatal Injury,Pedestrian Collisions,Pedestrian,55 to 59,Major,0,South,Other, , , ,Vehicle turns left while ped crosses with ROW at inter.,Crossing with right of way,Normal, , , ,1,0,1,0,0,0,0,0,0,1,0,0,0,0
1109235,2009,6,9,16,13,1,43.79224538,-79.39359029,Willowdale (24),24,Newtonbrook East (50),50,D32,North York,CUMMER Aven,BAYVIEW Aven, ,Major Arterial,Intersection,At Intersection,Traffic Signal,Clear,Daylight,Dry,Non-Fatal Injury,Pedestrian Collisions,Vehicle Owner,unknown, ,0, ,Other, , , , , , , , , ,1,0,1,0,0,0,0,0,0,0,0,0,0,0
1181613,2010,6,19,16,0,5,43.66104538,-79.38479029,Toronto Centre-Rosedale (27),27,Bay Street Corridor (76),76,D52,Toronto East York,COLLEGE ST,BAY ST, ,Major Arterial,Mid-Block, ,No Control,Clear,Daylight,Dry,Non-Fatal Injury,Cyclist Collisions,Driver,50 to 54,,0,East,"Automobile, Station Wagon",Stopped,Other,Normal, , , , , , ,0,1,1,0,0,0,0,0,0,0,0,0,0,0
1109235,2009,6,9,16,13,1,43.79224538,-79.39359029,Willowdale (24),24,Newtonbrook East (50),50,D32,North York,CUMMER Aven,BAYVIEW Aven, ,Major Arterial,Intersection,At Intersection,Traffic Signal,Clear,Daylight,Dry,Non-Fatal Injury,Pedestrian Collisions,Driver,20 to 24,,0,West,"Automobile, Station Wagon",Going Ahead,Driving Properly,Normal, , , , , , ,1,0,1,0,0,0,0,0,0,0,0,0,0,0
1266558,2011,9,23,16,13,4,43.66244538,-79.40479029,Trinity-Spadina (20),20,University (79),79,D14,Toronto East York,HARBORD ST,MAJOR ST, ,Minor Arterial,Intersection,At Intersection,No Control,Rain,Daylight,Wet,Non-Fatal Injury,Cyclist Collisions,Driver,35 to 39,,0,East,"Automobile, Station Wagon",Turning Left,Failed to Yield Right of Way,Normal, , , , , , ,0,1,1,0,0,0,0,0,0,1,0,0,0,0
1266558,2011,9,23,16,13,4,43.66244538,-79.40479029,Trinity-Spadina (20),20,University (79),79,D14,Toronto East York,HARBORD ST,MAJOR ST, ,Minor Arterial,Intersection,At Intersection,No Control,Rain,Daylight,Wet,Non-Fatal Injury,Cyclist Collisions,Cyclist,25 to 29,Major,0,West,Bicycle,Unknown, , , , , ,Motorist turned left across cyclists path.,Driving Properly,Normal,0,1,1,0,0,0,0,0,0,1,0,0,0,0
1044627,2008,6,17,16,14,1,43.67074538,-79.43319029,Davenport (17),17,Dovercourt-Wallace Emerson-Junction (93),93,D13,Toronto East York,DOVERCOURT Rd,GEARY Ave, ,Minor Arterial,Intersection,At Intersection,Stop Sign,Clear,Daylight,Dry,Non-Fatal Injury,Angle,Driver,70 to 74,,0,East,"Automobile, Station Wagon",Going Ahead,Disobeyed Traffic Control,Normal, , , , , , ,0,0,1,0,0,0,0,1,0,1,0,0,0,0
1044627,2008,6,17,16,14,1,43.67074538,-79.43319029,Davenport (17),17,Dovercourt-Wallace Emerson-Junction (93),93,D13,Toronto East York,DOVERCOURT Rd,GEARY Ave, ,Minor Arterial,Intersection,At Intersection,Stop Sign,Clear,Daylight,Dry,Non-Fatal Injury,Angle,Passenger,50 to 54,Major,0, ,"Automobile, Station Wagon", , , , , , , , , ,0,0,1,0,0,0,0,1,0,1,0,0,0,0
1044627,2008,6,17,16,14,1,43.67074538,-79.43319029,Davenport (17),17,Dovercourt-Wallace Emerson-Junction (93),93,D13,Toronto East York,DOVERCOURT Rd,GEARY Ave, ,Minor Arterial,Intersection,At Intersection,Stop Sign,Clear,Daylight,Dry,Non-Fatal Injury,Angle,Driver,50 to 54,,0,South,"Automobile, Station Wagon",Going Ahead,Driving Properly,Normal, , , , , , ,0,0,1,0,0,0,0,1,0,1,0,0,0,0
1055623,2008,8,31,16,14,6,43.76864538,-79.25019029,Scarborough Centre (38),38,Woburn (137),137,D43,Scarborough,MCCOWAN RD,HURONIA GT, ,Major Arterial,Intersection,At Intersection,No Control,Clear,Daylight,Dry,Non-Fatal Injury,Rear End,Driver,45 to 49,,0,South,"Automobile, Station Wagon",Stopped,Driving Properly,Normal, , , , , , ,0,0,1,0,0,0,0,1,0,0,0,0,0,0
1055623,2008,8,31,16,14,6,43.76864538,-79.25019029,Scarborough Centre (38),38,Woburn (137),137,D43,Scarborough,MCCOWAN RD,HURONIA GT, ,Major Arterial,Intersection,At Intersection,No Control,Clear,Daylight,Dry,Non-Fatal Injury,Rear End,Driver,35 to 39,,0,South,"Automobile, Station Wagon",Going Ahead,Lost control,Inattentive, , , , , , ,0,0,1,0,0,0,0,1,0,0,0,0,0,0
1055623,2008,8,31,16,14,6,43.76864538,-79.25019029,Scarborough Centre (38),38,Woburn (137),137,D43,Scarborough,MCCOWAN RD,HURONIA GT, ,Major Arterial,Intersection,At Intersection,No Control,Clear,Daylight,Dry,Non-Fatal Injury,Rear End,Passenger,25 to 29,Major,0, ,Other, , , , , , , , , ,0,0,1,0,0,0,0,1,0,0,0,0,0,0
1055623,2008,8,31,16,14,6,43.76864538,-79.25019029,Scarborough Centre (38),38,Woburn (137),137,D43,Scarborough,MCCOWAN RD,HURONIA GT, ,Major Arterial,Intersection,At Intersection,No Control,Clear,Daylight,Dry,Non-Fatal Injury,Rear End,Driver,30 to 34,,0,North,"Automobile, Station Wagon",Going Ahead,Driving Properly,Normal, , , , , , ,0,0,1,0,0,0,0,1,0,0,0,0,0,0
7001296811,2017,7,19,15,48,2,43.67586138,-79.40736829,St. Paul's (22),22,Casa Loma (96),96,D53,Toronto East York,MACPHERSON AV,SPADINA RD,7 m East of,Local,Mid-Block,Non Intersection,No Control,Clear,Daylight,Dry,Non-Fatal Injury,Turning Movement,Driver,25 to 29,,0,South,"Automobile, Station Wagon",Turning Left,Driving Properly,Normal, , , , , , ,0,0,1,0,0,0,0,0,1,1,0,0,0,0
2015518760,2015,3,19,16,45,3,43.79463919,-79.419201,Willowdale (24),24,Newtonbrook East (50),50,D32,North York,6212 YONGE ST, , ,Major Arterial,Intersection, ,No Control,Clear,"Dark, artificial",Dry,Fatal,Pedestrian Collisions,Pedestrian,80 to 84,Fatal,16,North, , , , ,Pedestrian hit at private driveway,On Sidewalk or Shoulder,Unknown, , , ,1,0,1,0,0,0,0,0,0,1,0,0,0,1
1055623,2008,8,31,16,14,6,43.76864538,-79.25019029,Scarborough Centre (38),38,Woburn (137),137,D43,Scarborough,MCCOWAN RD,HURONIA GT, ,Major Arterial,Intersection,At Intersection,No Control,Clear,Daylight,Dry,Non-Fatal Injury,Rear End,Driver,40 to 44,Minor,0,South,"Automobile, Station Wagon",Going Ahead,Driving Properly,Normal, , , , , , ,0,0,1,0,0,0,0,1,0,0,0,0,0,0
4002688656,2014,8,12,16,14,1,43.67531546,-79.30849085,Beaches-East York (32),32,East End-Danforth (62),62,D55,Toronto East York,WOODBINE AVE,HEYWORTH CRES, ,Major Arterial,Intersection,Non Intersection,No Control,Clear,Daylight,Dry,Non-Fatal Injury,Turning Movement,Driver,40 to 44,,0,South,"Automobile, Station Wagon",Turning Left,Failed to Yield Right of Way,Inattentive, , , , , , ,0,0,1,1,0,0,0,1,0,1,0,0,0,0
4002688656,2014,8,12,16,14,1,43.67531546,-79.30849085,Beaches-East York (32),32,East End-Danforth (62),62,D55,Toronto East York,WOODBINE AVE,HEYWORTH CRES, ,Major Arterial,Intersection,Non Intersection,No Control,Clear,Daylight,Dry,Non-Fatal Injury,Turning Movement,Motorcycle Driver,35 to 39,Major,0,North,Motorcycle,Going Ahead,Driving Properly,Normal, , , , , , ,0,0,1,1,0,0,0,1,0,1,0,0,0,0