ACCNUM,YEAR,MONTH,DAY,HOUR,MINUTES,WEEKDAY,LATITUDE,LONGITUDE,Ward_Name,Ward_ID,Hood_Name,Hood_ID,Division,District,STREET1,STREET2,OFFSET,ROAD_CLASS,LOCCOORD,ACCLOC,TRAFFCTL,VISIBILITY,LIGHT,RDSFCOND,ACCLASS,IMPACTYPE,INVTYPE,INVAGE,INJURY,FATAL_NO,INITDIR,VEHTYPE,MANOEUVER,DRIVACT,DRIVCOND,PEDTYPE,PEDACT,PEDCOND,CYCLISTYPE,CYCACT,CYCCOND,PEDESTRIAN,CYCLIST,AUTOMOBILE,MOTORCYCLE,TRUCK,TRSN_CITY_VEH,EMERG_VEH,PASSENGER,SPEEDING,AG_DRIV,REDLIGHT,ALCOHOL,DISABILITY,label
4002688656,2014,8,12,16,14,1,43.67531546,-79.30849085,Beaches-East York (32),32,East End-Danforth (62),62,D55,Toronto East York,WOODBINE AVE,HEYWORTH CRES, ,Major Arterial,Intersection,Non Intersection,No Control,Clear,Daylight,Dry,Non-Fatal Injury,Turning Movement,Passenger,10 to 14,,0, , , , , , , , , , , ,0,0,1,1,0,0,0,1,0,1,0,0,0,0
967864,2007,5,6,16,15,6,43.66104538,-79.34009029,Toronto-Danforth (30),30,South Riverdale (70),70,D55,Toronto East York,QUEEN ST E,CARLAW AVE, ,Minor Arterial,Intersection,At Intersection,Traffic Signal,Clear,Daylight,Dry,Non-Fatal Injury,Turning Movement,Motorcycle Driver,25 to 29,Major,0,East,Motorcycle,Going Ahead,Driving Properly,Normal, , , , , , ,0,0,1,1,0,0,0,1,0,0,0,0,0,0
967864,2007,5,6,16,15,6,43.66104538,-79.34009029,Toronto-Danforth (30),30,South Riverdale (70),70,D55,Toronto East York,QUEEN ST E,CARLAW AVE, ,Minor Arterial,Intersection,At Intersection,Traffic Signal,Clear,Daylight,Dry,Non-Fatal Injury,Turning Movement,Passenger,15 to 19,,0, ,Other, , , , , , , , , ,0,0,1,1,0,0,0,1,0,0,0,0,0,0
967864,2007,5,6,16,15,6,43.66104538,-79.34009029,Toronto-Danforth (30),30,South Riverdale (70),70,D55,Toronto East York,QUEEN ST E,CARLAW AVE, ,Minor Arterial,Intersection,At Intersection,Traffic Signal,Clear,Daylight,Dry,Non-Fatal Injury,Turning Movement,Driver,50 to 54,,0,West,"Automobile, Station Wagon",Turning Left,Improper Turn,Normal, , , , , , ,0,0,1,1,0,0,0,1,0,0,0,0,0,0
1307372,2012,6,26,16,15,1,43.65694538,-79.40519029,Trinity-Spadina (20),20,Kensington-Chinatown (78),78,D14,Toronto East York,COLLEGE ST,BORDEN ST, ,Major Arterial,Intersection,At Intersection,Traffic Signal,Clear,Daylight,Dry,Non-Fatal Injury,Cyclist Collisions,Driver,45 to 49,,0,West,"Automobile, Station Wagon",Turning Right,Driving Properly,Normal, , , , , , ,0,1,1,0,0,0,0,0,0,0,0,0,0,0
1307372,2012,6,26,16,15,1,43.65694538,-79.40519029,Trinity-Spadina (20),20,Kensington-Chinatown (78),78,D14,Toronto East York,COLLEGE ST,BORDEN ST, ,Major Arterial,Intersection,At Intersection,Traffic Signal,Clear,Daylight,Dry,Non-Fatal Injury,Cyclist Collisions,Cyclist,30 to 34,Major,0,West,Bicycle,Going Ahead, , , , , ,Cyclist and Driver travelling in same direction. One vehicle rear-ended the other.,Following too Close,Normal,0,1,1,0,0,0,0,0,0,0,0,0,0,0
1310920,2012,7,11,16,15,2,43.67974538,-79.39859029,St. Paul's (22),22,Yonge-St.Clair (97),97,D53,Toronto East York,AVENUE RD,COTTINGHAM ST, ,Major Arterial,Mid-Block,At Intersection,No Control,Clear,Daylight,Dry,Non-Fatal Injury,Pedestrian Collisions,Driver,45 to 49,,0,North,"Automobile, Station Wagon",Going Ahead,Driving Properly,Normal, , , , , , ,1,0,1,0,0,0,0,0,0,0,0,0,0,0
1310920,2012,7,11,16,15,2,43.67974538,-79.39859029,St. Paul's (22),22,Yonge-St.Clair (97),97,D53,Toronto East York,AVENUE RD,COTTINGHAM ST, ,Major Arterial,Mid-Block,At Intersection,No Control,Clear,Daylight,Dry,Non-Fatal Injury,Pedestrian Collisions,Pedestrian,20 to 24,Major,0,North,Other, , , ,Pedestrian hit at mid-block,Other,Normal, , , ,1,0,1,0,0,0,0,0,0,0,0,0,0,0
1313400,2012,9,5,16,15,2,43.78134538,-79.41269029,Willowdale (24),24,Newtonbrook East (50),50,D32,North York,KENNETH AVE,PEMBERTON AVE, ,Local,Intersection, ,No Control,Clear,Daylight,Dry,Non-Fatal Injury,Pedestrian Collisions,Driver,65 to 69,,0,North,"Automobile, Station Wagon",Going Ahead,Failed to Yield Right of Way,Normal, , , , , , ,1,0,1,0,0,0,0,0,0,1,0,0,0,0
1313400,2012,9,5,16,15,2,43.78134538,-79.41269029,Willowdale (24),24,Newtonbrook East (50),50,D32,North York,KENNETH AVE,PEMBERTON AVE, ,Local,Intersection, ,No Control,Clear,Daylight,Dry,Non-Fatal Injury,Pedestrian Collisions,Pedestrian,0 to 4,Major,0,East,Other, , , ,Vehicle is going straight thru inter.while ped cross with ROW,Crossing with right of way,Other, , , ,1,0,1,0,0,0,0,0,0,1,0,0,0,0
1388519,2013,8,25,16,15,6,43.63142737,-79.55232629999999,Etobicoke-Lakeshore (5),5,Islington-City Centre West (14),14,D22,Etobicoke York,THE EAST MALL,EAST MALL CRES, ,Minor Arterial,Intersection, ,Traffic Signal,Clear,Daylight,Dry,Non-Fatal Injury,Turning Movement,Vehicle Owner,unknown, ,0, ,Other, , , , , , , , , ,0,0,1,0,0,0,0,0,0,1,1,0,0,0
1388519,2013,8,25,16,15,6,43.63142737,-79.55232629999999,Etobicoke-Lakeshore (5),5,Islington-City Centre West (14),14,D22,Etobicoke York,THE EAST MALL,EAST MALL CRES, ,Minor Arterial,Intersection, ,Traffic Signal,Clear,Daylight,Dry,Non-Fatal Injury,Turning Movement,Driver,35 to 39,Major,0,North,"Automobile, Station Wagon",Going Ahead,Disobeyed Traffic Control,Normal, , , , , , ,0,0,1,0,0,0,0,0,0,1,1,0,0,0
1388519,2013,8,25,16,15,6,43.63142737,-79.55232629999999,Etobicoke-Lakeshore (5),5,Islington-City Centre West (14),14,D22,Etobicoke York,THE EAST MALL,EAST MALL CRES, ,Minor Arterial,Intersection, ,Traffic Signal,Clear,Daylight,Dry,Non-Fatal Injury,Turning Movement,Driver,25 to 29,,0,South,"Automobile, Station Wagon",Turning Left,Driving Properly,Normal, , , , , , ,0,0,1,0,0,0,0,0,0,1,1,0,0,0
142510103,2014,7,16,16,15,2,43.70477637,-79.3681222,Don Valley West (26),26,Leaside-Bennington (56),56,D53,North York,MCRAE DR,MILLWOOD RD, ,Collector,Intersection, ,Traffic Signal,Clear,Daylight,Dry,Fatal,Pedestrian Collisions,Driver,50 to 54,,0,South,Passenger Van,Turning Right,Failed to Yield Right of Way,Had Been Drinking, , , , , , ,1,0,1,0,0,0,0,0,0,1,0,0,0,1
142510103,2014,7,16,16,15,2,43.70477637,-79.3681222,Don Valley West (26),26,Leaside-Bennington (56),56,D53,North York,MCRAE DR,MILLWOOD RD, ,Collector,Intersection, ,Traffic Signal,Clear,Daylight,Dry,Fatal,Pedestrian Collisions,Pedestrian,5 to 9,Fatal,14,West, , , , ,Vehicle turns right while ped crosses with ROW at inter.,Crossing with right of way,Normal, , , ,1,0,1,0,0,0,0,0,0,1,0,0,0,1
5000542079,2015,4,1,16,15,2,43.66638525,-79.53294764,Etobicoke Centre (4),4,Edenbridge-Humber Valley (9),9,D22,Etobicoke York,ISLINGTON AVE,AYLESBURY RD,6 m South of,Major Arterial,Intersection,Intersection Related,No Control,Clear,Daylight,Dry,Non-Fatal Injury,Rear End,Driver,15 to 19,Minor,0,North,"Automobile, Station Wagon",Going Ahead,Lost control,Normal, , , , , , ,0,0,1,0,0,0,0,1,0,0,0,0,0,0
5000542079,2015,4,1,16,15,2,43.66638525,-79.53294764,Etobicoke Centre (4),4,Edenbridge-Humber Valley (9),9,D22,Etobicoke York,ISLINGTON AVE,AYLESBURY RD,6 m South of,Major Arterial,Intersection,Intersection Related,No Control,Clear,Daylight,Dry,Non-Fatal Injury,Rear End,Driver,35 to 39,Minimal,0,North,"Automobile, Station Wagon",Stopped,Driving Properly,Normal, , , , , , ,0,0,1,0,0,0,0,1,0,0,0,0,0,0
5000542079,2015,4,1,16,15,2,43.66638525,-79.53294764,Etobicoke Centre (4),4,Edenbridge-Humber Valley (9),9,D22,Etobicoke York,ISLINGTON AVE,AYLESBURY RD,6 m South of,Major Arterial,Intersection,Intersection Related,No Control,Clear,Daylight,Dry,Non-Fatal Injury,Rear End,Passenger,45 to 49,Major,0, , , , , , , , , , , ,0,0,1,0,0,0,0,1,0,0,0,0,0,0
7001781044,2017,10,1,16,15,6,43.6742893,-79.43461237,Davenport (17),17,Wychwood (94),94,D13,Etobicoke York,DAVENPORT RD,DOVERCOURT ROAD, ,Minor Arterial,Intersection,At Intersection,No Control,Clear,Daylight,Dry,Non-Fatal Injury,Cyclist Collisions,Driver,40 to 44,,0,West,"Automobile, Station Wagon",Turning Left,Improper Turn,Normal, , , , , , ,0,1,1,0,0,0,0,0,0,0,0,0,0,0
7001781044,2017,10,1,16,15,6,43.6742893,-79.43461237,Davenport (17),17,Wychwood (94),94,D13,Etobicoke York,DAVENPORT RD,DOVERCOURT ROAD, ,Minor Arterial,Intersection,At Intersection,No Control,Clear,Daylight,Dry,Non-Fatal Injury,Cyclist Collisions,Cyclist,45 to 49,Major,0,East,Bicycle,Going Ahead, , , , , ,Motorist turned left across cyclists path.,Driving Properly,Normal,0,1,1,0,0,0,0,0,0,0,0,0,0,0
1038453,2008,4,28,16,16,0,43.78104538,-79.44479029,Willowdale (23),23,Newtonbrook West (36),36,D32,North York,BATHURST Stre,DREWRY Aven, ,Major Arterial,Mid-Block, ,No Control,Clear,Daylight,Dry,Non-Fatal Injury,Turning Movement,Driver,20 to 24,,0,West,"Automobile, Station Wagon",Turning Left,Failed to Yield Right of Way,Normal, , , , , , ,0,0,1,0,0,0,0,0,0,1,0,0,0,0
1038453,2008,4,28,16,16,0,43.78104538,-79.44479029,Willowdale (23),23,Newtonbrook West (36),36,D32,North York,BATHURST Stre,DREWRY Aven, ,Major Arterial,Mid-Block, ,No Control,Clear,Daylight,Dry,Non-Fatal Injury,Turning Movement,Vehicle Owner,unknown, ,0, ,Other, , , , , , , , , ,0,0,1,0,0,0,0,0,0,1,0,0,0,0
1038453,2008,4,28,16,16,0,43.78104538,-79.44479029,Willowdale (23),23,Newtonbrook West (36),36,D32,North York,BATHURST Stre,DREWRY Aven, ,Major Arterial,Mid-Block, ,No Control,Clear,Daylight,Dry,Non-Fatal Injury,Turning Movement,Driver,20 to 24,Major,0,North,"Automobile, Station Wagon",Going Ahead,Driving Properly,Normal, , , , , , ,0,0,1,0,0,0,0,0,0,1,0,0,0,0
3001104210,2013,12,6,16,16,4,43.75990256,-79.23611841,Scarborough Centre (38),38,Woburn (137),137,D43,Scarborough,BELLAMY RD N,ROCHMAN BLVD, ,Minor Arterial,Intersection,At Intersection,Stop Sign,Clear,Daylight,Dry,Non-Fatal Injury,Angle,Driver,30 to 34,,0,West,"Automobile, Station Wagon",Going Ahead,Disobeyed Traffic Control,Unknown, , , , , , ,0,0,1,0,0,0,0,0,0,1,0,0,0,0
3001104210,2013,12,6,16,16,4,43.75990256,-79.23611841,Scarborough Centre (38),38,Woburn (137),137,D43,Scarborough,BELLAMY RD N,ROCHMAN BLVD, ,Minor Arterial,Intersection,At Intersection,Stop Sign,Clear,Daylight,Dry,Non-Fatal Injury,Angle,Driver,45 to 49,Major,0,North,"Automobile, Station Wagon",Going Ahead,Driving Properly,Normal, , , , , , ,0,0,1,0,0,0,0,0,0,1,0,0,0,0
6000197047,2016,2,2,16,16,1,43.74702414,-79.51508723,York Centre (9),9,Glenfield-Jane Heights (25),25,D31,Etobicoke York,JANE ST,GRANDRAVINE DR, ,Major Arterial,Intersection,At Intersection,Traffic Signal,Clear,Daylight,Dry,Non-Fatal Injury,Pedestrian Collisions,Driver,40 to 44,,0,West,Pick Up Truck,Turning Left,Failed to Yield Right of Way,Inattentive, , , , , , ,1,0,1,0,0,0,0,0,0,1,0,0,0,0
6000197047,2016,2,2,16,16,1,43.74702414,-79.51508723,York Centre (9),9,Glenfield-Jane Heights (25),25,D31,Etobicoke York,JANE ST,GRANDRAVINE DR, ,Major Arterial,Intersection,At Intersection,Traffic Signal,Clear,Daylight,Dry,Non-Fatal Injury,Pedestrian Collisions,Pedestrian,55 to 59,Major,0,East, , , , ,Vehicle turns left while ped crosses with ROW at inter.,Crossing with right of way,Normal, , , ,1,0,1,0,0,0,0,0,0,1,0,0,0,0
7000792662,2017,5,5,16,16,4,43.67230538,-79.42729529,St. Paul's (21),21,Wychwood (94),94,D13,Toronto East York,SHAW ST,WYCHCREST AVE, ,Collector,Intersection,Intersection Related,No Control,Rain,Daylight,Wet,Non-Fatal Injury,SMV Other,Driver,75 to 79,Major,0,West,"Automobile, Station Wagon",Going Ahead,Other,Normal, , , , , , ,0,0,1,0,0,0,0,0,0,0,0,0,0,0
1255918,2011,9,22,16,17,3,43.71054538,-79.30899029,Beaches-East York (31),31,O'Connor-Parkview (54),54,D54,Toronto East York,O CONNOR Driv,DOHME Aven, ,Major Arterial,Intersection,At Intersection,Traffic Signal,Clear,Daylight,Dry,Non-Fatal Injury,Pedestrian Collisions,Driver,35 to 39,,0,North,"Automobile, Station Wagon",Going Ahead,Driving Properly,Normal, , , , , , ,1,0,1,0,0,0,0,0,0,0,0,0,0,0
1255918,2011,9,22,16,17,3,43.71054538,-79.30899029,Beaches-East York (31),31,O'Connor-Parkview (54),54,D54,Toronto East York,O CONNOR Driv,DOHME Aven, ,Major Arterial,Intersection,At Intersection,Traffic Signal,Clear,Daylight,Dry,Non-Fatal Injury,Pedestrian Collisions,Pedestrian,20 to 24,Major,0,West,Other, , , ,Vehicle is going straight thru inter.while ped cross without ROW,Coming From Behind Parked Vehicle,Inattentive, , , ,1,0,1,0,0,0,0,0,0,0,0,0,0,0
6001481386,2016,8,21,16,17,6,43.74420889,-79.60750971,Etobicoke North (1),1,West Humber-Clairville (1),1,D23,Etobicoke York,ALBION RD,HIGHWAY 27  N, ,Major Arterial,Intersection,At Intersection,Traffic Signal,Clear,Daylight,Dry,Non-Fatal Injury,Turning Movement,Driver,35 to 39,,0,West,"Automobile, Station Wagon",Turning Left,Improper Turn,Inattentive, , , , , , ,0,0,1,0,0,0,0,1,0,0,0,0,0,0
6001481386,2016,8,21,16,17,6,43.74420889,-79.60750971,Etobicoke North (1),1,West Humber-Clairville (1),1,D23,Etobicoke York,ALBION RD,HIGHWAY 27  N, ,Major Arterial,Intersection,At Intersection,Traffic Signal,Clear,Daylight,Dry,Non-Fatal Injury,Turning Movement,Driver,40 to 44,,0,East,"Automobile, Station Wagon",Going Ahead,Driving Properly,Normal, , , , , , ,0,0,1,0,0,0,0,1,0,0,0,0,0,0
6001481386,2016,8,21,16,17,6,43.74420889,-79.60750971,Etobicoke North (1),1,West Humber-Clairville (1),1,D23,Etobicoke York,ALBION RD,HIGHWAY 27  N, ,Major Arterial,Intersection,At Intersection,Traffic Signal,Clear,Daylight,Dry,Non-Fatal Injury,Turning Movement,Passenger,35 to 39,Major,0, , , , , , , , , , , ,0,0,1,0,0,0,0,1,0,0,0,0,0,0
1146948,2009,12,14,16,18,0,43.66874538,-79.33759029,Toronto-Danforth (30),30,South Riverdale (70),70,D55,Toronto East York,GERRARD Stre E,MARJORY Aven, ,Minor Arterial,Intersection,At Intersection,Traffic Signal,Rain,Daylight,Wet,Non-Fatal Injury,Pedestrian Collisions,Vehicle Owner,unknown, ,0, ,Other, , , , , , , , , ,1,0,1,0,0,0,0,0,0,0,0,0,0,0
1146948,2009,12,14,16,18,0,43.66874538,-79.33759029,Toronto-Danforth (30),30,South Riverdale (70),70,D55,Toronto East York,GERRARD Stre E,MARJORY Aven, ,Minor Arterial,Intersection,At Intersection,Traffic Signal,Rain,Daylight,Wet,Non-Fatal Injury,Pedestrian Collisions,Driver,40 to 44,,0,West,"Automobile, Station Wagon",Going Ahead,Driving Properly,Normal, , , , , , ,1,0,1,0,0,0,0,0,0,0,0,0,0,0
1146948,2009,12,14,16,18,0,43.66874538,-79.33759029,Toronto-Danforth (30),30,South Riverdale (70),70,D55,Toronto East York,GERRARD Stre E,MARJORY Aven, ,Minor Arterial,Intersection,At Intersection,Traffic Signal,Rain,Daylight,Wet,Non-Fatal Injury,Pedestrian Collisions,Pedestrian,40 to 44,Major,0,South,Other, , , ,Vehicle is going straight thru inter.while ped cross without ROW,Crossing without right of way,Inattentive, , , ,1,0,1,0,0,0,0,0,0,0,0,0,0,0
142655086,2014,8,7,16,18,3,43.78438147,-79.4166833,Willowdale (24),24,Newtonbrook East (50),50,D32,North York,5800 YONGE ST, , ,Major Arterial,Intersection, ,Traffic Signal,Clear,Daylight,Dry,Fatal,Pedestrian Collisions,Driver,25 to 29,Minor,0,South, ,Going Ahead,Disobeyed Traffic Control,Normal, , , , , , ,1,0,1,0,0,0,0,1,0,1,1,0,0,1
142655086,2014,8,7,16,18,3,43.78438147,-79.4166833,Willowdale (24),24,Newtonbrook East (50),50,D32,North York,5800 YONGE ST, , ,Major Arterial,Intersection, ,Traffic Signal,Clear,Daylight,Dry,Fatal,Pedestrian Collisions,Passenger,20 to 24,Major,0, , , , , , , , , , , ,1,0,1,0,0,0,0,1,0,1,1,0,0,1
142655086,2014,8,7,16,18,3,43.78438147,-79.4166833,Willowdale (24),24,Newtonbrook East (50),50,D32,North York,5800 YONGE ST, , ,Major Arterial,Intersection, ,Traffic Signal,Clear,Daylight,Dry,Fatal,Pedestrian Collisions,Driver,20 to 24,,0,North,"Automobile, Station Wagon",Turning Left,Driving Properly,Normal, , , , , , ,1,0,1,0,0,0,0,1,0,1,1,0,0,1
142655086,2014,8,7,16,18,3,43.78438147,-79.4166833,Willowdale (24),24,Newtonbrook East (50),50,D32,North York,5800 YONGE ST, , ,Major Arterial,Intersection, ,Traffic Signal,Clear,Daylight,Dry,Fatal,Pedestrian Collisions,Passenger,20 to 24,,0, , , , , , , , , , , ,1,0,1,0,0,0,0,1,0,1,1,0,0,1
142655086,2014,8,7,16,18,3,43.78438147,-79.4166833,Willowdale (24),24,Newtonbrook East (50),50,D32,North York,5800 YONGE ST, , ,Major Arterial,Intersection, ,Traffic Signal,Clear,Daylight,Dry,Fatal,Pedestrian Collisions,Pedestrian,40 to 44,Fatal,19,South, , , , ,Pedestrian hit on sidewalk or shoulder,On Sidewalk or Shoulder,Unknown, , , ,1,0,1,0,0,0,0,1,0,1,1,0,0,1
5002211839,2015,12,26,16,18,5,43.64372214,-79.42110071,Trinity-Spadina (19),19,Niagara (82),82,D14,Toronto East York,1071 QUEEN ST W, ,1 m South of,Major Arterial,Intersection,Laneway,No Control,Clear,Daylight,Dry,Non-Fatal Injury,Pedestrian Collisions,Driver,35 to 39,,0,West,"Automobile, Station Wagon",Going Ahead,Lost control,Normal, , , , , , ,1,0,1,0,0,0,0,0,0,0,0,0,0,0
5002211839,2015,12,26,16,18,5,43.64372214,-79.42110071,Trinity-Spadina (19),19,Niagara (82),82,D14,Toronto East York,1071 QUEEN ST W, ,1 m South of,Major Arterial,Intersection,Laneway,No Control,Clear,Daylight,Dry,Non-Fatal Injury,Pedestrian Collisions,Pedestrian,20 to 24,Major,0,Unknown, , , , ,Pedestrian hit on sidewalk or shoulder,On Sidewalk or Shoulder,Normal, , , ,1,0,1,0,0,0,0,0,0,0,0,0,0,0
5002211839,2015,12,26,16,18,5,43.64372214,-79.42110071,Trinity-Spadina (19),19,Niagara (82),82,D14,Toronto East York,1071 QUEEN ST W, ,1 m South of,Major Arterial,Intersection,Laneway,No Control,Clear,Daylight,Dry,Non-Fatal Injury,Pedestrian Collisions,Pedestrian,25 to 29,Minimal,0,Unknown, , , , ,Pedestrian hit on sidewalk or shoulder,On Sidewalk or Shoulder,Normal, , , ,1,0,1,0,0,0,0,0,0,0,0,0,0,0
5002211839,2015,12,26,16,18,5,43.64372214,-79.42110071,Trinity-Spadina (19),19,Niagara (82),82,D14,Toronto East York,1071 QUEEN ST W, ,1 m South of,Major Arterial,Intersection,Laneway,No Control,Clear,Daylight,Dry,Non-Fatal Injury,Pedestrian Collisions,Pedestrian,25 to 29,Minimal,0,Unknown, , , , ,Pedestrian hit on sidewalk or shoulder,On Sidewalk or Shoulder,Normal, , , ,1,0,1,0,0,0,0,0,0,0,0,0,0,0
5002211839,2015,12,26,16,18,5,43.64372214,-79.42110071,Trinity-Spadina (19),19,Niagara (82),82,D14,Toronto East York,1071 QUEEN ST W, ,1 m South of,Major Arterial,Intersection,Laneway,No Control,Clear,Daylight,Dry,Non-Fatal Injury,Pedestrian Collisions,Pedestrian,25 to 29,Minimal,0,Unknown, , , , ,Pedestrian hit on sidewalk or shoulder,On Sidewalk or Shoulder,Normal, , , ,1,0,1,0,0,0,0,0,0,0,0,0,0,0
6000063108,2016,1,11,16,18,0,43.82398947,-79.24780665,Scarborough-Rouge River (42),42,Rouge (131),131,D42,Scarborough,MCNICOLL AVE,MARKHAM RD, ,Minor Arterial,Intersection,At Intersection,No Control,Clear,Dark,Dry,Non-Fatal Injury,Pedestrian Collisions,Driver,55 to 59,,0,West,"Automobile, Station Wagon",Going Ahead,Driving Properly,Normal, , , , , , ,1,0,1,0,0,0,0,0,0,0,0,0,0,0
6000063108,2016,1,11,16,18,0,43.82398947,-79.24780665,Scarborough-Rouge River (42),42,Rouge (131),131,D42,Scarborough,MCNICOLL AVE,MARKHAM RD, ,Minor Arterial,Intersection,At Intersection,No Control,Clear,Dark,Dry,Non-Fatal Injury,Pedestrian Collisions,Pedestrian,30 to 34,Major,0,North, , , , ,Vehicle is going straight thru inter.while ped cross without ROW,Crossing without right of way,Normal, , , ,1,0,1,0,0,0,0,0,0,0,0,0,0,0
1165628,2010,4,15,16,19,3,43.66384538,-79.48139029,Parkdale-High Park (13),13,Junction Area (90),90,D11,Etobicoke York,RUNNYMEDE Rd,ST JOHNS Rd, ,Minor Arterial,Intersection,At Intersection,Traffic Signal,Clear,Daylight,Dry,Non-Fatal Injury,Angle,Driver,55 to 59,Major,0,East,"Automobile, Station Wagon",Going Ahead,Driving Properly,Normal, , , , , , ,0,0,1,0,0,0,0,0,0,1,1,0,0,0
1165628,2010,4,15,16,19,3,43.66384538,-79.48139029,Parkdale-High Park (13),13,Junction Area (90),90,D11,Etobicoke York,RUNNYMEDE Rd,ST JOHNS Rd, ,Minor Arterial,Intersection,At Intersection,Traffic Signal,Clear,Daylight,Dry,Non-Fatal Injury,Angle,Driver,30 to 34,,0,South,"Automobile, Station Wagon",Going Ahead,Disobeyed Traffic Control,Normal, , , , , , ,0,0,1,0,0,0,0,0,0,1,1,0,0,0
1193019,2010,10,4,16,19,0,43.64344538,-79.39129029,Trinity-Spadina (20),20,Waterfront Communities-The Island (77),77,D52,Toronto East York,FRONT ST W,BLUE JAYS WAY, ,Minor Arterial,Intersection,At Intersection,Traffic Signal,Rain,Daylight,Wet,Non-Fatal Injury,Turning Movement,Driver,30 to 34,Major,0,East,"Automobile, Station Wagon",Going Ahead,Driving Properly,Normal, , , , , , ,0,0,1,0,0,0,0,0,0,1,0,0,0,0
1193019,2010,10,4,16,19,0,43.64344538,-79.39129029,Trinity-Spadina (20),20,Waterfront Communities-The Island (77),77,D52,Toronto East York,FRONT ST W,BLUE JAYS WAY, ,Minor Arterial,Intersection,At Intersection,Traffic Signal,Rain,Daylight,Wet,Non-Fatal Injury,Turning Movement,Driver,35 to 39,Minimal,0,West,"Automobile, Station Wagon",Turning Left,Failed to Yield Right of Way,Normal, , , , , , ,0,0,1,0,0,0,0,0,0,1,0,0,0,0
998090,2007,10,3,16,20,2,43.71664538,-79.28289029,Scarborough Southwest (35),35,Clairlea-Birchmount (120),120,D41,Scarborough,WARDEN Aven,FAIRFAX Cres, ,Major Arterial,Mid-Block, ,No Control,Clear,Daylight,Dry,Non-Fatal Injury,Turning Movement,Motorcycle Driver,50 to 54,Major,0,South,Motorcycle,Going Ahead,Driving Properly,Normal, , , , , , ,0,0,1,1,0,0,0,0,0,0,0,0,0,0
998090,2007,10,3,16,20,2,43.71664538,-79.28289029,Scarborough Southwest (35),35,Clairlea-Birchmount (120),120,D41,Scarborough,WARDEN Aven,FAIRFAX Cres, ,Major Arterial,Mid-Block, ,No Control,Clear,Daylight,Dry,Non-Fatal Injury,Turning Movement,Driver,75 to 79,,0,North,"Automobile, Station Wagon",Turning Left,Improper Turn,Normal, , , , , , ,0,0,1,1,0,0,0,0,0,0,0,0,0,0
1062269,2008,9,18,16,20,3,43.65794538,-79.39559029,Trinity-Spadina (20),20,Kensington-Chinatown (78),78,D52,Toronto East York,BEVERLEY St,COLLEGE St, ,Minor Arterial,Mid-Block, ,No Control,Clear,Daylight,Dry,Non-Fatal Injury,Cyclist Collisions,Driver,55 to 59,,0,South,"Automobile, Station Wagon",Making U Turn,Failed to Yield Right of Way,Inattentive, , , , , , ,0,1,1,0,0,0,0,0,0,1,0,0,0,0
1062269,2008,9,18,16,20,3,43.65794538,-79.39559029,Trinity-Spadina (20),20,Kensington-Chinatown (78),78,D52,Toronto East York,BEVERLEY St,COLLEGE St, ,Minor Arterial,Mid-Block, ,No Control,Clear,Daylight,Dry,Non-Fatal Injury,Cyclist Collisions,Cyclist,30 to 34,Major,0,South,Bicycle,Going Ahead, , , , , ,Motorist makes u-turn in-front of cyclist.,Driving Properly,Normal,0,1,1,0,0,0,0,0,0,1,0,0,0,0
1073092,2008,11,6,16,20,3,43.67474538,-79.40769029,Trinity-Spadina (20),20,Annex (95),95,D14,Toronto East York,DUPONT ST,WALMER RD, ,Major Arterial,Mid-Block, ,No Control,Clear,Daylight,Dry,Non-Fatal Injury,SMV Other,Driver,20 to 24,Major,0,East,"Automobile, Station Wagon",Going Ahead,Lost control,Normal, , , , , , ,0,0,1,0,0,0,0,0,0,0,0,0,0,0
1073092,2008,11,6,16,20,3,43.67474538,-79.40769029,Trinity-Spadina (20),20,Annex (95),95,D14,Toronto East York,DUPONT ST,WALMER RD, ,Major Arterial,Mid-Block, ,No Control,Clear,Daylight,Dry,Non-Fatal Injury,SMV Other,Other Property Owner,unknown, ,0, ,Other, , , , , , , , , ,0,0,1,0,0,0,0,0,0,0,0,0,0,0
1070099,2008,11,15,16,20,5,43.72694538,-79.29149029,Scarborough Southwest (35),35,Clairlea-Birchmount (120),120,D41,Scarborough,EGLINTON AVE E,LEBOVIC AVE, ,Major Arterial,Intersection,At Intersection,No Control,Rain,Daylight,Wet,Non-Fatal Injury,Pedestrian Collisions,Pedestrian,75 to 79,Major,0, ,Other,Other, , , , , , , , ,1,0,0,0,0,0,0,0,0,0,0,0,0,0
1156841,2010,1,31,16,20,6,43.61074538,-79.56149029,Etobicoke-Lakeshore (5),5,Islington-City Centre West (14),14,D22,Etobicoke York,25 THE WEST MALL, , ,Minor Arterial,Mid-Block, ,No Control,Clear,Daylight,Dry,Non-Fatal Injury,Pedestrian Collisions,Driver,70 to 74,,0,East,"Automobile, Station Wagon",Going Ahead,Driving Properly,Normal, , , , , , ,1,0,1,0,0,0,0,0,0,0,0,0,0,0
1156841,2010,1,31,16,20,6,43.61074538,-79.56149029,Etobicoke-Lakeshore (5),5,Islington-City Centre West (14),14,D22,Etobicoke York,25 THE WEST MALL, , ,Minor Arterial,Mid-Block, ,No Control,Clear,Daylight,Dry,Non-Fatal Injury,Pedestrian Collisions,Pedestrian,35 to 39,Major,0,South,Other, , , ,Pedestrian hit at mid-block,"Crossing, no Traffic Control",Normal, , , ,1,0,1,0,0,0,0,0,0,0,0,0,0,0