ACCNUM,YEAR,MONTH,DAY,HOUR,MINUTES,WEEKDAY,LATITUDE,LONGITUDE,Ward_Name,Ward_ID,Hood_Name,Hood_ID,Division,District,STREET1,STREET2,OFFSET,ROAD_CLASS,LOCCOORD,ACCLOC,TRAFFCTL,VISIBILITY,LIGHT,RDSFCOND,ACCLASS,IMPACTYPE,INVTYPE,INVAGE,INJURY,FATAL_NO,INITDIR,VEHTYPE,MANOEUVER,DRIVACT,DRIVCOND,PEDTYPE,PEDACT,PEDCOND,CYCLISTYPE,CYCACT,CYCCOND,PEDESTRIAN,CYCLIST,AUTOMOBILE,MOTORCYCLE,TRUCK,TRSN_CITY_VEH,EMERG_VEH,PASSENGER,SPEEDING,AG_DRIV,REDLIGHT,ALCOHOL,DISABILITY,label
1160642,2010,4,4,16,20,6,43.74604538,-79.29129029,Scarborough Centre (37),37,Wexford/Maryvale (119),119,D41,Scarborough,LAWRENCE AVE E,CROCKFORD BLVD, ,Major Arterial,Intersection,At Intersection,Traffic Signal,Clear,Daylight,Dry,Non-Fatal Injury,Approaching,Driver,35 to 39,,0,East,"Automobile, Station Wagon",Going Ahead,Driving Properly,Normal, , , , , , ,0,0,1,0,0,0,0,0,0,0,0,0,0,0
1160642,2010,4,4,16,20,6,43.74604538,-79.29129029,Scarborough Centre (37),37,Wexford/Maryvale (119),119,D41,Scarborough,LAWRENCE AVE E,CROCKFORD BLVD, ,Major Arterial,Intersection,At Intersection,Traffic Signal,Clear,Daylight,Dry,Non-Fatal Injury,Approaching,Vehicle Owner,unknown, ,0, ,Other, , , , , , , , , ,0,0,1,0,0,0,0,0,0,0,0,0,0,0
1160642,2010,4,4,16,20,6,43.74604538,-79.29129029,Scarborough Centre (37),37,Wexford/Maryvale (119),119,D41,Scarborough,LAWRENCE AVE E,CROCKFORD BLVD, ,Major Arterial,Intersection,At Intersection,Traffic Signal,Clear,Daylight,Dry,Non-Fatal Injury,Approaching,Driver,50 to 54,Major,0,West,"Automobile, Station Wagon",Going Ahead,Lost control,Other, , , , , , ,0,0,1,0,0,0,0,0,0,0,0,0,0,0
1204639,2010,11,29,16,20,0,43.63825186,-79.45346461,Parkdale-High Park (13),13,South Parkdale (85),85,D11,Toronto East York,LAKE SHORE BLVD W,PARKSIDE DR, ,Major Arterial,Intersection,At Intersection,Traffic Signal,Clear,Daylight,Dry,Non-Fatal Injury,Cyclist Collisions,Driver,45 to 49,,0,East,"Automobile, Station Wagon",Going Ahead,Driving Properly,Normal, , , , , , ,0,1,1,0,0,0,0,0,0,0,0,0,0,0
1204639,2010,11,29,16,20,0,43.63825186,-79.45346461,Parkdale-High Park (13),13,South Parkdale (85),85,D11,Toronto East York,LAKE SHORE BLVD W,PARKSIDE DR, ,Major Arterial,Intersection,At Intersection,Traffic Signal,Clear,Daylight,Dry,Non-Fatal Injury,Cyclist Collisions,Cyclist,50 to 54,Major,0,North,Bicycle,Going Ahead, , , , , ,"Cyclist without ROW rides into path of motorist at inter, lnwy, dwy-Cyclist not turn.",Disobeyed Traffic Control,Inattentive,0,1,1,0,0,0,0,0,0,0,0,0,0,0
1234066,2011,5,20,16,20,4,43.66864538,-79.49239029,York South-Weston (11),11,Rockcliffe-Smythe (111),111,D12,Etobicoke York,JANE ST,HOMEVIEW AVE, ,Major Arterial,Intersection, ,No Control,Rain,Daylight,Wet,Non-Fatal Injury,Pedestrian Collisions,Driver,25 to 29,,0,North,"Automobile, Station Wagon",Turning Left,Failed to Yield Right of Way,Normal, , , , , , ,1,0,1,0,0,0,0,0,0,1,0,0,0,0
1234066,2011,5,20,16,20,4,43.66864538,-79.49239029,York South-Weston (11),11,Rockcliffe-Smythe (111),111,D12,Etobicoke York,JANE ST,HOMEVIEW AVE, ,Major Arterial,Intersection, ,No Control,Rain,Daylight,Wet,Non-Fatal Injury,Pedestrian Collisions,Pedestrian,50 to 54,Major,0,Unknown,Other, , , ,Vehicle turns left while ped crosses with ROW at inter.,"Crossing, no Traffic Control",Normal, , , ,1,0,1,0,0,0,0,0,0,1,0,0,0,0
1246125,2011,7,27,16,20,2,43.78764538,-79.38019029,Willowdale (24),24,Bayview Village (52),52,D33,North York,FINCH AVE E,PAGE AVE, ,Major Arterial,Mid-Block, ,No Control,Clear,Daylight,Dry,Non-Fatal Injury,Angle,Driver,60 to 64,Major,0,North,"Automobile, Station Wagon",Going Ahead,Driving Properly,Normal, , , , , , ,0,0,1,0,0,0,0,1,0,0,0,0,0,0
1181613,2010,6,19,16,0,5,43.66104538,-79.38479029,Toronto Centre-Rosedale (27),27,Bay Street Corridor (76),76,D52,Toronto East York,COLLEGE ST,BAY ST, ,Major Arterial,Mid-Block, ,No Control,Clear,Daylight,Dry,Non-Fatal Injury,Cyclist Collisions,Cyclist,30 to 34,Major,0,East,Bicycle,Going Ahead, , , , , ,Cyclist struck opened vehicle door,Driving Properly,Normal,0,1,1,0,0,0,0,0,0,0,0,0,0,0
5000518760,2015,3,19,16,45,3,43.79680975,-79.41973505,Willowdale (24),24,Newtonbrook East (50),50,D32,North York,6212 YONGE ST, , ,Major Arterial,Mid-Block,At/Near Private Drive,No Control,Clear,Daylight,Dry,Non-Fatal Injury,Pedestrian Collisions,Driver,unknown,,0,East,"Automobile, Station Wagon",Going Ahead,Failed to Yield Right of Way,Unknown, , , , , , ,1,0,1,0,0,0,0,0,1,1,0,0,0,0
975488,2007,6,18,15,49,0,43.75224538,-79.51259029,York West (8),8,Glenfield-Jane Heights (25),25,D31,North York,LONDON GREEN CRT,DRIFTWOOD AVE, ,Local,Mid-Block, ,No Control,Clear,Daylight,Dry,Non-Fatal Injury,Pedestrian Collisions,Vehicle Owner,unknown, ,0, ,Other, , , , , , , , , ,1,0,1,0,0,0,0,0,0,0,0,0,0,0
1175178,2010,6,24,16,0,3,43.69564538,-79.45029029,Davenport (17),17,Caledonia-Fairbank (109),109,D13,No District,DUFFERIN ST,EGLINTON AVE W, ,Major Arterial,Intersection, ,Traffic Signal,Clear,Daylight,Dry,Non-Fatal Injury,Rear End,Driver,20 to 24,Minimal,0,North,"Automobile, Station Wagon",Going Ahead,Following too Close,Normal, , , , , , ,0,0,1,0,0,0,0,1,0,1,0,0,0,0
975488,2007,6,18,15,49,0,43.75224538,-79.51259029,York West (8),8,Glenfield-Jane Heights (25),25,D31,North York,LONDON GREEN CRT,DRIFTWOOD AVE, ,Local,Mid-Block, ,No Control,Clear,Daylight,Dry,Non-Fatal Injury,Pedestrian Collisions,Driver,unknown,,0,South,"Automobile, Station Wagon",Going Ahead,Lost control,Unknown, , , , , , ,1,0,1,0,0,0,0,0,0,0,0,0,0,0
5000518760,2015,3,19,16,45,3,43.79680975,-79.41973505,Willowdale (24),24,Newtonbrook East (50),50,D32,North York,6212 YONGE ST, , ,Major Arterial,Mid-Block,At/Near Private Drive,No Control,Clear,Daylight,Dry,Non-Fatal Injury,Pedestrian Collisions,Pedestrian,75 to 79,Minor,0,North, , , , ,Pedestrian hit at private driveway,On Sidewalk or Shoulder,Unknown, , , ,1,0,1,0,0,0,0,0,1,1,0,0,0,0
1175178,2010,6,24,16,0,3,43.69564538,-79.45029029,Davenport (17),17,Caledonia-Fairbank (109),109,D13,No District,DUFFERIN ST,EGLINTON AVE W, ,Major Arterial,Intersection, ,Traffic Signal,Clear,Daylight,Dry,Non-Fatal Injury,Rear End,Passenger,25 to 29,Minimal,0, ,Other, , , , , , , , , ,0,0,1,0,0,0,0,1,0,1,0,0,0,0
975488,2007,6,18,15,49,0,43.75224538,-79.51259029,York West (8),8,Glenfield-Jane Heights (25),25,D31,North York,LONDON GREEN CRT,DRIFTWOOD AVE, ,Local,Mid-Block, ,No Control,Clear,Daylight,Dry,Non-Fatal Injury,Pedestrian Collisions,Pedestrian,10 to 14,Major,0,West,Other, , , ,Pedestrian hit on sidewalk or shoulder,On Sidewalk or Shoulder,Unknown, , , ,1,0,1,0,0,0,0,0,0,0,0,0,0,0
5000518760,2015,3,19,16,45,3,43.79680975,-79.41973505,Willowdale (24),24,Newtonbrook East (50),50,D32,North York,6212 YONGE ST, , ,Major Arterial,Mid-Block,At/Near Private Drive,No Control,Clear,Daylight,Dry,Non-Fatal Injury,Pedestrian Collisions,Pedestrian,80 to 84,Major,0,North, , , , ,Pedestrian hit at private driveway,On Sidewalk or Shoulder,Normal, , , ,1,0,1,0,0,0,0,0,1,1,0,0,0,0
1175178,2010,6,24,16,0,3,43.69564538,-79.45029029,Davenport (17),17,Caledonia-Fairbank (109),109,D13,No District,DUFFERIN ST,EGLINTON AVE W, ,Major Arterial,Intersection, ,Traffic Signal,Clear,Daylight,Dry,Non-Fatal Injury,Rear End,Passenger,25 to 29,Minimal,0, ,Other, , , , , , , , , ,0,0,1,0,0,0,0,1,0,1,0,0,0,0
1175178,2010,6,24,16,0,3,43.69564538,-79.45029029,Davenport (17),17,Caledonia-Fairbank (109),109,D13,No District,DUFFERIN ST,EGLINTON AVE W, ,Major Arterial,Intersection, ,Traffic Signal,Clear,Daylight,Dry,Non-Fatal Injury,Rear End,Driver,15 to 19,Major,0,North,"Automobile, Station Wagon",Slowing or Stopping,Driving Properly,Normal, , , , , , ,0,0,1,0,0,0,0,1,0,1,0,0,0,0
1233411,2011,3,19,16,0,5,43.67164538,-79.33389029,Toronto-Danforth (30),30,South Riverdale (70),70,D55,Toronto East York,LESLIE st,HARRIET st, ,Local,Intersection, ,No Control,Clear,Daylight,Dry,Non-Fatal Injury,SMV Other,Driver,50 to 54,,0,South,"Automobile, Station Wagon",Reversing,Other,Inattentive, , , , , , ,0,0,1,0,0,0,0,1,0,0,0,0,0,0
1233411,2011,3,19,16,0,5,43.67164538,-79.33389029,Toronto-Danforth (30),30,South Riverdale (70),70,D55,Toronto East York,LESLIE st,HARRIET st, ,Local,Intersection, ,No Control,Clear,Daylight,Dry,Non-Fatal Injury,SMV Other,Passenger,55 to 59,Minor,0, ,Other, , , , , , , , , ,0,0,1,0,0,0,0,1,0,0,0,0,0,0
1233411,2011,3,19,16,0,5,43.67164538,-79.33389029,Toronto-Danforth (30),30,South Riverdale (70),70,D55,Toronto East York,LESLIE st,HARRIET st, ,Local,Intersection, ,No Control,Clear,Daylight,Dry,Non-Fatal Injury,SMV Other,Driver,20 to 24,Major,0,North,"Automobile, Station Wagon",Going Ahead,Driving Properly,Unknown, , , , , , ,0,0,1,0,0,0,0,1,0,0,0,0,0,0
1239776,2011,6,9,16,0,3,43.68194538,-79.39159029,St. Paul's (22),22,Yonge-St.Clair (97),97,D53,Toronto East York,YONGE ST,SHAFTESBURY AVE, ,Major Arterial,Intersection,At Intersection,Traffic Signal,Clear,Daylight,Dry,Non-Fatal Injury,Pedestrian Collisions,Driver,unknown,,0,Unknown,"Automobile, Station Wagon",Going Ahead,Other,Unknown, , , , , , ,1,0,1,0,0,0,0,0,0,0,0,0,0,0
1239776,2011,6,9,16,0,3,43.68194538,-79.39159029,St. Paul's (22),22,Yonge-St.Clair (97),97,D53,Toronto East York,YONGE ST,SHAFTESBURY AVE, ,Major Arterial,Intersection,At Intersection,Traffic Signal,Clear,Daylight,Dry,Non-Fatal Injury,Pedestrian Collisions,Pedestrian,45 to 49,Major,0,West,Other, , , ,Vehicle is going straight thru inter.while ped cross with ROW,Crossing with right of way,Normal, , , ,1,0,1,0,0,0,0,0,0,0,0,0,0,0
1249845,2011,7,8,16,0,4,43.79834538,-79.14709029,Scarborough East (44),44,Centennial Scarborough (133),133,D42,Scarborough,6780 KINGSTON RD, , ,Major Arterial,Mid-Block, ,No Control,Clear,Daylight,Dry,Non-Fatal Injury,Cyclist Collisions,Vehicle Owner,unknown, ,0, ,Other, , , , , , , , , ,0,1,1,0,0,0,0,0,0,1,0,0,0,0
1249845,2011,7,8,16,0,4,43.79834538,-79.14709029,Scarborough East (44),44,Centennial Scarborough (133),133,D42,Scarborough,6780 KINGSTON RD, , ,Major Arterial,Mid-Block, ,No Control,Clear,Daylight,Dry,Non-Fatal Injury,Cyclist Collisions,Driver,20 to 24,Major,0,South,"Automobile, Station Wagon",Turning Right,Failed to Yield Right of Way,Inattentive, , , , , , ,0,1,1,0,0,0,0,0,0,1,0,0,0,0
1249845,2011,7,8,16,0,4,43.79834538,-79.14709029,Scarborough East (44),44,Centennial Scarborough (133),133,D42,Scarborough,6780 KINGSTON RD, , ,Major Arterial,Mid-Block, ,No Control,Clear,Daylight,Dry,Non-Fatal Injury,Cyclist Collisions,Cyclist,45 to 49,Major,0,East,Bicycle,Going Ahead, , , , , ,"Motorist turns right at non-signal Inter.(stop, yield, no cont.,and dwy) and strikes cyclist.",Failed to Yield Right of Way,Inattentive,0,1,1,0,0,0,0,0,0,1,0,0,0,0
1252026,2011,8,28,16,0,6,43.71204538,-79.28099029,Scarborough Southwest (35),35,Clairlea-Birchmount (120),120,D41,Scarborough,WARDEN AVE,ST CLAIR AVE E, ,Minor Arterial,Intersection, ,Traffic Signal,Clear,Daylight,Dry,Non-Fatal Injury,SMV Other,Motorcycle Driver,25 to 29,Major,0,North,Motorcycle,Going Ahead,Driving Properly,Normal, , , , , , ,0,0,0,1,0,0,0,0,0,0,0,0,0,0
1354807,2013,4,12,16,0,4,43.64494538,-79.41509029,Trinity-Spadina (19),19,Niagara (82),82,D14,Toronto East York,CRAWFORD ST,QUEEN ST W, ,Major Arterial,Intersection,At Intersection,Stop Sign,Rain,Daylight,Wet,Non-Fatal Injury,Turning Movement,Driver,25 to 29,Major,0,East,"Automobile, Station Wagon",Going Ahead,Speed too Fast For Condition,Normal, , , , , , ,0,0,1,0,0,0,0,0,1,1,0,0,0,0
1354807,2013,4,12,16,0,4,43.64494538,-79.41509029,Trinity-Spadina (19),19,Niagara (82),82,D14,Toronto East York,CRAWFORD ST,QUEEN ST W, ,Major Arterial,Intersection,At Intersection,Stop Sign,Rain,Daylight,Wet,Non-Fatal Injury,Turning Movement,Driver,20 to 24,Minimal,0,North,"Automobile, Station Wagon",Turning Left,Failed to Yield Right of Way,Normal, , , , , , ,0,0,1,0,0,0,0,0,1,1,0,0,0,0
4008024139,2014,6,19,16,0,3,43.78321036,-79.48729334,York West (8),8,York University Heights (27),27,D31,North York,STEELES AVE W,SHALE GT, ,Major Arterial,Intersection,At Intersection,Traffic Signal,Clear,Daylight,Dry,Non-Fatal Injury,Cyclist Collisions,Driver,40 to 44,,0,East,"Automobile, Station Wagon",Turning Right,Failed to Yield Right of Way,Inattentive, , , , , , ,0,1,1,0,0,0,0,0,0,1,0,0,0,0
4008024139,2014,6,19,16,0,3,43.78321036,-79.48729334,York West (8),8,York University Heights (27),27,D31,North York,STEELES AVE W,SHALE GT, ,Major Arterial,Intersection,At Intersection,Traffic Signal,Clear,Daylight,Dry,Non-Fatal Injury,Cyclist Collisions,Cyclist,55 to 59,Major,0,North,Bicycle,Going Ahead, , , , , ,Motorist turning right on red at signalized intersection strikes cyclist.,Driving Properly,Normal,0,1,1,0,0,0,0,0,0,1,0,0,0,0
6000943293,2016,5,31,16,0,1,43.71096762,-79.37711726,Don Valley West (26),26,Leaside-Bennington (56),56,D53,Toronto East York,EGLINTON AVE E,BAYVIEW AVE, ,Major Arterial,Intersection,At Intersection,Traffic Signal,Clear,Daylight,Dry,Non-Fatal Injury,Turning Movement,Driver,75 to 79,Major,0,West,"Automobile, Station Wagon",Turning Left,Failed to Yield Right of Way,Inattentive, , , , , , ,0,0,1,0,0,0,0,1,0,1,0,0,0,0
6000943293,2016,5,31,16,0,1,43.71096762,-79.37711726,Don Valley West (26),26,Leaside-Bennington (56),56,D53,Toronto East York,EGLINTON AVE E,BAYVIEW AVE, ,Major Arterial,Intersection,At Intersection,Traffic Signal,Clear,Daylight,Dry,Non-Fatal Injury,Turning Movement,Driver,30 to 34,,0,East,"Automobile, Station Wagon",Going Ahead,Driving Properly,Normal, , , , , , ,0,0,1,0,0,0,0,1,0,1,0,0,0,0
6000943293,2016,5,31,16,0,1,43.71096762,-79.37711726,Don Valley West (26),26,Leaside-Bennington (56),56,D53,Toronto East York,EGLINTON AVE E,BAYVIEW AVE, ,Major Arterial,Intersection,At Intersection,Traffic Signal,Clear,Daylight,Dry,Non-Fatal Injury,Turning Movement,Passenger,30 to 34,Minimal,0, , , , , , , , , , , ,0,0,1,0,0,0,0,1,0,1,0,0,0,0
6000943293,2016,5,31,16,0,1,43.71096762,-79.37711726,Don Valley West (26),26,Leaside-Bennington (56),56,D53,Toronto East York,EGLINTON AVE E,BAYVIEW AVE, ,Major Arterial,Intersection,At Intersection,Traffic Signal,Clear,Daylight,Dry,Non-Fatal Injury,Turning Movement,Passenger,0 to 4,,0, , , , , , , , , , , ,0,0,1,0,0,0,0,1,0,1,0,0,0,0
6000943293,2016,5,31,16,0,1,43.71096762,-79.37711726,Don Valley West (26),26,Leaside-Bennington (56),56,D53,Toronto East York,EGLINTON AVE E,BAYVIEW AVE, ,Major Arterial,Intersection,At Intersection,Traffic Signal,Clear,Daylight,Dry,Non-Fatal Injury,Turning Movement,Passenger,0 to 4,,0, , , , , , , , , , , ,0,0,1,0,0,0,0,1,0,1,0,0,0,0
6001513720,2016,8,26,16,0,4,43.75209769,-79.30373774,Scarborough Centre (37),37,Wexford/Maryvale (119),119,D41,Scarborough,116 ELINOR AVE,JOY DR,68 m North of,Local,Mid-Block,At/Near Private Drive,No Control,Clear,Daylight,Dry,Non-Fatal Injury,Cyclist Collisions,Driver,unknown,,0,North,"Automobile, Station Wagon",Turning Left,Failed to Yield Right of Way,Inattentive, , , , , , ,0,1,1,0,0,0,0,0,0,1,0,0,0,0
6001513720,2016,8,26,16,0,4,43.75209769,-79.30373774,Scarborough Centre (37),37,Wexford/Maryvale (119),119,D41,Scarborough,116 ELINOR AVE,JOY DR,68 m North of,Local,Mid-Block,At/Near Private Drive,No Control,Clear,Daylight,Dry,Non-Fatal Injury,Cyclist Collisions,Cyclist,50 to 54,Major,0,South,Bicycle,Going Ahead, , , , , ,Motorist turned left across cyclists path.,Driving Properly,Normal,0,1,1,0,0,0,0,0,0,1,0,0,0,0
6001576323,2016,9,5,16,0,0,43.68218573,-79.27920161,Scarborough Southwest (36),36,Birchcliffe-Cliffside (122),122,D41,Scarborough,KINGSTON RD,FALLINGBROOK RD, ,Major Arterial,Intersection,At Intersection,Traffic Signal,Clear,Daylight,Dry,Non-Fatal Injury,Turning Movement,Driver,80 to 84,,0,East,"Automobile, Station Wagon",Turning Left,Failed to Yield Right of Way,Inattentive, , , , , , ,0,0,1,1,0,0,0,1,0,1,0,0,0,0
6001576323,2016,9,5,16,0,0,43.68218573,-79.27920161,Scarborough Southwest (36),36,Birchcliffe-Cliffside (122),122,D41,Scarborough,KINGSTON RD,FALLINGBROOK RD, ,Major Arterial,Intersection,At Intersection,Traffic Signal,Clear,Daylight,Dry,Non-Fatal Injury,Turning Movement,Motorcycle Driver,55 to 59,Major,0,West,Motorcycle,Going Ahead,Driving Properly,Normal, , , , , , ,0,0,1,1,0,0,0,1,0,1,0,0,0,0
6001576323,2016,9,5,16,0,0,43.68218573,-79.27920161,Scarborough Southwest (36),36,Birchcliffe-Cliffside (122),122,D41,Scarborough,KINGSTON RD,FALLINGBROOK RD, ,Major Arterial,Intersection,At Intersection,Traffic Signal,Clear,Daylight,Dry,Non-Fatal Injury,Turning Movement,Driver,50 to 54,,0,South,"Automobile, Station Wagon",Stopped,Driving Properly,Normal, , , , , , ,0,0,1,1,0,0,0,1,0,1,0,0,0,0
6001576323,2016,9,5,16,0,0,43.68218573,-79.27920161,Scarborough Southwest (36),36,Birchcliffe-Cliffside (122),122,D41,Scarborough,KINGSTON RD,FALLINGBROOK RD, ,Major Arterial,Intersection,At Intersection,Traffic Signal,Clear,Daylight,Dry,Non-Fatal Injury,Turning Movement,Passenger,50 to 54,,0, , , , , , , , , , , ,0,0,1,1,0,0,0,1,0,1,0,0,0,0
6001576323,2016,9,5,16,0,0,43.68218573,-79.27920161,Scarborough Southwest (36),36,Birchcliffe-Cliffside (122),122,D41,Scarborough,KINGSTON RD,FALLINGBROOK RD, ,Major Arterial,Intersection,At Intersection,Traffic Signal,Clear,Daylight,Dry,Non-Fatal Injury,Turning Movement,Passenger,55 to 59,,0, , , , , , , , , , , ,0,0,1,1,0,0,0,1,0,1,0,0,0,0
1048845,2008,6,28,16,1,5,43.65804538,-79.39949029,Trinity-Spadina (20),20,University (79),79,D52,Toronto East York,COLLEGE ST,SPADINA AVE, ,Major Arterial,Mid-Block, ,No Control,Clear,Daylight,Dry,Non-Fatal Injury,Pedestrian Collisions,Vehicle Owner,unknown, ,0, ,Other, , , , , , , , , ,1,0,1,0,0,0,0,0,0,0,0,0,0,0
1048845,2008,6,28,16,1,5,43.65804538,-79.39949029,Trinity-Spadina (20),20,University (79),79,D52,Toronto East York,COLLEGE ST,SPADINA AVE, ,Major Arterial,Mid-Block, ,No Control,Clear,Daylight,Dry,Non-Fatal Injury,Pedestrian Collisions,Driver,35 to 39,,0,West,"Automobile, Station Wagon",Going Ahead,Driving Properly,Normal, , , , , , ,1,0,1,0,0,0,0,0,0,0,0,0,0,0
1048845,2008,6,28,16,1,5,43.65804538,-79.39949029,Trinity-Spadina (20),20,University (79),79,D52,Toronto East York,COLLEGE ST,SPADINA AVE, ,Major Arterial,Mid-Block, ,No Control,Clear,Daylight,Dry,Non-Fatal Injury,Pedestrian Collisions,Pedestrian,25 to 29,Major,0,Unknown,Other, , , ,Other / Undefined,Other,Medical or Physical Disability, , , ,1,0,1,0,0,0,0,0,0,0,0,0,0,0
7001667796,2017,9,14,16,1,3,43.71664038,-79.33735329,Don Valley West (26),26,Flemingdon Park (44),44,D54,North York,770 DON MILLS RD,GATEWAY BLVD, ,Major Arterial,Intersection,At Intersection,Traffic Signal,Clear,Daylight,Dry,Non-Fatal Injury,Turning Movement,Motorcycle Driver,15 to 19,Major,0,East,Motorcycle,Turning Right,Improper Turn,Inattentive, , , , , , ,0,0,1,1,0,0,0,0,0,0,0,0,0,0
7001667796,2017,9,14,16,1,3,43.71664038,-79.33735329,Don Valley West (26),26,Flemingdon Park (44),44,D54,North York,770 DON MILLS RD,GATEWAY BLVD, ,Major Arterial,Intersection,At Intersection,Traffic Signal,Clear,Daylight,Dry,Non-Fatal Injury,Turning Movement,Driver,30 to 34,,0,South,"Automobile, Station Wagon",Going Ahead,Driving Properly,Normal, , , , , , ,0,0,1,1,0,0,0,0,0,0,0,0,0,0
1207898,2010,12,15,16,2,2,43.61414538,-79.51729029,Etobicoke-Lakeshore (6),6,Mimico (includes Humber Bay Shores) (17),17,D22,Etobicoke York,HORNER Aven,CONNELL Cour, ,Minor Arterial,Intersection, ,Stop Sign,Clear,Daylight,Dry,Non-Fatal Injury,Turning Movement,Driver,50 to 54,Major,0,East,"Automobile, Station Wagon",Turning Left,Failed to Yield Right of Way,Inattentive, , , , , , ,0,0,1,0,0,0,0,0,0,1,0,0,0,0
1207898,2010,12,15,16,2,2,43.61414538,-79.51729029,Etobicoke-Lakeshore (6),6,Mimico (includes Humber Bay Shores) (17),17,D22,Etobicoke York,HORNER Aven,CONNELL Cour, ,Minor Arterial,Intersection, ,Stop Sign,Clear,Daylight,Dry,Non-Fatal Injury,Turning Movement,Vehicle Owner,unknown, ,0, ,Other, , , , , , , , , ,0,0,1,0,0,0,0,0,0,1,0,0,0,0
1207898,2010,12,15,16,2,2,43.61414538,-79.51729029,Etobicoke-Lakeshore (6),6,Mimico (includes Humber Bay Shores) (17),17,D22,Etobicoke York,HORNER Aven,CONNELL Cour, ,Minor Arterial,Intersection, ,Stop Sign,Clear,Daylight,Dry,Non-Fatal Injury,Turning Movement,Driver,20 to 24,,0,South,"Automobile, Station Wagon",Going Ahead,Driving Properly,Normal, , , , , , ,0,0,1,0,0,0,0,0,0,1,0,0,0,0
5000325366,2015,2,24,16,2,1,43.80783804,-79.26257716,Scarborough-Rouge River (41),41,Agincourt North (129),129,D42,Scarborough,SANDHURST CRCL,EXCHEQUER PL, ,Collector,Intersection,Non Intersection,No Control,Clear,Daylight,Dry,Non-Fatal Injury,Approaching,Driver,70 to 74,Major,0,South,"Automobile, Station Wagon",Going Ahead,Other,Other, , , , , , ,0,0,1,0,0,0,0,1,0,0,0,0,0,0
5000325366,2015,2,24,16,2,1,43.80783804,-79.26257716,Scarborough-Rouge River (41),41,Agincourt North (129),129,D42,Scarborough,SANDHURST CRCL,EXCHEQUER PL, ,Collector,Intersection,Non Intersection,No Control,Clear,Daylight,Dry,Non-Fatal Injury,Approaching,Driver,50 to 54,,0,North,"Automobile, Station Wagon",Going Ahead,Driving Properly,Normal, , , , , , ,0,0,1,0,0,0,0,1,0,0,0,0,0,0
5000325366,2015,2,24,16,2,1,43.80783804,-79.26257716,Scarborough-Rouge River (41),41,Agincourt North (129),129,D42,Scarborough,SANDHURST CRCL,EXCHEQUER PL, ,Collector,Intersection,Non Intersection,No Control,Clear,Daylight,Dry,Non-Fatal Injury,Approaching,Passenger,5 to 9,,0, , , , , , , , , , , ,0,0,1,0,0,0,0,1,0,0,0,0,0,0
5000325366,2015,2,24,16,2,1,43.80783804,-79.26257716,Scarborough-Rouge River (41),41,Agincourt North (129),129,D42,Scarborough,SANDHURST CRCL,EXCHEQUER PL, ,Collector,Intersection,Non Intersection,No Control,Clear,Daylight,Dry,Non-Fatal Injury,Approaching,Passenger,10 to 14,,0, , , , , , , , , , , ,0,0,1,0,0,0,0,1,0,0,0,0,0,0
964835,2007,4,17,16,3,1,43.60264538,-79.54319029,Etobicoke-Lakeshore (6),6,Alderwood (20),20,D22,Etobicoke York,149 SHELDON AVE, , ,Local,Mid-Block, ,No Control,Clear,Daylight,Dry,Fatal,SMV Other,Passenger,80 to 84,Major,0, ,Other, , , , , , , , , ,0,0,1,0,0,0,0,1,0,0,0,0,0,1
964835,2007,4,17,16,3,1,43.60264538,-79.54319029,Etobicoke-Lakeshore (6),6,Alderwood (20),20,D22,Etobicoke York,149 SHELDON AVE, , ,Local,Mid-Block, ,No Control,Clear,Daylight,Dry,Fatal,SMV Other,Driver,90 to 94,Fatal,0,East,"Automobile, Station Wagon",Going Ahead,Lost control,Had Been Drinking, , , , , , ,0,0,1,0,0,0,0,1,0,0,0,0,0,1
1337045,2012,12,2,16,3,6,43.72314538,-79.33009029,Don Valley West (26),26,Flemingdon Park (44),44,D54,North York,EGLINTON AVE E,DON VALLEY PARKWAY  N, ,Major Arterial,Intersection, ,No Control,Rain,"Dark, artificial",Wet,Non-Fatal Injury,SMV Other,Passenger,5 to 9,Minor,0, ,Other, , , , , , , , , ,0,0,1,0,0,0,0,1,1,1,0,0,0,0
1337045,2012,12,2,16,3,6,43.72314538,-79.33009029,Don Valley West (26),26,Flemingdon Park (44),44,D54,North York,EGLINTON AVE E,DON VALLEY PARKWAY  N, ,Major Arterial,Intersection, ,No Control,Rain,"Dark, artificial",Wet,Non-Fatal Injury,SMV Other,Passenger,5 to 9,Minor,0, ,Other, , , , , , , , , ,0,0,1,0,0,0,0,1,1,1,0,0,0,0
1337045,2012,12,2,16,3,6,43.72314538,-79.33009029,Don Valley West (26),26,Flemingdon Park (44),44,D54,North York,EGLINTON AVE E,DON VALLEY PARKWAY  N, ,Major Arterial,Intersection, ,No Control,Rain,"Dark, artificial",Wet,Non-Fatal Injury,SMV Other,Passenger,10 to 14,Major,0, ,Other, , , , , , , , , ,0,0,1,0,0,0,0,1,1,1,0,0,0,0
1337045,2012,12,2,16,3,6,43.72314538,-79.33009029,Don Valley West (26),26,Flemingdon Park (44),44,D54,North York,EGLINTON AVE E,DON VALLEY PARKWAY  N, ,Major Arterial,Intersection, ,No Control,Rain,"Dark, artificial",Wet,Non-Fatal Injury,SMV Other,Passenger,40 to 44,Minimal,0, ,Other, , , , , , , , , ,0,0,1,0,0,0,0,1,1,1,0,0,0,0