ACCNUM,YEAR,MONTH,DAY,HOUR,MINUTES,WEEKDAY,LATITUDE,LONGITUDE,Ward_Name,Ward_ID,Hood_Name,Hood_ID,Division,District,STREET1,STREET2,OFFSET,ROAD_CLASS,LOCCOORD,ACCLOC,TRAFFCTL,VISIBILITY,LIGHT,RDSFCOND,ACCLASS,IMPACTYPE,INVTYPE,INVAGE,INJURY,FATAL_NO,INITDIR,VEHTYPE,MANOEUVER,DRIVACT,DRIVCOND,PEDTYPE,PEDACT,PEDCOND,CYCLISTYPE,CYCACT,CYCCOND,PEDESTRIAN,CYCLIST,AUTOMOBILE,MOTORCYCLE,TRUCK,TRSN_CITY_VEH,EMERG_VEH,PASSENGER,SPEEDING,AG_DRIV,REDLIGHT,ALCOHOL,DISABILITY,label
7001101719,2017,6,20,15,50,1,43.65059622,-79.38745508,Trinity-Spadina (20),20,Waterfront Communities-The Island (77),77,D52,Toronto East York,SIMCOE ST,QUEEN ST W,7 m North of,Laneway,Intersection,Laneway,No Control,Clear,Daylight,Dry,Non-Fatal Injury,Pedestrian Collisions,Driver,50 to 54,,0,West,"Automobile, Station Wagon",Turning Right,Driving Properly,Normal, , , , , , ,1,0,1,0,0,0,0,0,0,0,0,0,0,0
7001101719,2017,6,20,15,50,1,43.65059622,-79.38745508,Trinity-Spadina (20),20,Waterfront Communities-The Island (77),77,D52,Toronto East York,SIMCOE ST,QUEEN ST W,7 m North of,Laneway,Intersection,Laneway,No Control,Clear,Daylight,Dry,Non-Fatal Injury,Pedestrian Collisions,Pedestrian,55 to 59,Major,0,Unknown, , , , ,Other / Undefined,Other,Other, , , ,1,0,1,0,0,0,0,0,0,0,0,0,0,0
1003569,2007,11,11,15,51,6,43.64734538,-79.43729029,Davenport (18),18,Little Portugal (84),84,D11,Toronto East York,ST CLARENS AVE,WYNDHAM ST, ,Local,Intersection, ,No Control,Clear,Daylight,Dry,Non-Fatal Injury,Pedestrian Collisions,Driver,30 to 34,,0,West,"Automobile, Station Wagon",Turning Right,Driving Properly,Normal, , , , , , ,1,0,1,0,0,0,0,0,0,0,0,0,0,0
1003569,2007,11,11,15,51,6,43.64734538,-79.43729029,Davenport (18),18,Little Portugal (84),84,D11,Toronto East York,ST CLARENS AVE,WYNDHAM ST, ,Local,Intersection, ,No Control,Clear,Daylight,Dry,Non-Fatal Injury,Pedestrian Collisions,Pedestrian,70 to 74,Major,0, ,Other, , , ,Vehicle turns right while ped crosses without ROW at inter.,Crossing without right of way,Inattentive, , , ,1,0,1,0,0,0,0,0,0,0,0,0,0,0
1281322,2012,2,21,15,51,1,43.78874548,-79.13608942,Scarborough East (44),44,Rouge (131),131,D43,Scarborough,47 RAVINE PARK CRES, , ,Local,Mid-Block, ,No Control,Rain,Daylight,Wet,Non-Fatal Injury,SMV Other,Driver,80 to 84,Major,0, ,"Automobile, Station Wagon",Going Ahead, , , , , , , , ,0,0,1,0,0,0,0,0,0,0,0,0,0,0
1054496,2008,7,28,15,53,0,43.68484538,-79.35189029,Toronto-Danforth (29),29,Broadview North (57),57,D54,Toronto East York,MORTIMER AVE,LOGAN AVE, ,Minor Arterial,Intersection,At Intersection,Traffic Signal,Clear,Daylight,Dry,Non-Fatal Injury,Angle,Driver,30 to 34,,0,West,"Automobile, Station Wagon",Going Ahead,Driving Properly,Normal, , , , , , ,0,0,1,1,0,0,0,0,0,1,1,0,0,0
1054496,2008,7,28,15,53,0,43.68484538,-79.35189029,Toronto-Danforth (29),29,Broadview North (57),57,D54,Toronto East York,MORTIMER AVE,LOGAN AVE, ,Minor Arterial,Intersection,At Intersection,Traffic Signal,Clear,Daylight,Dry,Non-Fatal Injury,Angle,Motorcycle Driver,45 to 49,Major,0,North,Motorcycle,Going Ahead,Disobeyed Traffic Control,Inattentive, , , , , , ,0,0,1,1,0,0,0,0,0,1,1,0,0,0
1201798,2010,10,16,15,53,5,43.66064538,-79.37889029,Toronto Centre-Rosedale (27),27,Church-Yonge Corridor (75),75,D51,Toronto East York,CHURCH ST,MC GILL ST, ,Minor Arterial,Intersection, ,No Control,Clear,Daylight,Dry,Non-Fatal Injury,Turning Movement,Motorcycle Driver,45 to 49,Major,0,North,Motorcycle,Going Ahead,Driving Properly,Normal, , , , , , ,0,0,1,1,0,0,0,0,0,0,0,0,0,0
1201798,2010,10,16,15,53,5,43.66064538,-79.37889029,Toronto Centre-Rosedale (27),27,Church-Yonge Corridor (75),75,D51,Toronto East York,CHURCH ST,MC GILL ST, ,Minor Arterial,Intersection, ,No Control,Clear,Daylight,Dry,Non-Fatal Injury,Turning Movement,Driver,20 to 24,,0,South,"Automobile, Station Wagon",Turning Left,Improper Turn,Normal, , , , , , ,0,0,1,1,0,0,0,0,0,0,0,0,0,0
1307961,2012,7,5,15,53,3,43.64984538,-79.38709029,Trinity-Spadina (20),20,Bay Street Corridor (76),76,D52,Toronto East York,RICHMOND St W,SIMCOE St, ,Major Arterial,Intersection,At Intersection,No Control,Clear,Daylight,Dry,Non-Fatal Injury,Turning Movement,Driver,20 to 24,,0,West,"Automobile, Station Wagon",Turning Left,Improper Turn,Unknown, , , , , , ,0,0,1,0,0,0,0,0,1,1,0,0,0,0
1307961,2012,7,5,15,53,3,43.64984538,-79.38709029,Trinity-Spadina (20),20,Bay Street Corridor (76),76,D52,Toronto East York,RICHMOND St W,SIMCOE St, ,Major Arterial,Intersection,At Intersection,No Control,Clear,Daylight,Dry,Non-Fatal Injury,Turning Movement,Driver,45 to 49,Major,0,West,"Automobile, Station Wagon",Going Ahead,Driving Properly,Normal, , , , , , ,0,0,1,0,0,0,0,0,1,1,0,0,0,0
1307961,2012,7,5,15,53,3,43.64984538,-79.38709029,Trinity-Spadina (20),20,Bay Street Corridor (76),76,D52,Toronto East York,RICHMOND St W,SIMCOE St, ,Major Arterial,Intersection,At Intersection,No Control,Clear,Daylight,Dry,Non-Fatal Injury,Turning Movement,Other Property Owner,unknown, ,0, ,Other, , , , , , , , , ,0,0,1,0,0,0,0,0,1,1,0,0,0,0
5001050877,2015,6,22,15,54,0,43.66669806,-79.45846186,Davenport (18),18,Dovercourt-Wallace Emerson-Junction (93),93,D11,Toronto East York,6 CARIBOO AVE, , ,Local,Mid-Block,At/Near Private Drive,No Control,Clear,Daylight,Dry,Non-Fatal Injury,Pedestrian Collisions,Driver,70 to 74,,0,North,"Automobile, Station Wagon",Going Ahead,Lost control,Normal, , , , , , ,1,0,1,0,0,0,0,0,1,1,0,0,0,0
5001050877,2015,6,22,15,54,0,43.66669806,-79.45846186,Davenport (18),18,Dovercourt-Wallace Emerson-Junction (93),93,D11,Toronto East York,6 CARIBOO AVE, , ,Local,Mid-Block,At/Near Private Drive,No Control,Clear,Daylight,Dry,Non-Fatal Injury,Pedestrian Collisions,Pedestrian,45 to 49,Major,0,Unknown, , , , ,Pedestrian hit at private driveway,Other,Unknown, , , ,1,0,1,0,0,0,0,0,1,1,0,0,0,0
994265,2007,9,26,15,55,2,43.73394538,-79.55789029,Etobicoke North (1),1,Thistletown-Beaumond Heights (3),3,D23,Etobicoke York,ALBION RD,CALSTOCK DR, ,Major Arterial,Mid-Block,At Intersection,No Control,Clear,Daylight,Dry,Non-Fatal Injury,Approaching,Vehicle Owner,unknown, ,0, ,Other, , , , , , , , , ,0,0,1,0,0,0,0,0,0,0,0,0,0,0
994265,2007,9,26,15,55,2,43.73394538,-79.55789029,Etobicoke North (1),1,Thistletown-Beaumond Heights (3),3,D23,Etobicoke York,ALBION RD,CALSTOCK DR, ,Major Arterial,Mid-Block,At Intersection,No Control,Clear,Daylight,Dry,Non-Fatal Injury,Approaching,Driver,50 to 54,,0,East,"Automobile, Station Wagon",Going Ahead,Driving Properly,Normal, , , , , , ,0,0,1,0,0,0,0,0,0,0,0,0,0,0
994265,2007,9,26,15,55,2,43.73394538,-79.55789029,Etobicoke North (1),1,Thistletown-Beaumond Heights (3),3,D23,Etobicoke York,ALBION RD,CALSTOCK DR, ,Major Arterial,Mid-Block,At Intersection,No Control,Clear,Daylight,Dry,Non-Fatal Injury,Approaching,Driver,30 to 34,Major,0,West,"Automobile, Station Wagon",Going Ahead,Lost control,Normal, , , , , , ,0,0,1,0,0,0,0,0,0,0,0,0,0,0
1224469,2011,1,20,15,55,3,43.85094538,-79.18899029,Scarborough-Rouge River (42),42,Rouge (131),131,D42,Scarborough,STEELES AVE E,GORDON MURISON LANE, ,Minor Arterial,Mid-Block, ,No Control,Clear,Daylight,Wet,Non-Fatal Injury,Rear End,Passenger,60 to 64,Major,0, ,Other, , , , , , , , , ,0,0,1,0,0,0,0,1,1,1,0,0,0,0
1224469,2011,1,20,15,55,3,43.85094538,-79.18899029,Scarborough-Rouge River (42),42,Rouge (131),131,D42,Scarborough,STEELES AVE E,GORDON MURISON LANE, ,Minor Arterial,Mid-Block, ,No Control,Clear,Daylight,Wet,Non-Fatal Injury,Rear End,Driver,55 to 59,,0,West,"Automobile, Station Wagon",Going Ahead,Speed too Fast For Condition,Normal, , , , , , ,0,0,1,0,0,0,0,1,1,1,0,0,0,0
1224469,2011,1,20,15,55,3,43.85094538,-79.18899029,Scarborough-Rouge River (42),42,Rouge (131),131,D42,Scarborough,STEELES AVE E,GORDON MURISON LANE, ,Minor Arterial,Mid-Block, ,No Control,Clear,Daylight,Wet,Non-Fatal Injury,Rear End,Driver,50 to 54,,0,West,"Automobile, Station Wagon",Stopped,Driving Properly,Normal, , , , , , ,0,0,1,0,0,0,0,1,1,1,0,0,0,0
1224926,2011,3,28,15,55,0,43.69954538,-79.33849029,Toronto-Danforth (29),29,Old East York (58),58,D54,Toronto East York,DON VALLEY PARKWAY  N,DON MILLS Road, ,Expressway,Mid-Block, ,No Control,Clear,Daylight,Dry,Non-Fatal Injury,Rear End,Driver,25 to 29,Major,0,North,"Automobile, Station Wagon",Slowing or Stopping,Driving Properly,Normal, , , , , , ,0,0,1,0,0,0,0,1,1,1,0,0,0,0
1224926,2011,3,28,15,55,0,43.69954538,-79.33849029,Toronto-Danforth (29),29,Old East York (58),58,D54,Toronto East York,DON VALLEY PARKWAY  N,DON MILLS Road, ,Expressway,Mid-Block, ,No Control,Clear,Daylight,Dry,Non-Fatal Injury,Rear End,Passenger,20 to 24,Minimal,0, ,Other, , , , , , , , , ,0,0,1,0,0,0,0,1,1,1,0,0,0,0
1224926,2011,3,28,15,55,0,43.69954538,-79.33849029,Toronto-Danforth (29),29,Old East York (58),58,D54,Toronto East York,DON VALLEY PARKWAY  N,DON MILLS Road, ,Expressway,Mid-Block, ,No Control,Clear,Daylight,Dry,Non-Fatal Injury,Rear End,Driver,20 to 24,Minimal,0,North,"Automobile, Station Wagon",Going Ahead,Speed too Fast For Condition,Normal, , , , , , ,0,0,1,0,0,0,0,1,1,1,0,0,0,0
1344553,2013,1,17,15,55,3,43.63514538,-79.39779029,Trinity-Spadina (20),20,Waterfront Communities-The Island (77),77,D14,Toronto East York,2 EIREANN QUAY Quay, , ,Collector,Mid-Block, ,No Control,Clear,Daylight,Dry,Non-Fatal Injury,Pedestrian Collisions,Driver,35 to 39,,0,West,"Automobile, Station Wagon",Turning Left,Failed to Yield Right of Way,Normal, , , , , , ,1,0,1,0,0,0,0,0,0,1,0,0,0,0
1344553,2013,1,17,15,55,3,43.63514538,-79.39779029,Trinity-Spadina (20),20,Waterfront Communities-The Island (77),77,D14,Toronto East York,2 EIREANN QUAY Quay, , ,Collector,Mid-Block, ,No Control,Clear,Daylight,Dry,Non-Fatal Injury,Pedestrian Collisions,Pedestrian,unknown,Major,0, ,Other, , , ,Pedestrian hit at private driveway,On Sidewalk or Shoulder,Inattentive, , , ,1,0,1,0,0,0,0,0,0,1,0,0,0,0
4001839598,2014,4,6,15,55,6,43.65351065,-79.51402674,Etobicoke-Lakeshore (5),5,Kingsway South (15),15,D22,Etobicoke York,ROYAL YORK RD,KINGSGROVE BLVD, ,Minor Arterial,Intersection,At Intersection,Stop Sign,Clear,Daylight,Dry,Non-Fatal Injury,Turning Movement,Driver,15 to 19,,0,West,"Automobile, Station Wagon",Turning Left,Failed to Yield Right of Way,Inattentive, , , , , , ,0,0,1,1,0,0,0,0,0,1,0,0,0,0
4001839598,2014,4,6,15,55,6,43.65351065,-79.51402674,Etobicoke-Lakeshore (5),5,Kingsway South (15),15,D22,Etobicoke York,ROYAL YORK RD,KINGSGROVE BLVD, ,Minor Arterial,Intersection,At Intersection,Stop Sign,Clear,Daylight,Dry,Non-Fatal Injury,Turning Movement,Motorcycle Driver,40 to 44,Major,0,North,Motorcycle,Going Ahead,Driving Properly,Normal, , , , , , ,0,0,1,1,0,0,0,0,0,1,0,0,0,0
4001988525,2014,4,30,15,55,2,43.63202246,-79.57514582,Etobicoke Centre (3),3,Markland Wood (12),12,D22,Etobicoke York,BLOOR ST W,MILL RD, ,Major Arterial,Intersection,Intersection Related,Traffic Signal,Clear,Daylight,Dry,Non-Fatal Injury,Turning Movement,Driver,20 to 24,,0,West,"Automobile, Station Wagon",Turning Left,Failed to Yield Right of Way,Normal, , , , , , ,0,0,1,0,0,0,0,0,0,1,0,0,0,0
4001988525,2014,4,30,15,55,2,43.63202246,-79.57514582,Etobicoke Centre (3),3,Markland Wood (12),12,D22,Etobicoke York,BLOOR ST W,MILL RD, ,Major Arterial,Intersection,Intersection Related,Traffic Signal,Clear,Daylight,Dry,Non-Fatal Injury,Turning Movement,Driver,50 to 54,Major,0,East,"Automobile, Station Wagon",Going Ahead,Driving Properly,Normal, , , , , , ,0,0,1,0,0,0,0,0,0,1,0,0,0,0
4003270015,2014,11,9,15,55,6,43.72829779,-79.41804133,Eglinton-Lawrence (16),16,Bedford Park-Nortown (39),39,D32,North York,AVENUE RD,ST GERMAIN AVE, ,Major Arterial,Mid-Block,Non Intersection,No Control,Clear,Daylight,Dry,Non-Fatal Injury,SMV Unattended Vehicle,Driver,60 to 64,Major,0,South,"Automobile, Station Wagon",Going Ahead,Lost control,Medical or Physical Disability, , , , , , ,0,0,1,0,0,0,0,0,0,0,0,0,1,0
4003270015,2014,11,9,15,55,6,43.72829779,-79.41804133,Eglinton-Lawrence (16),16,Bedford Park-Nortown (39),39,D32,North York,AVENUE RD,ST GERMAIN AVE, ,Major Arterial,Mid-Block,Non Intersection,No Control,Clear,Daylight,Dry,Non-Fatal Injury,SMV Unattended Vehicle,Other,unknown, ,0,Unknown,"Automobile, Station Wagon",Parked, , , , , , , , ,0,0,1,0,0,0,0,0,0,0,0,0,1,0
962572,2007,3,13,15,56,1,43.73654538,-79.21949029,Scarborough Southwest (36),36,Scarborough Village (139),139,D43,Scarborough,KINGSTON RD,LOCHLEVEN DR, ,Major Arterial,Intersection, ,No Control,Clear,Daylight,Dry,Non-Fatal Injury,Cyclist Collisions,Driver,45 to 49,,0,South,"Automobile, Station Wagon",Turning Right,Failed to Yield Right of Way,Inattentive, , , , , , ,0,1,1,0,0,0,0,0,0,1,0,0,0,0
962572,2007,3,13,15,56,1,43.73654538,-79.21949029,Scarborough Southwest (36),36,Scarborough Village (139),139,D43,Scarborough,KINGSTON RD,LOCHLEVEN DR, ,Major Arterial,Intersection, ,No Control,Clear,Daylight,Dry,Non-Fatal Injury,Cyclist Collisions,Cyclist,40 to 44,Major,0,West,Bicycle,Going Ahead, , , , , ,"Motorist turns right at non-signal Inter.(stop, yield, no cont.,and dwy) and strikes cyclist.",Driving Properly,Normal,0,1,1,0,0,0,0,0,0,1,0,0,0,0
1253390,2011,9,11,15,56,6,43.66244538,-79.35139029,Toronto-Danforth (30),30,South Riverdale (70),70,D55,Toronto East York,DUNDAS ST E,BROADVIEW AVE, ,Major Arterial,Intersection,At Intersection,Traffic Signal,Clear,Daylight,Dry,Non-Fatal Injury,Cyclist Collisions,Vehicle Owner,unknown, ,0, ,Other, , , , , , , , , ,0,1,1,0,0,0,0,0,0,1,0,0,0,0
1253390,2011,9,11,15,56,6,43.66244538,-79.35139029,Toronto-Danforth (30),30,South Riverdale (70),70,D55,Toronto East York,DUNDAS ST E,BROADVIEW AVE, ,Major Arterial,Intersection,At Intersection,Traffic Signal,Clear,Daylight,Dry,Non-Fatal Injury,Cyclist Collisions,Driver,55 to 59,,0,East,"Automobile, Station Wagon",Going Ahead,Failed to Yield Right of Way,Inattentive, , , , , , ,0,1,1,0,0,0,0,0,0,1,0,0,0,0
1253390,2011,9,11,15,56,6,43.66244538,-79.35139029,Toronto-Danforth (30),30,South Riverdale (70),70,D55,Toronto East York,DUNDAS ST E,BROADVIEW AVE, ,Major Arterial,Intersection,At Intersection,Traffic Signal,Clear,Daylight,Dry,Non-Fatal Injury,Cyclist Collisions,Cyclist,40 to 44,Major,0,North,Bicycle,Going Ahead, , , , , ,"Motorist without ROW drives into path of cyclist at inter, lnwy, dwy-Driver not turn.",Driving Properly,Normal,0,1,1,0,0,0,0,0,0,1,0,0,0,0
1266196,2011,11,25,15,56,4,43.80144538,-79.14229029,Scarborough East (44),44,Rouge (131),131,D42,Scarborough,KINGSTON Road,RASPBERRY Road, ,Major Arterial,Intersection,At Intersection,No Control,Clear,Daylight,Dry,Non-Fatal Injury,Cyclist Collisions,Driver,55 to 59,,0,West,"Automobile, Station Wagon",Going Ahead,Following too Close,Inattentive, , , , , , ,0,1,1,0,0,0,0,0,0,1,0,0,0,0
1266196,2011,11,25,15,56,4,43.80144538,-79.14229029,Scarborough East (44),44,Rouge (131),131,D42,Scarborough,KINGSTON Road,RASPBERRY Road, ,Major Arterial,Intersection,At Intersection,No Control,Clear,Daylight,Dry,Non-Fatal Injury,Cyclist Collisions,Cyclist,50 to 54,Major,0,West,Bicycle,Going Ahead, , , , , ,Cyclist and Driver travelling in same direction. One vehicle rear-ended the other.,Driving Properly,Normal,0,1,1,0,0,0,0,0,0,1,0,0,0,0
1336921,2013,1,23,15,56,2,43.72934683,-79.28068934,Scarborough Southwest (35),35,Clairlea-Birchmount (120),120,D41,Scarborough,EGLINTON AVE E,SINNOTT RD, ,Major Arterial,Intersection,At Intersection,Traffic Signal,Clear,Daylight,Dry,Fatal,Pedestrian Collisions,Vehicle Owner,unknown, ,0, , , , , , , , , , , ,1,0,0,0,0,1,0,0,0,1,1,0,0,1
1336921,2013,1,23,15,56,2,43.72934683,-79.28068934,Scarborough Southwest (35),35,Clairlea-Birchmount (120),120,D41,Scarborough,EGLINTON AVE E,SINNOTT RD, ,Major Arterial,Intersection,At Intersection,Traffic Signal,Clear,Daylight,Dry,Fatal,Pedestrian Collisions,Driver,35 to 39,,0,East,Municipal Transit Bus (TTC),Going Ahead,Disobeyed Traffic Control,Inattentive, , , , , , ,1,0,0,0,0,1,0,0,0,1,1,0,0,1
1336921,2013,1,23,15,56,2,43.72934683,-79.28068934,Scarborough Southwest (35),35,Clairlea-Birchmount (120),120,D41,Scarborough,EGLINTON AVE E,SINNOTT RD, ,Major Arterial,Intersection,At Intersection,Traffic Signal,Clear,Daylight,Dry,Fatal,Pedestrian Collisions,Pedestrian,45 to 49,Fatal,2,North, , , , ,Pedestrian involved in a collision with transit vehicle anywhere along roadway,Crossing with right of way,Normal, , , ,1,0,0,0,0,1,0,0,0,1,1,0,0,1
13999959,2013,11,30,15,56,5,43.63444098,-79.56721888,Etobicoke Centre (3),3,Markland Wood (12),12,D22,Etobicoke York,BLOOR ST W,NEILSON DR, ,Major Arterial,Intersection, ,Traffic Signal,Other,Daylight,Other,Fatal,Turning Movement,Driver,35 to 39,,0,West,"Automobile, Station Wagon",Turning Left,Improper Turn,Unknown, , , , , , ,0,0,1,0,0,0,0,0,0,0,0,0,0,1
13999959,2013,11,30,15,56,5,43.63444098,-79.56721888,Etobicoke Centre (3),3,Markland Wood (12),12,D22,Etobicoke York,BLOOR ST W,NEILSON DR, ,Major Arterial,Intersection, ,Traffic Signal,Other,Daylight,Other,Fatal,Turning Movement,Driver,30 to 34,Fatal,59,West,"Automobile, Station Wagon",Going Ahead,Driving Properly,Unknown, , , , , , ,0,0,1,0,0,0,0,0,0,0,0,0,0,1
5002136221,2015,12,13,15,56,6,43.65112646,-79.45850001,Parkdale-High Park (14),14,High Park-Swansea (87),87,D11,Toronto East York,PARKSIDE DR,INDIAN VALLEY CRES, ,Major Arterial,Intersection,At Intersection,Traffic Signal,Rain,Daylight,Wet,Non-Fatal Injury,Cyclist Collisions,Driver,35 to 39,,0,South,"Automobile, Station Wagon",Going Ahead,Following too Close,Normal, , , , , , ,0,1,1,0,0,0,0,1,0,1,0,0,0,0
5002136221,2015,12,13,15,56,6,43.65112646,-79.45850001,Parkdale-High Park (14),14,High Park-Swansea (87),87,D11,Toronto East York,PARKSIDE DR,INDIAN VALLEY CRES, ,Major Arterial,Intersection,At Intersection,Traffic Signal,Rain,Daylight,Wet,Non-Fatal Injury,Cyclist Collisions,Cyclist,25 to 29,Major,0,South,Bicycle,Stopped, , , , , ,Cyclist and Driver travelling in same direction. One vehicle rear-ended the other.,Driving Properly,Normal,0,1,1,0,0,0,0,1,0,1,0,0,0,0
5002136221,2015,12,13,15,56,6,43.65112646,-79.45850001,Parkdale-High Park (14),14,High Park-Swansea (87),87,D11,Toronto East York,PARKSIDE DR,INDIAN VALLEY CRES, ,Major Arterial,Intersection,At Intersection,Traffic Signal,Rain,Daylight,Wet,Non-Fatal Injury,Cyclist Collisions,Passenger,10 to 14,,0, , , , , , , , , , , ,0,1,1,0,0,0,0,1,0,1,0,0,0,0
5002136221,2015,12,13,15,56,6,43.65112646,-79.45850001,Parkdale-High Park (14),14,High Park-Swansea (87),87,D11,Toronto East York,PARKSIDE DR,INDIAN VALLEY CRES, ,Major Arterial,Intersection,At Intersection,Traffic Signal,Rain,Daylight,Wet,Non-Fatal Injury,Cyclist Collisions,Passenger,10 to 14,,0, , , , , , , , , , , ,0,1,1,0,0,0,0,1,0,1,0,0,0,0
1141420,2009,11,13,15,58,4,43.65614538,-79.42739029,Trinity-Spadina (19),19,Palmerston-Little Italy (80),80,D14,Toronto East York,DEWSON ST,DOVERCOURT RD, ,Minor Arterial,Intersection,At Intersection,Traffic Signal,Clear,Daylight,Dry,Non-Fatal Injury,Turning Movement,Motorcycle Driver,45 to 49,Major,0,West,Motorcycle,Stopped,Driving Properly,Normal, , , , , , ,0,0,1,1,0,0,0,0,0,0,0,0,0,0
1141420,2009,11,13,15,58,4,43.65614538,-79.42739029,Trinity-Spadina (19),19,Palmerston-Little Italy (80),80,D14,Toronto East York,DEWSON ST,DOVERCOURT RD, ,Minor Arterial,Intersection,At Intersection,Traffic Signal,Clear,Daylight,Dry,Non-Fatal Injury,Turning Movement,Driver,75 to 79,,0,North,"Automobile, Station Wagon",Turning Right,Improper Turn,Inattentive, , , , , , ,0,0,1,1,0,0,0,0,0,0,0,0,0,0
1318799,2012,8,27,15,58,0,43.68264538,-79.43689029,Davenport (17),17,Oakwood Village (107),107,D13,Etobicoke York,OAKWOOD AVE,CONWAY AVE, ,Minor Arterial,Intersection, ,Pedestrian Crossover,Clear,Daylight,Dry,Non-Fatal Injury,Pedestrian Collisions,Vehicle Owner,unknown, ,0, ,Other, , , , , , , , , ,1,0,1,0,0,0,0,0,0,1,0,0,0,0
5002156360,2015,12,16,16,45,2,43.80563696,-79.27736292,Scarborough-Rouge River (41),41,Agincourt North (129),129,D42,Scarborough,FINCH AVE E,BRIMLEY RD,9 m East of,Major Arterial,Intersection,At Intersection,Traffic Signal,Clear,Dusk,Wet,Non-Fatal Injury,Turning Movement,Passenger,20 to 24,Major,0, , , , , , , , , , , ,0,0,1,0,0,0,0,1,0,0,0,0,0,0
6001333715,2016,7,29,16,45,4,43.76967581,-79.52058039,York West (8),8,Black Creek (24),24,D31,North York,JANE ST,SHOREHAM DR,121 m North of,Major Arterial,Mid-Block,Non Intersection,No Control,Clear,Daylight,Dry,Non-Fatal Injury,Cyclist Collisions,Cyclist,30 to 34,,0,East,Bicycle,Going Ahead, , , , , ,"Cyclist without ROW rides into path of motorist at inter, lnwy, dwy-Cyclist not turn.",Failed to Yield Right of Way,Inattentive,0,1,1,0,0,0,0,0,0,0,0,0,0,0
6001333715,2016,7,29,16,45,4,43.76967581,-79.52058039,York West (8),8,Black Creek (24),24,D31,North York,JANE ST,SHOREHAM DR,121 m North of,Major Arterial,Mid-Block,Non Intersection,No Control,Clear,Daylight,Dry,Non-Fatal Injury,Cyclist Collisions,Driver,50 to 54,Major,0,South,"Automobile, Station Wagon",Going Ahead,Driving Properly,Normal, , , , , , ,0,1,1,0,0,0,0,0,0,0,0,0,0,0
1036453,2008,4,10,16,46,3,43.67774538,-79.35039029,Toronto-Danforth (30),30,North Riverdale (68),68,D55,Toronto East York,437 DANFORTH Ave, , ,Major Arterial,Mid-Block, ,No Control,Clear,Daylight,Dry,Non-Fatal Injury,Pedestrian Collisions,Driver,60 to 64,,0,East,"Automobile, Station Wagon",Going Ahead,Driving Properly,Unknown, , , , , , ,1,0,1,0,0,0,0,0,0,0,0,0,0,0
1036453,2008,4,10,16,46,3,43.67774538,-79.35039029,Toronto-Danforth (30),30,North Riverdale (68),68,D55,Toronto East York,437 DANFORTH Ave, , ,Major Arterial,Mid-Block, ,No Control,Clear,Daylight,Dry,Non-Fatal Injury,Pedestrian Collisions,Pedestrian,45 to 49,Major,0,South,Other, , , ,Pedestrian hit at mid-block,Running onto Roadway,Had Been Drinking, , , ,1,0,1,0,0,0,0,0,0,0,0,0,0,0
1109010,2009,5,19,16,46,1,43.78454538,-79.16879029,Scarborough East (44),44,Highland Creek (134),134,D43,Scarborough,KINGSTON Road,OLD KINGSTON Road, ,Minor Arterial,Intersection,At Intersection,Traffic Signal,Clear,Daylight,Dry,Non-Fatal Injury,Turning Movement,Driver,35 to 39,Major,0,West,"Automobile, Station Wagon",Turning Left,Improper Turn,Normal, , , , , , ,0,0,1,0,0,0,0,1,0,0,0,0,0,0
1109010,2009,5,19,16,46,1,43.78454538,-79.16879029,Scarborough East (44),44,Highland Creek (134),134,D43,Scarborough,KINGSTON Road,OLD KINGSTON Road, ,Minor Arterial,Intersection,At Intersection,Traffic Signal,Clear,Daylight,Dry,Non-Fatal Injury,Turning Movement,Passenger,20 to 24,Minor,0, ,Other, , , , , , , , , ,0,0,1,0,0,0,0,1,0,0,0,0,0,0
1109010,2009,5,19,16,46,1,43.78454538,-79.16879029,Scarborough East (44),44,Highland Creek (134),134,D43,Scarborough,KINGSTON Road,OLD KINGSTON Road, ,Minor Arterial,Intersection,At Intersection,Traffic Signal,Clear,Daylight,Dry,Non-Fatal Injury,Turning Movement,Driver,20 to 24,Minor,0,East,"Automobile, Station Wagon",Going Ahead,Driving Properly,Normal, , , , , , ,0,0,1,0,0,0,0,1,0,0,0,0,0,0
1107752,2009,6,3,16,46,2,43.71814538,-79.44519029,Eglinton-Lawrence (15),15,Yorkdale-Glen Park (31),31,D32,North York,WILLIAM R ALLEN RD N,LAWRENCE W ALLEN X N RAMP W, ,Expressway,Mid-Block, ,No Control,Clear,Daylight,Dry,Non-Fatal Injury,Rear End,Driver,30 to 34,Minimal,0,South,"Automobile, Station Wagon",Slowing or Stopping,Following too Close,Normal, , , , , , ,0,0,1,0,0,0,0,1,0,1,0,0,0,0