ACCNUM,YEAR,MONTH,DAY,HOUR,MINUTES,WEEKDAY,LATITUDE,LONGITUDE,Ward_Name,Ward_ID,Hood_Name,Hood_ID,Division,District,STREET1,STREET2,OFFSET,ROAD_CLASS,LOCCOORD,ACCLOC,TRAFFCTL,VISIBILITY,LIGHT,RDSFCOND,ACCLASS,IMPACTYPE,INVTYPE,INVAGE,INJURY,FATAL_NO,INITDIR,VEHTYPE,MANOEUVER,DRIVACT,DRIVCOND,PEDTYPE,PEDACT,PEDCOND,CYCLISTYPE,CYCACT,CYCCOND,PEDESTRIAN,CYCLIST,AUTOMOBILE,MOTORCYCLE,TRUCK,TRSN_CITY_VEH,EMERG_VEH,PASSENGER,SPEEDING,AG_DRIV,REDLIGHT,ALCOHOL,DISABILITY,label
1107752,2009,6,3,16,46,2,43.71814538,-79.44519029,Eglinton-Lawrence (15),15,Yorkdale-Glen Park (31),31,D32,North York,WILLIAM R ALLEN RD N,LAWRENCE W ALLEN X N RAMP W, ,Expressway,Mid-Block, ,No Control,Clear,Daylight,Dry,Non-Fatal Injury,Rear End,Passenger,60 to 64,Major,0, ,"Automobile, Station Wagon", , , , , , , , , ,0,0,1,0,0,0,0,1,0,1,0,0,0,0
1107752,2009,6,3,16,46,2,43.71814538,-79.44519029,Eglinton-Lawrence (15),15,Yorkdale-Glen Park (31),31,D32,North York,WILLIAM R ALLEN RD N,LAWRENCE W ALLEN X N RAMP W, ,Expressway,Mid-Block, ,No Control,Clear,Daylight,Dry,Non-Fatal Injury,Rear End,Driver,65 to 69,Minimal,0,South,"Automobile, Station Wagon",Stopped,Driving Properly,Normal, , , , , , ,0,0,1,0,0,0,0,1,0,1,0,0,0,0
141603063,2014,2,26,16,46,2,43.75495108,-79.35087214,Don Valley East (34),34,Banbury-Don Mills (42),42,D33,North York,YORK MILLS RD,UPJOHN RD, ,Major Arterial,Intersection, ,No Control,Clear,Daylight,Dry,Fatal,Turning Movement,Passenger,10 to 14,Minimal,0, , , , , , , , , , , ,0,0,1,0,0,0,0,1,0,1,0,0,0,1
141603063,2014,2,26,16,46,2,43.75495108,-79.35087214,Don Valley East (34),34,Banbury-Don Mills (42),42,D33,North York,YORK MILLS RD,UPJOHN RD, ,Major Arterial,Intersection, ,No Control,Clear,Daylight,Dry,Fatal,Turning Movement,Driver,30 to 34,,0,West,"Automobile, Station Wagon",Turning Left,Failed to Yield Right of Way,Inattentive, , , , , , ,0,0,1,0,0,0,0,1,0,1,0,0,0,1
141603063,2014,2,26,16,46,2,43.75495108,-79.35087214,Don Valley East (34),34,Banbury-Don Mills (42),42,D33,North York,YORK MILLS RD,UPJOHN RD, ,Major Arterial,Intersection, ,No Control,Clear,Daylight,Dry,Fatal,Turning Movement,Driver,55 to 59,,0,West, ,Stopped,Driving Properly,Normal, , , , , , ,0,0,1,0,0,0,0,1,0,1,0,0,0,1
141603063,2014,2,26,16,46,2,43.75495108,-79.35087214,Don Valley East (34),34,Banbury-Don Mills (42),42,D33,North York,YORK MILLS RD,UPJOHN RD, ,Major Arterial,Intersection, ,No Control,Clear,Daylight,Dry,Fatal,Turning Movement,Driver,80 to 84,Fatal,5,East,"Automobile, Station Wagon",Going Ahead,Driving Properly,Normal, , , , , , ,0,0,1,0,0,0,0,1,0,1,0,0,0,1
7003137830,2017,12,5,16,46,1,43.78119638,-79.29821429,Scarborough-Agincourt (40),40,Tam O'Shanter-Sullivan (118),118,D42,Scarborough,BIRCHMOUNT RD,SHEPPARD AVE E,200 m North of,Major Arterial,Mid-Block,Non Intersection,Traffic Signal,Clear,"Dark, artificial",Dry,Non-Fatal Injury,Turning Movement,Driver,35 to 39,,0,North,"Automobile, Station Wagon",Turning Left,Improper Turn,Normal, , , , , , ,0,0,1,1,0,0,0,0,0,0,0,0,0,0
7003137830,2017,12,5,16,46,1,43.78119638,-79.29821429,Scarborough-Agincourt (40),40,Tam O'Shanter-Sullivan (118),118,D42,Scarborough,BIRCHMOUNT RD,SHEPPARD AVE E,200 m North of,Major Arterial,Mid-Block,Non Intersection,Traffic Signal,Clear,"Dark, artificial",Dry,Non-Fatal Injury,Turning Movement,Motorcycle Driver,50 to 54,Major,0,South,Motorcycle,Going Ahead,Driving Properly,Normal, , , , , , ,0,0,1,1,0,0,0,0,0,0,0,0,0,0
1122296,2009,7,24,16,47,4,43.68904538,-79.31429029,Beaches-East York (31),31,Danforth East York (59),59,D54,Toronto East York,WOODBINE AVE,MILVERTON BLVD, ,Major Arterial,Intersection,At Intersection,Pedestrian Crossover,Clear,Daylight,Dry,Non-Fatal Injury,Pedestrian Collisions,Driver,40 to 44,,0,West,"Automobile, Station Wagon",Turning Left,Failed to Yield Right of Way,Inattentive, , , , , , ,1,0,1,0,0,0,0,0,0,1,0,0,0,0
1122296,2009,7,24,16,47,4,43.68904538,-79.31429029,Beaches-East York (31),31,Danforth East York (59),59,D54,Toronto East York,WOODBINE AVE,MILVERTON BLVD, ,Major Arterial,Intersection,At Intersection,Pedestrian Crossover,Clear,Daylight,Dry,Non-Fatal Injury,Pedestrian Collisions,Pedestrian,55 to 59,Major,0,East,Other, , , ,Pedestrian hit a PXO/ped. Mid-block signal,"Crossing, Pedestrian Crossover",Normal, , , ,1,0,1,0,0,0,0,0,0,1,0,0,0,0
1177531,2010,7,16,16,47,4,43.66574538,-79.49119029,Parkdale-High Park (13),13,Runnymede-Bloor West Village (89),89,D11,Etobicoke York,JANE ST,DUNDAS ST W, ,Major Arterial,Intersection,At Intersection,Traffic Signal,Clear,Daylight,Dry,Fatal,Turning Movement,Driver,75 to 79,Major,0,South,"Automobile, Station Wagon",Turning Left,Improper Turn,Unknown, , , , , , ,0,0,1,0,0,1,0,1,1,1,0,0,0,1
1177531,2010,7,16,16,47,4,43.66574538,-79.49119029,Parkdale-High Park (13),13,Runnymede-Bloor West Village (89),89,D11,Etobicoke York,JANE ST,DUNDAS ST W, ,Major Arterial,Intersection,At Intersection,Traffic Signal,Clear,Daylight,Dry,Fatal,Turning Movement,Passenger,85 to 89,Fatal,25, ,Other, , , , , , , , , ,0,0,1,0,0,1,0,1,1,1,0,0,0,1
1177531,2010,7,16,16,47,4,43.66574538,-79.49119029,Parkdale-High Park (13),13,Runnymede-Bloor West Village (89),89,D11,Etobicoke York,JANE ST,DUNDAS ST W, ,Major Arterial,Intersection,At Intersection,Traffic Signal,Clear,Daylight,Dry,Fatal,Turning Movement,Passenger,90 to 94,Fatal,24, ,Other, , , , , , , , , ,0,0,1,0,0,1,0,1,1,1,0,0,0,1
1177531,2010,7,16,16,47,4,43.66574538,-79.49119029,Parkdale-High Park (13),13,Runnymede-Bloor West Village (89),89,D11,Etobicoke York,JANE ST,DUNDAS ST W, ,Major Arterial,Intersection,At Intersection,Traffic Signal,Clear,Daylight,Dry,Fatal,Turning Movement,Driver,25 to 29,,0,South,"Automobile, Station Wagon",Stopped,Driving Properly,Normal, , , , , , ,0,0,1,0,0,1,0,1,1,1,0,0,0,1
1177531,2010,7,16,16,47,4,43.66574538,-79.49119029,Parkdale-High Park (13),13,Runnymede-Bloor West Village (89),89,D11,Etobicoke York,JANE ST,DUNDAS ST W, ,Major Arterial,Intersection,At Intersection,Traffic Signal,Clear,Daylight,Dry,Fatal,Turning Movement,Vehicle Owner,unknown, ,0, ,Other, , , , , , , , , ,0,0,1,0,0,1,0,1,1,1,0,0,0,1
1177531,2010,7,16,16,47,4,43.66574538,-79.49119029,Parkdale-High Park (13),13,Runnymede-Bloor West Village (89),89,D11,Etobicoke York,JANE ST,DUNDAS ST W, ,Major Arterial,Intersection,At Intersection,Traffic Signal,Clear,Daylight,Dry,Fatal,Turning Movement,Driver,45 to 49,,0,North,Municipal Transit Bus (TTC),Going Ahead,Driving Properly,Normal, , , , , , ,0,0,1,0,0,1,0,1,1,1,0,0,0,1
1042639,2008,5,28,16,48,2,43.70186957,-79.35807429,Toronto-Danforth (29),29,Leaside-Bennington (56),56,D53,Toronto East York,MILLWOOD RD,VILLAGE STATION RD, ,Major Arterial,Intersection,At Intersection,Traffic Signal,Clear,Daylight,Dry,Non-Fatal Injury,Turning Movement,Motorcycle Driver,45 to 49,Major,0,East,Motorcycle,Going Ahead,Exceeding Speed Limit,Normal, , , , , , ,0,0,1,1,0,0,0,0,1,1,0,0,0,0
1042639,2008,5,28,16,48,2,43.70186957,-79.35807429,Toronto-Danforth (29),29,Leaside-Bennington (56),56,D53,Toronto East York,MILLWOOD RD,VILLAGE STATION RD, ,Major Arterial,Intersection,At Intersection,Traffic Signal,Clear,Daylight,Dry,Non-Fatal Injury,Turning Movement,Driver,50 to 54,,0,West,"Automobile, Station Wagon",Turning Left,Driving Properly,Normal, , , , , , ,0,0,1,1,0,0,0,0,1,1,0,0,0,0
7001157436,2017,6,28,16,48,2,43.82320746,-79.26314173,Scarborough-Rouge River (41),41,Milliken (130),130,D42,Scarborough,MIDDELFIELD ROAD,PEBBLEWOOD AVENUE, ,Minor Arterial,Intersection,At Intersection,No Control,Clear,Daylight,Dry,Non-Fatal Injury,Pedestrian Collisions,Driver,65 to 69,,0,North,"Automobile, Station Wagon",Going Ahead,Driving Properly,Normal, , , , , , ,1,0,1,0,0,0,0,0,0,0,0,0,0,0
7001157436,2017,6,28,16,48,2,43.82320746,-79.26314173,Scarborough-Rouge River (41),41,Milliken (130),130,D42,Scarborough,MIDDELFIELD ROAD,PEBBLEWOOD AVENUE, ,Minor Arterial,Intersection,At Intersection,No Control,Clear,Daylight,Dry,Non-Fatal Injury,Pedestrian Collisions,Pedestrian,15 to 19,Major,0,West, , , , ,Vehicle is going straight thru inter.while ped cross without ROW,Coming From Behind Parked Vehicle,Inattentive, , , ,1,0,1,0,0,0,0,0,0,0,0,0,0,0
7001383604,2017,8,1,16,48,1,43.78897038,-79.41778929,Willowdale (24),24,Newtonbrook East (50),50,D32,North York,YONGE ST,WEDGEWOOD DR, ,Major Arterial,Intersection,Intersection Related,Stop Sign,Clear,Daylight,Dry,Non-Fatal Injury,Turning Movement,Driver,20 to 24,,0,South,"Automobile, Station Wagon",Turning Left,Failed to Yield Right of Way,Normal, , , , , , ,0,0,1,0,0,0,0,1,0,1,0,0,0,0
7001383604,2017,8,1,16,48,1,43.78897038,-79.41778929,Willowdale (24),24,Newtonbrook East (50),50,D32,North York,YONGE ST,WEDGEWOOD DR, ,Major Arterial,Intersection,Intersection Related,Stop Sign,Clear,Daylight,Dry,Non-Fatal Injury,Turning Movement,Driver,60 to 64,,0,North,"Automobile, Station Wagon",Going Ahead,Driving Properly,Normal, , , , , , ,0,0,1,0,0,0,0,1,0,1,0,0,0,0
7001383604,2017,8,1,16,48,1,43.78897038,-79.41778929,Willowdale (24),24,Newtonbrook East (50),50,D32,North York,YONGE ST,WEDGEWOOD DR, ,Major Arterial,Intersection,Intersection Related,Stop Sign,Clear,Daylight,Dry,Non-Fatal Injury,Turning Movement,Passenger,35 to 39,Major,0, , , , , , , , , , , ,0,0,1,0,0,0,0,1,0,1,0,0,0,0
1386644,2013,9,14,16,49,5,43.65549048,-79.39907465,Trinity-Spadina (20),20,Kensington-Chinatown (78),78,D52,Toronto East York,SPADINA AVE,BALDWIN ST, ,Major Arterial,Mid-Block, ,No Control,Clear,Daylight,Dry,Non-Fatal Injury,Pedestrian Collisions,Vehicle Owner,unknown, ,0, ,Other, , , , , , , , , ,1,0,0,0,0,1,0,0,0,0,0,0,0,0
1386644,2013,9,14,16,49,5,43.65549048,-79.39907465,Trinity-Spadina (20),20,Kensington-Chinatown (78),78,D52,Toronto East York,SPADINA AVE,BALDWIN ST, ,Major Arterial,Mid-Block, ,No Control,Clear,Daylight,Dry,Non-Fatal Injury,Pedestrian Collisions,Driver,40 to 44,,0,North,Municipal Transit Bus (TTC),Going Ahead,Driving Properly,Normal, , , , , , ,1,0,0,0,0,1,0,0,0,0,0,0,0,0
1386644,2013,9,14,16,49,5,43.65549048,-79.39907465,Trinity-Spadina (20),20,Kensington-Chinatown (78),78,D52,Toronto East York,SPADINA AVE,BALDWIN ST, ,Major Arterial,Mid-Block, ,No Control,Clear,Daylight,Dry,Non-Fatal Injury,Pedestrian Collisions,Pedestrian,35 to 39,Minor,0,West,Other, , , ,Pedestrian involved in a collision with transit vehicle anywhere along roadway,"Crossing, no Traffic Control",Inattentive, , , ,1,0,0,0,0,1,0,0,0,0,0,0,0,0
1386644,2013,9,14,16,49,5,43.65549048,-79.39907465,Trinity-Spadina (20),20,Kensington-Chinatown (78),78,D52,Toronto East York,SPADINA AVE,BALDWIN ST, ,Major Arterial,Mid-Block, ,No Control,Clear,Daylight,Dry,Non-Fatal Injury,Pedestrian Collisions,Pedestrian,40 to 44,Major,0,West,Other, , , ,Pedestrian involved in a collision with transit vehicle anywhere along roadway,"Crossing, no Traffic Control",Inattentive, , , ,1,0,0,0,0,1,0,0,0,0,0,0,0,0
5000754325,2015,5,6,16,49,2,43.71842154,-79.43293391,Eglinton-Lawrence (15),15,Englemount-Lawrence (32),32,D13,North York,LAWRENCE AVE W,BRUCEWOOD CRES,1 m North of,Major Arterial,Intersection,At Intersection,Traffic Signal,Clear,Daylight,Dry,Non-Fatal Injury,Turning Movement,Motorcycle Driver,45 to 49,Major,0,East,Motorcycle,Turning Left,Improper Turn,Normal, , , , , , ,0,0,1,1,0,0,0,0,0,1,1,0,0,0
5000754325,2015,5,6,16,49,2,43.71842154,-79.43293391,Eglinton-Lawrence (15),15,Englemount-Lawrence (32),32,D13,North York,LAWRENCE AVE W,BRUCEWOOD CRES,1 m North of,Major Arterial,Intersection,At Intersection,Traffic Signal,Clear,Daylight,Dry,Non-Fatal Injury,Turning Movement,Driver,20 to 24,Minor,0,West,"Automobile, Station Wagon",Going Ahead,Disobeyed Traffic Control,Normal, , , , , , ,0,0,1,1,0,0,0,0,0,1,1,0,0,0
7000669891,2017,4,16,16,49,6,43.63973578,-79.38092432,Trinity-Spadina (20),20,Waterfront Communities-The Island (77),77,D52,Toronto East York,QUEENS QUAY W,YORK ST,47 m West of,Minor Arterial,Mid-Block,Non Intersection,No Control,Clear,Daylight,Dry,Non-Fatal Injury,Pedestrian Collisions,Driver,50 to 54,,0,East,"Bus (Other) (Go Bus, Gray Coach)",Going Ahead,Driving Properly,Normal, , , , , , ,1,0,0,0,0,1,0,0,0,0,0,0,0,0
7000669891,2017,4,16,16,49,6,43.63973578,-79.38092432,Trinity-Spadina (20),20,Waterfront Communities-The Island (77),77,D52,Toronto East York,QUEENS QUAY W,YORK ST,47 m West of,Minor Arterial,Mid-Block,Non Intersection,No Control,Clear,Daylight,Dry,Non-Fatal Injury,Pedestrian Collisions,Pedestrian,35 to 39,Major,0,North, , , , ,Pedestrian involved in a collision with transit vehicle anywhere along roadway,"Crossing, no Traffic Control",Inattentive, , , ,1,0,0,0,0,1,0,0,0,0,0,0,0,0
1005733,2007,11,17,16,50,5,43.64874538,-79.37199029,Toronto Centre-Rosedale (28),28,Waterfront Communities-The Island (77),77,D51,Toronto East York,MARKET ST,THE ESPLANADE, ,Local,Mid-Block,At Intersection,No Control,Clear,Dusk,Dry,Non-Fatal Injury,Pedestrian Collisions,Cyclist,unknown,Major,0,North,Bicycle,Going Ahead, , , , , ,Cyclist strikes pedestrian.,Failed to Yield Right of Way,Unknown,1,1,0,0,0,0,0,0,0,0,0,0,0,0
1005733,2007,11,17,16,50,5,43.64874538,-79.37199029,Toronto Centre-Rosedale (28),28,Waterfront Communities-The Island (77),77,D51,Toronto East York,MARKET ST,THE ESPLANADE, ,Local,Mid-Block,At Intersection,No Control,Clear,Dusk,Dry,Non-Fatal Injury,Pedestrian Collisions,Pedestrian,75 to 79,Minimal,0,East,Other, , , ,Pedestrian hit at mid-block,"Crossing, no Traffic Control",Normal, , , ,1,1,0,0,0,0,0,0,0,0,0,0,0,0
1077611,2008,12,24,16,50,2,43.77974538,-79.41559029,Willowdale (23),23,Willowdale West (37),37,D32,North York,YONGE ST,FINCH AVE W, ,Major Arterial,Intersection,At Intersection, ,Other,Daylight,Other,Non-Fatal Injury,Pedestrian Collisions,Driver,55 to 59,,0,North,"Automobile, Station Wagon",Unknown,Failed to Yield Right of Way, , , , , , , ,1,0,1,0,0,0,0,0,0,1,0,0,0,0
1077611,2008,12,24,16,50,2,43.77974538,-79.41559029,Willowdale (23),23,Willowdale West (37),37,D32,North York,YONGE ST,FINCH AVE W, ,Major Arterial,Intersection,At Intersection, ,Other,Daylight,Other,Non-Fatal Injury,Pedestrian Collisions,Pedestrian,unknown,Major,0, ,Other,Other, , , , , , , , ,1,0,1,0,0,0,0,0,0,1,0,0,0,0
1235900,2011,6,1,16,50,2,43.64214538,-79.41129029,Trinity-Spadina (19),19,Niagara (82),82,D14,Toronto East York,KING ST W,STRACHAN AVE, ,Major Arterial,Mid-Block, ,No Control,Clear,Daylight,Dry,Non-Fatal Injury,Pedestrian Collisions,Motorcycle Driver,50 to 54,Major,0,East,Motorcycle,Going Ahead,Driving Properly,Normal, , , , , , ,1,0,0,1,0,0,0,0,0,0,0,0,0,0
1235900,2011,6,1,16,50,2,43.64214538,-79.41129029,Trinity-Spadina (19),19,Niagara (82),82,D14,Toronto East York,KING ST W,STRACHAN AVE, ,Major Arterial,Mid-Block, ,No Control,Clear,Daylight,Dry,Non-Fatal Injury,Pedestrian Collisions,Pedestrian,25 to 29,Minor,0,North,Other, , , ,Pedestrian hit at mid-block,"Crossing, no Traffic Control",Other, , , ,1,0,0,1,0,0,0,0,0,0,0,0,0,0
1274044,2011,11,8,16,50,1,43.70354538,-79.37799029,St. Paul's (22),22,Mount Pleasant East (99),99,D53,Toronto East York,MILLWOOD RD,CLEVELAND ST, ,Collector,Intersection,At Intersection,Stop Sign,Clear,Dusk,Wet,Non-Fatal Injury,Angle,Passenger,45 to 49,Major,0, ,Other, , , , , , , , , ,0,0,1,0,0,0,0,1,0,1,0,0,0,0
1274044,2011,11,8,16,50,1,43.70354538,-79.37799029,St. Paul's (22),22,Mount Pleasant East (99),99,D53,Toronto East York,MILLWOOD RD,CLEVELAND ST, ,Collector,Intersection,At Intersection,Stop Sign,Clear,Dusk,Wet,Non-Fatal Injury,Angle,Vehicle Owner,unknown, ,0, ,Other, , , , , , , , , ,0,0,1,0,0,0,0,1,0,1,0,0,0,0
1274044,2011,11,8,16,50,1,43.70354538,-79.37799029,St. Paul's (22),22,Mount Pleasant East (99),99,D53,Toronto East York,MILLWOOD RD,CLEVELAND ST, ,Collector,Intersection,At Intersection,Stop Sign,Clear,Dusk,Wet,Non-Fatal Injury,Angle,Driver,40 to 44,,0,East,"Automobile, Station Wagon",Going Ahead,Driving Properly,Normal, , , , , , ,0,0,1,0,0,0,0,1,0,1,0,0,0,0
1274044,2011,11,8,16,50,1,43.70354538,-79.37799029,St. Paul's (22),22,Mount Pleasant East (99),99,D53,Toronto East York,MILLWOOD RD,CLEVELAND ST, ,Collector,Intersection,At Intersection,Stop Sign,Clear,Dusk,Wet,Non-Fatal Injury,Angle,Driver,45 to 49,Minimal,0,North,"Automobile, Station Wagon",Going Ahead,Failed to Yield Right of Way,Normal, , , , , , ,0,0,1,0,0,0,0,1,0,1,0,0,0,0
1386836,2013,10,11,16,50,4,43.77371939,-79.35331354,Don Valley East (33),33,Henry Farm (53),53,D33,North York,SHEPPARD Ave E,SHAUGHNESSY BLVD, ,Major Arterial,Intersection, ,Traffic Signal,Clear,Daylight,Dry,Non-Fatal Injury,Turning Movement,Driver,45 to 49,,0,East,"Automobile, Station Wagon",Turning Left,Failed to Yield Right of Way,Inattentive, , , , , , ,0,0,1,0,0,0,0,0,0,1,0,0,0,0
1386836,2013,10,11,16,50,4,43.77371939,-79.35331354,Don Valley East (33),33,Henry Farm (53),53,D33,North York,SHEPPARD Ave E,SHAUGHNESSY BLVD, ,Major Arterial,Intersection, ,Traffic Signal,Clear,Daylight,Dry,Non-Fatal Injury,Turning Movement,Driver,20 to 24,Major,0,West,"Automobile, Station Wagon",Going Ahead,Driving Properly,Normal, , , , , , ,0,0,1,0,0,0,0,0,0,1,0,0,0,0
3001013927,2013,11,21,16,50,3,43.646438200000006,-79.37678156,Toronto Centre-Rosedale (28),28,Waterfront Communities-The Island (77),77,D51,Toronto East York,YONGE ST,FRONT ST, ,Major Arterial,Mid-Block,Non Intersection,No Control,Clear,"Dusk, artificial",Dry,Non-Fatal Injury,Pedestrian Collisions,Driver,40 to 44,,0,North,"Automobile, Station Wagon",Slowing or Stopping,Driving Properly,Normal, , , , , , ,1,0,1,0,0,0,0,0,0,0,0,0,0,0
3001013927,2013,11,21,16,50,3,43.646438200000006,-79.37678156,Toronto Centre-Rosedale (28),28,Waterfront Communities-The Island (77),77,D51,Toronto East York,YONGE ST,FRONT ST, ,Major Arterial,Mid-Block,Non Intersection,No Control,Clear,"Dusk, artificial",Dry,Non-Fatal Injury,Pedestrian Collisions,Pedestrian,65 to 69,Major,0,West, , , , ,Pedestrian hit at mid-block,"Crossing, no Traffic Control",Inattentive, , , ,1,0,1,0,0,0,0,0,0,0,0,0,0,0
1020812,2008,2,5,16,51,1,43.67864538,-79.55159029,Etobicoke Centre (4),4,Willowridge-Martingrove-Richview (7),7,D23,Etobicoke York,KIPLING AVE,EGLINTON AVE W, ,Major Arterial,Mid-Block, ,No Control,Clear,Dusk,Dry,Non-Fatal Injury,Rear End,Driver,70 to 74,Major,0,South,"Automobile, Station Wagon",Slowing or Stopping,Driving Properly,Normal, , , , , , ,0,0,1,0,0,0,0,1,0,1,0,0,0,0
1020812,2008,2,5,16,51,1,43.67864538,-79.55159029,Etobicoke Centre (4),4,Willowridge-Martingrove-Richview (7),7,D23,Etobicoke York,KIPLING AVE,EGLINTON AVE W, ,Major Arterial,Mid-Block, ,No Control,Clear,Dusk,Dry,Non-Fatal Injury,Rear End,Passenger,50 to 54,Minimal,0, ,Other, , , , , , , , , ,0,0,1,0,0,0,0,1,0,1,0,0,0,0
1020812,2008,2,5,16,51,1,43.67864538,-79.55159029,Etobicoke Centre (4),4,Willowridge-Martingrove-Richview (7),7,D23,Etobicoke York,KIPLING AVE,EGLINTON AVE W, ,Major Arterial,Mid-Block, ,No Control,Clear,Dusk,Dry,Non-Fatal Injury,Rear End,Driver,30 to 34,Minimal,0,South,"Automobile, Station Wagon",Going Ahead,Following too Close,Normal, , , , , , ,0,0,1,0,0,0,0,1,0,1,0,0,0,0
1024000,2008,2,26,16,51,1,43.71514538,-79.50709029,York South-Weston (12),12,Rustic (28),28,D12,Etobicoke York,JANE ST,BLACK CR N JANE RAMP ST, ,Major Arterial,Mid-Block, ,No Control,Snow,Dark,Wet,Non-Fatal Injury,Pedestrian Collisions,Vehicle Owner,unknown, ,0, ,Other, , , , , , , , , ,1,0,1,0,0,0,0,0,0,1,0,0,0,0
1024000,2008,2,26,16,51,1,43.71514538,-79.50709029,York South-Weston (12),12,Rustic (28),28,D12,Etobicoke York,JANE ST,BLACK CR N JANE RAMP ST, ,Major Arterial,Mid-Block, ,No Control,Snow,Dark,Wet,Non-Fatal Injury,Pedestrian Collisions,Driver,35 to 39,,0,South,"Automobile, Station Wagon",Going Ahead,Failed to Yield Right of Way,Inattentive, , , , , , ,1,0,1,0,0,0,0,0,0,1,0,0,0,0
1024000,2008,2,26,16,51,1,43.71514538,-79.50709029,York South-Weston (12),12,Rustic (28),28,D12,Etobicoke York,JANE ST,BLACK CR N JANE RAMP ST, ,Major Arterial,Mid-Block, ,No Control,Snow,Dark,Wet,Non-Fatal Injury,Pedestrian Collisions,Pedestrian,0 to 4,Major,0, ,Other, , , ,Other / Undefined,Person Getting on/off Vehicle,Normal, , , ,1,0,1,0,0,0,0,0,0,1,0,0,0,0
6001622859,2016,9,12,16,51,0,43.80238302,-79.15428553,Scarborough East (44),44,Rouge (131),131,D42,Scarborough,SHEPPARD AVE E,VANDORF ST,1 m East of,Minor Arterial,Mid-Block,Non Intersection,No Control,Clear,Daylight,Dry,Non-Fatal Injury,Rear End,Driver,50 to 54,,0,East,"Automobile, Station Wagon",Changing Lanes,Improper Lane Change,Normal, , , , , , ,0,0,1,0,0,0,0,0,1,1,0,0,0,0
6001622859,2016,9,12,16,51,0,43.80238302,-79.15428553,Scarborough East (44),44,Rouge (131),131,D42,Scarborough,SHEPPARD AVE E,VANDORF ST,1 m East of,Minor Arterial,Mid-Block,Non Intersection,No Control,Clear,Daylight,Dry,Non-Fatal Injury,Rear End,Driver,55 to 59,Major,0,East,"Automobile, Station Wagon",Going Ahead,Speed too Fast For Condition,Normal, , , , , , ,0,0,1,0,0,0,0,0,1,1,0,0,0,0
7003228725,2017,12,19,16,51,1,43.70754238,-79.57821329,Etobicoke North (2),2,West Humber-Clairville (1),1,D23,Etobicoke York,MARTIN GROVE RD,BETHRIDGE RD, ,Major Arterial,Intersection,At Intersection,Traffic Signal,Clear,"Dark, artificial",Dry,Non-Fatal Injury,Angle,Driver,40 to 44,,0,East,"Automobile, Station Wagon",Going Ahead,Disobeyed Traffic Control,Inattentive, , , , , , ,0,0,1,0,0,0,0,1,0,1,1,0,0,0
7003228725,2017,12,19,16,51,1,43.70754238,-79.57821329,Etobicoke North (2),2,West Humber-Clairville (1),1,D23,Etobicoke York,MARTIN GROVE RD,BETHRIDGE RD, ,Major Arterial,Intersection,At Intersection,Traffic Signal,Clear,"Dark, artificial",Dry,Non-Fatal Injury,Angle,Driver,30 to 34,Major,0,North,"Automobile, Station Wagon",Going Ahead,Driving Properly,Normal, , , , , , ,0,0,1,0,0,0,0,1,0,1,1,0,0,0
7003228725,2017,12,19,16,51,1,43.70754238,-79.57821329,Etobicoke North (2),2,West Humber-Clairville (1),1,D23,Etobicoke York,MARTIN GROVE RD,BETHRIDGE RD, ,Major Arterial,Intersection,At Intersection,Traffic Signal,Clear,"Dark, artificial",Dry,Non-Fatal Injury,Angle,Passenger,0 to 4,Minimal,0, , , , , , , , , , , ,0,0,1,0,0,0,0,1,0,1,1,0,0,0
1060516,2008,9,23,16,52,1,43.68364538,-79.58019029,Etobicoke North (2),2,West Humber-Clairville (1),1,D23,Etobicoke York,HIGHWAY 27  S,DIXON RD, ,Major Arterial,Mid-Block, ,No Control,Clear,Daylight,Wet,Fatal,Approaching,Vehicle Owner,unknown, ,0, ,Other, , , , , , , , , ,0,0,1,0,1,0,0,0,0,0,0,0,0,1
1060516,2008,9,23,16,52,1,43.68364538,-79.58019029,Etobicoke North (2),2,West Humber-Clairville (1),1,D23,Etobicoke York,HIGHWAY 27  S,DIXON RD, ,Major Arterial,Mid-Block, ,No Control,Clear,Daylight,Wet,Fatal,Approaching,Truck Driver,35 to 39,Minor,0,South,Truck - Open,Going Ahead,Driving Properly,Normal, , , , , , ,0,0,1,0,1,0,0,0,0,0,0,0,0,1
1060516,2008,9,23,16,52,1,43.68364538,-79.58019029,Etobicoke North (2),2,West Humber-Clairville (1),1,D23,Etobicoke York,HIGHWAY 27  S,DIXON RD, ,Major Arterial,Mid-Block, ,No Control,Clear,Daylight,Wet,Fatal,Approaching,Vehicle Owner,unknown, ,0, ,Other, , , , , , , , , ,0,0,1,0,1,0,0,0,0,0,0,0,0,1
1060516,2008,9,23,16,52,1,43.68364538,-79.58019029,Etobicoke North (2),2,West Humber-Clairville (1),1,D23,Etobicoke York,HIGHWAY 27  S,DIXON RD, ,Major Arterial,Mid-Block, ,No Control,Clear,Daylight,Wet,Fatal,Approaching,Driver,25 to 29,Fatal,41,North,"Automobile, Station Wagon",Pulling Away from Shoulder or Curb,Lost control,Unknown, , , , , , ,0,0,1,0,1,0,0,0,0,0,0,0,0,1
5001077682,2015,6,26,16,52,4,43.77371939,-79.35331354,Don Valley East (33),33,Henry Farm (53),53,D33,North York,SHEPPARD AVE E,SHAUGHNESSY BLVD,5 m West of,Major Arterial,Intersection,Intersection Related,Traffic Signal,Clear,Daylight,Dry,Non-Fatal Injury,Turning Movement,Motorcycle Driver,60 to 64,Major,0,West,Motorcycle,Turning Left,Improper Turn,Normal, , , , , , ,0,0,1,1,0,0,0,1,0,0,0,0,0,0