ACCNUM,YEAR,MONTH,DAY,HOUR,MINUTES,WEEKDAY,LATITUDE,LONGITUDE,Ward_Name,Ward_ID,Hood_Name,Hood_ID,Division,District,STREET1,STREET2,OFFSET,ROAD_CLASS,LOCCOORD,ACCLOC,TRAFFCTL,VISIBILITY,LIGHT,RDSFCOND,ACCLASS,IMPACTYPE,INVTYPE,INVAGE,INJURY,FATAL_NO,INITDIR,VEHTYPE,MANOEUVER,DRIVACT,DRIVCOND,PEDTYPE,PEDACT,PEDCOND,CYCLISTYPE,CYCACT,CYCCOND,PEDESTRIAN,CYCLIST,AUTOMOBILE,MOTORCYCLE,TRUCK,TRSN_CITY_VEH,EMERG_VEH,PASSENGER,SPEEDING,AG_DRIV,REDLIGHT,ALCOHOL,DISABILITY,label
1140739,2009,11,9,12,55,0,43.65044538,-79.38869029,Trinity-Spadina (20),20,Kensington-Chinatown (78),78,D52,Toronto East York,QUEEN Stre W,ST PATRICK Stre, ,Major Arterial,Intersection,At Intersection,Traffic Signal,Clear,Daylight,Dry,Non-Fatal Injury,Pedestrian Collisions,Pedestrian,35 to 39,Major,0,North,Other, , , ,Vehicle is going straight thru inter.while ped cross without ROW,Crossing without right of way,Inattentive, , , ,1,1,0,0,0,0,0,0,0,0,0,0,0,0
1140739,2009,11,9,12,55,0,43.65044538,-79.38869029,Trinity-Spadina (20),20,Kensington-Chinatown (78),78,D52,Toronto East York,QUEEN Stre W,ST PATRICK Stre, ,Major Arterial,Intersection,At Intersection,Traffic Signal,Clear,Daylight,Dry,Non-Fatal Injury,Pedestrian Collisions,Cyclist,25 to 29,Minimal,0,East,Bicycle,Going Ahead, , , , , ,Cyclist strikes pedestrian.,Driving Properly,Normal,1,1,0,0,0,0,0,0,0,0,0,0,0,0
4001467875,2014,2,4,12,55,1,43.72812613,-79.57464991,Etobicoke North (2),2,Rexdale-Kipling (4),4,D23,Etobicoke York,KIPLING AVE,WESTHUMBER BLVD, ,Major Arterial,Intersection,At Intersection,Traffic Signal,Clear,Daylight,Dry,Non-Fatal Injury,Pedestrian Collisions,Driver,35 to 39,,0,West,"Automobile, Station Wagon",Going Ahead,Driving Properly,Normal, , , , , , ,1,0,1,0,0,0,0,0,0,1,1,1,0,0
4001467875,2014,2,4,12,55,1,43.72812613,-79.57464991,Etobicoke North (2),2,Rexdale-Kipling (4),4,D23,Etobicoke York,KIPLING AVE,WESTHUMBER BLVD, ,Major Arterial,Intersection,At Intersection,Traffic Signal,Clear,Daylight,Dry,Non-Fatal Injury,Pedestrian Collisions,Driver,60 to 64,,0,South,"Automobile, Station Wagon",Going Ahead,Disobeyed Traffic Control,"Ability Impaired, Alcohol Over .08", , , , , , ,1,0,1,0,0,0,0,0,0,1,1,1,0,0
4001467875,2014,2,4,12,55,1,43.72812613,-79.57464991,Etobicoke North (2),2,Rexdale-Kipling (4),4,D23,Etobicoke York,KIPLING AVE,WESTHUMBER BLVD, ,Major Arterial,Intersection,At Intersection,Traffic Signal,Clear,Daylight,Dry,Non-Fatal Injury,Pedestrian Collisions,Pedestrian,25 to 29,Major,0,East, , , , ,Vehicle is going straight thru inter.while ped cross with ROW,Crossing with right of way,Normal, , , ,1,0,1,0,0,0,0,0,0,1,1,1,0,0
4003101857,2014,10,14,12,55,1,43.7694126,-79.28224573,Scarborough-Agincourt (40),40,Dorset Park (126),126,D41,Scarborough,KENNEDY RD,GLAMORGAN AVE, ,Major Arterial,Intersection,At Intersection,Traffic Signal,Clear,Daylight,Wet,Non-Fatal Injury,Turning Movement,Driver,45 to 49,,0,North,"Automobile, Station Wagon",Turning Left,Failed to Yield Right of Way,Inattentive, , , , , , ,0,0,1,1,0,0,0,0,0,1,0,0,0,0
4003101857,2014,10,14,12,55,1,43.7694126,-79.28224573,Scarborough-Agincourt (40),40,Dorset Park (126),126,D41,Scarborough,KENNEDY RD,GLAMORGAN AVE, ,Major Arterial,Intersection,At Intersection,Traffic Signal,Clear,Daylight,Wet,Non-Fatal Injury,Turning Movement,Motorcycle Driver,50 to 54,Major,0,South,Motorcycle,Going Ahead,Driving Properly,Normal, , , , , , ,0,0,1,1,0,0,0,0,0,1,0,0,0,0
5000935132,2015,6,4,12,55,3,43.65108069,-79.33904658,Toronto-Danforth (30),30,South Riverdale (70),70,D55,Toronto East York,COMMISSIONERS ST,BOUCHETTE ST,80 m East of,Collector,Mid-Block,Non Intersection,No Control,Clear,Daylight,Dry,Non-Fatal Injury,SMV Other,Driver,45 to 49,Major,0,East,"Automobile, Station Wagon",Changing Lanes,Exceeding Speed Limit,Inattentive, , , , , , ,0,0,1,0,0,0,0,0,1,1,0,0,0,0
6000375289,2016,3,3,12,55,3,43.79513891,-79.34125147,Don Valley East (33),33,Pleasant View (46),46,D33,North York,GORDON BAKER RD,FINCH AVE E,11 m West of,Local,Intersection,Intersection Related,Traffic Signal,Clear,Daylight,Dry,Non-Fatal Injury,Approaching,Driver,45 to 49,Major,0,East,"Automobile, Station Wagon",Going Ahead,Lost control,Unknown, , , , , , ,0,0,1,0,0,0,0,1,0,0,0,0,0,0
6000375289,2016,3,3,12,55,3,43.79513891,-79.34125147,Don Valley East (33),33,Pleasant View (46),46,D33,North York,GORDON BAKER RD,FINCH AVE E,11 m West of,Local,Intersection,Intersection Related,Traffic Signal,Clear,Daylight,Dry,Non-Fatal Injury,Approaching,Driver,60 to 64,Minor,0,West,"Automobile, Station Wagon",Going Ahead,Driving Properly,Normal, , , , , , ,0,0,1,0,0,0,0,1,0,0,0,0,0,0
6000375289,2016,3,3,12,55,3,43.79513891,-79.34125147,Don Valley East (33),33,Pleasant View (46),46,D33,North York,GORDON BAKER RD,FINCH AVE E,11 m West of,Local,Intersection,Intersection Related,Traffic Signal,Clear,Daylight,Dry,Non-Fatal Injury,Approaching,Driver,80 to 84,Minor,0,West,"Automobile, Station Wagon",Stopped,Driving Properly,Normal, , , , , , ,0,0,1,0,0,0,0,1,0,0,0,0,0,0
6000375289,2016,3,3,12,55,3,43.79513891,-79.34125147,Don Valley East (33),33,Pleasant View (46),46,D33,North York,GORDON BAKER RD,FINCH AVE E,11 m West of,Local,Intersection,Intersection Related,Traffic Signal,Clear,Daylight,Dry,Non-Fatal Injury,Approaching,Passenger,65 to 69,Minor,0, , , , , , , , , , , ,0,0,1,0,0,0,0,1,0,0,0,0,0,0
7001415080,2017,8,6,12,55,6,43.67037161,-79.43984614,Davenport (17),17,Dovercourt-Wallace Emerson-Junction (93),93,D13,Etobicoke York,DUFFERIN ST,BRANDON AVE,18 m South of BRANDON AV,Major Arterial,Intersection,Intersection Related,No Control,Clear,Daylight,Dry,Non-Fatal Injury,Turning Movement,Driver,55 to 59,,0,South,"Automobile, Station Wagon",Turning Left,Failed to Yield Right of Way,Normal, , , , , , ,0,0,1,1,0,0,0,0,1,1,0,0,0,0
7001415080,2017,8,6,12,55,6,43.67037161,-79.43984614,Davenport (17),17,Dovercourt-Wallace Emerson-Junction (93),93,D13,Etobicoke York,DUFFERIN ST,BRANDON AVE,18 m South of BRANDON AV,Major Arterial,Intersection,Intersection Related,No Control,Clear,Daylight,Dry,Non-Fatal Injury,Turning Movement,Motorcycle Driver,40 to 44,Major,0,North,Motorcycle,Going Ahead,Driving Properly,Normal, , , , , , ,0,0,1,1,0,0,0,0,1,1,0,0,0,0
7001733942,2017,9,24,12,55,6,43.69868838,-79.45126729,Eglinton-Lawrence (15),15,Briar Hill-Belgravia (108),108,D13,North York,DUFFERIN ST,HOPEWELL AVE,1 m South of,Local,Intersection,Intersection Related,Stop Sign,Clear,Daylight,Dry,Non-Fatal Injury,Cyclist Collisions,Cyclist,30 to 34,Major,0,South,Bicycle,Going Ahead, , , , , , ,Failed to Yield Right of Way,Normal,0,1,1,0,0,0,0,0,0,0,0,0,0,0
7001733942,2017,9,24,12,55,6,43.69868838,-79.45126729,Eglinton-Lawrence (15),15,Briar Hill-Belgravia (108),108,D13,North York,DUFFERIN ST,HOPEWELL AVE,1 m South of,Local,Intersection,Intersection Related,Stop Sign,Clear,Daylight,Dry,Non-Fatal Injury,Cyclist Collisions,Driver,60 to 64,,0,West,"Automobile, Station Wagon",Turning Right,Driving Properly,Normal, , , , , , ,0,1,1,0,0,0,0,0,0,0,0,0,0,0
1113047,2009,6,2,12,56,1,43.67054538,-79.48809029,York South-Weston (11),11,Rockcliffe-Smythe (111),111,D12,Etobicoke York,PRITCHARD Aven,MOULD Aven, ,Local,Intersection,At Intersection,Stop Sign,Clear,Daylight,Dry,Non-Fatal Injury,Pedestrian Collisions,In-Line Skater,15 to 19,Major,0,West,Other,Going Ahead, , ,Other / Undefined,Crossing with right of way,Normal, , , ,1,0,0,0,0,0,0,0,0,0,0,0,0,0
1249034,2011,6,19,12,56,6,43.67744538,-79.40809029,St. Paul's (22),22,Casa Loma (96),96,D53,Toronto East York,SPADINA Road,DAVENPORT Road, ,Minor Arterial,Intersection, ,Traffic Signal,Clear,Daylight,Dry,Non-Fatal Injury,SMV Other,Passenger,60 to 64,Major,0, ,Other, , , , , , , , , ,0,0,1,0,0,0,0,1,0,0,0,0,0,0
1249034,2011,6,19,12,56,6,43.67744538,-79.40809029,St. Paul's (22),22,Casa Loma (96),96,D53,Toronto East York,SPADINA Road,DAVENPORT Road, ,Minor Arterial,Intersection, ,Traffic Signal,Clear,Daylight,Dry,Non-Fatal Injury,SMV Other,Passenger,25 to 29,Minor,0, ,Other, , , , , , , , , ,0,0,1,0,0,0,0,1,0,0,0,0,0,0
1249034,2011,6,19,12,56,6,43.67744538,-79.40809029,St. Paul's (22),22,Casa Loma (96),96,D53,Toronto East York,SPADINA Road,DAVENPORT Road, ,Minor Arterial,Intersection, ,Traffic Signal,Clear,Daylight,Dry,Non-Fatal Injury,SMV Other,Driver,45 to 49,Minor,0,East,"Automobile, Station Wagon",Turning Right,Lost control,Normal, , , , , , ,0,0,1,0,0,0,0,1,0,0,0,0,0,0
1249034,2011,6,19,12,56,6,43.67744538,-79.40809029,St. Paul's (22),22,Casa Loma (96),96,D53,Toronto East York,SPADINA Road,DAVENPORT Road, ,Minor Arterial,Intersection, ,Traffic Signal,Clear,Daylight,Dry,Non-Fatal Injury,SMV Other,Other Property Owner,unknown, ,0, ,Other, , , , , , , , , ,0,0,1,0,0,0,0,1,0,0,0,0,0,0
5000678140,2015,4,24,12,56,4,43.67539175,-79.35807429,Toronto-Danforth (30),30,North Riverdale (68),68,D55,Toronto East York,BROADVIEW AVE,DEARBOURNE AVE,6 m South of,Minor Arterial,Intersection,Intersection Related,Stop Sign,Clear,Daylight,Dry,Non-Fatal Injury,Pedestrian Collisions,Driver,60 to 64,,0,West,"Automobile, Station Wagon",Turning Left,Failed to Yield Right of Way,Normal, , , , , , ,1,0,1,0,0,0,0,0,0,1,0,0,0,0
5000678140,2015,4,24,12,56,4,43.67539175,-79.35807429,Toronto-Danforth (30),30,North Riverdale (68),68,D55,Toronto East York,BROADVIEW AVE,DEARBOURNE AVE,6 m South of,Minor Arterial,Intersection,Intersection Related,Stop Sign,Clear,Daylight,Dry,Non-Fatal Injury,Pedestrian Collisions,Pedestrian,90 to 94,Major,0,East, , , , ,Vehicle turns left while ped crosses with ROW at inter.,"Crossing, no Traffic Control",Normal, , , ,1,0,1,0,0,0,0,0,0,1,0,0,0,0
1113420,2009,6,4,12,58,3,43.77544538,-79.43499029,Willowdale (23),23,Willowdale West (37),37,D32,North York,FINCH Aven W,CLARKHILL Stre, ,Major Arterial,Intersection,At Intersection,Stop Sign,Clear,Daylight,Dry,Non-Fatal Injury,Turning Movement,Motorcycle Driver,45 to 49,Major,0,West,Motorcycle,Going Ahead,Driving Properly,Normal, , , , , , ,0,0,1,1,0,0,0,0,0,0,0,0,0,0
1113420,2009,6,4,12,58,3,43.77544538,-79.43499029,Willowdale (23),23,Willowdale West (37),37,D32,North York,FINCH Aven W,CLARKHILL Stre, ,Major Arterial,Intersection,At Intersection,Stop Sign,Clear,Daylight,Dry,Non-Fatal Injury,Turning Movement,Vehicle Owner,unknown, ,0, ,Other, , , , , , , , , ,0,0,1,1,0,0,0,0,0,0,0,0,0,0
1113420,2009,6,4,12,58,3,43.77544538,-79.43499029,Willowdale (23),23,Willowdale West (37),37,D32,North York,FINCH Aven W,CLARKHILL Stre, ,Major Arterial,Intersection,At Intersection,Stop Sign,Clear,Daylight,Dry,Non-Fatal Injury,Turning Movement,Driver,65 to 69,,0,East,"Automobile, Station Wagon",Making U Turn,Improper Turn,Normal, , , , , , ,0,0,1,1,0,0,0,0,0,0,0,0,0,0
1363450,2013,5,12,12,58,6,43.69716604,-79.27482996,Scarborough Southwest (35),35,Oakridge (121),121,D41,Scarborough,WARDEN AVE,DANFORTH RD, ,Minor Arterial,Intersection,At Intersection,Traffic Signal,Rain,Daylight,Wet,Non-Fatal Injury,Approaching,Driver,50 to 54,Minor,0,South,"Automobile, Station Wagon",Changing Lanes,Lost control,Unknown, , , , , , ,0,0,1,0,0,0,0,1,0,0,0,0,0,0
1363450,2013,5,12,12,58,6,43.69716604,-79.27482996,Scarborough Southwest (35),35,Oakridge (121),121,D41,Scarborough,WARDEN AVE,DANFORTH RD, ,Minor Arterial,Intersection,At Intersection,Traffic Signal,Rain,Daylight,Wet,Non-Fatal Injury,Approaching,Passenger,50 to 54,Minor,0, ,Other, , , , , , , , , ,0,0,1,0,0,0,0,1,0,0,0,0,0,0
1363450,2013,5,12,12,58,6,43.69716604,-79.27482996,Scarborough Southwest (35),35,Oakridge (121),121,D41,Scarborough,WARDEN AVE,DANFORTH RD, ,Minor Arterial,Intersection,At Intersection,Traffic Signal,Rain,Daylight,Wet,Non-Fatal Injury,Approaching,Passenger,5 to 9,Minimal,0, ,Other, , , , , , , , , ,0,0,1,0,0,0,0,1,0,0,0,0,0,0
1363450,2013,5,12,12,58,6,43.69716604,-79.27482996,Scarborough Southwest (35),35,Oakridge (121),121,D41,Scarborough,WARDEN AVE,DANFORTH RD, ,Minor Arterial,Intersection,At Intersection,Traffic Signal,Rain,Daylight,Wet,Non-Fatal Injury,Approaching,Passenger,5 to 9,Minor,0, ,Other, , , , , , , , , ,0,0,1,0,0,0,0,1,0,0,0,0,0,0
1363450,2013,5,12,12,58,6,43.69716604,-79.27482996,Scarborough Southwest (35),35,Oakridge (121),121,D41,Scarborough,WARDEN AVE,DANFORTH RD, ,Minor Arterial,Intersection,At Intersection,Traffic Signal,Rain,Daylight,Wet,Non-Fatal Injury,Approaching,Passenger,5 to 9,Minor,0, ,Other, , , , , , , , , ,0,0,1,0,0,0,0,1,0,0,0,0,0,0
1363450,2013,5,12,12,58,6,43.69716604,-79.27482996,Scarborough Southwest (35),35,Oakridge (121),121,D41,Scarborough,WARDEN AVE,DANFORTH RD, ,Minor Arterial,Intersection,At Intersection,Traffic Signal,Rain,Daylight,Wet,Non-Fatal Injury,Approaching,Passenger,45 to 49,Major,0, ,Other, , , , , , , , , ,0,0,1,0,0,0,0,1,0,0,0,0,0,0
1363450,2013,5,12,12,58,6,43.69716604,-79.27482996,Scarborough Southwest (35),35,Oakridge (121),121,D41,Scarborough,WARDEN AVE,DANFORTH RD, ,Minor Arterial,Intersection,At Intersection,Traffic Signal,Rain,Daylight,Wet,Non-Fatal Injury,Approaching,Passenger,10 to 14,Minor,0, ,Other, , , , , , , , , ,0,0,1,0,0,0,0,1,0,0,0,0,0,0
1363450,2013,5,12,12,58,6,43.69716604,-79.27482996,Scarborough Southwest (35),35,Oakridge (121),121,D41,Scarborough,WARDEN AVE,DANFORTH RD, ,Minor Arterial,Intersection,At Intersection,Traffic Signal,Rain,Daylight,Wet,Non-Fatal Injury,Approaching,Driver,50 to 54,Minimal,0,North,"Automobile, Station Wagon",Going Ahead,Driving Properly,Normal, , , , , , ,0,0,1,0,0,0,0,1,0,0,0,0,0,0
1214567,2011,1,24,13,0,0,43.75154538,-79.54479029,York West (7),7,Humbermede (22),22,D31,Etobicoke York,2372 FINCH AVE W, , ,Major Arterial,Mid-Block, ,No Control,Clear,Daylight,Wet,Non-Fatal Injury,Turning Movement,Passenger,35 to 39,Minor,0, ,Other, , , , , , , , , ,0,0,1,0,0,0,0,1,1,1,0,0,0,0
1214567,2011,1,24,13,0,0,43.75154538,-79.54479029,York West (7),7,Humbermede (22),22,D31,Etobicoke York,2372 FINCH AVE W, , ,Major Arterial,Mid-Block, ,No Control,Clear,Daylight,Wet,Non-Fatal Injury,Turning Movement,Passenger,55 to 59,Minor,0, ,Other, , , , , , , , , ,0,0,1,0,0,0,0,1,1,1,0,0,0,0
1214567,2011,1,24,13,0,0,43.75154538,-79.54479029,York West (7),7,Humbermede (22),22,D31,Etobicoke York,2372 FINCH AVE W, , ,Major Arterial,Mid-Block, ,No Control,Clear,Daylight,Wet,Non-Fatal Injury,Turning Movement,Driver,70 to 74,Major,0,South,"Automobile, Station Wagon",Turning Left,Failed to Yield Right of Way,Normal, , , , , , ,0,0,1,0,0,0,0,1,1,1,0,0,0,0
1214567,2011,1,24,13,0,0,43.75154538,-79.54479029,York West (7),7,Humbermede (22),22,D31,Etobicoke York,2372 FINCH AVE W, , ,Major Arterial,Mid-Block, ,No Control,Clear,Daylight,Wet,Non-Fatal Injury,Turning Movement,Driver,45 to 49,Minor,0,West,"Automobile, Station Wagon",Going Ahead,Driving Properly,Normal, , , , , , ,0,0,1,0,0,0,0,1,1,1,0,0,0,0
1261623,2011,10,12,13,0,2,43.65114538,-79.47629029,Parkdale-High Park (13),13,High Park North (88),88,D11,Etobicoke York,BLOOR Stre W,RUNNYMEDE Road, ,Major Arterial, , ,No Control,Clear,Daylight,Other,Non-Fatal Injury,Pedestrian Collisions,Driver,unknown,,0, ,"Automobile, Station Wagon",Going Ahead, , , , , , , , ,1,0,1,0,0,0,0,0,0,0,0,0,0,0
1261623,2011,10,12,13,0,2,43.65114538,-79.47629029,Parkdale-High Park (13),13,High Park North (88),88,D11,Etobicoke York,BLOOR Stre W,RUNNYMEDE Road, ,Major Arterial, , ,No Control,Clear,Daylight,Other,Non-Fatal Injury,Pedestrian Collisions,Pedestrian,unknown,Major,0, ,Other,Other, , , , , , , , ,1,0,1,0,0,0,0,0,0,0,0,0,0,0
1311498,2012,7,20,13,0,4,43.63954538,-79.38269029,Trinity-Spadina (20),20,Waterfront Communities-The Island (77),77,D52,Toronto East York,QUEENS QUAY W,LOWER SIMCOE ST, ,Minor Arterial,Intersection,At Intersection,Traffic Signal,Clear,Daylight,Dry,Non-Fatal Injury,Rear End,Passenger,25 to 29,Minimal,0, ,Other, , , , , , , , , ,0,0,0,0,0,1,0,1,0,0,0,0,0,0
1311498,2012,7,20,13,0,4,43.63954538,-79.38269029,Trinity-Spadina (20),20,Waterfront Communities-The Island (77),77,D52,Toronto East York,QUEENS QUAY W,LOWER SIMCOE ST, ,Minor Arterial,Intersection,At Intersection,Traffic Signal,Clear,Daylight,Dry,Non-Fatal Injury,Rear End,Passenger,10 to 14,Minor,0, ,Other, , , , , , , , , ,0,0,0,0,0,1,0,1,0,0,0,0,0,0
1311498,2012,7,20,13,0,4,43.63954538,-79.38269029,Trinity-Spadina (20),20,Waterfront Communities-The Island (77),77,D52,Toronto East York,QUEENS QUAY W,LOWER SIMCOE ST, ,Minor Arterial,Intersection,At Intersection,Traffic Signal,Clear,Daylight,Dry,Non-Fatal Injury,Rear End,Passenger,55 to 59,Minimal,0, ,Other, , , , , , , , , ,0,0,0,0,0,1,0,1,0,0,0,0,0,0
1311498,2012,7,20,13,0,4,43.63954538,-79.38269029,Trinity-Spadina (20),20,Waterfront Communities-The Island (77),77,D52,Toronto East York,QUEENS QUAY W,LOWER SIMCOE ST, ,Minor Arterial,Intersection,At Intersection,Traffic Signal,Clear,Daylight,Dry,Non-Fatal Injury,Rear End,Passenger,35 to 39,Minimal,0, ,Other, , , , , , , , , ,0,0,0,0,0,1,0,1,0,0,0,0,0,0
1311498,2012,7,20,13,0,4,43.63954538,-79.38269029,Trinity-Spadina (20),20,Waterfront Communities-The Island (77),77,D52,Toronto East York,QUEENS QUAY W,LOWER SIMCOE ST, ,Minor Arterial,Intersection,At Intersection,Traffic Signal,Clear,Daylight,Dry,Non-Fatal Injury,Rear End,Passenger,30 to 34,Minimal,0, ,Other, , , , , , , , , ,0,0,0,0,0,1,0,1,0,0,0,0,0,0
1311498,2012,7,20,13,0,4,43.63954538,-79.38269029,Trinity-Spadina (20),20,Waterfront Communities-The Island (77),77,D52,Toronto East York,QUEENS QUAY W,LOWER SIMCOE ST, ,Minor Arterial,Intersection,At Intersection,Traffic Signal,Clear,Daylight,Dry,Non-Fatal Injury,Rear End,Passenger,25 to 29,Minimal,0, ,Other, , , , , , , , , ,0,0,0,0,0,1,0,1,0,0,0,0,0,0
1059535,2008,8,29,13,33,4,43.65714538,-79.47879029,Parkdale-High Park (13),13,High Park North (88),88,D11,Etobicoke York,RUNNYMEDE RD,GLENWOOD AVE, ,Minor Arterial,Mid-Block,At Intersection,No Control,Clear,Daylight,Dry,Non-Fatal Injury,Cyclist Collisions,Driver,80 to 84,,0,North,"Automobile, Station Wagon",Going Ahead,Failed to Yield Right of Way,Normal, , , , , , ,0,1,1,0,0,0,0,0,0,1,0,0,0,0
7000948522,2017,5,29,13,43,0,43.69281338,-79.44088329,Eglinton-Lawrence (15),15,Oakwood Village (107),107,D13,North York,BELVIDERE AVE,OAKWOOD AVE, ,Minor Arterial,Intersection,At Intersection,Traffic Signal,Clear,Daylight,Dry,Non-Fatal Injury,Turning Movement,Motorcycle Driver,35 to 39,Major,0,South,Motorcycle,Going Ahead,Driving Properly,Normal, , , , , , ,0,0,1,1,0,0,0,0,0,0,0,0,0,0
1059535,2008,8,29,13,33,4,43.65714538,-79.47879029,Parkdale-High Park (13),13,High Park North (88),88,D11,Etobicoke York,RUNNYMEDE RD,GLENWOOD AVE, ,Minor Arterial,Mid-Block,At Intersection,No Control,Clear,Daylight,Dry,Non-Fatal Injury,Cyclist Collisions,Cyclist,60 to 64,Major,0,North,Bicycle,Going Ahead, , , , , ,Cyclist and Driver travelling in same direction. One vehicle rear-ended the other.,Driving Properly,Normal,0,1,1,0,0,0,0,0,0,1,0,0,0,0
1279672,2012,2,8,13,7,2,43.66754538,-79.34279029,Toronto-Danforth (30),30,South Riverdale (70),70,D55,Toronto East York,CARLAW Aven,GERRARD Stre E, ,Minor Arterial,Intersection,At Intersection,Traffic Signal,Clear,Daylight,Dry,Non-Fatal Injury,Turning Movement,Passenger,65 to 69,Major,0, ,Other, , , , , , , , , ,0,0,1,0,0,0,0,1,1,1,0,0,0,0
1172452,2010,4,29,13,33,3,43.65654538,-79.38799029,Toronto Centre-Rosedale (27),27,Bay Street Corridor (76),76,D52,Toronto East York,ELM ST,UNIVERSITY AVE, ,Collector,Mid-Block,At Intersection,No Control,Clear,Daylight,Dry,Non-Fatal Injury,Cyclist Collisions,Driver,30 to 34,,0,West,"Automobile, Station Wagon",Overtaking,Improper Passing,Inattentive, , , , , , ,0,1,1,0,0,0,0,0,0,1,0,0,0,0
1172452,2010,4,29,13,33,3,43.65654538,-79.38799029,Toronto Centre-Rosedale (27),27,Bay Street Corridor (76),76,D52,Toronto East York,ELM ST,UNIVERSITY AVE, ,Collector,Mid-Block,At Intersection,No Control,Clear,Daylight,Dry,Non-Fatal Injury,Cyclist Collisions,Cyclist,25 to 29,Major,0,West,Bicycle,Going Ahead, , , , , ,Cyclist and Driver travelling in same direction. One vehicle rear-ended the other.,Driving Properly,Normal,0,1,1,0,0,0,0,0,0,1,0,0,0,0
948249,2007,1,3,13,35,2,43.65494538,-79.33739029,Toronto-Danforth (30),30,South Riverdale (70),70,D55,Toronto East York,LAKE SHORE Blvd E,CARLAW Ave, ,Major Arterial,Intersection,At Intersection,Traffic Signal,Clear,Daylight,Dry,Non-Fatal Injury,Rear End,Driver,80 to 84,Major,0,East,"Automobile, Station Wagon",Going Ahead,Following too Close,Inattentive, , , , , , ,0,0,1,0,0,0,0,0,0,1,0,0,0,0
948249,2007,1,3,13,35,2,43.65494538,-79.33739029,Toronto-Danforth (30),30,South Riverdale (70),70,D55,Toronto East York,LAKE SHORE Blvd E,CARLAW Ave, ,Major Arterial,Intersection,At Intersection,Traffic Signal,Clear,Daylight,Dry,Non-Fatal Injury,Rear End,Vehicle Owner,unknown,,0, ,Other, , , , , , , , , ,0,0,1,0,0,0,0,0,0,1,0,0,0,0
948249,2007,1,3,13,35,2,43.65494538,-79.33739029,Toronto-Danforth (30),30,South Riverdale (70),70,D55,Toronto East York,LAKE SHORE Blvd E,CARLAW Ave, ,Major Arterial,Intersection,At Intersection,Traffic Signal,Clear,Daylight,Dry,Non-Fatal Injury,Rear End,Driver,30 to 34,Minor,0,East,"Automobile, Station Wagon",Stopped,Driving Properly,Normal, , , , , , ,0,0,1,0,0,0,0,0,0,1,0,0,0,0
1251014,2011,8,6,13,35,5,43.68984538,-79.46859029,York South-Weston (12),12,Keelesdale-Eglinton West (110),110,D12,Etobicoke York,60 LACEY AVE,CAMERON Aven, ,Local,Mid-Block, ,No Control,Clear,Daylight,Dry,Non-Fatal Injury,Cyclist Collisions,Driver,unknown,,0,North,"Automobile, Station Wagon",Going Ahead,Other,Normal, , , , , , ,0,1,1,0,0,0,0,0,0,0,0,0,0,0
1251014,2011,8,6,13,35,5,43.68984538,-79.46859029,York South-Weston (12),12,Keelesdale-Eglinton West (110),110,D12,Etobicoke York,60 LACEY AVE,CAMERON Aven, ,Local,Mid-Block, ,No Control,Clear,Daylight,Dry,Non-Fatal Injury,Cyclist Collisions,Cyclist,10 to 14,Major,0,South,Bicycle,Going Ahead, , , , , ,Insufficient information (to determine cyclist crash type).,Driving Properly,Normal,0,1,1,0,0,0,0,0,0,0,0,0,0,0
1339150,2012,12,12,13,35,2,43.77384538,-79.52919029,York West (8),8,Black Creek (24),24,D31,North York,2800 STEELES AVE W, , ,Major Arterial,Mid-Block, ,No Control,"Fog, Mist, Smoke, Dust",Daylight,Dry,Non-Fatal Injury,Approaching,Vehicle Owner,unknown, ,0, ,Other, , , , , , , , , ,0,0,1,0,1,0,0,0,0,0,0,0,0,0
1339150,2012,12,12,13,35,2,43.77384538,-79.52919029,York West (8),8,Black Creek (24),24,D31,North York,2800 STEELES AVE W, , ,Major Arterial,Mid-Block, ,No Control,"Fog, Mist, Smoke, Dust",Daylight,Dry,Non-Fatal Injury,Approaching,Truck Driver,45 to 49,,0,West,Truck - Open,Going Ahead,Driving Properly,Normal, , , , , , ,0,0,1,0,1,0,0,0,0,0,0,0,0,0
1339150,2012,12,12,13,35,2,43.77384538,-79.52919029,York West (8),8,Black Creek (24),24,D31,North York,2800 STEELES AVE W, , ,Major Arterial,Mid-Block, ,No Control,"Fog, Mist, Smoke, Dust",Daylight,Dry,Non-Fatal Injury,Approaching,Driver,60 to 64,Major,0,East,"Automobile, Station Wagon",Going Ahead,Lost control,Inattentive, , , , , , ,0,0,1,0,1,0,0,0,0,0,0,0,0,0
1339150,2012,12,12,13,35,2,43.77384538,-79.52919029,York West (8),8,Black Creek (24),24,D31,North York,2800 STEELES AVE W, , ,Major Arterial,Mid-Block, ,No Control,"Fog, Mist, Smoke, Dust",Daylight,Dry,Non-Fatal Injury,Approaching,Vehicle Owner,unknown, ,0, ,Other, , , , , , , , , ,0,0,1,0,1,0,0,0,0,0,0,0,0,0
1382904,2013,8,20,13,35,1,43.63731726,-79.39713679,Trinity-Spadina (20),20,Waterfront Communities-The Island (77),77,D14,Toronto East York,DAN LECKIE WAY,LAKE SHORE BLVD W, ,Major Arterial,Intersection,At Intersection,Traffic Signal,Clear,Daylight,Dry,Non-Fatal Injury,Pedestrian Collisions,Driver,40 to 44,,0,South,"Automobile, Station Wagon",Turning Right,Failed to Yield Right of Way,Normal, , , , , , ,1,0,1,0,0,0,0,0,0,1,0,0,0,0