ACCNUM,YEAR,MONTH,DAY,HOUR,MINUTES,WEEKDAY,LATITUDE,LONGITUDE,Ward_Name,Ward_ID,Hood_Name,Hood_ID,Division,District,STREET1,STREET2,OFFSET,ROAD_CLASS,LOCCOORD,ACCLOC,TRAFFCTL,VISIBILITY,LIGHT,RDSFCOND,ACCLASS,IMPACTYPE,INVTYPE,INVAGE,INJURY,FATAL_NO,INITDIR,VEHTYPE,MANOEUVER,DRIVACT,DRIVCOND,PEDTYPE,PEDACT,PEDCOND,CYCLISTYPE,CYCACT,CYCCOND,PEDESTRIAN,CYCLIST,AUTOMOBILE,MOTORCYCLE,TRUCK,TRSN_CITY_VEH,EMERG_VEH,PASSENGER,SPEEDING,AG_DRIV,REDLIGHT,ALCOHOL,DISABILITY,label
5001126666,2015,7,4,13,40,5,43.7951351,-79.34125909999999,Don Valley East (33),33,Pleasant View (46),46,D33,North York,FINCH AVE E,GORDON BAKER RD,10 m West of,Major Arterial,Intersection,At Intersection,Traffic Signal,Clear,Daylight,Dry,Non-Fatal Injury,Pedestrian Collisions,Driver,80 to 84,,0,East,"Automobile, Station Wagon",Going Ahead,Other,Normal, , , , , , ,1,0,1,0,0,0,0,0,0,0,0,0,0,0
5001126666,2015,7,4,13,40,5,43.7951351,-79.34125909999999,Don Valley East (33),33,Pleasant View (46),46,D33,North York,FINCH AVE E,GORDON BAKER RD,10 m West of,Major Arterial,Intersection,At Intersection,Traffic Signal,Clear,Daylight,Dry,Non-Fatal Injury,Pedestrian Collisions,Pedestrian,70 to 74,Minor,0,Unknown, , , , ,Vehicle is going straight thru inter.while ped cross with ROW,Other,Normal, , , ,1,0,1,0,0,0,0,0,0,0,0,0,0,0
5001126666,2015,7,4,13,40,5,43.7951351,-79.34125909999999,Don Valley East (33),33,Pleasant View (46),46,D33,North York,FINCH AVE E,GORDON BAKER RD,10 m West of,Major Arterial,Intersection,At Intersection,Traffic Signal,Clear,Daylight,Dry,Non-Fatal Injury,Pedestrian Collisions,Pedestrian,70 to 74,Major,0,Unknown, , , , ,Vehicle is going straight thru inter.while ped cross with ROW,Other,Normal, , , ,1,0,1,0,0,0,0,0,0,0,0,0,0,0
6002258295,2016,12,21,13,40,2,43.63306387,-79.4349557,Parkdale-High Park (14),14,South Parkdale (85),85,D14,Toronto East York,F G GARDINER XY  W,JAMESON AVE,16 m West of,Expressway,Mid-Block,Non Intersection,No Control,Clear,Daylight,Dry,Non-Fatal Injury,Rear End,Driver,35 to 39,Major,0,West,"Automobile, Station Wagon",Going Ahead,Following too Close,Normal, , , , , , ,0,0,1,0,0,0,0,1,0,1,0,0,0,0
6002258295,2016,12,21,13,40,2,43.63306387,-79.4349557,Parkdale-High Park (14),14,South Parkdale (85),85,D14,Toronto East York,F G GARDINER XY  W,JAMESON AVE,16 m West of,Expressway,Mid-Block,Non Intersection,No Control,Clear,Daylight,Dry,Non-Fatal Injury,Rear End,Driver,30 to 34,,0,West,"Automobile, Station Wagon",Slowing or Stopping,Driving Properly,Normal, , , , , , ,0,0,1,0,0,0,0,1,0,1,0,0,0,0
6002258295,2016,12,21,13,40,2,43.63306387,-79.4349557,Parkdale-High Park (14),14,South Parkdale (85),85,D14,Toronto East York,F G GARDINER XY  W,JAMESON AVE,16 m West of,Expressway,Mid-Block,Non Intersection,No Control,Clear,Daylight,Dry,Non-Fatal Injury,Rear End,Driver,60 to 64,,0,West,"Automobile, Station Wagon",Slowing or Stopping,Driving Properly,Normal, , , , , , ,0,0,1,0,0,0,0,1,0,1,0,0,0,0
6002258295,2016,12,21,13,40,2,43.63306387,-79.4349557,Parkdale-High Park (14),14,South Parkdale (85),85,D14,Toronto East York,F G GARDINER XY  W,JAMESON AVE,16 m West of,Expressway,Mid-Block,Non Intersection,No Control,Clear,Daylight,Dry,Non-Fatal Injury,Rear End,Passenger,25 to 29,,0, , , , , , , , , , , ,0,0,1,0,0,0,0,1,0,1,0,0,0,0
6002258295,2016,12,21,13,40,2,43.63306387,-79.4349557,Parkdale-High Park (14),14,South Parkdale (85),85,D14,Toronto East York,F G GARDINER XY  W,JAMESON AVE,16 m West of,Expressway,Mid-Block,Non Intersection,No Control,Clear,Daylight,Dry,Non-Fatal Injury,Rear End,Passenger,25 to 29,,0, , , , , , , , , , , ,0,0,1,0,0,0,0,1,0,1,0,0,0,0
6002258295,2016,12,21,13,40,2,43.63306387,-79.4349557,Parkdale-High Park (14),14,South Parkdale (85),85,D14,Toronto East York,F G GARDINER XY  W,JAMESON AVE,16 m West of,Expressway,Mid-Block,Non Intersection,No Control,Clear,Daylight,Dry,Non-Fatal Injury,Rear End,Passenger,30 to 34,,0, , , , , , , , , , , ,0,0,1,0,0,0,0,1,0,1,0,0,0,0
6002258295,2016,12,21,13,40,2,43.63306387,-79.4349557,Parkdale-High Park (14),14,South Parkdale (85),85,D14,Toronto East York,F G GARDINER XY  W,JAMESON AVE,16 m West of,Expressway,Mid-Block,Non Intersection,No Control,Clear,Daylight,Dry,Non-Fatal Injury,Rear End,Passenger,35 to 39,,0, , , , , , , , , , , ,0,0,1,0,0,0,0,1,0,1,0,0,0,0
985455,2007,8,18,13,41,5,43.69244726,-79.28458796,Scarborough Southwest (35),35,Oakridge (121),121,D41,Scarborough,MADELAINE AVE,DANFORTH AVE, ,Local,Mid-Block, ,No Control,Clear,Daylight,Dry,Non-Fatal Injury,Pedestrian Collisions,Vehicle Owner,unknown, ,0, ,Other, , , , , , , , , ,1,0,0,0,0,0,0,0,0,0,0,0,0,0
985455,2007,8,18,13,41,5,43.69244726,-79.28458796,Scarborough Southwest (35),35,Oakridge (121),121,D41,Scarborough,MADELAINE AVE,DANFORTH AVE, ,Local,Mid-Block, ,No Control,Clear,Daylight,Dry,Non-Fatal Injury,Pedestrian Collisions,Pedestrian,60 to 64,Major,0, ,Other, , , ,Pedestrian hit at parking lot,Other,Normal, , , ,1,0,0,0,0,0,0,0,0,0,0,0,0,0
985456,2007,8,18,13,41,5,43.69204538,-79.28449029,Scarborough Southwest (35),35,Oakridge (121),121,D41,Scarborough,MADELAINE AVE,DANFORTH AVE, ,Major Arterial,Intersection, ,No Control,Clear,Daylight,Dry,Non-Fatal Injury,Pedestrian Collisions,Driver,50 to 54,,0,South,"Automobile, Station Wagon",Going Ahead,Other,Unknown, , , , , , ,1,0,1,0,0,0,0,0,0,0,0,0,0,0
985456,2007,8,18,13,41,5,43.69204538,-79.28449029,Scarborough Southwest (35),35,Oakridge (121),121,D41,Scarborough,MADELAINE AVE,DANFORTH AVE, ,Major Arterial,Intersection, ,No Control,Clear,Daylight,Dry,Non-Fatal Injury,Pedestrian Collisions,Pedestrian,60 to 64,Major,0, ,Other, , , ,Other / Undefined,Other,Unknown, , , ,1,0,1,0,0,0,0,0,0,0,0,0,0,0
1027349,2008,3,1,13,41,5,43.67114538,-79.39509029,Toronto Centre-Rosedale (27),27,Annex (95),95,D53,Toronto East York,55 AVENUE RD, , ,Major Arterial,Intersection,At Intersection,No Control,Clear,Daylight,Dry,Non-Fatal Injury,Pedestrian Collisions,Driver,25 to 29,,0,West,"Automobile, Station Wagon",Turning Left,Failed to Yield Right of Way,Normal, , , , , , ,1,0,1,0,0,0,0,0,0,1,0,0,0,0
1027349,2008,3,1,13,41,5,43.67114538,-79.39509029,Toronto Centre-Rosedale (27),27,Annex (95),95,D53,Toronto East York,55 AVENUE RD, , ,Major Arterial,Intersection,At Intersection,No Control,Clear,Daylight,Dry,Non-Fatal Injury,Pedestrian Collisions,Pedestrian,15 to 19,Major,0,West,Other, , , ,Pedestrian hit at mid-block,"Crossing, no Traffic Control",Normal, , , ,1,0,1,0,0,0,0,0,0,1,0,0,0,0
5000746528,2015,5,5,13,41,1,43.82658346,-79.2382699,Scarborough-Rouge River (42),42,Rouge (131),131,D42,Scarborough,3833 MCNICOLL AVE, , ,Local,Mid-Block,Non Intersection,No Control,Clear,Daylight,Dry,Non-Fatal Injury,Turning Movement,Driver,40 to 44,,0,North,"Automobile, Station Wagon",Turning Left,Failed to Yield Right of Way,Inattentive, , , , , , ,0,0,1,0,0,0,0,1,0,1,0,0,0,0
5000746528,2015,5,5,13,41,1,43.82658346,-79.2382699,Scarborough-Rouge River (42),42,Rouge (131),131,D42,Scarborough,3833 MCNICOLL AVE, , ,Local,Mid-Block,Non Intersection,No Control,Clear,Daylight,Dry,Non-Fatal Injury,Turning Movement,Driver,70 to 74,Minimal,0,West,"Automobile, Station Wagon",Going Ahead,Driving Properly,Normal, , , , , , ,0,0,1,0,0,0,0,1,0,1,0,0,0,0
5000746528,2015,5,5,13,41,1,43.82658346,-79.2382699,Scarborough-Rouge River (42),42,Rouge (131),131,D42,Scarborough,3833 MCNICOLL AVE, , ,Local,Mid-Block,Non Intersection,No Control,Clear,Daylight,Dry,Non-Fatal Injury,Turning Movement,Passenger,15 to 19,,0, , , , , , , , , , , ,0,0,1,0,0,0,0,1,0,1,0,0,0,0
5000746528,2015,5,5,13,41,1,43.82658346,-79.2382699,Scarborough-Rouge River (42),42,Rouge (131),131,D42,Scarborough,3833 MCNICOLL AVE, , ,Local,Mid-Block,Non Intersection,No Control,Clear,Daylight,Dry,Non-Fatal Injury,Turning Movement,Passenger,65 to 69,Major,0, , , , , , , , , , , ,0,0,1,0,0,0,0,1,0,1,0,0,0,0
1184541,2010,8,21,13,43,5,43.68304538,-79.46459029,York South-Weston (12),12,Keelesdale-Eglinton West (110),110,D12,Etobicoke York,230 ROSETHORN AVE, , ,Local,Mid-Block, ,No Control,Rain,Daylight,Wet,Non-Fatal Injury,Pedestrian Collisions,Vehicle Owner,unknown, ,0, ,Other, , , , , , , , , ,1,0,1,0,0,0,0,0,0,0,0,0,0,0
1184541,2010,8,21,13,43,5,43.68304538,-79.46459029,York South-Weston (12),12,Keelesdale-Eglinton West (110),110,D12,Etobicoke York,230 ROSETHORN AVE, , ,Local,Mid-Block, ,No Control,Rain,Daylight,Wet,Non-Fatal Injury,Pedestrian Collisions,Driver,30 to 34,,0,West,"Automobile, Station Wagon",Reversing,Other,Inattentive, , , , , , ,1,0,1,0,0,0,0,0,0,0,0,0,0,0
1184541,2010,8,21,13,43,5,43.68304538,-79.46459029,York South-Weston (12),12,Keelesdale-Eglinton West (110),110,D12,Etobicoke York,230 ROSETHORN AVE, , ,Local,Mid-Block, ,No Control,Rain,Daylight,Wet,Non-Fatal Injury,Pedestrian Collisions,Pedestrian,75 to 79,Major,0,South,Other, , , ,Pedestrian hit at private driveway,On Sidewalk or Shoulder,Normal, , , ,1,0,1,0,0,0,0,0,0,0,0,0,0,0
1328482,2012,10,22,13,43,0,43.66424538,-79.36799029,Toronto Centre-Rosedale (28),28,Moss Park (73),73,D51,Toronto East York,PARLIAMENT ST,CARLTON ST, ,Minor Arterial,Intersection,At Intersection,Traffic Signal,Clear,Daylight,Dry,Non-Fatal Injury,Pedestrian Collisions,Driver,20 to 24,,0,South,"Automobile, Station Wagon",Turning Right,Failed to Yield Right of Way,Normal, , , , , , ,1,0,1,0,0,0,0,0,0,1,0,0,0,0
1328482,2012,10,22,13,43,0,43.66424538,-79.36799029,Toronto Centre-Rosedale (28),28,Moss Park (73),73,D51,Toronto East York,PARLIAMENT ST,CARLTON ST, ,Minor Arterial,Intersection,At Intersection,Traffic Signal,Clear,Daylight,Dry,Non-Fatal Injury,Pedestrian Collisions,Pedestrian,60 to 64,Major,0,North,Other, , , ,Vehicle turns right while ped crosses with ROW at inter.,Crossing with right of way,Normal, , , ,1,0,1,0,0,0,0,0,0,1,0,0,0,0
7000948522,2017,5,29,13,43,0,43.69281338,-79.44088329,Eglinton-Lawrence (15),15,Oakwood Village (107),107,D13,North York,BELVIDERE AVE,OAKWOOD AVE, ,Minor Arterial,Intersection,At Intersection,Traffic Signal,Clear,Daylight,Dry,Non-Fatal Injury,Turning Movement,Driver,60 to 64,,0,North,"Automobile, Station Wagon",Turning Left,Improper Turn,Inattentive, , , , , , ,0,0,1,1,0,0,0,0,0,0,0,0,0,0
5001998431,2015,11,21,13,44,5,43.74408682,-79.30055628,Scarborough Centre (37),37,Wexford/Maryvale (119),119,D41,Scarborough,LAWRENCE AVE E,ELINOR AVE, ,Major Arterial,Intersection,At Intersection,Traffic Signal,Rain,Daylight,Wet,Non-Fatal Injury,Pedestrian Collisions,Driver - Not Hit,unknown,,0, ,"Automobile, Station Wagon", , , , , , , , , ,0,0,1,0,0,0,0,0,0,0,0,0,0,0
1279672,2012,2,8,13,7,2,43.66754538,-79.34279029,Toronto-Danforth (30),30,South Riverdale (70),70,D55,Toronto East York,CARLAW Aven,GERRARD Stre E, ,Minor Arterial,Intersection,At Intersection,Traffic Signal,Clear,Daylight,Dry,Non-Fatal Injury,Turning Movement,Driver,40 to 44,Minimal,0,South,"Automobile, Station Wagon",Turning Left,Improper Turn,Normal, , , , , , ,0,0,1,0,0,0,0,1,1,1,0,0,0,0
6001076116,2016,6,20,13,7,0,43.79518469,-79.23738489,Scarborough-Rouge River (42),42,Malvern (132),132,D42,Scarborough,ORMEROD ST,VERNE CRES,32 m East of,Local,Intersection,Intersection Related,No Control,Clear,Daylight,Dry,Non-Fatal Injury,Cyclist Collisions,Driver,50 to 54,,0,West,"Automobile, Station Wagon",Overtaking,Improper Passing,Normal, , , , , , ,0,1,1,0,0,0,0,0,0,1,0,0,0,0
6001076116,2016,6,20,13,7,0,43.79518469,-79.23738489,Scarborough-Rouge River (42),42,Malvern (132),132,D42,Scarborough,ORMEROD ST,VERNE CRES,32 m East of,Local,Intersection,Intersection Related,No Control,Clear,Daylight,Dry,Non-Fatal Injury,Cyclist Collisions,Cyclist,65 to 69,Major,0,West,Bicycle,Turning Left, , , , , ,Cyclist turned left across motorists path.,Improper Turn,Normal,0,1,1,0,0,0,0,0,0,1,0,0,0,0
991154,2007,9,19,13,8,2,43.68894538,-79.38989029,St. Paul's (22),22,Rosedale-Moore Park (98),98,D53,Toronto East York,AVOCA AVE,ST CLAIR AVE E, ,Major Arterial,Intersection,At Intersection,School Guard,Clear,Daylight,Dry,Non-Fatal Injury,Pedestrian Collisions,Driver,70 to 74,Minimal,0,West,"Automobile, Station Wagon",Turning Left,Failed to Yield Right of Way,Inattentive, , , , , , ,1,0,1,0,0,0,0,0,0,1,0,0,0,0
991154,2007,9,19,13,8,2,43.68894538,-79.38989029,St. Paul's (22),22,Rosedale-Moore Park (98),98,D53,Toronto East York,AVOCA AVE,ST CLAIR AVE E, ,Major Arterial,Intersection,At Intersection,School Guard,Clear,Daylight,Dry,Non-Fatal Injury,Pedestrian Collisions,Pedestrian,65 to 69,Major,0,East,Other, , , ,Vehicle turns left while ped crosses with ROW at inter.,Crossing with right of way,Normal, , , ,1,0,1,0,0,0,0,0,0,1,0,0,0,0
1155869,2010,3,4,13,8,3,43.78884538,-79.26249029,Scarborough-Rouge River (41),41,Agincourt South-Malvern West (128),128,D42,Scarborough,SHEPPARD Ave E,BROWNSPRING Rd, ,Major Arterial,Intersection,At Intersection,No Control,Clear,Daylight,Dry,Non-Fatal Injury,Turning Movement,Motorcycle Driver,20 to 24,Major,0,East,Motorcycle,Going Ahead,Driving Properly,Normal, , , , , , ,0,0,1,1,0,0,0,0,1,1,0,0,0,0
1155869,2010,3,4,13,8,3,43.78884538,-79.26249029,Scarborough-Rouge River (41),41,Agincourt South-Malvern West (128),128,D42,Scarborough,SHEPPARD Ave E,BROWNSPRING Rd, ,Major Arterial,Intersection,At Intersection,No Control,Clear,Daylight,Dry,Non-Fatal Injury,Turning Movement,Vehicle Owner,unknown,,0, ,Other,Unknown, , , , , , , , ,0,0,1,1,0,0,0,0,1,1,0,0,0,0
1155869,2010,3,4,13,8,3,43.78884538,-79.26249029,Scarborough-Rouge River (41),41,Agincourt South-Malvern West (128),128,D42,Scarborough,SHEPPARD Ave E,BROWNSPRING Rd, ,Major Arterial,Intersection,At Intersection,No Control,Clear,Daylight,Dry,Non-Fatal Injury,Turning Movement,Driver,50 to 54,,0,West,"Automobile, Station Wagon",Turning Left,Improper Turn,Normal, , , , , , ,0,0,1,1,0,0,0,0,1,1,0,0,0,0
1237771,2011,6,11,13,8,5,43.78594538,-79.44589029,York Centre (10),10,Newtonbrook West (36),36,D32,North York,DEWLANE DR,BATHURST ST, ,Local,Intersection, ,No Control,Clear,Daylight,Dry,Fatal,Pedestrian Collisions,Driver,50 to 54,,0,South,"Automobile, Station Wagon",Other,Other,Normal, , , , , , ,1,0,1,0,0,0,0,0,0,0,0,0,0,1
1237771,2011,6,11,13,8,5,43.78594538,-79.44589029,York Centre (10),10,Newtonbrook West (36),36,D32,North York,DEWLANE DR,BATHURST ST, ,Local,Intersection, ,No Control,Clear,Daylight,Dry,Fatal,Pedestrian Collisions,Pedestrian,80 to 84,Fatal,9,West,Other, , , ,Pedestrian hit at private driveway,Other,Normal, , , ,1,0,1,0,0,0,0,0,0,0,0,0,0,1
1286830,2012,1,24,13,8,1,43.67004538,-79.41319029,Trinity-Spadina (20),20,Annex (95),95,D14,Toronto East York,BATHURST ST,WELLS ST, ,Major Arterial,Intersection,At Intersection,Traffic Signal,Snow,Daylight,Wet,Non-Fatal Injury,Cyclist Collisions,Truck Driver,30 to 34,,0,West,Truck - Open,Turning Left,Failed to Yield Right of Way,Normal, , , , , , ,0,1,0,0,1,0,0,0,0,1,0,0,0,0
1286830,2012,1,24,13,8,1,43.67004538,-79.41319029,Trinity-Spadina (20),20,Annex (95),95,D14,Toronto East York,BATHURST ST,WELLS ST, ,Major Arterial,Intersection,At Intersection,Traffic Signal,Snow,Daylight,Wet,Non-Fatal Injury,Cyclist Collisions,Cyclist,30 to 34,Major,0,East,Bicycle,Going Ahead, , , , , ,Motorist turned left across cyclists path.,Driving Properly,Normal,0,1,0,0,1,0,0,0,0,1,0,0,0,0
968451,2007,4,21,13,9,5,43.65354498,-79.34079371,Toronto-Danforth (30),30,South Riverdale (70),70,D55,Toronto East York,BOOTH AVE,LAKE SHORE BLVD E, ,Major Arterial,Intersection,At Intersection,Stop Sign,Clear,Daylight,Dry,Non-Fatal Injury,Pedestrian Collisions,Driver,55 to 59,,0,South,"Automobile, Station Wagon",Going Ahead,Failed to Yield Right of Way,Normal, , , , , , ,1,0,1,0,0,0,0,0,0,1,0,0,0,0
968451,2007,4,21,13,9,5,43.65354498,-79.34079371,Toronto-Danforth (30),30,South Riverdale (70),70,D55,Toronto East York,BOOTH AVE,LAKE SHORE BLVD E, ,Major Arterial,Intersection,At Intersection,Stop Sign,Clear,Daylight,Dry,Non-Fatal Injury,Pedestrian Collisions,Pedestrian,25 to 29,Major,0,East, ,Going Ahead, , , , , , , , ,1,0,1,0,0,0,0,0,0,1,0,0,0,0
1359211,2013,6,3,13,9,0,43.69844538,-79.43729029,St. Paul's (21),21,Oakwood Village (107),107,D13,Toronto East York,EGLINTON AVE W,PARK HILL RD, ,Major Arterial,Intersection,At Intersection,No Control,Clear,Daylight,Dry,Non-Fatal Injury,Cyclist Collisions,Vehicle Owner,unknown, ,0, ,Other, , , , , , , , , ,0,1,0,0,0,1,0,0,0,0,0,0,0,0
1359211,2013,6,3,13,9,0,43.69844538,-79.43729029,St. Paul's (21),21,Oakwood Village (107),107,D13,Toronto East York,EGLINTON AVE W,PARK HILL RD, ,Major Arterial,Intersection,At Intersection,No Control,Clear,Daylight,Dry,Non-Fatal Injury,Cyclist Collisions,Driver,50 to 54,,0,East,Municipal Transit Bus (TTC),Going Ahead,Driving Properly,Normal, , , , , , ,0,1,0,0,0,1,0,0,0,0,0,0,0,0
1359211,2013,6,3,13,9,0,43.69844538,-79.43729029,St. Paul's (21),21,Oakwood Village (107),107,D13,Toronto East York,EGLINTON AVE W,PARK HILL RD, ,Major Arterial,Intersection,At Intersection,No Control,Clear,Daylight,Dry,Non-Fatal Injury,Cyclist Collisions,Cyclist,45 to 49,Major,0,West,Bicycle,Overtaking, , , , , ,Insufficient information (to determine cyclist crash type).,Improper Passing,Normal,0,1,0,0,0,1,0,0,0,0,0,0,0,0
4001492410,2014,2,8,13,9,5,43.66802939,-79.34291468,Toronto-Danforth (30),30,North Riverdale (68),68,D55,Toronto East York,CARLAW AVE,GERRARD ST E, ,Minor Arterial,Mid-Block,Non Intersection,No Control,Clear,Daylight,Wet,Non-Fatal Injury,Pedestrian Collisions,Driver,55 to 59,,0,North, ,Going Ahead,Driving Properly,Normal, , , , , , ,1,0,1,0,0,0,0,1,0,0,0,0,0,0
4001492410,2014,2,8,13,9,5,43.66802939,-79.34291468,Toronto-Danforth (30),30,North Riverdale (68),68,D55,Toronto East York,CARLAW AVE,GERRARD ST E, ,Minor Arterial,Mid-Block,Non Intersection,No Control,Clear,Daylight,Wet,Non-Fatal Injury,Pedestrian Collisions,Passenger,50 to 54,,0, , , , , , , , , , , ,1,0,1,0,0,0,0,1,0,0,0,0,0,0
4001492410,2014,2,8,13,9,5,43.66802939,-79.34291468,Toronto-Danforth (30),30,North Riverdale (68),68,D55,Toronto East York,CARLAW AVE,GERRARD ST E, ,Minor Arterial,Mid-Block,Non Intersection,No Control,Clear,Daylight,Wet,Non-Fatal Injury,Pedestrian Collisions,Pedestrian,60 to 64,Major,0,West,"Automobile, Station Wagon",Going Ahead, , ,Pedestrian hit at mid-block,Running onto Roadway,Normal, , , ,1,0,1,0,0,0,0,1,0,0,0,0,0,0
1039584,2008,5,22,13,10,3,43.70424538,-79.41029029,Eglinton-Lawrence (16),16,Lawrence Park South (103),103,D53,Toronto East York,EGLINTON AVE W,ELMSTHORPE AVE, ,Major Arterial,Mid-Block, ,No Control,Clear,Daylight,Dry,Fatal,Cyclist Collisions,Driver,55 to 59,,0,East, ,Going Ahead,Driving Properly,Normal, , , , , , ,0,1,1,0,0,0,0,0,0,0,0,0,0,1
1039584,2008,5,22,13,10,3,43.70424538,-79.41029029,Eglinton-Lawrence (16),16,Lawrence Park South (103),103,D53,Toronto East York,EGLINTON AVE W,ELMSTHORPE AVE, ,Major Arterial,Mid-Block, ,No Control,Clear,Daylight,Dry,Fatal,Cyclist Collisions,Vehicle Owner,unknown, ,0, ,Other, , , , , , , , , ,0,1,1,0,0,0,0,0,0,0,0,0,0,1
1039584,2008,5,22,13,10,3,43.70424538,-79.41029029,Eglinton-Lawrence (16),16,Lawrence Park South (103),103,D53,Toronto East York,EGLINTON AVE W,ELMSTHORPE AVE, ,Major Arterial,Mid-Block, ,No Control,Clear,Daylight,Dry,Fatal,Cyclist Collisions,Driver,40 to 44,,0,East,"Automobile, Station Wagon",Parked,Other,Inattentive, , , , , , ,0,1,1,0,0,0,0,0,0,0,0,0,0,1
1039584,2008,5,22,13,10,3,43.70424538,-79.41029029,Eglinton-Lawrence (16),16,Lawrence Park South (103),103,D53,Toronto East York,EGLINTON AVE W,ELMSTHORPE AVE, ,Major Arterial,Mid-Block, ,No Control,Clear,Daylight,Dry,Fatal,Cyclist Collisions,Cyclist,55 to 59,Fatal,20,East,Bicycle,Going Ahead, , , , , ,Cyclist struck opened vehicle door,Driving Properly,Unknown,0,1,1,0,0,0,0,0,0,0,0,0,0,1
1072989,2008,11,6,13,10,3,43.80124538,-79.29659029,Scarborough-Agincourt (39),39,L'Amoreaux (117),117,D42,Scarborough,KENNEDY RD,FINCH AVE E, ,Major Arterial,Intersection,At Intersection,Traffic Signal,Clear,Daylight,Dry,Non-Fatal Injury,Pedestrian Collisions,Driver,15 to 19,,0,South,"Automobile, Station Wagon",Turning Right,Failed to Yield Right of Way,Unknown, , , , , , ,1,0,1,0,0,0,0,0,0,1,0,0,0,0
1072989,2008,11,6,13,10,3,43.80124538,-79.29659029,Scarborough-Agincourt (39),39,L'Amoreaux (117),117,D42,Scarborough,KENNEDY RD,FINCH AVE E, ,Major Arterial,Intersection,At Intersection,Traffic Signal,Clear,Daylight,Dry,Non-Fatal Injury,Pedestrian Collisions,Pedestrian,70 to 74,Major,0,South,Other, , , ,Vehicle turns right while ped crosses with ROW at inter.,Crossing with right of way,Normal, , , ,1,0,1,0,0,0,0,0,0,1,0,0,0,0
1122738,2009,8,1,13,10,5,43.71544538,-79.50719029,York South-Weston (12),12,Rustic (28),28,D12,Etobicoke York,JANE ST,FALSTAFF AVE, ,Major Arterial,Intersection,At Intersection,Traffic Signal,Clear,Daylight,Dry,Non-Fatal Injury,Pedestrian Collisions,Driver,55 to 59,,0,West,"Automobile, Station Wagon",Turning Left,Failed to Yield Right of Way,Normal, , , , , , ,1,0,1,0,0,0,0,0,0,1,0,0,0,0
1122738,2009,8,1,13,10,5,43.71544538,-79.50719029,York South-Weston (12),12,Rustic (28),28,D12,Etobicoke York,JANE ST,FALSTAFF AVE, ,Major Arterial,Intersection,At Intersection,Traffic Signal,Clear,Daylight,Dry,Non-Fatal Injury,Pedestrian Collisions,Pedestrian,70 to 74,Major,0,East,Other, , , ,Vehicle turns left while ped crosses with ROW at inter.,Crossing with right of way,Normal, , , ,1,0,1,0,0,0,0,0,0,1,0,0,0,0
1143325,2009,11,24,13,10,1,43.78493078,-79.31074152,Scarborough-Agincourt (40),40,Tam O'Shanter-Sullivan (118),118,D42,Scarborough,WARDEN AVE,HUNTINGWOOD DR, ,Major Arterial,Mid-Block, ,No Control,Rain,Daylight,Wet,Non-Fatal Injury,Turning Movement,Vehicle Owner,unknown, ,0, ,Other, , , , , , , , , ,0,0,1,0,1,0,0,0,0,1,0,0,0,0
1143325,2009,11,24,13,10,1,43.78493078,-79.31074152,Scarborough-Agincourt (40),40,Tam O'Shanter-Sullivan (118),118,D42,Scarborough,WARDEN AVE,HUNTINGWOOD DR, ,Major Arterial,Mid-Block, ,No Control,Rain,Daylight,Wet,Non-Fatal Injury,Turning Movement,Truck Driver,35 to 39,,0,North,Truck - Open,Going Ahead,Driving Properly,Normal, , , , , , ,0,0,1,0,1,0,0,0,0,1,0,0,0,0
1143325,2009,11,24,13,10,1,43.78493078,-79.31074152,Scarborough-Agincourt (40),40,Tam O'Shanter-Sullivan (118),118,D42,Scarborough,WARDEN AVE,HUNTINGWOOD DR, ,Major Arterial,Mid-Block, ,No Control,Rain,Daylight,Wet,Non-Fatal Injury,Turning Movement,Driver,40 to 44,Major,0,West,"Automobile, Station Wagon",Turning Right,Failed to Yield Right of Way,Inattentive, , , , , , ,0,0,1,0,1,0,0,0,0,1,0,0,0,0
1269208,2011,10,8,13,10,5,43.70224538,-79.55379029,Etobicoke North (2),2,Kingsview Village-The Westway (6),6,D23,Etobicoke York,ST GEORGES Blvd,YORK Rd, ,Local,Intersection,At Intersection,Stop Sign,Clear,Daylight,Dry,Non-Fatal Injury,SMV Other,Passenger,25 to 29,Minor,0, ,Other, , , , , , , , , ,0,0,0,1,0,0,0,1,0,0,0,0,0,0
1269208,2011,10,8,13,10,5,43.70224538,-79.55379029,Etobicoke North (2),2,Kingsview Village-The Westway (6),6,D23,Etobicoke York,ST GEORGES Blvd,YORK Rd, ,Local,Intersection,At Intersection,Stop Sign,Clear,Daylight,Dry,Non-Fatal Injury,SMV Other,Motorcycle Driver,30 to 34,Major,0,West,Motorcycle,Going Ahead,Lost control,Other, , , , , , ,0,0,0,1,0,0,0,1,0,0,0,0,0,0
141413547,2014,1,26,13,10,6,43.77508887,-79.33122645,Don Valley East (33),33,Henry Farm (53),53,D33,North York,SHEPPARD AVE E,CONSUMERS RD, ,Major Arterial,Intersection, ,Traffic Signal,Snow,Daylight,Loose Snow,Fatal,Rear End,Driver,50 to 54,Minimal,0,East,"Automobile, Station Wagon",Stopped,Driving Properly,Normal, , , , , , ,0,0,1,0,0,0,0,1,0,0,0,0,0,1
141413547,2014,1,26,13,10,6,43.77508887,-79.33122645,Don Valley East (33),33,Henry Farm (53),53,D33,North York,SHEPPARD AVE E,CONSUMERS RD, ,Major Arterial,Intersection, ,Traffic Signal,Snow,Daylight,Loose Snow,Fatal,Rear End,Passenger,50 to 54,Minimal,0, , , , , , , , , , , ,0,0,1,0,0,0,0,1,0,0,0,0,0,1