ACCNUM,YEAR,MONTH,DAY,HOUR,MINUTES,WEEKDAY,LATITUDE,LONGITUDE,Ward_Name,Ward_ID,Hood_Name,Hood_ID,Division,District,STREET1,STREET2,OFFSET,ROAD_CLASS,LOCCOORD,ACCLOC,TRAFFCTL,VISIBILITY,LIGHT,RDSFCOND,ACCLASS,IMPACTYPE,INVTYPE,INVAGE,INJURY,FATAL_NO,INITDIR,VEHTYPE,MANOEUVER,DRIVACT,DRIVCOND,PEDTYPE,PEDACT,PEDCOND,CYCLISTYPE,CYCACT,CYCCOND,PEDESTRIAN,CYCLIST,AUTOMOBILE,MOTORCYCLE,TRUCK,TRSN_CITY_VEH,EMERG_VEH,PASSENGER,SPEEDING,AG_DRIV,REDLIGHT,ALCOHOL,DISABILITY,label
141413547,2014,1,26,13,10,6,43.77508887,-79.33122645,Don Valley East (33),33,Henry Farm (53),53,D33,North York,SHEPPARD AVE E,CONSUMERS RD, ,Major Arterial,Intersection, ,Traffic Signal,Snow,Daylight,Loose Snow,Fatal,Rear End,Passenger,15 to 19,Minimal,0, , , , , , , , , , , ,0,0,1,0,0,0,0,1,0,0,0,0,0,1
141413547,2014,1,26,13,10,6,43.77508887,-79.33122645,Don Valley East (33),33,Henry Farm (53),53,D33,North York,SHEPPARD AVE E,CONSUMERS RD, ,Major Arterial,Intersection, ,Traffic Signal,Snow,Daylight,Loose Snow,Fatal,Rear End,Driver,70 to 74,Fatal,2,East,Passenger Van,Going Ahead,Other,Unknown, , , , , , ,0,0,1,0,0,0,0,1,0,0,0,0,0,1
7000534714,2017,3,26,13,10,6,43.77573338,-79.23495829,Scarborough Centre (38),38,Woburn (137),137,D43,Scarborough,DOLLY VARDEN BLVD,ELLESMERE RD, ,Major Arterial,Intersection,At Intersection,Traffic Signal,Clear,Daylight,Wet,Non-Fatal Injury,Turning Movement,Driver,65 to 69,Minimal,0,West,"Automobile, Station Wagon",Going Ahead,Disobeyed Traffic Control,Inattentive, , , , , , ,0,0,1,0,0,0,0,1,1,1,1,0,0,0
7000534714,2017,3,26,13,10,6,43.77573338,-79.23495829,Scarborough Centre (38),38,Woburn (137),137,D43,Scarborough,DOLLY VARDEN BLVD,ELLESMERE RD, ,Major Arterial,Intersection,At Intersection,Traffic Signal,Clear,Daylight,Wet,Non-Fatal Injury,Turning Movement,Driver,25 to 29,,0,East,"Automobile, Station Wagon",Turning Left,Driving Properly,Normal, , , , , , ,0,0,1,0,0,0,0,1,1,1,1,0,0,0
7000534714,2017,3,26,13,10,6,43.77573338,-79.23495829,Scarborough Centre (38),38,Woburn (137),137,D43,Scarborough,DOLLY VARDEN BLVD,ELLESMERE RD, ,Major Arterial,Intersection,At Intersection,Traffic Signal,Clear,Daylight,Wet,Non-Fatal Injury,Turning Movement,Passenger,20 to 24,Minimal,0, , , , , , , , , , , ,0,0,1,0,0,0,0,1,1,1,1,0,0,0
7000534714,2017,3,26,13,10,6,43.77573338,-79.23495829,Scarborough Centre (38),38,Woburn (137),137,D43,Scarborough,DOLLY VARDEN BLVD,ELLESMERE RD, ,Major Arterial,Intersection,At Intersection,Traffic Signal,Clear,Daylight,Wet,Non-Fatal Injury,Turning Movement,Passenger,20 to 24,Minimal,0, , , , , , , , , , , ,0,0,1,0,0,0,0,1,1,1,1,0,0,0
7000534714,2017,3,26,13,10,6,43.77573338,-79.23495829,Scarborough Centre (38),38,Woburn (137),137,D43,Scarborough,DOLLY VARDEN BLVD,ELLESMERE RD, ,Major Arterial,Intersection,At Intersection,Traffic Signal,Clear,Daylight,Wet,Non-Fatal Injury,Turning Movement,Passenger,20 to 24,Major,0, , , , , , , , , , , ,0,0,1,0,0,0,0,1,1,1,1,0,0,0
7000534714,2017,3,26,13,10,6,43.77573338,-79.23495829,Scarborough Centre (38),38,Woburn (137),137,D43,Scarborough,DOLLY VARDEN BLVD,ELLESMERE RD, ,Major Arterial,Intersection,At Intersection,Traffic Signal,Clear,Daylight,Wet,Non-Fatal Injury,Turning Movement,Passenger,70 to 74,Minimal,0, , , , , , , , , , , ,0,0,1,0,0,0,0,1,1,1,1,0,0,0
7000534714,2017,3,26,13,10,6,43.77573338,-79.23495829,Scarborough Centre (38),38,Woburn (137),137,D43,Scarborough,DOLLY VARDEN BLVD,ELLESMERE RD, ,Major Arterial,Intersection,At Intersection,Traffic Signal,Clear,Daylight,Wet,Non-Fatal Injury,Turning Movement,Passenger,0 to 4,,0, , , , , , , , , , , ,0,0,1,0,0,0,0,1,1,1,1,0,0,0
7000534714,2017,3,26,13,10,6,43.77573338,-79.23495829,Scarborough Centre (38),38,Woburn (137),137,D43,Scarborough,DOLLY VARDEN BLVD,ELLESMERE RD, ,Major Arterial,Intersection,At Intersection,Traffic Signal,Clear,Daylight,Wet,Non-Fatal Injury,Turning Movement,Passenger,0 to 4,,0, , , , , , , , , , , ,0,0,1,0,0,0,0,1,1,1,1,0,0,0
7001806475,2017,10,5,13,10,3,43.72661138,-79.28713629,Scarborough Southwest (35),35,Clairlea-Birchmount (120),120,D41,Scarborough,WARDEN AVE,CIVIC RD,37 m South of,Major Arterial,Mid-Block,Non Intersection,No Control,Clear,Daylight,Dry,Non-Fatal Injury,Pedestrian Collisions,Driver,65 to 69,,0,East,"Automobile, Station Wagon",Turning Right,Lost control,Unknown, , , , , , ,1,0,1,0,0,0,0,0,0,0,0,0,0,0
7001806475,2017,10,5,13,10,3,43.72661138,-79.28713629,Scarborough Southwest (35),35,Clairlea-Birchmount (120),120,D41,Scarborough,WARDEN AVE,CIVIC RD,37 m South of,Major Arterial,Mid-Block,Non Intersection,No Control,Clear,Daylight,Dry,Non-Fatal Injury,Pedestrian Collisions,Pedestrian,65 to 69,Minor,0, , , , , , , ,Normal, , , ,1,0,1,0,0,0,0,0,0,0,0,0,0,0
7001806475,2017,10,5,13,10,3,43.72661138,-79.28713629,Scarborough Southwest (35),35,Clairlea-Birchmount (120),120,D41,Scarborough,WARDEN AVE,CIVIC RD,37 m South of,Major Arterial,Mid-Block,Non Intersection,No Control,Clear,Daylight,Dry,Non-Fatal Injury,Pedestrian Collisions,Pedestrian,60 to 64,Major,0, , , , , , , ,Normal, , , ,1,0,1,0,0,0,0,0,0,0,0,0,0,0
7001906466,2017,10,21,13,10,5,43.59339138,-79.53815129,Etobicoke-Lakeshore (6),6,Long Branch (19),19,D22,Etobicoke York,LAKESHORE BLVD.,THIRTY SEVENTH STREET, ,Major Arterial,Intersection,At Intersection,Traffic Signal,Clear,Daylight,Dry,Non-Fatal Injury,Turning Movement,Driver,70 to 74,Minimal,0,East,"Automobile, Station Wagon",Turning Left,Failed to Yield Right of Way,Inattentive, , , , , , ,0,0,1,1,0,0,0,1,0,1,0,0,0,0
7001906466,2017,10,21,13,10,5,43.59339138,-79.53815129,Etobicoke-Lakeshore (6),6,Long Branch (19),19,D22,Etobicoke York,LAKESHORE BLVD.,THIRTY SEVENTH STREET, ,Major Arterial,Intersection,At Intersection,Traffic Signal,Clear,Daylight,Dry,Non-Fatal Injury,Turning Movement,Motorcycle Driver,25 to 29,Major,0,West,Motorcycle,Going Ahead,Driving Properly,Normal, , , , , , ,0,0,1,1,0,0,0,1,0,1,0,0,0,0
7001906466,2017,10,21,13,10,5,43.59339138,-79.53815129,Etobicoke-Lakeshore (6),6,Long Branch (19),19,D22,Etobicoke York,LAKESHORE BLVD.,THIRTY SEVENTH STREET, ,Major Arterial,Intersection,At Intersection,Traffic Signal,Clear,Daylight,Dry,Non-Fatal Injury,Turning Movement,Passenger,70 to 74,Minimal,0, , , , , , , , , , , ,0,0,1,1,0,0,0,1,0,1,0,0,0,0
7000044336,2017,1,8,13,11,6,43.6798168,-79.41694269,St. Paul's (21),21,Casa Loma (96),96,D13,Toronto East York,BATHURST ST,NINA ST, ,Major Arterial,Intersection,At Intersection,Traffic Signal,Clear,Daylight,Dry,Non-Fatal Injury,Pedestrian Collisions,Driver,55 to 59,,0,West,"Automobile, Station Wagon",Turning Left,Failed to Yield Right of Way,Inattentive, , , , , , ,1,0,1,0,0,0,0,0,0,1,0,0,0,0
7000044336,2017,1,8,13,11,6,43.6798168,-79.41694269,St. Paul's (21),21,Casa Loma (96),96,D13,Toronto East York,BATHURST ST,NINA ST, ,Major Arterial,Intersection,At Intersection,Traffic Signal,Clear,Daylight,Dry,Non-Fatal Injury,Pedestrian Collisions,Pedestrian,65 to 69,Major,0,East, , , , ,Vehicle turns left while ped crosses with ROW at inter.,Crossing with right of way,Normal, , , ,1,0,1,0,0,0,0,0,0,1,0,0,0,0
7000044336,2017,1,8,13,11,6,43.6798168,-79.41694269,St. Paul's (21),21,Casa Loma (96),96,D13,Toronto East York,BATHURST ST,NINA ST, ,Major Arterial,Intersection,At Intersection,Traffic Signal,Clear,Daylight,Dry,Non-Fatal Injury,Pedestrian Collisions,Pedestrian,55 to 59,Major,0,East, , , , ,Vehicle turns left while ped crosses with ROW at inter.,Crossing with right of way,Normal, , , ,1,0,1,0,0,0,0,0,0,1,0,0,0,0
7001774140,2017,9,30,13,11,5,43.68337638,-79.45541729,Davenport (17),17,Caledonia-Fairbank (109),109,D13,Etobicoke York,ROGERS RD,MCROBERTS AV,99 m East of,Minor Arterial,Mid-Block,Non Intersection,Traffic Signal,Clear,Daylight,Dry,Non-Fatal Injury,Rear End,Driver,90 to 94,Major,0,West,"Automobile, Station Wagon",Going Ahead,Lost control,Medical or Physical Disability, , , , , , ,0,0,1,0,0,0,0,1,0,0,0,0,1,0
7001774140,2017,9,30,13,11,5,43.68337638,-79.45541729,Davenport (17),17,Caledonia-Fairbank (109),109,D13,Etobicoke York,ROGERS RD,MCROBERTS AV,99 m East of,Minor Arterial,Mid-Block,Non Intersection,Traffic Signal,Clear,Daylight,Dry,Non-Fatal Injury,Rear End,Driver,40 to 44,,0,West,"Automobile, Station Wagon",Stopped,Driving Properly,Normal, , , , , , ,0,0,1,0,0,0,0,1,0,0,0,0,1,0
7001774140,2017,9,30,13,11,5,43.68337638,-79.45541729,Davenport (17),17,Caledonia-Fairbank (109),109,D13,Etobicoke York,ROGERS RD,MCROBERTS AV,99 m East of,Minor Arterial,Mid-Block,Non Intersection,Traffic Signal,Clear,Daylight,Dry,Non-Fatal Injury,Rear End,Driver,35 to 39,,0,West,"Automobile, Station Wagon",Stopped,Driving Properly,Normal, , , , , , ,0,0,1,0,0,0,0,1,0,0,0,0,1,0
7001774140,2017,9,30,13,11,5,43.68337638,-79.45541729,Davenport (17),17,Caledonia-Fairbank (109),109,D13,Etobicoke York,ROGERS RD,MCROBERTS AV,99 m East of,Minor Arterial,Mid-Block,Non Intersection,Traffic Signal,Clear,Daylight,Dry,Non-Fatal Injury,Rear End,Passenger,35 to 39,,0, , , , , , , , , , , ,0,0,1,0,0,0,0,1,0,0,0,0,1,0
7001774140,2017,9,30,13,11,5,43.68337638,-79.45541729,Davenport (17),17,Caledonia-Fairbank (109),109,D13,Etobicoke York,ROGERS RD,MCROBERTS AV,99 m East of,Minor Arterial,Mid-Block,Non Intersection,Traffic Signal,Clear,Daylight,Dry,Non-Fatal Injury,Rear End,Passenger,0 to 4,,0, , , , , , , , , , , ,0,0,1,0,0,0,0,1,0,0,0,0,1,0
7001774140,2017,9,30,13,11,5,43.68337638,-79.45541729,Davenport (17),17,Caledonia-Fairbank (109),109,D13,Etobicoke York,ROGERS RD,MCROBERTS AV,99 m East of,Minor Arterial,Mid-Block,Non Intersection,Traffic Signal,Clear,Daylight,Dry,Non-Fatal Injury,Rear End,Passenger,30 to 34,,0, , , , , , , , , , , ,0,0,1,0,0,0,0,1,0,0,0,0,1,0
7001774140,2017,9,30,13,11,5,43.68337638,-79.45541729,Davenport (17),17,Caledonia-Fairbank (109),109,D13,Etobicoke York,ROGERS RD,MCROBERTS AV,99 m East of,Minor Arterial,Mid-Block,Non Intersection,Traffic Signal,Clear,Daylight,Dry,Non-Fatal Injury,Rear End,Passenger,0 to 4,,0, , , , , , , , , , , ,0,0,1,0,0,0,0,1,0,0,0,0,1,0
1168520,2010,5,14,13,12,4,43.62084538,-79.50099029,Etobicoke-Lakeshore (6),6,Mimico (includes Humber Bay Shores) (17),17,D22,Etobicoke York,EVANS AVE,CREMORNE AVE, ,Minor Arterial,Mid-Block, ,No Control,Clear,Daylight,Dry,Non-Fatal Injury,Pedestrian Collisions,Driver,75 to 79,Minimal,0,West,"Automobile, Station Wagon",Going Ahead,Driving Properly,Normal, , , , , , ,1,0,1,0,0,0,0,0,0,0,0,0,0,0
1168520,2010,5,14,13,12,4,43.62084538,-79.50099029,Etobicoke-Lakeshore (6),6,Mimico (includes Humber Bay Shores) (17),17,D22,Etobicoke York,EVANS AVE,CREMORNE AVE, ,Minor Arterial,Mid-Block, ,No Control,Clear,Daylight,Dry,Non-Fatal Injury,Pedestrian Collisions,Pedestrian,65 to 69,Major,0,North,Other, , , ,Pedestrian hit at mid-block,Running onto Roadway,Inattentive, , , ,1,0,1,0,0,0,0,0,0,0,0,0,0,0
1326902,2012,10,11,13,12,3,43.70834692,-79.53068934,York South-Weston (11),11,Weston (113),113,D12,Etobicoke York,OAK St,KNOB HILL Park, ,Collector,Mid-Block, ,No Control,Clear,Daylight,Dry,Non-Fatal Injury,Rear End,Driver,70 to 74,Major,0,West,"Automobile, Station Wagon",Slowing or Stopping,Driving Properly,Normal, , , , , , ,0,0,1,0,0,0,0,0,0,1,0,0,0,0
1326902,2012,10,11,13,12,3,43.70834692,-79.53068934,York South-Weston (11),11,Weston (113),113,D12,Etobicoke York,OAK St,KNOB HILL Park, ,Collector,Mid-Block, ,No Control,Clear,Daylight,Dry,Non-Fatal Injury,Rear End,Driver,35 to 39,Major,0,West,"Automobile, Station Wagon",Going Ahead,Following too Close,Inattentive, , , , , , ,0,0,1,0,0,0,0,0,0,1,0,0,0,0
6001486402,2016,8,22,13,12,0,43.6495777,-79.43141566,Davenport (18),18,Little Portugal (84),84,D14,Toronto East York,DUFFERIN ST,DUNDAS ST W, ,Minor Arterial,Intersection,At Intersection,Traffic Signal,Clear,Daylight,Dry,Non-Fatal Injury,Pedestrian Collisions,Driver,60 to 64,,0,North,"Automobile, Station Wagon",Turning Left,Failed to Yield Right of Way,Normal, , , , , , ,1,0,1,0,0,0,0,0,0,1,0,0,0,0
6001486402,2016,8,22,13,12,0,43.6495777,-79.43141566,Davenport (18),18,Little Portugal (84),84,D14,Toronto East York,DUFFERIN ST,DUNDAS ST W, ,Minor Arterial,Intersection,At Intersection,Traffic Signal,Clear,Daylight,Dry,Non-Fatal Injury,Pedestrian Collisions,Pedestrian,70 to 74,Major,0,South, , , , ,Vehicle turns left while ped crosses with ROW at inter.,Crossing with right of way,Normal, , , ,1,0,1,0,0,0,0,0,0,1,0,0,0,0
6002227092,2016,12,16,13,12,4,43.72821005,-79.285534,Scarborough Southwest (35),35,Clairlea-Birchmount (120),120,D41,Scarborough,EGLINTON AVE E,PRUDHAM GT,55 m West of,Major Arterial,Mid-Block,Non Intersection,No Control,Clear,Daylight,Slush,Non-Fatal Injury,Pedestrian Collisions,Driver,25 to 29,,0,East,Municipal Transit Bus (TTC),Going Ahead,Driving Properly,Normal, , , , , , ,1,0,0,0,0,1,0,0,0,0,0,0,0,0
6002227092,2016,12,16,13,12,4,43.72821005,-79.285534,Scarborough Southwest (35),35,Clairlea-Birchmount (120),120,D41,Scarborough,EGLINTON AVE E,PRUDHAM GT,55 m West of,Major Arterial,Mid-Block,Non Intersection,No Control,Clear,Daylight,Slush,Non-Fatal Injury,Pedestrian Collisions,Pedestrian,65 to 69,Major,0,Unknown, , , , ,Pedestrian involved in a collision with transit vehicle anywhere along roadway,Running onto Roadway,Other, , , ,1,0,0,0,0,1,0,0,0,0,0,0,0,0
7001187926,2017,7,3,13,12,0,43.68663338,-79.40146229,St. Paul's (22),22,Yonge-St.Clair (97),97,D53,Toronto East York,ST. CLAIR AVE,AVENUE RD [EB WITHIN THE INTERSECT, ,Major Arterial,Intersection,At Intersection,Traffic Signal,Clear,Daylight,Dry,Property Damage Only,Cyclist Collisions,Cyclist,55 to 59,Major,0,East,Bicycle,Turning Left, , , , , , ,Improper Turn,Normal,0,1,0,0,0,1,0,0,0,0,0,0,0,0
7001187926,2017,7,3,13,12,0,43.68663338,-79.40146229,St. Paul's (22),22,Yonge-St.Clair (97),97,D53,Toronto East York,ST. CLAIR AVE,AVENUE RD [EB WITHIN THE INTERSECT, ,Major Arterial,Intersection,At Intersection,Traffic Signal,Clear,Daylight,Dry,Property Damage Only,Cyclist Collisions,Driver,45 to 49,,0,East,Street Car,Going Ahead,Driving Properly,Inattentive, , , , , , ,0,1,0,0,0,1,0,0,0,0,0,0,0,0
6000498147,2016,3,23,13,13,2,43.79666861,-79.24876032,Scarborough-Rouge River (41),41,Agincourt South-Malvern West (128),128,D42,Scarborough,400 NUGGET AVE, ,110 m South of,Minor Arterial,Mid-Block,At/Near Private Drive,No Control,Clear,Daylight,Dry,Non-Fatal Injury,Turning Movement,Driver,40 to 44,,0,South,Passenger Van,Turning Left,Failed to Yield Right of Way,Normal, , , , , , ,0,0,1,0,0,0,0,1,0,1,0,0,0,0
6000498147,2016,3,23,13,13,2,43.79666861,-79.24876032,Scarborough-Rouge River (41),41,Agincourt South-Malvern West (128),128,D42,Scarborough,400 NUGGET AVE, ,110 m South of,Minor Arterial,Mid-Block,At/Near Private Drive,No Control,Clear,Daylight,Dry,Non-Fatal Injury,Turning Movement,Driver,35 to 39,Major,0,West,"Automobile, Station Wagon",Going Ahead,Driving Properly,Normal, , , , , , ,0,0,1,0,0,0,0,1,0,1,0,0,0,0
6000498147,2016,3,23,13,13,2,43.79666861,-79.24876032,Scarborough-Rouge River (41),41,Agincourt South-Malvern West (128),128,D42,Scarborough,400 NUGGET AVE, ,110 m South of,Minor Arterial,Mid-Block,At/Near Private Drive,No Control,Clear,Daylight,Dry,Non-Fatal Injury,Turning Movement,Passenger,25 to 29,Minimal,0, , , , , , , , , , , ,0,0,1,0,0,0,0,1,0,1,0,0,0,0
990888,2007,9,18,13,14,1,43.61854538,-79.53759029,Etobicoke-Lakeshore (5),5,Islington-City Centre West (14),14,D22,Etobicoke York,1541 THE QUEENSWAY, , ,Major Arterial,Mid-Block, ,No Control,Clear,Daylight,Dry,Non-Fatal Injury,Pedestrian Collisions,Passenger,0 to 4,,0, ,Other, , , , , , , , , ,1,0,1,0,0,0,0,1,0,0,0,0,0,0
990888,2007,9,18,13,14,1,43.61854538,-79.53759029,Etobicoke-Lakeshore (5),5,Islington-City Centre West (14),14,D22,Etobicoke York,1541 THE QUEENSWAY, , ,Major Arterial,Mid-Block, ,No Control,Clear,Daylight,Dry,Non-Fatal Injury,Pedestrian Collisions,Driver,30 to 34,,0,West,"Automobile, Station Wagon",Going Ahead,Driving Properly,Normal, , , , , , ,1,0,1,0,0,0,0,1,0,0,0,0,0,0
990888,2007,9,18,13,14,1,43.61854538,-79.53759029,Etobicoke-Lakeshore (5),5,Islington-City Centre West (14),14,D22,Etobicoke York,1541 THE QUEENSWAY, , ,Major Arterial,Mid-Block, ,No Control,Clear,Daylight,Dry,Non-Fatal Injury,Pedestrian Collisions,Pedestrian,35 to 39,Major,0,South,Other,Going Ahead, , ,Pedestrian hit at mid-block,"Crossing, no Traffic Control",Normal, , , ,1,0,1,0,0,0,0,1,0,0,0,0,0,0
1318798,2012,8,27,13,14,0,43.73734538,-79.52609029,York West (7),7,Glenfield-Jane Heights (25),25,D31,Etobicoke York,TORBARRIE RD,SHEPPARD AVE W, ,Collector,Intersection,At Intersection,No Control,Rain,Daylight,Wet,Non-Fatal Injury,Approaching,Vehicle Owner,unknown, ,0, ,Other, , , , , , , , , ,0,0,1,0,1,0,0,0,1,1,0,0,0,0
1318798,2012,8,27,13,14,0,43.73734538,-79.52609029,York West (7),7,Glenfield-Jane Heights (25),25,D31,Etobicoke York,TORBARRIE RD,SHEPPARD AVE W, ,Collector,Intersection,At Intersection,No Control,Rain,Daylight,Wet,Non-Fatal Injury,Approaching,Truck Driver,45 to 49,,0,South,Truck - Open,Going Ahead,Driving Properly,Normal, , , , , , ,0,0,1,0,1,0,0,0,1,1,0,0,0,0
1318798,2012,8,27,13,14,0,43.73734538,-79.52609029,York West (7),7,Glenfield-Jane Heights (25),25,D31,Etobicoke York,TORBARRIE RD,SHEPPARD AVE W, ,Collector,Intersection,At Intersection,No Control,Rain,Daylight,Wet,Non-Fatal Injury,Approaching,Driver,30 to 34,Major,0,North,"Automobile, Station Wagon",Going Ahead,Speed too Fast For Condition,Inattentive, , , , , , ,0,0,1,0,1,0,0,0,1,1,0,0,0,0
1318798,2012,8,27,13,14,0,43.73734538,-79.52609029,York West (7),7,Glenfield-Jane Heights (25),25,D31,Etobicoke York,TORBARRIE RD,SHEPPARD AVE W, ,Collector,Intersection,At Intersection,No Control,Rain,Daylight,Wet,Non-Fatal Injury,Approaching,Vehicle Owner,unknown, ,0, ,Other, , , , , , , , , ,0,0,1,0,1,0,0,0,1,1,0,0,0,0
1357700,2013,4,25,13,14,3,43.65374538,-79.37329029,Toronto Centre-Rosedale (27),27,Church-Yonge Corridor (75),75,D51,Toronto East York,JARVIS St,QUEEN St E, ,Major Arterial,Intersection,At Intersection,Traffic Signal,Clear,Daylight,Dry,Non-Fatal Injury,Pedestrian Collisions,Vehicle Owner,unknown, ,0, ,Other, , , , , , , , , ,1,0,1,0,0,0,0,0,0,0,0,0,0,0
1357700,2013,4,25,13,14,3,43.65374538,-79.37329029,Toronto Centre-Rosedale (27),27,Church-Yonge Corridor (75),75,D51,Toronto East York,JARVIS St,QUEEN St E, ,Major Arterial,Intersection,At Intersection,Traffic Signal,Clear,Daylight,Dry,Non-Fatal Injury,Pedestrian Collisions,Driver,20 to 24,,0,North,"Automobile, Station Wagon",Going Ahead,Driving Properly,Normal, , , , , , ,1,0,1,0,0,0,0,0,0,0,0,0,0,0
1357700,2013,4,25,13,14,3,43.65374538,-79.37329029,Toronto Centre-Rosedale (27),27,Church-Yonge Corridor (75),75,D51,Toronto East York,JARVIS St,QUEEN St E, ,Major Arterial,Intersection,At Intersection,Traffic Signal,Clear,Daylight,Dry,Non-Fatal Injury,Pedestrian Collisions,Pedestrian,35 to 39,Major,0,West,Other, , , ,Vehicle is going straight thru inter.while ped cross without ROW,Running onto Roadway,Normal, , , ,1,0,1,0,0,0,0,0,0,0,0,0,0,0
6001873015,2016,10,21,13,14,4,43.64964636,-79.43142329,Davenport (18),18,Little Portugal (84),84,D14,Toronto East York,DUNDAS ST W,DUFFERIN ST, ,Minor Arterial,Intersection,At Intersection,Traffic Signal,Rain,Daylight,Wet,Non-Fatal Injury,Pedestrian Collisions,Driver,45 to 49,,0,South,Delivery Van,Turning Left,Driving Properly,Normal, , , , , , ,1,0,1,0,0,0,0,0,0,0,0,0,0,0
6001873015,2016,10,21,13,14,4,43.64964636,-79.43142329,Davenport (18),18,Little Portugal (84),84,D14,Toronto East York,DUNDAS ST W,DUFFERIN ST, ,Minor Arterial,Intersection,At Intersection,Traffic Signal,Rain,Daylight,Wet,Non-Fatal Injury,Pedestrian Collisions,Pedestrian,70 to 74,Major,0,North, , , , ,Vehicle turns left while ped crosses without ROW at inter.,Running onto Roadway,Normal, , , ,1,0,1,0,0,0,0,0,0,0,0,0,0,0
1065135,2008,10,18,13,15,5,43.67824538,-79.36889029,Toronto Centre-Rosedale (27),27,Rosedale-Moore Park (98),98,D53,Toronto East York,BAYVIEW BLOOR S RAMP N,BLOOR RAMP, ,Major Arterial,Mid-Block, ,No Control,Clear,Daylight,Dry,Fatal,Approaching,Passenger,50 to 54,,0, ,Other, , , , , , , , , ,0,0,1,1,0,0,0,1,0,0,0,0,0,1
1065135,2008,10,18,13,15,5,43.67824538,-79.36889029,Toronto Centre-Rosedale (27),27,Rosedale-Moore Park (98),98,D53,Toronto East York,BAYVIEW BLOOR S RAMP N,BLOOR RAMP, ,Major Arterial,Mid-Block, ,No Control,Clear,Daylight,Dry,Fatal,Approaching,Passenger,50 to 54,,0, ,Other, , , , , , , , , ,0,0,1,1,0,0,0,1,0,0,0,0,0,1
1065135,2008,10,18,13,15,5,43.67824538,-79.36889029,Toronto Centre-Rosedale (27),27,Rosedale-Moore Park (98),98,D53,Toronto East York,BAYVIEW BLOOR S RAMP N,BLOOR RAMP, ,Major Arterial,Mid-Block, ,No Control,Clear,Daylight,Dry,Fatal,Approaching,Driver,25 to 29,,0,West,"Automobile, Station Wagon",Going Ahead,Driving Properly,Normal, , , , , , ,0,0,1,1,0,0,0,1,0,0,0,0,0,1
1065135,2008,10,18,13,15,5,43.67824538,-79.36889029,Toronto Centre-Rosedale (27),27,Rosedale-Moore Park (98),98,D53,Toronto East York,BAYVIEW BLOOR S RAMP N,BLOOR RAMP, ,Major Arterial,Mid-Block, ,No Control,Clear,Daylight,Dry,Fatal,Approaching,Motorcycle Driver,30 to 34,Fatal,45,East,Motorcycle,Going Ahead,Lost control,Unknown, , , , , , ,0,0,1,1,0,0,0,1,0,0,0,0,0,1
1065135,2008,10,18,13,15,5,43.67824538,-79.36889029,Toronto Centre-Rosedale (27),27,Rosedale-Moore Park (98),98,D53,Toronto East York,BAYVIEW BLOOR S RAMP N,BLOOR RAMP, ,Major Arterial,Mid-Block, ,No Control,Clear,Daylight,Dry,Fatal,Approaching,Driver,20 to 24,,0,West,"Automobile, Station Wagon",Going Ahead,Driving Properly,Normal, , , , , , ,0,0,1,1,0,0,0,1,0,0,0,0,0,1
1088275,2009,1,14,13,15,2,43.68314538,-79.54049029,Etobicoke Centre (4),4,Willowridge-Martingrove-Richview (7),7,D23,Etobicoke York,ISLINGTON Aven,SUMMITCREST Driv, ,Major Arterial,Intersection,At Intersection,Traffic Signal,Clear,Daylight,Dry,Non-Fatal Injury,Pedestrian Collisions,Driver,40 to 44,,0,East,"Automobile, Station Wagon",Turning Left,Failed to Yield Right of Way,Inattentive, , , , , , ,1,0,1,0,0,0,0,0,0,1,0,0,0,0
1088275,2009,1,14,13,15,2,43.68314538,-79.54049029,Etobicoke Centre (4),4,Willowridge-Martingrove-Richview (7),7,D23,Etobicoke York,ISLINGTON Aven,SUMMITCREST Driv, ,Major Arterial,Intersection,At Intersection,Traffic Signal,Clear,Daylight,Dry,Non-Fatal Injury,Pedestrian Collisions,Pedestrian,15 to 19,Major,0,West,Other, , , ,Vehicle turns left while ped crosses with ROW at inter.,Crossing with right of way,Normal, , , ,1,0,1,0,0,0,0,0,0,1,0,0,0,0
1196444,2010,10,21,13,15,3,43.79204538,-79.44759029,York Centre (10),10,Westminster-Branson (35),35,D32,North York,STEELES AVE W,CARPENTER RD, ,Major Arterial,Intersection,At Intersection,Traffic Signal,Clear,Daylight,Dry,Non-Fatal Injury,Pedestrian Collisions,Vehicle Owner,unknown, ,0, ,Other, , , , , , , , , ,1,0,1,0,0,0,0,0,0,1,0,0,0,0
1196444,2010,10,21,13,15,3,43.79204538,-79.44759029,York Centre (10),10,Westminster-Branson (35),35,D32,North York,STEELES AVE W,CARPENTER RD, ,Major Arterial,Intersection,At Intersection,Traffic Signal,Clear,Daylight,Dry,Non-Fatal Injury,Pedestrian Collisions,Driver,20 to 24,,0,South,"Automobile, Station Wagon",Turning Left,Failed to Yield Right of Way,Normal, , , , , , ,1,0,1,0,0,0,0,0,0,1,0,0,0,0
1196444,2010,10,21,13,15,3,43.79204538,-79.44759029,York Centre (10),10,Westminster-Branson (35),35,D32,North York,STEELES AVE W,CARPENTER RD, ,Major Arterial,Intersection,At Intersection,Traffic Signal,Clear,Daylight,Dry,Non-Fatal Injury,Pedestrian Collisions,Pedestrian,60 to 64,Major,0,North,Other, , , ,Vehicle turns left while ped crosses with ROW at inter.,Crossing with right of way,Normal, , , ,1,0,1,0,0,0,0,0,0,1,0,0,0,0