ACCNUM,YEAR,MONTH,DAY,HOUR,MINUTES,WEEKDAY,LATITUDE,LONGITUDE,Ward_Name,Ward_ID,Hood_Name,Hood_ID,Division,District,STREET1,STREET2,OFFSET,ROAD_CLASS,LOCCOORD,ACCLOC,TRAFFCTL,VISIBILITY,LIGHT,RDSFCOND,ACCLASS,IMPACTYPE,INVTYPE,INVAGE,INJURY,FATAL_NO,INITDIR,VEHTYPE,MANOEUVER,DRIVACT,DRIVCOND,PEDTYPE,PEDACT,PEDCOND,CYCLISTYPE,CYCACT,CYCCOND,PEDESTRIAN,CYCLIST,AUTOMOBILE,MOTORCYCLE,TRUCK,TRSN_CITY_VEH,EMERG_VEH,PASSENGER,SPEEDING,AG_DRIV,REDLIGHT,ALCOHOL,DISABILITY,label
992822,2007,9,7,13,30,4,43.80774538,-79.26789029,Scarborough-Rouge River (41),41,Agincourt North (129),129,D42,Scarborough,5001 FINCH AVE E, , ,Major Arterial,Mid-Block, ,No Control,Clear,Daylight,Dry,Non-Fatal Injury,Pedestrian Collisions,Driver,45 to 49,,0,East,Other,Reversing,Other,Inattentive, , , , , , ,1,0,1,0,0,0,0,0,0,0,0,0,0,0
1078711,2008,12,1,13,30,0,43.65974538,-79.40909029,Trinity-Spadina (19),19,Palmerston-Little Italy (80),80,D14,Toronto East York,BATHURST Stre,ULSTER Stre, ,Major Arterial,Intersection,At Intersection,Traffic Signal,Freezing Rain,Daylight,Wet,Non-Fatal Injury,Sideswipe,Motorcycle Driver,35 to 39,Major,0,North,Motorcycle,Changing Lanes,Improper Lane Change,Inattentive, , , , , , ,0,0,1,1,0,0,0,0,0,0,0,0,0,0
1078711,2008,12,1,13,30,0,43.65974538,-79.40909029,Trinity-Spadina (19),19,Palmerston-Little Italy (80),80,D14,Toronto East York,BATHURST Stre,ULSTER Stre, ,Major Arterial,Intersection,At Intersection,Traffic Signal,Freezing Rain,Daylight,Wet,Non-Fatal Injury,Sideswipe,Driver,20 to 24,,0,North,"Automobile, Station Wagon",Going Ahead,Driving Properly,Normal, , , , , , ,0,0,1,1,0,0,0,0,0,0,0,0,0,0
1100239,2009,4,20,13,30,0,43.64632757,-79.44904719,Parkdale-High Park (14),14,Roncesvalles (86),86,D11,Toronto East York,RONCESVALLES AVE,HIGH PARK BLVD, ,Minor Arterial,Intersection, ,Traffic Signal,Rain,Daylight,Wet,Fatal,Pedestrian Collisions,Pedestrian,85 to 89,Fatal,13,West,Other, , , ,Vehicle turns left while ped crosses with ROW at inter.,Crossing with right of way,Normal, , , ,1,0,0,0,0,1,0,0,0,1,0,0,0,1
1100239,2009,4,20,13,30,0,43.64632757,-79.44904719,Parkdale-High Park (14),14,Roncesvalles (86),86,D11,Toronto East York,RONCESVALLES AVE,HIGH PARK BLVD, ,Minor Arterial,Intersection, ,Traffic Signal,Rain,Daylight,Wet,Fatal,Pedestrian Collisions,Vehicle Owner,unknown, ,0, ,Other, , , , , , , , , ,1,0,0,0,0,1,0,0,0,1,0,0,0,1
1100239,2009,4,20,13,30,0,43.64632757,-79.44904719,Parkdale-High Park (14),14,Roncesvalles (86),86,D11,Toronto East York,RONCESVALLES AVE,HIGH PARK BLVD, ,Minor Arterial,Intersection, ,Traffic Signal,Rain,Daylight,Wet,Fatal,Pedestrian Collisions,Driver,40 to 44,,0,East,Municipal Transit Bus (TTC),Turning Left,Failed to Yield Right of Way,Inattentive, , , , , , ,1,0,0,0,0,1,0,0,0,1,0,0,0,1
1244686,2011,6,5,13,30,6,43.74524538,-79.40699029,Eglinton-Lawrence (16),16,Bedford Park-Nortown (39),39,D32,North York,YONGE ST,YORK MILLS RD, ,Major Arterial,Mid-Block, ,No Control,Clear,Daylight,Dry,Non-Fatal Injury,Pedestrian Collisions,Vehicle Owner,unknown, ,0, ,Other, , , , , , , , , ,1,0,0,1,0,0,0,0,1,1,0,0,0,0
1244686,2011,6,5,13,30,6,43.74524538,-79.40699029,Eglinton-Lawrence (16),16,Bedford Park-Nortown (39),39,D32,North York,YONGE ST,YORK MILLS RD, ,Major Arterial,Mid-Block, ,No Control,Clear,Daylight,Dry,Non-Fatal Injury,Pedestrian Collisions,Motorcycle Driver,25 to 29,Minor,0,North,Motorcycle,Other,Exceeding Speed Limit,Normal, , , , , , ,1,0,0,1,0,0,0,0,1,1,0,0,0,0
1244686,2011,6,5,13,30,6,43.74524538,-79.40699029,Eglinton-Lawrence (16),16,Bedford Park-Nortown (39),39,D32,North York,YONGE ST,YORK MILLS RD, ,Major Arterial,Mid-Block, ,No Control,Clear,Daylight,Dry,Non-Fatal Injury,Pedestrian Collisions,Pedestrian,15 to 19,Major,0,North,Other, , , ,Pedestrian hit on sidewalk or shoulder,On Sidewalk or Shoulder,Normal, , , ,1,0,0,1,0,0,0,0,1,1,0,0,0,0
1293196,2012,3,15,13,30,3,43.62894538,-79.55489029,Etobicoke-Lakeshore (5),5,Islington-City Centre West (14),14,D22,Etobicoke York,DUNDAS Stre W,HIGHWAY 427 C  S, ,Major Arterial,Intersection,At Intersection,Traffic Signal,Clear,Daylight,Dry,Non-Fatal Injury,Angle,Driver,50 to 54,,0,North,"Automobile, Station Wagon",Going Ahead,Driving Properly,Normal, , , , , , ,0,0,1,0,0,0,0,1,0,1,0,0,0,0
1293196,2012,3,15,13,30,3,43.62894538,-79.55489029,Etobicoke-Lakeshore (5),5,Islington-City Centre West (14),14,D22,Etobicoke York,DUNDAS Stre W,HIGHWAY 427 C  S, ,Major Arterial,Intersection,At Intersection,Traffic Signal,Clear,Daylight,Dry,Non-Fatal Injury,Angle,Passenger,0 to 4,Major,0, ,Other, , , , , , , , , ,0,0,1,0,0,0,0,1,0,1,0,0,0,0
1293196,2012,3,15,13,30,3,43.62894538,-79.55489029,Etobicoke-Lakeshore (5),5,Islington-City Centre West (14),14,D22,Etobicoke York,DUNDAS Stre W,HIGHWAY 427 C  S, ,Major Arterial,Intersection,At Intersection,Traffic Signal,Clear,Daylight,Dry,Non-Fatal Injury,Angle,Passenger,unknown,Minimal,0, ,Other, , , , , , , , , ,0,0,1,0,0,0,0,1,0,1,0,0,0,0
1293196,2012,3,15,13,30,3,43.62894538,-79.55489029,Etobicoke-Lakeshore (5),5,Islington-City Centre West (14),14,D22,Etobicoke York,DUNDAS Stre W,HIGHWAY 427 C  S, ,Major Arterial,Intersection,At Intersection,Traffic Signal,Clear,Daylight,Dry,Non-Fatal Injury,Angle,Passenger,30 to 34,Minor,0, ,Other, , , , , , , , , ,0,0,1,0,0,0,0,1,0,1,0,0,0,0
1293196,2012,3,15,13,30,3,43.62894538,-79.55489029,Etobicoke-Lakeshore (5),5,Islington-City Centre West (14),14,D22,Etobicoke York,DUNDAS Stre W,HIGHWAY 427 C  S, ,Major Arterial,Intersection,At Intersection,Traffic Signal,Clear,Daylight,Dry,Non-Fatal Injury,Angle,Vehicle Owner,unknown, ,0, ,Other, , , , , , , , , ,0,0,1,0,0,0,0,1,0,1,0,0,0,0
1293196,2012,3,15,13,30,3,43.62894538,-79.55489029,Etobicoke-Lakeshore (5),5,Islington-City Centre West (14),14,D22,Etobicoke York,DUNDAS Stre W,HIGHWAY 427 C  S, ,Major Arterial,Intersection,At Intersection,Traffic Signal,Clear,Daylight,Dry,Non-Fatal Injury,Angle,Driver,25 to 29,Minor,0,East,"Automobile, Station Wagon",Going Ahead,Failed to Yield Right of Way,Normal, , , , , , ,0,0,1,0,0,0,0,1,0,1,0,0,0,0
1293196,2012,3,15,13,30,3,43.62894538,-79.55489029,Etobicoke-Lakeshore (5),5,Islington-City Centre West (14),14,D22,Etobicoke York,DUNDAS Stre W,HIGHWAY 427 C  S, ,Major Arterial,Intersection,At Intersection,Traffic Signal,Clear,Daylight,Dry,Non-Fatal Injury,Angle,Driver,55 to 59,Minimal,0,North,"Automobile, Station Wagon",Going Ahead,Driving Properly,Normal, , , , , , ,0,0,1,0,0,0,0,1,0,1,0,0,0,0
1295331,2012,3,30,13,30,4,43.64964538,-79.49539029,Etobicoke-Lakeshore (5),5,Kingsway South (15),15,D22,Etobicoke York,OLD MILL TRL,BLOOR ST W, ,Collector,Intersection, ,Traffic Signal,Clear,Daylight,Dry,Non-Fatal Injury,Pedestrian Collisions,Driver,40 to 44,,0,South,"Automobile, Station Wagon",Reversing,Other,Normal, , , , , , ,1,0,1,0,0,0,0,0,0,0,0,0,0,0
1295331,2012,3,30,13,30,4,43.64964538,-79.49539029,Etobicoke-Lakeshore (5),5,Kingsway South (15),15,D22,Etobicoke York,OLD MILL TRL,BLOOR ST W, ,Collector,Intersection, ,Traffic Signal,Clear,Daylight,Dry,Non-Fatal Injury,Pedestrian Collisions,Pedestrian,90 to 94,Major,0,East,Other, , , ,Vehicle is reversing and hits pedestrian,Other,Normal, , , ,1,0,1,0,0,0,0,0,0,0,0,0,0,0
4002628533,2014,8,3,13,30,6,43.63919409,-79.5843545,Etobicoke Centre (3),3,Markland Wood (12),12,D22,Etobicoke York,BURNHAMTHORPE RD,MILL RD, ,Major Arterial,Intersection,Intersection Related,Traffic Signal,Clear,Daylight,Dry,Non-Fatal Injury,Turning Movement,Driver,75 to 79,Major,0,West,"Automobile, Station Wagon",Turning Left,Failed to Yield Right of Way,Normal, , , , , , ,0,0,1,0,0,0,0,1,0,1,0,0,0,0
4002628533,2014,8,3,13,30,6,43.63919409,-79.5843545,Etobicoke Centre (3),3,Markland Wood (12),12,D22,Etobicoke York,BURNHAMTHORPE RD,MILL RD, ,Major Arterial,Intersection,Intersection Related,Traffic Signal,Clear,Daylight,Dry,Non-Fatal Injury,Turning Movement,Driver,30 to 34,,0,East,"Automobile, Station Wagon",Going Ahead,Driving Properly,Normal, , , , , , ,0,0,1,0,0,0,0,1,0,1,0,0,0,0
4002628533,2014,8,3,13,30,6,43.63919409,-79.5843545,Etobicoke Centre (3),3,Markland Wood (12),12,D22,Etobicoke York,BURNHAMTHORPE RD,MILL RD, ,Major Arterial,Intersection,Intersection Related,Traffic Signal,Clear,Daylight,Dry,Non-Fatal Injury,Turning Movement,Passenger,35 to 39,Major,0, , , , , , , , , , , ,0,0,1,0,0,0,0,1,0,1,0,0,0,0
4002628533,2014,8,3,13,30,6,43.63919409,-79.5843545,Etobicoke Centre (3),3,Markland Wood (12),12,D22,Etobicoke York,BURNHAMTHORPE RD,MILL RD, ,Major Arterial,Intersection,Intersection Related,Traffic Signal,Clear,Daylight,Dry,Non-Fatal Injury,Turning Movement,Passenger,10 to 14,,0, , , , , , , , , , , ,0,0,1,0,0,0,0,1,0,1,0,0,0,0
2015979465,2015,6,11,13,30,3,43.76926382,-79.41289149,Willowdale (23),23,Willowdale East (51),51,D32,North York,YONGE ST,EMPRESS AVE, ,Major Arterial,Intersection,At Intersection,Traffic Signal,Clear,Daylight,Dry,Fatal,Pedestrian Collisions,Driver,60 to 64,Minor,0,East,"Automobile, Station Wagon",Going Ahead,Lost control,Unknown, , , , , , ,1,0,1,0,0,0,0,0,0,0,0,0,0,1
2015979465,2015,6,11,13,30,3,43.76926382,-79.41289149,Willowdale (23),23,Willowdale East (51),51,D32,North York,YONGE ST,EMPRESS AVE, ,Major Arterial,Intersection,At Intersection,Traffic Signal,Clear,Daylight,Dry,Fatal,Pedestrian Collisions,Pedestrian,55 to 59,Minor,0,Unknown, , , , ,Pedestrian hit on sidewalk or shoulder,On Sidewalk or Shoulder,Normal, , , ,1,0,1,0,0,0,0,0,0,0,0,0,0,1
2015979465,2015,6,11,13,30,3,43.76926382,-79.41289149,Willowdale (23),23,Willowdale East (51),51,D32,North York,YONGE ST,EMPRESS AVE, ,Major Arterial,Intersection,At Intersection,Traffic Signal,Clear,Daylight,Dry,Fatal,Pedestrian Collisions,Driver,55 to 59,,0,East,"Automobile, Station Wagon",Going Ahead,Driving Properly,Normal, , , , , , ,1,0,1,0,0,0,0,0,0,0,0,0,0,1
2015979465,2015,6,11,13,30,3,43.76926382,-79.41289149,Willowdale (23),23,Willowdale East (51),51,D32,North York,YONGE ST,EMPRESS AVE, ,Major Arterial,Intersection,At Intersection,Traffic Signal,Clear,Daylight,Dry,Fatal,Pedestrian Collisions,Pedestrian,55 to 59,Major,0,Unknown, , , , ,Pedestrian hit on sidewalk or shoulder,On Sidewalk or Shoulder,Normal, , , ,1,0,1,0,0,0,0,0,0,0,0,0,0,1
2015979465,2015,6,11,13,30,3,43.76926382,-79.41289149,Willowdale (23),23,Willowdale East (51),51,D32,North York,YONGE ST,EMPRESS AVE, ,Major Arterial,Intersection,At Intersection,Traffic Signal,Clear,Daylight,Dry,Fatal,Pedestrian Collisions,Pedestrian,65 to 69,Major,0,Unknown, , , , ,Pedestrian hit on sidewalk or shoulder,On Sidewalk or Shoulder,Normal, , , ,1,0,1,0,0,0,0,0,0,0,0,0,0,1
2015979465,2015,6,11,13,30,3,43.76926382,-79.41289149,Willowdale (23),23,Willowdale East (51),51,D32,North York,YONGE ST,EMPRESS AVE, ,Major Arterial,Intersection,At Intersection,Traffic Signal,Clear,Daylight,Dry,Fatal,Pedestrian Collisions,Pedestrian,65 to 69,Fatal,29,Unknown, , , , ,Pedestrian hit on sidewalk or shoulder,On Sidewalk or Shoulder,Normal, , , ,1,0,1,0,0,0,0,0,0,0,0,0,0,1
6000044562,2016,1,8,13,30,4,43.70876272,-79.37635432,Don Valley West (26),26,Leaside-Bennington (56),56,D53,Toronto East York,BAYVIEW AVE,PARKHURST BLVD,6 m North of,Major Arterial,Intersection,Intersection Related,Pedestrian Crossover,Clear,Daylight,Wet,Non-Fatal Injury,Pedestrian Collisions,Driver,25 to 29,,0,North,"Automobile, Station Wagon",Going Ahead,Driving Properly,Normal, , , , , , ,1,0,1,0,0,0,0,0,0,0,0,0,0,0
6000044562,2016,1,8,13,30,4,43.70876272,-79.37635432,Don Valley West (26),26,Leaside-Bennington (56),56,D53,Toronto East York,BAYVIEW AVE,PARKHURST BLVD,6 m North of,Major Arterial,Intersection,Intersection Related,Pedestrian Crossover,Clear,Daylight,Wet,Non-Fatal Injury,Pedestrian Collisions,Pedestrian,20 to 24,Major,0,West, , , , ,Vehicle is going straight thru inter.while ped cross without ROW,Crossing without right of way,Inattentive, , , ,1,0,1,0,0,0,0,0,0,0,0,0,0,0
7000224611,2017,2,5,13,30,6,43.75304338,-79.51308829,York West (8),8,Glenfield-Jane Heights (25),25,D31,North York,DRIFTWOOD AV,VENETIAN CRESCENT,19 m South of,Collector,Intersection,Intersection Related,Stop Sign,Drifting Snow,Daylight,Wet,Non-Fatal Injury,Pedestrian Collisions,Driver,10 to 14,,0,East,"Automobile, Station Wagon",Turning Right,Lost control,Inattentive, , , , , , ,1,0,1,0,0,0,0,0,1,1,0,0,0,0
7000224611,2017,2,5,13,30,6,43.75304338,-79.51308829,York West (8),8,Glenfield-Jane Heights (25),25,D31,North York,DRIFTWOOD AV,VENETIAN CRESCENT,19 m South of,Collector,Intersection,Intersection Related,Stop Sign,Drifting Snow,Daylight,Wet,Non-Fatal Injury,Pedestrian Collisions,Pedestrian,55 to 59,Minimal,0, , , , , , , ,Unknown, , , ,1,0,1,0,0,0,0,0,1,1,0,0,0,0
7000224611,2017,2,5,13,30,6,43.75304338,-79.51308829,York West (8),8,Glenfield-Jane Heights (25),25,D31,North York,DRIFTWOOD AV,VENETIAN CRESCENT,19 m South of,Collector,Intersection,Intersection Related,Stop Sign,Drifting Snow,Daylight,Wet,Non-Fatal Injury,Pedestrian Collisions,Pedestrian,55 to 59,Major,0, , , , , , ,Other,Other, , , ,1,0,1,0,0,0,0,0,1,1,0,0,0,0
7001806596,2017,10,5,13,30,3,43.65673038,-79.35944729,Toronto Centre-Rosedale (28),28,Moss Park (73),73,D51,Toronto East York,496 QUEEN ST E,PORTLAND AVE,3 m East of,Major Arterial,Mid-Block,Non Intersection,Traffic Signal,Clear,Daylight,Dry,Non-Fatal Injury,Turning Movement,Driver,30 to 34,,0,West,"Automobile, Station Wagon",Making U Turn,Improper Turn,Normal, , , , , , ,0,0,1,1,0,0,0,0,0,0,0,0,0,0
7001806596,2017,10,5,13,30,3,43.65673038,-79.35944729,Toronto Centre-Rosedale (28),28,Moss Park (73),73,D51,Toronto East York,496 QUEEN ST E,PORTLAND AVE,3 m East of,Major Arterial,Mid-Block,Non Intersection,Traffic Signal,Clear,Daylight,Dry,Non-Fatal Injury,Turning Movement,Motorcycle Driver,30 to 34,Major,0,West,Motorcycle,Going Ahead,Driving Properly,Normal, , , , , , ,0,0,1,1,0,0,0,0,0,0,0,0,0,0
949483,2007,1,19,13,31,4,43.63894538,-79.42739029,Parkdale-High Park (14),14,South Parkdale (85),85,D14,Toronto East York,DUFFERIN ST,KING ST W, ,Minor Arterial,Intersection, ,Traffic Signal,Clear,Daylight,Dry,Non-Fatal Injury,Pedestrian Collisions,Vehicle Owner,unknown,,0, ,Other, , , , , , , , , ,1,0,1,0,0,0,0,0,0,1,0,0,0,0
949483,2007,1,19,13,31,4,43.63894538,-79.42739029,Parkdale-High Park (14),14,South Parkdale (85),85,D14,Toronto East York,DUFFERIN ST,KING ST W, ,Minor Arterial,Intersection, ,Traffic Signal,Clear,Daylight,Dry,Non-Fatal Injury,Pedestrian Collisions,Driver,45 to 49,,0,East,"Automobile, Station Wagon",Turning Left,Failed to Yield Right of Way,Inattentive, , , , , , ,1,0,1,0,0,0,0,0,0,1,0,0,0,0
949483,2007,1,19,13,31,4,43.63894538,-79.42739029,Parkdale-High Park (14),14,South Parkdale (85),85,D14,Toronto East York,DUFFERIN ST,KING ST W, ,Minor Arterial,Intersection, ,Traffic Signal,Clear,Daylight,Dry,Non-Fatal Injury,Pedestrian Collisions,Pedestrian,65 to 69,Major,0,West,Other, , , ,Vehicle turns left while ped crosses with ROW at inter.,Crossing with right of way,Normal, , , ,1,0,1,0,0,0,0,0,0,1,0,0,0,0
1025610,2008,3,4,13,31,1,43.68454538,-79.50809029,York South-Weston (11),11,Mount Dennis (115),115,D12,Etobicoke York,EGLINTON AVE W,SCARLETT RD, ,Major Arterial,Mid-Block,At Intersection,No Control,Clear,Daylight,Dry,Non-Fatal Injury,SMV Other,Driver,70 to 74,Major,0,East,"Automobile, Station Wagon",Going Ahead,Lost control,Medical or Physical Disability, , , , , , ,0,0,1,0,0,0,0,0,0,0,0,0,1,0
1387287,2013,10,13,13,31,6,43.74383887,-79.49087916,York Centre (9),9,Downsview-Roding-CFB (26),26,D31,North York,SHEPPARD Ave W,SENTINEL Rd, ,Major Arterial,Mid-Block, ,No Control,Rain,Daylight,Wet,Non-Fatal Injury,Rear End,Driver,40 to 44,Major,0,East,"Automobile, Station Wagon",Making U Turn,Improper Turn,Inattentive, , , , , , ,0,0,1,0,0,0,0,1,0,0,0,0,0,0
1387287,2013,10,13,13,31,6,43.74383887,-79.49087916,York Centre (9),9,Downsview-Roding-CFB (26),26,D31,North York,SHEPPARD Ave W,SENTINEL Rd, ,Major Arterial,Mid-Block, ,No Control,Rain,Daylight,Wet,Non-Fatal Injury,Rear End,Passenger,5 to 9,Major,0, ,Other, , , , , , , , , ,0,0,1,0,0,0,0,1,0,0,0,0,0,0
1387287,2013,10,13,13,31,6,43.74383887,-79.49087916,York Centre (9),9,Downsview-Roding-CFB (26),26,D31,North York,SHEPPARD Ave W,SENTINEL Rd, ,Major Arterial,Mid-Block, ,No Control,Rain,Daylight,Wet,Non-Fatal Injury,Rear End,Passenger,10 to 14,Major,0, ,Other, , , , , , , , , ,0,0,1,0,0,0,0,1,0,0,0,0,0,0
1387287,2013,10,13,13,31,6,43.74383887,-79.49087916,York Centre (9),9,Downsview-Roding-CFB (26),26,D31,North York,SHEPPARD Ave W,SENTINEL Rd, ,Major Arterial,Mid-Block, ,No Control,Rain,Daylight,Wet,Non-Fatal Injury,Rear End,Passenger,40 to 44,Major,0, ,Other, , , , , , , , , ,0,0,1,0,0,0,0,1,0,0,0,0,0,0
1387287,2013,10,13,13,31,6,43.74383887,-79.49087916,York Centre (9),9,Downsview-Roding-CFB (26),26,D31,North York,SHEPPARD Ave W,SENTINEL Rd, ,Major Arterial,Mid-Block, ,No Control,Rain,Daylight,Wet,Non-Fatal Injury,Rear End,Driver,50 to 54,Major,0,East,"Automobile, Station Wagon",Going Ahead,Driving Properly,Normal, , , , , , ,0,0,1,0,0,0,0,1,0,0,0,0,0,0
5000415624,2015,3,11,13,31,2,43.76174505,-79.33673487,Don Valley East (34),34,Parkwoods-Donalda (45),45,D33,North York,DON VALLEY PARKWAY  S,YORK MILLS RD,545 m North of,Expressway,Mid-Block,Non Intersection,No Control,Clear,Daylight,Dry,Non-Fatal Injury,Rear End,Motorcycle Driver,45 to 49,Major,0,South,Motorcycle,Slowing or Stopping,Following too Close,Other, , , , , , ,0,0,1,1,0,0,0,0,0,1,0,0,0,0
5000415624,2015,3,11,13,31,2,43.76174505,-79.33673487,Don Valley East (34),34,Parkwoods-Donalda (45),45,D33,North York,DON VALLEY PARKWAY  S,YORK MILLS RD,545 m North of,Expressway,Mid-Block,Non Intersection,No Control,Clear,Daylight,Dry,Non-Fatal Injury,Rear End,Driver,60 to 64,,0,South,"Automobile, Station Wagon",Going Ahead,Driving Properly,Normal, , , , , , ,0,0,1,1,0,0,0,0,0,1,0,0,0,0
1029220,2008,3,19,13,32,2,43.64594538,-79.40989029,Trinity-Spadina (19),19,Niagara (82),82,D14,Toronto East York,QUEEN ST W,NIAGARA ST, ,Major Arterial,Intersection,At Intersection,Traffic Signal,Clear,Daylight,Dry,Non-Fatal Injury,Cyclist Collisions,Driver,50 to 54,,0,East,"Automobile, Station Wagon",Turning Right,Improper Turn,Normal, , , , , , ,0,1,1,0,0,0,0,0,0,0,0,0,0,0
1029220,2008,3,19,13,32,2,43.64594538,-79.40989029,Trinity-Spadina (19),19,Niagara (82),82,D14,Toronto East York,QUEEN ST W,NIAGARA ST, ,Major Arterial,Intersection,At Intersection,Traffic Signal,Clear,Daylight,Dry,Non-Fatal Injury,Cyclist Collisions,Cyclist,35 to 39,Major,0,East,Bicycle,Turning Right, , , , , ,Motorist turning right on green or amber at signalized intersection strikes cyclist.,Driving Properly,Normal,0,1,1,0,0,0,0,0,0,0,0,0,0,0
1224139,2011,1,19,13,51,2,43.70014914,-79.31902705,Beaches-East York (31),31,Woodbine-Lumsden (60),60,D54,Toronto East York,O CONNOR DR,WOODBINE AVE, ,Major Arterial,Intersection,At Intersection,Traffic Signal,Snow,Daylight,Wet,Non-Fatal Injury,Pedestrian Collisions,Driver,65 to 69,,0,West,"Automobile, Station Wagon",Going Ahead,Disobeyed Traffic Control,Inattentive, , , , , , ,1,0,1,0,0,0,0,0,0,1,1,0,0,0
1224139,2011,1,19,13,51,2,43.70014914,-79.31902705,Beaches-East York (31),31,Woodbine-Lumsden (60),60,D54,Toronto East York,O CONNOR DR,WOODBINE AVE, ,Major Arterial,Intersection,At Intersection,Traffic Signal,Snow,Daylight,Wet,Non-Fatal Injury,Pedestrian Collisions,Pedestrian,50 to 54,Major,0,South,Other, , , ,Vehicle is going straight thru inter.while ped cross with ROW,Crossing with right of way,Normal, , , ,1,0,1,0,0,0,0,0,0,1,1,0,0,0
957570,2007,3,7,13,52,2,43.78274538,-79.34909029,Don Valley East (33),33,Don Valley Village (47),47,D33,North York,DON MILLS RD E,GODSTONE RD, ,Major Arterial,Intersection,At Intersection,Traffic Signal,Clear,Daylight,Dry,Non-Fatal Injury,Pedestrian Collisions,Driver,25 to 29,,0,North,"Automobile, Station Wagon",Going Ahead,Failed to Yield Right of Way,Normal, , , , , , ,1,0,1,0,0,0,0,0,0,1,0,0,0,0
957570,2007,3,7,13,52,2,43.78274538,-79.34909029,Don Valley East (33),33,Don Valley Village (47),47,D33,North York,DON MILLS RD E,GODSTONE RD, ,Major Arterial,Intersection,At Intersection,Traffic Signal,Clear,Daylight,Dry,Non-Fatal Injury,Pedestrian Collisions,Pedestrian,60 to 64,Minor,0,East,Other, , , ,Vehicle is going straight thru inter.while ped cross with ROW,Crossing with right of way,Normal, , , ,1,0,1,0,0,0,0,0,0,1,0,0,0,0
957570,2007,3,7,13,52,2,43.78274538,-79.34909029,Don Valley East (33),33,Don Valley Village (47),47,D33,North York,DON MILLS RD E,GODSTONE RD, ,Major Arterial,Intersection,At Intersection,Traffic Signal,Clear,Daylight,Dry,Non-Fatal Injury,Pedestrian Collisions,Pedestrian,5 to 9,Major,0,East,Other, , , ,Vehicle is going straight thru inter.while ped cross with ROW,Crossing with right of way,Normal, , , ,1,0,1,0,0,0,0,0,0,1,0,0,0,0
1092716,2009,1,28,13,52,2,43.65904538,-79.38209029,Toronto Centre-Rosedale (27),27,Church-Yonge Corridor (75),75,D51,Toronto East York,GERRARD St E,YONGE St, ,Minor Arterial,Intersection, ,No Control,Snow,Daylight,Packed Snow,Non-Fatal Injury,Rear End,Vehicle Owner,unknown, ,0, ,Other, , , , , , , , , ,0,0,1,0,0,0,0,0,0,0,0,0,0,0
1092716,2009,1,28,13,52,2,43.65904538,-79.38209029,Toronto Centre-Rosedale (27),27,Church-Yonge Corridor (75),75,D51,Toronto East York,GERRARD St E,YONGE St, ,Minor Arterial,Intersection, ,No Control,Snow,Daylight,Packed Snow,Non-Fatal Injury,Rear End,Vehicle Owner,unknown, ,0, ,Other, , , , , , , , , ,0,0,1,0,0,0,0,0,0,0,0,0,0,0
1092716,2009,1,28,13,52,2,43.65904538,-79.38209029,Toronto Centre-Rosedale (27),27,Church-Yonge Corridor (75),75,D51,Toronto East York,GERRARD St E,YONGE St, ,Minor Arterial,Intersection, ,No Control,Snow,Daylight,Packed Snow,Non-Fatal Injury,Rear End,Driver,45 to 49,,0,East,"Automobile, Station Wagon",Stopped,Driving Properly,Normal, , , , , , ,0,0,1,0,0,0,0,0,0,0,0,0,0,0
1092716,2009,1,28,13,52,2,43.65904538,-79.38209029,Toronto Centre-Rosedale (27),27,Church-Yonge Corridor (75),75,D51,Toronto East York,GERRARD St E,YONGE St, ,Minor Arterial,Intersection, ,No Control,Snow,Daylight,Packed Snow,Non-Fatal Injury,Rear End,Driver,20 to 24,Major,0,East,"Automobile, Station Wagon",Slowing or Stopping,Lost control,Normal, , , , , , ,0,0,1,0,0,0,0,0,0,0,0,0,0,0
1112152,2009,5,27,13,52,2,43.66634538,-79.31659029,Beaches-East York (32),32,Greenwood-Coxwell (65),65,D55,Toronto East York,COXWELL Aven,QUEEN Stre E, ,Minor Arterial,Intersection,At Intersection,Traffic Signal,Clear,Daylight,Dry,Non-Fatal Injury,Turning Movement,Vehicle Owner,unknown, ,0, ,Other, , , , , , , , , ,0,0,1,0,0,0,0,0,0,0,0,0,1,0
1112152,2009,5,27,13,52,2,43.66634538,-79.31659029,Beaches-East York (32),32,Greenwood-Coxwell (65),65,D55,Toronto East York,COXWELL Aven,QUEEN Stre E, ,Minor Arterial,Intersection,At Intersection,Traffic Signal,Clear,Daylight,Dry,Non-Fatal Injury,Turning Movement,Driver,35 to 39,,0,North,"Automobile, Station Wagon",Going Ahead,Driving Properly,Normal, , , , , , ,0,0,1,0,0,0,0,0,0,0,0,0,1,0
1112152,2009,5,27,13,52,2,43.66634538,-79.31659029,Beaches-East York (32),32,Greenwood-Coxwell (65),65,D55,Toronto East York,COXWELL Aven,QUEEN Stre E, ,Minor Arterial,Intersection,At Intersection,Traffic Signal,Clear,Daylight,Dry,Non-Fatal Injury,Turning Movement,Driver,45 to 49,,0,West,"Automobile, Station Wagon",Stopped,Driving Properly,Normal, , , , , , ,0,0,1,0,0,0,0,0,0,0,0,0,1,0
1112152,2009,5,27,13,52,2,43.66634538,-79.31659029,Beaches-East York (32),32,Greenwood-Coxwell (65),65,D55,Toronto East York,COXWELL Aven,QUEEN Stre E, ,Minor Arterial,Intersection,At Intersection,Traffic Signal,Clear,Daylight,Dry,Non-Fatal Injury,Turning Movement,Vehicle Owner,unknown, ,0, ,Other, , , , , , , , , ,0,0,1,0,0,0,0,0,0,0,0,0,1,0