ACCNUM,YEAR,MONTH,DAY,HOUR,MINUTES,WEEKDAY,LATITUDE,LONGITUDE,Ward_Name,Ward_ID,Hood_Name,Hood_ID,Division,District,STREET1,STREET2,OFFSET,ROAD_CLASS,LOCCOORD,ACCLOC,TRAFFCTL,VISIBILITY,LIGHT,RDSFCOND,ACCLASS,IMPACTYPE,INVTYPE,INVAGE,INJURY,FATAL_NO,INITDIR,VEHTYPE,MANOEUVER,DRIVACT,DRIVCOND,PEDTYPE,PEDACT,PEDCOND,CYCLISTYPE,CYCACT,CYCCOND,PEDESTRIAN,CYCLIST,AUTOMOBILE,MOTORCYCLE,TRUCK,TRSN_CITY_VEH,EMERG_VEH,PASSENGER,SPEEDING,AG_DRIV,REDLIGHT,ALCOHOL,DISABILITY,label
1112152,2009,5,27,13,52,2,43.66634538,-79.31659029,Beaches-East York (32),32,Greenwood-Coxwell (65),65,D55,Toronto East York,COXWELL Aven,QUEEN Stre E, ,Minor Arterial,Intersection,At Intersection,Traffic Signal,Clear,Daylight,Dry,Non-Fatal Injury,Turning Movement,Driver,35 to 39,Major,0,South,"Automobile, Station Wagon",Turning Left,Improper Turn,Medical or Physical Disability, , , , , , ,0,0,1,0,0,0,0,0,0,0,0,0,1,0
1244535,2011,6,4,13,52,5,43.70724538,-79.39539029,St. Paul's (22),22,Mount Pleasant West (104),104,D53,Toronto East York,DUNFIELD AVE,EGLINTON AVE E, ,Major Arterial,Intersection, ,No Control,Clear,Daylight,Dry,Non-Fatal Injury,Pedestrian Collisions,Vehicle Owner,unknown, ,0, ,Other, , , , , , , , , ,1,0,1,0,0,0,0,0,0,0,0,0,0,0
1244535,2011,6,4,13,52,5,43.70724538,-79.39539029,St. Paul's (22),22,Mount Pleasant West (104),104,D53,Toronto East York,DUNFIELD AVE,EGLINTON AVE E, ,Major Arterial,Intersection, ,No Control,Clear,Daylight,Dry,Non-Fatal Injury,Pedestrian Collisions,Driver,35 to 39,,0,North,"Automobile, Station Wagon",Reversing,Other,Normal, , , , , , ,1,0,1,0,0,0,0,0,0,0,0,0,0,0
985457,2007,8,18,13,45,5,43.70124538,-79.51749029,York South-Weston (11),11,Weston (113),113,D12,Etobicoke York,JOHN ST,WESTON RD, ,Collector,Mid-Block, ,No Control,Clear,Daylight,Dry,Non-Fatal Injury,Pedestrian Collisions,Passenger,20 to 24,,0, ,Other, , , , , , , , , ,1,0,1,0,0,0,0,1,1,1,0,0,0,0
5000415270,2015,3,11,12,40,2,43.78280218,-79.39164362,Willowdale (24),24,Bayview Village (52),52,D33,North York,3157 BAYVIEW AVE, ,10 m South of,Major Arterial,Intersection,Intersection Related,No Control,Clear,Daylight,Dry,Non-Fatal Injury,Rear End,Driver,75 to 79,,0,North,"Automobile, Station Wagon",Slowing or Stopping,Driving Properly,Normal, , , , , , ,0,0,1,0,0,0,0,0,0,1,0,0,0,0
1232009,2011,5,6,14,0,4,43.74414538,-79.40669029,Don Valley West (25),25,St.Andrew-Windfields (40),40,D32,North York,YONGE ST,WILSON AVE, ,Major Arterial,Intersection, ,Traffic Signal,Clear,Daylight,Dry,Non-Fatal Injury,Rear End,Passenger,40 to 44,,0, ,Other, , , , , , , , , ,0,0,1,0,0,0,0,1,0,1,0,0,0,0
1244535,2011,6,4,13,52,5,43.70724538,-79.39539029,St. Paul's (22),22,Mount Pleasant West (104),104,D53,Toronto East York,DUNFIELD AVE,EGLINTON AVE E, ,Major Arterial,Intersection, ,No Control,Clear,Daylight,Dry,Non-Fatal Injury,Pedestrian Collisions,Pedestrian,85 to 89,Major,0,West,Other, , , ,Vehicle is reversing and hits pedestrian,Other,Normal, , , ,1,0,1,0,0,0,0,0,0,0,0,0,0,0
1300266,2012,4,28,13,52,5,43.65704538,-79.37459029,Toronto Centre-Rosedale (27),27,Church-Yonge Corridor (75),75,D51,Toronto East York,JARVIS ST,DUNDAS ST E, ,Major Arterial,Intersection,At Intersection,Traffic Signal,Clear,Daylight,Dry,Non-Fatal Injury,Pedestrian Collisions,Driver,35 to 39,,0,South,"Automobile, Station Wagon",Going Ahead,Driving Properly,Normal, , , , , , ,1,0,1,0,0,0,0,0,0,0,0,0,0,0
1300266,2012,4,28,13,52,5,43.65704538,-79.37459029,Toronto Centre-Rosedale (27),27,Church-Yonge Corridor (75),75,D51,Toronto East York,JARVIS ST,DUNDAS ST E, ,Major Arterial,Intersection,At Intersection,Traffic Signal,Clear,Daylight,Dry,Non-Fatal Injury,Pedestrian Collisions,Pedestrian,30 to 34,Major,0,West,Other, , , ,Vehicle is going straight thru inter.while ped cross without ROW,Running onto Roadway,Unknown, , , ,1,0,1,0,0,0,0,0,0,0,0,0,0,0
1074266,2008,12,5,13,53,4,43.75474538,-79.44219029,York Centre (10),10,Clanton Park (33),33,D32,North York,SHEPPARD AVE W,YEOMANS RD, ,Major Arterial,Mid-Block, ,No Control,Clear,Daylight,Dry,Non-Fatal Injury,Pedestrian Collisions,Vehicle Owner,unknown, ,0, ,Other, , , , , , , , , ,1,0,1,0,0,0,0,0,0,0,0,0,0,0
1074266,2008,12,5,13,53,4,43.75474538,-79.44219029,York Centre (10),10,Clanton Park (33),33,D32,North York,SHEPPARD AVE W,YEOMANS RD, ,Major Arterial,Mid-Block, ,No Control,Clear,Daylight,Dry,Non-Fatal Injury,Pedestrian Collisions,Driver,40 to 44,,0,East,"Automobile, Station Wagon",Slowing or Stopping,Driving Properly,Normal, , , , , , ,1,0,1,0,0,0,0,0,0,0,0,0,0,0
1074266,2008,12,5,13,53,4,43.75474538,-79.44219029,York Centre (10),10,Clanton Park (33),33,D32,North York,SHEPPARD AVE W,YEOMANS RD, ,Major Arterial,Mid-Block, ,No Control,Clear,Daylight,Dry,Non-Fatal Injury,Pedestrian Collisions,Pedestrian,80 to 84,Major,0,South,Other, , , ,Pedestrian hit at mid-block,"Crossing, no Traffic Control",Inattentive, , , ,1,0,1,0,0,0,0,0,0,0,0,0,0,0
1156458,2010,3,8,13,53,0,43.66384538,-79.38419029,Toronto Centre-Rosedale (27),27,Bay Street Corridor (76),76,D52,Toronto East York,YONGE ST,MAITLAND ST, ,Major Arterial,Intersection, ,No Control,Clear,Daylight,Dry,Non-Fatal Injury,Pedestrian Collisions,Vehicle Owner,unknown, ,0, ,Other, , , , , , , , , ,1,0,1,0,0,0,0,0,0,1,0,0,0,0
1156458,2010,3,8,13,53,0,43.66384538,-79.38419029,Toronto Centre-Rosedale (27),27,Bay Street Corridor (76),76,D52,Toronto East York,YONGE ST,MAITLAND ST, ,Major Arterial,Intersection, ,No Control,Clear,Daylight,Dry,Non-Fatal Injury,Pedestrian Collisions,Driver,45 to 49,Minor,0,West,"Automobile, Station Wagon",Turning Left,Failed to Yield Right of Way,Inattentive, , , , , , ,1,0,1,0,0,0,0,0,0,1,0,0,0,0
1156458,2010,3,8,13,53,0,43.66384538,-79.38419029,Toronto Centre-Rosedale (27),27,Bay Street Corridor (76),76,D52,Toronto East York,YONGE ST,MAITLAND ST, ,Major Arterial,Intersection, ,No Control,Clear,Daylight,Dry,Non-Fatal Injury,Pedestrian Collisions,Pedestrian,75 to 79,Major,0,East,Other, , , ,Vehicle turns left while ped crosses with ROW at inter.,Crossing with right of way,Normal, , , ,1,0,1,0,0,0,0,0,0,1,0,0,0,0
1156458,2010,3,8,13,53,0,43.66384538,-79.38419029,Toronto Centre-Rosedale (27),27,Bay Street Corridor (76),76,D52,Toronto East York,YONGE ST,MAITLAND ST, ,Major Arterial,Intersection, ,No Control,Clear,Daylight,Dry,Non-Fatal Injury,Pedestrian Collisions,Pedestrian,75 to 79,Major,0,East,Other, , , ,Vehicle turns left while ped crosses with ROW at inter.,Crossing with right of way,Normal, , , ,1,0,1,0,0,0,0,0,0,1,0,0,0,0
962645,2007,3,11,13,54,6,43.67424538,-79.43469029,Davenport (17),17,Dovercourt-Wallace Emerson-Junction (93),93,D13,Etobicoke York,DAVENPORT RD,DOVERCOURT RD, ,Minor Arterial,Intersection,At Intersection,Stop Sign,Clear,Daylight,Dry,Non-Fatal Injury,Pedestrian Collisions,Driver,45 to 49,,0,West,"Automobile, Station Wagon",Turning Left,Failed to Yield Right of Way,Normal, , , , , , ,1,0,1,0,0,0,0,0,0,1,0,0,0,0
962645,2007,3,11,13,54,6,43.67424538,-79.43469029,Davenport (17),17,Dovercourt-Wallace Emerson-Junction (93),93,D13,Etobicoke York,DAVENPORT RD,DOVERCOURT RD, ,Minor Arterial,Intersection,At Intersection,Stop Sign,Clear,Daylight,Dry,Non-Fatal Injury,Pedestrian Collisions,Pedestrian,60 to 64,Major,0,East,Other, , , ,Vehicle turns left while ped crosses with ROW at inter.,Crossing with right of way,Normal, , , ,1,0,1,0,0,0,0,0,0,1,0,0,0,0
1058699,2008,8,27,13,54,2,43.73874538,-79.30849029,Don Valley East (34),34,Victoria Village (43),43,D33,Scarborough,VICTORIA PARK Aven,SLOANE Aven, ,Major Arterial,Intersection,At Intersection,Stop Sign,Clear,Daylight,Dry,Non-Fatal Injury,Pedestrian Collisions,Motorcycle Driver,45 to 49,Major,0,South,Motorcycle,Going Ahead,Lost control,Normal, , , , , , ,1,0,0,1,0,0,0,0,0,0,0,0,0,0
1058699,2008,8,27,13,54,2,43.73874538,-79.30849029,Don Valley East (34),34,Victoria Village (43),43,D33,Scarborough,VICTORIA PARK Aven,SLOANE Aven, ,Major Arterial,Intersection,At Intersection,Stop Sign,Clear,Daylight,Dry,Non-Fatal Injury,Pedestrian Collisions,Pedestrian,40 to 44,,0, ,Other, , , ,Vehicle is going straight thru inter.while ped cross without ROW,Crossing without right of way,Unknown, , , ,1,0,0,1,0,0,0,0,0,0,0,0,0,0
1254931,2011,7,28,13,54,3,43.77004538,-79.17909029,Scarborough East (44),44,West Hill (136),136,D43,Scarborough,4277 LAWRENCE AVE E, , ,Minor Arterial,Mid-Block, ,No Control,Rain,Daylight,Wet,Non-Fatal Injury,Cyclist Collisions,Driver,35 to 39,,0,North,"Automobile, Station Wagon",Slowing or Stopping,Failed to Yield Right of Way,Normal, , , , , , ,0,1,1,0,0,0,0,0,0,1,0,0,0,0
1254931,2011,7,28,13,54,3,43.77004538,-79.17909029,Scarborough East (44),44,West Hill (136),136,D43,Scarborough,4277 LAWRENCE AVE E, , ,Minor Arterial,Mid-Block, ,No Control,Rain,Daylight,Wet,Non-Fatal Injury,Cyclist Collisions,Cyclist,35 to 39,Major,0,East,Bicycle,Going Ahead, , , , , ,"Motorist without ROW drives into path of cyclist at inter, lnwy, dwy-Driver not turn.",Driving Properly,Other,0,1,1,0,0,0,0,0,0,1,0,0,0,0
6002050023,2016,11,18,13,54,4,43.63528403,-79.56374749999999,Etobicoke Centre (3),3,Markland Wood (12),12,D22,Etobicoke York,BLOOR ST W,RENFORTH DR,10 m West of,Major Arterial,Intersection,Intersection Related,No Control,Clear,Daylight,Dry,Non-Fatal Injury,Pedestrian Collisions,Driver,20 to 24,,0,West,"Automobile, Station Wagon",Going Ahead,Driving Properly,Normal, , , , , , ,1,0,1,0,0,0,0,0,0,0,0,0,0,0
6002050023,2016,11,18,13,54,4,43.63528403,-79.56374749999999,Etobicoke Centre (3),3,Markland Wood (12),12,D22,Etobicoke York,BLOOR ST W,RENFORTH DR,10 m West of,Major Arterial,Intersection,Intersection Related,No Control,Clear,Daylight,Dry,Non-Fatal Injury,Pedestrian Collisions,Pedestrian,80 to 84,Major,0,North, ,Going Ahead, , ,Vehicle is going straight thru inter.while ped cross without ROW,Crossing without right of way,Inattentive, , , ,1,0,1,0,0,0,0,0,0,0,0,0,0,0
951120,2007,2,2,13,55,4,43.76684538,-79.46649029,York West (8),8,York University Heights (27),27,D32,North York,4544 DUFFERIN ST, , ,Major Arterial,Mid-Block, ,No Control,Clear,Daylight,Dry,Non-Fatal Injury,Turning Movement,Vehicle Owner,unknown,,0, ,Other, , , , , , , , , ,0,0,1,0,0,0,0,0,0,1,0,0,0,0
951120,2007,2,2,13,55,4,43.76684538,-79.46649029,York West (8),8,York University Heights (27),27,D32,North York,4544 DUFFERIN ST, , ,Major Arterial,Mid-Block, ,No Control,Clear,Daylight,Dry,Non-Fatal Injury,Turning Movement,Driver,35 to 39,Minor,0,South,"Automobile, Station Wagon",Going Ahead,Driving Properly,Normal, , , , , , ,0,0,1,0,0,0,0,0,0,1,0,0,0,0
951120,2007,2,2,13,55,4,43.76684538,-79.46649029,York West (8),8,York University Heights (27),27,D32,North York,4544 DUFFERIN ST, , ,Major Arterial,Mid-Block, ,No Control,Clear,Daylight,Dry,Non-Fatal Injury,Turning Movement,Driver,55 to 59,Major,0,East,"Automobile, Station Wagon",Turning Left,Failed to Yield Right of Way,Normal, , , , , , ,0,0,1,0,0,0,0,0,0,1,0,0,0,0
1044781,2008,6,4,13,55,2,43.74994538,-79.55229029,York West (7),7,Humbermede (22),22,D31,Etobicoke York,FINCH AVE W,MILVAN DR, ,Major Arterial,Intersection,At Intersection,Traffic Signal,Clear,Daylight,Dry,Non-Fatal Injury,Angle,Vehicle Owner,unknown, ,0, ,Other, , , , , , , , , ,0,0,1,0,0,0,0,0,1,1,1,0,0,0
1044781,2008,6,4,13,55,2,43.74994538,-79.55229029,York West (7),7,Humbermede (22),22,D31,Etobicoke York,FINCH AVE W,MILVAN DR, ,Major Arterial,Intersection,At Intersection,Traffic Signal,Clear,Daylight,Dry,Non-Fatal Injury,Angle,Driver,50 to 54,Minimal,0,South,"Automobile, Station Wagon",Stopped,Driving Properly,Normal, , , , , , ,0,0,1,0,0,0,0,0,1,1,1,0,0,0
1044781,2008,6,4,13,55,2,43.74994538,-79.55229029,York West (7),7,Humbermede (22),22,D31,Etobicoke York,FINCH AVE W,MILVAN DR, ,Major Arterial,Intersection,At Intersection,Traffic Signal,Clear,Daylight,Dry,Non-Fatal Injury,Angle,Driver,25 to 29,Minimal,0,West,"Automobile, Station Wagon",Going Ahead,Disobeyed Traffic Control,Normal, , , , , , ,0,0,1,0,0,0,0,0,1,1,1,0,0,0
1044781,2008,6,4,13,55,2,43.74994538,-79.55229029,York West (7),7,Humbermede (22),22,D31,Etobicoke York,FINCH AVE W,MILVAN DR, ,Major Arterial,Intersection,At Intersection,Traffic Signal,Clear,Daylight,Dry,Non-Fatal Injury,Angle,Driver,60 to 64,Major,0,North,"Automobile, Station Wagon",Going Ahead,Driving Properly,Normal, , , , , , ,0,0,1,0,0,0,0,0,1,1,1,0,0,0
1043639,2008,6,16,13,55,0,43.73884538,-79.43439029,York Centre (10),10,Clanton Park (33),33,D32,North York,BATHURST ST N,SOUTHBOURNE AVE, ,Major Arterial,Mid-Block, ,No Control,Clear,Daylight,Dry,Non-Fatal Injury,Pedestrian Collisions,Vehicle Owner,unknown, ,0, ,Other, , , , , , , , , ,1,0,1,0,0,0,0,0,0,0,0,0,0,0
1043639,2008,6,16,13,55,0,43.73884538,-79.43439029,York Centre (10),10,Clanton Park (33),33,D32,North York,BATHURST ST N,SOUTHBOURNE AVE, ,Major Arterial,Mid-Block, ,No Control,Clear,Daylight,Dry,Non-Fatal Injury,Pedestrian Collisions,Driver,20 to 24,,0,North,"Automobile, Station Wagon",Going Ahead,Driving Properly,Normal, , , , , , ,1,0,1,0,0,0,0,0,0,0,0,0,0,0
1043639,2008,6,16,13,55,0,43.73884538,-79.43439029,York Centre (10),10,Clanton Park (33),33,D32,North York,BATHURST ST N,SOUTHBOURNE AVE, ,Major Arterial,Mid-Block, ,No Control,Clear,Daylight,Dry,Non-Fatal Injury,Pedestrian Collisions,Pedestrian,35 to 39,Major,0,East,Other, , , ,Pedestrian hit at mid-block,"Crossing, no Traffic Control",Inattentive, , , ,1,0,1,0,0,0,0,0,0,0,0,0,0,0
1043639,2008,6,16,13,55,0,43.73884538,-79.43439029,York Centre (10),10,Clanton Park (33),33,D32,North York,BATHURST ST N,SOUTHBOURNE AVE, ,Major Arterial,Mid-Block, ,No Control,Clear,Daylight,Dry,Non-Fatal Injury,Pedestrian Collisions,Pedestrian,0 to 4,Major,0,East,Other, , , ,Pedestrian hit at mid-block,"Crossing, no Traffic Control",Inattentive, , , ,1,0,1,0,0,0,0,0,0,0,0,0,0,0
1058363,2008,8,22,13,55,4,43.62734538,-79.56239029,Etobicoke-Lakeshore (5),5,Markland Wood (12),12,D22,Etobicoke York,DUNDAS Stre W,WEST MALL Cres, ,Major Arterial,Intersection,At Intersection,Traffic Signal,Clear,Daylight,Dry,Non-Fatal Injury,Turning Movement,Vehicle Owner,unknown, ,0, ,Other, , , , , , , , , ,0,0,1,0,0,0,0,0,0,1,0,0,0,0
1058363,2008,8,22,13,55,4,43.62734538,-79.56239029,Etobicoke-Lakeshore (5),5,Markland Wood (12),12,D22,Etobicoke York,DUNDAS Stre W,WEST MALL Cres, ,Major Arterial,Intersection,At Intersection,Traffic Signal,Clear,Daylight,Dry,Non-Fatal Injury,Turning Movement,Driver,15 to 19,,0,West, ,Turning Left,Failed to Yield Right of Way,Inattentive, , , , , , ,0,0,1,0,0,0,0,0,0,1,0,0,0,0
1058363,2008,8,22,13,55,4,43.62734538,-79.56239029,Etobicoke-Lakeshore (5),5,Markland Wood (12),12,D22,Etobicoke York,DUNDAS Stre W,WEST MALL Cres, ,Major Arterial,Intersection,At Intersection,Traffic Signal,Clear,Daylight,Dry,Non-Fatal Injury,Turning Movement,Vehicle Owner,unknown, ,0, ,Other, , , , , , , , , ,0,0,1,0,0,0,0,0,0,1,0,0,0,0
1058363,2008,8,22,13,55,4,43.62734538,-79.56239029,Etobicoke-Lakeshore (5),5,Markland Wood (12),12,D22,Etobicoke York,DUNDAS Stre W,WEST MALL Cres, ,Major Arterial,Intersection,At Intersection,Traffic Signal,Clear,Daylight,Dry,Non-Fatal Injury,Turning Movement,Driver,40 to 44,,0,North, ,Stopped,Driving Properly,Normal, , , , , , ,0,0,1,0,0,0,0,0,0,1,0,0,0,0
1058363,2008,8,22,13,55,4,43.62734538,-79.56239029,Etobicoke-Lakeshore (5),5,Markland Wood (12),12,D22,Etobicoke York,DUNDAS Stre W,WEST MALL Cres, ,Major Arterial,Intersection,At Intersection,Traffic Signal,Clear,Daylight,Dry,Non-Fatal Injury,Turning Movement,Driver,25 to 29,Major,0,East,"Automobile, Station Wagon",Going Ahead,Driving Properly,Normal, , , , , , ,0,0,1,0,0,0,0,0,0,1,0,0,0,0
1081583,2009,1,14,13,55,2,43.81424538,-79.23709029,Scarborough-Rouge River (42),42,Rouge (131),131,D42,Scarborough,TAPSCOTT RD,FINCH AVE E, ,Minor Arterial,Intersection,At Intersection,Traffic Signal,Snow,Daylight,Wet,Non-Fatal Injury,Pedestrian Collisions,Vehicle Owner,unknown, ,0, ,Other, , , , , , , , , ,1,0,1,0,0,0,0,0,0,1,0,0,0,0
1081583,2009,1,14,13,55,2,43.81424538,-79.23709029,Scarborough-Rouge River (42),42,Rouge (131),131,D42,Scarborough,TAPSCOTT RD,FINCH AVE E, ,Minor Arterial,Intersection,At Intersection,Traffic Signal,Snow,Daylight,Wet,Non-Fatal Injury,Pedestrian Collisions,Driver,35 to 39,,0,North,"Automobile, Station Wagon",Turning Left,Failed to Yield Right of Way,Normal, , , , , , ,1,0,1,0,0,0,0,0,0,1,0,0,0,0
1081583,2009,1,14,13,55,2,43.81424538,-79.23709029,Scarborough-Rouge River (42),42,Rouge (131),131,D42,Scarborough,TAPSCOTT RD,FINCH AVE E, ,Minor Arterial,Intersection,At Intersection,Traffic Signal,Snow,Daylight,Wet,Non-Fatal Injury,Pedestrian Collisions,Pedestrian,60 to 64,Major,0, ,Other, , , ,Vehicle turns left while ped crosses with ROW at inter.,Crossing with right of way,Normal, , , ,1,0,1,0,0,0,0,0,0,1,0,0,0,0
1253770,2011,9,13,13,55,1,43.69391592,-79.31036768,Beaches-East York (31),31,Woodbine-Lumsden (60),60,D54,Toronto East York,LUMSDEN AVE,OAK PARK AVE, ,Minor Arterial,Intersection,At Intersection,Stop Sign,Clear,Daylight,Dry,Non-Fatal Injury,Pedestrian Collisions,Driver,50 to 54,,0, ,"Automobile, Station Wagon",Going Ahead, , , , , , , , ,1,0,1,0,0,0,0,0,0,0,0,0,0,0
1253770,2011,9,13,13,55,1,43.69391592,-79.31036768,Beaches-East York (31),31,Woodbine-Lumsden (60),60,D54,Toronto East York,LUMSDEN AVE,OAK PARK AVE, ,Minor Arterial,Intersection,At Intersection,Stop Sign,Clear,Daylight,Dry,Non-Fatal Injury,Pedestrian Collisions,Pedestrian,unknown,Major,0, ,Other,Other, , , , , , , , ,1,0,1,0,0,0,0,0,0,0,0,0,0,0
1253770,2011,9,13,13,55,1,43.69391592,-79.31036768,Beaches-East York (31),31,Woodbine-Lumsden (60),60,D54,Toronto East York,LUMSDEN AVE,OAK PARK AVE, ,Minor Arterial,Intersection,At Intersection,Stop Sign,Clear,Daylight,Dry,Non-Fatal Injury,Pedestrian Collisions,Driver,unknown,,0, ,"Automobile, Station Wagon",Unknown, , , , , , , , ,1,0,1,0,0,0,0,0,0,0,0,0,0,0
1274299,2011,11,12,13,55,5,43.68354538,-79.48129029,York South-Weston (11),11,Rockcliffe-Smythe (111),111,D12,Etobicoke York,WESTON Road,CORDELLA Aven, ,Minor Arterial,Intersection,At Intersection,No Control,Clear,Daylight,Dry,Non-Fatal Injury,Turning Movement,Vehicle Owner,unknown, ,0, ,Other, , , , , , , , , ,0,0,1,0,0,0,0,0,0,0,0,0,0,0
1274299,2011,11,12,13,55,5,43.68354538,-79.48129029,York South-Weston (11),11,Rockcliffe-Smythe (111),111,D12,Etobicoke York,WESTON Road,CORDELLA Aven, ,Minor Arterial,Intersection,At Intersection,No Control,Clear,Daylight,Dry,Non-Fatal Injury,Turning Movement,Driver,75 to 79,Major,0,East,"Automobile, Station Wagon",Going Ahead,Driving Properly,Normal, , , , , , ,0,0,1,0,0,0,0,0,0,0,0,0,0,0
1274299,2011,11,12,13,55,5,43.68354538,-79.48129029,York South-Weston (11),11,Rockcliffe-Smythe (111),111,D12,Etobicoke York,WESTON Road,CORDELLA Aven, ,Minor Arterial,Intersection,At Intersection,No Control,Clear,Daylight,Dry,Non-Fatal Injury,Turning Movement,Driver,55 to 59,Major,0,West,"Automobile, Station Wagon",Making U Turn,Improper Turn,Inattentive, , , , , , ,0,0,1,0,0,0,0,0,0,0,0,0,0,0
1377456,2013,7,13,13,55,5,43.81212958,-79.3019372,Scarborough-Agincourt (39),39,Milliken (130),130,D42,Scarborough,KENNEDY RD,MCNICOLL Ave, ,Major Arterial,Intersection,At Intersection,Traffic Signal,Clear,Daylight,Dry,Non-Fatal Injury,Turning Movement,Motorcycle Driver,20 to 24,Major,0,North,Motorcycle,Going Ahead,Driving Properly,Normal, , , , , , ,0,0,1,1,0,0,0,0,0,1,0,0,0,0
1377456,2013,7,13,13,55,5,43.81212958,-79.3019372,Scarborough-Agincourt (39),39,Milliken (130),130,D42,Scarborough,KENNEDY RD,MCNICOLL Ave, ,Major Arterial,Intersection,At Intersection,Traffic Signal,Clear,Daylight,Dry,Non-Fatal Injury,Turning Movement,Driver,20 to 24,,0,South,"Automobile, Station Wagon",Turning Left,Failed to Yield Right of Way,Inattentive, , , , , , ,0,0,1,1,0,0,0,0,0,1,0,0,0,0
1387422,2013,9,23,13,55,0,43.72049292,-79.33886347,Don Valley West (26),26,Flemingdon Park (44),44,D54,North York,DON MILLS RD,EGLINTON AVE E, ,Major Arterial,Intersection, ,Traffic Signal,Clear,Daylight,Dry,Non-Fatal Injury,Turning Movement,Motorcycle Driver,40 to 44,Major,0,South,Motorcycle,Going Ahead,Driving Properly,Normal, , , , , , ,0,0,1,1,0,0,0,0,0,1,0,0,0,0
1387422,2013,9,23,13,55,0,43.72049292,-79.33886347,Don Valley West (26),26,Flemingdon Park (44),44,D54,North York,DON MILLS RD,EGLINTON AVE E, ,Major Arterial,Intersection, ,Traffic Signal,Clear,Daylight,Dry,Non-Fatal Injury,Turning Movement,Driver,80 to 84,,0,North,"Automobile, Station Wagon",Turning Left,Failed to Yield Right of Way,Normal, , , , , , ,0,0,1,1,0,0,0,0,0,1,0,0,0,0
6001345276,2016,7,31,13,55,6,43.78297384,-79.1923791,Scarborough East (43),43,Morningside (135),135,D43,Scarborough,MORNINGSIDE AVE,ELLESMERE RD,282 m South of,Major Arterial,Mid-Block,Non Intersection,No Control,Rain,Daylight,Wet,Non-Fatal Injury,Turning Movement,Driver,60 to 64,Major,0,North,"Automobile, Station Wagon",Making U Turn,Disobeyed Traffic Control,Inattentive, , , , , , ,0,0,1,0,0,0,0,1,0,1,0,0,0,0
6001345276,2016,7,31,13,55,6,43.78297384,-79.1923791,Scarborough East (43),43,Morningside (135),135,D43,Scarborough,MORNINGSIDE AVE,ELLESMERE RD,282 m South of,Major Arterial,Mid-Block,Non Intersection,No Control,Rain,Daylight,Wet,Non-Fatal Injury,Turning Movement,Driver,25 to 29,,0,North,"Automobile, Station Wagon",Going Ahead,Driving Properly,Normal, , , , , , ,0,0,1,0,0,0,0,1,0,1,0,0,0,0
6001345276,2016,7,31,13,55,6,43.78297384,-79.1923791,Scarborough East (43),43,Morningside (135),135,D43,Scarborough,MORNINGSIDE AVE,ELLESMERE RD,282 m South of,Major Arterial,Mid-Block,Non Intersection,No Control,Rain,Daylight,Wet,Non-Fatal Injury,Turning Movement,Passenger,25 to 29,,0, , , , , , , , , , , ,0,0,1,0,0,0,0,1,0,1,0,0,0,0
1233062,2011,5,14,13,56,5,43.64254538,-79.42719029,Davenport (18),18,Little Portugal (84),84,D14,Toronto East York,QUEEN ST W,GLADSTONE AVE, ,Major Arterial,Intersection,At Intersection,Traffic Signal,"Fog, Mist, Smoke, Dust",Daylight,Dry,Non-Fatal Injury,Turning Movement,Motorcycle Driver,25 to 29,Major,0,West,Motorcycle,Going Ahead,Exceeding Speed Limit,Inattentive, , , , , , ,0,0,1,1,0,0,0,0,1,1,0,0,0,0
1233062,2011,5,14,13,56,5,43.64254538,-79.42719029,Davenport (18),18,Little Portugal (84),84,D14,Toronto East York,QUEEN ST W,GLADSTONE AVE, ,Major Arterial,Intersection,At Intersection,Traffic Signal,"Fog, Mist, Smoke, Dust",Daylight,Dry,Non-Fatal Injury,Turning Movement,Driver,65 to 69,,0,East,"Automobile, Station Wagon",Turning Left,Failed to Yield Right of Way,Unknown, , , , , , ,0,0,1,1,0,0,0,0,1,1,0,0,0,0
4003269360,2014,11,9,13,56,6,43.73486288,-79.30122767,Scarborough Centre (37),37,Wexford/Maryvale (119),119,D41,Scarborough,PHARMACY AVE,INNISDALE DR, ,Minor Arterial,Intersection,Intersection Related,Traffic Signal,Clear,Daylight,Dry,Non-Fatal Injury,Rear End,Motorcycle Driver,25 to 29,Major,0,South,Motorcycle,Going Ahead,Following too Close,Normal, , , , , , ,0,0,1,1,0,0,0,0,0,1,0,0,0,0
4003269360,2014,11,9,13,56,6,43.73486288,-79.30122767,Scarborough Centre (37),37,Wexford/Maryvale (119),119,D41,Scarborough,PHARMACY AVE,INNISDALE DR, ,Minor Arterial,Intersection,Intersection Related,Traffic Signal,Clear,Daylight,Dry,Non-Fatal Injury,Rear End,Driver,80 to 84,,0,South,"Automobile, Station Wagon",Going Ahead,Driving Properly,Normal, , , , , , ,0,0,1,1,0,0,0,0,0,1,0,0,0,0
6001519318,2016,8,27,13,56,5,43.61742743,-79.49888239,Etobicoke-Lakeshore (6),6,Mimico (includes Humber Bay Shores) (17),17,D22,Etobicoke York,ROYAL YORK RD,NEWCASTLE ST, ,Minor Arterial,Intersection,At Intersection,Traffic Signal,Clear,Daylight,Dry,Non-Fatal Injury,Pedestrian Collisions,Driver,70 to 74,,0,West,"Automobile, Station Wagon",Turning Left,Failed to Yield Right of Way,Normal, , , , , , ,1,0,1,0,0,0,0,0,0,1,0,0,0,0