ACCNUM,YEAR,MONTH,DAY,HOUR,MINUTES,WEEKDAY,LATITUDE,LONGITUDE,Ward_Name,Ward_ID,Hood_Name,Hood_ID,Division,District,STREET1,STREET2,OFFSET,ROAD_CLASS,LOCCOORD,ACCLOC,TRAFFCTL,VISIBILITY,LIGHT,RDSFCOND,ACCLASS,IMPACTYPE,INVTYPE,INVAGE,INJURY,FATAL_NO,INITDIR,VEHTYPE,MANOEUVER,DRIVACT,DRIVCOND,PEDTYPE,PEDACT,PEDCOND,CYCLISTYPE,CYCACT,CYCCOND,PEDESTRIAN,CYCLIST,AUTOMOBILE,MOTORCYCLE,TRUCK,TRSN_CITY_VEH,EMERG_VEH,PASSENGER,SPEEDING,AG_DRIV,REDLIGHT,ALCOHOL,DISABILITY,label
6001519318,2016,8,27,13,56,5,43.61742743,-79.49888239,Etobicoke-Lakeshore (6),6,Mimico (includes Humber Bay Shores) (17),17,D22,Etobicoke York,ROYAL YORK RD,NEWCASTLE ST, ,Minor Arterial,Intersection,At Intersection,Traffic Signal,Clear,Daylight,Dry,Non-Fatal Injury,Pedestrian Collisions,Pedestrian,65 to 69,Major,0,East, , , , ,Vehicle turns left while ped crosses with ROW at inter.,Crossing with right of way,Normal, , , ,1,0,1,0,0,0,0,0,0,1,0,0,0,0
954405,2007,2,19,13,58,0,43.65234538,-79.39779029,Trinity-Spadina (20),20,Kensington-Chinatown (78),78,D52,Toronto East York,SPADINA AVE,WILLISON SQ, ,Major Arterial,Intersection, ,No Control,Clear,Daylight,Wet,Fatal,Pedestrian Collisions,Pedestrian,55 to 59,Fatal,0,East,Other, , , ,Pedestrian hit at mid-block,"Crossing, no Traffic Control",Normal, , , ,1,0,1,0,0,0,0,0,0,0,0,0,0,1
954405,2007,2,19,13,58,0,43.65234538,-79.39779029,Trinity-Spadina (20),20,Kensington-Chinatown (78),78,D52,Toronto East York,SPADINA AVE,WILLISON SQ, ,Major Arterial,Intersection, ,No Control,Clear,Daylight,Wet,Fatal,Pedestrian Collisions,Vehicle Owner,unknown, ,0, ,Other, , , , , , , , , ,1,0,1,0,0,0,0,0,0,0,0,0,0,1
954405,2007,2,19,13,58,0,43.65234538,-79.39779029,Trinity-Spadina (20),20,Kensington-Chinatown (78),78,D52,Toronto East York,SPADINA AVE,WILLISON SQ, ,Major Arterial,Intersection, ,No Control,Clear,Daylight,Wet,Fatal,Pedestrian Collisions,Driver,35 to 39,,0,North,"Automobile, Station Wagon",Going Ahead,Driving Properly,Normal, , , , , , ,1,0,1,0,0,0,0,0,0,0,0,0,0,1
963934,2007,3,19,14,0,0,43.65704538,-79.37459029,Toronto Centre-Rosedale (27),27,Church-Yonge Corridor (75),75,D51,Toronto East York,JARVIS ST,DUNDAS ST E, ,Major Arterial,Intersection,At Intersection,Traffic Signal,Clear,Daylight,Wet,Non-Fatal Injury,Pedestrian Collisions,Driver,20 to 24,,0,North,"Automobile, Station Wagon",Slowing or Stopping,Disobeyed Traffic Control,Had Been Drinking, , , , , , ,1,0,1,0,0,0,0,0,0,1,1,0,0,0
963934,2007,3,19,14,0,0,43.65704538,-79.37459029,Toronto Centre-Rosedale (27),27,Church-Yonge Corridor (75),75,D51,Toronto East York,JARVIS ST,DUNDAS ST E, ,Major Arterial,Intersection,At Intersection,Traffic Signal,Clear,Daylight,Wet,Non-Fatal Injury,Pedestrian Collisions,Pedestrian,55 to 59,Major,0,West,Other, , , ,Vehicle is going straight thru inter.while ped cross with ROW,Crossing with right of way,Normal, , , ,1,0,1,0,0,0,0,0,0,1,1,0,0,0
1047995,2008,6,13,14,0,4,43.65514538,-79.41899029,Trinity-Spadina (19),19,Trinity-Bellwoods (81),81,D14,Toronto East York,COLLEGE St,CRAWFORD St, ,Major Arterial,Intersection, ,No Control,Clear,Daylight,Dry,Non-Fatal Injury,Cyclist Collisions,Vehicle Owner,unknown, ,0, ,Other, , , , , , , , , ,0,1,1,0,0,0,0,0,0,0,0,0,0,0
1047995,2008,6,13,14,0,4,43.65514538,-79.41899029,Trinity-Spadina (19),19,Trinity-Bellwoods (81),81,D14,Toronto East York,COLLEGE St,CRAWFORD St, ,Major Arterial,Intersection, ,No Control,Clear,Daylight,Dry,Non-Fatal Injury,Cyclist Collisions,Driver,60 to 64,,0,West,Taxi,Changing Lanes,Improper Lane Change,Normal, , , , , , ,0,1,1,0,0,0,0,0,0,0,0,0,0,0
1047995,2008,6,13,14,0,4,43.65514538,-79.41899029,Trinity-Spadina (19),19,Trinity-Bellwoods (81),81,D14,Toronto East York,COLLEGE St,CRAWFORD St, ,Major Arterial,Intersection, ,No Control,Clear,Daylight,Dry,Non-Fatal Injury,Cyclist Collisions,Cyclist,50 to 54,Major,0,West,Bicycle,Going Ahead, , , , , ,Cyclist and Driver travelling in same direction. One vehicle sideswipes the other.,Driving Properly,Normal,0,1,1,0,0,0,0,0,0,0,0,0,0,0
1107892,2009,6,4,14,0,3,43.69599875,-79.3540536,Toronto-Danforth (29),29,Broadview North (57),57,D54,Toronto East York,DON VALLEY PARKWAY  S,BEECHWOOD DR, ,Expressway,Mid-Block,Non Intersection,No Control,Clear,Daylight,Dry,Non-Fatal Injury,SMV Other,Passenger,25 to 29,Minimal,0, , , , , , , , , , , ,0,0,1,0,0,0,0,1,0,0,0,0,0,0
1107892,2009,6,4,14,0,3,43.69599875,-79.3540536,Toronto-Danforth (29),29,Broadview North (57),57,D54,Toronto East York,DON VALLEY PARKWAY  S,BEECHWOOD DR, ,Expressway,Mid-Block,Non Intersection,No Control,Clear,Daylight,Dry,Non-Fatal Injury,SMV Other,Driver,30 to 34,Major,0,South,"Automobile, Station Wagon",Slowing or Stopping,Lost control,Inattentive, , , , , , ,0,0,1,0,0,0,0,1,0,0,0,0,0,0
1107892,2009,6,4,14,0,3,43.69599875,-79.3540536,Toronto-Danforth (29),29,Broadview North (57),57,D54,Toronto East York,DON VALLEY PARKWAY  S,BEECHWOOD DR, ,Expressway,Mid-Block,Non Intersection,No Control,Clear,Daylight,Dry,Non-Fatal Injury,SMV Other,Driver,40 to 44,,0,South,"Automobile, Station Wagon",Slowing or Stopping,Driving Properly,Normal, , , , , , ,0,0,1,0,0,0,0,1,0,0,0,0,0,0
1118884,2009,8,15,14,0,5,43.76844538,-79.18619029,Scarborough East (44),44,West Hill (136),136,D43,Scarborough,LAWRENCE Aven E,MORNINGSIDE Aven, ,Major Arterial,Intersection,At Intersection,Traffic Signal,Clear,Daylight,Dry,Non-Fatal Injury,Angle,Vehicle Owner,unknown, ,0, ,Other, , , , , , , , , ,0,0,1,0,0,0,0,0,0,1,1,0,0,0
1118884,2009,8,15,14,0,5,43.76844538,-79.18619029,Scarborough East (44),44,West Hill (136),136,D43,Scarborough,LAWRENCE Aven E,MORNINGSIDE Aven, ,Major Arterial,Intersection,At Intersection,Traffic Signal,Clear,Daylight,Dry,Non-Fatal Injury,Angle,Driver,65 to 69,Minimal,0,North,"Automobile, Station Wagon",Going Ahead,Disobeyed Traffic Control,Normal, , , , , , ,0,0,1,0,0,0,0,0,0,1,1,0,0,0
1118884,2009,8,15,14,0,5,43.76844538,-79.18619029,Scarborough East (44),44,West Hill (136),136,D43,Scarborough,LAWRENCE Aven E,MORNINGSIDE Aven, ,Major Arterial,Intersection,At Intersection,Traffic Signal,Clear,Daylight,Dry,Non-Fatal Injury,Angle,Driver,55 to 59,Major,0,West,"Automobile, Station Wagon",Going Ahead,Driving Properly,Normal, , , , , , ,0,0,1,0,0,0,0,0,0,1,1,0,0,0
1129211,2009,9,9,14,0,2,43.66204538,-79.36849029,Toronto Centre-Rosedale (28),28,Moss Park (73),73,D51,Toronto East York,GERRARD ST E,BERKELEY ST, ,Minor Arterial,Intersection, ,No Control,Clear,Daylight,Dry,Non-Fatal Injury,Turning Movement,Motorcycle Driver,25 to 29,Major,0,West,Motorcycle,Going Ahead,Driving Properly,Normal, , , , , , ,0,0,1,1,0,0,0,0,0,0,0,0,0,0
1129211,2009,9,9,14,0,2,43.66204538,-79.36849029,Toronto Centre-Rosedale (28),28,Moss Park (73),73,D51,Toronto East York,GERRARD ST E,BERKELEY ST, ,Minor Arterial,Intersection, ,No Control,Clear,Daylight,Dry,Non-Fatal Injury,Turning Movement,Vehicle Owner,unknown, ,0, ,Other, , , , , , , , , ,0,0,1,1,0,0,0,0,0,0,0,0,0,0
1129211,2009,9,9,14,0,2,43.66204538,-79.36849029,Toronto Centre-Rosedale (28),28,Moss Park (73),73,D51,Toronto East York,GERRARD ST E,BERKELEY ST, ,Minor Arterial,Intersection, ,No Control,Clear,Daylight,Dry,Non-Fatal Injury,Turning Movement,Driver,20 to 24,,0,West,"Automobile, Station Wagon",Making U Turn,Improper Turn,Inattentive, , , , , , ,0,0,1,1,0,0,0,0,0,0,0,0,0,0
1124865,2009,9,15,14,0,1,43.73894538,-79.57999029,Etobicoke North (1),1,Thistletown-Beaumond Heights (3),3,D23,Etobicoke York,KIPLING AVE,ALBION RD, ,Major Arterial,Mid-Block, ,No Control,Clear,Daylight,Dry,Fatal,Pedestrian Collisions,Driver,40 to 44,,0,South,"Automobile, Station Wagon",Going Ahead,Driving Properly,Normal, , , , , , ,1,0,1,0,0,0,0,0,0,0,0,0,0,1
1124865,2009,9,15,14,0,1,43.73894538,-79.57999029,Etobicoke North (1),1,Thistletown-Beaumond Heights (3),3,D23,Etobicoke York,KIPLING AVE,ALBION RD, ,Major Arterial,Mid-Block, ,No Control,Clear,Daylight,Dry,Fatal,Pedestrian Collisions,Pedestrian,75 to 79,Fatal,27,East,Other, , , ,Pedestrian hit at mid-block,"Crossing, no Traffic Control",Inattentive, , , ,1,0,1,0,0,0,0,0,0,0,0,0,0,1
1133034,2009,10,2,14,0,4,43.67234538,-79.37689029,Toronto Centre-Rosedale (27),27,North St.James Town (74),74,D51,Toronto East York,BLOOR ST E,SHERBOURNE ST N, ,Major Arterial,Intersection, ,Traffic Signal,Rain,Daylight,Wet,Fatal,Pedestrian Collisions,Driver,60 to 64,,0,South,"Automobile, Station Wagon",Turning Left,Driving Properly,Normal, , , , , , ,1,0,1,0,0,0,0,0,0,0,0,0,0,1
1133034,2009,10,2,14,0,4,43.67234538,-79.37689029,Toronto Centre-Rosedale (27),27,North St.James Town (74),74,D51,Toronto East York,BLOOR ST E,SHERBOURNE ST N, ,Major Arterial,Intersection, ,Traffic Signal,Rain,Daylight,Wet,Fatal,Pedestrian Collisions,Pedestrian,40 to 44,Fatal,31,North,Other, , , ,Pedestrian hit at mid-block,"Crossing, no Traffic Control",Inattentive, , , ,1,0,1,0,0,0,0,0,0,0,0,0,0,1
1133583,2009,10,4,14,0,6,43.65004538,-79.38629029,Trinity-Spadina (20),20,Bay Street Corridor (76),76,D52,Toronto East York,UNIVERSITY Ave,RICHMOND St W, ,Major Arterial,Intersection,At Intersection,Traffic Signal,Rain,Daylight,Wet,Non-Fatal Injury,Angle,Driver,55 to 59,,0,North,"Automobile, Station Wagon",Going Ahead,Disobeyed Traffic Control,Inattentive, , , , , , ,0,0,1,0,0,0,0,1,0,1,1,0,0,0
1133583,2009,10,4,14,0,6,43.65004538,-79.38629029,Trinity-Spadina (20),20,Bay Street Corridor (76),76,D52,Toronto East York,UNIVERSITY Ave,RICHMOND St W, ,Major Arterial,Intersection,At Intersection,Traffic Signal,Rain,Daylight,Wet,Non-Fatal Injury,Angle,Passenger,35 to 39,Major,0, ,Other, , , , , , , , , ,0,0,1,0,0,0,0,1,0,1,1,0,0,0
1133583,2009,10,4,14,0,6,43.65004538,-79.38629029,Trinity-Spadina (20),20,Bay Street Corridor (76),76,D52,Toronto East York,UNIVERSITY Ave,RICHMOND St W, ,Major Arterial,Intersection,At Intersection,Traffic Signal,Rain,Daylight,Wet,Non-Fatal Injury,Angle,Vehicle Owner,unknown, ,0, ,Other, , , , , , , , , ,0,0,1,0,0,0,0,1,0,1,1,0,0,0
1133583,2009,10,4,14,0,6,43.65004538,-79.38629029,Trinity-Spadina (20),20,Bay Street Corridor (76),76,D52,Toronto East York,UNIVERSITY Ave,RICHMOND St W, ,Major Arterial,Intersection,At Intersection,Traffic Signal,Rain,Daylight,Wet,Non-Fatal Injury,Angle,Driver,35 to 39,,0,West,Taxi,Going Ahead,Driving Properly,Normal, , , , , , ,0,0,1,0,0,0,0,1,0,1,1,0,0,0
1188020,2010,8,17,14,0,1,43.81924538,-79.21619029,Scarborough-Rouge River (42),42,Malvern (132),132,D42,Scarborough,MORNINGSIDE AVE,OLD FINCH AVE, ,Minor Arterial,Mid-Block, ,No Control,Clear,Daylight,Dry,Non-Fatal Injury,Pedestrian Collisions,Driver,unknown,,0,South,"Automobile, Station Wagon",Going Ahead,Other,Unknown, , , , , , ,1,0,1,0,0,0,0,0,0,0,0,0,0,0
1188020,2010,8,17,14,0,1,43.81924538,-79.21619029,Scarborough-Rouge River (42),42,Malvern (132),132,D42,Scarborough,MORNINGSIDE AVE,OLD FINCH AVE, ,Minor Arterial,Mid-Block, ,No Control,Clear,Daylight,Dry,Non-Fatal Injury,Pedestrian Collisions,Pedestrian,40 to 44,Major,0,South,Other, , , ,Pedestrian hit on sidewalk or shoulder,On Sidewalk or Shoulder,"Ability Impaired, Drugs", , , ,1,0,1,0,0,0,0,0,0,0,0,0,0,0
5000415270,2015,3,11,12,40,2,43.78280218,-79.39164362,Willowdale (24),24,Bayview Village (52),52,D33,North York,3157 BAYVIEW AVE, ,10 m South of,Major Arterial,Intersection,Intersection Related,No Control,Clear,Daylight,Dry,Non-Fatal Injury,Rear End,Driver,35 to 39,,0,North,Pick Up Truck,Slowing or Stopping,Driving Properly,Normal, , , , , , ,0,0,1,0,0,0,0,0,0,1,0,0,0,0
5000415270,2015,3,11,12,40,2,43.78280218,-79.39164362,Willowdale (24),24,Bayview Village (52),52,D33,North York,3157 BAYVIEW AVE, ,10 m South of,Major Arterial,Intersection,Intersection Related,No Control,Clear,Daylight,Dry,Non-Fatal Injury,Rear End,Driver,20 to 24,Major,0,North,"Automobile, Station Wagon",Slowing or Stopping,Driving Properly,Normal, , , , , , ,0,0,1,0,0,0,0,0,0,1,0,0,0,0
5000516992,2015,3,28,12,40,5,43.74869116,-79.45488367,York Centre (10),10,Clanton Park (33),33,D32,North York,REINER RD,WILSON HEIGHTS BLVD, ,Minor Arterial,Intersection,At Intersection,Traffic Signal,Clear,Daylight,Dry,Fatal,Pedestrian Collisions,Driver,30 to 34,,0,West,"Automobile, Station Wagon",Turning Left,Failed to Yield Right of Way,Inattentive, , , , , , ,1,0,1,0,0,0,0,0,0,1,0,0,0,1
5000516992,2015,3,28,12,40,5,43.74869116,-79.45488367,York Centre (10),10,Clanton Park (33),33,D32,North York,REINER RD,WILSON HEIGHTS BLVD, ,Minor Arterial,Intersection,At Intersection,Traffic Signal,Clear,Daylight,Dry,Fatal,Pedestrian Collisions,Pedestrian,75 to 79,Fatal,13,West, , , , ,Vehicle turns left while ped crosses with ROW at inter.,Crossing with right of way,Other, , , ,1,0,1,0,0,0,0,0,0,1,0,0,0,1
1292886,2012,3,16,12,41,4,43.74024538,-79.23209029,Scarborough Southwest (35),35,Eglinton East (138),138,D43,Scarborough,EGLINTON Aven E,BELLAMY Road N, ,Major Arterial,Intersection,At Intersection,Traffic Signal,Clear,Daylight,Dry,Non-Fatal Injury,Pedestrian Collisions,Vehicle Owner,unknown, ,0, ,Other, , , , , , , , , ,1,0,1,0,0,0,0,0,0,1,0,0,0,0
1292886,2012,3,16,12,41,4,43.74024538,-79.23209029,Scarborough Southwest (35),35,Eglinton East (138),138,D43,Scarborough,EGLINTON Aven E,BELLAMY Road N, ,Major Arterial,Intersection,At Intersection,Traffic Signal,Clear,Daylight,Dry,Non-Fatal Injury,Pedestrian Collisions,Driver,65 to 69,,0,South,"Automobile, Station Wagon",Turning Right,Failed to Yield Right of Way,Normal, , , , , , ,1,0,1,0,0,0,0,0,0,1,0,0,0,0
1232009,2011,5,6,14,0,4,43.74414538,-79.40669029,Don Valley West (25),25,St.Andrew-Windfields (40),40,D32,North York,YONGE ST,WILSON AVE, ,Major Arterial,Intersection, ,Traffic Signal,Clear,Daylight,Dry,Non-Fatal Injury,Rear End,Driver,40 to 44,,0,South,"Automobile, Station Wagon",Stopped,Driving Properly,Normal, , , , , , ,0,0,1,0,0,0,0,1,0,1,0,0,0,0
1292886,2012,3,16,12,41,4,43.74024538,-79.23209029,Scarborough Southwest (35),35,Eglinton East (138),138,D43,Scarborough,EGLINTON Aven E,BELLAMY Road N, ,Major Arterial,Intersection,At Intersection,Traffic Signal,Clear,Daylight,Dry,Non-Fatal Injury,Pedestrian Collisions,Pedestrian,65 to 69,Major,0,South,Other, , , ,Vehicle turns right while ped crosses with ROW at inter.,Crossing with right of way,Normal, , , ,1,0,1,0,0,0,0,0,0,1,0,0,0,0
1232010,2011,5,6,14,0,4,43.74184538,-79.40619029,Don Valley West (25),25,Bridle Path-Sunnybrook-York Mills (41),41,D32,North York,YONGE ST,MCGLASHAN RD, ,Major Arterial,Intersection, ,No Control,Clear,Daylight,Dry,Non-Fatal Injury,Sideswipe,Driver,70 to 74,Major,0,South,"Automobile, Station Wagon",Going Ahead,Lost control,Other, , , , , , ,0,0,1,0,0,0,0,0,1,1,0,0,0,0
1232010,2011,5,6,14,0,4,43.74184538,-79.40619029,Don Valley West (25),25,Bridle Path-Sunnybrook-York Mills (41),41,D32,North York,YONGE ST,MCGLASHAN RD, ,Major Arterial,Intersection, ,No Control,Clear,Daylight,Dry,Non-Fatal Injury,Sideswipe,Driver,60 to 64,Minor,0,North,"Automobile, Station Wagon",Going Ahead,Driving Properly,Normal, , , , , , ,0,0,1,0,0,0,0,0,1,1,0,0,0,0
1232010,2011,5,6,14,0,4,43.74184538,-79.40619029,Don Valley West (25),25,Bridle Path-Sunnybrook-York Mills (41),41,D32,North York,YONGE ST,MCGLASHAN RD, ,Major Arterial,Intersection, ,No Control,Clear,Daylight,Dry,Non-Fatal Injury,Sideswipe,Driver,50 to 54,,0,North,"Automobile, Station Wagon",Going Ahead,Driving Properly,Normal, , , , , , ,0,0,1,0,0,0,0,0,1,1,0,0,0,0
1235236,2011,5,29,14,0,6,43.77664538,-79.31699029,Scarborough-Agincourt (40),40,Tam O'Shanter-Sullivan (118),118,D42,Scarborough,SHEPPARD AVE E,PHARMACY AVE, ,Major Arterial,Mid-Block, ,No Control,Clear,Daylight,Dry,Non-Fatal Injury,Rear End,Driver,30 to 34,Major,0,East,"Automobile, Station Wagon",Slowing or Stopping,Following too Close,Normal, , , , , , ,0,0,1,0,0,0,0,0,0,1,0,0,0,0
1235236,2011,5,29,14,0,6,43.77664538,-79.31699029,Scarborough-Agincourt (40),40,Tam O'Shanter-Sullivan (118),118,D42,Scarborough,SHEPPARD AVE E,PHARMACY AVE, ,Major Arterial,Mid-Block, ,No Control,Clear,Daylight,Dry,Non-Fatal Injury,Rear End,Driver,35 to 39,Minimal,0,East,"Automobile, Station Wagon",Stopped,Driving Properly,Normal, , , , , , ,0,0,1,0,0,0,0,0,0,1,0,0,0,0
1265429,2011,9,14,14,0,2,43.66794538,-79.38589029,Toronto Centre-Rosedale (27),27,Bay Street Corridor (76),76,D52,Toronto East York,YONGE Stre,ST MARY Stre, ,Major Arterial,Intersection, ,Stop Sign,Clear,Daylight,Dry,Non-Fatal Injury,Pedestrian Collisions,Pedestrian,85 to 89,Major,0,East,Other, , , ,Vehicle turns left while ped crosses without ROW at inter.,Crossing without right of way,Inattentive, , , ,1,0,1,0,0,0,0,0,0,0,0,0,0,0
1265429,2011,9,14,14,0,2,43.66794538,-79.38589029,Toronto Centre-Rosedale (27),27,Bay Street Corridor (76),76,D52,Toronto East York,YONGE Stre,ST MARY Stre, ,Major Arterial,Intersection, ,Stop Sign,Clear,Daylight,Dry,Non-Fatal Injury,Pedestrian Collisions,Vehicle Owner,unknown, ,0, ,Other, , , , , , , , , ,1,0,1,0,0,0,0,0,0,0,0,0,0,0
1265429,2011,9,14,14,0,2,43.66794538,-79.38589029,Toronto Centre-Rosedale (27),27,Bay Street Corridor (76),76,D52,Toronto East York,YONGE Stre,ST MARY Stre, ,Major Arterial,Intersection, ,Stop Sign,Clear,Daylight,Dry,Non-Fatal Injury,Pedestrian Collisions,Driver,50 to 54,,0,East,"Automobile, Station Wagon",Turning Left,Improper Turn,Inattentive, , , , , , ,1,0,1,0,0,0,0,0,0,0,0,0,0,0
1384077,2013,8,31,14,0,5,43.70575674,-79.34900294,Don Valley West (26),26,Thorncliffe Park (55),55,D53,North York,45 OVERLEA Blvd, , ,Major Arterial,Mid-Block, ,No Control,Clear,Daylight,Dry,Non-Fatal Injury,SMV Other,Vehicle Owner,unknown, ,0, ,Other, , , , , , , , , ,0,0,0,1,0,0,0,0,0,0,0,0,0,0
1384077,2013,8,31,14,0,5,43.70575674,-79.34900294,Don Valley West (26),26,Thorncliffe Park (55),55,D53,North York,45 OVERLEA Blvd, , ,Major Arterial,Mid-Block, ,No Control,Clear,Daylight,Dry,Non-Fatal Injury,SMV Other,Motorcycle Driver,35 to 39,Major,0,East,Motorcycle,Going Ahead,Lost control,Normal, , , , , , ,0,0,0,1,0,0,0,0,0,0,0,0,0,0
1375340,2013,9,14,14,0,5,43.71654471,-79.33730707,Don Valley West (26),26,Flemingdon Park (44),44,D54,North York,DON MILLS RD,ST DENNIS DR, ,Major Arterial,Intersection, ,Traffic Signal,Clear,Daylight,Dry,Non-Fatal Injury,Turning Movement,Passenger,25 to 29,Minor,0, ,Other, , , , , , , , , ,0,0,1,1,0,0,0,1,0,0,0,0,0,0
1375340,2013,9,14,14,0,5,43.71654471,-79.33730707,Don Valley West (26),26,Flemingdon Park (44),44,D54,North York,DON MILLS RD,ST DENNIS DR, ,Major Arterial,Intersection, ,Traffic Signal,Clear,Daylight,Dry,Non-Fatal Injury,Turning Movement,Motorcycle Driver,40 to 44,Major,0,North,Motorcycle,Going Ahead,Driving Properly,Normal, , , , , , ,0,0,1,1,0,0,0,1,0,0,0,0,0,0
1375340,2013,9,14,14,0,5,43.71654471,-79.33730707,Don Valley West (26),26,Flemingdon Park (44),44,D54,North York,DON MILLS RD,ST DENNIS DR, ,Major Arterial,Intersection, ,Traffic Signal,Clear,Daylight,Dry,Non-Fatal Injury,Turning Movement,Driver,40 to 44,,0,South,"Automobile, Station Wagon",Turning Left,Improper Turn,Inattentive, , , , , , ,0,0,1,1,0,0,0,1,0,0,0,0,0,0
5001507362,2015,9,1,14,0,1,43.8111759,-79.36076746,Willowdale (24),24,Hillcrest Village (48),48,D33,North York,STEELES AVE E,DON MILLS RD, ,Major Arterial,Intersection,At Intersection,Traffic Signal,Clear,Daylight,Dry,Non-Fatal Injury,Angle,Driver,60 to 64,Major,0,South,"Automobile, Station Wagon",Going Ahead,Disobeyed Traffic Control,Unknown, , , , , , ,0,0,1,0,1,0,0,0,0,1,1,0,0,0
5001507362,2015,9,1,14,0,1,43.8111759,-79.36076746,Willowdale (24),24,Hillcrest Village (48),48,D33,North York,STEELES AVE E,DON MILLS RD, ,Major Arterial,Intersection,At Intersection,Traffic Signal,Clear,Daylight,Dry,Non-Fatal Injury,Angle,Truck Driver,65 to 69,,0,West,Truck - Dump,Going Ahead,Driving Properly,Normal, , , , , , ,0,0,1,0,1,0,0,0,0,1,1,0,0,0
6001569976,2016,9,4,14,0,6,43.6639057,-79.35822687,Toronto Centre-Rosedale (28),28,Regent Park (72),72,D51,Toronto East York,GERRARD ST E,RIVER ST,80 m East of,Minor Arterial,Mid-Block,Non Intersection,No Control,Clear,Daylight,Dry,Non-Fatal Injury,Cyclist Collisions,Cyclist,65 to 69,Major,0,West,Bicycle,Changing Lanes, , , , , ,Cyclist and Driver travelling in same direction. One vehicle sideswipes the other.,Improper Lane Change,Inattentive,0,1,1,0,0,0,0,1,0,0,0,0,0,0
6001569976,2016,9,4,14,0,6,43.6639057,-79.35822687,Toronto Centre-Rosedale (28),28,Regent Park (72),72,D51,Toronto East York,GERRARD ST E,RIVER ST,80 m East of,Minor Arterial,Mid-Block,Non Intersection,No Control,Clear,Daylight,Dry,Non-Fatal Injury,Cyclist Collisions,Driver,20 to 24,,0,West,"Automobile, Station Wagon",Going Ahead,Driving Properly,Normal, , , , , , ,0,1,1,0,0,0,0,1,0,0,0,0,0,0
6001569976,2016,9,4,14,0,6,43.6639057,-79.35822687,Toronto Centre-Rosedale (28),28,Regent Park (72),72,D51,Toronto East York,GERRARD ST E,RIVER ST,80 m East of,Minor Arterial,Mid-Block,Non Intersection,No Control,Clear,Daylight,Dry,Non-Fatal Injury,Cyclist Collisions,Passenger,20 to 24,,0, , , , , , , , , , , ,0,1,1,0,0,0,0,1,0,0,0,0,0,0
1151934,2010,1,12,14,1,1,43.69954538,-79.50289029,York South-Weston (12),12,Brookhaven-Amesbury (30),30,D12,Etobicoke York,JANE Stre,HARDING Aven, ,Major Arterial,Intersection,At Intersection,Traffic Signal,Clear,Daylight,Dry,Non-Fatal Injury,Pedestrian Collisions,Vehicle Owner,unknown, ,0, ,Other, , , , , , , , , ,1,0,1,0,0,0,0,0,0,1,0,0,0,0
1151934,2010,1,12,14,1,1,43.69954538,-79.50289029,York South-Weston (12),12,Brookhaven-Amesbury (30),30,D12,Etobicoke York,JANE Stre,HARDING Aven, ,Major Arterial,Intersection,At Intersection,Traffic Signal,Clear,Daylight,Dry,Non-Fatal Injury,Pedestrian Collisions,Driver,45 to 49,,0,West,"Automobile, Station Wagon",Turning Left,Failed to Yield Right of Way,Inattentive, , , , , , ,1,0,1,0,0,0,0,0,0,1,0,0,0,0
1151934,2010,1,12,14,1,1,43.69954538,-79.50289029,York South-Weston (12),12,Brookhaven-Amesbury (30),30,D12,Etobicoke York,JANE Stre,HARDING Aven, ,Major Arterial,Intersection,At Intersection,Traffic Signal,Clear,Daylight,Dry,Non-Fatal Injury,Pedestrian Collisions,Pedestrian,50 to 54,Major,0,East,Other, , , ,Vehicle turns left while ped crosses with ROW at inter.,Crossing with right of way,Normal, , , ,1,0,1,0,0,0,0,0,0,1,0,0,0,0
952335,2007,1,23,14,2,1,43.67684538,-79.47129029,York South-Weston (11),11,Junction Area (90),90,D12,Etobicoke York,201 WESTON Rd, , ,Major Arterial,Mid-Block, ,No Control,Clear,Daylight,Wet,Non-Fatal Injury,SMV Other,Vehicle Owner,unknown,,0, ,Other, , , , , , , , , ,0,0,1,0,0,0,0,0,1,1,0,0,0,0
952335,2007,1,23,14,2,1,43.67684538,-79.47129029,York South-Weston (11),11,Junction Area (90),90,D12,Etobicoke York,201 WESTON Rd, , ,Major Arterial,Mid-Block, ,No Control,Clear,Daylight,Wet,Non-Fatal Injury,SMV Other,Driver,30 to 34,Major,0,South,"Automobile, Station Wagon",Going Ahead,Speed too Fast For Condition,Unknown, , , , , , ,0,0,1,0,0,0,0,0,1,1,0,0,0,0
952335,2007,1,23,14,2,1,43.67684538,-79.47129029,York South-Weston (11),11,Junction Area (90),90,D12,Etobicoke York,201 WESTON Rd, , ,Major Arterial,Mid-Block, ,No Control,Clear,Daylight,Wet,Non-Fatal Injury,SMV Other,Other Property Owner,unknown,,0, ,Other, , , , , , , , , ,0,0,1,0,0,0,0,0,1,1,0,0,0,0
1058507,2008,8,28,14,2,3,43.59334538,-79.53819029,Etobicoke-Lakeshore (6),6,Long Branch (19),19,D22,Etobicoke York,LAKE SHORE BLVD W,THIRTY SEVENTH ST, ,Major Arterial,Intersection,At Intersection,Traffic Signal,Clear,Daylight,Dry,Non-Fatal Injury,Turning Movement,Vehicle Owner,unknown, ,0, ,Other, , , , , , , , , ,0,0,1,0,1,0,0,0,0,0,0,0,0,0