ACCNUM,YEAR,MONTH,DAY,HOUR,MINUTES,WEEKDAY,LATITUDE,LONGITUDE,Ward_Name,Ward_ID,Hood_Name,Hood_ID,Division,District,STREET1,STREET2,OFFSET,ROAD_CLASS,LOCCOORD,ACCLOC,TRAFFCTL,VISIBILITY,LIGHT,RDSFCOND,ACCLASS,IMPACTYPE,INVTYPE,INVAGE,INJURY,FATAL_NO,INITDIR,VEHTYPE,MANOEUVER,DRIVACT,DRIVCOND,PEDTYPE,PEDACT,PEDCOND,CYCLISTYPE,CYCACT,CYCCOND,PEDESTRIAN,CYCLIST,AUTOMOBILE,MOTORCYCLE,TRUCK,TRSN_CITY_VEH,EMERG_VEH,PASSENGER,SPEEDING,AG_DRIV,REDLIGHT,ALCOHOL,DISABILITY,label
5001160138,2015,7,9,14,7,3,43.77523382,-79.38997278,Willowdale (24),24,Bayview Village (52),52,D33,North York,BAYVIEW AVE,WYCLIFFE CRES,26 m South of,Major Arterial,Intersection,Non Intersection,No Control,Clear,Daylight,Dry,Non-Fatal Injury,Rear End,Driver,55 to 59,Major,0,North,"Automobile, Station Wagon",Going Ahead,Lost control,Inattentive, , , , , , ,0,0,1,0,0,0,0,0,0,0,0,0,0,0
5001160138,2015,7,9,14,7,3,43.77523382,-79.38997278,Willowdale (24),24,Bayview Village (52),52,D33,North York,BAYVIEW AVE,WYCLIFFE CRES,26 m South of,Major Arterial,Intersection,Non Intersection,No Control,Clear,Daylight,Dry,Non-Fatal Injury,Rear End,Driver,65 to 69,,0,North,"Automobile, Station Wagon",Slowing or Stopping,Driving Properly,Normal, , , , , , ,0,0,1,0,0,0,0,0,0,0,0,0,0,0
5001160138,2015,7,9,14,7,3,43.77523382,-79.38997278,Willowdale (24),24,Bayview Village (52),52,D33,North York,BAYVIEW AVE,WYCLIFFE CRES,26 m South of,Major Arterial,Intersection,Non Intersection,No Control,Clear,Daylight,Dry,Non-Fatal Injury,Rear End,Driver,60 to 64,,0,North,"Automobile, Station Wagon",Slowing or Stopping,Driving Properly,Normal, , , , , , ,0,0,1,0,0,0,0,0,0,0,0,0,0,0
1218634,2011,2,18,14,8,4,43.66104538,-79.34009029,Toronto-Danforth (30),30,South Riverdale (70),70,D55,Toronto East York,QUEEN ST E,CARLAW AVE, ,Minor Arterial,Intersection,At Intersection,Traffic Signal,Clear,Daylight,Dry,Non-Fatal Injury,Pedestrian Collisions,Vehicle Owner,unknown, ,0, ,Other, , , , , , , , , ,1,0,1,0,0,0,0,0,0,0,0,0,0,0
1218634,2011,2,18,14,8,4,43.66104538,-79.34009029,Toronto-Danforth (30),30,South Riverdale (70),70,D55,Toronto East York,QUEEN ST E,CARLAW AVE, ,Minor Arterial,Intersection,At Intersection,Traffic Signal,Clear,Daylight,Dry,Non-Fatal Injury,Pedestrian Collisions,Driver,50 to 54,,0,West,Taxi,Turning Left,Improper Turn,Normal, , , , , , ,1,0,1,0,0,0,0,0,0,0,0,0,0,0
1218634,2011,2,18,14,8,4,43.66104538,-79.34009029,Toronto-Danforth (30),30,South Riverdale (70),70,D55,Toronto East York,QUEEN ST E,CARLAW AVE, ,Minor Arterial,Intersection,At Intersection,Traffic Signal,Clear,Daylight,Dry,Non-Fatal Injury,Pedestrian Collisions,Pedestrian,0 to 4,Major,0,East,Other, , , ,Vehicle turns left while ped crosses with ROW at inter.,Crossing with right of way,Normal, , , ,1,0,1,0,0,0,0,0,0,0,0,0,0,0
1218634,2011,2,18,14,8,4,43.66104538,-79.34009029,Toronto-Danforth (30),30,South Riverdale (70),70,D55,Toronto East York,QUEEN ST E,CARLAW AVE, ,Minor Arterial,Intersection,At Intersection,Traffic Signal,Clear,Daylight,Dry,Non-Fatal Injury,Pedestrian Collisions,Pedestrian,35 to 39,Minor,0,East,Other, , , ,Vehicle turns left while ped crosses with ROW at inter.,Crossing with right of way,Normal, , , ,1,0,1,0,0,0,0,0,0,0,0,0,0,0
985777,2007,7,22,14,9,6,43.79954538,-79.30339029,Scarborough-Agincourt (39),39,L'Amoreaux (117),117,D42,Scarborough,3850 FINCH  AVE E, , ,Major Arterial,Mid-Block, ,Traffic Signal,Clear,Daylight,Dry,Non-Fatal Injury,Rear End,Passenger,55 to 59,Minimal,0, ,Other, , , , , , , , , ,0,0,1,0,0,0,0,1,0,1,0,0,0,0
985777,2007,7,22,14,9,6,43.79954538,-79.30339029,Scarborough-Agincourt (39),39,L'Amoreaux (117),117,D42,Scarborough,3850 FINCH  AVE E, , ,Major Arterial,Mid-Block, ,Traffic Signal,Clear,Daylight,Dry,Non-Fatal Injury,Rear End,Driver,60 to 64,,0,East,"Automobile, Station Wagon",Stopped,Driving Properly,Normal, , , , , , ,0,0,1,0,0,0,0,1,0,1,0,0,0,0
985777,2007,7,22,14,9,6,43.79954538,-79.30339029,Scarborough-Agincourt (39),39,L'Amoreaux (117),117,D42,Scarborough,3850 FINCH  AVE E, , ,Major Arterial,Mid-Block, ,Traffic Signal,Clear,Daylight,Dry,Non-Fatal Injury,Rear End,Driver,25 to 29,Minor,0,East,"Automobile, Station Wagon",Stopped,Driving Properly,Normal, , , , , , ,0,0,1,0,0,0,0,1,0,1,0,0,0,0
1358324,2013,4,28,12,41,6,43.65834538,-79.44269029,Davenport (18),18,Dufferin Grove (83),83,D11,Toronto East York,BLOOR ST W,LANSDOWNE AVE, ,Major Arterial,Intersection,At Intersection,Traffic Signal,Clear,Daylight,Dry,Non-Fatal Injury,Turning Movement,Driver,25 to 29,,0,East,"Automobile, Station Wagon",Turning Left,Driving Properly,Normal, , , , , , ,0,0,1,1,0,0,0,0,1,1,0,0,0,0
1358324,2013,4,28,12,41,6,43.65834538,-79.44269029,Davenport (18),18,Dufferin Grove (83),83,D11,Toronto East York,BLOOR ST W,LANSDOWNE AVE, ,Major Arterial,Intersection,At Intersection,Traffic Signal,Clear,Daylight,Dry,Non-Fatal Injury,Turning Movement,Motorcycle Driver,50 to 54,Major,0,West,Motorcycle,Going Ahead,Exceeding Speed Limit,Unknown, , , , , , ,0,0,1,1,0,0,0,0,1,1,0,0,0,0
6002011919,2016,11,12,12,41,5,43.79752691,-79.41374598,Willowdale (24),24,Newtonbrook East (50),50,D32,North York,WILLOWDALE AVE,ABITIBI AVE, ,Minor Arterial,Intersection,At Intersection,Traffic Signal,Clear,Daylight,Dry,Non-Fatal Injury,Turning Movement,Driver,50 to 54,,0,South,"Automobile, Station Wagon",Turning Left,Failed to Yield Right of Way,Inattentive, , , , , , ,0,0,1,1,0,0,0,0,0,1,0,0,0,0
6002011919,2016,11,12,12,41,5,43.79752691,-79.41374598,Willowdale (24),24,Newtonbrook East (50),50,D32,North York,WILLOWDALE AVE,ABITIBI AVE, ,Minor Arterial,Intersection,At Intersection,Traffic Signal,Clear,Daylight,Dry,Non-Fatal Injury,Turning Movement,Motorcycle Driver,55 to 59,Major,0,North,Motorcycle,Going Ahead,Driving Properly,Normal, , , , , , ,0,0,1,1,0,0,0,0,0,1,0,0,0,0
6001648005,2016,9,16,12,42,4,43.75472983,-79.48297509999999,York West (8),8,York University Heights (27),27,D31,North York,110 ST REGIS CRES, , ,Local,Mid-Block,At/Near Private Drive,No Control,Clear,Daylight,Dry,Fatal,Pedestrian Collisions,Driver,50 to 54,,0,North,"Automobile, Station Wagon",Reversing,Failed to Yield Right of Way,Normal, , , , , , ,1,0,1,0,0,0,0,0,0,1,0,0,0,1
6001648005,2016,9,16,12,42,4,43.75472983,-79.48297509999999,York West (8),8,York University Heights (27),27,D31,North York,110 ST REGIS CRES, , ,Local,Mid-Block,At/Near Private Drive,No Control,Clear,Daylight,Dry,Fatal,Pedestrian Collisions,Pedestrian,80 to 84,Fatal,57,Unknown, , , , ,Vehicle is reversing and hits pedestrian,On Sidewalk or Shoulder,Unknown, , , ,1,0,1,0,0,0,0,0,0,1,0,0,0,1
1306447,2012,6,14,12,43,3,43.67144538,-79.39529029,Trinity-Spadina (20),20,Annex (95),95,D53,Toronto East York,AVENUE RD,ELGIN AVE, ,Major Arterial,Mid-Block, ,No Control,Clear,Daylight,Dry,Non-Fatal Injury,Pedestrian Collisions,Pedestrian,20 to 24,Major,0,East,Other, , , ,Pedestrian hit at mid-block,Running onto Roadway,Normal, , , ,1,0,1,0,0,0,0,0,0,0,0,0,0,0
1306447,2012,6,14,12,43,3,43.67144538,-79.39529029,Trinity-Spadina (20),20,Annex (95),95,D53,Toronto East York,AVENUE RD,ELGIN AVE, ,Major Arterial,Mid-Block, ,No Control,Clear,Daylight,Dry,Non-Fatal Injury,Pedestrian Collisions,Driver,60 to 64,,0,North,"Automobile, Station Wagon",Going Ahead,Driving Properly,Normal, , , , , , ,1,0,1,0,0,0,0,0,0,0,0,0,0,0
1363559,2013,6,30,12,43,6,43.75594538,-79.52429029,York West (8),8,Black Creek (24),24,D31,North York,FINCH AVE W,OAKDALE RD, ,Major Arterial,Intersection,At Intersection,Traffic Signal,Clear,Daylight,Dry,Non-Fatal Injury,Pedestrian Collisions,Driver,40 to 44,,0,North,"Automobile, Station Wagon",Turning Left,Failed to Yield Right of Way,Normal, , , , , , ,1,0,1,0,0,0,0,0,0,1,0,0,0,0
1363559,2013,6,30,12,43,6,43.75594538,-79.52429029,York West (8),8,Black Creek (24),24,D31,North York,FINCH AVE W,OAKDALE RD, ,Major Arterial,Intersection,At Intersection,Traffic Signal,Clear,Daylight,Dry,Non-Fatal Injury,Pedestrian Collisions,Pedestrian,85 to 89,Major,0,South,Other, , , ,Vehicle turns left while ped crosses without ROW at inter.,Crossing without right of way,Medical or Physical Disability, , , ,1,0,1,0,0,0,0,0,0,1,0,0,0,0
987119,2007,8,28,12,44,1,43.78214538,-79.30349029,Scarborough-Agincourt (40),40,Tam O'Shanter-Sullivan (118),118,D42,Scarborough,BAY MILLS BLVD,EAGLESTONE RD, ,Collector,Intersection,At Intersection,Pedestrian Crossover,Clear,Daylight,Dry,Fatal,Cyclist Collisions,Vehicle Owner,unknown, ,0, ,Other, , , , , , , , , ,0,1,0,0,0,0,0,0,0,0,0,0,0,1
987119,2007,8,28,12,44,1,43.78214538,-79.30349029,Scarborough-Agincourt (40),40,Tam O'Shanter-Sullivan (118),118,D42,Scarborough,BAY MILLS BLVD,EAGLESTONE RD, ,Collector,Intersection,At Intersection,Pedestrian Crossover,Clear,Daylight,Dry,Fatal,Cyclist Collisions,Driver,40 to 44,,0,East, ,Going Ahead,Driving Properly,Normal, , , , , , ,0,1,0,0,0,0,0,0,0,0,0,0,0,1
987119,2007,8,28,12,44,1,43.78214538,-79.30349029,Scarborough-Agincourt (40),40,Tam O'Shanter-Sullivan (118),118,D42,Scarborough,BAY MILLS BLVD,EAGLESTONE RD, ,Collector,Intersection,At Intersection,Pedestrian Crossover,Clear,Daylight,Dry,Fatal,Cyclist Collisions,Cyclist,5 to 9,Fatal,0,South,Bicycle,Going Ahead, , , , , ,Cyclist struck at PXO(cyclist either travel in same dir. as veh. or ride across xwalk),Disobeyed Traffic Control,Normal,0,1,0,0,0,0,0,0,0,0,0,0,0,1
1041835,2008,5,23,12,44,4,43.72164538,-79.57149029,Etobicoke North (2),2,West Humber-Clairville (1),1,D23,Etobicoke York,KIPLING AVE,SNARESBROOK DR, ,Major Arterial,Intersection,At Intersection,Traffic Signal,Clear,Daylight,Dry,Non-Fatal Injury,Pedestrian Collisions,Vehicle Owner,unknown, ,0, ,Other, , , , , , , , , ,1,0,1,0,0,0,0,0,0,0,0,0,0,0
1041835,2008,5,23,12,44,4,43.72164538,-79.57149029,Etobicoke North (2),2,West Humber-Clairville (1),1,D23,Etobicoke York,KIPLING AVE,SNARESBROOK DR, ,Major Arterial,Intersection,At Intersection,Traffic Signal,Clear,Daylight,Dry,Non-Fatal Injury,Pedestrian Collisions,Driver,35 to 39,,0,North,"Automobile, Station Wagon",Going Ahead,Driving Properly,Normal, , , , , , ,1,0,1,0,0,0,0,0,0,0,0,0,0,0
1041835,2008,5,23,12,44,4,43.72164538,-79.57149029,Etobicoke North (2),2,West Humber-Clairville (1),1,D23,Etobicoke York,KIPLING AVE,SNARESBROOK DR, ,Major Arterial,Intersection,At Intersection,Traffic Signal,Clear,Daylight,Dry,Non-Fatal Injury,Pedestrian Collisions,Pedestrian,10 to 14,Major,0,West,Other, , , ,Vehicle is going straight thru inter.while ped cross without ROW,Crossing without right of way,Inattentive, , , ,1,0,1,0,0,0,0,0,0,0,0,0,0,0
972321,2007,5,28,12,45,0,43.73294538,-79.40419029,Don Valley West (25),25,Lawrence Park North (105),105,D32,North York,TEDDINGTON PARK Ave,YONGE St, ,Local,Intersection, ,No Control,Clear,Daylight,Dry,Non-Fatal Injury,Pedestrian Collisions,Driver,60 to 64,,0,West,"Automobile, Station Wagon",Reversing,Failed to Yield Right of Way,Inattentive, , , , , , ,1,0,1,0,0,0,0,0,0,1,0,0,0,0
972321,2007,5,28,12,45,0,43.73294538,-79.40419029,Don Valley West (25),25,Lawrence Park North (105),105,D32,North York,TEDDINGTON PARK Ave,YONGE St, ,Local,Intersection, ,No Control,Clear,Daylight,Dry,Non-Fatal Injury,Pedestrian Collisions,Pedestrian,85 to 89,Major,0, ,Other, , , ,Vehicle is reversing and hits pedestrian,On Sidewalk or Shoulder,Normal, , , ,1,0,1,0,0,0,0,0,0,1,0,0,0,0
987058,2007,7,28,12,45,5,43.78534538,-79.25649029,Scarborough-Rouge River (41),41,Agincourt South-Malvern West (128),128,D42,Scarborough,MCCOWAN RD,CHANNEL NINE CRT, ,Major Arterial,Intersection, ,Traffic Signal,Clear,Daylight,Dry,Non-Fatal Injury,Pedestrian Collisions,Driver,60 to 64,,0,South,"Automobile, Station Wagon",Slowing or Stopping,Driving Properly,Normal, , , , , , ,1,0,1,0,0,0,0,0,0,0,0,0,0,0
987058,2007,7,28,12,45,5,43.78534538,-79.25649029,Scarborough-Rouge River (41),41,Agincourt South-Malvern West (128),128,D42,Scarborough,MCCOWAN RD,CHANNEL NINE CRT, ,Major Arterial,Intersection, ,Traffic Signal,Clear,Daylight,Dry,Non-Fatal Injury,Pedestrian Collisions,Pedestrian,40 to 44,Major,0,East,Other, , , ,Pedestrian hit at mid-block,Crossing without right of way,Inattentive, , , ,1,0,1,0,0,0,0,0,0,0,0,0,0,0
1019180,2008,2,4,12,45,0,43.70014914,-79.31902705,Beaches-East York (31),31,Woodbine-Lumsden (60),60,D54,Toronto East York,O CONNOR DR,WOODBINE AVE, ,Major Arterial,Intersection,At Intersection,Traffic Signal,Clear,Daylight,Dry,Non-Fatal Injury,Other,Passenger,55 to 59,,0, ,Other, , , , , , , , , ,0,0,1,0,0,0,0,1,0,0,0,0,0,0
1019180,2008,2,4,12,45,0,43.70014914,-79.31902705,Beaches-East York (31),31,Woodbine-Lumsden (60),60,D54,Toronto East York,O CONNOR DR,WOODBINE AVE, ,Major Arterial,Intersection,At Intersection,Traffic Signal,Clear,Daylight,Dry,Non-Fatal Injury,Other,Passenger,85 to 89,Major,0, ,Other, , , , , , , , , ,0,0,1,0,0,0,0,1,0,0,0,0,0,0
1019180,2008,2,4,12,45,0,43.70014914,-79.31902705,Beaches-East York (31),31,Woodbine-Lumsden (60),60,D54,Toronto East York,O CONNOR DR,WOODBINE AVE, ,Major Arterial,Intersection,At Intersection,Traffic Signal,Clear,Daylight,Dry,Non-Fatal Injury,Other,Vehicle Owner,unknown, ,0, ,Other, , , , , , , , , ,0,0,1,0,0,0,0,1,0,0,0,0,0,0
1019180,2008,2,4,12,45,0,43.70014914,-79.31902705,Beaches-East York (31),31,Woodbine-Lumsden (60),60,D54,Toronto East York,O CONNOR DR,WOODBINE AVE, ,Major Arterial,Intersection,At Intersection,Traffic Signal,Clear,Daylight,Dry,Non-Fatal Injury,Other,Driver,45 to 49,,0,West,"Automobile, Station Wagon",Slowing or Stopping,Driving Properly,Normal, , , , , , ,0,0,1,0,0,0,0,1,0,0,0,0,0,0
1026032,2008,2,24,12,45,6,43.69154538,-79.57079029,Etobicoke North (2),2,West Humber-Clairville (1),1,D23,Etobicoke York,DIXON RD,MARTIN GROVE RD, ,Major Arterial,Intersection,At Intersection,Traffic Signal,Clear,Daylight,Dry,Non-Fatal Injury,Angle,Driver,40 to 44,,0,East,"Automobile, Station Wagon",Going Ahead,Disobeyed Traffic Control,Normal, , , , , , ,0,0,1,0,0,0,0,1,0,1,1,0,0,0
1026032,2008,2,24,12,45,6,43.69154538,-79.57079029,Etobicoke North (2),2,West Humber-Clairville (1),1,D23,Etobicoke York,DIXON RD,MARTIN GROVE RD, ,Major Arterial,Intersection,At Intersection,Traffic Signal,Clear,Daylight,Dry,Non-Fatal Injury,Angle,Passenger,60 to 64,Minor,0, ,Other, , , , , , , , , ,0,0,1,0,0,0,0,1,0,1,1,0,0,0
1026032,2008,2,24,12,45,6,43.69154538,-79.57079029,Etobicoke North (2),2,West Humber-Clairville (1),1,D23,Etobicoke York,DIXON RD,MARTIN GROVE RD, ,Major Arterial,Intersection,At Intersection,Traffic Signal,Clear,Daylight,Dry,Non-Fatal Injury,Angle,Driver,65 to 69,Major,0,North,"Automobile, Station Wagon",Going Ahead,Driving Properly,Normal, , , , , , ,0,0,1,0,0,0,0,1,0,1,1,0,0,0
1097979,2009,4,1,12,45,2,43.69664538,-79.48979029,York South-Weston (12),12,Brookhaven-Amesbury (30),30,D12,Etobicoke York,10 MARTHA EATON WAY,MARTHA EATON Way, ,Local,Mid-Block, ,No Control,Clear,Daylight,Dry,Non-Fatal Injury,Rear End,Driver,15 to 19,,0,East,"Automobile, Station Wagon",Going Ahead,Following too Close,Inattentive, , , , , , ,0,0,1,0,0,0,0,0,1,1,0,0,0,0
1097979,2009,4,1,12,45,2,43.69664538,-79.48979029,York South-Weston (12),12,Brookhaven-Amesbury (30),30,D12,Etobicoke York,10 MARTHA EATON WAY,MARTHA EATON Way, ,Local,Mid-Block, ,No Control,Clear,Daylight,Dry,Non-Fatal Injury,Rear End,Driver,40 to 44,Major,0,East,"Automobile, Station Wagon",Stopped,Driving Properly,Normal, , , , , , ,0,0,1,0,0,0,0,0,1,1,0,0,0,0
1233797,2011,5,18,12,45,2,43.68944538,-79.34879029,Toronto-Danforth (29),29,Old East York (58),58,D54,Toronto East York,PAPE Aven,COSBURN Aven, ,Major Arterial,Intersection,At Intersection,Traffic Signal,Clear,Daylight,Wet,Non-Fatal Injury,Pedestrian Collisions,Driver,40 to 44,,0,West,"Automobile, Station Wagon",Turning Left,Failed to Yield Right of Way,Inattentive, , , , , , ,1,0,1,0,0,0,0,0,0,1,0,0,0,0
1233797,2011,5,18,12,45,2,43.68944538,-79.34879029,Toronto-Danforth (29),29,Old East York (58),58,D54,Toronto East York,PAPE Aven,COSBURN Aven, ,Major Arterial,Intersection,At Intersection,Traffic Signal,Clear,Daylight,Wet,Non-Fatal Injury,Pedestrian Collisions,Pedestrian,90 to 94,Major,0,East,Other, , , ,Vehicle turns left while ped crosses with ROW at inter.,Crossing with right of way,Normal, , , ,1,0,1,0,0,0,0,0,0,1,0,0,0,0
4008007694,2014,2,15,12,45,5,43.79511221,-79.29251490000001,Scarborough-Agincourt (39),39,Tam O'Shanter-Sullivan (118),118,D42,Scarborough,HUNTINGWOOD DR,KENNEDY RD, ,Major Arterial,Mid-Block,At/Near Private Drive,No Control,Clear,Daylight,Dry,Non-Fatal Injury,Turning Movement,Driver,40 to 44,,0,East,"Automobile, Station Wagon",Overtaking,Improper Passing,Normal, , , , , , ,0,0,1,0,0,0,0,0,1,1,0,0,0,0
4008007694,2014,2,15,12,45,5,43.79511221,-79.29251490000001,Scarborough-Agincourt (39),39,Tam O'Shanter-Sullivan (118),118,D42,Scarborough,HUNTINGWOOD DR,KENNEDY RD, ,Major Arterial,Mid-Block,At/Near Private Drive,No Control,Clear,Daylight,Dry,Non-Fatal Injury,Turning Movement,Driver,20 to 24,Major,0,West,"Automobile, Station Wagon",Turning Left,Driving Properly,Normal, , , , , , ,0,0,1,0,0,0,0,0,1,1,0,0,0,0
143335677,2014,11,20,12,45,3,43.65825995,-79.45298395,Parkdale-High Park (14),14,High Park North (88),88,D11,Toronto East York,2440 DUNDAS ST W, , ,Minor Arterial,Intersection, ,Traffic Signal,Clear,Daylight,Dry,Fatal,Pedestrian Collisions,Pedestrian,65 to 69,Fatal,42,East, , , , ,Vehicle turns left while ped crosses with ROW at inter.,Crossing with right of way,Unknown, , , ,1,0,1,0,0,0,0,0,0,1,0,0,0,1
143335677,2014,11,20,12,45,3,43.65825995,-79.45298395,Parkdale-High Park (14),14,High Park North (88),88,D11,Toronto East York,2440 DUNDAS ST W, , ,Minor Arterial,Intersection, ,Traffic Signal,Clear,Daylight,Dry,Fatal,Pedestrian Collisions,Driver,55 to 59,,0,West,Delivery Van,Turning Left,Failed to Yield Right of Way,Inattentive, , , , , , ,1,0,1,0,0,0,0,0,0,1,0,0,0,1
6001035189,2016,6,14,12,46,1,43.64695318,-79.37417994,Toronto Centre-Rosedale (28),28,Waterfront Communities-The Island (77),77,D51,Toronto East York,58 THE ESPLANADE, ,45 m West of,Collector,Mid-Block,Non Intersection,No Control,Clear,Daylight,Dry,Non-Fatal Injury,Cyclist Collisions,Cyclist,30 to 34,Major,0,West,Bicycle,Pulling Onto Shoulder or towardCurb, , , , , ,Cyclist and Driver travelling in same direction. One vehicle rear-ended the other.,Following too Close,Normal,0,1,1,0,0,0,0,0,0,0,0,0,0,0
6001035189,2016,6,14,12,46,1,43.64695318,-79.37417994,Toronto Centre-Rosedale (28),28,Waterfront Communities-The Island (77),77,D51,Toronto East York,58 THE ESPLANADE, ,45 m West of,Collector,Mid-Block,Non Intersection,No Control,Clear,Daylight,Dry,Non-Fatal Injury,Cyclist Collisions,Driver,25 to 29,,0,West,"Automobile, Station Wagon",Going Ahead,Driving Properly,Normal, , , , , , ,0,1,1,0,0,0,0,0,0,0,0,0,0,0
1008693,2007,12,12,12,47,2,43.67114538,-79.47359029,York South-Weston (11),11,Junction Area (90),90,D11,Etobicoke York,2155 ST CLAIR Aven W, , ,Major Arterial,Mid-Block, ,No Control,Clear,Daylight,Dry,Non-Fatal Injury,SMV Unattended Vehicle,Driver,70 to 74,Major,0, ,"Automobile, Station Wagon",Unknown, , , , , , , , ,0,0,1,0,0,0,0,0,0,0,0,0,0,0
1008693,2007,12,12,12,47,2,43.67114538,-79.47359029,York South-Weston (11),11,Junction Area (90),90,D11,Etobicoke York,2155 ST CLAIR Aven W, , ,Major Arterial,Mid-Block, ,No Control,Clear,Daylight,Dry,Non-Fatal Injury,SMV Unattended Vehicle,Vehicle Owner,unknown, ,0, ,Other, , , , , , , , , ,0,0,1,0,0,0,0,0,0,0,0,0,0,0
1079383,2009,1,5,12,47,0,43.77194538,-79.32149029,Scarborough-Agincourt (40),40,Tam O'Shanter-Sullivan (118),118,D42,Scarborough,VICTORIA PARK AVE,CONSUMERS RD, ,Major Arterial,Intersection, ,Traffic Signal,Clear,Daylight,Dry,Non-Fatal Injury,Pedestrian Collisions,Driver,70 to 74,,0,South,"Automobile, Station Wagon",Changing Lanes,Lost control,Normal, , , , , , ,1,0,1,0,0,0,0,0,0,0,0,0,0,0
1079383,2009,1,5,12,47,0,43.77194538,-79.32149029,Scarborough-Agincourt (40),40,Tam O'Shanter-Sullivan (118),118,D42,Scarborough,VICTORIA PARK AVE,CONSUMERS RD, ,Major Arterial,Intersection, ,Traffic Signal,Clear,Daylight,Dry,Non-Fatal Injury,Pedestrian Collisions,Other Property Owner,unknown, ,0, ,Other, , , , , , , , , ,1,0,1,0,0,0,0,0,0,0,0,0,0,0
1079383,2009,1,5,12,47,0,43.77194538,-79.32149029,Scarborough-Agincourt (40),40,Tam O'Shanter-Sullivan (118),118,D42,Scarborough,VICTORIA PARK AVE,CONSUMERS RD, ,Major Arterial,Intersection, ,Traffic Signal,Clear,Daylight,Dry,Non-Fatal Injury,Pedestrian Collisions,Other Property Owner,unknown, ,0, ,Other, , , , , , , , , ,1,0,1,0,0,0,0,0,0,0,0,0,0,0
1079383,2009,1,5,12,47,0,43.77194538,-79.32149029,Scarborough-Agincourt (40),40,Tam O'Shanter-Sullivan (118),118,D42,Scarborough,VICTORIA PARK AVE,CONSUMERS RD, ,Major Arterial,Intersection, ,Traffic Signal,Clear,Daylight,Dry,Non-Fatal Injury,Pedestrian Collisions,Other Property Owner,unknown, ,0, ,Other, , , , , , , , , ,1,0,1,0,0,0,0,0,0,0,0,0,0,0
1079383,2009,1,5,12,47,0,43.77194538,-79.32149029,Scarborough-Agincourt (40),40,Tam O'Shanter-Sullivan (118),118,D42,Scarborough,VICTORIA PARK AVE,CONSUMERS RD, ,Major Arterial,Intersection, ,Traffic Signal,Clear,Daylight,Dry,Non-Fatal Injury,Pedestrian Collisions,Pedestrian,40 to 44,Minimal,0, ,Other, , , ,Other / Undefined,Other,Normal, , , ,1,0,1,0,0,0,0,0,0,0,0,0,0,0
1079383,2009,1,5,12,47,0,43.77194538,-79.32149029,Scarborough-Agincourt (40),40,Tam O'Shanter-Sullivan (118),118,D42,Scarborough,VICTORIA PARK AVE,CONSUMERS RD, ,Major Arterial,Intersection, ,Traffic Signal,Clear,Daylight,Dry,Non-Fatal Injury,Pedestrian Collisions,Pedestrian,25 to 29,Major,0, ,Other, , , ,Other / Undefined,Other,Normal, , , ,1,0,1,0,0,0,0,0,0,0,0,0,0,0
1105683,2009,4,7,12,47,1,43.63644538,-79.39959029,Trinity-Spadina (20),20,Waterfront Communities-The Island (77),77,D14,Toronto East York,LAKE SHORE BLVD W,BATHURST ST, ,Major Arterial,Intersection,At Intersection,Traffic Signal,Clear,Daylight,Dry,Non-Fatal Injury,Approaching,Driver,30 to 34,,0,West,"Automobile, Station Wagon",Going Ahead,Following too Close,Normal, , , , , , ,0,0,1,0,0,0,0,0,0,1,0,0,0,0
1105683,2009,4,7,12,47,1,43.63644538,-79.39959029,Trinity-Spadina (20),20,Waterfront Communities-The Island (77),77,D14,Toronto East York,LAKE SHORE BLVD W,BATHURST ST, ,Major Arterial,Intersection,At Intersection,Traffic Signal,Clear,Daylight,Dry,Non-Fatal Injury,Approaching,Driver,60 to 64,Major,0,East,"Automobile, Station Wagon",Going Ahead,Driving Properly,Normal, , , , , , ,0,0,1,0,0,0,0,0,0,1,0,0,0,0
4003257164,2014,11,7,12,47,4,43.80937918,-79.35948572,Willowdale (24),24,Hillcrest Village (48),48,D33,North York,DON MILLS RD,FRESHMEADOW DR, ,Major Arterial,Mid-Block,Non Intersection,No Control,Clear,Daylight,Dry,Fatal,Pedestrian Collisions,Driver,30 to 34,,0,North,Pick Up Truck,Going Ahead,Driving Properly,Normal, , , , , , ,1,0,1,0,0,0,0,0,0,0,0,0,0,1
4003257164,2014,11,7,12,47,4,43.80937918,-79.35948572,Willowdale (24),24,Hillcrest Village (48),48,D33,North York,DON MILLS RD,FRESHMEADOW DR, ,Major Arterial,Mid-Block,Non Intersection,No Control,Clear,Daylight,Dry,Fatal,Pedestrian Collisions,Pedestrian,70 to 74,Fatal,39,East, , , , ,Pedestrian hit at mid-block,"Crossing, no Traffic Control",Unknown, , , ,1,0,1,0,0,0,0,0,0,0,0,0,0,1
6001174772,2016,7,5,12,47,1,43.6711994,-79.42372523,Trinity-Spadina (19),19,Dovercourt-Wallace Emerson-Junction (93),93,D14,Toronto East York,740 DUPONT ST, , ,Major Arterial,Mid-Block,Non Intersection,No Control,Clear,Daylight,Dry,Fatal,Cyclist Collisions,Cyclist,70 to 74,Fatal,41,West,Bicycle,Overtaking, , , , , ,Cyclist strikes a parked vehicle.,Improper Passing,Unknown,0,1,0,0,0,0,0,0,0,0,0,0,0,1