ACCNUM,YEAR,MONTH,DAY,HOUR,MINUTES,WEEKDAY,LATITUDE,LONGITUDE,Ward_Name,Ward_ID,Hood_Name,Hood_ID,Division,District,STREET1,STREET2,OFFSET,ROAD_CLASS,LOCCOORD,ACCLOC,TRAFFCTL,VISIBILITY,LIGHT,RDSFCOND,ACCLASS,IMPACTYPE,INVTYPE,INVAGE,INJURY,FATAL_NO,INITDIR,VEHTYPE,MANOEUVER,DRIVACT,DRIVCOND,PEDTYPE,PEDACT,PEDCOND,CYCLISTYPE,CYCACT,CYCCOND,PEDESTRIAN,CYCLIST,AUTOMOBILE,MOTORCYCLE,TRUCK,TRSN_CITY_VEH,EMERG_VEH,PASSENGER,SPEEDING,AG_DRIV,REDLIGHT,ALCOHOL,DISABILITY,label
6001174772,2016,7,5,12,47,1,43.6711994,-79.42372523,Trinity-Spadina (19),19,Dovercourt-Wallace Emerson-Junction (93),93,D14,Toronto East York,740 DUPONT ST, , ,Major Arterial,Mid-Block,Non Intersection,No Control,Clear,Daylight,Dry,Fatal,Cyclist Collisions,Driver - Not Hit,unknown,,0, , , , , , , , , , , ,0,1,0,0,0,0,0,0,0,0,0,0,0,1
6001174772,2016,7,5,12,47,1,43.6711994,-79.42372523,Trinity-Spadina (19),19,Dovercourt-Wallace Emerson-Junction (93),93,D14,Toronto East York,740 DUPONT ST, , ,Major Arterial,Mid-Block,Non Intersection,No Control,Clear,Daylight,Dry,Fatal,Cyclist Collisions,Other,unknown,,0,West, ,Parked, , , , , , , , ,0,1,0,0,0,0,0,0,0,0,0,0,0,1
1256813,2011,10,1,12,48,5,43.74794538,-79.46239029,York Centre (9),9,Downsview-Roding-CFB (26),26,D32,North York,WILLIAM R ALLEN RD N,SHEPPARD AVE W, ,Major Arterial,Mid-Block, ,Traffic Signal,Clear,Daylight,Dry,Non-Fatal Injury,Sideswipe,Vehicle Owner,unknown, ,0, ,Other, , , , , , , , , ,0,0,1,0,0,0,0,0,0,0,0,0,0,0
1256813,2011,10,1,12,48,5,43.74794538,-79.46239029,York Centre (9),9,Downsview-Roding-CFB (26),26,D32,North York,WILLIAM R ALLEN RD N,SHEPPARD AVE W, ,Major Arterial,Mid-Block, ,Traffic Signal,Clear,Daylight,Dry,Non-Fatal Injury,Sideswipe,Driver,40 to 44,Major,0,North,"Automobile, Station Wagon",Changing Lanes,Improper Lane Change,Normal, , , , , , ,0,0,1,0,0,0,0,0,0,0,0,0,0,0
1256813,2011,10,1,12,48,5,43.74794538,-79.46239029,York Centre (9),9,Downsview-Roding-CFB (26),26,D32,North York,WILLIAM R ALLEN RD N,SHEPPARD AVE W, ,Major Arterial,Mid-Block, ,Traffic Signal,Clear,Daylight,Dry,Non-Fatal Injury,Sideswipe,Driver,65 to 69,Minimal,0,North,"Automobile, Station Wagon",Going Ahead,Driving Properly,Normal, , , , , , ,0,0,1,0,0,0,0,0,0,0,0,0,0,0
7000797636,2017,5,6,12,48,5,43.65734442,-79.38132868,Toronto Centre-Rosedale (27),27,Church-Yonge Corridor (75),75,D51,Toronto East York,YONGE  ST,GOULD ST, ,Major Arterial,Intersection,At Intersection,Traffic Signal,Clear,Daylight,Dry,Non-Fatal Injury,Cyclist Collisions,Driver,30 to 34,,0,South,"Automobile, Station Wagon",Going Ahead,Improper Passing,Normal, , , , , , ,0,1,1,0,0,0,0,0,0,1,0,0,0,0
7000797636,2017,5,6,12,48,5,43.65734442,-79.38132868,Toronto Centre-Rosedale (27),27,Church-Yonge Corridor (75),75,D51,Toronto East York,YONGE  ST,GOULD ST, ,Major Arterial,Intersection,At Intersection,Traffic Signal,Clear,Daylight,Dry,Non-Fatal Injury,Cyclist Collisions,Cyclist,70 to 74,Major,0,South,Bicycle,Going Ahead, , , , , ,Cyclist and Driver travelling in same direction. One vehicle sideswipes the other.,Driving Properly,Normal,0,1,1,0,0,0,0,0,0,1,0,0,0,0
1018638,2008,2,2,12,49,5,43.76744538,-79.23919029,Scarborough Centre (38),38,Woburn (137),137,D43,Scarborough,BELLAMY RD N,BRIMORTON DR, ,Minor Arterial,Intersection,At Intersection,Traffic Signal,Clear,Daylight,Wet,Non-Fatal Injury,Turning Movement,Driver,80 to 84,Major,0,North,"Automobile, Station Wagon",Turning Left,Failed to Yield Right of Way,Normal, , , , , , ,0,0,1,0,0,0,0,0,1,1,0,0,0,0
1018638,2008,2,2,12,49,5,43.76744538,-79.23919029,Scarborough Centre (38),38,Woburn (137),137,D43,Scarborough,BELLAMY RD N,BRIMORTON DR, ,Minor Arterial,Intersection,At Intersection,Traffic Signal,Clear,Daylight,Wet,Non-Fatal Injury,Turning Movement,Driver,20 to 24,Major,0,South,"Automobile, Station Wagon",Going Ahead,Exceeding Speed Limit,Normal, , , , , , ,0,0,1,0,0,0,0,0,1,1,0,0,0,0
1326729,2012,10,9,12,49,1,43.67724570000001,-79.44639216,Davenport (17),17,Corso Italia-Davenport (92),92,D13,Etobicoke York,ST CLAIR AVE W,BOON AVE, ,Major Arterial,Intersection, ,No Control,Clear,Daylight,Dry,Non-Fatal Injury,Pedestrian Collisions,Vehicle Owner,unknown, ,0, ,Other, , , , , , , , , ,1,0,0,0,0,1,0,0,0,0,0,0,0,0
1326729,2012,10,9,12,49,1,43.67724570000001,-79.44639216,Davenport (17),17,Corso Italia-Davenport (92),92,D13,Etobicoke York,ST CLAIR AVE W,BOON AVE, ,Major Arterial,Intersection, ,No Control,Clear,Daylight,Dry,Non-Fatal Injury,Pedestrian Collisions,Driver,30 to 34,,0,West,Municipal Transit Bus (TTC),Going Ahead,Driving Properly,Normal, , , , , , ,1,0,0,0,0,1,0,0,0,0,0,0,0,0
1326729,2012,10,9,12,49,1,43.67724570000001,-79.44639216,Davenport (17),17,Corso Italia-Davenport (92),92,D13,Etobicoke York,ST CLAIR AVE W,BOON AVE, ,Major Arterial,Intersection, ,No Control,Clear,Daylight,Dry,Non-Fatal Injury,Pedestrian Collisions,Pedestrian,50 to 54,Major,0,South,Other, , , ,Pedestrian involved in a collision with transit vehicle anywhere along roadway,"Crossing, no Traffic Control",Normal, , , ,1,0,0,0,0,1,0,0,0,0,0,0,0,0
7000396718,2017,3,4,12,49,5,43.72043188,-79.61201105,Etobicoke North (2),2,West Humber-Clairville (1),1,D23,Etobicoke York,REXDALE BLVD,RAMP TO ENTRANCE RD,6.5 m West of,Major Arterial,Mid-Block,Non Intersection,No Control,Clear,Daylight,Dry,Fatal,Pedestrian Collisions,Pedestrian,90 to 94,Fatal,14,South, , , , ,Pedestrian hit at mid-block,"Crossing, no Traffic Control",Inattentive, , , ,1,0,1,0,0,0,0,0,0,0,0,0,0,1
7000396718,2017,3,4,12,49,5,43.72043188,-79.61201105,Etobicoke North (2),2,West Humber-Clairville (1),1,D23,Etobicoke York,REXDALE BLVD,RAMP TO ENTRANCE RD,6.5 m West of,Major Arterial,Mid-Block,Non Intersection,No Control,Clear,Daylight,Dry,Fatal,Pedestrian Collisions,Driver,75 to 79,,0,East,Passenger Van,Going Ahead,Driving Properly,Normal, , , , , , ,1,0,1,0,0,0,0,0,0,0,0,0,0,1
989800,2007,8,16,12,50,3,43.67974538,-79.34469029,Toronto-Danforth (29),29,Danforth (66),66,D54,Toronto East York,LIPTON AVE,PAPE AVE, ,Local,Mid-Block, ,No Control,Clear,Daylight,Dry,Non-Fatal Injury,SMV Other,Passenger,25 to 29,Major,0, ,Other, , , , , , , , , ,0,0,1,0,0,0,0,1,0,0,0,0,0,0
989800,2007,8,16,12,50,3,43.67974538,-79.34469029,Toronto-Danforth (29),29,Danforth (66),66,D54,Toronto East York,LIPTON AVE,PAPE AVE, ,Local,Mid-Block, ,No Control,Clear,Daylight,Dry,Non-Fatal Injury,SMV Other,Vehicle Owner,unknown,,0, ,Other,Unknown, , , , , , , , ,0,0,1,0,0,0,0,1,0,0,0,0,0,0
989800,2007,8,16,12,50,3,43.67974538,-79.34469029,Toronto-Danforth (29),29,Danforth (66),66,D54,Toronto East York,LIPTON AVE,PAPE AVE, ,Local,Mid-Block, ,No Control,Clear,Daylight,Dry,Non-Fatal Injury,SMV Other,Driver,30 to 34,Major,0,East,"Automobile, Station Wagon",Making U Turn,Lost control,Other, , , , , , ,0,0,1,0,0,0,0,1,0,0,0,0,0,0
989800,2007,8,16,12,50,3,43.67974538,-79.34469029,Toronto-Danforth (29),29,Danforth (66),66,D54,Toronto East York,LIPTON AVE,PAPE AVE, ,Local,Mid-Block, ,No Control,Clear,Daylight,Dry,Non-Fatal Injury,SMV Other,Other Property Owner,unknown,,0, ,Other, , , , , , , , , ,0,0,1,0,0,0,0,1,0,0,0,0,0,0
1008261,2007,12,3,12,50,0,43.80764538,-79.35749029,Willowdale (24),24,Hillcrest Village (48),48,D33,North York,DON MILLS RD,CLIFFWOOD RD, ,Major Arterial,Mid-Block, ,No Control,Clear,Daylight,Wet,Non-Fatal Injury,Rear End,Driver,45 to 49,Minimal,0,South,"Automobile, Station Wagon",Stopped,Driving Properly,Normal, , , , , , ,0,0,1,0,0,0,0,1,0,1,0,0,0,0
1008261,2007,12,3,12,50,0,43.80764538,-79.35749029,Willowdale (24),24,Hillcrest Village (48),48,D33,North York,DON MILLS RD,CLIFFWOOD RD, ,Major Arterial,Mid-Block, ,No Control,Clear,Daylight,Wet,Non-Fatal Injury,Rear End,Passenger,85 to 89,Major,0, ,Other, , , , , , , , , ,0,0,1,0,0,0,0,1,0,1,0,0,0,0
1008261,2007,12,3,12,50,0,43.80764538,-79.35749029,Willowdale (24),24,Hillcrest Village (48),48,D33,North York,DON MILLS RD,CLIFFWOOD RD, ,Major Arterial,Mid-Block, ,No Control,Clear,Daylight,Wet,Non-Fatal Injury,Rear End,Driver,45 to 49,Minimal,0,South,"Automobile, Station Wagon",Going Ahead,Following too Close,Inattentive, , , , , , ,0,0,1,0,0,0,0,1,0,1,0,0,0,0
1008261,2007,12,3,12,50,0,43.80764538,-79.35749029,Willowdale (24),24,Hillcrest Village (48),48,D33,North York,DON MILLS RD,CLIFFWOOD RD, ,Major Arterial,Mid-Block, ,No Control,Clear,Daylight,Wet,Non-Fatal Injury,Rear End,Driver,35 to 39,Minor,0,South,"Automobile, Station Wagon",Stopped,Driving Properly,Normal, , , , , , ,0,0,1,0,0,0,0,1,0,1,0,0,0,0
1010140,2007,12,4,12,50,1,43.67284538,-79.38789029,Toronto Centre-Rosedale (27),27,Annex (95),95,D53,Toronto East York,YONGE ST,CHURCH ST, ,Major Arterial,Intersection,At Intersection,Traffic Signal,Clear,Daylight,Dry,Non-Fatal Injury,Pedestrian Collisions,Vehicle Owner,unknown, ,0, ,Other, , , , , , , , , ,1,0,0,0,1,0,0,0,0,0,0,0,0,0
1010140,2007,12,4,12,50,1,43.67284538,-79.38789029,Toronto Centre-Rosedale (27),27,Annex (95),95,D53,Toronto East York,YONGE ST,CHURCH ST, ,Major Arterial,Intersection,At Intersection,Traffic Signal,Clear,Daylight,Dry,Non-Fatal Injury,Pedestrian Collisions,Truck Driver,35 to 39,,0,West,Truck - Open,Turning Right,Driving Properly,Normal, , , , , , ,1,0,0,0,1,0,0,0,0,0,0,0,0,0
1010140,2007,12,4,12,50,1,43.67284538,-79.38789029,Toronto Centre-Rosedale (27),27,Annex (95),95,D53,Toronto East York,YONGE ST,CHURCH ST, ,Major Arterial,Intersection,At Intersection,Traffic Signal,Clear,Daylight,Dry,Non-Fatal Injury,Pedestrian Collisions,Pedestrian,15 to 19,Major,0,Unknown,Other, , , ,Other / Undefined,On Sidewalk or Shoulder,Normal, , , ,1,0,0,0,1,0,0,0,0,0,0,0,0,0
1150084,2010,1,3,12,50,6,43.82554538,-79.27529029,Scarborough-Rouge River (41),41,Milliken (130),130,D42,Scarborough,MCCOWAN RD,ALTON TOWERS CRCL, ,Major Arterial,Mid-Block, ,No Control,Snow,Daylight,Loose Snow,Non-Fatal Injury,Approaching,Driver,30 to 34,,0,North,"Automobile, Station Wagon",Going Ahead,Driving Properly,Normal, , , , , , ,0,0,1,0,0,0,0,1,0,0,0,0,0,0
1150084,2010,1,3,12,50,6,43.82554538,-79.27529029,Scarborough-Rouge River (41),41,Milliken (130),130,D42,Scarborough,MCCOWAN RD,ALTON TOWERS CRCL, ,Major Arterial,Mid-Block, ,No Control,Snow,Daylight,Loose Snow,Non-Fatal Injury,Approaching,Vehicle Owner,unknown, ,0, ,Other, , , , , , , , , ,0,0,1,0,0,0,0,1,0,0,0,0,0,0
1150084,2010,1,3,12,50,6,43.82554538,-79.27529029,Scarborough-Rouge River (41),41,Milliken (130),130,D42,Scarborough,MCCOWAN RD,ALTON TOWERS CRCL, ,Major Arterial,Mid-Block, ,No Control,Snow,Daylight,Loose Snow,Non-Fatal Injury,Approaching,Passenger,70 to 74,Major,0, ,Other, , , , , , , , , ,0,0,1,0,0,0,0,1,0,0,0,0,0,0
1150084,2010,1,3,12,50,6,43.82554538,-79.27529029,Scarborough-Rouge River (41),41,Milliken (130),130,D42,Scarborough,MCCOWAN RD,ALTON TOWERS CRCL, ,Major Arterial,Mid-Block, ,No Control,Snow,Daylight,Loose Snow,Non-Fatal Injury,Approaching,Driver,70 to 74,,0,North,"Automobile, Station Wagon",Going Ahead,Driving Properly,Normal, , , , , , ,0,0,1,0,0,0,0,1,0,0,0,0,0,0
1150084,2010,1,3,12,50,6,43.82554538,-79.27529029,Scarborough-Rouge River (41),41,Milliken (130),130,D42,Scarborough,MCCOWAN RD,ALTON TOWERS CRCL, ,Major Arterial,Mid-Block, ,No Control,Snow,Daylight,Loose Snow,Non-Fatal Injury,Approaching,Passenger,60 to 64,Minimal,0, ,Other, , , , , , , , , ,0,0,1,0,0,0,0,1,0,0,0,0,0,0
1150084,2010,1,3,12,50,6,43.82554538,-79.27529029,Scarborough-Rouge River (41),41,Milliken (130),130,D42,Scarborough,MCCOWAN RD,ALTON TOWERS CRCL, ,Major Arterial,Mid-Block, ,No Control,Snow,Daylight,Loose Snow,Non-Fatal Injury,Approaching,Driver,65 to 69,Major,0,South,"Automobile, Station Wagon",Going Ahead,Lost control,Normal, , , , , , ,0,0,1,0,0,0,0,1,0,0,0,0,0,0
1150084,2010,1,3,12,50,6,43.82554538,-79.27529029,Scarborough-Rouge River (41),41,Milliken (130),130,D42,Scarborough,MCCOWAN RD,ALTON TOWERS CRCL, ,Major Arterial,Mid-Block, ,No Control,Snow,Daylight,Loose Snow,Non-Fatal Injury,Approaching,Other Property Owner,unknown, ,0, ,Other, , , , , , , , , ,0,0,1,0,0,0,0,1,0,0,0,0,0,0
1316760,2012,4,7,12,50,5,43.77634538,-79.51699029,York West (8),8,York University Heights (27),27,D31,North York,STEELES AVE W,MURRAY ROSS PKWY, ,Major Arterial,Intersection,At Intersection,Traffic Signal,Clear,Daylight,Dry,Non-Fatal Injury,Rear End,Driver,75 to 79,Minor,0,West,"Automobile, Station Wagon",Going Ahead,Following too Close,Normal, , , , , , ,0,0,1,0,0,0,0,1,0,1,0,0,0,0
1316760,2012,4,7,12,50,5,43.77634538,-79.51699029,York West (8),8,York University Heights (27),27,D31,North York,STEELES AVE W,MURRAY ROSS PKWY, ,Major Arterial,Intersection,At Intersection,Traffic Signal,Clear,Daylight,Dry,Non-Fatal Injury,Rear End,Passenger,45 to 49,Major,0, ,Other, , , , , , , , , ,0,0,1,0,0,0,0,1,0,1,0,0,0,0
1316760,2012,4,7,12,50,5,43.77634538,-79.51699029,York West (8),8,York University Heights (27),27,D31,North York,STEELES AVE W,MURRAY ROSS PKWY, ,Major Arterial,Intersection,At Intersection,Traffic Signal,Clear,Daylight,Dry,Non-Fatal Injury,Rear End,Vehicle Owner,unknown, ,0, ,Other, , , , , , , , , ,0,0,1,0,0,0,0,1,0,1,0,0,0,0
1316760,2012,4,7,12,50,5,43.77634538,-79.51699029,York West (8),8,York University Heights (27),27,D31,North York,STEELES AVE W,MURRAY ROSS PKWY, ,Major Arterial,Intersection,At Intersection,Traffic Signal,Clear,Daylight,Dry,Non-Fatal Injury,Rear End,Driver,50 to 54,Major,0,West,"Automobile, Station Wagon",Slowing or Stopping,Driving Properly,Normal, , , , , , ,0,0,1,0,0,0,0,1,0,1,0,0,0,0
1385463,2013,9,9,12,50,0,43.6366268,-79.44155512,Parkdale-High Park (14),14,South Parkdale (85),85,D14,Toronto East York,KING St W,WILSON PARK Rd, ,Major Arterial,Intersection, ,No Control,Clear,Daylight,Dry,Non-Fatal Injury,Sideswipe,Motorcycle Driver,25 to 29,Major,0,East,Motorcycle,Going Ahead,Driving Properly,Normal, , , , , , ,0,0,0,1,0,0,0,1,0,0,0,0,0,0
1385463,2013,9,9,12,50,0,43.6366268,-79.44155512,Parkdale-High Park (14),14,South Parkdale (85),85,D14,Toronto East York,KING St W,WILSON PARK Rd, ,Major Arterial,Intersection, ,No Control,Clear,Daylight,Dry,Non-Fatal Injury,Sideswipe,Motorcycle Passenger,25 to 29,Minor,0, ,Other, , , , , , , , , ,0,0,0,1,0,0,0,1,0,0,0,0,0,0
1385463,2013,9,9,12,50,0,43.6366268,-79.44155512,Parkdale-High Park (14),14,South Parkdale (85),85,D14,Toronto East York,KING St W,WILSON PARK Rd, ,Major Arterial,Intersection, ,No Control,Clear,Daylight,Dry,Non-Fatal Injury,Sideswipe,Motorcycle Driver,30 to 34,Minor,0,East,Motorcycle,Going Ahead,Lost control,Normal, , , , , , ,0,0,0,1,0,0,0,1,0,0,0,0,0,0
142211983,2014,6,3,12,50,1,43.763236600000006,-79.39745722,Willowdale (23),23,Willowdale East (51),51,D32,North York,53 CRAIGMORE CRES, , ,Local,Mid-Block, ,No Control,Clear,Daylight,Dry,Fatal,Pedestrian Collisions,Driver,75 to 79,,0,North,"Automobile, Station Wagon",Reversing,Other,Unknown, , , , , , ,1,0,1,0,0,0,0,0,0,0,0,0,0,1
142211983,2014,6,3,12,50,1,43.763236600000006,-79.39745722,Willowdale (23),23,Willowdale East (51),51,D32,North York,53 CRAIGMORE CRES, , ,Local,Mid-Block, ,No Control,Clear,Daylight,Dry,Fatal,Pedestrian Collisions,Pedestrian,85 to 89,Fatal,11,West, , , , ,Vehicle is reversing and hits pedestrian,Other,Normal, , , ,1,0,1,0,0,0,0,0,0,0,0,0,0,1
1304939,2012,5,30,13,15,2,43.65134538,-79.41089029,Trinity-Spadina (19),19,Trinity-Bellwoods (81),81,D14,Toronto East York,DUNDAS ST W,MANNING AVE, ,Major Arterial,Intersection,At Intersection,Traffic Signal,Clear,Daylight,Dry,Non-Fatal Injury,Cyclist Collisions,Driver,25 to 29,,0,East,"Automobile, Station Wagon",Stopped,Driving Properly,Normal, , , , , , ,0,1,1,0,0,0,0,0,0,0,0,0,0,0
1304939,2012,5,30,13,15,2,43.65134538,-79.41089029,Trinity-Spadina (19),19,Trinity-Bellwoods (81),81,D14,Toronto East York,DUNDAS ST W,MANNING AVE, ,Major Arterial,Intersection,At Intersection,Traffic Signal,Clear,Daylight,Dry,Non-Fatal Injury,Cyclist Collisions,Cyclist,40 to 44,Major,0,East,Bicycle,Going Ahead, , , , , ,Cyclist and Driver travelling in same direction. One vehicle rear-ended the other.,Lost control,Fatigue,0,1,1,0,0,0,0,0,0,0,0,0,0,0
1306980,2012,6,23,13,15,5,43.73954538,-79.51249029,York Centre (9),9,Glenfield-Jane Heights (25),25,D31,North York,SHEPPARD AVE W,JANE ST, ,Major Arterial,Mid-Block,At Intersection,No Control,Clear,Daylight,Dry,Non-Fatal Injury,Pedestrian Collisions,Driver,65 to 69,,0,West,"Automobile, Station Wagon",Changing Lanes,Lost control,Other, , , , , , ,1,0,1,0,0,0,0,0,0,0,0,0,0,0
1306980,2012,6,23,13,15,5,43.73954538,-79.51249029,York Centre (9),9,Glenfield-Jane Heights (25),25,D31,North York,SHEPPARD AVE W,JANE ST, ,Major Arterial,Mid-Block,At Intersection,No Control,Clear,Daylight,Dry,Non-Fatal Injury,Pedestrian Collisions,Pedestrian,75 to 79,Major,0,West,Other, , , ,Pedestrian hit on sidewalk or shoulder,On Sidewalk or Shoulder,Unknown, , , ,1,0,1,0,0,0,0,0,0,0,0,0,0,0
1350739,2013,3,21,13,15,3,43.64711722,-79.40397272,Trinity-Spadina (20),20,Waterfront Communities-The Island (77),77,D14,Toronto East York,QUEEN ST W,BATHURST ST, ,Major Arterial,Intersection,At Intersection,Traffic Signal,Clear,Daylight,Wet,Non-Fatal Injury,Cyclist Collisions,Vehicle Owner,unknown, ,0, , , , , , , , , , , ,0,1,0,0,1,0,0,0,0,0,0,0,0,0
1350739,2013,3,21,13,15,3,43.64711722,-79.40397272,Trinity-Spadina (20),20,Waterfront Communities-The Island (77),77,D14,Toronto East York,QUEEN ST W,BATHURST ST, ,Major Arterial,Intersection,At Intersection,Traffic Signal,Clear,Daylight,Wet,Non-Fatal Injury,Cyclist Collisions,Truck Driver,35 to 39,,0,East,Truck-Tractor,Turning Right,Driving Properly,Normal, , , , , , ,0,1,0,0,1,0,0,0,0,0,0,0,0,0
1350739,2013,3,21,13,15,3,43.64711722,-79.40397272,Trinity-Spadina (20),20,Waterfront Communities-The Island (77),77,D14,Toronto East York,QUEEN ST W,BATHURST ST, ,Major Arterial,Intersection,At Intersection,Traffic Signal,Clear,Daylight,Wet,Non-Fatal Injury,Cyclist Collisions,Other,unknown,,0, , , , , , , , , , , ,0,1,0,0,1,0,0,0,0,0,0,0,0,0
1350739,2013,3,21,13,15,3,43.64711722,-79.40397272,Trinity-Spadina (20),20,Waterfront Communities-The Island (77),77,D14,Toronto East York,QUEEN ST W,BATHURST ST, ,Major Arterial,Intersection,At Intersection,Traffic Signal,Clear,Daylight,Wet,Non-Fatal Injury,Cyclist Collisions,Cyclist,20 to 24,Major,0,West,Bicycle,Going Ahead, , , , , ,"Motorist without ROW drives into path of cyclist at inter, lnwy, dwy-Driver not turn.",Failed to Yield Right of Way,Normal,0,1,0,0,1,0,0,0,0,0,0,0,0,0
6000291466,2016,2,18,13,15,3,43.69353064,-79.29722224,Beaches-East York (31),31,Taylor-Massey (61),61,D54,Toronto East York,DAWES RD,SECORD AVE, ,Minor Arterial,Intersection,At Intersection,Traffic Signal,Clear,Daylight,Dry,Fatal,Pedestrian Collisions,Driver,30 to 34,,0,South,Delivery Van,Turning Right,Failed to Yield Right of Way,Inattentive, , , , , , ,1,0,1,0,0,0,0,0,0,1,0,0,0,1
6000291466,2016,2,18,13,15,3,43.69353064,-79.29722224,Beaches-East York (31),31,Taylor-Massey (61),61,D54,Toronto East York,DAWES RD,SECORD AVE, ,Minor Arterial,Intersection,At Intersection,Traffic Signal,Clear,Daylight,Dry,Fatal,Pedestrian Collisions,Pedestrian,70 to 74,Fatal,13,North, , , , ,Vehicle turns right while ped crosses with ROW at inter.,Crossing with right of way,Normal, , , ,1,0,1,0,0,0,0,0,0,1,0,0,0,1
1253623,2011,9,12,13,16,0,43.75394538,-79.62099029,Etobicoke North (1),1,West Humber-Clairville (1),1,D23,Etobicoke York,STEELES AVE W,STEINWAY BLVD, ,Major Arterial,Mid-Block, ,No Control,Clear,Daylight,Dry,Fatal,Turning Movement,Vehicle Owner,unknown, ,0, ,Other, , , , , , , , , ,0,0,1,0,0,0,0,0,1,1,0,0,0,1
1253623,2011,9,12,13,16,0,43.75394538,-79.62099029,Etobicoke North (1),1,West Humber-Clairville (1),1,D23,Etobicoke York,STEELES AVE W,STEINWAY BLVD, ,Major Arterial,Mid-Block, ,No Control,Clear,Daylight,Dry,Fatal,Turning Movement,Driver,55 to 59,Minor,0,West,"Automobile, Station Wagon",Turning Left,Driving Properly,Normal, , , , , , ,0,0,1,0,0,0,0,0,1,1,0,0,0,1
1253623,2011,9,12,13,16,0,43.75394538,-79.62099029,Etobicoke North (1),1,West Humber-Clairville (1),1,D23,Etobicoke York,STEELES AVE W,STEINWAY BLVD, ,Major Arterial,Mid-Block, ,No Control,Clear,Daylight,Dry,Fatal,Turning Movement,Vehicle Owner,unknown, ,0, ,Other, , , , , , , , , ,0,0,1,0,0,0,0,0,1,1,0,0,0,1
1253623,2011,9,12,13,16,0,43.75394538,-79.62099029,Etobicoke North (1),1,West Humber-Clairville (1),1,D23,Etobicoke York,STEELES AVE W,STEINWAY BLVD, ,Major Arterial,Mid-Block, ,No Control,Clear,Daylight,Dry,Fatal,Turning Movement,Driver,45 to 49,,0,North,"Automobile, Station Wagon",Turning Right,Driving Properly,Normal, , , , , , ,0,0,1,0,0,0,0,0,1,1,0,0,0,1
1253623,2011,9,12,13,16,0,43.75394538,-79.62099029,Etobicoke North (1),1,West Humber-Clairville (1),1,D23,Etobicoke York,STEELES AVE W,STEINWAY BLVD, ,Major Arterial,Mid-Block, ,No Control,Clear,Daylight,Dry,Fatal,Turning Movement,Vehicle Owner,unknown, ,0, ,Other, , , , , , , , , ,0,0,1,0,0,0,0,0,1,1,0,0,0,1
1253623,2011,9,12,13,16,0,43.75394538,-79.62099029,Etobicoke North (1),1,West Humber-Clairville (1),1,D23,Etobicoke York,STEELES AVE W,STEINWAY BLVD, ,Major Arterial,Mid-Block, ,No Control,Clear,Daylight,Dry,Fatal,Turning Movement,Driver,20 to 24,Fatal,24,East,"Automobile, Station Wagon",Going Ahead,Exceeding Speed Limit,Unknown, , , , , , ,0,0,1,0,0,0,0,0,1,1,0,0,0,1
1362811,2013,6,20,13,16,3,43.69794538,-79.57379029,Etobicoke North (2),2,West Humber-Clairville (1),1,D23,Etobicoke York,MARTIN GROVE RD,409 E MARTIN GROVE RAMP, ,Major Arterial,Intersection,At Intersection,Traffic Signal,Clear,Daylight,Dry,Non-Fatal Injury,Cyclist Collisions,Vehicle Owner,unknown, ,0, ,Other, , , , , , , , , ,0,1,1,0,0,0,0,0,0,0,0,0,0,0
1362811,2013,6,20,13,16,3,43.69794538,-79.57379029,Etobicoke North (2),2,West Humber-Clairville (1),1,D23,Etobicoke York,MARTIN GROVE RD,409 E MARTIN GROVE RAMP, ,Major Arterial,Intersection,At Intersection,Traffic Signal,Clear,Daylight,Dry,Non-Fatal Injury,Cyclist Collisions,Driver,50 to 54,,0,East,"Automobile, Station Wagon",Turning Right,Driving Properly,Normal, , , , , , ,0,1,1,0,0,0,0,0,0,0,0,0,0,0
1362811,2013,6,20,13,16,3,43.69794538,-79.57379029,Etobicoke North (2),2,West Humber-Clairville (1),1,D23,Etobicoke York,MARTIN GROVE RD,409 E MARTIN GROVE RAMP, ,Major Arterial,Intersection,At Intersection,Traffic Signal,Clear,Daylight,Dry,Non-Fatal Injury,Cyclist Collisions,Cyclist,55 to 59,Major,0,North,Bicycle,Going Ahead, , , , , ,"Cyclist without ROW rides into path of motorist at inter, lnwy, dwy-Cyclist not turn.",Disobeyed Traffic Control,Normal,0,1,1,0,0,0,0,0,0,0,0,0,0,0
1147342,2010,1,12,13,17,1,43.65384538,-79.45179029,Parkdale-High Park (14),14,Roncesvalles (86),86,D11,Toronto East York,DUNDAS ST W,RONCESVALLES AVE, ,Minor Arterial,Intersection,At Intersection,Traffic Signal,Clear,Daylight,Dry,Fatal,Pedestrian Collisions,Vehicle Owner,unknown, ,0, ,Other, , , , , , , , , ,1,0,1,0,0,0,0,0,0,0,0,0,0,1
1147342,2010,1,12,13,17,1,43.65384538,-79.45179029,Parkdale-High Park (14),14,Roncesvalles (86),86,D11,Toronto East York,DUNDAS ST W,RONCESVALLES AVE, ,Minor Arterial,Intersection,At Intersection,Traffic Signal,Clear,Daylight,Dry,Fatal,Pedestrian Collisions,Driver,20 to 24,,0,South,"Automobile, Station Wagon",Going Ahead,Driving Properly,Normal, , , , , , ,1,0,1,0,0,0,0,0,0,0,0,0,0,1
1147342,2010,1,12,13,17,1,43.65384538,-79.45179029,Parkdale-High Park (14),14,Roncesvalles (86),86,D11,Toronto East York,DUNDAS ST W,RONCESVALLES AVE, ,Minor Arterial,Intersection,At Intersection,Traffic Signal,Clear,Daylight,Dry,Fatal,Pedestrian Collisions,Pedestrian,40 to 44,Minor,0,East,Other, , , ,Vehicle is going straight thru inter.while ped cross without ROW,Crossing without right of way,Inattentive, , , ,1,0,1,0,0,0,0,0,0,0,0,0,0,1