ACCNUM,YEAR,MONTH,DAY,HOUR,MINUTES,WEEKDAY,LATITUDE,LONGITUDE,Ward_Name,Ward_ID,Hood_Name,Hood_ID,Division,District,STREET1,STREET2,OFFSET,ROAD_CLASS,LOCCOORD,ACCLOC,TRAFFCTL,VISIBILITY,LIGHT,RDSFCOND,ACCLASS,IMPACTYPE,INVTYPE,INVAGE,INJURY,FATAL_NO,INITDIR,VEHTYPE,MANOEUVER,DRIVACT,DRIVCOND,PEDTYPE,PEDACT,PEDCOND,CYCLISTYPE,CYCACT,CYCCOND,PEDESTRIAN,CYCLIST,AUTOMOBILE,MOTORCYCLE,TRUCK,TRSN_CITY_VEH,EMERG_VEH,PASSENGER,SPEEDING,AG_DRIV,REDLIGHT,ALCOHOL,DISABILITY,label
1147342,2010,1,12,13,17,1,43.65384538,-79.45179029,Parkdale-High Park (14),14,Roncesvalles (86),86,D11,Toronto East York,DUNDAS ST W,RONCESVALLES AVE, ,Minor Arterial,Intersection,At Intersection,Traffic Signal,Clear,Daylight,Dry,Fatal,Pedestrian Collisions,Pedestrian,80 to 84,Fatal,3,East,Other, , , ,Vehicle is going straight thru inter.while ped cross without ROW,Crossing without right of way,Inattentive, , , ,1,0,1,0,0,0,0,0,0,0,0,0,0,1
6001757672,2016,10,3,13,17,0,43.68156012,-79.41765986,St. Paul's (21),21,Casa Loma (96),96,D13,Toronto East York,BATHURST ST,VAUGHAN RD, ,Major Arterial,Intersection,At/Near Private Drive,No Control,Clear,Daylight,Dry,Non-Fatal Injury,Angle,Driver,20 to 24,Major,0,West,"Automobile, Station Wagon",Going Ahead,Failed to Yield Right of Way,Normal, , , , , , ,0,0,1,0,0,0,0,0,1,1,0,0,0,0
6001757672,2016,10,3,13,17,0,43.68156012,-79.41765986,St. Paul's (21),21,Casa Loma (96),96,D13,Toronto East York,BATHURST ST,VAUGHAN RD, ,Major Arterial,Intersection,At/Near Private Drive,No Control,Clear,Daylight,Dry,Non-Fatal Injury,Angle,Driver,50 to 54,,0,South,"Automobile, Station Wagon",Going Ahead,Driving Properly,Normal, , , , , , ,0,0,1,0,0,0,0,0,1,1,0,0,0,0
1096493,2009,3,7,13,18,5,43.68614538,-79.44329029,Davenport (17),17,Oakwood Village (107),107,D13,North York,ROGERS RD,NORTHCLIFFE BLVD, ,Minor Arterial,Mid-Block, ,No Control,Rain,Daylight,Wet,Non-Fatal Injury,Pedestrian Collisions,Driver,30 to 34,,0,East,"Automobile, Station Wagon",Going Ahead,Driving Properly,Normal, , , , , , ,1,0,1,0,0,0,0,0,0,0,0,0,0,0
1096493,2009,3,7,13,18,5,43.68614538,-79.44329029,Davenport (17),17,Oakwood Village (107),107,D13,North York,ROGERS RD,NORTHCLIFFE BLVD, ,Minor Arterial,Mid-Block, ,No Control,Rain,Daylight,Wet,Non-Fatal Injury,Pedestrian Collisions,Pedestrian,10 to 14,Major,0, ,Other,Other, , ,Vehicle hits the pedestrian walking or running out from between parked vehicles at mid-block,Coming From Behind Parked Vehicle,Inattentive, , , ,1,0,1,0,0,0,0,0,0,0,0,0,0,0
1178114,2010,5,18,13,18,1,43.67247351,-79.39566431,Toronto Centre-Rosedale (27),27,Annex (95),95,D53,Toronto East York,AVENUE RD,ELGIN AVE, ,Major Arterial,Intersection, ,No Control,Clear,Daylight,Dry,Non-Fatal Injury,Cyclist Collisions,Driver,50 to 54,,0,South,"Automobile, Station Wagon",Parked,Other,Inattentive, , , , , , ,0,1,1,0,0,1,0,0,0,0,0,0,0,0
1178114,2010,5,18,13,18,1,43.67247351,-79.39566431,Toronto Centre-Rosedale (27),27,Annex (95),95,D53,Toronto East York,AVENUE RD,ELGIN AVE, ,Major Arterial,Intersection, ,No Control,Clear,Daylight,Dry,Non-Fatal Injury,Cyclist Collisions,Vehicle Owner,unknown, ,0, ,Other, , , , , , , , , ,0,1,1,0,0,1,0,0,0,0,0,0,0,0
1178114,2010,5,18,13,18,1,43.67247351,-79.39566431,Toronto Centre-Rosedale (27),27,Annex (95),95,D53,Toronto East York,AVENUE RD,ELGIN AVE, ,Major Arterial,Intersection, ,No Control,Clear,Daylight,Dry,Non-Fatal Injury,Cyclist Collisions,Driver,50 to 54,,0,South,Municipal Transit Bus (TTC),Going Ahead,Driving Properly,Normal, , , , , , ,0,1,1,0,0,1,0,0,0,0,0,0,0,0
1178114,2010,5,18,13,18,1,43.67247351,-79.39566431,Toronto Centre-Rosedale (27),27,Annex (95),95,D53,Toronto East York,AVENUE RD,ELGIN AVE, ,Major Arterial,Intersection, ,No Control,Clear,Daylight,Dry,Non-Fatal Injury,Cyclist Collisions,Cyclist,15 to 19,Major,0,South,Bicycle,Overtaking, , , , , ,Cyclist struck opened vehicle door,Driving Properly,Normal,0,1,1,0,0,1,0,0,0,0,0,0,0,0
1207896,2010,12,15,13,18,2,43.65884538,-79.45319029,Parkdale-High Park (14),14,High Park North (88),88,D11,Toronto East York,DUNDAS ST W,CHELSEA AVE, ,Minor Arterial,Mid-Block, ,No Control,Clear,Daylight,Wet,Non-Fatal Injury,Pedestrian Collisions,Driver,75 to 79,,0,South,"Automobile, Station Wagon",Going Ahead,Driving Properly,Normal, , , , , , ,1,0,1,0,0,0,0,0,0,0,0,0,0,0
1207896,2010,12,15,13,18,2,43.65884538,-79.45319029,Parkdale-High Park (14),14,High Park North (88),88,D11,Toronto East York,DUNDAS ST W,CHELSEA AVE, ,Minor Arterial,Mid-Block, ,No Control,Clear,Daylight,Wet,Non-Fatal Injury,Pedestrian Collisions,Pedestrian,85 to 89,Major,0,East,Other, , , ,Vehicle hits the pedestrian walking or running out from between parked vehicles at mid-block,Coming From Behind Parked Vehicle,Inattentive, , , ,1,0,1,0,0,0,0,0,0,0,0,0,0,0
5001433281,2015,8,20,13,18,3,43.64830359,-79.48573695,Parkdale-High Park (13),13,High Park-Swansea (87),87,D11,Etobicoke York,SOUTH KINGSWAY,BLOOR ST W, ,Major Arterial,Intersection,At Intersection,Traffic Signal,Rain,Daylight,Wet,Non-Fatal Injury,Cyclist Collisions,Cyclist,20 to 24,Major,0,East,Bicycle,Going Ahead, , , , , ,"Cyclist without ROW rides into path of motorist at inter, lnwy, dwy-Cyclist not turn.",Disobeyed Traffic Control,Normal,0,1,1,0,0,0,0,1,0,0,0,0,0,0
5001433281,2015,8,20,13,18,3,43.64830359,-79.48573695,Parkdale-High Park (13),13,High Park-Swansea (87),87,D11,Etobicoke York,SOUTH KINGSWAY,BLOOR ST W, ,Major Arterial,Intersection,At Intersection,Traffic Signal,Rain,Daylight,Wet,Non-Fatal Injury,Cyclist Collisions,Driver,65 to 69,,0,West,"Automobile, Station Wagon",Turning Left,Driving Properly,Normal, , , , , , ,0,1,1,0,0,0,0,1,0,0,0,0,0,0
5001433281,2015,8,20,13,18,3,43.64830359,-79.48573695,Parkdale-High Park (13),13,High Park-Swansea (87),87,D11,Etobicoke York,SOUTH KINGSWAY,BLOOR ST W, ,Major Arterial,Intersection,At Intersection,Traffic Signal,Rain,Daylight,Wet,Non-Fatal Injury,Cyclist Collisions,Passenger,55 to 59,,0, , , , , , , , , , , ,0,1,1,0,0,0,0,1,0,0,0,0,0,0
1366347,2013,7,3,13,19,2,43.64299734,-79.37781153,Toronto Centre-Rosedale (28),28,Waterfront Communities-The Island (77),77,D52,Toronto East York,LAKE SHORE BLVD W,BAY ST, ,Major Arterial,Intersection, ,Traffic Signal,Clear,Daylight,Dry,Fatal,Pedestrian Collisions,Vehicle Owner,unknown, ,0, , , , , , , , , , , ,1,0,1,0,0,0,0,1,1,1,0,0,0,1
1366347,2013,7,3,13,19,2,43.64299734,-79.37781153,Toronto Centre-Rosedale (28),28,Waterfront Communities-The Island (77),77,D52,Toronto East York,LAKE SHORE BLVD W,BAY ST, ,Major Arterial,Intersection, ,Traffic Signal,Clear,Daylight,Dry,Fatal,Pedestrian Collisions,Driver,65 to 69,Major,0,West,"Automobile, Station Wagon",Going Ahead,Driving Properly,Normal, , , , , , ,1,0,1,0,0,0,0,1,1,1,0,0,0,1
1366347,2013,7,3,13,19,2,43.64299734,-79.37781153,Toronto Centre-Rosedale (28),28,Waterfront Communities-The Island (77),77,D52,Toronto East York,LAKE SHORE BLVD W,BAY ST, ,Major Arterial,Intersection, ,Traffic Signal,Clear,Daylight,Dry,Fatal,Pedestrian Collisions,Passenger,50 to 54,Minor,0, , , , , , , , , , , ,1,0,1,0,0,0,0,1,1,1,0,0,0,1
1366347,2013,7,3,13,19,2,43.64299734,-79.37781153,Toronto Centre-Rosedale (28),28,Waterfront Communities-The Island (77),77,D52,Toronto East York,LAKE SHORE BLVD W,BAY ST, ,Major Arterial,Intersection, ,Traffic Signal,Clear,Daylight,Dry,Fatal,Pedestrian Collisions,Passenger,65 to 69,,0, , , , , , , , , , , ,1,0,1,0,0,0,0,1,1,1,0,0,0,1
1366347,2013,7,3,13,19,2,43.64299734,-79.37781153,Toronto Centre-Rosedale (28),28,Waterfront Communities-The Island (77),77,D52,Toronto East York,LAKE SHORE BLVD W,BAY ST, ,Major Arterial,Intersection, ,Traffic Signal,Clear,Daylight,Dry,Fatal,Pedestrian Collisions,Driver,50 to 54,Minor,0,West,"Automobile, Station Wagon",Changing Lanes,Improper Lane Change,Inattentive, , , , , , ,1,0,1,0,0,0,0,1,1,1,0,0,0,1
1366347,2013,7,3,13,19,2,43.64299734,-79.37781153,Toronto Centre-Rosedale (28),28,Waterfront Communities-The Island (77),77,D52,Toronto East York,LAKE SHORE BLVD W,BAY ST, ,Major Arterial,Intersection, ,Traffic Signal,Clear,Daylight,Dry,Fatal,Pedestrian Collisions,Pedestrian,5 to 9,Minor,0,North, , , , ,Pedestrian hit on sidewalk or shoulder,On Sidewalk or Shoulder,Unknown, , , ,1,0,1,0,0,0,0,1,1,1,0,0,0,1
1366347,2013,7,3,13,19,2,43.64299734,-79.37781153,Toronto Centre-Rosedale (28),28,Waterfront Communities-The Island (77),77,D52,Toronto East York,LAKE SHORE BLVD W,BAY ST, ,Major Arterial,Intersection, ,Traffic Signal,Clear,Daylight,Dry,Fatal,Pedestrian Collisions,Pedestrian,15 to 19,Minor,0,North, , , , ,Pedestrian hit on sidewalk or shoulder,On Sidewalk or Shoulder,Unknown, , , ,1,0,1,0,0,0,0,1,1,1,0,0,0,1
1366347,2013,7,3,13,19,2,43.64299734,-79.37781153,Toronto Centre-Rosedale (28),28,Waterfront Communities-The Island (77),77,D52,Toronto East York,LAKE SHORE BLVD W,BAY ST, ,Major Arterial,Intersection, ,Traffic Signal,Clear,Daylight,Dry,Fatal,Pedestrian Collisions,Pedestrian,40 to 44,Minor,0,North, , , , ,Pedestrian hit on sidewalk or shoulder,On Sidewalk or Shoulder,Unknown, , , ,1,0,1,0,0,0,0,1,1,1,0,0,0,1
1366347,2013,7,3,13,19,2,43.64299734,-79.37781153,Toronto Centre-Rosedale (28),28,Waterfront Communities-The Island (77),77,D52,Toronto East York,LAKE SHORE BLVD W,BAY ST, ,Major Arterial,Intersection, ,Traffic Signal,Clear,Daylight,Dry,Fatal,Pedestrian Collisions,Pedestrian,55 to 59,Major,0,North, , , , ,Pedestrian hit on sidewalk or shoulder,On Sidewalk or Shoulder,Unknown, , , ,1,0,1,0,0,0,0,1,1,1,0,0,0,1
1366347,2013,7,3,13,19,2,43.64299734,-79.37781153,Toronto Centre-Rosedale (28),28,Waterfront Communities-The Island (77),77,D52,Toronto East York,LAKE SHORE BLVD W,BAY ST, ,Major Arterial,Intersection, ,Traffic Signal,Clear,Daylight,Dry,Fatal,Pedestrian Collisions,Pedestrian,70 to 74,Fatal,19,North, , , , ,Pedestrian hit on sidewalk or shoulder,On Sidewalk or Shoulder,Unknown, , , ,1,0,1,0,0,0,0,1,1,1,0,0,0,1
1366347,2013,7,3,13,19,2,43.64299734,-79.37781153,Toronto Centre-Rosedale (28),28,Waterfront Communities-The Island (77),77,D52,Toronto East York,LAKE SHORE BLVD W,BAY ST, ,Major Arterial,Intersection, ,Traffic Signal,Clear,Daylight,Dry,Fatal,Pedestrian Collisions,Pedestrian,45 to 49,Minimal,0,North, , , , ,Pedestrian hit on sidewalk or shoulder,On Sidewalk or Shoulder,Unknown, , , ,1,0,1,0,0,0,0,1,1,1,0,0,0,1
1366347,2013,7,3,13,19,2,43.64299734,-79.37781153,Toronto Centre-Rosedale (28),28,Waterfront Communities-The Island (77),77,D52,Toronto East York,LAKE SHORE BLVD W,BAY ST, ,Major Arterial,Intersection, ,Traffic Signal,Clear,Daylight,Dry,Fatal,Pedestrian Collisions,Pedestrian,70 to 74,Major,0,North, , , , ,Pedestrian hit on sidewalk or shoulder,On Sidewalk or Shoulder,Unknown, , , ,1,0,1,0,0,0,0,1,1,1,0,0,0,1
1090599,2009,1,20,13,20,1,43.64624538,-79.36609029,Toronto Centre-Rosedale (28),28,Waterfront Communities-The Island (77),77,D51,Toronto East York,LAKE SHORE Boul E,LOWER SHERBOURNE Stre, ,Expressway Ramp,Intersection,At Intersection,Traffic Signal,Clear,Daylight,Wet,Non-Fatal Injury,Sideswipe,Passenger,30 to 34,Minimal,0, ,Other, , , , , , , , , ,0,0,1,0,1,0,0,1,0,0,0,0,0,0
1090599,2009,1,20,13,20,1,43.64624538,-79.36609029,Toronto Centre-Rosedale (28),28,Waterfront Communities-The Island (77),77,D51,Toronto East York,LAKE SHORE Boul E,LOWER SHERBOURNE Stre, ,Expressway Ramp,Intersection,At Intersection,Traffic Signal,Clear,Daylight,Wet,Non-Fatal Injury,Sideswipe,Vehicle Owner,unknown, ,0, ,Other, , , , , , , , , ,0,0,1,0,1,0,0,1,0,0,0,0,0,0
1090599,2009,1,20,13,20,1,43.64624538,-79.36609029,Toronto Centre-Rosedale (28),28,Waterfront Communities-The Island (77),77,D51,Toronto East York,LAKE SHORE Boul E,LOWER SHERBOURNE Stre, ,Expressway Ramp,Intersection,At Intersection,Traffic Signal,Clear,Daylight,Wet,Non-Fatal Injury,Sideswipe,Truck Driver,50 to 54,Minor,0,West,Truck - Open,Going Ahead,Driving Properly,Normal, , , , , , ,0,0,1,0,1,0,0,1,0,0,0,0,0,0
1090599,2009,1,20,13,20,1,43.64624538,-79.36609029,Toronto Centre-Rosedale (28),28,Waterfront Communities-The Island (77),77,D51,Toronto East York,LAKE SHORE Boul E,LOWER SHERBOURNE Stre, ,Expressway Ramp,Intersection,At Intersection,Traffic Signal,Clear,Daylight,Wet,Non-Fatal Injury,Sideswipe,Driver,25 to 29,Major,0,West,"Automobile, Station Wagon",Turning Left,Improper Turn,Normal, , , , , , ,0,0,1,0,1,0,0,1,0,0,0,0,0,0
1131662,2009,9,22,13,20,1,43.63994538,-79.44889029,Parkdale-High Park (14),14,High Park-Swansea (87),87,D11,Toronto East York,SUNNYSIDE Aven,MARION Stre, ,Collector,Mid-Block, ,No Control,Clear,Daylight,Dry,Non-Fatal Injury,Pedestrian Collisions,Vehicle Owner,unknown, ,0, ,Other, , , , , , , , , ,1,0,1,0,0,0,0,0,0,0,0,0,0,0
1131662,2009,9,22,13,20,1,43.63994538,-79.44889029,Parkdale-High Park (14),14,High Park-Swansea (87),87,D11,Toronto East York,SUNNYSIDE Aven,MARION Stre, ,Collector,Mid-Block, ,No Control,Clear,Daylight,Dry,Non-Fatal Injury,Pedestrian Collisions,Driver,65 to 69,,0,North,"Automobile, Station Wagon",Going Ahead,Driving Properly,Normal, , , , , , ,1,0,1,0,0,0,0,0,0,0,0,0,0,0
1131662,2009,9,22,13,20,1,43.63994538,-79.44889029,Parkdale-High Park (14),14,High Park-Swansea (87),87,D11,Toronto East York,SUNNYSIDE Aven,MARION Stre, ,Collector,Mid-Block, ,No Control,Clear,Daylight,Dry,Non-Fatal Injury,Pedestrian Collisions,Pedestrian,40 to 44,Major,0,West,Other, , , ,Vehicle hits the pedestrian walking or running out from between parked vehicles at mid-block,Coming From Behind Parked Vehicle,Normal, , , ,1,0,1,0,0,0,0,0,0,0,0,0,0,0
1260223,2011,8,19,13,20,4,43.66814538,-79.41239029,Trinity-Spadina (20),20,Annex (95),95,D14,Toronto East York,BATHURST ST,BARTON AVE, ,Major Arterial,Intersection,At Intersection,Traffic Signal,Clear,Daylight,Dry,Non-Fatal Injury,Turning Movement,Passenger,15 to 19,Major,0, ,Other, , , , , , , , , ,0,0,1,1,0,0,0,1,0,0,0,0,0,0
1260223,2011,8,19,13,20,4,43.66814538,-79.41239029,Trinity-Spadina (20),20,Annex (95),95,D14,Toronto East York,BATHURST ST,BARTON AVE, ,Major Arterial,Intersection,At Intersection,Traffic Signal,Clear,Daylight,Dry,Non-Fatal Injury,Turning Movement,Motorcycle Driver,35 to 39,Major,0,South,Motorcycle,Going Ahead,Driving Properly,Normal, , , , , , ,0,0,1,1,0,0,0,1,0,0,0,0,0,0
1260223,2011,8,19,13,20,4,43.66814538,-79.41239029,Trinity-Spadina (20),20,Annex (95),95,D14,Toronto East York,BATHURST ST,BARTON AVE, ,Major Arterial,Intersection,At Intersection,Traffic Signal,Clear,Daylight,Dry,Non-Fatal Injury,Turning Movement,Driver,40 to 44,,0,North,"Automobile, Station Wagon",Turning Left,Improper Turn,Normal, , , , , , ,0,0,1,1,0,0,0,1,0,0,0,0,0,0
1266099,2011,9,17,13,20,5,43.67394538,-79.39629029,Trinity-Spadina (20),20,Annex (95),95,D53,Toronto East York,AVENUE Road,BERNARD Aven, ,Major Arterial,Intersection, ,No Control,Clear,Daylight,Dry,Non-Fatal Injury,Rear End,Vehicle Owner,unknown, ,0, ,Other, , , , , , , , , ,0,0,1,0,0,0,0,1,0,1,0,0,0,0
1266099,2011,9,17,13,20,5,43.67394538,-79.39629029,Trinity-Spadina (20),20,Annex (95),95,D53,Toronto East York,AVENUE Road,BERNARD Aven, ,Major Arterial,Intersection, ,No Control,Clear,Daylight,Dry,Non-Fatal Injury,Rear End,Driver,20 to 24,Minor,0,South,"Automobile, Station Wagon",Stopped,Driving Properly,Normal, , , , , , ,0,0,1,0,0,0,0,1,0,1,0,0,0,0
1266099,2011,9,17,13,20,5,43.67394538,-79.39629029,Trinity-Spadina (20),20,Annex (95),95,D53,Toronto East York,AVENUE Road,BERNARD Aven, ,Major Arterial,Intersection, ,No Control,Clear,Daylight,Dry,Non-Fatal Injury,Rear End,Driver,20 to 24,,0,South,"Automobile, Station Wagon",Stopped,Driving Properly,Normal, , , , , , ,0,0,1,0,0,0,0,1,0,1,0,0,0,0
1266099,2011,9,17,13,20,5,43.67394538,-79.39629029,Trinity-Spadina (20),20,Annex (95),95,D53,Toronto East York,AVENUE Road,BERNARD Aven, ,Major Arterial,Intersection, ,No Control,Clear,Daylight,Dry,Non-Fatal Injury,Rear End,Passenger,25 to 29,Major,0, ,Other, , , , , , , , , ,0,0,1,0,0,0,0,1,0,1,0,0,0,0
1266099,2011,9,17,13,20,5,43.67394538,-79.39629029,Trinity-Spadina (20),20,Annex (95),95,D53,Toronto East York,AVENUE Road,BERNARD Aven, ,Major Arterial,Intersection, ,No Control,Clear,Daylight,Dry,Non-Fatal Injury,Rear End,Vehicle Owner,unknown, ,0, ,Other, , , , , , , , , ,0,0,1,0,0,0,0,1,0,1,0,0,0,0
1266099,2011,9,17,13,20,5,43.67394538,-79.39629029,Trinity-Spadina (20),20,Annex (95),95,D53,Toronto East York,AVENUE Road,BERNARD Aven, ,Major Arterial,Intersection, ,No Control,Clear,Daylight,Dry,Non-Fatal Injury,Rear End,Driver,55 to 59,Major,0,South,"Automobile, Station Wagon",Going Ahead,Following too Close,Normal, , , , , , ,0,0,1,0,0,0,0,1,0,1,0,0,0,0
1294470,2012,5,15,13,20,1,43.66764538,-79.54669029,Etobicoke Centre (3),3,Princess-Rosethorn (10),10,D22,Etobicoke York,KIPLING AVE,PRINCE GEORGE DR, ,Major Arterial,Intersection, ,Stop Sign,Clear,Daylight,Dry,Non-Fatal Injury,Cyclist Collisions,Driver,60 to 64,,0,East,"Automobile, Station Wagon",Turning Right,Failed to Yield Right of Way,Inattentive, , , , , , ,0,1,1,0,0,0,0,0,0,1,0,0,0,0
1294470,2012,5,15,13,20,1,43.66764538,-79.54669029,Etobicoke Centre (3),3,Princess-Rosethorn (10),10,D22,Etobicoke York,KIPLING AVE,PRINCE GEORGE DR, ,Major Arterial,Intersection, ,Stop Sign,Clear,Daylight,Dry,Non-Fatal Injury,Cyclist Collisions,Cyclist,50 to 54,Major,0,North,Bicycle,Going Ahead, , , , , ,"Motorist turns right at non-signal Inter.(stop, yield, no cont.,and dwy) and strikes cyclist.",Driving Properly,Inattentive,0,1,1,0,0,0,0,0,0,1,0,0,0,0
1330074,2012,11,5,13,20,0,43.65454538,-79.42189029,Trinity-Spadina (19),19,Trinity-Bellwoods (81),81,D14,Toronto East York,810 COLLEGE ST, , ,Major Arterial,Mid-Block, ,No Control,Clear,Daylight,Dry,Non-Fatal Injury,Cyclist Collisions,Driver,55 to 59,,0,West,"Automobile, Station Wagon",Parked,Other,Normal, , , , , , ,0,1,1,0,0,0,0,0,0,0,0,0,0,0
1330074,2012,11,5,13,20,0,43.65454538,-79.42189029,Trinity-Spadina (19),19,Trinity-Bellwoods (81),81,D14,Toronto East York,810 COLLEGE ST, , ,Major Arterial,Mid-Block, ,No Control,Clear,Daylight,Dry,Non-Fatal Injury,Cyclist Collisions,Cyclist,20 to 24,Major,0,West,Bicycle,Going Ahead, , , , , ,Cyclist struck opened vehicle door,Driving Properly,Normal,0,1,1,0,0,0,0,0,0,0,0,0,0,0
4008009492,2014,3,2,13,20,6,43.7835842,-79.29933558,Scarborough-Agincourt (40),40,Tam O'Shanter-Sullivan (118),118,D42,Scarborough,BIRCHMOUNT RD,BONIS AVE, ,Major Arterial,Intersection,At Intersection,Traffic Signal,Clear,Daylight,Wet,Non-Fatal Injury,Rear End,Driver,60 to 64,Major,0,South,"Automobile, Station Wagon",Turning Left,Driving Properly,Normal, , , , , , ,0,0,1,0,0,0,0,0,0,0,0,0,0,0
4008009492,2014,3,2,13,20,6,43.7835842,-79.29933558,Scarborough-Agincourt (40),40,Tam O'Shanter-Sullivan (118),118,D42,Scarborough,BIRCHMOUNT RD,BONIS AVE, ,Major Arterial,Intersection,At Intersection,Traffic Signal,Clear,Daylight,Wet,Non-Fatal Injury,Rear End,Driver,70 to 74,Major,0,South,"Automobile, Station Wagon",Turning Left,Driving Properly,Normal, , , , , , ,0,0,1,0,0,0,0,0,0,0,0,0,0,0
4008009492,2014,3,2,13,20,6,43.7835842,-79.29933558,Scarborough-Agincourt (40),40,Tam O'Shanter-Sullivan (118),118,D42,Scarborough,BIRCHMOUNT RD,BONIS AVE, ,Major Arterial,Intersection,At Intersection,Traffic Signal,Clear,Daylight,Wet,Non-Fatal Injury,Rear End,Driver,70 to 74,Major,0,South,"Automobile, Station Wagon",Going Ahead,Lost control,Inattentive, , , , , , ,0,0,1,0,0,0,0,0,0,0,0,0,0,0
143471771,2014,12,12,13,20,4,43.77582129,-79.33774958,Don Valley East (33),33,Henry Farm (53),53,D33,North York,SHEPPARD AVE E,404 N SHEPPARD W RAMP, ,Major Arterial,Intersection, ,Traffic Signal,Clear,Daylight,Wet,Fatal,Turning Movement,Passenger,50 to 54,Fatal,47, , , , , , , , , , , ,0,0,1,0,0,0,0,1,0,1,1,0,0,1
143471771,2014,12,12,13,20,4,43.77582129,-79.33774958,Don Valley East (33),33,Henry Farm (53),53,D33,North York,SHEPPARD AVE E,404 N SHEPPARD W RAMP, ,Major Arterial,Intersection, ,Traffic Signal,Clear,Daylight,Wet,Fatal,Turning Movement,Driver,20 to 24,Minimal,0,West,"Automobile, Station Wagon",Going Ahead,Disobeyed Traffic Control,Inattentive, , , , , , ,0,0,1,0,0,0,0,1,0,1,1,0,0,1
143471771,2014,12,12,13,20,4,43.77582129,-79.33774958,Don Valley East (33),33,Henry Farm (53),53,D33,North York,SHEPPARD AVE E,404 N SHEPPARD W RAMP, ,Major Arterial,Intersection, ,Traffic Signal,Clear,Daylight,Wet,Fatal,Turning Movement,Driver,40 to 44,Minor,0,East,"Automobile, Station Wagon",Turning Left,Driving Properly,Normal, , , , , , ,0,0,1,0,0,0,0,1,0,1,1,0,0,1
5001865596,2015,10,30,13,20,4,43.72090491,-79.5086175,York Centre (9),9,Downsview-Roding-CFB (26),26,D31,North York,JANE ST,WILSON AVE, ,Major Arterial,Intersection,At Intersection,Traffic Signal,Clear,Daylight,Dry,Non-Fatal Injury,Turning Movement,Driver,75 to 79,Minor,0,West,"Automobile, Station Wagon",Turning Left,Failed to Yield Right of Way,Inattentive, , , , , , ,0,0,1,0,0,0,0,1,0,1,0,0,0,0
5001865596,2015,10,30,13,20,4,43.72090491,-79.5086175,York Centre (9),9,Downsview-Roding-CFB (26),26,D31,North York,JANE ST,WILSON AVE, ,Major Arterial,Intersection,At Intersection,Traffic Signal,Clear,Daylight,Dry,Non-Fatal Injury,Turning Movement,Driver,50 to 54,,0,East,Pick Up Truck,Going Ahead,Driving Properly,Normal, , , , , , ,0,0,1,0,0,0,0,1,0,1,0,0,0,0
5001865596,2015,10,30,13,20,4,43.72090491,-79.5086175,York Centre (9),9,Downsview-Roding-CFB (26),26,D31,North York,JANE ST,WILSON AVE, ,Major Arterial,Intersection,At Intersection,Traffic Signal,Clear,Daylight,Dry,Non-Fatal Injury,Turning Movement,Driver,60 to 64,Minor,0,North,"Automobile, Station Wagon",Stopped,Driving Properly,Normal, , , , , , ,0,0,1,0,0,0,0,1,0,1,0,0,0,0
5001865596,2015,10,30,13,20,4,43.72090491,-79.5086175,York Centre (9),9,Downsview-Roding-CFB (26),26,D31,North York,JANE ST,WILSON AVE, ,Major Arterial,Intersection,At Intersection,Traffic Signal,Clear,Daylight,Dry,Non-Fatal Injury,Turning Movement,Passenger,70 to 74,Major,0, , , , , , , , , , , ,0,0,1,0,0,0,0,1,0,1,0,0,0,0
5001865596,2015,10,30,13,20,4,43.72090491,-79.5086175,York Centre (9),9,Downsview-Roding-CFB (26),26,D31,North York,JANE ST,WILSON AVE, ,Major Arterial,Intersection,At Intersection,Traffic Signal,Clear,Daylight,Dry,Non-Fatal Injury,Turning Movement,Passenger,55 to 59,Minor,0, , , , , , , , , , , ,0,0,1,0,0,0,0,1,0,1,0,0,0,0
5001865596,2015,10,30,13,20,4,43.72090491,-79.5086175,York Centre (9),9,Downsview-Roding-CFB (26),26,D31,North York,JANE ST,WILSON AVE, ,Major Arterial,Intersection,At Intersection,Traffic Signal,Clear,Daylight,Dry,Non-Fatal Injury,Turning Movement,Passenger,60 to 64,Minimal,0, , , , , , , , , , , ,0,0,1,0,0,0,0,1,0,1,0,0,0,0
6000074879,2016,1,13,13,20,2,43.72612723,-79.31828699,Don Valley East (34),34,Victoria Village (43),43,D54,North York,EGLINTON AVE E,CREDIT UNION DR, ,Major Arterial,Intersection,At Intersection,Traffic Signal,Clear,Daylight,Dry,Non-Fatal Injury,Turning Movement,Driver,75 to 79,Major,0,West,"Automobile, Station Wagon",Turning Left,Failed to Yield Right of Way,Inattentive, , , , , , ,0,0,1,0,0,0,0,1,0,1,0,0,0,0
6000074879,2016,1,13,13,20,2,43.72612723,-79.31828699,Don Valley East (34),34,Victoria Village (43),43,D54,North York,EGLINTON AVE E,CREDIT UNION DR, ,Major Arterial,Intersection,At Intersection,Traffic Signal,Clear,Daylight,Dry,Non-Fatal Injury,Turning Movement,Driver,40 to 44,Minimal,0,East,"Automobile, Station Wagon",Going Ahead,Driving Properly,Normal, , , , , , ,0,0,1,0,0,0,0,1,0,1,0,0,0,0
6000074879,2016,1,13,13,20,2,43.72612723,-79.31828699,Don Valley East (34),34,Victoria Village (43),43,D54,North York,EGLINTON AVE E,CREDIT UNION DR, ,Major Arterial,Intersection,At Intersection,Traffic Signal,Clear,Daylight,Dry,Non-Fatal Injury,Turning Movement,Passenger,45 to 49,,0, , , , , , , , , , , ,0,0,1,0,0,0,0,1,0,1,0,0,0,0