ACCNUM,YEAR,MONTH,DAY,HOUR,MINUTES,WEEKDAY,LATITUDE,LONGITUDE,Ward_Name,Ward_ID,Hood_Name,Hood_ID,Division,District,STREET1,STREET2,OFFSET,ROAD_CLASS,LOCCOORD,ACCLOC,TRAFFCTL,VISIBILITY,LIGHT,RDSFCOND,ACCLASS,IMPACTYPE,INVTYPE,INVAGE,INJURY,FATAL_NO,INITDIR,VEHTYPE,MANOEUVER,DRIVACT,DRIVCOND,PEDTYPE,PEDACT,PEDCOND,CYCLISTYPE,CYCACT,CYCCOND,PEDESTRIAN,CYCLIST,AUTOMOBILE,MOTORCYCLE,TRUCK,TRSN_CITY_VEH,EMERG_VEH,PASSENGER,SPEEDING,AG_DRIV,REDLIGHT,ALCOHOL,DISABILITY,label
1311498,2012,7,20,13,0,4,43.63954538,-79.38269029,Trinity-Spadina (20),20,Waterfront Communities-The Island (77),77,D52,Toronto East York,QUEENS QUAY W,LOWER SIMCOE ST, ,Minor Arterial,Intersection,At Intersection,Traffic Signal,Clear,Daylight,Dry,Non-Fatal Injury,Rear End,Passenger,40 to 44,Minimal,0, ,Other, , , , , , , , , ,0,0,0,0,0,1,0,1,0,0,0,0,0,0
1372923,2013,6,19,13,0,2,43.6065708,-79.54735194,Etobicoke-Lakeshore (6),6,Alderwood (20),20,D22,Etobicoke York,BROWNS Line,WHALEY Dr, ,Major Arterial,Intersection, ,No Control,Clear,Daylight,Dry,Non-Fatal Injury,Rear End,Passenger,85 to 89,Major,0, ,Other, , , , , , , , , ,0,0,1,0,0,0,0,1,1,1,0,0,0,0
1372923,2013,6,19,13,0,2,43.6065708,-79.54735194,Etobicoke-Lakeshore (6),6,Alderwood (20),20,D22,Etobicoke York,BROWNS Line,WHALEY Dr, ,Major Arterial,Intersection, ,No Control,Clear,Daylight,Dry,Non-Fatal Injury,Rear End,Vehicle Owner,unknown, ,0, ,Other, , , , , , , , , ,0,0,1,0,0,0,0,1,1,1,0,0,0,0
1372923,2013,6,19,13,0,2,43.6065708,-79.54735194,Etobicoke-Lakeshore (6),6,Alderwood (20),20,D22,Etobicoke York,BROWNS Line,WHALEY Dr, ,Major Arterial,Intersection, ,No Control,Clear,Daylight,Dry,Non-Fatal Injury,Rear End,Driver,55 to 59,,0,North,"Automobile, Station Wagon",Going Ahead,Speed too Fast For Condition,Normal, , , , , , ,0,0,1,0,0,0,0,1,1,1,0,0,0,0
1372923,2013,6,19,13,0,2,43.6065708,-79.54735194,Etobicoke-Lakeshore (6),6,Alderwood (20),20,D22,Etobicoke York,BROWNS Line,WHALEY Dr, ,Major Arterial,Intersection, ,No Control,Clear,Daylight,Dry,Non-Fatal Injury,Rear End,Vehicle Owner,unknown, ,0, ,Other, , , , , , , , , ,0,0,1,0,0,0,0,1,1,1,0,0,0,0
1372923,2013,6,19,13,0,2,43.6065708,-79.54735194,Etobicoke-Lakeshore (6),6,Alderwood (20),20,D22,Etobicoke York,BROWNS Line,WHALEY Dr, ,Major Arterial,Intersection, ,No Control,Clear,Daylight,Dry,Non-Fatal Injury,Rear End,Driver,80 to 84,,0,North,"Automobile, Station Wagon",Stopped,Driving Properly,Normal, , , , , , ,0,0,1,0,0,0,0,1,1,1,0,0,0,0
6000111200,2016,1,19,13,0,1,43.75963553,-79.45560084,York Centre (10),10,Bathurst Manor (34),34,D32,North York,COMBE AVE,WILMINGTON AVE, ,Minor Arterial,Intersection,At Intersection,Stop Sign,Clear,Daylight,Dry,Non-Fatal Injury,Angle,Driver,20 to 24,Major,0,West,"Automobile, Station Wagon",Going Ahead,Exceeding Speed Limit,Inattentive, , , , , , ,0,0,1,0,1,0,0,0,1,1,0,0,0,0
6000111200,2016,1,19,13,0,1,43.75963553,-79.45560084,York Centre (10),10,Bathurst Manor (34),34,D32,North York,COMBE AVE,WILMINGTON AVE, ,Minor Arterial,Intersection,At Intersection,Stop Sign,Clear,Daylight,Dry,Non-Fatal Injury,Angle,Truck Driver,45 to 49,Major,0,South,"Truck - Closed (Blazer, etc)",Going Ahead,Driving Properly,Normal, , , , , , ,0,0,1,0,1,0,0,0,1,1,0,0,0,0
6000875073,2016,5,21,13,0,5,43.82866247,-79.19049464,Scarborough-Rouge River (42),42,Rouge (131),131,D42,Scarborough,REESOR RD,OLD FINCH AVE,400 m North of,Local,Mid-Block,Non Intersection,No Control,Clear,Daylight,Dry,Non-Fatal Injury,SMV Other,Motorcycle Driver,55 to 59,Major,0,North,Motorcycle,Going Ahead,Lost control,Normal, , , , , , ,0,0,0,1,0,0,0,0,0,0,0,0,0,0
6001117319,2016,6,26,13,0,6,43.81787070000001,-79.27193842,Scarborough-Rouge River (41),41,Milliken (130),130,D42,Scarborough,MCCOWAN RD,MCNICOLL AVE, ,Major Arterial,Intersection,At Intersection,Traffic Signal,Clear,Daylight,Dry,Non-Fatal Injury,Sideswipe,Driver,70 to 74,Major,0,North,"Automobile, Station Wagon",Changing Lanes,Improper Lane Change,Inattentive, , , , , , ,0,0,1,0,0,0,0,1,0,0,0,0,0,0
6001117319,2016,6,26,13,0,6,43.81787070000001,-79.27193842,Scarborough-Rouge River (41),41,Milliken (130),130,D42,Scarborough,MCCOWAN RD,MCNICOLL AVE, ,Major Arterial,Intersection,At Intersection,Traffic Signal,Clear,Daylight,Dry,Non-Fatal Injury,Sideswipe,Driver,55 to 59,,0,North,"Automobile, Station Wagon",Going Ahead,Driving Properly,Normal, , , , , , ,0,0,1,0,0,0,0,1,0,0,0,0,0,0
6001117319,2016,6,26,13,0,6,43.81787070000001,-79.27193842,Scarborough-Rouge River (41),41,Milliken (130),130,D42,Scarborough,MCCOWAN RD,MCNICOLL AVE, ,Major Arterial,Intersection,At Intersection,Traffic Signal,Clear,Daylight,Dry,Non-Fatal Injury,Sideswipe,Driver,45 to 49,,0,West,"Automobile, Station Wagon",Slowing or Stopping,Driving Properly,Normal, , , , , , ,0,0,1,0,0,0,0,1,0,0,0,0,0,0
6001117319,2016,6,26,13,0,6,43.81787070000001,-79.27193842,Scarborough-Rouge River (41),41,Milliken (130),130,D42,Scarborough,MCCOWAN RD,MCNICOLL AVE, ,Major Arterial,Intersection,At Intersection,Traffic Signal,Clear,Daylight,Dry,Non-Fatal Injury,Sideswipe,Passenger,65 to 69,,0, ,"Automobile, Station Wagon", , , , , , , , , ,0,0,1,0,0,0,0,1,0,0,0,0,0,0
6001942141,2016,11,1,13,0,1,43.62623175,-79.52880488,Etobicoke-Lakeshore (5),5,Islington-City Centre West (14),14,D22,Etobicoke York,KIPLING AVE,JUTLAND RD, ,Major Arterial,Intersection,At Intersection,Stop Sign,Clear,Daylight,Dry,Non-Fatal Injury,Turning Movement,Driver,40 to 44,,0,West,"Automobile, Station Wagon",Turning Left,Failed to Yield Right of Way,Inattentive, , , , , , ,0,0,1,1,0,0,0,0,0,1,0,0,0,0
6001942141,2016,11,1,13,0,1,43.62623175,-79.52880488,Etobicoke-Lakeshore (5),5,Islington-City Centre West (14),14,D22,Etobicoke York,KIPLING AVE,JUTLAND RD, ,Major Arterial,Intersection,At Intersection,Stop Sign,Clear,Daylight,Dry,Non-Fatal Injury,Turning Movement,Motorcycle Driver,50 to 54,Major,0,North,Motorcycle,Going Ahead,Driving Properly,Normal, , , , , , ,0,0,1,1,0,0,0,0,0,1,0,0,0,0
984340,2007,7,22,13,1,6,43.74414538,-79.51439029,York Centre (9),9,Glenfield-Jane Heights (25),25,D31,North York,JANE ST,SAN MARINOWAY, ,Major Arterial,Intersection,At Intersection,No Control,Clear,Daylight,Dry,Non-Fatal Injury,Sideswipe,Driver,40 to 44,,0,South,"Automobile, Station Wagon",Going Ahead,Driving Properly,Normal, , , , , , ,0,0,1,0,0,0,0,1,0,0,0,1,0,0
984340,2007,7,22,13,1,6,43.74414538,-79.51439029,York Centre (9),9,Glenfield-Jane Heights (25),25,D31,North York,JANE ST,SAN MARINOWAY, ,Major Arterial,Intersection,At Intersection,No Control,Clear,Daylight,Dry,Non-Fatal Injury,Sideswipe,Passenger,15 to 19,Major,0, ,Other, , , , , , , , , ,0,0,1,0,0,0,0,1,0,0,0,1,0,0
984340,2007,7,22,13,1,6,43.74414538,-79.51439029,York Centre (9),9,Glenfield-Jane Heights (25),25,D31,North York,JANE ST,SAN MARINOWAY, ,Major Arterial,Intersection,At Intersection,No Control,Clear,Daylight,Dry,Non-Fatal Injury,Sideswipe,Passenger,25 to 29,,0, ,Other, , , , , , , , , ,0,0,1,0,0,0,0,1,0,0,0,1,0,0
984340,2007,7,22,13,1,6,43.74414538,-79.51439029,York Centre (9),9,Glenfield-Jane Heights (25),25,D31,North York,JANE ST,SAN MARINOWAY, ,Major Arterial,Intersection,At Intersection,No Control,Clear,Daylight,Dry,Non-Fatal Injury,Sideswipe,Vehicle Owner,unknown,,0, ,Other, , , , , , , , , ,0,0,1,0,0,0,0,1,0,0,0,1,0,0
984340,2007,7,22,13,1,6,43.74414538,-79.51439029,York Centre (9),9,Glenfield-Jane Heights (25),25,D31,North York,JANE ST,SAN MARINOWAY, ,Major Arterial,Intersection,At Intersection,No Control,Clear,Daylight,Dry,Non-Fatal Injury,Sideswipe,Driver,15 to 19,Minimal,0,South,"Automobile, Station Wagon",Changing Lanes,Improper Lane Change,"Ability Impaired, Alcohol", , , , , , ,0,0,1,0,0,0,0,1,0,0,0,1,0,0
1131172,2009,10,16,13,1,4,43.79664538,-79.42629029,Willowdale (23),23,Newtonbrook West (36),36,D32,North York,STEELES AVE W,TANGREEN CRT, ,Major Arterial,Intersection, ,No Control,Clear,Daylight,Dry,Fatal,Pedestrian Collisions,Vehicle Owner,unknown, ,0, ,Other, , , , , , , , , ,1,0,1,0,0,0,0,0,0,0,0,0,0,1
1131172,2009,10,16,13,1,4,43.79664538,-79.42629029,Willowdale (23),23,Newtonbrook West (36),36,D32,North York,STEELES AVE W,TANGREEN CRT, ,Major Arterial,Intersection, ,No Control,Clear,Daylight,Dry,Fatal,Pedestrian Collisions,Driver,50 to 54,,0,West,"Automobile, Station Wagon",Going Ahead,Driving Properly,Normal, , , , , , ,1,0,1,0,0,0,0,0,0,0,0,0,0,1
1131172,2009,10,16,13,1,4,43.79664538,-79.42629029,Willowdale (23),23,Newtonbrook West (36),36,D32,North York,STEELES AVE W,TANGREEN CRT, ,Major Arterial,Intersection, ,No Control,Clear,Daylight,Dry,Fatal,Pedestrian Collisions,Pedestrian,80 to 84,Fatal,41,South,Other, , , ,Vehicle is going straight thru inter.while ped cross without ROW,"Crossing, no Traffic Control",Inattentive, , , ,1,0,1,0,0,0,0,0,0,0,0,0,0,1
1049787,2008,7,4,13,2,4,43.74544538,-79.25199029,Scarborough Centre (38),38,Bendale (127),127,D43,Scarborough,BRIMLEY RD,DEERFIELD RD, ,Major Arterial,Intersection, ,Traffic Signal,Clear,Daylight,Dry,Non-Fatal Injury,Turning Movement,Driver,45 to 49,Minor,0,North,"Automobile, Station Wagon",Turning Left,Lost control,Normal, , , , , , ,0,0,1,0,0,0,0,0,0,0,0,0,0,0
1049787,2008,7,4,13,2,4,43.74544538,-79.25199029,Scarborough Centre (38),38,Bendale (127),127,D43,Scarborough,BRIMLEY RD,DEERFIELD RD, ,Major Arterial,Intersection, ,Traffic Signal,Clear,Daylight,Dry,Non-Fatal Injury,Turning Movement,Vehicle Owner,unknown, ,0, ,Other, , , , , , , , , ,0,0,1,0,0,0,0,0,0,0,0,0,0,0
1049787,2008,7,4,13,2,4,43.74544538,-79.25199029,Scarborough Centre (38),38,Bendale (127),127,D43,Scarborough,BRIMLEY RD,DEERFIELD RD, ,Major Arterial,Intersection, ,Traffic Signal,Clear,Daylight,Dry,Non-Fatal Injury,Turning Movement,Driver,25 to 29,Major,0,North,"Automobile, Station Wagon",Going Ahead,Driving Properly,Normal, , , , , , ,0,0,1,0,0,0,0,0,0,0,0,0,0,0
1049787,2008,7,4,13,2,4,43.74544538,-79.25199029,Scarborough Centre (38),38,Bendale (127),127,D43,Scarborough,BRIMLEY RD,DEERFIELD RD, ,Major Arterial,Intersection, ,Traffic Signal,Clear,Daylight,Dry,Non-Fatal Injury,Turning Movement,Driver,25 to 29,Major,0,South,"Automobile, Station Wagon",Going Ahead,Driving Properly,Normal, , , , , , ,0,0,1,0,0,0,0,0,0,0,0,0,0,0
1179966,2010,6,3,13,2,3,43.68534538,-79.33049029,Toronto-Danforth (29),29,Danforth (66),66,D54,Toronto East York,MILVERTON BLVD,LINNSMORE CRES, ,Local,Mid-Block, ,No Control,Clear,Daylight,Dry,Non-Fatal Injury,Cyclist Collisions,Driver,35 to 39,,0,West,"Automobile, Station Wagon",Parked,Other,Inattentive, , , , , , ,0,1,1,0,0,0,0,0,0,0,0,0,0,0
1179966,2010,6,3,13,2,3,43.68534538,-79.33049029,Toronto-Danforth (29),29,Danforth (66),66,D54,Toronto East York,MILVERTON BLVD,LINNSMORE CRES, ,Local,Mid-Block, ,No Control,Clear,Daylight,Dry,Non-Fatal Injury,Cyclist Collisions,Cyclist,20 to 24,Major,0,West,Bicycle,Going Ahead, , , , , ,Cyclist struck opened vehicle door,Driving Properly,Normal,0,1,1,0,0,0,0,0,0,0,0,0,0,0
1014978,2007,12,29,13,3,5,43.77564538,-79.30289029,Scarborough-Agincourt (40),40,Tam O'Shanter-Sullivan (118),118,D42,Scarborough,ARAGON AVE,BIRCHARD ST, ,Local,Mid-Block, ,No Control,Clear,Daylight,Dry,Non-Fatal Injury,Approaching,Driver,70 to 74,Minimal,0,South,"Automobile, Station Wagon",Other,Failed to Yield Right of Way,Inattentive, , , , , , ,0,0,1,0,0,0,0,1,0,1,0,0,0,0
1014978,2007,12,29,13,3,5,43.77564538,-79.30289029,Scarborough-Agincourt (40),40,Tam O'Shanter-Sullivan (118),118,D42,Scarborough,ARAGON AVE,BIRCHARD ST, ,Local,Mid-Block, ,No Control,Clear,Daylight,Dry,Non-Fatal Injury,Approaching,Passenger,25 to 29,Minimal,0, ,Other, , , , , , , , , ,0,0,1,0,0,0,0,1,0,1,0,0,0,0
1014978,2007,12,29,13,3,5,43.77564538,-79.30289029,Scarborough-Agincourt (40),40,Tam O'Shanter-Sullivan (118),118,D42,Scarborough,ARAGON AVE,BIRCHARD ST, ,Local,Mid-Block, ,No Control,Clear,Daylight,Dry,Non-Fatal Injury,Approaching,Passenger,25 to 29,Minimal,0, ,Other, , , , , , , , , ,0,0,1,0,0,0,0,1,0,1,0,0,0,0
1014978,2007,12,29,13,3,5,43.77564538,-79.30289029,Scarborough-Agincourt (40),40,Tam O'Shanter-Sullivan (118),118,D42,Scarborough,ARAGON AVE,BIRCHARD ST, ,Local,Mid-Block, ,No Control,Clear,Daylight,Dry,Non-Fatal Injury,Approaching,Driver,30 to 34,Major,0,North,"Automobile, Station Wagon",Going Ahead,Driving Properly,Normal, , , , , , ,0,0,1,0,0,0,0,1,0,1,0,0,0,0
1141084,2009,11,11,13,3,2,43.75544538,-79.61409029,Etobicoke North (1),1,West Humber-Clairville (1),1,D23,Etobicoke York,HIGHWAY 27  N,STEELES AVE W, ,Major Arterial,Intersection,At Intersection,Traffic Signal,Clear,Daylight,Dry,Non-Fatal Injury,Rear End,Driver,50 to 54,Major,0,North,"Automobile, Station Wagon",Turning Right,Driving Properly,Normal, , , , , , ,0,0,1,0,0,0,0,0,0,1,0,0,0,0
1141084,2009,11,11,13,3,2,43.75544538,-79.61409029,Etobicoke North (1),1,West Humber-Clairville (1),1,D23,Etobicoke York,HIGHWAY 27  N,STEELES AVE W, ,Major Arterial,Intersection,At Intersection,Traffic Signal,Clear,Daylight,Dry,Non-Fatal Injury,Rear End,Driver,55 to 59,Major,0,North,"Automobile, Station Wagon",Turning Right,Following too Close,Fatigue, , , , , , ,0,0,1,0,0,0,0,0,0,1,0,0,0,0
3001256436,2013,12,31,13,3,1,43.65566977,-79.48707209,Parkdale-High Park (13),13,Runnymede-Bloor West Village (89),89,D11,Etobicoke York,JANE ST,ARDAGH ST, ,Major Arterial,Intersection,At Intersection,Traffic Signal,Clear,Daylight,Dry,Non-Fatal Injury,Pedestrian Collisions,Driver,45 to 49,,0,West,"Automobile, Station Wagon",Turning Left,Failed to Yield Right of Way,Normal, , , , , , ,1,0,1,0,0,0,0,0,0,1,0,0,0,0
3001256436,2013,12,31,13,3,1,43.65566977,-79.48707209,Parkdale-High Park (13),13,Runnymede-Bloor West Village (89),89,D11,Etobicoke York,JANE ST,ARDAGH ST, ,Major Arterial,Intersection,At Intersection,Traffic Signal,Clear,Daylight,Dry,Non-Fatal Injury,Pedestrian Collisions,Pedestrian,35 to 39,Major,0,Unknown, , , , ,Vehicle turns left while ped crosses with ROW at inter.,Crossing with right of way,Normal, , , ,1,0,1,0,0,0,0,0,0,1,0,0,0,0
7001169974,2017,6,30,13,4,4,43.67614706,-79.49451838,York South-Weston (11),11,Rockcliffe-Smythe (111),111,D12,Etobicoke York,847 JANE ST, , ,Collector,Mid-Block,Non Intersection,No Control,Clear,Daylight,Dry,Fatal,Cyclist Collisions,Cyclist,70 to 74,Fatal,28,West,"Automobile, Station Wagon",Going Ahead, , , , , ,"Motorist turns right at non-signal Inter.(stop, yield, no cont.,and dwy) and strikes cyclist.",Driving Properly,Normal,0,1,1,0,0,0,0,0,0,0,0,0,0,1
7001169974,2017,6,30,13,4,4,43.67614706,-79.49451838,York South-Weston (11),11,Rockcliffe-Smythe (111),111,D12,Etobicoke York,847 JANE ST, , ,Collector,Mid-Block,Non Intersection,No Control,Clear,Daylight,Dry,Fatal,Cyclist Collisions,Driver,60 to 64,,0,West,Delivery Van,Turning Right,Improper Turn,Normal, , , , , , ,0,1,1,0,0,0,0,0,0,0,0,0,0,1
958999,2007,2,14,13,5,2,43.61644538,-79.54629029,Etobicoke-Lakeshore (5),5,Islington-City Centre West (14),14,D22,Etobicoke York,THE QUEENSWAY,THE EAST MALL, ,Major Arterial,Intersection,At Intersection,Traffic Signal,Snow,Daylight,Loose Snow,Non-Fatal Injury,Angle,Driver,25 to 29,,0,East,"Automobile, Station Wagon",Going Ahead,Speed too Fast For Condition,Normal, , , , , , ,0,0,1,0,1,0,0,0,1,1,0,0,0,0
958999,2007,2,14,13,5,2,43.61644538,-79.54629029,Etobicoke-Lakeshore (5),5,Islington-City Centre West (14),14,D22,Etobicoke York,THE QUEENSWAY,THE EAST MALL, ,Major Arterial,Intersection,At Intersection,Traffic Signal,Snow,Daylight,Loose Snow,Non-Fatal Injury,Angle,Vehicle Owner,unknown,,0, ,Other, , , , , , , , , ,0,0,1,0,1,0,0,0,1,1,0,0,0,0
958999,2007,2,14,13,5,2,43.61644538,-79.54629029,Etobicoke-Lakeshore (5),5,Islington-City Centre West (14),14,D22,Etobicoke York,THE QUEENSWAY,THE EAST MALL, ,Major Arterial,Intersection,At Intersection,Traffic Signal,Snow,Daylight,Loose Snow,Non-Fatal Injury,Angle,Truck Driver,35 to 39,Major,0,South,Truck - Open,Going Ahead,Driving Properly,Normal, , , , , , ,0,0,1,0,1,0,0,0,1,1,0,0,0,0
958999,2007,2,14,13,5,2,43.61644538,-79.54629029,Etobicoke-Lakeshore (5),5,Islington-City Centre West (14),14,D22,Etobicoke York,THE QUEENSWAY,THE EAST MALL, ,Major Arterial,Intersection,At Intersection,Traffic Signal,Snow,Daylight,Loose Snow,Non-Fatal Injury,Angle,Other,unknown,,0, ,Other, , , , , , , , , ,0,0,1,0,1,0,0,0,1,1,0,0,0,0
966448,2007,4,5,13,5,3,43.64634538,-79.38409029,Trinity-Spadina (20),20,Bay Street Corridor (76),76,D52,Toronto East York,UNIVERSITY AVE,WELLINGTON ST W, ,Major Arterial,Intersection,At Intersection,Traffic Signal,Clear,Daylight,Wet,Non-Fatal Injury,Cyclist Collisions,Driver,55 to 59,,0,North,"Automobile, Station Wagon",Turning Left,Driving Properly,Normal, , , , , , ,0,1,1,0,0,0,0,0,0,0,0,0,0,0
966448,2007,4,5,13,5,3,43.64634538,-79.38409029,Trinity-Spadina (20),20,Bay Street Corridor (76),76,D52,Toronto East York,UNIVERSITY AVE,WELLINGTON ST W, ,Major Arterial,Intersection,At Intersection,Traffic Signal,Clear,Daylight,Wet,Non-Fatal Injury,Cyclist Collisions,Cyclist,30 to 34,Major,0,South,Bicycle,Going Ahead, , , , , ,Motorist turned left across cyclists path., , ,0,1,1,0,0,0,0,0,0,0,0,0,0,0
964318,2007,4,14,13,5,5,43.79274538,-79.35429029,Don Valley East (33),33,Hillcrest Village (48),48,D33,North York,FINCH AVE E,DON MILLS RD, ,Major Arterial,Mid-Block, ,No Control,Clear,Daylight,Dry,Non-Fatal Injury,Pedestrian Collisions,Driver,45 to 49,,0,East,"Automobile, Station Wagon",Going Ahead,Driving Properly,Normal, , , , , , ,1,0,1,0,0,0,0,0,0,0,0,0,0,0
964318,2007,4,14,13,5,5,43.79274538,-79.35429029,Don Valley East (33),33,Hillcrest Village (48),48,D33,North York,FINCH AVE E,DON MILLS RD, ,Major Arterial,Mid-Block, ,No Control,Clear,Daylight,Dry,Non-Fatal Injury,Pedestrian Collisions,Pedestrian,65 to 69,Major,0,North,Other, , , ,Pedestrian hit at mid-block,"Crossing, no Traffic Control",Unknown, , , ,1,0,1,0,0,0,0,0,0,0,0,0,0,0
1029413,2008,3,20,13,5,3,43.71134538,-79.43269029,Eglinton-Lawrence (15),15,Englemount-Lawrence (32),32,D13,North York,GLENCAIRN AVE,DALEMOUNT AVE, ,Minor Arterial,Intersection,At Intersection,Stop Sign,Clear,Daylight,Dry,Non-Fatal Injury,Turning Movement,Driver,85 to 89,Major,0,North,"Automobile, Station Wagon",Turning Left,Improper Turn,Normal, , , , , , ,0,0,1,0,0,0,0,0,0,0,0,0,0,0
1029413,2008,3,20,13,5,3,43.71134538,-79.43269029,Eglinton-Lawrence (15),15,Englemount-Lawrence (32),32,D13,North York,GLENCAIRN AVE,DALEMOUNT AVE, ,Minor Arterial,Intersection,At Intersection,Stop Sign,Clear,Daylight,Dry,Non-Fatal Injury,Turning Movement,Driver,55 to 59,Minor,0,East,"Automobile, Station Wagon",Going Ahead,Driving Properly,Normal, , , , , , ,0,0,1,0,0,0,0,0,0,0,0,0,0,0
1065481,2008,9,22,13,5,0,43.74824538,-79.20289029,Scarborough East (43),43,Guildwood (140),140,D43,Scarborough,ROWATSON RD,FAREHAM CRES, ,Local,Mid-Block, ,No Control,Clear,Daylight,Dry,Non-Fatal Injury,Pedestrian Collisions,Driver,75 to 79,,0,South,"Automobile, Station Wagon",Going Ahead,Failed to Yield Right of Way,Inattentive, , , , , , ,1,0,1,0,0,0,0,0,0,1,0,0,0,0
1065481,2008,9,22,13,5,0,43.74824538,-79.20289029,Scarborough East (43),43,Guildwood (140),140,D43,Scarborough,ROWATSON RD,FAREHAM CRES, ,Local,Mid-Block, ,No Control,Clear,Daylight,Dry,Non-Fatal Injury,Pedestrian Collisions,Pedestrian,65 to 69,Major,0, ,Other, , , ,Pedestrian hit at mid-block,Other,Normal, , , ,1,0,1,0,0,0,0,0,0,1,0,0,0,0
1158263,2010,2,11,13,5,3,43.66344538,-79.41889029,Trinity-Spadina (19),19,Palmerston-Little Italy (80),80,D14,Toronto East York,BLOOR Stre W,GRACE Stre, ,Major Arterial,Intersection,At Intersection,Traffic Signal,Clear,Daylight,Dry,Non-Fatal Injury,Pedestrian Collisions,Vehicle Owner,unknown, ,0, ,Other, , , , , , , , , ,1,0,1,0,0,0,0,0,0,1,0,0,0,0
1158263,2010,2,11,13,5,3,43.66344538,-79.41889029,Trinity-Spadina (19),19,Palmerston-Little Italy (80),80,D14,Toronto East York,BLOOR Stre W,GRACE Stre, ,Major Arterial,Intersection,At Intersection,Traffic Signal,Clear,Daylight,Dry,Non-Fatal Injury,Pedestrian Collisions,Driver,40 to 44,,0,South,"Automobile, Station Wagon",Turning Left,Failed to Yield Right of Way,Normal, , , , , , ,1,0,1,0,0,0,0,0,0,1,0,0,0,0
1158263,2010,2,11,13,5,3,43.66344538,-79.41889029,Trinity-Spadina (19),19,Palmerston-Little Italy (80),80,D14,Toronto East York,BLOOR Stre W,GRACE Stre, ,Major Arterial,Intersection,At Intersection,Traffic Signal,Clear,Daylight,Dry,Non-Fatal Injury,Pedestrian Collisions,Pedestrian,65 to 69,Major,0,South,Other, , , ,Vehicle turns left while ped crosses with ROW at inter.,Crossing with right of way,Normal, , , ,1,0,1,0,0,0,0,0,0,1,0,0,0,0
1335535,2012,11,24,13,5,5,43.70814538,-79.39149029,St. Paul's (22),22,Mount Pleasant West (104),104,D53,Toronto East York,EGLINTON AVE E,BROWNLOW AVE, ,Major Arterial,Intersection,At Intersection,Stop Sign,Clear,Daylight,Dry,Non-Fatal Injury,Pedestrian Collisions,Vehicle Owner,unknown, ,0, ,Other, , , , , , , , , ,1,0,1,0,0,0,0,0,0,1,0,0,0,0
1335535,2012,11,24,13,5,5,43.70814538,-79.39149029,St. Paul's (22),22,Mount Pleasant West (104),104,D53,Toronto East York,EGLINTON AVE E,BROWNLOW AVE, ,Major Arterial,Intersection,At Intersection,Stop Sign,Clear,Daylight,Dry,Non-Fatal Injury,Pedestrian Collisions,Driver,30 to 34,,0,West,"Automobile, Station Wagon",Turning Left,Failed to Yield Right of Way,Unknown, , , , , , ,1,0,1,0,0,0,0,0,0,1,0,0,0,0
1335535,2012,11,24,13,5,5,43.70814538,-79.39149029,St. Paul's (22),22,Mount Pleasant West (104),104,D53,Toronto East York,EGLINTON AVE E,BROWNLOW AVE, ,Major Arterial,Intersection,At Intersection,Stop Sign,Clear,Daylight,Dry,Non-Fatal Injury,Pedestrian Collisions,Pedestrian,25 to 29,Major,0,West,Other, , , ,Vehicle turns left while ped crosses with ROW at inter.,Crossing with right of way,Normal, , , ,1,0,1,0,0,0,0,0,0,1,0,0,0,0
1363580,2013,5,12,13,5,6,43.76264538,-79.36189029,Don Valley East (34),34,St.Andrew-Windfields (40),40,D33,North York,LESLIE ST,LESMILL RD, ,Major Arterial,Mid-Block, ,No Control,Clear,Daylight,Dry,Non-Fatal Injury,SMV Other,Driver,65 to 69,Major,0,North,"Automobile, Station Wagon",Going Ahead,Lost control,Medical or Physical Disability, , , , , , ,0,0,1,0,0,0,0,0,0,0,0,0,1,0
1363580,2013,5,12,13,5,6,43.76264538,-79.36189029,Don Valley East (34),34,St.Andrew-Windfields (40),40,D33,North York,LESLIE ST,LESMILL RD, ,Major Arterial,Mid-Block, ,No Control,Clear,Daylight,Dry,Non-Fatal Injury,SMV Other,Driver,25 to 29,,0,North,"Automobile, Station Wagon",Going Ahead,Driving Properly,Normal, , , , , , ,0,0,1,0,0,0,0,0,0,0,0,0,1,0
1363580,2013,5,12,13,5,6,43.76264538,-79.36189029,Don Valley East (34),34,St.Andrew-Windfields (40),40,D33,North York,LESLIE ST,LESMILL RD, ,Major Arterial,Mid-Block, ,No Control,Clear,Daylight,Dry,Non-Fatal Injury,SMV Other,Other Property Owner,unknown, ,0, ,Other, , , , , , , , , ,0,0,1,0,0,0,0,0,0,0,0,0,1,0
1387900,2013,9,29,13,5,6,43.73522909,-79.27986536,Scarborough Centre (37),37,Ionview (125),125,D41,Scarborough,BIRCHMOUNT Rd,BERTRAND Ave, ,Major Arterial,Intersection, ,Traffic Signal,Clear,Daylight,Dry,Non-Fatal Injury,Turning Movement,Passenger,55 to 59,Major,0, ,Other, , , , , , , , , ,0,0,1,0,0,0,0,1,0,1,0,0,0,0
1387900,2013,9,29,13,5,6,43.73522909,-79.27986536,Scarborough Centre (37),37,Ionview (125),125,D41,Scarborough,BIRCHMOUNT Rd,BERTRAND Ave, ,Major Arterial,Intersection, ,Traffic Signal,Clear,Daylight,Dry,Non-Fatal Injury,Turning Movement,Driver,40 to 44,Minor,0,South,"Automobile, Station Wagon",Turning Left,Failed to Yield Right of Way,Normal, , , , , , ,0,0,1,0,0,0,0,1,0,1,0,0,0,0