ACCNUM,YEAR,MONTH,DAY,HOUR,MINUTES,WEEKDAY,LATITUDE,LONGITUDE,Ward_Name,Ward_ID,Hood_Name,Hood_ID,Division,District,STREET1,STREET2,OFFSET,ROAD_CLASS,LOCCOORD,ACCLOC,TRAFFCTL,VISIBILITY,LIGHT,RDSFCOND,ACCLASS,IMPACTYPE,INVTYPE,INVAGE,INJURY,FATAL_NO,INITDIR,VEHTYPE,MANOEUVER,DRIVACT,DRIVCOND,PEDTYPE,PEDACT,PEDCOND,CYCLISTYPE,CYCACT,CYCCOND,PEDESTRIAN,CYCLIST,AUTOMOBILE,MOTORCYCLE,TRUCK,TRSN_CITY_VEH,EMERG_VEH,PASSENGER,SPEEDING,AG_DRIV,REDLIGHT,ALCOHOL,DISABILITY,label
1387900,2013,9,29,13,5,6,43.73522909,-79.27986536,Scarborough Centre (37),37,Ionview (125),125,D41,Scarborough,BIRCHMOUNT Rd,BERTRAND Ave, ,Major Arterial,Intersection, ,Traffic Signal,Clear,Daylight,Dry,Non-Fatal Injury,Turning Movement,Passenger,70 to 74,Minor,0, ,Other, , , , , , , , , ,0,0,1,0,0,0,0,1,0,1,0,0,0,0
1387900,2013,9,29,13,5,6,43.73522909,-79.27986536,Scarborough Centre (37),37,Ionview (125),125,D41,Scarborough,BIRCHMOUNT Rd,BERTRAND Ave, ,Major Arterial,Intersection, ,Traffic Signal,Clear,Daylight,Dry,Non-Fatal Injury,Turning Movement,Driver,75 to 79,Minor,0,North,"Automobile, Station Wagon",Going Ahead,Driving Properly,Normal, , , , , , ,0,0,1,0,0,0,0,1,0,1,0,0,0,0
6001090221,2016,6,22,13,5,2,43.7703472,-79.37125788,Willowdale (24),24,Bayview Village (52),52,D33,North York,SHEPPARD AVE E,PROVOST DR, ,Major Arterial,Intersection,At Intersection,Traffic Signal,Clear,Daylight,Dry,Non-Fatal Injury,Pedestrian Collisions,Driver,85 to 89,,0,North,"Automobile, Station Wagon",Turning Left,Improper Turn,Inattentive, , , , , , ,1,0,1,0,0,0,0,0,0,0,0,0,0,0
6001090221,2016,6,22,13,5,2,43.7703472,-79.37125788,Willowdale (24),24,Bayview Village (52),52,D33,North York,SHEPPARD AVE E,PROVOST DR, ,Major Arterial,Intersection,At Intersection,Traffic Signal,Clear,Daylight,Dry,Non-Fatal Injury,Pedestrian Collisions,Pedestrian,35 to 39,Major,0,Unknown, , , , ,Vehicle turns left while ped crosses with ROW at inter.,Crossing with right of way,Normal, , , ,1,0,1,0,0,0,0,0,0,0,0,0,0,0
7000955246,2017,5,30,13,5,1,43.71355438,-79.45734029,Eglinton-Lawrence (15),15,Yorkdale-Glen Park (31),31,D13,North York,LAWRENCE AVE W,960,7 m South of,Major Arterial,Mid-Block,Non Intersection,No Control,Clear,Daylight,Dry,Non-Fatal Injury,Turning Movement,Driver,70 to 74,Major,0,North,"Automobile, Station Wagon",Turning Left,Failed to Yield Right of Way,Inattentive, , , , , , ,0,0,1,0,0,0,0,1,0,1,0,0,0,0
7000955246,2017,5,30,13,5,1,43.71355438,-79.45734029,Eglinton-Lawrence (15),15,Yorkdale-Glen Park (31),31,D13,North York,LAWRENCE AVE W,960,7 m South of,Major Arterial,Mid-Block,Non Intersection,No Control,Clear,Daylight,Dry,Non-Fatal Injury,Turning Movement,Driver,65 to 69,,0,West,"Automobile, Station Wagon",Going Ahead,Driving Properly,Normal, , , , , , ,0,0,1,0,0,0,0,1,0,1,0,0,0,0
7000955246,2017,5,30,13,5,1,43.71355438,-79.45734029,Eglinton-Lawrence (15),15,Yorkdale-Glen Park (31),31,D13,North York,LAWRENCE AVE W,960,7 m South of,Major Arterial,Mid-Block,Non Intersection,No Control,Clear,Daylight,Dry,Non-Fatal Injury,Turning Movement,Driver,50 to 54,Minimal,0,East,Delivery Van,Slowing or Stopping,Driving Properly,Normal, , , , , , ,0,0,1,0,0,0,0,1,0,1,0,0,0,0
7000955246,2017,5,30,13,5,1,43.71355438,-79.45734029,Eglinton-Lawrence (15),15,Yorkdale-Glen Park (31),31,D13,North York,LAWRENCE AVE W,960,7 m South of,Major Arterial,Mid-Block,Non Intersection,No Control,Clear,Daylight,Dry,Non-Fatal Injury,Turning Movement,Passenger,60 to 64,Minimal,0, , , , , , , , , , , ,0,0,1,0,0,0,0,1,0,1,0,0,0,0
7000955246,2017,5,30,13,5,1,43.71355438,-79.45734029,Eglinton-Lawrence (15),15,Yorkdale-Glen Park (31),31,D13,North York,LAWRENCE AVE W,960,7 m South of,Major Arterial,Mid-Block,Non Intersection,No Control,Clear,Daylight,Dry,Non-Fatal Injury,Turning Movement,Passenger,80 to 84,Minimal,0, , , , , , , , , , , ,0,0,1,0,0,0,0,1,0,1,0,0,0,0
1173217,2010,5,13,13,6,3,43.77854538,-79.22219029,Scarborough East (43),43,Morningside (135),135,D43,Scarborough,ELLESMERE RD,HELICON GT, ,Major Arterial,Intersection,At Intersection,Traffic Signal,Rain,Daylight,Wet,Non-Fatal Injury,Turning Movement,Driver,55 to 59,Minor,0,East,"Automobile, Station Wagon",Turning Left,Failed to Yield Right of Way,Normal, , , , , , ,0,0,1,0,0,0,0,0,1,1,0,0,0,0
1173217,2010,5,13,13,6,3,43.77854538,-79.22219029,Scarborough East (43),43,Morningside (135),135,D43,Scarborough,ELLESMERE RD,HELICON GT, ,Major Arterial,Intersection,At Intersection,Traffic Signal,Rain,Daylight,Wet,Non-Fatal Injury,Turning Movement,Driver,40 to 44,Major,0,West,"Automobile, Station Wagon",Going Ahead,Driving Properly,Normal, , , , , , ,0,0,1,0,0,0,0,0,1,1,0,0,0,0
4003393065,2014,11,29,13,6,5,43.69804342,-79.34974299,Toronto-Danforth (29),29,Old East York (58),58,D54,Toronto East York,DON VALLEY PARKWAY  S,LEASIDE BDGE, ,Expressway,Mid-Block,Non Intersection,No Control,Clear,Daylight,Dry,Non-Fatal Injury,Pedestrian Collisions,Driver,60 to 64,,0,South,"Automobile, Station Wagon",Going Ahead,Driving Properly,Normal, , , , , , ,1,0,1,0,0,0,0,0,0,0,0,0,0,0
4003393065,2014,11,29,13,6,5,43.69804342,-79.34974299,Toronto-Danforth (29),29,Old East York (58),58,D54,Toronto East York,DON VALLEY PARKWAY  S,LEASIDE BDGE, ,Expressway,Mid-Block,Non Intersection,No Control,Clear,Daylight,Dry,Non-Fatal Injury,Pedestrian Collisions,Pedestrian,50 to 54,Major,0,Unknown, , , , ,Pedestrian hit at mid-block,Other,Unknown, , , ,1,0,1,0,0,0,0,0,0,0,0,0,0,0
1037585,2008,4,19,13,7,5,43.78404538,-79.16919029,Scarborough East (44),44,Centennial Scarborough (133),133,D43,Scarborough,KINGSTON Road,OLD KINGSTON Road, ,Minor Arterial,Intersection,At Intersection,No Control,Clear,Daylight,Dry,Non-Fatal Injury,Turning Movement,Motorcycle Driver,50 to 54,Major,0,West,Motorcycle,Going Ahead,Driving Properly,Normal, , , , , , ,0,0,1,1,0,0,0,0,0,1,0,0,0,0
1037585,2008,4,19,13,7,5,43.78404538,-79.16919029,Scarborough East (44),44,Centennial Scarborough (133),133,D43,Scarborough,KINGSTON Road,OLD KINGSTON Road, ,Minor Arterial,Intersection,At Intersection,No Control,Clear,Daylight,Dry,Non-Fatal Injury,Turning Movement,Driver,40 to 44,,0,East,"Automobile, Station Wagon",Turning Left,Failed to Yield Right of Way,Inattentive, , , , , , ,0,0,1,1,0,0,0,0,0,1,0,0,0,0
1232760,2011,3,14,13,7,0,43.66974538,-79.38259029,Toronto Centre-Rosedale (27),27,Church-Yonge Corridor (75),75,D51,Toronto East York,CHURCH ST,CHARLES ST E, ,Minor Arterial,Mid-Block, ,No Control,Clear,Daylight,Dry,Non-Fatal Injury,Pedestrian Collisions,Driver,35 to 39,,0,South,"Automobile, Station Wagon",Going Ahead,Driving Properly,Normal, , , , , , ,1,0,1,0,0,0,0,0,0,0,0,0,0,0
1232760,2011,3,14,13,7,0,43.66974538,-79.38259029,Toronto Centre-Rosedale (27),27,Church-Yonge Corridor (75),75,D51,Toronto East York,CHURCH ST,CHARLES ST E, ,Minor Arterial,Mid-Block, ,No Control,Clear,Daylight,Dry,Non-Fatal Injury,Pedestrian Collisions,Pedestrian,40 to 44,Major,0,West,Other, , , ,Pedestrian hit at mid-block,"Crossing, no Traffic Control",Unknown, , , ,1,0,1,0,0,0,0,0,0,0,0,0,0,0
1274629,2011,11,11,13,7,4,43.77944538,-79.23299029,Scarborough Centre (38),38,Woburn (137),137,D43,Scarborough,MARKHAM Road,TUXEDO Cour, ,Major Arterial,Intersection,At Intersection,Traffic Signal,Clear,Daylight,Dry,Non-Fatal Injury,Rear End,Vehicle Owner,unknown, ,0, ,Other, , , , , , , , , ,0,0,1,0,1,0,0,0,0,1,0,0,0,0
1274629,2011,11,11,13,7,4,43.77944538,-79.23299029,Scarborough Centre (38),38,Woburn (137),137,D43,Scarborough,MARKHAM Road,TUXEDO Cour, ,Major Arterial,Intersection,At Intersection,Traffic Signal,Clear,Daylight,Dry,Non-Fatal Injury,Rear End,Truck Driver,45 to 49,,0,South,Truck - Open,Stopped,Driving Properly,Normal, , , , , , ,0,0,1,0,1,0,0,0,0,1,0,0,0,0
1274629,2011,11,11,13,7,4,43.77944538,-79.23299029,Scarborough Centre (38),38,Woburn (137),137,D43,Scarborough,MARKHAM Road,TUXEDO Cour, ,Major Arterial,Intersection,At Intersection,Traffic Signal,Clear,Daylight,Dry,Non-Fatal Injury,Rear End,Other,unknown,,0,South,Other,Stopped, , , , , , , , ,0,0,1,0,1,0,0,0,0,1,0,0,0,0
1274629,2011,11,11,13,7,4,43.77944538,-79.23299029,Scarborough Centre (38),38,Woburn (137),137,D43,Scarborough,MARKHAM Road,TUXEDO Cour, ,Major Arterial,Intersection,At Intersection,Traffic Signal,Clear,Daylight,Dry,Non-Fatal Injury,Rear End,Driver,25 to 29,Major,0,South,"Automobile, Station Wagon",Going Ahead,Following too Close,Inattentive, , , , , , ,0,0,1,0,1,0,0,0,0,1,0,0,0,0
1274629,2011,11,11,13,7,4,43.77944538,-79.23299029,Scarborough Centre (38),38,Woburn (137),137,D43,Scarborough,MARKHAM Road,TUXEDO Cour, ,Major Arterial,Intersection,At Intersection,Traffic Signal,Clear,Daylight,Dry,Non-Fatal Injury,Rear End,Vehicle Owner,unknown, ,0, ,Other, , , , , , , , , ,0,0,1,0,1,0,0,0,0,1,0,0,0,0
1274629,2011,11,11,13,7,4,43.77944538,-79.23299029,Scarborough Centre (38),38,Woburn (137),137,D43,Scarborough,MARKHAM Road,TUXEDO Cour, ,Major Arterial,Intersection,At Intersection,Traffic Signal,Clear,Daylight,Dry,Non-Fatal Injury,Rear End,Driver,20 to 24,,0,South,"Automobile, Station Wagon",Slowing or Stopping,Following too Close,Inattentive, , , , , , ,0,0,1,0,1,0,0,0,0,1,0,0,0,0
1279672,2012,2,8,13,7,2,43.66754538,-79.34279029,Toronto-Danforth (30),30,South Riverdale (70),70,D55,Toronto East York,CARLAW Aven,GERRARD Stre E, ,Minor Arterial,Intersection,At Intersection,Traffic Signal,Clear,Daylight,Dry,Non-Fatal Injury,Turning Movement,Passenger,0 to 4,,0, ,Other, , , , , , , , , ,0,0,1,0,0,0,0,1,1,1,0,0,0,0
1279672,2012,2,8,13,7,2,43.66754538,-79.34279029,Toronto-Danforth (30),30,South Riverdale (70),70,D55,Toronto East York,CARLAW Aven,GERRARD Stre E, ,Minor Arterial,Intersection,At Intersection,Traffic Signal,Clear,Daylight,Dry,Non-Fatal Injury,Turning Movement,Driver,35 to 39,Minimal,0,North,"Automobile, Station Wagon",Going Ahead,Driving Properly,Normal, , , , , , ,0,0,1,0,0,0,0,1,1,1,0,0,0,0
1279672,2012,2,8,13,7,2,43.66754538,-79.34279029,Toronto-Danforth (30),30,South Riverdale (70),70,D55,Toronto East York,CARLAW Aven,GERRARD Stre E, ,Minor Arterial,Intersection,At Intersection,Traffic Signal,Clear,Daylight,Dry,Non-Fatal Injury,Turning Movement,Passenger,45 to 49,,0, ,Other, , , , , , , , , ,0,0,1,0,0,0,0,1,1,1,0,0,0,0
1037905,2008,4,26,7,12,5,43.67714538,-79.55089029,Etobicoke Centre (3),3,Princess-Rosethorn (10),10,D22,Etobicoke York,KIPLING Aven,EGLINTON Aven W, ,Major Arterial,Intersection,At Intersection,Traffic Signal,Clear,Daylight,Dry,Non-Fatal Injury,Angle,Driver,45 to 49,,0,South,"Automobile, Station Wagon",Going Ahead,Disobeyed Traffic Control,Normal, , , , , , ,0,0,1,0,0,0,0,1,0,1,1,0,0,0
1037905,2008,4,26,7,12,5,43.67714538,-79.55089029,Etobicoke Centre (3),3,Princess-Rosethorn (10),10,D22,Etobicoke York,KIPLING Aven,EGLINTON Aven W, ,Major Arterial,Intersection,At Intersection,Traffic Signal,Clear,Daylight,Dry,Non-Fatal Injury,Angle,Passenger,40 to 44,Minimal,0, ,Other, , , , , , , , , ,0,0,1,0,0,0,0,1,0,1,1,0,0,0
1037905,2008,4,26,7,12,5,43.67714538,-79.55089029,Etobicoke Centre (3),3,Princess-Rosethorn (10),10,D22,Etobicoke York,KIPLING Aven,EGLINTON Aven W, ,Major Arterial,Intersection,At Intersection,Traffic Signal,Clear,Daylight,Dry,Non-Fatal Injury,Angle,Driver,30 to 34,Major,0,East,"Automobile, Station Wagon",Going Ahead,Driving Properly,Normal, , , , , , ,0,0,1,0,0,0,0,1,0,1,1,0,0,0
1273336,2011,11,4,7,12,4,43.72094538,-79.50859029,York Centre (9),9,Downsview-Roding-CFB (26),26,D31,North York,JANE Stre,WILSON Aven, ,Major Arterial,Intersection,At Intersection,Traffic Signal,Clear,Dawn,Dry,Non-Fatal Injury,Pedestrian Collisions,Vehicle Owner,unknown, ,0, ,Other, , , , , , , , , ,1,0,1,0,0,0,0,0,0,1,0,0,0,0
1273336,2011,11,4,7,12,4,43.72094538,-79.50859029,York Centre (9),9,Downsview-Roding-CFB (26),26,D31,North York,JANE Stre,WILSON Aven, ,Major Arterial,Intersection,At Intersection,Traffic Signal,Clear,Dawn,Dry,Non-Fatal Injury,Pedestrian Collisions,Driver,65 to 69,,0,South,"Automobile, Station Wagon",Turning Right,Failed to Yield Right of Way,Normal, , , , , , ,1,0,1,0,0,0,0,0,0,1,0,0,0,0
1273336,2011,11,4,7,12,4,43.72094538,-79.50859029,York Centre (9),9,Downsview-Roding-CFB (26),26,D31,North York,JANE Stre,WILSON Aven, ,Major Arterial,Intersection,At Intersection,Traffic Signal,Clear,Dawn,Dry,Non-Fatal Injury,Pedestrian Collisions,Pedestrian,45 to 49,Major,0,South,Other, , , ,Vehicle turns right while ped crosses with ROW at inter.,Crossing with right of way,Normal, , , ,1,0,1,0,0,0,0,0,0,1,0,0,0,0
6002160952,2016,12,6,7,12,1,43.75266989,-79.43774805,York Centre (10),10,Lansing-Westgate (38),38,D32,North York,BATHURST ST,REINER RD, ,Major Arterial,Mid-Block,At Intersection,No Control,Clear,Daylight,Dry,Fatal,Pedestrian Collisions,Pedestrian,85 to 89,Fatal,76,East, , , , ,Pedestrian hit at mid-block,"Crossing, no Traffic Control",Unknown, , , ,1,0,1,0,0,0,0,0,0,0,0,0,0,1
6002160952,2016,12,6,7,12,1,43.75266989,-79.43774805,York Centre (10),10,Lansing-Westgate (38),38,D32,North York,BATHURST ST,REINER RD, ,Major Arterial,Mid-Block,At Intersection,No Control,Clear,Daylight,Dry,Fatal,Pedestrian Collisions,Driver,50 to 54,,0,North,"Automobile, Station Wagon",Going Ahead,Driving Properly,Unknown, , , , , , ,1,0,1,0,0,0,0,0,0,0,0,0,0,1
1330905,2012,12,10,7,13,0,43.72744538,-79.26589029,Scarborough Southwest (35),35,Kennedy Park (124),124,D41,Scarborough,KENNEDY RD,MERRIAN RD, ,Major Arterial,Intersection, ,Traffic Signal,Rain,"Dark, artificial",Wet,Non-Fatal Injury,Pedestrian Collisions,Driver,25 to 29,,0,East,"Automobile, Station Wagon",Turning Left,Failed to Yield Right of Way,Normal, , , , , , ,1,0,1,0,0,0,0,0,0,1,0,0,0,0
1330905,2012,12,10,7,13,0,43.72744538,-79.26589029,Scarborough Southwest (35),35,Kennedy Park (124),124,D41,Scarborough,KENNEDY RD,MERRIAN RD, ,Major Arterial,Intersection, ,Traffic Signal,Rain,"Dark, artificial",Wet,Non-Fatal Injury,Pedestrian Collisions,Pedestrian,80 to 84,Major,0,West,Other, , , ,Vehicle turns left while ped crosses with ROW at inter.,Crossing with right of way,Normal, , , ,1,0,1,0,0,0,0,0,0,1,0,0,0,0
7001372973,2017,7,31,7,13,0,43.6582218,-79.37099085,Toronto Centre-Rosedale (28),28,Moss Park (73),73,D51,Toronto East York,SHERBOURNE ST,DUNDAS ST E, ,Minor Arterial,Intersection,At Intersection,Traffic Signal,Clear,Daylight,Dry,Fatal,Pedestrian Collisions,Pedestrian,45 to 49,Major,0, , , , , ,Vehicle is going straight thru inter.while ped cross with ROW,Crossing with right of way,Normal, , , ,1,0,1,0,0,0,0,0,0,0,0,0,0,1
7001372973,2017,7,31,7,13,0,43.6582218,-79.37099085,Toronto Centre-Rosedale (28),28,Moss Park (73),73,D51,Toronto East York,SHERBOURNE ST,DUNDAS ST E, ,Minor Arterial,Intersection,At Intersection,Traffic Signal,Clear,Daylight,Dry,Fatal,Pedestrian Collisions,Pedestrian,70 to 74,Fatal,33, , , , , ,Pedestrian hit on sidewalk or shoulder,On Sidewalk or Shoulder,Normal, , , ,1,0,1,0,0,0,0,0,0,0,0,0,0,1
7001372973,2017,7,31,7,13,0,43.6582218,-79.37099085,Toronto Centre-Rosedale (28),28,Moss Park (73),73,D51,Toronto East York,SHERBOURNE ST,DUNDAS ST E, ,Minor Arterial,Intersection,At Intersection,Traffic Signal,Clear,Daylight,Dry,Fatal,Pedestrian Collisions,Driver,25 to 29,,0,South,"Automobile, Station Wagon",Going Ahead,Lost control,Fatigue, , , , , , ,1,0,1,0,0,0,0,0,0,0,0,0,0,1
986950,2007,8,28,7,14,1,43.78164538,-79.41599029,Willowdale (24),24,Newtonbrook East (50),50,D32,North York,BISHOP Aven,YONGE Stre, ,Major Arterial, , ,Traffic Signal,Clear,Daylight,Dry,Non-Fatal Injury,Sideswipe,Vehicle Owner,unknown,,0, ,Other,Other, , , , , , , , ,0,0,1,0,0,0,0,0,0,0,0,0,0,0
986950,2007,8,28,7,14,1,43.78164538,-79.41599029,Willowdale (24),24,Newtonbrook East (50),50,D32,North York,BISHOP Aven,YONGE Stre, ,Major Arterial, , ,Traffic Signal,Clear,Daylight,Dry,Non-Fatal Injury,Sideswipe,Driver,55 to 59,,0, ,"Automobile, Station Wagon",Stopped, , , , , , , , ,0,0,1,0,0,0,0,0,0,0,0,0,0,0
986950,2007,8,28,7,14,1,43.78164538,-79.41599029,Willowdale (24),24,Newtonbrook East (50),50,D32,North York,BISHOP Aven,YONGE Stre, ,Major Arterial, , ,Traffic Signal,Clear,Daylight,Dry,Non-Fatal Injury,Sideswipe,Driver,35 to 39,,0, ,"Automobile, Station Wagon",Parked, , , , , , , , ,0,0,1,0,0,0,0,0,0,0,0,0,0,0
986950,2007,8,28,7,14,1,43.78164538,-79.41599029,Willowdale (24),24,Newtonbrook East (50),50,D32,North York,BISHOP Aven,YONGE Stre, ,Major Arterial, , ,Traffic Signal,Clear,Daylight,Dry,Non-Fatal Injury,Sideswipe,Vehicle Owner,unknown,,0, ,Other,Other, , , , , , , , ,0,0,1,0,0,0,0,0,0,0,0,0,0,0
986950,2007,8,28,7,14,1,43.78164538,-79.41599029,Willowdale (24),24,Newtonbrook East (50),50,D32,North York,BISHOP Aven,YONGE Stre, ,Major Arterial, , ,Traffic Signal,Clear,Daylight,Dry,Non-Fatal Injury,Sideswipe,Driver,55 to 59,,0, ,"Automobile, Station Wagon",Stopped, , , , , , , , ,0,0,1,0,0,0,0,0,0,0,0,0,0,0
986950,2007,8,28,7,14,1,43.78164538,-79.41599029,Willowdale (24),24,Newtonbrook East (50),50,D32,North York,BISHOP Aven,YONGE Stre, ,Major Arterial, , ,Traffic Signal,Clear,Daylight,Dry,Non-Fatal Injury,Sideswipe,Driver,90 to 94,Major,0, ,"Automobile, Station Wagon",Going Ahead, , , , , , , , ,0,0,1,0,0,0,0,0,0,0,0,0,0,0
1250936,2011,7,12,7,14,1,43.66574538,-79.45119029,Davenport (18),18,Dovercourt-Wallace Emerson-Junction (93),93,D11,Toronto East York,SYMINGTON AVE,DUPONT ST, ,Major Arterial,Intersection,At Intersection,Traffic Signal,Clear,Daylight,Dry,Non-Fatal Injury,Angle,Driver,45 to 49,,0,South,"Automobile, Station Wagon",Stopped,Driving Properly,Normal, , , , , , ,0,0,1,0,0,0,0,0,0,1,1,0,0,0
1250936,2011,7,12,7,14,1,43.66574538,-79.45119029,Davenport (18),18,Dovercourt-Wallace Emerson-Junction (93),93,D11,Toronto East York,SYMINGTON AVE,DUPONT ST, ,Major Arterial,Intersection,At Intersection,Traffic Signal,Clear,Daylight,Dry,Non-Fatal Injury,Angle,Driver,45 to 49,Major,0,West,"Automobile, Station Wagon",Going Ahead,Disobeyed Traffic Control,Normal, , , , , , ,0,0,1,0,0,0,0,0,0,1,1,0,0,0
1250936,2011,7,12,7,14,1,43.66574538,-79.45119029,Davenport (18),18,Dovercourt-Wallace Emerson-Junction (93),93,D11,Toronto East York,SYMINGTON AVE,DUPONT ST, ,Major Arterial,Intersection,At Intersection,Traffic Signal,Clear,Daylight,Dry,Non-Fatal Injury,Angle,Vehicle Owner,unknown, ,0, ,Other, , , , , , , , , ,0,0,1,0,0,0,0,0,0,1,1,0,0,0
1250936,2011,7,12,7,14,1,43.66574538,-79.45119029,Davenport (18),18,Dovercourt-Wallace Emerson-Junction (93),93,D11,Toronto East York,SYMINGTON AVE,DUPONT ST, ,Major Arterial,Intersection,At Intersection,Traffic Signal,Clear,Daylight,Dry,Non-Fatal Injury,Angle,Driver,55 to 59,Minimal,0,North,"Automobile, Station Wagon",Going Ahead,Disobeyed Traffic Control,Normal, , , , , , ,0,0,1,0,0,0,0,0,0,1,1,0,0,0
1086605,2009,1,6,7,15,1,43.80664538,-79.25519029,Scarborough-Rouge River (41),41,Agincourt North (129),129,D42,Scarborough,MIDDLEFIELD RD,COMPASS CRT, ,Minor Arterial,Mid-Block,At Intersection,No Control,Clear,Daylight,Wet,Non-Fatal Injury,Angle,Passenger,45 to 49,Major,0, ,"Automobile, Station Wagon", , , , , , , , , ,0,0,1,0,0,0,0,1,0,0,0,0,0,0
1086605,2009,1,6,7,15,1,43.80664538,-79.25519029,Scarborough-Rouge River (41),41,Agincourt North (129),129,D42,Scarborough,MIDDLEFIELD RD,COMPASS CRT, ,Minor Arterial,Mid-Block,At Intersection,No Control,Clear,Daylight,Wet,Non-Fatal Injury,Angle,Driver,60 to 64,Minor,0,East,"Automobile, Station Wagon",Going Ahead,Driving Properly,Normal, , , , , , ,0,0,1,0,0,0,0,1,0,0,0,0,0,0
1086605,2009,1,6,7,15,1,43.80664538,-79.25519029,Scarborough-Rouge River (41),41,Agincourt North (129),129,D42,Scarborough,MIDDLEFIELD RD,COMPASS CRT, ,Minor Arterial,Mid-Block,At Intersection,No Control,Clear,Daylight,Wet,Non-Fatal Injury,Angle,Driver,35 to 39,Minor,0,South,"Automobile, Station Wagon",Going Ahead,Lost control,Normal, , , , , , ,0,0,1,0,0,0,0,1,0,0,0,0,0,0
1127178,2009,8,26,7,15,2,43.77004538,-79.26129029,Scarborough Centre (38),38,Bendale (127),127,D43,Scarborough,ELLESMERE RD,BRIMLEY RD, ,Major Arterial,Intersection,At Intersection,Traffic Signal,Rain,Daylight,Wet,Non-Fatal Injury,Turning Movement,Driver,50 to 54,,0,South,"Automobile, Station Wagon",Turning Left,Lost control,Unknown, , , , , , ,0,0,1,0,0,0,0,0,0,0,0,0,0,0
1127178,2009,8,26,7,15,2,43.77004538,-79.26129029,Scarborough Centre (38),38,Bendale (127),127,D43,Scarborough,ELLESMERE RD,BRIMLEY RD, ,Major Arterial,Intersection,At Intersection,Traffic Signal,Rain,Daylight,Wet,Non-Fatal Injury,Turning Movement,Driver,40 to 44,Major,0,West,"Automobile, Station Wagon",Stopped,Driving Properly,Normal, , , , , , ,0,0,1,0,0,0,0,0,0,0,0,0,0,0
1132676,2009,10,23,7,15,4,43.81694538,-79.22429029,Scarborough-Rouge River (42),42,Malvern (132),132,D42,Scarborough,FINCH AVE E,BLACKBIRD GT, ,Minor Arterial,Intersection,At Intersection,No Control,Rain,Dark,Wet,Fatal,Pedestrian Collisions,Driver,45 to 49,Minor,0,West,"Automobile, Station Wagon",Going Ahead,Driving Properly,Normal, , , , , , ,1,0,1,0,0,0,0,0,0,0,0,0,0,1
1132676,2009,10,23,7,15,4,43.81694538,-79.22429029,Scarborough-Rouge River (42),42,Malvern (132),132,D42,Scarborough,FINCH AVE E,BLACKBIRD GT, ,Minor Arterial,Intersection,At Intersection,No Control,Rain,Dark,Wet,Fatal,Pedestrian Collisions,Pedestrian,60 to 64,Fatal,36,North,Other, , , ,Vehicle is going straight thru inter.while ped cross without ROW,"Crossing, no Traffic Control",Inattentive, , , ,1,0,1,0,0,0,0,0,0,0,0,0,0,1
1327859,2012,10,17,7,15,2,43.77334538,-79.24629029,Scarborough Centre (38),38,Woburn (137),137,D43,Scarborough,ELLESMERE RD,PARKINGTON CRES, ,Major Arterial,Intersection,At Intersection,Traffic Signal,Clear,Daylight,Dry,Non-Fatal Injury,Pedestrian Collisions,Driver,35 to 39,,0,East,"Automobile, Station Wagon",Going Ahead,Driving Properly,Normal, , , , , , ,1,0,1,0,0,0,0,0,0,0,0,0,0,0
1327859,2012,10,17,7,15,2,43.77334538,-79.24629029,Scarborough Centre (38),38,Woburn (137),137,D43,Scarborough,ELLESMERE RD,PARKINGTON CRES, ,Major Arterial,Intersection,At Intersection,Traffic Signal,Clear,Daylight,Dry,Non-Fatal Injury,Pedestrian Collisions,Pedestrian,35 to 39,Major,0,North,Other, , , ,Vehicle is going straight thru inter.while ped cross without ROW,Crossing without right of way,Inattentive, , , ,1,0,1,0,0,0,0,0,0,0,0,0,0,0
1331690,2012,11,1,7,15,3,43.83044538,-79.22369029,Scarborough-Rouge River (42),42,Rouge (131),131,D42,Scarborough,STAINES RD,SEASONS DR, ,Local,Intersection, ,No Control,Rain,Daylight,Wet,Non-Fatal Injury,Pedestrian Collisions,Driver,45 to 49,,0,North,"Automobile, Station Wagon",Going Ahead,Driving Properly,Normal, , , , , , ,1,0,1,0,0,0,0,0,0,0,0,0,0,0
1331690,2012,11,1,7,15,3,43.83044538,-79.22369029,Scarborough-Rouge River (42),42,Rouge (131),131,D42,Scarborough,STAINES RD,SEASONS DR, ,Local,Intersection, ,No Control,Rain,Daylight,Wet,Non-Fatal Injury,Pedestrian Collisions,Pedestrian,20 to 24,Major,0,North,Other, , , ,Vehicle is going straight thru inter.while ped cross with ROW,Walking on Roadway with Traffic,Normal, , , ,1,0,1,0,0,0,0,0,0,0,0,0,0,0
5001008776,2015,6,16,7,15,1,43.69872244,-79.37249384,Don Valley West (26),26,Leaside-Bennington (56),56,D53,Toronto East York,BAYVIEW AVE,SUTHERLAND DR, ,Major Arterial,Intersection,At Intersection,Stop Sign,Rain,Dawn,Wet,Non-Fatal Injury,Turning Movement,Driver,30 to 34,,0,North,Municipal Transit Bus (TTC),Going Ahead,Speed too Fast For Condition,Normal, , , , , , ,0,0,0,1,0,1,0,0,1,1,0,0,0,0
5001008776,2015,6,16,7,15,1,43.69872244,-79.37249384,Don Valley West (26),26,Leaside-Bennington (56),56,D53,Toronto East York,BAYVIEW AVE,SUTHERLAND DR, ,Major Arterial,Intersection,At Intersection,Stop Sign,Rain,Dawn,Wet,Non-Fatal Injury,Turning Movement,Motorcycle Driver,30 to 34,Major,0,West,Motorcycle,Turning Left,Failed to Yield Right of Way,Normal, , , , , , ,0,0,0,1,0,1,0,0,1,1,0,0,0,0