ACCNUM,YEAR,MONTH,DAY,HOUR,MINUTES,WEEKDAY,LATITUDE,LONGITUDE,Ward_Name,Ward_ID,Hood_Name,Hood_ID,Division,District,STREET1,STREET2,OFFSET,ROAD_CLASS,LOCCOORD,ACCLOC,TRAFFCTL,VISIBILITY,LIGHT,RDSFCOND,ACCLASS,IMPACTYPE,INVTYPE,INVAGE,INJURY,FATAL_NO,INITDIR,VEHTYPE,MANOEUVER,DRIVACT,DRIVCOND,PEDTYPE,PEDACT,PEDCOND,CYCLISTYPE,CYCACT,CYCCOND,PEDESTRIAN,CYCLIST,AUTOMOBILE,MOTORCYCLE,TRUCK,TRSN_CITY_VEH,EMERG_VEH,PASSENGER,SPEEDING,AG_DRIV,REDLIGHT,ALCOHOL,DISABILITY,label
7001007889,2017,6,7,7,15,2,43.65535315,-79.38518153,Toronto Centre-Rosedale (27),27,Bay Street Corridor (76),76,D52,Toronto East York,DUNDAS ST W,ELIZABETH ST, ,Major Arterial,Intersection,At Intersection,No Control,Clear,Daylight,Dry,Non-Fatal Injury,Cyclist Collisions,Driver,55 to 59,,0,West,"Automobile, Station Wagon",Turning Left,Failed to Yield Right of Way,Inattentive, , , , , , ,0,1,1,0,0,0,0,0,0,1,0,0,0,0
7001007889,2017,6,7,7,15,2,43.65535315,-79.38518153,Toronto Centre-Rosedale (27),27,Bay Street Corridor (76),76,D52,Toronto East York,DUNDAS ST W,ELIZABETH ST, ,Major Arterial,Intersection,At Intersection,No Control,Clear,Daylight,Dry,Non-Fatal Injury,Cyclist Collisions,Cyclist,25 to 29,Major,0,East,Bicycle,Going Ahead, , , , , ,Motorist turned left across cyclists path.,Driving Properly,Normal,0,1,1,0,0,0,0,0,0,1,0,0,0,0
7000012031,2017,1,3,7,17,1,43.64897497,-79.36726008,Toronto Centre-Rosedale (28),28,Waterfront Communities-The Island (77),77,D51,Toronto East York,LOWER SHERBOURNE ST,THE ESPLANADE, ,Minor Arterial,Intersection,At Intersection,Traffic Signal,Rain,Dark,Wet,Fatal,Pedestrian Collisions,Driver,35 to 39,,0,South,"Automobile, Station Wagon",Going Ahead,Driving Properly,Normal, , , , , , ,1,0,1,0,0,0,0,0,0,0,0,0,0,1
7000012031,2017,1,3,7,17,1,43.64897497,-79.36726008,Toronto Centre-Rosedale (28),28,Waterfront Communities-The Island (77),77,D51,Toronto East York,LOWER SHERBOURNE ST,THE ESPLANADE, ,Minor Arterial,Intersection,At Intersection,Traffic Signal,Rain,Dark,Wet,Fatal,Pedestrian Collisions,Pedestrian,80 to 84,Fatal,1,West, , , , ,Vehicle is going straight thru inter.while ped cross without ROW,Crossing without right of way,Normal, , , ,1,0,1,0,0,0,0,0,0,0,0,0,0,1
1235812,2011,3,26,7,18,5,43.66574538,-79.58779029,Etobicoke Centre (3),3,Eringate-Centennial-West Deane (11),11,D22,Etobicoke York,EGLINTON AVE W,RENFORTH DR, ,Major Arterial,Mid-Block, ,No Control,Clear,Dawn,Dry,Non-Fatal Injury,SMV Other,Driver,60 to 64,Major,0,East,"Automobile, Station Wagon",Going Ahead,Lost control,Inattentive, , , , , , ,0,0,1,0,0,0,0,0,0,0,0,0,0,0
1235812,2011,3,26,7,18,5,43.66574538,-79.58779029,Etobicoke Centre (3),3,Eringate-Centennial-West Deane (11),11,D22,Etobicoke York,EGLINTON AVE W,RENFORTH DR, ,Major Arterial,Mid-Block, ,No Control,Clear,Dawn,Dry,Non-Fatal Injury,SMV Other,Other Property Owner,unknown, ,0, ,Other, , , , , , , , , ,0,0,1,0,0,0,0,0,0,0,0,0,0,0
4001900462,2014,4,16,7,18,2,43.7908016,-79.45302209999998,York Centre (10),10,Westminster-Branson (35),35,D32,North York,TORRESDALE AVE,STEELES AVE W, ,Major Arterial,Intersection,At Intersection,Traffic Signal,Clear,Daylight,Dry,Non-Fatal Injury,Turning Movement,Driver,50 to 54,Major,0,North,"Automobile, Station Wagon",Turning Left,Driving Properly,Normal, , , , , , ,0,0,1,0,0,0,0,0,0,1,1,0,0,0
4001900462,2014,4,16,7,18,2,43.7908016,-79.45302209999998,York Centre (10),10,Westminster-Branson (35),35,D32,North York,TORRESDALE AVE,STEELES AVE W, ,Major Arterial,Intersection,At Intersection,Traffic Signal,Clear,Daylight,Dry,Non-Fatal Injury,Turning Movement,Driver,40 to 44,Minimal,0,East,"Automobile, Station Wagon",Going Ahead,Disobeyed Traffic Control,Normal, , , , , , ,0,0,1,0,0,0,0,0,0,1,1,0,0,0
1329462,2012,10,31,7,19,2,43.69844538,-79.46349029,Eglinton-Lawrence (15),15,Briar Hill-Belgravia (108),108,D13,North York,CASTLEFIELD AVE,CALEDONIA RD, ,Collector,Intersection,At Intersection,Traffic Signal,Rain,Dark,Wet,Non-Fatal Injury,Pedestrian Collisions,Driver,30 to 34,,0,South,"Automobile, Station Wagon",Turning Right,Improper Turn,Normal, , , , , , ,1,0,1,0,0,0,0,0,0,0,0,0,0,0
1329462,2012,10,31,7,19,2,43.69844538,-79.46349029,Eglinton-Lawrence (15),15,Briar Hill-Belgravia (108),108,D13,North York,CASTLEFIELD AVE,CALEDONIA RD, ,Collector,Intersection,At Intersection,Traffic Signal,Rain,Dark,Wet,Non-Fatal Injury,Pedestrian Collisions,Pedestrian,35 to 39,Major,0,South,Other, , , ,Vehicle turns right while ped crosses with ROW at inter.,Crossing with right of way,Normal, , , ,1,0,1,0,0,0,0,0,0,0,0,0,0,0
3000777885,2013,12,3,7,0,1,43.69810827,-79.52325068,Etobicoke North (2),2,Humber Heights-Westmount (8),8,D23,Etobicoke York,SCARLETT RD,LAWRENCE AVE W,234 m South of,Major Arterial,Intersection,At Intersection,Traffic Signal,Clear,Daylight,Dry,Non-Fatal Injury,Pedestrian Collisions,Pedestrian,10 to 14,Major,0,West, , , , ,Vehicle is going straight thru inter.while ped cross without ROW,Crossing without right of way,Inattentive, , , ,1,0,1,0,0,0,0,0,0,0,0,0,0,0
1018105,2008,1,15,7,20,1,43.75054538,-79.54969029,York West (7),7,Humber Summit (21),21,D31,Etobicoke York,FINCH AVE W,RUMIKE RD, ,Major Arterial,Mid-Block, ,No Control,Snow,Daylight,Loose Snow,Non-Fatal Injury,Pedestrian Collisions,Driver,unknown,,0,South,"Automobile, Station Wagon",Turning Left,Failed to Yield Right of Way,Inattentive, , , , , , ,1,0,1,0,0,0,0,0,0,1,0,0,0,0
1018105,2008,1,15,7,20,1,43.75054538,-79.54969029,York West (7),7,Humber Summit (21),21,D31,Etobicoke York,FINCH AVE W,RUMIKE RD, ,Major Arterial,Mid-Block, ,No Control,Snow,Daylight,Loose Snow,Non-Fatal Injury,Pedestrian Collisions,Pedestrian,40 to 44,Major,0,East,Other, , , ,Pedestrian hit on sidewalk or shoulder,On Sidewalk or Shoulder,Normal, , , ,1,0,1,0,0,0,0,0,0,1,0,0,0,0
1069315,2008,11,11,7,20,1,43.81684836,-79.33645258,Scarborough-Agincourt (39),39,Steeles (116),116,D42,Scarborough,PHARMACY AVE,STEELES AVE E, ,Major Arterial,Intersection,At Intersection,Traffic Signal,Clear,Daylight,Dry,Fatal,Pedestrian Collisions,Pedestrian,55 to 59,Fatal,52,West,Other, , , ,Vehicle turns right while ped crosses with ROW at inter.,Crossing with right of way,Unknown, , , ,1,0,0,0,0,1,0,0,0,1,0,0,0,1
1069315,2008,11,11,7,20,1,43.81684836,-79.33645258,Scarborough-Agincourt (39),39,Steeles (116),116,D42,Scarborough,PHARMACY AVE,STEELES AVE E, ,Major Arterial,Intersection,At Intersection,Traffic Signal,Clear,Daylight,Dry,Fatal,Pedestrian Collisions,Vehicle Owner,unknown, ,0, ,Other, , , , , , , , , ,1,0,0,0,0,1,0,0,0,1,0,0,0,1
1069315,2008,11,11,7,20,1,43.81684836,-79.33645258,Scarborough-Agincourt (39),39,Steeles (116),116,D42,Scarborough,PHARMACY AVE,STEELES AVE E, ,Major Arterial,Intersection,At Intersection,Traffic Signal,Clear,Daylight,Dry,Fatal,Pedestrian Collisions,Driver,65 to 69,,0,North,Municipal Transit Bus (TTC),Turning Right,Failed to Yield Right of Way,Unknown, , , , , , ,1,0,0,0,0,1,0,0,0,1,0,0,0,1
1228029,2011,3,25,7,20,4,43.68904455,-79.30228815,Beaches-East York (31),31,East End-Danforth (62),62,D54,Toronto East York,315 MAIN ST, , ,Minor Arterial,Mid-Block, ,No Control,Clear,Daylight,Dry,Non-Fatal Injury,Pedestrian Collisions,Driver,unknown,,0,North,"Automobile, Station Wagon",Pulling Away from Shoulder or Curb, , , , , , , , ,1,0,1,0,0,0,0,0,0,0,0,0,0,0
1228029,2011,3,25,7,20,4,43.68904455,-79.30228815,Beaches-East York (31),31,East End-Danforth (62),62,D54,Toronto East York,315 MAIN ST, , ,Minor Arterial,Mid-Block, ,No Control,Clear,Daylight,Dry,Non-Fatal Injury,Pedestrian Collisions,Pedestrian,45 to 49,Major,0,East,Other, , , ,Pedestrian hit at mid-block,"Crossing, no Traffic Control",Normal, , , ,1,0,1,0,0,0,0,0,0,0,0,0,0,0
4003469913,2014,12,12,7,20,4,43.81190832,-79.35754023,Willowdale (24),24,Hillcrest Village (48),48,D33,North York,STEELES AVE E,TOWNSEND RD, ,Major Arterial,Intersection,At Intersection,Traffic Signal,Clear,Daylight,Wet,Non-Fatal Injury,Pedestrian Collisions,Driver,60 to 64,,0,East, ,Going Ahead,Failed to Yield Right of Way,Normal, , , , , , ,1,0,0,0,0,0,0,0,0,1,0,0,0,0
4003469913,2014,12,12,7,20,4,43.81190832,-79.35754023,Willowdale (24),24,Hillcrest Village (48),48,D33,North York,STEELES AVE E,TOWNSEND RD, ,Major Arterial,Intersection,At Intersection,Traffic Signal,Clear,Daylight,Wet,Non-Fatal Injury,Pedestrian Collisions,Pedestrian,30 to 34,Major,0,North, , , , ,Vehicle is going straight thru inter.while ped cross with ROW,Crossing with right of way,Unknown, , , ,1,0,0,0,0,0,0,0,0,1,0,0,0,0
6002116209,2016,11,29,7,20,1,43.65601691,-79.56501398,Etobicoke Centre (3),3,Eringate-Centennial-West Deane (11),11,D22,Etobicoke York,THE EAST MALL,RATHBURN RD,100 m North of,Minor Arterial,Mid-Block,Non Intersection,No Control,Rain,"Dawn, artificial",Wet,Non-Fatal Injury,Pedestrian Collisions,Driver,55 to 59,,0,South,"Automobile, Station Wagon",Going Ahead,Driving Properly,Normal, , , , , , ,1,0,1,0,0,0,0,1,0,0,0,0,0,0
6002116209,2016,11,29,7,20,1,43.65601691,-79.56501398,Etobicoke Centre (3),3,Eringate-Centennial-West Deane (11),11,D22,Etobicoke York,THE EAST MALL,RATHBURN RD,100 m North of,Minor Arterial,Mid-Block,Non Intersection,No Control,Rain,"Dawn, artificial",Wet,Non-Fatal Injury,Pedestrian Collisions,Pedestrian,70 to 74,Major,0,West, , , , ,Pedestrian hit at mid-block,"Crossing, no Traffic Control",Normal, , , ,1,0,1,0,0,0,0,1,0,0,0,0,0,0
6002116209,2016,11,29,7,20,1,43.65601691,-79.56501398,Etobicoke Centre (3),3,Eringate-Centennial-West Deane (11),11,D22,Etobicoke York,THE EAST MALL,RATHBURN RD,100 m North of,Minor Arterial,Mid-Block,Non Intersection,No Control,Rain,"Dawn, artificial",Wet,Non-Fatal Injury,Pedestrian Collisions,Passenger,50 to 54,,0, , , , , , , , , , , ,1,0,1,0,0,0,0,1,0,0,0,0,0,0
1109447,2009,5,11,7,22,0,43.64224538,-79.39569029,Trinity-Spadina (20),20,Waterfront Communities-The Island (77),77,D14,Toronto East York,FRONT ST W,SPADINA AVE, ,Minor Arterial,Mid-Block, ,No Control,Clear,Daylight,Dry,Non-Fatal Injury,Pedestrian Collisions,Vehicle Owner,unknown, ,0, ,Other, , , , , , , , , ,1,0,0,0,1,0,0,0,0,0,0,0,0,0
1109447,2009,5,11,7,22,0,43.64224538,-79.39569029,Trinity-Spadina (20),20,Waterfront Communities-The Island (77),77,D14,Toronto East York,FRONT ST W,SPADINA AVE, ,Minor Arterial,Mid-Block, ,No Control,Clear,Daylight,Dry,Non-Fatal Injury,Pedestrian Collisions,Truck Driver,50 to 54,,0,West,Truck - Open,Going Ahead,Driving Properly,Normal, , , , , , ,1,0,0,0,1,0,0,0,0,0,0,0,0,0
1109447,2009,5,11,7,22,0,43.64224538,-79.39569029,Trinity-Spadina (20),20,Waterfront Communities-The Island (77),77,D14,Toronto East York,FRONT ST W,SPADINA AVE, ,Minor Arterial,Mid-Block, ,No Control,Clear,Daylight,Dry,Non-Fatal Injury,Pedestrian Collisions,Pedestrian,30 to 34,Major,0, ,Other, , , ,Pedestrian hit at mid-block,Running onto Roadway,Other, , , ,1,0,0,0,1,0,0,0,0,0,0,0,0,0
1386526,2013,9,13,7,22,4,43.70518454,-79.42635737,Eglinton-Lawrence (16),16,Forest Hill North (102),102,D53,Toronto East York,ROSELAWN AVE,BATHURST ST, ,Major Arterial,Intersection, ,Traffic Signal,Clear,Daylight,Dry,Non-Fatal Injury,Angle,Driver,55 to 59,Major,0,East,"Automobile, Station Wagon",Going Ahead,Driving Properly,Normal, , , , , , ,0,0,1,0,0,0,0,0,1,1,1,0,0,0
1386526,2013,9,13,7,22,4,43.70518454,-79.42635737,Eglinton-Lawrence (16),16,Forest Hill North (102),102,D53,Toronto East York,ROSELAWN AVE,BATHURST ST, ,Major Arterial,Intersection, ,Traffic Signal,Clear,Daylight,Dry,Non-Fatal Injury,Angle,Driver,50 to 54,,0,West,"Automobile, Station Wagon",Stopped,Driving Properly,Normal, , , , , , ,0,0,1,0,0,0,0,0,1,1,1,0,0,0
1386526,2013,9,13,7,22,4,43.70518454,-79.42635737,Eglinton-Lawrence (16),16,Forest Hill North (102),102,D53,Toronto East York,ROSELAWN AVE,BATHURST ST, ,Major Arterial,Intersection, ,Traffic Signal,Clear,Daylight,Dry,Non-Fatal Injury,Angle,Driver,75 to 79,Minor,0,North,"Automobile, Station Wagon",Going Ahead,Disobeyed Traffic Control,Normal, , , , , , ,0,0,1,0,0,0,0,0,1,1,1,0,0,0
1058686,2008,8,27,7,23,2,43.69784538,-79.44029029,Eglinton-Lawrence (15),15,Briar Hill-Belgravia (108),108,D13,North York,EGLINTON Aven W,ALAMEDA Aven, ,Major Arterial,Intersection,At Intersection,Stop Sign,Clear,Daylight,Dry,Non-Fatal Injury,Turning Movement,Motorcycle Driver,50 to 54,Major,0,East,Motorcycle,Going Ahead,Improper Passing,Normal, , , , , , ,0,0,1,1,0,0,0,0,0,1,0,0,0,0
1058686,2008,8,27,7,23,2,43.69784538,-79.44029029,Eglinton-Lawrence (15),15,Briar Hill-Belgravia (108),108,D13,North York,EGLINTON Aven W,ALAMEDA Aven, ,Major Arterial,Intersection,At Intersection,Stop Sign,Clear,Daylight,Dry,Non-Fatal Injury,Turning Movement,Driver,55 to 59,Minimal,0,North,"Automobile, Station Wagon",Turning Left,Improper Turn,Normal, , , , , , ,0,0,1,1,0,0,0,0,0,1,0,0,0,0
1338693,2012,12,10,7,23,0,43.81626089,-79.21113978,Scarborough-Rouge River (42),42,Malvern (132),132,D42,Scarborough,SEWELLS RD,MORNINGSIDE AVE, ,Minor Arterial,Intersection,At Intersection,Traffic Signal,Rain,"Dusk, artificial",Wet,Non-Fatal Injury,Pedestrian Collisions,Vehicle Owner,unknown, ,0, , , , , , , , , , , ,1,0,1,0,0,0,0,0,0,1,0,0,0,0
1338693,2012,12,10,7,23,0,43.81626089,-79.21113978,Scarborough-Rouge River (42),42,Malvern (132),132,D42,Scarborough,SEWELLS RD,MORNINGSIDE AVE, ,Minor Arterial,Intersection,At Intersection,Traffic Signal,Rain,"Dusk, artificial",Wet,Non-Fatal Injury,Pedestrian Collisions,Driver,55 to 59,,0,North,"Automobile, Station Wagon",Turning Right,Failed to Yield Right of Way,Unknown, , , , , , ,1,0,1,0,0,0,0,0,0,1,0,0,0,0
1338693,2012,12,10,7,23,0,43.81626089,-79.21113978,Scarborough-Rouge River (42),42,Malvern (132),132,D42,Scarborough,SEWELLS RD,MORNINGSIDE AVE, ,Minor Arterial,Intersection,At Intersection,Traffic Signal,Rain,"Dusk, artificial",Wet,Non-Fatal Injury,Pedestrian Collisions,Pedestrian,75 to 79,Major,0,North,Other, , , ,Vehicle turns right while ped crosses with ROW at inter.,Crossing with right of way,Normal, , , ,1,0,1,0,0,0,0,0,0,1,0,0,0,0
1008571,2007,11,15,7,24,3,43.59434538,-79.53399029,Etobicoke-Lakeshore (6),6,Long Branch (19),19,D22,Etobicoke York,LAKE SHORE BLVD W,LONG BRANCH AVE, ,Major Arterial,Intersection,At Intersection,Traffic Signal,Clear,Daylight,Dry,Non-Fatal Injury,Pedestrian Collisions,Vehicle Owner,unknown, ,0, ,Other, , , , , , , , , ,1,0,1,0,0,0,0,0,0,0,0,0,0,0
1008571,2007,11,15,7,24,3,43.59434538,-79.53399029,Etobicoke-Lakeshore (6),6,Long Branch (19),19,D22,Etobicoke York,LAKE SHORE BLVD W,LONG BRANCH AVE, ,Major Arterial,Intersection,At Intersection,Traffic Signal,Clear,Daylight,Dry,Non-Fatal Injury,Pedestrian Collisions,Driver,40 to 44,,0,East,"Automobile, Station Wagon",Going Ahead,Driving Properly,Normal, , , , , , ,1,0,1,0,0,0,0,0,0,0,0,0,0,0
1008571,2007,11,15,7,24,3,43.59434538,-79.53399029,Etobicoke-Lakeshore (6),6,Long Branch (19),19,D22,Etobicoke York,LAKE SHORE BLVD W,LONG BRANCH AVE, ,Major Arterial,Intersection,At Intersection,Traffic Signal,Clear,Daylight,Dry,Non-Fatal Injury,Pedestrian Collisions,Pedestrian,20 to 24,Major,0,North,Other, , , ,Vehicle is going straight thru inter.while ped cross without ROW,Crossing marked crosswalk without ROW,Inattentive, , , ,1,0,1,0,0,0,0,0,0,0,0,0,0,0
1122576,2009,7,30,7,25,3,43.64524538,-79.38919029,Trinity-Spadina (20),20,Waterfront Communities-The Island (77),77,D52,Toronto East York,JOHN ST,WELLINGTON ST W, ,Minor Arterial,Intersection,At Intersection,Traffic Signal,Clear,Daylight,Dry,Non-Fatal Injury,Angle,Vehicle Owner,unknown, ,0, ,Other, , , , , , , , , ,0,0,1,0,0,0,0,0,0,1,1,0,0,0
1122576,2009,7,30,7,25,3,43.64524538,-79.38919029,Trinity-Spadina (20),20,Waterfront Communities-The Island (77),77,D52,Toronto East York,JOHN ST,WELLINGTON ST W, ,Minor Arterial,Intersection,At Intersection,Traffic Signal,Clear,Daylight,Dry,Non-Fatal Injury,Angle,Driver,35 to 39,Minimal,0,North,"Automobile, Station Wagon",Going Ahead,Disobeyed Traffic Control,Inattentive, , , , , , ,0,0,1,0,0,0,0,0,0,1,1,0,0,0
1122576,2009,7,30,7,25,3,43.64524538,-79.38919029,Trinity-Spadina (20),20,Waterfront Communities-The Island (77),77,D52,Toronto East York,JOHN ST,WELLINGTON ST W, ,Minor Arterial,Intersection,At Intersection,Traffic Signal,Clear,Daylight,Dry,Non-Fatal Injury,Angle,Vehicle Owner,unknown, ,0, ,Other, , , , , , , , , ,0,0,1,0,0,0,0,0,0,1,1,0,0,0
1122576,2009,7,30,7,25,3,43.64524538,-79.38919029,Trinity-Spadina (20),20,Waterfront Communities-The Island (77),77,D52,Toronto East York,JOHN ST,WELLINGTON ST W, ,Minor Arterial,Intersection,At Intersection,Traffic Signal,Clear,Daylight,Dry,Non-Fatal Injury,Angle,Driver,30 to 34,Major,0,West,"Automobile, Station Wagon",Going Ahead,Driving Properly,Normal, , , , , , ,0,0,1,0,0,0,0,0,0,1,1,0,0,0
1382121,2013,8,8,7,25,3,43.67546042,-79.49538050000001,York South-Weston (11),11,Rockcliffe-Smythe (111),111,D12,Etobicoke York,JANE ST,ALLIANCE AVE, ,Major Arterial,Mid-Block, ,No Control,Clear,Daylight,Dry,Non-Fatal Injury,Approaching,Passenger,55 to 59,Minor,0, ,Other, , , , , , , , , ,0,0,1,0,0,0,0,1,0,0,0,0,0,0
1382121,2013,8,8,7,25,3,43.67546042,-79.49538050000001,York South-Weston (11),11,Rockcliffe-Smythe (111),111,D12,Etobicoke York,JANE ST,ALLIANCE AVE, ,Major Arterial,Mid-Block, ,No Control,Clear,Daylight,Dry,Non-Fatal Injury,Approaching,Driver,55 to 59,Minor,0,North,"Automobile, Station Wagon",Going Ahead,Driving Properly,Normal, , , , , , ,0,0,1,0,0,0,0,1,0,0,0,0,0,0
1382121,2013,8,8,7,25,3,43.67546042,-79.49538050000001,York South-Weston (11),11,Rockcliffe-Smythe (111),111,D12,Etobicoke York,JANE ST,ALLIANCE AVE, ,Major Arterial,Mid-Block, ,No Control,Clear,Daylight,Dry,Non-Fatal Injury,Approaching,Driver,40 to 44,Major,0,South,"Automobile, Station Wagon",Going Ahead,Other,Normal, , , , , , ,0,0,1,0,0,0,0,1,0,0,0,0,0,0
3013932599,2013,11,8,7,25,4,43.77286871,-79.16633234,Scarborough East (44),44,West Hill (136),136,D43,Scarborough,LAWRENCE AVE E,BENNETT RD, ,Minor Arterial,Intersection,Intersection Related,Traffic Signal,Clear,Daylight,Dry,Fatal,Pedestrian Collisions,Driver,35 to 39,,0,North,"Automobile, Station Wagon",Turning Left,Failed to Yield Right of Way,Inattentive, , , , , , ,1,0,1,0,0,0,0,0,0,1,0,0,0,1
3013932599,2013,11,8,7,25,4,43.77286871,-79.16633234,Scarborough East (44),44,West Hill (136),136,D43,Scarborough,LAWRENCE AVE E,BENNETT RD, ,Minor Arterial,Intersection,Intersection Related,Traffic Signal,Clear,Daylight,Dry,Fatal,Pedestrian Collisions,Pedestrian,25 to 29,Fatal,52,South, , , , ,Vehicle turns left while ped crosses with ROW at inter.,Crossing with right of way,Normal, , , ,1,0,1,0,0,0,0,0,0,1,0,0,0,1
4002453551,2014,7,8,7,25,1,43.74536093,-79.29472742,Scarborough Centre (37),37,Wexford/Maryvale (119),119,D41,Scarborough,WARDEN AVE N,LAWRENCE AVE E, ,Major Arterial,Intersection,Intersection Related,Traffic Signal,Clear,Daylight,Dry,Non-Fatal Injury,Pedestrian Collisions,Driver,70 to 74,,0,North,"Automobile, Station Wagon",Going Ahead,Driving Properly,Normal, , , , , , ,1,0,1,0,0,0,0,0,0,0,0,0,0,0
4002453551,2014,7,8,7,25,1,43.74536093,-79.29472742,Scarborough Centre (37),37,Wexford/Maryvale (119),119,D41,Scarborough,WARDEN AVE N,LAWRENCE AVE E, ,Major Arterial,Intersection,Intersection Related,Traffic Signal,Clear,Daylight,Dry,Non-Fatal Injury,Pedestrian Collisions,Pedestrian,60 to 64,Major,0,East, , , , ,Vehicle is going straight thru inter.while ped cross without ROW,Crossing without right of way,Inattentive, , , ,1,0,1,0,0,0,0,0,0,0,0,0,0,0
4003487975,2014,12,15,7,25,0,43.63761481,-79.53702174,Etobicoke-Lakeshore (5),5,Islington-City Centre West (14),14,D22,Etobicoke York,SUBWAY CRES,AUKLAND RD,4 m West of,Collector,Intersection,At Intersection,Stop Sign,Clear,"Dark, artificial",Wet,Non-Fatal Injury,Pedestrian Collisions,Driver,65 to 69,,0,East,"Automobile, Station Wagon",Going Ahead,Failed to Yield Right of Way,Normal, , , , , , ,1,0,1,0,0,0,0,0,0,1,0,0,0,0
4003487975,2014,12,15,7,25,0,43.63761481,-79.53702174,Etobicoke-Lakeshore (5),5,Islington-City Centre West (14),14,D22,Etobicoke York,SUBWAY CRES,AUKLAND RD,4 m West of,Collector,Intersection,At Intersection,Stop Sign,Clear,"Dark, artificial",Wet,Non-Fatal Injury,Pedestrian Collisions,Pedestrian,80 to 84,Major,0,Unknown, , , , ,Vehicle is going straight thru inter.while ped cross with ROW,Crossing with right of way,Normal, , , ,1,0,1,0,0,0,0,0,0,1,0,0,0,0
1000446,2007,9,22,7,26,5,43.66724538,-79.31259029,Beaches-East York (32),32,The Beaches (63),63,D55,Toronto East York,QUEEN ST E,EASTERN AVE, ,Minor Arterial,Intersection, ,Stop Sign,Clear,Dark,Dry,Non-Fatal Injury,Cyclist Collisions,Driver,75 to 79,,0,North,"Automobile, Station Wagon",Turning Left,Improper Turn,Normal, , , , , , ,0,1,1,0,0,0,0,0,0,0,0,0,0,0
1000446,2007,9,22,7,26,5,43.66724538,-79.31259029,Beaches-East York (32),32,The Beaches (63),63,D55,Toronto East York,QUEEN ST E,EASTERN AVE, ,Minor Arterial,Intersection, ,Stop Sign,Clear,Dark,Dry,Non-Fatal Injury,Cyclist Collisions,Cyclist,25 to 29,Major,0,East,Bicycle,Going Ahead, , , , , ,Motorist turned left across cyclists path.,Driving Properly,Normal,0,1,1,0,0,0,0,0,0,0,0,0,0,0
1202672,2010,10,27,7,26,2,43.81114538,-79.36079029,Willowdale (24),24,Hillcrest Village (48),48,D33,North York,DON MILLS RD,STEELES AVE E, ,Major Arterial,Intersection,At Intersection,Traffic Signal,Clear,Daylight,Wet,Non-Fatal Injury,Turning Movement,Motorcycle Driver,35 to 39,Major,0,North,Motorcycle,Going Ahead,Disobeyed Traffic Control,Normal, , , , , , ,0,0,1,1,0,0,0,0,0,1,1,0,0,0
1202672,2010,10,27,7,26,2,43.81114538,-79.36079029,Willowdale (24),24,Hillcrest Village (48),48,D33,North York,DON MILLS RD,STEELES AVE E, ,Major Arterial,Intersection,At Intersection,Traffic Signal,Clear,Daylight,Wet,Non-Fatal Injury,Turning Movement,Driver,30 to 34,,0,South,"Automobile, Station Wagon",Turning Left,Driving Properly,Normal, , , , , , ,0,0,1,1,0,0,0,0,0,1,1,0,0,0
1237939,2011,3,9,7,26,2,43.65644538,-79.40769029,Trinity-Spadina (20),20,Kensington-Chinatown (78),78,D14,Toronto East York,COLLEGE Stre,BATHURST Stre, ,Major Arterial,Intersection,At Intersection,No Control,Rain,Daylight,Wet,Non-Fatal Injury,Pedestrian Collisions,Vehicle Owner,unknown, ,0, ,Other, , , , , , , , , ,1,0,0,0,1,0,0,0,0,0,0,0,0,0
1237939,2011,3,9,7,26,2,43.65644538,-79.40769029,Trinity-Spadina (20),20,Kensington-Chinatown (78),78,D14,Toronto East York,COLLEGE Stre,BATHURST Stre, ,Major Arterial,Intersection,At Intersection,No Control,Rain,Daylight,Wet,Non-Fatal Injury,Pedestrian Collisions,Truck Driver,25 to 29,,0,West,Truck - Open,Slowing or Stopping,Driving Properly,Inattentive, , , , , , ,1,0,0,0,1,0,0,0,0,0,0,0,0,0
1237939,2011,3,9,7,26,2,43.65644538,-79.40769029,Trinity-Spadina (20),20,Kensington-Chinatown (78),78,D14,Toronto East York,COLLEGE Stre,BATHURST Stre, ,Major Arterial,Intersection,At Intersection,No Control,Rain,Daylight,Wet,Non-Fatal Injury,Pedestrian Collisions,Pedestrian,30 to 34,Major,0, ,Other, , , ,Pedestrian hit at mid-block,Other,Normal, , , ,1,0,0,0,1,0,0,0,0,0,0,0,0,0
1385120,2013,10,15,7,26,1,43.73430594,-79.29021082,Scarborough Centre (37),37,Wexford/Maryvale (119),119,D41,Scarborough,947 WARDEN Ave, , ,Major Arterial,Mid-Block, ,No Control,Clear,Daylight,Dry,Non-Fatal Injury,Approaching,Driver,50 to 54,Minor,0,South,"Automobile, Station Wagon",Going Ahead,Failed to Yield Right of Way,Inattentive, , , , , , ,0,0,1,0,0,0,0,0,0,1,0,0,0,0