ACCNUM,YEAR,MONTH,DAY,HOUR,MINUTES,WEEKDAY,LATITUDE,LONGITUDE,Ward_Name,Ward_ID,Hood_Name,Hood_ID,Division,District,STREET1,STREET2,OFFSET,ROAD_CLASS,LOCCOORD,ACCLOC,TRAFFCTL,VISIBILITY,LIGHT,RDSFCOND,ACCLASS,IMPACTYPE,INVTYPE,INVAGE,INJURY,FATAL_NO,INITDIR,VEHTYPE,MANOEUVER,DRIVACT,DRIVCOND,PEDTYPE,PEDACT,PEDCOND,CYCLISTYPE,CYCACT,CYCCOND,PEDESTRIAN,CYCLIST,AUTOMOBILE,MOTORCYCLE,TRUCK,TRSN_CITY_VEH,EMERG_VEH,PASSENGER,SPEEDING,AG_DRIV,REDLIGHT,ALCOHOL,DISABILITY,label
1385120,2013,10,15,7,26,1,43.73430594,-79.29021082,Scarborough Centre (37),37,Wexford/Maryvale (119),119,D41,Scarborough,947 WARDEN Ave, , ,Major Arterial,Mid-Block, ,No Control,Clear,Daylight,Dry,Non-Fatal Injury,Approaching,Driver,35 to 39,,0,North,"Automobile, Station Wagon",Changing Lanes,Driving Properly,Normal, , , , , , ,0,0,1,0,0,0,0,0,0,1,0,0,0,0
1385120,2013,10,15,7,26,1,43.73430594,-79.29021082,Scarborough Centre (37),37,Wexford/Maryvale (119),119,D41,Scarborough,947 WARDEN Ave, , ,Major Arterial,Mid-Block, ,No Control,Clear,Daylight,Dry,Non-Fatal Injury,Approaching,Driver,45 to 49,Major,0,North,"Automobile, Station Wagon",Going Ahead,Driving Properly,Normal, , , , , , ,0,0,1,0,0,0,0,0,0,1,0,0,0,0
988595,2007,8,11,7,28,5,43.76844538,-79.18619029,Scarborough East (44),44,West Hill (136),136,D43,Scarborough,MORNINGSIDE AVE,LAWRENCE AVE E, ,Major Arterial,Intersection,At Intersection,Traffic Signal,Clear,Daylight,Dry,Non-Fatal Injury,Turning Movement,Passenger,65 to 69,Major,0, ,Other, , , , , , , , , ,0,0,1,0,0,0,0,1,0,0,0,0,0,0
988595,2007,8,11,7,28,5,43.76844538,-79.18619029,Scarborough East (44),44,West Hill (136),136,D43,Scarborough,MORNINGSIDE AVE,LAWRENCE AVE E, ,Major Arterial,Intersection,At Intersection,Traffic Signal,Clear,Daylight,Dry,Non-Fatal Injury,Turning Movement,Driver,30 to 34,Minor,0,South,"Automobile, Station Wagon",Going Ahead,Driving Properly,Normal, , , , , , ,0,0,1,0,0,0,0,1,0,0,0,0,0,0
988595,2007,8,11,7,28,5,43.76844538,-79.18619029,Scarborough East (44),44,West Hill (136),136,D43,Scarborough,MORNINGSIDE AVE,LAWRENCE AVE E, ,Major Arterial,Intersection,At Intersection,Traffic Signal,Clear,Daylight,Dry,Non-Fatal Injury,Turning Movement,Driver,30 to 34,Minimal,0,North,"Automobile, Station Wagon",Turning Left,Improper Turn,Normal, , , , , , ,0,0,1,0,0,0,0,1,0,0,0,0,0,0
1006590,2007,12,4,7,30,1,43.62464538,-79.51519029,Etobicoke-Lakeshore (5),5,Stonegate-Queensway (16),16,D22,Etobicoke York,ISLINGTON Ave,STANMILLS Rd, ,Major Arterial,Intersection,At Intersection,Stop Sign,Strong wind,Daylight,Wet,Non-Fatal Injury,Pedestrian Collisions,Vehicle Owner,unknown, ,0, ,Other, , , , , , , , , ,1,0,1,0,0,0,0,0,0,0,0,0,0,0
1006590,2007,12,4,7,30,1,43.62464538,-79.51519029,Etobicoke-Lakeshore (5),5,Stonegate-Queensway (16),16,D22,Etobicoke York,ISLINGTON Ave,STANMILLS Rd, ,Major Arterial,Intersection,At Intersection,Stop Sign,Strong wind,Daylight,Wet,Non-Fatal Injury,Pedestrian Collisions,Driver,50 to 54,,0,North,"Automobile, Station Wagon",Going Ahead,Driving Properly,Normal, , , , , , ,1,0,1,0,0,0,0,0,0,0,0,0,0,0
1038269,2008,5,14,8,0,2,43.79274538,-79.43679029,Willowdale (23),23,Newtonbrook West (36),36,D32,North York,PECKHAM AVE,GREENWIN VILLAGE RD, ,Collector,Intersection, ,Stop Sign,Clear,Daylight,Dry,Non-Fatal Injury,Pedestrian Collisions,Driver,65 to 69,,0,South,"Automobile, Station Wagon",Turning Left,Failed to Yield Right of Way,Inattentive, , , , , , ,1,0,1,0,0,0,0,0,0,1,0,0,0,0
1006590,2007,12,4,7,30,1,43.62464538,-79.51519029,Etobicoke-Lakeshore (5),5,Stonegate-Queensway (16),16,D22,Etobicoke York,ISLINGTON Ave,STANMILLS Rd, ,Major Arterial,Intersection,At Intersection,Stop Sign,Strong wind,Daylight,Wet,Non-Fatal Injury,Pedestrian Collisions,Pedestrian,45 to 49,Major,0,East,Other, , , ,Vehicle is going straight thru inter.while ped cross without ROW,Crossing without right of way,Inattentive, , , ,1,0,1,0,0,0,0,0,0,0,0,0,0,0
4001715026,2014,3,17,7,0,0,43.72859152,-79.26642237,Scarborough Southwest (35),35,Kennedy Park (124),124,D41,Scarborough,711 KENNEDY RD, , ,Major Arterial,Mid-Block,Non Intersection,No Control,Clear,Dark,Dry,Non-Fatal Injury,Pedestrian Collisions,Driver,15 to 19,,0,North,"Automobile, Station Wagon",Going Ahead,Driving Properly,Normal, , , , , , ,1,0,1,0,0,0,0,0,0,0,0,0,0,0
1038269,2008,5,14,8,0,2,43.79274538,-79.43679029,Willowdale (23),23,Newtonbrook West (36),36,D32,North York,PECKHAM AVE,GREENWIN VILLAGE RD, ,Collector,Intersection, ,Stop Sign,Clear,Daylight,Dry,Non-Fatal Injury,Pedestrian Collisions,Pedestrian,45 to 49,Major,0,North,Other, , , ,Vehicle turns left while ped crosses with ROW at inter.,Crossing with right of way,Normal, , , ,1,0,1,0,0,0,0,0,0,1,0,0,0,0
1042071,2008,6,8,8,0,6,43.80894538,-79.20269029,Scarborough-Rouge River (42),42,Rouge (131),131,D42,Scarborough,MORNINGSIDE AVE,MCLEVIN AVE, ,Major Arterial,Intersection,At Intersection,Traffic Signal,Clear,Daylight,Dry,Non-Fatal Injury,Rear End,Vehicle Owner,unknown, ,0, ,Other, , , , , , , , , ,0,0,1,0,0,0,0,1,1,1,1,0,0,0
1042071,2008,6,8,8,0,6,43.80894538,-79.20269029,Scarborough-Rouge River (42),42,Rouge (131),131,D42,Scarborough,MORNINGSIDE AVE,MCLEVIN AVE, ,Major Arterial,Intersection,At Intersection,Traffic Signal,Clear,Daylight,Dry,Non-Fatal Injury,Rear End,Driver,40 to 44,Minor,0,North,"Automobile, Station Wagon",Going Ahead,Disobeyed Traffic Control,Inattentive, , , , , , ,0,0,1,0,0,0,0,1,1,1,1,0,0,0
1042071,2008,6,8,8,0,6,43.80894538,-79.20269029,Scarborough-Rouge River (42),42,Rouge (131),131,D42,Scarborough,MORNINGSIDE AVE,MCLEVIN AVE, ,Major Arterial,Intersection,At Intersection,Traffic Signal,Clear,Daylight,Dry,Non-Fatal Injury,Rear End,Driver,45 to 49,Minor,0,West,"Automobile, Station Wagon",Stopped,Driving Properly,Normal, , , , , , ,0,0,1,0,0,0,0,1,1,1,1,0,0,0
1042071,2008,6,8,8,0,6,43.80894538,-79.20269029,Scarborough-Rouge River (42),42,Rouge (131),131,D42,Scarborough,MORNINGSIDE AVE,MCLEVIN AVE, ,Major Arterial,Intersection,At Intersection,Traffic Signal,Clear,Daylight,Dry,Non-Fatal Injury,Rear End,Passenger,10 to 14,Minimal,0, ,Other, , , , , , , , , ,0,0,1,0,0,0,0,1,1,1,1,0,0,0
1042071,2008,6,8,8,0,6,43.80894538,-79.20269029,Scarborough-Rouge River (42),42,Rouge (131),131,D42,Scarborough,MORNINGSIDE AVE,MCLEVIN AVE, ,Major Arterial,Intersection,At Intersection,Traffic Signal,Clear,Daylight,Dry,Non-Fatal Injury,Rear End,Passenger,45 to 49,Minor,0, ,Other, , , , , , , , , ,0,0,1,0,0,0,0,1,1,1,1,0,0,0
1042071,2008,6,8,8,0,6,43.80894538,-79.20269029,Scarborough-Rouge River (42),42,Rouge (131),131,D42,Scarborough,MORNINGSIDE AVE,MCLEVIN AVE, ,Major Arterial,Intersection,At Intersection,Traffic Signal,Clear,Daylight,Dry,Non-Fatal Injury,Rear End,Vehicle Owner,unknown, ,0, ,Other, , , , , , , , , ,0,0,1,0,0,0,0,1,1,1,1,0,0,0
1042071,2008,6,8,8,0,6,43.80894538,-79.20269029,Scarborough-Rouge River (42),42,Rouge (131),131,D42,Scarborough,MORNINGSIDE AVE,MCLEVIN AVE, ,Major Arterial,Intersection,At Intersection,Traffic Signal,Clear,Daylight,Dry,Non-Fatal Injury,Rear End,Driver,20 to 24,Major,0,West,"Automobile, Station Wagon",Going Ahead,Driving Properly,Normal, , , , , , ,0,0,1,0,0,0,0,1,1,1,1,0,0,0
1052983,2008,7,18,8,0,4,43.67134538,-79.34119029,Toronto-Danforth (30),30,Blake-Jones (69),69,D55,Toronto East York,RIVERDALE Ave,PAPE Ave, ,Local,Mid-Block, ,No Control,Clear,Daylight,Dry,Non-Fatal Injury,Cyclist Collisions,Driver,30 to 34,,0,North,"Automobile, Station Wagon",Turning Left,Failed to Yield Right of Way,Normal, , , , , , ,0,1,1,0,0,0,0,0,0,1,0,0,0,0
1052983,2008,7,18,8,0,4,43.67134538,-79.34119029,Toronto-Danforth (30),30,Blake-Jones (69),69,D55,Toronto East York,RIVERDALE Ave,PAPE Ave, ,Local,Mid-Block, ,No Control,Clear,Daylight,Dry,Non-Fatal Injury,Cyclist Collisions,Cyclist,55 to 59,Major,0,East,Bicycle,Going Ahead, , , , , ,Motorist turned left across cyclists path.,Driving Properly,Normal,0,1,1,0,0,0,0,0,0,1,0,0,0,0
1193861,2010,10,8,8,15,4,43.73894538,-79.57619029,Etobicoke North (1),1,Thistletown-Beaumond Heights (3),3,D23,Etobicoke York,ALBION RD,SANAGAN RD, ,Major Arterial,Intersection,At Intersection,Traffic Signal,Clear,Daylight,Dry,Non-Fatal Injury,Pedestrian Collisions,Driver,45 to 49,,0,East,"Automobile, Station Wagon",Going Ahead,Disobeyed Traffic Control,Inattentive, , , , , , ,1,0,1,0,0,0,0,0,0,1,1,0,0,0
1184757,2010,2,3,8,0,2,43.61894538,-79.48649029,Etobicoke-Lakeshore (6),6,Mimico (includes Humber Bay Shores) (17),17,D22,Etobicoke York,LAKE SHORE BLVD W,LOUISA ST, ,Major Arterial,Intersection,At Intersection,Stop Sign,Clear,Daylight,Dry,Non-Fatal Injury,Pedestrian Collisions,Driver,unknown,,0,West,"Automobile, Station Wagon",Going Ahead,Failed to Yield Right of Way,Unknown, , , , , , ,1,0,1,0,0,0,0,0,0,1,0,0,0,0
1184757,2010,2,3,8,0,2,43.61894538,-79.48649029,Etobicoke-Lakeshore (6),6,Mimico (includes Humber Bay Shores) (17),17,D22,Etobicoke York,LAKE SHORE BLVD W,LOUISA ST, ,Major Arterial,Intersection,At Intersection,Stop Sign,Clear,Daylight,Dry,Non-Fatal Injury,Pedestrian Collisions,Pedestrian,50 to 54,Major,0,Unknown,Other, , , ,Vehicle is going straight thru inter.while ped cross without ROW,"Crossing, no Traffic Control",Medical or Physical Disability, , , ,1,0,1,0,0,0,0,0,0,1,0,0,0,0
1349207,2013,3,4,8,0,0,43.63554538,-79.52659029,Etobicoke-Lakeshore (5),5,Islington-City Centre West (14),14,D22,Etobicoke York,37 SIX POINT Rd, , ,Local,Mid-Block, ,No Control,Clear,Daylight,Dry,Non-Fatal Injury,Angle,Vehicle Owner,unknown, ,0, ,Other, , , , , , , , , ,0,0,1,0,1,0,0,0,0,0,0,0,0,0
1349207,2013,3,4,8,0,0,43.63554538,-79.52659029,Etobicoke-Lakeshore (5),5,Islington-City Centre West (14),14,D22,Etobicoke York,37 SIX POINT Rd, , ,Local,Mid-Block, ,No Control,Clear,Daylight,Dry,Non-Fatal Injury,Angle,Truck Driver,25 to 29,,0,South,Truck - Open,Reversing,Other,Unknown, , , , , , ,0,0,1,0,1,0,0,0,0,0,0,0,0,0
1349207,2013,3,4,8,0,0,43.63554538,-79.52659029,Etobicoke-Lakeshore (5),5,Islington-City Centre West (14),14,D22,Etobicoke York,37 SIX POINT Rd, , ,Local,Mid-Block, ,No Control,Clear,Daylight,Dry,Non-Fatal Injury,Angle,Driver,55 to 59,Major,0,East,"Automobile, Station Wagon",Going Ahead,Other,Normal, , , , , , ,0,0,1,0,1,0,0,0,0,0,0,0,0,0
1362428,2013,5,9,8,0,3,43.68794538,-79.28699029,Scarborough Southwest (36),36,Birchcliffe-Cliffside (122),122,D41,Scarborough,VICTORIA PARK AVE,MUSGRAVE ST, ,Major Arterial,Intersection,At Intersection,Traffic Signal,Clear,Daylight,Dry,Non-Fatal Injury,Pedestrian Collisions,Driver,60 to 64,,0,West,"Automobile, Station Wagon",Going Ahead,Driving Properly,Normal, , , , , , ,1,0,1,0,0,0,0,0,0,0,0,0,0,0
1362428,2013,5,9,8,0,3,43.68794538,-79.28699029,Scarborough Southwest (36),36,Birchcliffe-Cliffside (122),122,D41,Scarborough,VICTORIA PARK AVE,MUSGRAVE ST, ,Major Arterial,Intersection,At Intersection,Traffic Signal,Clear,Daylight,Dry,Non-Fatal Injury,Pedestrian Collisions,Pedestrian,15 to 19,Major,0,South,Other, , , ,Vehicle is going straight thru inter.while ped cross without ROW,Crossing without right of way,Normal, , , ,1,0,1,0,0,0,0,0,0,0,0,0,0,0
1373498,2013,9,3,8,0,1,43.75384482,-79.49959193,York West (8),8,York University Heights (27),27,D31,North York,SENTINEL RD,LAMBERTON BLVD, ,Collector,Intersection,At Intersection,Stop Sign,Clear,Daylight,Dry,Fatal,Pedestrian Collisions,Vehicle Owner,unknown, ,0, , , , , , , , , , , ,1,0,0,0,1,0,0,0,0,1,0,0,0,1
1373498,2013,9,3,8,0,1,43.75384482,-79.49959193,York West (8),8,York University Heights (27),27,D31,North York,SENTINEL RD,LAMBERTON BLVD, ,Collector,Intersection,At Intersection,Stop Sign,Clear,Daylight,Dry,Fatal,Pedestrian Collisions,Truck Driver,40 to 44,,0,North,Truck - Dump,Turning Left,Failed to Yield Right of Way,Normal, , , , , , ,1,0,0,0,1,0,0,0,0,1,0,0,0,1
1373498,2013,9,3,8,0,1,43.75384482,-79.49959193,York West (8),8,York University Heights (27),27,D31,North York,SENTINEL RD,LAMBERTON BLVD, ,Collector,Intersection,At Intersection,Stop Sign,Clear,Daylight,Dry,Fatal,Pedestrian Collisions,Pedestrian,10 to 14,Fatal,37,West, , , , ,Vehicle turns left while ped crosses with ROW at inter.,Crossing with right of way,Normal, , , ,1,0,0,0,1,0,0,0,0,1,0,0,0,1
1292918,2012,5,7,8,1,0,43.82134538,-79.31689029,Scarborough-Agincourt (39),39,Steeles (116),116,D42,Scarborough,STEELES AVE E,BIRCHMOUNT RD, ,Major Arterial,Intersection,At Intersection,Traffic Signal,Clear,Daylight,Dry,Fatal,Pedestrian Collisions,Driver,50 to 54,,0,East,"Automobile, Station Wagon",Going Ahead,Lost control,Inattentive, , , , , , ,1,0,1,0,0,0,0,1,0,0,0,0,0,1
1292918,2012,5,7,8,1,0,43.82134538,-79.31689029,Scarborough-Agincourt (39),39,Steeles (116),116,D42,Scarborough,STEELES AVE E,BIRCHMOUNT RD, ,Major Arterial,Intersection,At Intersection,Traffic Signal,Clear,Daylight,Dry,Fatal,Pedestrian Collisions,Passenger,15 to 19,,0, ,Other, , , , , , , , , ,1,0,1,0,0,0,0,1,0,0,0,0,0,1
1292918,2012,5,7,8,1,0,43.82134538,-79.31689029,Scarborough-Agincourt (39),39,Steeles (116),116,D42,Scarborough,STEELES AVE E,BIRCHMOUNT RD, ,Major Arterial,Intersection,At Intersection,Traffic Signal,Clear,Daylight,Dry,Fatal,Pedestrian Collisions,Driver,80 to 84,,0,North,"Automobile, Station Wagon",Turning Left,Driving Properly,Normal, , , , , , ,1,0,1,0,0,0,0,1,0,0,0,0,0,1
1292918,2012,5,7,8,1,0,43.82134538,-79.31689029,Scarborough-Agincourt (39),39,Steeles (116),116,D42,Scarborough,STEELES AVE E,BIRCHMOUNT RD, ,Major Arterial,Intersection,At Intersection,Traffic Signal,Clear,Daylight,Dry,Fatal,Pedestrian Collisions,Pedestrian,30 to 34,Fatal,13,South,Other, , , ,Vehicle is going straight thru inter.while ped cross with ROW,Crossing with right of way,Normal, , , ,1,0,1,0,0,0,0,1,0,0,0,0,0,1
7001424903,2017,8,8,8,1,1,43.80174216,-79.29425440000001,Scarborough-Agincourt (39),39,L'Amoreaux (117),117,D42,Scarborough,MILLIKEN BLVD,FINCH  AVE E, ,Major Arterial,Intersection,At Intersection,Traffic Signal,Clear,Daylight,Dry,Non-Fatal Injury,Pedestrian Collisions,Driver,50 to 54,,0,South,Pick Up Truck,Turning Left,Failed to Yield Right of Way,Normal, , , , , , ,1,0,1,0,0,0,0,0,0,1,0,0,0,0
7001424903,2017,8,8,8,1,1,43.80174216,-79.29425440000001,Scarborough-Agincourt (39),39,L'Amoreaux (117),117,D42,Scarborough,MILLIKEN BLVD,FINCH  AVE E, ,Major Arterial,Intersection,At Intersection,Traffic Signal,Clear,Daylight,Dry,Non-Fatal Injury,Pedestrian Collisions,Pedestrian,75 to 79,Major,0,North, , , , ,Vehicle turns left while ped crosses with ROW at inter.,Crossing with right of way,Normal, , , ,1,0,1,0,0,0,0,0,0,1,0,0,0,0
1110532,2009,6,22,8,2,0,43.74604538,-79.30139029,Scarborough Centre (37),37,Wexford/Maryvale (119),119,D41,Scarborough,22 ELINOR AVE, , ,Local,Mid-Block, ,No Control,Clear,Daylight,Dry,Non-Fatal Injury,Rear End,Passenger,0 to 4,Major,0, ,Other, , , , , , , , , ,0,0,1,0,0,0,0,1,0,1,0,0,0,0
1110532,2009,6,22,8,2,0,43.74604538,-79.30139029,Scarborough Centre (37),37,Wexford/Maryvale (119),119,D41,Scarborough,22 ELINOR AVE, , ,Local,Mid-Block, ,No Control,Clear,Daylight,Dry,Non-Fatal Injury,Rear End,Driver,25 to 29,Minor,0,South,"Automobile, Station Wagon",Going Ahead,Following too Close,Normal, , , , , , ,0,0,1,0,0,0,0,1,0,1,0,0,0,0
1110532,2009,6,22,8,2,0,43.74604538,-79.30139029,Scarborough Centre (37),37,Wexford/Maryvale (119),119,D41,Scarborough,22 ELINOR AVE, , ,Local,Mid-Block, ,No Control,Clear,Daylight,Dry,Non-Fatal Injury,Rear End,Vehicle Owner,unknown, ,0, ,Other, , , , , , , , , ,0,0,1,0,0,0,0,1,0,1,0,0,0,0
1263204,2011,8,25,8,3,3,43.82594538,-79.29729029,Scarborough-Rouge River (41),41,Milliken (130),130,D42,Scarborough,MIDLAND AVE,STEELES AVE E, ,Major Arterial,Intersection,At Intersection,Traffic Signal,Clear,Daylight,Dry,Non-Fatal Injury,Pedestrian Collisions,Vehicle Owner,unknown, ,0, ,Other, , , , , , , , , ,1,0,1,0,0,0,0,0,0,1,0,0,0,0
1263204,2011,8,25,8,3,3,43.82594538,-79.29729029,Scarborough-Rouge River (41),41,Milliken (130),130,D42,Scarborough,MIDLAND AVE,STEELES AVE E, ,Major Arterial,Intersection,At Intersection,Traffic Signal,Clear,Daylight,Dry,Non-Fatal Injury,Pedestrian Collisions,Driver,45 to 49,,0,East,"Automobile, Station Wagon",Turning Right,Failed to Yield Right of Way,Normal, , , , , , ,1,0,1,0,0,0,0,0,0,1,0,0,0,0
1263204,2011,8,25,8,3,3,43.82594538,-79.29729029,Scarborough-Rouge River (41),41,Milliken (130),130,D42,Scarborough,MIDLAND AVE,STEELES AVE E, ,Major Arterial,Intersection,At Intersection,Traffic Signal,Clear,Daylight,Dry,Non-Fatal Injury,Pedestrian Collisions,Vehicle Owner,unknown, ,0, ,Other, , , , , , , , , ,1,0,1,0,0,0,0,0,0,1,0,0,0,0
1263204,2011,8,25,8,3,3,43.82594538,-79.29729029,Scarborough-Rouge River (41),41,Milliken (130),130,D42,Scarborough,MIDLAND AVE,STEELES AVE E, ,Major Arterial,Intersection,At Intersection,Traffic Signal,Clear,Daylight,Dry,Non-Fatal Injury,Pedestrian Collisions,Pedestrian,45 to 49,Major,0,East,Other, , , ,Vehicle turns right while ped crosses with ROW at inter.,Crossing with right of way,Normal, , , ,1,0,1,0,0,0,0,0,0,1,0,0,0,0
1092623,2009,3,4,8,4,2,43.80864538,-79.22069029,Scarborough-Rouge River (42),42,Malvern (132),132,D42,Scarborough,NEILSON Rd,MCLEVIN Ave, ,Minor Arterial,Mid-Block,At Intersection,No Control,Clear,Daylight,Dry,Non-Fatal Injury,Pedestrian Collisions,Driver,35 to 39,,0,South,"Automobile, Station Wagon",Slowing or Stopping,Driving Properly,Normal, , , , , , ,1,0,1,0,0,0,0,0,0,0,0,0,0,0
1092623,2009,3,4,8,4,2,43.80864538,-79.22069029,Scarborough-Rouge River (42),42,Malvern (132),132,D42,Scarborough,NEILSON Rd,MCLEVIN Ave, ,Minor Arterial,Mid-Block,At Intersection,No Control,Clear,Daylight,Dry,Non-Fatal Injury,Pedestrian Collisions,Pedestrian,75 to 79,Major,0,West,Other, , , ,Pedestrian hit at mid-block,"Crossing, no Traffic Control",Normal, , , ,1,0,1,0,0,0,0,0,0,0,0,0,0,0
978249,2007,7,1,8,5,6,43.76574538,-79.28109029,Scarborough Centre (37),37,Dorset Park (126),126,D41,Scarborough,ELLESMERE RD,KENNEDY RD, ,Major Arterial,Intersection,At Intersection,Traffic Signal,Clear,Daylight,Dry,Fatal,Angle,Driver,30 to 34,Minimal,0,North,"Automobile, Station Wagon",Going Ahead,Driving Properly,Normal, , , , , , ,0,0,1,0,0,0,0,0,0,1,1,0,0,1
978249,2007,7,1,8,5,6,43.76574538,-79.28109029,Scarborough Centre (37),37,Dorset Park (126),126,D41,Scarborough,ELLESMERE RD,KENNEDY RD, ,Major Arterial,Intersection,At Intersection,Traffic Signal,Clear,Daylight,Dry,Fatal,Angle,Vehicle Owner,unknown, ,0, ,Other, , , , , , , , , ,0,0,1,0,0,0,0,0,0,1,1,0,0,1
978249,2007,7,1,8,5,6,43.76574538,-79.28109029,Scarborough Centre (37),37,Dorset Park (126),126,D41,Scarborough,ELLESMERE RD,KENNEDY RD, ,Major Arterial,Intersection,At Intersection,Traffic Signal,Clear,Daylight,Dry,Fatal,Angle,Driver,60 to 64,Fatal,0,West,"Automobile, Station Wagon",Going Ahead,Disobeyed Traffic Control,Normal, , , , , , ,0,0,1,0,0,0,0,0,0,1,1,0,0,1
1008034,2007,11,28,8,5,2,43.68894538,-79.43939029,Eglinton-Lawrence (15),15,Oakwood Village (107),107,D13,North York,OAKWOOD AVE,HANSON RD, ,Minor Arterial,Intersection, ,No Control,Clear,Daylight,Ice,Non-Fatal Injury,Pedestrian Collisions,Driver,75 to 79,,0,South,"Automobile, Station Wagon",Going Ahead,Lost control,Normal, , , , , , ,1,0,1,0,0,0,0,0,0,0,0,0,0,0
1008034,2007,11,28,8,5,2,43.68894538,-79.43939029,Eglinton-Lawrence (15),15,Oakwood Village (107),107,D13,North York,OAKWOOD AVE,HANSON RD, ,Minor Arterial,Intersection, ,No Control,Clear,Daylight,Ice,Non-Fatal Injury,Pedestrian Collisions,Pedestrian,20 to 24,Major,0,South,Other, , , ,Vehicle is going straight thru inter.while ped cross with ROW,Crossing with right of way,Normal, , , ,1,0,1,0,0,0,0,0,0,0,0,0,0,0
1036978,2008,4,21,8,5,0,43.64964538,-79.49539029,Etobicoke-Lakeshore (5),5,Kingsway South (15),15,D22,Etobicoke York,BLOOR ST W,OLD MILL TER, ,Major Arterial,Intersection, ,Traffic Signal,Clear,Daylight,Dry,Non-Fatal Injury,Cyclist Collisions,Driver,35 to 39,,0,South,"Automobile, Station Wagon",Turning Right,Driving Properly,Normal, , , , , , ,0,1,1,0,0,0,0,0,0,0,0,0,0,0
1036978,2008,4,21,8,5,0,43.64964538,-79.49539029,Etobicoke-Lakeshore (5),5,Kingsway South (15),15,D22,Etobicoke York,BLOOR ST W,OLD MILL TER, ,Major Arterial,Intersection, ,Traffic Signal,Clear,Daylight,Dry,Non-Fatal Injury,Cyclist Collisions,Cyclist,20 to 24,Major,0,East,Bicycle,Going Ahead, , , , , ,Motorist turning right on green or amber at signalized intersection strikes cyclist.,Other,Normal,0,1,1,0,0,0,0,0,0,0,0,0,0,0
1163368,2010,4,15,8,5,3,43.67584538,-79.59059029,Etobicoke North (2),2,West Humber-Clairville (1),1,D23,Etobicoke York,CARLINGVIEW Driv,INTERNATIONAL Boul, ,Major Arterial,Mid-Block, ,No Control,Clear,Daylight,Dry,Non-Fatal Injury,Rear End,Driver,20 to 24,Major,0,South,"Automobile, Station Wagon",Going Ahead,Following too Close,Normal, , , , , , ,0,0,1,0,0,0,0,0,0,1,0,0,0,0
1163368,2010,4,15,8,5,3,43.67584538,-79.59059029,Etobicoke North (2),2,West Humber-Clairville (1),1,D23,Etobicoke York,CARLINGVIEW Driv,INTERNATIONAL Boul, ,Major Arterial,Mid-Block, ,No Control,Clear,Daylight,Dry,Non-Fatal Injury,Rear End,Vehicle Owner,unknown, ,0, ,Other, , , , , , , , , ,0,0,1,0,0,0,0,0,0,1,0,0,0,0
1163368,2010,4,15,8,5,3,43.67584538,-79.59059029,Etobicoke North (2),2,West Humber-Clairville (1),1,D23,Etobicoke York,CARLINGVIEW Driv,INTERNATIONAL Boul, ,Major Arterial,Mid-Block, ,No Control,Clear,Daylight,Dry,Non-Fatal Injury,Rear End,Driver,unknown,,0,South,"Automobile, Station Wagon",Unknown,Other,Unknown, , , , , , ,0,0,1,0,0,0,0,0,0,1,0,0,0,0
1163368,2010,4,15,8,5,3,43.67584538,-79.59059029,Etobicoke North (2),2,West Humber-Clairville (1),1,D23,Etobicoke York,CARLINGVIEW Driv,INTERNATIONAL Boul, ,Major Arterial,Mid-Block, ,No Control,Clear,Daylight,Dry,Non-Fatal Injury,Rear End,Driver,45 to 49,Minimal,0,South,"Automobile, Station Wagon",Stopped,Driving Properly,Normal, , , , , , ,0,0,1,0,0,0,0,0,0,1,0,0,0,0
6001978629,2016,11,7,8,5,0,43.73173865,-79.46584711,York Centre (9),9,Downsview-Roding-CFB (26),26,D32,North York,ANCASTER RD,REGENT RD, ,Local,Intersection,At Intersection,No Control,Clear,Daylight,Dry,Non-Fatal Injury,Turning Movement,Driver,35 to 39,Minor,0,South,"Automobile, Station Wagon",Turning Left,Failed to Yield Right of Way,Inattentive, , , , , , ,0,0,1,0,0,0,0,1,0,1,0,0,0,0
6001978629,2016,11,7,8,5,0,43.73173865,-79.46584711,York Centre (9),9,Downsview-Roding-CFB (26),26,D32,North York,ANCASTER RD,REGENT RD, ,Local,Intersection,At Intersection,No Control,Clear,Daylight,Dry,Non-Fatal Injury,Turning Movement,Driver,30 to 34,Minor,0,North,"Automobile, Station Wagon",Going Ahead,Driving Properly,Normal, , , , , , ,0,0,1,0,0,0,0,1,0,1,0,0,0,0
6001978629,2016,11,7,8,5,0,43.73173865,-79.46584711,York Centre (9),9,Downsview-Roding-CFB (26),26,D32,North York,ANCASTER RD,REGENT RD, ,Local,Intersection,At Intersection,No Control,Clear,Daylight,Dry,Non-Fatal Injury,Turning Movement,Passenger,0 to 4,Major,0, , , , , , , , , , , ,0,0,1,0,0,0,0,1,0,1,0,0,0,0
1057892,2008,9,10,8,6,2,43.69734538,-79.49899029,York South-Weston (12),12,Brookhaven-Amesbury (30),30,D12,Etobicoke York,TRETHEWEY DR,TEDDER ST, ,Minor Arterial,Intersection,At Intersection,No Control,Clear,Daylight,Dry,Fatal,Cyclist Collisions,Driver,50 to 54,,0,East,"Automobile, Station Wagon",Turning Left,Failed to Yield Right of Way,Inattentive, , , , , , ,0,1,1,0,0,0,0,0,1,1,0,0,0,1
1057892,2008,9,10,8,6,2,43.69734538,-79.49899029,York South-Weston (12),12,Brookhaven-Amesbury (30),30,D12,Etobicoke York,TRETHEWEY DR,TEDDER ST, ,Minor Arterial,Intersection,At Intersection,No Control,Clear,Daylight,Dry,Fatal,Cyclist Collisions,Cyclist,50 to 54,Fatal,39,West,Bicycle, , , , , , ,Motorist turned left across cyclists path.,Driving Properly,Normal,0,1,1,0,0,0,0,0,1,1,0,0,0,1