ACCNUM,YEAR,MONTH,DAY,HOUR,MINUTES,WEEKDAY,LATITUDE,LONGITUDE,Ward_Name,Ward_ID,Hood_Name,Hood_ID,Division,District,STREET1,STREET2,OFFSET,ROAD_CLASS,LOCCOORD,ACCLOC,TRAFFCTL,VISIBILITY,LIGHT,RDSFCOND,ACCLASS,IMPACTYPE,INVTYPE,INVAGE,INJURY,FATAL_NO,INITDIR,VEHTYPE,MANOEUVER,DRIVACT,DRIVCOND,PEDTYPE,PEDACT,PEDCOND,CYCLISTYPE,CYCACT,CYCCOND,PEDESTRIAN,CYCLIST,AUTOMOBILE,MOTORCYCLE,TRUCK,TRSN_CITY_VEH,EMERG_VEH,PASSENGER,SPEEDING,AG_DRIV,REDLIGHT,ALCOHOL,DISABILITY,label
4001484501,2014,2,7,8,6,4,43.61403616,-79.48914728,Etobicoke-Lakeshore (6),6,Mimico (includes Humber Bay Shores) (17),17,D22,Etobicoke York,LAKE SHORE BLVD W,PRIMROSE AVE, ,Major Arterial,Intersection,Non Intersection,No Control,Clear,Daylight,Wet,Non-Fatal Injury,Angle,Driver,55 to 59,Major,0,North,"Automobile, Station Wagon",Going Ahead,Improper Turn,Unknown, , , , , , ,0,0,1,0,0,0,0,1,1,1,0,0,0,0
999852,2007,10,23,6,50,1,43.75824538,-79.41009029,Willowdale (23),23,Willowdale East (51),51,D32,North York,YONGE ST,AVONDALE AVE, ,Major Arterial,Intersection,At Intersection,Traffic Signal,Rain,Dark,Wet,Non-Fatal Injury,Pedestrian Collisions,Driver,20 to 24,,0,North,"Automobile, Station Wagon",Turning Right,Failed to Yield Right of Way,Normal, , , , , , ,1,0,1,0,0,0,0,0,0,1,0,0,0,0
4001484501,2014,2,7,8,6,4,43.61403616,-79.48914728,Etobicoke-Lakeshore (6),6,Mimico (includes Humber Bay Shores) (17),17,D22,Etobicoke York,LAKE SHORE BLVD W,PRIMROSE AVE, ,Major Arterial,Intersection,Non Intersection,No Control,Clear,Daylight,Wet,Non-Fatal Injury,Angle,Driver,20 to 24,,0,East,Pick Up Truck,Going Ahead,Driving Properly,Normal, , , , , , ,0,0,1,0,0,0,0,1,1,1,0,0,0,0
4001484501,2014,2,7,8,6,4,43.61403616,-79.48914728,Etobicoke-Lakeshore (6),6,Mimico (includes Humber Bay Shores) (17),17,D22,Etobicoke York,LAKE SHORE BLVD W,PRIMROSE AVE, ,Major Arterial,Intersection,Non Intersection,No Control,Clear,Daylight,Wet,Non-Fatal Injury,Angle,Passenger,20 to 24,,0, , , , , , , , , , , ,0,0,1,0,0,0,0,1,1,1,0,0,0,0
1017926,2008,1,22,8,7,1,43.65324538,-79.46639029,Parkdale-High Park (13),13,High Park-Swansea (87),87,D11,Etobicoke York,BLOOR ST W,QUEBEC AVE, ,Major Arterial,Mid-Block, ,No Control,Snow,Daylight,Loose Snow,Non-Fatal Injury,Rear End,Driver,50 to 54,,0,West,"Automobile, Station Wagon",Going Ahead,Driving Properly,Normal, , , , , , ,0,0,1,0,0,0,0,0,0,1,0,0,0,0
1017926,2008,1,22,8,7,1,43.65324538,-79.46639029,Parkdale-High Park (13),13,High Park-Swansea (87),87,D11,Etobicoke York,BLOOR ST W,QUEBEC AVE, ,Major Arterial,Mid-Block, ,No Control,Snow,Daylight,Loose Snow,Non-Fatal Injury,Rear End,Driver,60 to 64,Major,0,East,"Automobile, Station Wagon",Slowing or Stopping,Following too Close,Normal, , , , , , ,0,0,1,0,0,0,0,0,0,1,0,0,0,0
1017926,2008,1,22,8,7,1,43.65324538,-79.46639029,Parkdale-High Park (13),13,High Park-Swansea (87),87,D11,Etobicoke York,BLOOR ST W,QUEBEC AVE, ,Major Arterial,Mid-Block, ,No Control,Snow,Daylight,Loose Snow,Non-Fatal Injury,Rear End,Vehicle Owner,unknown, ,0, ,Other, , , , , , , , , ,0,0,1,0,0,0,0,0,0,1,0,0,0,0
1017926,2008,1,22,8,7,1,43.65324538,-79.46639029,Parkdale-High Park (13),13,High Park-Swansea (87),87,D11,Etobicoke York,BLOOR ST W,QUEBEC AVE, ,Major Arterial,Mid-Block, ,No Control,Snow,Daylight,Loose Snow,Non-Fatal Injury,Rear End,Driver,20 to 24,Minimal,0,East,"Automobile, Station Wagon",Going Ahead,Following too Close,Normal, , , , , , ,0,0,1,0,0,0,0,0,0,1,0,0,0,0
143234908,2014,11,4,8,7,1,43.77796896,-79.21190272,Scarborough East (43),43,Morningside (135),135,D43,Scarborough,ORTON PARK RD,SLAN AVE, ,Minor Arterial,Mid-Block, ,No Control,Clear,Daylight,Dry,Fatal,SMV Other,Driver,25 to 29,Fatal,37,North,"Automobile, Station Wagon",Going Ahead,Lost control,Unknown, , , , , , ,0,0,1,0,0,0,0,0,1,1,0,0,0,1
1383674,2013,8,26,8,8,0,43.75964697,-79.25738917,Scarborough Centre (38),38,Bendale (127),127,D43,Scarborough,BRIMLEY Rd,DORCOT Ave, ,Major Arterial,Mid-Block, ,No Control,Rain,Daylight,Wet,Non-Fatal Injury,Turning Movement,Driver,55 to 59,Minor,0,South,"Automobile, Station Wagon",Making U Turn,Improper Turn,Normal, , , , , , ,0,0,1,0,0,0,0,0,0,0,0,0,0,0
1383674,2013,8,26,8,8,0,43.75964697,-79.25738917,Scarborough Centre (38),38,Bendale (127),127,D43,Scarborough,BRIMLEY Rd,DORCOT Ave, ,Major Arterial,Mid-Block, ,No Control,Rain,Daylight,Wet,Non-Fatal Injury,Turning Movement,Driver,55 to 59,Major,0,South,"Automobile, Station Wagon",Going Ahead,Driving Properly,Inattentive, , , , , , ,0,0,1,0,0,0,0,0,0,0,0,0,0,0
974080,2007,6,8,8,9,4,43.76044538,-79.38659029,Don Valley West (25),25,St.Andrew-Windfields (40),40,D33,North York,BAYVIEW AVE,FIFESHIRE RD, ,Major Arterial,Intersection,At Intersection,No Control,Clear,Daylight,Dry,Fatal,Cyclist Collisions,Vehicle Owner,unknown, ,0, ,Other, , , , , , , , , ,0,1,1,0,1,0,0,0,0,0,0,0,0,1
974080,2007,6,8,8,9,4,43.76044538,-79.38659029,Don Valley West (25),25,St.Andrew-Windfields (40),40,D33,North York,BAYVIEW AVE,FIFESHIRE RD, ,Major Arterial,Intersection,At Intersection,No Control,Clear,Daylight,Dry,Fatal,Cyclist Collisions,Truck Driver,45 to 49,,0,South,Truck - Open,Going Ahead,Driving Properly,Normal, , , , , , ,0,1,1,0,1,0,0,0,0,0,0,0,0,1
974080,2007,6,8,8,9,4,43.76044538,-79.38659029,Don Valley West (25),25,St.Andrew-Windfields (40),40,D33,North York,BAYVIEW AVE,FIFESHIRE RD, ,Major Arterial,Intersection,At Intersection,No Control,Clear,Daylight,Dry,Fatal,Cyclist Collisions,Cyclist,45 to 49,Fatal,0,South,Bicycle,Going Ahead, , , , , ,Cyclist and Driver travelling in same direction. One vehicle sideswipes the other.,Other,Unknown,0,1,1,0,1,0,0,0,0,0,0,0,0,1
974080,2007,6,8,8,9,4,43.76044538,-79.38659029,Don Valley West (25),25,St.Andrew-Windfields (40),40,D33,North York,BAYVIEW AVE,FIFESHIRE RD, ,Major Arterial,Intersection,At Intersection,No Control,Clear,Daylight,Dry,Fatal,Cyclist Collisions,Driver,35 to 39,,0,South,"Automobile, Station Wagon",Going Ahead,Driving Properly,Normal, , , , , , ,0,1,1,0,1,0,0,0,0,0,0,0,0,1
986760,2007,7,18,8,9,2,43.68844538,-79.34839029,Toronto-Danforth (29),29,Danforth East York (59),59,D54,Toronto East York,GOWAN AVE,PAPE AVE, ,Major Arterial,Intersection, ,No Control,Clear,Daylight,Dry,Non-Fatal Injury,Pedestrian Collisions,Driver,50 to 54,,0,South, ,Reversing,Other,Inattentive, , , , , , ,1,0,0,0,0,0,0,0,0,0,0,0,0,0
986760,2007,7,18,8,9,2,43.68844538,-79.34839029,Toronto-Danforth (29),29,Danforth East York (59),59,D54,Toronto East York,GOWAN AVE,PAPE AVE, ,Major Arterial,Intersection, ,No Control,Clear,Daylight,Dry,Non-Fatal Injury,Pedestrian Collisions,Pedestrian,70 to 74,Major,0,North,Other, , , ,Vehicle is reversing and hits pedestrian,"Crossing, no Traffic Control",Normal, , , ,1,0,0,0,0,0,0,0,0,0,0,0,0,0
1040428,2008,5,28,8,10,2,43.64864538,-79.36149029,Toronto Centre-Rosedale (28),28,Waterfront Communities-The Island (77),77,D51,Toronto East York,PARLIAMENT St,LAKE SHORE Blvd E, ,Minor Arterial,Mid-Block,At Intersection,No Control,Clear,Daylight,Dry,Non-Fatal Injury,Cyclist Collisions,Driver,40 to 44,,0,North,"Automobile, Station Wagon",Going Ahead,Driving Properly,Normal, , , , , , ,0,1,1,0,0,0,0,0,0,0,0,0,0,0
1040428,2008,5,28,8,10,2,43.64864538,-79.36149029,Toronto Centre-Rosedale (28),28,Waterfront Communities-The Island (77),77,D51,Toronto East York,PARLIAMENT St,LAKE SHORE Blvd E, ,Minor Arterial,Mid-Block,At Intersection,No Control,Clear,Daylight,Dry,Non-Fatal Injury,Cyclist Collisions,Cyclist,20 to 24,Major,0,North,Bicycle,Changing Lanes, , , , , ,Cyclist and Driver travelling in same direction. One vehicle sideswipes the other.,Improper Lane Change,Inattentive,0,1,1,0,0,0,0,0,0,0,0,0,0,0
1270018,2011,10,18,8,10,1,43.65093954,-79.43996058,Davenport (18),18,Dufferin Grove (83),83,D11,Toronto East York,LANSDOWNE AVE,COLLEGE ST, ,Minor Arterial,Intersection,At Intersection,Traffic Signal,Clear,Daylight,Dry,Non-Fatal Injury,Cyclist Collisions,Driver,35 to 39,,0,North,"Automobile, Station Wagon",Slowing or Stopping,Other,Normal, , , , , , ,0,1,1,0,0,0,0,0,0,0,0,0,0,0
1270018,2011,10,18,8,10,1,43.65093954,-79.43996058,Davenport (18),18,Dufferin Grove (83),83,D11,Toronto East York,LANSDOWNE AVE,COLLEGE ST, ,Minor Arterial,Intersection,At Intersection,Traffic Signal,Clear,Daylight,Dry,Non-Fatal Injury,Cyclist Collisions,Cyclist,40 to 44,Major,0,North,Bicycle,Going Ahead, , , , , ,Cyclist and Driver travelling in same direction. One vehicle rear-ended the other.,Other,Normal,0,1,1,0,0,0,0,0,0,0,0,0,0,0
1311644,2012,8,25,8,10,5,43.66324538,-79.37259029,Toronto Centre-Rosedale (28),28,Moss Park (73),73,D51,Toronto East York,CARLTON ST,SHERBOURNE ST, ,Minor Arterial,Mid-Block, ,No Control,Clear,Daylight,Dry,Fatal,Pedestrian Collisions,Driver,30 to 34,,0,East,"Automobile, Station Wagon",Going Ahead,Driving Properly,Normal, , , , , , ,1,0,1,0,0,0,0,0,0,0,0,0,0,1
1311644,2012,8,25,8,10,5,43.66324538,-79.37259029,Toronto Centre-Rosedale (28),28,Moss Park (73),73,D51,Toronto East York,CARLTON ST,SHERBOURNE ST, ,Minor Arterial,Mid-Block, ,No Control,Clear,Daylight,Dry,Fatal,Pedestrian Collisions,Pedestrian,60 to 64,Fatal,28,North,Other, , , ,Pedestrian hit at mid-block,Coming From Behind Parked Vehicle,Unknown, , , ,1,0,1,0,0,0,0,0,0,0,0,0,0,1
5001723026,2015,10,6,8,10,1,43.68113287,-79.32269678,Beaches-East York (32),32,Woodbine Corridor (64),64,D55,Toronto East York,COXWELL AVE,EARL HAIG AVE, ,Minor Arterial,Intersection,Intersection Related,Pedestrian Crossover,Clear,Daylight,Dry,Non-Fatal Injury,Pedestrian Collisions,Driver,35 to 39,,0,South,"Automobile, Station Wagon",Going Ahead,Failed to Yield Right of Way,Inattentive, , , , , , ,1,0,1,0,0,0,0,0,0,1,0,0,0,0
5001723026,2015,10,6,8,10,1,43.68113287,-79.32269678,Beaches-East York (32),32,Woodbine Corridor (64),64,D55,Toronto East York,COXWELL AVE,EARL HAIG AVE, ,Minor Arterial,Intersection,Intersection Related,Pedestrian Crossover,Clear,Daylight,Dry,Non-Fatal Injury,Pedestrian Collisions,Pedestrian,10 to 14,Major,0,East, , , , ,Pedestrian hit a PXO/ped. Mid-block signal,"Crossing, Pedestrian Crossover",Normal, , , ,1,0,1,0,0,0,0,0,0,1,0,0,0,0
1386051,2013,10,22,8,11,1,43.65640982,-79.40768061,Trinity-Spadina (20),20,Kensington-Chinatown (78),78,D14,Toronto East York,BATHURST ST,COLLEGE ST, ,Major Arterial,Intersection,At Intersection,Traffic Signal,Clear,Daylight,Dry,Non-Fatal Injury,Cyclist Collisions,Driver,50 to 54,Major,0,South,"Automobile, Station Wagon",Turning Left,Driving Properly,Normal, , , , , , ,0,1,1,0,0,0,0,0,0,0,0,0,0,0
1386051,2013,10,22,8,11,1,43.65640982,-79.40768061,Trinity-Spadina (20),20,Kensington-Chinatown (78),78,D14,Toronto East York,BATHURST ST,COLLEGE ST, ,Major Arterial,Intersection,At Intersection,Traffic Signal,Clear,Daylight,Dry,Non-Fatal Injury,Cyclist Collisions,Cyclist,45 to 49,Minor,0,South,Bicycle,Going Ahead, , , , , ,"Cyclist without ROW rides into path of motorist at inter, lnwy, dwy-Cyclist not turn.",Other,Normal,0,1,1,0,0,0,0,0,0,0,0,0,0,0
1122545,2009,7,31,8,12,4,43.67884538,-79.29799029,Beaches-East York (32),32,The Beaches (63),63,D55,Toronto East York,KINGSTON RD,MAIN ST, ,Major Arterial,Intersection,At Intersection,Traffic Signal,Clear,Daylight,Dry,Non-Fatal Injury,Pedestrian Collisions,Vehicle Owner,unknown, ,0, ,Other, , , , , , , , , ,1,0,1,0,0,0,0,0,0,0,0,0,0,0
1122545,2009,7,31,8,12,4,43.67884538,-79.29799029,Beaches-East York (32),32,The Beaches (63),63,D55,Toronto East York,KINGSTON RD,MAIN ST, ,Major Arterial,Intersection,At Intersection,Traffic Signal,Clear,Daylight,Dry,Non-Fatal Injury,Pedestrian Collisions,Driver,35 to 39,,0,West,"Automobile, Station Wagon",Going Ahead,Driving Properly,Normal, , , , , , ,1,0,1,0,0,0,0,0,0,0,0,0,0,0
1122545,2009,7,31,8,12,4,43.67884538,-79.29799029,Beaches-East York (32),32,The Beaches (63),63,D55,Toronto East York,KINGSTON RD,MAIN ST, ,Major Arterial,Intersection,At Intersection,Traffic Signal,Clear,Daylight,Dry,Non-Fatal Injury,Pedestrian Collisions,Pedestrian,40 to 44,Major,0,South,Other, , , ,Vehicle is going straight thru inter.while ped cross without ROW,Crossing without right of way,Normal, , , ,1,0,1,0,0,0,0,0,0,0,0,0,0,0
1172629,2010,5,13,8,12,3,43.66664538,-79.40389029,Trinity-Spadina (20),20,University (79),79,D14,Toronto East York,BLOOR ST W,SPADINA AVE, ,Major Arterial,Intersection,At Intersection,Traffic Signal,Clear,Daylight,Dry,Non-Fatal Injury,Cyclist Collisions,Driver,50 to 54,,0,West,"Automobile, Station Wagon",Turning Left,Failed to Yield Right of Way,Inattentive, , , , , , ,0,1,1,0,0,0,0,0,0,1,0,0,0,0
1172629,2010,5,13,8,12,3,43.66664538,-79.40389029,Trinity-Spadina (20),20,University (79),79,D14,Toronto East York,BLOOR ST W,SPADINA AVE, ,Major Arterial,Intersection,At Intersection,Traffic Signal,Clear,Daylight,Dry,Non-Fatal Injury,Cyclist Collisions,Cyclist,25 to 29,Major,0,East,Bicycle,Going Ahead, , , , , ,Motorist turned left across cyclists path.,Driving Properly,Normal,0,1,1,0,0,0,0,0,0,1,0,0,0,0
5001723055,2015,10,6,8,13,1,43.64097555,-79.41723261,Trinity-Spadina (19),19,Niagara (82),82,D14,Toronto East York,KING ST W,SUDBURY ST,15 m West of,Major Arterial,Intersection,Non Intersection,Traffic Signal,Clear,Daylight,Dry,Non-Fatal Injury,Cyclist Collisions,Cyclist,20 to 24,Major,0,East,Bicycle,Changing Lanes, , , , , ,Cyclist and Driver travelling in same direction. One vehicle sideswipes the other.,Improper Lane Change,Inattentive,0,1,1,0,0,0,0,0,0,0,0,0,0,0
5001723055,2015,10,6,8,13,1,43.64097555,-79.41723261,Trinity-Spadina (19),19,Niagara (82),82,D14,Toronto East York,KING ST W,SUDBURY ST,15 m West of,Major Arterial,Intersection,Non Intersection,Traffic Signal,Clear,Daylight,Dry,Non-Fatal Injury,Cyclist Collisions,Driver,55 to 59,,0,East,"Automobile, Station Wagon",Going Ahead,Driving Properly,Normal, , , , , , ,0,1,1,0,0,0,0,0,0,0,0,0,0,0
4002174888,2014,5,29,8,14,3,43.61888846,-79.52013026,Etobicoke-Lakeshore (6),6,Mimico (includes Humber Bay Shores) (17),17,D22,Etobicoke York,FRED GARDINER EXPR,KIPLING AVENUE,500 m East of,Expressway,Mid-Block,Non Intersection,No Control,Clear,Daylight,Dry,Non-Fatal Injury,Rear End,Driver,45 to 49,Major,0,East,Delivery Van,Slowing or Stopping,Speed too Fast For Condition,Unknown, , , , , , ,0,0,1,0,1,0,0,0,1,1,0,0,0,0
4002174888,2014,5,29,8,14,3,43.61888846,-79.52013026,Etobicoke-Lakeshore (6),6,Mimico (includes Humber Bay Shores) (17),17,D22,Etobicoke York,FRED GARDINER EXPR,KIPLING AVENUE,500 m East of,Expressway,Mid-Block,Non Intersection,No Control,Clear,Daylight,Dry,Non-Fatal Injury,Rear End,Truck Driver,65 to 69,,0,East,Truck-Tractor,Stopped,Driving Properly,Normal, , , , , , ,0,0,1,0,1,0,0,0,1,1,0,0,0,0
6002021851,2016,11,14,8,14,0,43.77949103,-79.30435572,Scarborough-Agincourt (40),40,Tam O'Shanter-Sullivan (118),118,D42,Scarborough,ARAGON AVE,SHEPPARD AVE E, ,Major Arterial,Intersection,At Intersection,Traffic Signal,Clear,Daylight,Dry,Fatal,Pedestrian Collisions,Driver,unknown,,0,North,Pick Up Truck,Turning Right,Failed to Yield Right of Way,Unknown, , , , , , ,1,0,1,0,0,0,0,0,0,1,0,0,0,1
6002021851,2016,11,14,8,14,0,43.77949103,-79.30435572,Scarborough-Agincourt (40),40,Tam O'Shanter-Sullivan (118),118,D42,Scarborough,ARAGON AVE,SHEPPARD AVE E, ,Major Arterial,Intersection,At Intersection,Traffic Signal,Clear,Daylight,Dry,Fatal,Pedestrian Collisions,Pedestrian,75 to 79,Fatal,72,East, , , , ,Vehicle turns right while ped crosses with ROW at inter.,Crossing with right of way,Normal, , , ,1,0,1,0,0,0,0,0,0,1,0,0,0,1
961366,2007,3,28,8,15,2,43.77244538,-79.37729029,Willowdale (24),24,Bayview Village (52),52,D33,North York,BURBANK DR,WHITTAKER CRES, ,Local,Intersection, ,Stop Sign,Clear,Daylight,Dry,Non-Fatal Injury,Pedestrian Collisions,Pedestrian,75 to 79,Major,0,West,Other, , , ,Vehicle turns left while ped crosses with ROW at inter.,Crossing with right of way,Normal, , , ,1,0,1,0,0,0,0,1,0,1,0,0,0,0
961366,2007,3,28,8,15,2,43.77244538,-79.37729029,Willowdale (24),24,Bayview Village (52),52,D33,North York,BURBANK DR,WHITTAKER CRES, ,Local,Intersection, ,Stop Sign,Clear,Daylight,Dry,Non-Fatal Injury,Pedestrian Collisions,Passenger,0 to 4,,0, ,Other, , , , , , , , , ,1,0,1,0,0,0,0,1,0,1,0,0,0,0
961366,2007,3,28,8,15,2,43.77244538,-79.37729029,Willowdale (24),24,Bayview Village (52),52,D33,North York,BURBANK DR,WHITTAKER CRES, ,Local,Intersection, ,Stop Sign,Clear,Daylight,Dry,Non-Fatal Injury,Pedestrian Collisions,Passenger,5 to 9,,0, ,Other, , , , , , , , , ,1,0,1,0,0,0,0,1,0,1,0,0,0,0
961366,2007,3,28,8,15,2,43.77244538,-79.37729029,Willowdale (24),24,Bayview Village (52),52,D33,North York,BURBANK DR,WHITTAKER CRES, ,Local,Intersection, ,Stop Sign,Clear,Daylight,Dry,Non-Fatal Injury,Pedestrian Collisions,Passenger,5 to 9,,0, ,Other, , , , , , , , , ,1,0,1,0,0,0,0,1,0,1,0,0,0,0
961366,2007,3,28,8,15,2,43.77244538,-79.37729029,Willowdale (24),24,Bayview Village (52),52,D33,North York,BURBANK DR,WHITTAKER CRES, ,Local,Intersection, ,Stop Sign,Clear,Daylight,Dry,Non-Fatal Injury,Pedestrian Collisions,Passenger,25 to 29,,0, ,Other, , , , , , , , , ,1,0,1,0,0,0,0,1,0,1,0,0,0,0
961366,2007,3,28,8,15,2,43.77244538,-79.37729029,Willowdale (24),24,Bayview Village (52),52,D33,North York,BURBANK DR,WHITTAKER CRES, ,Local,Intersection, ,Stop Sign,Clear,Daylight,Dry,Non-Fatal Injury,Pedestrian Collisions,Driver,35 to 39,,0,East,"Automobile, Station Wagon",Turning Left,Failed to Yield Right of Way,Inattentive, , , , , , ,1,0,1,0,0,0,0,1,0,1,0,0,0,0
1045157,2008,6,26,8,15,3,43.71064538,-79.29679029,Beaches-East York (31),31,O'Connor-Parkview (54),54,D54,Scarborough,VICTORIA PARK AVE,PEARD RD, ,Major Arterial,Mid-Block,At Intersection,No Control,Clear,Daylight,Dry,Non-Fatal Injury,Pedestrian Collisions,Driver,15 to 19,,0,North,"Automobile, Station Wagon",Going Ahead,Failed to Yield Right of Way,Normal, , , , , , ,1,0,1,0,0,0,0,0,0,1,0,0,0,0
1045157,2008,6,26,8,15,3,43.71064538,-79.29679029,Beaches-East York (31),31,O'Connor-Parkview (54),54,D54,Scarborough,VICTORIA PARK AVE,PEARD RD, ,Major Arterial,Mid-Block,At Intersection,No Control,Clear,Daylight,Dry,Non-Fatal Injury,Pedestrian Collisions,Pedestrian,20 to 24,Minor,0, ,Other,Unknown, , ,Pedestrian hit on sidewalk or shoulder,On Sidewalk or Shoulder,Normal, , , ,1,0,1,0,0,0,0,0,0,1,0,0,0,0
1045157,2008,6,26,8,15,3,43.71064538,-79.29679029,Beaches-East York (31),31,O'Connor-Parkview (54),54,D54,Scarborough,VICTORIA PARK AVE,PEARD RD, ,Major Arterial,Mid-Block,At Intersection,No Control,Clear,Daylight,Dry,Non-Fatal Injury,Pedestrian Collisions,Pedestrian,85 to 89,Major,0, ,Other,Unknown, , ,Pedestrian hit on sidewalk or shoulder,On Sidewalk or Shoulder,Normal, , , ,1,0,1,0,0,0,0,0,0,1,0,0,0,0
1134719,2009,10,9,8,15,4,43.71894538,-79.56899029,Etobicoke North (2),2,Rexdale-Kipling (4),4,D23,Etobicoke York,REDCLIFF BLVD,COOLHURST DR, ,Local,Intersection,At Intersection,No Control,Rain,Daylight,Wet,Non-Fatal Injury,Pedestrian Collisions,Driver,35 to 39,,0,South,"Automobile, Station Wagon",Turning Left,Failed to Yield Right of Way,Normal, , , , , , ,1,0,1,0,0,0,0,0,0,1,0,0,0,0
1134719,2009,10,9,8,15,4,43.71894538,-79.56899029,Etobicoke North (2),2,Rexdale-Kipling (4),4,D23,Etobicoke York,REDCLIFF BLVD,COOLHURST DR, ,Local,Intersection,At Intersection,No Control,Rain,Daylight,Wet,Non-Fatal Injury,Pedestrian Collisions,Pedestrian,75 to 79,Major,0,North,Other, , , ,Vehicle turns left while ped crosses with ROW at inter.,Crossing with right of way,Normal, , , ,1,0,1,0,0,0,0,0,0,1,0,0,0,0
1371425,2013,6,17,8,40,0,43.76854538,-79.18879029,Scarborough East (43),43,West Hill (136),136,D43,Scarborough,KINGSTON RD,FALAISE RD E, ,Major Arterial,Intersection, ,No Control,Clear,Daylight,Dry,Non-Fatal Injury,Pedestrian Collisions,Vehicle Owner,unknown, ,0, ,Other, , , , , , , , , ,1,0,0,0,1,0,0,0,0,0,0,0,0,0
987223,2007,8,1,8,30,2,43.76014538,-79.45329029,York Centre (10),10,Bathurst Manor (34),34,D32,North York,COMBE AVE,ELDER ST, ,Local,Intersection, ,Stop Sign,Clear,Daylight,Dry,Non-Fatal Injury,Angle,Driver,40 to 44,Major,0,West,"Automobile, Station Wagon",Stopped,Failed to Yield Right of Way,Normal, , , , , , ,0,0,1,0,0,0,0,1,0,1,0,0,0,0
4001715026,2014,3,17,7,0,0,43.72859152,-79.26642237,Scarborough Southwest (35),35,Kennedy Park (124),124,D41,Scarborough,711 KENNEDY RD, , ,Major Arterial,Mid-Block,Non Intersection,No Control,Clear,Dark,Dry,Non-Fatal Injury,Pedestrian Collisions,Pedestrian,80 to 84,Major,0,East, , , , ,Pedestrian hit at mid-block,"Crossing, no Traffic Control",Unknown, , , ,1,0,1,0,0,0,0,0,0,0,0,0,0,0
1048611,2008,6,25,7,30,2,43.77064538,-79.18689029,Scarborough East (43),43,West Hill (136),136,D43,Scarborough,MORNINGSIDE AVE,KINGSTON RD, ,Major Arterial,Intersection,At Intersection,Traffic Signal,Clear,Daylight,Dry,Non-Fatal Injury,Pedestrian Collisions,Vehicle Owner,unknown, ,0, ,Other, , , , , , , , , ,1,0,1,0,0,0,0,0,0,0,0,0,0,0
1193861,2010,10,8,8,15,4,43.73894538,-79.57619029,Etobicoke North (1),1,Thistletown-Beaumond Heights (3),3,D23,Etobicoke York,ALBION RD,SANAGAN RD, ,Major Arterial,Intersection,At Intersection,Traffic Signal,Clear,Daylight,Dry,Non-Fatal Injury,Pedestrian Collisions,Pedestrian,70 to 74,Major,0,North,Other, , , ,Vehicle is going straight thru inter.while ped cross with ROW,Crossing with right of way,Unknown, , , ,1,0,1,0,0,0,0,0,0,1,1,0,0,0
4002952213,2014,9,21,7,0,6,43.79239996,-79.44574366,York Centre (10),10,Newtonbrook West (36),36,D32,North York,STEELES AVE W,BATHURST ST, ,Major Arterial,Intersection,At Intersection,Traffic Signal,Rain,Daylight,Wet,Non-Fatal Injury,Pedestrian Collisions,Pedestrian,40 to 44,Major,0,East, , , , ,Vehicle is going straight thru inter.while ped cross with ROW,Crossing with right of way,Normal, , , ,1,0,1,0,0,0,0,0,0,1,1,0,0,0
1232602,2011,5,9,8,15,0,43.75774538,-79.46499029,York Centre (10),10,York University Heights (27),27,D32,North York,WILLIAM R ALLEN Road,RIMROCK Road, ,Major Arterial,Intersection,At Intersection,Traffic Signal,Clear,Daylight,Dry,Non-Fatal Injury,Turning Movement,Vehicle Owner,unknown, ,0, ,Other, , , , , , , , , ,0,0,1,0,0,0,0,0,0,0,0,0,0,0
1048611,2008,6,25,7,30,2,43.77064538,-79.18689029,Scarborough East (43),43,West Hill (136),136,D43,Scarborough,MORNINGSIDE AVE,KINGSTON RD, ,Major Arterial,Intersection,At Intersection,Traffic Signal,Clear,Daylight,Dry,Non-Fatal Injury,Pedestrian Collisions,Driver,40 to 44,,0,North,"Automobile, Station Wagon",Turning Left,Improper Turn,Normal, , , , , , ,1,0,1,0,0,0,0,0,0,0,0,0,0,0
1232602,2011,5,9,8,15,0,43.75774538,-79.46499029,York Centre (10),10,York University Heights (27),27,D32,North York,WILLIAM R ALLEN Road,RIMROCK Road, ,Major Arterial,Intersection,At Intersection,Traffic Signal,Clear,Daylight,Dry,Non-Fatal Injury,Turning Movement,Driver,40 to 44,Major,0,North,"Automobile, Station Wagon",Stopped,Driving Properly,Normal, , , , , , ,0,0,1,0,0,0,0,0,0,0,0,0,0,0
4002952213,2014,9,21,7,0,6,43.79239996,-79.44574366,York Centre (10),10,Newtonbrook West (36),36,D32,North York,STEELES AVE W,BATHURST ST, ,Major Arterial,Intersection,At Intersection,Traffic Signal,Rain,Daylight,Wet,Non-Fatal Injury,Pedestrian Collisions,Driver,unknown,,0,South,"Automobile, Station Wagon",Going Ahead,Disobeyed Traffic Control,Unknown, , , , , , ,1,0,1,0,0,0,0,0,0,1,1,0,0,0
1371425,2013,6,17,8,40,0,43.76854538,-79.18879029,Scarborough East (43),43,West Hill (136),136,D43,Scarborough,KINGSTON RD,FALAISE RD E, ,Major Arterial,Intersection, ,No Control,Clear,Daylight,Dry,Non-Fatal Injury,Pedestrian Collisions,Truck Driver,25 to 29,,0,East,Truck - Open,Going Ahead,Driving Properly,Normal, , , , , , ,1,0,0,0,1,0,0,0,0,0,0,0,0,0