ACCNUM,YEAR,MONTH,DAY,HOUR,MINUTES,WEEKDAY,LATITUDE,LONGITUDE,Ward_Name,Ward_ID,Hood_Name,Hood_ID,Division,District,STREET1,STREET2,OFFSET,ROAD_CLASS,LOCCOORD,ACCLOC,TRAFFCTL,VISIBILITY,LIGHT,RDSFCOND,ACCLASS,IMPACTYPE,INVTYPE,INVAGE,INJURY,FATAL_NO,INITDIR,VEHTYPE,MANOEUVER,DRIVACT,DRIVCOND,PEDTYPE,PEDACT,PEDCOND,CYCLISTYPE,CYCACT,CYCCOND,PEDESTRIAN,CYCLIST,AUTOMOBILE,MOTORCYCLE,TRUCK,TRSN_CITY_VEH,EMERG_VEH,PASSENGER,SPEEDING,AG_DRIV,REDLIGHT,ALCOHOL,DISABILITY,label
1048611,2008,6,25,7,30,2,43.77064538,-79.18689029,Scarborough East (43),43,West Hill (136),136,D43,Scarborough,MORNINGSIDE AVE,KINGSTON RD, ,Major Arterial,Intersection,At Intersection,Traffic Signal,Clear,Daylight,Dry,Non-Fatal Injury,Pedestrian Collisions,Pedestrian,50 to 54,Major,0, ,Other,Unknown, , ,Vehicle turns left while ped crosses with ROW at inter.,Crossing with right of way,Normal, , , ,1,0,1,0,0,0,0,0,0,0,0,0,0,0
1232602,2011,5,9,8,15,0,43.75774538,-79.46499029,York Centre (10),10,York University Heights (27),27,D32,North York,WILLIAM R ALLEN Road,RIMROCK Road, ,Major Arterial,Intersection,At Intersection,Traffic Signal,Clear,Daylight,Dry,Non-Fatal Injury,Turning Movement,Vehicle Owner,unknown, ,0, ,Other, , , , , , , , , ,0,0,1,0,0,0,0,0,0,0,0,0,0,0
7001340005,2017,7,26,7,46,2,43.74142798,-79.31420527,Don Valley East (34),34,Victoria Village (43),43,D33,North York,LAWRENCE AVE E,CARNFORTH RD,20 m East of,Major Arterial,Intersection,At Intersection,Traffic Signal,Clear,Daylight,Dry,Non-Fatal Injury,Rear End,Motorcycle Driver,50 to 54,Major,0,West,Motorcycle,Going Ahead,Following too Close,Normal, , , , , , ,0,0,1,1,0,0,0,0,0,1,0,0,0,0
999852,2007,10,23,6,50,1,43.75824538,-79.41009029,Willowdale (23),23,Willowdale East (51),51,D32,North York,YONGE ST,AVONDALE AVE, ,Major Arterial,Intersection,At Intersection,Traffic Signal,Rain,Dark,Wet,Non-Fatal Injury,Pedestrian Collisions,Pedestrian,25 to 29,Major,0,North,Other, , , ,Vehicle turns right while ped crosses with ROW at inter.,Crossing with right of way,Normal, , , ,1,0,1,0,0,0,0,0,0,1,0,0,0,0
1095466,2009,2,26,7,30,3,43.77630575,-79.28516016,Scarborough-Agincourt (40),40,Agincourt South-Malvern West (128),128,D42,Scarborough,KENNEDY RD,401 C W KENNEDY S RAMP RD, ,Major Arterial,Intersection,At Intersection,Traffic Signal,Clear,Daylight,Dry,Non-Fatal Injury,Angle,Passenger,45 to 49,Major,0, ,Other, , , , , , , , , ,0,0,1,0,0,0,0,1,0,0,0,0,0,0
1095466,2009,2,26,7,30,3,43.77630575,-79.28516016,Scarborough-Agincourt (40),40,Agincourt South-Malvern West (128),128,D42,Scarborough,KENNEDY RD,401 C W KENNEDY S RAMP RD, ,Major Arterial,Intersection,At Intersection,Traffic Signal,Clear,Daylight,Dry,Non-Fatal Injury,Angle,Driver,45 to 49,Minor,0,North,"Automobile, Station Wagon",Going Ahead,Driving Properly,Normal, , , , , , ,0,0,1,0,0,0,0,1,0,0,0,0,0,0
1095466,2009,2,26,7,30,3,43.77630575,-79.28516016,Scarborough-Agincourt (40),40,Agincourt South-Malvern West (128),128,D42,Scarborough,KENNEDY RD,401 C W KENNEDY S RAMP RD, ,Major Arterial,Intersection,At Intersection,Traffic Signal,Clear,Daylight,Dry,Non-Fatal Injury,Angle,Vehicle Owner,unknown, ,0, ,Other, , , , , , , , , ,0,0,1,0,0,0,0,1,0,0,0,0,0,0
1095466,2009,2,26,7,30,3,43.77630575,-79.28516016,Scarborough-Agincourt (40),40,Agincourt South-Malvern West (128),128,D42,Scarborough,KENNEDY RD,401 C W KENNEDY S RAMP RD, ,Major Arterial,Intersection,At Intersection,Traffic Signal,Clear,Daylight,Dry,Non-Fatal Injury,Angle,Driver,55 to 59,Minor,0,West,"Automobile, Station Wagon",Going Ahead,Lost control,Unknown, , , , , , ,0,0,1,0,0,0,0,1,0,0,0,0,0,0
1171570,2010,4,5,7,30,0,43.65494538,-79.39879029,Trinity-Spadina (20),20,Kensington-Chinatown (78),78,D52,Toronto East York,BALDWIN ST,SPADINA AVE, ,Major Arterial,Intersection,At Intersection,Stop Sign,Clear,Dawn,Dry,Non-Fatal Injury,Cyclist Collisions,Driver,55 to 59,,0,West,"Automobile, Station Wagon",Going Ahead,Driving Properly,Normal, , , , , , ,0,1,1,0,0,0,0,0,0,0,0,0,0,0
1171570,2010,4,5,7,30,0,43.65494538,-79.39879029,Trinity-Spadina (20),20,Kensington-Chinatown (78),78,D52,Toronto East York,BALDWIN ST,SPADINA AVE, ,Major Arterial,Intersection,At Intersection,Stop Sign,Clear,Dawn,Dry,Non-Fatal Injury,Cyclist Collisions,Cyclist,65 to 69,Major,0,South,Bicycle,Going Ahead, , , , , ,"Cyclist without ROW rides into path of motorist at inter, lnwy, dwy-Cyclist not turn.",Failed to Yield Right of Way,Normal,0,1,1,0,0,0,0,0,0,0,0,0,0,0
1349360,2013,2,26,7,30,1,43.76684538,-79.37599029,Willowdale (24),24,Bayview Village (52),52,D33,North York,15 BESSARION Rd,AT #15, ,Local,Mid-Block, ,No Control,Clear,Dark,Dry,Non-Fatal Injury,Pedestrian Collisions,Pedestrian,75 to 79,Major,0,South,Other, , , ,Vehicle is reversing and hits pedestrian,Other,Normal, , , ,1,0,1,0,0,0,0,0,0,0,0,0,0,0
1349360,2013,2,26,7,30,1,43.76684538,-79.37599029,Willowdale (24),24,Bayview Village (52),52,D33,North York,15 BESSARION Rd,AT #15, ,Local,Mid-Block, ,No Control,Clear,Dark,Dry,Non-Fatal Injury,Pedestrian Collisions,Driver,60 to 64,,0,East,"Automobile, Station Wagon",Reversing,Other,Normal, , , , , , ,1,0,1,0,0,0,0,0,0,0,0,0,0,0
1378110,2013,9,30,7,30,0,43.68674811,-79.59554682,Etobicoke North (2),2,West Humber-Clairville (1),1,D23,Etobicoke York,DIXON Rd,CARLINGVIEW Dr, ,Major Arterial,Intersection, ,Traffic Signal,Clear,Daylight,Wet,Non-Fatal Injury,Pedestrian Collisions,Pedestrian,60 to 64,Major,0,East,Other, , , ,Vehicle turns right while ped crosses with ROW at inter.,Crossing with right of way,Normal, , , ,1,0,1,0,0,0,0,0,0,1,0,0,0,0
1378110,2013,9,30,7,30,0,43.68674811,-79.59554682,Etobicoke North (2),2,West Humber-Clairville (1),1,D23,Etobicoke York,DIXON Rd,CARLINGVIEW Dr, ,Major Arterial,Intersection, ,Traffic Signal,Clear,Daylight,Wet,Non-Fatal Injury,Pedestrian Collisions,Vehicle Owner,unknown, ,0, ,Other, , , , , , , , , ,1,0,1,0,0,0,0,0,0,1,0,0,0,0
987223,2007,8,1,8,30,2,43.76014538,-79.45329029,York Centre (10),10,Bathurst Manor (34),34,D32,North York,COMBE AVE,ELDER ST, ,Local,Intersection, ,Stop Sign,Clear,Daylight,Dry,Non-Fatal Injury,Angle,Passenger,20 to 24,Minimal,0, ,Other, , , , , , , , , ,0,0,1,0,0,0,0,1,0,1,0,0,0,0
1378110,2013,9,30,7,30,0,43.68674811,-79.59554682,Etobicoke North (2),2,West Humber-Clairville (1),1,D23,Etobicoke York,DIXON Rd,CARLINGVIEW Dr, ,Major Arterial,Intersection, ,Traffic Signal,Clear,Daylight,Wet,Non-Fatal Injury,Pedestrian Collisions,Driver,45 to 49,,0,East,"Automobile, Station Wagon",Turning Left,Failed to Yield Right of Way,Inattentive, , , , , , ,1,0,1,0,0,0,0,0,0,1,0,0,0,0
5001444151,2015,8,22,7,30,5,43.63851507,-79.5379983,Etobicoke-Lakeshore (5),5,Islington-City Centre West (14),14,D22,Etobicoke York,DUNDAS ST W,AUKLAND RD, ,Major Arterial,Intersection,At Intersection,Traffic Signal,Clear,Daylight,Dry,Non-Fatal Injury,Pedestrian Collisions,Driver,40 to 44,,0,South,Municipal Transit Bus (TTC),Turning Left,Failed to Yield Right of Way,Inattentive, , , , , , ,1,0,0,0,0,1,0,0,0,1,0,0,0,0
5001444151,2015,8,22,7,30,5,43.63851507,-79.5379983,Etobicoke-Lakeshore (5),5,Islington-City Centre West (14),14,D22,Etobicoke York,DUNDAS ST W,AUKLAND RD, ,Major Arterial,Intersection,At Intersection,Traffic Signal,Clear,Daylight,Dry,Non-Fatal Injury,Pedestrian Collisions,Pedestrian,75 to 79,Major,0,North, , , , ,Vehicle turns left while ped crosses with ROW at inter.,Crossing with right of way,Normal, , , ,1,0,0,0,0,1,0,0,0,1,0,0,0,0
6001864618,2016,10,20,7,30,3,43.68834646,-79.47423945,York South-Weston (12),12,Keelesdale-Eglinton West (110),110,D12,Etobicoke York,KEELE ST,HOLWOOD AV, ,Major Arterial,Intersection,At Intersection,No Control,Rain,"Dawn, artificial",Wet,Non-Fatal Injury,Pedestrian Collisions,Driver,30 to 34,,0,South,"Automobile, Station Wagon",Turning Left,Failed to Yield Right of Way,Normal, , , , , , ,1,0,1,0,0,0,0,0,0,1,0,0,0,0
6001864618,2016,10,20,7,30,3,43.68834646,-79.47423945,York South-Weston (12),12,Keelesdale-Eglinton West (110),110,D12,Etobicoke York,KEELE ST,HOLWOOD AV, ,Major Arterial,Intersection,At Intersection,No Control,Rain,"Dawn, artificial",Wet,Non-Fatal Injury,Pedestrian Collisions,Pedestrian,unknown,Major,0,North, , , , ,Vehicle turns left while ped crosses with ROW at inter.,Crossing with right of way,Normal, , , ,1,0,1,0,0,0,0,0,0,1,0,0,0,0
1122274,2009,7,25,7,31,5,43.71224538,-79.58039029,Etobicoke North (2),2,West Humber-Clairville (1),1,D23,Etobicoke York,MARTIN GROVE RD,BETHRIDGE RD, ,Minor Arterial,Mid-Block, ,No Control,Clear,Daylight,Dry,Non-Fatal Injury,Approaching,Vehicle Owner,unknown, ,0, ,Other, , , , , , , , , ,0,0,1,0,0,0,0,0,0,0,0,0,0,0
1122274,2009,7,25,7,31,5,43.71224538,-79.58039029,Etobicoke North (2),2,West Humber-Clairville (1),1,D23,Etobicoke York,MARTIN GROVE RD,BETHRIDGE RD, ,Minor Arterial,Mid-Block, ,No Control,Clear,Daylight,Dry,Non-Fatal Injury,Approaching,Driver,30 to 34,Minor,0,North,"Automobile, Station Wagon",Going Ahead,Driving Properly,Normal, , , , , , ,0,0,1,0,0,0,0,0,0,0,0,0,0,0
1122274,2009,7,25,7,31,5,43.71224538,-79.58039029,Etobicoke North (2),2,West Humber-Clairville (1),1,D23,Etobicoke York,MARTIN GROVE RD,BETHRIDGE RD, ,Minor Arterial,Mid-Block, ,No Control,Clear,Daylight,Dry,Non-Fatal Injury,Approaching,Vehicle Owner,unknown, ,0, ,Other, , , , , , , , , ,0,0,1,0,0,0,0,0,0,0,0,0,0,0
1122274,2009,7,25,7,31,5,43.71224538,-79.58039029,Etobicoke North (2),2,West Humber-Clairville (1),1,D23,Etobicoke York,MARTIN GROVE RD,BETHRIDGE RD, ,Minor Arterial,Mid-Block, ,No Control,Clear,Daylight,Dry,Non-Fatal Injury,Approaching,Driver,40 to 44,Major,0,South,"Automobile, Station Wagon",Going Ahead,Other,Inattentive, , , , , , ,0,0,1,0,0,0,0,0,0,0,0,0,0,0
1161585,2010,3,8,7,33,0,43.78534538,-79.25649029,Scarborough-Rouge River (41),41,Agincourt South-Malvern West (128),128,D42,Scarborough,MILNER Aven,MCCOWAN Road, ,Major Arterial,Intersection,At Intersection,Traffic Signal,Clear,Daylight,Dry,Non-Fatal Injury,Pedestrian Collisions,Driver,55 to 59,,0,South,"Automobile, Station Wagon",Turning Left,Failed to Yield Right of Way,Normal, , , , , , ,1,0,1,0,0,0,0,0,0,1,0,0,0,0
1161585,2010,3,8,7,33,0,43.78534538,-79.25649029,Scarborough-Rouge River (41),41,Agincourt South-Malvern West (128),128,D42,Scarborough,MILNER Aven,MCCOWAN Road, ,Major Arterial,Intersection,At Intersection,Traffic Signal,Clear,Daylight,Dry,Non-Fatal Injury,Pedestrian Collisions,Pedestrian,55 to 59,Major,0,North,Other, , , ,Vehicle turns left while ped crosses with ROW at inter.,Crossing with right of way,Normal, , , ,1,0,1,0,0,0,0,0,0,1,0,0,0,0
5001686563,2015,9,30,7,33,2,43.64956244,-79.41952906,Trinity-Spadina (19),19,Trinity-Bellwoods (81),81,D14,Toronto East York,DUNDAS ST W,ROXTON RD,60 m East of,Major Arterial,Intersection,Non Intersection,No Control,Clear,Daylight,Dry,Non-Fatal Injury,Sideswipe,Driver,30 to 34,,0,East,"Automobile, Station Wagon",Changing Lanes,Improper Lane Change,Inattentive, , , , , , ,0,0,1,1,0,0,0,0,0,0,0,0,0,0
5001686563,2015,9,30,7,33,2,43.64956244,-79.41952906,Trinity-Spadina (19),19,Trinity-Bellwoods (81),81,D14,Toronto East York,DUNDAS ST W,ROXTON RD,60 m East of,Major Arterial,Intersection,Non Intersection,No Control,Clear,Daylight,Dry,Non-Fatal Injury,Sideswipe,Motorcycle Driver,35 to 39,Major,0,East,Motorcycle,Going Ahead,Driving Properly,Normal, , , , , , ,0,0,1,1,0,0,0,0,0,0,0,0,0,0
1005351,2007,11,18,7,35,6,43.70054538,-79.33709029,Toronto-Danforth (29),29,Old East York (58),58,D54,Toronto East York,DON VALLEY PARKWAY  N,DON MILLS Road, ,Expressway,Mid-Block, ,No Control,Clear,Daylight,Dry,Non-Fatal Injury,SMV Other,Vehicle Owner,unknown, ,0, ,Other, , , , , , , , , ,0,0,1,0,0,0,0,0,0,0,0,0,0,0
1005351,2007,11,18,7,35,6,43.70054538,-79.33709029,Toronto-Danforth (29),29,Old East York (58),58,D54,Toronto East York,DON VALLEY PARKWAY  N,DON MILLS Road, ,Expressway,Mid-Block, ,No Control,Clear,Daylight,Dry,Non-Fatal Injury,SMV Other,Driver,30 to 34,Major,0,South,"Automobile, Station Wagon",Unknown, , , , , , , , ,0,0,1,0,0,0,0,0,0,0,0,0,0,0
141649049,2014,3,6,7,35,3,43.65729101,-79.50911341,Etobicoke-Lakeshore (5),5,Kingsway South (15),15,D22,Etobicoke York,PRINCE EDWARD DR N,SHAND AVE, ,Collector,Intersection, ,No Control,Snow,Daylight,Slush,Fatal,SMV Other,Driver,50 to 54,Fatal,6,South,"Automobile, Station Wagon",Pulling Onto Shoulder or towardCurb,Lost control,Unknown, , , , , , ,0,0,1,0,0,0,0,0,0,0,0,0,0,1
5000789698,2015,5,12,7,35,1,43.71578558,-79.57508478,Etobicoke North (2),2,West Humber-Clairville (1),1,D23,Etobicoke York,25 RACINE RD, ,5 m North of,Collector,Mid-Block,At/Near Private Drive,No Control,Clear,Daylight,Dry,Non-Fatal Injury,Turning Movement,Driver,55 to 59,Major,0,West,"Automobile, Station Wagon",Turning Left,Improper Turn,Unknown, , , , , , ,0,0,1,0,0,0,0,0,1,1,0,0,0,0
5000789698,2015,5,12,7,35,1,43.71578558,-79.57508478,Etobicoke North (2),2,West Humber-Clairville (1),1,D23,Etobicoke York,25 RACINE RD, ,5 m North of,Collector,Mid-Block,At/Near Private Drive,No Control,Clear,Daylight,Dry,Non-Fatal Injury,Turning Movement,Driver,20 to 24,Minimal,0,East,"Automobile, Station Wagon",Going Ahead,Exceeding Speed Limit,Normal, , , , , , ,0,0,1,0,0,0,0,0,1,1,0,0,0,0
1501518617,2015,9,3,7,36,3,43.62317236,-79.48179255,Etobicoke-Lakeshore (6),6,Mimico (includes Humber Bay Shores) (17),17,D22,Etobicoke York,PARK LAWN RD,LAKE SHORE BLVD W, ,Major Arterial,Mid-Block, ,No Control,Clear,Daylight,Dry,Fatal,Pedestrian Collisions,Pedestrian,70 to 74,Fatal,41,West, , , , ,Pedestrian hit at mid-block,"Crossing, no Traffic Control",Normal, , , ,1,0,0,0,1,0,0,0,0,0,0,0,0,1
1501518617,2015,9,3,7,36,3,43.62317236,-79.48179255,Etobicoke-Lakeshore (6),6,Mimico (includes Humber Bay Shores) (17),17,D22,Etobicoke York,PARK LAWN RD,LAKE SHORE BLVD W, ,Major Arterial,Mid-Block, ,No Control,Clear,Daylight,Dry,Fatal,Pedestrian Collisions,Truck Driver,25 to 29,,0,South,Truck - Open,Going Ahead,Driving Properly,Unknown, , , , , , ,1,0,0,0,1,0,0,0,0,0,0,0,0,1
4002082136,2014,5,15,7,37,3,43.77018316,-79.46068201,York Centre (10),10,Bathurst Manor (34),34,D32,North York,FINCH AVE W,WILMINGTON AVE, ,Major Arterial,Intersection,At Intersection,Traffic Signal,Clear,Daylight,Dry,Non-Fatal Injury,Turning Movement,Driver,60 to 64,,0,West,"Automobile, Station Wagon",Turning Left,Failed to Yield Right of Way,Inattentive, , , , , , ,0,0,1,0,0,0,0,1,0,1,0,0,0,0
4002082136,2014,5,15,7,37,3,43.77018316,-79.46068201,York Centre (10),10,Bathurst Manor (34),34,D32,North York,FINCH AVE W,WILMINGTON AVE, ,Major Arterial,Intersection,At Intersection,Traffic Signal,Clear,Daylight,Dry,Non-Fatal Injury,Turning Movement,Driver,20 to 24,Minimal,0,West,"Automobile, Station Wagon",Stopped,Driving Properly,Normal, , , , , , ,0,0,1,0,0,0,0,1,0,1,0,0,0,0
4002082136,2014,5,15,7,37,3,43.77018316,-79.46068201,York Centre (10),10,Bathurst Manor (34),34,D32,North York,FINCH AVE W,WILMINGTON AVE, ,Major Arterial,Intersection,At Intersection,Traffic Signal,Clear,Daylight,Dry,Non-Fatal Injury,Turning Movement,Driver,60 to 64,,0,West,"Automobile, Station Wagon",Stopped,Driving Properly,Normal, , , , , , ,0,0,1,0,0,0,0,1,0,1,0,0,0,0
4002082136,2014,5,15,7,37,3,43.77018316,-79.46068201,York Centre (10),10,Bathurst Manor (34),34,D32,North York,FINCH AVE W,WILMINGTON AVE, ,Major Arterial,Intersection,At Intersection,Traffic Signal,Clear,Daylight,Dry,Non-Fatal Injury,Turning Movement,Passenger,20 to 24,Major,0, , , , , , , , , , , ,0,0,1,0,0,0,0,1,0,1,0,0,0,0
4002082136,2014,5,15,7,37,3,43.77018316,-79.46068201,York Centre (10),10,Bathurst Manor (34),34,D32,North York,FINCH AVE W,WILMINGTON AVE, ,Major Arterial,Intersection,At Intersection,Traffic Signal,Clear,Daylight,Dry,Non-Fatal Injury,Turning Movement,Passenger,40 to 44,,0, , , , , , , , , , , ,0,0,1,0,0,0,0,1,0,1,0,0,0,0
7001286763,2017,7,18,7,37,1,43.75769003,-79.40994654,Willowdale (23),23,Willowdale East (51),51,D32,North York,YONGE ST,CAMERON AVE,40 m North of,Major Arterial,Mid-Block,Non Intersection,No Control,Clear,Daylight,Dry,Non-Fatal Injury,Cyclist Collisions,Truck Driver,55 to 59,,0,South,Truck - Dump,Changing Lanes,Improper Lane Change,Inattentive, , , , , , ,0,1,0,0,1,0,0,0,0,0,0,0,0,0
7001286763,2017,7,18,7,37,1,43.75769003,-79.40994654,Willowdale (23),23,Willowdale East (51),51,D32,North York,YONGE ST,CAMERON AVE,40 m North of,Major Arterial,Mid-Block,Non Intersection,No Control,Clear,Daylight,Dry,Non-Fatal Injury,Cyclist Collisions,Cyclist,40 to 44,Major,0,South,Bicycle,Going Ahead, , , , , ,Cyclist and Driver travelling in same direction. One vehicle sideswipes the other.,Driving Properly,Normal,0,1,0,0,1,0,0,0,0,0,0,0,0,0
1035924,2008,5,1,7,38,3,43.71964538,-79.24709029,Scarborough Southwest (36),36,Cliffcrest (123),123,D41,Scarborough,ST CLAIR AVE E,JEANETTE ST, ,Minor Arterial,Intersection,At Intersection,Stop Sign,Clear,Daylight,Dry,Fatal,Pedestrian Collisions,Vehicle Owner,unknown, ,0, ,Other, , , , , , , , , ,1,0,0,0,1,0,0,0,0,0,0,0,0,1
1035924,2008,5,1,7,38,3,43.71964538,-79.24709029,Scarborough Southwest (36),36,Cliffcrest (123),123,D41,Scarborough,ST CLAIR AVE E,JEANETTE ST, ,Minor Arterial,Intersection,At Intersection,Stop Sign,Clear,Daylight,Dry,Fatal,Pedestrian Collisions,Truck Driver,35 to 39,,0,South,Truck - Open,Turning Left,Improper Turn,Normal, , , , , , ,1,0,0,0,1,0,0,0,0,0,0,0,0,1
1035924,2008,5,1,7,38,3,43.71964538,-79.24709029,Scarborough Southwest (36),36,Cliffcrest (123),123,D41,Scarborough,ST CLAIR AVE E,JEANETTE ST, ,Minor Arterial,Intersection,At Intersection,Stop Sign,Clear,Daylight,Dry,Fatal,Pedestrian Collisions,Pedestrian,50 to 54,Fatal,16,North,Other, , , ,Vehicle turns left while ped crosses without ROW at inter.,"Crossing, no Traffic Control",Normal, , , ,1,0,0,0,1,0,0,0,0,0,0,0,0,1
1298952,2012,6,14,7,38,3,43.64624538,-79.39819029,Trinity-Spadina (20),20,Waterfront Communities-The Island (77),77,D14,Toronto East York,ADELAIDE ST W,BRANT ST, ,Major Arterial,Intersection,At Intersection,Traffic Signal,Clear,Daylight,Dry,Fatal,Pedestrian Collisions,Driver,45 to 49,,0,East,"Automobile, Station Wagon",Turning Left,Improper Turn,Normal, , , , , , ,1,0,1,0,0,0,0,0,0,0,0,0,0,1
1298952,2012,6,14,7,38,3,43.64624538,-79.39819029,Trinity-Spadina (20),20,Waterfront Communities-The Island (77),77,D14,Toronto East York,ADELAIDE ST W,BRANT ST, ,Major Arterial,Intersection,At Intersection,Traffic Signal,Clear,Daylight,Dry,Fatal,Pedestrian Collisions,Pedestrian,30 to 34,Fatal,18,East,Other, , , ,Vehicle turns left while ped crosses with ROW at inter.,Crossing with right of way,Normal, , , ,1,0,1,0,0,0,0,0,0,0,0,0,0,1
5001769257,2015,10,14,7,38,2,43.67114981,-79.38233576,Toronto Centre-Rosedale (27),27,Church-Yonge Corridor (75),75,D51,Toronto East York,BLOOR ST E,ST PAULS SQ, ,Major Arterial,Intersection,Intersection Related,No Control,Clear,Daylight,Dry,Non-Fatal Injury,Cyclist Collisions,Cyclist,40 to 44,Major,0,West,Bicycle,Changing Lanes, , , , , ,Cyclist and Driver travelling in same direction. One vehicle sideswipes the other.,Lost control,Normal,0,1,1,0,0,0,0,0,0,0,0,0,0,0
5001769257,2015,10,14,7,38,2,43.67114981,-79.38233576,Toronto Centre-Rosedale (27),27,Church-Yonge Corridor (75),75,D51,Toronto East York,BLOOR ST E,ST PAULS SQ, ,Major Arterial,Intersection,Intersection Related,No Control,Clear,Daylight,Dry,Non-Fatal Injury,Cyclist Collisions,Driver,45 to 49,,0,West,"Automobile, Station Wagon",Slowing or Stopping,Driving Properly,Normal, , , , , , ,0,1,1,0,0,0,0,0,0,0,0,0,0,0
6001710293,2016,9,26,7,38,0,43.67793997,-79.34958277,Toronto-Danforth (30),30,North Riverdale (68),68,D55,Toronto East York,LOGAN AVE,DANFORTH AVE, ,Major Arterial,Intersection,At Intersection,Traffic Controller,Clear,Daylight,Dry,Non-Fatal Injury,SMV Other,Truck Driver,45 to 49,,0,West,Truck - Tank,Slowing or Stopping,Driving Properly,Normal, , , , , , ,0,0,0,0,1,0,0,1,0,0,0,0,0,0
6001710293,2016,9,26,7,38,0,43.67793997,-79.34958277,Toronto-Danforth (30),30,North Riverdale (68),68,D55,Toronto East York,LOGAN AVE,DANFORTH AVE, ,Major Arterial,Intersection,At Intersection,Traffic Controller,Clear,Daylight,Dry,Non-Fatal Injury,SMV Other,Passenger,45 to 49,Major,0, , , , , , , , , , , ,0,0,0,0,1,0,0,1,0,0,0,0,0,0
6001710293,2016,9,26,7,38,0,43.67793997,-79.34958277,Toronto-Danforth (30),30,North Riverdale (68),68,D55,Toronto East York,LOGAN AVE,DANFORTH AVE, ,Major Arterial,Intersection,At Intersection,Traffic Controller,Clear,Daylight,Dry,Non-Fatal Injury,SMV Other,Passenger,20 to 24,,0, , , , , , , , , , , ,0,0,0,0,1,0,0,1,0,0,0,0,0,0
6001710293,2016,9,26,7,38,0,43.67793997,-79.34958277,Toronto-Danforth (30),30,North Riverdale (68),68,D55,Toronto East York,LOGAN AVE,DANFORTH AVE, ,Major Arterial,Intersection,At Intersection,Traffic Controller,Clear,Daylight,Dry,Non-Fatal Injury,SMV Other,Passenger,unknown,,0, , , , , , , , , , , ,0,0,0,0,1,0,0,1,0,0,0,0,0,0
1326942,2012,10,11,7,39,3,43.64932211,-79.42077265,Trinity-Spadina (19),19,Trinity-Bellwoods (81),81,D14,Toronto East York,OSSINGTON AVE,DUNDAS ST W, ,Minor Arterial,Intersection, ,No Control,Clear,Daylight,Dry,Non-Fatal Injury,Turning Movement,Motorcycle Driver,20 to 24,Major,0,South,Motorcycle,Going Ahead,Driving Properly,Normal, , , , , , ,0,0,1,1,0,0,0,0,0,0,0,0,0,0
1326942,2012,10,11,7,39,3,43.64932211,-79.42077265,Trinity-Spadina (19),19,Trinity-Bellwoods (81),81,D14,Toronto East York,OSSINGTON AVE,DUNDAS ST W, ,Minor Arterial,Intersection, ,No Control,Clear,Daylight,Dry,Non-Fatal Injury,Turning Movement,Vehicle Owner,unknown, ,0, ,Other, , , , , , , , , ,0,0,1,1,0,0,0,0,0,0,0,0,0,0
1326942,2012,10,11,7,39,3,43.64932211,-79.42077265,Trinity-Spadina (19),19,Trinity-Bellwoods (81),81,D14,Toronto East York,OSSINGTON AVE,DUNDAS ST W, ,Minor Arterial,Intersection, ,No Control,Clear,Daylight,Dry,Non-Fatal Injury,Turning Movement,Driver,50 to 54,,0,East,Taxi,Making U Turn,Improper Turn,Inattentive, , , , , , ,0,0,1,1,0,0,0,0,0,0,0,0,0,0
964724,2007,4,17,7,40,1,43.77874538,-79.30789029,Scarborough-Agincourt (40),40,Tam O'Shanter-Sullivan (118),118,D42,Scarborough,WARDEN AVE,SHEPPARD AVE E, ,Major Arterial,Intersection,At Intersection,Traffic Signal,Clear,Daylight,Dry,Non-Fatal Injury,Turning Movement,Driver,70 to 74,Major,0,North,"Automobile, Station Wagon",Going Ahead,Disobeyed Traffic Control,Medical or Physical Disability, , , , , , ,0,0,1,0,0,0,0,0,0,1,1,0,1,0
964724,2007,4,17,7,40,1,43.77874538,-79.30789029,Scarborough-Agincourt (40),40,Tam O'Shanter-Sullivan (118),118,D42,Scarborough,WARDEN AVE,SHEPPARD AVE E, ,Major Arterial,Intersection,At Intersection,Traffic Signal,Clear,Daylight,Dry,Non-Fatal Injury,Turning Movement,Driver,35 to 39,,0,North,"Automobile, Station Wagon",Reversing,Driving Properly,Normal, , , , , , ,0,0,1,0,0,0,0,0,0,1,1,0,1,0
964724,2007,4,17,7,40,1,43.77874538,-79.30789029,Scarborough-Agincourt (40),40,Tam O'Shanter-Sullivan (118),118,D42,Scarborough,WARDEN AVE,SHEPPARD AVE E, ,Major Arterial,Intersection,At Intersection,Traffic Signal,Clear,Daylight,Dry,Non-Fatal Injury,Turning Movement,Vehicle Owner,unknown,,0, ,Other, , , , , , , , , ,0,0,1,0,0,0,0,0,0,1,1,0,1,0
964724,2007,4,17,7,40,1,43.77874538,-79.30789029,Scarborough-Agincourt (40),40,Tam O'Shanter-Sullivan (118),118,D42,Scarborough,WARDEN AVE,SHEPPARD AVE E, ,Major Arterial,Intersection,At Intersection,Traffic Signal,Clear,Daylight,Dry,Non-Fatal Injury,Turning Movement,Driver,35 to 39,Minor,0,West,"Automobile, Station Wagon",Turning Left,Driving Properly,Normal, , , , , , ,0,0,1,0,0,0,0,0,0,1,1,0,1,0