ACCNUM,YEAR,MONTH,DAY,HOUR,MINUTES,WEEKDAY,LATITUDE,LONGITUDE,Ward_Name,Ward_ID,Hood_Name,Hood_ID,Division,District,STREET1,STREET2,OFFSET,ROAD_CLASS,LOCCOORD,ACCLOC,TRAFFCTL,VISIBILITY,LIGHT,RDSFCOND,ACCLASS,IMPACTYPE,INVTYPE,INVAGE,INJURY,FATAL_NO,INITDIR,VEHTYPE,MANOEUVER,DRIVACT,DRIVCOND,PEDTYPE,PEDACT,PEDCOND,CYCLISTYPE,CYCACT,CYCCOND,PEDESTRIAN,CYCLIST,AUTOMOBILE,MOTORCYCLE,TRUCK,TRSN_CITY_VEH,EMERG_VEH,PASSENGER,SPEEDING,AG_DRIV,REDLIGHT,ALCOHOL,DISABILITY,label
1122775,2009,8,1,7,40,5,43.69764538,-79.38879029,St. Paul's (22),22,Mount Pleasant West (104),104,D53,Toronto East York,MERTON ST,PAILTON CRES, ,Collector,Intersection, ,No Control,Clear,Daylight,Dry,Non-Fatal Injury,SMV Unattended Vehicle,Driver,60 to 64,Major,0,East,"Automobile, Station Wagon",Going Ahead,Following too Close,Inattentive, , , , , , ,0,0,1,0,0,0,0,0,0,1,0,0,0,0
1122775,2009,8,1,7,40,5,43.69764538,-79.38879029,St. Paul's (22),22,Mount Pleasant West (104),104,D53,Toronto East York,MERTON ST,PAILTON CRES, ,Collector,Intersection, ,No Control,Clear,Daylight,Dry,Non-Fatal Injury,SMV Unattended Vehicle,Other,unknown,,0,East,Other,Parked, , , , , , , , ,0,0,1,0,0,0,0,0,0,1,0,0,0,0
1306461,2012,7,24,7,40,1,43.74734538,-79.56439029,York West (7),7,Humber Summit (21),21,D31,Etobicoke York,FINCH AVE W,MILADY RD, ,Major Arterial,Intersection, ,No Control,Clear,Daylight,Dry,Non-Fatal Injury,Pedestrian Collisions,Pedestrian,10 to 14,Major,0,Unknown,Other, , , ,Vehicle is going straight thru inter.while ped cross without ROW,Crossing without right of way,Inattentive, , , ,1,0,1,0,0,0,0,0,0,0,0,0,0,0
1306461,2012,7,24,7,40,1,43.74734538,-79.56439029,York West (7),7,Humber Summit (21),21,D31,Etobicoke York,FINCH AVE W,MILADY RD, ,Major Arterial,Intersection, ,No Control,Clear,Daylight,Dry,Non-Fatal Injury,Pedestrian Collisions,Driver,30 to 34,,0,East,"Automobile, Station Wagon",Going Ahead,Driving Properly,Unknown, , , , , , ,1,0,1,0,0,0,0,0,0,0,0,0,0,0
4002062071,2014,5,12,7,40,0,43.66672476,-79.33171473,Toronto-Danforth (30),30,South Riverdale (70),70,D55,Toronto East York,DUNDAS ST E,LESLIE ST, ,Minor Arterial,Intersection,At Intersection,Traffic Signal,Clear,Daylight,Dry,Non-Fatal Injury,Cyclist Collisions,Driver,35 to 39,,0,West,"Automobile, Station Wagon",Turning Right,Failed to Yield Right of Way,Normal, , , , , , ,0,1,1,0,0,0,0,1,0,1,0,0,0,0
4002062071,2014,5,12,7,40,0,43.66672476,-79.33171473,Toronto-Danforth (30),30,South Riverdale (70),70,D55,Toronto East York,DUNDAS ST E,LESLIE ST, ,Minor Arterial,Intersection,At Intersection,Traffic Signal,Clear,Daylight,Dry,Non-Fatal Injury,Cyclist Collisions,Passenger,30 to 34,,0, , , , , , , , , , , ,0,1,1,0,0,0,0,1,0,1,0,0,0,0
4002062071,2014,5,12,7,40,0,43.66672476,-79.33171473,Toronto-Danforth (30),30,South Riverdale (70),70,D55,Toronto East York,DUNDAS ST E,LESLIE ST, ,Minor Arterial,Intersection,At Intersection,Traffic Signal,Clear,Daylight,Dry,Non-Fatal Injury,Cyclist Collisions,Passenger,5 to 9,,0, , , , , , , , , , , ,0,1,1,0,0,0,0,1,0,1,0,0,0,0
4002062071,2014,5,12,7,40,0,43.66672476,-79.33171473,Toronto-Danforth (30),30,South Riverdale (70),70,D55,Toronto East York,DUNDAS ST E,LESLIE ST, ,Minor Arterial,Intersection,At Intersection,Traffic Signal,Clear,Daylight,Dry,Non-Fatal Injury,Cyclist Collisions,Passenger,0 to 4,,0, , , , , , , , , , , ,0,1,1,0,0,0,0,1,0,1,0,0,0,0
4002062071,2014,5,12,7,40,0,43.66672476,-79.33171473,Toronto-Danforth (30),30,South Riverdale (70),70,D55,Toronto East York,DUNDAS ST E,LESLIE ST, ,Minor Arterial,Intersection,At Intersection,Traffic Signal,Clear,Daylight,Dry,Non-Fatal Injury,Cyclist Collisions,Cyclist,40 to 44,Major,0,West,Bicycle,Going Ahead, , , , , ,Motorist turning right on green or amber at signalized intersection strikes cyclist.,Driving Properly,Normal,0,1,1,0,0,0,0,1,0,1,0,0,0,0
4003025669,2014,10,2,7,40,3,43.69676169,-79.49190913,York South-Weston (12),12,Brookhaven-Amesbury (30),30,D12,Etobicoke York,581 TRETHEWEY DR, , ,Minor Arterial,Mid-Block,Non Intersection,No Control,Clear,Daylight,Dry,Non-Fatal Injury,Sideswipe,Driver,30 to 34,,0,West,"Automobile, Station Wagon",Going Ahead,Driving Properly,Normal, , , , , , ,0,0,1,0,0,0,0,1,1,1,0,0,0,0
4003025669,2014,10,2,7,40,3,43.69676169,-79.49190913,York South-Weston (12),12,Brookhaven-Amesbury (30),30,D12,Etobicoke York,581 TRETHEWEY DR, , ,Minor Arterial,Mid-Block,Non Intersection,No Control,Clear,Daylight,Dry,Non-Fatal Injury,Sideswipe,Driver,30 to 34,,0,East,"Automobile, Station Wagon",Going Ahead,Driving Properly,Normal, , , , , , ,0,0,1,0,0,0,0,1,1,1,0,0,0,0
4003025669,2014,10,2,7,40,3,43.69676169,-79.49190913,York South-Weston (12),12,Brookhaven-Amesbury (30),30,D12,Etobicoke York,581 TRETHEWEY DR, , ,Minor Arterial,Mid-Block,Non Intersection,No Control,Clear,Daylight,Dry,Non-Fatal Injury,Sideswipe,Driver,55 to 59,Major,0,West,"Automobile, Station Wagon",Overtaking,Lost control,Had Been Drinking, , , , , , ,0,0,1,0,0,0,0,1,1,1,0,0,0,0
4003025669,2014,10,2,7,40,3,43.69676169,-79.49190913,York South-Weston (12),12,Brookhaven-Amesbury (30),30,D12,Etobicoke York,581 TRETHEWEY DR, , ,Minor Arterial,Mid-Block,Non Intersection,No Control,Clear,Daylight,Dry,Non-Fatal Injury,Sideswipe,Passenger,55 to 59,,0, , , , , , , , , , , ,0,0,1,0,0,0,0,1,1,1,0,0,0,0
4003025669,2014,10,2,7,40,3,43.69676169,-79.49190913,York South-Weston (12),12,Brookhaven-Amesbury (30),30,D12,Etobicoke York,581 TRETHEWEY DR, , ,Minor Arterial,Mid-Block,Non Intersection,No Control,Clear,Daylight,Dry,Non-Fatal Injury,Sideswipe,Passenger,15 to 19,,0, , , , , , , , , , , ,0,0,1,0,0,0,0,1,1,1,0,0,0,0
4003025669,2014,10,2,7,40,3,43.69676169,-79.49190913,York South-Weston (12),12,Brookhaven-Amesbury (30),30,D12,Etobicoke York,581 TRETHEWEY DR, , ,Minor Arterial,Mid-Block,Non Intersection,No Control,Clear,Daylight,Dry,Non-Fatal Injury,Sideswipe,Passenger,10 to 14,,0, , , , , , , , , , , ,0,0,1,0,0,0,0,1,1,1,0,0,0,0
4003025669,2014,10,2,7,40,3,43.69676169,-79.49190913,York South-Weston (12),12,Brookhaven-Amesbury (30),30,D12,Etobicoke York,581 TRETHEWEY DR, , ,Minor Arterial,Mid-Block,Non Intersection,No Control,Clear,Daylight,Dry,Non-Fatal Injury,Sideswipe,Passenger,35 to 39,,0, , , , , , , , , , , ,0,0,1,0,0,0,0,1,1,1,0,0,0,0
1202989,2010,11,19,7,44,4,43.63844538,-79.39219029,Trinity-Spadina (20),20,Waterfront Communities-The Island (77),77,D52,Toronto East York,LOWER SPADINA AVE,LAKE SHORE BLVD W, ,Major Arterial,Intersection,At Intersection,Traffic Signal,Clear,Daylight,Dry,Fatal,Cyclist Collisions,Vehicle Owner,unknown, ,0, ,Other, , , , , , , , , ,0,1,0,0,0,1,0,0,0,0,0,0,0,1
1202989,2010,11,19,7,44,4,43.63844538,-79.39219029,Trinity-Spadina (20),20,Waterfront Communities-The Island (77),77,D52,Toronto East York,LOWER SPADINA AVE,LAKE SHORE BLVD W, ,Major Arterial,Intersection,At Intersection,Traffic Signal,Clear,Daylight,Dry,Fatal,Cyclist Collisions,Driver,30 to 34,,0,South,Municipal Transit Bus (TTC),Going Ahead,Driving Properly,Normal, , , , , , ,0,1,0,0,0,1,0,0,0,0,0,0,0,1
1202989,2010,11,19,7,44,4,43.63844538,-79.39219029,Trinity-Spadina (20),20,Waterfront Communities-The Island (77),77,D52,Toronto East York,LOWER SPADINA AVE,LAKE SHORE BLVD W, ,Major Arterial,Intersection,At Intersection,Traffic Signal,Clear,Daylight,Dry,Fatal,Cyclist Collisions,Cyclist,60 to 64,Fatal,36,East,Bicycle,Pulling Away from Shoulder or Curb, , , , , ,"Cyclist without ROW rides into path of motorist at inter, lnwy, dwy-Cyclist not turn.",Disobeyed Traffic Control,Normal,0,1,0,0,0,1,0,0,0,0,0,0,0,1
1058466,2008,8,26,7,45,1,43.68014538,-79.43299029,Davenport (17),17,Wychwood (94),94,D13,Toronto East York,ST CLAIR AVE W,WINONA DR, ,Major Arterial,Mid-Block, ,No Control,Clear,Daylight,Dry,Non-Fatal Injury,Cyclist Collisions,Driver,30 to 34,,0,West,"Automobile, Station Wagon",Parked,Other,Normal, , , , , , ,0,1,1,0,0,0,0,0,0,0,0,0,0,0
1058466,2008,8,26,7,45,1,43.68014538,-79.43299029,Davenport (17),17,Wychwood (94),94,D13,Toronto East York,ST CLAIR AVE W,WINONA DR, ,Major Arterial,Mid-Block, ,No Control,Clear,Daylight,Dry,Non-Fatal Injury,Cyclist Collisions,Cyclist,45 to 49,Major,0,West,Bicycle,Going Ahead, , , , , ,Cyclist struck opened vehicle door,Driving Properly,Normal,0,1,1,0,0,0,0,0,0,0,0,0,0,0
1124210,2009,8,17,7,45,0,43.74034538,-79.40589029,Don Valley West (25),25,Bridle Path-Sunnybrook-York Mills (41),41,D32,North York,YONGE ST,MILL ST, ,Major Arterial,Intersection,At Intersection,Traffic Signal,Clear,Daylight,Dry,Non-Fatal Injury,SMV Other,Moped Driver,55 to 59,Major,0,North,Moped,Going Ahead,Lost control,Normal, , , , , , ,0,1,0,0,0,0,0,0,0,0,0,0,0,0
1148052,2009,12,15,7,45,1,43.79704538,-79.28339029,Scarborough-Rouge River (41),41,Agincourt South-Malvern West (128),128,D42,Scarborough,MIDLAND Aven,HUNTINGWOOD Driv, ,Major Arterial,Intersection,At Intersection,Traffic Signal,Clear,Daylight,Wet,Non-Fatal Injury,Turning Movement,Driver,50 to 54,Major,0,South,"Automobile, Station Wagon",Going Ahead,Driving Properly,Normal, , , , , , ,0,0,1,0,0,0,0,0,0,0,0,0,0,0
1148052,2009,12,15,7,45,1,43.79704538,-79.28339029,Scarborough-Rouge River (41),41,Agincourt South-Malvern West (128),128,D42,Scarborough,MIDLAND Aven,HUNTINGWOOD Driv, ,Major Arterial,Intersection,At Intersection,Traffic Signal,Clear,Daylight,Wet,Non-Fatal Injury,Turning Movement,Driver,40 to 44,,0,North,"Automobile, Station Wagon",Turning Left,Improper Turn,Inattentive, , , , , , ,0,0,1,0,0,0,0,0,0,0,0,0,0,0
1226385,2011,1,31,7,45,0,43.72514538,-79.23239029,Scarborough Southwest (36),36,Cliffcrest (123),123,D43,Scarborough,KINGSTON RD,CATHEDRAL BLUFFS DR, ,Major Arterial,Intersection,At Intersection,Traffic Signal,Clear,Daylight,Dry,Non-Fatal Injury,Pedestrian Collisions,Driver,45 to 49,,0,South,"Automobile, Station Wagon",Turning Left,Failed to Yield Right of Way,Normal, , , , , , ,1,0,1,0,0,0,0,0,0,1,0,0,0,0
1226385,2011,1,31,7,45,0,43.72514538,-79.23239029,Scarborough Southwest (36),36,Cliffcrest (123),123,D43,Scarborough,KINGSTON RD,CATHEDRAL BLUFFS DR, ,Major Arterial,Intersection,At Intersection,Traffic Signal,Clear,Daylight,Dry,Non-Fatal Injury,Pedestrian Collisions,Pedestrian,20 to 24,Major,0,North,Other, , , ,Vehicle turns left while ped crosses with ROW at inter.,Crossing with right of way,Normal, , , ,1,0,1,0,0,0,0,0,0,1,0,0,0,0
1226490,2011,4,5,7,45,1,43.65574538,-79.45229029,Parkdale-High Park (14),14,Roncesvalles (86),86,D11,Toronto East York,DUNDAS ST W,BLOOR ST W, ,Minor Arterial,Mid-Block, ,No Control,Clear,Daylight,Dry,Non-Fatal Injury,Pedestrian Collisions,Other,25 to 29,,0, ,Other, , , , , , , , , ,1,0,1,0,0,0,0,0,0,0,0,0,0,0
1226490,2011,4,5,7,45,1,43.65574538,-79.45229029,Parkdale-High Park (14),14,Roncesvalles (86),86,D11,Toronto East York,DUNDAS ST W,BLOOR ST W, ,Minor Arterial,Mid-Block, ,No Control,Clear,Daylight,Dry,Non-Fatal Injury,Pedestrian Collisions,Pedestrian,60 to 64,Major,0,West,Other,Other, , ,Pedestrian hit at mid-block,"Crossing, no Traffic Control",Normal, , , ,1,0,1,0,0,0,0,0,0,0,0,0,0,0
1226490,2011,4,5,7,45,1,43.65574538,-79.45229029,Parkdale-High Park (14),14,Roncesvalles (86),86,D11,Toronto East York,DUNDAS ST W,BLOOR ST W, ,Minor Arterial,Mid-Block, ,No Control,Clear,Daylight,Dry,Non-Fatal Injury,Pedestrian Collisions,Driver,20 to 24,,0,North,"Automobile, Station Wagon",Slowing or Stopping,Driving Properly,Normal, , , , , , ,1,0,1,0,0,0,0,0,0,0,0,0,0,0
1369884,2013,8,12,7,45,0,43.78327902,-79.2882577,Scarborough-Agincourt (40),40,Agincourt South-Malvern West (128),128,D42,Scarborough,KENNEDY RD,SHEPPARD Ave E, ,Major Arterial,Intersection,At Intersection,Traffic Signal,Clear,Daylight,Dry,Non-Fatal Injury,Pedestrian Collisions,Vehicle Owner,unknown, ,0, ,Other, , , , , , , , , ,1,0,1,0,0,0,0,0,0,0,0,0,0,0
1369884,2013,8,12,7,45,0,43.78327902,-79.2882577,Scarborough-Agincourt (40),40,Agincourt South-Malvern West (128),128,D42,Scarborough,KENNEDY RD,SHEPPARD Ave E, ,Major Arterial,Intersection,At Intersection,Traffic Signal,Clear,Daylight,Dry,Non-Fatal Injury,Pedestrian Collisions,Driver,50 to 54,,0,North,"Automobile, Station Wagon",Turning Left,Driving Properly,Normal, , , , , , ,1,0,1,0,0,0,0,0,0,0,0,0,0,0
1369884,2013,8,12,7,45,0,43.78327902,-79.2882577,Scarborough-Agincourt (40),40,Agincourt South-Malvern West (128),128,D42,Scarborough,KENNEDY RD,SHEPPARD Ave E, ,Major Arterial,Intersection,At Intersection,Traffic Signal,Clear,Daylight,Dry,Non-Fatal Injury,Pedestrian Collisions,Pedestrian,70 to 74,Major,0,West,Other, , , ,Vehicle turns left while ped crosses without ROW at inter.,Crossing without right of way,Normal, , , ,1,0,1,0,0,0,0,0,0,0,0,0,0,0
6001529591,2016,8,29,7,45,0,43.81685217,-79.33642969,Scarborough-Agincourt (39),39,Steeles (116),116,D42,Scarborough,STEELES AVE E,PHARMACY AVE, ,Major Arterial,Intersection,At Intersection,Traffic Signal,Clear,Daylight,Dry,Non-Fatal Injury,Pedestrian Collisions,Driver,35 to 39,,0,East,"Automobile, Station Wagon",Turning Right,Failed to Yield Right of Way,Inattentive, , , , , , ,1,0,1,0,0,0,0,0,0,1,0,0,0,0
6001529591,2016,8,29,7,45,0,43.81685217,-79.33642969,Scarborough-Agincourt (39),39,Steeles (116),116,D42,Scarborough,STEELES AVE E,PHARMACY AVE, ,Major Arterial,Intersection,At Intersection,Traffic Signal,Clear,Daylight,Dry,Non-Fatal Injury,Pedestrian Collisions,Pedestrian,20 to 24,Major,0,East, , , , ,Vehicle turns right while ped crosses with ROW at inter.,Crossing with right of way,Normal, , , ,1,0,1,0,0,0,0,0,0,1,0,0,0,0
1040891,2008,5,30,7,46,4,43.67134538,-79.39019029,Toronto Centre-Rosedale (27),27,Annex (95),95,D53,Toronto East York,BAY ST,YORKVILLE AVE, ,Major Arterial,Intersection, ,Traffic Signal,Clear,Daylight,Dry,Fatal,Pedestrian Collisions,Vehicle Owner,unknown, ,0, ,Other, , , , , , , , , ,1,0,1,0,0,0,0,0,0,0,0,0,0,1
1040891,2008,5,30,7,46,4,43.67134538,-79.39019029,Toronto Centre-Rosedale (27),27,Annex (95),95,D53,Toronto East York,BAY ST,YORKVILLE AVE, ,Major Arterial,Intersection, ,Traffic Signal,Clear,Daylight,Dry,Fatal,Pedestrian Collisions,Driver,40 to 44,,0,West,"Automobile, Station Wagon",Turning Left,Driving Properly,Normal, , , , , , ,1,0,1,0,0,0,0,0,0,0,0,0,0,1
1040891,2008,5,30,7,46,4,43.67134538,-79.39019029,Toronto Centre-Rosedale (27),27,Annex (95),95,D53,Toronto East York,BAY ST,YORKVILLE AVE, ,Major Arterial,Intersection, ,Traffic Signal,Clear,Daylight,Dry,Fatal,Pedestrian Collisions,Pedestrian,70 to 74,Fatal,22,East,Other, , , ,Pedestrian involved in a collision with transit vehicle anywhere along roadway,Crossing without right of way,Unknown, , , ,1,0,1,0,0,0,0,0,0,0,0,0,0,1
1161062,2010,3,1,7,46,0,43.67394538,-79.30789029,Beaches-East York (32),32,The Beaches (63),63,D55,Toronto East York,WOODBINE Aven,KINGSTON Road, ,Major Arterial,Intersection,At Intersection,Traffic Signal,Clear,Daylight,Dry,Non-Fatal Injury,Angle,Passenger,40 to 44,Minimal,0, ,Other, , , , , , , , , ,0,0,1,0,1,0,0,1,1,1,1,0,0,0
1161062,2010,3,1,7,46,0,43.67394538,-79.30789029,Beaches-East York (32),32,The Beaches (63),63,D55,Toronto East York,WOODBINE Aven,KINGSTON Road, ,Major Arterial,Intersection,At Intersection,Traffic Signal,Clear,Daylight,Dry,Non-Fatal Injury,Angle,Vehicle Owner,unknown, ,0, ,Other, , , , , , , , , ,0,0,1,0,1,0,0,1,1,1,1,0,0,0
1161062,2010,3,1,7,46,0,43.67394538,-79.30789029,Beaches-East York (32),32,The Beaches (63),63,D55,Toronto East York,WOODBINE Aven,KINGSTON Road, ,Major Arterial,Intersection,At Intersection,Traffic Signal,Clear,Daylight,Dry,Non-Fatal Injury,Angle,Truck Driver,35 to 39,Major,0,East,Truck - Open,Going Ahead,Driving Properly,Normal, , , , , , ,0,0,1,0,1,0,0,1,1,1,1,0,0,0
1161062,2010,3,1,7,46,0,43.67394538,-79.30789029,Beaches-East York (32),32,The Beaches (63),63,D55,Toronto East York,WOODBINE Aven,KINGSTON Road, ,Major Arterial,Intersection,At Intersection,Traffic Signal,Clear,Daylight,Dry,Non-Fatal Injury,Angle,Driver,55 to 59,Minor,0,South,"Automobile, Station Wagon",Going Ahead,Disobeyed Traffic Control,Inattentive, , , , , , ,0,0,1,0,1,0,0,1,1,1,1,0,0,0
1371425,2013,6,17,8,40,0,43.76854538,-79.18879029,Scarborough East (43),43,West Hill (136),136,D43,Scarborough,KINGSTON RD,FALAISE RD E, ,Major Arterial,Intersection, ,No Control,Clear,Daylight,Dry,Non-Fatal Injury,Pedestrian Collisions,Pedestrian,50 to 54,Major,0,West,Other, , , ,Vehicle is going straight thru inter.while ped cross without ROW,"Crossing, no Traffic Control",Unknown, , , ,1,0,0,0,1,0,0,0,0,0,0,0,0,0
7001340005,2017,7,26,7,46,2,43.74142798,-79.31420527,Don Valley East (34),34,Victoria Village (43),43,D33,North York,LAWRENCE AVE E,CARNFORTH RD,20 m East of,Major Arterial,Intersection,At Intersection,Traffic Signal,Clear,Daylight,Dry,Non-Fatal Injury,Rear End,Driver,20 to 24,,0,West,"Automobile, Station Wagon",Slowing or Stopping,Driving Properly,Normal, , , , , , ,0,0,1,1,0,0,0,0,0,1,0,0,0,0
5001362618,2015,8,9,7,0,6,43.79898413,-79.30598078,Scarborough-Agincourt (40),40,L'Amoreaux (117),117,D42,Scarborough,FINCH AVE E,BIRCHMOUNT RD, ,Major Arterial,Intersection,At Intersection,Traffic Signal,Clear,Daylight,Dry,Non-Fatal Injury,Pedestrian Collisions,Driver,55 to 59,,0,East,"Automobile, Station Wagon",Turning Right,Failed to Yield Right of Way,Normal, , , , , , ,1,0,1,0,0,0,0,0,0,1,0,0,0,0
7001983024,2017,11,2,8,40,3,43.62121924,-79.56021509,Etobicoke-Lakeshore (5),5,Islington-City Centre West (14),14,D22,Etobicoke York,161 THE WEST MALL, , ,Minor Arterial,Mid-Block,Non Intersection,No Control, ,Daylight, ,Fatal,Approaching,Driver,35 to 39,Minor,0,South,"Automobile, Station Wagon",Going Ahead,Driving Properly,Normal, , , , , , ,0,0,1,0,0,0,0,0,0,0,0,0,0,1
1236286,2011,3,30,6,50,2,43.65354538,-79.42639029,Davenport (18),18,Little Portugal (84),84,D14,Toronto East York,COLLEGE ST,DOVERCOURT RD, ,Major Arterial,Intersection,At Intersection,Traffic Signal,Clear,Daylight,Dry,Non-Fatal Injury,Cyclist Collisions,Vehicle Owner,unknown, ,0, ,Other, , , , , , , , , ,0,1,0,0,1,0,0,0,0,0,0,0,0,0
1232602,2011,5,9,8,15,0,43.75774538,-79.46499029,York Centre (10),10,York University Heights (27),27,D32,North York,WILLIAM R ALLEN Road,RIMROCK Road, ,Major Arterial,Intersection,At Intersection,Traffic Signal,Clear,Daylight,Dry,Non-Fatal Injury,Turning Movement,Driver,85 to 89,,0,North,"Automobile, Station Wagon",Stopped,Driving Properly,Normal, , , , , , ,0,0,1,0,0,0,0,0,0,0,0,0,0,0
5000022438,2015,1,5,7,47,0,43.76103171,-79.46519861,York Centre (10),10,Bathurst Manor (34),34,D32,North York,DUFFERIN ST,STEEPROCK DR, ,Major Arterial,Intersection,At Intersection,Traffic Signal,Clear,Daylight,Dry,Non-Fatal Injury,Turning Movement,Driver,45 to 49,Major,0,North,"Automobile, Station Wagon",Turning Left,Improper Turn,Normal, , , , , , ,0,0,1,0,0,0,0,0,0,1,1,0,0,0
5000022438,2015,1,5,7,47,0,43.76103171,-79.46519861,York Centre (10),10,Bathurst Manor (34),34,D32,North York,DUFFERIN ST,STEEPROCK DR, ,Major Arterial,Intersection,At Intersection,Traffic Signal,Clear,Daylight,Dry,Non-Fatal Injury,Turning Movement,Driver,45 to 49,Minor,0,South,"Automobile, Station Wagon",Going Ahead,Disobeyed Traffic Control,Normal, , , , , , ,0,0,1,0,0,0,0,0,0,1,1,0,0,0
5000022438,2015,1,5,7,47,0,43.76103171,-79.46519861,York Centre (10),10,Bathurst Manor (34),34,D32,North York,DUFFERIN ST,STEEPROCK DR, ,Major Arterial,Intersection,At Intersection,Traffic Signal,Clear,Daylight,Dry,Non-Fatal Injury,Turning Movement,Driver,45 to 49,,0,South,"Automobile, Station Wagon",Stopped,Driving Properly,Normal, , , , , , ,0,0,1,0,0,0,0,0,0,1,1,0,0,0
1070403,2008,11,17,7,48,0,43.64334538,-79.57249029,Etobicoke Centre (3),3,Eringate-Centennial-West Deane (11),11,D22,Etobicoke York,RENFORTH Dr,BURNHAMTHORPE Rd, ,Major Arterial,Intersection,At Intersection,Traffic Signal,Clear,Daylight,Dry,Non-Fatal Injury,Approaching,Driver,50 to 54,Major,0,North,"Automobile, Station Wagon",Stopped,Lost control,Medical or Physical Disability, , , , , , ,0,0,1,0,0,0,0,0,0,0,0,0,1,0
1070403,2008,11,17,7,48,0,43.64334538,-79.57249029,Etobicoke Centre (3),3,Eringate-Centennial-West Deane (11),11,D22,Etobicoke York,RENFORTH Dr,BURNHAMTHORPE Rd, ,Major Arterial,Intersection,At Intersection,Traffic Signal,Clear,Daylight,Dry,Non-Fatal Injury,Approaching,Driver,35 to 39,,0,South,"Automobile, Station Wagon",Stopped,Driving Properly,Unknown, , , , , , ,0,0,1,0,0,0,0,0,0,0,0,0,1,0
1070403,2008,11,17,7,48,0,43.64334538,-79.57249029,Etobicoke Centre (3),3,Eringate-Centennial-West Deane (11),11,D22,Etobicoke York,RENFORTH Dr,BURNHAMTHORPE Rd, ,Major Arterial,Intersection,At Intersection,Traffic Signal,Clear,Daylight,Dry,Non-Fatal Injury,Approaching,Driver,45 to 49,,0,South,"Automobile, Station Wagon",Stopped,Driving Properly,Normal, , , , , , ,0,0,1,0,0,0,0,0,0,0,0,0,1,0
1332258,2012,12,20,7,48,3,43.78234538,-79.29219029,Scarborough-Agincourt (40),40,Tam O'Shanter-Sullivan (118),118,D42,Scarborough,SHEPPARD AVE E,ALLANFORD RD, ,Major Arterial,Mid-Block, ,No Control,Clear,Daylight,Dry,Fatal,Pedestrian Collisions,Vehicle Owner,unknown, ,0, ,Other, , , , , , , , , ,1,0,1,0,0,0,0,0,0,0,0,0,0,1
1332258,2012,12,20,7,48,3,43.78234538,-79.29219029,Scarborough-Agincourt (40),40,Tam O'Shanter-Sullivan (118),118,D42,Scarborough,SHEPPARD AVE E,ALLANFORD RD, ,Major Arterial,Mid-Block, ,No Control,Clear,Daylight,Dry,Fatal,Pedestrian Collisions,Driver,60 to 64,,0,West,"Automobile, Station Wagon",Going Ahead,Lost control,Fatigue, , , , , , ,1,0,1,0,0,0,0,0,0,0,0,0,0,1
1332258,2012,12,20,7,48,3,43.78234538,-79.29219029,Scarborough-Agincourt (40),40,Tam O'Shanter-Sullivan (118),118,D42,Scarborough,SHEPPARD AVE E,ALLANFORD RD, ,Major Arterial,Mid-Block, ,No Control,Clear,Daylight,Dry,Fatal,Pedestrian Collisions,Other Property Owner,unknown, ,0, ,Other, , , , , , , , , ,1,0,1,0,0,0,0,0,0,0,0,0,0,1
1332258,2012,12,20,7,48,3,43.78234538,-79.29219029,Scarborough-Agincourt (40),40,Tam O'Shanter-Sullivan (118),118,D42,Scarborough,SHEPPARD AVE E,ALLANFORD RD, ,Major Arterial,Mid-Block, ,No Control,Clear,Daylight,Dry,Fatal,Pedestrian Collisions,Pedestrian,65 to 69,Fatal,43,Unknown,Other, , , ,Pedestrian hit at mid-block,"Crossing, no Traffic Control",Normal, , , ,1,0,1,0,0,0,0,0,0,0,0,0,0,1
1370071,2013,8,13,7,48,1,43.66139181,-79.54390345,Etobicoke Centre (4),4,Princess-Rosethorn (10),10,D22,Etobicoke York,KIPLING Ave,THORNCREST RD, ,Major Arterial,Intersection, ,No Control,Clear,Daylight,Dry,Non-Fatal Injury,Angle,Motorcycle Driver,25 to 29,Major,0,South,Motorcycle,Going Ahead,Driving Properly,Normal, , , , , , ,0,0,1,1,0,0,0,0,1,1,0,0,0,0
987223,2007,8,1,8,30,2,43.76014538,-79.45329029,York Centre (10),10,Bathurst Manor (34),34,D32,North York,COMBE AVE,ELDER ST, ,Local,Intersection, ,Stop Sign,Clear,Daylight,Dry,Non-Fatal Injury,Angle,Driver,45 to 49,Minimal,0,South,"Automobile, Station Wagon",Going Ahead,Driving Properly,Normal, , , , , , ,0,0,1,0,0,0,0,1,0,1,0,0,0,0
1187943,2010,8,2,8,50,0,43.67584538,-79.40749029,St. Paul's (21),21,Casa Loma (96),96,D13,Toronto East York,SPADINA Rd,MACPHERSON Ave, ,Minor Arterial,Intersection,At Intersection,Stop Sign,Clear,Daylight,Dry,Non-Fatal Injury,Angle,Passenger,55 to 59,Major,0, ,Other, , , , , , , , , ,0,0,1,0,0,0,0,1,0,1,0,0,0,0
1370071,2013,8,13,7,48,1,43.66139181,-79.54390345,Etobicoke Centre (4),4,Princess-Rosethorn (10),10,D22,Etobicoke York,KIPLING Ave,THORNCREST RD, ,Major Arterial,Intersection, ,No Control,Clear,Daylight,Dry,Non-Fatal Injury,Angle,Driver,35 to 39,,0,East,"Automobile, Station Wagon",Other,Failed to Yield Right of Way,Normal, , , , , , ,0,0,1,1,0,0,0,0,1,1,0,0,0,0