ACCNUM,YEAR,MONTH,DAY,HOUR,MINUTES,WEEKDAY,LATITUDE,LONGITUDE,Ward_Name,Ward_ID,Hood_Name,Hood_ID,Division,District,STREET1,STREET2,OFFSET,ROAD_CLASS,LOCCOORD,ACCLOC,TRAFFCTL,VISIBILITY,LIGHT,RDSFCOND,ACCLASS,IMPACTYPE,INVTYPE,INVAGE,INJURY,FATAL_NO,INITDIR,VEHTYPE,MANOEUVER,DRIVACT,DRIVCOND,PEDTYPE,PEDACT,PEDCOND,CYCLISTYPE,CYCACT,CYCCOND,PEDESTRIAN,CYCLIST,AUTOMOBILE,MOTORCYCLE,TRUCK,TRSN_CITY_VEH,EMERG_VEH,PASSENGER,SPEEDING,AG_DRIV,REDLIGHT,ALCOHOL,DISABILITY,label
1387683,2013,10,3,7,48,3,43.7336994,-79.34252558,Don Valley West (25),25,Banbury-Don Mills (42),42,D33,North York,1090 DON MILLS Rd, , ,Major Arterial,Mid-Block, ,No Control,Clear,Daylight,Dry,Non-Fatal Injury,Cyclist Collisions,Driver,20 to 24,,0,North,"Automobile, Station Wagon",Turning Left,Failed to Yield Right of Way,Inattentive, , , , , , ,0,1,1,0,0,0,0,0,0,1,0,0,0,0
1387683,2013,10,3,7,48,3,43.7336994,-79.34252558,Don Valley West (25),25,Banbury-Don Mills (42),42,D33,North York,1090 DON MILLS Rd, , ,Major Arterial,Mid-Block, ,No Control,Clear,Daylight,Dry,Non-Fatal Injury,Cyclist Collisions,Cyclist,45 to 49,Major,0,South,Bicycle,Going Ahead, , , , , ,Motorist turned left across cyclists path.,Driving Properly,Normal,0,1,1,0,0,0,0,0,0,1,0,0,0,0
6000091975,2016,1,16,7,48,5,43.75126608,-79.63350306,Etobicoke North (1),1,West Humber-Clairville (1),1,D23,Etobicoke York,STEELES AVE W,ALCIDE ST,70 m East of,Major Arterial,Mid-Block,Non Intersection,No Control,Clear,Daylight,Wet,Non-Fatal Injury,Approaching,Driver,25 to 29,Minor,0,West,"Automobile, Station Wagon",Going Ahead,Lost control,Unknown, , , , , , ,0,0,1,0,0,0,0,0,0,0,0,0,0,0
6000091975,2016,1,16,7,48,5,43.75126608,-79.63350306,Etobicoke North (1),1,West Humber-Clairville (1),1,D23,Etobicoke York,STEELES AVE W,ALCIDE ST,70 m East of,Major Arterial,Mid-Block,Non Intersection,No Control,Clear,Daylight,Wet,Non-Fatal Injury,Approaching,Driver,25 to 29,Major,0,East,"Automobile, Station Wagon",Going Ahead,Driving Properly,Normal, , , , , , ,0,0,1,0,0,0,0,0,0,0,0,0,0,0
958067,2007,2,7,7,50,2,43.78206976,-79.4160882,Willowdale (24),24,Newtonbrook East (50),50,D32,North York,5714 YONGE ST, , ,Major Arterial,Mid-Block,Non Intersection,No Control,Clear,Daylight,Dry,Non-Fatal Injury,Pedestrian Collisions,Vehicle Owner,unknown, ,0, , , , , , , , , , , ,1,0,0,0,0,1,0,0,0,1,0,0,0,0
958067,2007,2,7,7,50,2,43.78206976,-79.4160882,Willowdale (24),24,Newtonbrook East (50),50,D32,North York,5714 YONGE ST, , ,Major Arterial,Mid-Block,Non Intersection,No Control,Clear,Daylight,Dry,Non-Fatal Injury,Pedestrian Collisions,Driver,55 to 59,,0,South,Municipal Transit Bus (TTC),Pulling Away from Shoulder or Curb,Failed to Yield Right of Way,Normal, , , , , , ,1,0,0,0,0,1,0,0,0,1,0,0,0,0
958067,2007,2,7,7,50,2,43.78206976,-79.4160882,Willowdale (24),24,Newtonbrook East (50),50,D32,North York,5714 YONGE ST, , ,Major Arterial,Mid-Block,Non Intersection,No Control,Clear,Daylight,Dry,Non-Fatal Injury,Pedestrian Collisions,Pedestrian,45 to 49,Major,0,Unknown, , , , ,Pedestrian involved in a collision with transit vehicle anywhere along roadway,Walking on Roadway with Traffic,Normal, , , ,1,0,0,0,0,1,0,0,0,1,0,0,0,0
1041888,2008,6,6,7,50,4,43.69094538,-79.47149029,York South-Weston (12),12,Keelesdale-Eglinton West (110),110,D12,Etobicoke York,EGLINTON AVE W,RICHARDSON AVE, ,Major Arterial,Intersection,At Intersection,Traffic Signal,Clear,Daylight,Dry,Non-Fatal Injury,Rear End,Motorcycle Driver,25 to 29,Major,0,East,Motorcycle,Going Ahead,Lost control,Normal, , , , , , ,0,0,1,1,0,0,0,0,0,0,0,0,0,0
1041888,2008,6,6,7,50,4,43.69094538,-79.47149029,York South-Weston (12),12,Keelesdale-Eglinton West (110),110,D12,Etobicoke York,EGLINTON AVE W,RICHARDSON AVE, ,Major Arterial,Intersection,At Intersection,Traffic Signal,Clear,Daylight,Dry,Non-Fatal Injury,Rear End,Driver,55 to 59,,0,East,"Automobile, Station Wagon",Stopped,Driving Properly,Normal, , , , , , ,0,0,1,1,0,0,0,0,0,0,0,0,0,0
1041888,2008,6,6,7,50,4,43.69094538,-79.47149029,York South-Weston (12),12,Keelesdale-Eglinton West (110),110,D12,Etobicoke York,EGLINTON AVE W,RICHARDSON AVE, ,Major Arterial,Intersection,At Intersection,Traffic Signal,Clear,Daylight,Dry,Non-Fatal Injury,Rear End,Driver,35 to 39,,0,East,"Automobile, Station Wagon",Stopped,Driving Properly,Normal, , , , , , ,0,0,1,1,0,0,0,0,0,0,0,0,0,0
1057794,2008,8,18,7,50,0,43.80994538,-79.33879029,Scarborough-Agincourt (39),39,Steeles (116),116,D42,Scarborough,3807 VICTORIA PARK Ave, , ,Major Arterial,Mid-Block, ,No Control,Clear,Daylight,Dry,Non-Fatal Injury,Approaching,Driver,65 to 69,Minimal,0,South,"Automobile, Station Wagon",Going Ahead,Lost control,Medical or Physical Disability, , , , , , ,0,0,1,0,0,0,0,0,0,0,0,0,1,0
1057794,2008,8,18,7,50,0,43.80994538,-79.33879029,Scarborough-Agincourt (39),39,Steeles (116),116,D42,Scarborough,3807 VICTORIA PARK Ave, , ,Major Arterial,Mid-Block, ,No Control,Clear,Daylight,Dry,Non-Fatal Injury,Approaching,Driver,50 to 54,Major,0,North,"Automobile, Station Wagon",Going Ahead,Driving Properly,Normal, , , , , , ,0,0,1,0,0,0,0,0,0,0,0,0,1,0
1144951,2009,12,6,7,50,6,43.65974538,-79.59409029,Etobicoke Centre (3),3,Eringate-Centennial-West Deane (11),11,D22,Etobicoke York,EGLINTON AVE W,EXPLORER DR, ,Major Arterial,Intersection,At Intersection,Traffic Signal,Clear,Daylight,Dry,Non-Fatal Injury,Rear End,Driver,55 to 59,Major,0,West,"Automobile, Station Wagon",Stopped,Driving Properly,Normal, , , , , , ,0,0,1,0,0,0,0,0,0,1,0,0,0,0
1144951,2009,12,6,7,50,6,43.65974538,-79.59409029,Etobicoke Centre (3),3,Eringate-Centennial-West Deane (11),11,D22,Etobicoke York,EGLINTON AVE W,EXPLORER DR, ,Major Arterial,Intersection,At Intersection,Traffic Signal,Clear,Daylight,Dry,Non-Fatal Injury,Rear End,Vehicle Owner,unknown, ,0, ,Other, , , , , , , , , ,0,0,1,0,0,0,0,0,0,1,0,0,0,0
1144951,2009,12,6,7,50,6,43.65974538,-79.59409029,Etobicoke Centre (3),3,Eringate-Centennial-West Deane (11),11,D22,Etobicoke York,EGLINTON AVE W,EXPLORER DR, ,Major Arterial,Intersection,At Intersection,Traffic Signal,Clear,Daylight,Dry,Non-Fatal Injury,Rear End,Driver,15 to 19,,0,West,"Automobile, Station Wagon",Going Ahead,Following too Close,Fatigue, , , , , , ,0,0,1,0,0,0,0,0,0,1,0,0,0,0
1144951,2009,12,6,7,50,6,43.65974538,-79.59409029,Etobicoke Centre (3),3,Eringate-Centennial-West Deane (11),11,D22,Etobicoke York,EGLINTON AVE W,EXPLORER DR, ,Major Arterial,Intersection,At Intersection,Traffic Signal,Clear,Daylight,Dry,Non-Fatal Injury,Rear End,Other Property Owner,unknown, ,0, ,Other, , , , , , , , , ,0,0,1,0,0,0,0,0,0,1,0,0,0,0
1244509,2011,6,3,7,50,4,43.71704538,-79.58059029,Etobicoke North (2),2,West Humber-Clairville (1),1,D23,Etobicoke York,62 RACINE DR, , ,Collector,Mid-Block, ,No Control,Clear,Daylight,Dry,Non-Fatal Injury,Approaching,Vehicle Owner,unknown, ,0, ,Other, , , , , , , , , ,0,0,1,0,1,0,0,1,0,0,0,0,0,0
1244509,2011,6,3,7,50,4,43.71704538,-79.58059029,Etobicoke North (2),2,West Humber-Clairville (1),1,D23,Etobicoke York,62 RACINE DR, , ,Collector,Mid-Block, ,No Control,Clear,Daylight,Dry,Non-Fatal Injury,Approaching,Driver,30 to 34,Major,0,East,"Automobile, Station Wagon",Going Ahead,Lost control,Inattentive, , , , , , ,0,0,1,0,1,0,0,1,0,0,0,0,0,0
1244509,2011,6,3,7,50,4,43.71704538,-79.58059029,Etobicoke North (2),2,West Humber-Clairville (1),1,D23,Etobicoke York,62 RACINE DR, , ,Collector,Mid-Block, ,No Control,Clear,Daylight,Dry,Non-Fatal Injury,Approaching,Passenger,40 to 44,Minor,0, ,Other, , , , , , , , , ,0,0,1,0,1,0,0,1,0,0,0,0,0,0
1244509,2011,6,3,7,50,4,43.71704538,-79.58059029,Etobicoke North (2),2,West Humber-Clairville (1),1,D23,Etobicoke York,62 RACINE DR, , ,Collector,Mid-Block, ,No Control,Clear,Daylight,Dry,Non-Fatal Injury,Approaching,Vehicle Owner,unknown, ,0, ,Other, , , , , , , , , ,0,0,1,0,1,0,0,1,0,0,0,0,0,0
1244509,2011,6,3,7,50,4,43.71704538,-79.58059029,Etobicoke North (2),2,West Humber-Clairville (1),1,D23,Etobicoke York,62 RACINE DR, , ,Collector,Mid-Block, ,No Control,Clear,Daylight,Dry,Non-Fatal Injury,Approaching,Truck Driver,40 to 44,Minor,0,West,Truck - Open,Going Ahead,Driving Properly,Normal, , , , , , ,0,0,1,0,1,0,0,1,0,0,0,0,0,0
1244509,2011,6,3,7,50,4,43.71704538,-79.58059029,Etobicoke North (2),2,West Humber-Clairville (1),1,D23,Etobicoke York,62 RACINE DR, , ,Collector,Mid-Block, ,No Control,Clear,Daylight,Dry,Non-Fatal Injury,Approaching,Vehicle Owner,unknown, ,0, ,Other, , , , , , , , , ,0,0,1,0,1,0,0,1,0,0,0,0,0,0
1311376,2012,8,22,7,50,2,43.83724538,-79.24849029,Scarborough-Rouge River (42),42,Rouge (131),131,D42,Scarborough,STEELES AVE E,TAPSCOTT RD, ,Minor Arterial,Intersection, ,Stop Sign,Clear,Daylight,Dry,Non-Fatal Injury,Turning Movement,Passenger,20 to 24,,0, ,"Automobile, Station Wagon", , , , , , , , , ,0,0,1,0,0,0,0,1,0,1,0,0,0,0
1311376,2012,8,22,7,50,2,43.83724538,-79.24849029,Scarborough-Rouge River (42),42,Rouge (131),131,D42,Scarborough,STEELES AVE E,TAPSCOTT RD, ,Minor Arterial,Intersection, ,Stop Sign,Clear,Daylight,Dry,Non-Fatal Injury,Turning Movement,Passenger,20 to 24,Minor,0, ,Other, , , , , , , , , ,0,0,1,0,0,0,0,1,0,1,0,0,0,0
1311376,2012,8,22,7,50,2,43.83724538,-79.24849029,Scarborough-Rouge River (42),42,Rouge (131),131,D42,Scarborough,STEELES AVE E,TAPSCOTT RD, ,Minor Arterial,Intersection, ,Stop Sign,Clear,Daylight,Dry,Non-Fatal Injury,Turning Movement,Vehicle Owner,unknown, ,0, ,Other, , , , , , , , , ,0,0,1,0,0,0,0,1,0,1,0,0,0,0
1311376,2012,8,22,7,50,2,43.83724538,-79.24849029,Scarborough-Rouge River (42),42,Rouge (131),131,D42,Scarborough,STEELES AVE E,TAPSCOTT RD, ,Minor Arterial,Intersection, ,Stop Sign,Clear,Daylight,Dry,Non-Fatal Injury,Turning Movement,Driver,55 to 59,Minimal,0,East,"Automobile, Station Wagon",Going Ahead,Failed to Yield Right of Way,Normal, , , , , , ,0,0,1,0,0,0,0,1,0,1,0,0,0,0
1311376,2012,8,22,7,50,2,43.83724538,-79.24849029,Scarborough-Rouge River (42),42,Rouge (131),131,D42,Scarborough,STEELES AVE E,TAPSCOTT RD, ,Minor Arterial,Intersection, ,Stop Sign,Clear,Daylight,Dry,Non-Fatal Injury,Turning Movement,Driver,40 to 44,,0,West,"Automobile, Station Wagon",Stopped,Driving Properly,Normal, , , , , , ,0,0,1,0,0,0,0,1,0,1,0,0,0,0
1311376,2012,8,22,7,50,2,43.83724538,-79.24849029,Scarborough-Rouge River (42),42,Rouge (131),131,D42,Scarborough,STEELES AVE E,TAPSCOTT RD, ,Minor Arterial,Intersection, ,Stop Sign,Clear,Daylight,Dry,Non-Fatal Injury,Turning Movement,Driver,30 to 34,,0,West,"Automobile, Station Wagon",Stopped,Driving Properly,Normal, , , , , , ,0,0,1,0,0,0,0,1,0,1,0,0,0,0
1311376,2012,8,22,7,50,2,43.83724538,-79.24849029,Scarborough-Rouge River (42),42,Rouge (131),131,D42,Scarborough,STEELES AVE E,TAPSCOTT RD, ,Minor Arterial,Intersection, ,Stop Sign,Clear,Daylight,Dry,Non-Fatal Injury,Turning Movement,Driver,45 to 49,Major,0,North,"Automobile, Station Wagon",Turning Left,Other,Normal, , , , , , ,0,0,1,0,0,0,0,1,0,1,0,0,0,0
1322569,2012,9,20,7,50,3,43.66754492,-79.32818995,Toronto-Danforth (30),30,South Riverdale (70),70,D55,Toronto East York,DUNDAS St E,HILTZ Ave, ,Minor Arterial,Mid-Block, ,No Control,Clear,Daylight,Dry,Non-Fatal Injury,SMV Other,Motorcycle Driver,45 to 49,Major,0,West,Motorcycle,Going Ahead,Lost control,Normal, , , , , , ,0,0,0,1,0,0,0,0,0,0,0,0,0,0
3013962476,2013,11,13,7,50,2,43.72790487,-79.4784585,York Centre (9),9,Downsview-Roding-CFB (26),26,D31,North York,WILSON AVE,INGLESIDE DR,1 m West of,Major Arterial,Intersection,Non Intersection,No Control,Clear,Daylight,Dry,Non-Fatal Injury,SMV Other,Truck Driver,55 to 59,Major,0,West,Truck - Open,Going Ahead,Failed to Yield Right of Way,Normal, , , , , , ,0,0,0,0,1,0,0,0,1,1,0,0,0,0
968074,2007,4,17,7,51,1,43.76914538,-79.37659029,Willowdale (24),24,Bayview Village (52),52,D33,North York,SHEPPARD AVE E,BESSARION RD, ,Major Arterial,Intersection,At Intersection,Traffic Signal,Clear,Daylight,Dry,Non-Fatal Injury,Angle,Driver,40 to 44,Minimal,0,West,"Automobile, Station Wagon",Stopped,Driving Properly,Unknown, , , , , , ,0,0,1,0,0,0,0,0,1,1,1,0,0,0
968074,2007,4,17,7,51,1,43.76914538,-79.37659029,Willowdale (24),24,Bayview Village (52),52,D33,North York,SHEPPARD AVE E,BESSARION RD, ,Major Arterial,Intersection,At Intersection,Traffic Signal,Clear,Daylight,Dry,Non-Fatal Injury,Angle,Vehicle Owner,unknown,,0, ,Other, , , , , , , , , ,0,0,1,0,0,0,0,0,1,1,1,0,0,0
968074,2007,4,17,7,51,1,43.76914538,-79.37659029,Willowdale (24),24,Bayview Village (52),52,D33,North York,SHEPPARD AVE E,BESSARION RD, ,Major Arterial,Intersection,At Intersection,Traffic Signal,Clear,Daylight,Dry,Non-Fatal Injury,Angle,Driver,35 to 39,Major,0,East,"Automobile, Station Wagon",Going Ahead,Disobeyed Traffic Control,Unknown, , , , , , ,0,0,1,0,0,0,0,0,1,1,1,0,0,0
968074,2007,4,17,7,51,1,43.76914538,-79.37659029,Willowdale (24),24,Bayview Village (52),52,D33,North York,SHEPPARD AVE E,BESSARION RD, ,Major Arterial,Intersection,At Intersection,Traffic Signal,Clear,Daylight,Dry,Non-Fatal Injury,Angle,Driver,70 to 74,,0,South,"Automobile, Station Wagon",Going Ahead,Driving Properly,Normal, , , , , , ,0,0,1,0,0,0,0,0,1,1,1,0,0,0
1052865,2008,7,18,7,51,4,43.64974538,-79.38799029,Trinity-Spadina (20),20,Waterfront Communities-The Island (77),77,D52,Toronto East York,RICHMOND ST W,DUNCAN ST, ,Major Arterial,Mid-Block, ,No Control,Clear,Daylight,Dry,Non-Fatal Injury,Turning Movement,Driver,40 to 44,,0,West,"Automobile, Station Wagon",Going Ahead,Driving Properly,Normal, , , , , , ,0,0,1,0,0,0,0,0,0,0,0,0,0,0
1052865,2008,7,18,7,51,4,43.64974538,-79.38799029,Trinity-Spadina (20),20,Waterfront Communities-The Island (77),77,D52,Toronto East York,RICHMOND ST W,DUNCAN ST, ,Major Arterial,Mid-Block, ,No Control,Clear,Daylight,Dry,Non-Fatal Injury,Turning Movement,Driver,65 to 69,Major,0,West,"Automobile, Station Wagon",Turning Left,Improper Turn,Inattentive, , , , , , ,0,0,1,0,0,0,0,0,0,0,0,0,0,0
1052865,2008,7,18,7,51,4,43.64974538,-79.38799029,Trinity-Spadina (20),20,Waterfront Communities-The Island (77),77,D52,Toronto East York,RICHMOND ST W,DUNCAN ST, ,Major Arterial,Mid-Block, ,No Control,Clear,Daylight,Dry,Non-Fatal Injury,Turning Movement,Other Property Owner,unknown, ,0, ,Other, , , , , , , , , ,0,0,1,0,0,0,0,0,0,0,0,0,0,0
1369849,2013,6,13,7,51,3,43.65224538,-79.36799029,Toronto Centre-Rosedale (28),28,Moss Park (73),73,D51,Toronto East York,ADELAIDE ST E,SHERBOURNE ST, ,Major Arterial,Mid-Block, ,No Control,Rain,Daylight,Wet,Non-Fatal Injury,Cyclist Collisions,Vehicle Owner,unknown, ,0, ,Other, , , , , , , , , ,0,1,0,0,1,0,0,0,0,0,0,0,0,0
1369849,2013,6,13,7,51,3,43.65224538,-79.36799029,Toronto Centre-Rosedale (28),28,Moss Park (73),73,D51,Toronto East York,ADELAIDE ST E,SHERBOURNE ST, ,Major Arterial,Mid-Block, ,No Control,Rain,Daylight,Wet,Non-Fatal Injury,Cyclist Collisions,Truck Driver,35 to 39,,0,East,Truck - Open,Going Ahead,Driving Properly,Normal, , , , , , ,0,1,0,0,1,0,0,0,0,0,0,0,0,0
1369849,2013,6,13,7,51,3,43.65224538,-79.36799029,Toronto Centre-Rosedale (28),28,Moss Park (73),73,D51,Toronto East York,ADELAIDE ST E,SHERBOURNE ST, ,Major Arterial,Mid-Block, ,No Control,Rain,Daylight,Wet,Non-Fatal Injury,Cyclist Collisions,Cyclist,25 to 29,Major,0,East,Bicycle,Going Ahead, , , , , ,Cyclist and Driver travelling in same direction. One vehicle sideswipes the other.,Lost control,Normal,0,1,0,0,1,0,0,0,0,0,0,0,0,0
985971,2007,7,23,7,52,0,43.72784538,-79.28759029,Scarborough Southwest (35),35,Clairlea-Birchmount (120),120,D41,Scarborough,WARDEN AVE,EGLINTON AVE E, ,Major Arterial,Intersection, ,Traffic Signal,Clear,Daylight,Dry,Non-Fatal Injury,Cyclist Collisions,Vehicle Owner,unknown, ,0, ,Other, , , , , , , , , ,0,1,0,0,0,0,0,0,0,1,0,0,0,0
985971,2007,7,23,7,52,0,43.72784538,-79.28759029,Scarborough Southwest (35),35,Clairlea-Birchmount (120),120,D41,Scarborough,WARDEN AVE,EGLINTON AVE E, ,Major Arterial,Intersection, ,Traffic Signal,Clear,Daylight,Dry,Non-Fatal Injury,Cyclist Collisions,Driver,25 to 29,,0,South, ,Turning Right,Failed to Yield Right of Way,Inattentive, , , , , , ,0,1,0,0,0,0,0,0,0,1,0,0,0,0
985971,2007,7,23,7,52,0,43.72784538,-79.28759029,Scarborough Southwest (35),35,Clairlea-Birchmount (120),120,D41,Scarborough,WARDEN AVE,EGLINTON AVE E, ,Major Arterial,Intersection, ,Traffic Signal,Clear,Daylight,Dry,Non-Fatal Injury,Cyclist Collisions,Cyclist,50 to 54,Major,0,North,Bicycle,Going Ahead, , , , , ,Motorist turning right on red at signalized intersection strikes cyclist.,Driving Properly,Inattentive,0,1,0,0,0,0,0,0,0,1,0,0,0,0
1165924,2010,5,1,7,52,5,43.71354538,-79.48479029,York South-Weston (12),12,Maple Leaf (29),29,D12,Etobicoke York,MAPLE LEAF DR,CIRILLO CRT, ,Collector,Mid-Block, ,No Control,Clear,Daylight,Dry,Non-Fatal Injury,SMV Other,Driver,75 to 79,Major,0,West,"Automobile, Station Wagon",Going Ahead,Lost control,Medical or Physical Disability, , , , , , ,0,0,1,0,0,0,0,0,0,0,0,0,1,0
1387708,2013,10,2,7,52,2,43.64814718,-79.38219079999999,Toronto Centre-Rosedale (28),28,Bay Street Corridor (76),76,D52,Toronto East York,77 KING St W, , ,Major Arterial,Mid-Block, ,No Control,Clear,Daylight,Dry,Non-Fatal Injury,Cyclist Collisions,Driver,35 to 39,,0,East,"Automobile, Station Wagon",Going Ahead,Exceeding Speed Limit,Normal, , , , , , ,0,1,1,0,0,0,0,0,1,1,0,0,0,0
1387708,2013,10,2,7,52,2,43.64814718,-79.38219079999999,Toronto Centre-Rosedale (28),28,Bay Street Corridor (76),76,D52,Toronto East York,77 KING St W, , ,Major Arterial,Mid-Block, ,No Control,Clear,Daylight,Dry,Non-Fatal Injury,Cyclist Collisions,Driver,55 to 59,,0,East,"Automobile, Station Wagon",Stopped,Other,Inattentive, , , , , , ,0,1,1,0,0,0,0,0,1,1,0,0,0,0
1387708,2013,10,2,7,52,2,43.64814718,-79.38219079999999,Toronto Centre-Rosedale (28),28,Bay Street Corridor (76),76,D52,Toronto East York,77 KING St W, , ,Major Arterial,Mid-Block, ,No Control,Clear,Daylight,Dry,Non-Fatal Injury,Cyclist Collisions,Cyclist,30 to 34,Major,0,East,Bicycle,Overtaking, , , , , ,Cyclist struck opened vehicle door,Driving Properly,Normal,0,1,1,0,0,0,0,0,1,1,0,0,0,0
7000867225,2017,5,17,7,52,2,43.70191534,-79.35280237,Don Valley West (26),26,Thorncliffe Park (55),55,D53,North York,MILLWOOD RD,OVERLEA BLVD,20 m South of,Major Arterial,Intersection,Intersection Related,Traffic Signal,Clear,Daylight,Dry,Non-Fatal Injury,Cyclist Collisions,Cyclist,10 to 14,Major,0,North,Bicycle,Merging, , , , , ,Cyclist and Driver travelling in same direction. One vehicle sideswipes the other.,Improper Lane Change,Normal,0,1,1,0,0,0,0,0,0,0,0,0,0,0
7000867225,2017,5,17,7,52,2,43.70191534,-79.35280237,Don Valley West (26),26,Thorncliffe Park (55),55,D53,North York,MILLWOOD RD,OVERLEA BLVD,20 m South of,Major Arterial,Intersection,Intersection Related,Traffic Signal,Clear,Daylight,Dry,Non-Fatal Injury,Cyclist Collisions,Driver,60 to 64,,0,North,"Automobile, Station Wagon",Going Ahead,Driving Properly,Normal, , , , , , ,0,1,1,0,0,0,0,0,0,0,0,0,0,0
5001722959,2015,10,6,7,53,1,43.70012625,-79.38780604,St. Paul's (22),22,Mount Pleasant West (104),104,D53,Toronto East York,DAVISVILLE AVE,MOUNT PLEASANT RD,64 m West of,Minor Arterial,Mid-Block,Intersection Related,No Control,Clear,Daylight,Dry,Non-Fatal Injury,Pedestrian Collisions,Driver,25 to 29,,0,East,"Automobile, Station Wagon",Overtaking,Improper Passing,Normal, , , , , , ,1,0,1,0,0,0,0,0,0,1,0,0,0,0
5001722959,2015,10,6,7,53,1,43.70012625,-79.38780604,St. Paul's (22),22,Mount Pleasant West (104),104,D53,Toronto East York,DAVISVILLE AVE,MOUNT PLEASANT RD,64 m West of,Minor Arterial,Mid-Block,Intersection Related,No Control,Clear,Daylight,Dry,Non-Fatal Injury,Pedestrian Collisions,Pedestrian,45 to 49,Major,0,North, , , , ,Pedestrian hit at mid-block,Running onto Roadway,Normal, , , ,1,0,1,0,0,0,0,0,0,1,0,0,0,0
1132677,2009,10,23,7,55,4,43.75634538,-79.27739029,Scarborough Centre (37),37,Dorset Park (126),126,D41,Scarborough,1251 KENNEDY Rd, , ,Major Arterial,Mid-Block, ,No Control,Rain,Daylight,Wet,Non-Fatal Injury,SMV Other,Driver,30 to 34,Major,0,North,"Automobile, Station Wagon",Going Ahead,Lost control,Unknown, , , , , , ,0,0,1,0,0,0,0,0,0,0,0,0,0,0
1135192,2009,11,7,7,55,5,43.82824538,-79.28719029,Scarborough-Rouge River (41),41,Milliken (130),130,D42,Scarborough,STEELES Aven E,BRIMLEY Road, ,Major Arterial,Intersection,At Intersection,Traffic Signal,Clear,Daylight,Dry,Non-Fatal Injury,Pedestrian Collisions,Vehicle Owner,unknown, ,0, ,Other, , , , , , , , , ,1,0,1,0,0,0,0,0,0,1,0,0,0,0
1135192,2009,11,7,7,55,5,43.82824538,-79.28719029,Scarborough-Rouge River (41),41,Milliken (130),130,D42,Scarborough,STEELES Aven E,BRIMLEY Road, ,Major Arterial,Intersection,At Intersection,Traffic Signal,Clear,Daylight,Dry,Non-Fatal Injury,Pedestrian Collisions,Driver,25 to 29,,0,South,"Automobile, Station Wagon",Turning Left,Failed to Yield Right of Way,Unknown, , , , , , ,1,0,1,0,0,0,0,0,0,1,0,0,0,0
1135192,2009,11,7,7,55,5,43.82824538,-79.28719029,Scarborough-Rouge River (41),41,Milliken (130),130,D42,Scarborough,STEELES Aven E,BRIMLEY Road, ,Major Arterial,Intersection,At Intersection,Traffic Signal,Clear,Daylight,Dry,Non-Fatal Injury,Pedestrian Collisions,Pedestrian,75 to 79,Major,0,North,Other, , , ,Vehicle turns left while ped crosses with ROW at inter.,Crossing with right of way,Normal, , , ,1,0,1,0,0,0,0,0,0,1,0,0,0,0
1135192,2009,11,7,7,55,5,43.82824538,-79.28719029,Scarborough-Rouge River (41),41,Milliken (130),130,D42,Scarborough,STEELES Aven E,BRIMLEY Road, ,Major Arterial,Intersection,At Intersection,Traffic Signal,Clear,Daylight,Dry,Non-Fatal Injury,Pedestrian Collisions,Pedestrian,80 to 84,Minor,0,North,Other, , , ,Vehicle turns left while ped crosses with ROW at inter.,Crossing with right of way,Normal, , , ,1,0,1,0,0,0,0,0,0,1,0,0,0,0
1135192,2009,11,7,7,55,5,43.82824538,-79.28719029,Scarborough-Rouge River (41),41,Milliken (130),130,D42,Scarborough,STEELES Aven E,BRIMLEY Road, ,Major Arterial,Intersection,At Intersection,Traffic Signal,Clear,Daylight,Dry,Non-Fatal Injury,Pedestrian Collisions,Pedestrian,45 to 49,Minimal,0,North,Other, , , ,Vehicle turns left while ped crosses with ROW at inter.,Crossing with right of way,Normal, , , ,1,0,1,0,0,0,0,0,0,1,0,0,0,0
1317446,2012,8,22,7,55,2,43.69194538,-79.46539029,York South-Weston (12),12,Beechborough-Greenbrook (112),112,D12,Etobicoke York,EGLINTON AVE W,BLACKTHORN AVE, ,Major Arterial,Intersection,At Intersection,Traffic Signal,Clear,Daylight,Dry,Non-Fatal Injury,Rear End,Vehicle Owner,unknown, ,0, ,Other, , , , , , , , , ,0,0,1,0,0,0,0,0,0,1,0,0,0,0
1317446,2012,8,22,7,55,2,43.69194538,-79.46539029,York South-Weston (12),12,Beechborough-Greenbrook (112),112,D12,Etobicoke York,EGLINTON AVE W,BLACKTHORN AVE, ,Major Arterial,Intersection,At Intersection,Traffic Signal,Clear,Daylight,Dry,Non-Fatal Injury,Rear End,Driver,35 to 39,,0,East,"Automobile, Station Wagon",Slowing or Stopping,Following too Close,Inattentive, , , , , , ,0,0,1,0,0,0,0,0,0,1,0,0,0,0
1317446,2012,8,22,7,55,2,43.69194538,-79.46539029,York South-Weston (12),12,Beechborough-Greenbrook (112),112,D12,Etobicoke York,EGLINTON AVE W,BLACKTHORN AVE, ,Major Arterial,Intersection,At Intersection,Traffic Signal,Clear,Daylight,Dry,Non-Fatal Injury,Rear End,Vehicle Owner,unknown, ,0, ,Other, , , , , , , , , ,0,0,1,0,0,0,0,0,0,1,0,0,0,0
1317446,2012,8,22,7,55,2,43.69194538,-79.46539029,York South-Weston (12),12,Beechborough-Greenbrook (112),112,D12,Etobicoke York,EGLINTON AVE W,BLACKTHORN AVE, ,Major Arterial,Intersection,At Intersection,Traffic Signal,Clear,Daylight,Dry,Non-Fatal Injury,Rear End,Driver,25 to 29,Major,0,East,"Automobile, Station Wagon",Stopped,Driving Properly,Normal, , , , , , ,0,0,1,0,0,0,0,0,0,1,0,0,0,0