ACCNUM,YEAR,MONTH,DAY,HOUR,MINUTES,WEEKDAY,LATITUDE,LONGITUDE,Ward_Name,Ward_ID,Hood_Name,Hood_ID,Division,District,STREET1,STREET2,OFFSET,ROAD_CLASS,LOCCOORD,ACCLOC,TRAFFCTL,VISIBILITY,LIGHT,RDSFCOND,ACCLASS,IMPACTYPE,INVTYPE,INVAGE,INJURY,FATAL_NO,INITDIR,VEHTYPE,MANOEUVER,DRIVACT,DRIVCOND,PEDTYPE,PEDACT,PEDCOND,CYCLISTYPE,CYCACT,CYCCOND,PEDESTRIAN,CYCLIST,AUTOMOBILE,MOTORCYCLE,TRUCK,TRSN_CITY_VEH,EMERG_VEH,PASSENGER,SPEEDING,AG_DRIV,REDLIGHT,ALCOHOL,DISABILITY,label
1348204,2013,2,21,7,55,3,43.73124538,-79.26759029,Scarborough Southwest (35),35,Ionview (125),125,D41,Scarborough,KENNEDY RD,TRANSWAY CRES, ,Major Arterial,Intersection,At Intersection,No Control,Clear,Daylight,Dry,Non-Fatal Injury,Pedestrian Collisions,Driver,35 to 39,,0,South,"Automobile, Station Wagon",Turning Left,Failed to Yield Right of Way,Inattentive, , , , , , ,1,0,1,0,0,0,0,0,0,1,0,0,0,0
1348204,2013,2,21,7,55,3,43.73124538,-79.26759029,Scarborough Southwest (35),35,Ionview (125),125,D41,Scarborough,KENNEDY RD,TRANSWAY CRES, ,Major Arterial,Intersection,At Intersection,No Control,Clear,Daylight,Dry,Non-Fatal Injury,Pedestrian Collisions,Pedestrian,25 to 29,Major,0,North,Other, , , ,Vehicle turns left while ped crosses with ROW at inter.,Crossing with right of way,Normal, , , ,1,0,1,0,0,0,0,0,0,1,0,0,0,0
4002160939,2014,5,27,7,55,1,43.77410086,-79.52778254,York West (8),8,Black Creek (24),24,D31,North York,STEELES AVE W,PETER KAISER GT, ,Major Arterial,Mid-Block,Non Intersection,No Control,Clear,Daylight,Dry,Non-Fatal Injury,Cyclist Collisions,Driver,50 to 54,,0,East,"Automobile, Station Wagon",Changing Lanes,Improper Lane Change,Normal, , , , , , ,0,1,1,0,0,0,0,0,0,0,0,0,0,0
4002160939,2014,5,27,7,55,1,43.77410086,-79.52778254,York West (8),8,Black Creek (24),24,D31,North York,STEELES AVE W,PETER KAISER GT, ,Major Arterial,Mid-Block,Non Intersection,No Control,Clear,Daylight,Dry,Non-Fatal Injury,Cyclist Collisions,Cyclist,45 to 49,Major,0,East,Bicycle,Going Ahead, , , , , ,Cyclist and Driver travelling in same direction. One vehicle sideswipes the other.,Driving Properly,Normal,0,1,1,0,0,0,0,0,0,0,0,0,0,0
6000775432,2016,5,6,7,55,4,43.64783438,-79.37736140000001,Toronto Centre-Rosedale (28),28,Church-Yonge Corridor (75),75,D51,Toronto East York,WELLINGTON ST E,YONGE ST,25 m East of,Minor Arterial,Intersection,At/Near Private Drive,No Control,Clear,Daylight,Dry,Non-Fatal Injury,Pedestrian Collisions,Truck Driver,25 to 29,,0,North,"Truck - Closed (Blazer, etc)",Reversing,Other,Normal, , , , , , ,1,0,0,0,1,0,0,0,0,0,0,0,0,0
6000775432,2016,5,6,7,55,4,43.64783438,-79.37736140000001,Toronto Centre-Rosedale (28),28,Church-Yonge Corridor (75),75,D51,Toronto East York,WELLINGTON ST E,YONGE ST,25 m East of,Minor Arterial,Intersection,At/Near Private Drive,No Control,Clear,Daylight,Dry,Non-Fatal Injury,Pedestrian Collisions,Pedestrian,30 to 34,Major,0,Unknown, , , , ,Pedestrian hit at private driveway,Other,Normal, , , ,1,0,0,0,1,0,0,0,0,0,0,0,0,0
5000144020,2015,1,25,7,56,6,43.65180166,-79.43634424,Davenport (18),18,Little Portugal (84),84,D11,Toronto East York,COLLEGE ST,BROCK AVE,2 m West of,Minor Arterial,Intersection,At Intersection,Traffic Signal,Clear,Daylight,Dry,Fatal,Pedestrian Collisions,Driver,40 to 44,,0,North,Pick Up Truck,Turning Left,Failed to Yield Right of Way,Inattentive, , , , , , ,1,0,1,0,0,0,0,0,0,1,0,0,0,1
5000144020,2015,1,25,7,56,6,43.65180166,-79.43634424,Davenport (18),18,Little Portugal (84),84,D11,Toronto East York,COLLEGE ST,BROCK AVE,2 m West of,Minor Arterial,Intersection,At Intersection,Traffic Signal,Clear,Daylight,Dry,Fatal,Pedestrian Collisions,Pedestrian,55 to 59,Fatal,2,South, , , , ,Vehicle turns left while ped crosses with ROW at inter.,Crossing with right of way,Medical or Physical Disability, , , ,1,0,1,0,0,0,0,0,0,1,0,0,0,1
5000984230,2015,6,12,7,56,4,43.7198139,-79.51379023,York West (7),7,Downsview-Roding-CFB (26),26,D31,Etobicoke York,WILSON AVE,DALLNER RD, ,Major Arterial,Intersection,At Intersection,Stop Sign,Clear,Daylight,Dry,Non-Fatal Injury,Turning Movement,Driver,25 to 29,Major,0,South,"Automobile, Station Wagon",Turning Left,Failed to Yield Right of Way,Inattentive, , , , , , ,0,0,1,0,0,0,0,0,0,1,0,0,0,0
5000984230,2015,6,12,7,56,4,43.7198139,-79.51379023,York West (7),7,Downsview-Roding-CFB (26),26,D31,Etobicoke York,WILSON AVE,DALLNER RD, ,Major Arterial,Intersection,At Intersection,Stop Sign,Clear,Daylight,Dry,Non-Fatal Injury,Turning Movement,Driver,45 to 49,Minor,0,West,"Automobile, Station Wagon",Going Ahead,Driving Properly,Normal, , , , , , ,0,0,1,0,0,0,0,0,0,1,0,0,0,0
1335099,2013,1,12,7,57,5,43.76404538,-79.48829029,York West (8),8,York University Heights (27),27,D31,North York,FINCH AVE W,TANGIERS RD, ,Major Arterial,Intersection,At Intersection,Traffic Signal,Clear,Daylight,Wet,Non-Fatal Injury,Angle,Truck Driver,40 to 44,,0,East,Truck - Open,Going Ahead,Driving Properly,Normal, , , , , , ,0,0,1,0,1,0,0,0,0,1,0,0,0,0
1335099,2013,1,12,7,57,5,43.76404538,-79.48829029,York West (8),8,York University Heights (27),27,D31,North York,FINCH AVE W,TANGIERS RD, ,Major Arterial,Intersection,At Intersection,Traffic Signal,Clear,Daylight,Wet,Non-Fatal Injury,Angle,Vehicle Owner,unknown, ,0, ,Other, , , , , , , , , ,0,0,1,0,1,0,0,0,0,1,0,0,0,0
1335099,2013,1,12,7,57,5,43.76404538,-79.48829029,York West (8),8,York University Heights (27),27,D31,North York,FINCH AVE W,TANGIERS RD, ,Major Arterial,Intersection,At Intersection,Traffic Signal,Clear,Daylight,Wet,Non-Fatal Injury,Angle,Driver,35 to 39,Major,0,North,"Automobile, Station Wagon",Going Ahead,Failed to Yield Right of Way,Normal, , , , , , ,0,0,1,0,1,0,0,0,0,1,0,0,0,0
1371244,2013,8,19,7,59,0,43.69615515,-79.53272639,Etobicoke North (2),2,Humber Heights-Westmount (8),8,D23,Etobicoke York,ROYAL YORK RD,LAWRENCE AVE W, ,Minor Arterial,Intersection, ,Traffic Signal,Clear,Daylight,Dry,Fatal,Angle,Vehicle Owner,unknown, ,0, , , , , , , , , , , ,0,0,1,0,0,0,0,1,0,1,1,0,0,1
1371244,2013,8,19,7,59,0,43.69615515,-79.53272639,Etobicoke North (2),2,Humber Heights-Westmount (8),8,D23,Etobicoke York,ROYAL YORK RD,LAWRENCE AVE W, ,Minor Arterial,Intersection, ,Traffic Signal,Clear,Daylight,Dry,Fatal,Angle,Driver,45 to 49,Minor,0,East,Pick Up Truck,Going Ahead,Driving Properly,Normal, , , , , , ,0,0,1,0,0,0,0,1,0,1,1,0,0,1
1371244,2013,8,19,7,59,0,43.69615515,-79.53272639,Etobicoke North (2),2,Humber Heights-Westmount (8),8,D23,Etobicoke York,ROYAL YORK RD,LAWRENCE AVE W, ,Minor Arterial,Intersection, ,Traffic Signal,Clear,Daylight,Dry,Fatal,Angle,Passenger,35 to 39,Minor,0, , , , , , , , , , , ,0,0,1,0,0,0,0,1,0,1,1,0,0,1
1371244,2013,8,19,7,59,0,43.69615515,-79.53272639,Etobicoke North (2),2,Humber Heights-Westmount (8),8,D23,Etobicoke York,ROYAL YORK RD,LAWRENCE AVE W, ,Minor Arterial,Intersection, ,Traffic Signal,Clear,Daylight,Dry,Fatal,Angle,Vehicle Owner,unknown, ,0, , , , , , , , , , , ,0,0,1,0,0,0,0,1,0,1,1,0,0,1
1371244,2013,8,19,7,59,0,43.69615515,-79.53272639,Etobicoke North (2),2,Humber Heights-Westmount (8),8,D23,Etobicoke York,ROYAL YORK RD,LAWRENCE AVE W, ,Minor Arterial,Intersection, ,Traffic Signal,Clear,Daylight,Dry,Fatal,Angle,Driver,60 to 64,Fatal,33,East,"Automobile, Station Wagon",Going Ahead,Driving Properly,Normal, , , , , , ,0,0,1,0,0,0,0,1,0,1,1,0,0,1
1371244,2013,8,19,7,59,0,43.69615515,-79.53272639,Etobicoke North (2),2,Humber Heights-Westmount (8),8,D23,Etobicoke York,ROYAL YORK RD,LAWRENCE AVE W, ,Minor Arterial,Intersection, ,Traffic Signal,Clear,Daylight,Dry,Fatal,Angle,Vehicle Owner,unknown, ,0, , , , , , , , , , , ,0,0,1,0,0,0,0,1,0,1,1,0,0,1
1371244,2013,8,19,7,59,0,43.69615515,-79.53272639,Etobicoke North (2),2,Humber Heights-Westmount (8),8,D23,Etobicoke York,ROYAL YORK RD,LAWRENCE AVE W, ,Minor Arterial,Intersection, ,Traffic Signal,Clear,Daylight,Dry,Fatal,Angle,Driver,20 to 24,Minor,0,South,"Automobile, Station Wagon",Going Ahead,Disobeyed Traffic Control,Unknown, , , , , , ,0,0,1,0,0,0,0,1,0,1,1,0,0,1
4002467400,2014,7,10,7,59,3,43.72609289,-79.34981165,Don Valley West (25),25,Banbury-Don Mills (42),42,D33,North York,1140 LESLIE ST, , ,Major Arterial,Mid-Block,Non Intersection,No Control,Clear,Daylight,Dry,Non-Fatal Injury,Rear End,Driver,35 to 39,Minor,0,South,"Automobile, Station Wagon",Going Ahead,Failed to Yield Right of Way,Normal, , , , , , ,0,0,1,0,0,0,0,0,0,1,0,0,0,0
4002467400,2014,7,10,7,59,3,43.72609289,-79.34981165,Don Valley West (25),25,Banbury-Don Mills (42),42,D33,North York,1140 LESLIE ST, , ,Major Arterial,Mid-Block,Non Intersection,No Control,Clear,Daylight,Dry,Non-Fatal Injury,Rear End,Driver,25 to 29,Major,0,South,"Automobile, Station Wagon",Slowing or Stopping,Driving Properly,Normal, , , , , , ,0,0,1,0,0,0,0,0,0,1,0,0,0,0
951700,2007,2,6,8,0,1,43.63064538,-79.42739029,Trinity-Spadina (19),19,Niagara (82),82,D14,Toronto East York,LAKE SHORE BLVD W,BRITISH COLUMBIA RD, ,Major Arterial,Mid-Block, ,No Control,Clear,Daylight,Loose Snow,Non-Fatal Injury,SMV Other,Driver,50 to 54,Major,0,East,"Automobile, Station Wagon",Going Ahead,Lost control,Normal, , , , , , ,0,0,1,0,0,0,0,0,0,0,0,0,0,0
951700,2007,2,6,8,0,1,43.63064538,-79.42739029,Trinity-Spadina (19),19,Niagara (82),82,D14,Toronto East York,LAKE SHORE BLVD W,BRITISH COLUMBIA RD, ,Major Arterial,Mid-Block, ,No Control,Clear,Daylight,Loose Snow,Non-Fatal Injury,SMV Other,Other Property Owner,unknown,,0, ,Other, , , , , , , , , ,0,0,1,0,0,0,0,0,0,0,0,0,0,0
1232602,2011,5,9,8,15,0,43.75774538,-79.46499029,York Centre (10),10,York University Heights (27),27,D32,North York,WILLIAM R ALLEN Road,RIMROCK Road, ,Major Arterial,Intersection,At Intersection,Traffic Signal,Clear,Daylight,Dry,Non-Fatal Injury,Turning Movement,Driver,50 to 54,,0,East,"Automobile, Station Wagon",Turning Right,Other,Inattentive, , , , , , ,0,0,1,0,0,0,0,0,0,0,0,0,0,0
5001362618,2015,8,9,7,0,6,43.79898413,-79.30598078,Scarborough-Agincourt (40),40,L'Amoreaux (117),117,D42,Scarborough,FINCH AVE E,BIRCHMOUNT RD, ,Major Arterial,Intersection,At Intersection,Traffic Signal,Clear,Daylight,Dry,Non-Fatal Injury,Pedestrian Collisions,Pedestrian,70 to 74,Major,0,South, , , , ,Vehicle turns right while ped crosses with ROW at inter.,Crossing with right of way,Normal, , , ,1,0,1,0,0,0,0,0,0,1,0,0,0,0
7001983024,2017,11,2,8,40,3,43.62121924,-79.56021509,Etobicoke-Lakeshore (5),5,Islington-City Centre West (14),14,D22,Etobicoke York,161 THE WEST MALL, , ,Minor Arterial,Mid-Block,Non Intersection,No Control, ,Daylight, ,Fatal,Approaching,Driver,35 to 39,Fatal,52,North,"Automobile, Station Wagon",Going Ahead,Lost control,Normal, , , , , , ,0,0,1,0,0,0,0,0,0,0,0,0,0,1
1187943,2010,8,2,8,50,0,43.67584538,-79.40749029,St. Paul's (21),21,Casa Loma (96),96,D13,Toronto East York,SPADINA Rd,MACPHERSON Ave, ,Minor Arterial,Intersection,At Intersection,Stop Sign,Clear,Daylight,Dry,Non-Fatal Injury,Angle,Passenger,30 to 34,Minimal,0, ,Other, , , , , , , , , ,0,0,1,0,0,0,0,1,0,1,0,0,0,0
5000526787,2015,3,30,8,15,0,43.80569418,-79.32071314,Scarborough-Agincourt (39),39,Steeles (116),116,D42,Scarborough,WARDEN AVE,MCNICOLL AVE, ,Collector,Mid-Block,Non Intersection,No Control,Clear,Daylight,Wet,Non-Fatal Injury,SMV Other,Driver,35 to 39,Major,0,South,"Automobile, Station Wagon",Going Ahead,Lost control,Unknown, , , , , , ,0,0,1,0,0,0,0,0,0,0,0,0,0,0
7003059433,2017,11,24,8,40,4,43.73778113,-79.54211817,York West (7),7,Humbermede (22),22,D31,Etobicoke York,VEROBEACH BLVD,INDRIO RD, ,Local,Intersection,At Intersection,Stop Sign,Clear,Daylight,Dry,Non-Fatal Injury,Pedestrian Collisions,Driver,40 to 44,,0,South,Pick Up Truck,Turning Left,Failed to Yield Right of Way,Inattentive, , , , , , ,1,0,1,0,0,0,0,0,0,1,0,0,0,0
1187943,2010,8,2,8,50,0,43.67584538,-79.40749029,St. Paul's (21),21,Casa Loma (96),96,D13,Toronto East York,SPADINA Rd,MACPHERSON Ave, ,Minor Arterial,Intersection,At Intersection,Stop Sign,Clear,Daylight,Dry,Non-Fatal Injury,Angle,Driver,30 to 34,,0,South,"Automobile, Station Wagon",Going Ahead,Driving Properly,Normal, , , , , , ,0,0,1,0,0,0,0,1,0,1,0,0,0,0
1074035,2008,12,4,7,1,3,43.74934538,-79.61029029,Etobicoke North (1),1,West Humber-Clairville (1),1,D23,Etobicoke York,HIGHWAY 27  S,ALBION RD, ,Major Arterial,Mid-Block, ,No Control,Clear,Dark,Wet,Non-Fatal Injury,Pedestrian Collisions,Vehicle Owner,unknown, ,0, ,Other, , , , , , , , , ,1,0,0,0,1,0,0,0,0,0,0,0,0,0
1187943,2010,8,2,8,50,0,43.67584538,-79.40749029,St. Paul's (21),21,Casa Loma (96),96,D13,Toronto East York,SPADINA Rd,MACPHERSON Ave, ,Minor Arterial,Intersection,At Intersection,Stop Sign,Clear,Daylight,Dry,Non-Fatal Injury,Angle,Driver,25 to 29,,0,West,"Automobile, Station Wagon",Going Ahead,Failed to Yield Right of Way,Inattentive, , , , , , ,0,0,1,0,0,0,0,1,0,1,0,0,0,0
1236286,2011,3,30,6,50,2,43.65354538,-79.42639029,Davenport (18),18,Little Portugal (84),84,D14,Toronto East York,COLLEGE ST,DOVERCOURT RD, ,Major Arterial,Intersection,At Intersection,Traffic Signal,Clear,Daylight,Dry,Non-Fatal Injury,Cyclist Collisions,Truck Driver,60 to 64,,0,East,Truck - Open,Turning Right,Driving Properly,Normal, , , , , , ,0,1,0,0,1,0,0,0,0,0,0,0,0,0
964426,2007,3,23,8,17,4,43.74074538,-79.58939029,Etobicoke North (1),1,Mount Olive-Silverstone-Jamestown (2),2,D23,Etobicoke York,FINCH AVE W,KENDLETON DR, ,Major Arterial,Mid-Block, ,No Control,Clear,Daylight,Dry,Non-Fatal Injury,Rear End,Driver,40 to 44,,0,North,"Automobile, Station Wagon",Going Ahead,Following too Close,Normal, , , , , , ,0,0,1,0,0,0,0,1,0,1,0,0,0,0
1074035,2008,12,4,7,1,3,43.74934538,-79.61029029,Etobicoke North (1),1,West Humber-Clairville (1),1,D23,Etobicoke York,HIGHWAY 27  S,ALBION RD, ,Major Arterial,Mid-Block, ,No Control,Clear,Dark,Wet,Non-Fatal Injury,Pedestrian Collisions,Truck Driver,55 to 59,,0,South,Truck - Open,Going Ahead,Driving Properly,Normal, , , , , , ,1,0,0,0,1,0,0,0,0,0,0,0,0,0
993424,2007,9,5,8,30,2,43.64254538,-79.42719029,Davenport (18),18,Little Portugal (84),84,D14,Toronto East York,QUEEN ST W,GLADSTONE AVE, ,Major Arterial,Intersection, ,Traffic Signal,Clear,Daylight,Dry,Non-Fatal Injury,Cyclist Collisions,Driver,unknown,,0,East,"Automobile, Station Wagon",Stopped,Other,Unknown, , , , , , ,0,1,1,0,0,0,0,0,0,0,0,0,0,0
7003059433,2017,11,24,8,40,4,43.73778113,-79.54211817,York West (7),7,Humbermede (22),22,D31,Etobicoke York,VEROBEACH BLVD,INDRIO RD, ,Local,Intersection,At Intersection,Stop Sign,Clear,Daylight,Dry,Non-Fatal Injury,Pedestrian Collisions,Pedestrian,80 to 84,Major,0,North, , , , ,Vehicle turns left while ped crosses with ROW at inter.,Crossing with right of way,Normal, , , ,1,0,1,0,0,0,0,0,0,1,0,0,0,0
1326460,2012,9,17,8,50,0,43.67144538,-79.36179029,Toronto Centre-Rosedale (27),27,Cabbagetown-South St.James Town (71),71,D51,Toronto East York,BAYVIEW AVE,ROSEDALE VALLEY RD, ,Major Arterial,Mid-Block, ,No Control,Other,Other,Other,Non-Fatal Injury,Other,Vehicle Owner,unknown, ,0, ,Other, , , , , , , , , ,0,0,0,1,0,0,0,0,0,0,0,0,0,0
1236286,2011,3,30,6,50,2,43.65354538,-79.42639029,Davenport (18),18,Little Portugal (84),84,D14,Toronto East York,COLLEGE ST,DOVERCOURT RD, ,Major Arterial,Intersection,At Intersection,Traffic Signal,Clear,Daylight,Dry,Non-Fatal Injury,Cyclist Collisions,Cyclist,45 to 49,Major,0,West,Bicycle,Going Ahead, , , , , ,"Cyclist without ROW rides into path of motorist at inter, lnwy, dwy-Cyclist not turn.",Other,Inattentive,0,1,0,0,1,0,0,0,0,0,0,0,0,0
1074035,2008,12,4,7,1,3,43.74934538,-79.61029029,Etobicoke North (1),1,West Humber-Clairville (1),1,D23,Etobicoke York,HIGHWAY 27  S,ALBION RD, ,Major Arterial,Mid-Block, ,No Control,Clear,Dark,Wet,Non-Fatal Injury,Pedestrian Collisions,Vehicle Owner,unknown, ,0, ,Other, , , , , , , , , ,1,0,0,0,1,0,0,0,0,0,0,0,0,0
1074035,2008,12,4,7,1,3,43.74934538,-79.61029029,Etobicoke North (1),1,West Humber-Clairville (1),1,D23,Etobicoke York,HIGHWAY 27  S,ALBION RD, ,Major Arterial,Mid-Block, ,No Control,Clear,Dark,Wet,Non-Fatal Injury,Pedestrian Collisions,Pedestrian,15 to 19,Major,0,East,Other, , , ,Pedestrian hit at mid-block,"Crossing, no Traffic Control",Normal, , , ,1,0,0,0,1,0,0,0,0,0,0,0,0,0
1133805,2009,10,6,7,1,1,43.67374538,-79.46309029,Davenport (17),17,Weston-Pellam Park (91),91,D12,Etobicoke York,OLD WESTON RD,ST CLAIR AVE W, ,Minor Arterial,Mid-Block, ,No Control,Clear,Daylight,Dry,Non-Fatal Injury,Pedestrian Collisions,Vehicle Owner,unknown, ,0, ,Other, , , , , , , , , ,1,0,0,0,0,1,0,0,0,0,0,0,0,0
1133805,2009,10,6,7,1,1,43.67374538,-79.46309029,Davenport (17),17,Weston-Pellam Park (91),91,D12,Etobicoke York,OLD WESTON RD,ST CLAIR AVE W, ,Minor Arterial,Mid-Block, ,No Control,Clear,Daylight,Dry,Non-Fatal Injury,Pedestrian Collisions,Driver,20 to 24,,0,North,Municipal Transit Bus (TTC),Pulling Away from Shoulder or Curb,Driving Properly,Normal, , , , , , ,1,0,0,0,0,1,0,0,0,0,0,0,0,0
1133805,2009,10,6,7,1,1,43.67374538,-79.46309029,Davenport (17),17,Weston-Pellam Park (91),91,D12,Etobicoke York,OLD WESTON RD,ST CLAIR AVE W, ,Minor Arterial,Mid-Block, ,No Control,Clear,Daylight,Dry,Non-Fatal Injury,Pedestrian Collisions,Pedestrian,65 to 69,Major,0,Unknown,Other, , , ,Pedestrian involved in a collision with transit vehicle anywhere along roadway,Running onto Roadway,Inattentive, , , ,1,0,0,0,0,1,0,0,0,0,0,0,0,0
1331648,2012,12,18,7,1,1,43.66444357,-79.36809168,Toronto Centre-Rosedale (28),28,Cabbagetown-South St.James Town (71),71,D51,Toronto East York,CARLTON ST,PARLIAMENT ST, ,Minor Arterial,Intersection,At Intersection, ,Other,Dark,Other,Non-Fatal Injury,Pedestrian Collisions,Driver,35 to 39,,0, ,"Automobile, Station Wagon",Turning Left, , , , , , , , ,1,0,1,0,0,0,0,0,0,0,0,0,0,0
1331648,2012,12,18,7,1,1,43.66444357,-79.36809168,Toronto Centre-Rosedale (28),28,Cabbagetown-South St.James Town (71),71,D51,Toronto East York,CARLTON ST,PARLIAMENT ST, ,Minor Arterial,Intersection,At Intersection, ,Other,Dark,Other,Non-Fatal Injury,Pedestrian Collisions,Pedestrian,55 to 59,Major,0, ,Other,Other, , , , , , , , ,1,0,1,0,0,0,0,0,0,0,0,0,0,0
1331648,2012,12,18,7,1,1,43.66444357,-79.36809168,Toronto Centre-Rosedale (28),28,Cabbagetown-South St.James Town (71),71,D51,Toronto East York,CARLTON ST,PARLIAMENT ST, ,Minor Arterial,Intersection,At Intersection, ,Other,Dark,Other,Non-Fatal Injury,Pedestrian Collisions,Pedestrian,45 to 49,Major,0, ,Other,Other, , , , , , , , ,1,0,1,0,0,0,0,0,0,0,0,0,0,0
1363874,2013,5,15,7,1,2,43.76764639,-79.18958674,Scarborough East (43),43,West Hill (136),136,D43,Scarborough,KINGSTON RD,LAWRENCE AVE E, ,Major Arterial,Intersection,At Intersection,Traffic Signal,Rain,Daylight,Wet,Non-Fatal Injury,Pedestrian Collisions,Driver,50 to 54,,0,South,"Automobile, Station Wagon",Slowing or Stopping,Driving Properly,Normal, , , , , , ,1,0,1,0,0,0,0,0,0,0,0,0,0,0
1363874,2013,5,15,7,1,2,43.76764639,-79.18958674,Scarborough East (43),43,West Hill (136),136,D43,Scarborough,KINGSTON RD,LAWRENCE AVE E, ,Major Arterial,Intersection,At Intersection,Traffic Signal,Rain,Daylight,Wet,Non-Fatal Injury,Pedestrian Collisions,Pedestrian,75 to 79,Major,0,West,Other, , , ,Vehicle is going straight thru inter.while ped cross without ROW,Crossing without right of way,Normal, , , ,1,0,1,0,0,0,0,0,0,0,0,0,0,0
7001007745,2017,6,7,7,1,2,43.65256842,-79.43252192,Davenport (18),18,Little Portugal (84),84,D14,Toronto East York,COLLEGE ST,DUFFERIN ST, ,Major Arterial,Intersection,Intersection Related,Traffic Signal,Clear,Daylight,Dry,Non-Fatal Injury,Cyclist Collisions,Driver,50 to 54,,0,East,Pick Up Truck,Turning Left,Failed to Yield Right of Way,Inattentive, , , , , , ,0,1,1,0,0,0,0,0,0,1,0,0,0,0
7001007745,2017,6,7,7,1,2,43.65256842,-79.43252192,Davenport (18),18,Little Portugal (84),84,D14,Toronto East York,COLLEGE ST,DUFFERIN ST, ,Major Arterial,Intersection,Intersection Related,Traffic Signal,Clear,Daylight,Dry,Non-Fatal Injury,Cyclist Collisions,Cyclist,65 to 69,Major,0,West,Bicycle,Going Ahead, , , , , ,Motorist turned left across cyclists path.,Driving Properly,Normal,0,1,1,0,0,0,0,0,0,1,0,0,0,0
1382346,2013,10,21,7,2,0,43.75296362,-79.25806818,Scarborough Centre (37),37,Bendale (127),127,D41,Scarborough,RUSHLEY DR,LAWRENCE AVE E, ,Major Arterial,Intersection, ,No Control,Rain,"Dawn, artificial",Wet,Non-Fatal Injury,Cyclist Collisions,Driver,unknown,,0,East,"Automobile, Station Wagon",Turning Left,Failed to Yield Right of Way,Unknown, , , , , , ,0,1,1,0,0,0,0,0,0,1,0,0,0,0
1382346,2013,10,21,7,2,0,43.75296362,-79.25806818,Scarborough Centre (37),37,Bendale (127),127,D41,Scarborough,RUSHLEY DR,LAWRENCE AVE E, ,Major Arterial,Intersection, ,No Control,Rain,"Dawn, artificial",Wet,Non-Fatal Injury,Cyclist Collisions,Cyclist,30 to 34,Major,0,South,Bicycle,Going Ahead, , , , , ,Motorist turned left across cyclists path.,Driving Properly,Normal,0,1,1,0,0,0,0,0,0,1,0,0,0,0
1122739,2009,8,1,7,3,5,43.66724538,-79.31259029,Beaches-East York (32),32,The Beaches (63),63,D55,Toronto East York,QUEEN ST E,EASTERN AVE, ,Minor Arterial,Intersection,At Intersection,Traffic Signal,Clear,Daylight,Dry,Non-Fatal Injury,SMV Other,Driver,25 to 29,Major,0,East,"Automobile, Station Wagon",Going Ahead,Exceeding Speed Limit,"Ability Impaired, Alcohol", , , , , , ,0,0,1,0,0,0,0,0,1,1,0,1,0,0
1321562,2012,10,22,7,4,0,43.74464538,-79.48739029,York Centre (9),9,York University Heights (27),27,D31,North York,SHEPPARD AVE W,KEELE ST, ,Major Arterial,Mid-Block, ,No Control,Clear,Daylight,Dry,Non-Fatal Injury,Pedestrian Collisions,Vehicle Owner,unknown, ,0, ,Other, , , , , , , , , ,1,0,1,0,0,0,0,0,0,0,0,0,0,0
1321562,2012,10,22,7,4,0,43.74464538,-79.48739029,York Centre (9),9,York University Heights (27),27,D31,North York,SHEPPARD AVE W,KEELE ST, ,Major Arterial,Mid-Block, ,No Control,Clear,Daylight,Dry,Non-Fatal Injury,Pedestrian Collisions,Driver,65 to 69,,0,West,"Automobile, Station Wagon",Going Ahead,Driving Properly,Normal, , , , , , ,1,0,1,0,0,0,0,0,0,0,0,0,0,0
1321562,2012,10,22,7,4,0,43.74464538,-79.48739029,York Centre (9),9,York University Heights (27),27,D31,North York,SHEPPARD AVE W,KEELE ST, ,Major Arterial,Mid-Block, ,No Control,Clear,Daylight,Dry,Non-Fatal Injury,Pedestrian Collisions,Pedestrian,45 to 49,Major,0,Unknown,Other, , , ,Pedestrian hit at mid-block,"Crossing, no Traffic Control",Had Been Drinking, , , ,1,0,1,0,0,0,0,0,0,0,0,0,0,0
1338879,2012,12,10,7,4,0,43.65153845,-79.36703882,Toronto Centre-Rosedale (28),28,Moss Park (73),73,D51,Toronto East York,KING St E,PRINCESS St, ,Major Arterial,Intersection,At Intersection,No Control,Rain,Dark,Wet,Non-Fatal Injury,Turning Movement,Motorcycle Driver,30 to 34,Major,0,West,Motorcycle,Going Ahead,Driving Properly,Normal, , , , , , ,0,0,1,1,0,0,0,0,0,1,0,0,0,0
1338879,2012,12,10,7,4,0,43.65153845,-79.36703882,Toronto Centre-Rosedale (28),28,Moss Park (73),73,D51,Toronto East York,KING St E,PRINCESS St, ,Major Arterial,Intersection,At Intersection,No Control,Rain,Dark,Wet,Non-Fatal Injury,Turning Movement,Vehicle Owner,unknown, ,0, ,Other, , , , , , , , , ,0,0,1,1,0,0,0,0,0,1,0,0,0,0
1338879,2012,12,10,7,4,0,43.65153845,-79.36703882,Toronto Centre-Rosedale (28),28,Moss Park (73),73,D51,Toronto East York,KING St E,PRINCESS St, ,Major Arterial,Intersection,At Intersection,No Control,Rain,Dark,Wet,Non-Fatal Injury,Turning Movement,Driver,55 to 59,,0,West,"Automobile, Station Wagon",Making U Turn,Failed to Yield Right of Way,Inattentive, , , , , , ,0,0,1,1,0,0,0,0,0,1,0,0,0,0