ACCNUM,YEAR,MONTH,DAY,HOUR,MINUTES,WEEKDAY,LATITUDE,LONGITUDE,Ward_Name,Ward_ID,Hood_Name,Hood_ID,Division,District,STREET1,STREET2,OFFSET,ROAD_CLASS,LOCCOORD,ACCLOC,TRAFFCTL,VISIBILITY,LIGHT,RDSFCOND,ACCLASS,IMPACTYPE,INVTYPE,INVAGE,INJURY,FATAL_NO,INITDIR,VEHTYPE,MANOEUVER,DRIVACT,DRIVCOND,PEDTYPE,PEDACT,PEDCOND,CYCLISTYPE,CYCACT,CYCCOND,PEDESTRIAN,CYCLIST,AUTOMOBILE,MOTORCYCLE,TRUCK,TRSN_CITY_VEH,EMERG_VEH,PASSENGER,SPEEDING,AG_DRIV,REDLIGHT,ALCOHOL,DISABILITY,label
950837,2007,1,18,7,5,3,43.74704538,-79.38899029,Don Valley West (25),25,St.Andrew-Windfields (40),40,D32,North York,YORK MILLS RD,FENN AVE, ,Major Arterial,Intersection, ,Traffic Signal,Clear,Daylight,Dry,Non-Fatal Injury,Angle,Vehicle Owner,unknown, ,0, ,Other, , , , , , , , , ,0,0,1,0,1,0,0,0,0,1,1,0,0,0
950837,2007,1,18,7,5,3,43.74704538,-79.38899029,Don Valley West (25),25,St.Andrew-Windfields (40),40,D32,North York,YORK MILLS RD,FENN AVE, ,Major Arterial,Intersection, ,Traffic Signal,Clear,Daylight,Dry,Non-Fatal Injury,Angle,Truck Driver,25 to 29,,0,West,Truck - Open,Going Ahead,Disobeyed Traffic Control,Normal, , , , , , ,0,0,1,0,1,0,0,0,0,1,1,0,0,0
950837,2007,1,18,7,5,3,43.74704538,-79.38899029,Don Valley West (25),25,St.Andrew-Windfields (40),40,D32,North York,YORK MILLS RD,FENN AVE, ,Major Arterial,Intersection, ,Traffic Signal,Clear,Daylight,Dry,Non-Fatal Injury,Angle,Driver,50 to 54,Major,0,South,"Automobile, Station Wagon",Going Ahead,Driving Properly,Normal, , , , , , ,0,0,1,0,1,0,0,0,0,1,1,0,0,0
1167934,2010,4,21,7,5,2,43.84254538,-79.22589029,Scarborough-Rouge River (42),42,Rouge (131),131,D42,Scarborough,STEELES AVE E,NINTH LINE, ,Minor Arterial,Intersection, ,No Control,Clear,Daylight,Dry,Non-Fatal Injury,Rear End,Driver,55 to 59,Major,0,West,"Automobile, Station Wagon",Going Ahead,Following too Close,Normal, , , , , , ,0,0,1,0,0,0,0,0,0,1,0,0,0,0
1167934,2010,4,21,7,5,2,43.84254538,-79.22589029,Scarborough-Rouge River (42),42,Rouge (131),131,D42,Scarborough,STEELES AVE E,NINTH LINE, ,Minor Arterial,Intersection, ,No Control,Clear,Daylight,Dry,Non-Fatal Injury,Rear End,Driver,25 to 29,,0,West,"Automobile, Station Wagon",Stopped,Driving Properly,Normal, , , , , , ,0,0,1,0,0,0,0,0,0,1,0,0,0,0
1371962,2013,8,23,7,5,4,43.66814764,-79.44181452,Davenport (18),18,Dovercourt-Wallace Emerson-Junction (93),93,D11,Toronto East York,1245 DUPONT ST, , ,Major Arterial,Mid-Block, ,No Control,Clear,Daylight,Dry,Non-Fatal Injury,Cyclist Collisions,Driver,40 to 44,,0,East,"Automobile, Station Wagon",Going Ahead,Driving Properly,Normal, , , , , , ,0,1,1,0,0,0,0,0,0,0,0,0,0,0
1371962,2013,8,23,7,5,4,43.66814764,-79.44181452,Davenport (18),18,Dovercourt-Wallace Emerson-Junction (93),93,D11,Toronto East York,1245 DUPONT ST, , ,Major Arterial,Mid-Block, ,No Control,Clear,Daylight,Dry,Non-Fatal Injury,Cyclist Collisions,Cyclist,15 to 19,Major,0,North,Bicycle,Other, , , , , ,"Cyclist without ROW rides into path of motorist at inter, lnwy, dwy-Cyclist not turn.",Failed to Yield Right of Way,Normal,0,1,1,0,0,0,0,0,0,0,0,0,0,0
6002279905,2016,12,25,7,5,6,43.67499502,-79.39094172,Toronto Centre-Rosedale (27),27,Annex (95),95,D53,Toronto East York,55 BELMONT ST, , ,Minor Arterial,Mid-Block,Non Intersection,No Control,Clear,"Dark, artificial",Dry,Non-Fatal Injury,Pedestrian Collisions,Driver,25 to 29,,0,East,"Automobile, Station Wagon",Going Ahead,Driving Properly,Normal, , , , , , ,1,0,1,0,0,0,0,0,0,0,0,0,0,0
6002279905,2016,12,25,7,5,6,43.67499502,-79.39094172,Toronto Centre-Rosedale (27),27,Annex (95),95,D53,Toronto East York,55 BELMONT ST, , ,Minor Arterial,Mid-Block,Non Intersection,No Control,Clear,"Dark, artificial",Dry,Non-Fatal Injury,Pedestrian Collisions,Pedestrian,65 to 69,Major,0,South, , , , ,Pedestrian hit at mid-block,"Crossing, no Traffic Control",Inattentive, , , ,1,0,1,0,0,0,0,0,0,0,0,0,0,0
7003147948,2017,12,7,7,5,3,43.67188238,-79.37142529,Toronto Centre-Rosedale (28),28,Cabbagetown-South St.James Town (71),71,D51,Toronto East York,PARLIAMENT ST,HOWARD ST,37 m South of,Major Arterial,Mid-Block,Non Intersection,No Control,Clear,"Dark, artificial",Dry,Non-Fatal Injury,Pedestrian Collisions,Driver,50 to 54,,0,North,"Automobile, Station Wagon",Going Ahead,Driving Properly,Normal, , , , , , ,1,0,1,0,0,0,0,0,0,0,0,0,0,0
7003147948,2017,12,7,7,5,3,43.67188238,-79.37142529,Toronto Centre-Rosedale (28),28,Cabbagetown-South St.James Town (71),71,D51,Toronto East York,PARLIAMENT ST,HOWARD ST,37 m South of,Major Arterial,Mid-Block,Non Intersection,No Control,Clear,"Dark, artificial",Dry,Non-Fatal Injury,Pedestrian Collisions,Pedestrian,40 to 44,Major,0, , , , , , , ,Inattentive, , , ,1,0,1,0,0,0,0,0,0,0,0,0,0,0
1079597,2008,12,4,7,6,3,43.72334538,-79.49679029,York Centre (9),9,Downsview-Roding-CFB (26),26,D31,North York,WILSON AVE,LEXFIELD AVE, ,Major Arterial,Intersection, ,No Control,Clear,Daylight,Wet,Non-Fatal Injury,Pedestrian Collisions,Driver,50 to 54,,0,West,"Automobile, Station Wagon",Going Ahead,Driving Properly,Normal, , , , , , ,1,0,1,0,0,0,0,0,0,0,0,0,0,0
1079597,2008,12,4,7,6,3,43.72334538,-79.49679029,York Centre (9),9,Downsview-Roding-CFB (26),26,D31,North York,WILSON AVE,LEXFIELD AVE, ,Major Arterial,Intersection, ,No Control,Clear,Daylight,Wet,Non-Fatal Injury,Pedestrian Collisions,Pedestrian,40 to 44,Major,0,South,Other, , , ,Vehicle is going straight thru inter.while ped cross without ROW,Running onto Roadway,Normal, , , ,1,0,1,0,0,0,0,0,0,0,0,0,0,0
1270884,2011,12,21,7,6,2,43.76589926,-79.51967249,York West (8),8,Black Creek (24),24,D31,North York,JANE ST,DRIFTWOOD AVE, ,Major Arterial,Intersection,At Intersection,Traffic Signal,Rain,"Dark, artificial",Wet,Fatal,Pedestrian Collisions,Pedestrian,25 to 29,Fatal,34,East,Other, , , ,Vehicle turns left while ped crosses with ROW at inter.,Crossing with right of way,Normal, , , ,1,0,0,0,0,1,0,0,0,1,0,0,0,1
1270884,2011,12,21,7,6,2,43.76589926,-79.51967249,York West (8),8,Black Creek (24),24,D31,North York,JANE ST,DRIFTWOOD AVE, ,Major Arterial,Intersection,At Intersection,Traffic Signal,Rain,"Dark, artificial",Wet,Fatal,Pedestrian Collisions,Vehicle Owner,unknown, ,0, ,Other, , , , , , , , , ,1,0,0,0,0,1,0,0,0,1,0,0,0,1
1270884,2011,12,21,7,6,2,43.76589926,-79.51967249,York West (8),8,Black Creek (24),24,D31,North York,JANE ST,DRIFTWOOD AVE, ,Major Arterial,Intersection,At Intersection,Traffic Signal,Rain,"Dark, artificial",Wet,Fatal,Pedestrian Collisions,Driver,40 to 44,,0,West,Municipal Transit Bus (TTC),Turning Left,Failed to Yield Right of Way,Inattentive, , , , , , ,1,0,0,0,0,1,0,0,0,1,0,0,0,1
6002149111,2016,12,4,7,6,6,43.74592932,-79.20931635,Scarborough East (43),43,Guildwood (140),140,D43,Scarborough,SCARBOROUGH GOLF CLUB RD,KINGSTON RD,15 m South of,Major Arterial,Intersection,At Intersection,Traffic Signal,Clear,Dawn,Dry,Non-Fatal Injury,Angle,Driver,15 to 19,,0,West,"Automobile, Station Wagon",Going Ahead,Disobeyed Traffic Control,"Ability Impaired, Alcohol Over .08", , , , , , ,0,0,1,0,0,0,0,1,0,1,1,1,0,0
6002149111,2016,12,4,7,6,6,43.74592932,-79.20931635,Scarborough East (43),43,Guildwood (140),140,D43,Scarborough,SCARBOROUGH GOLF CLUB RD,KINGSTON RD,15 m South of,Major Arterial,Intersection,At Intersection,Traffic Signal,Clear,Dawn,Dry,Non-Fatal Injury,Angle,Driver,55 to 59,Minor,0,South,"Automobile, Station Wagon",Going Ahead,Driving Properly,Normal, , , , , , ,0,0,1,0,0,0,0,1,0,1,1,1,0,0
6002149111,2016,12,4,7,6,6,43.74592932,-79.20931635,Scarborough East (43),43,Guildwood (140),140,D43,Scarborough,SCARBOROUGH GOLF CLUB RD,KINGSTON RD,15 m South of,Major Arterial,Intersection,At Intersection,Traffic Signal,Clear,Dawn,Dry,Non-Fatal Injury,Angle,Passenger,30 to 34,Major,0, , , , , , , , , , , ,0,0,1,0,0,0,0,1,0,1,1,1,0,0
1061921,2008,9,30,7,7,1,43.75514538,-79.44049029,York Centre (10),10,Bathurst Manor (34),34,D32,North York,SHEPPARD AVE W,HAMMELL ST, ,Major Arterial,Intersection, ,No Control,Rain,Daylight,Wet,Non-Fatal Injury,Pedestrian Collisions,Vehicle Owner,unknown, ,0, ,Other, , , , , , , , , ,1,0,1,0,0,0,0,0,0,0,0,0,0,0
1061921,2008,9,30,7,7,1,43.75514538,-79.44049029,York Centre (10),10,Bathurst Manor (34),34,D32,North York,SHEPPARD AVE W,HAMMELL ST, ,Major Arterial,Intersection, ,No Control,Rain,Daylight,Wet,Non-Fatal Injury,Pedestrian Collisions,Pedestrian,40 to 44,Major,0,North,Other, , , ,Vehicle is going straight thru inter.while ped cross without ROW,Running onto Roadway,Inattentive, , , ,1,0,1,0,0,0,0,0,0,0,0,0,0,0
1061921,2008,9,30,7,7,1,43.75514538,-79.44049029,York Centre (10),10,Bathurst Manor (34),34,D32,North York,SHEPPARD AVE W,HAMMELL ST, ,Major Arterial,Intersection, ,No Control,Rain,Daylight,Wet,Non-Fatal Injury,Pedestrian Collisions,Driver,55 to 59,,0,East,"Automobile, Station Wagon",Going Ahead,Driving Properly,Normal, , , , , , ,1,0,1,0,0,0,0,0,0,0,0,0,0,0
1066713,2008,10,27,7,7,0,43.74884538,-79.25339029,Scarborough Centre (38),38,Bendale (127),127,D43,Scarborough,BRIMLEY RD,SHEDIAC RD, ,Major Arterial,Intersection, ,Traffic Signal,Clear,Daylight,Dry,Non-Fatal Injury,Pedestrian Collisions,Driver,50 to 54,,0,East,"Automobile, Station Wagon",Turning Left,Failed to Yield Right of Way,Normal, , , , , , ,1,0,1,0,0,0,0,0,0,1,0,0,0,0
1066713,2008,10,27,7,7,0,43.74884538,-79.25339029,Scarborough Centre (38),38,Bendale (127),127,D43,Scarborough,BRIMLEY RD,SHEDIAC RD, ,Major Arterial,Intersection, ,Traffic Signal,Clear,Daylight,Dry,Non-Fatal Injury,Pedestrian Collisions,Pedestrian,50 to 54,Major,0,West,Other, , , ,Vehicle turns left while ped crosses with ROW at inter.,Crossing with right of way,Normal, , , ,1,0,1,0,0,0,0,0,0,1,0,0,0,0
1133598,2009,10,28,7,7,2,43.60044439999999,-79.51909266,Etobicoke-Lakeshore (6),6,New Toronto (18),18,D22,Etobicoke York,BIRMINGHAM ST,NINETEENTH ST, ,Collector,Intersection, ,No Control,Rain,"Dawn, artificial",Wet,Non-Fatal Injury,Pedestrian Collisions,Pedestrian,5 to 9,,0,North,Other, , , ,Vehicle is going straight thru inter.while ped cross without ROW,"Crossing, no Traffic Control",Inattentive, , , ,1,0,0,0,0,1,0,0,0,0,0,0,0,0
1133598,2009,10,28,7,7,2,43.60044439999999,-79.51909266,Etobicoke-Lakeshore (6),6,New Toronto (18),18,D22,Etobicoke York,BIRMINGHAM ST,NINETEENTH ST, ,Collector,Intersection, ,No Control,Rain,"Dawn, artificial",Wet,Non-Fatal Injury,Pedestrian Collisions,Pedestrian,30 to 34,,0,North,Other, , , ,Vehicle is going straight thru inter.while ped cross without ROW,"Crossing, no Traffic Control",Inattentive, , , ,1,0,0,0,0,1,0,0,0,0,0,0,0,0
1133598,2009,10,28,7,7,2,43.60044439999999,-79.51909266,Etobicoke-Lakeshore (6),6,New Toronto (18),18,D22,Etobicoke York,BIRMINGHAM ST,NINETEENTH ST, ,Collector,Intersection, ,No Control,Rain,"Dawn, artificial",Wet,Non-Fatal Injury,Pedestrian Collisions,Pedestrian,5 to 9,Major,0,North,Other, , , ,Vehicle is going straight thru inter.while ped cross without ROW,"Crossing, no Traffic Control",Inattentive, , , ,1,0,0,0,0,1,0,0,0,0,0,0,0,0
1133598,2009,10,28,7,7,2,43.60044439999999,-79.51909266,Etobicoke-Lakeshore (6),6,New Toronto (18),18,D22,Etobicoke York,BIRMINGHAM ST,NINETEENTH ST, ,Collector,Intersection, ,No Control,Rain,"Dawn, artificial",Wet,Non-Fatal Injury,Pedestrian Collisions,Vehicle Owner,unknown, ,0, ,Other, , , , , , , , , ,1,0,0,0,0,1,0,0,0,0,0,0,0,0
1133598,2009,10,28,7,7,2,43.60044439999999,-79.51909266,Etobicoke-Lakeshore (6),6,New Toronto (18),18,D22,Etobicoke York,BIRMINGHAM ST,NINETEENTH ST, ,Collector,Intersection, ,No Control,Rain,"Dawn, artificial",Wet,Non-Fatal Injury,Pedestrian Collisions,Driver,35 to 39,,0,West,Municipal Transit Bus (TTC),Going Ahead,Driving Properly,Unknown, , , , , , ,1,0,0,0,0,1,0,0,0,0,0,0,0,0
1316502,2012,8,14,7,7,1,43.64544538,-79.44869029,Parkdale-High Park (14),14,Roncesvalles (86),86,D11,Toronto East York,RONCESVALLES AVE,WRIGHT AVE, ,Minor Arterial,Intersection, ,No Control,Clear,Daylight,Wet,Non-Fatal Injury,Cyclist Collisions,Vehicle Owner,unknown, ,0, ,Other, , , , , , , , , ,0,1,1,0,0,0,0,0,0,0,0,0,0,0
1316502,2012,8,14,7,7,1,43.64544538,-79.44869029,Parkdale-High Park (14),14,Roncesvalles (86),86,D11,Toronto East York,RONCESVALLES AVE,WRIGHT AVE, ,Minor Arterial,Intersection, ,No Control,Clear,Daylight,Wet,Non-Fatal Injury,Cyclist Collisions,Driver,40 to 44,,0,South,"Automobile, Station Wagon",Stopped,Other,Normal, , , , , , ,0,1,1,0,0,0,0,0,0,0,0,0,0,0
1316502,2012,8,14,7,7,1,43.64544538,-79.44869029,Parkdale-High Park (14),14,Roncesvalles (86),86,D11,Toronto East York,RONCESVALLES AVE,WRIGHT AVE, ,Minor Arterial,Intersection, ,No Control,Clear,Daylight,Wet,Non-Fatal Injury,Cyclist Collisions,Cyclist,10 to 14,Major,0,South,Bicycle,Going Ahead, , , , , ,Cyclist struck opened vehicle door,Driving Properly,Normal,0,1,1,0,0,0,0,0,0,0,0,0,0,0
6001102094,2016,6,24,7,7,4,43.61447104,-79.5544015,Etobicoke-Lakeshore (5),5,Islington-City Centre West (14),14,D22,Etobicoke York,THE QUEENSWAY,427 C S QUEENSWAY RAMP,200 m West of,Major Arterial,Mid-Block,Non Intersection,No Control,Clear,Daylight,Dry,Non-Fatal Injury,SMV Other,Motorcycle Driver,30 to 34,Major,0,East,Motorcycle,Going Ahead,Speed too Fast For Condition,Unknown, , , , , , ,0,0,0,1,0,0,0,0,1,1,0,0,0,0
6001908620,2016,10,27,7,7,3,43.65547522,-79.4522439,Parkdale-High Park (14),14,Roncesvalles (86),86,D11,Toronto East York,DUNDAS ST W,BLOOR ST W,76 m South of,Minor Arterial,Mid-Block,Non Intersection,No Control,Rain,"Dusk, artificial",Wet,Non-Fatal Injury,Pedestrian Collisions,Driver,55 to 59,,0,North,Street Car,Going Ahead,Driving Properly,Normal, , , , , , ,1,0,0,0,0,1,0,0,0,0,0,0,0,0
6001908620,2016,10,27,7,7,3,43.65547522,-79.4522439,Parkdale-High Park (14),14,Roncesvalles (86),86,D11,Toronto East York,DUNDAS ST W,BLOOR ST W,76 m South of,Minor Arterial,Mid-Block,Non Intersection,No Control,Rain,"Dusk, artificial",Wet,Non-Fatal Injury,Pedestrian Collisions,Pedestrian,55 to 59,Major,0,West, , , , ,Pedestrian involved in a collision with transit vehicle anywhere along roadway,"Crossing, no Traffic Control",Normal, , , ,1,0,0,0,0,1,0,0,0,0,0,0,0,0
1036979,2008,5,2,7,8,4,43.83664538,-79.25119029,Scarborough-Rouge River (42),42,Rouge (131),131,D42,Scarborough,MARKHAM Road,STEELES, ,Major Arterial,Mid-Block, ,No Control,Clear,Daylight,Dry,Non-Fatal Injury,Sideswipe,Vehicle Owner,unknown, ,0, ,Other, , , , , , , , , ,0,0,1,0,0,0,0,0,0,0,0,0,0,0
1036979,2008,5,2,7,8,4,43.83664538,-79.25119029,Scarborough-Rouge River (42),42,Rouge (131),131,D42,Scarborough,MARKHAM Road,STEELES, ,Major Arterial,Mid-Block, ,No Control,Clear,Daylight,Dry,Non-Fatal Injury,Sideswipe,Driver,35 to 39,Major,0,North,Other,Stopped,Driving Properly,Normal, , , , , , ,0,0,1,0,0,0,0,0,0,0,0,0,0,0
1036979,2008,5,2,7,8,4,43.83664538,-79.25119029,Scarborough-Rouge River (42),42,Rouge (131),131,D42,Scarborough,MARKHAM Road,STEELES, ,Major Arterial,Mid-Block, ,No Control,Clear,Daylight,Dry,Non-Fatal Injury,Sideswipe,Driver,35 to 39,,0,North,"Automobile, Station Wagon",Changing Lanes,Improper Lane Change,Inattentive, , , , , , ,0,0,1,0,0,0,0,0,0,0,0,0,0,0
1050560,2008,7,29,7,8,1,43.71904538,-79.50819029,York West (7),7,Downsview-Roding-CFB (26),26,D31,North York,BEVERLY HILLS Driv,JANE Stre, ,Major Arterial,Intersection,At Intersection,Traffic Signal,Clear,Daylight,Dry,Non-Fatal Injury,Pedestrian Collisions,Vehicle Owner,unknown, ,0, ,Other, , , , , , , , , ,1,0,1,0,0,0,0,0,0,1,0,0,0,0
1050560,2008,7,29,7,8,1,43.71904538,-79.50819029,York West (7),7,Downsview-Roding-CFB (26),26,D31,North York,BEVERLY HILLS Driv,JANE Stre, ,Major Arterial,Intersection,At Intersection,Traffic Signal,Clear,Daylight,Dry,Non-Fatal Injury,Pedestrian Collisions,Driver,55 to 59,,0,East,"Automobile, Station Wagon",Turning Left,Failed to Yield Right of Way,Inattentive, , , , , , ,1,0,1,0,0,0,0,0,0,1,0,0,0,0
1050560,2008,7,29,7,8,1,43.71904538,-79.50819029,York West (7),7,Downsview-Roding-CFB (26),26,D31,North York,BEVERLY HILLS Driv,JANE Stre, ,Major Arterial,Intersection,At Intersection,Traffic Signal,Clear,Daylight,Dry,Non-Fatal Injury,Pedestrian Collisions,Pedestrian,75 to 79,Major,0, ,Other, , , ,Vehicle turns left while ped crosses with ROW at inter.,Crossing with right of way,Normal, , , ,1,0,1,0,0,0,0,0,0,1,0,0,0,0
1259013,2011,10,14,7,8,4,43.78624538,-79.26749029,Scarborough-Rouge River (41),41,Agincourt South-Malvern West (128),128,D42,Scarborough,2003 BRIMLEY RD, , ,Major Arterial,Mid-Block, ,No Control,Clear,Daylight,Wet,Non-Fatal Injury,Pedestrian Collisions,Vehicle Owner,unknown, ,0, ,Other, , , , , , , , , ,1,0,1,0,0,0,0,0,0,0,0,0,0,0
1259013,2011,10,14,7,8,4,43.78624538,-79.26749029,Scarborough-Rouge River (41),41,Agincourt South-Malvern West (128),128,D42,Scarborough,2003 BRIMLEY RD, , ,Major Arterial,Mid-Block, ,No Control,Clear,Daylight,Wet,Non-Fatal Injury,Pedestrian Collisions,Driver,55 to 59,,0,East,"Automobile, Station Wagon",Reversing,Other,Normal, , , , , , ,1,0,1,0,0,0,0,0,0,0,0,0,0,0
1259013,2011,10,14,7,8,4,43.78624538,-79.26749029,Scarborough-Rouge River (41),41,Agincourt South-Malvern West (128),128,D42,Scarborough,2003 BRIMLEY RD, , ,Major Arterial,Mid-Block, ,No Control,Clear,Daylight,Wet,Non-Fatal Injury,Pedestrian Collisions,Pedestrian,80 to 84,Major,0,North,Other, , , ,Vehicle is reversing and hits pedestrian,Other,Normal, , , ,1,0,1,0,0,0,0,0,0,0,0,0,0,0
6002143224,2016,12,3,7,8,5,43.76338156,-79.31767664,Scarborough-Agincourt (40),40,Wexford/Maryvale (119),119,D41,North York,VICTORIA PARK AVE,YORK MILLS RD,50 m North of,Major Arterial,Mid-Block,Non Intersection,No Control,Clear,"Dawn, artificial",Dry,Non-Fatal Injury,Pedestrian Collisions,Driver,45 to 49,,0,North,"Automobile, Station Wagon",Going Ahead,Driving Properly,Normal, , , , , , ,1,0,1,0,0,0,0,0,0,0,0,0,0,0
6002143224,2016,12,3,7,8,5,43.76338156,-79.31767664,Scarborough-Agincourt (40),40,Wexford/Maryvale (119),119,D41,North York,VICTORIA PARK AVE,YORK MILLS RD,50 m North of,Major Arterial,Mid-Block,Non Intersection,No Control,Clear,"Dawn, artificial",Dry,Non-Fatal Injury,Pedestrian Collisions,Pedestrian,50 to 54,Major,0,East, , , , ,Pedestrian hit at mid-block,"Crossing, no Traffic Control",Had Been Drinking, , , ,1,0,1,0,0,0,0,0,0,0,0,0,0,0
1235315,2011,5,30,7,9,0,43.77054538,-79.27199029,Scarborough Centre (37),37,Bendale (127),127,D41,Scarborough,MIDLAND AVE,COSENTINO DR, ,Major Arterial,Mid-Block, ,No Control,Clear,Daylight,Dry,Non-Fatal Injury,Pedestrian Collisions,Vehicle Owner,unknown, ,0, ,Other, , , , , , , , , ,1,0,1,0,0,0,0,1,0,0,0,0,0,0
1235315,2011,5,30,7,9,0,43.77054538,-79.27199029,Scarborough Centre (37),37,Bendale (127),127,D41,Scarborough,MIDLAND AVE,COSENTINO DR, ,Major Arterial,Mid-Block, ,No Control,Clear,Daylight,Dry,Non-Fatal Injury,Pedestrian Collisions,Passenger,25 to 29,,0, ,Other, , , , , , , , , ,1,0,1,0,0,0,0,1,0,0,0,0,0,0
1235315,2011,5,30,7,9,0,43.77054538,-79.27199029,Scarborough Centre (37),37,Bendale (127),127,D41,Scarborough,MIDLAND AVE,COSENTINO DR, ,Major Arterial,Mid-Block, ,No Control,Clear,Daylight,Dry,Non-Fatal Injury,Pedestrian Collisions,Passenger,50 to 54,,0, ,Other, , , , , , , , , ,1,0,1,0,0,0,0,1,0,0,0,0,0,0
1235315,2011,5,30,7,9,0,43.77054538,-79.27199029,Scarborough Centre (37),37,Bendale (127),127,D41,Scarborough,MIDLAND AVE,COSENTINO DR, ,Major Arterial,Mid-Block, ,No Control,Clear,Daylight,Dry,Non-Fatal Injury,Pedestrian Collisions,Driver,55 to 59,,0,North,"Automobile, Station Wagon",Going Ahead,Driving Properly,Unknown, , , , , , ,1,0,1,0,0,0,0,1,0,0,0,0,0,0
1235315,2011,5,30,7,9,0,43.77054538,-79.27199029,Scarborough Centre (37),37,Bendale (127),127,D41,Scarborough,MIDLAND AVE,COSENTINO DR, ,Major Arterial,Mid-Block, ,No Control,Clear,Daylight,Dry,Non-Fatal Injury,Pedestrian Collisions,Other,unknown,,0, ,Other, , , , , , , , , ,1,0,1,0,0,0,0,1,0,0,0,0,0,0
1235315,2011,5,30,7,9,0,43.77054538,-79.27199029,Scarborough Centre (37),37,Bendale (127),127,D41,Scarborough,MIDLAND AVE,COSENTINO DR, ,Major Arterial,Mid-Block, ,No Control,Clear,Daylight,Dry,Non-Fatal Injury,Pedestrian Collisions,Pedestrian,15 to 19,Major,0,East,Other, , , ,Pedestrian hit at mid-block,"Crossing, no Traffic Control",Medical or Physical Disability, , , ,1,0,1,0,0,0,0,1,0,0,0,0,0,0
7000305009,2017,2,18,7,9,5,43.67679938,-79.36195765,Toronto-Danforth (29),29,Playter Estates-Danforth (67),67,D54,Toronto East York,DON VALLEY PARKWAY  S,PRINCE EDWARD VIADUCT,150 m North of,Expressway,Mid-Block,Non Intersection,No Control,Clear,Daylight,Dry,Non-Fatal Injury,SMV Other,Driver,20 to 24,Major,0,South,"Automobile, Station Wagon",Going Ahead,Lost control,Fatigue, , , , , , ,0,0,1,0,0,0,0,0,0,0,0,0,0,0
950847,2007,1,19,7,10,4,43.71574538,-79.53159029,York West (7),7,Pelmo Park-Humberlea (23),23,D31,Etobicoke York,WALSH AVE,KELVIN AVE, ,Major Arterial,Intersection, ,Stop Sign,Clear,Dark,Dry,Non-Fatal Injury,Pedestrian Collisions,Driver,35 to 39,,0,North,"Automobile, Station Wagon",Turning Left,Failed to Yield Right of Way,Normal, , , , , , ,1,0,1,0,0,0,0,0,0,1,0,0,0,0
950847,2007,1,19,7,10,4,43.71574538,-79.53159029,York West (7),7,Pelmo Park-Humberlea (23),23,D31,Etobicoke York,WALSH AVE,KELVIN AVE, ,Major Arterial,Intersection, ,Stop Sign,Clear,Dark,Dry,Non-Fatal Injury,Pedestrian Collisions,Pedestrian,55 to 59,Major,0,South,Other, , , ,Vehicle turns left while ped crosses with ROW at inter.,Crossing with right of way,Normal, , , ,1,0,1,0,0,0,0,0,0,1,0,0,0,0
1000871,2007,11,6,7,10,1,43.75204538,-79.29749029,Scarborough Centre (37),37,Wexford/Maryvale (119),119,D41,Scarborough,WARDEN AVE,MANHATTAN DR, ,Major Arterial,Intersection,At Intersection,Traffic Signal,Clear,Daylight,Dry,Fatal,Pedestrian Collisions,Driver,35 to 39,,0,East,"Automobile, Station Wagon",Turning Left,Failed to Yield Right of Way,Inattentive, , , , , , ,1,0,1,0,0,0,0,0,0,1,0,0,0,1
1000871,2007,11,6,7,10,1,43.75204538,-79.29749029,Scarborough Centre (37),37,Wexford/Maryvale (119),119,D41,Scarborough,WARDEN AVE,MANHATTAN DR, ,Major Arterial,Intersection,At Intersection,Traffic Signal,Clear,Daylight,Dry,Fatal,Pedestrian Collisions,Pedestrian,45 to 49,Fatal,0,West,Other, , , ,Vehicle turns left while ped crosses with ROW at inter.,Crossing with right of way,Normal, , , ,1,0,1,0,0,0,0,0,0,1,0,0,0,1
1136099,2009,10,22,7,10,3,43.65014538,-79.43969029,Davenport (18),18,Little Portugal (84),84,D11,Toronto East York,LANSDOWNE Aven,DUNDAS Stre W, ,Minor Arterial,Intersection,At Intersection,Traffic Signal,Clear,Daylight,Dry,Non-Fatal Injury,Turning Movement,Driver,45 to 49,,0,South,"Automobile, Station Wagon",Going Ahead,Driving Properly,Normal, , , , , , ,0,0,1,0,0,0,0,1,0,0,0,0,0,0
1136099,2009,10,22,7,10,3,43.65014538,-79.43969029,Davenport (18),18,Little Portugal (84),84,D11,Toronto East York,LANSDOWNE Aven,DUNDAS Stre W, ,Minor Arterial,Intersection,At Intersection,Traffic Signal,Clear,Daylight,Dry,Non-Fatal Injury,Turning Movement,Passenger,30 to 34,Minor,0, ,Other, , , , , , , , , ,0,0,1,0,0,0,0,1,0,0,0,0,0,0
1136099,2009,10,22,7,10,3,43.65014538,-79.43969029,Davenport (18),18,Little Portugal (84),84,D11,Toronto East York,LANSDOWNE Aven,DUNDAS Stre W, ,Minor Arterial,Intersection,At Intersection,Traffic Signal,Clear,Daylight,Dry,Non-Fatal Injury,Turning Movement,Driver,30 to 34,Major,0,North,"Automobile, Station Wagon",Turning Left,Improper Turn,Normal, , , , , , ,0,0,1,0,0,0,0,1,0,0,0,0,0,0
1380946,2013,10,16,7,10,2,43.65250738,-79.39785395,Trinity-Spadina (20),20,Kensington-Chinatown (78),78,D52,Toronto East York,SPADINA Ave,DUNDAS St W, ,Major Arterial,Mid-Block, ,No Control,Clear,Daylight,Wet,Fatal,Cyclist Collisions,Vehicle Owner,unknown, ,0, , , , , , , , , , , ,0,1,0,0,1,0,0,0,0,0,0,0,0,1