ACCNUM,YEAR,MONTH,DAY,HOUR,MINUTES,WEEKDAY,LATITUDE,LONGITUDE,Ward_Name,Ward_ID,Hood_Name,Hood_ID,Division,District,STREET1,STREET2,OFFSET,ROAD_CLASS,LOCCOORD,ACCLOC,TRAFFCTL,VISIBILITY,LIGHT,RDSFCOND,ACCLASS,IMPACTYPE,INVTYPE,INVAGE,INJURY,FATAL_NO,INITDIR,VEHTYPE,MANOEUVER,DRIVACT,DRIVCOND,PEDTYPE,PEDACT,PEDCOND,CYCLISTYPE,CYCACT,CYCCOND,PEDESTRIAN,CYCLIST,AUTOMOBILE,MOTORCYCLE,TRUCK,TRSN_CITY_VEH,EMERG_VEH,PASSENGER,SPEEDING,AG_DRIV,REDLIGHT,ALCOHOL,DISABILITY,label
1380946,2013,10,16,7,10,2,43.65250738,-79.39785395,Trinity-Spadina (20),20,Kensington-Chinatown (78),78,D52,Toronto East York,SPADINA Ave,DUNDAS St W, ,Major Arterial,Mid-Block, ,No Control,Clear,Daylight,Wet,Fatal,Cyclist Collisions,Truck Driver,50 to 54,,0,North,Truck - Dump,Going Ahead,Driving Properly,Normal, , , , , , ,0,1,0,0,1,0,0,0,0,0,0,0,0,1
1380946,2013,10,16,7,10,2,43.65250738,-79.39785395,Trinity-Spadina (20),20,Kensington-Chinatown (78),78,D52,Toronto East York,SPADINA Ave,DUNDAS St W, ,Major Arterial,Mid-Block, ,No Control,Clear,Daylight,Wet,Fatal,Cyclist Collisions,Cyclist,25 to 29,Fatal,49,North,Bicycle,Going Ahead, , , , , ,Cyclist and Driver travelling in same direction. One vehicle sideswipes the other.,Lost control,Normal,0,1,0,0,1,0,0,0,0,0,0,0,0,1
1380946,2013,10,16,7,10,2,43.65250738,-79.39785395,Trinity-Spadina (20),20,Kensington-Chinatown (78),78,D52,Toronto East York,SPADINA Ave,DUNDAS St W, ,Major Arterial,Mid-Block, ,No Control,Clear,Daylight,Wet,Fatal,Cyclist Collisions,Other,unknown,,0, , , , , , , , , , , ,0,1,0,0,1,0,0,0,0,0,0,0,0,1
4001339945,2014,1,14,7,10,1,43.61558111,-79.50000391,Etobicoke-Lakeshore (6),6,Mimico (includes Humber Bay Shores) (17),17,D22,Etobicoke York,JUDSON ST,HAROLD ST, ,Collector,Mid-Block,Non Intersection,No Control,Clear,"Dawn, artificial",Dry,Non-Fatal Injury,SMV Other,Driver,30 to 34,Major,0,West,"Automobile, Station Wagon",Going Ahead,Speed too Fast For Condition,Inattentive, , , , , , ,0,0,1,0,0,0,0,0,1,1,0,0,0,0
1279732,2011,12,15,7,11,3,43.83658941,-79.25117884,Scarborough-Rouge River (42),42,Rouge (131),131,D42,Scarborough,STEELES AVE E,MARKHAM RD, ,Major Arterial,Intersection, ,Traffic Signal,Rain,"Dark, artificial",Wet,Non-Fatal Injury,Pedestrian Collisions,Driver,unknown,,0,West,Municipal Transit Bus (TTC),Turning Left,Failed to Yield Right of Way,Unknown, , , , , , ,1,0,0,0,0,1,0,0,0,1,0,0,0,0
1279732,2011,12,15,7,11,3,43.83658941,-79.25117884,Scarborough-Rouge River (42),42,Rouge (131),131,D42,Scarborough,STEELES AVE E,MARKHAM RD, ,Major Arterial,Intersection, ,Traffic Signal,Rain,"Dark, artificial",Wet,Non-Fatal Injury,Pedestrian Collisions,Pedestrian,45 to 49,Major,0,West,Other, , , ,Vehicle turns left while ped crosses with ROW at inter.,Crossing with right of way,Normal, , , ,1,0,0,0,0,1,0,0,0,1,0,0,0,0
981377,2007,6,25,7,12,0,43.68444538,-79.50809029,York South-Weston (11),11,Rockcliffe-Smythe (111),111,D12,Etobicoke York,EGLINTON AVE W,SCARLETT RD, ,Major Arterial,Mid-Block, ,No Control,Clear,Daylight,Dry,Non-Fatal Injury,Pedestrian Collisions,Driver,20 to 24,,0,West,"Automobile, Station Wagon",Slowing or Stopping,Driving Properly,Normal, , , , , , ,1,0,1,0,0,0,0,0,0,0,0,0,0,0
981377,2007,6,25,7,12,0,43.68444538,-79.50809029,York South-Weston (11),11,Rockcliffe-Smythe (111),111,D12,Etobicoke York,EGLINTON AVE W,SCARLETT RD, ,Major Arterial,Mid-Block, ,No Control,Clear,Daylight,Dry,Non-Fatal Injury,Pedestrian Collisions,Pedestrian,80 to 84,Major,0,North,Other, , , ,Pedestrian hit at mid-block,"Crossing, no Traffic Control",Normal, , , ,1,0,1,0,0,0,0,0,0,0,0,0,0,0
1037905,2008,4,26,7,12,5,43.67714538,-79.55089029,Etobicoke Centre (3),3,Princess-Rosethorn (10),10,D22,Etobicoke York,KIPLING Aven,EGLINTON Aven W, ,Major Arterial,Intersection,At Intersection,Traffic Signal,Clear,Daylight,Dry,Non-Fatal Injury,Angle,Driver,65 to 69,,0,North,"Automobile, Station Wagon",Stopped,Driving Properly,Normal, , , , , , ,0,0,1,0,0,0,0,1,0,1,1,0,0,0
993424,2007,9,5,8,30,2,43.64254538,-79.42719029,Davenport (18),18,Little Portugal (84),84,D14,Toronto East York,QUEEN ST W,GLADSTONE AVE, ,Major Arterial,Intersection, ,Traffic Signal,Clear,Daylight,Dry,Non-Fatal Injury,Cyclist Collisions,Cyclist,30 to 34,Major,0,East,Bicycle,Going Ahead, , , , , ,Cyclist struck opened vehicle door, , ,0,1,1,0,0,0,0,0,0,0,0,0,0,0
964426,2007,3,23,8,17,4,43.74074538,-79.58939029,Etobicoke North (1),1,Mount Olive-Silverstone-Jamestown (2),2,D23,Etobicoke York,FINCH AVE W,KENDLETON DR, ,Major Arterial,Mid-Block, ,No Control,Clear,Daylight,Dry,Non-Fatal Injury,Rear End,Passenger,35 to 39,Major,0, ,Other, , , , , , , , , ,0,0,1,0,0,0,0,1,0,1,0,0,0,0
1006380,2007,11,23,8,30,4,43.61054538,-79.53779029,Etobicoke-Lakeshore (6),6,Alderwood (20),20,D22,Etobicoke York,NORTH CARSON ST,LANOR AVE, ,Local,Intersection,At Intersection,Stop Sign,Snow,Daylight,Ice,Non-Fatal Injury,Angle,Driver,55 to 59,,0,South,"Automobile, Station Wagon",Slowing or Stopping,Disobeyed Traffic Control,Normal, , , , , , ,0,0,1,0,0,1,0,1,0,1,0,0,0,0
1326460,2012,9,17,8,50,0,43.67144538,-79.36179029,Toronto Centre-Rosedale (27),27,Cabbagetown-South St.James Town (71),71,D51,Toronto East York,BAYVIEW AVE,ROSEDALE VALLEY RD, ,Major Arterial,Mid-Block, ,No Control,Other,Other,Other,Non-Fatal Injury,Other,Motorcycle Driver,30 to 34,Major,0,South,Motorcycle,Going Ahead,Other,Unknown, , , , , , ,0,0,0,1,0,0,0,0,0,0,0,0,0,0
1336620,2012,12,3,6,50,0,43.74214538,-79.30979029,Scarborough Centre (37),37,Wexford/Maryvale (119),119,D41,Scarborough,VICTORIA PARK AVE,LAWRENCE AVE E, ,Major Arterial,Intersection,At Intersection,Traffic Signal,Clear,"Dawn, artificial",Dry,Non-Fatal Injury,Pedestrian Collisions,Driver,40 to 44,,0,North,"Automobile, Station Wagon",Turning Left,Improper Turn,Unknown, , , , , , ,1,0,1,0,0,0,0,0,0,0,0,0,0,0
964426,2007,3,23,8,17,4,43.74074538,-79.58939029,Etobicoke North (1),1,Mount Olive-Silverstone-Jamestown (2),2,D23,Etobicoke York,FINCH AVE W,KENDLETON DR, ,Major Arterial,Mid-Block, ,No Control,Clear,Daylight,Dry,Non-Fatal Injury,Rear End,Driver,40 to 44,,0,North,"Automobile, Station Wagon",Going Ahead,Driving Properly,Normal, , , , , , ,0,0,1,0,0,0,0,1,0,1,0,0,0,0
6001511108,2016,8,26,8,50,4,43.64555701,-79.36981592,Toronto Centre-Rosedale (28),28,Waterfront Communities-The Island (77),77,D51,Toronto East York,LOWER JARVIS ST,LAKE SHORE BLVD E, ,Major Arterial,Intersection,At Intersection,Traffic Signal,Clear,Daylight,Dry,Non-Fatal Injury,Pedestrian Collisions,Driver,30 to 34,,0,West,"Automobile, Station Wagon",Turning Left,Disobeyed Traffic Control,Inattentive, , , , , , ,1,0,1,0,0,0,0,1,0,1,1,0,0,0
1006380,2007,11,23,8,30,4,43.61054538,-79.53779029,Etobicoke-Lakeshore (6),6,Alderwood (20),20,D22,Etobicoke York,NORTH CARSON ST,LANOR AVE, ,Local,Intersection,At Intersection,Stop Sign,Snow,Daylight,Ice,Non-Fatal Injury,Angle,Passenger,55 to 59,Major,0, ,Other, , , , , , , , , ,0,0,1,0,0,1,0,1,0,1,0,0,0,0
1017587,2008,1,28,8,17,0,43.80754538,-79.31549029,Scarborough-Agincourt (39),39,Steeles (116),116,D42,Scarborough,MCNICOLL AVE,LA PEER BLVD, ,Minor Arterial,Intersection, ,Stop Sign,Clear,Daylight,Dry,Non-Fatal Injury,Pedestrian Collisions,Driver,55 to 59,,0,North,"Automobile, Station Wagon",Turning Left,Failed to Yield Right of Way,Inattentive, , , , , , ,1,0,1,0,0,0,0,0,0,1,0,0,0,0
7003059433,2017,11,24,8,40,4,43.73778113,-79.54211817,York West (7),7,Humbermede (22),22,D31,Etobicoke York,VEROBEACH BLVD,INDRIO RD, ,Local,Intersection,At Intersection,Stop Sign,Clear,Daylight,Dry,Non-Fatal Injury,Pedestrian Collisions,Pedestrian,75 to 79,Major,0,North, , , , ,Vehicle turns left while ped crosses with ROW at inter.,Crossing with right of way,Normal, , , ,1,0,1,0,0,0,0,0,0,1,0,0,0,0
1006380,2007,11,23,8,30,4,43.61054538,-79.53779029,Etobicoke-Lakeshore (6),6,Alderwood (20),20,D22,Etobicoke York,NORTH CARSON ST,LANOR AVE, ,Local,Intersection,At Intersection,Stop Sign,Snow,Daylight,Ice,Non-Fatal Injury,Angle,Vehicle Owner,unknown, ,0, ,Other, , , , , , , , , ,0,0,1,0,0,1,0,1,0,1,0,0,0,0
1336620,2012,12,3,6,50,0,43.74214538,-79.30979029,Scarborough Centre (37),37,Wexford/Maryvale (119),119,D41,Scarborough,VICTORIA PARK AVE,LAWRENCE AVE E, ,Major Arterial,Intersection,At Intersection,Traffic Signal,Clear,"Dawn, artificial",Dry,Non-Fatal Injury,Pedestrian Collisions,Driver,20 to 24,Minor,0,South,"Automobile, Station Wagon",Going Ahead,Driving Properly,Normal, , , , , , ,1,0,1,0,0,0,0,0,0,0,0,0,0,0
6001511108,2016,8,26,8,50,4,43.64555701,-79.36981592,Toronto Centre-Rosedale (28),28,Waterfront Communities-The Island (77),77,D51,Toronto East York,LOWER JARVIS ST,LAKE SHORE BLVD E, ,Major Arterial,Intersection,At Intersection,Traffic Signal,Clear,Daylight,Dry,Non-Fatal Injury,Pedestrian Collisions,Driver,20 to 24,Minimal,0,East,"Automobile, Station Wagon",Going Ahead,Driving Properly,Normal, , , , , , ,1,0,1,0,0,0,0,1,0,1,1,0,0,0
1017587,2008,1,28,8,17,0,43.80754538,-79.31549029,Scarborough-Agincourt (39),39,Steeles (116),116,D42,Scarborough,MCNICOLL AVE,LA PEER BLVD, ,Minor Arterial,Intersection, ,Stop Sign,Clear,Daylight,Dry,Non-Fatal Injury,Pedestrian Collisions,Pedestrian,70 to 74,Major,0,South,Other, , , ,Vehicle turns left while ped crosses with ROW at inter.,Crossing with right of way,Medical or Physical Disability, , , ,1,0,1,0,0,0,0,0,0,1,0,0,0,0
1352962,2013,4,24,8,43,2,43.60584538,-79.49409029,Etobicoke-Lakeshore (6),6,Mimico (includes Humber Bay Shores) (17),17,D22,Etobicoke York,MURRIE ST,ROYAL YORK RD, ,Minor Arterial,Intersection,At Intersection,Stop Sign,Rain,Daylight,Wet,Non-Fatal Injury,SMV Other,Vehicle Owner,unknown, ,0, ,Other, , , , , , , , , ,0,0,1,0,0,0,0,0,1,1,0,0,0,0
1006380,2007,11,23,8,30,4,43.61054538,-79.53779029,Etobicoke-Lakeshore (6),6,Alderwood (20),20,D22,Etobicoke York,NORTH CARSON ST,LANOR AVE, ,Local,Intersection,At Intersection,Stop Sign,Snow,Daylight,Ice,Non-Fatal Injury,Angle,Driver,55 to 59,,0,West,Municipal Transit Bus (TTC),Going Ahead,Driving Properly,Normal, , , , , , ,0,0,1,0,0,1,0,1,0,1,0,0,0,0
1336620,2012,12,3,6,50,0,43.74214538,-79.30979029,Scarborough Centre (37),37,Wexford/Maryvale (119),119,D41,Scarborough,VICTORIA PARK AVE,LAWRENCE AVE E, ,Major Arterial,Intersection,At Intersection,Traffic Signal,Clear,"Dawn, artificial",Dry,Non-Fatal Injury,Pedestrian Collisions,Pedestrian,15 to 19,Major,0,South,Other, , , ,Pedestrian hit on sidewalk or shoulder,On Sidewalk or Shoulder,Normal, , , ,1,0,1,0,0,0,0,0,0,0,0,0,0,0
6001511108,2016,8,26,8,50,4,43.64555701,-79.36981592,Toronto Centre-Rosedale (28),28,Waterfront Communities-The Island (77),77,D51,Toronto East York,LOWER JARVIS ST,LAKE SHORE BLVD E, ,Major Arterial,Intersection,At Intersection,Traffic Signal,Clear,Daylight,Dry,Non-Fatal Injury,Pedestrian Collisions,Passenger,20 to 24,Minimal,0, ,"Automobile, Station Wagon", , , , , , , , , ,1,0,1,0,0,0,0,1,0,1,1,0,0,0
6001511108,2016,8,26,8,50,4,43.64555701,-79.36981592,Toronto Centre-Rosedale (28),28,Waterfront Communities-The Island (77),77,D51,Toronto East York,LOWER JARVIS ST,LAKE SHORE BLVD E, ,Major Arterial,Intersection,At Intersection,Traffic Signal,Clear,Daylight,Dry,Non-Fatal Injury,Pedestrian Collisions,Pedestrian,20 to 24,Major,0,Unknown, , , , ,Pedestrian hit on sidewalk or shoulder,On Sidewalk or Shoulder,Normal, , , ,1,0,1,0,0,0,0,1,0,1,1,0,0,0
1321368,2012,9,17,8,51,0,43.64594538,-79.37909029,Toronto Centre-Rosedale (28),28,Waterfront Communities-The Island (77),77,D52,Toronto East York,BAY St,FRONT St W, ,Major Arterial,Intersection,At Intersection,Traffic Signal,Clear,Daylight,Dry,Non-Fatal Injury,Cyclist Collisions,Vehicle Owner,unknown, ,0, ,Other, , , , , , , , , ,0,1,0,0,1,0,0,0,0,1,0,0,0,0
1321368,2012,9,17,8,51,0,43.64594538,-79.37909029,Toronto Centre-Rosedale (28),28,Waterfront Communities-The Island (77),77,D52,Toronto East York,BAY St,FRONT St W, ,Major Arterial,Intersection,At Intersection,Traffic Signal,Clear,Daylight,Dry,Non-Fatal Injury,Cyclist Collisions,Truck Driver,45 to 49,,0,North,Truck - Open,Overtaking,Improper Passing,Inattentive, , , , , , ,0,1,0,0,1,0,0,0,0,1,0,0,0,0
1321368,2012,9,17,8,51,0,43.64594538,-79.37909029,Toronto Centre-Rosedale (28),28,Waterfront Communities-The Island (77),77,D52,Toronto East York,BAY St,FRONT St W, ,Major Arterial,Intersection,At Intersection,Traffic Signal,Clear,Daylight,Dry,Non-Fatal Injury,Cyclist Collisions,Other,unknown,,0, ,Other, , , , , , , , , ,0,1,0,0,1,0,0,0,0,1,0,0,0,0
1321368,2012,9,17,8,51,0,43.64594538,-79.37909029,Toronto Centre-Rosedale (28),28,Waterfront Communities-The Island (77),77,D52,Toronto East York,BAY St,FRONT St W, ,Major Arterial,Intersection,At Intersection,Traffic Signal,Clear,Daylight,Dry,Non-Fatal Injury,Cyclist Collisions,Other Property Owner,unknown, ,0, ,Other, , , , , , , , , ,0,1,0,0,1,0,0,0,0,1,0,0,0,0
1321368,2012,9,17,8,51,0,43.64594538,-79.37909029,Toronto Centre-Rosedale (28),28,Waterfront Communities-The Island (77),77,D52,Toronto East York,BAY St,FRONT St W, ,Major Arterial,Intersection,At Intersection,Traffic Signal,Clear,Daylight,Dry,Non-Fatal Injury,Cyclist Collisions,Cyclist,25 to 29,Major,0,North,Bicycle,Going Ahead, , , , , ,Cyclist and Driver travelling in same direction. One vehicle sideswipes the other.,Driving Properly,Normal,0,1,0,0,1,0,0,0,0,1,0,0,0,0
950835,2007,1,18,8,52,3,43.71794538,-79.39369029,Don Valley West (25),25,Mount Pleasant East (99),99,D53,North York,BLYTHWOOD RD,MOUNT PLEASANT RD, ,Collector,Mid-Block, ,No Control,Clear,Daylight,Dry,Non-Fatal Injury,SMV Other,Passenger,30 to 34,Major,0, ,Other, , , , , , , , , ,0,0,1,0,0,0,0,1,1,1,0,0,0,0
950835,2007,1,18,8,52,3,43.71794538,-79.39369029,Don Valley West (25),25,Mount Pleasant East (99),99,D53,North York,BLYTHWOOD RD,MOUNT PLEASANT RD, ,Collector,Mid-Block, ,No Control,Clear,Daylight,Dry,Non-Fatal Injury,SMV Other,Vehicle Owner,unknown,,0, ,Other, , , , , , , , , ,0,0,1,0,0,0,0,1,1,1,0,0,0,0
950835,2007,1,18,8,52,3,43.71794538,-79.39369029,Don Valley West (25),25,Mount Pleasant East (99),99,D53,North York,BLYTHWOOD RD,MOUNT PLEASANT RD, ,Collector,Mid-Block, ,No Control,Clear,Daylight,Dry,Non-Fatal Injury,SMV Other,Driver,25 to 29,Minor,0,West,"Automobile, Station Wagon",Going Ahead,Speed too Fast For Condition,Normal, , , , , , ,0,0,1,0,0,0,0,1,1,1,0,0,0,0
1095501,2009,3,20,8,52,4,43.71374538,-79.45619029,Eglinton-Lawrence (15),15,Yorkdale-Glen Park (31),31,D13,North York,LAWRENCE AVE W,GOOD SHEPHERD CRT, ,Major Arterial,Mid-Block, ,No Control,Clear,Daylight,Other,Non-Fatal Injury,Pedestrian Collisions,Vehicle Owner,unknown, ,0, ,Other, , , , , , , , , ,1,0,1,0,0,0,0,0,0,0,0,0,0,0
1095501,2009,3,20,8,52,4,43.71374538,-79.45619029,Eglinton-Lawrence (15),15,Yorkdale-Glen Park (31),31,D13,North York,LAWRENCE AVE W,GOOD SHEPHERD CRT, ,Major Arterial,Mid-Block, ,No Control,Clear,Daylight,Other,Non-Fatal Injury,Pedestrian Collisions,Driver,30 to 34,,0,West,"Automobile, Station Wagon",Going Ahead,Driving Properly,Normal, , , , , , ,1,0,1,0,0,0,0,0,0,0,0,0,0,0
1095501,2009,3,20,8,52,4,43.71374538,-79.45619029,Eglinton-Lawrence (15),15,Yorkdale-Glen Park (31),31,D13,North York,LAWRENCE AVE W,GOOD SHEPHERD CRT, ,Major Arterial,Mid-Block, ,No Control,Clear,Daylight,Other,Non-Fatal Injury,Pedestrian Collisions,Pedestrian,70 to 74,Major,0,South,Other, , , ,Pedestrian hit at mid-block,"Crossing, no Traffic Control",Normal, , , ,1,0,1,0,0,0,0,0,0,0,0,0,0,0
1109154,2009,6,13,8,52,5,43.70334538,-79.43799029,St. Paul's (21),21,Forest Hill North (102),102,D13,Toronto East York,WILLIAM R ALLEN RD S,ELM RIDGE DR, ,Expressway,Mid-Block, ,No Control,Clear,Daylight,Dry,Non-Fatal Injury,Rear End,Driver,45 to 49,Major,0,South,"Automobile, Station Wagon",Slowing or Stopping,Driving Properly,Normal, , , , , , ,0,0,1,0,0,0,0,1,0,1,0,0,0,0
1109154,2009,6,13,8,52,5,43.70334538,-79.43799029,St. Paul's (21),21,Forest Hill North (102),102,D13,Toronto East York,WILLIAM R ALLEN RD S,ELM RIDGE DR, ,Expressway,Mid-Block, ,No Control,Clear,Daylight,Dry,Non-Fatal Injury,Rear End,Driver,40 to 44,Minimal,0,South,"Automobile, Station Wagon",Stopped,Driving Properly,Normal, , , , , , ,0,0,1,0,0,0,0,1,0,1,0,0,0,0
1109154,2009,6,13,8,52,5,43.70334538,-79.43799029,St. Paul's (21),21,Forest Hill North (102),102,D13,Toronto East York,WILLIAM R ALLEN RD S,ELM RIDGE DR, ,Expressway,Mid-Block, ,No Control,Clear,Daylight,Dry,Non-Fatal Injury,Rear End,Passenger,15 to 19,Minimal,0, ,Other, , , , , , , , , ,0,0,1,0,0,0,0,1,0,1,0,0,0,0
1109154,2009,6,13,8,52,5,43.70334538,-79.43799029,St. Paul's (21),21,Forest Hill North (102),102,D13,Toronto East York,WILLIAM R ALLEN RD S,ELM RIDGE DR, ,Expressway,Mid-Block, ,No Control,Clear,Daylight,Dry,Non-Fatal Injury,Rear End,Driver,65 to 69,,0,South,"Automobile, Station Wagon",Unknown,Following too Close,Inattentive, , , , , , ,0,0,1,0,0,0,0,1,0,1,0,0,0,0
1233009,2011,3,15,8,52,1,43.65154538,-79.36709029,Toronto Centre-Rosedale (28),28,Moss Park (73),73,D51,Toronto East York,KING Stre E,PRINCESS Stre, ,Major Arterial,Intersection, ,No Control,Clear,Daylight,Dry,Non-Fatal Injury,Turning Movement,Passenger,45 to 49,Major,0, ,Other, , , , , , , , , ,0,0,1,0,0,0,0,1,1,1,0,0,0,0
1233009,2011,3,15,8,52,1,43.65154538,-79.36709029,Toronto Centre-Rosedale (28),28,Moss Park (73),73,D51,Toronto East York,KING Stre E,PRINCESS Stre, ,Major Arterial,Intersection, ,No Control,Clear,Daylight,Dry,Non-Fatal Injury,Turning Movement,Vehicle Owner,unknown, ,0, ,Other, , , , , , , , , ,0,0,1,0,0,0,0,1,1,1,0,0,0,0
1233009,2011,3,15,8,52,1,43.65154538,-79.36709029,Toronto Centre-Rosedale (28),28,Moss Park (73),73,D51,Toronto East York,KING Stre E,PRINCESS Stre, ,Major Arterial,Intersection, ,No Control,Clear,Daylight,Dry,Non-Fatal Injury,Turning Movement,Driver,45 to 49,,0,West,"Automobile, Station Wagon",Turning Left,Improper Turn,Normal, , , , , , ,0,0,1,0,0,0,0,1,1,1,0,0,0,0
1233009,2011,3,15,8,52,1,43.65154538,-79.36709029,Toronto Centre-Rosedale (28),28,Moss Park (73),73,D51,Toronto East York,KING Stre E,PRINCESS Stre, ,Major Arterial,Intersection, ,No Control,Clear,Daylight,Dry,Non-Fatal Injury,Turning Movement,Vehicle Owner,unknown, ,0, ,Other, , , , , , , , , ,0,0,1,0,0,0,0,1,1,1,0,0,0,0
1233009,2011,3,15,8,52,1,43.65154538,-79.36709029,Toronto Centre-Rosedale (28),28,Moss Park (73),73,D51,Toronto East York,KING Stre E,PRINCESS Stre, ,Major Arterial,Intersection, ,No Control,Clear,Daylight,Dry,Non-Fatal Injury,Turning Movement,Driver,45 to 49,,0,East,"Automobile, Station Wagon",Going Ahead,Driving Properly,Normal, , , , , , ,0,0,1,0,0,0,0,1,1,1,0,0,0,0
1233009,2011,3,15,8,52,1,43.65154538,-79.36709029,Toronto Centre-Rosedale (28),28,Moss Park (73),73,D51,Toronto East York,KING Stre E,PRINCESS Stre, ,Major Arterial,Intersection, ,No Control,Clear,Daylight,Dry,Non-Fatal Injury,Turning Movement,Other Property Owner,unknown, ,0, ,Other, , , , , , , , , ,0,0,1,0,0,0,0,1,1,1,0,0,0,0
1344579,2013,1,19,8,52,5,43.67474538,-79.42829029,St. Paul's (21),21,Wychwood (94),94,D13,Toronto East York,DAVENPORT RD,SHAW ST, ,Minor Arterial,Intersection,At Intersection,Pedestrian Crossover,Clear,Dark,Wet,Non-Fatal Injury,Cyclist Collisions,Driver,60 to 64,,0,West,"Automobile, Station Wagon",Turning Left,Failed to Yield Right of Way,Inattentive, , , , , , ,0,1,1,0,0,0,0,0,0,1,0,0,0,0
1344579,2013,1,19,8,52,5,43.67474538,-79.42829029,St. Paul's (21),21,Wychwood (94),94,D13,Toronto East York,DAVENPORT RD,SHAW ST, ,Minor Arterial,Intersection,At Intersection,Pedestrian Crossover,Clear,Dark,Wet,Non-Fatal Injury,Cyclist Collisions,Cyclist,25 to 29,Major,0,East,Bicycle,Going Ahead, , , , , ,Motorist turned left across cyclists path.,Driving Properly,Normal,0,1,1,0,0,0,0,0,0,1,0,0,0,0
961628,2007,3,5,8,53,0,43.65294538,-79.36479029,Toronto Centre-Rosedale (28),28,Moss Park (73),73,D51,Toronto East York,ADELAIDE ST E,BERKELEY ST, ,Major Arterial,Intersection,At Intersection,Traffic Signal,Clear,Daylight,Wet,Non-Fatal Injury,Sideswipe,Vehicle Owner,unknown,,0, ,Other, , , , , , , , , ,0,0,1,0,0,0,0,0,1,1,0,0,0,0
961628,2007,3,5,8,53,0,43.65294538,-79.36479029,Toronto Centre-Rosedale (28),28,Moss Park (73),73,D51,Toronto East York,ADELAIDE ST E,BERKELEY ST, ,Major Arterial,Intersection,At Intersection,Traffic Signal,Clear,Daylight,Wet,Non-Fatal Injury,Sideswipe,Driver,30 to 34,Major,0,East,"Automobile, Station Wagon",Going Ahead,Driving Properly,Normal, , , , , , ,0,0,1,0,0,0,0,0,1,1,0,0,0,0
961628,2007,3,5,8,53,0,43.65294538,-79.36479029,Toronto Centre-Rosedale (28),28,Moss Park (73),73,D51,Toronto East York,ADELAIDE ST E,BERKELEY ST, ,Major Arterial,Intersection,At Intersection,Traffic Signal,Clear,Daylight,Wet,Non-Fatal Injury,Sideswipe,Driver,50 to 54,Minor,0,East,"Automobile, Station Wagon",Changing Lanes,Improper Lane Change,Normal, , , , , , ,0,0,1,0,0,0,0,0,1,1,0,0,0,0
1049415,2008,6,12,8,53,3,43.64394538,-79.40269029,Trinity-Spadina (20),20,Waterfront Communities-The Island (77),77,D14,Toronto East York,KING Stre W,BATHURST Stre, ,Major Arterial,Intersection,At Intersection,Traffic Signal,Clear,Daylight,Dry,Non-Fatal Injury,Cyclist Collisions,Driver,30 to 34,,0,East,"Automobile, Station Wagon",Stopped,Driving Properly,Normal, , , , , , ,0,1,1,0,0,0,0,0,0,0,0,0,0,0
1049415,2008,6,12,8,53,3,43.64394538,-79.40269029,Trinity-Spadina (20),20,Waterfront Communities-The Island (77),77,D14,Toronto East York,KING Stre W,BATHURST Stre, ,Major Arterial,Intersection,At Intersection,Traffic Signal,Clear,Daylight,Dry,Non-Fatal Injury,Cyclist Collisions,Cyclist,40 to 44,Major,0,East,Bicycle,Going Ahead, , , , , ,Cyclist and Driver travelling in same direction. One vehicle sideswipes the other.,Lost control,Normal,0,1,1,0,0,0,0,0,0,0,0,0,0,0
1269733,2011,10,9,8,53,6,43.81964538,-79.32439029,Scarborough-Agincourt (39),39,Steeles (116),116,D42,Scarborough,STEELES Aven E,WARDEN Aven, ,Major Arterial,Intersection,At Intersection,Traffic Signal,Clear,Daylight,Dry,Non-Fatal Injury,Pedestrian Collisions,Driver,50 to 54,,0,South,"Automobile, Station Wagon",Turning Left,Failed to Yield Right of Way,Normal, , , , , , ,1,0,1,0,0,0,0,0,0,1,0,0,0,0
1269733,2011,10,9,8,53,6,43.81964538,-79.32439029,Scarborough-Agincourt (39),39,Steeles (116),116,D42,Scarborough,STEELES Aven E,WARDEN Aven, ,Major Arterial,Intersection,At Intersection,Traffic Signal,Clear,Daylight,Dry,Non-Fatal Injury,Pedestrian Collisions,Pedestrian,40 to 44,Major,0,North,Other, , , ,Vehicle turns left while ped crosses with ROW at inter.,Running onto Roadway,Unknown, , , ,1,0,1,0,0,0,0,0,0,1,0,0,0,0
1322994,2012,9,24,8,53,0,43.71924538,-79.42979029,Eglinton-Lawrence (16),16,Bedford Park-Nortown (39),39,D53,North York,LAWRENCE AVE W,BATHURST ST, ,Major Arterial,Intersection,At Intersection,Traffic Signal,Clear,Daylight,Dry,Non-Fatal Injury,Pedestrian Collisions,Driver,65 to 69,,0,East,"Automobile, Station Wagon",Going Ahead,Driving Properly,Normal, , , , , , ,1,0,1,0,0,0,0,0,0,0,0,0,0,0
1322994,2012,9,24,8,53,0,43.71924538,-79.42979029,Eglinton-Lawrence (16),16,Bedford Park-Nortown (39),39,D53,North York,LAWRENCE AVE W,BATHURST ST, ,Major Arterial,Intersection,At Intersection,Traffic Signal,Clear,Daylight,Dry,Non-Fatal Injury,Pedestrian Collisions,Pedestrian,25 to 29,Major,0,North,Other, , , ,Pedestrian hit at mid-block,"Crossing, no Traffic Control",Normal, , , ,1,0,1,0,0,0,0,0,0,0,0,0,0,0
7000591252,2017,4,4,8,53,1,43.6495777,-79.43141566,Davenport (18),18,Little Portugal (84),84,D14,Toronto East York,DUFFERIN ST,DUNDAS ST W, ,Minor Arterial,Intersection,At Intersection,Traffic Signal,Rain,Daylight,Wet,Non-Fatal Injury,Pedestrian Collisions,Driver,30 to 34,,0,South,"Automobile, Station Wagon",Turning Left,Failed to Yield Right of Way,Normal, , , , , , ,1,0,1,0,0,0,0,0,0,1,0,0,0,0