ACCNUM,YEAR,MONTH,DAY,HOUR,MINUTES,WEEKDAY,LATITUDE,LONGITUDE,Ward_Name,Ward_ID,Hood_Name,Hood_ID,Division,District,STREET1,STREET2,OFFSET,ROAD_CLASS,LOCCOORD,ACCLOC,TRAFFCTL,VISIBILITY,LIGHT,RDSFCOND,ACCLASS,IMPACTYPE,INVTYPE,INVAGE,INJURY,FATAL_NO,INITDIR,VEHTYPE,MANOEUVER,DRIVACT,DRIVCOND,PEDTYPE,PEDACT,PEDCOND,CYCLISTYPE,CYCACT,CYCCOND,PEDESTRIAN,CYCLIST,AUTOMOBILE,MOTORCYCLE,TRUCK,TRSN_CITY_VEH,EMERG_VEH,PASSENGER,SPEEDING,AG_DRIV,REDLIGHT,ALCOHOL,DISABILITY,label
7000591252,2017,4,4,8,53,1,43.6495777,-79.43141566,Davenport (18),18,Little Portugal (84),84,D14,Toronto East York,DUFFERIN ST,DUNDAS ST W, ,Minor Arterial,Intersection,At Intersection,Traffic Signal,Rain,Daylight,Wet,Non-Fatal Injury,Pedestrian Collisions,Pedestrian,65 to 69,Major,0,South, , , , ,Vehicle turns left while ped crosses with ROW at inter.,Crossing with right of way,Normal, , , ,1,0,1,0,0,0,0,0,0,1,0,0,0,0
7003173302,2017,12,11,8,54,0,43.64619038,-79.52969729,Etobicoke-Lakeshore (5),5,Islington-City Centre West (14),14,D22,Etobicoke York,DUNDAS ST W,MABELLE AVE,92 m East of,Local,Mid-Block,Non Intersection,No Control,Clear,Daylight,Dry,Non-Fatal Injury,Pedestrian Collisions,Driver,35 to 39,,0,West,"Automobile, Station Wagon",Turning Left,Driving Properly,Normal, , , , , , ,1,0,1,0,0,0,0,0,0,0,0,0,0,0
7003173302,2017,12,11,8,54,0,43.64619038,-79.52969729,Etobicoke-Lakeshore (5),5,Islington-City Centre West (14),14,D22,Etobicoke York,DUNDAS ST W,MABELLE AVE,92 m East of,Local,Mid-Block,Non Intersection,No Control,Clear,Daylight,Dry,Non-Fatal Injury,Pedestrian Collisions,Pedestrian,70 to 74,Major,0, , , , , , , ,Normal, , , ,1,0,1,0,0,0,0,0,0,0,0,0,0,0
981405,2007,6,25,8,55,0,43.69424538,-79.55859029,Etobicoke Centre (4),4,Kingsview Village-The Westway (6),6,D23,Etobicoke York,DIXON RD,KIPLING AVE, ,Major Arterial,Intersection,At Intersection,Traffic Signal,Clear,Daylight,Dry,Non-Fatal Injury,Angle,Driver,70 to 74,Minor,0,North,"Automobile, Station Wagon",Going Ahead,Driving Properly,Normal, , , , , , ,0,0,1,0,0,0,0,0,0,1,1,0,0,0
981405,2007,6,25,8,55,0,43.69424538,-79.55859029,Etobicoke Centre (4),4,Kingsview Village-The Westway (6),6,D23,Etobicoke York,DIXON RD,KIPLING AVE, ,Major Arterial,Intersection,At Intersection,Traffic Signal,Clear,Daylight,Dry,Non-Fatal Injury,Angle,Driver,40 to 44,Major,0,West,"Automobile, Station Wagon",Going Ahead,Disobeyed Traffic Control,Inattentive, , , , , , ,0,0,1,0,0,0,0,0,0,1,1,0,0,0
981405,2007,6,25,8,55,0,43.69424538,-79.55859029,Etobicoke Centre (4),4,Kingsview Village-The Westway (6),6,D23,Etobicoke York,DIXON RD,KIPLING AVE, ,Major Arterial,Intersection,At Intersection,Traffic Signal,Clear,Daylight,Dry,Non-Fatal Injury,Angle,Driver,50 to 54,,0,North,"Automobile, Station Wagon",Going Ahead,Driving Properly,Normal, , , , , , ,0,0,1,0,0,0,0,0,0,1,1,0,0,0
993029,2007,9,4,8,55,1,43.71974538,-79.37869029,Don Valley West (25),25,Bridle Path-Sunnybrook-York Mills (41),41,D53,North York,BAYVIEW AVE,SUNNYDENE CRES, ,Major Arterial,Intersection, ,No Control,Clear,Daylight,Dry,Non-Fatal Injury,Pedestrian Collisions,Wheelchair,90 to 94,Major,0,North,Other,Going Ahead, , ,Other / Undefined,On Sidewalk or Shoulder,Medical or Physical Disability, , , ,1,0,0,0,0,0,0,0,0,0,0,0,0,0
1176088,2010,5,20,8,55,3,43.70324538,-79.38819029,St. Paul's (22),22,Mount Pleasant West (104),104,D53,Toronto East York,MOUNT PLEASANT RD,PENROSE RD, ,Major Arterial,Intersection,At Intersection,No Control,Clear,Daylight,Dry,Non-Fatal Injury,Turning Movement,Moped Driver,20 to 24,Major,0,South,Moped,Going Ahead,Driving Properly,Normal, , , , , , ,0,1,1,0,0,0,0,0,1,1,0,0,0,0
1176088,2010,5,20,8,55,3,43.70324538,-79.38819029,St. Paul's (22),22,Mount Pleasant West (104),104,D53,Toronto East York,MOUNT PLEASANT RD,PENROSE RD, ,Major Arterial,Intersection,At Intersection,No Control,Clear,Daylight,Dry,Non-Fatal Injury,Turning Movement,Vehicle Owner,unknown, ,0, ,Other, , , , , , , , , ,0,1,1,0,0,0,0,0,1,1,0,0,0,0
1176088,2010,5,20,8,55,3,43.70324538,-79.38819029,St. Paul's (22),22,Mount Pleasant West (104),104,D53,Toronto East York,MOUNT PLEASANT RD,PENROSE RD, ,Major Arterial,Intersection,At Intersection,No Control,Clear,Daylight,Dry,Non-Fatal Injury,Turning Movement,Driver,45 to 49,,0,North,"Automobile, Station Wagon",Turning Left,Improper Turn,Normal, , , , , , ,0,1,1,0,0,0,0,0,1,1,0,0,0,0
1192115,2010,8,25,8,55,2,43.75544538,-79.43849029,York Centre (10),10,Clanton Park (33),33,D32,North York,BATHURST ST,SHEPPARD AVE W, ,Major Arterial,Intersection,At Intersection,Traffic Signal,Clear,Daylight,Dry,Non-Fatal Injury,Turning Movement,Vehicle Owner,unknown, ,0, ,Other, , , , , , , , , ,0,0,1,0,0,0,0,1,0,1,1,0,0,0
1192115,2010,8,25,8,55,2,43.75544538,-79.43849029,York Centre (10),10,Clanton Park (33),33,D32,North York,BATHURST ST,SHEPPARD AVE W, ,Major Arterial,Intersection,At Intersection,Traffic Signal,Clear,Daylight,Dry,Non-Fatal Injury,Turning Movement,Driver,20 to 24,Minor,0,North,"Automobile, Station Wagon",Turning Left,Driving Properly,Normal, , , , , , ,0,0,1,0,0,0,0,1,0,1,1,0,0,0
1192115,2010,8,25,8,55,2,43.75544538,-79.43849029,York Centre (10),10,Clanton Park (33),33,D32,North York,BATHURST ST,SHEPPARD AVE W, ,Major Arterial,Intersection,At Intersection,Traffic Signal,Clear,Daylight,Dry,Non-Fatal Injury,Turning Movement,Driver,35 to 39,,0,East,"Automobile, Station Wagon",Stopped,Driving Properly,Normal, , , , , , ,0,0,1,0,0,0,0,1,0,1,1,0,0,0
1192115,2010,8,25,8,55,2,43.75544538,-79.43849029,York Centre (10),10,Clanton Park (33),33,D32,North York,BATHURST ST,SHEPPARD AVE W, ,Major Arterial,Intersection,At Intersection,Traffic Signal,Clear,Daylight,Dry,Non-Fatal Injury,Turning Movement,Passenger,20 to 24,Minor,0, ,Other, , , , , , , , , ,0,0,1,0,0,0,0,1,0,1,1,0,0,0
1192115,2010,8,25,8,55,2,43.75544538,-79.43849029,York Centre (10),10,Clanton Park (33),33,D32,North York,BATHURST ST,SHEPPARD AVE W, ,Major Arterial,Intersection,At Intersection,Traffic Signal,Clear,Daylight,Dry,Non-Fatal Injury,Turning Movement,Passenger,5 to 9,Major,0, ,Other, , , , , , , , , ,0,0,1,0,0,0,0,1,0,1,1,0,0,0
1192115,2010,8,25,8,55,2,43.75544538,-79.43849029,York Centre (10),10,Clanton Park (33),33,D32,North York,BATHURST ST,SHEPPARD AVE W, ,Major Arterial,Intersection,At Intersection,Traffic Signal,Clear,Daylight,Dry,Non-Fatal Injury,Turning Movement,Driver,30 to 34,Minor,0,South,"Automobile, Station Wagon",Going Ahead,Disobeyed Traffic Control,Normal, , , , , , ,0,0,1,0,0,0,0,1,0,1,1,0,0,0
1269972,2011,10,17,8,55,0,43.65719946,-79.40406428,Trinity-Spadina (20),20,Kensington-Chinatown (78),78,D14,Toronto East York,COLLEGE ST,BRUNSWICK AVE, ,Major Arterial,Intersection,At Intersection,Stop Sign,Clear,Daylight,Dry,Non-Fatal Injury,Pedestrian Collisions,Driver,80 to 84,,0,South,"Automobile, Station Wagon",Turning Left,Failed to Yield Right of Way,Normal, , , , , , ,1,0,1,0,0,0,0,0,0,1,0,0,0,0
1269972,2011,10,17,8,55,0,43.65719946,-79.40406428,Trinity-Spadina (20),20,Kensington-Chinatown (78),78,D14,Toronto East York,COLLEGE ST,BRUNSWICK AVE, ,Major Arterial,Intersection,At Intersection,Stop Sign,Clear,Daylight,Dry,Non-Fatal Injury,Pedestrian Collisions,Pedestrian,80 to 84,Major,0,North,Other, , , ,Vehicle turns left while ped crosses with ROW at inter.,"Crossing, no Traffic Control",Normal, , , ,1,0,1,0,0,0,0,0,0,1,0,0,0,0
1310839,2012,6,21,8,55,3,43.75324538,-79.27629029,Scarborough Centre (37),37,Dorset Park (126),126,D41,Scarborough,KENNEDY RD,WICKWARE GT, ,Major Arterial,Intersection,At Intersection,Traffic Signal,Clear,Daylight,Dry,Non-Fatal Injury,Turning Movement,Driver,15 to 19,Major,0,North,"Automobile, Station Wagon",Going Ahead,Disobeyed Traffic Control,Normal, , , , , , ,0,0,1,0,0,0,0,0,0,1,1,0,0,0
1310839,2012,6,21,8,55,3,43.75324538,-79.27629029,Scarborough Centre (37),37,Dorset Park (126),126,D41,Scarborough,KENNEDY RD,WICKWARE GT, ,Major Arterial,Intersection,At Intersection,Traffic Signal,Clear,Daylight,Dry,Non-Fatal Injury,Turning Movement,Driver,30 to 34,Minor,0,South,"Automobile, Station Wagon",Turning Left,Driving Properly,Normal, , , , , , ,0,0,1,0,0,0,0,0,0,1,1,0,0,0
1344095,2013,1,16,8,55,2,43.68804538,-79.40559029,St. Paul's (22),22,Casa Loma (96),96,D53,Toronto East York,DUNVEGAN RD,HEATH ST W, ,Collector,Intersection,At Intersection,Stop Sign,Clear,Daylight,Dry,Non-Fatal Injury,Pedestrian Collisions,Driver,40 to 44,,0,South,"Automobile, Station Wagon",Turning Left,Failed to Yield Right of Way,Inattentive, , , , , , ,1,0,1,0,0,0,0,0,0,1,0,0,0,0
1344095,2013,1,16,8,55,2,43.68804538,-79.40559029,St. Paul's (22),22,Casa Loma (96),96,D53,Toronto East York,DUNVEGAN RD,HEATH ST W, ,Collector,Intersection,At Intersection,Stop Sign,Clear,Daylight,Dry,Non-Fatal Injury,Pedestrian Collisions,Pedestrian,65 to 69,Major,0,West,Other, , , ,Vehicle turns left while ped crosses with ROW at inter.,Crossing with right of way,Normal, , , ,1,0,1,0,0,0,0,0,0,1,0,0,0,0
1386112,2013,10,7,8,55,0,43.657806,-79.38819514,Toronto Centre-Rosedale (27),27,Bay Street Corridor (76),76,D52,Toronto East York,GERRARD ST W,UNIVERSITY AVE, ,Minor Arterial,Mid-Block, ,No Control,Clear,Daylight,Wet,Non-Fatal Injury,Pedestrian Collisions,Driver,55 to 59,,0,East,"Automobile, Station Wagon",Going Ahead,Driving Properly,Normal, , , , , , ,1,0,1,0,0,0,0,0,0,0,0,0,0,0
1386112,2013,10,7,8,55,0,43.657806,-79.38819514,Toronto Centre-Rosedale (27),27,Bay Street Corridor (76),76,D52,Toronto East York,GERRARD ST W,UNIVERSITY AVE, ,Minor Arterial,Mid-Block, ,No Control,Clear,Daylight,Wet,Non-Fatal Injury,Pedestrian Collisions,Pedestrian,15 to 19,Major,0,North,Other, , , ,Pedestrian hit at mid-block,Running onto Roadway,Inattentive, , , ,1,0,1,0,0,0,0,0,0,0,0,0,0,0
4002811941,2014,8,31,8,55,6,43.65886648,-79.3498498,Toronto-Danforth (30),30,South Riverdale (70),70,D55,Toronto East York,BROADVIEW AVE,QUEEN ST E, ,Major Arterial,Intersection,At Intersection,Traffic Signal,Clear,Daylight,Dry,Non-Fatal Injury,Pedestrian Collisions,Driver,55 to 59,,0,East,"Automobile, Station Wagon",Turning Left,Failed to Yield Right of Way,Inattentive, , , , , , ,1,0,1,0,0,0,0,0,0,1,0,0,0,0
4002811941,2014,8,31,8,55,6,43.65886648,-79.3498498,Toronto-Danforth (30),30,South Riverdale (70),70,D55,Toronto East York,BROADVIEW AVE,QUEEN ST E, ,Major Arterial,Intersection,At Intersection,Traffic Signal,Clear,Daylight,Dry,Non-Fatal Injury,Pedestrian Collisions,Pedestrian,65 to 69,Major,0,Unknown, , , , ,Vehicle turns left while ped crosses with ROW at inter.,Crossing with right of way,Normal, , , ,1,0,1,0,0,0,0,0,0,1,0,0,0,0
6001054585,2016,6,17,8,55,4,43.68127402,-79.44440089,Davenport (17),17,Corso Italia-Davenport (92),92,D13,Etobicoke York,DUFFERIN ST,CLOVERLAWN AVE, ,Major Arterial,Intersection,Intersection Related,No Control,Clear,Daylight,Dry,Non-Fatal Injury,Pedestrian Collisions,Driver,20 to 24,,0,South,"Bus (Other) (Go Bus, Gray Coach)",Turning Left,Failed to Yield Right of Way,Inattentive, , , , , , ,1,0,0,0,0,1,0,0,0,1,0,0,0,0
6001054585,2016,6,17,8,55,4,43.68127402,-79.44440089,Davenport (17),17,Corso Italia-Davenport (92),92,D13,Etobicoke York,DUFFERIN ST,CLOVERLAWN AVE, ,Major Arterial,Intersection,Intersection Related,No Control,Clear,Daylight,Dry,Non-Fatal Injury,Pedestrian Collisions,Pedestrian,75 to 79,Major,0,Unknown, , , , ,Vehicle turns left while ped crosses with ROW at inter.,Crossing with right of way,Normal, , , ,1,0,0,0,0,1,0,0,0,1,0,0,0,0
7000539360,2017,3,27,8,55,0,43.70304831,-79.41546259,St. Paul's (22),22,Forest Hill South (101),101,D53,Toronto East York,EGLINTON AVE W,RUSSELL HILL RD,3 m East of,Major Arterial,Intersection,Non Intersection,Traffic Controller,Clear,Daylight,Wet,Non-Fatal Injury,Other,Driver,45 to 49,Major,0,East,Municipal Transit Bus (TTC),Going Ahead,Driving Properly,Normal, , , , , , ,0,0,0,0,0,1,0,1,0,0,0,0,0,0
7000539360,2017,3,27,8,55,0,43.70304831,-79.41546259,St. Paul's (22),22,Forest Hill South (101),101,D53,Toronto East York,EGLINTON AVE W,RUSSELL HILL RD,3 m East of,Major Arterial,Intersection,Non Intersection,Traffic Controller,Clear,Daylight,Wet,Non-Fatal Injury,Other,Passenger,25 to 29,Minor,0, , , , , , , , , , , ,0,0,0,0,0,1,0,1,0,0,0,0,0,0
1123824,2009,8,11,8,56,1,43.65764538,-79.34249029,Toronto-Danforth (30),30,South Riverdale (70),70,D55,Toronto East York,EASTERN AVE,BOOTH AVE, ,Major Arterial,Intersection,At Intersection,Stop Sign,Clear,Daylight,Dry,Non-Fatal Injury,Pedestrian Collisions,Vehicle Owner,unknown, ,0, ,Other, , , , , , , , , ,1,0,1,0,0,0,0,0,0,0,0,0,0,0
1123824,2009,8,11,8,56,1,43.65764538,-79.34249029,Toronto-Danforth (30),30,South Riverdale (70),70,D55,Toronto East York,EASTERN AVE,BOOTH AVE, ,Major Arterial,Intersection,At Intersection,Stop Sign,Clear,Daylight,Dry,Non-Fatal Injury,Pedestrian Collisions,Driver,45 to 49,,0,West,"Automobile, Station Wagon",Going Ahead,Driving Properly,Normal, , , , , , ,1,0,1,0,0,0,0,0,0,0,0,0,0,0
1123824,2009,8,11,8,56,1,43.65764538,-79.34249029,Toronto-Danforth (30),30,South Riverdale (70),70,D55,Toronto East York,EASTERN AVE,BOOTH AVE, ,Major Arterial,Intersection,At Intersection,Stop Sign,Clear,Daylight,Dry,Non-Fatal Injury,Pedestrian Collisions,Pedestrian,20 to 24,Major,0, ,Other, , , ,Vehicle is going straight thru inter.while ped cross without ROW,Crossing without right of way,Inattentive, , , ,1,0,1,0,0,0,0,0,0,0,0,0,0,0
6000436156,2016,3,13,8,56,6,43.63743551,-79.43477259,Parkdale-High Park (14),14,South Parkdale (85),85,D14,Toronto East York,KING ST W,CLOSE AVE,18 m West of,Major Arterial,Mid-Block,Non Intersection,No Control,Clear,Daylight,Dry,Non-Fatal Injury,Pedestrian Collisions,Driver,75 to 79,,0,East,"Automobile, Station Wagon",Reversing,Other,Inattentive, , , , , , ,1,0,1,0,0,0,0,1,0,0,0,0,0,0
6000436156,2016,3,13,8,56,6,43.63743551,-79.43477259,Parkdale-High Park (14),14,South Parkdale (85),85,D14,Toronto East York,KING ST W,CLOSE AVE,18 m West of,Major Arterial,Mid-Block,Non Intersection,No Control,Clear,Daylight,Dry,Non-Fatal Injury,Pedestrian Collisions,Passenger,80 to 84,Minimal,0, , , , , , , , , , , ,1,0,1,0,0,0,0,1,0,0,0,0,0,0
6000436156,2016,3,13,8,56,6,43.63743551,-79.43477259,Parkdale-High Park (14),14,South Parkdale (85),85,D14,Toronto East York,KING ST W,CLOSE AVE,18 m West of,Major Arterial,Mid-Block,Non Intersection,No Control,Clear,Daylight,Dry,Non-Fatal Injury,Pedestrian Collisions,Pedestrian,85 to 89,Major,0,Unknown, , , , ,Vehicle is reversing and hits pedestrian,Other,Normal, , , ,1,0,1,0,0,0,0,1,0,0,0,0,0,0
1053990,2008,7,21,8,57,0,43.69644538,-79.33539029,Toronto-Danforth (29),29,Old East York (58),58,D54,Toronto East York,416 O CONNOR DR, , ,Major Arterial,Mid-Block, ,No Control,Rain,Dark,Wet,Non-Fatal Injury,Rear End,Driver,50 to 54,,0,West,"Automobile, Station Wagon",Going Ahead,Driving Properly,Normal, , , , , , ,0,0,1,0,0,0,0,0,0,1,0,0,0,0
1053990,2008,7,21,8,57,0,43.69644538,-79.33539029,Toronto-Danforth (29),29,Old East York (58),58,D54,Toronto East York,416 O CONNOR DR, , ,Major Arterial,Mid-Block, ,No Control,Rain,Dark,Wet,Non-Fatal Injury,Rear End,Driver,35 to 39,,0,West,"Automobile, Station Wagon",Going Ahead,Driving Properly,Normal, , , , , , ,0,0,1,0,0,0,0,0,0,1,0,0,0,0
1053990,2008,7,21,8,57,0,43.69644538,-79.33539029,Toronto-Danforth (29),29,Old East York (58),58,D54,Toronto East York,416 O CONNOR DR, , ,Major Arterial,Mid-Block, ,No Control,Rain,Dark,Wet,Non-Fatal Injury,Rear End,Driver,45 to 49,Major,0,West,"Automobile, Station Wagon",Going Ahead,Disobeyed Traffic Control,Inattentive, , , , , , ,0,0,1,0,0,0,0,0,0,1,0,0,0,0
1053990,2008,7,21,8,57,0,43.69644538,-79.33539029,Toronto-Danforth (29),29,Old East York (58),58,D54,Toronto East York,416 O CONNOR DR, , ,Major Arterial,Mid-Block, ,No Control,Rain,Dark,Wet,Non-Fatal Injury,Rear End,Driver,40 to 44,,0,West,"Automobile, Station Wagon",Going Ahead,Following too Close,Inattentive, , , , , , ,0,0,1,0,0,0,0,0,0,1,0,0,0,0
1385611,2013,9,30,8,57,0,43.6340328,-79.4380456,Parkdale-High Park (14),14,South Parkdale (85),85,D14,Toronto East York,LAKE SHORE BLVD W,NET DR, ,Major Arterial,Intersection, ,No Control,Clear,Daylight,Dry,Fatal,Turning Movement,Vehicle Owner,unknown, ,0, , , , , , , , , , , ,0,0,1,0,0,0,0,1,0,0,0,0,0,1
1385611,2013,9,30,8,57,0,43.6340328,-79.4380456,Parkdale-High Park (14),14,South Parkdale (85),85,D14,Toronto East York,LAKE SHORE BLVD W,NET DR, ,Major Arterial,Intersection, ,No Control,Clear,Daylight,Dry,Fatal,Turning Movement,Driver,20 to 24,,0,West,"Automobile, Station Wagon",Turning Left,Improper Turn,Normal, , , , , , ,0,0,1,0,0,0,0,1,0,0,0,0,0,1
1385611,2013,9,30,8,57,0,43.6340328,-79.4380456,Parkdale-High Park (14),14,South Parkdale (85),85,D14,Toronto East York,LAKE SHORE BLVD W,NET DR, ,Major Arterial,Intersection, ,No Control,Clear,Daylight,Dry,Fatal,Turning Movement,Vehicle Owner,unknown, ,0, , , , , , , , , , , ,0,0,1,0,0,0,0,1,0,0,0,0,0,1
1385611,2013,9,30,8,57,0,43.6340328,-79.4380456,Parkdale-High Park (14),14,South Parkdale (85),85,D14,Toronto East York,LAKE SHORE BLVD W,NET DR, ,Major Arterial,Intersection, ,No Control,Clear,Daylight,Dry,Fatal,Turning Movement,Passenger,55 to 59,Fatal,46, , , , , , , , , , , ,0,0,1,0,0,0,0,1,0,0,0,0,0,1
1385611,2013,9,30,8,57,0,43.6340328,-79.4380456,Parkdale-High Park (14),14,South Parkdale (85),85,D14,Toronto East York,LAKE SHORE BLVD W,NET DR, ,Major Arterial,Intersection, ,No Control,Clear,Daylight,Dry,Fatal,Turning Movement,Driver,35 to 39,,0,East,"Automobile, Station Wagon",Going Ahead,Driving Properly,Normal, , , , , , ,0,0,1,0,0,0,0,1,0,0,0,0,0,1
1199249,2010,11,3,8,58,2,43.72634538,-79.39639029,Don Valley West (25),25,Lawrence Park North (105),105,D53,North York,MOUNT PLEASANT RD,LAWRENCE AVE E, ,Major Arterial,Intersection,At Intersection,Traffic Signal,Clear,Daylight,Dry,Non-Fatal Injury,Pedestrian Collisions,Pedestrian,20 to 24,Major,0,North,Other, , , ,Vehicle turns left while ped crosses with ROW at inter.,Crossing with right of way,Normal, , , ,1,0,1,0,0,0,0,1,0,1,0,0,0,0
1199249,2010,11,3,8,58,2,43.72634538,-79.39639029,Don Valley West (25),25,Lawrence Park North (105),105,D53,North York,MOUNT PLEASANT RD,LAWRENCE AVE E, ,Major Arterial,Intersection,At Intersection,Traffic Signal,Clear,Daylight,Dry,Non-Fatal Injury,Pedestrian Collisions,Passenger,0 to 4,,0, ,Other, , , , , , , , , ,1,0,1,0,0,0,0,1,0,1,0,0,0,0
1199249,2010,11,3,8,58,2,43.72634538,-79.39639029,Don Valley West (25),25,Lawrence Park North (105),105,D53,North York,MOUNT PLEASANT RD,LAWRENCE AVE E, ,Major Arterial,Intersection,At Intersection,Traffic Signal,Clear,Daylight,Dry,Non-Fatal Injury,Pedestrian Collisions,Driver,35 to 39,,0,South,"Automobile, Station Wagon",Turning Left,Failed to Yield Right of Way,Normal, , , , , , ,1,0,1,0,0,0,0,1,0,1,0,0,0,0
1320816,2012,9,15,8,58,5,43.72994538,-79.27789029,Scarborough Southwest (35),35,Clairlea-Birchmount (120),120,D41,Scarborough,EGLINTON AVE E,BIRCHMOUNT RD, ,Major Arterial,Intersection,At Intersection,Traffic Signal,Clear,Daylight,Dry,Non-Fatal Injury,Pedestrian Collisions,Driver,30 to 34,,0,South,"Automobile, Station Wagon",Turning Left,Failed to Yield Right of Way,Inattentive, , , , , , ,1,0,1,0,0,0,0,0,0,1,0,0,0,0
1320816,2012,9,15,8,58,5,43.72994538,-79.27789029,Scarborough Southwest (35),35,Clairlea-Birchmount (120),120,D41,Scarborough,EGLINTON AVE E,BIRCHMOUNT RD, ,Major Arterial,Intersection,At Intersection,Traffic Signal,Clear,Daylight,Dry,Non-Fatal Injury,Pedestrian Collisions,Pedestrian,70 to 74,Major,0,North,Other, , , ,Vehicle turns left while ped crosses with ROW at inter.,Crossing with right of way,Normal, , , ,1,0,1,0,0,0,0,0,0,1,0,0,0,0
1322840,2012,9,24,8,58,0,43.65254538,-79.46999029,Parkdale-High Park (13),13,High Park North (88),88,D11,Etobicoke York,BLOOR ST W,CLENDENAN AVE, ,Major Arterial,Intersection,At Intersection,Traffic Signal,Clear,Daylight,Dry,Non-Fatal Injury,Pedestrian Collisions,Driver,35 to 39,,0,South,"Automobile, Station Wagon",Turning Left,Failed to Yield Right of Way,Normal, , , , , , ,1,0,1,0,0,0,0,0,0,1,0,0,0,0
1322840,2012,9,24,8,58,0,43.65254538,-79.46999029,Parkdale-High Park (13),13,High Park North (88),88,D11,Etobicoke York,BLOOR ST W,CLENDENAN AVE, ,Major Arterial,Intersection,At Intersection,Traffic Signal,Clear,Daylight,Dry,Non-Fatal Injury,Pedestrian Collisions,Pedestrian,25 to 29,Major,0,North,Other, , , ,Vehicle turns left while ped crosses with ROW at inter.,Crossing with right of way,Normal, , , ,1,0,1,0,0,0,0,0,0,1,0,0,0,0
1341806,2013,2,20,8,58,2,43.67724538,-79.49609029,York South-Weston (11),11,Rockcliffe-Smythe (111),111,D12,Etobicoke York,JANE St,DALRYMPLE Dr, ,Major Arterial,Intersection,At Intersection,Stop Sign,Clear,Daylight,Dry,Non-Fatal Injury,Turning Movement,Passenger,35 to 39,Major,0, ,Other, , , , , , , , , ,0,0,1,0,0,0,0,1,0,1,0,0,0,0
1341806,2013,2,20,8,58,2,43.67724538,-79.49609029,York South-Weston (11),11,Rockcliffe-Smythe (111),111,D12,Etobicoke York,JANE St,DALRYMPLE Dr, ,Major Arterial,Intersection,At Intersection,Stop Sign,Clear,Daylight,Dry,Non-Fatal Injury,Turning Movement,Vehicle Owner,unknown, ,0, ,Other, , , , , , , , , ,0,0,1,0,0,0,0,1,0,1,0,0,0,0
1341806,2013,2,20,8,58,2,43.67724538,-79.49609029,York South-Weston (11),11,Rockcliffe-Smythe (111),111,D12,Etobicoke York,JANE St,DALRYMPLE Dr, ,Major Arterial,Intersection,At Intersection,Stop Sign,Clear,Daylight,Dry,Non-Fatal Injury,Turning Movement,Driver,50 to 54,Minor,0,West,"Automobile, Station Wagon",Turning Left,Failed to Yield Right of Way,Normal, , , , , , ,0,0,1,0,0,0,0,1,0,1,0,0,0,0
1341806,2013,2,20,8,58,2,43.67724538,-79.49609029,York South-Weston (11),11,Rockcliffe-Smythe (111),111,D12,Etobicoke York,JANE St,DALRYMPLE Dr, ,Major Arterial,Intersection,At Intersection,Stop Sign,Clear,Daylight,Dry,Non-Fatal Injury,Turning Movement,Vehicle Owner,unknown, ,0, ,Other, , , , , , , , , ,0,0,1,0,0,0,0,1,0,1,0,0,0,0
1341806,2013,2,20,8,58,2,43.67724538,-79.49609029,York South-Weston (11),11,Rockcliffe-Smythe (111),111,D12,Etobicoke York,JANE St,DALRYMPLE Dr, ,Major Arterial,Intersection,At Intersection,Stop Sign,Clear,Daylight,Dry,Non-Fatal Injury,Turning Movement,Driver,35 to 39,,0,South,"Automobile, Station Wagon",Going Ahead,Driving Properly,Normal, , , , , , ,0,0,1,0,0,0,0,1,0,1,0,0,0,0
1182546,2010,6,29,8,30,1,43.65154538,-79.60309029,Etobicoke Centre (3),3,Eringate-Centennial-West Deane (11),11,D22,Etobicoke York,EGLINTON AVE W,SATELLITE DR, ,Major Arterial,Intersection,At Intersection,Traffic Signal,Clear,Daylight,Dry,Non-Fatal Injury,Pedestrian Collisions,Driver,30 to 34,,0,South,"Automobile, Station Wagon",Turning Left,Failed to Yield Right of Way,Normal, , , , , , ,1,0,1,0,0,0,0,0,0,1,0,0,0,0
1182546,2010,6,29,8,30,1,43.65154538,-79.60309029,Etobicoke Centre (3),3,Eringate-Centennial-West Deane (11),11,D22,Etobicoke York,EGLINTON AVE W,SATELLITE DR, ,Major Arterial,Intersection,At Intersection,Traffic Signal,Clear,Daylight,Dry,Non-Fatal Injury,Pedestrian Collisions,Pedestrian,20 to 24,Major,0,South,Other, , , ,Vehicle turns left while ped crosses with ROW at inter.,Crossing with right of way,Normal, , , ,1,0,1,0,0,0,0,0,0,1,0,0,0,0
1216997,2011,2,8,8,30,1,43.64684538,-79.43039029,Davenport (18),18,Little Portugal (84),84,D11,Toronto East York,DUFFERIN ST,GORDON ST, ,Minor Arterial,Intersection,At Intersection,No Control,Clear,Daylight,Dry,Non-Fatal Injury,Pedestrian Collisions,Driver,35 to 39,,0,South,"Automobile, Station Wagon",Going Ahead,Driving Properly,Normal, , , , , , ,1,0,1,0,0,0,0,0,0,0,0,0,0,0