ACCNUM,YEAR,MONTH,DAY,HOUR,MINUTES,WEEKDAY,LATITUDE,LONGITUDE,Ward_Name,Ward_ID,Hood_Name,Hood_ID,Division,District,STREET1,STREET2,OFFSET,ROAD_CLASS,LOCCOORD,ACCLOC,TRAFFCTL,VISIBILITY,LIGHT,RDSFCOND,ACCLASS,IMPACTYPE,INVTYPE,INVAGE,INJURY,FATAL_NO,INITDIR,VEHTYPE,MANOEUVER,DRIVACT,DRIVCOND,PEDTYPE,PEDACT,PEDCOND,CYCLISTYPE,CYCACT,CYCCOND,PEDESTRIAN,CYCLIST,AUTOMOBILE,MOTORCYCLE,TRUCK,TRSN_CITY_VEH,EMERG_VEH,PASSENGER,SPEEDING,AG_DRIV,REDLIGHT,ALCOHOL,DISABILITY,label
1216997,2011,2,8,8,30,1,43.64684538,-79.43039029,Davenport (18),18,Little Portugal (84),84,D11,Toronto East York,DUFFERIN ST,GORDON ST, ,Minor Arterial,Intersection,At Intersection,No Control,Clear,Daylight,Dry,Non-Fatal Injury,Pedestrian Collisions,Pedestrian,10 to 14,Major,0,East,Other, , , ,Vehicle is going straight thru inter.while ped cross without ROW,Running onto Roadway,Inattentive, , , ,1,0,1,0,0,0,0,0,0,0,0,0,0,0
1259697,2011,9,28,8,30,2,43.75234538,-79.43769029,York Centre (10),10,Lansing-Westgate (38),38,D32,North York,BATHURST Stre,REINER Road, ,Major Arterial,Intersection,At Intersection,Stop Sign,Clear,Daylight,Dry,Non-Fatal Injury,Pedestrian Collisions,Driver,unknown,,0,East,"Automobile, Station Wagon",Turning Right,Failed to Yield Right of Way,Inattentive, , , , , , ,1,0,1,0,0,0,0,0,0,1,0,0,0,0
1259697,2011,9,28,8,30,2,43.75234538,-79.43769029,York Centre (10),10,Lansing-Westgate (38),38,D32,North York,BATHURST Stre,REINER Road, ,Major Arterial,Intersection,At Intersection,Stop Sign,Clear,Daylight,Dry,Non-Fatal Injury,Pedestrian Collisions,Pedestrian,80 to 84,Major,0,North,Other, , , ,Vehicle turns right while ped crosses with ROW at inter.,Crossing with right of way,Normal, , , ,1,0,1,0,0,0,0,0,0,1,0,0,0,0
1313188,2012,7,30,8,30,0,43.77574538,-79.17729029,Scarborough East (44),44,West Hill (136),136,D43,Scarborough,443 MANSE RD, , ,Local,Mid-Block, ,No Control,Clear,Daylight,Dry,Non-Fatal Injury,Pedestrian Collisions,Driver,60 to 64,,0,North,"Automobile, Station Wagon",Reversing,Other,Unknown, , , , , , ,1,0,1,0,0,0,0,0,0,0,0,0,0,0
1313188,2012,7,30,8,30,0,43.77574538,-79.17729029,Scarborough East (44),44,West Hill (136),136,D43,Scarborough,443 MANSE RD, , ,Local,Mid-Block, ,No Control,Clear,Daylight,Dry,Non-Fatal Injury,Pedestrian Collisions,Pedestrian,80 to 84,Major,0,Unknown,Other, , , ,Vehicle is reversing and hits pedestrian,Other,Unknown, , , ,1,0,1,0,0,0,0,0,0,0,0,0,0,0
5001016196,2015,6,17,8,30,2,43.77126272,-79.37704096,Willowdale (24),24,Bayview Village (52),52,D33,North York,ARROWSTOOK RD,BURBANK DR, ,Local,Intersection,At Intersection,Stop Sign,Clear,Daylight,Dry,Non-Fatal Injury,Cyclist Collisions,Driver,35 to 39,,0,West,"Automobile, Station Wagon",Turning Right,Other,Unknown, , , , , , ,0,1,1,0,0,0,0,1,0,0,0,0,0,0
5001016196,2015,6,17,8,30,2,43.77126272,-79.37704096,Willowdale (24),24,Bayview Village (52),52,D33,North York,ARROWSTOOK RD,BURBANK DR, ,Local,Intersection,At Intersection,Stop Sign,Clear,Daylight,Dry,Non-Fatal Injury,Cyclist Collisions,Cyclist,60 to 64,Major,0,South,Bicycle,Going Ahead, , , , , ,"Cyclist without ROW rides into path of motorist at inter, lnwy, dwy-Cyclist not turn.",Failed to Yield Right of Way,Inattentive,0,1,1,0,0,0,0,1,0,0,0,0,0,0
5001016196,2015,6,17,8,30,2,43.77126272,-79.37704096,Willowdale (24),24,Bayview Village (52),52,D33,North York,ARROWSTOOK RD,BURBANK DR, ,Local,Intersection,At Intersection,Stop Sign,Clear,Daylight,Dry,Non-Fatal Injury,Cyclist Collisions,Passenger,0 to 4,,0, , , , , , , , , , , ,0,1,1,0,0,0,0,1,0,0,0,0,0,0
5001016196,2015,6,17,8,30,2,43.77126272,-79.37704096,Willowdale (24),24,Bayview Village (52),52,D33,North York,ARROWSTOOK RD,BURBANK DR, ,Local,Intersection,At Intersection,Stop Sign,Clear,Daylight,Dry,Non-Fatal Injury,Cyclist Collisions,Passenger,5 to 9,,0, , , , , , , , , , , ,0,1,1,0,0,0,0,1,0,0,0,0,0,0
5002035175,2015,11,27,8,30,4,43.64893301,-79.45006190000001,Parkdale-High Park (14),14,Roncesvalles (86),86,D11,Toronto East York,RONCESVALLES AVE,GRENADIER RD,5 m North of,Minor Arterial,Intersection,Non Intersection,No Control,Clear,Daylight,Dry,Non-Fatal Injury,Cyclist Collisions,Driver,35 to 39,,0,North,"Automobile, Station Wagon",Pulling Onto Shoulder or towardCurb,Failed to Yield Right of Way,Normal, , , , , , ,0,1,1,0,0,0,0,0,0,1,0,0,0,0
5002035175,2015,11,27,8,30,4,43.64893301,-79.45006190000001,Parkdale-High Park (14),14,Roncesvalles (86),86,D11,Toronto East York,RONCESVALLES AVE,GRENADIER RD,5 m North of,Minor Arterial,Intersection,Non Intersection,No Control,Clear,Daylight,Dry,Non-Fatal Injury,Cyclist Collisions,Cyclist,15 to 19,Major,0,North,Bicycle,Going Ahead, , , , , ,Cyclist and Driver travelling in same direction. One vehicle sideswipes the other.,Driving Properly,Normal,0,1,1,0,0,0,0,0,0,1,0,0,0,0
7001798069,2017,10,4,8,30,2,43.72408636,-79.26444636,Scarborough Southwest (35),35,Kennedy Park (124),124,D41,Scarborough,KENNEDY RD,FOXRIDGE DR, ,Major Arterial,Intersection,At Intersection,No Control,Clear,Daylight,Dry,Non-Fatal Injury,Cyclist Collisions,Driver,80 to 84,,0,North,"Automobile, Station Wagon",Turning Left,Failed to Yield Right of Way,Inattentive, , , , , , ,0,1,1,0,0,0,0,0,0,1,0,0,0,0
7001798069,2017,10,4,8,30,2,43.72408636,-79.26444636,Scarborough Southwest (35),35,Kennedy Park (124),124,D41,Scarborough,KENNEDY RD,FOXRIDGE DR, ,Major Arterial,Intersection,At Intersection,No Control,Clear,Daylight,Dry,Non-Fatal Injury,Cyclist Collisions,Cyclist,30 to 34,Major,0,South,Bicycle,Going Ahead, , , , , ,Motorist turned left across cyclists path.,Driving Properly,Normal,0,1,1,0,0,0,0,0,0,1,0,0,0,0
1086335,2009,1,5,8,31,0,43.69534538,-79.59939029,Etobicoke North (2),2,West Humber-Clairville (1),1,D23,Etobicoke York,380 CARLINGVIEW DR, , ,Major Arterial,Mid-Block, ,No Control,Clear,Daylight,Dry,Non-Fatal Injury,Turning Movement,Vehicle Owner,unknown, ,0, ,Other, , , , , , , , , ,0,0,1,0,0,0,0,0,1,1,0,0,0,0
1086335,2009,1,5,8,31,0,43.69534538,-79.59939029,Etobicoke North (2),2,West Humber-Clairville (1),1,D23,Etobicoke York,380 CARLINGVIEW DR, , ,Major Arterial,Mid-Block, ,No Control,Clear,Daylight,Dry,Non-Fatal Injury,Turning Movement,Driver,45 to 49,Minor,0,North,"Automobile, Station Wagon",Turning Left,Improper Turn,Inattentive, , , , , , ,0,0,1,0,0,0,0,0,1,1,0,0,0,0
1086335,2009,1,5,8,31,0,43.69534538,-79.59939029,Etobicoke North (2),2,West Humber-Clairville (1),1,D23,Etobicoke York,380 CARLINGVIEW DR, , ,Major Arterial,Mid-Block, ,No Control,Clear,Daylight,Dry,Non-Fatal Injury,Turning Movement,Driver,55 to 59,Major,0,South,"Automobile, Station Wagon",Going Ahead,Driving Properly,Normal, , , , , , ,0,0,1,0,0,0,0,0,1,1,0,0,0,0
6000633248,2016,4,14,8,31,3,43.7257839,-79.43124781,Eglinton-Lawrence (16),16,Bedford Park-Nortown (39),39,D32,North York,BATHURST ST,KHEDIVE AVE,9 m East of,Major Arterial,Intersection,At Intersection,No Control,Clear,Daylight,Dry,Non-Fatal Injury,Approaching,Driver,75 to 79,Minor,0,South,"Automobile, Station Wagon",Going Ahead,Other,Normal, , , , , , ,0,0,1,0,0,0,0,1,0,0,0,0,0,0
6000633248,2016,4,14,8,31,3,43.7257839,-79.43124781,Eglinton-Lawrence (16),16,Bedford Park-Nortown (39),39,D32,North York,BATHURST ST,KHEDIVE AVE,9 m East of,Major Arterial,Intersection,At Intersection,No Control,Clear,Daylight,Dry,Non-Fatal Injury,Approaching,Driver,55 to 59,Minor,0,North,Pick Up Truck,Going Ahead,Driving Properly,Normal, , , , , , ,0,0,1,0,0,0,0,1,0,0,0,0,0,0
6000633248,2016,4,14,8,31,3,43.7257839,-79.43124781,Eglinton-Lawrence (16),16,Bedford Park-Nortown (39),39,D32,North York,BATHURST ST,KHEDIVE AVE,9 m East of,Major Arterial,Intersection,At Intersection,No Control,Clear,Daylight,Dry,Non-Fatal Injury,Approaching,Passenger,60 to 64,Major,0, , , , , , , , , , , ,0,0,1,0,0,0,0,1,0,0,0,0,0,0
952422,2007,1,23,8,32,1,43.66004538,-79.34449029,Toronto-Danforth (30),30,South Riverdale (70),70,D55,Toronto East York,QUEEN ST E,MC GEE ST, ,Minor Arterial,Intersection, ,No Control,Clear,Daylight,Wet,Non-Fatal Injury,Pedestrian Collisions,Vehicle Owner,unknown, ,0, ,Other, , , , , , , , , ,1,0,1,0,0,1,0,0,0,1,0,0,0,0
952422,2007,1,23,8,32,1,43.66004538,-79.34449029,Toronto-Danforth (30),30,South Riverdale (70),70,D55,Toronto East York,QUEEN ST E,MC GEE ST, ,Minor Arterial,Intersection, ,No Control,Clear,Daylight,Wet,Non-Fatal Injury,Pedestrian Collisions,Driver,40 to 44,,0,East,Municipal Transit Bus (TTC),Stopped,Driving Properly,Normal, , , , , , ,1,0,1,0,0,1,0,0,0,1,0,0,0,0
952422,2007,1,23,8,32,1,43.66004538,-79.34449029,Toronto-Danforth (30),30,South Riverdale (70),70,D55,Toronto East York,QUEEN ST E,MC GEE ST, ,Minor Arterial,Intersection, ,No Control,Clear,Daylight,Wet,Non-Fatal Injury,Pedestrian Collisions,Driver,35 to 39,,0,East,"Automobile, Station Wagon",Going Ahead,Failed to Yield Right of Way,Normal, , , , , , ,1,0,1,0,0,1,0,0,0,1,0,0,0,0
952422,2007,1,23,8,32,1,43.66004538,-79.34449029,Toronto-Danforth (30),30,South Riverdale (70),70,D55,Toronto East York,QUEEN ST E,MC GEE ST, ,Minor Arterial,Intersection, ,No Control,Clear,Daylight,Wet,Non-Fatal Injury,Pedestrian Collisions,Pedestrian,35 to 39,Major,0,South,Other, , , ,Pedestrian involved in a collision with transit vehicle anywhere along roadway,Person Getting on/off Vehicle,Normal, , , ,1,0,1,0,0,1,0,0,0,1,0,0,0,0
1125395,2009,9,16,8,33,2,43.72444538,-79.48159029,York Centre (9),9,Downsview-Roding-CFB (26),26,D31,North York,2680 KEELE ST, , ,Major Arterial,Intersection,At Intersection,No Control,Clear,Daylight,Dry,Non-Fatal Injury,Turning Movement,Vehicle Owner,unknown, ,0, ,Other, , , , , , , , , ,0,0,1,0,1,0,0,0,0,0,0,0,0,0
1125395,2009,9,16,8,33,2,43.72444538,-79.48159029,York Centre (9),9,Downsview-Roding-CFB (26),26,D31,North York,2680 KEELE ST, , ,Major Arterial,Intersection,At Intersection,No Control,Clear,Daylight,Dry,Non-Fatal Injury,Turning Movement,Truck Driver,50 to 54,,0,South,Truck - Open,Going Ahead,Driving Properly,Normal, , , , , , ,0,0,1,0,1,0,0,0,0,0,0,0,0,0
1125395,2009,9,16,8,33,2,43.72444538,-79.48159029,York Centre (9),9,Downsview-Roding-CFB (26),26,D31,North York,2680 KEELE ST, , ,Major Arterial,Intersection,At Intersection,No Control,Clear,Daylight,Dry,Non-Fatal Injury,Turning Movement,Driver,85 to 89,Major,0,North,"Automobile, Station Wagon",Turning Left,Improper Turn,Inattentive, , , , , , ,0,0,1,0,1,0,0,0,0,0,0,0,0,0
1125395,2009,9,16,8,33,2,43.72444538,-79.48159029,York Centre (9),9,Downsview-Roding-CFB (26),26,D31,North York,2680 KEELE ST, , ,Major Arterial,Intersection,At Intersection,No Control,Clear,Daylight,Dry,Non-Fatal Injury,Turning Movement,Other,unknown,,0, ,Other, , , , , , , , , ,0,0,1,0,1,0,0,0,0,0,0,0,0,0
1153339,2010,2,17,8,33,2,43.71104538,-79.37719029,St. Paul's (22),22,Mount Pleasant East (99),99,D53,Toronto East York,BAYVIEW AVE,EGLINTON AVE E, ,Major Arterial,Intersection,At Intersection,Traffic Signal,Snow,Daylight,Wet,Non-Fatal Injury,Pedestrian Collisions,Driver,40 to 44,,0,East,"Automobile, Station Wagon",Going Ahead,Disobeyed Traffic Control,Inattentive, , , , , , ,1,0,1,0,0,0,0,0,0,1,1,0,0,0
1153339,2010,2,17,8,33,2,43.71104538,-79.37719029,St. Paul's (22),22,Mount Pleasant East (99),99,D53,Toronto East York,BAYVIEW AVE,EGLINTON AVE E, ,Major Arterial,Intersection,At Intersection,Traffic Signal,Snow,Daylight,Wet,Non-Fatal Injury,Pedestrian Collisions,Pedestrian,50 to 54,Major,0,South,Other, , , ,Vehicle is going straight thru inter.while ped cross with ROW,Crossing with right of way,Normal, , , ,1,0,1,0,0,0,0,0,0,1,1,0,0,0
1153339,2010,2,17,8,33,2,43.71104538,-79.37719029,St. Paul's (22),22,Mount Pleasant East (99),99,D53,Toronto East York,BAYVIEW AVE,EGLINTON AVE E, ,Major Arterial,Intersection,At Intersection,Traffic Signal,Snow,Daylight,Wet,Non-Fatal Injury,Pedestrian Collisions,Pedestrian,60 to 64,Major,0,South,Other, , , ,Vehicle is going straight thru inter.while ped cross with ROW,Crossing with right of way,Normal, , , ,1,0,1,0,0,0,0,0,0,1,1,0,0,0
7001917146,2017,10,23,8,33,0,43.75902538,-79.31015429,Scarborough Centre (37),37,Wexford/Maryvale (119),119,D41,Scarborough,ELLESMERE RD,PHARMACY AVE, ,Major Arterial,Intersection,At Intersection,Traffic Signal,Clear,Daylight,Dry,Non-Fatal Injury,Pedestrian Collisions,Driver,20 to 24,,0,West,"Automobile, Station Wagon",Turning Left,Failed to Yield Right of Way,Normal, , , , , , ,1,0,1,0,0,0,0,0,1,1,0,0,0,0
7001917146,2017,10,23,8,33,0,43.75902538,-79.31015429,Scarborough Centre (37),37,Wexford/Maryvale (119),119,D41,Scarborough,ELLESMERE RD,PHARMACY AVE, ,Major Arterial,Intersection,At Intersection,Traffic Signal,Clear,Daylight,Dry,Non-Fatal Injury,Pedestrian Collisions,Driver,25 to 29,,0,East,"Automobile, Station Wagon",Going Ahead,Exceeding Speed Limit,Normal, , , , , , ,1,0,1,0,0,0,0,0,1,1,0,0,0,0
7001917146,2017,10,23,8,33,0,43.75902538,-79.31015429,Scarborough Centre (37),37,Wexford/Maryvale (119),119,D41,Scarborough,ELLESMERE RD,PHARMACY AVE, ,Major Arterial,Intersection,At Intersection,Traffic Signal,Clear,Daylight,Dry,Non-Fatal Injury,Pedestrian Collisions,Driver,70 to 74,,0,West,"Automobile, Station Wagon",Turning Left,Driving Properly,Normal, , , , , , ,1,0,1,0,0,0,0,0,1,1,0,0,0,0
7001917146,2017,10,23,8,33,0,43.75902538,-79.31015429,Scarborough Centre (37),37,Wexford/Maryvale (119),119,D41,Scarborough,ELLESMERE RD,PHARMACY AVE, ,Major Arterial,Intersection,At Intersection,Traffic Signal,Clear,Daylight,Dry,Non-Fatal Injury,Pedestrian Collisions,Pedestrian,60 to 64,Major,0, , , , , , , ,Normal, , , ,1,0,1,0,0,0,0,0,1,1,0,0,0,0
1155683,2010,1,23,8,34,5,43.74144538,-79.50149029,York Centre (9),9,Glenfield-Jane Heights (25),25,D31,North York,SHEPPARD AVE W,ARLETA AVE, ,Major Arterial,Intersection,At Intersection,Traffic Signal,Clear,Daylight,Dry,Non-Fatal Injury,Pedestrian Collisions,Driver,45 to 49,,0,South,"Automobile, Station Wagon",Turning Left,Failed to Yield Right of Way,Normal, , , , , , ,1,0,1,0,0,0,0,0,0,1,0,0,0,0
1155683,2010,1,23,8,34,5,43.74144538,-79.50149029,York Centre (9),9,Glenfield-Jane Heights (25),25,D31,North York,SHEPPARD AVE W,ARLETA AVE, ,Major Arterial,Intersection,At Intersection,Traffic Signal,Clear,Daylight,Dry,Non-Fatal Injury,Pedestrian Collisions,Pedestrian,60 to 64,Major,0,North,Other, , , ,Vehicle turns left while ped crosses with ROW at inter.,Crossing with right of way,Normal, , , ,1,0,1,0,0,0,0,0,0,1,0,0,0,0
1110888,2009,6,11,8,35,3,43.64654538,-79.38299029,Toronto Centre-Rosedale (28),28,Bay Street Corridor (76),76,D52,Toronto East York,WELLINGTON ST W,YORK ST, ,Minor Arterial,Intersection,At Intersection,Traffic Signal,Clear,Daylight,Dry,Non-Fatal Injury,Cyclist Collisions,Driver,unknown,,0,West,"Automobile, Station Wagon",Going Ahead,Driving Properly,Normal, , , , , , ,0,1,1,0,0,0,0,0,0,0,0,0,0,0
1110888,2009,6,11,8,35,3,43.64654538,-79.38299029,Toronto Centre-Rosedale (28),28,Bay Street Corridor (76),76,D52,Toronto East York,WELLINGTON ST W,YORK ST, ,Minor Arterial,Intersection,At Intersection,Traffic Signal,Clear,Daylight,Dry,Non-Fatal Injury,Cyclist Collisions,Cyclist,40 to 44,Major,0,West,Bicycle,Slowing or Stopping, , , , , ,Cyclist and Driver travelling in same direction. One vehicle sideswipes the other.,Lost control,Normal,0,1,1,0,0,0,0,0,0,0,0,0,0,0
1322361,2012,10,26,8,35,4,43.76054538,-79.41139029,Willowdale (23),23,Lansing-Westgate (38),38,D32,North York,BOGERT AVE,BEECROFT RD, ,Local,Mid-Block, ,No Control,Clear,Daylight,Dry,Non-Fatal Injury,Pedestrian Collisions,Driver,unknown,,0,West,Other,Disabled,Other,Other, , , , , , ,1,0,0,0,0,0,0,0,0,0,0,0,0,0
1322361,2012,10,26,8,35,4,43.76054538,-79.41139029,Willowdale (23),23,Lansing-Westgate (38),38,D32,North York,BOGERT AVE,BEECROFT RD, ,Local,Mid-Block, ,No Control,Clear,Daylight,Dry,Non-Fatal Injury,Pedestrian Collisions,Pedestrian,45 to 49,Major,0,Unknown,Other, , , ,Pedestrian hit at mid-block,Person Getting on/off School Bus,Normal, , , ,1,0,0,0,0,0,0,0,0,0,0,0,0,0
6000581980,2016,4,6,8,35,2,43.79558523,-79.23031245,Scarborough-Rouge River (42),42,Malvern (132),132,D42,Scarborough,SHEPPARD AVE E,GATEFORTH DR,15 m West of,Major Arterial,Intersection,Intersection Related,Traffic Signal,Clear,Daylight,Dry,Non-Fatal Injury,Pedestrian Collisions,Driver,25 to 29,,0,West,"Automobile, Station Wagon",Going Ahead,Driving Properly,Normal, , , , , , ,1,0,1,0,0,0,0,1,0,0,0,0,0,0
6000581980,2016,4,6,8,35,2,43.79558523,-79.23031245,Scarborough-Rouge River (42),42,Malvern (132),132,D42,Scarborough,SHEPPARD AVE E,GATEFORTH DR,15 m West of,Major Arterial,Intersection,Intersection Related,Traffic Signal,Clear,Daylight,Dry,Non-Fatal Injury,Pedestrian Collisions,Pedestrian,10 to 14,Major,0,South, , , , ,Vehicle is going straight thru inter.while ped cross without ROW,Crossing without right of way,Normal, , , ,1,0,1,0,0,0,0,1,0,0,0,0,0,0
6000581980,2016,4,6,8,35,2,43.79558523,-79.23031245,Scarborough-Rouge River (42),42,Malvern (132),132,D42,Scarborough,SHEPPARD AVE E,GATEFORTH DR,15 m West of,Major Arterial,Intersection,Intersection Related,Traffic Signal,Clear,Daylight,Dry,Non-Fatal Injury,Pedestrian Collisions,Passenger,15 to 19,,0, , , , , , , , , , , ,1,0,1,0,0,0,0,1,0,0,0,0,0,0
7001207044,2017,7,6,8,35,3,43.68787726,-79.58678065,Etobicoke North (2),2,West Humber-Clairville (1),1,D23,Etobicoke York,DIXON  RD,SKYWAY  AVE, ,Major Arterial,Intersection,At Intersection,Traffic Signal,Clear,Daylight,Dry,Non-Fatal Injury,Cyclist Collisions,Driver,20 to 24,Major,0,North,"Automobile, Station Wagon",Turning Right,Failed to Yield Right of Way,Inattentive, , , , , , ,0,1,1,0,0,0,0,0,0,1,0,0,0,0
7001207044,2017,7,6,8,35,3,43.68787726,-79.58678065,Etobicoke North (2),2,West Humber-Clairville (1),1,D23,Etobicoke York,DIXON  RD,SKYWAY  AVE, ,Major Arterial,Intersection,At Intersection,Traffic Signal,Clear,Daylight,Dry,Non-Fatal Injury,Cyclist Collisions,Cyclist,20 to 24,,0,West,Bicycle,Going Ahead, , , , , ,Motorist turning right on red at signalized intersection strikes cyclist.,Other,Normal,0,1,1,0,0,0,0,0,0,1,0,0,0,0
1368851,2013,6,11,8,36,1,43.82594538,-79.29729029,Scarborough-Rouge River (41),41,Milliken (130),130,D42,Scarborough,STEELES AVE E,MIDLAND AVE, ,Major Arterial,Intersection,At Intersection,Traffic Signal,Clear,Daylight,Dry,Non-Fatal Injury,Cyclist Collisions,Driver,35 to 39,,0,East,"Automobile, Station Wagon",Going Ahead,Disobeyed Traffic Control,Normal, , , , , , ,0,1,1,0,0,0,0,0,1,1,1,0,0,0
1368851,2013,6,11,8,36,1,43.82594538,-79.29729029,Scarborough-Rouge River (41),41,Milliken (130),130,D42,Scarborough,STEELES AVE E,MIDLAND AVE, ,Major Arterial,Intersection,At Intersection,Traffic Signal,Clear,Daylight,Dry,Non-Fatal Injury,Cyclist Collisions,Cyclist,60 to 64,Major,0,West,Bicycle,Turning Left, , , , , ,"Motorist without ROW drives into path of cyclist at inter, lnwy, dwy-Driver not turn.",Driving Properly,Normal,0,1,1,0,0,0,0,0,1,1,1,0,0,0
6000947584,2016,6,1,8,36,2,43.7627941,-79.21101771,Scarborough East (43),43,Woburn (137),137,D43,Scarborough,LAWRENCE AVE E,MOSSBANK DR,20 m West of,Major Arterial,Intersection,At Intersection,Traffic Signal,Clear,Daylight,Dry,Non-Fatal Injury,Rear End,Driver,20 to 24,Major,0,East,"Automobile, Station Wagon",Overtaking,Speed too Fast For Condition,Unknown, , , , , , ,0,0,1,0,0,0,0,1,1,1,0,0,0,0
6000947584,2016,6,1,8,36,2,43.7627941,-79.21101771,Scarborough East (43),43,Woburn (137),137,D43,Scarborough,LAWRENCE AVE E,MOSSBANK DR,20 m West of,Major Arterial,Intersection,At Intersection,Traffic Signal,Clear,Daylight,Dry,Non-Fatal Injury,Rear End,Driver,35 to 39,,0,East,"Automobile, Station Wagon",Going Ahead,Driving Properly,Normal, , , , , , ,0,0,1,0,0,0,0,1,1,1,0,0,0,0
6000947584,2016,6,1,8,36,2,43.7627941,-79.21101771,Scarborough East (43),43,Woburn (137),137,D43,Scarborough,LAWRENCE AVE E,MOSSBANK DR,20 m West of,Major Arterial,Intersection,At Intersection,Traffic Signal,Clear,Daylight,Dry,Non-Fatal Injury,Rear End,Driver,30 to 34,,0,East,Delivery Van,Stopped,Driving Properly,Normal, , , , , , ,0,0,1,0,0,0,0,1,1,1,0,0,0,0
6000947584,2016,6,1,8,36,2,43.7627941,-79.21101771,Scarborough East (43),43,Woburn (137),137,D43,Scarborough,LAWRENCE AVE E,MOSSBANK DR,20 m West of,Major Arterial,Intersection,At Intersection,Traffic Signal,Clear,Daylight,Dry,Non-Fatal Injury,Rear End,Passenger,15 to 19,Major,0, , , , , , , , , , , ,0,0,1,0,0,0,0,1,1,1,0,0,0,0
6001310916,2016,7,26,8,36,1,43.7541767,-79.45895014,York Centre (10),10,Bathurst Manor (34),34,D32,North York,WILSON HEIGHTS BLVD,CODSELL AVE,5 m South of,Collector,Intersection,At Intersection,Stop Sign,Clear,Daylight,Dry,Non-Fatal Injury,Turning Movement,Driver,30 to 34,,0,West,"Automobile, Station Wagon",Turning Left,Failed to Yield Right of Way,Unknown, , , , , , ,0,0,1,1,0,0,0,0,1,1,0,0,0,0
6001310916,2016,7,26,8,36,1,43.7541767,-79.45895014,York Centre (10),10,Bathurst Manor (34),34,D32,North York,WILSON HEIGHTS BLVD,CODSELL AVE,5 m South of,Collector,Intersection,At Intersection,Stop Sign,Clear,Daylight,Dry,Non-Fatal Injury,Turning Movement,Motorcycle Driver,25 to 29,Major,0,North,Motorcycle,Going Ahead,Driving Properly,Unknown, , , , , , ,0,0,1,1,0,0,0,0,1,1,0,0,0,0
1211679,2011,1,10,8,37,0,43.73884538,-79.30849029,Don Valley East (34),34,Victoria Village (43),43,D33,Scarborough,VICTORIA PARK AVE,SLOANE AVE, ,Major Arterial,Intersection, ,No Control,Clear,Daylight,Wet,Non-Fatal Injury,Rear End,Driver,40 to 44,,0,South,"Automobile, Station Wagon",Going Ahead,Speed too Fast For Condition,Inattentive, , , , , , ,0,0,1,0,0,1,0,1,1,1,0,0,0,0
1211679,2011,1,10,8,37,0,43.73884538,-79.30849029,Don Valley East (34),34,Victoria Village (43),43,D33,Scarborough,VICTORIA PARK AVE,SLOANE AVE, ,Major Arterial,Intersection, ,No Control,Clear,Daylight,Wet,Non-Fatal Injury,Rear End,Passenger,10 to 14,Major,0, ,Other, , , , , , , , , ,0,0,1,0,0,1,0,1,1,1,0,0,0,0
1211679,2011,1,10,8,37,0,43.73884538,-79.30849029,Don Valley East (34),34,Victoria Village (43),43,D33,Scarborough,VICTORIA PARK AVE,SLOANE AVE, ,Major Arterial,Intersection, ,No Control,Clear,Daylight,Wet,Non-Fatal Injury,Rear End,Vehicle Owner,unknown, ,0, ,Other, , , , , , , , , ,0,0,1,0,0,1,0,1,1,1,0,0,0,0
1211679,2011,1,10,8,37,0,43.73884538,-79.30849029,Don Valley East (34),34,Victoria Village (43),43,D33,Scarborough,VICTORIA PARK AVE,SLOANE AVE, ,Major Arterial,Intersection, ,No Control,Clear,Daylight,Wet,Non-Fatal Injury,Rear End,Driver,25 to 29,,0,South,Municipal Transit Bus (TTC),Stopped,Driving Properly,Normal, , , , , , ,0,0,1,0,0,1,0,1,1,1,0,0,0,0
1387019,2013,9,18,8,37,2,43.8088146,-79.26276789,Scarborough-Rouge River (41),41,Agincourt North (129),129,D42,Scarborough,FINCH AVE E,SANDHURST CRCL, ,Major Arterial,Intersection, ,Traffic Signal,Clear,Daylight,Dry,Non-Fatal Injury,Pedestrian Collisions,Driver,55 to 59,,0,South,"Automobile, Station Wagon",Turning Left,Improper Turn,Inattentive, , , , , , ,1,0,1,0,0,0,0,0,0,0,0,0,0,0
1387019,2013,9,18,8,37,2,43.8088146,-79.26276789,Scarborough-Rouge River (41),41,Agincourt North (129),129,D42,Scarborough,FINCH AVE E,SANDHURST CRCL, ,Major Arterial,Intersection, ,Traffic Signal,Clear,Daylight,Dry,Non-Fatal Injury,Pedestrian Collisions,Pedestrian,70 to 74,Major,0,North,Other, , , ,Vehicle turns left while ped crosses with ROW at inter.,Crossing with right of way,Normal, , , ,1,0,1,0,0,0,0,0,0,0,0,0,0,0