ACCNUM,YEAR,MONTH,DAY,HOUR,MINUTES,WEEKDAY,LATITUDE,LONGITUDE,Ward_Name,Ward_ID,Hood_Name,Hood_ID,Division,District,STREET1,STREET2,OFFSET,ROAD_CLASS,LOCCOORD,ACCLOC,TRAFFCTL,VISIBILITY,LIGHT,RDSFCOND,ACCLASS,IMPACTYPE,INVTYPE,INVAGE,INJURY,FATAL_NO,INITDIR,VEHTYPE,MANOEUVER,DRIVACT,DRIVCOND,PEDTYPE,PEDACT,PEDCOND,CYCLISTYPE,CYCACT,CYCCOND,PEDESTRIAN,CYCLIST,AUTOMOBILE,MOTORCYCLE,TRUCK,TRSN_CITY_VEH,EMERG_VEH,PASSENGER,SPEEDING,AG_DRIV,REDLIGHT,ALCOHOL,DISABILITY,label
3001877674,2013,10,10,8,37,3,43.75704535,-79.34135065,Don Valley East (34),34,Parkwoods-Donalda (45),45,D33,North York,YORK MILLS RD,SILVERDALE CRES, ,Major Arterial,Intersection,At Intersection,Traffic Signal,Rain,"Daylight, artificial",Dry,Non-Fatal Injury,Pedestrian Collisions,Driver,50 to 54,Major,0,South,"Automobile, Station Wagon",Turning Left,Failed to Yield Right of Way,Unknown, , , , , , ,1,0,1,0,0,0,0,0,0,1,0,0,0,0
3001877674,2013,10,10,8,37,3,43.75704535,-79.34135065,Don Valley East (34),34,Parkwoods-Donalda (45),45,D33,North York,YORK MILLS RD,SILVERDALE CRES, ,Major Arterial,Intersection,At Intersection,Traffic Signal,Rain,"Daylight, artificial",Dry,Non-Fatal Injury,Pedestrian Collisions,Pedestrian,25 to 29,Minor,0,South, , , , ,Vehicle turns left while ped crosses with ROW at inter.,Crossing with right of way,Unknown, , , ,1,0,1,0,0,0,0,0,0,1,0,0,0,0
4002168339,2014,5,28,8,37,2,43.6426235,-79.38277827,Trinity-Spadina (20),20,Waterfront Communities-The Island (77),77,D52,Toronto East York,BREMNER BLVD,GRAND TRUNK CRES, ,Collector,Intersection,Non Intersection,No Control,Clear,Daylight,Dry,Non-Fatal Injury,Cyclist Collisions,Driver,65 to 69,Major,0,East,"Automobile, Station Wagon",Going Ahead,Improper Passing,Normal, , , , , , ,0,1,1,0,0,0,0,0,0,1,0,0,0,0
4002168339,2014,5,28,8,37,2,43.6426235,-79.38277827,Trinity-Spadina (20),20,Waterfront Communities-The Island (77),77,D52,Toronto East York,BREMNER BLVD,GRAND TRUNK CRES, ,Collector,Intersection,Non Intersection,No Control,Clear,Daylight,Dry,Non-Fatal Injury,Cyclist Collisions,Cyclist,50 to 54,Major,0,East,Bicycle,Going Ahead, , , , , ,Cyclist and Driver travelling in same direction. One vehicle rear-ended the other.,Driving Properly,Normal,0,1,1,0,0,0,0,0,0,1,0,0,0,0
6001000870,2016,6,9,8,37,3,43.64784582,-79.39028559,Trinity-Spadina (20),20,Waterfront Communities-The Island (77),77,D52,Toronto East York,ADELAIDE ST W,JOHN ST, ,Major Arterial,Intersection,Intersection Related,Traffic Signal,Clear,Daylight,Dry,Non-Fatal Injury,Cyclist Collisions,Driver,50 to 54,,0,East,"Automobile, Station Wagon",Turning Right,Improper Turn,Inattentive, , , , , , ,0,1,1,0,0,0,0,0,0,0,0,0,0,0
6001000870,2016,6,9,8,37,3,43.64784582,-79.39028559,Trinity-Spadina (20),20,Waterfront Communities-The Island (77),77,D52,Toronto East York,ADELAIDE ST W,JOHN ST, ,Major Arterial,Intersection,Intersection Related,Traffic Signal,Clear,Daylight,Dry,Non-Fatal Injury,Cyclist Collisions,Cyclist,35 to 39,Major,0,East,Bicycle,Going Ahead, , , , , ,Motorist turning right on green or amber at signalized intersection strikes cyclist.,Driving Properly,Normal,0,1,1,0,0,0,0,0,0,0,0,0,0,0
1162587,2010,3,16,8,38,1,43.79744538,-79.31229029,Scarborough-Agincourt (40),40,L'Amoreaux (117),117,D42,Scarborough,FINCH Aven E,BRIDLETOWNE Circ, ,Major Arterial,Intersection,At Intersection,Traffic Signal,Clear,Daylight,Dry,Non-Fatal Injury,Pedestrian Collisions,Driver,50 to 54,Minimal,0,South,"Automobile, Station Wagon",Turning Left,Failed to Yield Right of Way,Normal, , , , , , ,1,0,1,0,0,0,0,0,0,1,0,0,0,0
1162587,2010,3,16,8,38,1,43.79744538,-79.31229029,Scarborough-Agincourt (40),40,L'Amoreaux (117),117,D42,Scarborough,FINCH Aven E,BRIDLETOWNE Circ, ,Major Arterial,Intersection,At Intersection,Traffic Signal,Clear,Daylight,Dry,Non-Fatal Injury,Pedestrian Collisions,Pedestrian,50 to 54,Major,0,North,Other, , , ,Vehicle turns left while ped crosses with ROW at inter.,Crossing with right of way,Normal, , , ,1,0,1,0,0,0,0,0,0,1,0,0,0,0
1340810,2013,2,14,8,38,3,43.81424538,-79.23709029,Scarborough-Rouge River (42),42,Rouge (131),131,D42,Scarborough,TAPSCOTT RD,FINCH Ave E, ,Minor Arterial,Intersection,At Intersection,Traffic Signal,Clear,Daylight,Dry,Non-Fatal Injury,Turning Movement,Vehicle Owner,unknown, ,0, ,Other, , , , , , , , , ,0,0,1,0,0,0,0,0,1,1,0,0,0,0
1340810,2013,2,14,8,38,3,43.81424538,-79.23709029,Scarborough-Rouge River (42),42,Rouge (131),131,D42,Scarborough,TAPSCOTT RD,FINCH Ave E, ,Minor Arterial,Intersection,At Intersection,Traffic Signal,Clear,Daylight,Dry,Non-Fatal Injury,Turning Movement,Driver,30 to 34,,0,South,"Automobile, Station Wagon",Going Ahead,Driving Properly,Normal, , , , , , ,0,0,1,0,0,0,0,0,1,1,0,0,0,0
1340810,2013,2,14,8,38,3,43.81424538,-79.23709029,Scarborough-Rouge River (42),42,Rouge (131),131,D42,Scarborough,TAPSCOTT RD,FINCH Ave E, ,Minor Arterial,Intersection,At Intersection,Traffic Signal,Clear,Daylight,Dry,Non-Fatal Injury,Turning Movement,Driver,40 to 44,Major,0,North,"Automobile, Station Wagon",Stopped,Driving Properly,Normal, , , , , , ,0,0,1,0,0,0,0,0,1,1,0,0,0,0
1340810,2013,2,14,8,38,3,43.81424538,-79.23709029,Scarborough-Rouge River (42),42,Rouge (131),131,D42,Scarborough,TAPSCOTT RD,FINCH Ave E, ,Minor Arterial,Intersection,At Intersection,Traffic Signal,Clear,Daylight,Dry,Non-Fatal Injury,Turning Movement,Driver,20 to 24,,0,North,"Automobile, Station Wagon",Turning Left,Failed to Yield Right of Way,Normal, , , , , , ,0,0,1,0,0,0,0,0,1,1,0,0,0,0
974078,2007,6,8,8,40,4,43.70764538,-79.30259029,Beaches-East York (31),31,O'Connor-Parkview (54),54,D54,Toronto East York,ST CLAIR AVE E,PLAXTON DR, ,Major Arterial,Intersection,At Intersection,Traffic Signal,Clear,Daylight,Dry,Non-Fatal Injury,Pedestrian Collisions,Driver,40 to 44,,0,East,"Automobile, Station Wagon",Going Ahead,Disobeyed Traffic Control,Inattentive, , , , , , ,1,0,1,0,0,0,0,0,1,1,1,0,0,0
974078,2007,6,8,8,40,4,43.70764538,-79.30259029,Beaches-East York (31),31,O'Connor-Parkview (54),54,D54,Toronto East York,ST CLAIR AVE E,PLAXTON DR, ,Major Arterial,Intersection,At Intersection,Traffic Signal,Clear,Daylight,Dry,Non-Fatal Injury,Pedestrian Collisions,Pedestrian,10 to 14,Major,0,North,Other, , , ,Vehicle is going straight thru inter.while ped cross with ROW,Crossing with right of way,Normal, , , ,1,0,1,0,0,0,0,0,1,1,1,0,0,0
1003525,2007,11,9,8,40,4,43.78504538,-79.44169029,York Centre (10),10,Newtonbrook West (36),36,D32,North York,PATRICIA AVE,LACONIA DR, ,Collector,Mid-Block, ,No Control,Clear,"Daylight, artificial",Dry,Non-Fatal Injury,Pedestrian Collisions,Driver,45 to 49,,0,West,"Automobile, Station Wagon",Going Ahead,Driving Properly,Normal, , , , , , ,1,0,1,0,0,0,0,0,0,0,0,0,0,0
1003525,2007,11,9,8,40,4,43.78504538,-79.44169029,York Centre (10),10,Newtonbrook West (36),36,D32,North York,PATRICIA AVE,LACONIA DR, ,Collector,Mid-Block, ,No Control,Clear,"Daylight, artificial",Dry,Non-Fatal Injury,Pedestrian Collisions,Pedestrian,10 to 14,Major,0,South,Other, , , ,Pedestrian hit at mid-block,"Crossing, no Traffic Control",Normal, , , ,1,0,1,0,0,0,0,0,0,0,0,0,0,0
1041602,2008,5,18,8,40,6,43.78484538,-79.16249029,Scarborough East (44),44,Centennial Scarborough (133),133,D43,Scarborough,LAWSON Rd,MEADOWVALE Rd, ,Collector,Mid-Block, ,No Control,Clear,Daylight,Dry,Non-Fatal Injury,Approaching,Vehicle Owner,unknown, ,0, ,Other, , , , , , , , , ,0,0,1,0,0,0,0,1,0,0,0,0,0,0
1041602,2008,5,18,8,40,6,43.78484538,-79.16249029,Scarborough East (44),44,Centennial Scarborough (133),133,D43,Scarborough,LAWSON Rd,MEADOWVALE Rd, ,Collector,Mid-Block, ,No Control,Clear,Daylight,Dry,Non-Fatal Injury,Approaching,Driver,40 to 44,Major,0,West,"Automobile, Station Wagon",Going Ahead,Driving Properly,Normal, , , , , , ,0,0,1,0,0,0,0,1,0,0,0,0,0,0
1041602,2008,5,18,8,40,6,43.78484538,-79.16249029,Scarborough East (44),44,Centennial Scarborough (133),133,D43,Scarborough,LAWSON Rd,MEADOWVALE Rd, ,Collector,Mid-Block, ,No Control,Clear,Daylight,Dry,Non-Fatal Injury,Approaching,Passenger,65 to 69,Major,0, ,Other, , , , , , , , , ,0,0,1,0,0,0,0,1,0,0,0,0,0,0
1041602,2008,5,18,8,40,6,43.78484538,-79.16249029,Scarborough East (44),44,Centennial Scarborough (133),133,D43,Scarborough,LAWSON Rd,MEADOWVALE Rd, ,Collector,Mid-Block, ,No Control,Clear,Daylight,Dry,Non-Fatal Injury,Approaching,Driver,35 to 39,Minor,0,East,"Automobile, Station Wagon",Going Ahead,Lost control,Normal, , , , , , ,0,0,1,0,0,0,0,1,0,0,0,0,0,0
1064337,2008,9,19,8,40,4,43.75084538,-79.59859029,Etobicoke North (1),1,West Humber-Clairville (1),1,D23,Etobicoke York,SILVERSTONE DR,MARTIN GROVE RD, ,Minor Arterial,Intersection,At Intersection,Traffic Signal,Clear,Daylight,Dry,Non-Fatal Injury,Pedestrian Collisions,Driver,unknown,,0,West,"Automobile, Station Wagon",Turning Left,Failed to Yield Right of Way,Unknown, , , , , , ,1,0,1,0,0,0,0,0,0,1,0,0,0,0
1064337,2008,9,19,8,40,4,43.75084538,-79.59859029,Etobicoke North (1),1,West Humber-Clairville (1),1,D23,Etobicoke York,SILVERSTONE DR,MARTIN GROVE RD, ,Minor Arterial,Intersection,At Intersection,Traffic Signal,Clear,Daylight,Dry,Non-Fatal Injury,Pedestrian Collisions,Pedestrian,10 to 14,Major,0,East,Other, , , ,Vehicle turns left while ped crosses with ROW at inter.,Crossing with right of way,Normal, , , ,1,0,1,0,0,0,0,0,0,1,0,0,0,0
1071508,2008,11,21,8,40,4,43.65304538,-79.57249029,Etobicoke Centre (3),3,Eringate-Centennial-West Deane (11),11,D22,Etobicoke York,THE WEST MALL,RATHBURN RD, ,Major Arterial,Intersection,At Intersection,Traffic Signal,Clear,Daylight,Dry,Non-Fatal Injury,Pedestrian Collisions,Driver,40 to 44,,0,South,"Automobile, Station Wagon",Turning Left,Improper Turn,Normal, , , , , , ,1,0,1,0,0,0,0,0,0,0,0,0,0,0
1071508,2008,11,21,8,40,4,43.65304538,-79.57249029,Etobicoke Centre (3),3,Eringate-Centennial-West Deane (11),11,D22,Etobicoke York,THE WEST MALL,RATHBURN RD, ,Major Arterial,Intersection,At Intersection,Traffic Signal,Clear,Daylight,Dry,Non-Fatal Injury,Pedestrian Collisions,Pedestrian,70 to 74,Major,0,South,Other, , , ,Vehicle turns left while ped crosses with ROW at inter.,Crossing with right of way,Normal, , , ,1,0,1,0,0,0,0,0,0,0,0,0,0,0
1319184,2012,8,29,8,40,2,43.82244538,-79.31229029,Scarborough-Agincourt (39),39,Steeles (116),116,D42,Scarborough,STEELES AVE E,KELVIN GROVE AVE, ,Major Arterial,Intersection,At Intersection,Traffic Signal,Clear,Daylight,Dry,Non-Fatal Injury,Pedestrian Collisions,Driver,45 to 49,,0,South,"Automobile, Station Wagon",Turning Left,Failed to Yield Right of Way,Inattentive, , , , , , ,1,0,1,0,0,0,0,0,0,1,0,0,0,0
1319184,2012,8,29,8,40,2,43.82244538,-79.31229029,Scarborough-Agincourt (39),39,Steeles (116),116,D42,Scarborough,STEELES AVE E,KELVIN GROVE AVE, ,Major Arterial,Intersection,At Intersection,Traffic Signal,Clear,Daylight,Dry,Non-Fatal Injury,Pedestrian Collisions,Pedestrian,55 to 59,Major,0,North,Other, , , ,Vehicle turns left while ped crosses with ROW at inter.,Crossing with right of way,Normal, , , ,1,0,1,0,0,0,0,0,0,1,0,0,0,0
1314296,2012,9,11,8,40,1,43.71074538,-79.44449029,Eglinton-Lawrence (15),15,Yorkdale-Glen Park (31),31,D13,North York,GLENGROVE AVE,MARLEE AVE, ,Minor Arterial,Intersection,At Intersection,Stop Sign,Clear,Daylight,Dry,Fatal,Angle,Motorcycle Driver,20 to 24,Fatal,30,North,Motorcycle,Going Ahead,Speed too Fast For Condition,Normal, , , , , , ,0,0,1,1,0,0,0,0,1,1,0,0,0,1
1314296,2012,9,11,8,40,1,43.71074538,-79.44449029,Eglinton-Lawrence (15),15,Yorkdale-Glen Park (31),31,D13,North York,GLENGROVE AVE,MARLEE AVE, ,Minor Arterial,Intersection,At Intersection,Stop Sign,Clear,Daylight,Dry,Fatal,Angle,Vehicle Owner,unknown, ,0, ,Other, , , , , , , , , ,0,0,1,1,0,0,0,0,1,1,0,0,0,1
1314296,2012,9,11,8,40,1,43.71074538,-79.44449029,Eglinton-Lawrence (15),15,Yorkdale-Glen Park (31),31,D13,North York,GLENGROVE AVE,MARLEE AVE, ,Minor Arterial,Intersection,At Intersection,Stop Sign,Clear,Daylight,Dry,Fatal,Angle,Driver,45 to 49,,0,West,"Automobile, Station Wagon",Going Ahead,Failed to Yield Right of Way,Normal, , , , , , ,0,0,1,1,0,0,0,0,1,1,0,0,0,1
4008010238,2014,3,7,6,50,4,43.74026831,-79.33224116,Don Valley East (34),34,Banbury-Don Mills (42),42,D33,North York,DON VALLEY PARKWAY  S,LAWRENCE AVE E, ,Expressway,Mid-Block,Non Intersection,No Control,Clear,Daylight,Dry,Non-Fatal Injury,Rear End,Driver,60 to 64,Major,0,South,"Automobile, Station Wagon",Stopped,Driving Properly,Normal, , , , , , ,0,0,1,0,0,0,0,0,0,1,0,0,0,0
4008010238,2014,3,7,6,50,4,43.74026831,-79.33224116,Don Valley East (34),34,Banbury-Don Mills (42),42,D33,North York,DON VALLEY PARKWAY  S,LAWRENCE AVE E, ,Expressway,Mid-Block,Non Intersection,No Control,Clear,Daylight,Dry,Non-Fatal Injury,Rear End,Driver,25 to 29,Major,0,South,"Automobile, Station Wagon",Slowing or Stopping,Following too Close,Inattentive, , , , , , ,0,0,1,0,0,0,0,0,0,1,0,0,0,0
4002412292,2014,7,2,6,50,2,43.67526205,-79.32027064,Beaches-East York (32),32,Woodbine Corridor (64),64,D55,Toronto East York,COXWELL AVE,GERRARD ST E,1 m North of,Minor Arterial,Intersection,At Intersection,Traffic Signal,Clear,Daylight,Dry,Non-Fatal Injury,SMV Other,Driver,65 to 69,Major,0,North,"Automobile, Station Wagon",Turning Right,Lost control,Normal, , , , , , ,0,0,1,0,0,0,0,0,1,1,0,0,0,0
1014871,2008,1,15,6,52,1,43.68204538,-79.47199029,York South-Weston (12),12,Keelesdale-Eglinton West (110),110,D12,Etobicoke York,ROGERS RD,BICKNELL AVE, ,Minor Arterial,Mid-Block,At Intersection,No Control,Snow,"Dusk, artificial",Slush,Non-Fatal Injury,Pedestrian Collisions,Driver,40 to 44,,0,South,"Automobile, Station Wagon",Turning Right,Driving Properly,Normal, , , , , , ,1,0,1,0,0,0,0,0,0,0,0,0,0,0
1014871,2008,1,15,6,52,1,43.68204538,-79.47199029,York South-Weston (12),12,Keelesdale-Eglinton West (110),110,D12,Etobicoke York,ROGERS RD,BICKNELL AVE, ,Minor Arterial,Mid-Block,At Intersection,No Control,Snow,"Dusk, artificial",Slush,Non-Fatal Injury,Pedestrian Collisions,Pedestrian,85 to 89,Major,0,South,Other, , , ,Pedestrian hit at mid-block,"Crossing, no Traffic Control",Normal, , , ,1,0,1,0,0,0,0,0,0,0,0,0,0,0
1093819,2009,3,11,6,52,2,43.76653631,-79.56476984,York West (7),7,Humber Summit (21),21,D31,Etobicoke York,STEELES AVE W,PINE VALLEY  DR, ,Major Arterial,Intersection,At Intersection,Traffic Signal,Rain,Dark,Wet,Fatal,Pedestrian Collisions,Vehicle Owner,unknown, ,0, ,Other, , , , , , , , , ,1,0,0,0,1,0,0,0,0,0,0,0,0,1
1093819,2009,3,11,6,52,2,43.76653631,-79.56476984,York West (7),7,Humber Summit (21),21,D31,Etobicoke York,STEELES AVE W,PINE VALLEY  DR, ,Major Arterial,Intersection,At Intersection,Traffic Signal,Rain,Dark,Wet,Fatal,Pedestrian Collisions,Truck Driver,45 to 49,,0,South,Truck - Open,Turning Left,Driving Properly,Inattentive, , , , , , ,1,0,0,0,1,0,0,0,0,0,0,0,0,1
1093819,2009,3,11,6,52,2,43.76653631,-79.56476984,York West (7),7,Humber Summit (21),21,D31,Etobicoke York,STEELES AVE W,PINE VALLEY  DR, ,Major Arterial,Intersection,At Intersection,Traffic Signal,Rain,Dark,Wet,Fatal,Pedestrian Collisions,Pedestrian,55 to 59,Fatal,7,South,Other, , , ,Pedestrian hit at mid-block,"Crossing, no Traffic Control",Inattentive, , , ,1,0,0,0,1,0,0,0,0,0,0,0,0,1
1323544,2012,11,1,6,52,3,43.71414538,-79.45329029,Eglinton-Lawrence (15),15,Yorkdale-Glen Park (31),31,D13,North York,LAWRENCE AVE W,CORONA ST, ,Major Arterial,Mid-Block, ,No Control,Rain,Dark,Wet,Fatal,Pedestrian Collisions,Passenger,45 to 49,,0, ,Other, , , , , , , , , ,1,0,1,0,0,0,0,1,1,1,0,0,0,1
1323544,2012,11,1,6,52,3,43.71414538,-79.45329029,Eglinton-Lawrence (15),15,Yorkdale-Glen Park (31),31,D13,North York,LAWRENCE AVE W,CORONA ST, ,Major Arterial,Mid-Block, ,No Control,Rain,Dark,Wet,Fatal,Pedestrian Collisions,Driver,45 to 49,,0,East,"Automobile, Station Wagon",Going Ahead,Driving Properly,Normal, , , , , , ,1,0,1,0,0,0,0,1,1,1,0,0,0,1
1323544,2012,11,1,6,52,3,43.71414538,-79.45329029,Eglinton-Lawrence (15),15,Yorkdale-Glen Park (31),31,D13,North York,LAWRENCE AVE W,CORONA ST, ,Major Arterial,Mid-Block, ,No Control,Rain,Dark,Wet,Fatal,Pedestrian Collisions,Driver,50 to 54,,0,East,"Automobile, Station Wagon",Changing Lanes,Driving Properly,Normal, , , , , , ,1,0,1,0,0,0,0,1,1,1,0,0,0,1
1323544,2012,11,1,6,52,3,43.71414538,-79.45329029,Eglinton-Lawrence (15),15,Yorkdale-Glen Park (31),31,D13,North York,LAWRENCE AVE W,CORONA ST, ,Major Arterial,Mid-Block, ,No Control,Rain,Dark,Wet,Fatal,Pedestrian Collisions,Driver,25 to 29,,0,West,"Automobile, Station Wagon",Going Ahead,Driving Properly,Normal, , , , , , ,1,0,1,0,0,0,0,1,1,1,0,0,0,1
1323544,2012,11,1,6,52,3,43.71414538,-79.45329029,Eglinton-Lawrence (15),15,Yorkdale-Glen Park (31),31,D13,North York,LAWRENCE AVE W,CORONA ST, ,Major Arterial,Mid-Block, ,No Control,Rain,Dark,Wet,Fatal,Pedestrian Collisions,Pedestrian,30 to 34,Fatal,37,Unknown,Other, , , ,Vehicle is going straight thru inter.while ped cross without ROW,"Crossing, no Traffic Control",Inattentive, , , ,1,0,1,0,0,0,0,1,1,1,0,0,0,1
7001671435,2017,9,15,6,52,4,43.75564154,-79.6128808,Etobicoke North (1),1,West Humber-Clairville (1),1,D23,North York,STEELES AVE W,HIGHWAY 27  N,200 m East of,Major Arterial,Mid-Block,Non Intersection,No Control,Clear,Daylight,Dry,Fatal,Turning Movement,Truck Driver,30 to 34,Minimal,0,East,Truck - Dump,Turning Left,Failed to Yield Right of Way,Normal, , , , , , ,0,0,1,0,1,0,0,1,1,1,0,0,0,1
7001671435,2017,9,15,6,52,4,43.75564154,-79.6128808,Etobicoke North (1),1,West Humber-Clairville (1),1,D23,North York,STEELES AVE W,HIGHWAY 27  N,200 m East of,Major Arterial,Mid-Block,Non Intersection,No Control,Clear,Daylight,Dry,Fatal,Turning Movement,Passenger,55 to 59,Fatal,41, , , , , , , , , , , ,0,0,1,0,1,0,0,1,1,1,0,0,0,1
7001671435,2017,9,15,6,52,4,43.75564154,-79.6128808,Etobicoke North (1),1,West Humber-Clairville (1),1,D23,North York,STEELES AVE W,HIGHWAY 27  N,200 m East of,Major Arterial,Mid-Block,Non Intersection,No Control,Clear,Daylight,Dry,Fatal,Turning Movement,Driver,50 to 54,Minor,0,East,"Automobile, Station Wagon",Going Ahead,Driving Properly,Normal, , , , , , ,0,0,1,0,1,0,0,1,1,1,0,0,0,1
7001671435,2017,9,15,6,52,4,43.75564154,-79.6128808,Etobicoke North (1),1,West Humber-Clairville (1),1,D23,North York,STEELES AVE W,HIGHWAY 27  N,200 m East of,Major Arterial,Mid-Block,Non Intersection,No Control,Clear,Daylight,Dry,Fatal,Turning Movement,Driver,20 to 24,Major,0,West,"Automobile, Station Wagon",Going Ahead,Exceeding Speed Limit,Had Been Drinking, , , , , , ,0,0,1,0,1,0,0,1,1,1,0,0,0,1
1067364,2008,10,31,8,17,4,43.78864538,-79.15869029,Scarborough East (44),44,Centennial Scarborough (133),133,D43,Scarborough,HIGHWAY 2A  E,LAWSON RD, ,Expressway,Mid-Block, ,No Control,Clear,Daylight,Dry,Fatal,SMV Other,Vehicle Owner,unknown, ,0, ,"Automobile, Station Wagon", , , , , , , , , ,0,0,1,0,0,0,0,0,0,0,0,0,1,1
1343211,2013,1,4,6,53,4,43.69464538,-79.27249029,Scarborough Southwest (35),35,Oakridge (121),121,D41,Scarborough,DANFORTH Ave,SCOTIA Ave, ,Minor Arterial,Intersection, ,No Control,Clear,Dark,Wet,Non-Fatal Injury,Turning Movement,Driver,30 to 34,Minimal,0,West,"Automobile, Station Wagon",Turning Left,Improper Turn,Inattentive, , , , , , ,0,0,1,0,0,0,0,0,0,0,0,0,0,0
1343211,2013,1,4,6,53,4,43.69464538,-79.27249029,Scarborough Southwest (35),35,Oakridge (121),121,D41,Scarborough,DANFORTH Ave,SCOTIA Ave, ,Minor Arterial,Intersection, ,No Control,Clear,Dark,Wet,Non-Fatal Injury,Turning Movement,Driver,50 to 54,Major,0,East,"Automobile, Station Wagon",Going Ahead,Driving Properly,Normal, , , , , , ,0,0,1,0,0,0,0,0,0,0,0,0,0,0
7000513794,2017,3,23,6,53,3,43.75592764,-79.60161219,Etobicoke North (1),1,West Humber-Clairville (1),1,D23,Etobicoke York,MARTIN GROVE RD,BRUNELLO GT, ,Minor Arterial,Intersection,At Intersection,Stop Sign,Clear,Dawn,Dry,Non-Fatal Injury,Turning Movement,Driver,55 to 59,Major,0,East,"Automobile, Station Wagon",Turning Left,Failed to Yield Right of Way,Inattentive, , , , , , ,0,0,1,0,0,0,0,0,0,1,0,0,0,0
7000513794,2017,3,23,6,53,3,43.75592764,-79.60161219,Etobicoke North (1),1,West Humber-Clairville (1),1,D23,Etobicoke York,MARTIN GROVE RD,BRUNELLO GT, ,Minor Arterial,Intersection,At Intersection,Stop Sign,Clear,Dawn,Dry,Non-Fatal Injury,Turning Movement,Driver,25 to 29,Minimal,0,South,"Automobile, Station Wagon",Going Ahead,Driving Properly,Normal, , , , , , ,0,0,1,0,0,0,0,0,0,1,0,0,0,0
1352962,2013,4,24,8,43,2,43.60584538,-79.49409029,Etobicoke-Lakeshore (6),6,Mimico (includes Humber Bay Shores) (17),17,D22,Etobicoke York,MURRIE ST,ROYAL YORK RD, ,Minor Arterial,Intersection,At Intersection,Stop Sign,Rain,Daylight,Wet,Non-Fatal Injury,SMV Other,Driver,75 to 79,Major,0,East,"Automobile, Station Wagon",Going Ahead,Lost control,Normal, , , , , , ,0,0,1,0,0,0,0,0,1,1,0,0,0,0
1204660,2010,9,29,6,54,2,43.70034538,-79.38699029,St. Paul's (22),22,Mount Pleasant West (104),104,D53,Toronto East York,MOUNT PLEASANT RD,DAVISVILLE AVE, ,Collector,Intersection,At Intersection,Traffic Signal,Clear,Daylight,Dry,Non-Fatal Injury,Turning Movement,Passenger,25 to 29,Major,0, ,Other, , , , , , , , , ,0,0,1,0,0,0,0,1,0,1,0,0,0,0
1204660,2010,9,29,6,54,2,43.70034538,-79.38699029,St. Paul's (22),22,Mount Pleasant West (104),104,D53,Toronto East York,MOUNT PLEASANT RD,DAVISVILLE AVE, ,Collector,Intersection,At Intersection,Traffic Signal,Clear,Daylight,Dry,Non-Fatal Injury,Turning Movement,Driver,50 to 54,Minimal,0,North,"Automobile, Station Wagon",Turning Left,Failed to Yield Right of Way,Inattentive, , , , , , ,0,0,1,0,0,0,0,1,0,1,0,0,0,0
1204660,2010,9,29,6,54,2,43.70034538,-79.38699029,St. Paul's (22),22,Mount Pleasant West (104),104,D53,Toronto East York,MOUNT PLEASANT RD,DAVISVILLE AVE, ,Collector,Intersection,At Intersection,Traffic Signal,Clear,Daylight,Dry,Non-Fatal Injury,Turning Movement,Vehicle Owner,unknown, ,0, ,Other, , , , , , , , , ,0,0,1,0,0,0,0,1,0,1,0,0,0,0
1204660,2010,9,29,6,54,2,43.70034538,-79.38699029,St. Paul's (22),22,Mount Pleasant West (104),104,D53,Toronto East York,MOUNT PLEASANT RD,DAVISVILLE AVE, ,Collector,Intersection,At Intersection,Traffic Signal,Clear,Daylight,Dry,Non-Fatal Injury,Turning Movement,Driver,40 to 44,Minor,0,South,"Automobile, Station Wagon",Going Ahead,Driving Properly,Normal, , , , , , ,0,0,1,0,0,0,0,1,0,1,0,0,0,0
1323931,2012,11,1,6,54,3,43.70074538,-79.42669029,St. Paul's (21),21,Humewood-Cedarvale (106),106,D13,Toronto East York,EGLINTON AVE W,PEVERIL HILL  N, ,Major Arterial,Intersection, ,No Control,Rain,Dark,Wet,Non-Fatal Injury,Pedestrian Collisions,Driver,unknown,,0,East,"Automobile, Station Wagon",Going Ahead,Other,Normal, , , , , , ,1,0,1,0,0,0,0,0,0,0,0,0,0,0
1323931,2012,11,1,6,54,3,43.70074538,-79.42669029,St. Paul's (21),21,Humewood-Cedarvale (106),106,D13,Toronto East York,EGLINTON AVE W,PEVERIL HILL  N, ,Major Arterial,Intersection, ,No Control,Rain,Dark,Wet,Non-Fatal Injury,Pedestrian Collisions,Pedestrian,50 to 54,Major,0,North,Other, , , ,Vehicle is going straight thru inter.while ped cross without ROW,Crossing without right of way,Inattentive, , , ,1,0,1,0,0,0,0,0,0,0,0,0,0,0
6001186326,2016,7,7,6,54,3,43.73903235,-79.60542689,Etobicoke North (1),1,West Humber-Clairville (1),1,D23,Etobicoke York,HIGHWAY 27  N,CARRIER DR, ,Major Arterial,Intersection,At Intersection,Traffic Signal,Clear,Daylight,Dry,Non-Fatal Injury,Rear End,Motorcycle Driver,55 to 59,Major,0,North,Motorcycle,Going Ahead,Following too Close,Normal, , , , , , ,0,0,1,1,0,0,0,0,0,1,0,0,0,0
6001186326,2016,7,7,6,54,3,43.73903235,-79.60542689,Etobicoke North (1),1,West Humber-Clairville (1),1,D23,Etobicoke York,HIGHWAY 27  N,CARRIER DR, ,Major Arterial,Intersection,At Intersection,Traffic Signal,Clear,Daylight,Dry,Non-Fatal Injury,Rear End,Driver,80 to 84,,0,North,"Automobile, Station Wagon",Going Ahead,Driving Properly,Normal, , , , , , ,0,0,1,1,0,0,0,0,0,1,0,0,0,0