ACCNUM,YEAR,MONTH,DAY,HOUR,MINUTES,WEEKDAY,LATITUDE,LONGITUDE,Ward_Name,Ward_ID,Hood_Name,Hood_ID,Division,District,STREET1,STREET2,OFFSET,ROAD_CLASS,LOCCOORD,ACCLOC,TRAFFCTL,VISIBILITY,LIGHT,RDSFCOND,ACCLASS,IMPACTYPE,INVTYPE,INVAGE,INJURY,FATAL_NO,INITDIR,VEHTYPE,MANOEUVER,DRIVACT,DRIVCOND,PEDTYPE,PEDACT,PEDCOND,CYCLISTYPE,CYCACT,CYCCOND,PEDESTRIAN,CYCLIST,AUTOMOBILE,MOTORCYCLE,TRUCK,TRSN_CITY_VEH,EMERG_VEH,PASSENGER,SPEEDING,AG_DRIV,REDLIGHT,ALCOHOL,DISABILITY,label
957730,2007,2,6,6,55,1,43.63614538,-79.47449029,Parkdale-High Park (13),13,High Park-Swansea (87),87,D11,Etobicoke York,SOUTH KINGSWAY,QUEENSWAY S KINGSWAY RAMP, ,Major Arterial,Intersection,At Intersection,Stop Sign,Clear,Dark,Slush,Non-Fatal Injury,Turning Movement,Driver,55 to 59,Major,0,South,"Automobile, Station Wagon",Going Ahead,Driving Properly,Normal, , , , , , ,0,0,1,0,0,0,0,0,0,1,0,0,0,0
957730,2007,2,6,6,55,1,43.63614538,-79.47449029,Parkdale-High Park (13),13,High Park-Swansea (87),87,D11,Etobicoke York,SOUTH KINGSWAY,QUEENSWAY S KINGSWAY RAMP, ,Major Arterial,Intersection,At Intersection,Stop Sign,Clear,Dark,Slush,Non-Fatal Injury,Turning Movement,Driver,60 to 64,,0,West,"Automobile, Station Wagon",Turning Left,Failed to Yield Right of Way,Normal, , , , , , ,0,0,1,0,0,0,0,0,0,1,0,0,0,0
957730,2007,2,6,6,55,1,43.63614538,-79.47449029,Parkdale-High Park (13),13,High Park-Swansea (87),87,D11,Etobicoke York,SOUTH KINGSWAY,QUEENSWAY S KINGSWAY RAMP, ,Major Arterial,Intersection,At Intersection,Stop Sign,Clear,Dark,Slush,Non-Fatal Injury,Turning Movement,Driver,35 to 39,Minor,0,North,"Automobile, Station Wagon",Going Ahead,Driving Properly,Unknown, , , , , , ,0,0,1,0,0,0,0,0,0,1,0,0,0,0
1139418,2009,11,27,6,55,4,43.77954538,-79.23299029,Scarborough Centre (38),38,Woburn (137),137,D43,Scarborough,MARKHAM RD,TUXEDO CRT, ,Major Arterial,Intersection,At Intersection,Traffic Signal,Clear,Daylight,Dry,Non-Fatal Injury,Pedestrian Collisions,Driver,60 to 64,,0,South,"Automobile, Station Wagon",Going Ahead,Driving Properly,Normal, , , , , , ,1,0,1,0,0,0,0,0,0,0,0,0,0,0
1139418,2009,11,27,6,55,4,43.77954538,-79.23299029,Scarborough Centre (38),38,Woburn (137),137,D43,Scarborough,MARKHAM RD,TUXEDO CRT, ,Major Arterial,Intersection,At Intersection,Traffic Signal,Clear,Daylight,Dry,Non-Fatal Injury,Pedestrian Collisions,Pedestrian,70 to 74,Major,0,West,Other, , , ,Vehicle is going straight thru inter.while ped cross without ROW,Crossing without right of way,Normal, , , ,1,0,1,0,0,0,0,0,0,0,0,0,0,0
1147870,2010,1,15,6,55,4,43.74494538,-79.58289029,Etobicoke North (1),1,Mount Olive-Silverstone-Jamestown (2),2,D23,Etobicoke York,KIPLING AVE,STEVENSON RD, ,Major Arterial,Mid-Block, ,No Control,Clear,Dusk,Wet,Non-Fatal Injury,Pedestrian Collisions,Vehicle Owner,unknown, ,0, ,Other, , , , , , , , , ,1,0,1,0,0,0,0,0,0,0,0,0,0,0
1147870,2010,1,15,6,55,4,43.74494538,-79.58289029,Etobicoke North (1),1,Mount Olive-Silverstone-Jamestown (2),2,D23,Etobicoke York,KIPLING AVE,STEVENSON RD, ,Major Arterial,Mid-Block, ,No Control,Clear,Dusk,Wet,Non-Fatal Injury,Pedestrian Collisions,Driver,45 to 49,,0,North,"Automobile, Station Wagon",Going Ahead,Driving Properly,Normal, , , , , , ,1,0,1,0,0,0,0,0,0,0,0,0,0,0
1147870,2010,1,15,6,55,4,43.74494538,-79.58289029,Etobicoke North (1),1,Mount Olive-Silverstone-Jamestown (2),2,D23,Etobicoke York,KIPLING AVE,STEVENSON RD, ,Major Arterial,Mid-Block, ,No Control,Clear,Dusk,Wet,Non-Fatal Injury,Pedestrian Collisions,Pedestrian,75 to 79,Major,0,West,Other, , , ,Pedestrian hit at mid-block,"Crossing, no Traffic Control",Unknown, , , ,1,0,1,0,0,0,0,0,0,0,0,0,0,0
1148390,2010,1,18,6,55,0,43.70844538,-79.39019029,St. Paul's (22),22,Mount Pleasant East (99),99,D53,Toronto East York,MOUNT PLEASANT RD,EGLINTON AVE E, ,Major Arterial,Intersection,At Intersection,Traffic Signal,Clear,Dark,Dry,Fatal,Pedestrian Collisions,Vehicle Owner,unknown, ,0, ,Other, , , , , , , , , ,1,0,0,0,0,1,0,0,0,1,0,0,0,1
1148390,2010,1,18,6,55,0,43.70844538,-79.39019029,St. Paul's (22),22,Mount Pleasant East (99),99,D53,Toronto East York,MOUNT PLEASANT RD,EGLINTON AVE E, ,Major Arterial,Intersection,At Intersection,Traffic Signal,Clear,Dark,Dry,Fatal,Pedestrian Collisions,Driver,50 to 54,,0,South,Municipal Transit Bus (TTC),Turning Right,Failed to Yield Right of Way,Normal, , , , , , ,1,0,0,0,0,1,0,0,0,1,0,0,0,1
1148390,2010,1,18,6,55,0,43.70844538,-79.39019029,St. Paul's (22),22,Mount Pleasant East (99),99,D53,Toronto East York,MOUNT PLEASANT RD,EGLINTON AVE E, ,Major Arterial,Intersection,At Intersection,Traffic Signal,Clear,Dark,Dry,Fatal,Pedestrian Collisions,Pedestrian,60 to 64,Fatal,4,South,Other, , , ,Pedestrian involved in a collision with transit vehicle anywhere along roadway,Crossing with right of way,Normal, , , ,1,0,0,0,0,1,0,0,0,1,0,0,0,1
1334701,2013,1,9,6,55,2,43.77094538,-79.54339029,York West (7),7,Humber Summit (21),21,D31,Etobicoke York,STEELES AVE W,SIGNET DR, ,Major Arterial,Intersection,At Intersection,Traffic Signal,Clear,"Dusk, artificial",Wet,Non-Fatal Injury,Pedestrian Collisions,Vehicle Owner,unknown, ,0, ,Other, , , , , , , , , ,1,0,0,0,0,1,0,0,0,1,0,0,0,0
1334701,2013,1,9,6,55,2,43.77094538,-79.54339029,York West (7),7,Humber Summit (21),21,D31,Etobicoke York,STEELES AVE W,SIGNET DR, ,Major Arterial,Intersection,At Intersection,Traffic Signal,Clear,"Dusk, artificial",Wet,Non-Fatal Injury,Pedestrian Collisions,Driver,20 to 24,,0,North,Municipal Transit Bus (TTC),Turning Right,Failed to Yield Right of Way,Normal, , , , , , ,1,0,0,0,0,1,0,0,0,1,0,0,0,0
1334701,2013,1,9,6,55,2,43.77094538,-79.54339029,York West (7),7,Humber Summit (21),21,D31,Etobicoke York,STEELES AVE W,SIGNET DR, ,Major Arterial,Intersection,At Intersection,Traffic Signal,Clear,"Dusk, artificial",Wet,Non-Fatal Injury,Pedestrian Collisions,Pedestrian,45 to 49,Major,0,North,Other, , , ,Pedestrian involved in a collision with transit vehicle anywhere along roadway,Crossing with right of way,Normal, , , ,1,0,0,0,0,1,0,0,0,1,0,0,0,0
5002094213,2015,12,7,6,55,0,43.75208243,-79.54236231,York West (7),7,Humbermede (22),22,D31,Etobicoke York,FINCH AVE W,WESTON RD, ,Major Arterial,Intersection,At Intersection,Traffic Signal,Clear,"Dark, artificial",Dry,Non-Fatal Injury,Pedestrian Collisions,Driver,60 to 64,,0,East,"Automobile, Station Wagon",Going Ahead,Driving Properly,Normal, , , , , , ,1,0,1,0,0,0,0,0,0,0,0,0,0,0
5002094213,2015,12,7,6,55,0,43.75208243,-79.54236231,York West (7),7,Humbermede (22),22,D31,Etobicoke York,FINCH AVE W,WESTON RD, ,Major Arterial,Intersection,At Intersection,Traffic Signal,Clear,"Dark, artificial",Dry,Non-Fatal Injury,Pedestrian Collisions,Pedestrian,35 to 39,Major,0,Unknown, , , , ,Vehicle is going straight thru inter.while ped cross without ROW,Crossing without right of way,Inattentive, , , ,1,0,1,0,0,0,0,0,0,0,0,0,0,0
6001088034,2016,6,22,6,55,2,43.69101675,-79.45055018,Davenport (17),17,Caledonia-Fairbank (109),109,D13,Etobicoke York,DYNEVOR RD,KIRKNEWTON RD, ,Local,Mid-Block,Non Intersection,No Control,Clear,Daylight,Dry,Fatal,Pedestrian Collisions,Pedestrian,65 to 69,Fatal,39,Unknown, , , , ,Pedestrian hit at mid-block,Other,Normal, , , ,1,0,1,0,0,0,0,1,0,0,0,0,0,1
6001088034,2016,6,22,6,55,2,43.69101675,-79.45055018,Davenport (17),17,Caledonia-Fairbank (109),109,D13,Etobicoke York,DYNEVOR RD,KIRKNEWTON RD, ,Local,Mid-Block,Non Intersection,No Control,Clear,Daylight,Dry,Fatal,Pedestrian Collisions,Driver,25 to 29,,0,East,Delivery Van,Going Ahead,Other,Normal, , , , , , ,1,0,1,0,0,0,0,1,0,0,0,0,0,1
6001088034,2016,6,22,6,55,2,43.69101675,-79.45055018,Davenport (17),17,Caledonia-Fairbank (109),109,D13,Etobicoke York,DYNEVOR RD,KIRKNEWTON RD, ,Local,Mid-Block,Non Intersection,No Control,Clear,Daylight,Dry,Fatal,Pedestrian Collisions,Passenger,30 to 34,,0, , , , , , , , , , , ,1,0,1,0,0,0,0,1,0,0,0,0,0,1
6001088034,2016,6,22,6,55,2,43.69101675,-79.45055018,Davenport (17),17,Caledonia-Fairbank (109),109,D13,Etobicoke York,DYNEVOR RD,KIRKNEWTON RD, ,Local,Mid-Block,Non Intersection,No Control,Clear,Daylight,Dry,Fatal,Pedestrian Collisions,Passenger,25 to 29,,0, , , , , , , , , , , ,1,0,1,0,0,0,0,1,0,0,0,0,0,1
1130393,2009,10,13,6,56,1,43.76574538,-79.28109029,Scarborough Centre (37),37,Dorset Park (126),126,D41,Scarborough,KENNEDY RD,ELLESMERE RD, ,Major Arterial,Intersection, ,Traffic Signal,Rain,Dawn,Wet,Fatal,SMV Other,Passenger,35 to 39,Fatal,29, ,Other, , , , , , , , , ,0,0,1,0,0,0,0,1,0,0,0,0,0,1
1130393,2009,10,13,6,56,1,43.76574538,-79.28109029,Scarborough Centre (37),37,Dorset Park (126),126,D41,Scarborough,KENNEDY RD,ELLESMERE RD, ,Major Arterial,Intersection, ,Traffic Signal,Rain,Dawn,Wet,Fatal,SMV Other,Vehicle Owner,unknown, ,0, ,Other, , , , , , , , , ,0,0,1,0,0,0,0,1,0,0,0,0,0,1
1130393,2009,10,13,6,56,1,43.76574538,-79.28109029,Scarborough Centre (37),37,Dorset Park (126),126,D41,Scarborough,KENNEDY RD,ELLESMERE RD, ,Major Arterial,Intersection, ,Traffic Signal,Rain,Dawn,Wet,Fatal,SMV Other,Driver,25 to 29,Major,0,South,"Automobile, Station Wagon",Going Ahead,Lost control,Unknown, , , , , , ,0,0,1,0,0,0,0,1,0,0,0,0,0,1
1130393,2009,10,13,6,56,1,43.76574538,-79.28109029,Scarborough Centre (37),37,Dorset Park (126),126,D41,Scarborough,KENNEDY RD,ELLESMERE RD, ,Major Arterial,Intersection, ,Traffic Signal,Rain,Dawn,Wet,Fatal,SMV Other,Other Property Owner,unknown, ,0, ,Other, , , , , , , , , ,0,0,1,0,0,0,0,1,0,0,0,0,0,1
1221211,2011,1,13,6,56,3,43.67874487,-79.48338709,York South-Weston (11),11,Rockcliffe-Smythe (111),111,D12,Etobicoke York,HUMBER BLVD,ALLIANCE AVE, ,Collector,Mid-Block, ,Pedestrian Crossover,Clear,Dark,Wet,Non-Fatal Injury,Pedestrian Collisions,Driver,60 to 64,,0,South,"Automobile, Station Wagon",Going Ahead,Disobeyed Traffic Control,Inattentive, , , , , , ,1,0,1,0,0,0,0,0,0,1,0,0,0,0
1221211,2011,1,13,6,56,3,43.67874487,-79.48338709,York South-Weston (11),11,Rockcliffe-Smythe (111),111,D12,Etobicoke York,HUMBER BLVD,ALLIANCE AVE, ,Collector,Mid-Block, ,Pedestrian Crossover,Clear,Dark,Wet,Non-Fatal Injury,Pedestrian Collisions,Pedestrian,30 to 34,Major,0,West,Other, , , ,Pedestrian hit a PXO/ped. Mid-block signal,"Crossing, Pedestrian Crossover",Normal, , , ,1,0,1,0,0,0,0,0,0,1,0,0,0,0
1379733,2013,7,24,6,57,2,43.69149359,-79.28710566,Scarborough Southwest (35),35,Oakridge (121),121,D41,Scarborough,DANFORTH Ave,THORA Ave, ,Major Arterial,Intersection, ,No Control,Clear,Daylight,Dry,Non-Fatal Injury,Cyclist Collisions,Driver,60 to 64,,0,South,"Automobile, Station Wagon",Turning Right,Failed to Yield Right of Way,Normal, , , , , , ,0,1,1,0,0,0,0,0,0,1,0,0,0,0
1379733,2013,7,24,6,57,2,43.69149359,-79.28710566,Scarborough Southwest (35),35,Oakridge (121),121,D41,Scarborough,DANFORTH Ave,THORA Ave, ,Major Arterial,Intersection, ,No Control,Clear,Daylight,Dry,Non-Fatal Injury,Cyclist Collisions,Cyclist,25 to 29,Major,0,West,Bicycle,Going Ahead, , , , , ,"Motorist turns right at non-signal Inter.(stop, yield, no cont.,and dwy) and strikes cyclist.",Other,Normal,0,1,1,0,0,0,0,0,0,1,0,0,0,0
964433,2007,3,23,6,58,4,43.67954538,-79.46549029,Davenport (17),17,Weston-Pellam Park (91),91,D12,Etobicoke York,OLD WESTON RD,TURNBERRY AVE, ,Minor Arterial,Mid-Block, ,No Control,Clear,Daylight,Dry,Non-Fatal Injury,SMV Unattended Vehicle,Driver,45 to 49,Major,0,South,"Automobile, Station Wagon",Going Ahead,Lost control,Medical or Physical Disability, , , , , , ,0,0,1,0,0,0,0,0,1,1,0,0,1,0
964433,2007,3,23,6,58,4,43.67954538,-79.46549029,Davenport (17),17,Weston-Pellam Park (91),91,D12,Etobicoke York,OLD WESTON RD,TURNBERRY AVE, ,Minor Arterial,Mid-Block, ,No Control,Clear,Daylight,Dry,Non-Fatal Injury,SMV Unattended Vehicle,Vehicle Owner,unknown,,0, ,Other,Parked, , , , , , , , ,0,0,1,0,0,0,0,0,1,1,0,0,1,0
964433,2007,3,23,6,58,4,43.67954538,-79.46549029,Davenport (17),17,Weston-Pellam Park (91),91,D12,Etobicoke York,OLD WESTON RD,TURNBERRY AVE, ,Minor Arterial,Mid-Block, ,No Control,Clear,Daylight,Dry,Non-Fatal Injury,SMV Unattended Vehicle,Other Property Owner,unknown,,0, ,Other, , , , , , , , , ,0,0,1,0,0,0,0,0,1,1,0,0,1,0
1249833,2011,8,17,6,58,2,43.64764538,-79.40419029,Trinity-Spadina (19),19,Trinity-Bellwoods (81),81,D14,Toronto East York,BATHURST ST,WILLIS ST, ,Major Arterial,Intersection, ,No Control,Clear,Daylight,Dry,Non-Fatal Injury,Pedestrian Collisions,Vehicle Owner,unknown, ,0, ,Other, , , , , , , , , ,1,0,1,0,0,0,0,0,0,0,0,0,0,0
1249833,2011,8,17,6,58,2,43.64764538,-79.40419029,Trinity-Spadina (19),19,Trinity-Bellwoods (81),81,D14,Toronto East York,BATHURST ST,WILLIS ST, ,Major Arterial,Intersection, ,No Control,Clear,Daylight,Dry,Non-Fatal Injury,Pedestrian Collisions,Driver,35 to 39,,0,South,"Automobile, Station Wagon",Going Ahead,Driving Properly,Normal, , , , , , ,1,0,1,0,0,0,0,0,0,0,0,0,0,0
1249833,2011,8,17,6,58,2,43.64764538,-79.40419029,Trinity-Spadina (19),19,Trinity-Bellwoods (81),81,D14,Toronto East York,BATHURST ST,WILLIS ST, ,Major Arterial,Intersection, ,No Control,Clear,Daylight,Dry,Non-Fatal Injury,Pedestrian Collisions,Pedestrian,30 to 34,Major,0,East,Other, , , ,Vehicle is going straight thru inter.while ped cross without ROW,Running onto Roadway,Other, , , ,1,0,1,0,0,0,0,0,0,0,0,0,0,0
5000620916,2015,4,15,6,58,2,43.75351294,-79.53499995,York West (7),7,Humbermede (22),22,D31,Etobicoke York,FINCH AVE W,ARROW RD,125 m East of,Major Arterial,Mid-Block,Non Intersection,No Control,Clear,Daylight,Dry,Non-Fatal Injury,Rear End,Driver,25 to 29,,0,East,"Automobile, Station Wagon",Changing Lanes,Improper Lane Change,Normal, , , , , , ,0,0,1,0,0,0,1,0,0,0,0,0,0,0
5000620916,2015,4,15,6,58,2,43.75351294,-79.53499995,York West (7),7,Humbermede (22),22,D31,Etobicoke York,FINCH AVE W,ARROW RD,125 m East of,Major Arterial,Mid-Block,Non Intersection,No Control,Clear,Daylight,Dry,Non-Fatal Injury,Rear End,Driver,60 to 64,Major,0,East,Other Emergency Vehicle,Changing Lanes,Driving Properly,Normal, , , , , , ,0,0,1,0,0,0,1,0,0,0,0,0,0,0
953178,2007,2,14,7,0,2,43.80604538,-79.32219029,Scarborough-Agincourt (39),39,Steeles (116),116,D42,Scarborough,MCNICOLL AVE,WARDEN AVE, ,Minor Arterial,Mid-Block, ,No Control,Snow,Dark,Packed Snow,Fatal,Pedestrian Collisions,Driver,25 to 29,,0,East,"Automobile, Station Wagon",Going Ahead,Speed too Fast For Condition,Normal, , , , , , ,1,0,1,0,0,0,0,0,1,1,0,0,0,1
953178,2007,2,14,7,0,2,43.80604538,-79.32219029,Scarborough-Agincourt (39),39,Steeles (116),116,D42,Scarborough,MCNICOLL AVE,WARDEN AVE, ,Minor Arterial,Mid-Block, ,No Control,Snow,Dark,Packed Snow,Fatal,Pedestrian Collisions,Pedestrian,30 to 34,Fatal,0,North,Other, , , ,Pedestrian hit at mid-block,Walking on Roadway with Traffic,Inattentive, , , ,1,0,1,0,0,0,0,0,1,1,0,0,0,1
1053515,2008,8,15,7,0,4,43.70464538,-79.40829029,St. Paul's (22),22,Yonge-Eglinton (100),100,D53,Toronto East York,EGLINTON AVE W,AVENUE RD, ,Major Arterial,Intersection, ,No Control,Clear,Daylight,Dry,Non-Fatal Injury,Rear End,Driver,30 to 34,,0,East,"Automobile, Station Wagon",Turning Right,Driving Properly,Normal, , , , , , ,0,0,1,0,0,0,0,0,0,1,0,0,1,0
1053515,2008,8,15,7,0,4,43.70464538,-79.40829029,St. Paul's (22),22,Yonge-Eglinton (100),100,D53,Toronto East York,EGLINTON AVE W,AVENUE RD, ,Major Arterial,Intersection, ,No Control,Clear,Daylight,Dry,Non-Fatal Injury,Rear End,Driver,85 to 89,Major,0,East,"Automobile, Station Wagon",Going Ahead,Following too Close,Medical or Physical Disability, , , , , , ,0,0,1,0,0,0,0,0,0,1,0,0,1,0
1053515,2008,8,15,7,0,4,43.70464538,-79.40829029,St. Paul's (22),22,Yonge-Eglinton (100),100,D53,Toronto East York,EGLINTON AVE W,AVENUE RD, ,Major Arterial,Intersection, ,No Control,Clear,Daylight,Dry,Non-Fatal Injury,Rear End,Other Property Owner,unknown, ,0, ,Other, , , , , , , , , ,0,0,1,0,0,0,0,0,0,1,0,0,1,0
1070741,2008,10,7,7,0,1,43.82484538,-79.26099029,Scarborough-Rouge River (41),41,Milliken (130),130,D42,Scarborough,71 MAYBROOK Dr, , ,Collector,Mid-Block, ,No Control,Clear,Daylight,Dry,Non-Fatal Injury,Turning Movement,Driver,30 to 34,,0,North,"Automobile, Station Wagon",Turning Left,Improper Turn,Inattentive, , , , , , ,0,0,1,1,0,0,0,0,0,0,0,0,0,0
1070741,2008,10,7,7,0,1,43.82484538,-79.26099029,Scarborough-Rouge River (41),41,Milliken (130),130,D42,Scarborough,71 MAYBROOK Dr, , ,Collector,Mid-Block, ,No Control,Clear,Daylight,Dry,Non-Fatal Injury,Turning Movement,Motorcycle Driver,25 to 29,Major,0,South,Motorcycle,Going Ahead,Driving Properly,Normal, , , , , , ,0,0,1,1,0,0,0,0,0,0,0,0,0,0
1143126,2009,12,18,7,0,4,43.72084538,-79.24149029,Scarborough Southwest (36),36,Cliffcrest (123),123,D41,Scarborough,ST CLAIR Aven E,BRIMLEY Road, ,Minor Arterial,Intersection,At Intersection,Traffic Signal,Clear,Daylight,Wet,Non-Fatal Injury,Angle,Driver,40 to 44,Major,0,North,"Automobile, Station Wagon",Going Ahead,Disobeyed Traffic Control,Normal, , , , , , ,0,0,1,0,0,0,0,0,0,1,1,0,0,0
1143126,2009,12,18,7,0,4,43.72084538,-79.24149029,Scarborough Southwest (36),36,Cliffcrest (123),123,D41,Scarborough,ST CLAIR Aven E,BRIMLEY Road, ,Minor Arterial,Intersection,At Intersection,Traffic Signal,Clear,Daylight,Wet,Non-Fatal Injury,Angle,Driver,35 to 39,Minor,0,West,"Automobile, Station Wagon",Going Ahead,Driving Properly,Normal, , , , , , ,0,0,1,0,0,0,0,0,0,1,1,0,0,0
1148773,2010,1,20,7,0,2,43.69134538,-79.44849029,Davenport (17),17,Caledonia-Fairbank (109),109,D13,Etobicoke York,DUFFERIN ST,PRESTON RD, ,Major Arterial,Mid-Block,At Intersection,No Control,Clear,Dark,Dry,Fatal,Pedestrian Collisions,Passenger,15 to 19,,0, ,Other, , , , , , , , , ,1,0,1,0,0,0,0,1,0,0,0,0,0,1
1148773,2010,1,20,7,0,2,43.69134538,-79.44849029,Davenport (17),17,Caledonia-Fairbank (109),109,D13,Etobicoke York,DUFFERIN ST,PRESTON RD, ,Major Arterial,Mid-Block,At Intersection,No Control,Clear,Dark,Dry,Fatal,Pedestrian Collisions,Passenger,15 to 19,,0, ,Other, , , , , , , , , ,1,0,1,0,0,0,0,1,0,0,0,0,0,1
1148773,2010,1,20,7,0,2,43.69134538,-79.44849029,Davenport (17),17,Caledonia-Fairbank (109),109,D13,Etobicoke York,DUFFERIN ST,PRESTON RD, ,Major Arterial,Mid-Block,At Intersection,No Control,Clear,Dark,Dry,Fatal,Pedestrian Collisions,Driver,40 to 44,,0,South,"Automobile, Station Wagon",Going Ahead,Driving Properly,Normal, , , , , , ,1,0,1,0,0,0,0,1,0,0,0,0,0,1
1148773,2010,1,20,7,0,2,43.69134538,-79.44849029,Davenport (17),17,Caledonia-Fairbank (109),109,D13,Etobicoke York,DUFFERIN ST,PRESTON RD, ,Major Arterial,Mid-Block,At Intersection,No Control,Clear,Dark,Dry,Fatal,Pedestrian Collisions,Pedestrian,50 to 54,Fatal,5,East,Other, , , ,Pedestrian hit at mid-block,Running onto Roadway,Unknown, , , ,1,0,1,0,0,0,0,1,0,0,0,0,0,1
1180110,2010,7,31,7,0,5,43.78124538,-79.43289029,Willowdale (23),23,Newtonbrook West (36),36,D32,North York,GRANTBROOK ST,CHARLTON BLVD, ,Collector,Intersection,At Intersection,Stop Sign,Clear,Daylight,Dry,Fatal,Angle,Other,unknown,,0,North,Other,Parked, , , , , , , , ,0,0,1,0,0,0,0,1,1,1,0,1,0,1
1180110,2010,7,31,7,0,5,43.78124538,-79.43289029,Willowdale (23),23,Newtonbrook West (36),36,D32,North York,GRANTBROOK ST,CHARLTON BLVD, ,Collector,Intersection,At Intersection,Stop Sign,Clear,Daylight,Dry,Fatal,Angle,Other,unknown,,0,North,Other,Parked, , , , , , , , ,0,0,1,0,0,0,0,1,1,1,0,1,0,1
1180110,2010,7,31,7,0,5,43.78124538,-79.43289029,Willowdale (23),23,Newtonbrook West (36),36,D32,North York,GRANTBROOK ST,CHARLTON BLVD, ,Collector,Intersection,At Intersection,Stop Sign,Clear,Daylight,Dry,Fatal,Angle,Passenger,60 to 64,Major,0, ,Other, , , , , , , , , ,0,0,1,0,0,0,0,1,1,1,0,1,0,1
1180110,2010,7,31,7,0,5,43.78124538,-79.43289029,Willowdale (23),23,Newtonbrook West (36),36,D32,North York,GRANTBROOK ST,CHARLTON BLVD, ,Collector,Intersection,At Intersection,Stop Sign,Clear,Daylight,Dry,Fatal,Angle,Driver,60 to 64,Minor,0,North,"Automobile, Station Wagon",Going Ahead,Driving Properly,Normal, , , , , , ,0,0,1,0,0,0,0,1,1,1,0,1,0,1
1180110,2010,7,31,7,0,5,43.78124538,-79.43289029,Willowdale (23),23,Newtonbrook West (36),36,D32,North York,GRANTBROOK ST,CHARLTON BLVD, ,Collector,Intersection,At Intersection,Stop Sign,Clear,Daylight,Dry,Fatal,Angle,Passenger,25 to 29,Minor,0, ,Other, , , , , , , , , ,0,0,1,0,0,0,0,1,1,1,0,1,0,1
1180110,2010,7,31,7,0,5,43.78124538,-79.43289029,Willowdale (23),23,Newtonbrook West (36),36,D32,North York,GRANTBROOK ST,CHARLTON BLVD, ,Collector,Intersection,At Intersection,Stop Sign,Clear,Daylight,Dry,Fatal,Angle,Passenger,25 to 29,Fatal,27, ,Other, , , , , , , , , ,0,0,1,0,0,0,0,1,1,1,0,1,0,1
1180110,2010,7,31,7,0,5,43.78124538,-79.43289029,Willowdale (23),23,Newtonbrook West (36),36,D32,North York,GRANTBROOK ST,CHARLTON BLVD, ,Collector,Intersection,At Intersection,Stop Sign,Clear,Daylight,Dry,Fatal,Angle,Driver,25 to 29,Major,0,West,"Automobile, Station Wagon",Going Ahead,Disobeyed Traffic Control,"Ability Impaired, Alcohol Over .08", , , , , , ,0,0,1,0,0,0,0,1,1,1,0,1,0,1
1243422,2011,7,12,7,0,1,43.61804538,-79.52449029,Etobicoke-Lakeshore (6),6,Mimico (includes Humber Bay Shores) (17),17,D22,Etobicoke York,F G GARDINER XY Expr E,KIPLING AVE, ,Expressway,Mid-Block, ,No Control,Clear,Daylight,Dry,Non-Fatal Injury,Rear End,Driver,45 to 49,,0,East,"Automobile, Station Wagon",Slowing or Stopping,Driving Properly,Normal, , , , , , ,0,0,1,0,0,0,0,0,1,1,0,0,0,0
1243422,2011,7,12,7,0,1,43.61804538,-79.52449029,Etobicoke-Lakeshore (6),6,Mimico (includes Humber Bay Shores) (17),17,D22,Etobicoke York,F G GARDINER XY Expr E,KIPLING AVE, ,Expressway,Mid-Block, ,No Control,Clear,Daylight,Dry,Non-Fatal Injury,Rear End,Driver,45 to 49,Major,0,East,"Automobile, Station Wagon",Slowing or Stopping,Speed too Fast For Condition,Inattentive, , , , , , ,0,0,1,0,0,0,0,0,1,1,0,0,0,0
1331761,2012,12,18,7,0,1,43.66444538,-79.36809029,Toronto Centre-Rosedale (28),28,Cabbagetown-South St.James Town (71),71,D51,Toronto East York,CARLTON ST,PARLIAMENT ST, ,Minor Arterial,Intersection,At Intersection,Traffic Signal,Clear,Dark,Dry,Non-Fatal Injury,Pedestrian Collisions,Vehicle Owner,unknown, ,0, ,Other, , , , , , , , , ,1,0,0,0,1,0,0,0,0,0,0,0,0,0
1331761,2012,12,18,7,0,1,43.66444538,-79.36809029,Toronto Centre-Rosedale (28),28,Cabbagetown-South St.James Town (71),71,D51,Toronto East York,CARLTON ST,PARLIAMENT ST, ,Minor Arterial,Intersection,At Intersection,Traffic Signal,Clear,Dark,Dry,Non-Fatal Injury,Pedestrian Collisions,Truck Driver,35 to 39,,0,East,Truck - Open,Turning Left,Improper Turn,Unknown, , , , , , ,1,0,0,0,1,0,0,0,0,0,0,0,0,0
1331761,2012,12,18,7,0,1,43.66444538,-79.36809029,Toronto Centre-Rosedale (28),28,Cabbagetown-South St.James Town (71),71,D51,Toronto East York,CARLTON ST,PARLIAMENT ST, ,Minor Arterial,Intersection,At Intersection,Traffic Signal,Clear,Dark,Dry,Non-Fatal Injury,Pedestrian Collisions,Pedestrian,55 to 59,Minor,0,Unknown,Other, , , ,Vehicle turns left while ped crosses with ROW at inter.,Crossing with right of way,Unknown, , , ,1,0,0,0,1,0,0,0,0,0,0,0,0,0
1331761,2012,12,18,7,0,1,43.66444538,-79.36809029,Toronto Centre-Rosedale (28),28,Cabbagetown-South St.James Town (71),71,D51,Toronto East York,CARLTON ST,PARLIAMENT ST, ,Minor Arterial,Intersection,At Intersection,Traffic Signal,Clear,Dark,Dry,Non-Fatal Injury,Pedestrian Collisions,Pedestrian,45 to 49,Major,0,Unknown,Other, , , ,Vehicle turns left while ped crosses with ROW at inter.,Crossing with right of way,Unknown, , , ,1,0,0,0,1,0,0,0,0,0,0,0,0,0