ACCNUM,YEAR,MONTH,DAY,HOUR,MINUTES,WEEKDAY,LATITUDE,LONGITUDE,Ward_Name,Ward_ID,Hood_Name,Hood_ID,Division,District,STREET1,STREET2,OFFSET,ROAD_CLASS,LOCCOORD,ACCLOC,TRAFFCTL,VISIBILITY,LIGHT,RDSFCOND,ACCLASS,IMPACTYPE,INVTYPE,INVAGE,INJURY,FATAL_NO,INITDIR,VEHTYPE,MANOEUVER,DRIVACT,DRIVCOND,PEDTYPE,PEDACT,PEDCOND,CYCLISTYPE,CYCACT,CYCCOND,PEDESTRIAN,CYCLIST,AUTOMOBILE,MOTORCYCLE,TRUCK,TRSN_CITY_VEH,EMERG_VEH,PASSENGER,SPEEDING,AG_DRIV,REDLIGHT,ALCOHOL,DISABILITY,label
3000777885,2013,12,3,7,0,1,43.69810827,-79.52325068,Etobicoke North (2),2,Humber Heights-Westmount (8),8,D23,Etobicoke York,SCARLETT RD,LAWRENCE AVE W,234 m South of,Major Arterial,Intersection,At Intersection,Traffic Signal,Clear,Daylight,Dry,Non-Fatal Injury,Pedestrian Collisions,Driver,50 to 54,,0,North,"Automobile, Station Wagon",Going Ahead,Driving Properly,Normal, , , , , , ,1,0,1,0,0,0,0,0,0,0,0,0,0,0
1067364,2008,10,31,8,17,4,43.78864538,-79.15869029,Scarborough East (44),44,Centennial Scarborough (133),133,D43,Scarborough,HIGHWAY 2A  E,LAWSON RD, ,Expressway,Mid-Block, ,No Control,Clear,Daylight,Dry,Fatal,SMV Other,Driver,55 to 59,Fatal,50,East,"Automobile, Station Wagon",Going Ahead,Driving Properly,Medical or Physical Disability, , , , , , ,0,0,1,0,0,0,0,0,0,0,0,0,1,1
1196819,2010,10,22,8,17,4,43.67684538,-79.59109029,Etobicoke North (2),2,West Humber-Clairville (1),1,D23,Etobicoke York,INTERNATIONAL BLVD,CARLINGVIEW DR, ,Major Arterial,Intersection,At Intersection,Traffic Signal,Clear,Daylight,Dry,Non-Fatal Injury,Pedestrian Collisions,Driver,55 to 59,,0,South,"Automobile, Station Wagon",Turning Left,Failed to Yield Right of Way,Normal, , , , , , ,1,0,1,0,0,0,0,0,0,1,0,0,0,0
1196819,2010,10,22,8,17,4,43.67684538,-79.59109029,Etobicoke North (2),2,West Humber-Clairville (1),1,D23,Etobicoke York,INTERNATIONAL BLVD,CARLINGVIEW DR, ,Major Arterial,Intersection,At Intersection,Traffic Signal,Clear,Daylight,Dry,Non-Fatal Injury,Pedestrian Collisions,Pedestrian,55 to 59,Major,0,North,Other, , , ,Vehicle turns left while ped crosses with ROW at inter.,Crossing with right of way,Normal, , , ,1,0,1,0,0,0,0,0,0,1,0,0,0,0
980693,2007,7,20,8,18,4,43.67204538,-79.37069029,Toronto Centre-Rosedale (27),27,Rosedale-Moore Park (98),98,D53,Toronto East York,BLOOR ST E,PARLIAMENT ST, ,Major Arterial,Intersection,At Intersection,Traffic Signal,Clear,Daylight,Dry,Non-Fatal Injury,Rear End,Passenger,35 to 39,Major,0, ,Other, , , , , , , , , ,0,0,1,0,0,0,0,1,0,0,0,0,0,0
143507481,2014,12,18,8,43,3,43.78857763,-79.44666682,York Centre (10),10,Newtonbrook West (36),36,D32,North York,6030 BATHURST ST, , ,Major Arterial,Mid-Block, ,No Control,Clear,Daylight,Dry,Fatal,Pedestrian Collisions,Pedestrian,75 to 79,Fatal,50,East, , , , ,Pedestrian hit at mid-block,Running onto Roadway,Inattentive, , , ,1,0,1,0,0,0,0,1,0,0,0,0,0,1
980693,2007,7,20,8,18,4,43.67204538,-79.37069029,Toronto Centre-Rosedale (27),27,Rosedale-Moore Park (98),98,D53,Toronto East York,BLOOR ST E,PARLIAMENT ST, ,Major Arterial,Intersection,At Intersection,Traffic Signal,Clear,Daylight,Dry,Non-Fatal Injury,Rear End,Driver,35 to 39,Major,0,South,"Automobile, Station Wagon",Turning Right,Lost control,Normal, , , , , , ,0,0,1,0,0,0,0,1,0,0,0,0,0,0
980693,2007,7,20,8,18,4,43.67204538,-79.37069029,Toronto Centre-Rosedale (27),27,Rosedale-Moore Park (98),98,D53,Toronto East York,BLOOR ST E,PARLIAMENT ST, ,Major Arterial,Intersection,At Intersection,Traffic Signal,Clear,Daylight,Dry,Non-Fatal Injury,Rear End,Passenger,35 to 39,,0, ,Other, , , , , , , , , ,0,0,1,0,0,0,0,1,0,0,0,0,0,0
980693,2007,7,20,8,18,4,43.67204538,-79.37069029,Toronto Centre-Rosedale (27),27,Rosedale-Moore Park (98),98,D53,Toronto East York,BLOOR ST E,PARLIAMENT ST, ,Major Arterial,Intersection,At Intersection,Traffic Signal,Clear,Daylight,Dry,Non-Fatal Injury,Rear End,Driver,30 to 34,,0,South,"Automobile, Station Wagon",Turning Left,Driving Properly,Normal, , , , , , ,0,0,1,0,0,0,0,1,0,0,0,0,0,0
980693,2007,7,20,8,18,4,43.67204538,-79.37069029,Toronto Centre-Rosedale (27),27,Rosedale-Moore Park (98),98,D53,Toronto East York,BLOOR ST E,PARLIAMENT ST, ,Major Arterial,Intersection,At Intersection,Traffic Signal,Clear,Daylight,Dry,Non-Fatal Injury,Rear End,Driver,40 to 44,,0,South,"Automobile, Station Wagon",Stopped,Driving Properly,Normal, , , , , , ,0,0,1,0,0,0,0,1,0,0,0,0,0,0
1202173,2010,11,17,8,18,2,43.66244538,-79.45589029,Parkdale-High Park (14),14,High Park North (88),88,D11,Toronto East York,DUNDAS ST W,KENNETH AVE, ,Minor Arterial,Intersection, ,No Control,Rain,Daylight,Wet,Fatal,Pedestrian Collisions,Vehicle Owner,unknown, ,0, ,Other, , , , , , , , , ,1,0,0,0,1,0,0,0,0,0,0,0,0,1
1202173,2010,11,17,8,18,2,43.66244538,-79.45589029,Parkdale-High Park (14),14,High Park North (88),88,D11,Toronto East York,DUNDAS ST W,KENNETH AVE, ,Minor Arterial,Intersection, ,No Control,Rain,Daylight,Wet,Fatal,Pedestrian Collisions,Truck Driver,30 to 34,,0,North,Truck - Open,Going Ahead,Driving Properly,Normal, , , , , , ,1,0,0,0,1,0,0,0,0,0,0,0,0,1
1202173,2010,11,17,8,18,2,43.66244538,-79.45589029,Parkdale-High Park (14),14,High Park North (88),88,D11,Toronto East York,DUNDAS ST W,KENNETH AVE, ,Minor Arterial,Intersection, ,No Control,Rain,Daylight,Wet,Fatal,Pedestrian Collisions,Pedestrian,50 to 54,Fatal,35,West,Other, , , ,Vehicle is going straight thru inter.while ped cross without ROW,"Crossing, no Traffic Control",Unknown, , , ,1,0,0,0,1,0,0,0,0,0,0,0,0,1
956968,2007,3,5,8,19,0,43.79024538,-79.35419029,Don Valley East (33),33,Don Valley Village (47),47,D33,North York,DON MILLS RD,SENECA HILL DR, ,Major Arterial,Intersection,At Intersection,Traffic Signal,Clear,Daylight,Dry,Non-Fatal Injury,Pedestrian Collisions,Driver,35 to 39,,0,West,"Automobile, Station Wagon",Going Ahead,Driving Properly,Normal, , , , , , ,1,0,1,0,0,0,0,0,0,1,1,0,0,0
956968,2007,3,5,8,19,0,43.79024538,-79.35419029,Don Valley East (33),33,Don Valley Village (47),47,D33,North York,DON MILLS RD,SENECA HILL DR, ,Major Arterial,Intersection,At Intersection,Traffic Signal,Clear,Daylight,Dry,Non-Fatal Injury,Pedestrian Collisions,Driver,35 to 39,,0,South,"Automobile, Station Wagon",Going Ahead,Disobeyed Traffic Control,Normal, , , , , , ,1,0,1,0,0,0,0,0,0,1,1,0,0,0
956968,2007,3,5,8,19,0,43.79024538,-79.35419029,Don Valley East (33),33,Don Valley Village (47),47,D33,North York,DON MILLS RD,SENECA HILL DR, ,Major Arterial,Intersection,At Intersection,Traffic Signal,Clear,Daylight,Dry,Non-Fatal Injury,Pedestrian Collisions,Pedestrian,10 to 14,Major,0,West,Other, , , ,Vehicle is going straight thru inter.while ped cross with ROW,Crossing with right of way,Normal, , , ,1,0,1,0,0,0,0,0,0,1,1,0,0,0
5002206137,2015,12,25,8,19,4,43.64529379,-79.41315851,Trinity-Spadina (19),19,Niagara (82),82,D14,Toronto East York,QUEEN ST W,TRINITY DR,1 m East of,Major Arterial,Intersection,At Intersection,Traffic Signal,Clear,Daylight,Dry,Non-Fatal Injury,Pedestrian Collisions,Driver,30 to 34,,0,East,Street Car,Going Ahead,Driving Properly,Normal, , , , , , ,1,0,0,0,0,1,0,0,0,0,0,0,0,0
5002206137,2015,12,25,8,19,4,43.64529379,-79.41315851,Trinity-Spadina (19),19,Niagara (82),82,D14,Toronto East York,QUEEN ST W,TRINITY DR,1 m East of,Major Arterial,Intersection,At Intersection,Traffic Signal,Clear,Daylight,Dry,Non-Fatal Injury,Pedestrian Collisions,Pedestrian,35 to 39,Major,0,South, , , , ,Pedestrian involved in a collision with transit vehicle anywhere along roadway,Other,Other, , , ,1,0,0,0,0,1,0,0,0,0,0,0,0,0
994300,2007,9,14,8,20,4,43.63834538,-79.53769029,Etobicoke-Lakeshore (5),5,Islington-City Centre West (14),14,D22,Etobicoke York,AUKLAND RD,SUBWAY CRES W, ,Local,Mid-Block, ,No Control,Clear,Daylight,Dry,Non-Fatal Injury,Pedestrian Collisions,Driver,20 to 24,,0,North,"Automobile, Station Wagon",Going Ahead,Driving Properly,Normal, , , , , , ,1,0,1,0,0,0,0,0,0,0,0,0,0,0
994300,2007,9,14,8,20,4,43.63834538,-79.53769029,Etobicoke-Lakeshore (5),5,Islington-City Centre West (14),14,D22,Etobicoke York,AUKLAND RD,SUBWAY CRES W, ,Local,Mid-Block, ,No Control,Clear,Daylight,Dry,Non-Fatal Injury,Pedestrian Collisions,Pedestrian,35 to 39,Major,0,West,Other, , , ,Pedestrian hit at mid-block,"Crossing, no Traffic Control",Inattentive, , , ,1,0,1,0,0,0,0,0,0,0,0,0,0,0
1014167,2008,1,11,8,20,4,43.72234538,-79.51489029,York West (7),7,Downsview-Roding-CFB (26),26,D31,Etobicoke York,LONEY AVE,DALLNER RD, ,Local,Intersection,At Intersection,Stop Sign,Clear,Daylight,Wet,Non-Fatal Injury,Pedestrian Collisions,Driver,65 to 69,,0,West,"Automobile, Station Wagon",Turning Left,Failed to Yield Right of Way,Normal, , , , , , ,1,0,1,0,0,0,0,0,0,1,0,0,0,0
1014167,2008,1,11,8,20,4,43.72234538,-79.51489029,York West (7),7,Downsview-Roding-CFB (26),26,D31,Etobicoke York,LONEY AVE,DALLNER RD, ,Local,Intersection,At Intersection,Stop Sign,Clear,Daylight,Wet,Non-Fatal Injury,Pedestrian Collisions,Pedestrian,80 to 84,Major,0,East,Other, , , ,Vehicle turns left while ped crosses with ROW at inter.,Crossing with right of way,Inattentive, , , ,1,0,1,0,0,0,0,0,0,1,0,0,0,0
1154355,2009,6,2,8,20,1,43.70424538,-79.38859029,St. Paul's (22),22,Mount Pleasant West (104),104,D53,Toronto East York,MANOR RD E,MOUNT PLEASANT RD, ,Major Arterial,Intersection, ,Traffic Signal,Clear,Daylight,Dry,Non-Fatal Injury,Cyclist Collisions,Driver,45 to 49,,0,West,"Automobile, Station Wagon",Stopped,Driving Properly,Inattentive, , , , , , ,0,1,1,0,0,0,0,0,0,0,0,0,0,0
1154355,2009,6,2,8,20,1,43.70424538,-79.38859029,St. Paul's (22),22,Mount Pleasant West (104),104,D53,Toronto East York,MANOR RD E,MOUNT PLEASANT RD, ,Major Arterial,Intersection, ,Traffic Signal,Clear,Daylight,Dry,Non-Fatal Injury,Cyclist Collisions,Cyclist,20 to 24,Major,0,West,Bicycle,Going Ahead, , , , , ,Cyclist struck opened vehicle door,Driving Properly,Normal,0,1,1,0,0,0,0,0,0,0,0,0,0,0
1144058,2009,8,5,8,20,2,43.69054538,-79.53199029,Etobicoke Centre (4),4,Willowridge-Martingrove-Richview (7),7,D23,Etobicoke York,3 DUFFIELD Rd, , ,Local,Mid-Block, ,No Control,Clear,Daylight,Dry,Non-Fatal Injury,SMV Unattended Vehicle,Vehicle Owner,unknown, ,0, ,Other, , , , , , , , , ,0,0,1,0,0,0,0,0,1,1,0,0,0,0
1144058,2009,8,5,8,20,2,43.69054538,-79.53199029,Etobicoke Centre (4),4,Willowridge-Martingrove-Richview (7),7,D23,Etobicoke York,3 DUFFIELD Rd, , ,Local,Mid-Block, ,No Control,Clear,Daylight,Dry,Non-Fatal Injury,SMV Unattended Vehicle,Driver,40 to 44,Major,0,South,"Automobile, Station Wagon",Going Ahead,Lost control,Normal, , , , , , ,0,0,1,0,0,0,0,0,1,1,0,0,0,0
1144058,2009,8,5,8,20,2,43.69054538,-79.53199029,Etobicoke Centre (4),4,Willowridge-Martingrove-Richview (7),7,D23,Etobicoke York,3 DUFFIELD Rd, , ,Local,Mid-Block, ,No Control,Clear,Daylight,Dry,Non-Fatal Injury,SMV Unattended Vehicle,Other,unknown,,0, ,Other,Parked, , , , , , , , ,0,0,1,0,0,0,0,0,1,1,0,0,0,0
1144058,2009,8,5,8,20,2,43.69054538,-79.53199029,Etobicoke Centre (4),4,Willowridge-Martingrove-Richview (7),7,D23,Etobicoke York,3 DUFFIELD Rd, , ,Local,Mid-Block, ,No Control,Clear,Daylight,Dry,Non-Fatal Injury,SMV Unattended Vehicle,Vehicle Owner,unknown, ,0, ,Other, , , , , , , , , ,0,0,1,0,0,0,0,0,1,1,0,0,0,0
1380106,2013,7,25,8,20,3,43.64250143,-79.50790034,Etobicoke-Lakeshore (5),5,Stonegate-Queensway (16),16,D22,Etobicoke York,GLENROY Ave,HUMBERVALE Blvd, ,Local,Intersection,At Intersection,Stop Sign,Clear,Daylight,Dry,Non-Fatal Injury,Cyclist Collisions,Driver,50 to 54,,0,West,"Automobile, Station Wagon",Going Ahead,Driving Properly,Normal, , , , , , ,0,1,1,0,0,0,0,0,0,0,0,0,0,0
1380106,2013,7,25,8,20,3,43.64250143,-79.50790034,Etobicoke-Lakeshore (5),5,Stonegate-Queensway (16),16,D22,Etobicoke York,GLENROY Ave,HUMBERVALE Blvd, ,Local,Intersection,At Intersection,Stop Sign,Clear,Daylight,Dry,Non-Fatal Injury,Cyclist Collisions,Cyclist,15 to 19,Major,0,South,Bicycle,Going Ahead, , , , , ,"Cyclist without ROW rides into path of motorist at inter, lnwy, dwy-Cyclist not turn.",Failed to Yield Right of Way,Inattentive,0,1,1,0,0,0,0,0,0,0,0,0,0,0
5000407299,2015,3,10,8,20,1,43.76349219,-79.30125819,Scarborough-Agincourt (40),40,Wexford/Maryvale (119),119,D41,Scarborough,WARDEN AVE,CONTINENTAL PL,10 m North of,Major Arterial,Intersection,At Intersection,No Control,Clear,Daylight,Dry,Non-Fatal Injury,Pedestrian Collisions,Driver,30 to 34,,0,North,"Automobile, Station Wagon",Going Ahead,Driving Properly,Normal, , , , , , ,1,0,1,0,0,0,0,1,0,0,0,0,0,0
5000407299,2015,3,10,8,20,1,43.76349219,-79.30125819,Scarborough-Agincourt (40),40,Wexford/Maryvale (119),119,D41,Scarborough,WARDEN AVE,CONTINENTAL PL,10 m North of,Major Arterial,Intersection,At Intersection,No Control,Clear,Daylight,Dry,Non-Fatal Injury,Pedestrian Collisions,Passenger,30 to 34,,0, , , , , , , , , , , ,1,0,1,0,0,0,0,1,0,0,0,0,0,0
5000407299,2015,3,10,8,20,1,43.76349219,-79.30125819,Scarborough-Agincourt (40),40,Wexford/Maryvale (119),119,D41,Scarborough,WARDEN AVE,CONTINENTAL PL,10 m North of,Major Arterial,Intersection,At Intersection,No Control,Clear,Daylight,Dry,Non-Fatal Injury,Pedestrian Collisions,Pedestrian,45 to 49,Major,0,Unknown, , , , ,Vehicle is going straight thru inter.while ped cross without ROW,"Crossing, no Traffic Control",Inattentive, , , ,1,0,1,0,0,0,0,1,0,0,0,0,0,0
6000846295,2016,5,17,8,20,1,43.73599203,-79.25098048,Scarborough Southwest (35),35,Kennedy Park (124),124,D41,Scarborough,2632 EGLINTON AVE E, ,18 m East of,Major Arterial,Mid-Block,Non Intersection,No Control,Clear,Daylight,Dry,Non-Fatal Injury,Pedestrian Collisions,Driver,60 to 64,,0,West,Passenger Van,Going Ahead,Driving Properly,Normal, , , , , , ,1,0,1,0,0,0,0,1,0,0,0,0,0,0
6000846295,2016,5,17,8,20,1,43.73599203,-79.25098048,Scarborough Southwest (35),35,Kennedy Park (124),124,D41,Scarborough,2632 EGLINTON AVE E, ,18 m East of,Major Arterial,Mid-Block,Non Intersection,No Control,Clear,Daylight,Dry,Non-Fatal Injury,Pedestrian Collisions,Passenger,30 to 34,,0, , , , , , , , , , , ,1,0,1,0,0,0,0,1,0,0,0,0,0,0
6000846295,2016,5,17,8,20,1,43.73599203,-79.25098048,Scarborough Southwest (35),35,Kennedy Park (124),124,D41,Scarborough,2632 EGLINTON AVE E, ,18 m East of,Major Arterial,Mid-Block,Non Intersection,No Control,Clear,Daylight,Dry,Non-Fatal Injury,Pedestrian Collisions,Pedestrian,75 to 79,Major,0,North, , , , ,Pedestrian hit at mid-block,"Crossing, no Traffic Control",Normal, , , ,1,0,1,0,0,0,0,1,0,0,0,0,0,0
1212390,2010,12,8,8,21,2,43.82184538,-79.31499029,Scarborough-Agincourt (39),39,Steeles (116),116,D42,Scarborough,4472 STEELES AVE E, , ,Major Arterial,Mid-Block, ,No Control,Clear,Daylight,Dry,Non-Fatal Injury,Pedestrian Collisions,Vehicle Owner,unknown, ,0, ,Other, , , , , , , , , ,1,0,1,0,0,0,0,0,0,0,0,0,0,0
1212390,2010,12,8,8,21,2,43.82184538,-79.31499029,Scarborough-Agincourt (39),39,Steeles (116),116,D42,Scarborough,4472 STEELES AVE E, , ,Major Arterial,Mid-Block, ,No Control,Clear,Daylight,Dry,Non-Fatal Injury,Pedestrian Collisions,Driver,40 to 44,,0,South,"Automobile, Station Wagon",Turning Left,Driving Properly,Inattentive, , , , , , ,1,0,1,0,0,0,0,0,0,0,0,0,0,0
1212390,2010,12,8,8,21,2,43.82184538,-79.31499029,Scarborough-Agincourt (39),39,Steeles (116),116,D42,Scarborough,4472 STEELES AVE E, , ,Major Arterial,Mid-Block, ,No Control,Clear,Daylight,Dry,Non-Fatal Injury,Pedestrian Collisions,Pedestrian,60 to 64,Major,0,East,Other, , , ,Pedestrian hit at private driveway,On Sidewalk or Shoulder,Normal, , , ,1,0,1,0,0,0,0,0,0,0,0,0,0,0
1171997,2010,6,6,8,22,6,43.65874441,-79.38998804,Toronto Centre-Rosedale (27),27,Bay Street Corridor (76),76,D52,Toronto East York,UNIVERSITY AVE,ORDE ST, ,Major Arterial,Intersection, ,No Control,Rain,Daylight,Wet,Fatal,Pedestrian Collisions,Vehicle Owner,unknown, ,0, ,Other, , , , , , , , , ,1,0,0,0,0,1,0,0,0,0,0,0,0,1
1171997,2010,6,6,8,22,6,43.65874441,-79.38998804,Toronto Centre-Rosedale (27),27,Bay Street Corridor (76),76,D52,Toronto East York,UNIVERSITY AVE,ORDE ST, ,Major Arterial,Intersection, ,No Control,Rain,Daylight,Wet,Fatal,Pedestrian Collisions,Driver,30 to 34,,0,South,Municipal Transit Bus (TTC),Going Ahead,Driving Properly,Normal, , , , , , ,1,0,0,0,0,1,0,0,0,0,0,0,0,1
1171997,2010,6,6,8,22,6,43.65874441,-79.38998804,Toronto Centre-Rosedale (27),27,Bay Street Corridor (76),76,D52,Toronto East York,UNIVERSITY AVE,ORDE ST, ,Major Arterial,Intersection, ,No Control,Rain,Daylight,Wet,Fatal,Pedestrian Collisions,Pedestrian,40 to 44,Fatal,22,West,Other, , , ,Vehicle is going straight thru inter.while ped cross without ROW,"Crossing, no Traffic Control",Unknown, , , ,1,0,0,0,0,1,0,0,0,0,0,0,0,1
5000851624,2015,5,22,8,22,4,43.72764548,-79.34084711,Don Valley East (34),34,Banbury-Don Mills (42),42,D33,North York,DON MILLS RD,GREEN BELT DR, ,Major Arterial,Intersection,Intersection Related,Traffic Signal,Clear,Daylight,Dry,Fatal,Pedestrian Collisions,Driver,25 to 29,,0,South,"Automobile, Station Wagon",Turning Left,Failed to Yield Right of Way,Normal, , , , , , ,1,0,1,0,0,0,0,0,0,1,0,0,0,1
5000851624,2015,5,22,8,22,4,43.72764548,-79.34084711,Don Valley East (34),34,Banbury-Don Mills (42),42,D33,North York,DON MILLS RD,GREEN BELT DR, ,Major Arterial,Intersection,Intersection Related,Traffic Signal,Clear,Daylight,Dry,Fatal,Pedestrian Collisions,Driver,45 to 49,Minor,0,North,"Automobile, Station Wagon",Going Ahead,Driving Properly,Normal, , , , , , ,1,0,1,0,0,0,0,0,0,1,0,0,0,1
5000851624,2015,5,22,8,22,4,43.72764548,-79.34084711,Don Valley East (34),34,Banbury-Don Mills (42),42,D33,North York,DON MILLS RD,GREEN BELT DR, ,Major Arterial,Intersection,Intersection Related,Traffic Signal,Clear,Daylight,Dry,Fatal,Pedestrian Collisions,Pedestrian,45 to 49,Fatal,22,Unknown, , , , ,Pedestrian hit on sidewalk or shoulder,On Sidewalk or Shoulder,Normal, , , ,1,0,1,0,0,0,0,0,0,1,0,0,0,1
5000851624,2015,5,22,8,22,4,43.72764548,-79.34084711,Don Valley East (34),34,Banbury-Don Mills (42),42,D33,North York,DON MILLS RD,GREEN BELT DR, ,Major Arterial,Intersection,Intersection Related,Traffic Signal,Clear,Daylight,Dry,Fatal,Pedestrian Collisions,Pedestrian,15 to 19,Minor,0,Unknown, , , , ,Pedestrian hit on sidewalk or shoulder,On Sidewalk or Shoulder,Normal, , , ,1,0,1,0,0,0,0,0,0,1,0,0,0,1
1185970,2010,7,22,8,23,3,43.68714538,-79.43869029,Eglinton-Lawrence (15),15,Oakwood Village (107),107,D13,North York,OAKWOOD AVE,ROGERS RD, ,Minor Arterial,Intersection,At Intersection,Traffic Signal,Clear,Daylight,Dry,Non-Fatal Injury,Pedestrian Collisions,Driver,25 to 29,,0,East,"Automobile, Station Wagon",Turning Left,Failed to Yield Right of Way,Inattentive, , , , , , ,1,0,1,0,0,0,0,0,0,1,0,0,0,0
1185970,2010,7,22,8,23,3,43.68714538,-79.43869029,Eglinton-Lawrence (15),15,Oakwood Village (107),107,D13,North York,OAKWOOD AVE,ROGERS RD, ,Minor Arterial,Intersection,At Intersection,Traffic Signal,Clear,Daylight,Dry,Non-Fatal Injury,Pedestrian Collisions,Pedestrian,20 to 24,Major,0,West,Other, , , ,Vehicle turns left while ped crosses with ROW at inter.,Crossing with right of way,Normal, , , ,1,0,1,0,0,0,0,0,0,1,0,0,0,0
1185970,2010,7,22,8,23,3,43.68714538,-79.43869029,Eglinton-Lawrence (15),15,Oakwood Village (107),107,D13,North York,OAKWOOD AVE,ROGERS RD, ,Minor Arterial,Intersection,At Intersection,Traffic Signal,Clear,Daylight,Dry,Non-Fatal Injury,Pedestrian Collisions,Vehicle Owner,unknown, ,0, ,Other, , , , , , , , , ,1,0,1,0,0,0,0,0,0,1,0,0,0,0
2015832268,2015,5,19,8,23,1,43.67942389,-79.38231287,Toronto Centre-Rosedale (27),27,Rosedale-Moore Park (98),98,D53,Toronto East York,ROXBOROUGH ST E,WRENTHAM PL, ,Collector,Intersection, ,Stop Sign,Clear,"Daylight, artificial",Dry,Fatal,Cyclist Collisions,Cyclist,75 to 79,Fatal,26,North,Bicycle,Turning Left, , , , , ,Cyclist turned left across motorists path.,Improper Turn,Unknown,0,1,1,0,0,0,0,0,0,0,0,0,0,1
2015832268,2015,5,19,8,23,1,43.67942389,-79.38231287,Toronto Centre-Rosedale (27),27,Rosedale-Moore Park (98),98,D53,Toronto East York,ROXBOROUGH ST E,WRENTHAM PL, ,Collector,Intersection, ,Stop Sign,Clear,"Daylight, artificial",Dry,Fatal,Cyclist Collisions,Driver,40 to 44,Minimal,0,East,"Automobile, Station Wagon",Going Ahead,Driving Properly,Normal, , , , , , ,0,1,1,0,0,0,0,0,0,0,0,0,0,1
6001864838,2016,10,20,8,23,3,43.75392874,-79.26586542,Scarborough Centre (37),37,Bendale (127),127,D41,Scarborough,MIDWEST RD,MIDLAND AVE, ,Major Arterial,Intersection,Intersection Related,Stop Sign,Rain,Daylight,Wet,Non-Fatal Injury,Pedestrian Collisions,Driver,55 to 59,,0,South,Passenger Van,Going Ahead,Driving Properly,Normal, , , , , , ,1,0,1,0,0,0,0,0,1,1,0,0,0,0
6001864838,2016,10,20,8,23,3,43.75392874,-79.26586542,Scarborough Centre (37),37,Bendale (127),127,D41,Scarborough,MIDWEST RD,MIDLAND AVE, ,Major Arterial,Intersection,Intersection Related,Stop Sign,Rain,Daylight,Wet,Non-Fatal Injury,Pedestrian Collisions,Pedestrian,15 to 19,Major,0,East, , , , ,Vehicle is going straight thru inter.while ped cross without ROW,"Crossing, no Traffic Control",Normal, , , ,1,0,1,0,0,0,0,0,1,1,0,0,0,0
1311577,2012,7,23,8,24,0,43.66304538,-79.38379029,Toronto Centre-Rosedale (27),27,Church-Yonge Corridor (75),75,D51,Toronto East York,YONGE ST,GROSVENOR ST, ,Major Arterial,Intersection,At Intersection,Traffic Signal,Clear,Daylight,Dry,Non-Fatal Injury,Cyclist Collisions,Driver,50 to 54,Minimal,0,East,"Automobile, Station Wagon",Turning Left,Driving Properly,Normal, , , , , , ,0,1,1,0,0,0,0,0,0,0,0,0,0,0
1311577,2012,7,23,8,24,0,43.66304538,-79.38379029,Toronto Centre-Rosedale (27),27,Church-Yonge Corridor (75),75,D51,Toronto East York,YONGE ST,GROSVENOR ST, ,Major Arterial,Intersection,At Intersection,Traffic Signal,Clear,Daylight,Dry,Non-Fatal Injury,Cyclist Collisions,Cyclist,25 to 29,Major,0,North,Bicycle,Going Ahead, , , , , ,Motorist turned left across cyclists path.,Disobeyed Traffic Control,Inattentive,0,1,1,0,0,0,0,0,0,0,0,0,0,0
1214720,2011,1,25,8,25,1,43.75944538,-79.24659029,Scarborough Centre (38),38,Woburn (137),137,D43,Scarborough,MCCOWAN RD,ST ANDREWS RD, ,Major Arterial,Mid-Block, ,No Control,Clear,Daylight,Wet,Non-Fatal Injury,Pedestrian Collisions,Vehicle Owner,unknown, ,0, ,Other, , , , , , , , , ,1,0,1,0,0,0,0,0,0,1,0,0,0,0
1214720,2011,1,25,8,25,1,43.75944538,-79.24659029,Scarborough Centre (38),38,Woburn (137),137,D43,Scarborough,MCCOWAN RD,ST ANDREWS RD, ,Major Arterial,Mid-Block, ,No Control,Clear,Daylight,Wet,Non-Fatal Injury,Pedestrian Collisions,Driver,65 to 69,Minimal,0,South,"Automobile, Station Wagon",Going Ahead,Failed to Yield Right of Way,Fatigue, , , , , , ,1,0,1,0,0,0,0,0,0,1,0,0,0,0
1214720,2011,1,25,8,25,1,43.75944538,-79.24659029,Scarborough Centre (38),38,Woburn (137),137,D43,Scarborough,MCCOWAN RD,ST ANDREWS RD, ,Major Arterial,Mid-Block, ,No Control,Clear,Daylight,Wet,Non-Fatal Injury,Pedestrian Collisions,Pedestrian,45 to 49,Major,0,Unknown,Other, , , ,Pedestrian hit at mid-block,Playing or Working on Highway,Normal, , , ,1,0,1,0,0,0,0,0,0,1,0,0,0,0
4001655411,2014,3,7,8,25,4,43.81684836,-79.33645258,Scarborough-Agincourt (39),39,Steeles (116),116,D42,Scarborough,STEELES AVE E,PHARMACY AVE, ,Major Arterial,Intersection,At Intersection,Traffic Signal,Clear,Daylight,Dry,Non-Fatal Injury,Pedestrian Collisions,Driver,25 to 29,Minimal,0,East,"Automobile, Station Wagon",Going Ahead,Driving Properly,Normal, , , , , , ,1,0,1,0,0,0,0,0,0,1,0,0,0,0
4001655411,2014,3,7,8,25,4,43.81684836,-79.33645258,Scarborough-Agincourt (39),39,Steeles (116),116,D42,Scarborough,STEELES AVE E,PHARMACY AVE, ,Major Arterial,Intersection,At Intersection,Traffic Signal,Clear,Daylight,Dry,Non-Fatal Injury,Pedestrian Collisions,Driver,60 to 64,,0,North,"Automobile, Station Wagon",Stopped,Driving Properly,Normal, , , , , , ,1,0,1,0,0,0,0,0,0,1,0,0,0,0