ACCNUM,YEAR,MONTH,DAY,HOUR,MINUTES,WEEKDAY,LATITUDE,LONGITUDE,Ward_Name,Ward_ID,Hood_Name,Hood_ID,Division,District,STREET1,STREET2,OFFSET,ROAD_CLASS,LOCCOORD,ACCLOC,TRAFFCTL,VISIBILITY,LIGHT,RDSFCOND,ACCLASS,IMPACTYPE,INVTYPE,INVAGE,INJURY,FATAL_NO,INITDIR,VEHTYPE,MANOEUVER,DRIVACT,DRIVCOND,PEDTYPE,PEDACT,PEDCOND,CYCLISTYPE,CYCACT,CYCCOND,PEDESTRIAN,CYCLIST,AUTOMOBILE,MOTORCYCLE,TRUCK,TRSN_CITY_VEH,EMERG_VEH,PASSENGER,SPEEDING,AG_DRIV,REDLIGHT,ALCOHOL,DISABILITY,label
4001655411,2014,3,7,8,25,4,43.81684836,-79.33645258,Scarborough-Agincourt (39),39,Steeles (116),116,D42,Scarborough,STEELES AVE E,PHARMACY AVE, ,Major Arterial,Intersection,At Intersection,Traffic Signal,Clear,Daylight,Dry,Non-Fatal Injury,Pedestrian Collisions,Driver,50 to 54,Minimal,0,West,"Automobile, Station Wagon",Turning Left,Failed to Yield Right of Way,Normal, , , , , , ,1,0,1,0,0,0,0,0,0,1,0,0,0,0
4001655411,2014,3,7,8,25,4,43.81684836,-79.33645258,Scarborough-Agincourt (39),39,Steeles (116),116,D42,Scarborough,STEELES AVE E,PHARMACY AVE, ,Major Arterial,Intersection,At Intersection,Traffic Signal,Clear,Daylight,Dry,Non-Fatal Injury,Pedestrian Collisions,Pedestrian,30 to 34,Major,0,Unknown, , , , ,Pedestrian hit on sidewalk or shoulder,On Sidewalk or Shoulder,Normal, , , ,1,0,1,0,0,0,0,0,0,1,0,0,0,0
5001954714,2015,11,14,8,25,5,43.69948538,-79.42494593,St. Paul's (21),21,Forest Hill South (101),101,D13,Toronto East York,1996 BATHURST ST, , ,Major Arterial,Mid-Block,Non Intersection,No Control,Clear,Daylight,Dry,Fatal,Pedestrian Collisions,Pedestrian,85 to 89,Fatal,65, ,"Automobile, Station Wagon", , , ,Pedestrian hit at parking lot,Other,Normal, , , ,1,0,1,0,0,0,0,0,0,0,0,0,0,1
7001001490,2017,6,6,8,25,1,43.68864401,-79.36375056,Toronto-Danforth (29),29,Leaside-Bennington (56),56,D53,Toronto East York,BAYVIEW AVE,POTTERY RD,3 m South of,Major Arterial,Mid-Block,Non Intersection,No Control,Rain,Daylight,Wet,Non-Fatal Injury,SMV Other,Motorcycle Driver,25 to 29,Major,0,South,Motorcycle,Slowing or Stopping,Lost control,Normal, , , , , , ,0,0,0,1,0,0,0,0,0,0,0,0,0,0
7001286988,2017,7,18,8,25,1,43.79303702,-79.33137141,Scarborough-Agincourt (40),40,L'Amoreaux (117),117,D42,North York,VICTORIA PARK AVE,FINCH AVE E, ,Major Arterial,Intersection,At Intersection,Traffic Signal,Clear,Daylight,Dry,Non-Fatal Injury,Pedestrian Collisions,Driver,35 to 39,,0,South,Delivery Van,Going Ahead,Driving Properly,Normal, , , , , , ,1,0,1,0,0,0,0,1,0,0,0,0,0,0
7001286988,2017,7,18,8,25,1,43.79303702,-79.33137141,Scarborough-Agincourt (40),40,L'Amoreaux (117),117,D42,North York,VICTORIA PARK AVE,FINCH AVE E, ,Major Arterial,Intersection,At Intersection,Traffic Signal,Clear,Daylight,Dry,Non-Fatal Injury,Pedestrian Collisions,Pedestrian,15 to 19,Major,0,East, , , , ,Vehicle is going straight thru inter.while ped cross without ROW,Crossing without right of way,Inattentive, , , ,1,0,1,0,0,0,0,1,0,0,0,0,0,0
7001286988,2017,7,18,8,25,1,43.79303702,-79.33137141,Scarborough-Agincourt (40),40,L'Amoreaux (117),117,D42,North York,VICTORIA PARK AVE,FINCH AVE E, ,Major Arterial,Intersection,At Intersection,Traffic Signal,Clear,Daylight,Dry,Non-Fatal Injury,Pedestrian Collisions,Passenger,45 to 49,,0, , , , , , , , , , , ,1,0,1,0,0,0,0,1,0,0,0,0,0,0
993425,2007,9,6,8,26,3,43.70324538,-79.54959029,Etobicoke North (2),2,Kingsview Village-The Westway (6),6,D23,Etobicoke York,ISLINGTON AVE,ST GEORGES BLVD, ,Major Arterial,Intersection,At Intersection,Stop Sign,Clear,Daylight,Dry,Non-Fatal Injury,Turning Movement,Driver,35 to 39,,0,South,"Automobile, Station Wagon",Going Ahead,Driving Properly,Normal, , , , , , ,0,0,1,0,0,0,0,0,0,0,0,0,0,0
993425,2007,9,6,8,26,3,43.70324538,-79.54959029,Etobicoke North (2),2,Kingsview Village-The Westway (6),6,D23,Etobicoke York,ISLINGTON AVE,ST GEORGES BLVD, ,Major Arterial,Intersection,At Intersection,Stop Sign,Clear,Daylight,Dry,Non-Fatal Injury,Turning Movement,Driver,40 to 44,Major,0,East,"Automobile, Station Wagon",Turning Left,Improper Turn,Normal, , , , , , ,0,0,1,0,0,0,0,0,0,0,0,0,0,0
142300273,2014,6,16,8,27,0,43.67511709,-79.3578454,Toronto-Danforth (30),30,North Riverdale (68),68,D55,Toronto East York,BROADVIEW AVE,FAIRVIEW BLVD, ,Minor Arterial,Mid-Block, ,No Control,Rain,Daylight,Wet,Fatal,SMV Other,Motorcycle Driver,45 to 49,Fatal,12,North,Motorcycle,Going Ahead,Driving Properly,Unknown, , , , , , ,0,0,0,1,0,0,0,0,0,0,0,0,0,1
5001212779,2015,7,17,8,27,4,43.67484625,-79.40710841,Trinity-Spadina (20),20,Annex (95),95,D53,Toronto East York,SPADINA RD,DUPONT ST, ,Major Arterial,Intersection,Intersection Related,Traffic Signal,Clear,Daylight,Wet,Non-Fatal Injury,Cyclist Collisions,Truck Driver,60 to 64,,0,North,Truck - Tank,Turning Right,Improper Turn,Inattentive, , , , , , ,0,1,0,0,1,0,0,0,0,0,0,0,0,0
5001212779,2015,7,17,8,27,4,43.67484625,-79.40710841,Trinity-Spadina (20),20,Annex (95),95,D53,Toronto East York,SPADINA RD,DUPONT ST, ,Major Arterial,Intersection,Intersection Related,Traffic Signal,Clear,Daylight,Wet,Non-Fatal Injury,Cyclist Collisions,Cyclist,25 to 29,Major,0,North,Bicycle,Stopped, , , , , ,Motorist turning right on green or amber at signalized intersection strikes cyclist.,Driving Properly,Normal,0,1,0,0,1,0,0,0,0,0,0,0,0,0
1094026,2009,3,11,8,28,2,43.76064538,-79.35849029,Don Valley East (34),34,St.Andrew-Windfields (40),40,D33,North York,LESMILL Road,DUNCAN MILL Road, ,Collector,Intersection,At Intersection,No Control,Clear,Daylight,Dry,Non-Fatal Injury,Pedestrian Collisions,Vehicle Owner,unknown, ,0, ,Other, , , , , , , , , ,1,0,0,0,0,1,0,0,0,1,0,0,0,0
1094026,2009,3,11,8,28,2,43.76064538,-79.35849029,Don Valley East (34),34,St.Andrew-Windfields (40),40,D33,North York,LESMILL Road,DUNCAN MILL Road, ,Collector,Intersection,At Intersection,No Control,Clear,Daylight,Dry,Non-Fatal Injury,Pedestrian Collisions,Pedestrian,20 to 24,Major,0,North,Other, , , ,Pedestrian involved in a collision with transit vehicle anywhere along roadway,Crossing with right of way,Normal, , , ,1,0,0,0,0,1,0,0,0,1,0,0,0,0
1094026,2009,3,11,8,28,2,43.76064538,-79.35849029,Don Valley East (34),34,St.Andrew-Windfields (40),40,D33,North York,LESMILL Road,DUNCAN MILL Road, ,Collector,Intersection,At Intersection,No Control,Clear,Daylight,Dry,Non-Fatal Injury,Pedestrian Collisions,Driver,45 to 49,,0,North,Municipal Transit Bus (TTC),Turning Right,Failed to Yield Right of Way,Normal, , , , , , ,1,0,0,0,0,1,0,0,0,1,0,0,0,0
1216987,2011,2,10,8,28,3,43.62734538,-79.56239029,Etobicoke-Lakeshore (5),5,Markland Wood (12),12,D22,Etobicoke York,DUNDAS ST W,NEILSON DR, ,Major Arterial,Intersection,At Intersection,Traffic Signal,Clear,Daylight,Dry,Fatal,Pedestrian Collisions,Passenger,15 to 19,,0, ,Other, , , , , , , , , ,1,0,1,0,0,0,0,1,0,1,0,0,0,1
1216987,2011,2,10,8,28,3,43.62734538,-79.56239029,Etobicoke-Lakeshore (5),5,Markland Wood (12),12,D22,Etobicoke York,DUNDAS ST W,NEILSON DR, ,Major Arterial,Intersection,At Intersection,Traffic Signal,Clear,Daylight,Dry,Fatal,Pedestrian Collisions,Driver,45 to 49,,0,South,"Automobile, Station Wagon",Turning Left,Failed to Yield Right of Way,Inattentive, , , , , , ,1,0,1,0,0,0,0,1,0,1,0,0,0,1
1216987,2011,2,10,8,28,3,43.62734538,-79.56239029,Etobicoke-Lakeshore (5),5,Markland Wood (12),12,D22,Etobicoke York,DUNDAS ST W,NEILSON DR, ,Major Arterial,Intersection,At Intersection,Traffic Signal,Clear,Daylight,Dry,Fatal,Pedestrian Collisions,Pedestrian,55 to 59,Fatal,5,South,Other, , , ,Vehicle turns left while ped crosses with ROW at inter.,Crossing with right of way,Normal, , , ,1,0,1,0,0,0,0,1,0,1,0,0,0,1
1257517,2011,10,5,8,29,2,43.72084538,-79.42249029,Eglinton-Lawrence (16),16,Bedford Park-Nortown (39),39,D32,North York,LAWRENCE Aven W,LEDBURY Stre, ,Major Arterial,Intersection, ,Traffic Signal,Clear,Daylight,Dry,Non-Fatal Injury,Pedestrian Collisions,Pedestrian,40 to 44,Major,0,North,Other, , , ,Vehicle turns left while ped crosses without ROW at inter.,Crossing without right of way,Inattentive, , , ,1,0,1,0,0,0,0,0,0,0,0,0,0,0
1257517,2011,10,5,8,29,2,43.72084538,-79.42249029,Eglinton-Lawrence (16),16,Bedford Park-Nortown (39),39,D32,North York,LAWRENCE Aven W,LEDBURY Stre, ,Major Arterial,Intersection, ,Traffic Signal,Clear,Daylight,Dry,Non-Fatal Injury,Pedestrian Collisions,Driver,40 to 44,,0,South,"Automobile, Station Wagon",Turning Left,Driving Properly,Normal, , , , , , ,1,0,1,0,0,0,0,0,0,0,0,0,0,0
1295639,2012,4,1,8,29,6,43.66064538,-79.44359029,Davenport (18),18,Dovercourt-Wallace Emerson-Junction (93),93,D11,Toronto East York,LANSDOWNE Ave,PATON RD, ,Minor Arterial,Intersection,At Intersection,Pedestrian Crossover,Clear,Daylight,Wet,Non-Fatal Injury,Angle,Vehicle Owner,unknown, ,0, ,Other, , , , , , , , , ,0,0,1,0,0,0,0,1,0,1,0,0,0,0
1295639,2012,4,1,8,29,6,43.66064538,-79.44359029,Davenport (18),18,Dovercourt-Wallace Emerson-Junction (93),93,D11,Toronto East York,LANSDOWNE Ave,PATON RD, ,Minor Arterial,Intersection,At Intersection,Pedestrian Crossover,Clear,Daylight,Wet,Non-Fatal Injury,Angle,Passenger,unknown,,0, ,Other, , , , , , , , , ,0,0,1,0,0,0,0,1,0,1,0,0,0,0
1295639,2012,4,1,8,29,6,43.66064538,-79.44359029,Davenport (18),18,Dovercourt-Wallace Emerson-Junction (93),93,D11,Toronto East York,LANSDOWNE Ave,PATON RD, ,Minor Arterial,Intersection,At Intersection,Pedestrian Crossover,Clear,Daylight,Wet,Non-Fatal Injury,Angle,Driver,70 to 74,,0,East,Taxi,Going Ahead,Failed to Yield Right of Way,Normal, , , , , , ,0,0,1,0,0,0,0,1,0,1,0,0,0,0
1295639,2012,4,1,8,29,6,43.66064538,-79.44359029,Davenport (18),18,Dovercourt-Wallace Emerson-Junction (93),93,D11,Toronto East York,LANSDOWNE Ave,PATON RD, ,Minor Arterial,Intersection,At Intersection,Pedestrian Crossover,Clear,Daylight,Wet,Non-Fatal Injury,Angle,Vehicle Owner,unknown, ,0, ,Other, , , , , , , , , ,0,0,1,0,0,0,0,1,0,1,0,0,0,0
1295639,2012,4,1,8,29,6,43.66064538,-79.44359029,Davenport (18),18,Dovercourt-Wallace Emerson-Junction (93),93,D11,Toronto East York,LANSDOWNE Ave,PATON RD, ,Minor Arterial,Intersection,At Intersection,Pedestrian Crossover,Clear,Daylight,Wet,Non-Fatal Injury,Angle,Driver,55 to 59,Major,0,South,"Automobile, Station Wagon",Going Ahead,Driving Properly,Normal, , , , , , ,0,0,1,0,0,0,0,1,0,1,0,0,0,0
959973,2007,2,23,8,30,4,43.71204538,-79.28099029,Scarborough Southwest (35),35,Clairlea-Birchmount (120),120,D41,Scarborough,ST CLAIR AVE E,WARDEN AVE, ,Minor Arterial,Intersection,At Intersection,Traffic Signal,Clear,Daylight,Dry,Non-Fatal Injury,Pedestrian Collisions,Driver,55 to 59,,0,East,"Automobile, Station Wagon",Turning Right,Failed to Yield Right of Way,Normal, , , , , , ,1,0,1,0,0,0,0,0,0,1,0,0,0,0
959973,2007,2,23,8,30,4,43.71204538,-79.28099029,Scarborough Southwest (35),35,Clairlea-Birchmount (120),120,D41,Scarborough,ST CLAIR AVE E,WARDEN AVE, ,Minor Arterial,Intersection,At Intersection,Traffic Signal,Clear,Daylight,Dry,Non-Fatal Injury,Pedestrian Collisions,Pedestrian,55 to 59,Major,0,East,Other, , , ,Vehicle turns right while ped crosses with ROW at inter.,Crossing with right of way,Normal, , , ,1,0,1,0,0,0,0,0,0,1,0,0,0,0
987223,2007,8,1,8,30,2,43.76014538,-79.45329029,York Centre (10),10,Bathurst Manor (34),34,D32,North York,COMBE AVE,ELDER ST, ,Local,Intersection, ,Stop Sign,Clear,Daylight,Dry,Non-Fatal Injury,Angle,Vehicle Owner,unknown,,0, ,Other, , , , , , , , , ,0,0,1,0,0,0,0,1,0,1,0,0,0,0
143507481,2014,12,18,8,43,3,43.78857763,-79.44666682,York Centre (10),10,Newtonbrook West (36),36,D32,North York,6030 BATHURST ST, , ,Major Arterial,Mid-Block, ,No Control,Clear,Daylight,Dry,Fatal,Pedestrian Collisions,Driver,25 to 29,,0,South,"Automobile, Station Wagon",Going Ahead,Driving Properly,Normal, , , , , , ,1,0,1,0,0,0,0,1,0,0,0,0,0,1
143507481,2014,12,18,8,43,3,43.78857763,-79.44666682,York Centre (10),10,Newtonbrook West (36),36,D32,North York,6030 BATHURST ST, , ,Major Arterial,Mid-Block, ,No Control,Clear,Daylight,Dry,Fatal,Pedestrian Collisions,Passenger,unknown,,0, , , , , , , , , , , ,1,0,1,0,0,0,0,1,0,0,0,0,0,1
1325529,2012,11,13,8,44,1,43.65904538,-79.38209029,Toronto Centre-Rosedale (27),27,Church-Yonge Corridor (75),75,D51,Toronto East York,GERRARD ST E,YONGE ST, ,Major Arterial,Intersection,At Intersection,Traffic Signal,Clear,Daylight,Dry,Non-Fatal Injury,Cyclist Collisions,Vehicle Owner,unknown, ,0, ,Other, , , , , , , , , ,0,1,0,0,1,0,0,0,0,0,0,0,0,0
1325529,2012,11,13,8,44,1,43.65904538,-79.38209029,Toronto Centre-Rosedale (27),27,Church-Yonge Corridor (75),75,D51,Toronto East York,GERRARD ST E,YONGE ST, ,Major Arterial,Intersection,At Intersection,Traffic Signal,Clear,Daylight,Dry,Non-Fatal Injury,Cyclist Collisions,Truck Driver,35 to 39,,0,West,Truck - Open,Turning Right,Improper Turn,Normal, , , , , , ,0,1,0,0,1,0,0,0,0,0,0,0,0,0
1325529,2012,11,13,8,44,1,43.65904538,-79.38209029,Toronto Centre-Rosedale (27),27,Church-Yonge Corridor (75),75,D51,Toronto East York,GERRARD ST E,YONGE ST, ,Major Arterial,Intersection,At Intersection,Traffic Signal,Clear,Daylight,Dry,Non-Fatal Injury,Cyclist Collisions,Cyclist,35 to 39,Major,0,West,Bicycle,Going Ahead, , , , , ,Motorist turning right on green or amber at signalized intersection strikes cyclist.,Other,Unknown,0,1,0,0,1,0,0,0,0,0,0,0,0,0
7001651562,2017,9,12,8,44,1,43.69133337,-79.34061823,Toronto-Danforth (29),29,Danforth East York (59),59,D54,Toronto East York,COSBURN AVE,LESMOUNT AVE, ,Minor Arterial,Intersection,At Intersection,No Control,Clear,Daylight,Dry,Non-Fatal Injury,Cyclist Collisions,Truck Driver,45 to 49,,0,West,"Truck - Closed (Blazer, etc)",Turning Right,Improper Turn,Normal, , , , , , ,0,1,0,0,1,0,0,0,0,0,0,0,0,0
7001651562,2017,9,12,8,44,1,43.69133337,-79.34061823,Toronto-Danforth (29),29,Danforth East York (59),59,D54,Toronto East York,COSBURN AVE,LESMOUNT AVE, ,Minor Arterial,Intersection,At Intersection,No Control,Clear,Daylight,Dry,Non-Fatal Injury,Cyclist Collisions,Cyclist,35 to 39,Major,0,West,Bicycle,Going Ahead, , , , , ,"Motorist turns right at non-signal Inter.(stop, yield, no cont.,and dwy) and strikes cyclist.",Driving Properly,Normal,0,1,0,0,1,0,0,0,0,0,0,0,0,0
984087,2007,8,9,8,45,3,43.63994538,-79.38019029,Toronto Centre-Rosedale (28),28,Waterfront Communities-The Island (77),77,D52,Toronto East York,QUEENS QUAY W,YORK ST, ,Minor Arterial,Intersection,At Intersection,Traffic Signal,Clear,Daylight,Dry,Non-Fatal Injury,Pedestrian Collisions,Pedestrian,60 to 64,Major,0,North,Other, , , ,Vehicle is going straight thru inter.while ped cross with ROW,Crossing with right of way,Normal, , , ,1,1,0,0,0,0,0,0,0,0,0,0,0,0
984087,2007,8,9,8,45,3,43.63994538,-79.38019029,Toronto Centre-Rosedale (28),28,Waterfront Communities-The Island (77),77,D52,Toronto East York,QUEENS QUAY W,YORK ST, ,Minor Arterial,Intersection,At Intersection,Traffic Signal,Clear,Daylight,Dry,Non-Fatal Injury,Pedestrian Collisions,Cyclist,30 to 34,Major,0,East,Bicycle,Going Ahead, , , , , ,Cyclist strikes pedestrian.,Disobeyed Traffic Control,Normal,1,1,0,0,0,0,0,0,0,0,0,0,0,0
1009774,2007,11,28,8,45,2,43.66744538,-79.49059029,York South-Weston (11),11,Rockcliffe-Smythe (111),111,D12,Etobicoke York,ST CLAIR Aven W,FRENCH Aven, ,Major Arterial,Mid-Block, ,No Control,Clear,Daylight,Dry,Non-Fatal Injury,Pedestrian Collisions,Driver,50 to 54,,0,West,"Automobile, Station Wagon",Going Ahead,Driving Properly,Normal, , , , , , ,1,0,1,0,0,0,0,0,0,0,0,0,0,0
1009774,2007,11,28,8,45,2,43.66744538,-79.49059029,York South-Weston (11),11,Rockcliffe-Smythe (111),111,D12,Etobicoke York,ST CLAIR Aven W,FRENCH Aven, ,Major Arterial,Mid-Block, ,No Control,Clear,Daylight,Dry,Non-Fatal Injury,Pedestrian Collisions,Pedestrian,5 to 9,Major,0,South,Other, , , ,Pedestrian hit at mid-block,"Crossing, no Traffic Control",Inattentive, , , ,1,0,1,0,0,0,0,0,0,0,0,0,0,0
1026360,2008,2,27,8,45,2,43.76174538,-79.32289029,Don Valley East (34),34,Parkwoods-Donalda (45),45,D33,North York,YORK MILLS RD,NESS DR, ,Collector,Intersection, ,Pedestrian Crossover,Clear,Daylight,Wet,Non-Fatal Injury,Pedestrian Collisions,Driver,35 to 39,,0,East,"Automobile, Station Wagon",Going Ahead,Failed to Yield Right of Way,Inattentive, , , , , , ,1,0,1,0,0,0,0,0,0,1,0,0,0,0
1026360,2008,2,27,8,45,2,43.76174538,-79.32289029,Don Valley East (34),34,Parkwoods-Donalda (45),45,D33,North York,YORK MILLS RD,NESS DR, ,Collector,Intersection, ,Pedestrian Crossover,Clear,Daylight,Wet,Non-Fatal Injury,Pedestrian Collisions,Pedestrian,5 to 9,Major,0, ,Other, , , ,Pedestrian hit a PXO/ped. Mid-block signal,"Crossing, Pedestrian Crossover",Normal, , , ,1,0,1,0,0,0,0,0,0,1,0,0,0,0
1036983,2008,4,21,8,45,0,43.66244538,-79.53119029,Etobicoke Centre (4),4,Edenbridge-Humber Valley (9),9,D22,Etobicoke York,ISLINGTON AVE,RATHBURN RD, ,Major Arterial,Intersection, ,Traffic Signal,Clear,Daylight,Dry,Non-Fatal Injury,Turning Movement,Driver,40 to 44,,0,South,"Automobile, Station Wagon",Going Ahead,Driving Properly,Normal, , , , , , ,0,0,1,0,0,0,0,0,0,0,0,0,0,0
1036983,2008,4,21,8,45,0,43.66244538,-79.53119029,Etobicoke Centre (4),4,Edenbridge-Humber Valley (9),9,D22,Etobicoke York,ISLINGTON AVE,RATHBURN RD, ,Major Arterial,Intersection, ,Traffic Signal,Clear,Daylight,Dry,Non-Fatal Injury,Turning Movement,Driver,75 to 79,Major,0,South,"Automobile, Station Wagon",Going Ahead,Driving Properly,Normal, , , , , , ,0,0,1,0,0,0,0,0,0,0,0,0,0,0
1036983,2008,4,21,8,45,0,43.66244538,-79.53119029,Etobicoke Centre (4),4,Edenbridge-Humber Valley (9),9,D22,Etobicoke York,ISLINGTON AVE,RATHBURN RD, ,Major Arterial,Intersection, ,Traffic Signal,Clear,Daylight,Dry,Non-Fatal Injury,Turning Movement,Driver,35 to 39,,0,North,"Automobile, Station Wagon",Turning Left,Improper Turn,Normal, , , , , , ,0,0,1,0,0,0,0,0,0,0,0,0,0,0
1137250,2009,11,17,8,45,1,43.79244538,-79.44049029,York Centre (10),10,Newtonbrook West (36),36,D32,North York,GREENWIN VILLAGE RD,VILLAGE GT, ,Collector,Intersection,At Intersection,Stop Sign,Clear,Daylight,Dry,Fatal,Pedestrian Collisions,Vehicle Owner,unknown, ,0, ,Other, , , , , , , , , ,1,0,1,0,0,0,0,0,0,0,0,0,0,1
1137250,2009,11,17,8,45,1,43.79244538,-79.44049029,York Centre (10),10,Newtonbrook West (36),36,D32,North York,GREENWIN VILLAGE RD,VILLAGE GT, ,Collector,Intersection,At Intersection,Stop Sign,Clear,Daylight,Dry,Fatal,Pedestrian Collisions,Driver,40 to 44,,0,South,"Automobile, Station Wagon",Turning Left,Driving Properly,Normal, , , , , , ,1,0,1,0,0,0,0,0,0,0,0,0,0,1
1137250,2009,11,17,8,45,1,43.79244538,-79.44049029,York Centre (10),10,Newtonbrook West (36),36,D32,North York,GREENWIN VILLAGE RD,VILLAGE GT, ,Collector,Intersection,At Intersection,Stop Sign,Clear,Daylight,Dry,Fatal,Pedestrian Collisions,Pedestrian,65 to 69,Fatal,40,North,Other, , , ,Vehicle turns left while ped crosses without ROW at inter.,"Crossing, no Traffic Control",Normal, , , ,1,0,1,0,0,0,0,0,0,0,0,0,0,1
1163442,2010,3,21,8,45,6,43.61744538,-79.49889029,Etobicoke-Lakeshore (6),6,Mimico (includes Humber Bay Shores) (17),17,D22,Etobicoke York,ROYAL YORK Road,NEWCASTLE Stre, ,Minor Arterial,Intersection,At Intersection,Traffic Signal,Clear,Daylight,Dry,Non-Fatal Injury,Pedestrian Collisions,Driver,75 to 79,,0,North,"Automobile, Station Wagon",Going Ahead,Failed to Yield Right of Way,Normal, , , , , , ,1,0,1,0,0,0,0,0,0,1,0,0,0,0
1163442,2010,3,21,8,45,6,43.61744538,-79.49889029,Etobicoke-Lakeshore (6),6,Mimico (includes Humber Bay Shores) (17),17,D22,Etobicoke York,ROYAL YORK Road,NEWCASTLE Stre, ,Minor Arterial,Intersection,At Intersection,Traffic Signal,Clear,Daylight,Dry,Non-Fatal Injury,Pedestrian Collisions,Pedestrian,85 to 89,Major,0,East,Other, , , ,Vehicle is going straight thru inter.while ped cross with ROW,Crossing with right of way,Normal, , , ,1,0,1,0,0,0,0,0,0,1,0,0,0,0
1181100,2010,8,6,8,45,4,43.80144538,-79.31869029,Scarborough-Agincourt (39),39,L'Amoreaux (117),117,D42,Scarborough,WARDEN AVE,BRIDLETOWNE CRCL, ,Major Arterial,Intersection,At Intersection,Traffic Signal,Clear,Daylight,Dry,Non-Fatal Injury,Pedestrian Collisions,Vehicle Owner,unknown, ,0, ,Other, , , , , , , , , ,1,0,0,0,1,0,0,0,0,0,0,0,0,0
1181100,2010,8,6,8,45,4,43.80144538,-79.31869029,Scarborough-Agincourt (39),39,L'Amoreaux (117),117,D42,Scarborough,WARDEN AVE,BRIDLETOWNE CRCL, ,Major Arterial,Intersection,At Intersection,Traffic Signal,Clear,Daylight,Dry,Non-Fatal Injury,Pedestrian Collisions,Truck Driver,55 to 59,,0,North,Truck - Open,Going Ahead,Driving Properly,Normal, , , , , , ,1,0,0,0,1,0,0,0,0,0,0,0,0,0
1181100,2010,8,6,8,45,4,43.80144538,-79.31869029,Scarborough-Agincourt (39),39,L'Amoreaux (117),117,D42,Scarborough,WARDEN AVE,BRIDLETOWNE CRCL, ,Major Arterial,Intersection,At Intersection,Traffic Signal,Clear,Daylight,Dry,Non-Fatal Injury,Pedestrian Collisions,Vehicle Owner,unknown, ,0, ,Other, , , , , , , , , ,1,0,0,0,1,0,0,0,0,0,0,0,0,0
1181100,2010,8,6,8,45,4,43.80144538,-79.31869029,Scarborough-Agincourt (39),39,L'Amoreaux (117),117,D42,Scarborough,WARDEN AVE,BRIDLETOWNE CRCL, ,Major Arterial,Intersection,At Intersection,Traffic Signal,Clear,Daylight,Dry,Non-Fatal Injury,Pedestrian Collisions,Pedestrian,25 to 29,Major,0,West,Other, , , ,Vehicle is going straight thru inter.while ped cross without ROW,Crossing without right of way,Inattentive, , , ,1,0,0,0,1,0,0,0,0,0,0,0,0,0
1211648,2010,12,6,8,45,0,43.70664538,-79.50479029,York South-Weston (12),12,Rustic (28),28,D12,Etobicoke York,JANE ST,JOHN ST, ,Major Arterial,Intersection,At Intersection,Traffic Signal,Snow,Daylight,Wet,Non-Fatal Injury,Turning Movement,Driver,45 to 49,,0,North,"Automobile, Station Wagon",Going Ahead,Driving Properly,Normal, , , , , , ,0,0,1,0,0,0,0,1,0,0,0,0,0,0
1211648,2010,12,6,8,45,0,43.70664538,-79.50479029,York South-Weston (12),12,Rustic (28),28,D12,Etobicoke York,JANE ST,JOHN ST, ,Major Arterial,Intersection,At Intersection,Traffic Signal,Snow,Daylight,Wet,Non-Fatal Injury,Turning Movement,Vehicle Owner,unknown, ,0, ,Other, , , , , , , , , ,0,0,1,0,0,0,0,1,0,0,0,0,0,0
1211648,2010,12,6,8,45,0,43.70664538,-79.50479029,York South-Weston (12),12,Rustic (28),28,D12,Etobicoke York,JANE ST,JOHN ST, ,Major Arterial,Intersection,At Intersection,Traffic Signal,Snow,Daylight,Wet,Non-Fatal Injury,Turning Movement,Driver,30 to 34,Minor,0,South,"Automobile, Station Wagon",Turning Left,Improper Turn,Normal, , , , , , ,0,0,1,0,0,0,0,1,0,0,0,0,0,0
1211648,2010,12,6,8,45,0,43.70664538,-79.50479029,York South-Weston (12),12,Rustic (28),28,D12,Etobicoke York,JANE ST,JOHN ST, ,Major Arterial,Intersection,At Intersection,Traffic Signal,Snow,Daylight,Wet,Non-Fatal Injury,Turning Movement,Passenger,5 to 9,Major,0, ,Other, , , , , , , , , ,0,0,1,0,0,0,0,1,0,0,0,0,0,0
1264906,2011,9,16,8,45,4,43.82734538,-79.26519029,Scarborough-Rouge River (41),41,Milliken (130),130,D42,Scarborough,MIDDLEFIELD RD,PASSMORE AVE, ,Minor Arterial,Intersection,At Intersection,Traffic Signal,Clear,Daylight,Dry,Non-Fatal Injury,Cyclist Collisions,Driver,60 to 64,,0,West,"Automobile, Station Wagon",Stopped,Driving Properly,Normal, , , , , , ,0,1,1,0,0,0,0,0,0,1,0,0,0,0
1264906,2011,9,16,8,45,4,43.82734538,-79.26519029,Scarborough-Rouge River (41),41,Milliken (130),130,D42,Scarborough,MIDDLEFIELD RD,PASSMORE AVE, ,Minor Arterial,Intersection,At Intersection,Traffic Signal,Clear,Daylight,Dry,Non-Fatal Injury,Cyclist Collisions,Vehicle Owner,unknown, ,0, ,Other, , , , , , , , , ,0,1,1,0,0,0,0,0,0,1,0,0,0,0