ACCNUM,YEAR,MONTH,DAY,HOUR,MINUTES,WEEKDAY,LATITUDE,LONGITUDE,Ward_Name,Ward_ID,Hood_Name,Hood_ID,Division,District,STREET1,STREET2,OFFSET,ROAD_CLASS,LOCCOORD,ACCLOC,TRAFFCTL,VISIBILITY,LIGHT,RDSFCOND,ACCLASS,IMPACTYPE,INVTYPE,INVAGE,INJURY,FATAL_NO,INITDIR,VEHTYPE,MANOEUVER,DRIVACT,DRIVCOND,PEDTYPE,PEDACT,PEDCOND,CYCLISTYPE,CYCACT,CYCCOND,PEDESTRIAN,CYCLIST,AUTOMOBILE,MOTORCYCLE,TRUCK,TRSN_CITY_VEH,EMERG_VEH,PASSENGER,SPEEDING,AG_DRIV,REDLIGHT,ALCOHOL,DISABILITY,label
1264906,2011,9,16,8,45,4,43.82734538,-79.26519029,Scarborough-Rouge River (41),41,Milliken (130),130,D42,Scarborough,MIDDLEFIELD RD,PASSMORE AVE, ,Minor Arterial,Intersection,At Intersection,Traffic Signal,Clear,Daylight,Dry,Non-Fatal Injury,Cyclist Collisions,Driver,60 to 64,,0,South,"Automobile, Station Wagon",Turning Left,Failed to Yield Right of Way,Inattentive, , , , , , ,0,1,1,0,0,0,0,0,0,1,0,0,0,0
1264906,2011,9,16,8,45,4,43.82734538,-79.26519029,Scarborough-Rouge River (41),41,Milliken (130),130,D42,Scarborough,MIDDLEFIELD RD,PASSMORE AVE, ,Minor Arterial,Intersection,At Intersection,Traffic Signal,Clear,Daylight,Dry,Non-Fatal Injury,Cyclist Collisions,Cyclist,75 to 79,Major,0,North,Bicycle,Going Ahead, , , , , ,Motorist turned left across cyclists path.,Driving Properly,Normal,0,1,1,0,0,0,0,0,0,1,0,0,0,0
1301011,2012,5,1,8,45,1,43.71354538,-79.30649029,Beaches-East York (31),31,O'Connor-Parkview (54),54,D54,Toronto East York,O CONNOR Dr,BERMONDSEY RD, ,Major Arterial,Mid-Block, ,No Control,Clear,Daylight,Dry,Non-Fatal Injury,Cyclist Collisions,Vehicle Owner,unknown, ,0, ,Other, , , , , , , , , ,0,1,1,0,0,0,0,0,0,0,0,0,0,0
1301011,2012,5,1,8,45,1,43.71354538,-79.30649029,Beaches-East York (31),31,O'Connor-Parkview (54),54,D54,Toronto East York,O CONNOR Dr,BERMONDSEY RD, ,Major Arterial,Mid-Block, ,No Control,Clear,Daylight,Dry,Non-Fatal Injury,Cyclist Collisions,Driver,35 to 39,,0,South,"Automobile, Station Wagon",Turning Right,Improper Turn,Inattentive, , , , , , ,0,1,1,0,0,0,0,0,0,0,0,0,0,0
1301011,2012,5,1,8,45,1,43.71354538,-79.30649029,Beaches-East York (31),31,O'Connor-Parkview (54),54,D54,Toronto East York,O CONNOR Dr,BERMONDSEY RD, ,Major Arterial,Mid-Block, ,No Control,Clear,Daylight,Dry,Non-Fatal Injury,Cyclist Collisions,Cyclist,50 to 54,Major,0,South,Bicycle,Going Ahead, , , , , ,"Motorist turns right at non-signal Inter.(stop, yield, no cont.,and dwy) and strikes cyclist.",Driving Properly,Normal,0,1,1,0,0,0,0,0,0,0,0,0,0,0
1350472,2013,4,6,8,45,5,43.75544538,-79.43849029,York Centre (10),10,Clanton Park (33),33,D32,North York,SHEPPARD AVE W,BATHURST ST, ,Major Arterial,Intersection,At Intersection,Traffic Signal,Clear,Daylight,Dry,Non-Fatal Injury,Pedestrian Collisions,Driver,75 to 79,,0,South,"Automobile, Station Wagon",Turning Left,Failed to Yield Right of Way,Inattentive, , , , , , ,1,0,1,0,0,0,0,0,0,1,0,0,0,0
1350472,2013,4,6,8,45,5,43.75544538,-79.43849029,York Centre (10),10,Clanton Park (33),33,D32,North York,SHEPPARD AVE W,BATHURST ST, ,Major Arterial,Intersection,At Intersection,Traffic Signal,Clear,Daylight,Dry,Non-Fatal Injury,Pedestrian Collisions,Pedestrian,85 to 89,Major,0,North,Other, , , ,Vehicle turns left while ped crosses with ROW at inter.,Crossing with right of way,Medical or Physical Disability, , , ,1,0,1,0,0,0,0,0,0,1,0,0,0,0
1383479,2013,8,23,8,45,4,43.67106207,-79.32808314,Toronto-Danforth (30),30,South Riverdale (70),70,D55,Toronto East York,GREENWOOD AVE,GERRARD ST E, ,Minor Arterial,Intersection, ,No Control,Clear,Daylight,Dry,Non-Fatal Injury,Turning Movement,Vehicle Owner,unknown, ,0, ,Other, , , , , , , , , ,0,1,1,0,0,0,0,0,0,1,0,0,0,0
1383479,2013,8,23,8,45,4,43.67106207,-79.32808314,Toronto-Danforth (30),30,South Riverdale (70),70,D55,Toronto East York,GREENWOOD AVE,GERRARD ST E, ,Minor Arterial,Intersection, ,No Control,Clear,Daylight,Dry,Non-Fatal Injury,Turning Movement,Driver,25 to 29,,0,South,"Automobile, Station Wagon",Turning Right,Failed to Yield Right of Way,Inattentive, , , , , , ,0,1,1,0,0,0,0,0,0,1,0,0,0,0
1383479,2013,8,23,8,45,4,43.67106207,-79.32808314,Toronto-Danforth (30),30,South Riverdale (70),70,D55,Toronto East York,GREENWOOD AVE,GERRARD ST E, ,Minor Arterial,Intersection, ,No Control,Clear,Daylight,Dry,Non-Fatal Injury,Turning Movement,Moped Driver,40 to 44,Major,0,South,Other,Going Ahead,Driving Properly,Normal, , , , , , ,0,1,1,0,0,0,0,0,0,1,0,0,0,0
5001798933,2015,10,19,8,45,0,43.75633963,-79.522503,York West (7),7,Glenfield-Jane Heights (25),25,D31,North York,PELICAN GT,FINCH AVE W,5 m South of,Major Arterial,Intersection,At Intersection,No Control,Clear,Daylight,Dry,Non-Fatal Injury,Pedestrian Collisions,Driver,unknown,,0,East,"Automobile, Station Wagon",Turning Right,Failed to Yield Right of Way,Unknown, , , , , , ,1,0,1,0,0,0,0,0,0,1,0,0,0,0
5001798933,2015,10,19,8,45,0,43.75633963,-79.522503,York West (7),7,Glenfield-Jane Heights (25),25,D31,North York,PELICAN GT,FINCH AVE W,5 m South of,Major Arterial,Intersection,At Intersection,No Control,Clear,Daylight,Dry,Non-Fatal Injury,Pedestrian Collisions,Pedestrian,65 to 69,Major,0,West, , , , ,Vehicle turns right while ped crosses with ROW at inter.,Crossing with right of way,Normal, , , ,1,0,1,0,0,0,0,0,0,1,0,0,0,0
5002201232,2015,12,24,8,45,3,43.74110373,-79.3192483,Don Valley East (34),34,Victoria Village (43),43,D33,North York,LAWRENCE AVE E,RAILSIDE RD, ,Major Arterial,Intersection,At Intersection,Traffic Signal,Clear,Daylight,Dry,Non-Fatal Injury,Pedestrian Collisions,Driver,55 to 59,,0,South,"Automobile, Station Wagon",Turning Left,Failed to Yield Right of Way,Normal, , , , , , ,1,0,1,0,0,0,0,0,0,1,0,0,0,0
5002201232,2015,12,24,8,45,3,43.74110373,-79.3192483,Don Valley East (34),34,Victoria Village (43),43,D33,North York,LAWRENCE AVE E,RAILSIDE RD, ,Major Arterial,Intersection,At Intersection,Traffic Signal,Clear,Daylight,Dry,Non-Fatal Injury,Pedestrian Collisions,Pedestrian,60 to 64,Major,0,North, , , , ,Vehicle turns left while ped crosses with ROW at inter.,Crossing with right of way,Normal, , , ,1,0,1,0,0,0,0,0,0,1,0,0,0,0
6000853484,2016,5,18,8,45,2,43.67918738,-79.42467127,St. Paul's (21),21,Wychwood (94),94,D13,Toronto East York,580 CHRISTIE ST, ,2 m East of,Minor Arterial,Mid-Block,At/Near Private Drive,No Control,Clear,Daylight,Dry,Non-Fatal Injury,Cyclist Collisions,Driver,30 to 34,,0,North,Delivery Van,Turning Left,Failed to Yield Right of Way,Other, , , , , , ,0,1,1,0,0,0,0,1,0,1,0,0,0,0
6000853484,2016,5,18,8,45,2,43.67918738,-79.42467127,St. Paul's (21),21,Wychwood (94),94,D13,Toronto East York,580 CHRISTIE ST, ,2 m East of,Minor Arterial,Mid-Block,At/Near Private Drive,No Control,Clear,Daylight,Dry,Non-Fatal Injury,Cyclist Collisions,Cyclist,20 to 24,Major,0,South,Bicycle,Going Ahead, , , , , ,Motorist turned left across cyclists path.,Driving Properly,Normal,0,1,1,0,0,0,0,1,0,1,0,0,0,0
6000853484,2016,5,18,8,45,2,43.67918738,-79.42467127,St. Paul's (21),21,Wychwood (94),94,D13,Toronto East York,580 CHRISTIE ST, ,2 m East of,Minor Arterial,Mid-Block,At/Near Private Drive,No Control,Clear,Daylight,Dry,Non-Fatal Injury,Cyclist Collisions,Passenger,30 to 34,,0, , , , , , , , , , , ,0,1,1,0,0,0,0,1,0,1,0,0,0,0
7000501083,2017,3,21,8,45,1,43.65097738,-79.34676729,Toronto-Danforth (30),30,South Riverdale (70),70,D55,Toronto East York,LAKESHORE BOULEVARD 552,DON ROADWAY,16 m East of,Major Arterial,Intersection,Intersection Related,Pedestrian Crossover,Clear,Daylight,Dry,Non-Fatal Injury,Cyclist Collisions,Cyclist,50 to 54,Major,0,South,Bicycle,Going Ahead, , , , , , ,Disobeyed Traffic Control,Inattentive,0,1,1,0,0,0,0,0,0,0,0,0,0,0
7000501083,2017,3,21,8,45,1,43.65097738,-79.34676729,Toronto-Danforth (30),30,South Riverdale (70),70,D55,Toronto East York,LAKESHORE BOULEVARD 552,DON ROADWAY,16 m East of,Major Arterial,Intersection,Intersection Related,Pedestrian Crossover,Clear,Daylight,Dry,Non-Fatal Injury,Cyclist Collisions,Driver,65 to 69,,0,East,"Automobile, Station Wagon",Going Ahead,Driving Properly,Normal, , , , , , ,0,1,1,0,0,0,0,0,0,0,0,0,0,0
1011408,2007,12,20,8,46,3,43.67754538,-79.35199029,Toronto-Danforth (30),30,North Riverdale (68),68,D55,Toronto East York,DANFORTH Aven,CHESTER Aven, ,Major Arterial,Intersection,At Intersection,Traffic Signal,Clear,Daylight,Wet,Non-Fatal Injury,Approaching,Driver,45 to 49,Major,0,West,"Automobile, Station Wagon",Going Ahead, , , , , , , , ,0,0,1,0,0,0,0,0,0,0,0,0,0,0
1371625,2013,6,18,8,46,1,43.79804538,-79.33359029,Scarborough-Agincourt (39),39,L'Amoreaux (117),117,D42,Scarborough,VICTORIA PARK AVE,MORECAMBE GT, ,Major Arterial,Intersection,At Intersection,Traffic Signal,Clear,Daylight,Dry,Non-Fatal Injury,Pedestrian Collisions,Driver,25 to 29,,0,North,"Automobile, Station Wagon",Going Ahead,Driving Properly,Normal, , , , , , ,1,0,1,0,0,0,0,0,0,0,0,0,0,0
1371625,2013,6,18,8,46,1,43.79804538,-79.33359029,Scarborough-Agincourt (39),39,L'Amoreaux (117),117,D42,Scarborough,VICTORIA PARK AVE,MORECAMBE GT, ,Major Arterial,Intersection,At Intersection,Traffic Signal,Clear,Daylight,Dry,Non-Fatal Injury,Pedestrian Collisions,Pedestrian,60 to 64,Major,0,West,Other, , , ,Vehicle is going straight thru inter.while ped cross without ROW,Crossing without right of way,Inattentive, , , ,1,0,1,0,0,0,0,0,0,0,0,0,0,0
7000433628,2017,3,10,8,46,4,43.77728613,-79.14653406,Scarborough East (44),44,Centennial Scarborough (133),133,D43,Scarborough,LAWRENCE AVE E,CENTENNIAL RD,17 m East of,Minor Arterial,Intersection,At Intersection,Traffic Signal,Clear,Daylight,Dry,Non-Fatal Injury,Rear End,Driver,85 to 89,Major,0,West,"Automobile, Station Wagon",Going Ahead,Lost control,Medical or Physical Disability, , , , , , ,0,0,1,0,0,0,0,1,0,0,0,0,1,0
7000433628,2017,3,10,8,46,4,43.77728613,-79.14653406,Scarborough East (44),44,Centennial Scarborough (133),133,D43,Scarborough,LAWRENCE AVE E,CENTENNIAL RD,17 m East of,Minor Arterial,Intersection,At Intersection,Traffic Signal,Clear,Daylight,Dry,Non-Fatal Injury,Rear End,Driver,35 to 39,,0,West,"Automobile, Station Wagon",Stopped,Driving Properly,Normal, , , , , , ,0,0,1,0,0,0,0,1,0,0,0,0,1,0
7000433628,2017,3,10,8,46,4,43.77728613,-79.14653406,Scarborough East (44),44,Centennial Scarborough (133),133,D43,Scarborough,LAWRENCE AVE E,CENTENNIAL RD,17 m East of,Minor Arterial,Intersection,At Intersection,Traffic Signal,Clear,Daylight,Dry,Non-Fatal Injury,Rear End,Passenger,45 to 49,Minor,0, , , , , , , , , , , ,0,0,1,0,0,0,0,1,0,0,0,0,1,0
7000433628,2017,3,10,8,46,4,43.77728613,-79.14653406,Scarborough East (44),44,Centennial Scarborough (133),133,D43,Scarborough,LAWRENCE AVE E,CENTENNIAL RD,17 m East of,Minor Arterial,Intersection,At Intersection,Traffic Signal,Clear,Daylight,Dry,Non-Fatal Injury,Rear End,Passenger,0 to 4,Minor,0, , , , , , , , , , , ,0,0,1,0,0,0,0,1,0,0,0,0,1,0
7001568713,2017,8,30,8,46,2,43.73412638,-79.61016429,Etobicoke North (1),1,West Humber-Clairville (1),1,D23,Etobicoke York,FINCH AVE W,HUMBER COLLEGE BLVD,23 m West of,Major Arterial,Mid-Block,Non Intersection,No Control,Clear,Daylight,Dry,Non-Fatal Injury,Rear End,Driver,25 to 29,Major,0,West,Pick Up Truck,Going Ahead,Lost control,Inattentive, , , , , , ,0,0,1,0,0,1,0,1,0,0,0,0,0,0
7001568713,2017,8,30,8,46,2,43.73412638,-79.61016429,Etobicoke North (1),1,West Humber-Clairville (1),1,D23,Etobicoke York,FINCH AVE W,HUMBER COLLEGE BLVD,23 m West of,Major Arterial,Mid-Block,Non Intersection,No Control,Clear,Daylight,Dry,Non-Fatal Injury,Rear End,Driver,55 to 59,,0,West,Municipal Transit Bus (TTC),Stopped,Driving Properly,Normal, , , , , , ,0,0,1,0,0,1,0,1,0,0,0,0,0,0
7001568713,2017,8,30,8,46,2,43.73412638,-79.61016429,Etobicoke North (1),1,West Humber-Clairville (1),1,D23,Etobicoke York,FINCH AVE W,HUMBER COLLEGE BLVD,23 m West of,Major Arterial,Mid-Block,Non Intersection,No Control,Clear,Daylight,Dry,Non-Fatal Injury,Rear End,Passenger,60 to 64,Minor,0, , , , , , , , , , , ,0,0,1,0,0,1,0,1,0,0,0,0,0,0
1215589,2011,2,1,8,47,1,43.73204538,-79.58939029,Etobicoke North (1),1,Mount Olive-Silverstone-Jamestown (2),2,D23,Etobicoke York,MARTIN GROVE RD,JOHN GARLAND BLVD, ,Major Arterial,Intersection,At Intersection,Traffic Signal,Snow,Daylight,Loose Snow,Non-Fatal Injury,Pedestrian Collisions,Vehicle Owner,unknown, ,0, ,Other, , , , , , , , , ,1,0,0,0,0,1,0,0,0,1,0,0,0,0
1215589,2011,2,1,8,47,1,43.73204538,-79.58939029,Etobicoke North (1),1,Mount Olive-Silverstone-Jamestown (2),2,D23,Etobicoke York,MARTIN GROVE RD,JOHN GARLAND BLVD, ,Major Arterial,Intersection,At Intersection,Traffic Signal,Snow,Daylight,Loose Snow,Non-Fatal Injury,Pedestrian Collisions,Driver,40 to 44,,0,East,Municipal Transit Bus (TTC),Turning Right,Failed to Yield Right of Way,Inattentive, , , , , , ,1,0,0,0,0,1,0,0,0,1,0,0,0,0
1215589,2011,2,1,8,47,1,43.73204538,-79.58939029,Etobicoke North (1),1,Mount Olive-Silverstone-Jamestown (2),2,D23,Etobicoke York,MARTIN GROVE RD,JOHN GARLAND BLVD, ,Major Arterial,Intersection,At Intersection,Traffic Signal,Snow,Daylight,Loose Snow,Non-Fatal Injury,Pedestrian Collisions,Pedestrian,10 to 14,Major,0,East,Other, , , ,Pedestrian involved in a collision with transit vehicle anywhere along roadway,Crossing with right of way,Normal, , , ,1,0,0,0,0,1,0,0,0,1,0,0,0,0
1250828,2011,7,16,8,47,5,43.80224538,-79.19829029,Scarborough-Rouge River (42),42,Rouge (131),131,D42,Scarborough,SHEPPARD Aven E,MORNINGSIDE Aven, ,Major Arterial,Mid-Block, ,No Control,Clear,Daylight,Dry,Non-Fatal Injury,Rear End,Driver,35 to 39,Minor,0,West,"Automobile, Station Wagon",Going Ahead,Driving Properly,Normal, , , , , , ,0,0,1,0,0,0,0,1,1,1,0,0,1,0
1250828,2011,7,16,8,47,5,43.80224538,-79.19829029,Scarborough-Rouge River (42),42,Rouge (131),131,D42,Scarborough,SHEPPARD Aven E,MORNINGSIDE Aven, ,Major Arterial,Mid-Block, ,No Control,Clear,Daylight,Dry,Non-Fatal Injury,Rear End,Driver,65 to 69,,0,West,"Automobile, Station Wagon",Going Ahead,Driving Properly,Normal, , , , , , ,0,0,1,0,0,0,0,1,1,1,0,0,1,0
1250828,2011,7,16,8,47,5,43.80224538,-79.19829029,Scarborough-Rouge River (42),42,Rouge (131),131,D42,Scarborough,SHEPPARD Aven E,MORNINGSIDE Aven, ,Major Arterial,Mid-Block, ,No Control,Clear,Daylight,Dry,Non-Fatal Injury,Rear End,Driver,45 to 49,Major,0,West,"Automobile, Station Wagon",Going Ahead,Lost control,Medical or Physical Disability, , , , , , ,0,0,1,0,0,0,0,1,1,1,0,0,1,0
1250828,2011,7,16,8,47,5,43.80224538,-79.19829029,Scarborough-Rouge River (42),42,Rouge (131),131,D42,Scarborough,SHEPPARD Aven E,MORNINGSIDE Aven, ,Major Arterial,Mid-Block, ,No Control,Clear,Daylight,Dry,Non-Fatal Injury,Rear End,Passenger,5 to 9,Minimal,0, ,Other, , , , , , , , , ,0,0,1,0,0,0,0,1,1,1,0,0,1,0
1250828,2011,7,16,8,47,5,43.80224538,-79.19829029,Scarborough-Rouge River (42),42,Rouge (131),131,D42,Scarborough,SHEPPARD Aven E,MORNINGSIDE Aven, ,Major Arterial,Mid-Block, ,No Control,Clear,Daylight,Dry,Non-Fatal Injury,Rear End,Driver,40 to 44,Minimal,0,West,"Automobile, Station Wagon",Going Ahead,Driving Properly,Normal, , , , , , ,0,0,1,0,0,0,0,1,1,1,0,0,1,0
1358953,2013,6,1,8,47,5,43.62886008,-79.5036355,Etobicoke-Lakeshore (5),5,Stonegate-Queensway (16),16,D22,Etobicoke York,ROYAL YORK RD,FRANKWOOD RD, ,Minor Arterial,Intersection, ,No Control,Clear,Daylight,Dry,Non-Fatal Injury,Pedestrian Collisions,Vehicle Owner,unknown, ,0, ,Other, , , , , , , , , ,1,0,1,0,0,0,0,0,0,0,0,0,0,0
1358953,2013,6,1,8,47,5,43.62886008,-79.5036355,Etobicoke-Lakeshore (5),5,Stonegate-Queensway (16),16,D22,Etobicoke York,ROYAL YORK RD,FRANKWOOD RD, ,Minor Arterial,Intersection, ,No Control,Clear,Daylight,Dry,Non-Fatal Injury,Pedestrian Collisions,Driver,55 to 59,,0,North,Taxi,Going Ahead,Driving Properly,Normal, , , , , , ,1,0,1,0,0,0,0,0,0,0,0,0,0,0
1358953,2013,6,1,8,47,5,43.62886008,-79.5036355,Etobicoke-Lakeshore (5),5,Stonegate-Queensway (16),16,D22,Etobicoke York,ROYAL YORK RD,FRANKWOOD RD, ,Minor Arterial,Intersection, ,No Control,Clear,Daylight,Dry,Non-Fatal Injury,Pedestrian Collisions,Pedestrian,80 to 84,Major,0,West,Other, , , ,Vehicle is going straight thru inter.while ped cross without ROW,"Crossing, no Traffic Control",Normal, , , ,1,0,1,0,0,0,0,0,0,0,0,0,0,0
1137620,2009,10,27,8,48,1,43.79224538,-79.44569029,York Centre (10),10,Newtonbrook West (36),36,D32,North York,BATHURST ST,STEELES AVE W, ,Major Arterial,Intersection,At Intersection,No Control,Clear,Daylight,Dry,Non-Fatal Injury,Pedestrian Collisions,Driver,45 to 49,,0,North,"Automobile, Station Wagon",Going Ahead,Driving Properly,Normal, , , , , , ,1,0,1,0,0,0,0,0,0,0,0,0,0,0
1137620,2009,10,27,8,48,1,43.79224538,-79.44569029,York Centre (10),10,Newtonbrook West (36),36,D32,North York,BATHURST ST,STEELES AVE W, ,Major Arterial,Intersection,At Intersection,No Control,Clear,Daylight,Dry,Non-Fatal Injury,Pedestrian Collisions,Pedestrian,35 to 39,Major,0,West,Other, , , ,Vehicle is going straight thru inter.while ped cross without ROW,Running onto Roadway,Normal, , , ,1,0,1,0,0,0,0,0,0,0,0,0,0,0
1199899,2010,10,4,8,48,0,43.69664538,-79.55169029,Etobicoke North (2),2,Kingsview Village-The Westway (6),6,D23,Etobicoke York,CHETTA PL,WINCOTT DR, ,Local,Mid-Block, ,No Control,Clear,Daylight,Dry,Non-Fatal Injury,Pedestrian Collisions,Vehicle Owner,unknown, ,0, ,Other, , , , , , , , , ,1,0,1,0,0,0,0,0,0,0,0,0,0,0
1199899,2010,10,4,8,48,0,43.69664538,-79.55169029,Etobicoke North (2),2,Kingsview Village-The Westway (6),6,D23,Etobicoke York,CHETTA PL,WINCOTT DR, ,Local,Mid-Block, ,No Control,Clear,Daylight,Dry,Non-Fatal Injury,Pedestrian Collisions,Driver,45 to 49,,0,West,"Automobile, Station Wagon",Going Ahead,Driving Properly,Normal, , , , , , ,1,0,1,0,0,0,0,0,0,0,0,0,0,0
1199899,2010,10,4,8,48,0,43.69664538,-79.55169029,Etobicoke North (2),2,Kingsview Village-The Westway (6),6,D23,Etobicoke York,CHETTA PL,WINCOTT DR, ,Local,Mid-Block, ,No Control,Clear,Daylight,Dry,Non-Fatal Injury,Pedestrian Collisions,Pedestrian - Not Hit,35 to 39,,0, ,Other, , , , , , , , , ,1,0,1,0,0,0,0,0,0,0,0,0,0,0
1199899,2010,10,4,8,48,0,43.69664538,-79.55169029,Etobicoke North (2),2,Kingsview Village-The Westway (6),6,D23,Etobicoke York,CHETTA PL,WINCOTT DR, ,Local,Mid-Block, ,No Control,Clear,Daylight,Dry,Non-Fatal Injury,Pedestrian Collisions,Pedestrian,5 to 9,Major,0,North,Other, , , ,Pedestrian hit at mid-block,Running onto Roadway,Inattentive, , , ,1,0,1,0,0,0,0,0,0,0,0,0,0,0
1317754,2012,9,24,8,48,0,43.65724538,-79.37349029,Toronto Centre-Rosedale (27),27,Moss Park (73),73,D51,Toronto East York,DUNDAS ST E,GEORGE ST, ,Major Arterial,Intersection,At Intersection,No Control,Clear,Daylight,Dry,Non-Fatal Injury,Other,Motorcycle Driver,60 to 64,Major,0,West,Motorcycle,Going Ahead,Driving Properly,Normal, , , , , , ,0,0,1,1,0,0,0,0,0,0,0,0,0,0
1317754,2012,9,24,8,48,0,43.65724538,-79.37349029,Toronto Centre-Rosedale (27),27,Moss Park (73),73,D51,Toronto East York,DUNDAS ST E,GEORGE ST, ,Major Arterial,Intersection,At Intersection,No Control,Clear,Daylight,Dry,Non-Fatal Injury,Other,Driver - Not Hit,unknown,,0, ,"Automobile, Station Wagon", , , , , , , , , ,0,0,1,1,0,0,0,0,0,0,0,0,0,0
7001555383,2017,8,28,8,49,0,43.63273199,-79.54344569,Etobicoke-Lakeshore (5),5,Islington-City Centre West (14),14,D22,Etobicoke York,5450 DUNDAS ST W, ,5 m South of,Major Arterial,Mid-Block,At/Near Private Drive,No Control,Clear,Daylight,Dry,Non-Fatal Injury,Pedestrian Collisions,Driver,30 to 34,,0,South,"Automobile, Station Wagon",Turning Left,Driving Properly,Inattentive, , , , , , ,1,0,1,0,0,0,0,0,0,0,0,0,0,0
7001555383,2017,8,28,8,49,0,43.63273199,-79.54344569,Etobicoke-Lakeshore (5),5,Islington-City Centre West (14),14,D22,Etobicoke York,5450 DUNDAS ST W, ,5 m South of,Major Arterial,Mid-Block,At/Near Private Drive,No Control,Clear,Daylight,Dry,Non-Fatal Injury,Pedestrian Collisions,Pedestrian,25 to 29,Major,0, , , , , ,Pedestrian hit at mid-block,"Crossing, no Traffic Control",Other, , , ,1,0,1,0,0,0,0,0,0,0,0,0,0,0
976566,2007,2,12,8,50,0,43.78344538,-79.26639029,Scarborough-Rouge River (41),41,Agincourt South-Malvern West (128),128,D42,Scarborough,BRIMLEY RD,PITFIELD RD, ,Major Arterial,Intersection,At Intersection,Traffic Signal,Snow,Daylight,Loose Snow,Non-Fatal Injury,Cyclist Collisions,Driver,unknown,,0,South,"Automobile, Station Wagon",Going Ahead,Driving Properly,Normal, , , , , , ,0,1,1,0,0,0,0,0,0,0,0,0,0,0
976566,2007,2,12,8,50,0,43.78344538,-79.26639029,Scarborough-Rouge River (41),41,Agincourt South-Malvern West (128),128,D42,Scarborough,BRIMLEY RD,PITFIELD RD, ,Major Arterial,Intersection,At Intersection,Traffic Signal,Snow,Daylight,Loose Snow,Non-Fatal Injury,Cyclist Collisions,Cyclist,40 to 44,Major,0,West,Bicycle,Going Ahead, , , , , ,"Motorist without ROW drives into path of cyclist at inter, lnwy, dwy-Driver not turn.",Failed to Yield Right of Way,Normal,0,1,1,0,0,0,0,0,0,0,0,0,0,0
1065141,2008,10,19,8,50,6,43.77954538,-79.25419029,Scarborough Centre (38),38,Woburn (137),137,D43,Scarborough,MCCOWAN RD,401 C E MCCOWAN RD RAMP, ,Major Arterial,Intersection,At Intersection,Traffic Signal,Clear,Daylight,Dry,Non-Fatal Injury,Pedestrian Collisions,Truck Driver,55 to 59,,0,South,Truck - Open,Going Ahead,Speed too Fast For Condition,Inattentive, , , , , , ,1,0,0,0,1,0,0,0,1,1,0,0,0,0
1065141,2008,10,19,8,50,6,43.77954538,-79.25419029,Scarborough Centre (38),38,Woburn (137),137,D43,Scarborough,MCCOWAN RD,401 C E MCCOWAN RD RAMP, ,Major Arterial,Intersection,At Intersection,Traffic Signal,Clear,Daylight,Dry,Non-Fatal Injury,Pedestrian Collisions,Other,60 to 64, ,0,South,Other,Parked, , , , , , , , ,1,0,0,0,1,0,0,0,1,1,0,0,0,0
1065141,2008,10,19,8,50,6,43.77954538,-79.25419029,Scarborough Centre (38),38,Woburn (137),137,D43,Scarborough,MCCOWAN RD,401 C E MCCOWAN RD RAMP, ,Major Arterial,Intersection,At Intersection,Traffic Signal,Clear,Daylight,Dry,Non-Fatal Injury,Pedestrian Collisions,Pedestrian,60 to 64,Major,0,Unknown,Other, , , ,Other / Undefined,Pushing/Working on Vehicle,Unknown, , , ,1,0,0,0,1,0,0,0,1,1,0,0,0,0
1088236,2009,1,12,8,50,0,43.79744538,-79.20479029,Scarborough-Rouge River (42),42,Malvern (132),132,D42,Scarborough,MILNER AVE,CINEMART DR, ,Minor Arterial,Intersection, ,Stop Sign,Clear,Daylight,Dry,Non-Fatal Injury,Turning Movement,Driver,45 to 49,Major,0,North,"Automobile, Station Wagon",Turning Left,Improper Turn,Normal, , , , , , ,0,0,1,0,0,0,0,1,0,0,0,0,0,0
1088236,2009,1,12,8,50,0,43.79744538,-79.20479029,Scarborough-Rouge River (42),42,Malvern (132),132,D42,Scarborough,MILNER AVE,CINEMART DR, ,Minor Arterial,Intersection, ,Stop Sign,Clear,Daylight,Dry,Non-Fatal Injury,Turning Movement,Passenger,unknown,Minor,0, ,Other, , , , , , , , , ,0,0,1,0,0,0,0,1,0,0,0,0,0,0
1088236,2009,1,12,8,50,0,43.79744538,-79.20479029,Scarborough-Rouge River (42),42,Malvern (132),132,D42,Scarborough,MILNER AVE,CINEMART DR, ,Minor Arterial,Intersection, ,Stop Sign,Clear,Daylight,Dry,Non-Fatal Injury,Turning Movement,Driver,15 to 19,,0,East,"Automobile, Station Wagon",Going Ahead,Driving Properly,Normal, , , , , , ,0,0,1,0,0,0,0,1,0,0,0,0,0,0
6001035774,2016,6,14,14,15,1,43.64069327,-79.39228449,Trinity-Spadina (20),20,Waterfront Communities-The Island (77),77,D52,Toronto East York,BREMNER BLVD,SPADINA AVE, ,Minor Arterial,Mid-Block,Non Intersection,No Control,Clear,Daylight,Dry,Fatal,Pedestrian Collisions,Driver,45 to 49,,0,West,"Automobile, Station Wagon",Going Ahead,Lost control,Inattentive, , , , , , ,1,0,1,0,0,0,0,0,1,1,0,0,0,1
6001035774,2016,6,14,14,15,1,43.64069327,-79.39228449,Trinity-Spadina (20),20,Waterfront Communities-The Island (77),77,D52,Toronto East York,BREMNER BLVD,SPADINA AVE, ,Minor Arterial,Mid-Block,Non Intersection,No Control,Clear,Daylight,Dry,Fatal,Pedestrian Collisions,Pedestrian,35 to 39,Fatal,36,Unknown, , , , ,Pedestrian hit on sidewalk or shoulder,On Sidewalk or Shoulder,Unknown, , , ,1,0,1,0,0,0,0,0,1,1,0,0,0,1