ACCNUM,YEAR,MONTH,DAY,HOUR,MINUTES,WEEKDAY,LATITUDE,LONGITUDE,Ward_Name,Ward_ID,Hood_Name,Hood_ID,Division,District,STREET1,STREET2,OFFSET,ROAD_CLASS,LOCCOORD,ACCLOC,TRAFFCTL,VISIBILITY,LIGHT,RDSFCOND,ACCLASS,IMPACTYPE,INVTYPE,INVAGE,INJURY,FATAL_NO,INITDIR,VEHTYPE,MANOEUVER,DRIVACT,DRIVCOND,PEDTYPE,PEDACT,PEDCOND,CYCLISTYPE,CYCACT,CYCCOND,PEDESTRIAN,CYCLIST,AUTOMOBILE,MOTORCYCLE,TRUCK,TRSN_CITY_VEH,EMERG_VEH,PASSENGER,SPEEDING,AG_DRIV,REDLIGHT,ALCOHOL,DISABILITY,label
1056886,2008,9,4,14,50,3,43.690044,-79.40288935,St. Paul's (22),22,Casa Loma (96),96,D53,Toronto East York,AVENUE RD,HEATH ST W, ,Major Arterial,Mid-Block, ,No Control,Clear,Daylight,Dry,Non-Fatal Injury,Cyclist Collisions,Cyclist,35 to 39,Major,0,East,Police Vehicle,Going Ahead, , , , , ,Cyclist and Driver travelling in same direction. One vehicle sideswipes the other.,Driving Properly,Normal,0,1,1,0,0,0,1,0,0,1,0,0,0,0
6002081357,2016,11,23,15,15,2,43.65576132,-79.59836207,Etobicoke Centre (3),3,Eringate-Centennial-West Deane (11),11,D22,Etobicoke York,CENTENNIAL PARK BLVD,EGLINTON AVE W, ,Major Arterial,Intersection,At Intersection,Traffic Signal,Clear,Daylight,Dry,Non-Fatal Injury,Turning Movement,Driver,55 to 59,,0,South,"Automobile, Station Wagon",Going Ahead,Driving Properly,Normal, , , , , , ,0,0,1,0,0,0,0,0,0,0,0,0,0,0
7000155315,2017,1,25,14,40,2,43.75201758,-79.54233179,York West (7),7,Humbermede (22),22,D31,Etobicoke York,FINCH AVE W,WESTON RD, ,Major Arterial,Intersection,At Intersection,Traffic Signal,Clear,Daylight,Wet,Fatal,Angle,Driver,85 to 89,Fatal,6,South,"Automobile, Station Wagon",Going Ahead,Lost control,Medical or Physical Disability, , , , , , ,0,0,1,0,0,0,0,0,0,0,0,0,1,1
1318483,2012,10,5,14,55,4,43.67024538,-79.49319029,York South-Weston (11),11,Rockcliffe-Smythe (111),111,D12,Etobicoke York,JANE ST,CORBETT AVE, ,Major Arterial,Intersection, ,No Control,Clear,Daylight,Dry,Fatal,SMV Other,Driver,30 to 34,,0,North,"Automobile, Station Wagon",Changing Lanes,Improper Lane Change,Normal, , , , , , ,0,0,1,1,0,0,0,0,0,0,0,0,0,1
1105521,2009,5,22,15,25,4,43.65594538,-79.35769029,Toronto Centre-Rosedale (28),28,Moss Park (73),73,D51,Toronto East York,KING Stre E,ASHBY Plac, ,Major Arterial,Intersection, ,No Control,Clear,Daylight,Dry,Non-Fatal Injury,Pedestrian Collisions,Pedestrian,45 to 49,Major,0, ,Other,Other, , ,Vehicle is going straight thru inter.while ped cross without ROW,Walking on Roadway Against Traffic,Had Been Drinking, , , ,1,0,1,0,0,0,0,0,0,0,0,0,0,0
1298987,2012,6,14,15,8,3,43.64654538,-79.36659029,Toronto Centre-Rosedale (28),28,Waterfront Communities-The Island (77),77,D51,Toronto East York,F G GARDINER XY  W,LOWER SHERBOURNE ST, ,Expressway,Mid-Block, ,No Control,Clear,Daylight,Dry,Non-Fatal Injury,Sideswipe,Driver,65 to 69,Major,0,West,"Automobile, Station Wagon",Changing Lanes,Improper Lane Change,Inattentive, , , , , , ,0,0,1,0,0,0,0,0,0,0,0,0,0,0
6001035774,2016,6,14,14,15,1,43.64069327,-79.39228449,Trinity-Spadina (20),20,Waterfront Communities-The Island (77),77,D52,Toronto East York,BREMNER BLVD,SPADINA AVE, ,Minor Arterial,Mid-Block,Non Intersection,No Control,Clear,Daylight,Dry,Fatal,Pedestrian Collisions,Pedestrian,35 to 39,Minimal,0,Unknown, , , , ,Pedestrian hit on sidewalk or shoulder,On Sidewalk or Shoulder,Unknown, , , ,1,0,1,0,0,0,0,0,1,1,0,0,0,1
7000200382,2017,2,1,14,15,2,43.79479559,-79.19647608,Scarborough East (44),44,Highland Creek (134),134,D43,Scarborough,MORNINGSIDE AVE,401 C E MORNINGSIDE AVE S RAMP, ,Expressway Ramp,Intersection,At Intersection,Traffic Signal,Clear,Daylight,Dry,Non-Fatal Injury,Pedestrian Collisions,Driver,45 to 49,Major,0,East,"Automobile, Station Wagon",Going Ahead,Failed to Yield Right of Way,Inattentive, , , , , , ,1,0,1,0,0,0,0,0,0,1,0,0,0,0
7000200382,2017,2,1,14,15,2,43.79479559,-79.19647608,Scarborough East (44),44,Highland Creek (134),134,D43,Scarborough,MORNINGSIDE AVE,401 C E MORNINGSIDE AVE S RAMP, ,Expressway Ramp,Intersection,At Intersection,Traffic Signal,Clear,Daylight,Dry,Non-Fatal Injury,Pedestrian Collisions,Pedestrian,20 to 24,Minor,0,North, , , , ,Vehicle is going straight thru inter.while ped cross with ROW,Crossing with right of way,Normal, , , ,1,0,1,0,0,0,0,0,0,1,0,0,0,0
1310131,2012,7,13,14,16,4,43.72064538,-79.50989029,York West (7),7,Downsview-Roding-CFB (26),26,D31,Etobicoke York,1591 WILSON AVE, , ,Major Arterial,Mid-Block, ,No Control,Clear,Daylight,Dry,Non-Fatal Injury,Pedestrian Collisions,Vehicle Owner,unknown, ,0, ,Other, , , , , , , , , ,1,0,1,0,0,0,0,0,0,1,0,0,0,0
1310131,2012,7,13,14,16,4,43.72064538,-79.50989029,York West (7),7,Downsview-Roding-CFB (26),26,D31,Etobicoke York,1591 WILSON AVE, , ,Major Arterial,Mid-Block, ,No Control,Clear,Daylight,Dry,Non-Fatal Injury,Pedestrian Collisions,Driver,unknown,,0,North,"Automobile, Station Wagon",Going Ahead,Failed to Yield Right of Way,Inattentive, , , , , , ,1,0,1,0,0,0,0,0,0,1,0,0,0,0
1310131,2012,7,13,14,16,4,43.72064538,-79.50989029,York West (7),7,Downsview-Roding-CFB (26),26,D31,Etobicoke York,1591 WILSON AVE, , ,Major Arterial,Mid-Block, ,No Control,Clear,Daylight,Dry,Non-Fatal Injury,Pedestrian Collisions,Pedestrian,50 to 54,Major,0,South,Other, , , ,Pedestrian hit at private driveway,Other,Normal, , , ,1,0,1,0,0,0,0,0,0,1,0,0,0,0
1287004,2012,1,26,14,17,3,43.67594538,-79.35989029,Toronto-Danforth (30),30,North Riverdale (68),68,D55,Toronto East York,DANFORTH AVE,ROYAL DR, ,Major Arterial,Mid-Block, ,No Control,Rain,Daylight,Wet,Non-Fatal Injury,Cyclist Collisions,Vehicle Owner,unknown, ,0, ,Other, , , , , , , , , ,0,1,1,0,0,0,0,0,0,0,0,0,0,0
1287004,2012,1,26,14,17,3,43.67594538,-79.35989029,Toronto-Danforth (30),30,North Riverdale (68),68,D55,Toronto East York,DANFORTH AVE,ROYAL DR, ,Major Arterial,Mid-Block, ,No Control,Rain,Daylight,Wet,Non-Fatal Injury,Cyclist Collisions,Driver,50 to 54,,0,East,"Automobile, Station Wagon",Going Ahead,Driving Properly,Normal, , , , , , ,0,1,1,0,0,0,0,0,0,0,0,0,0,0
1287004,2012,1,26,14,17,3,43.67594538,-79.35989029,Toronto-Danforth (30),30,North Riverdale (68),68,D55,Toronto East York,DANFORTH AVE,ROYAL DR, ,Major Arterial,Mid-Block, ,No Control,Rain,Daylight,Wet,Non-Fatal Injury,Cyclist Collisions,Cyclist,20 to 24,Major,0,East,Bicycle,Changing Lanes, , , , , ,Cyclist and Driver travelling in same direction. One vehicle sideswipes the other.,Following too Close,Normal,0,1,1,0,0,0,0,0,0,0,0,0,0,0
1098480,2009,4,8,14,18,2,43.65974386,-79.51008997,Etobicoke-Lakeshore (5),5,Kingsway South (15),15,D22,Etobicoke York,552 PRINCE EDWARD DR N, , ,Collector,Mid-Block, ,No Control,Clear,Daylight,Dry,Non-Fatal Injury,Pedestrian Collisions,Vehicle Owner,unknown, ,0, ,Other, , , , , , , , , ,1,0,1,0,0,0,0,0,0,0,0,0,0,0
1278086,2012,1,30,14,28,0,43.76434668,-79.57489405,York West (7),7,Humber Summit (21),21,D31,Etobicoke York,STEELES AVE W,ISLINGTON AVE, ,Major Arterial,Intersection,At Intersection,Traffic Signal,Clear,Daylight,Dry,Fatal,Turning Movement,Driver,75 to 79,Fatal,6,West,"Automobile, Station Wagon",Turning Left,Lost control,Medical or Physical Disability, , , , , , ,0,0,1,0,0,0,0,0,0,0,0,0,1,1
1297568,2012,4,10,14,35,1,43.77524538,-79.41439029,Willowdale (23),23,Willowdale East (51),51,D32,North York,YONGE ST,NORTHTOWN WAY, ,Major Arterial,Intersection, ,No Control,Clear,Daylight,Dry,Non-Fatal Injury,Pedestrian Collisions,Driver,35 to 39,,0,North,"Automobile, Station Wagon",Going Ahead,Driving Properly,Normal, , , , , , ,1,0,1,0,0,0,0,0,0,0,0,0,0,0
1098480,2009,4,8,14,18,2,43.65974386,-79.51008997,Etobicoke-Lakeshore (5),5,Kingsway South (15),15,D22,Etobicoke York,552 PRINCE EDWARD DR N, , ,Collector,Mid-Block, ,No Control,Clear,Daylight,Dry,Non-Fatal Injury,Pedestrian Collisions,Driver,30 to 34,,0,South,"Automobile, Station Wagon",Going Ahead,Driving Properly,Normal, , , , , , ,1,0,1,0,0,0,0,0,0,0,0,0,0,0
1098480,2009,4,8,14,18,2,43.65974386,-79.51008997,Etobicoke-Lakeshore (5),5,Kingsway South (15),15,D22,Etobicoke York,552 PRINCE EDWARD DR N, , ,Collector,Mid-Block, ,No Control,Clear,Daylight,Dry,Non-Fatal Injury,Pedestrian Collisions,Wheelchair,65 to 69,Major,0,North,Other,Going Ahead, , ,Pedestrian hit at mid-block,On Sidewalk or Shoulder, , , , ,1,0,1,0,0,0,0,0,0,0,0,0,0,0
1130411,2009,9,19,14,18,5,43.76034538,-79.30449029,Scarborough Centre (37),37,Wexford/Maryvale (119),119,D41,Scarborough,ELLESMERE RD,DEWEY DR, ,Major Arterial,Intersection,At Intersection,Stop Sign,Clear,Daylight,Dry,Fatal,Turning Movement,Driver,30 to 34,,0,East,"Automobile, Station Wagon",Going Ahead,Driving Properly,Normal, , , , , , ,0,0,1,0,0,0,0,0,0,1,0,0,0,1
1130411,2009,9,19,14,18,5,43.76034538,-79.30449029,Scarborough Centre (37),37,Wexford/Maryvale (119),119,D41,Scarborough,ELLESMERE RD,DEWEY DR, ,Major Arterial,Intersection,At Intersection,Stop Sign,Clear,Daylight,Dry,Fatal,Turning Movement,Driver,85 to 89,Fatal,28,North,"Automobile, Station Wagon",Turning Left,Failed to Yield Right of Way,Inattentive, , , , , , ,0,0,1,0,0,0,0,0,0,1,0,0,0,1
1351180,2013,4,10,14,19,2,43.73354538,-79.48369029,York Centre (9),9,Downsview-Roding-CFB (26),26,D31,North York,KEELE St,CALVINGTON Dr, ,Major Arterial,Intersection,At Intersection,Traffic Signal,Rain,Daylight,Wet,Non-Fatal Injury,Turning Movement,Driver,65 to 69,Major,0,North,"Automobile, Station Wagon",Unknown,Exceeding Speed Limit,Unknown, , , , , , ,0,0,1,0,0,0,0,0,1,1,0,0,0,0
1351180,2013,4,10,14,19,2,43.73354538,-79.48369029,York Centre (9),9,Downsview-Roding-CFB (26),26,D31,North York,KEELE St,CALVINGTON Dr, ,Major Arterial,Intersection,At Intersection,Traffic Signal,Rain,Daylight,Wet,Non-Fatal Injury,Turning Movement,Driver,65 to 69,Minor,0,East,"Automobile, Station Wagon",Turning Right,Driving Properly,Normal, , , , , , ,0,0,1,0,0,0,0,0,1,1,0,0,0,0
5002065903,2015,12,2,14,19,2,43.71924933,-79.42981348,Eglinton-Lawrence (15),15,Bedford Park-Nortown (39),39,D53,North York,LAWRENCE AVE W,BATHURST ST,1 m West of,Major Arterial,Intersection,Intersection Related,Traffic Signal,Clear,Daylight,Dry,Fatal,Pedestrian Collisions,Driver,45 to 49,,0,East,"Automobile, Station Wagon",Turning Left,Failed to Yield Right of Way,Inattentive, , , , , , ,1,0,1,0,0,0,0,0,0,1,0,0,0,1
5002065903,2015,12,2,14,19,2,43.71924933,-79.42981348,Eglinton-Lawrence (15),15,Bedford Park-Nortown (39),39,D53,North York,LAWRENCE AVE W,BATHURST ST,1 m West of,Major Arterial,Intersection,Intersection Related,Traffic Signal,Clear,Daylight,Dry,Fatal,Pedestrian Collisions,Pedestrian,90 to 94,Fatal,62,North, , , , ,Vehicle turns left while ped crosses without ROW at inter.,Crossing without right of way,Inattentive, , , ,1,0,1,0,0,0,0,0,0,1,0,0,0,1
977112,2007,6,13,14,20,2,43.66864538,-79.38609029,Toronto Centre-Rosedale (27),27,Church-Yonge Corridor (75),75,D51,Toronto East York,CHARLES ST E,YONGE ST, ,Major Arterial,Intersection,At Intersection,Traffic Signal,Clear,Daylight,Dry,Non-Fatal Injury,Pedestrian Collisions,Pedestrian,70 to 74,Minor,0,North,Other, , , ,Pedestrian hit on sidewalk or shoulder,On Sidewalk or Shoulder,Normal, , , ,1,0,1,0,0,0,0,0,0,0,0,0,0,0
977112,2007,6,13,14,20,2,43.66864538,-79.38609029,Toronto Centre-Rosedale (27),27,Church-Yonge Corridor (75),75,D51,Toronto East York,CHARLES ST E,YONGE ST, ,Major Arterial,Intersection,At Intersection,Traffic Signal,Clear,Daylight,Dry,Non-Fatal Injury,Pedestrian Collisions,Pedestrian,65 to 69,Minor,0,North,Other, , , ,Pedestrian hit on sidewalk or shoulder,On Sidewalk or Shoulder,Normal, , , ,1,0,1,0,0,0,0,0,0,0,0,0,0,0
977112,2007,6,13,14,20,2,43.66864538,-79.38609029,Toronto Centre-Rosedale (27),27,Church-Yonge Corridor (75),75,D51,Toronto East York,CHARLES ST E,YONGE ST, ,Major Arterial,Intersection,At Intersection,Traffic Signal,Clear,Daylight,Dry,Non-Fatal Injury,Pedestrian Collisions,Driver,35 to 39,Major,0,West,"Automobile, Station Wagon",Making U Turn,Lost control,Unknown, , , , , , ,1,0,1,0,0,0,0,0,0,0,0,0,0,0
977112,2007,6,13,14,20,2,43.66864538,-79.38609029,Toronto Centre-Rosedale (27),27,Church-Yonge Corridor (75),75,D51,Toronto East York,CHARLES ST E,YONGE ST, ,Major Arterial,Intersection,At Intersection,Traffic Signal,Clear,Daylight,Dry,Non-Fatal Injury,Pedestrian Collisions,Vehicle Owner,unknown,,0, ,Other,Making U Turn, , , , , , , , ,1,0,1,0,0,0,0,0,0,0,0,0,0,0
1083896,2009,1,24,14,20,5,43.64854538,-79.34499029,Toronto-Danforth (30),30,South Riverdale (70),70,D55,Toronto East York,COMMISSIONERS Stre,DON ROADWAY, ,Collector, , ,No Control,Clear,Daylight,Dry,Non-Fatal Injury,SMV Other,Driver,25 to 29,,0,West,"Automobile, Station Wagon",Going Ahead, , , , , , , , ,0,0,1,0,0,0,0,1,0,0,0,0,0,0
1083896,2009,1,24,14,20,5,43.64854538,-79.34499029,Toronto-Danforth (30),30,South Riverdale (70),70,D55,Toronto East York,COMMISSIONERS Stre,DON ROADWAY, ,Collector, , ,No Control,Clear,Daylight,Dry,Non-Fatal Injury,SMV Other,Passenger,25 to 29,Major,0, ,Other,Other, , , , , , , , ,0,0,1,0,0,0,0,1,0,0,0,0,0,0
1144503,2009,12,29,14,20,1,43.65814538,-79.35969029,Toronto Centre-Rosedale (28),28,Regent Park (72),72,D51,Toronto East York,SHUTER ST,SUMACH ST, ,Minor Arterial,Intersection,At Intersection,Pedestrian Crossover,Clear,Daylight,Dry,Non-Fatal Injury,Pedestrian Collisions,Vehicle Owner,unknown, ,0, ,Other, , , , , , , , , ,1,0,1,0,0,0,0,0,0,1,0,0,0,0
1144503,2009,12,29,14,20,1,43.65814538,-79.35969029,Toronto Centre-Rosedale (28),28,Regent Park (72),72,D51,Toronto East York,SHUTER ST,SUMACH ST, ,Minor Arterial,Intersection,At Intersection,Pedestrian Crossover,Clear,Daylight,Dry,Non-Fatal Injury,Pedestrian Collisions,Driver,45 to 49,,0,West,"Automobile, Station Wagon",Going Ahead,Failed to Yield Right of Way,Normal, , , , , , ,1,0,1,0,0,0,0,0,0,1,0,0,0,0
1144503,2009,12,29,14,20,1,43.65814538,-79.35969029,Toronto Centre-Rosedale (28),28,Regent Park (72),72,D51,Toronto East York,SHUTER ST,SUMACH ST, ,Minor Arterial,Intersection,At Intersection,Pedestrian Crossover,Clear,Daylight,Dry,Non-Fatal Injury,Pedestrian Collisions,Pedestrian,0 to 4,Major,0,North,Other, , , ,Pedestrian hit a PXO/ped. Mid-block signal,"Crossing, Pedestrian Crossover",Unknown, , , ,1,0,1,0,0,0,0,0,0,1,0,0,0,0
1183681,2010,7,6,14,20,1,43.65644538,-79.37709029,Toronto Centre-Rosedale (27),27,Church-Yonge Corridor (75),75,D51,Toronto East York,DUNDAS St E,CHURCH St, ,Major Arterial,Intersection,At Intersection,Traffic Signal,Clear,Daylight,Dry,Non-Fatal Injury,Cyclist Collisions,Driver,50 to 54,,0,East,"Automobile, Station Wagon",Turning Right,Improper Turn,Normal, , , , , , ,0,1,1,0,0,0,0,0,0,0,0,0,0,0
1183681,2010,7,6,14,20,1,43.65644538,-79.37709029,Toronto Centre-Rosedale (27),27,Church-Yonge Corridor (75),75,D51,Toronto East York,DUNDAS St E,CHURCH St, ,Major Arterial,Intersection,At Intersection,Traffic Signal,Clear,Daylight,Dry,Non-Fatal Injury,Cyclist Collisions,Cyclist,50 to 54,Major,0,East,Bicycle,Going Ahead, , , , , ,Motorist turning right on green or amber at signalized intersection strikes cyclist.,Driving Properly,Normal,0,1,1,0,0,0,0,0,0,0,0,0,0,0
1186961,2010,7,29,14,20,3,43.67554538,-79.39689029,Toronto Centre-Rosedale (27),27,Annex (95),95,D53,Toronto East York,AVENUE RD,PEARS AVE, ,Major Arterial,Intersection,At Intersection,No Control,Clear,Daylight,Dry,Non-Fatal Injury,Rear End,Vehicle Owner,unknown, ,0, ,Other, , , , , , , , , ,0,0,1,0,0,0,0,0,0,1,0,0,0,0
1186961,2010,7,29,14,20,3,43.67554538,-79.39689029,Toronto Centre-Rosedale (27),27,Annex (95),95,D53,Toronto East York,AVENUE RD,PEARS AVE, ,Major Arterial,Intersection,At Intersection,No Control,Clear,Daylight,Dry,Non-Fatal Injury,Rear End,Driver,25 to 29,,0,North,"Automobile, Station Wagon",Going Ahead,Following too Close,Inattentive, , , , , , ,0,0,1,0,0,0,0,0,0,1,0,0,0,0
1186961,2010,7,29,14,20,3,43.67554538,-79.39689029,Toronto Centre-Rosedale (27),27,Annex (95),95,D53,Toronto East York,AVENUE RD,PEARS AVE, ,Major Arterial,Intersection,At Intersection,No Control,Clear,Daylight,Dry,Non-Fatal Injury,Rear End,Driver,40 to 44,Major,0,North,"Automobile, Station Wagon",Stopped,Driving Properly,Normal, , , , , , ,0,0,1,0,0,0,0,0,0,1,0,0,0,0
1373423,2013,6,22,14,20,5,43.64034538,-79.38319029,Trinity-Spadina (20),20,Waterfront Communities-The Island (77),77,D52,Toronto East York,LAKE SHORE BLVD W,LOWER SIMCOE ST, ,Expressway,Intersection, ,Traffic Signal,Rain,Daylight,Wet,Non-Fatal Injury,Pedestrian Collisions,Driver,35 to 39,Minimal,0,East,"Automobile, Station Wagon",Going Ahead,Lost control,Inattentive, , , , , , ,1,0,1,0,0,0,0,0,0,0,0,0,0,0
1373423,2013,6,22,14,20,5,43.64034538,-79.38319029,Trinity-Spadina (20),20,Waterfront Communities-The Island (77),77,D52,Toronto East York,LAKE SHORE BLVD W,LOWER SIMCOE ST, ,Expressway,Intersection, ,Traffic Signal,Rain,Daylight,Wet,Non-Fatal Injury,Pedestrian Collisions,Driver,35 to 39,Major,0,East,"Automobile, Station Wagon",Stopped,Driving Properly,Normal, , , , , , ,1,0,1,0,0,0,0,0,0,0,0,0,0,0
1373423,2013,6,22,14,20,5,43.64034538,-79.38319029,Trinity-Spadina (20),20,Waterfront Communities-The Island (77),77,D52,Toronto East York,LAKE SHORE BLVD W,LOWER SIMCOE ST, ,Expressway,Intersection, ,Traffic Signal,Rain,Daylight,Wet,Non-Fatal Injury,Pedestrian Collisions,Pedestrian,unknown,Minimal,0,North,Other, , , ,Vehicle is going straight thru inter.while ped cross with ROW,Crossing with right of way,Normal, , , ,1,0,1,0,0,0,0,0,0,0,0,0,0,0
1373423,2013,6,22,14,20,5,43.64034538,-79.38319029,Trinity-Spadina (20),20,Waterfront Communities-The Island (77),77,D52,Toronto East York,LAKE SHORE BLVD W,LOWER SIMCOE ST, ,Expressway,Intersection, ,Traffic Signal,Rain,Daylight,Wet,Non-Fatal Injury,Pedestrian Collisions,Pedestrian,25 to 29,Minimal,0,North,Other, , , ,Vehicle is going straight thru inter.while ped cross with ROW,Crossing with right of way,Normal, , , ,1,0,1,0,0,0,0,0,0,0,0,0,0,0
1373423,2013,6,22,14,20,5,43.64034538,-79.38319029,Trinity-Spadina (20),20,Waterfront Communities-The Island (77),77,D52,Toronto East York,LAKE SHORE BLVD W,LOWER SIMCOE ST, ,Expressway,Intersection, ,Traffic Signal,Rain,Daylight,Wet,Non-Fatal Injury,Pedestrian Collisions,Pedestrian,20 to 24,Minor,0,North,Other, , , ,Vehicle is going straight thru inter.while ped cross with ROW,Crossing with right of way,Normal, , , ,1,0,1,0,0,0,0,0,0,0,0,0,0,0
143380193,2014,11,27,14,20,3,43.6555744,-79.41201411,Trinity-Spadina (19),19,Trinity-Bellwoods (81),81,D14,Toronto East York,549 COLLEGE ST, , ,Major Arterial,Mid-Block, ,No Control,Clear,Daylight,Dry,Fatal,SMV Other,Passenger,90 to 94,Fatal,45, , , , , , , , , , , ,0,0,1,0,0,0,0,1,0,0,0,0,0,1
143380193,2014,11,27,14,20,3,43.6555744,-79.41201411,Trinity-Spadina (19),19,Trinity-Bellwoods (81),81,D14,Toronto East York,549 COLLEGE ST, , ,Major Arterial,Mid-Block, ,No Control,Clear,Daylight,Dry,Fatal,SMV Other,Driver,65 to 69,Minimal,0,North,"Automobile, Station Wagon",Going Ahead,Lost control,Inattentive, , , , , , ,0,0,1,0,0,0,0,1,0,0,0,0,0,1
143380193,2014,11,27,14,20,3,43.6555744,-79.41201411,Trinity-Spadina (19),19,Trinity-Bellwoods (81),81,D14,Toronto East York,549 COLLEGE ST, , ,Major Arterial,Mid-Block, ,No Control,Clear,Daylight,Dry,Fatal,SMV Other,Passenger,65 to 69,Minor,0, , , , , , , , , , , ,0,0,1,0,0,0,0,1,0,0,0,0,0,1
5000891503,2015,5,28,14,20,3,43.64129599,-79.40163813,Trinity-Spadina (20),20,Waterfront Communities-The Island (77),77,D14,Toronto East York,BATHURST ST,FRONT ST W,25 m South of,Major Arterial,Mid-Block,Non Intersection,No Control,Clear,Daylight,Dry,Non-Fatal Injury,Cyclist Collisions,Cyclist,45 to 49,Major,0,North,Bicycle,Going Ahead, , , , , ,Insufficient information (to determine cyclist crash type).,Other,Had Been Drinking,0,1,1,0,0,0,0,0,0,0,0,0,0,0
5000891503,2015,5,28,14,20,3,43.64129599,-79.40163813,Trinity-Spadina (20),20,Waterfront Communities-The Island (77),77,D14,Toronto East York,BATHURST ST,FRONT ST W,25 m South of,Major Arterial,Mid-Block,Non Intersection,No Control,Clear,Daylight,Dry,Non-Fatal Injury,Cyclist Collisions,Driver,50 to 54,,0,South,"Automobile, Station Wagon",Going Ahead,Driving Properly,Normal, , , , , , ,0,1,1,0,0,0,0,0,0,0,0,0,0,0
5001377095,2015,8,11,14,20,1,43.81822546,-79.28409968,Scarborough-Rouge River (41),41,Milliken (130),130,D42,Scarborough,71 MCCOOL CRT, , ,Local,Mid-Block,Non Intersection,No Control,Clear,Daylight,Dry,Non-Fatal Injury,SMV Unattended Vehicle,Motorcycle Driver,20 to 24,Major,0,East,Motorcycle,Going Ahead,Lost control,Normal, , , , , , ,0,0,0,1,0,0,0,0,0,0,0,0,0,0
1033955,2008,3,29,14,22,5,43.70084538,-79.42639029,St. Paul's (21),21,Forest Hill North (102),102,D13,Toronto East York,EGLINTON AVE W,PEVERIL HILL  N, ,Major Arterial,Mid-Block, ,No Control,Clear,Daylight,Dry,Non-Fatal Injury,Pedestrian Collisions,Driver,65 to 69,,0,East,"Automobile, Station Wagon",Going Ahead,Driving Properly,Normal, , , , , , ,1,0,1,0,0,0,0,0,0,0,0,0,0,0
1033955,2008,3,29,14,22,5,43.70084538,-79.42639029,St. Paul's (21),21,Forest Hill North (102),102,D13,Toronto East York,EGLINTON AVE W,PEVERIL HILL  N, ,Major Arterial,Mid-Block, ,No Control,Clear,Daylight,Dry,Non-Fatal Injury,Pedestrian Collisions,Pedestrian,40 to 44,Major,0,South,Other, , , ,Pedestrian hit at mid-block,Running onto Roadway,Unknown, , , ,1,0,1,0,0,0,0,0,0,0,0,0,0,0
1362376,2013,5,8,14,23,2,43.70434538,-79.40959029,St. Paul's (22),22,Yonge-Eglinton (100),100,D53,Toronto East York,EGLINTON AVE W,BRAEMAR AVE, ,Major Arterial,Intersection,At Intersection,No Control,Clear,Daylight,Dry,Non-Fatal Injury,Turning Movement,Vehicle Owner,unknown, ,0, ,Other, , , , , , , , , ,0,0,1,1,0,0,0,0,0,1,0,0,0,0
1362376,2013,5,8,14,23,2,43.70434538,-79.40959029,St. Paul's (22),22,Yonge-Eglinton (100),100,D53,Toronto East York,EGLINTON AVE W,BRAEMAR AVE, ,Major Arterial,Intersection,At Intersection,No Control,Clear,Daylight,Dry,Non-Fatal Injury,Turning Movement,Driver,20 to 24,,0,West,"Automobile, Station Wagon",Turning Left,Driving Properly,Normal, , , , , , ,0,0,1,1,0,0,0,0,0,1,0,0,0,0
1362376,2013,5,8,14,23,2,43.70434538,-79.40959029,St. Paul's (22),22,Yonge-Eglinton (100),100,D53,Toronto East York,EGLINTON AVE W,BRAEMAR AVE, ,Major Arterial,Intersection,At Intersection,No Control,Clear,Daylight,Dry,Non-Fatal Injury,Turning Movement,Motorcycle Driver,20 to 24,Major,0,East,Motorcycle,Going Ahead,Improper Passing,Inattentive, , , , , , ,0,0,1,1,0,0,0,0,0,1,0,0,0,0
3001054757,2013,11,28,14,23,3,43.63510092,-79.56191645,Etobicoke Centre (3),3,Markland Wood (12),12,D22,Etobicoke York,295 THE WEST MALL, , ,Minor Arterial,Mid-Block,Non Intersection,No Control,Clear,Daylight,Dry,Non-Fatal Injury,SMV Other,Driver,80 to 84,Major,0,North,"Automobile, Station Wagon",Going Ahead,Lost control,Unknown, , , , , , ,0,0,1,0,0,0,0,0,0,0,0,0,0,0
5000992370,2015,6,13,14,23,5,43.78668555,-79.38432703,Willowdale (24),24,Bayview Village (52),52,D33,North York,FINCH AVE E,PAGE AVE, ,Major Arterial,Intersection,At Intersection,Stop Sign,Clear,Daylight,Dry,Non-Fatal Injury,Cyclist Collisions,Driver,85 to 89,,0,North,"Automobile, Station Wagon",Turning Right,Failed to Yield Right of Way,Inattentive, , , , , , ,0,1,1,0,0,0,0,1,0,1,0,0,0,0
5000992370,2015,6,13,14,23,5,43.78668555,-79.38432703,Willowdale (24),24,Bayview Village (52),52,D33,North York,FINCH AVE E,PAGE AVE, ,Major Arterial,Intersection,At Intersection,Stop Sign,Clear,Daylight,Dry,Non-Fatal Injury,Cyclist Collisions,Cyclist,45 to 49,Major,0,East,Bicycle,Going Ahead, , , , , ,"Motorist turns right at non-signal Inter.(stop, yield, no cont.,and dwy) and strikes cyclist.",Driving Properly,Normal,0,1,1,0,0,0,0,1,0,1,0,0,0,0