ACCNUM,YEAR,MONTH,DAY,HOUR,MINUTES,WEEKDAY,LATITUDE,LONGITUDE,Ward_Name,Ward_ID,Hood_Name,Hood_ID,Division,District,STREET1,STREET2,OFFSET,ROAD_CLASS,LOCCOORD,ACCLOC,TRAFFCTL,VISIBILITY,LIGHT,RDSFCOND,ACCLASS,IMPACTYPE,INVTYPE,INVAGE,INJURY,FATAL_NO,INITDIR,VEHTYPE,MANOEUVER,DRIVACT,DRIVCOND,PEDTYPE,PEDACT,PEDCOND,CYCLISTYPE,CYCACT,CYCCOND,PEDESTRIAN,CYCLIST,AUTOMOBILE,MOTORCYCLE,TRUCK,TRSN_CITY_VEH,EMERG_VEH,PASSENGER,SPEEDING,AG_DRIV,REDLIGHT,ALCOHOL,DISABILITY,label
5000992370,2015,6,13,14,23,5,43.78668555,-79.38432703,Willowdale (24),24,Bayview Village (52),52,D33,North York,FINCH AVE E,PAGE AVE, ,Major Arterial,Intersection,At Intersection,Stop Sign,Clear,Daylight,Dry,Non-Fatal Injury,Cyclist Collisions,Passenger,80 to 84,,0, , , , , , , , , , , ,0,1,1,0,0,0,0,1,0,1,0,0,0,0
7000877614,2017,5,18,14,23,3,43.65128668,-79.47549067,Parkdale-High Park (13),13,High Park-Swansea (87),87,D11,Etobicoke York,BLOOR ST W,KENNEDY AVE,2 m West of,Major Arterial,Intersection,Intersection Related,No Control,Clear,Daylight,Dry,Non-Fatal Injury,Pedestrian Collisions,Driver,30 to 34,,0,West,Pick Up Truck,Going Ahead,Driving Properly,Normal, , , , , , ,1,0,1,0,0,0,0,0,0,0,0,0,0,0
7000877614,2017,5,18,14,23,3,43.65128668,-79.47549067,Parkdale-High Park (13),13,High Park-Swansea (87),87,D11,Etobicoke York,BLOOR ST W,KENNEDY AVE,2 m West of,Major Arterial,Intersection,Intersection Related,No Control,Clear,Daylight,Dry,Non-Fatal Injury,Pedestrian Collisions,Pedestrian,55 to 59,Major,0, , , , , ,Other / Undefined,Other,"Ability Impaired, Alcohol Over .80", , , ,1,0,1,0,0,0,0,0,0,0,0,0,0,0
7001964937,2017,10,30,14,23,0,43.76265295,-79.27997217,Scarborough Centre (37),37,Dorset Park (126),126,D41,Scarborough,KENNEDY RD,ELLESMERE RD,378 m South of,Major Arterial,Mid-Block,At/Near Private Drive,No Control,Clear,Daylight,Dry,Non-Fatal Injury,Pedestrian Collisions,Driver,55 to 59,,0,East,"Automobile, Station Wagon",Turning Left,Failed to Yield Right of Way,Normal, , , , , , ,1,0,1,0,0,0,0,0,0,1,0,0,0,0
7001964937,2017,10,30,14,23,0,43.76265295,-79.27997217,Scarborough Centre (37),37,Dorset Park (126),126,D41,Scarborough,KENNEDY RD,ELLESMERE RD,378 m South of,Major Arterial,Mid-Block,At/Near Private Drive,No Control,Clear,Daylight,Dry,Non-Fatal Injury,Pedestrian Collisions,Pedestrian,55 to 59,Major,0,West, , , , ,Pedestrian hit at mid-block,"Crossing, no Traffic Control",Normal, , , ,1,0,1,0,0,0,0,0,0,1,0,0,0,0
984687,2007,5,18,14,25,4,43.70864538,-79.47809029,York South-Weston (12),12,Brookhaven-Amesbury (30),30,D12,Etobicoke York,KEELE ST,LAWRENCE AVE W, ,Major Arterial,Intersection, ,Traffic Signal,Clear,Daylight,Dry,Non-Fatal Injury,Pedestrian Collisions,Other,unknown,,0, ,Other,Unknown, , , , , , , , ,1,0,0,0,1,0,0,0,0,0,0,0,0,0
984687,2007,5,18,14,25,4,43.70864538,-79.47809029,York South-Weston (12),12,Brookhaven-Amesbury (30),30,D12,Etobicoke York,KEELE ST,LAWRENCE AVE W, ,Major Arterial,Intersection, ,Traffic Signal,Clear,Daylight,Dry,Non-Fatal Injury,Pedestrian Collisions,Pedestrian,30 to 34,Major,0, ,Other, , , ,Pedestrian hit on sidewalk or shoulder,On Sidewalk or Shoulder,Normal, , , ,1,0,0,0,1,0,0,0,0,0,0,0,0,0
984687,2007,5,18,14,25,4,43.70864538,-79.47809029,York South-Weston (12),12,Brookhaven-Amesbury (30),30,D12,Etobicoke York,KEELE ST,LAWRENCE AVE W, ,Major Arterial,Intersection, ,Traffic Signal,Clear,Daylight,Dry,Non-Fatal Injury,Pedestrian Collisions,Other Property Owner,unknown,,0, ,Other,Unknown, , , , , , , , ,1,0,0,0,1,0,0,0,0,0,0,0,0,0
984687,2007,5,18,14,25,4,43.70864538,-79.47809029,York South-Weston (12),12,Brookhaven-Amesbury (30),30,D12,Etobicoke York,KEELE ST,LAWRENCE AVE W, ,Major Arterial,Intersection, ,Traffic Signal,Clear,Daylight,Dry,Non-Fatal Injury,Pedestrian Collisions,Truck Driver,30 to 34,,0,West,Truck - Open,Turning Right,Improper Turn,Normal, , , , , , ,1,0,0,0,1,0,0,0,0,0,0,0,0,0
990139,2007,8,17,14,25,4,43.66404538,-79.42649029,Trinity-Spadina (19),19,Dovercourt-Wallace Emerson-Junction (93),93,D14,Toronto East York,OSSINGTON Aven,LEEDS Stre, ,Minor Arterial, , ,Pedestrian Crossover,Clear,Daylight,Dry,Non-Fatal Injury,Rear End,Vehicle Owner,unknown,,0, ,Other, , , , , , , , , ,0,0,1,0,0,1,0,0,1,1,0,0,0,0
990139,2007,8,17,14,25,4,43.66404538,-79.42649029,Trinity-Spadina (19),19,Dovercourt-Wallace Emerson-Junction (93),93,D14,Toronto East York,OSSINGTON Aven,LEEDS Stre, ,Minor Arterial, , ,Pedestrian Crossover,Clear,Daylight,Dry,Non-Fatal Injury,Rear End,Driver,45 to 49,Major,0,North,"Automobile, Station Wagon",Going Ahead,Following too Close,Inattentive, , , , , , ,0,0,1,0,0,1,0,0,1,1,0,0,0,0
990139,2007,8,17,14,25,4,43.66404538,-79.42649029,Trinity-Spadina (19),19,Dovercourt-Wallace Emerson-Junction (93),93,D14,Toronto East York,OSSINGTON Aven,LEEDS Stre, ,Minor Arterial, , ,Pedestrian Crossover,Clear,Daylight,Dry,Non-Fatal Injury,Rear End,Vehicle Owner,unknown,,0, ,Other, , , , , , , , , ,0,0,1,0,0,1,0,0,1,1,0,0,0,0
990139,2007,8,17,14,25,4,43.66404538,-79.42649029,Trinity-Spadina (19),19,Dovercourt-Wallace Emerson-Junction (93),93,D14,Toronto East York,OSSINGTON Aven,LEEDS Stre, ,Minor Arterial, , ,Pedestrian Crossover,Clear,Daylight,Dry,Non-Fatal Injury,Rear End,Driver,35 to 39,,0,North,"Automobile, Station Wagon",Stopped,Other,Normal, , , , , , ,0,0,1,0,0,1,0,0,1,1,0,0,0,0
990139,2007,8,17,14,25,4,43.66404538,-79.42649029,Trinity-Spadina (19),19,Dovercourt-Wallace Emerson-Junction (93),93,D14,Toronto East York,OSSINGTON Aven,LEEDS Stre, ,Minor Arterial, , ,Pedestrian Crossover,Clear,Daylight,Dry,Non-Fatal Injury,Rear End,Vehicle Owner,unknown,,0, ,Other, , , , , , , , , ,0,0,1,0,0,1,0,0,1,1,0,0,0,0
990139,2007,8,17,14,25,4,43.66404538,-79.42649029,Trinity-Spadina (19),19,Dovercourt-Wallace Emerson-Junction (93),93,D14,Toronto East York,OSSINGTON Aven,LEEDS Stre, ,Minor Arterial, , ,Pedestrian Crossover,Clear,Daylight,Dry,Non-Fatal Injury,Rear End,Driver,45 to 49,,0,North,Municipal Transit Bus (TTC),Stopped,Other,Normal, , , , , , ,0,0,1,0,0,1,0,0,1,1,0,0,0,0
1060815,2008,8,23,14,25,5,43.70184538,-79.35819029,Toronto-Danforth (29),29,Leaside-Bennington (56),56,D53,Toronto East York,MILLWOOD Rd,REDWAY Rd, ,Major Arterial,Intersection,At Intersection,Traffic Signal,Clear,Daylight,Dry,Non-Fatal Injury,Cyclist Collisions,Driver,25 to 29,,0,North,"Automobile, Station Wagon",Turning Left,Improper Turn,Normal, , , , , , ,0,1,1,0,0,0,0,0,0,0,0,0,0,0
1060815,2008,8,23,14,25,5,43.70184538,-79.35819029,Toronto-Danforth (29),29,Leaside-Bennington (56),56,D53,Toronto East York,MILLWOOD Rd,REDWAY Rd, ,Major Arterial,Intersection,At Intersection,Traffic Signal,Clear,Daylight,Dry,Non-Fatal Injury,Cyclist Collisions,Cyclist,45 to 49,Major,0,South,Bicycle,Going Ahead, , , , , ,Motorist turned left across cyclists path.,Disobeyed Traffic Control,Normal,0,1,1,0,0,0,0,0,0,0,0,0,0,0
1272453,2011,12,31,14,25,5,43.75784538,-79.31529029,Don Valley East (34),34,Parkwoods-Donalda (45),45,D33,Scarborough,VICTORIA PARK Aven,PARKWOODS VILLAGE Driv, ,Major Arterial,Intersection,At Intersection,Traffic Signal,Clear,Daylight,Wet,Non-Fatal Injury,Turning Movement,Driver,50 to 54,,0,North,"Automobile, Station Wagon",Turning Left,Failed to Yield Right of Way,"Ability Impaired, Alcohol", , , , , , ,0,0,1,0,0,0,0,1,0,1,0,1,0,0
1272453,2011,12,31,14,25,5,43.75784538,-79.31529029,Don Valley East (34),34,Parkwoods-Donalda (45),45,D33,Scarborough,VICTORIA PARK Aven,PARKWOODS VILLAGE Driv, ,Major Arterial,Intersection,At Intersection,Traffic Signal,Clear,Daylight,Wet,Non-Fatal Injury,Turning Movement,Passenger,0 to 4,Minor,0, ,Other, , , , , , , , , ,0,0,1,0,0,0,0,1,0,1,0,1,0,0
1272453,2011,12,31,14,25,5,43.75784538,-79.31529029,Don Valley East (34),34,Parkwoods-Donalda (45),45,D33,Scarborough,VICTORIA PARK Aven,PARKWOODS VILLAGE Driv, ,Major Arterial,Intersection,At Intersection,Traffic Signal,Clear,Daylight,Wet,Non-Fatal Injury,Turning Movement,Driver,30 to 34,Major,0,South,"Automobile, Station Wagon",Going Ahead,Driving Properly,Normal, , , , , , ,0,0,1,0,0,0,0,1,0,1,0,1,0,0
1361387,2013,5,5,14,25,6,43.78524538,-79.27169029,Scarborough-Rouge River (41),41,Agincourt South-Malvern West (128),128,D42,Scarborough,8 GARDEN PARK AVE, , ,Local,Mid-Block, ,No Control,Clear,Daylight,Dry,Non-Fatal Injury,Cyclist Collisions,Driver,65 to 69,,0,South,"Automobile, Station Wagon",Going Ahead,Driving Properly,Normal, , , , , , ,0,1,1,0,0,0,0,0,0,0,0,0,0,0
1361387,2013,5,5,14,25,6,43.78524538,-79.27169029,Scarborough-Rouge River (41),41,Agincourt South-Malvern West (128),128,D42,Scarborough,8 GARDEN PARK AVE, , ,Local,Mid-Block, ,No Control,Clear,Daylight,Dry,Non-Fatal Injury,Cyclist Collisions,Cyclist,5 to 9,Major,0,East,Bicycle,Going Ahead, , , , , ,Cyclist rode off sidewalk into road at midblock.,Failed to Yield Right of Way,Inattentive,0,1,1,0,0,0,0,0,0,0,0,0,0,0
961264,2007,3,1,14,26,3,43.69964538,-79.33769029,Toronto-Danforth (29),29,Old East York (58),58,D54,Toronto East York,DON MILLS RD,DON MILLS N DVP S RAMP RD S, ,Major Arterial,Mid-Block, ,No Control,Snow,Daylight,Loose Snow,Non-Fatal Injury,Approaching,Driver,60 to 64,,0,South,"Automobile, Station Wagon",Going Ahead,Driving Properly,Normal, , , , , , ,0,0,1,0,1,0,0,0,1,1,0,0,0,0
961264,2007,3,1,14,26,3,43.69964538,-79.33769029,Toronto-Danforth (29),29,Old East York (58),58,D54,Toronto East York,DON MILLS RD,DON MILLS N DVP S RAMP RD S, ,Major Arterial,Mid-Block, ,No Control,Snow,Daylight,Loose Snow,Non-Fatal Injury,Approaching,Driver,35 to 39,Major,0,North,"Automobile, Station Wagon",Going Ahead,Speed too Fast For Condition,Normal, , , , , , ,0,0,1,0,1,0,0,0,1,1,0,0,0,0
961264,2007,3,1,14,26,3,43.69964538,-79.33769029,Toronto-Danforth (29),29,Old East York (58),58,D54,Toronto East York,DON MILLS RD,DON MILLS N DVP S RAMP RD S, ,Major Arterial,Mid-Block, ,No Control,Snow,Daylight,Loose Snow,Non-Fatal Injury,Approaching,Vehicle Owner,unknown,,0, ,Other, , , , , , , , , ,0,0,1,0,1,0,0,0,1,1,0,0,0,0
961264,2007,3,1,14,26,3,43.69964538,-79.33769029,Toronto-Danforth (29),29,Old East York (58),58,D54,Toronto East York,DON MILLS RD,DON MILLS N DVP S RAMP RD S, ,Major Arterial,Mid-Block, ,No Control,Snow,Daylight,Loose Snow,Non-Fatal Injury,Approaching,Truck Driver,35 to 39,,0,South,Truck - Open,Going Ahead,Driving Properly,Normal, , , , , , ,0,0,1,0,1,0,0,0,1,1,0,0,0,0
961264,2007,3,1,14,26,3,43.69964538,-79.33769029,Toronto-Danforth (29),29,Old East York (58),58,D54,Toronto East York,DON MILLS RD,DON MILLS N DVP S RAMP RD S, ,Major Arterial,Mid-Block, ,No Control,Snow,Daylight,Loose Snow,Non-Fatal Injury,Approaching,Vehicle Owner,unknown,,0, ,Other, , , , , , , , , ,0,0,1,0,1,0,0,0,1,1,0,0,0,0
1294403,2012,5,15,14,26,1,43.77024538,-79.54649029,York West (7),7,Humber Summit (21),21,D31,Etobicoke York,WESTON RD,STEELES AVE W, ,Major Arterial,Intersection,At Intersection,Traffic Signal,Clear,Daylight,Dry,Fatal,Pedestrian Collisions,Pedestrian,75 to 79,Fatal,15,South,Other, , , ,Vehicle turns right while ped crosses with ROW at inter.,Crossing with right of way,Normal, , , ,1,0,0,0,1,0,0,0,0,1,0,0,0,1
1294403,2012,5,15,14,26,1,43.77024538,-79.54649029,York West (7),7,Humber Summit (21),21,D31,Etobicoke York,WESTON RD,STEELES AVE W, ,Major Arterial,Intersection,At Intersection,Traffic Signal,Clear,Daylight,Dry,Fatal,Pedestrian Collisions,Vehicle Owner,unknown, ,0, ,Other, , , , , , , , , ,1,0,0,0,1,0,0,0,0,1,0,0,0,1
1294403,2012,5,15,14,26,1,43.77024538,-79.54649029,York West (7),7,Humber Summit (21),21,D31,Etobicoke York,WESTON RD,STEELES AVE W, ,Major Arterial,Intersection,At Intersection,Traffic Signal,Clear,Daylight,Dry,Fatal,Pedestrian Collisions,Truck Driver,30 to 34,,0,South,Truck - Open,Turning Right,Failed to Yield Right of Way,Inattentive, , , , , , ,1,0,0,0,1,0,0,0,0,1,0,0,0,1
1348815,2013,2,28,14,26,3,43.68214538,-79.47159029,York South-Weston (12),12,Keelesdale-Eglinton West (110),110,D12,Etobicoke York,ROGERS Rd,KEELE St, ,Minor Arterial,Intersection, ,Traffic Signal,Clear,Daylight,Wet,Non-Fatal Injury,Pedestrian Collisions,Vehicle Owner,unknown, ,0, ,Other, , , , , , , , , ,1,0,0,0,0,1,0,0,0,0,0,0,0,0
1348815,2013,2,28,14,26,3,43.68214538,-79.47159029,York South-Weston (12),12,Keelesdale-Eglinton West (110),110,D12,Etobicoke York,ROGERS Rd,KEELE St, ,Minor Arterial,Intersection, ,Traffic Signal,Clear,Daylight,Wet,Non-Fatal Injury,Pedestrian Collisions,Driver,35 to 39,,0,East,Municipal Transit Bus (TTC),Stopped,Other,Normal, , , , , , ,1,0,0,0,0,1,0,0,0,0,0,0,0,0
1348815,2013,2,28,14,26,3,43.68214538,-79.47159029,York South-Weston (12),12,Keelesdale-Eglinton West (110),110,D12,Etobicoke York,ROGERS Rd,KEELE St, ,Minor Arterial,Intersection, ,Traffic Signal,Clear,Daylight,Wet,Non-Fatal Injury,Pedestrian Collisions,Pedestrian,35 to 39,Major,0,Unknown,Other, , , ,Pedestrian involved in a collision with transit vehicle anywhere along roadway,Person Getting on/off Vehicle,Normal, , , ,1,0,0,0,0,1,0,0,0,0,0,0,0,0
6001758127,2016,10,3,14,26,0,43.7030216,-79.47677241,York South-Weston (12),12,Brookhaven-Amesbury (30),30,D12,Etobicoke York,KEELE ST,FLAMBOROUGH DR, ,Major Arterial,Intersection,At Intersection,Traffic Signal,Clear,Daylight,Dry,Non-Fatal Injury,Cyclist Collisions,Driver,85 to 89,,0,North,"Automobile, Station Wagon",Turning Left,Improper Turn,Normal, , , , , , ,0,1,1,0,0,0,0,0,0,0,0,0,0,0
6001758127,2016,10,3,14,26,0,43.7030216,-79.47677241,York South-Weston (12),12,Brookhaven-Amesbury (30),30,D12,Etobicoke York,KEELE ST,FLAMBOROUGH DR, ,Major Arterial,Intersection,At Intersection,Traffic Signal,Clear,Daylight,Dry,Non-Fatal Injury,Cyclist Collisions,Cyclist,45 to 49,Major,0,South,Bicycle,Going Ahead, , , , , ,Motorist turned left across cyclists path.,Driving Properly,Normal,0,1,1,0,0,0,0,0,0,0,0,0,0,0
1304934,2012,5,24,14,27,3,43.67024538,-79.36169029,Toronto Centre-Rosedale (27),27,Cabbagetown-South St.James Town (71),71,D51,Toronto East York,ROSEDALE VALLEY RD,BAYVIEW S ROSEDALE VL RAMP, ,Minor Arterial,Intersection,At Intersection,No Control,Clear,Daylight,Dry,Non-Fatal Injury,Cyclist Collisions,Driver,30 to 34,,0,East,"Automobile, Station Wagon",Changing Lanes,Improper Lane Change,Normal, , , , , , ,0,1,1,0,0,0,0,0,0,0,0,0,0,0
1304934,2012,5,24,14,27,3,43.67024538,-79.36169029,Toronto Centre-Rosedale (27),27,Cabbagetown-South St.James Town (71),71,D51,Toronto East York,ROSEDALE VALLEY RD,BAYVIEW S ROSEDALE VL RAMP, ,Minor Arterial,Intersection,At Intersection,No Control,Clear,Daylight,Dry,Non-Fatal Injury,Cyclist Collisions,Cyclist,60 to 64,Major,0,East,Bicycle,Merging, , , , , ,Cyclist and Driver travelling in same direction. One vehicle sideswipes the other.,Driving Properly,Normal,0,1,1,0,0,0,0,0,0,0,0,0,0,0
5000580621,2015,4,8,14,27,2,43.71326788,-79.45858393,Eglinton-Lawrence (15),15,Yorkdale-Glen Park (31),31,D13,North York,APEX RD,LAWRENCE AVE W, ,Major Arterial,Intersection,At Intersection,Traffic Signal,Rain,Daylight,Wet,Non-Fatal Injury,Pedestrian Collisions,Driver,65 to 69,,0,South,"Automobile, Station Wagon",Turning Left,Failed to Yield Right of Way,Inattentive, , , , , , ,1,0,1,0,0,0,0,0,0,1,0,0,0,0
5000580621,2015,4,8,14,27,2,43.71326788,-79.45858393,Eglinton-Lawrence (15),15,Yorkdale-Glen Park (31),31,D13,North York,APEX RD,LAWRENCE AVE W, ,Major Arterial,Intersection,At Intersection,Traffic Signal,Rain,Daylight,Wet,Non-Fatal Injury,Pedestrian Collisions,Pedestrian,55 to 59,Major,0,North, , , , ,Vehicle turns left while ped crosses with ROW at inter.,Crossing with right of way,Normal, , , ,1,0,1,0,0,0,0,0,0,1,0,0,0,0
1038516,2008,5,15,14,28,3,43.77644538,-79.43029029,Willowdale (23),23,Willowdale West (37),37,D32,North York,FINCH AVE W,SENLAC RD, ,Major Arterial,Intersection,At Intersection,Traffic Signal,Clear,"Daylight, artificial",Dry,Non-Fatal Injury,Turning Movement,Passenger,80 to 84,Major,0, ,Other, , , , , , , , , ,0,0,1,0,0,0,0,1,1,1,0,0,0,0
1038516,2008,5,15,14,28,3,43.77644538,-79.43029029,Willowdale (23),23,Willowdale West (37),37,D32,North York,FINCH AVE W,SENLAC RD, ,Major Arterial,Intersection,At Intersection,Traffic Signal,Clear,"Daylight, artificial",Dry,Non-Fatal Injury,Turning Movement,Driver,90 to 94,Minimal,0,West,"Automobile, Station Wagon",Turning Left,Failed to Yield Right of Way,Normal, , , , , , ,0,0,1,0,0,0,0,1,1,1,0,0,0,0
1038516,2008,5,15,14,28,3,43.77644538,-79.43029029,Willowdale (23),23,Willowdale West (37),37,D32,North York,FINCH AVE W,SENLAC RD, ,Major Arterial,Intersection,At Intersection,Traffic Signal,Clear,"Daylight, artificial",Dry,Non-Fatal Injury,Turning Movement,Passenger,20 to 24,,0, ,Other, , , , , , , , , ,0,0,1,0,0,0,0,1,1,1,0,0,0,0
1038516,2008,5,15,14,28,3,43.77644538,-79.43029029,Willowdale (23),23,Willowdale West (37),37,D32,North York,FINCH AVE W,SENLAC RD, ,Major Arterial,Intersection,At Intersection,Traffic Signal,Clear,"Daylight, artificial",Dry,Non-Fatal Injury,Turning Movement,Vehicle Owner,unknown, ,0, ,Other, , , , , , , , , ,0,0,1,0,0,0,0,1,1,1,0,0,0,0
1038516,2008,5,15,14,28,3,43.77644538,-79.43029029,Willowdale (23),23,Willowdale West (37),37,D32,North York,FINCH AVE W,SENLAC RD, ,Major Arterial,Intersection,At Intersection,Traffic Signal,Clear,"Daylight, artificial",Dry,Non-Fatal Injury,Turning Movement,Driver,25 to 29,,0,East,"Automobile, Station Wagon",Going Ahead,Driving Properly,Normal, , , , , , ,0,0,1,0,0,0,0,1,1,1,0,0,0,0
1038516,2008,5,15,14,28,3,43.77644538,-79.43029029,Willowdale (23),23,Willowdale West (37),37,D32,North York,FINCH AVE W,SENLAC RD, ,Major Arterial,Intersection,At Intersection,Traffic Signal,Clear,"Daylight, artificial",Dry,Non-Fatal Injury,Turning Movement,Other Property Owner,unknown, ,0, ,Other, , , , , , , , , ,0,0,1,0,0,0,0,1,1,1,0,0,0,0
1062955,2008,10,6,14,28,0,43.74237021,-79.59441767,Etobicoke North (1),1,Mount Olive-Silverstone-Jamestown (2),2,D23,Etobicoke York,MARTIN GROVE RD,ALBION RD, ,Minor Arterial,Mid-Block,Non Intersection,No Control,Clear,Daylight,Dry,Non-Fatal Injury,SMV Other,Driver,75 to 79,Major,0,South,Passenger Van,Going Ahead,Other,Other, , , , , , ,0,0,1,0,0,0,0,0,0,0,0,0,0,0
1278086,2012,1,30,14,28,0,43.76434668,-79.57489405,York West (7),7,Humber Summit (21),21,D31,Etobicoke York,STEELES AVE W,ISLINGTON AVE, ,Major Arterial,Intersection,At Intersection,Traffic Signal,Clear,Daylight,Dry,Fatal,Turning Movement,Driver,45 to 49,,0,East,"Automobile, Station Wagon",Stopped,Driving Properly,Normal, , , , , , ,0,0,1,0,0,0,0,0,0,0,0,0,1,1
1140988,2009,12,8,14,56,1,43.79264538,-79.35469029,Don Valley East (33),33,Don Valley Village (47),47,D33,North York,FINCH AVE E,DON MILLS RD, ,Major Arterial,Intersection, ,Traffic Signal,Clear,Daylight,Dry,Fatal,Turning Movement,Passenger,85 to 89,Fatal,44, ,Other, , , , , , , , , ,0,0,1,0,0,0,0,1,0,0,0,0,0,1
1278086,2012,1,30,14,28,0,43.76434668,-79.57489405,York West (7),7,Humber Summit (21),21,D31,Etobicoke York,STEELES AVE W,ISLINGTON AVE, ,Major Arterial,Intersection,At Intersection,Traffic Signal,Clear,Daylight,Dry,Fatal,Turning Movement,Other Property Owner,unknown, ,0, ,Other, , , , , , , , , ,0,0,1,0,0,0,0,0,0,0,0,0,1,1
6002081357,2016,11,23,15,15,2,43.65576132,-79.59836207,Etobicoke Centre (3),3,Eringate-Centennial-West Deane (11),11,D22,Etobicoke York,CENTENNIAL PARK BLVD,EGLINTON AVE W, ,Major Arterial,Intersection,At Intersection,Traffic Signal,Clear,Daylight,Dry,Non-Fatal Injury,Turning Movement,Driver,20 to 24,Major,0,South,"Automobile, Station Wagon",Going Ahead,Driving Properly,Normal, , , , , , ,0,0,1,0,0,0,0,0,0,0,0,0,0,0
1297568,2012,4,10,14,35,1,43.77524538,-79.41439029,Willowdale (23),23,Willowdale East (51),51,D32,North York,YONGE ST,NORTHTOWN WAY, ,Major Arterial,Intersection, ,No Control,Clear,Daylight,Dry,Non-Fatal Injury,Pedestrian Collisions,Pedestrian,25 to 29,Major,0,East,Other, , , ,Pedestrian hit at mid-block,Running onto Roadway,Normal, , , ,1,0,1,0,0,0,0,0,0,0,0,0,0,0
7000155315,2017,1,25,14,40,2,43.75201758,-79.54233179,York West (7),7,Humbermede (22),22,D31,Etobicoke York,FINCH AVE W,WESTON RD, ,Major Arterial,Intersection,At Intersection,Traffic Signal,Clear,Daylight,Wet,Fatal,Angle,Driver,40 to 44,,0, ,"Automobile, Station Wagon",Going Ahead, , , , , , , , ,0,0,1,0,0,0,0,0,0,0,0,0,1,1
1062512,2008,9,13,14,50,5,43.65434538,-79.36229029,Toronto Centre-Rosedale (28),28,Moss Park (73),73,D51,Toronto East York,ADELAIDE St E,POWER St, ,Major Arterial,Mid-Block, ,No Control,Clear,Daylight,Dry,Non-Fatal Injury,Cyclist Collisions,Cyclist,20 to 24,Major,0,East,Bicycle,Going Ahead, , , , , ,"Cyclist loses control and strikes object (pole, ttc track)",Lost control,Normal,0,1,0,0,0,0,0,0,0,0,0,0,0,0
1024249,2008,2,11,15,9,0,43.72564538,-79.29749029,Scarborough Southwest (35),35,Clairlea-Birchmount (120),120,D41,Scarborough,EGLINTON AVE E,PHARMACY AVE, ,Major Arterial,Intersection,At Intersection,Traffic Signal,Clear,Daylight,Wet,Non-Fatal Injury,Turning Movement,Driver,45 to 49,Minor,0,East,"Automobile, Station Wagon",Turning Left,Driving Properly,Normal, , , , , , ,0,0,1,0,0,0,0,0,0,1,1,0,0,0
1140988,2009,12,8,14,56,1,43.79264538,-79.35469029,Don Valley East (33),33,Don Valley Village (47),47,D33,North York,FINCH AVE E,DON MILLS RD, ,Major Arterial,Intersection, ,Traffic Signal,Clear,Daylight,Dry,Fatal,Turning Movement,Driver,70 to 74,Minor,0,East,"Automobile, Station Wagon",Turning Left,Improper Turn,Normal, , , , , , ,0,0,1,0,0,0,0,1,0,0,0,0,0,1
1140988,2009,12,8,14,56,1,43.79264538,-79.35469029,Don Valley East (33),33,Don Valley Village (47),47,D33,North York,FINCH AVE E,DON MILLS RD, ,Major Arterial,Intersection, ,Traffic Signal,Clear,Daylight,Dry,Fatal,Turning Movement,Driver,20 to 24,,0,South,"Automobile, Station Wagon",Stopped,Driving Properly,Normal, , , , , , ,0,0,1,0,0,0,0,1,0,0,0,0,0,1
1140988,2009,12,8,14,56,1,43.79264538,-79.35469029,Don Valley East (33),33,Don Valley Village (47),47,D33,North York,FINCH AVE E,DON MILLS RD, ,Major Arterial,Intersection, ,Traffic Signal,Clear,Daylight,Dry,Fatal,Turning Movement,Vehicle Owner,unknown, ,0, ,"Automobile, Station Wagon", , , , , , , , , ,0,0,1,0,0,0,0,1,0,0,0,0,0,1
1140988,2009,12,8,14,56,1,43.79264538,-79.35469029,Don Valley East (33),33,Don Valley Village (47),47,D33,North York,FINCH AVE E,DON MILLS RD, ,Major Arterial,Intersection, ,Traffic Signal,Clear,Daylight,Dry,Fatal,Turning Movement,Driver,20 to 24,Minor,0,West,"Automobile, Station Wagon",Going Ahead,Driving Properly,Normal, , , , , , ,0,0,1,0,0,0,0,1,0,0,0,0,0,1
962717,2007,3,14,14,57,2,43.64794538,-79.38639029,Trinity-Spadina (20),20,Waterfront Communities-The Island (77),77,D52,Toronto East York,SIMCOE Stre,PEARL Stre, ,Collector,Intersection,At Intersection,Stop Sign,Clear,Daylight,Wet,Non-Fatal Injury,Cyclist Collisions,Driver,20 to 24,,0,South,"Automobile, Station Wagon",Going Ahead,Speed too Slow,Normal, , , , , , ,0,1,1,0,0,0,0,0,0,0,0,0,0,0
962717,2007,3,14,14,57,2,43.64794538,-79.38639029,Trinity-Spadina (20),20,Waterfront Communities-The Island (77),77,D52,Toronto East York,SIMCOE Stre,PEARL Stre, ,Collector,Intersection,At Intersection,Stop Sign,Clear,Daylight,Wet,Non-Fatal Injury,Cyclist Collisions,Cyclist,20 to 24,Major,0,West,Bicycle,Going Ahead, , , , , ,"Cyclist without ROW rides into path of motorist at inter, lnwy, dwy-Cyclist not turn.",Disobeyed Traffic Control,Inattentive,0,1,1,0,0,0,0,0,0,0,0,0,0,0