ACCNUM,YEAR,MONTH,DAY,HOUR,MINUTES,WEEKDAY,LATITUDE,LONGITUDE,Ward_Name,Ward_ID,Hood_Name,Hood_ID,Division,District,STREET1,STREET2,OFFSET,ROAD_CLASS,LOCCOORD,ACCLOC,TRAFFCTL,VISIBILITY,LIGHT,RDSFCOND,ACCLASS,IMPACTYPE,INVTYPE,INVAGE,INJURY,FATAL_NO,INITDIR,VEHTYPE,MANOEUVER,DRIVACT,DRIVCOND,PEDTYPE,PEDACT,PEDCOND,CYCLISTYPE,CYCACT,CYCCOND,PEDESTRIAN,CYCLIST,AUTOMOBILE,MOTORCYCLE,TRUCK,TRSN_CITY_VEH,EMERG_VEH,PASSENGER,SPEEDING,AG_DRIV,REDLIGHT,ALCOHOL,DISABILITY,label
1258248,2011,8,8,14,57,0,43.78354538,-79.29929029,Scarborough-Agincourt (40),40,Tam O'Shanter-Sullivan (118),118,D42,Scarborough,BIRCHMOUNT RD,BONIS AVE, ,Major Arterial,Intersection,At Intersection,Traffic Signal,Clear,Daylight,Dry,Non-Fatal Injury,Cyclist Collisions,Driver,50 to 54,,0,West,"Automobile, Station Wagon",Turning Left,Failed to Yield Right of Way,Normal, , , , , , ,0,1,1,0,0,0,0,0,0,1,0,0,0,0
1258248,2011,8,8,14,57,0,43.78354538,-79.29929029,Scarborough-Agincourt (40),40,Tam O'Shanter-Sullivan (118),118,D42,Scarborough,BIRCHMOUNT RD,BONIS AVE, ,Major Arterial,Intersection,At Intersection,Traffic Signal,Clear,Daylight,Dry,Non-Fatal Injury,Cyclist Collisions,Cyclist,60 to 64,Major,0,East,Bicycle,Going Ahead, , , , , ,Motorist turned left across cyclists path.,Other,Normal,0,1,1,0,0,0,0,0,0,1,0,0,0,0
949730,2007,1,15,14,58,0,43.70184538,-79.33679029,Toronto-Danforth (29),29,Old East York (58),58,D54,Toronto East York,DON MILLS RD,DON MILLS N DVP S RAMP RD S, ,Expressway,Mid-Block, ,No Control,Rain,Daylight,Slush,Non-Fatal Injury,Approaching,Driver,50 to 54,Minor,0,South,"Automobile, Station Wagon",Going Ahead,Speed too Fast For Condition,Inattentive, , , , , , ,0,0,1,0,0,0,0,0,1,1,0,0,0,0
949730,2007,1,15,14,58,0,43.70184538,-79.33679029,Toronto-Danforth (29),29,Old East York (58),58,D54,Toronto East York,DON MILLS RD,DON MILLS N DVP S RAMP RD S, ,Expressway,Mid-Block, ,No Control,Rain,Daylight,Slush,Non-Fatal Injury,Approaching,Vehicle Owner,unknown, ,0, ,Other, , , , , , , , , ,0,0,1,0,0,0,0,0,1,1,0,0,0,0
1105521,2009,5,22,15,25,4,43.65594538,-79.35769029,Toronto Centre-Rosedale (28),28,Moss Park (73),73,D51,Toronto East York,KING Stre E,ASHBY Plac, ,Major Arterial,Intersection, ,No Control,Clear,Daylight,Dry,Non-Fatal Injury,Pedestrian Collisions,Vehicle Owner,unknown, ,0, ,Other, , , , , , , , , ,1,0,1,0,0,0,0,0,0,0,0,0,0,0
949730,2007,1,15,14,58,0,43.70184538,-79.33679029,Toronto-Danforth (29),29,Old East York (58),58,D54,Toronto East York,DON MILLS RD,DON MILLS N DVP S RAMP RD S, ,Expressway,Mid-Block, ,No Control,Rain,Daylight,Slush,Non-Fatal Injury,Approaching,Driver,35 to 39,,0,North,"Automobile, Station Wagon",Going Ahead,Driving Properly,Normal, , , , , , ,0,0,1,0,0,0,0,0,1,1,0,0,0,0
949730,2007,1,15,14,58,0,43.70184538,-79.33679029,Toronto-Danforth (29),29,Old East York (58),58,D54,Toronto East York,DON MILLS RD,DON MILLS N DVP S RAMP RD S, ,Expressway,Mid-Block, ,No Control,Rain,Daylight,Slush,Non-Fatal Injury,Approaching,Driver,60 to 64,Major,0,North,"Automobile, Station Wagon",Going Ahead,Driving Properly,Normal, , , , , , ,0,0,1,0,0,0,0,0,1,1,0,0,0,0
976741,2007,6,26,15,0,1,43.79614538,-79.22749029,Scarborough-Rouge River (42),42,Malvern (132),132,D42,Scarborough,SHEPPARD AVE E,WASHBURN WAY, ,Major Arterial,Intersection,At Intersection,Traffic Signal,Clear,Daylight,Dry,Non-Fatal Injury,Turning Movement,Vehicle Owner,unknown,,0, ,Other, , , , , , , , , ,0,0,1,0,0,0,0,1,0,0,0,0,0,0
976741,2007,6,26,15,0,1,43.79614538,-79.22749029,Scarborough-Rouge River (42),42,Malvern (132),132,D42,Scarborough,SHEPPARD AVE E,WASHBURN WAY, ,Major Arterial,Intersection,At Intersection,Traffic Signal,Clear,Daylight,Dry,Non-Fatal Injury,Turning Movement,Driver,50 to 54,,0,East,"Automobile, Station Wagon",Turning Left,Improper Turn,Normal, , , , , , ,0,0,1,0,0,0,0,1,0,0,0,0,0,0
976741,2007,6,26,15,0,1,43.79614538,-79.22749029,Scarborough-Rouge River (42),42,Malvern (132),132,D42,Scarborough,SHEPPARD AVE E,WASHBURN WAY, ,Major Arterial,Intersection,At Intersection,Traffic Signal,Clear,Daylight,Dry,Non-Fatal Injury,Turning Movement,Passenger,10 to 14,Major,0, ,Other, , , , , , , , , ,0,0,1,0,0,0,0,1,0,0,0,0,0,0
976741,2007,6,26,15,0,1,43.79614538,-79.22749029,Scarborough-Rouge River (42),42,Malvern (132),132,D42,Scarborough,SHEPPARD AVE E,WASHBURN WAY, ,Major Arterial,Intersection,At Intersection,Traffic Signal,Clear,Daylight,Dry,Non-Fatal Injury,Turning Movement,Passenger,65 to 69,Major,0, ,Other, , , , , , , , , ,0,0,1,0,0,0,0,1,0,0,0,0,0,0
976741,2007,6,26,15,0,1,43.79614538,-79.22749029,Scarborough-Rouge River (42),42,Malvern (132),132,D42,Scarborough,SHEPPARD AVE E,WASHBURN WAY, ,Major Arterial,Intersection,At Intersection,Traffic Signal,Clear,Daylight,Dry,Non-Fatal Injury,Turning Movement,Vehicle Owner,unknown,,0, ,Other, , , , , , , , , ,0,0,1,0,0,0,0,1,0,0,0,0,0,0
976741,2007,6,26,15,0,1,43.79614538,-79.22749029,Scarborough-Rouge River (42),42,Malvern (132),132,D42,Scarborough,SHEPPARD AVE E,WASHBURN WAY, ,Major Arterial,Intersection,At Intersection,Traffic Signal,Clear,Daylight,Dry,Non-Fatal Injury,Turning Movement,Driver,30 to 34,Major,0,West,"Automobile, Station Wagon",Going Ahead,Driving Properly,Normal, , , , , , ,0,0,1,0,0,0,0,1,0,0,0,0,0,0
991226,2007,8,16,15,0,3,43.72004538,-79.33879029,Don Valley West (26),26,Flemingdon Park (44),44,D54,North York,DON MILLS RD,ROCHEFORT DR E, ,Major Arterial,Mid-Block, ,No Control,Clear,Daylight,Dry,Non-Fatal Injury,Pedestrian Collisions,Driver,60 to 64,,0,North,"Automobile, Station Wagon",Going Ahead,Driving Properly,Normal, , , , , , ,1,0,1,0,0,0,0,0,0,0,0,0,0,0
991226,2007,8,16,15,0,3,43.72004538,-79.33879029,Don Valley West (26),26,Flemingdon Park (44),44,D54,North York,DON MILLS RD,ROCHEFORT DR E, ,Major Arterial,Mid-Block, ,No Control,Clear,Daylight,Dry,Non-Fatal Injury,Pedestrian Collisions,Pedestrian,35 to 39,Major,0,East,Other, , , ,Pedestrian hit at mid-block,"Crossing, no Traffic Control",Inattentive, , , ,1,0,1,0,0,0,0,0,0,0,0,0,0,0
1044246,2008,6,20,15,0,4,43.77774538,-79.26099029,Scarborough Centre (38),38,Bendale (127),127,D43,Scarborough,PROGRESS AVE,401 C E PROGRESS AV RAMP E, ,Minor Arterial,Mid-Block, ,Traffic Signal,Clear,Daylight,Dry,Non-Fatal Injury,SMV Other,Vehicle Owner,unknown, ,0, ,Other, , , , , , , , , ,0,0,1,0,0,0,0,0,0,0,0,0,1,0
1044246,2008,6,20,15,0,4,43.77774538,-79.26099029,Scarborough Centre (38),38,Bendale (127),127,D43,Scarborough,PROGRESS AVE,401 C E PROGRESS AV RAMP E, ,Minor Arterial,Mid-Block, ,Traffic Signal,Clear,Daylight,Dry,Non-Fatal Injury,SMV Other,Driver,50 to 54,Major,0,East,"Automobile, Station Wagon",Going Ahead,Lost control,Medical or Physical Disability, , , , , , ,0,0,1,0,0,0,0,0,0,0,0,0,1,0
1069132,2008,10,18,15,0,5,43.82724538,-79.29169029,Scarborough-Rouge River (41),41,Milliken (130),130,D42,Scarborough,STEELES AVE E,FENTON RD, ,Major Arterial,Intersection,At Intersection,Traffic Signal,Clear,Daylight,Dry,Non-Fatal Injury,Cyclist Collisions,Vehicle Owner,unknown, ,0, ,Other, , , , , , , , , ,0,1,1,0,0,0,0,0,0,1,0,0,0,0
1069132,2008,10,18,15,0,5,43.82724538,-79.29169029,Scarborough-Rouge River (41),41,Milliken (130),130,D42,Scarborough,STEELES AVE E,FENTON RD, ,Major Arterial,Intersection,At Intersection,Traffic Signal,Clear,Daylight,Dry,Non-Fatal Injury,Cyclist Collisions,Driver,45 to 49,,0,South,"Automobile, Station Wagon",Turning Right,Failed to Yield Right of Way,Inattentive, , , , , , ,0,1,1,0,0,0,0,0,0,1,0,0,0,0
1069132,2008,10,18,15,0,5,43.82724538,-79.29169029,Scarborough-Rouge River (41),41,Milliken (130),130,D42,Scarborough,STEELES AVE E,FENTON RD, ,Major Arterial,Intersection,At Intersection,Traffic Signal,Clear,Daylight,Dry,Non-Fatal Injury,Cyclist Collisions,Cyclist,65 to 69,Major,0,South,Bicycle,Going Ahead, , , , , ,Motorist turning right on red at signalized intersection strikes cyclist.,Driving Properly,Normal,0,1,1,0,0,0,0,0,0,1,0,0,0,0
1112065,2009,5,28,15,0,3,43.72604538,-79.31349029,Don Valley East (34),34,Victoria Village (43),43,D33,North York,EGLINTON Aven E,BERMONDSEY Road, ,Major Arterial,Intersection,At Intersection,Traffic Signal,Rain,Daylight,Wet,Non-Fatal Injury,Rear End,Driver,40 to 44,,0,East,"Automobile, Station Wagon",Going Ahead,Following too Close,Inattentive, , , , , , ,0,0,1,0,0,0,0,0,0,1,0,0,0,0
1112065,2009,5,28,15,0,3,43.72604538,-79.31349029,Don Valley East (34),34,Victoria Village (43),43,D33,North York,EGLINTON Aven E,BERMONDSEY Road, ,Major Arterial,Intersection,At Intersection,Traffic Signal,Rain,Daylight,Wet,Non-Fatal Injury,Rear End,Driver,50 to 54,Major,0,East,"Automobile, Station Wagon",Stopped,Driving Properly,Normal, , , , , , ,0,0,1,0,0,0,0,0,0,1,0,0,0,0
1112065,2009,5,28,15,0,3,43.72604538,-79.31349029,Don Valley East (34),34,Victoria Village (43),43,D33,North York,EGLINTON Aven E,BERMONDSEY Road, ,Major Arterial,Intersection,At Intersection,Traffic Signal,Rain,Daylight,Wet,Non-Fatal Injury,Rear End,Driver,30 to 34,,0,East,"Automobile, Station Wagon",Stopped,Driving Properly,Normal, , , , , , ,0,0,1,0,0,0,0,0,0,1,0,0,0,0
1162426,2010,4,9,15,0,4,43.70754538,-79.57819029,Etobicoke North (2),2,West Humber-Clairville (1),1,D23,Etobicoke York,MARTIN GROVE RD,BETHRIDGE RD, ,Minor Arterial,Intersection,At Intersection,Traffic Signal,Clear,Daylight,Dry,Non-Fatal Injury,Angle,Vehicle Owner,unknown, ,0, ,Other, , , , , , , , , ,0,0,1,0,0,0,0,0,0,0,0,0,1,0
1162426,2010,4,9,15,0,4,43.70754538,-79.57819029,Etobicoke North (2),2,West Humber-Clairville (1),1,D23,Etobicoke York,MARTIN GROVE RD,BETHRIDGE RD, ,Minor Arterial,Intersection,At Intersection,Traffic Signal,Clear,Daylight,Dry,Non-Fatal Injury,Angle,Driver,55 to 59,Minimal,0,East,"Automobile, Station Wagon",Stopped,Driving Properly,Normal, , , , , , ,0,0,1,0,0,0,0,0,0,0,0,0,1,0
1162426,2010,4,9,15,0,4,43.70754538,-79.57819029,Etobicoke North (2),2,West Humber-Clairville (1),1,D23,Etobicoke York,MARTIN GROVE RD,BETHRIDGE RD, ,Minor Arterial,Intersection,At Intersection,Traffic Signal,Clear,Daylight,Dry,Non-Fatal Injury,Angle,Vehicle Owner,unknown, ,0, ,Other, , , , , , , , , ,0,0,1,0,0,0,0,0,0,0,0,0,1,0
1162426,2010,4,9,15,0,4,43.70754538,-79.57819029,Etobicoke North (2),2,West Humber-Clairville (1),1,D23,Etobicoke York,MARTIN GROVE RD,BETHRIDGE RD, ,Minor Arterial,Intersection,At Intersection,Traffic Signal,Clear,Daylight,Dry,Non-Fatal Injury,Angle,Driver,55 to 59,Major,0,South,"Automobile, Station Wagon",Going Ahead,Lost control,Medical or Physical Disability, , , , , , ,0,0,1,0,0,0,0,0,0,0,0,0,1,0
1263305,2011,9,6,15,0,1,43.80324538,-79.28609029,Scarborough-Rouge River (41),41,Agincourt South-Malvern West (128),128,D42,Scarborough,MIDLAND AVE,FINCH AVE E, ,Major Arterial,Mid-Block, ,No Control,Clear,Daylight,Dry,Non-Fatal Injury,SMV Other,Other Property Owner,unknown, ,0, ,Other, , , , , , , , , ,0,0,1,0,0,0,0,0,0,0,0,0,0,0
1263305,2011,9,6,15,0,1,43.80324538,-79.28609029,Scarborough-Rouge River (41),41,Agincourt South-Malvern West (128),128,D42,Scarborough,MIDLAND AVE,FINCH AVE E, ,Major Arterial,Mid-Block, ,No Control,Clear,Daylight,Dry,Non-Fatal Injury,SMV Other,Vehicle Owner,unknown, ,0, ,Other, , , , , , , , , ,0,0,1,0,0,0,0,0,0,0,0,0,0,0
1263305,2011,9,6,15,0,1,43.80324538,-79.28609029,Scarborough-Rouge River (41),41,Agincourt South-Malvern West (128),128,D42,Scarborough,MIDLAND AVE,FINCH AVE E, ,Major Arterial,Mid-Block, ,No Control,Clear,Daylight,Dry,Non-Fatal Injury,SMV Other,Driver,20 to 24,Major,0,North,"Automobile, Station Wagon",Going Ahead,Lost control,Inattentive, , , , , , ,0,0,1,0,0,0,0,0,0,0,0,0,0,0
131219717,2013,12,24,15,0,1,43.72236975,-79.30168543,Scarborough Southwest (35),35,Clairlea-Birchmount (120),120,D41,Scarborough,VICTORIA PARK AVE,O CONNOR DR, ,Major Arterial,Mid-Block, ,Stop Sign,Clear,Daylight,Dry,Fatal,Pedestrian Collisions,Driver,65 to 69,,0,West,"Automobile, Station Wagon",Turning Left,Driving Properly,Normal, , , , , , ,1,0,1,0,0,0,0,0,0,0,0,0,0,1
131219717,2013,12,24,15,0,1,43.72236975,-79.30168543,Scarborough Southwest (35),35,Clairlea-Birchmount (120),120,D41,Scarborough,VICTORIA PARK AVE,O CONNOR DR, ,Major Arterial,Mid-Block, ,Stop Sign,Clear,Daylight,Dry,Fatal,Pedestrian Collisions,Pedestrian,70 to 74,Fatal,63,East, , , , ,Pedestrian hit at mid-block,"Crossing, no Traffic Control",Unknown, , , ,1,0,1,0,0,0,0,0,0,0,0,0,0,1
5001551226,2015,9,8,15,0,1,43.64895209,-79.37124262,Toronto Centre-Rosedale (28),28,Waterfront Communities-The Island (77),77,D51,Toronto East York,JARVIS ST,FRONT ST E,53 m South of,Major Arterial,Mid-Block,Non Intersection,No Control,Clear,Daylight,Dry,Non-Fatal Injury,Pedestrian Collisions,Driver,35 to 39,,0,South,"Automobile, Station Wagon",Going Ahead,Driving Properly,Normal, , , , , , ,1,0,1,0,0,0,0,0,0,0,0,0,0,0
5001551226,2015,9,8,15,0,1,43.64895209,-79.37124262,Toronto Centre-Rosedale (28),28,Waterfront Communities-The Island (77),77,D51,Toronto East York,JARVIS ST,FRONT ST E,53 m South of,Major Arterial,Mid-Block,Non Intersection,No Control,Clear,Daylight,Dry,Non-Fatal Injury,Pedestrian Collisions,Pedestrian,65 to 69,Major,0,Unknown, , , , ,Pedestrian hit at mid-block,"Crossing, no Traffic Control",Inattentive, , , ,1,0,1,0,0,0,0,0,0,0,0,0,0,0
1128346,2009,9,8,15,1,1,43.67344626,-79.28348933,Beaches-East York (32),32,The Beaches (63),63,D55,Toronto East York,QUEEN ST E,MUNRO PARK AVE, ,Minor Arterial,Intersection,At Intersection,No Control,Clear,Daylight,Dry,Non-Fatal Injury,Turning Movement,Motorcycle Driver,45 to 49,Major,0,West,Motorcycle,Going Ahead,Driving Properly,Normal, , , , , , ,0,0,1,1,0,0,0,0,0,0,0,0,0,0
1128346,2009,9,8,15,1,1,43.67344626,-79.28348933,Beaches-East York (32),32,The Beaches (63),63,D55,Toronto East York,QUEEN ST E,MUNRO PARK AVE, ,Minor Arterial,Intersection,At Intersection,No Control,Clear,Daylight,Dry,Non-Fatal Injury,Turning Movement,Driver,30 to 34,,0,East,"Automobile, Station Wagon",Making U Turn,Improper Turn,Had Been Drinking, , , , , , ,0,0,1,1,0,0,0,0,0,0,0,0,0,0
4002589073,2014,7,28,15,1,0,43.73840674,-79.43423853,York Centre (10),10,Lansing-Westgate (38),38,D32,North York,BATHURST ST,SOUTHBOURNE AVE, ,Major Arterial,Intersection,Non Intersection,No Control,Clear,Daylight,Dry,Non-Fatal Injury,Pedestrian Collisions,Pedestrian,60 to 64,Major,0,West,"Automobile, Station Wagon", , , ,Vehicle is going straight thru inter.while ped cross without ROW,Crossing without right of way,Normal, , , ,1,0,1,0,0,0,0,0,0,0,0,0,0,0
4002589073,2014,7,28,15,1,0,43.73840674,-79.43423853,York Centre (10),10,Lansing-Westgate (38),38,D32,North York,BATHURST ST,SOUTHBOURNE AVE, ,Major Arterial,Intersection,Non Intersection,No Control,Clear,Daylight,Dry,Non-Fatal Injury,Pedestrian Collisions,Driver,60 to 64,,0,North,"Automobile, Station Wagon",Going Ahead,Driving Properly,Normal, , , , , , ,1,0,1,0,0,0,0,0,0,0,0,0,0,0
984399,2007,8,10,15,2,4,43.63444538,-79.40869029,Trinity-Spadina (20),20,Niagara (82),82,D14,Toronto East York,LAKE SHORE BLVD W,REMEMBRANCE DR, ,Major Arterial,Intersection,At Intersection,Traffic Signal,Clear,Daylight,Dry,Non-Fatal Injury,Cyclist Collisions,Driver,20 to 24,,0,East,"Automobile, Station Wagon",Going Ahead,Driving Properly,Normal, , , , , , ,0,1,1,0,0,0,0,0,0,0,0,0,0,0
984399,2007,8,10,15,2,4,43.63444538,-79.40869029,Trinity-Spadina (20),20,Niagara (82),82,D14,Toronto East York,LAKE SHORE BLVD W,REMEMBRANCE DR, ,Major Arterial,Intersection,At Intersection,Traffic Signal,Clear,Daylight,Dry,Non-Fatal Injury,Cyclist Collisions,Cyclist,75 to 79,Major,0,South,Bicycle,Going Ahead, , , , , ,"Cyclist without ROW rides into path of motorist at inter, lnwy, dwy-Cyclist not turn.",Disobeyed Traffic Control,Normal,0,1,1,0,0,0,0,0,0,0,0,0,0,0
995785,2007,10,10,15,3,2,43.68304538,-79.53259029,Etobicoke Centre (4),4,Willowridge-Martingrove-Richview (7),7,D23,Etobicoke York,LA ROSE AVE,WATLING ST, ,Local,Intersection, ,No Control,Clear,Daylight,Wet,Fatal,SMV Other,Vehicle Owner,unknown, ,0, ,Other, , , , , , , , , ,0,0,1,0,0,0,0,0,1,1,0,0,0,1
995785,2007,10,10,15,3,2,43.68304538,-79.53259029,Etobicoke Centre (4),4,Willowridge-Martingrove-Richview (7),7,D23,Etobicoke York,LA ROSE AVE,WATLING ST, ,Local,Intersection, ,No Control,Clear,Daylight,Wet,Fatal,SMV Other,Driver,55 to 59,Fatal,0,East,"Automobile, Station Wagon",Going Ahead,Exceeding Speed Limit,Unknown, , , , , , ,0,0,1,0,0,0,0,0,1,1,0,0,0,1
1149558,2010,1,24,15,3,6,43.68054538,-79.43129029,St. Paul's (21),21,Wychwood (94),94,D13,Toronto East York,ST CLAIR Aven W,HENDRICK Aven, ,Major Arterial,Intersection, ,No Control,Rain,Daylight,Wet,Non-Fatal Injury,Turning Movement,Vehicle Owner,unknown, ,0, ,Other, , , , , , , , , ,0,0,1,0,0,1,0,0,0,1,0,0,0,0
1149558,2010,1,24,15,3,6,43.68054538,-79.43129029,St. Paul's (21),21,Wychwood (94),94,D13,Toronto East York,ST CLAIR Aven W,HENDRICK Aven, ,Major Arterial,Intersection, ,No Control,Rain,Daylight,Wet,Non-Fatal Injury,Turning Movement,Driver,45 to 49,,0,West,Municipal Transit Bus (TTC),Going Ahead,Driving Properly,Normal, , , , , , ,0,0,1,0,0,1,0,0,0,1,0,0,0,0
1149558,2010,1,24,15,3,6,43.68054538,-79.43129029,St. Paul's (21),21,Wychwood (94),94,D13,Toronto East York,ST CLAIR Aven W,HENDRICK Aven, ,Major Arterial,Intersection, ,No Control,Rain,Daylight,Wet,Non-Fatal Injury,Turning Movement,Driver,35 to 39,Major,0,West,"Automobile, Station Wagon",Turning Left,Disobeyed Traffic Control,Fatigue, , , , , , ,0,0,1,0,0,1,0,0,0,1,0,0,0,0
1270054,2011,12,15,15,3,3,43.77964538,-79.34569029,Don Valley East (33),33,Don Valley Village (47),47,D33,North York,FAIRVIEW MALL DR,GODSTONE RD, ,Minor Arterial,Intersection, ,Traffic Signal,Rain,Daylight,Wet,Non-Fatal Injury,Pedestrian Collisions,Pedestrian,75 to 79,Major,0,North,Other, , , ,Vehicle turns left while ped crosses with ROW at inter.,Crossing with right of way,Normal, , , ,1,0,0,0,1,0,0,0,0,1,0,0,0,0
1270054,2011,12,15,15,3,3,43.77964538,-79.34569029,Don Valley East (33),33,Don Valley Village (47),47,D33,North York,FAIRVIEW MALL DR,GODSTONE RD, ,Minor Arterial,Intersection, ,Traffic Signal,Rain,Daylight,Wet,Non-Fatal Injury,Pedestrian Collisions,Vehicle Owner,unknown, ,0, ,Other, , , , , , , , , ,1,0,0,0,1,0,0,0,0,1,0,0,0,0
1270054,2011,12,15,15,3,3,43.77964538,-79.34569029,Don Valley East (33),33,Don Valley Village (47),47,D33,North York,FAIRVIEW MALL DR,GODSTONE RD, ,Minor Arterial,Intersection, ,Traffic Signal,Rain,Daylight,Wet,Non-Fatal Injury,Pedestrian Collisions,Truck Driver,60 to 64,,0,South,Truck - Open,Turning Left,Failed to Yield Right of Way,Inattentive, , , , , , ,1,0,0,0,1,0,0,0,0,1,0,0,0,0
7000680975,2017,4,18,15,3,1,43.75538595,-79.43844233,York Centre (10),10,Lansing-Westgate (38),38,D32,North York,SHEPPARD AVE W,BATHURST ST,20 m West of,Major Arterial,Intersection,At/Near Private Drive,No Control,Clear,Daylight,Dry,Non-Fatal Injury,Cyclist Collisions,Driver,55 to 59,,0,North,"Automobile, Station Wagon",Turning Right,Failed to Yield Right of Way,Inattentive, , , , , , ,0,1,1,0,0,0,0,0,0,1,0,0,0,0
7000680975,2017,4,18,15,3,1,43.75538595,-79.43844233,York Centre (10),10,Lansing-Westgate (38),38,D32,North York,SHEPPARD AVE W,BATHURST ST,20 m West of,Major Arterial,Intersection,At/Near Private Drive,No Control,Clear,Daylight,Dry,Non-Fatal Injury,Cyclist Collisions,Cyclist,55 to 59,Major,0,East,Bicycle,Going Ahead, , , , , ,"Motorist turns right at non-signal Inter.(stop, yield, no cont.,and dwy) and strikes cyclist.",Driving Properly,Normal,0,1,1,0,0,0,0,0,0,1,0,0,0,0
1156744,2010,3,9,15,4,1,43.75954538,-79.59529029,Etobicoke North (1),1,Mount Olive-Silverstone-Jamestown (2),2,D23,Etobicoke York,STEELES AVE W,GIHON SPRING DR, ,Major Arterial,Mid-Block, ,No Control,Clear,Daylight,Dry,Fatal,Approaching,Vehicle Owner,unknown, ,0, ,Other, , , , , , , , , ,0,0,1,0,1,0,0,0,0,0,0,0,0,1
1156744,2010,3,9,15,4,1,43.75954538,-79.59529029,Etobicoke North (1),1,Mount Olive-Silverstone-Jamestown (2),2,D23,Etobicoke York,STEELES AVE W,GIHON SPRING DR, ,Major Arterial,Mid-Block, ,No Control,Clear,Daylight,Dry,Fatal,Approaching,Truck Driver,40 to 44,,0,West,Truck - Open,Going Ahead,Driving Properly,Normal, , , , , , ,0,0,1,0,1,0,0,0,0,0,0,0,0,1
1156744,2010,3,9,15,4,1,43.75954538,-79.59529029,Etobicoke North (1),1,Mount Olive-Silverstone-Jamestown (2),2,D23,Etobicoke York,STEELES AVE W,GIHON SPRING DR, ,Major Arterial,Mid-Block, ,No Control,Clear,Daylight,Dry,Fatal,Approaching,Driver,45 to 49,Fatal,14,East,"Automobile, Station Wagon",Going Ahead,Lost control,Unknown, , , , , , ,0,0,1,0,1,0,0,0,0,0,0,0,0,1
1156744,2010,3,9,15,4,1,43.75954538,-79.59529029,Etobicoke North (1),1,Mount Olive-Silverstone-Jamestown (2),2,D23,Etobicoke York,STEELES AVE W,GIHON SPRING DR, ,Major Arterial,Mid-Block, ,No Control,Clear,Daylight,Dry,Fatal,Approaching,Other,unknown,,0, ,Other, , , , , , , , , ,0,0,1,0,1,0,0,0,0,0,0,0,0,1
7000970282,2017,6,1,15,4,3,43.66474112,-79.35513697,Toronto-Danforth (30),30,South Riverdale (70),70,D55,Toronto East York,GERRARD ST E,ST MATTHEWS RD,15 m East of,Minor Arterial,Intersection,Non Intersection,No Control,Clear,Daylight,Dry,Non-Fatal Injury,Pedestrian Collisions,Driver,55 to 59,,0,West,"Automobile, Station Wagon",Going Ahead,Driving Properly,Normal, , , , , , ,1,0,1,0,0,0,0,0,0,0,0,0,0,0
7000970282,2017,6,1,15,4,3,43.66474112,-79.35513697,Toronto-Danforth (30),30,South Riverdale (70),70,D55,Toronto East York,GERRARD ST E,ST MATTHEWS RD,15 m East of,Minor Arterial,Intersection,Non Intersection,No Control,Clear,Daylight,Dry,Non-Fatal Injury,Pedestrian Collisions,Pedestrian,60 to 64,Major,0,North, , , , ,Pedestrian hit at mid-block,"Crossing, no Traffic Control",Normal, , , ,1,0,1,0,0,0,0,0,0,0,0,0,0,0
7001289449,2017,7,18,15,4,1,43.64926108,-79.48443995,Parkdale-High Park (13),13,High Park-Swansea (87),87,D11,Etobicoke York,BLOOR ST W,JANE ST, ,Major Arterial,Intersection,At Intersection,Traffic Signal,Clear,Daylight,Dry,Fatal,Rear End,Motorcycle Driver,70 to 74,Fatal,31,East,Motorcycle,Going Ahead,Driving Properly,Unknown, , , , , , ,0,0,0,1,1,0,0,0,0,0,0,0,0,1
7001289449,2017,7,18,15,4,1,43.64926108,-79.48443995,Parkdale-High Park (13),13,High Park-Swansea (87),87,D11,Etobicoke York,BLOOR ST W,JANE ST, ,Major Arterial,Intersection,At Intersection,Traffic Signal,Clear,Daylight,Dry,Fatal,Rear End,Truck Driver,40 to 44,,0,East,Truck - Dump,Going Ahead,Other,Normal, , , , , , ,0,0,0,1,1,0,0,0,0,0,0,0,0,1
1266612,2011,9,24,15,5,5,43.60244538,-79.51009029,Etobicoke-Lakeshore (6),6,New Toronto (18),18,D22,Etobicoke York,BIRMINGHAM Stre,ETTA WYLIE Road, ,Collector,Intersection,At Intersection,No Control,Clear,Daylight,Dry,Non-Fatal Injury,Cyclist Collisions,Driver,60 to 64,,0,West,"Automobile, Station Wagon",Turning Left,Failed to Yield Right of Way,Inattentive, , , , , , ,0,1,1,0,0,0,0,0,0,1,0,0,0,0
1266612,2011,9,24,15,5,5,43.60244538,-79.51009029,Etobicoke-Lakeshore (6),6,New Toronto (18),18,D22,Etobicoke York,BIRMINGHAM Stre,ETTA WYLIE Road, ,Collector,Intersection,At Intersection,No Control,Clear,Daylight,Dry,Non-Fatal Injury,Cyclist Collisions,Cyclist,50 to 54,Major,0,East,Bicycle,Going Ahead, , , , , ,Motorist turned left across cyclists path.,Driving Properly,Normal,0,1,1,0,0,0,0,0,0,1,0,0,0,0
1289091,2012,2,12,15,5,6,43.70824538,-79.39089029,St. Paul's (22),22,Mount Pleasant West (104),104,D53,Toronto East York,EGLINTON Ave E,BROWNLOW Ave, ,Major Arterial,Mid-Block, ,No Control,Clear,Daylight,Wet,Non-Fatal Injury,SMV Other,Vehicle Owner,unknown, ,0, ,Other, , , , , , , , , ,0,0,1,0,0,0,0,0,1,1,0,0,0,0
1289091,2012,2,12,15,5,6,43.70824538,-79.39089029,St. Paul's (22),22,Mount Pleasant West (104),104,D53,Toronto East York,EGLINTON Ave E,BROWNLOW Ave, ,Major Arterial,Mid-Block, ,No Control,Clear,Daylight,Wet,Non-Fatal Injury,SMV Other,Driver,25 to 29,Major,0,East,"Automobile, Station Wagon",Going Ahead,Lost control,Unknown, , , , , , ,0,0,1,0,0,0,0,0,1,1,0,0,0,0