ACCNUM,YEAR,MONTH,DAY,HOUR,MINUTES,WEEKDAY,LATITUDE,LONGITUDE,Ward_Name,Ward_ID,Hood_Name,Hood_ID,Division,District,STREET1,STREET2,OFFSET,ROAD_CLASS,LOCCOORD,ACCLOC,TRAFFCTL,VISIBILITY,LIGHT,RDSFCOND,ACCLASS,IMPACTYPE,INVTYPE,INVAGE,INJURY,FATAL_NO,INITDIR,VEHTYPE,MANOEUVER,DRIVACT,DRIVCOND,PEDTYPE,PEDACT,PEDCOND,CYCLISTYPE,CYCACT,CYCCOND,PEDESTRIAN,CYCLIST,AUTOMOBILE,MOTORCYCLE,TRUCK,TRSN_CITY_VEH,EMERG_VEH,PASSENGER,SPEEDING,AG_DRIV,REDLIGHT,ALCOHOL,DISABILITY,label
1143968,2009,12,1,15,10,1,43.74774538,-79.63249029,Etobicoke North (1),1,West Humber-Clairville (1),1,D23,Etobicoke York,ALBION RD,CLAIREPORT CRES, ,Major Arterial,Intersection,At Intersection,Traffic Signal,Clear,Daylight,Dry,Non-Fatal Injury,Rear End,Vehicle Owner,unknown, ,0, ,Other, , , , , , , , , ,0,0,1,0,0,0,0,0,0,1,0,0,0,0
1143968,2009,12,1,15,10,1,43.74774538,-79.63249029,Etobicoke North (1),1,West Humber-Clairville (1),1,D23,Etobicoke York,ALBION RD,CLAIREPORT CRES, ,Major Arterial,Intersection,At Intersection,Traffic Signal,Clear,Daylight,Dry,Non-Fatal Injury,Rear End,Driver,35 to 39,Major,0,East,"Automobile, Station Wagon",Stopped,Driving Properly,Normal, , , , , , ,0,0,1,0,0,0,0,0,0,1,0,0,0,0
1271103,2011,10,28,15,10,4,43.74704538,-79.51509029,York Centre (9),9,Glenfield-Jane Heights (25),25,D31,North York,JANE ST,GRANDRAVINE DR, ,Major Arterial,Intersection,At Intersection,Traffic Signal,Clear,Daylight,Dry,Non-Fatal Injury,Pedestrian Collisions,Vehicle Owner,unknown, ,0, ,Other, , , , , , , , , ,1,0,1,0,0,0,0,0,0,1,0,0,0,0
1271103,2011,10,28,15,10,4,43.74704538,-79.51509029,York Centre (9),9,Glenfield-Jane Heights (25),25,D31,North York,JANE ST,GRANDRAVINE DR, ,Major Arterial,Intersection,At Intersection,Traffic Signal,Clear,Daylight,Dry,Non-Fatal Injury,Pedestrian Collisions,Driver,25 to 29,,0,West,"Automobile, Station Wagon",Turning Left,Failed to Yield Right of Way,Inattentive, , , , , , ,1,0,1,0,0,0,0,0,0,1,0,0,0,0
1271103,2011,10,28,15,10,4,43.74704538,-79.51509029,York Centre (9),9,Glenfield-Jane Heights (25),25,D31,North York,JANE ST,GRANDRAVINE DR, ,Major Arterial,Intersection,At Intersection,Traffic Signal,Clear,Daylight,Dry,Non-Fatal Injury,Pedestrian Collisions,Pedestrian,80 to 84,Major,0,East,Other, , , ,Vehicle turns left while ped crosses with ROW at inter.,Crossing with right of way,Normal, , , ,1,0,1,0,0,0,0,0,0,1,0,0,0,0
1301849,2012,5,7,15,10,0,43.70274538,-79.31559029,Beaches-East York (31),31,O'Connor-Parkview (54),54,D54,Toronto East York,O CONNOR DR,GLENWOOD CRES, ,Major Arterial,Intersection,At Intersection,Traffic Signal,Clear,Daylight,Dry,Non-Fatal Injury,SMV Other,Vehicle Owner,unknown, ,0, ,Other, , , , , , , , , ,0,0,1,0,0,0,0,0,1,1,0,0,1,0
1301849,2012,5,7,15,10,0,43.70274538,-79.31559029,Beaches-East York (31),31,O'Connor-Parkview (54),54,D54,Toronto East York,O CONNOR DR,GLENWOOD CRES, ,Major Arterial,Intersection,At Intersection,Traffic Signal,Clear,Daylight,Dry,Non-Fatal Injury,SMV Other,Driver,20 to 24,Major,0,North,"Automobile, Station Wagon",Going Ahead,Lost control,Medical or Physical Disability, , , , , , ,0,0,1,0,0,0,0,0,1,1,0,0,1,0
1301849,2012,5,7,15,10,0,43.70274538,-79.31559029,Beaches-East York (31),31,O'Connor-Parkview (54),54,D54,Toronto East York,O CONNOR DR,GLENWOOD CRES, ,Major Arterial,Intersection,At Intersection,Traffic Signal,Clear,Daylight,Dry,Non-Fatal Injury,SMV Other,Other Property Owner,unknown, ,0, ,Other, , , , , , , , , ,0,0,1,0,0,0,0,0,1,1,0,0,1,0
1338584,2012,12,7,15,10,4,43.77600821,-79.23350916,Scarborough Centre (38),38,Woburn (137),137,D43,Scarborough,ELLESMERE RD,MARKHAM RD, ,Major Arterial,Mid-Block,At Intersection,No Control,Rain,Daylight,Wet,Non-Fatal Injury,Rear End,Passenger,50 to 54,Major,0, ,Other, , , , , , , , , ,0,0,1,0,0,0,0,1,1,1,0,0,0,0
1338584,2012,12,7,15,10,4,43.77600821,-79.23350916,Scarborough Centre (38),38,Woburn (137),137,D43,Scarborough,ELLESMERE RD,MARKHAM RD, ,Major Arterial,Mid-Block,At Intersection,No Control,Rain,Daylight,Wet,Non-Fatal Injury,Rear End,Passenger,50 to 54,Minor,0, ,Other, , , , , , , , , ,0,0,1,0,0,0,0,1,1,1,0,0,0,0
1338584,2012,12,7,15,10,4,43.77600821,-79.23350916,Scarborough Centre (38),38,Woburn (137),137,D43,Scarborough,ELLESMERE RD,MARKHAM RD, ,Major Arterial,Mid-Block,At Intersection,No Control,Rain,Daylight,Wet,Non-Fatal Injury,Rear End,Vehicle Owner,unknown, ,0, ,Other, , , , , , , , , ,0,0,1,0,0,0,0,1,1,1,0,0,0,0
1338584,2012,12,7,15,10,4,43.77600821,-79.23350916,Scarborough Centre (38),38,Woburn (137),137,D43,Scarborough,ELLESMERE RD,MARKHAM RD, ,Major Arterial,Mid-Block,At Intersection,No Control,Rain,Daylight,Wet,Non-Fatal Injury,Rear End,Driver,45 to 49,,0,East,"Automobile, Station Wagon",Going Ahead,Speed too Fast For Condition,Normal, , , , , , ,0,0,1,0,0,0,0,1,1,1,0,0,0,0
1338584,2012,12,7,15,10,4,43.77600821,-79.23350916,Scarborough Centre (38),38,Woburn (137),137,D43,Scarborough,ELLESMERE RD,MARKHAM RD, ,Major Arterial,Mid-Block,At Intersection,No Control,Rain,Daylight,Wet,Non-Fatal Injury,Rear End,Driver,70 to 74,,0,East,"Automobile, Station Wagon",Stopped,Driving Properly,Normal, , , , , , ,0,0,1,0,0,0,0,1,1,1,0,0,0,0
1338584,2012,12,7,15,10,4,43.77600821,-79.23350916,Scarborough Centre (38),38,Woburn (137),137,D43,Scarborough,ELLESMERE RD,MARKHAM RD, ,Major Arterial,Mid-Block,At Intersection,No Control,Rain,Daylight,Wet,Non-Fatal Injury,Rear End,Vehicle Owner,unknown, ,0, ,Other, , , , , , , , , ,0,0,1,0,0,0,0,1,1,1,0,0,0,0
1338584,2012,12,7,15,10,4,43.77600821,-79.23350916,Scarborough Centre (38),38,Woburn (137),137,D43,Scarborough,ELLESMERE RD,MARKHAM RD, ,Major Arterial,Mid-Block,At Intersection,No Control,Rain,Daylight,Wet,Non-Fatal Injury,Rear End,Driver,35 to 39,Minor,0,East,"Automobile, Station Wagon",Stopped,Driving Properly,Normal, , , , , , ,0,0,1,0,0,0,0,1,1,1,0,0,0,0
1338584,2012,12,7,15,10,4,43.77600821,-79.23350916,Scarborough Centre (38),38,Woburn (137),137,D43,Scarborough,ELLESMERE RD,MARKHAM RD, ,Major Arterial,Mid-Block,At Intersection,No Control,Rain,Daylight,Wet,Non-Fatal Injury,Rear End,Driver,60 to 64,Minor,0,East,"Automobile, Station Wagon",Stopped,Driving Properly,Normal, , , , , , ,0,0,1,0,0,0,0,1,1,1,0,0,0,0
4001414099,2014,1,26,15,10,6,43.66222342,-79.35224543,Toronto-Danforth (30),30,South Riverdale (70),70,D55,Toronto East York,DUNDAS ST E,HAMILTON ST, ,Major Arterial,Intersection,Intersection Related,Stop Sign,Snow,Daylight,Slush,Non-Fatal Injury,Angle,Driver,55 to 59,,0,South,"Automobile, Station Wagon",Going Ahead,Failed to Yield Right of Way,Normal, , , , , , ,0,0,1,0,0,0,0,1,0,1,0,0,0,0
4001414099,2014,1,26,15,10,6,43.66222342,-79.35224543,Toronto-Danforth (30),30,South Riverdale (70),70,D55,Toronto East York,DUNDAS ST E,HAMILTON ST, ,Major Arterial,Intersection,Intersection Related,Stop Sign,Snow,Daylight,Slush,Non-Fatal Injury,Angle,Driver,40 to 44,,0,East,"Automobile, Station Wagon",Going Ahead,Driving Properly,Normal, , , , , , ,0,0,1,0,0,0,0,1,0,1,0,0,0,0
4001414099,2014,1,26,15,10,6,43.66222342,-79.35224543,Toronto-Danforth (30),30,South Riverdale (70),70,D55,Toronto East York,DUNDAS ST E,HAMILTON ST, ,Major Arterial,Intersection,Intersection Related,Stop Sign,Snow,Daylight,Slush,Non-Fatal Injury,Angle,Passenger,unknown,Major,0, , , , , , , , , , , ,0,0,1,0,0,0,0,1,0,1,0,0,0,0
5001841929,2015,10,26,15,10,0,43.72740515,-79.48011408,York Centre (9),9,Downsview-Roding-CFB (26),26,D31,North York,WILSON AVE,JAMES FINLAY WAY, ,Major Arterial,Intersection,At Intersection,Traffic Signal,Clear,Daylight,Dry,Non-Fatal Injury,Cyclist Collisions,Driver,50 to 54,,0,North,"Automobile, Station Wagon",Turning Right,Failed to Yield Right of Way,Normal, , , , , , ,0,1,1,0,0,0,0,1,0,1,0,0,0,0
5001841929,2015,10,26,15,10,0,43.72740515,-79.48011408,York Centre (9),9,Downsview-Roding-CFB (26),26,D31,North York,WILSON AVE,JAMES FINLAY WAY, ,Major Arterial,Intersection,At Intersection,Traffic Signal,Clear,Daylight,Dry,Non-Fatal Injury,Cyclist Collisions,Cyclist,20 to 24,Major,0,West,Bicycle,Going Ahead, , , , , ,Motorist turning right on red at signalized intersection strikes cyclist.,Driving Properly,Normal,0,1,1,0,0,0,0,1,0,1,0,0,0,0
5001841929,2015,10,26,15,10,0,43.72740515,-79.48011408,York Centre (9),9,Downsview-Roding-CFB (26),26,D31,North York,WILSON AVE,JAMES FINLAY WAY, ,Major Arterial,Intersection,At Intersection,Traffic Signal,Clear,Daylight,Dry,Non-Fatal Injury,Cyclist Collisions,Passenger,20 to 24,,0, , , , , , , , , , , ,0,1,1,0,0,0,0,1,0,1,0,0,0,0
6000705795,2016,4,25,15,10,0,43.78366812,-79.36652003,Don Valley East (33),33,Don Valley Village (47),47,D33,North York,LESLIE ST,VAN HORNE AVE, ,Major Arterial,Intersection,At Intersection,Traffic Signal,Clear,Daylight,Dry,Non-Fatal Injury,Pedestrian Collisions,Driver,75 to 79,,0,South,"Automobile, Station Wagon",Turning Left,Driving Properly,Normal, , , , , , ,1,0,1,0,0,0,0,0,0,0,0,0,0,0
6000705795,2016,4,25,15,10,0,43.78366812,-79.36652003,Don Valley East (33),33,Don Valley Village (47),47,D33,North York,LESLIE ST,VAN HORNE AVE, ,Major Arterial,Intersection,At Intersection,Traffic Signal,Clear,Daylight,Dry,Non-Fatal Injury,Pedestrian Collisions,Pedestrian,65 to 69,Major,0,East, , , , ,Vehicle turns left while ped crosses without ROW at inter.,Crossing without right of way,Inattentive, , , ,1,0,1,0,0,0,0,0,0,0,0,0,0,0
7000244602,2017,2,8,15,10,2,43.73233755,-79.34146509,Don Valley East (34),34,Banbury-Don Mills (42),42,D33,North York,4 THE DONWAY  E,GUYTOI CRT,3 m North of,Minor Arterial,Intersection,At/Near Private Drive,No Control,Clear,Daylight,Dry,Non-Fatal Injury,Pedestrian Collisions,Driver,35 to 39,,0,East,"Automobile, Station Wagon",Turning Left,Failed to Yield Right of Way,Inattentive, , , , , , ,1,0,1,0,0,0,0,0,0,1,0,0,0,0
7000244602,2017,2,8,15,10,2,43.73233755,-79.34146509,Don Valley East (34),34,Banbury-Don Mills (42),42,D33,North York,4 THE DONWAY  E,GUYTOI CRT,3 m North of,Minor Arterial,Intersection,At/Near Private Drive,No Control,Clear,Daylight,Dry,Non-Fatal Injury,Pedestrian Collisions,Pedestrian,35 to 39,Major,0,West, , , , ,Pedestrian hit at private driveway,On Sidewalk or Shoulder,Normal, , , ,1,0,1,0,0,0,0,0,0,1,0,0,0,0
7001122471,2017,6,23,15,10,4,43.67149313,-79.38925562,Toronto Centre-Rosedale (27),27,Annex (95),95,D53,Toronto East York,YORKVILLE AVE,YONGE ST,65 m West of,Collector,Mid-Block,Non Intersection,No Control,Clear,Daylight,Dry,Non-Fatal Injury,Pedestrian Collisions,Driver,45 to 49,,0,West,"Automobile, Station Wagon",Reversing,Driving Properly,Inattentive, , , , , , ,1,0,1,0,0,0,0,1,0,0,0,0,0,0
7001122471,2017,6,23,15,10,4,43.67149313,-79.38925562,Toronto Centre-Rosedale (27),27,Annex (95),95,D53,Toronto East York,YORKVILLE AVE,YONGE ST,65 m West of,Collector,Mid-Block,Non Intersection,No Control,Clear,Daylight,Dry,Non-Fatal Injury,Pedestrian Collisions,Passenger,10 to 14,,0, , , , , , , , , , , ,1,0,1,0,0,0,0,1,0,0,0,0,0,0
7001122471,2017,6,23,15,10,4,43.67149313,-79.38925562,Toronto Centre-Rosedale (27),27,Annex (95),95,D53,Toronto East York,YORKVILLE AVE,YONGE ST,65 m West of,Collector,Mid-Block,Non Intersection,No Control,Clear,Daylight,Dry,Non-Fatal Injury,Pedestrian Collisions,Pedestrian,85 to 89,Major,0,South, , , , ,Vehicle is reversing and hits pedestrian,"Crossing, no Traffic Control",Inattentive, , , ,1,0,1,0,0,0,0,1,0,0,0,0,0,0
1265142,2011,11,18,15,11,4,43.69074538,-79.42129029,St. Paul's (21),21,Forest Hill South (101),101,D13,Toronto East York,BATHURST ST,RIDGEWOOD RD, ,Major Arterial,Mid-Block, ,No Control,Clear,Daylight,Dry,Non-Fatal Injury,Rear End,Driver,50 to 54,,0,North,"Automobile, Station Wagon",Going Ahead,Driving Properly,Normal, , , , , , ,0,0,1,0,0,0,0,0,0,0,0,0,1,0
1265142,2011,11,18,15,11,4,43.69074538,-79.42129029,St. Paul's (21),21,Forest Hill South (101),101,D13,Toronto East York,BATHURST ST,RIDGEWOOD RD, ,Major Arterial,Mid-Block, ,No Control,Clear,Daylight,Dry,Non-Fatal Injury,Rear End,Driver,50 to 54,Major,0,North,"Automobile, Station Wagon",Going Ahead,Lost control,Medical or Physical Disability, , , , , , ,0,0,1,0,0,0,0,0,0,0,0,0,1,0
1292054,2012,3,8,15,11,3,43.85024538,-79.19129029,Scarborough-Rouge River (42),42,Rouge (131),131,D42,Scarborough,STEELES Aven E,REESOR Road, ,Minor Arterial,Mid-Block, ,No Control,Clear,Daylight,Wet,Non-Fatal Injury,Approaching,Driver,45 to 49,Major,0,East,"Automobile, Station Wagon",Going Ahead,Driving Properly,Normal, , , , , , ,0,0,1,0,0,0,0,0,0,0,0,0,0,0
1292054,2012,3,8,15,11,3,43.85024538,-79.19129029,Scarborough-Rouge River (42),42,Rouge (131),131,D42,Scarborough,STEELES Aven E,REESOR Road, ,Minor Arterial,Mid-Block, ,No Control,Clear,Daylight,Wet,Non-Fatal Injury,Approaching,Driver,55 to 59,Minor,0,West,"Automobile, Station Wagon",Going Ahead,Lost control,Unknown, , , , , , ,0,0,1,0,0,0,0,0,0,0,0,0,0,0
1212205,2010,12,8,15,12,2,43.81624538,-79.31449029,Scarborough-Agincourt (39),39,Steeles (116),116,D42,Scarborough,BIRCHMOUNT RD,WINTERMUTE BLVD, ,Minor Arterial,Intersection,At Intersection,Traffic Signal,Clear,Daylight,Dry,Non-Fatal Injury,Pedestrian Collisions,Driver,60 to 64,,0,West,"Automobile, Station Wagon",Turning Left,Failed to Yield Right of Way,Normal, , , , , , ,1,0,1,0,0,0,0,0,0,1,0,0,0,0
1212205,2010,12,8,15,12,2,43.81624538,-79.31449029,Scarborough-Agincourt (39),39,Steeles (116),116,D42,Scarborough,BIRCHMOUNT RD,WINTERMUTE BLVD, ,Minor Arterial,Intersection,At Intersection,Traffic Signal,Clear,Daylight,Dry,Non-Fatal Injury,Pedestrian Collisions,Pedestrian,15 to 19,Major,0,East,Other, , , ,Vehicle turns left while ped crosses with ROW at inter.,Crossing with right of way,Normal, , , ,1,0,1,0,0,0,0,0,0,1,0,0,0,0
950308,2007,1,16,15,13,1,43.72394538,-79.61529029,Etobicoke North (2),2,West Humber-Clairville (1),1,D23,Etobicoke York,HUMBERWOOD BLVD,HULLRICK DR, ,Collector,Mid-Block, ,No Control,Clear,Daylight,Slush,Non-Fatal Injury,Approaching,Vehicle Owner,unknown,,0, ,Other, , , , , , , , , ,0,0,1,0,0,0,0,1,0,0,0,0,0,0
950308,2007,1,16,15,13,1,43.72394538,-79.61529029,Etobicoke North (2),2,West Humber-Clairville (1),1,D23,Etobicoke York,HUMBERWOOD BLVD,HULLRICK DR, ,Collector,Mid-Block, ,No Control,Clear,Daylight,Slush,Non-Fatal Injury,Approaching,Passenger,40 to 44,Major,0, ,Other, , , , , , , , , ,0,0,1,0,0,0,0,1,0,0,0,0,0,0
950308,2007,1,16,15,13,1,43.72394538,-79.61529029,Etobicoke North (2),2,West Humber-Clairville (1),1,D23,Etobicoke York,HUMBERWOOD BLVD,HULLRICK DR, ,Collector,Mid-Block, ,No Control,Clear,Daylight,Slush,Non-Fatal Injury,Approaching,Driver,40 to 44,,0,North,"Automobile, Station Wagon",Slowing or Stopping,Driving Properly,Normal, , , , , , ,0,0,1,0,0,0,0,1,0,0,0,0,0,0
950308,2007,1,16,15,13,1,43.72394538,-79.61529029,Etobicoke North (2),2,West Humber-Clairville (1),1,D23,Etobicoke York,HUMBERWOOD BLVD,HULLRICK DR, ,Collector,Mid-Block, ,No Control,Clear,Daylight,Slush,Non-Fatal Injury,Approaching,Vehicle Owner,unknown,,0, ,Other, , , , , , , , , ,0,0,1,0,0,0,0,1,0,0,0,0,0,0
950308,2007,1,16,15,13,1,43.72394538,-79.61529029,Etobicoke North (2),2,West Humber-Clairville (1),1,D23,Etobicoke York,HUMBERWOOD BLVD,HULLRICK DR, ,Collector,Mid-Block, ,No Control,Clear,Daylight,Slush,Non-Fatal Injury,Approaching,Driver,45 to 49,,0,South,"Automobile, Station Wagon",Going Ahead,Lost control,Normal, , , , , , ,0,0,1,0,0,0,0,1,0,0,0,0,0,0
7001074054,2017,6,16,15,13,4,43.69363745,-79.44945917,Davenport (17),17,Caledonia-Fairbank (109),109,D13,Etobicoke York,DUFFERIN ST,HUNTER AVE,200 m South of,Major Arterial,Mid-Block,Non Intersection,No Control,Clear,Daylight,Dry,Non-Fatal Injury,Rear End,Driver,55 to 59,,0,North,Pick Up Truck,Going Ahead,Following too Close,Inattentive, , , , , , ,0,0,1,0,0,0,0,1,0,1,0,0,0,0
7001074054,2017,6,16,15,13,4,43.69363745,-79.44945917,Davenport (17),17,Caledonia-Fairbank (109),109,D13,Etobicoke York,DUFFERIN ST,HUNTER AVE,200 m South of,Major Arterial,Mid-Block,Non Intersection,No Control,Clear,Daylight,Dry,Non-Fatal Injury,Rear End,Driver,40 to 44,Major,0,North,"Automobile, Station Wagon",Stopped,Driving Properly,Normal, , , , , , ,0,0,1,0,0,0,0,1,0,1,0,0,0,0
7001074054,2017,6,16,15,13,4,43.69363745,-79.44945917,Davenport (17),17,Caledonia-Fairbank (109),109,D13,Etobicoke York,DUFFERIN ST,HUNTER AVE,200 m South of,Major Arterial,Mid-Block,Non Intersection,No Control,Clear,Daylight,Dry,Non-Fatal Injury,Rear End,Passenger,15 to 19,Minor,0, , , , , , , , , , , ,0,0,1,0,0,0,0,1,0,1,0,0,0,0
1357350,2013,4,22,15,14,0,43.66964538,-79.46799029,York South-Weston (11),11,Junction Area (90),90,D11,Etobicoke York,WEST TORONTO ST,KEELE ST, ,Collector,Mid-Block, ,No Control,Clear,Daylight,Dry,Non-Fatal Injury,Turning Movement,Vehicle Owner,unknown, ,0, ,Other, , , , , , , , , ,0,0,1,1,0,0,0,0,0,1,0,0,0,0
1357350,2013,4,22,15,14,0,43.66964538,-79.46799029,York South-Weston (11),11,Junction Area (90),90,D11,Etobicoke York,WEST TORONTO ST,KEELE ST, ,Collector,Mid-Block, ,No Control,Clear,Daylight,Dry,Non-Fatal Injury,Turning Movement,Driver,35 to 39,,0,South,"Automobile, Station Wagon",Turning Left,Failed to Yield Right of Way,Normal, , , , , , ,0,0,1,1,0,0,0,0,0,1,0,0,0,0
1357350,2013,4,22,15,14,0,43.66964538,-79.46799029,York South-Weston (11),11,Junction Area (90),90,D11,Etobicoke York,WEST TORONTO ST,KEELE ST, ,Collector,Mid-Block, ,No Control,Clear,Daylight,Dry,Non-Fatal Injury,Turning Movement,Motorcycle Driver,50 to 54,Major,0,West,Motorcycle,Going Ahead,Driving Properly,Normal, , , , , , ,0,0,1,1,0,0,0,0,0,1,0,0,0,0
5000847589,2015,5,21,15,14,3,43.78778418,-79.27634058,Scarborough-Rouge River (41),41,Agincourt South-Malvern West (128),128,D42,Scarborough,GLEN WATFORD DR,RURAL AVE, ,Collector,Intersection,At Intersection,Stop Sign,Clear,Daylight,Dry,Non-Fatal Injury,Pedestrian Collisions,Driver,45 to 49,,0,North,"Automobile, Station Wagon",Turning Left,Failed to Yield Right of Way,Inattentive, , , , , , ,1,0,1,0,0,0,0,0,0,1,0,0,0,0
5000847589,2015,5,21,15,14,3,43.78778418,-79.27634058,Scarborough-Rouge River (41),41,Agincourt South-Malvern West (128),128,D42,Scarborough,GLEN WATFORD DR,RURAL AVE, ,Collector,Intersection,At Intersection,Stop Sign,Clear,Daylight,Dry,Non-Fatal Injury,Pedestrian Collisions,Pedestrian,15 to 19,Major,0,South, , , , ,Vehicle turns left while ped crosses with ROW at inter.,Crossing with right of way,Normal, , , ,1,0,1,0,0,0,0,0,0,1,0,0,0,0
6002195471,2016,12,11,15,14,6,43.70330389,-79.49175654,York South-Weston (12),12,Brookhaven-Amesbury (30),30,D12,Etobicoke York,BLACK CREEK DR,LAWRENCE AVE W,300 m South of,Major Arterial,Mid-Block,Non Intersection,No Control,Snow,Daylight,Loose Snow,Non-Fatal Injury,SMV Other,Driver,75 to 79,Major,0,North,"Automobile, Station Wagon",Going Ahead,Lost control,Normal, , , , , , ,0,0,1,0,0,0,0,1,0,0,0,0,0,0
6002195471,2016,12,11,15,14,6,43.70330389,-79.49175654,York South-Weston (12),12,Brookhaven-Amesbury (30),30,D12,Etobicoke York,BLACK CREEK DR,LAWRENCE AVE W,300 m South of,Major Arterial,Mid-Block,Non Intersection,No Control,Snow,Daylight,Loose Snow,Non-Fatal Injury,SMV Other,Passenger,35 to 39,,0, , , , , , , , , , , ,0,0,1,0,0,0,0,1,0,0,0,0,0,0
947325,2007,1,10,15,15,2,43.73094538,-79.59939029,Etobicoke North (1),1,West Humber-Clairville (1),1,D23,Etobicoke York,HUMBER COLLEGE BLVD,WESTMORE DR, ,Minor Arterial,Intersection, ,No Control,Clear,Daylight,Dry,Non-Fatal Injury,Pedestrian Collisions,Vehicle Owner,unknown, ,0, ,Other, , , , , , , , , ,1,0,1,0,0,0,0,0,0,0,0,0,0,0
947325,2007,1,10,15,15,2,43.73094538,-79.59939029,Etobicoke North (1),1,West Humber-Clairville (1),1,D23,Etobicoke York,HUMBER COLLEGE BLVD,WESTMORE DR, ,Minor Arterial,Intersection, ,No Control,Clear,Daylight,Dry,Non-Fatal Injury,Pedestrian Collisions,Driver,30 to 34,,0,East,"Automobile, Station Wagon",Going Ahead,Driving Properly,Normal, , , , , , ,1,0,1,0,0,0,0,0,0,0,0,0,0,0
947325,2007,1,10,15,15,2,43.73094538,-79.59939029,Etobicoke North (1),1,West Humber-Clairville (1),1,D23,Etobicoke York,HUMBER COLLEGE BLVD,WESTMORE DR, ,Minor Arterial,Intersection, ,No Control,Clear,Daylight,Dry,Non-Fatal Injury,Pedestrian Collisions,Pedestrian,50 to 54,Major,0,North,Other, , , ,Vehicle is going straight thru inter.while ped cross without ROW,Running onto Roadway,Normal, , , ,1,0,1,0,0,0,0,0,0,0,0,0,0,0
1239980,2011,4,25,15,15,0,43.71334538,-79.55969029,Etobicoke North (2),2,Rexdale-Kipling (4),4,D23,Etobicoke York,REXDALE BLVD,BERGAMOT AVE, ,Major Arterial,Intersection, ,Traffic Signal,Clear,Daylight,Dry,Non-Fatal Injury,Turning Movement,Passenger,50 to 54,,0, ,Other, , , , , , , , , ,0,0,1,0,0,0,0,1,0,1,0,0,0,0
1239980,2011,4,25,15,15,0,43.71334538,-79.55969029,Etobicoke North (2),2,Rexdale-Kipling (4),4,D23,Etobicoke York,REXDALE BLVD,BERGAMOT AVE, ,Major Arterial,Intersection, ,Traffic Signal,Clear,Daylight,Dry,Non-Fatal Injury,Turning Movement,Driver,40 to 44,,0,North,"Automobile, Station Wagon",Stopped,Driving Properly,Normal, , , , , , ,0,0,1,0,0,0,0,1,0,1,0,0,0,0
1239980,2011,4,25,15,15,0,43.71334538,-79.55969029,Etobicoke North (2),2,Rexdale-Kipling (4),4,D23,Etobicoke York,REXDALE BLVD,BERGAMOT AVE, ,Major Arterial,Intersection, ,Traffic Signal,Clear,Daylight,Dry,Non-Fatal Injury,Turning Movement,Passenger,45 to 49,Minor,0, ,Other, , , , , , , , , ,0,0,1,0,0,0,0,1,0,1,0,0,0,0
1239980,2011,4,25,15,15,0,43.71334538,-79.55969029,Etobicoke North (2),2,Rexdale-Kipling (4),4,D23,Etobicoke York,REXDALE BLVD,BERGAMOT AVE, ,Major Arterial,Intersection, ,Traffic Signal,Clear,Daylight,Dry,Non-Fatal Injury,Turning Movement,Driver,50 to 54,,0,West,"Automobile, Station Wagon",Turning Left,Failed to Yield Right of Way,Inattentive, , , , , , ,0,0,1,0,0,0,0,1,0,1,0,0,0,0
1239980,2011,4,25,15,15,0,43.71334538,-79.55969029,Etobicoke North (2),2,Rexdale-Kipling (4),4,D23,Etobicoke York,REXDALE BLVD,BERGAMOT AVE, ,Major Arterial,Intersection, ,Traffic Signal,Clear,Daylight,Dry,Non-Fatal Injury,Turning Movement,Vehicle Owner,unknown, ,0, ,Other, , , , , , , , , ,0,0,1,0,0,0,0,1,0,1,0,0,0,0
1239980,2011,4,25,15,15,0,43.71334538,-79.55969029,Etobicoke North (2),2,Rexdale-Kipling (4),4,D23,Etobicoke York,REXDALE BLVD,BERGAMOT AVE, ,Major Arterial,Intersection, ,Traffic Signal,Clear,Daylight,Dry,Non-Fatal Injury,Turning Movement,Driver,20 to 24,Major,0,East,"Automobile, Station Wagon",Going Ahead,Driving Properly,Normal, , , , , , ,0,0,1,0,0,0,0,1,0,1,0,0,0,0
1267808,2011,9,30,15,15,4,43.64474538,-79.39179029,Trinity-Spadina (20),20,Waterfront Communities-The Island (77),77,D52,Toronto East York,WELLINGTON ST W,BLUE JAYS WAY, ,Collector,Intersection, ,Traffic Signal,Clear,Daylight,Dry,Non-Fatal Injury,Pedestrian Collisions,Driver,50 to 54,,0,West,"Automobile, Station Wagon",Turning Left,Failed to Yield Right of Way,Inattentive, , , , , , ,1,0,1,0,0,0,0,0,0,1,0,0,0,0
1267808,2011,9,30,15,15,4,43.64474538,-79.39179029,Trinity-Spadina (20),20,Waterfront Communities-The Island (77),77,D52,Toronto East York,WELLINGTON ST W,BLUE JAYS WAY, ,Collector,Intersection, ,Traffic Signal,Clear,Daylight,Dry,Non-Fatal Injury,Pedestrian Collisions,Pedestrian,50 to 54,Major,0,West,Other, , , ,Vehicle turns left while ped crosses with ROW at inter.,Crossing with right of way,Normal, , , ,1,0,1,0,0,0,0,0,0,1,0,0,0,0
1260759,2011,10,24,15,15,0,43.66354538,-79.32899029,Toronto-Danforth (30),30,South Riverdale (70),70,D55,Toronto East York,QUEEN ST E,HASTINGS AVE, ,Minor Arterial,Intersection, ,No Control,Clear,Daylight,Dry,Non-Fatal Injury,Pedestrian Collisions,Driver,unknown,,0,East,"Automobile, Station Wagon",Going Ahead,Other,Unknown, , , , , , ,1,0,1,0,0,0,0,0,0,0,0,0,0,0