ACCNUM,YEAR,MONTH,DAY,HOUR,MINUTES,WEEKDAY,LATITUDE,LONGITUDE,Ward_Name,Ward_ID,Hood_Name,Hood_ID,Division,District,STREET1,STREET2,OFFSET,ROAD_CLASS,LOCCOORD,ACCLOC,TRAFFCTL,VISIBILITY,LIGHT,RDSFCOND,ACCLASS,IMPACTYPE,INVTYPE,INVAGE,INJURY,FATAL_NO,INITDIR,VEHTYPE,MANOEUVER,DRIVACT,DRIVCOND,PEDTYPE,PEDACT,PEDCOND,CYCLISTYPE,CYCACT,CYCCOND,PEDESTRIAN,CYCLIST,AUTOMOBILE,MOTORCYCLE,TRUCK,TRSN_CITY_VEH,EMERG_VEH,PASSENGER,SPEEDING,AG_DRIV,REDLIGHT,ALCOHOL,DISABILITY,label
1260759,2011,10,24,15,15,0,43.66354538,-79.32899029,Toronto-Danforth (30),30,South Riverdale (70),70,D55,Toronto East York,QUEEN ST E,HASTINGS AVE, ,Minor Arterial,Intersection, ,No Control,Clear,Daylight,Dry,Non-Fatal Injury,Pedestrian Collisions,Pedestrian,55 to 59,Major,0,Unknown,Other, , , ,Pedestrian hit at mid-block,Other,Normal, , , ,1,0,1,0,0,0,0,0,0,0,0,0,0,0
1291646,2012,3,3,15,15,5,43.64894538,-79.38509029,Toronto Centre-Rosedale (28),28,Bay Street Corridor (76),76,D52,Toronto East York,ADELAIDE Stre W,UNIVERSITY Aven, ,Major Arterial,Mid-Block, ,No Control,Clear,Daylight,Dry,Non-Fatal Injury,Pedestrian Collisions,Driver,40 to 44,Major,0,East,"Automobile, Station Wagon",Going Ahead,Driving Properly,Normal, , , , , , ,1,0,1,0,0,0,0,0,0,0,0,0,0,0
1291646,2012,3,3,15,15,5,43.64894538,-79.38509029,Toronto Centre-Rosedale (28),28,Bay Street Corridor (76),76,D52,Toronto East York,ADELAIDE Stre W,UNIVERSITY Aven, ,Major Arterial,Mid-Block, ,No Control,Clear,Daylight,Dry,Non-Fatal Injury,Pedestrian Collisions,Pedestrian,60 to 64,Minor,0,North,Other, , , ,Pedestrian hit at mid-block,"Crossing, no Traffic Control",Inattentive, , , ,1,0,1,0,0,0,0,0,0,0,0,0,0,0
1386767,2013,10,11,15,15,4,43.67919119,-79.47034083,Davenport (17),17,Weston-Pellam Park (91),91,D12,Etobicoke York,1092 KEELE ST, , ,Local,Mid-Block, ,No Control,Clear,Daylight,Dry,Non-Fatal Injury,Pedestrian Collisions,Driver,30 to 34,,0,East,"Automobile, Station Wagon",Going Ahead,Driving Properly,Normal, , , , , , ,1,0,1,0,0,0,0,0,0,0,0,0,0,0
1386767,2013,10,11,15,15,4,43.67919119,-79.47034083,Davenport (17),17,Weston-Pellam Park (91),91,D12,Etobicoke York,1092 KEELE ST, , ,Local,Mid-Block, ,No Control,Clear,Daylight,Dry,Non-Fatal Injury,Pedestrian Collisions,Pedestrian,5 to 9,Major,0,South,Other, , , ,Pedestrian hit at private driveway,Running onto Roadway,Inattentive, , , ,1,0,1,0,0,0,0,0,0,0,0,0,0,0
4002647882,2014,8,6,15,15,2,43.77956351,-79.47560511,York West (8),8,York University Heights (27),27,D32,North York,ALNESS ST,DOLOMITE DR, ,Minor Arterial,Intersection,Intersection Related,Stop Sign,Clear,Daylight,Dry,Non-Fatal Injury,Turning Movement,Driver,85 to 89,Minor,0,West,"Automobile, Station Wagon",Turning Left,Failed to Yield Right of Way,Unknown, , , , , , ,0,0,1,0,1,0,0,1,0,1,0,0,0,0
4002647882,2014,8,6,15,15,2,43.77956351,-79.47560511,York West (8),8,York University Heights (27),27,D32,North York,ALNESS ST,DOLOMITE DR, ,Minor Arterial,Intersection,Intersection Related,Stop Sign,Clear,Daylight,Dry,Non-Fatal Injury,Turning Movement,Truck Driver,35 to 39,Minor,0,South,"Truck - Closed (Blazer, etc)",Going Ahead,Driving Properly,Normal, , , , , , ,0,0,1,0,1,0,0,1,0,1,0,0,0,0
4002647882,2014,8,6,15,15,2,43.77956351,-79.47560511,York West (8),8,York University Heights (27),27,D32,North York,ALNESS ST,DOLOMITE DR, ,Minor Arterial,Intersection,Intersection Related,Stop Sign,Clear,Daylight,Dry,Non-Fatal Injury,Turning Movement,Driver,50 to 54,Minimal,0,North,"Automobile, Station Wagon",Going Ahead,Driving Properly,Normal, , , , , , ,0,0,1,0,1,0,0,1,0,1,0,0,0,0
4002647882,2014,8,6,15,15,2,43.77956351,-79.47560511,York West (8),8,York University Heights (27),27,D32,North York,ALNESS ST,DOLOMITE DR, ,Minor Arterial,Intersection,Intersection Related,Stop Sign,Clear,Daylight,Dry,Non-Fatal Injury,Turning Movement,Passenger,75 to 79,Major,0, , , , , , , , , , , ,0,0,1,0,1,0,0,1,0,1,0,0,0,0
4003192512,2014,10,28,15,15,1,43.72337301,-79.30208979,Scarborough Southwest (35),35,Clairlea-Birchmount (120),120,D41,Scarborough,VICTORIA PARK AVE,O CONNOR DR, ,Major Arterial,Intersection,Intersection Related,Traffic Signal,Other,Daylight,Dry,Fatal,Cyclist Collisions,Driver,45 to 49,,0,South,"Automobile, Station Wagon",Turning Right,Improper Turn,Inattentive, , , , , , ,0,1,1,0,0,0,0,0,0,0,0,0,0,1
4003192512,2014,10,28,15,15,1,43.72337301,-79.30208979,Scarborough Southwest (35),35,Clairlea-Birchmount (120),120,D41,Scarborough,VICTORIA PARK AVE,O CONNOR DR, ,Major Arterial,Intersection,Intersection Related,Traffic Signal,Other,Daylight,Dry,Fatal,Cyclist Collisions,Cyclist,70 to 74,Fatal,36,South,Bicycle,Going Ahead, , , , , ,Motorist turning right on green or amber at signalized intersection strikes cyclist.,Other,Other,0,1,1,0,0,0,0,0,0,0,0,0,0,1
5000422593,2015,3,12,15,15,3,43.70629461,-79.48762903,York South-Weston (12),12,Brookhaven-Amesbury (30),30,D12,Etobicoke York,1570 LAWRENCE AVE W, ,5 m East of,Major Arterial,Mid-Block,Non Intersection,No Control,Clear,Daylight,Dry,Non-Fatal Injury,Other,Driver,45 to 49,,0,West,Municipal Transit Bus (TTC),Going Ahead,Driving Properly,Normal, , , , , , ,0,0,0,0,0,1,0,1,0,0,0,0,0,0
5000422593,2015,3,12,15,15,3,43.70629461,-79.48762903,York South-Weston (12),12,Brookhaven-Amesbury (30),30,D12,Etobicoke York,1570 LAWRENCE AVE W, ,5 m East of,Major Arterial,Mid-Block,Non Intersection,No Control,Clear,Daylight,Dry,Non-Fatal Injury,Other,Passenger,90 to 94,Major,0, , , , , , , , , , , ,0,0,0,0,0,1,0,1,0,0,0,0,0,0
7003285352,2017,12,29,15,15,4,43.71653738,-79.26128729,Scarborough Southwest (35),35,Kennedy Park (124),124,D41,Scarborough,ST CLAIR AVE E,KENNEDY RD,2 m East of,Major Arterial,Intersection,Intersection Related,Traffic Signal,Snow,Daylight,Loose Snow,Non-Fatal Injury,SMV Other,Passenger,65 to 69,Major,0, , , , , , , , , , , ,0,0,1,0,0,1,0,1,1,1,0,0,0,0
7003285352,2017,12,29,15,15,4,43.71653738,-79.26128729,Scarborough Southwest (35),35,Kennedy Park (124),124,D41,Scarborough,ST CLAIR AVE E,KENNEDY RD,2 m East of,Major Arterial,Intersection,Intersection Related,Traffic Signal,Snow,Daylight,Loose Snow,Non-Fatal Injury,SMV Other,Driver,0 to 4,,0,East,"Automobile, Station Wagon",Changing Lanes,Improper Passing,Inattentive, , , , , , ,0,0,1,0,0,1,0,1,1,1,0,0,0,0
1074265,2008,12,5,14,50,4,43.76284538,-79.49089029,York West (8),8,York University Heights (27),27,D31,North York,KEELE ST,TORO RD W, ,Major Arterial,Mid-Block,At Intersection,No Control,Clear,Daylight,Dry,Non-Fatal Injury,Pedestrian Collisions,Vehicle Owner,unknown, ,0, ,Other, , , , , , , , , ,1,0,1,0,0,0,0,0,0,1,0,0,0,0
1388459,2013,11,4,14,35,0,43.66659125,-79.46727381,Parkdale-High Park (13),13,Junction Area (90),90,D11,Etobicoke York,VINE Ave,JACKSON Pl, ,Local,Intersection, ,No Control,Clear,Daylight,Dry,Non-Fatal Injury,Turning Movement,Driver,50 to 54,Minor,0,North,"Automobile, Station Wagon",Turning Left,Improper Turn,Normal, , , , , , ,0,0,1,0,0,0,0,0,0,0,0,0,0,0
990402,2007,8,27,14,41,0,43.79004538,-79.36809029,Willowdale (24),24,Bayview Woods-Steeles (49),49,D33,North York,FINCH Aven E,LESLIE Stre, ,Major Arterial,Intersection,At Intersection,Traffic Signal,Clear,Daylight,Dry,Non-Fatal Injury,Cyclist Collisions,Driver,30 to 34,,0,East,"Automobile, Station Wagon",Going Ahead,Driving Properly,Normal, , , , , , ,0,1,1,0,0,0,0,1,0,0,0,0,0,0
1098793,2009,4,3,14,29,4,43.66624538,-79.37829029,Toronto Centre-Rosedale (27),27,Cabbagetown-South St.James Town (71),71,D51,Toronto East York,JARVIS ST,WELLESLEY ST E, ,Major Arterial,Intersection,At Intersection,Traffic Signal,Rain,Daylight,Wet,Fatal,Pedestrian Collisions,Driver,15 to 19,,0,West,"Automobile, Station Wagon",Turning Left,Driving Properly,Unknown, , , , , , ,1,0,1,0,0,0,0,0,0,0,0,0,0,1
1148504,2009,12,22,15,25,1,43.64524538,-79.53199029,Etobicoke-Lakeshore (5),5,Islington-City Centre West (14),14,D22,Etobicoke York,DUNDAS ST W,ROYALAVON CRES, ,Major Arterial,Intersection,At Intersection,Traffic Signal,Clear,Daylight,Dry,Non-Fatal Injury,Pedestrian Collisions,Vehicle Owner,unknown, ,0, ,Other, , , , , , , , , ,1,0,1,0,0,0,0,0,0,1,1,0,0,0
3001090818,2013,12,4,14,35,2,43.69490393,-79.27965937,Scarborough Southwest (35),35,Oakridge (121),121,D41,Scarborough,DENTON AVE,ROBINSON AVE, ,Collector,Intersection,At Intersection,Stop Sign,Clear,Daylight,Dry,Non-Fatal Injury,Cyclist Collisions,Cyclist,25 to 29,Major,0,North,Bicycle,Going Ahead, , , , , ,"Cyclist without ROW rides into path of motorist at inter, lnwy, dwy-Cyclist not turn.",Failed to Yield Right of Way,Inattentive,0,1,1,0,0,0,0,0,0,0,0,0,0,0
3001090818,2013,12,4,14,35,2,43.69490393,-79.27965937,Scarborough Southwest (35),35,Oakridge (121),121,D41,Scarborough,DENTON AVE,ROBINSON AVE, ,Collector,Intersection,At Intersection,Stop Sign,Clear,Daylight,Dry,Non-Fatal Injury,Cyclist Collisions,Driver,55 to 59,,0,West,"Automobile, Station Wagon",Going Ahead,Driving Properly,Normal, , , , , , ,0,1,1,0,0,0,0,0,0,0,0,0,0,0
6000087893,2016,1,15,14,35,4,43.71102865,-79.37714777,Don Valley West (26),26,Leaside-Bennington (56),56,D53,Toronto East York,BAYVIEW AVE,EGLINTON AVE E,6 m North of,Major Arterial,Intersection,Intersection Related,Traffic Signal,Clear,Daylight,Wet,Fatal,Pedestrian Collisions,Driver,20 to 24,,0,South,"Automobile, Station Wagon",Turning Right,Improper Turn,Inattentive, , , , , , ,1,0,1,0,0,0,0,1,0,0,0,0,0,1
6000087893,2016,1,15,14,35,4,43.71102865,-79.37714777,Don Valley West (26),26,Leaside-Bennington (56),56,D53,Toronto East York,BAYVIEW AVE,EGLINTON AVE E,6 m North of,Major Arterial,Intersection,Intersection Related,Traffic Signal,Clear,Daylight,Wet,Fatal,Pedestrian Collisions,Passenger,20 to 24,,0, , , , , , , , , , , ,1,0,1,0,0,0,0,1,0,0,0,0,0,1
6000087893,2016,1,15,14,35,4,43.71102865,-79.37714777,Don Valley West (26),26,Leaside-Bennington (56),56,D53,Toronto East York,BAYVIEW AVE,EGLINTON AVE E,6 m North of,Major Arterial,Intersection,Intersection Related,Traffic Signal,Clear,Daylight,Wet,Fatal,Pedestrian Collisions,Pedestrian,80 to 84,Fatal,6,East, , , , ,Vehicle turns right while ped crosses with ROW at inter.,Crossing with right of way,Normal, , , ,1,0,1,0,0,0,0,1,0,0,0,0,0,1
6000983076,2016,6,6,14,35,0,43.73219259,-79.26792536,Scarborough Southwest (35),35,Kennedy Park (124),124,D41,Scarborough,KENNEDY RD,EGLINTON AVE E, ,Major Arterial,Intersection,At Intersection,Traffic Signal,Clear,Daylight,Dry,Fatal,Turning Movement,Passenger,65 to 69,Fatal,44, , , , , , , , , , , ,0,0,1,0,0,0,0,1,0,1,1,0,0,1
6000983076,2016,6,6,14,35,0,43.73219259,-79.26792536,Scarborough Southwest (35),35,Kennedy Park (124),124,D41,Scarborough,KENNEDY RD,EGLINTON AVE E, ,Major Arterial,Intersection,At Intersection,Traffic Signal,Clear,Daylight,Dry,Fatal,Turning Movement,Driver,50 to 54,Minor,0,East,"Automobile, Station Wagon",Turning Left,Driving Properly,Normal, , , , , , ,0,0,1,0,0,0,0,1,0,1,1,0,0,1
6000983076,2016,6,6,14,35,0,43.73219259,-79.26792536,Scarborough Southwest (35),35,Kennedy Park (124),124,D41,Scarborough,KENNEDY RD,EGLINTON AVE E, ,Major Arterial,Intersection,At Intersection,Traffic Signal,Clear,Daylight,Dry,Fatal,Turning Movement,Driver,55 to 59,,0,South,"Automobile, Station Wagon",Going Ahead,Disobeyed Traffic Control,Inattentive, , , , , , ,0,0,1,0,0,0,0,1,0,1,1,0,0,1
6000983076,2016,6,6,14,35,0,43.73219259,-79.26792536,Scarborough Southwest (35),35,Kennedy Park (124),124,D41,Scarborough,KENNEDY RD,EGLINTON AVE E, ,Major Arterial,Intersection,At Intersection,Traffic Signal,Clear,Daylight,Dry,Fatal,Turning Movement,Passenger,50 to 54,Minor,0, , , , , , , , , , , ,0,0,1,0,0,0,0,1,0,1,1,0,0,1
6000983076,2016,6,6,14,35,0,43.73219259,-79.26792536,Scarborough Southwest (35),35,Kennedy Park (124),124,D41,Scarborough,KENNEDY RD,EGLINTON AVE E, ,Major Arterial,Intersection,At Intersection,Traffic Signal,Clear,Daylight,Dry,Fatal,Turning Movement,Passenger,50 to 54,Minimal,0, , , , , , , , , , , ,0,0,1,0,0,0,0,1,0,1,1,0,0,1
1324513,2012,11,7,14,37,2,43.65004538,-79.38629029,Trinity-Spadina (20),20,Bay Street Corridor (76),76,D52,Toronto East York,RICHMOND ST W,UNIVERSITY AVE, ,Major Arterial,Intersection,At Intersection,Traffic Signal,Clear,Daylight,Dry,Fatal,Cyclist Collisions,Vehicle Owner,unknown, ,0, ,Other, , , , , , , , , ,0,1,1,0,0,0,0,1,0,0,0,0,0,1
1324513,2012,11,7,14,37,2,43.65004538,-79.38629029,Trinity-Spadina (20),20,Bay Street Corridor (76),76,D52,Toronto East York,RICHMOND ST W,UNIVERSITY AVE, ,Major Arterial,Intersection,At Intersection,Traffic Signal,Clear,Daylight,Dry,Fatal,Cyclist Collisions,Driver,30 to 34,,0,North,"Automobile, Station Wagon",Going Ahead,Driving Properly,Normal, , , , , , ,0,1,1,0,0,0,0,1,0,0,0,0,0,1
1324513,2012,11,7,14,37,2,43.65004538,-79.38629029,Trinity-Spadina (20),20,Bay Street Corridor (76),76,D52,Toronto East York,RICHMOND ST W,UNIVERSITY AVE, ,Major Arterial,Intersection,At Intersection,Traffic Signal,Clear,Daylight,Dry,Fatal,Cyclist Collisions,Passenger,35 to 39,,0, ,Other, , , , , , , , , ,0,1,1,0,0,0,0,1,0,0,0,0,0,1
1324513,2012,11,7,14,37,2,43.65004538,-79.38629029,Trinity-Spadina (20),20,Bay Street Corridor (76),76,D52,Toronto East York,RICHMOND ST W,UNIVERSITY AVE, ,Major Arterial,Intersection,At Intersection,Traffic Signal,Clear,Daylight,Dry,Fatal,Cyclist Collisions,Cyclist,55 to 59,Fatal,38,West,Bicycle,Going Ahead, , , , , ,"Cyclist without ROW rides into path of motorist at inter, lnwy, dwy-Cyclist not turn.",Disobeyed Traffic Control,Unknown,0,1,1,0,0,0,0,1,0,0,0,0,0,1
4003527031,2014,12,21,14,37,6,43.66243704,-79.42322932,Trinity-Spadina (19),19,Palmerston-Little Italy (80),80,D14,Toronto East York,BLOOR ST W,SHAW ST,18 m East of,Major Arterial,Intersection,Intersection Related,No Control,Clear,Daylight,Dry,Non-Fatal Injury,Pedestrian Collisions,Driver,45 to 49,Minimal,0,West,"Automobile, Station Wagon",Making U Turn,Improper Turn,Inattentive, , , , , , ,1,0,1,0,0,0,0,1,0,0,0,0,0,0
4003527031,2014,12,21,14,37,6,43.66243704,-79.42322932,Trinity-Spadina (19),19,Palmerston-Little Italy (80),80,D14,Toronto East York,BLOOR ST W,SHAW ST,18 m East of,Major Arterial,Intersection,Intersection Related,No Control,Clear,Daylight,Dry,Non-Fatal Injury,Pedestrian Collisions,Pedestrian,50 to 54,Major,0,Unknown, , , , ,Pedestrian hit on sidewalk or shoulder,On Sidewalk or Shoulder,Normal, , , ,1,0,1,0,0,0,0,1,0,0,0,0,0,0
4003527031,2014,12,21,14,37,6,43.66243704,-79.42322932,Trinity-Spadina (19),19,Palmerston-Little Italy (80),80,D14,Toronto East York,BLOOR ST W,SHAW ST,18 m East of,Major Arterial,Intersection,Intersection Related,No Control,Clear,Daylight,Dry,Non-Fatal Injury,Pedestrian Collisions,Passenger,15 to 19,,0, , , , , , , , , , , ,1,0,1,0,0,0,0,1,0,0,0,0,0,0
5001824991,2015,10,23,14,37,4,43.68489798,-79.47280512,York South-Weston (12),12,Keelesdale-Eglinton West (110),110,D12,Etobicoke York,KEELE ST,DONALD AVE, ,Major Arterial,Intersection,Intersection Related,Traffic Signal,Clear,Daylight,Dry,Fatal,Pedestrian Collisions,Driver,40 to 44,,0,West,"Automobile, Station Wagon",Turning Left,Improper Turn,Inattentive, , , , , , ,1,0,1,0,0,0,0,0,0,0,0,0,0,1
5001824991,2015,10,23,14,37,4,43.68489798,-79.47280512,York South-Weston (12),12,Keelesdale-Eglinton West (110),110,D12,Etobicoke York,KEELE ST,DONALD AVE, ,Major Arterial,Intersection,Intersection Related,Traffic Signal,Clear,Daylight,Dry,Fatal,Pedestrian Collisions,Pedestrian,75 to 79,Fatal,53,East, , , , ,Vehicle turns left while ped crosses with ROW at inter.,Crossing with right of way,Normal, , , ,1,0,1,0,0,0,0,0,0,0,0,0,0,1
1035403,2008,4,28,14,38,0,43.79314538,-79.35229029,Don Valley East (33),33,Don Valley Village (47),47,D33,North York,FINCH AVE E,SKYMARK DR, ,Major Arterial,Intersection,At Intersection,Traffic Signal,Clear,Daylight,Dry,Non-Fatal Injury,Turning Movement,Driver,85 to 89,Minimal,0,South,"Automobile, Station Wagon",Turning Right,Improper Turn,Inattentive, , , , , , ,0,0,1,0,0,0,0,1,0,0,0,0,0,0
1035403,2008,4,28,14,38,0,43.79314538,-79.35229029,Don Valley East (33),33,Don Valley Village (47),47,D33,North York,FINCH AVE E,SKYMARK DR, ,Major Arterial,Intersection,At Intersection,Traffic Signal,Clear,Daylight,Dry,Non-Fatal Injury,Turning Movement,Vehicle Owner,unknown, ,0, ,Other, , , , , , , , , ,0,0,1,0,0,0,0,1,0,0,0,0,0,0
1035403,2008,4,28,14,38,0,43.79314538,-79.35229029,Don Valley East (33),33,Don Valley Village (47),47,D33,North York,FINCH AVE E,SKYMARK DR, ,Major Arterial,Intersection,At Intersection,Traffic Signal,Clear,Daylight,Dry,Non-Fatal Injury,Turning Movement,Driver,60 to 64,,0,West,"Automobile, Station Wagon",Going Ahead,Driving Properly,Normal, , , , , , ,0,0,1,0,0,0,0,1,0,0,0,0,0,0
1035403,2008,4,28,14,38,0,43.79314538,-79.35229029,Don Valley East (33),33,Don Valley Village (47),47,D33,North York,FINCH AVE E,SKYMARK DR, ,Major Arterial,Intersection,At Intersection,Traffic Signal,Clear,Daylight,Dry,Non-Fatal Injury,Turning Movement,Passenger,85 to 89,Major,0, ,Other, , , , , , , , , ,0,0,1,0,0,0,0,1,0,0,0,0,0,0
1095081,2009,2,17,14,38,1,43.68794538,-79.28699029,Scarborough Southwest (36),36,Birchcliffe-Cliffside (122),122,D41,Scarborough,VICTORIA PARK AVE,MUSGRAVE ST, ,Major Arterial,Intersection, ,Traffic Signal,Clear,Daylight,Dry,Non-Fatal Injury,Pedestrian Collisions,Driver,60 to 64,,0,South,"Automobile, Station Wagon",Going Ahead,Driving Properly,Normal, , , , , , ,1,0,1,0,0,0,0,0,0,0,0,0,0,0
1095081,2009,2,17,14,38,1,43.68794538,-79.28699029,Scarborough Southwest (36),36,Birchcliffe-Cliffside (122),122,D41,Scarborough,VICTORIA PARK AVE,MUSGRAVE ST, ,Major Arterial,Intersection, ,Traffic Signal,Clear,Daylight,Dry,Non-Fatal Injury,Pedestrian Collisions,Pedestrian,40 to 44,Major,0, ,Other,Other, , ,Vehicle is going straight thru inter.while ped cross without ROW,Crossing without right of way,Fatigue, , , ,1,0,1,0,0,0,0,0,0,0,0,0,0,0
1252228,2011,8,30,14,38,1,43.74024538,-79.32799029,Don Valley East (34),34,Victoria Village (43),43,D33,North York,LAWRENCE AVE E,E OF DVP ON RAMP Aven, ,Major Arterial,Mid-Block, ,No Control,Clear,Daylight,Dry,Fatal,Rear End,Truck Driver,40 to 44,,0,West,Truck - Open,Slowing or Stopping,Driving Properly,Normal, , , , , , ,0,0,1,0,1,1,0,1,1,1,0,0,0,1
1252228,2011,8,30,14,38,1,43.74024538,-79.32799029,Don Valley East (34),34,Victoria Village (43),43,D33,North York,LAWRENCE AVE E,E OF DVP ON RAMP Aven, ,Major Arterial,Mid-Block, ,No Control,Clear,Daylight,Dry,Fatal,Rear End,Vehicle Owner,unknown, ,0, ,Other, , , , , , , , , ,0,0,1,0,1,1,0,1,1,1,0,0,0,1
1252228,2011,8,30,14,38,1,43.74024538,-79.32799029,Don Valley East (34),34,Victoria Village (43),43,D33,North York,LAWRENCE AVE E,E OF DVP ON RAMP Aven, ,Major Arterial,Mid-Block, ,No Control,Clear,Daylight,Dry,Fatal,Rear End,Driver,45 to 49,,0,West,"Automobile, Station Wagon",Going Ahead,Driving Properly,Normal, , , , , , ,0,0,1,0,1,1,0,1,1,1,0,0,0,1
1252228,2011,8,30,14,38,1,43.74024538,-79.32799029,Don Valley East (34),34,Victoria Village (43),43,D33,North York,LAWRENCE AVE E,E OF DVP ON RAMP Aven, ,Major Arterial,Mid-Block, ,No Control,Clear,Daylight,Dry,Fatal,Rear End,Passenger,55 to 59,,0, ,Other, , , , , , , , , ,0,0,1,0,1,1,0,1,1,1,0,0,0,1
1252228,2011,8,30,14,38,1,43.74024538,-79.32799029,Don Valley East (34),34,Victoria Village (43),43,D33,North York,LAWRENCE AVE E,E OF DVP ON RAMP Aven, ,Major Arterial,Mid-Block, ,No Control,Clear,Daylight,Dry,Fatal,Rear End,Passenger,40 to 44,Minor,0, ,Other, , , , , , , , , ,0,0,1,0,1,1,0,1,1,1,0,0,0,1
1252228,2011,8,30,14,38,1,43.74024538,-79.32799029,Don Valley East (34),34,Victoria Village (43),43,D33,North York,LAWRENCE AVE E,E OF DVP ON RAMP Aven, ,Major Arterial,Mid-Block, ,No Control,Clear,Daylight,Dry,Fatal,Rear End,Vehicle Owner,unknown, ,0, ,Other, , , , , , , , , ,0,0,1,0,1,1,0,1,1,1,0,0,0,1
1252228,2011,8,30,14,38,1,43.74024538,-79.32799029,Don Valley East (34),34,Victoria Village (43),43,D33,North York,LAWRENCE AVE E,E OF DVP ON RAMP Aven, ,Major Arterial,Mid-Block, ,No Control,Clear,Daylight,Dry,Fatal,Rear End,Driver,50 to 54,,0,West,Municipal Transit Bus (TTC),Changing Lanes,Exceeding Speed Limit,Normal, , , , , , ,0,0,1,0,1,1,0,1,1,1,0,0,0,1
1252228,2011,8,30,14,38,1,43.74024538,-79.32799029,Don Valley East (34),34,Victoria Village (43),43,D33,North York,LAWRENCE AVE E,E OF DVP ON RAMP Aven, ,Major Arterial,Mid-Block, ,No Control,Clear,Daylight,Dry,Fatal,Rear End,Passenger,20 to 24,,0, ,Other, , , , , , , , , ,0,0,1,0,1,1,0,1,1,1,0,0,0,1
1252228,2011,8,30,14,38,1,43.74024538,-79.32799029,Don Valley East (34),34,Victoria Village (43),43,D33,North York,LAWRENCE AVE E,E OF DVP ON RAMP Aven, ,Major Arterial,Mid-Block, ,No Control,Clear,Daylight,Dry,Fatal,Rear End,Passenger,40 to 44,Fatal,22, ,Other, , , , , , , , , ,0,0,1,0,1,1,0,1,1,1,0,0,0,1
1252228,2011,8,30,14,38,1,43.74024538,-79.32799029,Don Valley East (34),34,Victoria Village (43),43,D33,North York,LAWRENCE AVE E,E OF DVP ON RAMP Aven, ,Major Arterial,Mid-Block, ,No Control,Clear,Daylight,Dry,Fatal,Rear End,Passenger,35 to 39,Minor,0, ,Other, , , , , , , , , ,0,0,1,0,1,1,0,1,1,1,0,0,0,1
1252228,2011,8,30,14,38,1,43.74024538,-79.32799029,Don Valley East (34),34,Victoria Village (43),43,D33,North York,LAWRENCE AVE E,E OF DVP ON RAMP Aven, ,Major Arterial,Mid-Block, ,No Control,Clear,Daylight,Dry,Fatal,Rear End,Passenger,45 to 49,Minor,0, ,Other, , , , , , , , , ,0,0,1,0,1,1,0,1,1,1,0,0,0,1
1252228,2011,8,30,14,38,1,43.74024538,-79.32799029,Don Valley East (34),34,Victoria Village (43),43,D33,North York,LAWRENCE AVE E,E OF DVP ON RAMP Aven, ,Major Arterial,Mid-Block, ,No Control,Clear,Daylight,Dry,Fatal,Rear End,Passenger,35 to 39,Minor,0, ,Other, , , , , , , , , ,0,0,1,0,1,1,0,1,1,1,0,0,0,1
1252228,2011,8,30,14,38,1,43.74024538,-79.32799029,Don Valley East (34),34,Victoria Village (43),43,D33,North York,LAWRENCE AVE E,E OF DVP ON RAMP Aven, ,Major Arterial,Mid-Block, ,No Control,Clear,Daylight,Dry,Fatal,Rear End,Passenger,25 to 29,Minor,0, ,Other, , , , , , , , , ,0,0,1,0,1,1,0,1,1,1,0,0,0,1
1252228,2011,8,30,14,38,1,43.74024538,-79.32799029,Don Valley East (34),34,Victoria Village (43),43,D33,North York,LAWRENCE AVE E,E OF DVP ON RAMP Aven, ,Major Arterial,Mid-Block, ,No Control,Clear,Daylight,Dry,Fatal,Rear End,Passenger,5 to 9,,0, ,Other, , , , , , , , , ,0,0,1,0,1,1,0,1,1,1,0,0,0,1
1252228,2011,8,30,14,38,1,43.74024538,-79.32799029,Don Valley East (34),34,Victoria Village (43),43,D33,North York,LAWRENCE AVE E,E OF DVP ON RAMP Aven, ,Major Arterial,Mid-Block, ,No Control,Clear,Daylight,Dry,Fatal,Rear End,Passenger,15 to 19,Minor,0, ,Other, , , , , , , , , ,0,0,1,0,1,1,0,1,1,1,0,0,0,1
1252228,2011,8,30,14,38,1,43.74024538,-79.32799029,Don Valley East (34),34,Victoria Village (43),43,D33,North York,LAWRENCE AVE E,E OF DVP ON RAMP Aven, ,Major Arterial,Mid-Block, ,No Control,Clear,Daylight,Dry,Fatal,Rear End,Passenger,35 to 39,Minor,0, ,Other, , , , , , , , , ,0,0,1,0,1,1,0,1,1,1,0,0,0,1
1252228,2011,8,30,14,38,1,43.74024538,-79.32799029,Don Valley East (34),34,Victoria Village (43),43,D33,North York,LAWRENCE AVE E,E OF DVP ON RAMP Aven, ,Major Arterial,Mid-Block, ,No Control,Clear,Daylight,Dry,Fatal,Rear End,Passenger,20 to 24,,0, ,Other, , , , , , , , , ,0,0,1,0,1,1,0,1,1,1,0,0,0,1
1252228,2011,8,30,14,38,1,43.74024538,-79.32799029,Don Valley East (34),34,Victoria Village (43),43,D33,North York,LAWRENCE AVE E,E OF DVP ON RAMP Aven, ,Major Arterial,Mid-Block, ,No Control,Clear,Daylight,Dry,Fatal,Rear End,Passenger,40 to 44,Minor,0, ,Other, , , , , , , , , ,0,0,1,0,1,1,0,1,1,1,0,0,0,1