ACCNUM,YEAR,MONTH,DAY,HOUR,MINUTES,WEEKDAY,LATITUDE,LONGITUDE,Ward_Name,Ward_ID,Hood_Name,Hood_ID,Division,District,STREET1,STREET2,OFFSET,ROAD_CLASS,LOCCOORD,ACCLOC,TRAFFCTL,VISIBILITY,LIGHT,RDSFCOND,ACCLASS,IMPACTYPE,INVTYPE,INVAGE,INJURY,FATAL_NO,INITDIR,VEHTYPE,MANOEUVER,DRIVACT,DRIVCOND,PEDTYPE,PEDACT,PEDCOND,CYCLISTYPE,CYCACT,CYCCOND,PEDESTRIAN,CYCLIST,AUTOMOBILE,MOTORCYCLE,TRUCK,TRSN_CITY_VEH,EMERG_VEH,PASSENGER,SPEEDING,AG_DRIV,REDLIGHT,ALCOHOL,DISABILITY,label
990402,2007,8,27,14,41,0,43.79004538,-79.36809029,Willowdale (24),24,Bayview Woods-Steeles (49),49,D33,North York,FINCH Aven E,LESLIE Stre, ,Major Arterial,Intersection,At Intersection,Traffic Signal,Clear,Daylight,Dry,Non-Fatal Injury,Cyclist Collisions,Cyclist,70 to 74,Major,0,South,Bicycle,Going Ahead, , , , , ,"Cyclist without ROW rides into path of motorist at inter, lnwy, dwy-Cyclist not turn.",Disobeyed Traffic Control,Unknown,0,1,1,0,0,0,0,1,0,0,0,0,0,0
3000983486,2013,11,16,15,16,5,43.71617087,-79.2827569,Scarborough Southwest (35),35,Clairlea-Birchmount (120),120,D41,Scarborough,FAIRFAX CR,WARDEN AV, ,Collector,Intersection,At Intersection,Traffic Signal,Clear,Daylight,Dry,Non-Fatal Injury,Turning Movement,Passenger,60 to 64,,0, , , , , , , , , , , ,0,0,1,0,0,0,0,1,1,1,0,0,0,0
1148504,2009,12,22,15,25,1,43.64524538,-79.53199029,Etobicoke-Lakeshore (5),5,Islington-City Centre West (14),14,D22,Etobicoke York,DUNDAS ST W,ROYALAVON CRES, ,Major Arterial,Intersection,At Intersection,Traffic Signal,Clear,Daylight,Dry,Non-Fatal Injury,Pedestrian Collisions,Driver,15 to 19,,0,West,"Automobile, Station Wagon",Going Ahead,Disobeyed Traffic Control,Inattentive, , , , , , ,1,0,1,0,0,0,0,0,0,1,1,0,0,0
1187759,2010,7,8,14,29,3,43.66054538,-79.43229029,Davenport (18),18,Dovercourt-Wallace Emerson-Junction (93),93,D14,Toronto East York,1048 BLOOR ST W, , ,Major Arterial,Intersection, ,No Control,Clear,Daylight,Dry,Non-Fatal Injury,Pedestrian Collisions,Driver,20 to 24,,0,East,"Automobile, Station Wagon",Going Ahead,Driving Properly,Normal, , , , , , ,1,0,1,0,0,0,0,0,0,0,0,0,0,0
1187759,2010,7,8,14,29,3,43.66054538,-79.43229029,Davenport (18),18,Dovercourt-Wallace Emerson-Junction (93),93,D14,Toronto East York,1048 BLOOR ST W, , ,Major Arterial,Intersection, ,No Control,Clear,Daylight,Dry,Non-Fatal Injury,Pedestrian Collisions,Pedestrian,10 to 14,Major,0,North,Other, , , ,Vehicle is going straight thru inter.while ped cross without ROW,Running onto Roadway, , , , ,1,0,1,0,0,0,0,0,0,0,0,0,0,0
1326517,2012,10,10,14,29,2,43.77874538,-79.30789029,Scarborough-Agincourt (40),40,Tam O'Shanter-Sullivan (118),118,D42,Scarborough,SHEPPARD AVE E,WARDEN AVE, ,Major Arterial,Intersection,At Intersection,Traffic Signal,Clear,Daylight,Dry,Non-Fatal Injury,Pedestrian Collisions,Pedestrian,70 to 74,Major,0,West,Other, , , ,Vehicle turns right while ped crosses with ROW at inter.,Crossing with right of way,Normal, , , ,1,0,0,0,1,0,0,0,0,1,0,0,0,0
1326517,2012,10,10,14,29,2,43.77874538,-79.30789029,Scarborough-Agincourt (40),40,Tam O'Shanter-Sullivan (118),118,D42,Scarborough,SHEPPARD AVE E,WARDEN AVE, ,Major Arterial,Intersection,At Intersection,Traffic Signal,Clear,Daylight,Dry,Non-Fatal Injury,Pedestrian Collisions,Vehicle Owner,unknown, ,0, ,Other, , , , , , , , , ,1,0,0,0,1,0,0,0,0,1,0,0,0,0
1326517,2012,10,10,14,29,2,43.77874538,-79.30789029,Scarborough-Agincourt (40),40,Tam O'Shanter-Sullivan (118),118,D42,Scarborough,SHEPPARD AVE E,WARDEN AVE, ,Major Arterial,Intersection,At Intersection,Traffic Signal,Clear,Daylight,Dry,Non-Fatal Injury,Pedestrian Collisions,Truck Driver,60 to 64,,0,South,Truck - Open,Turning Right,Failed to Yield Right of Way,Normal, , , , , , ,1,0,0,0,1,0,0,0,0,1,0,0,0,0
6000032002,2016,1,6,14,29,2,43.68835791,-79.48286829,York South-Weston (12),12,Keelesdale-Eglinton West (110),110,D12,Etobicoke York,BLACK CREEK DR,EGLINTON AVE W,13 m West of,Major Arterial,Intersection,Intersection Related,Traffic Signal,Clear,Daylight,Dry,Fatal,Turning Movement,Driver,40 to 44,Minimal,0,East,"Automobile, Station Wagon",Turning Left,Improper Turn,Normal, , , , , , ,0,0,1,0,0,0,0,0,0,0,0,0,0,1
6000032002,2016,1,6,14,29,2,43.68835791,-79.48286829,York South-Weston (12),12,Keelesdale-Eglinton West (110),110,D12,Etobicoke York,BLACK CREEK DR,EGLINTON AVE W,13 m West of,Major Arterial,Intersection,Intersection Related,Traffic Signal,Clear,Daylight,Dry,Fatal,Turning Movement,Driver,90 to 94,Fatal,5,West,"Automobile, Station Wagon",Going Ahead,Driving Properly,Normal, , , , , , ,0,0,1,0,0,0,0,0,0,0,0,0,0,1
965365,2007,4,20,14,30,4,43.70844538,-79.56519029,Etobicoke North (2),2,West Humber-Clairville (1),1,D23,Etobicoke York,KIPLING AVE,NAMCO RD, ,Major Arterial,Mid-Block, ,No Control,Clear,Daylight,Dry,Non-Fatal Injury,SMV Other,Vehicle Owner,unknown,,0, ,Other, , , , , , , , , ,0,0,1,0,0,0,0,0,0,0,0,0,0,0
965365,2007,4,20,14,30,4,43.70844538,-79.56519029,Etobicoke North (2),2,West Humber-Clairville (1),1,D23,Etobicoke York,KIPLING AVE,NAMCO RD, ,Major Arterial,Mid-Block, ,No Control,Clear,Daylight,Dry,Non-Fatal Injury,SMV Other,Driver,20 to 24,Major,0,South,"Automobile, Station Wagon",Going Ahead,Lost control,Normal, , , , , , ,0,0,1,0,0,0,0,0,0,0,0,0,0,0
1034751,2008,4,13,14,30,6,43.77314538,-79.28389029,Scarborough-Agincourt (40),40,Dorset Park (126),126,D41,Scarborough,KENNEDY RD,401 C E KENNEDY N RAMP RD E, ,Major Arterial,Intersection, ,Traffic Signal,Clear,Daylight,Dry,Non-Fatal Injury,Angle,Driver,50 to 54,Minor,0,North,"Automobile, Station Wagon",Going Ahead,Disobeyed Traffic Control,Normal, , , , , , ,0,0,1,0,0,0,0,1,0,1,1,0,0,0
1034751,2008,4,13,14,30,6,43.77314538,-79.28389029,Scarborough-Agincourt (40),40,Dorset Park (126),126,D41,Scarborough,KENNEDY RD,401 C E KENNEDY N RAMP RD E, ,Major Arterial,Intersection, ,Traffic Signal,Clear,Daylight,Dry,Non-Fatal Injury,Angle,Passenger,60 to 64,Minor,0, ,Other, , , , , , , , , ,0,0,1,0,0,0,0,1,0,1,1,0,0,0
1034751,2008,4,13,14,30,6,43.77314538,-79.28389029,Scarborough-Agincourt (40),40,Dorset Park (126),126,D41,Scarborough,KENNEDY RD,401 C E KENNEDY N RAMP RD E, ,Major Arterial,Intersection, ,Traffic Signal,Clear,Daylight,Dry,Non-Fatal Injury,Angle,Driver,60 to 64,Major,0,East,"Automobile, Station Wagon",Going Ahead,Driving Properly,Normal, , , , , , ,0,0,1,0,0,0,0,1,0,1,1,0,0,0
1080314,2009,1,8,14,30,3,43.65644538,-79.40769029,Trinity-Spadina (20),20,Kensington-Chinatown (78),78,D14,Toronto East York,BATHURST ST,COLLEGE ST, ,Major Arterial,Intersection, ,Traffic Signal,Clear,Daylight,Slush,Non-Fatal Injury,Rear End,Passenger,unknown,Minimal,0, ,Other, , , , , , , , , ,0,0,1,0,0,0,0,1,0,1,0,0,0,0
1080314,2009,1,8,14,30,3,43.65644538,-79.40769029,Trinity-Spadina (20),20,Kensington-Chinatown (78),78,D14,Toronto East York,BATHURST ST,COLLEGE ST, ,Major Arterial,Intersection, ,Traffic Signal,Clear,Daylight,Slush,Non-Fatal Injury,Rear End,Driver,45 to 49,Major,0,South,"Automobile, Station Wagon",Stopped,Driving Properly,Normal, , , , , , ,0,0,1,0,0,0,0,1,0,1,0,0,0,0
1080314,2009,1,8,14,30,3,43.65644538,-79.40769029,Trinity-Spadina (20),20,Kensington-Chinatown (78),78,D14,Toronto East York,BATHURST ST,COLLEGE ST, ,Major Arterial,Intersection, ,Traffic Signal,Clear,Daylight,Slush,Non-Fatal Injury,Rear End,Driver,25 to 29,,0,South,"Automobile, Station Wagon",Going Ahead,Following too Close,Normal, , , , , , ,0,0,1,0,0,0,0,1,0,1,0,0,0,0
1085958,2009,2,2,14,30,0,43.70634538,-79.25129029,Scarborough Southwest (36),36,Birchcliffe-Cliffside (122),122,D41,Scarborough,KINGSTON Road,SHARPE Stre, ,Major Arterial,Intersection,At Intersection,Traffic Signal,Clear,Daylight,Dry,Non-Fatal Injury,Pedestrian Collisions,Driver,50 to 54,,0,South,"Automobile, Station Wagon",Turning Left,Failed to Yield Right of Way,Inattentive, , , , , , ,1,0,1,0,0,0,0,0,0,1,0,0,0,0
1085958,2009,2,2,14,30,0,43.70634538,-79.25129029,Scarborough Southwest (36),36,Birchcliffe-Cliffside (122),122,D41,Scarborough,KINGSTON Road,SHARPE Stre, ,Major Arterial,Intersection,At Intersection,Traffic Signal,Clear,Daylight,Dry,Non-Fatal Injury,Pedestrian Collisions,Pedestrian,80 to 84,Major,0,North,Other, , , ,Vehicle turns left while ped crosses with ROW at inter.,Crossing with right of way,Normal, , , ,1,0,1,0,0,0,0,0,0,1,0,0,0,0
1115922,2009,6,19,14,30,4,43.79084538,-79.31619029,Scarborough-Agincourt (40),40,L'Amoreaux (117),117,D42,Scarborough,COLLINGSBROOK BLVD,SOLWAY CRT, ,Collector,Intersection,At Intersection,Stop Sign,Clear,Daylight,Dry,Non-Fatal Injury,Approaching,Driver,60 to 64,Major,0,South,"Automobile, Station Wagon",Going Ahead,Driving Properly,Normal, , , , , , ,0,0,1,0,0,0,0,0,0,0,0,1,0,0
1115922,2009,6,19,14,30,4,43.79084538,-79.31619029,Scarborough-Agincourt (40),40,L'Amoreaux (117),117,D42,Scarborough,COLLINGSBROOK BLVD,SOLWAY CRT, ,Collector,Intersection,At Intersection,Stop Sign,Clear,Daylight,Dry,Non-Fatal Injury,Approaching,Vehicle Owner,unknown, ,0, ,Other, , , , , , , , , ,0,0,1,0,0,0,0,0,0,0,0,1,0,0
1115922,2009,6,19,14,30,4,43.79084538,-79.31619029,Scarborough-Agincourt (40),40,L'Amoreaux (117),117,D42,Scarborough,COLLINGSBROOK BLVD,SOLWAY CRT, ,Collector,Intersection,At Intersection,Stop Sign,Clear,Daylight,Dry,Non-Fatal Injury,Approaching,Driver,35 to 39,Minimal,0,North,"Automobile, Station Wagon",Going Ahead,Improper Lane Change,"Ability Impaired, Alcohol Over .08", , , , , , ,0,0,1,0,0,0,0,0,0,0,0,1,0,0
1146935,2009,11,30,14,30,0,43.70744538,-79.26779029,Scarborough Southwest (35),35,Clairlea-Birchmount (120),120,D41,Scarborough,DANFORTH Rd,BIRCHMOUNT Rd, ,Minor Arterial,Mid-Block, ,No Control,Clear,Daylight,Dry,Non-Fatal Injury,Cyclist Collisions,Cyclist,55 to 59,Major,0,North,Bicycle,Going Ahead, , , , , ,"Cyclist loses control and strikes object (pole, ttc track)",Lost control,Unknown,0,1,0,0,0,0,0,0,0,0,0,0,0,0
1176276,2010,6,30,14,30,2,43.66224538,-79.33489029,Toronto-Danforth (30),30,South Riverdale (70),70,D55,Toronto East York,QUEEN ST E,BERTMOUNT AVE, ,Minor Arterial,Intersection, ,No Control,Clear,Daylight,Dry,Non-Fatal Injury,Pedestrian Collisions,Truck Driver,unknown,,0,East,Truck - Open,Going Ahead,Driving Properly,Unknown, , , , , , ,1,0,0,0,1,0,0,0,0,0,0,0,0,0
1176276,2010,6,30,14,30,2,43.66224538,-79.33489029,Toronto-Danforth (30),30,South Riverdale (70),70,D55,Toronto East York,QUEEN ST E,BERTMOUNT AVE, ,Minor Arterial,Intersection, ,No Control,Clear,Daylight,Dry,Non-Fatal Injury,Pedestrian Collisions,Pedestrian,30 to 34,Major,0,South,Other, , , ,Vehicle is going straight thru inter.while ped cross without ROW,"Crossing, no Traffic Control",Other, , , ,1,0,0,0,1,0,0,0,0,0,0,0,0,0
1205839,2010,11,13,14,30,5,43.63044538,-79.41979029,Trinity-Spadina (19),19,Niagara (82),82,D14,Toronto East York,LAKE SHORE Boul W,ONTARIO Driv, ,Major Arterial,Intersection,At Intersection,Traffic Signal,Clear,Daylight,Dry,Non-Fatal Injury,Turning Movement,Motorcycle Driver,25 to 29,Major,0,West,Motorcycle,Going Ahead,Driving Properly,Normal, , , , , , ,0,0,1,1,0,0,0,0,0,0,0,0,0,0
1205839,2010,11,13,14,30,5,43.63044538,-79.41979029,Trinity-Spadina (19),19,Niagara (82),82,D14,Toronto East York,LAKE SHORE Boul W,ONTARIO Driv, ,Major Arterial,Intersection,At Intersection,Traffic Signal,Clear,Daylight,Dry,Non-Fatal Injury,Turning Movement,Driver,70 to 74,,0,East,"Automobile, Station Wagon",Turning Left,Improper Turn,Normal, , , , , , ,0,0,1,1,0,0,0,0,0,0,0,0,0,0
1210705,2010,12,4,14,30,5,43.73864538,-79.60759029,Etobicoke North (1),1,West Humber-Clairville (1),1,D23,Etobicoke York,CARRIER Driv,WOODBINE DOWNS Boul, ,Collector,Intersection,At Intersection,Stop Sign,Clear,Daylight,Dry,Non-Fatal Injury,Angle,Driver,40 to 44,,0,North,"Automobile, Station Wagon",Going Ahead,Disobeyed Traffic Control,Inattentive, , , , , , ,0,0,1,0,0,0,0,1,0,1,0,0,0,0
1210705,2010,12,4,14,30,5,43.73864538,-79.60759029,Etobicoke North (1),1,West Humber-Clairville (1),1,D23,Etobicoke York,CARRIER Driv,WOODBINE DOWNS Boul, ,Collector,Intersection,At Intersection,Stop Sign,Clear,Daylight,Dry,Non-Fatal Injury,Angle,Passenger,5 to 9,Minor,0, ,Other, , , , , , , , , ,0,0,1,0,0,0,0,1,0,1,0,0,0,0
1210705,2010,12,4,14,30,5,43.73864538,-79.60759029,Etobicoke North (1),1,West Humber-Clairville (1),1,D23,Etobicoke York,CARRIER Driv,WOODBINE DOWNS Boul, ,Collector,Intersection,At Intersection,Stop Sign,Clear,Daylight,Dry,Non-Fatal Injury,Angle,Passenger,10 to 14,Major,0, ,Other, , , , , , , , , ,0,0,1,0,0,0,0,1,0,1,0,0,0,0
1210705,2010,12,4,14,30,5,43.73864538,-79.60759029,Etobicoke North (1),1,West Humber-Clairville (1),1,D23,Etobicoke York,CARRIER Driv,WOODBINE DOWNS Boul, ,Collector,Intersection,At Intersection,Stop Sign,Clear,Daylight,Dry,Non-Fatal Injury,Angle,Passenger,65 to 69,Minor,0, ,Other, , , , , , , , , ,0,0,1,0,0,0,0,1,0,1,0,0,0,0
1210705,2010,12,4,14,30,5,43.73864538,-79.60759029,Etobicoke North (1),1,West Humber-Clairville (1),1,D23,Etobicoke York,CARRIER Driv,WOODBINE DOWNS Boul, ,Collector,Intersection,At Intersection,Stop Sign,Clear,Daylight,Dry,Non-Fatal Injury,Angle,Driver,35 to 39,Minor,0,West,"Automobile, Station Wagon",Going Ahead,Driving Properly,Normal, , , , , , ,0,0,1,0,0,0,0,1,0,1,0,0,0,0
1211140,2011,1,7,14,30,4,43.645503600000005,-79.40335474,Trinity-Spadina (20),20,Waterfront Communities-The Island (77),77,D14,Toronto East York,BATHURST ST,PORTUGAL SQ, ,Major Arterial,Intersection, ,No Control,Clear,Daylight,Wet,Non-Fatal Injury,Pedestrian Collisions,Driver,50 to 54,,0,North,"Automobile, Station Wagon",Turning Left,Failed to Yield Right of Way,Normal, , , , , , ,1,0,1,0,0,0,0,0,0,1,0,0,0,0
1211140,2011,1,7,14,30,4,43.645503600000005,-79.40335474,Trinity-Spadina (20),20,Waterfront Communities-The Island (77),77,D14,Toronto East York,BATHURST ST,PORTUGAL SQ, ,Major Arterial,Intersection, ,No Control,Clear,Daylight,Wet,Non-Fatal Injury,Pedestrian Collisions,Wheelchair,50 to 54,Major,0,North,Other, , , ,Vehicle turns left while ped crosses with ROW at inter.,Crossing with right of way,Normal, , , ,1,0,1,0,0,0,0,0,0,1,0,0,0,0
1234879,2011,5,22,14,30,6,43.78044538,-79.41229029,Willowdale (23),23,Willowdale East (51),51,D32,North York,FINCH AVE E,DORIS AVE, ,Major Arterial,Intersection,At Intersection,Traffic Signal,Clear,Daylight,Wet,Non-Fatal Injury,Pedestrian Collisions,Driver,unknown,,0,North,"Automobile, Station Wagon",Turning Right,Improper Turn,Unknown, , , , , , ,1,0,1,0,0,0,0,0,0,0,0,0,0,0
1234879,2011,5,22,14,30,6,43.78044538,-79.41229029,Willowdale (23),23,Willowdale East (51),51,D32,North York,FINCH AVE E,DORIS AVE, ,Major Arterial,Intersection,At Intersection,Traffic Signal,Clear,Daylight,Wet,Non-Fatal Injury,Pedestrian Collisions,Pedestrian,55 to 59,Major,0,North,Other, , , ,Pedestrian hit at mid-block,"Crossing, no Traffic Control",Normal, , , ,1,0,1,0,0,0,0,0,0,0,0,0,0,0
1258313,2011,8,12,14,30,4,43.76004538,-79.58609029,Etobicoke North (1),1,Mount Olive-Silverstone-Jamestown (2),2,D23,Etobicoke York,STEELES AVE W,MARKBROOK LANE, ,Major Arterial,Intersection, ,No Control,Clear,Daylight,Dry,Non-Fatal Injury,Rear End,Motorcycle Driver,25 to 29,Major,0,West,Motorcycle,Going Ahead,Speed too Fast For Condition,Inattentive, , , , , , ,0,0,0,1,0,1,0,0,1,1,0,0,0,0
1258313,2011,8,12,14,30,4,43.76004538,-79.58609029,Etobicoke North (1),1,Mount Olive-Silverstone-Jamestown (2),2,D23,Etobicoke York,STEELES AVE W,MARKBROOK LANE, ,Major Arterial,Intersection, ,No Control,Clear,Daylight,Dry,Non-Fatal Injury,Rear End,Vehicle Owner,unknown, ,0, ,Other, , , , , , , , , ,0,0,0,1,0,1,0,0,1,1,0,0,0,0
1258313,2011,8,12,14,30,4,43.76004538,-79.58609029,Etobicoke North (1),1,Mount Olive-Silverstone-Jamestown (2),2,D23,Etobicoke York,STEELES AVE W,MARKBROOK LANE, ,Major Arterial,Intersection, ,No Control,Clear,Daylight,Dry,Non-Fatal Injury,Rear End,Driver,40 to 44,,0,West,Municipal Transit Bus (TTC),Stopped,Driving Properly,Normal, , , , , , ,0,0,0,1,0,1,0,0,1,1,0,0,0,0
1280448,2011,12,20,14,30,1,43.64844538,-79.39779029,Trinity-Spadina (20),20,Waterfront Communities-The Island (77),77,D14,Toronto East York,QUEEN St W,CAMERON St, ,Major Arterial,Mid-Block, ,No Control,Clear,Daylight,Dry,Non-Fatal Injury,Cyclist Collisions,Driver,20 to 24,,0,East,"Automobile, Station Wagon",Parked,Other,Unknown, , , , , , ,0,1,1,0,0,0,0,0,0,0,0,0,0,0
1280448,2011,12,20,14,30,1,43.64844538,-79.39779029,Trinity-Spadina (20),20,Waterfront Communities-The Island (77),77,D14,Toronto East York,QUEEN St W,CAMERON St, ,Major Arterial,Mid-Block, ,No Control,Clear,Daylight,Dry,Non-Fatal Injury,Cyclist Collisions,Cyclist,35 to 39,Major,0,East,Bicycle,Going Ahead, , , , , ,Cyclist struck opened vehicle door,Driving Properly,Unknown,0,1,1,0,0,0,0,0,0,0,0,0,0,0
1289419,2012,2,14,14,30,1,43.64334538,-79.40529029,Trinity-Spadina (19),19,Niagara (82),82,D14,Toronto East York,KING St W,TECUMSETH St, ,Major Arterial,Intersection,At Intersection,Traffic Signal,Clear,Daylight,Wet,Non-Fatal Injury,Cyclist Collisions,Driver,50 to 54,,0,West,"Automobile, Station Wagon",Turning Left,Failed to Yield Right of Way,Inattentive, , , , , , ,0,1,1,0,0,0,0,0,0,1,0,0,0,0
1289419,2012,2,14,14,30,1,43.64334538,-79.40529029,Trinity-Spadina (19),19,Niagara (82),82,D14,Toronto East York,KING St W,TECUMSETH St, ,Major Arterial,Intersection,At Intersection,Traffic Signal,Clear,Daylight,Wet,Non-Fatal Injury,Cyclist Collisions,Cyclist,20 to 24,Major,0,East,Bicycle,Going Ahead, , , , , ,Motorist turned left across cyclists path.,Driving Properly,Normal,0,1,1,0,0,0,0,0,0,1,0,0,0,0
1386391,2013,6,17,14,30,0,43.70014538,-79.27269029,Scarborough Southwest (35),35,Oakridge (121),121,D41,Scarborough,DANFORTH Road,MACK Aven, ,Minor Arterial,Intersection, ,Traffic Signal,Clear,Daylight,Dry,Non-Fatal Injury,Angle,Vehicle Owner,unknown,,0, ,Other,Unknown, , , , , , , , ,0,0,1,0,1,0,0,0,0,0,0,0,0,0
1386391,2013,6,17,14,30,0,43.70014538,-79.27269029,Scarborough Southwest (35),35,Oakridge (121),121,D41,Scarborough,DANFORTH Road,MACK Aven, ,Minor Arterial,Intersection, ,Traffic Signal,Clear,Daylight,Dry,Non-Fatal Injury,Angle,Truck Driver,45 to 49,Minimal,0,East,Truck - Open,Going Ahead, , , , , , , , ,0,0,1,0,1,0,0,0,0,0,0,0,0,0
1386391,2013,6,17,14,30,0,43.70014538,-79.27269029,Scarborough Southwest (35),35,Oakridge (121),121,D41,Scarborough,DANFORTH Road,MACK Aven, ,Minor Arterial,Intersection, ,Traffic Signal,Clear,Daylight,Dry,Non-Fatal Injury,Angle,Vehicle Owner,unknown,,0, ,Other,Unknown, , , , , , , , ,0,0,1,0,1,0,0,0,0,0,0,0,0,0
1386391,2013,6,17,14,30,0,43.70014538,-79.27269029,Scarborough Southwest (35),35,Oakridge (121),121,D41,Scarborough,DANFORTH Road,MACK Aven, ,Minor Arterial,Intersection, ,Traffic Signal,Clear,Daylight,Dry,Non-Fatal Injury,Angle,Truck Driver,55 to 59,Major,0,North,Truck - Open,Going Ahead, , , , , , , , ,0,0,1,0,1,0,0,0,0,0,0,0,0,0
1386391,2013,6,17,14,30,0,43.70014538,-79.27269029,Scarborough Southwest (35),35,Oakridge (121),121,D41,Scarborough,DANFORTH Road,MACK Aven, ,Minor Arterial,Intersection, ,Traffic Signal,Clear,Daylight,Dry,Non-Fatal Injury,Angle,Driver,45 to 49,Major,0, ,"Automobile, Station Wagon",Stopped, , , , , , , , ,0,0,1,0,1,0,0,0,0,0,0,0,0,0
6000869081,2016,5,20,14,30,4,43.69723089,-79.44275294,Eglinton-Lawrence (15),15,Oakwood Village (107),107,D13,North York,EGLINTON AVE W,OAKWOOD AVE, ,Major Arterial,Intersection,At Intersection,Traffic Signal,Clear,"Daylight, artificial",Dry,Non-Fatal Injury,Pedestrian Collisions,Driver,75 to 79,,0,North,"Automobile, Station Wagon",Turning Right,Lost control,Inattentive, , , , , , ,1,0,1,0,0,0,0,0,0,0,0,0,0,0
6000869081,2016,5,20,14,30,4,43.69723089,-79.44275294,Eglinton-Lawrence (15),15,Oakwood Village (107),107,D13,North York,EGLINTON AVE W,OAKWOOD AVE, ,Major Arterial,Intersection,At Intersection,Traffic Signal,Clear,"Daylight, artificial",Dry,Non-Fatal Injury,Pedestrian Collisions,Driver,30 to 34,,0,East,"Automobile, Station Wagon",Going Ahead,Driving Properly,Normal, , , , , , ,1,0,1,0,0,0,0,0,0,0,0,0,0,0
6000869081,2016,5,20,14,30,4,43.69723089,-79.44275294,Eglinton-Lawrence (15),15,Oakwood Village (107),107,D13,North York,EGLINTON AVE W,OAKWOOD AVE, ,Major Arterial,Intersection,At Intersection,Traffic Signal,Clear,"Daylight, artificial",Dry,Non-Fatal Injury,Pedestrian Collisions,Driver,55 to 59,,0,East,"Automobile, Station Wagon",Parked,Other,Unknown, , , , , , ,1,0,1,0,0,0,0,0,0,0,0,0,0,0
6000869081,2016,5,20,14,30,4,43.69723089,-79.44275294,Eglinton-Lawrence (15),15,Oakwood Village (107),107,D13,North York,EGLINTON AVE W,OAKWOOD AVE, ,Major Arterial,Intersection,At Intersection,Traffic Signal,Clear,"Daylight, artificial",Dry,Non-Fatal Injury,Pedestrian Collisions,Pedestrian,70 to 74,Major,0,Unknown, , , , ,Pedestrian hit on sidewalk or shoulder,On Sidewalk or Shoulder,Normal, , , ,1,0,1,0,0,0,0,0,0,0,0,0,0,0
6000963645,2016,6,3,14,30,4,43.71560629,-79.44650659999999,Eglinton-Lawrence (15),15,Yorkdale-Glen Park (31),31,D13,North York,LAWRENCE AVE W,MARLEE AVE, ,Major Arterial,Intersection,At Intersection,Traffic Signal,Clear,Daylight,Dry,Non-Fatal Injury,Rear End,Truck Driver,20 to 24,Minimal,0,East,Tow Truck,Going Ahead,Following too Close,Inattentive, , , , , , ,0,0,1,0,0,0,0,1,0,1,0,0,0,0
6000963645,2016,6,3,14,30,4,43.71560629,-79.44650659999999,Eglinton-Lawrence (15),15,Yorkdale-Glen Park (31),31,D13,North York,LAWRENCE AVE W,MARLEE AVE, ,Major Arterial,Intersection,At Intersection,Traffic Signal,Clear,Daylight,Dry,Non-Fatal Injury,Rear End,Driver,60 to 64,,0,East,"Automobile, Station Wagon",Slowing or Stopping,Driving Properly,Normal, , , , , , ,0,0,1,0,0,0,0,1,0,1,0,0,0,0
6000963645,2016,6,3,14,30,4,43.71560629,-79.44650659999999,Eglinton-Lawrence (15),15,Yorkdale-Glen Park (31),31,D13,North York,LAWRENCE AVE W,MARLEE AVE, ,Major Arterial,Intersection,At Intersection,Traffic Signal,Clear,Daylight,Dry,Non-Fatal Injury,Rear End,Driver,65 to 69,,0,East,"Automobile, Station Wagon",Going Ahead,Driving Properly,Normal, , , , , , ,0,0,1,0,0,0,0,1,0,1,0,0,0,0
6000963645,2016,6,3,14,30,4,43.71560629,-79.44650659999999,Eglinton-Lawrence (15),15,Yorkdale-Glen Park (31),31,D13,North York,LAWRENCE AVE W,MARLEE AVE, ,Major Arterial,Intersection,At Intersection,Traffic Signal,Clear,Daylight,Dry,Non-Fatal Injury,Rear End,Passenger,60 to 64,,0, , , , , , , , , , , ,0,0,1,0,0,0,0,1,0,1,0,0,0,0
6000963645,2016,6,3,14,30,4,43.71560629,-79.44650659999999,Eglinton-Lawrence (15),15,Yorkdale-Glen Park (31),31,D13,North York,LAWRENCE AVE W,MARLEE AVE, ,Major Arterial,Intersection,At Intersection,Traffic Signal,Clear,Daylight,Dry,Non-Fatal Injury,Rear End,Passenger,60 to 64,Minor,0, , , , , , , , , , , ,0,0,1,0,0,0,0,1,0,1,0,0,0,0
6000963645,2016,6,3,14,30,4,43.71560629,-79.44650659999999,Eglinton-Lawrence (15),15,Yorkdale-Glen Park (31),31,D13,North York,LAWRENCE AVE W,MARLEE AVE, ,Major Arterial,Intersection,At Intersection,Traffic Signal,Clear,Daylight,Dry,Non-Fatal Injury,Rear End,Passenger,55 to 59,Major,0, , , , , , , , , , , ,0,0,1,0,0,0,0,1,0,1,0,0,0,0
6000963645,2016,6,3,14,30,4,43.71560629,-79.44650659999999,Eglinton-Lawrence (15),15,Yorkdale-Glen Park (31),31,D13,North York,LAWRENCE AVE W,MARLEE AVE, ,Major Arterial,Intersection,At Intersection,Traffic Signal,Clear,Daylight,Dry,Non-Fatal Injury,Rear End,Passenger,60 to 64,,0, , , , , , , , , , , ,0,0,1,0,0,0,0,1,0,1,0,0,0,0
6000963645,2016,6,3,14,30,4,43.71560629,-79.44650659999999,Eglinton-Lawrence (15),15,Yorkdale-Glen Park (31),31,D13,North York,LAWRENCE AVE W,MARLEE AVE, ,Major Arterial,Intersection,At Intersection,Traffic Signal,Clear,Daylight,Dry,Non-Fatal Injury,Rear End,Passenger,65 to 69,,0, , , , , , , , , , , ,0,0,1,0,0,0,0,1,0,1,0,0,0,0