ACCNUM,YEAR,MONTH,DAY,HOUR,MINUTES,WEEKDAY,LATITUDE,LONGITUDE,Ward_Name,Ward_ID,Hood_Name,Hood_ID,Division,District,STREET1,STREET2,OFFSET,ROAD_CLASS,LOCCOORD,ACCLOC,TRAFFCTL,VISIBILITY,LIGHT,RDSFCOND,ACCLASS,IMPACTYPE,INVTYPE,INVAGE,INJURY,FATAL_NO,INITDIR,VEHTYPE,MANOEUVER,DRIVACT,DRIVCOND,PEDTYPE,PEDACT,PEDCOND,CYCLISTYPE,CYCACT,CYCCOND,PEDESTRIAN,CYCLIST,AUTOMOBILE,MOTORCYCLE,TRUCK,TRSN_CITY_VEH,EMERG_VEH,PASSENGER,SPEEDING,AG_DRIV,REDLIGHT,ALCOHOL,DISABILITY,label
7000214156,2017,2,3,14,30,4,43.66239889,-79.38634119,Toronto Centre-Rosedale (27),27,Bay Street Corridor (76),76,D52,Toronto East York,BAY ST,GROSVENOR ST, ,Major Arterial,Intersection,At Intersection,Traffic Signal,Clear,Daylight,Dry,Non-Fatal Injury,Angle,Driver,20 to 24,Major,0,South,"Automobile, Station Wagon",Going Ahead,Other,Normal, , , , , , ,0,0,1,0,0,0,0,0,0,0,0,0,0,0
7000214156,2017,2,3,14,30,4,43.66239889,-79.38634119,Toronto Centre-Rosedale (27),27,Bay Street Corridor (76),76,D52,Toronto East York,BAY ST,GROSVENOR ST, ,Major Arterial,Intersection,At Intersection,Traffic Signal,Clear,Daylight,Dry,Non-Fatal Injury,Angle,Driver,45 to 49,,0,East,"Automobile, Station Wagon",Going Ahead,Other,Normal, , , , , , ,0,0,1,0,0,0,0,0,0,0,0,0,0,0
7003088501,2017,11,28,14,31,1,43.60061224,-79.51797877,Etobicoke-Lakeshore (6),6,New Toronto (18),18,D22,Etobicoke York,KIPLING AVE,BIRMINGHAM ST, ,Major Arterial,Intersection,At Intersection,Traffic Signal,Clear,Daylight,Dry,Non-Fatal Injury,Pedestrian Collisions,Driver,50 to 54,,0,West,"Automobile, Station Wagon",Turning Left,Failed to Yield Right of Way,Normal, , , , , , ,1,0,1,0,0,0,0,0,0,1,0,0,0,0
7003088501,2017,11,28,14,31,1,43.60061224,-79.51797877,Etobicoke-Lakeshore (6),6,New Toronto (18),18,D22,Etobicoke York,KIPLING AVE,BIRMINGHAM ST, ,Major Arterial,Intersection,At Intersection,Traffic Signal,Clear,Daylight,Dry,Non-Fatal Injury,Pedestrian Collisions,Pedestrian,30 to 34,Major,0,East, , , , ,Vehicle turns left while ped crosses with ROW at inter.,Crossing with right of way,Normal, , , ,1,0,1,0,0,0,0,0,0,1,0,0,0,0
1027277,2008,2,27,14,32,2,43.69704538,-79.54669029,Etobicoke Centre (4),4,Kingsview Village-The Westway (6),6,D23,Etobicoke York,DIXON RD,ISLINGTON AVE, ,Major Arterial,Intersection,At Intersection,Traffic Signal,Clear,Daylight,Dry,Non-Fatal Injury,Rear End,Driver,50 to 54,Major,0,West,"Automobile, Station Wagon",Stopped,Driving Properly,Normal, , , , , , ,0,0,1,0,0,0,0,0,0,0,0,0,0,0
1027277,2008,2,27,14,32,2,43.69704538,-79.54669029,Etobicoke Centre (4),4,Kingsview Village-The Westway (6),6,D23,Etobicoke York,DIXON RD,ISLINGTON AVE, ,Major Arterial,Intersection,At Intersection,Traffic Signal,Clear,Daylight,Dry,Non-Fatal Injury,Rear End,Driver,unknown,,0,West,"Automobile, Station Wagon",Going Ahead,Lost control,Unknown, , , , , , ,0,0,1,0,0,0,0,0,0,0,0,0,0,0
1245730,2011,2,16,14,32,2,43.70214538,-79.39739029,St. Paul's (22),22,Mount Pleasant West (104),104,D53,Toronto East York,2057 YONGE St, , ,Major Arterial,Mid-Block, ,No Control,Clear,Daylight,Dry,Non-Fatal Injury,Turning Movement,Vehicle Owner,unknown, ,0, ,Other, , , , , , , , , ,0,0,1,0,0,0,0,0,0,0,0,0,0,0
1245730,2011,2,16,14,32,2,43.70214538,-79.39739029,St. Paul's (22),22,Mount Pleasant West (104),104,D53,Toronto East York,2057 YONGE St, , ,Major Arterial,Mid-Block, ,No Control,Clear,Daylight,Dry,Non-Fatal Injury,Turning Movement,Driver,45 to 49,,0,North,"Automobile, Station Wagon",Turning Right,Improper Lane Change,Inattentive, , , , , , ,0,0,1,0,0,0,0,0,0,0,0,0,0,0
1245730,2011,2,16,14,32,2,43.70214538,-79.39739029,St. Paul's (22),22,Mount Pleasant West (104),104,D53,Toronto East York,2057 YONGE St, , ,Major Arterial,Mid-Block, ,No Control,Clear,Daylight,Dry,Non-Fatal Injury,Turning Movement,Other,unknown,,0, ,Other,Parked, , , , , , , , ,0,0,1,0,0,0,0,0,0,0,0,0,0,0
1245730,2011,2,16,14,32,2,43.70214538,-79.39739029,St. Paul's (22),22,Mount Pleasant West (104),104,D53,Toronto East York,2057 YONGE St, , ,Major Arterial,Mid-Block, ,No Control,Clear,Daylight,Dry,Non-Fatal Injury,Turning Movement,Driver,25 to 29,Major,0,North,"Automobile, Station Wagon",Going Ahead,Driving Properly,Normal, , , , , , ,0,0,1,0,0,0,0,0,0,0,0,0,0,0
1239243,2011,6,17,14,32,4,43.78894538,-79.41779029,Willowdale (24),24,Newtonbrook East (50),50,D32,North York,WEDGEWOOD DR,YONGE ST, ,Major Arterial,Intersection,At Intersection,Stop Sign,Clear,Daylight,Dry,Fatal,Pedestrian Collisions,Driver,25 to 29,,0,West,"Automobile, Station Wagon",Going Ahead,Failed to Yield Right of Way,Normal, , , , , , ,1,0,1,0,0,0,0,0,0,1,0,0,0,1
1239243,2011,6,17,14,32,4,43.78894538,-79.41779029,Willowdale (24),24,Newtonbrook East (50),50,D32,North York,WEDGEWOOD DR,YONGE ST, ,Major Arterial,Intersection,At Intersection,Stop Sign,Clear,Daylight,Dry,Fatal,Pedestrian Collisions,Pedestrian,35 to 39,Minor,0,South,Other, , , ,Vehicle is going straight thru inter.while ped cross with ROW,Crossing with right of way,Normal, , , ,1,0,1,0,0,0,0,0,0,1,0,0,0,1
1239243,2011,6,17,14,32,4,43.78894538,-79.41779029,Willowdale (24),24,Newtonbrook East (50),50,D32,North York,WEDGEWOOD DR,YONGE ST, ,Major Arterial,Intersection,At Intersection,Stop Sign,Clear,Daylight,Dry,Fatal,Pedestrian Collisions,Pedestrian,5 to 9,Fatal,10,South,Other, , , ,Vehicle is going straight thru inter.while ped cross with ROW,Crossing with right of way,Normal, , , ,1,0,1,0,0,0,0,0,0,1,0,0,0,1
4001608537,2014,2,27,14,32,3,43.69739874,-79.39645014,St. Paul's (22),22,Mount Pleasant West (104),104,D53,Toronto East York,YONGE ST,BALLIOL ST, ,Major Arterial,Intersection,Non Intersection,No Control,Clear,Daylight,Dry,Non-Fatal Injury,Pedestrian Collisions,Driver,50 to 54,,0,East,Municipal Transit Bus (TTC),Turning Left,Driving Properly,Inattentive, , , , , , ,1,0,0,0,0,1,0,0,0,0,0,0,0,0
4001608537,2014,2,27,14,32,3,43.69739874,-79.39645014,St. Paul's (22),22,Mount Pleasant West (104),104,D53,Toronto East York,YONGE ST,BALLIOL ST, ,Major Arterial,Intersection,Non Intersection,No Control,Clear,Daylight,Dry,Non-Fatal Injury,Pedestrian Collisions,Pedestrian,70 to 74,Major,0,West, , , , ,Pedestrian involved in a collision with transit vehicle anywhere along roadway,"Crossing, no Traffic Control",Inattentive, , , ,1,0,0,0,0,1,0,0,0,0,0,0,0,0
992979,2007,9,1,14,33,5,43.65754538,-79.38949029,Toronto Centre-Rosedale (27),27,Bay Street Corridor (76),76,D52,Toronto East York,UNIVERSITY AVE,GERRARD ST W, ,Major Arterial,Intersection,At Intersection,Traffic Signal,Clear,Daylight,Dry,Non-Fatal Injury,Turning Movement,Driver,25 to 29,,0,North,"Automobile, Station Wagon",Going Ahead,Driving Properly,Normal, , , , , , ,0,0,1,0,0,0,0,1,0,1,0,0,0,0
992979,2007,9,1,14,33,5,43.65754538,-79.38949029,Toronto Centre-Rosedale (27),27,Bay Street Corridor (76),76,D52,Toronto East York,UNIVERSITY AVE,GERRARD ST W, ,Major Arterial,Intersection,At Intersection,Traffic Signal,Clear,Daylight,Dry,Non-Fatal Injury,Turning Movement,Passenger,25 to 29,Major,0, ,Other, , , , , , , , , ,0,0,1,0,0,0,0,1,0,1,0,0,0,0
992979,2007,9,1,14,33,5,43.65754538,-79.38949029,Toronto Centre-Rosedale (27),27,Bay Street Corridor (76),76,D52,Toronto East York,UNIVERSITY AVE,GERRARD ST W, ,Major Arterial,Intersection,At Intersection,Traffic Signal,Clear,Daylight,Dry,Non-Fatal Injury,Turning Movement,Vehicle Owner,unknown,,0, ,Other, , , , , , , , , ,0,0,1,0,0,0,0,1,0,1,0,0,0,0
992979,2007,9,1,14,33,5,43.65754538,-79.38949029,Toronto Centre-Rosedale (27),27,Bay Street Corridor (76),76,D52,Toronto East York,UNIVERSITY AVE,GERRARD ST W, ,Major Arterial,Intersection,At Intersection,Traffic Signal,Clear,Daylight,Dry,Non-Fatal Injury,Turning Movement,Driver,30 to 34,Minimal,0,South,"Automobile, Station Wagon",Turning Left,Failed to Yield Right of Way,Inattentive, , , , , , ,0,0,1,0,0,0,0,1,0,1,0,0,0,0
992979,2007,9,1,14,33,5,43.65754538,-79.38949029,Toronto Centre-Rosedale (27),27,Bay Street Corridor (76),76,D52,Toronto East York,UNIVERSITY AVE,GERRARD ST W, ,Major Arterial,Intersection,At Intersection,Traffic Signal,Clear,Daylight,Dry,Non-Fatal Injury,Turning Movement,Passenger,35 to 39,Major,0, ,Other, , , , , , , , , ,0,0,1,0,0,0,0,1,0,1,0,0,0,0
992979,2007,9,1,14,33,5,43.65754538,-79.38949029,Toronto Centre-Rosedale (27),27,Bay Street Corridor (76),76,D52,Toronto East York,UNIVERSITY AVE,GERRARD ST W, ,Major Arterial,Intersection,At Intersection,Traffic Signal,Clear,Daylight,Dry,Non-Fatal Injury,Turning Movement,Driver,50 to 54,Minimal,0,North,"Automobile, Station Wagon",Going Ahead,Driving Properly,Normal, , , , , , ,0,0,1,0,0,0,0,1,0,1,0,0,0,0
1118576,2009,8,12,14,33,2,43.69134538,-79.48479029,York South-Weston (12),12,Beechborough-Greenbrook (112),112,D12,Etobicoke York,TODD BAYLIS Boul,BLACK CREEK Driv, ,Major Arterial,Mid-Block, ,No Control,Clear,Daylight,Dry,Non-Fatal Injury,Approaching,Vehicle Owner,unknown, ,0, ,Other, , , , , , , , , ,0,0,1,0,0,0,0,0,0,0,0,0,0,0
1118576,2009,8,12,14,33,2,43.69134538,-79.48479029,York South-Weston (12),12,Beechborough-Greenbrook (112),112,D12,Etobicoke York,TODD BAYLIS Boul,BLACK CREEK Driv, ,Major Arterial,Mid-Block, ,No Control,Clear,Daylight,Dry,Non-Fatal Injury,Approaching,Driver,40 to 44,,0,North,"Automobile, Station Wagon",Going Ahead,Lost control,Normal, , , , , , ,0,0,1,0,0,0,0,0,0,0,0,0,0,0
1118576,2009,8,12,14,33,2,43.69134538,-79.48479029,York South-Weston (12),12,Beechborough-Greenbrook (112),112,D12,Etobicoke York,TODD BAYLIS Boul,BLACK CREEK Driv, ,Major Arterial,Mid-Block, ,No Control,Clear,Daylight,Dry,Non-Fatal Injury,Approaching,Driver,50 to 54,Major,0,South,"Automobile, Station Wagon",Going Ahead,Lost control,Normal, , , , , , ,0,0,1,0,0,0,0,0,0,0,0,0,0,0
4001931404,2014,4,21,14,33,0,43.76008185,-79.18279658,Scarborough East (43),43,West Hill (136),136,D43,Scarborough,MORNINGSIDE AVE,GARDENTREE ST, ,Minor Arterial,Intersection,Non Intersection,No Control,Clear,Daylight,Dry,Non-Fatal Injury,Cyclist Collisions,Driver,30 to 34,,0,North,"Automobile, Station Wagon",Turning Left,Improper Turn,Normal, , , , , , ,0,1,1,0,0,0,0,0,0,0,0,0,0,0
4001931404,2014,4,21,14,33,0,43.76008185,-79.18279658,Scarborough East (43),43,West Hill (136),136,D43,Scarborough,MORNINGSIDE AVE,GARDENTREE ST, ,Minor Arterial,Intersection,Non Intersection,No Control,Clear,Daylight,Dry,Non-Fatal Injury,Cyclist Collisions,Cyclist,55 to 59,Major,0,South,Bicycle,Going Ahead, , , , , ,Motorist turned left across cyclists path.,Driving Properly,Normal,0,1,1,0,0,0,0,0,0,0,0,0,0,0
5000563919,2015,4,5,14,33,6,43.71161612,-79.32658015,Don Valley West (26),26,Flemingdon Park (44),44,D54,North York,DON VALLEY PARKWAY  S,SPANBRIDGE,185 m South of,Expressway,Mid-Block,Non Intersection,No Control,Clear,Daylight,Dry,Non-Fatal Injury,Sideswipe,Driver,unknown,,0,South, ,Changing Lanes,Improper Lane Change,Unknown, , , , , , ,0,0,1,0,0,0,0,0,0,0,0,0,0,0
5000563919,2015,4,5,14,33,6,43.71161612,-79.32658015,Don Valley West (26),26,Flemingdon Park (44),44,D54,North York,DON VALLEY PARKWAY  S,SPANBRIDGE,185 m South of,Expressway,Mid-Block,Non Intersection,No Control,Clear,Daylight,Dry,Non-Fatal Injury,Sideswipe,Driver,20 to 24,Major,0,South,"Automobile, Station Wagon",Going Ahead,Driving Properly,Normal, , , , , , ,0,0,1,0,0,0,0,0,0,0,0,0,0,0
1289975,2012,4,19,14,34,3,43.79814538,-79.21769029,Scarborough-Rouge River (42),42,Malvern (132),132,D42,Scarborough,NEILSON RD,SHEPPARD AVE E, ,Major Arterial,Intersection,At Intersection,Traffic Signal,Clear,Daylight,Dry,Non-Fatal Injury,Turning Movement,Motorcycle Driver,25 to 29,Major,0,South,Motorcycle,Going Ahead,Driving Properly,Normal, , , , , , ,0,0,1,1,0,0,0,0,0,1,0,0,0,0
1289975,2012,4,19,14,34,3,43.79814538,-79.21769029,Scarborough-Rouge River (42),42,Malvern (132),132,D42,Scarborough,NEILSON RD,SHEPPARD AVE E, ,Major Arterial,Intersection,At Intersection,Traffic Signal,Clear,Daylight,Dry,Non-Fatal Injury,Turning Movement,Vehicle Owner,unknown, ,0, ,Other, , , , , , , , , ,0,0,1,1,0,0,0,0,0,1,0,0,0,0
1289975,2012,4,19,14,34,3,43.79814538,-79.21769029,Scarborough-Rouge River (42),42,Malvern (132),132,D42,Scarborough,NEILSON RD,SHEPPARD AVE E, ,Major Arterial,Intersection,At Intersection,Traffic Signal,Clear,Daylight,Dry,Non-Fatal Injury,Turning Movement,Driver,30 to 34,,0,North,"Automobile, Station Wagon",Turning Left,Failed to Yield Right of Way,Inattentive, , , , , , ,0,0,1,1,0,0,0,0,0,1,0,0,0,0
954013,2007,1,29,14,35,0,43.70814538,-79.26859029,Scarborough Southwest (35),35,Clairlea-Birchmount (120),120,D41,Scarborough,496 BIRCHMOUNT RD, , ,Minor Arterial,Mid-Block, ,No Control,Clear,Daylight,Dry,Non-Fatal Injury,Pedestrian Collisions,Vehicle Owner,unknown,,0, ,Other, , , , , , , , , ,1,0,0,0,1,0,0,0,0,0,0,0,0,0
954013,2007,1,29,14,35,0,43.70814538,-79.26859029,Scarborough Southwest (35),35,Clairlea-Birchmount (120),120,D41,Scarborough,496 BIRCHMOUNT RD, , ,Minor Arterial,Mid-Block, ,No Control,Clear,Daylight,Dry,Non-Fatal Injury,Pedestrian Collisions,Truck Driver,70 to 74,,0,North,Truck - Open,Stopped,Lost control,Normal, , , , , , ,1,0,0,0,1,0,0,0,0,0,0,0,0,0
954013,2007,1,29,14,35,0,43.70814538,-79.26859029,Scarborough Southwest (35),35,Clairlea-Birchmount (120),120,D41,Scarborough,496 BIRCHMOUNT RD, , ,Minor Arterial,Mid-Block, ,No Control,Clear,Daylight,Dry,Non-Fatal Injury,Pedestrian Collisions,Pedestrian,45 to 49,Major,0, ,Other, , , ,Pedestrian hit at mid-block,Pushing/Working on Vehicle,Normal, , , ,1,0,0,0,1,0,0,0,0,0,0,0,0,0
1073663,2008,11,11,14,35,1,43.68794538,-79.58679029,Etobicoke North (2),2,West Humber-Clairville (1),1,D23,Etobicoke York,DIXON RD,SKYWAY AVE, ,Major Arterial,Intersection,At Intersection,Traffic Signal,Clear,Daylight,Dry,Non-Fatal Injury,Pedestrian Collisions,Vehicle Owner,unknown, ,0, ,Other, , , , , , , , , ,1,0,0,0,0,1,0,0,0,1,0,0,0,0
1073663,2008,11,11,14,35,1,43.68794538,-79.58679029,Etobicoke North (2),2,West Humber-Clairville (1),1,D23,Etobicoke York,DIXON RD,SKYWAY AVE, ,Major Arterial,Intersection,At Intersection,Traffic Signal,Clear,Daylight,Dry,Non-Fatal Injury,Pedestrian Collisions,Driver,45 to 49,,0,North,Municipal Transit Bus (TTC),Turning Left,Failed to Yield Right of Way,Normal, , , , , , ,1,0,0,0,0,1,0,0,0,1,0,0,0,0
1073663,2008,11,11,14,35,1,43.68794538,-79.58679029,Etobicoke North (2),2,West Humber-Clairville (1),1,D23,Etobicoke York,DIXON RD,SKYWAY AVE, ,Major Arterial,Intersection,At Intersection,Traffic Signal,Clear,Daylight,Dry,Non-Fatal Injury,Pedestrian Collisions,Pedestrian,30 to 34,Major,0,South,Other, , , ,Pedestrian involved in a collision with transit vehicle anywhere along roadway,Crossing with right of way,Normal, , , ,1,0,0,0,0,1,0,0,0,1,0,0,0,0
1137408,2009,11,16,14,50,0,43.77024538,-79.54649029,York West (7),7,Humber Summit (21),21,D31,Etobicoke York,STEELES Aven W,WESTON Road, ,Major Arterial,Intersection, ,Traffic Signal,Clear,Daylight,Dry,Non-Fatal Injury,Pedestrian Collisions,Pedestrian,35 to 39,Major,0,East,Other, , , ,Vehicle turns left while ped crosses with ROW at inter.,Crossing with right of way,Normal, , , ,1,0,1,0,0,0,0,0,0,1,0,0,0,0
1137408,2009,11,16,14,50,0,43.77024538,-79.54649029,York West (7),7,Humber Summit (21),21,D31,Etobicoke York,STEELES Aven W,WESTON Road, ,Major Arterial,Intersection, ,Traffic Signal,Clear,Daylight,Dry,Non-Fatal Injury,Pedestrian Collisions,Driver,unknown,,0,West,"Automobile, Station Wagon",Turning Left,Failed to Yield Right of Way,Unknown, , , , , , ,1,0,1,0,0,0,0,0,0,1,0,0,0,0
1148504,2009,12,22,15,25,1,43.64524538,-79.53199029,Etobicoke-Lakeshore (5),5,Islington-City Centre West (14),14,D22,Etobicoke York,DUNDAS ST W,ROYALAVON CRES, ,Major Arterial,Intersection,At Intersection,Traffic Signal,Clear,Daylight,Dry,Non-Fatal Injury,Pedestrian Collisions,Pedestrian,20 to 24,Major,0,Unknown,Other, , , ,Vehicle is going straight thru inter.while ped cross with ROW,Crossing with right of way,Normal, , , ,1,0,1,0,0,0,0,0,0,1,1,0,0,0
1232073,2011,5,7,14,50,5,43.67284538,-79.44159029,Davenport (17),17,Dovercourt-Wallace Emerson-Junction (93),93,D13,Etobicoke York,DAVENPORT Road,DUFFERIN Stre, ,Major Arterial,Mid-Block, ,No Control,Clear,Daylight,Dry,Non-Fatal Injury,Pedestrian Collisions,Pedestrian,15 to 19,Major,0,North,Other, , , ,Vehicle hits the pedestrian walking or running out from between parked vehicles at mid-block,Coming From Behind Parked Vehicle,Inattentive, , , ,1,0,1,1,0,0,0,0,0,1,0,0,0,0
2015260881,2015,2,13,15,16,4,43.62156256,-79.50060664,Etobicoke-Lakeshore (6),6,Mimico (includes Humber Bay Shores) (17),17,D22,Etobicoke York,ROYAL YORK RD,MANITOBA ST, ,Minor Arterial,Intersection, ,No Control,Other,Daylight,Other,Fatal,Other,Driver,45 to 49,,0,North,Municipal Transit Bus (TTC),Going Ahead,Driving Properly,Normal, , , , , , ,0,0,0,0,0,1,0,1,0,0,0,0,0,1
1287560,2012,1,31,15,25,1,43.65004538,-79.38629029,Trinity-Spadina (20),20,Bay Street Corridor (76),76,D52,Toronto East York,UNIVERSITY AVE,RICHMOND ST W, ,Major Arterial,Intersection,At Intersection,Traffic Signal,Clear,Daylight,Dry,Non-Fatal Injury,Angle,Driver,55 to 59,Minimal,0,West,"Automobile, Station Wagon",Going Ahead,Driving Properly,Normal, , , , , , ,0,0,1,0,0,0,0,0,0,1,1,0,0,0
1287560,2012,1,31,15,25,1,43.65004538,-79.38629029,Trinity-Spadina (20),20,Bay Street Corridor (76),76,D52,Toronto East York,UNIVERSITY AVE,RICHMOND ST W, ,Major Arterial,Intersection,At Intersection,Traffic Signal,Clear,Daylight,Dry,Non-Fatal Injury,Angle,Vehicle Owner,unknown, ,0, ,Other, , , , , , , , , ,0,0,1,0,0,0,0,0,0,1,1,0,0,0
1287560,2012,1,31,15,25,1,43.65004538,-79.38629029,Trinity-Spadina (20),20,Bay Street Corridor (76),76,D52,Toronto East York,UNIVERSITY AVE,RICHMOND ST W, ,Major Arterial,Intersection,At Intersection,Traffic Signal,Clear,Daylight,Dry,Non-Fatal Injury,Angle,Driver,40 to 44,Major,0,North,"Automobile, Station Wagon",Going Ahead,Disobeyed Traffic Control,Inattentive, , , , , , ,0,0,1,0,0,0,0,0,0,1,1,0,0,0
1328489,2012,10,22,15,25,0,43.79478796,-79.29487238,Scarborough-Agincourt (39),39,Tam O'Shanter-Sullivan (118),118,D42,Scarborough,851 HUNTINGWOOD DR, , ,Minor Arterial,Intersection,At Intersection,No Control,Clear,Daylight,Dry,Non-Fatal Injury,Rear End,Driver,55 to 59,Minimal,0,East,"Automobile, Station Wagon",Going Ahead,Following too Close,Inattentive, , , , , , ,0,0,1,0,0,0,0,0,0,1,0,0,0,0
1328489,2012,10,22,15,25,0,43.79478796,-79.29487238,Scarborough-Agincourt (39),39,Tam O'Shanter-Sullivan (118),118,D42,Scarborough,851 HUNTINGWOOD DR, , ,Minor Arterial,Intersection,At Intersection,No Control,Clear,Daylight,Dry,Non-Fatal Injury,Rear End,Driver,45 to 49,Minimal,0,East,"Automobile, Station Wagon",Stopped,Driving Properly,Normal, , , , , , ,0,0,1,0,0,0,0,0,0,1,0,0,0,0
1328489,2012,10,22,15,25,0,43.79478796,-79.29487238,Scarborough-Agincourt (39),39,Tam O'Shanter-Sullivan (118),118,D42,Scarborough,851 HUNTINGWOOD DR, , ,Minor Arterial,Intersection,At Intersection,No Control,Clear,Daylight,Dry,Non-Fatal Injury,Rear End,Driver,50 to 54,Major,0,East,"Automobile, Station Wagon",Stopped,Driving Properly,Normal, , , , , , ,0,0,1,0,0,0,0,0,0,1,0,0,0,0
1371162,2013,6,16,15,25,6,43.70844538,-79.55189029,Etobicoke North (2),2,Kingsview Village-The Westway (6),6,D23,Etobicoke York,ISLINGTON AVE,401 C E ISLINGTON N RAMP E, ,Major Arterial,Mid-Block, ,No Control,Clear,Daylight,Dry,Non-Fatal Injury,Pedestrian Collisions,Driver,35 to 39,,0,North,"Automobile, Station Wagon",Going Ahead,Driving Properly,Normal, , , , , , ,1,0,1,0,0,0,0,0,0,0,0,0,0,0
1371162,2013,6,16,15,25,6,43.70844538,-79.55189029,Etobicoke North (2),2,Kingsview Village-The Westway (6),6,D23,Etobicoke York,ISLINGTON AVE,401 C E ISLINGTON N RAMP E, ,Major Arterial,Mid-Block, ,No Control,Clear,Daylight,Dry,Non-Fatal Injury,Pedestrian Collisions,In-Line Skater,50 to 54,Major,0,South,Other, , , ,Pedestrian hit at mid-block,Other,Normal, , , ,1,0,1,0,0,0,0,0,0,0,0,0,0,0
1388364,2013,10,29,15,25,1,43.70064505,-79.33768854,Toronto-Danforth (29),29,Old East York (58),58,D54,Toronto East York,DON MILLS Rd,DON VALLEY PARKWAY  S, ,Major Arterial,Mid-Block, ,No Control,Clear,Daylight,Dry,Non-Fatal Injury,Approaching,Passenger,30 to 34,Major,0, ,Other, , , , , , , , , ,0,0,1,0,0,0,0,1,0,0,0,0,0,0
1388364,2013,10,29,15,25,1,43.70064505,-79.33768854,Toronto-Danforth (29),29,Old East York (58),58,D54,Toronto East York,DON MILLS Rd,DON VALLEY PARKWAY  S, ,Major Arterial,Mid-Block, ,No Control,Clear,Daylight,Dry,Non-Fatal Injury,Approaching,Driver,55 to 59,Major,0,South,"Automobile, Station Wagon",Going Ahead,Driving Properly,Normal, , , , , , ,0,0,1,0,0,0,0,1,0,0,0,0,0,0
6000942671,2016,5,31,14,41,1,43.73837622,-79.33229456,Don Valley East (34),34,Banbury-Don Mills (42),42,D33,North York,DON VALLEY PARKWAY  S,LAWRENCE AVE E, ,Expressway,Mid-Block,Non Intersection,No Control,Clear,Daylight,Dry,Fatal,Rear End,Driver,70 to 74,Fatal,35,South,"Automobile, Station Wagon",Going Ahead,Speed too Slow,Inattentive, , , , , , ,0,0,1,0,1,0,0,0,0,0,0,0,0,1
1388364,2013,10,29,15,25,1,43.70064505,-79.33768854,Toronto-Danforth (29),29,Old East York (58),58,D54,Toronto East York,DON MILLS Rd,DON VALLEY PARKWAY  S, ,Major Arterial,Mid-Block, ,No Control,Clear,Daylight,Dry,Non-Fatal Injury,Approaching,Driver,35 to 39,Major,0,North,"Automobile, Station Wagon",Going Ahead,Lost control,Inattentive, , , , , , ,0,0,1,0,0,0,0,1,0,0,0,0,0,0
5001107596,2015,7,1,15,25,2,43.66369589,-79.35923395,Toronto Centre-Rosedale (28),28,Regent Park (72),72,D51,Toronto East York,GERRARD ST E,RIVER ST, ,Minor Arterial,Intersection,At Intersection,Traffic Signal,Clear,Daylight,Dry,Non-Fatal Injury,Turning Movement,Driver,30 to 34,,0,South,"Automobile, Station Wagon",Turning Left,Disobeyed Traffic Control,Inattentive, , , , , , ,0,0,1,1,0,0,0,1,0,1,1,0,0,0
5001107596,2015,7,1,15,25,2,43.66369589,-79.35923395,Toronto Centre-Rosedale (28),28,Regent Park (72),72,D51,Toronto East York,GERRARD ST E,RIVER ST, ,Minor Arterial,Intersection,At Intersection,Traffic Signal,Clear,Daylight,Dry,Non-Fatal Injury,Turning Movement,Motorcycle Driver,45 to 49,Major,0,North,Motorcycle,Going Ahead,Failed to Yield Right of Way,Normal, , , , , , ,0,0,1,1,0,0,0,1,0,1,1,0,0,0
5001107596,2015,7,1,15,25,2,43.66369589,-79.35923395,Toronto Centre-Rosedale (28),28,Regent Park (72),72,D51,Toronto East York,GERRARD ST E,RIVER ST, ,Minor Arterial,Intersection,At Intersection,Traffic Signal,Clear,Daylight,Dry,Non-Fatal Injury,Turning Movement,Passenger,15 to 19,Major,0, , , , , , , , , , , ,0,0,1,1,0,0,0,1,0,1,1,0,0,0
6000901714,2016,5,25,15,25,2,43.63869818,-79.43663416,Parkdale-High Park (14),14,South Parkdale (85),85,D14,Toronto East York,182 JAMESON AVE, ,3 m East of,Minor Arterial,Intersection,Non Intersection,No Control,Clear,Daylight,Dry,Non-Fatal Injury,Pedestrian Collisions,Driver,35 to 39,,0,South,"Automobile, Station Wagon",Going Ahead,Driving Properly,Normal, , , , , , ,1,0,1,0,0,0,0,1,0,0,0,0,0,0
6000901714,2016,5,25,15,25,2,43.63869818,-79.43663416,Parkdale-High Park (14),14,South Parkdale (85),85,D14,Toronto East York,182 JAMESON AVE, ,3 m East of,Minor Arterial,Intersection,Non Intersection,No Control,Clear,Daylight,Dry,Non-Fatal Injury,Pedestrian Collisions,Passenger,40 to 44,,0, , , , , , , , , , , ,1,0,1,0,0,0,0,1,0,0,0,0,0,0
6000901714,2016,5,25,15,25,2,43.63869818,-79.43663416,Parkdale-High Park (14),14,South Parkdale (85),85,D14,Toronto East York,182 JAMESON AVE, ,3 m East of,Minor Arterial,Intersection,Non Intersection,No Control,Clear,Daylight,Dry,Non-Fatal Injury,Pedestrian Collisions,Passenger,5 to 9,,0, , , , , , , , , , , ,1,0,1,0,0,0,0,1,0,0,0,0,0,0