ACCNUM,YEAR,MONTH,DAY,HOUR,MINUTES,WEEKDAY,LATITUDE,LONGITUDE,Ward_Name,Ward_ID,Hood_Name,Hood_ID,Division,District,STREET1,STREET2,OFFSET,ROAD_CLASS,LOCCOORD,ACCLOC,TRAFFCTL,VISIBILITY,LIGHT,RDSFCOND,ACCLASS,IMPACTYPE,INVTYPE,INVAGE,INJURY,FATAL_NO,INITDIR,VEHTYPE,MANOEUVER,DRIVACT,DRIVCOND,PEDTYPE,PEDACT,PEDCOND,CYCLISTYPE,CYCACT,CYCCOND,PEDESTRIAN,CYCLIST,AUTOMOBILE,MOTORCYCLE,TRUCK,TRSN_CITY_VEH,EMERG_VEH,PASSENGER,SPEEDING,AG_DRIV,REDLIGHT,ALCOHOL,DISABILITY,label
6000901714,2016,5,25,15,25,2,43.63869818,-79.43663416,Parkdale-High Park (14),14,South Parkdale (85),85,D14,Toronto East York,182 JAMESON AVE, ,3 m East of,Minor Arterial,Intersection,Non Intersection,No Control,Clear,Daylight,Dry,Non-Fatal Injury,Pedestrian Collisions,Passenger,5 to 9,,0, , , , , , , , , , , ,1,0,1,0,0,0,0,1,0,0,0,0,0,0
6000901714,2016,5,25,15,25,2,43.63869818,-79.43663416,Parkdale-High Park (14),14,South Parkdale (85),85,D14,Toronto East York,182 JAMESON AVE, ,3 m East of,Minor Arterial,Intersection,Non Intersection,No Control,Clear,Daylight,Dry,Non-Fatal Injury,Pedestrian Collisions,Pedestrian,0 to 4,Major,0,East, , , , ,Pedestrian hit at mid-block,Running onto Roadway,Inattentive, , , ,1,0,1,0,0,0,0,1,0,0,0,0,0,0
6000970728,2016,6,4,15,25,5,43.74128683,-79.30385218,Scarborough Centre (37),37,Wexford/Maryvale (119),119,D41,Scarborough,PHARMACY AVE,JANET BLVD,37 m South of,Minor Arterial,Mid-Block,Non Intersection,No Control,Clear,Daylight,Dry,Non-Fatal Injury,Pedestrian Collisions,Driver,30 to 34,,0,North,"Automobile, Station Wagon",Going Ahead,Driving Properly,Normal, , , , , , ,1,0,1,0,0,0,0,0,1,1,0,0,0,0
6000970728,2016,6,4,15,25,5,43.74128683,-79.30385218,Scarborough Centre (37),37,Wexford/Maryvale (119),119,D41,Scarborough,PHARMACY AVE,JANET BLVD,37 m South of,Minor Arterial,Mid-Block,Non Intersection,No Control,Clear,Daylight,Dry,Non-Fatal Injury,Pedestrian Collisions,Pedestrian,25 to 29,Major,0,East, , , , ,Pedestrian hit at mid-block,Running onto Roadway,Inattentive, , , ,1,0,1,0,0,0,0,0,1,1,0,0,0,0
7001526213,2017,8,23,15,25,2,43.84230038,-79.22682629,Scarborough-Rouge River (42),42,Rouge (131),131,D42,Scarborough,STEELES AVE E,NINTH-MK LINE,84 m West of,Minor Arterial,Mid-Block,Non Intersection,No Control,Clear,Daylight,Dry,Non-Fatal Injury,Rear End,Driver,35 to 39,Major,0,East,"Automobile, Station Wagon",Going Ahead,Following too Close,Inattentive, , , , , , ,0,0,1,0,0,0,0,0,0,1,0,0,0,0
7001526213,2017,8,23,15,25,2,43.84230038,-79.22682629,Scarborough-Rouge River (42),42,Rouge (131),131,D42,Scarborough,STEELES AVE E,NINTH-MK LINE,84 m West of,Minor Arterial,Mid-Block,Non Intersection,No Control,Clear,Daylight,Dry,Non-Fatal Injury,Rear End,Driver,40 to 44,,0,East,"Automobile, Station Wagon",Slowing or Stopping,Driving Properly,Normal, , , , , , ,0,0,1,0,0,0,0,0,0,1,0,0,0,0
1199172,2010,9,28,15,26,1,43.68434538,-79.39259029,St. Paul's (22),22,Yonge-St.Clair (97),97,D53,Toronto East York,1300 YONGE St, , ,Major Arterial,Mid-Block, ,No Control,Clear,Daylight,Dry,Non-Fatal Injury,Cyclist Collisions,Other,unknown,,0, ,Other,Parked, , , , , , , , ,0,1,0,0,0,0,0,0,0,0,0,0,0,0
1199172,2010,9,28,15,26,1,43.68434538,-79.39259029,St. Paul's (22),22,Yonge-St.Clair (97),97,D53,Toronto East York,1300 YONGE St, , ,Major Arterial,Mid-Block, ,No Control,Clear,Daylight,Dry,Non-Fatal Injury,Cyclist Collisions,Cyclist,20 to 24,Major,0,South,Bicycle,Going Ahead, , , , , ,Cyclist strikes a parked vehicle.,Speed too Fast For Condition,Normal,0,1,0,0,0,0,0,0,0,0,0,0,0,0
1280536,2012,2,15,15,26,2,43.72604538,-79.48189029,York Centre (9),9,Downsview-Roding-CFB (26),26,D31,North York,KEELE ST,WILSON AVE, ,Major Arterial,Mid-Block,At Intersection,No Control,Clear,Daylight,Dry,Non-Fatal Injury,Pedestrian Collisions,Vehicle Owner,unknown, ,0, ,Other, , , , , , , , , ,1,0,1,0,1,0,0,0,0,0,0,0,0,0
1280536,2012,2,15,15,26,2,43.72604538,-79.48189029,York Centre (9),9,Downsview-Roding-CFB (26),26,D31,North York,KEELE ST,WILSON AVE, ,Major Arterial,Mid-Block,At Intersection,No Control,Clear,Daylight,Dry,Non-Fatal Injury,Pedestrian Collisions,Truck Driver,40 to 44,,0,North,Truck - Open,Going Ahead,Driving Properly,Normal, , , , , , ,1,0,1,0,1,0,0,0,0,0,0,0,0,0
1280536,2012,2,15,15,26,2,43.72604538,-79.48189029,York Centre (9),9,Downsview-Roding-CFB (26),26,D31,North York,KEELE ST,WILSON AVE, ,Major Arterial,Mid-Block,At Intersection,No Control,Clear,Daylight,Dry,Non-Fatal Injury,Pedestrian Collisions,Driver,25 to 29,,0,North,"Automobile, Station Wagon",Stopped,Driving Properly,Normal, , , , , , ,1,0,1,0,1,0,0,0,0,0,0,0,0,0
1280536,2012,2,15,15,26,2,43.72604538,-79.48189029,York Centre (9),9,Downsview-Roding-CFB (26),26,D31,North York,KEELE ST,WILSON AVE, ,Major Arterial,Mid-Block,At Intersection,No Control,Clear,Daylight,Dry,Non-Fatal Injury,Pedestrian Collisions,Other,unknown,,0, ,Other, , , , , , , , , ,1,0,1,0,1,0,0,0,0,0,0,0,0,0
1280536,2012,2,15,15,26,2,43.72604538,-79.48189029,York Centre (9),9,Downsview-Roding-CFB (26),26,D31,North York,KEELE ST,WILSON AVE, ,Major Arterial,Mid-Block,At Intersection,No Control,Clear,Daylight,Dry,Non-Fatal Injury,Pedestrian Collisions,Pedestrian,65 to 69,Major,0,West,Other, , , ,Pedestrian hit at mid-block,Running onto Roadway,Inattentive, , , ,1,0,1,0,1,0,0,0,0,0,0,0,0,0
1322655,2012,9,22,15,26,5,43.65034538,-79.36789029,Toronto Centre-Rosedale (28),28,Waterfront Communities-The Island (77),77,D51,Toronto East York,FRONT St E,SHERBOURNE St, ,Minor Arterial,Intersection,At Intersection,Traffic Signal,Clear,Daylight,Dry,Non-Fatal Injury,Pedestrian Collisions,Vehicle Owner,unknown, ,0, ,Other, , , , , , , , , ,1,0,1,0,0,0,0,0,0,0,0,0,0,0
1322655,2012,9,22,15,26,5,43.65034538,-79.36789029,Toronto Centre-Rosedale (28),28,Waterfront Communities-The Island (77),77,D51,Toronto East York,FRONT St E,SHERBOURNE St, ,Minor Arterial,Intersection,At Intersection,Traffic Signal,Clear,Daylight,Dry,Non-Fatal Injury,Pedestrian Collisions,Driver,40 to 44,,0,West,"Automobile, Station Wagon",Turning Left,Driving Properly,Normal, , , , , , ,1,0,1,0,0,0,0,0,0,0,0,0,0,0
1322655,2012,9,22,15,26,5,43.65034538,-79.36789029,Toronto Centre-Rosedale (28),28,Waterfront Communities-The Island (77),77,D51,Toronto East York,FRONT St E,SHERBOURNE St, ,Minor Arterial,Intersection,At Intersection,Traffic Signal,Clear,Daylight,Dry,Non-Fatal Injury,Pedestrian Collisions,Wheelchair,60 to 64,Major,0,East,Other, , , ,Vehicle turns left while ped crosses without ROW at inter.,Crossing without right of way,Medical or Physical Disability, , , ,1,0,1,0,0,0,0,0,0,0,0,0,0,0
1132987,2009,9,30,15,27,2,43.77724538,-79.23199029,Scarborough Centre (38),38,Woburn (137),137,D43,Scarborough,MARKHAM RD,ELLESMERE RD, ,Major Arterial,Mid-Block, ,No Control,Clear,Daylight,Dry,Non-Fatal Injury,Pedestrian Collisions,Vehicle Owner,unknown, ,0, ,Other, , , , , , , , , ,1,0,1,0,0,0,0,0,0,0,0,0,0,0
1132987,2009,9,30,15,27,2,43.77724538,-79.23199029,Scarborough Centre (38),38,Woburn (137),137,D43,Scarborough,MARKHAM RD,ELLESMERE RD, ,Major Arterial,Mid-Block, ,No Control,Clear,Daylight,Dry,Non-Fatal Injury,Pedestrian Collisions,Driver,25 to 29,,0,West,"Automobile, Station Wagon",Turning Left,Improper Turn,Normal, , , , , , ,1,0,1,0,0,0,0,0,0,0,0,0,0,0
1132987,2009,9,30,15,27,2,43.77724538,-79.23199029,Scarborough Centre (38),38,Woburn (137),137,D43,Scarborough,MARKHAM RD,ELLESMERE RD, ,Major Arterial,Mid-Block, ,No Control,Clear,Daylight,Dry,Non-Fatal Injury,Pedestrian Collisions,Pedestrian,55 to 59,Major,0, ,Other, , , ,Pedestrian hit at mid-block,"Crossing, no Traffic Control",Normal, , , ,1,0,1,0,0,0,0,0,0,0,0,0,0,0
1277511,2011,12,5,15,27,0,43.79214538,-79.43709029,Willowdale (23),23,Newtonbrook West (36),36,D32,North York,PECKHAM AVE,CRISPIN CRES, ,Local,Intersection,At Intersection,No Control,Rain,Daylight,Wet,Non-Fatal Injury,Pedestrian Collisions,Vehicle Owner,unknown, ,0, ,Other, , , , , , , , , ,1,0,1,0,0,0,0,0,0,0,0,0,0,0
1277511,2011,12,5,15,27,0,43.79214538,-79.43709029,Willowdale (23),23,Newtonbrook West (36),36,D32,North York,PECKHAM AVE,CRISPIN CRES, ,Local,Intersection,At Intersection,No Control,Rain,Daylight,Wet,Non-Fatal Injury,Pedestrian Collisions,Driver,40 to 44,,0,South,"Automobile, Station Wagon",Going Ahead,Driving Properly,Normal, , , , , , ,1,0,1,0,0,0,0,0,0,0,0,0,0,0
1277511,2011,12,5,15,27,0,43.79214538,-79.43709029,Willowdale (23),23,Newtonbrook West (36),36,D32,North York,PECKHAM AVE,CRISPIN CRES, ,Local,Intersection,At Intersection,No Control,Rain,Daylight,Wet,Non-Fatal Injury,Pedestrian Collisions,Pedestrian,5 to 9,Major,0,East,Other, , , ,Vehicle is going straight thru inter.while ped cross without ROW,Running onto Roadway,Normal, , , ,1,0,1,0,0,0,0,0,0,0,0,0,0,0
1387447,2013,9,17,15,27,1,43.71111258,-79.24818049,Scarborough Southwest (36),36,Cliffcrest (123),123,D41,Scarborough,KINGSTON RD,MIDLAND AVE, ,Major Arterial,Intersection, ,Traffic Signal,Clear,Daylight,Dry,Non-Fatal Injury,Turning Movement,Driver,75 to 79,Minor,0,East,"Automobile, Station Wagon",Going Ahead,Driving Properly,Normal, , , , , , ,0,0,1,0,0,0,0,1,0,0,0,0,0,0
1387447,2013,9,17,15,27,1,43.71111258,-79.24818049,Scarborough Southwest (36),36,Cliffcrest (123),123,D41,Scarborough,KINGSTON RD,MIDLAND AVE, ,Major Arterial,Intersection, ,Traffic Signal,Clear,Daylight,Dry,Non-Fatal Injury,Turning Movement,Passenger,60 to 64,Major,0, ,Other, , , , , , , , , ,0,0,1,0,0,0,0,1,0,0,0,0,0,0
1387447,2013,9,17,15,27,1,43.71111258,-79.24818049,Scarborough Southwest (36),36,Cliffcrest (123),123,D41,Scarborough,KINGSTON RD,MIDLAND AVE, ,Major Arterial,Intersection, ,Traffic Signal,Clear,Daylight,Dry,Non-Fatal Injury,Turning Movement,Driver,85 to 89,Minor,0,West,"Automobile, Station Wagon",Turning Left,Improper Turn,Inattentive, , , , , , ,0,0,1,0,0,0,0,1,0,0,0,0,0,0
1387447,2013,9,17,15,27,1,43.71111258,-79.24818049,Scarborough Southwest (36),36,Cliffcrest (123),123,D41,Scarborough,KINGSTON RD,MIDLAND AVE, ,Major Arterial,Intersection, ,Traffic Signal,Clear,Daylight,Dry,Non-Fatal Injury,Turning Movement,Driver,65 to 69,,0,North,"Automobile, Station Wagon",Stopped,Driving Properly,Normal, , , , , , ,0,0,1,0,0,0,0,1,0,0,0,0,0,0
1090872,2009,1,18,15,28,6,43.70384538,-79.45249029,Eglinton-Lawrence (15),15,Yorkdale-Glen Park (31),31,D13,North York,DUFFERIN ST,WINGOLD AVE, ,Major Arterial,Intersection, ,Traffic Signal,Snow,Daylight,Slush,Non-Fatal Injury,Angle,Vehicle Owner,unknown, ,0, ,Other, , , , , , , , , ,0,0,1,0,0,1,0,0,0,1,1,0,0,0
1090872,2009,1,18,15,28,6,43.70384538,-79.45249029,Eglinton-Lawrence (15),15,Yorkdale-Glen Park (31),31,D13,North York,DUFFERIN ST,WINGOLD AVE, ,Major Arterial,Intersection, ,Traffic Signal,Snow,Daylight,Slush,Non-Fatal Injury,Angle,Driver,45 to 49,,0,South,Municipal Transit Bus (TTC),Going Ahead,Driving Properly,Normal, , , , , , ,0,0,1,0,0,1,0,0,0,1,1,0,0,0
1090872,2009,1,18,15,28,6,43.70384538,-79.45249029,Eglinton-Lawrence (15),15,Yorkdale-Glen Park (31),31,D13,North York,DUFFERIN ST,WINGOLD AVE, ,Major Arterial,Intersection, ,Traffic Signal,Snow,Daylight,Slush,Non-Fatal Injury,Angle,Driver,45 to 49,Major,0,East,"Automobile, Station Wagon",Going Ahead,Disobeyed Traffic Control,Inattentive, , , , , , ,0,0,1,0,0,1,0,0,0,1,1,0,0,0
1293309,2012,5,9,15,28,2,43.75224538,-79.56839029,York West (7),7,Humber Summit (21),21,D31,Etobicoke York,ISLINGTON AVE,MILADY RD, ,Major Arterial,Intersection,At Intersection,Traffic Signal,Other,Daylight,Other,Non-Fatal Injury,Turning Movement,Vehicle Owner,unknown, ,0, ,Other, , , , , , , , , ,0,0,1,0,1,0,0,1,0,1,1,0,0,0
1293309,2012,5,9,15,28,2,43.75224538,-79.56839029,York West (7),7,Humber Summit (21),21,D31,Etobicoke York,ISLINGTON AVE,MILADY RD, ,Major Arterial,Intersection,At Intersection,Traffic Signal,Other,Daylight,Other,Non-Fatal Injury,Turning Movement,Truck Driver,25 to 29,,0,North,Truck - Open,Going Ahead,Disobeyed Traffic Control,Normal, , , , , , ,0,0,1,0,1,0,0,1,0,1,1,0,0,0
1293309,2012,5,9,15,28,2,43.75224538,-79.56839029,York West (7),7,Humber Summit (21),21,D31,Etobicoke York,ISLINGTON AVE,MILADY RD, ,Major Arterial,Intersection,At Intersection,Traffic Signal,Other,Daylight,Other,Non-Fatal Injury,Turning Movement,Passenger,10 to 14,Major,0, ,Other, , , , , , , , , ,0,0,1,0,1,0,0,1,0,1,1,0,0,0
1293309,2012,5,9,15,28,2,43.75224538,-79.56839029,York West (7),7,Humber Summit (21),21,D31,Etobicoke York,ISLINGTON AVE,MILADY RD, ,Major Arterial,Intersection,At Intersection,Traffic Signal,Other,Daylight,Other,Non-Fatal Injury,Turning Movement,Vehicle Owner,unknown, ,0, ,Other, , , , , , , , , ,0,0,1,0,1,0,0,1,0,1,1,0,0,0
1293309,2012,5,9,15,28,2,43.75224538,-79.56839029,York West (7),7,Humber Summit (21),21,D31,Etobicoke York,ISLINGTON AVE,MILADY RD, ,Major Arterial,Intersection,At Intersection,Traffic Signal,Other,Daylight,Other,Non-Fatal Injury,Turning Movement,Driver,20 to 24,Minor,0,West,"Automobile, Station Wagon",Turning Left,Driving Properly,Normal, , , , , , ,0,0,1,0,1,0,0,1,0,1,1,0,0,0
4001361731,2014,1,17,15,28,4,43.66952093,-79.49283228,York South-Weston (11),11,Rockcliffe-Smythe (111),111,D12,Etobicoke York,JANE ST,PRITCHARD AVE, ,Major Arterial,Intersection,At Intersection,Traffic Signal,Clear,Daylight,Dry,Non-Fatal Injury,Pedestrian Collisions,Driver,20 to 24,,0,South,"Automobile, Station Wagon",Turning Left,Driving Properly,Normal, , , , , , ,1,0,1,0,0,0,0,1,0,1,1,0,0,0
4001361731,2014,1,17,15,28,4,43.66952093,-79.49283228,York South-Weston (11),11,Rockcliffe-Smythe (111),111,D12,Etobicoke York,JANE ST,PRITCHARD AVE, ,Major Arterial,Intersection,At Intersection,Traffic Signal,Clear,Daylight,Dry,Non-Fatal Injury,Pedestrian Collisions,Driver,65 to 69,,0,North,"Automobile, Station Wagon",Going Ahead,Disobeyed Traffic Control,Normal, , , , , , ,1,0,1,0,0,0,0,1,0,1,1,0,0,0
4001361731,2014,1,17,15,28,4,43.66952093,-79.49283228,York South-Weston (11),11,Rockcliffe-Smythe (111),111,D12,Etobicoke York,JANE ST,PRITCHARD AVE, ,Major Arterial,Intersection,At Intersection,Traffic Signal,Clear,Daylight,Dry,Non-Fatal Injury,Pedestrian Collisions,Passenger,25 to 29,,0, , , , , , , , , , , ,1,0,1,0,0,0,0,1,0,1,1,0,0,0
4001361731,2014,1,17,15,28,4,43.66952093,-79.49283228,York South-Weston (11),11,Rockcliffe-Smythe (111),111,D12,Etobicoke York,JANE ST,PRITCHARD AVE, ,Major Arterial,Intersection,At Intersection,Traffic Signal,Clear,Daylight,Dry,Non-Fatal Injury,Pedestrian Collisions,Passenger,60 to 64,Minor,0, , , , , , , , , , , ,1,0,1,0,0,0,0,1,0,1,1,0,0,0
4001361731,2014,1,17,15,28,4,43.66952093,-79.49283228,York South-Weston (11),11,Rockcliffe-Smythe (111),111,D12,Etobicoke York,JANE ST,PRITCHARD AVE, ,Major Arterial,Intersection,At Intersection,Traffic Signal,Clear,Daylight,Dry,Non-Fatal Injury,Pedestrian Collisions,Pedestrian,45 to 49,Major,0, , , , , ,Pedestrian hit on sidewalk or shoulder,On Sidewalk or Shoulder,Normal, , , ,1,0,1,0,0,0,0,1,0,1,1,0,0,0
4001645257,2014,3,5,15,28,2,43.68171271,-79.47603998,York South-Weston (11),11,Keelesdale-Eglinton West (110),110,D12,Etobicoke York,ROGERS RD,WESTON RD, ,Minor Arterial,Mid-Block,Non Intersection,No Control,Clear,Daylight,Dry,Non-Fatal Injury,Turning Movement,Driver,40 to 44,,0,West,"Automobile, Station Wagon",Making U Turn,Improper Turn,Inattentive, , , , , , ,0,0,1,0,0,0,0,1,1,1,0,0,0,0
4001645257,2014,3,5,15,28,2,43.68171271,-79.47603998,York South-Weston (11),11,Keelesdale-Eglinton West (110),110,D12,Etobicoke York,ROGERS RD,WESTON RD, ,Minor Arterial,Mid-Block,Non Intersection,No Control,Clear,Daylight,Dry,Non-Fatal Injury,Turning Movement,Driver,25 to 29,Minimal,0,West,"Automobile, Station Wagon",Going Ahead,Driving Properly,Normal, , , , , , ,0,0,1,0,0,0,0,1,1,1,0,0,0,0
4001645257,2014,3,5,15,28,2,43.68171271,-79.47603998,York South-Weston (11),11,Keelesdale-Eglinton West (110),110,D12,Etobicoke York,ROGERS RD,WESTON RD, ,Minor Arterial,Mid-Block,Non Intersection,No Control,Clear,Daylight,Dry,Non-Fatal Injury,Turning Movement,Passenger,20 to 24,Major,0, , , , , , , , , , , ,0,0,1,0,0,0,0,1,1,1,0,0,0,0
7003241293,2017,12,21,15,28,3,43.68768652,-79.27088557,Scarborough Southwest (36),36,Birchcliffe-Cliffside (122),122,D41,Scarborough,KINGSTON RD,WARDEN AVE, ,Major Arterial,Intersection,At Intersection,Traffic Signal,Other,Daylight,Other,Fatal,Pedestrian Collisions,Pedestrian,40 to 44,Fatal,62,South, , , , ,Vehicle is going straight thru inter.while ped cross with ROW,Crossing with right of way,Unknown, , , ,1,0,1,0,0,0,0,0,0,1,1,1,0,1
7003241293,2017,12,21,15,28,3,43.68768652,-79.27088557,Scarborough Southwest (36),36,Birchcliffe-Cliffside (122),122,D41,Scarborough,KINGSTON RD,WARDEN AVE, ,Major Arterial,Intersection,At Intersection,Traffic Signal,Other,Daylight,Other,Fatal,Pedestrian Collisions,Driver,25 to 29,,0,West,Passenger Van,Going Ahead,Disobeyed Traffic Control,"Ability Impaired, Alcohol", , , , , , ,1,0,1,0,0,0,0,0,0,1,1,1,0,1
1067813,2008,9,11,15,29,3,43.66214538,-79.37789029,Toronto Centre-Rosedale (27),27,Church-Yonge Corridor (75),75,D51,Toronto East York,CARLTON ST,MUTUAL ST, ,Major Arterial,Intersection, ,No Control,Clear,Daylight,Dry,Non-Fatal Injury,Pedestrian Collisions,Driver,30 to 34,,0,West,"Automobile, Station Wagon",Going Ahead,Driving Properly,Normal, , , , , , ,1,0,1,0,0,0,0,0,0,0,0,0,0,0
1067813,2008,9,11,15,29,3,43.66214538,-79.37789029,Toronto Centre-Rosedale (27),27,Church-Yonge Corridor (75),75,D51,Toronto East York,CARLTON ST,MUTUAL ST, ,Major Arterial,Intersection, ,No Control,Clear,Daylight,Dry,Non-Fatal Injury,Pedestrian Collisions,Wheelchair,45 to 49,Major,0,North,Other, , , ,Vehicle is going straight thru inter.while ped cross without ROW,"Crossing, no Traffic Control",Medical or Physical Disability, , , ,1,0,1,0,0,0,0,0,0,0,0,0,0,0
1311646,2012,8,25,15,29,5,43.67104538,-79.47419029,York South-Weston (11),11,Junction Area (90),90,D11,Etobicoke York,ST CLAIR AVE W,MONDOVI GT, ,Major Arterial,Mid-Block, ,No Control,Clear,Daylight,Dry,Non-Fatal Injury,Pedestrian Collisions,Vehicle Owner,unknown, ,0, ,Other, , , , , , , , , ,1,0,0,0,0,1,0,0,0,0,0,0,0,0
1311646,2012,8,25,15,29,5,43.67104538,-79.47419029,York South-Weston (11),11,Junction Area (90),90,D11,Etobicoke York,ST CLAIR AVE W,MONDOVI GT, ,Major Arterial,Mid-Block, ,No Control,Clear,Daylight,Dry,Non-Fatal Injury,Pedestrian Collisions,Driver,35 to 39,,0,West,Municipal Transit Bus (TTC),Going Ahead,Driving Properly,Normal, , , , , , ,1,0,0,0,0,1,0,0,0,0,0,0,0,0
1311646,2012,8,25,15,29,5,43.67104538,-79.47419029,York South-Weston (11),11,Junction Area (90),90,D11,Etobicoke York,ST CLAIR AVE W,MONDOVI GT, ,Major Arterial,Mid-Block, ,No Control,Clear,Daylight,Dry,Non-Fatal Injury,Pedestrian Collisions,Pedestrian,25 to 29,Major,0,South,Other, , , ,Pedestrian involved in a collision with transit vehicle anywhere along roadway,Running onto Roadway,Had Been Drinking, , , ,1,0,0,0,0,1,0,0,0,0,0,0,0,0
1325976,2012,10,5,15,29,4,43.80324538,-79.37019029,Willowdale (24),24,Hillcrest Village (48),48,D33,North York,PATINA DR,SIROCCO DR, ,Local,Intersection, ,No Control,Clear,Daylight,Dry,Non-Fatal Injury,Pedestrian Collisions,Driver,40 to 44,,0,South,"Automobile, Station Wagon",Going Ahead,Driving Properly,Normal, , , , , , ,1,0,1,0,0,0,0,0,0,0,0,0,0,0
1325976,2012,10,5,15,29,4,43.80324538,-79.37019029,Willowdale (24),24,Hillcrest Village (48),48,D33,North York,PATINA DR,SIROCCO DR, ,Local,Intersection, ,No Control,Clear,Daylight,Dry,Non-Fatal Injury,Pedestrian Collisions,Pedestrian,15 to 19,Major,0,West,Other, , , ,Pedestrian hit at mid-block,Running onto Roadway,Inattentive, , , ,1,0,1,0,0,0,0,0,0,0,0,0,0,0
1336078,2013,1,18,15,29,4,43.71954538,-79.28419029,Scarborough Southwest (35),35,Clairlea-Birchmount (120),120,D41,Scarborough,WARDEN AVE,HYMUS RD, ,Major Arterial,Intersection, ,No Control,Clear,Daylight,Dry,Non-Fatal Injury,Approaching,Passenger,50 to 54,Major,0, ,Other, , , , , , , , , ,0,0,1,0,0,0,0,1,1,1,0,0,0,0
1336078,2013,1,18,15,29,4,43.71954538,-79.28419029,Scarborough Southwest (35),35,Clairlea-Birchmount (120),120,D41,Scarborough,WARDEN AVE,HYMUS RD, ,Major Arterial,Intersection, ,No Control,Clear,Daylight,Dry,Non-Fatal Injury,Approaching,Passenger,50 to 54,Minor,0, ,Other, , , , , , , , , ,0,0,1,0,0,0,0,1,1,1,0,0,0,0
1336078,2013,1,18,15,29,4,43.71954538,-79.28419029,Scarborough Southwest (35),35,Clairlea-Birchmount (120),120,D41,Scarborough,WARDEN AVE,HYMUS RD, ,Major Arterial,Intersection, ,No Control,Clear,Daylight,Dry,Non-Fatal Injury,Approaching,Passenger,75 to 79,Major,0, ,Other, , , , , , , , , ,0,0,1,0,0,0,0,1,1,1,0,0,0,0
1336078,2013,1,18,15,29,4,43.71954538,-79.28419029,Scarborough Southwest (35),35,Clairlea-Birchmount (120),120,D41,Scarborough,WARDEN AVE,HYMUS RD, ,Major Arterial,Intersection, ,No Control,Clear,Daylight,Dry,Non-Fatal Injury,Approaching,Driver,80 to 84,Minor,0,South,"Automobile, Station Wagon",Going Ahead,Driving Properly,Normal, , , , , , ,0,0,1,0,0,0,0,1,1,1,0,0,0,0
1336078,2013,1,18,15,29,4,43.71954538,-79.28419029,Scarborough Southwest (35),35,Clairlea-Birchmount (120),120,D41,Scarborough,WARDEN AVE,HYMUS RD, ,Major Arterial,Intersection, ,No Control,Clear,Daylight,Dry,Non-Fatal Injury,Approaching,Vehicle Owner,unknown, ,0, ,Other, , , , , , , , , ,0,0,1,0,0,0,0,1,1,1,0,0,0,0
1336078,2013,1,18,15,29,4,43.71954538,-79.28419029,Scarborough Southwest (35),35,Clairlea-Birchmount (120),120,D41,Scarborough,WARDEN AVE,HYMUS RD, ,Major Arterial,Intersection, ,No Control,Clear,Daylight,Dry,Non-Fatal Injury,Approaching,Driver,15 to 19,Minimal,0,North,"Automobile, Station Wagon",Changing Lanes,Lost control,Inattentive, , , , , , ,0,0,1,0,0,0,0,1,1,1,0,0,0,0
988551,2007,9,6,15,30,3,43.71454538,-79.39999029,Don Valley West (25),25,Mount Pleasant East (99),99,D53,North York,YONGE ST,ALBERTUS AVE, ,Major Arterial,Intersection,At Intersection,No Control,Clear,Daylight,Dry,Non-Fatal Injury,Pedestrian Collisions,Driver,55 to 59,,0,South,"Automobile, Station Wagon",Going Ahead,Driving Properly,Normal, , , , , , ,1,0,1,0,0,0,0,0,0,0,0,0,0,0
988551,2007,9,6,15,30,3,43.71454538,-79.39999029,Don Valley West (25),25,Mount Pleasant East (99),99,D53,North York,YONGE ST,ALBERTUS AVE, ,Major Arterial,Intersection,At Intersection,No Control,Clear,Daylight,Dry,Non-Fatal Injury,Pedestrian Collisions,Pedestrian,80 to 84,Major,0,West,Other, , , ,Vehicle is going straight thru inter.while ped cross without ROW,Running onto Roadway,Inattentive, , , ,1,0,1,0,0,0,0,0,0,0,0,0,0,0
1024623,2008,2,29,15,30,4,43.72644538,-79.53559029,York West (7),7,Pelmo Park-Humberlea (23),23,D31,Etobicoke York,WESTON RD,STARVIEW LANE, ,Major Arterial,Intersection, ,No Control,Snow,Daylight,Slush,Fatal,Approaching,Truck Driver,50 to 54,,0,South,Truck - Open,Going Ahead,Driving Properly,Normal, , , , , , ,0,0,1,0,1,0,0,1,1,1,0,0,0,1
1024623,2008,2,29,15,30,4,43.72644538,-79.53559029,York West (7),7,Pelmo Park-Humberlea (23),23,D31,Etobicoke York,WESTON RD,STARVIEW LANE, ,Major Arterial,Intersection, ,No Control,Snow,Daylight,Slush,Fatal,Approaching,Passenger,30 to 34,Fatal,10, ,Other, , , , , , , , , ,0,0,1,0,1,0,0,1,1,1,0,0,0,1
1024623,2008,2,29,15,30,4,43.72644538,-79.53559029,York West (7),7,Pelmo Park-Humberlea (23),23,D31,Etobicoke York,WESTON RD,STARVIEW LANE, ,Major Arterial,Intersection, ,No Control,Snow,Daylight,Slush,Fatal,Approaching,Driver,55 to 59,Fatal,9,North,"Automobile, Station Wagon",Going Ahead,Speed too Fast For Condition,Normal, , , , , , ,0,0,1,0,1,0,0,1,1,1,0,0,0,1
1031031,2008,3,6,15,30,3,43.66574538,-79.49119029,Parkdale-High Park (13),13,Runnymede-Bloor West Village (89),89,D11,Etobicoke York,DUNDAS ST W,JANE ST, ,Major Arterial,Intersection,At Intersection,Traffic Signal,Clear,Daylight,Dry,Non-Fatal Injury,Pedestrian Collisions,Driver,50 to 54,,0,North,"Automobile, Station Wagon",Turning Right,Driving Properly,Normal, , , , , , ,1,0,1,0,0,0,0,0,0,0,0,0,0,0