ACCNUM,YEAR,MONTH,DAY,HOUR,MINUTES,WEEKDAY,LATITUDE,LONGITUDE,Ward_Name,Ward_ID,Hood_Name,Hood_ID,Division,District,STREET1,STREET2,OFFSET,ROAD_CLASS,LOCCOORD,ACCLOC,TRAFFCTL,VISIBILITY,LIGHT,RDSFCOND,ACCLASS,IMPACTYPE,INVTYPE,INVAGE,INJURY,FATAL_NO,INITDIR,VEHTYPE,MANOEUVER,DRIVACT,DRIVCOND,PEDTYPE,PEDACT,PEDCOND,CYCLISTYPE,CYCACT,CYCCOND,PEDESTRIAN,CYCLIST,AUTOMOBILE,MOTORCYCLE,TRUCK,TRSN_CITY_VEH,EMERG_VEH,PASSENGER,SPEEDING,AG_DRIV,REDLIGHT,ALCOHOL,DISABILITY,label
1031031,2008,3,6,15,30,3,43.66574538,-79.49119029,Parkdale-High Park (13),13,Runnymede-Bloor West Village (89),89,D11,Etobicoke York,DUNDAS ST W,JANE ST, ,Major Arterial,Intersection,At Intersection,Traffic Signal,Clear,Daylight,Dry,Non-Fatal Injury,Pedestrian Collisions,Pedestrian,15 to 19,Major,0,North,Other, , , ,Vehicle turns right while ped crosses without ROW at inter.,Crossing without right of way,Inattentive, , , ,1,0,1,0,0,0,0,0,0,0,0,0,0,0
1132522,2009,9,27,15,30,6,43.68104538,-79.42889029,St. Paul's (21),21,Wychwood (94),94,D13,Toronto East York,ST CLAIR AVE W,ARLINGTON AVE, ,Major Arterial,Intersection,At Intersection,Traffic Signal,Clear,Daylight,Dry,Non-Fatal Injury,Rear End,Passenger,55 to 59,Major,0, ,Other, , , , , , , , , ,0,0,1,0,0,0,0,1,0,1,0,0,0,0
1132522,2009,9,27,15,30,6,43.68104538,-79.42889029,St. Paul's (21),21,Wychwood (94),94,D13,Toronto East York,ST CLAIR AVE W,ARLINGTON AVE, ,Major Arterial,Intersection,At Intersection,Traffic Signal,Clear,Daylight,Dry,Non-Fatal Injury,Rear End,Driver,55 to 59,Minimal,0,East,"Automobile, Station Wagon",Stopped,Driving Properly,Normal, , , , , , ,0,0,1,0,0,0,0,1,0,1,0,0,0,0
1132522,2009,9,27,15,30,6,43.68104538,-79.42889029,St. Paul's (21),21,Wychwood (94),94,D13,Toronto East York,ST CLAIR AVE W,ARLINGTON AVE, ,Major Arterial,Intersection,At Intersection,Traffic Signal,Clear,Daylight,Dry,Non-Fatal Injury,Rear End,Vehicle Owner,unknown, ,0, ,Other, , , , , , , , , ,0,0,1,0,0,0,0,1,0,1,0,0,0,0
1132522,2009,9,27,15,30,6,43.68104538,-79.42889029,St. Paul's (21),21,Wychwood (94),94,D13,Toronto East York,ST CLAIR AVE W,ARLINGTON AVE, ,Major Arterial,Intersection,At Intersection,Traffic Signal,Clear,Daylight,Dry,Non-Fatal Injury,Rear End,Passenger,20 to 24,Major,0, ,Other, , , , , , , , , ,0,0,1,0,0,0,0,1,0,1,0,0,0,0
1132522,2009,9,27,15,30,6,43.68104538,-79.42889029,St. Paul's (21),21,Wychwood (94),94,D13,Toronto East York,ST CLAIR AVE W,ARLINGTON AVE, ,Major Arterial,Intersection,At Intersection,Traffic Signal,Clear,Daylight,Dry,Non-Fatal Injury,Rear End,Driver,20 to 24,Minimal,0,East,"Automobile, Station Wagon",Stopped,Driving Properly,Normal, , , , , , ,0,0,1,0,0,0,0,1,0,1,0,0,0,0
1132522,2009,9,27,15,30,6,43.68104538,-79.42889029,St. Paul's (21),21,Wychwood (94),94,D13,Toronto East York,ST CLAIR AVE W,ARLINGTON AVE, ,Major Arterial,Intersection,At Intersection,Traffic Signal,Clear,Daylight,Dry,Non-Fatal Injury,Rear End,Driver,25 to 29,,0,East,"Automobile, Station Wagon",Going Ahead,Following too Close,Normal, , , , , , ,0,0,1,0,0,0,0,1,0,1,0,0,0,0
1175820,2010,5,19,15,30,2,43.73114538,-79.48319029,York Centre (9),9,Downsview-Roding-CFB (26),26,D31,North York,WANDLE AVE,KEELE ST, ,Major Arterial,Intersection,At Intersection,No Control,Clear,Daylight,Dry,Non-Fatal Injury,Pedestrian Collisions,Driver,35 to 39,,0,East,"Automobile, Station Wagon",Going Ahead,Driving Properly,Unknown, , , , , , ,1,0,1,0,0,0,0,0,0,1,0,0,0,0
1175820,2010,5,19,15,30,2,43.73114538,-79.48319029,York Centre (9),9,Downsview-Roding-CFB (26),26,D31,North York,WANDLE AVE,KEELE ST, ,Major Arterial,Intersection,At Intersection,No Control,Clear,Daylight,Dry,Non-Fatal Injury,Pedestrian Collisions,Driver,55 to 59,Minimal,0,North,"Automobile, Station Wagon",Turning Left,Failed to Yield Right of Way,Normal, , , , , , ,1,0,1,0,0,0,0,0,0,1,0,0,0,0
1175820,2010,5,19,15,30,2,43.73114538,-79.48319029,York Centre (9),9,Downsview-Roding-CFB (26),26,D31,North York,WANDLE AVE,KEELE ST, ,Major Arterial,Intersection,At Intersection,No Control,Clear,Daylight,Dry,Non-Fatal Injury,Pedestrian Collisions,Vehicle Owner,unknown, ,0, ,Other, , , , , , , , , ,1,0,1,0,0,0,0,0,0,1,0,0,0,0
1175820,2010,5,19,15,30,2,43.73114538,-79.48319029,York Centre (9),9,Downsview-Roding-CFB (26),26,D31,North York,WANDLE AVE,KEELE ST, ,Major Arterial,Intersection,At Intersection,No Control,Clear,Daylight,Dry,Non-Fatal Injury,Pedestrian Collisions,Driver,20 to 24,,0,South,"Automobile, Station Wagon",Stopped,Driving Properly,Normal, , , , , , ,1,0,1,0,0,0,0,0,0,1,0,0,0,0
1175820,2010,5,19,15,30,2,43.73114538,-79.48319029,York Centre (9),9,Downsview-Roding-CFB (26),26,D31,North York,WANDLE AVE,KEELE ST, ,Major Arterial,Intersection,At Intersection,No Control,Clear,Daylight,Dry,Non-Fatal Injury,Pedestrian Collisions,Pedestrian,35 to 39,Major,0,South,Other, , , ,Vehicle turns left while ped crosses with ROW at inter.,Crossing with right of way,Normal, , , ,1,0,1,0,0,0,0,0,0,1,0,0,0,0
1179068,2010,7,6,15,30,1,43.70884538,-79.38789029,St. Paul's (22),22,Mount Pleasant East (99),99,D53,Toronto East York,EGLINTON Aven E,RAWLINSON Aven, ,Major Arterial,Intersection,At Intersection,Stop Sign,Clear,Daylight,Dry,Non-Fatal Injury,Cyclist Collisions,Driver,unknown,,0,South,"Automobile, Station Wagon",Turning Left,Failed to Yield Right of Way,Normal, , , , , , ,0,1,1,0,0,0,0,0,0,1,0,0,0,0
1179068,2010,7,6,15,30,1,43.70884538,-79.38789029,St. Paul's (22),22,Mount Pleasant East (99),99,D53,Toronto East York,EGLINTON Aven E,RAWLINSON Aven, ,Major Arterial,Intersection,At Intersection,Stop Sign,Clear,Daylight,Dry,Non-Fatal Injury,Cyclist Collisions,Cyclist,30 to 34,Major,0,East,Bicycle,Slowing or Stopping, , , , , ,Motorist turned left across cyclists path.,Driving Properly,Normal,0,1,1,0,0,0,0,0,0,1,0,0,0,0
1232073,2011,5,7,14,50,5,43.67284538,-79.44159029,Davenport (17),17,Dovercourt-Wallace Emerson-Junction (93),93,D13,Etobicoke York,DAVENPORT Road,DUFFERIN Stre, ,Major Arterial,Mid-Block, ,No Control,Clear,Daylight,Dry,Non-Fatal Injury,Pedestrian Collisions,Motorcycle Driver,25 to 29,Minor,0,East,Motorcycle,Going Ahead,Improper Passing,Unknown, , , , , , ,1,0,1,1,0,0,0,0,0,1,0,0,0,0
1232073,2011,5,7,14,50,5,43.67284538,-79.44159029,Davenport (17),17,Dovercourt-Wallace Emerson-Junction (93),93,D13,Etobicoke York,DAVENPORT Road,DUFFERIN Stre, ,Major Arterial,Mid-Block, ,No Control,Clear,Daylight,Dry,Non-Fatal Injury,Pedestrian Collisions,Driver,50 to 54,,0,East,"Automobile, Station Wagon",Stopped,Driving Properly,Normal, , , , , , ,1,0,1,1,0,0,0,0,0,1,0,0,0,0
1232073,2011,5,7,14,50,5,43.67284538,-79.44159029,Davenport (17),17,Dovercourt-Wallace Emerson-Junction (93),93,D13,Etobicoke York,DAVENPORT Road,DUFFERIN Stre, ,Major Arterial,Mid-Block, ,No Control,Clear,Daylight,Dry,Non-Fatal Injury,Pedestrian Collisions,Other,unknown,,0, ,Other,Parked, , , , , , , , ,1,0,1,1,0,0,0,0,0,1,0,0,0,0
1232073,2011,5,7,14,50,5,43.67284538,-79.44159029,Davenport (17),17,Dovercourt-Wallace Emerson-Junction (93),93,D13,Etobicoke York,DAVENPORT Road,DUFFERIN Stre, ,Major Arterial,Mid-Block, ,No Control,Clear,Daylight,Dry,Non-Fatal Injury,Pedestrian Collisions,Vehicle Owner,unknown, ,0, ,Other, , , , , , , , , ,1,0,1,1,0,0,0,0,0,1,0,0,0,0
1256019,2011,7,29,14,50,4,43.77964538,-79.25119029,Scarborough Centre (38),38,Woburn (137),137,D43,Scarborough,CONSILIUM PL,CORPORATE DR, ,Collector,Intersection,At Intersection,Traffic Signal,Clear,Daylight,Dry,Non-Fatal Injury,Turning Movement,Passenger,15 to 19,Minor,0, ,Other, , , , , , , , , ,0,0,1,0,0,0,0,1,0,1,0,0,0,0
1256019,2011,7,29,14,50,4,43.77964538,-79.25119029,Scarborough Centre (38),38,Woburn (137),137,D43,Scarborough,CONSILIUM PL,CORPORATE DR, ,Collector,Intersection,At Intersection,Traffic Signal,Clear,Daylight,Dry,Non-Fatal Injury,Turning Movement,Vehicle Owner,unknown, ,0, ,Other, , , , , , , , , ,0,0,1,0,0,0,0,1,0,1,0,0,0,0
1256019,2011,7,29,14,50,4,43.77964538,-79.25119029,Scarborough Centre (38),38,Woburn (137),137,D43,Scarborough,CONSILIUM PL,CORPORATE DR, ,Collector,Intersection,At Intersection,Traffic Signal,Clear,Daylight,Dry,Non-Fatal Injury,Turning Movement,Driver,15 to 19,Minor,0,South,"Automobile, Station Wagon",Turning Left,Failed to Yield Right of Way,Inattentive, , , , , , ,0,0,1,0,0,0,0,1,0,1,0,0,0,0
2015260881,2015,2,13,15,16,4,43.62156256,-79.50060664,Etobicoke-Lakeshore (6),6,Mimico (includes Humber Bay Shores) (17),17,D22,Etobicoke York,ROYAL YORK RD,MANITOBA ST, ,Minor Arterial,Intersection, ,No Control,Other,Daylight,Other,Fatal,Other,Passenger,75 to 79,Fatal,5, , , , , , , , , , , ,0,0,0,0,0,1,0,1,0,0,0,0,0,1
1256019,2011,7,29,14,50,4,43.77964538,-79.25119029,Scarborough Centre (38),38,Woburn (137),137,D43,Scarborough,CONSILIUM PL,CORPORATE DR, ,Collector,Intersection,At Intersection,Traffic Signal,Clear,Daylight,Dry,Non-Fatal Injury,Turning Movement,Passenger,0 to 4,Major,0, ,Other, , , , , , , , , ,0,0,1,0,0,0,0,1,0,1,0,0,0,0
1256019,2011,7,29,14,50,4,43.77964538,-79.25119029,Scarborough Centre (38),38,Woburn (137),137,D43,Scarborough,CONSILIUM PL,CORPORATE DR, ,Collector,Intersection,At Intersection,Traffic Signal,Clear,Daylight,Dry,Non-Fatal Injury,Turning Movement,Passenger,30 to 34,Major,0, ,Other, , , , , , , , , ,0,0,1,0,0,0,0,1,0,1,0,0,0,0
1256019,2011,7,29,14,50,4,43.77964538,-79.25119029,Scarborough Centre (38),38,Woburn (137),137,D43,Scarborough,CONSILIUM PL,CORPORATE DR, ,Collector,Intersection,At Intersection,Traffic Signal,Clear,Daylight,Dry,Non-Fatal Injury,Turning Movement,Vehicle Owner,unknown, ,0, ,Other, , , , , , , , , ,0,0,1,0,0,0,0,1,0,1,0,0,0,0
1256019,2011,7,29,14,50,4,43.77964538,-79.25119029,Scarborough Centre (38),38,Woburn (137),137,D43,Scarborough,CONSILIUM PL,CORPORATE DR, ,Collector,Intersection,At Intersection,Traffic Signal,Clear,Daylight,Dry,Non-Fatal Injury,Turning Movement,Driver,30 to 34,Minor,0,North,"Automobile, Station Wagon",Going Ahead,Driving Properly,Normal, , , , , , ,0,0,1,0,0,0,0,1,0,1,0,0,0,0
1262837,2011,11,4,14,50,4,43.68784538,-79.30339029,Beaches-East York (31),31,East End-Danforth (62),62,D54,Toronto East York,DANFORTH Aven,CHISHOLM Aven, ,Major Arterial,Mid-Block,At Intersection,No Control,Clear,Daylight,Dry,Non-Fatal Injury,Pedestrian Collisions,Driver,70 to 74,,0,North,"Automobile, Station Wagon",Turning Left,Failed to Yield Right of Way,Normal, , , , , , ,1,0,1,0,0,0,0,0,0,1,0,0,0,0
1262837,2011,11,4,14,50,4,43.68784538,-79.30339029,Beaches-East York (31),31,East End-Danforth (62),62,D54,Toronto East York,DANFORTH Aven,CHISHOLM Aven, ,Major Arterial,Mid-Block,At Intersection,No Control,Clear,Daylight,Dry,Non-Fatal Injury,Pedestrian Collisions,Pedestrian,70 to 74,Major,0,South,Other, , , ,Pedestrian hit at mid-block,"Crossing, no Traffic Control",Normal, , , ,1,0,1,0,0,0,0,0,0,1,0,0,0,0
1351876,2013,4,16,14,50,1,43.72784384,-79.41788874,Eglinton-Lawrence (16),16,Bedford Park-Nortown (39),39,D32,North York,AVENUE RD,FAIRLAWN AVE, ,Major Arterial,Intersection, ,Traffic Signal,Clear,Daylight,Dry,Fatal,Pedestrian Collisions,Truck Driver,35 to 39,,0,North,"Truck - Closed (Blazer, etc)",Going Ahead,Driving Properly,Normal, , , , , , ,1,0,0,0,1,0,0,0,0,0,0,0,0,1
1351876,2013,4,16,14,50,1,43.72784384,-79.41788874,Eglinton-Lawrence (16),16,Bedford Park-Nortown (39),39,D32,North York,AVENUE RD,FAIRLAWN AVE, ,Major Arterial,Intersection, ,Traffic Signal,Clear,Daylight,Dry,Fatal,Pedestrian Collisions,Vehicle Owner,unknown, ,0, , , , , , , , , , , ,1,0,0,0,1,0,0,0,0,0,0,0,0,1
1351876,2013,4,16,14,50,1,43.72784384,-79.41788874,Eglinton-Lawrence (16),16,Bedford Park-Nortown (39),39,D32,North York,AVENUE RD,FAIRLAWN AVE, ,Major Arterial,Intersection, ,Traffic Signal,Clear,Daylight,Dry,Fatal,Pedestrian Collisions,Pedestrian,65 to 69,Fatal,12,West, , , , ,Pedestrian hit at mid-block,"Crossing, no Traffic Control",Unknown, , , ,1,0,0,0,1,0,0,0,0,0,0,0,0,1
1354707,2013,5,4,14,50,5,43.65964468,-79.38238917,Toronto Centre-Rosedale (27),27,Bay Street Corridor (76),76,D52,Toronto East York,YONGE ST,GERRARD ST E, ,Major Arterial,Mid-Block, ,No Control,Clear,Daylight,Dry,Fatal,Pedestrian Collisions,Motorcycle Driver,40 to 44,Fatal,13,North,Motorcycle,Changing Lanes,Improper Lane Change,Normal, , , , , , ,1,0,0,1,0,0,0,0,0,0,0,0,0,1
1354707,2013,5,4,14,50,5,43.65964468,-79.38238917,Toronto Centre-Rosedale (27),27,Bay Street Corridor (76),76,D52,Toronto East York,YONGE ST,GERRARD ST E, ,Major Arterial,Mid-Block, ,No Control,Clear,Daylight,Dry,Fatal,Pedestrian Collisions,Pedestrian,65 to 69,Minor,0,North, , , , ,Pedestrian hit on sidewalk or shoulder,On Sidewalk or Shoulder,Normal, , , ,1,0,0,1,0,0,0,0,0,0,0,0,0,1
1354707,2013,5,4,14,50,5,43.65964468,-79.38238917,Toronto Centre-Rosedale (27),27,Bay Street Corridor (76),76,D52,Toronto East York,YONGE ST,GERRARD ST E, ,Major Arterial,Mid-Block, ,No Control,Clear,Daylight,Dry,Fatal,Pedestrian Collisions,Pedestrian,20 to 24,Major,0,West, , , , ,Pedestrian hit at mid-block,"Crossing, no Traffic Control",Medical or Physical Disability, , , ,1,0,0,1,0,0,0,0,0,0,0,0,0,1
4002177658,2014,5,29,14,50,3,43.64387472,-79.37819300000001,Toronto Centre-Rosedale (28),28,Waterfront Communities-The Island (77),77,D52,Toronto East York,45 BAY ST, , ,Major Arterial,Mid-Block,At/Near Private Drive,No Control,Clear,Daylight,Dry,Non-Fatal Injury,Pedestrian Collisions,Driver,35 to 39,,0,West,"Automobile, Station Wagon",Turning Left,Failed to Yield Right of Way,Inattentive, , , , , , ,1,0,1,0,0,0,0,0,0,1,0,0,0,0
4002177658,2014,5,29,14,50,3,43.64387472,-79.37819300000001,Toronto Centre-Rosedale (28),28,Waterfront Communities-The Island (77),77,D52,Toronto East York,45 BAY ST, , ,Major Arterial,Mid-Block,At/Near Private Drive,No Control,Clear,Daylight,Dry,Non-Fatal Injury,Pedestrian Collisions,Pedestrian,25 to 29,Major,0,Unknown, , , , ,Pedestrian hit at mid-block,"Crossing, no Traffic Control",Inattentive, , , ,1,0,1,0,0,0,0,0,0,1,0,0,0,0
4003411081,2014,12,2,14,50,1,43.68971976,-79.58246241,Etobicoke North (2),2,West Humber-Clairville (1),1,D23,Etobicoke York,HIGHWAY 27  N,DIXON RD,100 m North of,Major Arterial,Mid-Block,Non Intersection,No Control,Rain,Daylight,Wet,Non-Fatal Injury,Turning Movement,Truck Driver,25 to 29,Major,0,North,Truck - Dump,Turning Right,Lost control,Normal, , , , , , ,0,0,0,0,1,0,0,0,0,0,0,0,0,0
4003411081,2014,12,2,14,50,1,43.68971976,-79.58246241,Etobicoke North (2),2,West Humber-Clairville (1),1,D23,Etobicoke York,HIGHWAY 27  N,DIXON RD,100 m North of,Major Arterial,Mid-Block,Non Intersection,No Control,Rain,Daylight,Wet,Non-Fatal Injury,Turning Movement,Truck Driver,40 to 44,,0,South,Truck - Dump,Going Ahead,Driving Properly,Normal, , , , , , ,0,0,0,0,1,0,0,0,0,0,0,0,0,0
5000163823,2015,1,28,14,50,2,43.80704077,-79.28879175,Scarborough-Rouge River (41),41,Agincourt North (129),129,D42,Scarborough,MIDLAND AVE,SILVER STAR BLVD, ,Major Arterial,Intersection,At Intersection,Traffic Signal,Clear,Daylight,Dry,Non-Fatal Injury,Pedestrian Collisions,Driver,35 to 39,,0,West,"Automobile, Station Wagon",Turning Left,Failed to Yield Right of Way,Unknown, , , , , , ,1,0,1,0,0,0,0,0,0,1,0,0,0,0
5000163823,2015,1,28,14,50,2,43.80704077,-79.28879175,Scarborough-Rouge River (41),41,Agincourt North (129),129,D42,Scarborough,MIDLAND AVE,SILVER STAR BLVD, ,Major Arterial,Intersection,At Intersection,Traffic Signal,Clear,Daylight,Dry,Non-Fatal Injury,Pedestrian Collisions,Pedestrian,40 to 44,Major,0,East, , , , ,Vehicle turns left while ped crosses with ROW at inter.,Crossing with right of way,Unknown, , , ,1,0,1,0,0,0,0,0,0,1,0,0,0,0
5001830640,2015,10,24,14,50,5,43.70078238,-79.33662043,Toronto-Danforth (29),29,Old East York (58),58,D54,Toronto East York,DON VALLEY PARKWAY  N,DON MILLS RD,120 m North of,Expressway,Mid-Block,Non Intersection,No Control,Rain,Daylight,Wet,Non-Fatal Injury,Approaching,Driver,45 to 49,Minor,0,North,"Automobile, Station Wagon",Merging,Lost control,Inattentive, , , , , , ,0,0,1,0,0,0,0,1,0,0,0,0,0,0
5001830640,2015,10,24,14,50,5,43.70078238,-79.33662043,Toronto-Danforth (29),29,Old East York (58),58,D54,Toronto East York,DON VALLEY PARKWAY  N,DON MILLS RD,120 m North of,Expressway,Mid-Block,Non Intersection,No Control,Rain,Daylight,Wet,Non-Fatal Injury,Approaching,Driver,30 to 34,Major,0,South,"Automobile, Station Wagon",Going Ahead,Driving Properly,Normal, , , , , , ,0,0,1,0,0,0,0,1,0,0,0,0,0,0
5001830640,2015,10,24,14,50,5,43.70078238,-79.33662043,Toronto-Danforth (29),29,Old East York (58),58,D54,Toronto East York,DON VALLEY PARKWAY  N,DON MILLS RD,120 m North of,Expressway,Mid-Block,Non Intersection,No Control,Rain,Daylight,Wet,Non-Fatal Injury,Approaching,Passenger,0 to 4,Minor,0, , , , , , , , , , , ,0,0,1,0,0,0,0,1,0,0,0,0,0,0
5001830640,2015,10,24,14,50,5,43.70078238,-79.33662043,Toronto-Danforth (29),29,Old East York (58),58,D54,Toronto East York,DON VALLEY PARKWAY  N,DON MILLS RD,120 m North of,Expressway,Mid-Block,Non Intersection,No Control,Rain,Daylight,Wet,Non-Fatal Injury,Approaching,Passenger,15 to 19,Minor,0, , , , , , , , , , , ,0,0,1,0,0,0,0,1,0,0,0,0,0,0
5001830640,2015,10,24,14,50,5,43.70078238,-79.33662043,Toronto-Danforth (29),29,Old East York (58),58,D54,Toronto East York,DON VALLEY PARKWAY  N,DON MILLS RD,120 m North of,Expressway,Mid-Block,Non Intersection,No Control,Rain,Daylight,Wet,Non-Fatal Injury,Approaching,Passenger,10 to 14,Major,0, , , , , , , , , , , ,0,0,1,0,0,0,0,1,0,0,0,0,0,0
5001830640,2015,10,24,14,50,5,43.70078238,-79.33662043,Toronto-Danforth (29),29,Old East York (58),58,D54,Toronto East York,DON VALLEY PARKWAY  N,DON MILLS RD,120 m North of,Expressway,Mid-Block,Non Intersection,No Control,Rain,Daylight,Wet,Non-Fatal Injury,Approaching,Passenger,0 to 4,,0, , , , , , , , , , , ,0,0,1,0,0,0,0,1,0,0,0,0,0,0
6001326720,2016,7,28,14,50,3,43.65693243,-79.36499415,Toronto Centre-Rosedale (28),28,Regent Park (72),72,D51,Toronto East York,PARLIAMENT ST,SHUTER ST, ,Minor Arterial,Intersection,At Intersection,Traffic Signal,Clear,Daylight,Dry,Fatal,Pedestrian Collisions,Pedestrian,80 to 84,Fatal,49,West, , , , ,Vehicle is going straight thru inter.while ped cross without ROW,Crossing without right of way,Normal, , , ,1,0,0,0,1,0,0,0,0,0,0,0,0,1
6001326720,2016,7,28,14,50,3,43.65693243,-79.36499415,Toronto Centre-Rosedale (28),28,Regent Park (72),72,D51,Toronto East York,PARLIAMENT ST,SHUTER ST, ,Minor Arterial,Intersection,At Intersection,Traffic Signal,Clear,Daylight,Dry,Fatal,Pedestrian Collisions,Truck Driver,45 to 49,,0,North,Truck - Dump,Going Ahead,Driving Properly,Normal, , , , , , ,1,0,0,0,1,0,0,0,0,0,0,0,0,1
7000169325,2017,1,27,14,50,4,43.64623984,-79.37782679,Toronto Centre-Rosedale (28),28,Waterfront Communities-The Island (77),77,D52,Toronto East York,FRONT ST W,YONGE ST,100 m West of,Minor Arterial,Mid-Block,Non Intersection,No Control,Clear,Daylight,Dry,Non-Fatal Injury,Cyclist Collisions,Driver,45 to 49,,0,West,"Automobile, Station Wagon",Stopped,Other,Inattentive, , , , , , ,0,1,1,0,0,0,0,0,0,0,0,0,0,0
7000169325,2017,1,27,14,50,4,43.64623984,-79.37782679,Toronto Centre-Rosedale (28),28,Waterfront Communities-The Island (77),77,D52,Toronto East York,FRONT ST W,YONGE ST,100 m West of,Minor Arterial,Mid-Block,Non Intersection,No Control,Clear,Daylight,Dry,Non-Fatal Injury,Cyclist Collisions,Cyclist,35 to 39,Major,0,West,Bicycle,Overtaking, , , , , ,Cyclist struck opened vehicle door,Driving Properly,Normal,0,1,1,0,0,0,0,0,0,0,0,0,0,0
7000169325,2017,1,27,14,50,4,43.64623984,-79.37782679,Toronto Centre-Rosedale (28),28,Waterfront Communities-The Island (77),77,D52,Toronto East York,FRONT ST W,YONGE ST,100 m West of,Minor Arterial,Mid-Block,Non Intersection,No Control,Clear,Daylight,Dry,Non-Fatal Injury,Cyclist Collisions,Driver,50 to 54,,0,West,"Automobile, Station Wagon",Going Ahead,Driving Properly,Normal, , , , , , ,0,1,1,0,0,0,0,0,0,0,0,0,0,0
6000942671,2016,5,31,14,41,1,43.73837622,-79.33229456,Don Valley East (34),34,Banbury-Don Mills (42),42,D33,North York,DON VALLEY PARKWAY  S,LAWRENCE AVE E, ,Expressway,Mid-Block,Non Intersection,No Control,Clear,Daylight,Dry,Fatal,Rear End,Truck Driver,50 to 54,,0,South,Truck - Open,Going Ahead,Other,Normal, , , , , , ,0,0,1,0,1,0,0,0,0,0,0,0,0,1
1123704,2009,9,9,14,52,2,43.67814538,-79.30119029,Beaches-East York (32),32,East End-Danforth (62),62,D55,Toronto East York,KINGSTON Rd,LEE Ave, ,Major Arterial,Intersection,At Intersection,Pedestrian Crossover,Clear,Daylight,Dry,Non-Fatal Injury,Pedestrian Collisions,Wheelchair,80 to 84,Major,0,South,Other,Going Ahead, , ,Pedestrian hit a PXO/ped. Mid-block signal,"Crossing, Pedestrian Crossover",Normal, , , ,1,0,1,0,0,0,0,0,0,1,0,0,0,0
1123704,2009,9,9,14,52,2,43.67814538,-79.30119029,Beaches-East York (32),32,East End-Danforth (62),62,D55,Toronto East York,KINGSTON Rd,LEE Ave, ,Major Arterial,Intersection,At Intersection,Pedestrian Crossover,Clear,Daylight,Dry,Non-Fatal Injury,Pedestrian Collisions,Vehicle Owner,unknown, ,0, ,Other, , , , , , , , , ,1,0,1,0,0,0,0,0,0,1,0,0,0,0
1123704,2009,9,9,14,52,2,43.67814538,-79.30119029,Beaches-East York (32),32,East End-Danforth (62),62,D55,Toronto East York,KINGSTON Rd,LEE Ave, ,Major Arterial,Intersection,At Intersection,Pedestrian Crossover,Clear,Daylight,Dry,Non-Fatal Injury,Pedestrian Collisions,Driver,60 to 64,,0,West,"Automobile, Station Wagon",Going Ahead,Failed to Yield Right of Way,Inattentive, , , , , , ,1,0,1,0,0,0,0,0,0,1,0,0,0,0
1136343,2009,11,10,14,52,1,43.64354538,-79.43919029,Parkdale-High Park (14),14,Roncesvalles (86),86,D11,Toronto East York,MACDONELL AVE,PEARSON AVE, ,Local,Intersection, ,Stop Sign,Clear,Daylight,Dry,Non-Fatal Injury,Cyclist Collisions,Vehicle Owner,unknown, ,0, ,Other, , , , , , , , , ,0,1,1,0,0,0,0,0,0,1,0,0,0,0
1136343,2009,11,10,14,52,1,43.64354538,-79.43919029,Parkdale-High Park (14),14,Roncesvalles (86),86,D11,Toronto East York,MACDONELL AVE,PEARSON AVE, ,Local,Intersection, ,Stop Sign,Clear,Daylight,Dry,Non-Fatal Injury,Cyclist Collisions,Driver,50 to 54,,0,South,"Automobile, Station Wagon",Going Ahead,Failed to Yield Right of Way,Unknown, , , , , , ,0,1,1,0,0,0,0,0,0,1,0,0,0,0
1136343,2009,11,10,14,52,1,43.64354538,-79.43919029,Parkdale-High Park (14),14,Roncesvalles (86),86,D11,Toronto East York,MACDONELL AVE,PEARSON AVE, ,Local,Intersection, ,Stop Sign,Clear,Daylight,Dry,Non-Fatal Injury,Cyclist Collisions,Cyclist,25 to 29,Major,0,East,Bicycle,Going Ahead, , , , , ,"Motorist without ROW drives into path of cyclist at inter, lnwy, dwy-Driver not turn.",Driving Properly,Normal,0,1,1,0,0,0,0,0,0,1,0,0,0,0
1386411,2013,10,8,14,52,1,43.76184042,-79.21583185,Scarborough East (43),43,Woburn (137),137,D43,Scarborough,LAWRENCE AVE E,SCARBOROUGH GOLF CLUB RD, ,Major Arterial,Intersection, ,Traffic Signal,Clear,Daylight,Dry,Non-Fatal Injury,Pedestrian Collisions,Driver,20 to 24,,0,East,"Automobile, Station Wagon",Turning Right,Improper Turn,Normal, , , , , , ,1,0,1,0,0,0,0,0,0,0,0,0,0,0
1386411,2013,10,8,14,52,1,43.76184042,-79.21583185,Scarborough East (43),43,Woburn (137),137,D43,Scarborough,LAWRENCE AVE E,SCARBOROUGH GOLF CLUB RD, ,Major Arterial,Intersection, ,Traffic Signal,Clear,Daylight,Dry,Non-Fatal Injury,Pedestrian Collisions,Pedestrian,70 to 74,Major,0,North,Other, , , ,Vehicle turns right while ped crosses with ROW at inter.,Crossing with right of way,Normal, , , ,1,0,1,0,0,0,0,0,0,0,0,0,0,0