ACCNUM,YEAR,MONTH,DAY,HOUR,MINUTES,WEEKDAY,LATITUDE,LONGITUDE,Ward_Name,Ward_ID,Hood_Name,Hood_ID,Division,District,STREET1,STREET2,OFFSET,ROAD_CLASS,LOCCOORD,ACCLOC,TRAFFCTL,VISIBILITY,LIGHT,RDSFCOND,ACCLASS,IMPACTYPE,INVTYPE,INVAGE,INJURY,FATAL_NO,INITDIR,VEHTYPE,MANOEUVER,DRIVACT,DRIVCOND,PEDTYPE,PEDACT,PEDCOND,CYCLISTYPE,CYCACT,CYCCOND,PEDESTRIAN,CYCLIST,AUTOMOBILE,MOTORCYCLE,TRUCK,TRSN_CITY_VEH,EMERG_VEH,PASSENGER,SPEEDING,AG_DRIV,REDLIGHT,ALCOHOL,DISABILITY,label
5002168343,2015,12,18,14,52,4,43.79143103,-79.25034724,Scarborough-Rouge River (42),42,Agincourt South-Malvern West (128),128,D42,Scarborough,4727 SHEPPARD AVE E, ,4 m East of,Major Arterial,Mid-Block,At/Near Private Drive,No Control,Clear,Daylight,Dry,Non-Fatal Injury,Pedestrian Collisions,Driver,80 to 84,,0,East,"Automobile, Station Wagon",Going Ahead,Driving Properly,Normal, , , , , , ,1,0,1,0,0,0,0,1,0,0,0,0,0,0
5002168343,2015,12,18,14,52,4,43.79143103,-79.25034724,Scarborough-Rouge River (42),42,Agincourt South-Malvern West (128),128,D42,Scarborough,4727 SHEPPARD AVE E, ,4 m East of,Major Arterial,Mid-Block,At/Near Private Drive,No Control,Clear,Daylight,Dry,Non-Fatal Injury,Pedestrian Collisions,Passenger,75 to 79,,0, , , , , , , , , , , ,1,0,1,0,0,0,0,1,0,0,0,0,0,0
5002168343,2015,12,18,14,52,4,43.79143103,-79.25034724,Scarborough-Rouge River (42),42,Agincourt South-Malvern West (128),128,D42,Scarborough,4727 SHEPPARD AVE E, ,4 m East of,Major Arterial,Mid-Block,At/Near Private Drive,No Control,Clear,Daylight,Dry,Non-Fatal Injury,Pedestrian Collisions,Pedestrian,85 to 89,Major,0,North, , , , ,Pedestrian hit at mid-block,"Crossing, no Traffic Control",Inattentive, , , ,1,0,1,0,0,0,0,1,0,0,0,0,0,0
1370852,2013,8,16,14,53,4,43.71733435,-79.2940713,Scarborough Southwest (35),35,Clairlea-Birchmount (120),120,D41,Scarborough,PHARMACY AVE,LEAHURST DR, ,Minor Arterial,Intersection,At Intersection,No Control,Clear,Daylight,Dry,Non-Fatal Injury,Turning Movement,Motorcycle Driver,45 to 49,Major,0,North,Motorcycle,Going Ahead,Driving Properly,Normal, , , , , , ,0,0,1,1,0,0,0,0,0,1,0,0,0,0
1370852,2013,8,16,14,53,4,43.71733435,-79.2940713,Scarborough Southwest (35),35,Clairlea-Birchmount (120),120,D41,Scarborough,PHARMACY AVE,LEAHURST DR, ,Minor Arterial,Intersection,At Intersection,No Control,Clear,Daylight,Dry,Non-Fatal Injury,Turning Movement,Driver,35 to 39,,0,South,"Automobile, Station Wagon",Going Ahead,Driving Properly,Normal, , , , , , ,0,0,1,1,0,0,0,0,0,1,0,0,0,0
1370852,2013,8,16,14,53,4,43.71733435,-79.2940713,Scarborough Southwest (35),35,Clairlea-Birchmount (120),120,D41,Scarborough,PHARMACY AVE,LEAHURST DR, ,Minor Arterial,Intersection,At Intersection,No Control,Clear,Daylight,Dry,Non-Fatal Injury,Turning Movement,Driver,unknown,,0,South,"Automobile, Station Wagon",Turning Left,Failed to Yield Right of Way,Unknown, , , , , , ,0,0,1,1,0,0,0,0,0,1,0,0,0,0
4001902313,2014,4,16,14,53,2,43.75944861,-79.59622584,Etobicoke North (1),1,Mount Olive-Silverstone-Jamestown (2),2,D23,Etobicoke York,STEELES AVE W,GIHON SPRING DR,60 m East of,Major Arterial,Mid-Block,Non Intersection,No Control,Clear,Daylight,Dry,Non-Fatal Injury,Approaching,Driver,15 to 19,,0,West,Passenger Van,Going Ahead,Lost control,Normal, , , , , , ,0,0,1,0,0,0,0,1,1,1,0,0,0,0
4001902313,2014,4,16,14,53,2,43.75944861,-79.59622584,Etobicoke North (1),1,Mount Olive-Silverstone-Jamestown (2),2,D23,Etobicoke York,STEELES AVE W,GIHON SPRING DR,60 m East of,Major Arterial,Mid-Block,Non Intersection,No Control,Clear,Daylight,Dry,Non-Fatal Injury,Approaching,Driver,40 to 44,Major,0,East,"Automobile, Station Wagon",Going Ahead,Driving Properly,Normal, , , , , , ,0,0,1,0,0,0,0,1,1,1,0,0,0,0
4001902313,2014,4,16,14,53,2,43.75944861,-79.59622584,Etobicoke North (1),1,Mount Olive-Silverstone-Jamestown (2),2,D23,Etobicoke York,STEELES AVE W,GIHON SPRING DR,60 m East of,Major Arterial,Mid-Block,Non Intersection,No Control,Clear,Daylight,Dry,Non-Fatal Injury,Approaching,Passenger,15 to 19,Minor,0, , , , , , , , , , , ,0,0,1,0,0,0,0,1,1,1,0,0,0,0
4001902313,2014,4,16,14,53,2,43.75944861,-79.59622584,Etobicoke North (1),1,Mount Olive-Silverstone-Jamestown (2),2,D23,Etobicoke York,STEELES AVE W,GIHON SPRING DR,60 m East of,Major Arterial,Mid-Block,Non Intersection,No Control,Clear,Daylight,Dry,Non-Fatal Injury,Approaching,Passenger,15 to 19,Minor,0, , , , , , , , , , , ,0,0,1,0,0,0,0,1,1,1,0,0,0,0
4001902313,2014,4,16,14,53,2,43.75944861,-79.59622584,Etobicoke North (1),1,Mount Olive-Silverstone-Jamestown (2),2,D23,Etobicoke York,STEELES AVE W,GIHON SPRING DR,60 m East of,Major Arterial,Mid-Block,Non Intersection,No Control,Clear,Daylight,Dry,Non-Fatal Injury,Approaching,Passenger,15 to 19,,0, , , , , , , , , , , ,0,0,1,0,0,0,0,1,1,1,0,0,0,0
4001902313,2014,4,16,14,53,2,43.75944861,-79.59622584,Etobicoke North (1),1,Mount Olive-Silverstone-Jamestown (2),2,D23,Etobicoke York,STEELES AVE W,GIHON SPRING DR,60 m East of,Major Arterial,Mid-Block,Non Intersection,No Control,Clear,Daylight,Dry,Non-Fatal Injury,Approaching,Passenger,15 to 19,,0, , , , , , , , , , , ,0,0,1,0,0,0,0,1,1,1,0,0,0,0
4001902313,2014,4,16,14,53,2,43.75944861,-79.59622584,Etobicoke North (1),1,Mount Olive-Silverstone-Jamestown (2),2,D23,Etobicoke York,STEELES AVE W,GIHON SPRING DR,60 m East of,Major Arterial,Mid-Block,Non Intersection,No Control,Clear,Daylight,Dry,Non-Fatal Injury,Approaching,Passenger,45 to 49,Minor,0, , , , , , , , , , , ,0,0,1,0,0,0,0,1,1,1,0,0,0,0
4002496005,2014,7,14,14,53,0,43.73693426,-79.48454676,York Centre (9),9,Downsview-Roding-CFB (26),26,D31,North York,KEELE ST,WHITBURN CRES, ,Major Arterial,Intersection,Intersection Related,Traffic Signal,Clear,Daylight,Dry,Non-Fatal Injury,Rear End,Driver,20 to 24,Major,0,North,"Automobile, Station Wagon",Going Ahead,Following too Close,Normal, , , , , , ,0,0,1,0,0,0,0,0,0,1,0,0,0,0
4002496005,2014,7,14,14,53,0,43.73693426,-79.48454676,York Centre (9),9,Downsview-Roding-CFB (26),26,D31,North York,KEELE ST,WHITBURN CRES, ,Major Arterial,Intersection,Intersection Related,Traffic Signal,Clear,Daylight,Dry,Non-Fatal Injury,Rear End,Driver,60 to 64,,0,North,"Automobile, Station Wagon",Stopped,Driving Properly,Normal, , , , , , ,0,0,1,0,0,0,0,0,0,1,0,0,0,0
5000841080,2015,5,20,14,53,2,43.6628681,-79.46924982,Parkdale-High Park (13),13,Junction Area (90),90,D11,Etobicoke York,HIGH PARK AVE,ANNETTE ST, ,Minor Arterial,Intersection,Intersection Related,Traffic Signal,Clear,Daylight,Dry,Non-Fatal Injury,Pedestrian Collisions,Driver,35 to 39,,0,North,"Automobile, Station Wagon",Turning Left,Failed to Yield Right of Way,Normal, , , , , , ,1,0,1,0,0,0,0,1,0,1,0,0,0,0
5000841080,2015,5,20,14,53,2,43.6628681,-79.46924982,Parkdale-High Park (13),13,Junction Area (90),90,D11,Etobicoke York,HIGH PARK AVE,ANNETTE ST, ,Minor Arterial,Intersection,Intersection Related,Traffic Signal,Clear,Daylight,Dry,Non-Fatal Injury,Pedestrian Collisions,Passenger,50 to 54,,0, , , , , , , , , , , ,1,0,1,0,0,0,0,1,0,1,0,0,0,0
5000841080,2015,5,20,14,53,2,43.6628681,-79.46924982,Parkdale-High Park (13),13,Junction Area (90),90,D11,Etobicoke York,HIGH PARK AVE,ANNETTE ST, ,Minor Arterial,Intersection,Intersection Related,Traffic Signal,Clear,Daylight,Dry,Non-Fatal Injury,Pedestrian Collisions,Pedestrian,30 to 34,Major,0,South, , , , ,Vehicle turns left while ped crosses with ROW at inter.,Crossing with right of way,Normal, , , ,1,0,1,0,0,0,0,1,0,1,0,0,0,0
5001713235,2015,10,4,14,53,6,43.65621145,-79.40894709,Trinity-Spadina (19),19,Trinity-Bellwoods (81),81,D14,Toronto East York,COLLEGE ST,MARKHAM ST, ,Major Arterial,Intersection,At Intersection,Stop Sign,Clear,"Dark, artificial",Dry,Non-Fatal Injury,Cyclist Collisions,Driver,30 to 34,,0,East,"Automobile, Station Wagon",Going Ahead,Improper Passing,Unknown, , , , , , ,0,1,1,0,0,0,0,0,1,1,0,0,0,0
5001713235,2015,10,4,14,53,6,43.65621145,-79.40894709,Trinity-Spadina (19),19,Trinity-Bellwoods (81),81,D14,Toronto East York,COLLEGE ST,MARKHAM ST, ,Major Arterial,Intersection,At Intersection,Stop Sign,Clear,"Dark, artificial",Dry,Non-Fatal Injury,Cyclist Collisions,Cyclist,50 to 54,Major,0,East,Bicycle,Going Ahead, , , , , ,Cyclist and Driver travelling in same direction. One vehicle rear-ended the other.,Driving Properly,Normal,0,1,1,0,0,0,0,0,1,1,0,0,0,0
1317840,2012,10,1,14,54,0,43.69684538,-79.31569029,Beaches-East York (31),31,Woodbine-Lumsden (60),60,D54,Toronto East York,COSBURN AVE,CEDARVALE AVE, ,Collector,Intersection,At Intersection,Pedestrian Crossover,Clear,Daylight,Dry,Non-Fatal Injury,Pedestrian Collisions,Driver,65 to 69,,0,South,"Automobile, Station Wagon",Turning Left,Failed to Yield Right of Way,Inattentive, , , , , , ,1,0,1,0,0,0,0,0,0,1,0,0,0,0
1317840,2012,10,1,14,54,0,43.69684538,-79.31569029,Beaches-East York (31),31,Woodbine-Lumsden (60),60,D54,Toronto East York,COSBURN AVE,CEDARVALE AVE, ,Collector,Intersection,At Intersection,Pedestrian Crossover,Clear,Daylight,Dry,Non-Fatal Injury,Pedestrian Collisions,Pedestrian,75 to 79,Major,0,South,Other, , , ,Pedestrian hit a PXO/ped. Mid-block signal,"Crossing, Pedestrian Crossover",Normal, , , ,1,0,1,0,0,0,0,0,0,1,0,0,0,0
7000600536,2017,4,5,14,54,2,43.68897207,-79.52219019,Etobicoke North (2),2,Humber Heights-Westmount (8),8,D23,Etobicoke York,4 RIDGEMOUNT RD,CHAPMAN RD,2 m East of,Local,Intersection,At/Near Private Drive,No Control,Clear,Daylight,Dry,Non-Fatal Injury,Pedestrian Collisions,Driver,35 to 39,,0,West,"Automobile, Station Wagon",Reversing,Other, , , , , , , ,1,0,1,0,0,0,0,0,0,0,0,0,0,0
7000600536,2017,4,5,14,54,2,43.68897207,-79.52219019,Etobicoke North (2),2,Humber Heights-Westmount (8),8,D23,Etobicoke York,4 RIDGEMOUNT RD,CHAPMAN RD,2 m East of,Local,Intersection,At/Near Private Drive,No Control,Clear,Daylight,Dry,Non-Fatal Injury,Pedestrian Collisions,Pedestrian,55 to 59,Minimal,0,North, , , , ,Vehicle is reversing and hits pedestrian,Other,Normal, , , ,1,0,1,0,0,0,0,0,0,0,0,0,0,0
7000600536,2017,4,5,14,54,2,43.68897207,-79.52219019,Etobicoke North (2),2,Humber Heights-Westmount (8),8,D23,Etobicoke York,4 RIDGEMOUNT RD,CHAPMAN RD,2 m East of,Local,Intersection,At/Near Private Drive,No Control,Clear,Daylight,Dry,Non-Fatal Injury,Pedestrian Collisions,Pedestrian,85 to 89,Major,0,North, , , , ,Vehicle is reversing and hits pedestrian,Other,Normal, , , ,1,0,1,0,0,0,0,0,0,0,0,0,0,0
1011703,2007,12,28,14,55,4,43.67594538,-79.47039029,York South-Weston (11),11,Junction Area (90),90,D12,Etobicoke York,WESTON RD,GUNNS RD, ,Major Arterial,Intersection, ,Traffic Signal,Clear,Daylight,Dry,Non-Fatal Injury,SMV Other,Other Property Owner,unknown, ,0, ,Other, , , , , , , , , ,0,0,1,0,0,0,0,1,1,1,0,0,0,0
1011703,2007,12,28,14,55,4,43.67594538,-79.47039029,York South-Weston (11),11,Junction Area (90),90,D12,Etobicoke York,WESTON RD,GUNNS RD, ,Major Arterial,Intersection, ,Traffic Signal,Clear,Daylight,Dry,Non-Fatal Injury,SMV Other,Passenger,35 to 39,Major,0, ,Other, , , , , , , , , ,0,0,1,0,0,0,0,1,1,1,0,0,0,0
1011703,2007,12,28,14,55,4,43.67594538,-79.47039029,York South-Weston (11),11,Junction Area (90),90,D12,Etobicoke York,WESTON RD,GUNNS RD, ,Major Arterial,Intersection, ,Traffic Signal,Clear,Daylight,Dry,Non-Fatal Injury,SMV Other,Driver,25 to 29,Major,0,North,"Automobile, Station Wagon",Going Ahead,Exceeding Speed Limit,Unknown, , , , , , ,0,0,1,0,0,0,0,1,1,1,0,0,0,0
1044659,2008,6,2,14,55,0,43.78504538,-79.39209029,Willowdale (24),24,Bayview Woods-Steeles (49),49,D33,North York,FINCH AVE E,BAYVIEW AVE, ,Major Arterial,Intersection,At Intersection,Traffic Signal,Clear,Daylight,Dry,Non-Fatal Injury,Sideswipe,Driver,70 to 74,,0,East,"Automobile, Station Wagon",Stopped,Driving Properly,Normal, , , , , , ,0,0,1,0,0,0,0,1,0,0,0,0,0,0
1044659,2008,6,2,14,55,0,43.78504538,-79.39209029,Willowdale (24),24,Bayview Woods-Steeles (49),49,D33,North York,FINCH AVE E,BAYVIEW AVE, ,Major Arterial,Intersection,At Intersection,Traffic Signal,Clear,Daylight,Dry,Non-Fatal Injury,Sideswipe,Vehicle Owner,unknown, ,0, ,Other, , , , , , , , , ,0,0,1,0,0,0,0,1,0,0,0,0,0,0
1044659,2008,6,2,14,55,0,43.78504538,-79.39209029,Willowdale (24),24,Bayview Woods-Steeles (49),49,D33,North York,FINCH AVE E,BAYVIEW AVE, ,Major Arterial,Intersection,At Intersection,Traffic Signal,Clear,Daylight,Dry,Non-Fatal Injury,Sideswipe,Driver,60 to 64,Major,0,East,"Automobile, Station Wagon",Pulling Onto Shoulder or towardCurb,Lost control,Unknown, , , , , , ,0,0,1,0,0,0,0,1,0,0,0,0,0,0
1044659,2008,6,2,14,55,0,43.78504538,-79.39209029,Willowdale (24),24,Bayview Woods-Steeles (49),49,D33,North York,FINCH AVE E,BAYVIEW AVE, ,Major Arterial,Intersection,At Intersection,Traffic Signal,Clear,Daylight,Dry,Non-Fatal Injury,Sideswipe,Passenger,35 to 39,Minimal,0, ,Other, , , , , , , , , ,0,0,1,0,0,0,0,1,0,0,0,0,0,0
1044659,2008,6,2,14,55,0,43.78504538,-79.39209029,Willowdale (24),24,Bayview Woods-Steeles (49),49,D33,North York,FINCH AVE E,BAYVIEW AVE, ,Major Arterial,Intersection,At Intersection,Traffic Signal,Clear,Daylight,Dry,Non-Fatal Injury,Sideswipe,Driver,45 to 49,Minor,0,North,"Automobile, Station Wagon",Going Ahead,Driving Properly,Normal, , , , , , ,0,0,1,0,0,0,0,1,0,0,0,0,0,0
1044659,2008,6,2,14,55,0,43.78504538,-79.39209029,Willowdale (24),24,Bayview Woods-Steeles (49),49,D33,North York,FINCH AVE E,BAYVIEW AVE, ,Major Arterial,Intersection,At Intersection,Traffic Signal,Clear,Daylight,Dry,Non-Fatal Injury,Sideswipe,Driver,45 to 49,,0,South,"Automobile, Station Wagon",Going Ahead,Driving Properly,Normal, , , , , , ,0,0,1,0,0,0,0,1,0,0,0,0,0,0
1044659,2008,6,2,14,55,0,43.78504538,-79.39209029,Willowdale (24),24,Bayview Woods-Steeles (49),49,D33,North York,FINCH AVE E,BAYVIEW AVE, ,Major Arterial,Intersection,At Intersection,Traffic Signal,Clear,Daylight,Dry,Non-Fatal Injury,Sideswipe,Other Property Owner,unknown, ,0, ,Other, , , , , , , , , ,0,0,1,0,0,0,0,1,0,0,0,0,0,0
1118994,2009,8,16,14,55,6,43.69824538,-79.39659029,St. Paul's (22),22,Mount Pleasant West (104),104,D53,Toronto East York,YONGE ST,CHAPLIN CRES, ,Major Arterial,Intersection, ,Traffic Signal,Clear,Daylight,Dry,Non-Fatal Injury,Pedestrian Collisions,Pedestrian,75 to 79,Major,0,East,Other, , , ,Vehicle is going straight thru inter.while ped cross without ROW,Crossing without right of way,Normal, , , ,1,1,0,0,0,0,0,0,0,0,0,0,0,0
1118994,2009,8,16,14,55,6,43.69824538,-79.39659029,St. Paul's (22),22,Mount Pleasant West (104),104,D53,Toronto East York,YONGE ST,CHAPLIN CRES, ,Major Arterial,Intersection, ,Traffic Signal,Clear,Daylight,Dry,Non-Fatal Injury,Pedestrian Collisions,Cyclist,30 to 34,Minimal,0,South,Bicycle,Going Ahead, , , , , ,Cyclist strikes pedestrian.,Driving Properly,Normal,1,1,0,0,0,0,0,0,0,0,0,0,0,0
1164773,2010,4,7,14,55,2,43.64804538,-79.49079029,Parkdale-High Park (13),13,Lambton Baby Point (114),114,D11,Etobicoke York,2559 BLOOR St W, , ,Major Arterial,Intersection, ,No Control,Rain,Daylight,Wet,Non-Fatal Injury,Rear End,Driver,35 to 39,,0,East,"Automobile, Station Wagon",Stopped,Driving Properly,Normal, , , , , , ,0,0,1,0,0,0,0,1,0,1,0,0,0,0
1164773,2010,4,7,14,55,2,43.64804538,-79.49079029,Parkdale-High Park (13),13,Lambton Baby Point (114),114,D11,Etobicoke York,2559 BLOOR St W, , ,Major Arterial,Intersection, ,No Control,Rain,Daylight,Wet,Non-Fatal Injury,Rear End,Vehicle Owner,unknown, ,0, ,"Automobile, Station Wagon", , , , , , , , , ,0,0,1,0,0,0,0,1,0,1,0,0,0,0
1164773,2010,4,7,14,55,2,43.64804538,-79.49079029,Parkdale-High Park (13),13,Lambton Baby Point (114),114,D11,Etobicoke York,2559 BLOOR St W, , ,Major Arterial,Intersection, ,No Control,Rain,Daylight,Wet,Non-Fatal Injury,Rear End,Driver,45 to 49,Minimal,0,East,"Automobile, Station Wagon",Stopped,Driving Properly,Normal, , , , , , ,0,0,1,0,0,0,0,1,0,1,0,0,0,0
1164773,2010,4,7,14,55,2,43.64804538,-79.49079029,Parkdale-High Park (13),13,Lambton Baby Point (114),114,D11,Etobicoke York,2559 BLOOR St W, , ,Major Arterial,Intersection, ,No Control,Rain,Daylight,Wet,Non-Fatal Injury,Rear End,Driver,50 to 54,Major,0,East,"Automobile, Station Wagon",Stopped,Driving Properly,Normal, , , , , , ,0,0,1,0,0,0,0,1,0,1,0,0,0,0
1164773,2010,4,7,14,55,2,43.64804538,-79.49079029,Parkdale-High Park (13),13,Lambton Baby Point (114),114,D11,Etobicoke York,2559 BLOOR St W, , ,Major Arterial,Intersection, ,No Control,Rain,Daylight,Wet,Non-Fatal Injury,Rear End,Passenger,15 to 19,Minimal,0, ,Other, , , , , , , , , ,0,0,1,0,0,0,0,1,0,1,0,0,0,0
1164773,2010,4,7,14,55,2,43.64804538,-79.49079029,Parkdale-High Park (13),13,Lambton Baby Point (114),114,D11,Etobicoke York,2559 BLOOR St W, , ,Major Arterial,Intersection, ,No Control,Rain,Daylight,Wet,Non-Fatal Injury,Rear End,Driver,50 to 54,Minor,0,East,"Automobile, Station Wagon",Going Ahead,Following too Close,Normal, , , , , , ,0,0,1,0,0,0,0,1,0,1,0,0,0,0
1165384,2010,4,12,14,55,0,43.64854538,-79.38539029,Trinity-Spadina (20),20,Bay Street Corridor (76),76,D52,Toronto East York,UNIVERSITY Aven,PEARL Stre, ,Major Arterial,Mid-Block, ,No Control,Clear,Daylight,Dry,Non-Fatal Injury,Pedestrian Collisions,Vehicle Owner,unknown, ,0, ,Other, , , , , , , , , ,1,0,1,0,0,0,0,0,0,0,0,0,0,0
1165384,2010,4,12,14,55,0,43.64854538,-79.38539029,Trinity-Spadina (20),20,Bay Street Corridor (76),76,D52,Toronto East York,UNIVERSITY Aven,PEARL Stre, ,Major Arterial,Mid-Block, ,No Control,Clear,Daylight,Dry,Non-Fatal Injury,Pedestrian Collisions,Driver,50 to 54,,0,South,"Automobile, Station Wagon",Changing Lanes,Improper Lane Change,Unknown, , , , , , ,1,0,1,0,0,0,0,0,0,0,0,0,0,0
1165384,2010,4,12,14,55,0,43.64854538,-79.38539029,Trinity-Spadina (20),20,Bay Street Corridor (76),76,D52,Toronto East York,UNIVERSITY Aven,PEARL Stre, ,Major Arterial,Mid-Block, ,No Control,Clear,Daylight,Dry,Non-Fatal Injury,Pedestrian Collisions,Pedestrian,25 to 29,Major,0, ,Other, , , ,Pedestrian hit at mid-block,Playing or Working on Highway,Normal, , , ,1,0,1,0,0,0,0,0,0,0,0,0,0,0
1318483,2012,10,5,14,55,4,43.67024538,-79.49319029,York South-Weston (11),11,Rockcliffe-Smythe (111),111,D12,Etobicoke York,JANE ST,CORBETT AVE, ,Major Arterial,Intersection, ,No Control,Clear,Daylight,Dry,Fatal,SMV Other,Motorcycle Driver,35 to 39,Fatal,33,North,Motorcycle,Going Ahead,Driving Properly,Normal, , , , , , ,0,0,1,1,0,0,0,0,0,0,0,0,0,1
5001446152,2015,8,22,15,16,5,43.72683295,-79.26568232,Scarborough Southwest (35),35,Kennedy Park (124),124,D41,Scarborough,678 KENNEDY RD, ,4 m South of,Major Arterial,Mid-Block,At/Near Private Drive,No Control,Clear,Daylight,Dry,Non-Fatal Injury,Turning Movement,Driver,20 to 24,,0,North,"Automobile, Station Wagon",Turning Left,Failed to Yield Right of Way,Inattentive, , , , , , ,0,0,1,1,0,0,0,0,0,1,0,0,0,0
5001446152,2015,8,22,15,16,5,43.72683295,-79.26568232,Scarborough Southwest (35),35,Kennedy Park (124),124,D41,Scarborough,678 KENNEDY RD, ,4 m South of,Major Arterial,Mid-Block,At/Near Private Drive,No Control,Clear,Daylight,Dry,Non-Fatal Injury,Turning Movement,Motorcycle Driver,30 to 34,Major,0,South,Motorcycle,Going Ahead,Driving Properly,Normal, , , , , , ,0,0,1,1,0,0,0,0,0,1,0,0,0,0
1044675,2008,6,3,15,17,1,43.79324538,-79.42739029,Willowdale (23),23,Newtonbrook West (36),36,D32,North York,HILDA AVE,CROSSEN DR, ,Collector,Mid-Block, ,No Control,Clear,Daylight,Dry,Non-Fatal Injury,Pedestrian Collisions,Driver,40 to 44,,0,South,"Automobile, Station Wagon",Going Ahead,Driving Properly,Normal, , , , , , ,1,0,1,0,0,0,0,0,0,0,0,0,0,0
1044675,2008,6,3,15,17,1,43.79324538,-79.42739029,Willowdale (23),23,Newtonbrook West (36),36,D32,North York,HILDA AVE,CROSSEN DR, ,Collector,Mid-Block, ,No Control,Clear,Daylight,Dry,Non-Fatal Injury,Pedestrian Collisions,Pedestrian,15 to 19,Major,0,West,Other, , , ,Pedestrian hit at mid-block,Running onto Roadway,Inattentive, , , ,1,0,1,0,0,0,0,0,0,0,0,0,0,0
1064784,2008,9,28,15,17,6,43.65834538,-79.33899029,Toronto-Danforth (30),30,South Riverdale (70),70,D55,Toronto East York,EASTERN AVE,CARLAW AVE, ,Major Arterial,Intersection,At Intersection,Traffic Signal,Clear,Daylight,Dry,Non-Fatal Injury,SMV Other,Motorcycle Passenger,30 to 34,Minor,0, ,Other, , , , , , , , , ,0,0,0,1,0,0,0,1,0,0,0,0,0,0
1064784,2008,9,28,15,17,6,43.65834538,-79.33899029,Toronto-Danforth (30),30,South Riverdale (70),70,D55,Toronto East York,EASTERN AVE,CARLAW AVE, ,Major Arterial,Intersection,At Intersection,Traffic Signal,Clear,Daylight,Dry,Non-Fatal Injury,SMV Other,Motorcycle Driver,35 to 39,Major,0,East,Motorcycle,Slowing or Stopping,Lost control,Normal, , , , , , ,0,0,0,1,0,0,0,1,0,0,0,0,0,0
1309317,2012,7,13,14,42,4,43.80554538,-79.38579029,Willowdale (24),24,Bayview Woods-Steeles (49),49,D33,North York,STEELES Aven E,LAURELEAF Road S, ,Major Arterial,Intersection,At Intersection,Traffic Signal,Clear,Daylight,Dry,Non-Fatal Injury,Angle,Driver,60 to 64,Major,0,East,"Automobile, Station Wagon",Going Ahead,Disobeyed Traffic Control,Inattentive, , , , , , ,0,0,1,0,0,0,0,0,0,1,1,0,0,0
1144189,2009,12,24,15,17,3,43.67824538,-79.36769029,Toronto Centre-Rosedale (27),27,Rosedale-Moore Park (98),98,D53,Toronto East York,BAYVIEW AVE,BAYVIEW S BLOOR E RAMP, ,Major Arterial,Mid-Block, ,No Control,Drifting Snow,Daylight,Ice,Non-Fatal Injury,Approaching,Passenger,55 to 59,Major,0, ,Other, , , , , , , , , ,0,0,1,0,0,0,0,1,1,1,0,0,0,0
1144189,2009,12,24,15,17,3,43.67824538,-79.36769029,Toronto Centre-Rosedale (27),27,Rosedale-Moore Park (98),98,D53,Toronto East York,BAYVIEW AVE,BAYVIEW S BLOOR E RAMP, ,Major Arterial,Mid-Block, ,No Control,Drifting Snow,Daylight,Ice,Non-Fatal Injury,Approaching,Passenger,50 to 54,Major,0, ,Other, , , , , , , , , ,0,0,1,0,0,0,0,1,1,1,0,0,0,0
1144189,2009,12,24,15,17,3,43.67824538,-79.36769029,Toronto Centre-Rosedale (27),27,Rosedale-Moore Park (98),98,D53,Toronto East York,BAYVIEW AVE,BAYVIEW S BLOOR E RAMP, ,Major Arterial,Mid-Block, ,No Control,Drifting Snow,Daylight,Ice,Non-Fatal Injury,Approaching,Driver,60 to 64,Major,0,North,"Automobile, Station Wagon",Going Ahead,Driving Properly,Normal, , , , , , ,0,0,1,0,0,0,0,1,1,1,0,0,0,0
1144189,2009,12,24,15,17,3,43.67824538,-79.36769029,Toronto Centre-Rosedale (27),27,Rosedale-Moore Park (98),98,D53,Toronto East York,BAYVIEW AVE,BAYVIEW S BLOOR E RAMP, ,Major Arterial,Mid-Block, ,No Control,Drifting Snow,Daylight,Ice,Non-Fatal Injury,Approaching,Driver,20 to 24,Minor,0,South,"Automobile, Station Wagon",Going Ahead,Speed too Fast For Condition,Normal, , , , , , ,0,0,1,0,0,0,0,1,1,1,0,0,0,0
1144189,2009,12,24,15,17,3,43.67824538,-79.36769029,Toronto Centre-Rosedale (27),27,Rosedale-Moore Park (98),98,D53,Toronto East York,BAYVIEW AVE,BAYVIEW S BLOOR E RAMP, ,Major Arterial,Mid-Block, ,No Control,Drifting Snow,Daylight,Ice,Non-Fatal Injury,Approaching,Driver,25 to 29,Minimal,0,North,"Automobile, Station Wagon",Going Ahead,Driving Properly,Normal, , , , , , ,0,0,1,0,0,0,0,1,1,1,0,0,0,0
4001342712,2014,1,14,15,18,1,43.67243918,-79.52161799,Etobicoke Centre (4),4,Edenbridge-Humber Valley (9),9,D22,Etobicoke York,3 BELL ROYAL CRT, , ,Local,Mid-Block,At/Near Private Drive,No Control,Clear,Daylight,Ice,Non-Fatal Injury,Pedestrian Collisions,Truck Driver,35 to 39,,0,East,Truck - Open,Going Ahead,Other,Normal, , , , , , ,1,0,0,0,1,0,0,0,0,0,0,0,0,0
4001342712,2014,1,14,15,18,1,43.67243918,-79.52161799,Etobicoke Centre (4),4,Edenbridge-Humber Valley (9),9,D22,Etobicoke York,3 BELL ROYAL CRT, , ,Local,Mid-Block,At/Near Private Drive,No Control,Clear,Daylight,Ice,Non-Fatal Injury,Pedestrian Collisions,Pedestrian,20 to 24,Major,0,East, , , , ,Pedestrian hit at mid-block,Walking on Roadway with Traffic,Normal, , , ,1,0,0,0,1,0,0,0,0,0,0,0,0,0