ACCNUM,YEAR,MONTH,DAY,HOUR,MINUTES,WEEKDAY,LATITUDE,LONGITUDE,Ward_Name,Ward_ID,Hood_Name,Hood_ID,Division,District,STREET1,STREET2,OFFSET,ROAD_CLASS,LOCCOORD,ACCLOC,TRAFFCTL,VISIBILITY,LIGHT,RDSFCOND,ACCLASS,IMPACTYPE,INVTYPE,INVAGE,INJURY,FATAL_NO,INITDIR,VEHTYPE,MANOEUVER,DRIVACT,DRIVCOND,PEDTYPE,PEDACT,PEDCOND,CYCLISTYPE,CYCACT,CYCCOND,PEDESTRIAN,CYCLIST,AUTOMOBILE,MOTORCYCLE,TRUCK,TRSN_CITY_VEH,EMERG_VEH,PASSENGER,SPEEDING,AG_DRIV,REDLIGHT,ALCOHOL,DISABILITY,label
5001263243,2015,7,24,15,18,4,43.67641791,-79.59322748,Etobicoke North (2),2,West Humber-Clairville (1),1,D23,Etobicoke York,RENFORTH DR,SILVER DART DR, ,Major Arterial,Intersection,Intersection Related,Traffic Signal,Clear,Daylight,Dry,Non-Fatal Injury,Angle,Driver,50 to 54,Minor,0,West,"Automobile, Station Wagon",Going Ahead,Disobeyed Traffic Control,Inattentive, , , , , , ,0,0,1,0,0,0,0,1,1,1,1,0,0,0
5001263243,2015,7,24,15,18,4,43.67641791,-79.59322748,Etobicoke North (2),2,West Humber-Clairville (1),1,D23,Etobicoke York,RENFORTH DR,SILVER DART DR, ,Major Arterial,Intersection,Intersection Related,Traffic Signal,Clear,Daylight,Dry,Non-Fatal Injury,Angle,Driver,75 to 79,Major,0,North,"Automobile, Station Wagon",Going Ahead,Driving Properly,Inattentive, , , , , , ,0,0,1,0,0,0,0,1,1,1,1,0,0,0
5001263243,2015,7,24,15,18,4,43.67641791,-79.59322748,Etobicoke North (2),2,West Humber-Clairville (1),1,D23,Etobicoke York,RENFORTH DR,SILVER DART DR, ,Major Arterial,Intersection,Intersection Related,Traffic Signal,Clear,Daylight,Dry,Non-Fatal Injury,Angle,Driver,45 to 49,,0,South,"Automobile, Station Wagon",Slowing or Stopping,Driving Properly,Normal, , , , , , ,0,0,1,0,0,0,0,1,1,1,1,0,0,0
5001263243,2015,7,24,15,18,4,43.67641791,-79.59322748,Etobicoke North (2),2,West Humber-Clairville (1),1,D23,Etobicoke York,RENFORTH DR,SILVER DART DR, ,Major Arterial,Intersection,Intersection Related,Traffic Signal,Clear,Daylight,Dry,Non-Fatal Injury,Angle,Passenger,70 to 74,Major,0, , , , , , , , , , , ,0,0,1,0,0,0,0,1,1,1,1,0,0,0
1239488,2011,4,22,15,19,4,43.68524538,-79.31469029,Beaches-East York (32),32,Woodbine Corridor (64),64,D55,Toronto East York,DANFORTH AVE,WOODMOUNT AVE, ,Major Arterial,Mid-Block, ,No Control,Clear,Daylight,Dry,Non-Fatal Injury,Sideswipe,Motorcycle Driver,20 to 24,Major,0,West,Motorcycle,Going Ahead,Driving Properly,Normal, , , , , , ,0,0,1,1,0,0,0,0,0,0,0,0,0,0
1239488,2011,4,22,15,19,4,43.68524538,-79.31469029,Beaches-East York (32),32,Woodbine Corridor (64),64,D55,Toronto East York,DANFORTH AVE,WOODMOUNT AVE, ,Major Arterial,Mid-Block, ,No Control,Clear,Daylight,Dry,Non-Fatal Injury,Sideswipe,Driver,65 to 69,,0,West,"Automobile, Station Wagon",Parked,Driving Properly,Normal, , , , , , ,0,0,1,1,0,0,0,0,0,0,0,0,0,0
1239488,2011,4,22,15,19,4,43.68524538,-79.31469029,Beaches-East York (32),32,Woodbine Corridor (64),64,D55,Toronto East York,DANFORTH AVE,WOODMOUNT AVE, ,Major Arterial,Mid-Block, ,No Control,Clear,Daylight,Dry,Non-Fatal Injury,Sideswipe,Vehicle Owner,unknown, ,0, ,Other, , , , , , , , , ,0,0,1,1,0,0,0,0,0,0,0,0,0,0
1239488,2011,4,22,15,19,4,43.68524538,-79.31469029,Beaches-East York (32),32,Woodbine Corridor (64),64,D55,Toronto East York,DANFORTH AVE,WOODMOUNT AVE, ,Major Arterial,Mid-Block, ,No Control,Clear,Daylight,Dry,Non-Fatal Injury,Sideswipe,Driver,15 to 19,,0,West,"Automobile, Station Wagon",Changing Lanes,Improper Lane Change,Inattentive, , , , , , ,0,0,1,1,0,0,0,0,0,0,0,0,0,0
1367518,2013,7,22,15,19,0,43.62624538,-79.52879029,Etobicoke-Lakeshore (5),5,Islington-City Centre West (14),14,D22,Etobicoke York,KIPLING AVE,JUTLAND RD, ,Major Arterial,Intersection,At Intersection,Stop Sign,Clear,Daylight,Dry,Fatal,Turning Movement,Motorcycle Driver,20 to 24,Fatal,23,North,Motorcycle,Going Ahead,Driving Properly,Normal, , , , , , ,0,0,1,1,0,0,0,0,0,1,0,0,0,1
1367518,2013,7,22,15,19,0,43.62624538,-79.52879029,Etobicoke-Lakeshore (5),5,Islington-City Centre West (14),14,D22,Etobicoke York,KIPLING AVE,JUTLAND RD, ,Major Arterial,Intersection,At Intersection,Stop Sign,Clear,Daylight,Dry,Fatal,Turning Movement,Driver,45 to 49,,0,West,"Automobile, Station Wagon",Turning Left,Failed to Yield Right of Way,Normal, , , , , , ,0,0,1,1,0,0,0,0,0,1,0,0,0,1
958325,2007,2,6,15,20,1,43.79804538,-79.33359029,Scarborough-Agincourt (39),39,L'Amoreaux (117),117,D42,Scarborough,VICTORIA PARK AVE,MORECAMBE GT, ,Major Arterial,Intersection, ,Traffic Signal,Clear,Daylight,Dry,Non-Fatal Injury,Pedestrian Collisions,Vehicle Owner,unknown,,0, ,Other, , , , , , , , , ,1,0,1,0,0,0,0,0,0,1,0,0,0,0
958325,2007,2,6,15,20,1,43.79804538,-79.33359029,Scarborough-Agincourt (39),39,L'Amoreaux (117),117,D42,Scarborough,VICTORIA PARK AVE,MORECAMBE GT, ,Major Arterial,Intersection, ,Traffic Signal,Clear,Daylight,Dry,Non-Fatal Injury,Pedestrian Collisions,Driver,35 to 39,,0,West,"Automobile, Station Wagon",Turning Left,Failed to Yield Right of Way,Normal, , , , , , ,1,0,1,0,0,0,0,0,0,1,0,0,0,0
958325,2007,2,6,15,20,1,43.79804538,-79.33359029,Scarborough-Agincourt (39),39,L'Amoreaux (117),117,D42,Scarborough,VICTORIA PARK AVE,MORECAMBE GT, ,Major Arterial,Intersection, ,Traffic Signal,Clear,Daylight,Dry,Non-Fatal Injury,Pedestrian Collisions,Pedestrian,65 to 69,Major,0,West,Other, , , ,Vehicle turns left while ped crosses with ROW at inter.,Crossing with right of way,Normal, , , ,1,0,1,0,0,0,0,0,0,1,0,0,0,0
971246,2007,4,29,15,20,6,43.68234538,-79.32829029,Toronto-Danforth (30),30,Greenwood-Coxwell (65),65,D55,Toronto East York,DANFORTH AVE,GILLARD AVE, ,Major Arterial,Intersection, ,Traffic Signal,Clear,Daylight,Dry,Non-Fatal Injury,Rear End,Driver,45 to 49,,0,West,"Automobile, Station Wagon",Stopped,Driving Properly,Normal, , , , , , ,0,0,1,1,0,0,0,0,0,1,0,0,0,0
971246,2007,4,29,15,20,6,43.68234538,-79.32829029,Toronto-Danforth (30),30,Greenwood-Coxwell (65),65,D55,Toronto East York,DANFORTH AVE,GILLARD AVE, ,Major Arterial,Intersection, ,Traffic Signal,Clear,Daylight,Dry,Non-Fatal Injury,Rear End,Motorcycle Driver,45 to 49,Major,0,West,Motorcycle,Going Ahead,Following too Close,Normal, , , , , , ,0,0,1,1,0,0,0,0,0,1,0,0,0,0
1020755,2008,2,3,15,20,6,43.76234538,-79.27989029,Scarborough Centre (37),37,Dorset Park (126),126,D41,Scarborough,KENNEDY RD,BRIGSTOCK RD, ,Major Arterial,Mid-Block, ,No Control,Clear,Daylight,Wet,Non-Fatal Injury,Approaching,Vehicle Owner,unknown, ,0, ,Other, , , , , , , , , ,0,0,1,0,0,0,0,1,1,1,0,0,0,0
1020755,2008,2,3,15,20,6,43.76234538,-79.27989029,Scarborough Centre (37),37,Dorset Park (126),126,D41,Scarborough,KENNEDY RD,BRIGSTOCK RD, ,Major Arterial,Mid-Block, ,No Control,Clear,Daylight,Wet,Non-Fatal Injury,Approaching,Driver,50 to 54,Major,0,South,"Automobile, Station Wagon",Going Ahead,Driving Properly,Normal, , , , , , ,0,0,1,0,0,0,0,1,1,1,0,0,0,0
1020755,2008,2,3,15,20,6,43.76234538,-79.27989029,Scarborough Centre (37),37,Dorset Park (126),126,D41,Scarborough,KENNEDY RD,BRIGSTOCK RD, ,Major Arterial,Mid-Block, ,No Control,Clear,Daylight,Wet,Non-Fatal Injury,Approaching,Passenger,20 to 24,Minimal,0, ,Other, , , , , , , , , ,0,0,1,0,0,0,0,1,1,1,0,0,0,0
1020755,2008,2,3,15,20,6,43.76234538,-79.27989029,Scarborough Centre (37),37,Dorset Park (126),126,D41,Scarborough,KENNEDY RD,BRIGSTOCK RD, ,Major Arterial,Mid-Block, ,No Control,Clear,Daylight,Wet,Non-Fatal Injury,Approaching,Passenger,20 to 24,Minimal,0, ,Other, , , , , , , , , ,0,0,1,0,0,0,0,1,1,1,0,0,0,0
1020755,2008,2,3,15,20,6,43.76234538,-79.27989029,Scarborough Centre (37),37,Dorset Park (126),126,D41,Scarborough,KENNEDY RD,BRIGSTOCK RD, ,Major Arterial,Mid-Block, ,No Control,Clear,Daylight,Wet,Non-Fatal Injury,Approaching,Vehicle Owner,unknown, ,0, ,Other, , , , , , , , , ,0,0,1,0,0,0,0,1,1,1,0,0,0,0
1020755,2008,2,3,15,20,6,43.76234538,-79.27989029,Scarborough Centre (37),37,Dorset Park (126),126,D41,Scarborough,KENNEDY RD,BRIGSTOCK RD, ,Major Arterial,Mid-Block, ,No Control,Clear,Daylight,Wet,Non-Fatal Injury,Approaching,Driver,20 to 24,,0,North,"Automobile, Station Wagon",Going Ahead,Speed too Fast For Condition,Normal, , , , , , ,0,0,1,0,0,0,0,1,1,1,0,0,0,0
1069392,2008,10,21,15,20,1,43.64644538,-79.50729029,Etobicoke-Lakeshore (5),5,Stonegate-Queensway (16),16,D22,Etobicoke York,GRENVIEW BLVD S,MEADOWVALE DR, ,Local,Intersection, ,No Control,Clear,Daylight,Dry,Non-Fatal Injury,Pedestrian Collisions,Vehicle Owner,unknown, ,0, ,Other, , , , , , , , , ,1,0,0,0,1,0,0,0,0,1,0,0,0,0
1069392,2008,10,21,15,20,1,43.64644538,-79.50729029,Etobicoke-Lakeshore (5),5,Stonegate-Queensway (16),16,D22,Etobicoke York,GRENVIEW BLVD S,MEADOWVALE DR, ,Local,Intersection, ,No Control,Clear,Daylight,Dry,Non-Fatal Injury,Pedestrian Collisions,Truck Driver,35 to 39,,0,South,Truck - Open,Going Ahead,Failed to Yield Right of Way,Normal, , , , , , ,1,0,0,0,1,0,0,0,0,1,0,0,0,0
1069392,2008,10,21,15,20,1,43.64644538,-79.50729029,Etobicoke-Lakeshore (5),5,Stonegate-Queensway (16),16,D22,Etobicoke York,GRENVIEW BLVD S,MEADOWVALE DR, ,Local,Intersection, ,No Control,Clear,Daylight,Dry,Non-Fatal Injury,Pedestrian Collisions,Pedestrian,60 to 64,Major,0,South,Other, , , ,Pedestrian hit on sidewalk or shoulder,On Sidewalk or Shoulder,Normal, , , ,1,0,0,0,1,0,0,0,0,1,0,0,0,0
1125601,2009,9,17,15,20,3,43.77954538,-79.23299029,Scarborough Centre (38),38,Woburn (137),137,D43,Scarborough,MARKHAM Road,TUXEDO Cour, ,Major Arterial,Intersection, ,Traffic Signal,Clear,Daylight,Dry,Non-Fatal Injury,Pedestrian Collisions,Driver,35 to 39,,0,South,"Automobile, Station Wagon",Going Ahead,Driving Properly,Normal, , , , , , ,1,0,1,0,0,0,0,0,0,0,0,0,0,0
1125601,2009,9,17,15,20,3,43.77954538,-79.23299029,Scarborough Centre (38),38,Woburn (137),137,D43,Scarborough,MARKHAM Road,TUXEDO Cour, ,Major Arterial,Intersection, ,Traffic Signal,Clear,Daylight,Dry,Non-Fatal Injury,Pedestrian Collisions,Pedestrian,75 to 79,Major,0,West,Other, , , ,Vehicle is going straight thru inter.while ped cross without ROW,Crossing without right of way,Normal, , , ,1,0,1,0,0,0,0,0,0,0,0,0,0,0
1133576,2009,10,4,15,20,6,43.69729193,-79.44278345,Eglinton-Lawrence (15),15,Oakwood Village (107),107,D13,North York,OAKWOOD AVE,EGLINTON AVE W, ,Minor Arterial,Intersection, ,Traffic Signal,Clear,Daylight,Wet,Non-Fatal Injury,Turning Movement,Driver,50 to 54,,0,West,"Automobile, Station Wagon",Turning Left,Lost control,Inattentive, , , , , , ,0,0,1,0,0,0,0,1,0,0,0,0,0,0
1133576,2009,10,4,15,20,6,43.69729193,-79.44278345,Eglinton-Lawrence (15),15,Oakwood Village (107),107,D13,North York,OAKWOOD AVE,EGLINTON AVE W, ,Minor Arterial,Intersection, ,Traffic Signal,Clear,Daylight,Wet,Non-Fatal Injury,Turning Movement,Passenger,25 to 29,Major,0, ,Other, , , , , , , , , ,0,0,1,0,0,0,0,1,0,0,0,0,0,0
1133576,2009,10,4,15,20,6,43.69729193,-79.44278345,Eglinton-Lawrence (15),15,Oakwood Village (107),107,D13,North York,OAKWOOD AVE,EGLINTON AVE W, ,Minor Arterial,Intersection, ,Traffic Signal,Clear,Daylight,Wet,Non-Fatal Injury,Turning Movement,Driver,35 to 39,Minimal,0,North,"Automobile, Station Wagon",Going Ahead,Driving Properly,Normal, , , , , , ,0,0,1,0,0,0,0,1,0,0,0,0,0,0
1155324,2010,1,22,15,20,4,43.77944538,-79.15099029,Scarborough East (44),44,Centennial Scarborough (133),133,D43,Scarborough,BATHGATE DR,FEAGAN DR, ,Local,Intersection, ,Stop Sign,Clear,Daylight,Dry,Non-Fatal Injury,SMV Other,Driver,75 to 79,Major,0,West,"Automobile, Station Wagon",Going Ahead,Lost control,Inattentive, , , , , , ,0,0,1,0,0,0,0,0,0,0,0,0,0,0
1155324,2010,1,22,15,20,4,43.77944538,-79.15099029,Scarborough East (44),44,Centennial Scarborough (133),133,D43,Scarborough,BATHGATE DR,FEAGAN DR, ,Local,Intersection, ,Stop Sign,Clear,Daylight,Dry,Non-Fatal Injury,SMV Other,Other Property Owner,unknown, ,0, ,Other, , , , , , , , , ,0,0,1,0,0,0,0,0,0,0,0,0,0,0
1224559,2011,3,24,15,20,3,43.69984538,-79.51539029,York South-Weston (11),11,Weston (113),113,D12,Etobicoke York,WESTON RD,BELLEVUE Cres, ,Minor Arterial,Intersection,At Intersection,No Control,Clear,Daylight,Dry,Non-Fatal Injury,Pedestrian Collisions,Driver,40 to 44,Major,0,South,"Automobile, Station Wagon",Pulling Onto Shoulder or towardCurb,Lost control,Medical or Physical Disability, , , , , , ,1,0,1,0,0,0,0,0,0,0,0,0,1,0
1224559,2011,3,24,15,20,3,43.69984538,-79.51539029,York South-Weston (11),11,Weston (113),113,D12,Etobicoke York,WESTON RD,BELLEVUE Cres, ,Minor Arterial,Intersection,At Intersection,No Control,Clear,Daylight,Dry,Non-Fatal Injury,Pedestrian Collisions,Other Property Owner,unknown, ,0, ,Other, , , , , , , , , ,1,0,1,0,0,0,0,0,0,0,0,0,1,0
1224559,2011,3,24,15,20,3,43.69984538,-79.51539029,York South-Weston (11),11,Weston (113),113,D12,Etobicoke York,WESTON RD,BELLEVUE Cres, ,Minor Arterial,Intersection,At Intersection,No Control,Clear,Daylight,Dry,Non-Fatal Injury,Pedestrian Collisions,Pedestrian,30 to 34,Major,0,North,Other, , , ,Pedestrian hit on sidewalk or shoulder,On Sidewalk or Shoulder,Normal, , , ,1,0,1,0,0,0,0,0,0,0,0,0,1,0
1296063,2012,4,2,15,20,0,43.72154538,-79.28499029,Scarborough Southwest (35),35,Clairlea-Birchmount (120),120,D41,Scarborough,COMSTOCK Rd,WARDEN Ave, ,Major Arterial,Intersection,At Intersection,Traffic Signal,Clear,Daylight,Dry,Non-Fatal Injury,Turning Movement,Vehicle Owner,unknown, ,0, ,Other, , , , , , , , , ,0,0,1,1,0,0,0,0,0,1,0,0,0,0
1296063,2012,4,2,15,20,0,43.72154538,-79.28499029,Scarborough Southwest (35),35,Clairlea-Birchmount (120),120,D41,Scarborough,COMSTOCK Rd,WARDEN Ave, ,Major Arterial,Intersection,At Intersection,Traffic Signal,Clear,Daylight,Dry,Non-Fatal Injury,Turning Movement,Driver,45 to 49,,0,West,"Automobile, Station Wagon",Turning Left,Failed to Yield Right of Way,Normal, , , , , , ,0,0,1,1,0,0,0,0,0,1,0,0,0,0
1296063,2012,4,2,15,20,0,43.72154538,-79.28499029,Scarborough Southwest (35),35,Clairlea-Birchmount (120),120,D41,Scarborough,COMSTOCK Rd,WARDEN Ave, ,Major Arterial,Intersection,At Intersection,Traffic Signal,Clear,Daylight,Dry,Non-Fatal Injury,Turning Movement,Vehicle Owner,unknown, ,0, ,Other, , , , , , , , , ,0,0,1,1,0,0,0,0,0,1,0,0,0,0
1296063,2012,4,2,15,20,0,43.72154538,-79.28499029,Scarborough Southwest (35),35,Clairlea-Birchmount (120),120,D41,Scarborough,COMSTOCK Rd,WARDEN Ave, ,Major Arterial,Intersection,At Intersection,Traffic Signal,Clear,Daylight,Dry,Non-Fatal Injury,Turning Movement,Motorcycle Driver,25 to 29,Major,0,East,Motorcycle,Going Ahead,Driving Properly,Normal, , , , , , ,0,0,1,1,0,0,0,0,0,1,0,0,0,0
1298038,2012,6,8,15,20,4,43.73684538,-79.34499029,Don Valley West (25),25,Banbury-Don Mills (42),42,D33,North York,LAWRENCE AVE E,KARL FRASER  RD, ,Major Arterial,Intersection, ,No Control,Clear,Daylight,Dry,Fatal,Turning Movement,Driver,35 to 39,,0,West,"Automobile, Station Wagon",Turning Left,Failed to Yield Right of Way,Normal, , , , , , ,0,0,1,1,0,0,0,0,0,1,0,0,0,1
1298038,2012,6,8,15,20,4,43.73684538,-79.34499029,Don Valley West (25),25,Banbury-Don Mills (42),42,D33,North York,LAWRENCE AVE E,KARL FRASER  RD, ,Major Arterial,Intersection, ,No Control,Clear,Daylight,Dry,Fatal,Turning Movement,Motorcycle Driver,40 to 44,Fatal,17,East,Motorcycle,Going Ahead,Driving Properly,Normal, , , , , , ,0,0,1,1,0,0,0,0,0,1,0,0,0,1
4001994857,2014,5,1,15,20,3,43.75901373,-79.31019221,Scarborough Centre (37),37,Wexford/Maryvale (119),119,D41,Scarborough,ELLESMERE RD,PHARMACY AVE, ,Major Arterial,Intersection,At Intersection,Traffic Signal,Clear,Daylight,Dry,Non-Fatal Injury,Other,Driver,60 to 64,,0,West,Municipal Transit Bus (TTC),Pulling Away from Shoulder or Curb,Driving Properly,Normal, , , , , , ,0,0,0,0,0,1,0,1,0,0,0,0,0,0
4001994857,2014,5,1,15,20,3,43.75901373,-79.31019221,Scarborough Centre (37),37,Wexford/Maryvale (119),119,D41,Scarborough,ELLESMERE RD,PHARMACY AVE, ,Major Arterial,Intersection,At Intersection,Traffic Signal,Clear,Daylight,Dry,Non-Fatal Injury,Other,Passenger,80 to 84,Major,0, , , , , , , , , , , ,0,0,0,0,0,1,0,1,0,0,0,0,0,0
5001652684,2015,9,24,15,20,3,43.64659079,-79.38303004,Toronto Centre-Rosedale (28),28,Bay Street Corridor (76),76,D52,Toronto East York,WELLINGTON ST W,YORK ST,3 m East of,Minor Arterial,Intersection,Non Intersection,Traffic Signal,Clear,Daylight,Dry,Non-Fatal Injury,Cyclist Collisions,Driver,55 to 59,,0,West,"Automobile, Station Wagon",Going Ahead,Improper Passing,Inattentive, , , , , , ,0,1,1,0,0,0,0,0,0,1,0,0,0,0
5001652684,2015,9,24,15,20,3,43.64659079,-79.38303004,Toronto Centre-Rosedale (28),28,Bay Street Corridor (76),76,D52,Toronto East York,WELLINGTON ST W,YORK ST,3 m East of,Minor Arterial,Intersection,Non Intersection,Traffic Signal,Clear,Daylight,Dry,Non-Fatal Injury,Cyclist Collisions,Cyclist,35 to 39,Major,0,West,Bicycle,Going Ahead, , , , , ,Cyclist and Driver travelling in same direction. One vehicle sideswipes the other.,Driving Properly,Normal,0,1,1,0,0,0,0,0,0,1,0,0,0,0
5001684106,2015,9,29,15,20,1,43.78390082,-79.23189936,Scarborough Centre (38),38,Woburn (137),137,D43,Scarborough,939 PROGRESS AVE, ,4 m North of,Minor Arterial,Intersection,At Intersection,Traffic Signal,Rain,Daylight,Wet,Non-Fatal Injury,Cyclist Collisions,Driver,35 to 39,,0,South,"Automobile, Station Wagon",Turning Left,Failed to Yield Right of Way,Inattentive, , , , , , ,0,1,1,0,0,0,0,0,0,1,0,0,0,0
5001684106,2015,9,29,15,20,1,43.78390082,-79.23189936,Scarborough Centre (38),38,Woburn (137),137,D43,Scarborough,939 PROGRESS AVE, ,4 m North of,Minor Arterial,Intersection,At Intersection,Traffic Signal,Rain,Daylight,Wet,Non-Fatal Injury,Cyclist Collisions,Cyclist,15 to 19,Major,0,North,Bicycle,Going Ahead, , , , , ,Motorist turned left across cyclists path.,Driving Properly,Normal,0,1,1,0,0,0,0,0,0,1,0,0,0,0
6000019763,2016,1,4,15,20,0,43.76279028,-79.32870112,Don Valley East (34),34,Parkwoods-Donalda (45),45,D33,North York,FENSIDE DR,VERSEND DR, ,Local,Intersection,At Intersection,Stop Sign,Clear,Daylight,Dry,Non-Fatal Injury,Angle,Driver,50 to 54,,0,East,"Automobile, Station Wagon",Going Ahead,Disobeyed Traffic Control,Normal, , , , , , ,0,0,1,0,0,0,0,1,0,1,0,0,0,0
6000019763,2016,1,4,15,20,0,43.76279028,-79.32870112,Don Valley East (34),34,Parkwoods-Donalda (45),45,D33,North York,FENSIDE DR,VERSEND DR, ,Local,Intersection,At Intersection,Stop Sign,Clear,Daylight,Dry,Non-Fatal Injury,Angle,Driver,35 to 39,,0,South,School Bus,Going Ahead,Driving Properly,Normal, , , , , , ,0,0,1,0,0,0,0,1,0,1,0,0,0,0
6000019763,2016,1,4,15,20,0,43.76279028,-79.32870112,Don Valley East (34),34,Parkwoods-Donalda (45),45,D33,North York,FENSIDE DR,VERSEND DR, ,Local,Intersection,At Intersection,Stop Sign,Clear,Daylight,Dry,Non-Fatal Injury,Angle,Passenger,20 to 24,,0, , , , , , , , , , , ,0,0,1,0,0,0,0,1,0,1,0,0,0,0
6000019763,2016,1,4,15,20,0,43.76279028,-79.32870112,Don Valley East (34),34,Parkwoods-Donalda (45),45,D33,North York,FENSIDE DR,VERSEND DR, ,Local,Intersection,At Intersection,Stop Sign,Clear,Daylight,Dry,Non-Fatal Injury,Angle,Passenger,10 to 14,,0, , , , , , , , , , , ,0,0,1,0,0,0,0,1,0,1,0,0,0,0
6000019763,2016,1,4,15,20,0,43.76279028,-79.32870112,Don Valley East (34),34,Parkwoods-Donalda (45),45,D33,North York,FENSIDE DR,VERSEND DR, ,Local,Intersection,At Intersection,Stop Sign,Clear,Daylight,Dry,Non-Fatal Injury,Angle,Passenger,10 to 14,Major,0, , , , , , , , , , , ,0,0,1,0,0,0,0,1,0,1,0,0,0,0
951917,2007,2,7,15,21,2,43.68564538,-79.52069029,Etobicoke Centre (4),4,Humber Heights-Westmount (8),8,D23,Etobicoke York,114 LA ROSE AVE, , ,Collector,Mid-Block, ,No Control,Clear,Daylight,Dry,Non-Fatal Injury,Pedestrian Collisions,Pedestrian,85 to 89,Major,0,East,Other, , , ,Vehicle is reversing and hits pedestrian,"Crossing, no Traffic Control",Normal, , , ,1,0,1,0,0,0,0,0,0,0,0,0,0,0
951917,2007,2,7,15,21,2,43.68564538,-79.52069029,Etobicoke Centre (4),4,Humber Heights-Westmount (8),8,D23,Etobicoke York,114 LA ROSE AVE, , ,Collector,Mid-Block, ,No Control,Clear,Daylight,Dry,Non-Fatal Injury,Pedestrian Collisions,Driver,75 to 79,,0,North,"Automobile, Station Wagon",Reversing,Other,Normal, , , , , , ,1,0,1,0,0,0,0,0,0,0,0,0,0,0
1172619,2010,5,11,15,21,1,43.67784538,-79.35459029,Toronto-Danforth (29),29,Playter Estates-Danforth (67),67,D54,Toronto East York,18 HURNDALE AVE, , ,Local,Mid-Block, ,No Control,Clear,Daylight,Dry,Non-Fatal Injury,Cyclist Collisions,Vehicle Owner,unknown, ,0, ,Other, , , , , , , , , ,0,1,1,0,0,0,0,0,0,0,0,0,0,0
1172619,2010,5,11,15,21,1,43.67784538,-79.35459029,Toronto-Danforth (29),29,Playter Estates-Danforth (67),67,D54,Toronto East York,18 HURNDALE AVE, , ,Local,Mid-Block, ,No Control,Clear,Daylight,Dry,Non-Fatal Injury,Cyclist Collisions,Driver,40 to 44,,0,East,"Automobile, Station Wagon",Parked,Other,Inattentive, , , , , , ,0,1,1,0,0,0,0,0,0,0,0,0,0,0
1172619,2010,5,11,15,21,1,43.67784538,-79.35459029,Toronto-Danforth (29),29,Playter Estates-Danforth (67),67,D54,Toronto East York,18 HURNDALE AVE, , ,Local,Mid-Block, ,No Control,Clear,Daylight,Dry,Non-Fatal Injury,Cyclist Collisions,Cyclist,35 to 39,Major,0,East,Bicycle,Going Ahead, , , , , ,Cyclist struck opened vehicle door,Driving Properly,Unknown,0,1,1,0,0,0,0,0,0,0,0,0,0,0
1306826,2012,6,19,15,21,1,43.70284538,-79.50379029,York South-Weston (12),12,Brookhaven-Amesbury (30),30,D12,Etobicoke York,JANE ST,LAWRENCE AVE W, ,Major Arterial,Intersection,At Intersection,Traffic Signal,Clear,Daylight,Dry,Non-Fatal Injury,Pedestrian Collisions,Driver,55 to 59,,0,West,"Automobile, Station Wagon",Turning Left,Failed to Yield Right of Way,Inattentive, , , , , , ,1,0,1,0,0,0,0,0,0,1,0,0,0,0
1306826,2012,6,19,15,21,1,43.70284538,-79.50379029,York South-Weston (12),12,Brookhaven-Amesbury (30),30,D12,Etobicoke York,JANE ST,LAWRENCE AVE W, ,Major Arterial,Intersection,At Intersection,Traffic Signal,Clear,Daylight,Dry,Non-Fatal Injury,Pedestrian Collisions,Pedestrian,50 to 54,Major,0,East,Other, , , ,Vehicle turns left while ped crosses with ROW at inter.,Crossing with right of way,Normal, , , ,1,0,1,0,0,0,0,0,0,1,0,0,0,0
131031283,2013,11,24,15,21,6,43.79696615,-79.42474757,Willowdale (23),23,Newtonbrook West (36),36,D32,North York,100 STEELES AVE W, , ,Major Arterial,Intersection, ,Traffic Signal,Clear,"Dark, artificial",Dry,Fatal,Pedestrian Collisions,Driver,30 to 34,,0,South,Delivery Van,Turning Right,Improper Passing,Inattentive, , , , , , ,1,0,1,0,0,0,0,0,0,1,0,0,0,1
131031283,2013,11,24,15,21,6,43.79696615,-79.42474757,Willowdale (23),23,Newtonbrook West (36),36,D32,North York,100 STEELES AVE W, , ,Major Arterial,Intersection, ,Traffic Signal,Clear,"Dark, artificial",Dry,Fatal,Pedestrian Collisions,Pedestrian,40 to 44,Fatal,56,South, , , , ,Vehicle turns right while ped crosses with ROW at inter.,Crossing with right of way,Normal, , , ,1,0,1,0,0,0,0,0,0,1,0,0,0,1
1027159,2008,3,10,15,22,0,43.74674538,-79.20449029,Scarborough East (43),43,Guildwood (140),140,D43,Scarborough,GUILDWOOD PKWY,PRINCE PHILIP BLVD, ,Minor Arterial,Mid-Block, ,No Control,Clear,Daylight,Dry,Non-Fatal Injury,Approaching,Driver,70 to 74,Major,0,South,"Automobile, Station Wagon",Going Ahead,Lost control,Unknown, , , , , , ,0,0,1,0,0,0,0,0,0,0,0,0,0,0
1027159,2008,3,10,15,22,0,43.74674538,-79.20449029,Scarborough East (43),43,Guildwood (140),140,D43,Scarborough,GUILDWOOD PKWY,PRINCE PHILIP BLVD, ,Minor Arterial,Mid-Block, ,No Control,Clear,Daylight,Dry,Non-Fatal Injury,Approaching,Driver,40 to 44,,0,North,"Automobile, Station Wagon",Going Ahead,Driving Properly,Normal, , , , , , ,0,0,1,0,0,0,0,0,0,0,0,0,0,0
1155029,2010,2,10,15,22,2,43.67054538,-79.45449029,Davenport (17),17,Weston-Pellam Park (91),91,D11,Etobicoke York,DAVENPORT RD,PERTH AVE, ,Minor Arterial,Intersection, ,No Control,Clear,Daylight,Dry,Non-Fatal Injury,Sideswipe,Passenger,90 to 94,Major,0, ,Other, , , , , , , , , ,0,0,1,0,0,0,0,1,0,1,0,0,0,0