ACCNUM,YEAR,MONTH,DAY,HOUR,MINUTES,WEEKDAY,LATITUDE,LONGITUDE,Ward_Name,Ward_ID,Hood_Name,Hood_ID,Division,District,STREET1,STREET2,OFFSET,ROAD_CLASS,LOCCOORD,ACCLOC,TRAFFCTL,VISIBILITY,LIGHT,RDSFCOND,ACCLASS,IMPACTYPE,INVTYPE,INVAGE,INJURY,FATAL_NO,INITDIR,VEHTYPE,MANOEUVER,DRIVACT,DRIVCOND,PEDTYPE,PEDACT,PEDCOND,CYCLISTYPE,CYCACT,CYCCOND,PEDESTRIAN,CYCLIST,AUTOMOBILE,MOTORCYCLE,TRUCK,TRSN_CITY_VEH,EMERG_VEH,PASSENGER,SPEEDING,AG_DRIV,REDLIGHT,ALCOHOL,DISABILITY,label
1155029,2010,2,10,15,22,2,43.67054538,-79.45449029,Davenport (17),17,Weston-Pellam Park (91),91,D11,Etobicoke York,DAVENPORT RD,PERTH AVE, ,Minor Arterial,Intersection, ,No Control,Clear,Daylight,Dry,Non-Fatal Injury,Sideswipe,Vehicle Owner,unknown, ,0, ,Other, , , , , , , , , ,0,0,1,0,0,0,0,1,0,1,0,0,0,0
1155029,2010,2,10,15,22,2,43.67054538,-79.45449029,Davenport (17),17,Weston-Pellam Park (91),91,D11,Etobicoke York,DAVENPORT RD,PERTH AVE, ,Minor Arterial,Intersection, ,No Control,Clear,Daylight,Dry,Non-Fatal Injury,Sideswipe,Driver,55 to 59,,0,West,"Automobile, Station Wagon",Pulling Away from Shoulder or Curb,Failed to Yield Right of Way,Inattentive, , , , , , ,0,0,1,0,0,0,0,1,0,1,0,0,0,0
1155029,2010,2,10,15,22,2,43.67054538,-79.45449029,Davenport (17),17,Weston-Pellam Park (91),91,D11,Etobicoke York,DAVENPORT RD,PERTH AVE, ,Minor Arterial,Intersection, ,No Control,Clear,Daylight,Dry,Non-Fatal Injury,Sideswipe,Driver,75 to 79,,0,West,Other,Going Ahead,Driving Properly,Normal, , , , , , ,0,0,1,0,0,0,0,1,0,1,0,0,0,0
1322204,2012,10,25,15,22,3,43.68054541,-79.43108759,St. Paul's (21),21,Wychwood (94),94,D13,Toronto East York,ST CLAIR AVE W,HENDRICK AVE, ,Major Arterial,Intersection, ,No Control,Clear,Daylight,Dry,Non-Fatal Injury,Pedestrian Collisions,Driver,40 to 44,,0,West,Municipal Transit Bus (TTC),Going Ahead,Driving Properly,Normal, , , , , , ,1,0,0,0,0,1,0,0,0,0,0,0,0,0
1322204,2012,10,25,15,22,3,43.68054541,-79.43108759,St. Paul's (21),21,Wychwood (94),94,D13,Toronto East York,ST CLAIR AVE W,HENDRICK AVE, ,Major Arterial,Intersection, ,No Control,Clear,Daylight,Dry,Non-Fatal Injury,Pedestrian Collisions,Pedestrian,30 to 34,Major,0,South,Other, , , ,Pedestrian involved in a collision with transit vehicle anywhere along roadway,"Crossing, no Traffic Control",Unknown, , , ,1,0,0,0,0,1,0,0,0,0,0,0,0,0
1315616,2012,8,9,15,23,3,43.70944538,-79.26099029,Scarborough Southwest (35),35,Clairlea-Birchmount (120),120,D41,Scarborough,285 RALEIGH AVE, , ,Collector,Mid-Block, ,No Control,Rain,Daylight,Wet,Non-Fatal Injury,Pedestrian Collisions,Pedestrian,50 to 54,Major,0,Unknown,Other, , , ,Vehicle is reversing and hits pedestrian,Other,Normal, , , ,1,0,1,0,0,0,0,0,0,0,0,0,0,0
1315616,2012,8,9,15,23,3,43.70944538,-79.26099029,Scarborough Southwest (35),35,Clairlea-Birchmount (120),120,D41,Scarborough,285 RALEIGH AVE, , ,Collector,Mid-Block, ,No Control,Rain,Daylight,Wet,Non-Fatal Injury,Pedestrian Collisions,Vehicle Owner,unknown, ,0, ,Other, , , , , , , , , ,1,0,1,0,0,0,0,0,0,0,0,0,0,0
1315616,2012,8,9,15,23,3,43.70944538,-79.26099029,Scarborough Southwest (35),35,Clairlea-Birchmount (120),120,D41,Scarborough,285 RALEIGH AVE, , ,Collector,Mid-Block, ,No Control,Rain,Daylight,Wet,Non-Fatal Injury,Pedestrian Collisions,Driver,45 to 49,,0,East,"Automobile, Station Wagon",Stopped,Other,Normal, , , , , , ,1,0,1,0,0,0,0,0,0,0,0,0,0,0
1315616,2012,8,9,15,23,3,43.70944538,-79.26099029,Scarborough Southwest (35),35,Clairlea-Birchmount (120),120,D41,Scarborough,285 RALEIGH AVE, , ,Collector,Mid-Block, ,No Control,Rain,Daylight,Wet,Non-Fatal Injury,Pedestrian Collisions,Vehicle Owner,unknown, ,0, ,Other, , , , , , , , , ,1,0,1,0,0,0,0,0,0,0,0,0,0,0
1315616,2012,8,9,15,23,3,43.70944538,-79.26099029,Scarborough Southwest (35),35,Clairlea-Birchmount (120),120,D41,Scarborough,285 RALEIGH AVE, , ,Collector,Mid-Block, ,No Control,Rain,Daylight,Wet,Non-Fatal Injury,Pedestrian Collisions,Driver,25 to 29,,0,South,"Automobile, Station Wagon",Reversing,Other,Normal, , , , , , ,1,0,1,0,0,0,0,0,0,0,0,0,0,0
5001383996,2015,8,12,15,24,2,43.71569021,-79.53189478,York West (7),7,Pelmo Park-Humberlea (23),23,D31,Etobicoke York,WILSON AVE,KELVIN AVE, ,Major Arterial,Intersection,At Intersection,Stop Sign,Clear,Daylight,Dry,Non-Fatal Injury,Cyclist Collisions,Cyclist,15 to 19,Major,0,North,Bicycle,Going Ahead, , , , , ,"Cyclist without ROW rides into path of motorist at inter, lnwy, dwy-Cyclist not turn.",Failed to Yield Right of Way,Inattentive,0,1,1,0,0,0,0,0,0,0,0,0,0,0
5001383996,2015,8,12,15,24,2,43.71569021,-79.53189478,York West (7),7,Pelmo Park-Humberlea (23),23,D31,Etobicoke York,WILSON AVE,KELVIN AVE, ,Major Arterial,Intersection,At Intersection,Stop Sign,Clear,Daylight,Dry,Non-Fatal Injury,Cyclist Collisions,Driver,50 to 54,,0,East,"Automobile, Station Wagon",Going Ahead,Driving Properly,Normal, , , , , , ,0,1,1,0,0,0,0,0,0,0,0,0,0,0
1309317,2012,7,13,14,42,4,43.80554538,-79.38579029,Willowdale (24),24,Bayview Woods-Steeles (49),49,D33,North York,STEELES Aven E,LAURELEAF Road S, ,Major Arterial,Intersection,At Intersection,Traffic Signal,Clear,Daylight,Dry,Non-Fatal Injury,Angle,Driver,30 to 34,Minor,0,North,"Automobile, Station Wagon",Going Ahead,Driving Properly,Normal, , , , , , ,0,0,1,0,0,0,0,0,0,1,1,0,0,0
962798,2007,3,30,14,44,4,43.73484538,-79.44599029,York Centre (10),10,Clanton Park (33),33,D32,North York,WILSON AVE,FAYWOOD BLVD, ,Major Arterial,Mid-Block, ,No Control,Clear,Daylight,Dry,Non-Fatal Injury,Rear End,Vehicle Owner,unknown,,0, ,Other, , , , , , , , , ,0,0,1,0,0,0,0,1,0,0,0,0,1,0
962798,2007,3,30,14,44,4,43.73484538,-79.44599029,York Centre (10),10,Clanton Park (33),33,D32,North York,WILSON AVE,FAYWOOD BLVD, ,Major Arterial,Mid-Block, ,No Control,Clear,Daylight,Dry,Non-Fatal Injury,Rear End,Driver,15 to 19,Minimal,0,East,"Automobile, Station Wagon",Going Ahead,Lost control,Medical or Physical Disability, , , , , , ,0,0,1,0,0,0,0,1,0,0,0,0,1,0
962798,2007,3,30,14,44,4,43.73484538,-79.44599029,York Centre (10),10,Clanton Park (33),33,D32,North York,WILSON AVE,FAYWOOD BLVD, ,Major Arterial,Mid-Block, ,No Control,Clear,Daylight,Dry,Non-Fatal Injury,Rear End,Passenger,25 to 29,Major,0, ,Other, , , , , , , , , ,0,0,1,0,0,0,0,1,0,0,0,0,1,0
962798,2007,3,30,14,44,4,43.73484538,-79.44599029,York Centre (10),10,Clanton Park (33),33,D32,North York,WILSON AVE,FAYWOOD BLVD, ,Major Arterial,Mid-Block, ,No Control,Clear,Daylight,Dry,Non-Fatal Injury,Rear End,Vehicle Owner,unknown,,0, ,Other, , , , , , , , , ,0,0,1,0,0,0,0,1,0,0,0,0,1,0
962798,2007,3,30,14,44,4,43.73484538,-79.44599029,York Centre (10),10,Clanton Park (33),33,D32,North York,WILSON AVE,FAYWOOD BLVD, ,Major Arterial,Mid-Block, ,No Control,Clear,Daylight,Dry,Non-Fatal Injury,Rear End,Driver,50 to 54,Major,0,West,"Automobile, Station Wagon",Slowing or Stopping,Driving Properly,Normal, , , , , , ,0,0,1,0,0,0,0,1,0,0,0,0,1,0
962798,2007,3,30,14,44,4,43.73484538,-79.44599029,York Centre (10),10,Clanton Park (33),33,D32,North York,WILSON AVE,FAYWOOD BLVD, ,Major Arterial,Mid-Block, ,No Control,Clear,Daylight,Dry,Non-Fatal Injury,Rear End,Vehicle Owner,unknown,,0, ,Other, , , , , , , , , ,0,0,1,0,0,0,0,1,0,0,0,0,1,0
962798,2007,3,30,14,44,4,43.73484538,-79.44599029,York Centre (10),10,Clanton Park (33),33,D32,North York,WILSON AVE,FAYWOOD BLVD, ,Major Arterial,Mid-Block, ,No Control,Clear,Daylight,Dry,Non-Fatal Injury,Rear End,Driver,25 to 29,,0,East,"Automobile, Station Wagon",Going Ahead,Driving Properly,Normal, , , , , , ,0,0,1,0,0,0,0,1,0,0,0,0,1,0
1093852,2009,2,12,14,44,3,43.64774538,-79.43069029,Davenport (18),18,Little Portugal (84),84,D14,Toronto East York,DUFFERIN ST,BANK ST, ,Minor Arterial,Intersection, ,No Control,Clear,Daylight,Dry,Non-Fatal Injury,Approaching,Driver,35 to 39,Major,0,North,"Automobile, Station Wagon",Going Ahead,Lost control,Inattentive, , , , , , ,0,0,1,0,0,1,0,0,0,0,0,0,0,0
1093852,2009,2,12,14,44,3,43.64774538,-79.43069029,Davenport (18),18,Little Portugal (84),84,D14,Toronto East York,DUFFERIN ST,BANK ST, ,Minor Arterial,Intersection, ,No Control,Clear,Daylight,Dry,Non-Fatal Injury,Approaching,Vehicle Owner,unknown, ,0, ,Other, , , , , , , , , ,0,0,1,0,0,1,0,0,0,0,0,0,0,0
1093852,2009,2,12,14,44,3,43.64774538,-79.43069029,Davenport (18),18,Little Portugal (84),84,D14,Toronto East York,DUFFERIN ST,BANK ST, ,Minor Arterial,Intersection, ,No Control,Clear,Daylight,Dry,Non-Fatal Injury,Approaching,Driver,45 to 49,,0,South,Municipal Transit Bus (TTC),Going Ahead,Driving Properly,Normal, , , , , , ,0,0,1,0,0,1,0,0,0,0,0,0,0,0
1103828,2009,3,28,14,44,5,43.65114538,-79.44529029,Parkdale-High Park (14),14,Roncesvalles (86),86,D11,Toronto East York,DUNDAS ST W,SORAUREN AVE, ,Minor Arterial,Intersection, ,No Control,Clear,Daylight,Dry,Non-Fatal Injury,Cyclist Collisions,Driver,unknown,,0,West,"Automobile, Station Wagon",Unknown,Failed to Yield Right of Way,Unknown, , , , , , ,0,1,1,0,0,0,0,0,0,1,0,0,0,0
1103828,2009,3,28,14,44,5,43.65114538,-79.44529029,Parkdale-High Park (14),14,Roncesvalles (86),86,D11,Toronto East York,DUNDAS ST W,SORAUREN AVE, ,Minor Arterial,Intersection, ,No Control,Clear,Daylight,Dry,Non-Fatal Injury,Cyclist Collisions,Cyclist,30 to 34,Major,0,West,Bicycle,Going Ahead, , , , , ,Cyclist and Driver travelling in same direction. One vehicle sideswipes the other.,Driving Properly,Normal,0,1,1,0,0,0,0,0,0,1,0,0,0,0
1375838,2013,7,4,14,44,3,43.64386709,-79.36896143,Toronto Centre-Rosedale (28),28,Waterfront Communities-The Island (77),77,D51,Toronto East York,QUEENS QUAY E,LOWER JARVIS ST, ,Minor Arterial,Intersection,At Intersection,Traffic Signal,Clear,Daylight,Dry,Non-Fatal Injury,Cyclist Collisions,Driver,30 to 34,,0,East,"Automobile, Station Wagon",Turning Left,Failed to Yield Right of Way,Normal, , , , , , ,0,1,1,0,0,0,0,0,0,1,0,0,0,0
1375838,2013,7,4,14,44,3,43.64386709,-79.36896143,Toronto Centre-Rosedale (28),28,Waterfront Communities-The Island (77),77,D51,Toronto East York,QUEENS QUAY E,LOWER JARVIS ST, ,Minor Arterial,Intersection,At Intersection,Traffic Signal,Clear,Daylight,Dry,Non-Fatal Injury,Cyclist Collisions,Cyclist,50 to 54,Major,0,West,Bicycle,Going Ahead, , , , , ,Motorist turned left across cyclists path.,Disobeyed Traffic Control,Normal,0,1,1,0,0,0,0,0,0,1,0,0,0,0
7001493534,2017,8,18,14,44,4,43.61696966,-79.55732355,Etobicoke-Lakeshore (5),5,Islington-City Centre West (14),14,D22,Etobicoke York,NORTH QUEEN ST,NOVA RD,80 m North of,Minor Arterial,Mid-Block,At/Near Private Drive,Stop Sign,Clear,Daylight,Dry,Non-Fatal Injury,Turning Movement,Driver,25 to 29,Major,0,West,"Automobile, Station Wagon",Turning Left,Failed to Yield Right of Way,Inattentive, , , , , , ,0,0,1,0,0,0,0,1,0,1,0,0,0,0
7001493534,2017,8,18,14,44,4,43.61696966,-79.55732355,Etobicoke-Lakeshore (5),5,Islington-City Centre West (14),14,D22,Etobicoke York,NORTH QUEEN ST,NOVA RD,80 m North of,Minor Arterial,Mid-Block,At/Near Private Drive,Stop Sign,Clear,Daylight,Dry,Non-Fatal Injury,Turning Movement,Driver,40 to 44,,0,North,"Automobile, Station Wagon",Going Ahead,Driving Properly,Normal, , , , , , ,0,0,1,0,0,0,0,1,0,1,0,0,0,0
7001493534,2017,8,18,14,44,4,43.61696966,-79.55732355,Etobicoke-Lakeshore (5),5,Islington-City Centre West (14),14,D22,Etobicoke York,NORTH QUEEN ST,NOVA RD,80 m North of,Minor Arterial,Mid-Block,At/Near Private Drive,Stop Sign,Clear,Daylight,Dry,Non-Fatal Injury,Turning Movement,Passenger,60 to 64,,0, , , , , , , , , , , ,0,0,1,0,0,0,0,1,0,1,0,0,0,0
7001493534,2017,8,18,14,44,4,43.61696966,-79.55732355,Etobicoke-Lakeshore (5),5,Islington-City Centre West (14),14,D22,Etobicoke York,NORTH QUEEN ST,NOVA RD,80 m North of,Minor Arterial,Mid-Block,At/Near Private Drive,Stop Sign,Clear,Daylight,Dry,Non-Fatal Injury,Turning Movement,Passenger,0 to 4,,0, , , , , , , , , , , ,0,0,1,0,0,0,0,1,0,1,0,0,0,0
7001493534,2017,8,18,14,44,4,43.61696966,-79.55732355,Etobicoke-Lakeshore (5),5,Islington-City Centre West (14),14,D22,Etobicoke York,NORTH QUEEN ST,NOVA RD,80 m North of,Minor Arterial,Mid-Block,At/Near Private Drive,Stop Sign,Clear,Daylight,Dry,Non-Fatal Injury,Turning Movement,Passenger,0 to 4,,0, , , , , , , , , , , ,0,0,1,0,0,0,0,1,0,1,0,0,0,0
953726,2007,2,15,14,45,3,43.67734538,-79.54989029,Etobicoke Centre (4),4,Princess-Rosethorn (10),10,D22,Etobicoke York,EGLINTON AVE W,KIPLING AVE, ,Major Arterial,Mid-Block, ,No Control,Clear,Daylight,Other,Non-Fatal Injury,Rear End,Passenger,40 to 44,Major,0, ,Other,Other, , , , , , , , ,0,0,1,0,0,0,0,1,0,1,0,0,0,0
953726,2007,2,15,14,45,3,43.67734538,-79.54989029,Etobicoke Centre (4),4,Princess-Rosethorn (10),10,D22,Etobicoke York,EGLINTON AVE W,KIPLING AVE, ,Major Arterial,Mid-Block, ,No Control,Clear,Daylight,Other,Non-Fatal Injury,Rear End,Driver,40 to 44,Minimal,0,West,"Automobile, Station Wagon",Slowing or Stopping,Driving Properly,Normal, , , , , , ,0,0,1,0,0,0,0,1,0,1,0,0,0,0
953726,2007,2,15,14,45,3,43.67734538,-79.54989029,Etobicoke Centre (4),4,Princess-Rosethorn (10),10,D22,Etobicoke York,EGLINTON AVE W,KIPLING AVE, ,Major Arterial,Mid-Block, ,No Control,Clear,Daylight,Other,Non-Fatal Injury,Rear End,Driver,20 to 24,,0,West,"Automobile, Station Wagon",Going Ahead,Following too Close,Unknown, , , , , , ,0,0,1,0,0,0,0,1,0,1,0,0,0,0
1059152,2008,9,3,14,45,2,43.68484538,-79.59469029,Etobicoke North (2),2,West Humber-Clairville (1),1,D23,Etobicoke York,185 CARLINGVIEW Driv, , ,Major Arterial,Mid-Block, ,No Control,Clear,Daylight,Dry,Non-Fatal Injury,Rear End,Driver,35 to 39,Minimal,0,South,"Automobile, Station Wagon",Going Ahead,Following too Close,Normal, , , , , , ,0,0,1,0,0,0,0,0,0,1,0,0,0,0
1059152,2008,9,3,14,45,2,43.68484538,-79.59469029,Etobicoke North (2),2,West Humber-Clairville (1),1,D23,Etobicoke York,185 CARLINGVIEW Driv, , ,Major Arterial,Mid-Block, ,No Control,Clear,Daylight,Dry,Non-Fatal Injury,Rear End,Driver,45 to 49,Major,0,South,"Automobile, Station Wagon",Stopped,Driving Properly,Normal, , , , , , ,0,0,1,0,0,0,0,0,0,1,0,0,0,0
1064595,2008,10,5,14,45,6,43.72814538,-79.57469029,Etobicoke North (2),2,West Humber-Clairville (1),1,D23,Etobicoke York,KIPLING Aven,BROOKMERE Road, ,Major Arterial,Intersection,At Intersection,Traffic Signal,Clear,Daylight,Dry,Non-Fatal Injury,Cyclist Collisions,Driver,unknown,,0,South,"Automobile, Station Wagon",Going Ahead, , , , , , , , ,0,1,1,0,0,0,0,0,0,0,0,0,0,0
1064595,2008,10,5,14,45,6,43.72814538,-79.57469029,Etobicoke North (2),2,West Humber-Clairville (1),1,D23,Etobicoke York,KIPLING Aven,BROOKMERE Road, ,Major Arterial,Intersection,At Intersection,Traffic Signal,Clear,Daylight,Dry,Non-Fatal Injury,Cyclist Collisions,Cyclist,35 to 39,Major,0,East,Bicycle,Going Ahead, , , , , , , , ,0,1,1,0,0,0,0,0,0,0,0,0,0,0
1074830,2008,11,20,14,45,3,43.68234538,-79.46909029,York South-Weston (12),12,Keelesdale-Eglinton West (110),110,D12,Etobicoke York,ROGERS Road,SCOTT Road, ,Minor Arterial,Intersection, ,No Control,Clear,Daylight,Dry,Non-Fatal Injury,SMV Unattended Vehicle,Vehicle Owner,unknown, ,0, ,Other, , , , , , , , , ,0,0,1,0,0,0,0,0,1,1,0,0,0,0
1074830,2008,11,20,14,45,3,43.68234538,-79.46909029,York South-Weston (12),12,Keelesdale-Eglinton West (110),110,D12,Etobicoke York,ROGERS Road,SCOTT Road, ,Minor Arterial,Intersection, ,No Control,Clear,Daylight,Dry,Non-Fatal Injury,SMV Unattended Vehicle,Driver,45 to 49,Major,0,South,"Automobile, Station Wagon",Turning Left,Lost control,Unknown, , , , , , ,0,0,1,0,0,0,0,0,1,1,0,0,0,0
1074830,2008,11,20,14,45,3,43.68234538,-79.46909029,York South-Weston (12),12,Keelesdale-Eglinton West (110),110,D12,Etobicoke York,ROGERS Road,SCOTT Road, ,Minor Arterial,Intersection, ,No Control,Clear,Daylight,Dry,Non-Fatal Injury,SMV Unattended Vehicle,Other,unknown,,0, ,Other,Parked, , , , , , , , ,0,0,1,0,0,0,0,0,1,1,0,0,0,0
1074830,2008,11,20,14,45,3,43.68234538,-79.46909029,York South-Weston (12),12,Keelesdale-Eglinton West (110),110,D12,Etobicoke York,ROGERS Road,SCOTT Road, ,Minor Arterial,Intersection, ,No Control,Clear,Daylight,Dry,Non-Fatal Injury,SMV Unattended Vehicle,Other Property Owner,unknown, ,0, ,Other, , , , , , , , , ,0,0,1,0,0,0,0,0,1,1,0,0,0,0
1080448,2009,1,8,14,45,3,43.7966152,-79.426365,Willowdale (23),23,Newtonbrook West (36),36,D32,North York,STEELES AVE W,TANGREEN CRT, ,Major Arterial,Intersection, ,Stop Sign,Clear,Daylight,Slush,Non-Fatal Injury,Pedestrian Collisions,Vehicle Owner,unknown, ,0, ,Other, , , , , , , , , ,1,0,1,0,0,0,0,0,0,0,0,0,0,0
1080448,2009,1,8,14,45,3,43.7966152,-79.426365,Willowdale (23),23,Newtonbrook West (36),36,D32,North York,STEELES AVE W,TANGREEN CRT, ,Major Arterial,Intersection, ,Stop Sign,Clear,Daylight,Slush,Non-Fatal Injury,Pedestrian Collisions,Driver,20 to 24,,0,North,"Automobile, Station Wagon",Turning Left,Improper Turn,Normal, , , , , , ,1,0,1,0,0,0,0,0,0,0,0,0,0,0
1080448,2009,1,8,14,45,3,43.7966152,-79.426365,Willowdale (23),23,Newtonbrook West (36),36,D32,North York,STEELES AVE W,TANGREEN CRT, ,Major Arterial,Intersection, ,Stop Sign,Clear,Daylight,Slush,Non-Fatal Injury,Pedestrian Collisions,Pedestrian,70 to 74,Minor,0,South,Other, , , ,Vehicle turns left while ped crosses without ROW at inter.,"Crossing, no Traffic Control",Normal, , , ,1,0,1,0,0,0,0,0,0,0,0,0,0,0
1080448,2009,1,8,14,45,3,43.7966152,-79.426365,Willowdale (23),23,Newtonbrook West (36),36,D32,North York,STEELES AVE W,TANGREEN CRT, ,Major Arterial,Intersection, ,Stop Sign,Clear,Daylight,Slush,Non-Fatal Injury,Pedestrian Collisions,Pedestrian,70 to 74,Major,0,South,Other, , , ,Vehicle turns left while ped crosses without ROW at inter.,"Crossing, no Traffic Control",Normal, , , ,1,0,1,0,0,0,0,0,0,0,0,0,0,0
1134663,2009,11,3,14,45,1,43.73604538,-79.25879029,Scarborough Centre (37),37,Eglinton East (138),138,D41,Scarborough,GILDER DR,MIDLAND AVE, ,Major Arterial,Intersection,At Intersection,Traffic Signal,Clear,Daylight,Dry,Fatal,Pedestrian Collisions,Vehicle Owner,unknown, ,0, ,Other, , , , , , , , , ,1,0,1,0,0,0,0,0,0,1,0,0,0,1
1134663,2009,11,3,14,45,1,43.73604538,-79.25879029,Scarborough Centre (37),37,Eglinton East (138),138,D41,Scarborough,GILDER DR,MIDLAND AVE, ,Major Arterial,Intersection,At Intersection,Traffic Signal,Clear,Daylight,Dry,Fatal,Pedestrian Collisions,Driver,50 to 54,,0,West,"Automobile, Station Wagon",Turning Left,Failed to Yield Right of Way,Unknown, , , , , , ,1,0,1,0,0,0,0,0,0,1,0,0,0,1
1134663,2009,11,3,14,45,1,43.73604538,-79.25879029,Scarborough Centre (37),37,Eglinton East (138),138,D41,Scarborough,GILDER DR,MIDLAND AVE, ,Major Arterial,Intersection,At Intersection,Traffic Signal,Clear,Daylight,Dry,Fatal,Pedestrian Collisions,Pedestrian,85 to 89,Fatal,37,East,Other, , , ,Vehicle turns left while ped crosses with ROW at inter.,Crossing with right of way,Unknown, , , ,1,0,1,0,0,0,0,0,0,1,0,0,0,1
1205981,2010,12,6,14,45,0,43.66004538,-79.47999029,Parkdale-High Park (13),13,High Park North (88),88,D11,Etobicoke York,ANNETTE ST,RUNNYMEDE RD, ,Minor Arterial,Intersection,At Intersection,Traffic Signal,Clear,Daylight,Loose Snow,Non-Fatal Injury,Pedestrian Collisions,Driver,35 to 39,,0,West,"Automobile, Station Wagon",Turning Left,Failed to Yield Right of Way,Inattentive, , , , , , ,1,0,1,0,0,0,0,0,0,1,0,0,0,0
1205981,2010,12,6,14,45,0,43.66004538,-79.47999029,Parkdale-High Park (13),13,High Park North (88),88,D11,Etobicoke York,ANNETTE ST,RUNNYMEDE RD, ,Minor Arterial,Intersection,At Intersection,Traffic Signal,Clear,Daylight,Loose Snow,Non-Fatal Injury,Pedestrian Collisions,Pedestrian,80 to 84,Major,0,East,Other, , , ,Vehicle turns left while ped crosses with ROW at inter.,Crossing with right of way,Normal, , , ,1,0,1,0,0,0,0,0,0,1,0,0,0,0
1347268,2013,2,10,14,45,6,43.66064538,-79.51049029,Etobicoke Centre (4),4,Edenbridge-Humber Valley (9),9,D22,Etobicoke York,DUNDAS ST W,PRINCE EDWARD DR N, ,Major Arterial,Intersection,At Intersection,Traffic Signal,Clear,Daylight,Wet,Non-Fatal Injury,Pedestrian Collisions,Vehicle Owner,unknown, ,0, ,Other, , , , , , , , , ,1,0,1,0,0,0,0,0,0,1,0,0,0,0
1347268,2013,2,10,14,45,6,43.66064538,-79.51049029,Etobicoke Centre (4),4,Edenbridge-Humber Valley (9),9,D22,Etobicoke York,DUNDAS ST W,PRINCE EDWARD DR N, ,Major Arterial,Intersection,At Intersection,Traffic Signal,Clear,Daylight,Wet,Non-Fatal Injury,Pedestrian Collisions,Driver,50 to 54,,0,East,"Automobile, Station Wagon",Turning Right,Failed to Yield Right of Way,Inattentive, , , , , , ,1,0,1,0,0,0,0,0,0,1,0,0,0,0
1347268,2013,2,10,14,45,6,43.66064538,-79.51049029,Etobicoke Centre (4),4,Edenbridge-Humber Valley (9),9,D22,Etobicoke York,DUNDAS ST W,PRINCE EDWARD DR N, ,Major Arterial,Intersection,At Intersection,Traffic Signal,Clear,Daylight,Wet,Non-Fatal Injury,Pedestrian Collisions,Pedestrian,65 to 69,Major,0,North,Other, , , ,Vehicle turns right while ped crosses with ROW at inter.,Crossing with right of way,Normal, , , ,1,0,1,0,0,0,0,0,0,1,0,0,0,0
5000439931,2015,3,15,14,45,6,43.65469702,-79.46003351,Parkdale-High Park (14),14,High Park-Swansea (87),87,D11,Toronto East York,BLOOR ST W,PARKSIDE DR, ,Major Arterial,Intersection,At Intersection,Traffic Signal,Clear,Daylight,Dry,Non-Fatal Injury,Turning Movement,Driver,50 to 54,,0,North,"Automobile, Station Wagon",Turning Left,Failed to Yield Right of Way,Inattentive, , , , , , ,0,0,1,0,0,0,0,0,0,1,0,0,0,0
5000439931,2015,3,15,14,45,6,43.65469702,-79.46003351,Parkdale-High Park (14),14,High Park-Swansea (87),87,D11,Toronto East York,BLOOR ST W,PARKSIDE DR, ,Major Arterial,Intersection,At Intersection,Traffic Signal,Clear,Daylight,Dry,Non-Fatal Injury,Turning Movement,Driver,50 to 54,Major,0,South,"Automobile, Station Wagon",Going Ahead,Driving Properly,Normal, , , , , , ,0,0,1,0,0,0,0,0,0,1,0,0,0,0
5000439931,2015,3,15,14,45,6,43.65469702,-79.46003351,Parkdale-High Park (14),14,High Park-Swansea (87),87,D11,Toronto East York,BLOOR ST W,PARKSIDE DR, ,Major Arterial,Intersection,At Intersection,Traffic Signal,Clear,Daylight,Dry,Non-Fatal Injury,Turning Movement,Driver,45 to 49,,0,Unknown,"Automobile, Station Wagon",Turning Right,Driving Properly,Normal, , , , , , ,0,0,1,0,0,0,0,0,0,1,0,0,0,0
5001754996,2015,10,11,14,45,6,43.73238333,-79.41939936,Eglinton-Lawrence (16),16,Bedford Park-Nortown (39),39,D32,North York,AVENUE RD,ROE AVE,6 m North of,Major Arterial,Intersection,Non Intersection,No Control,Clear,Daylight,Dry,Non-Fatal Injury,Turning Movement,Driver,60 to 64,Major,0,South,"Automobile, Station Wagon",Making U Turn,Improper Turn,Inattentive, , , , , , ,0,0,1,0,0,0,0,1,0,0,0,0,0,0
5001754996,2015,10,11,14,45,6,43.73238333,-79.41939936,Eglinton-Lawrence (16),16,Bedford Park-Nortown (39),39,D32,North York,AVENUE RD,ROE AVE,6 m North of,Major Arterial,Intersection,Non Intersection,No Control,Clear,Daylight,Dry,Non-Fatal Injury,Turning Movement,Driver,30 to 34,Minor,0,South,"Automobile, Station Wagon",Going Ahead,Driving Properly,Normal, , , , , , ,0,0,1,0,0,0,0,1,0,0,0,0,0,0
5001754996,2015,10,11,14,45,6,43.73238333,-79.41939936,Eglinton-Lawrence (16),16,Bedford Park-Nortown (39),39,D32,North York,AVENUE RD,ROE AVE,6 m North of,Major Arterial,Intersection,Non Intersection,No Control,Clear,Daylight,Dry,Non-Fatal Injury,Turning Movement,Passenger,unknown,Minor,0, , , , , , , , , , , ,0,0,1,0,0,0,0,1,0,0,0,0,0,0
6000147267,2016,1,25,14,45,0,43.69633826,-79.39513026,St. Paul's (22),22,Mount Pleasant West (104),104,D53,Toronto East York,50 MERTON ST, ,2 m North of,Collector,Mid-Block,Non Intersection,No Control,Clear,Daylight,Dry,Non-Fatal Injury,Approaching,Driver,85 to 89,Major,0,East,"Automobile, Station Wagon",Going Ahead,Lost control,Medical or Physical Disability, , , , , , ,0,0,1,0,0,0,0,0,0,0,0,0,1,0