ACCNUM,YEAR,MONTH,DAY,HOUR,MINUTES,WEEKDAY,LATITUDE,LONGITUDE,Ward_Name,Ward_ID,Hood_Name,Hood_ID,Division,District,STREET1,STREET2,OFFSET,ROAD_CLASS,LOCCOORD,ACCLOC,TRAFFCTL,VISIBILITY,LIGHT,RDSFCOND,ACCLASS,IMPACTYPE,INVTYPE,INVAGE,INJURY,FATAL_NO,INITDIR,VEHTYPE,MANOEUVER,DRIVACT,DRIVCOND,PEDTYPE,PEDACT,PEDCOND,CYCLISTYPE,CYCACT,CYCCOND,PEDESTRIAN,CYCLIST,AUTOMOBILE,MOTORCYCLE,TRUCK,TRSN_CITY_VEH,EMERG_VEH,PASSENGER,SPEEDING,AG_DRIV,REDLIGHT,ALCOHOL,DISABILITY,label
6000147267,2016,1,25,14,45,0,43.69633826,-79.39513026,St. Paul's (22),22,Mount Pleasant West (104),104,D53,Toronto East York,50 MERTON ST, ,2 m North of,Collector,Mid-Block,Non Intersection,No Control,Clear,Daylight,Dry,Non-Fatal Injury,Approaching,Driver,70 to 74,,0,West,"Automobile, Station Wagon",Going Ahead,Driving Properly,Normal, , , , , , ,0,0,1,0,0,0,0,0,0,0,0,0,1,0
6001104795,2016,6,24,14,45,4,43.66394385,-79.58517847,Etobicoke Centre (3),3,Eringate-Centennial-West Deane (11),11,D22,Etobicoke York,720 RENFORTH DR, ,3 m South of,Minor Arterial,Mid-Block,At/Near Private Drive,Pedestrian Crossover,Clear,Daylight,Dry,Non-Fatal Injury,Pedestrian Collisions,Driver,20 to 24,,0,South,"Automobile, Station Wagon",Going Ahead,Disobeyed Traffic Control,Normal, , , , , , ,1,0,1,0,0,0,0,0,1,1,0,0,0,0
6001104795,2016,6,24,14,45,4,43.66394385,-79.58517847,Etobicoke Centre (3),3,Eringate-Centennial-West Deane (11),11,D22,Etobicoke York,720 RENFORTH DR, ,3 m South of,Minor Arterial,Mid-Block,At/Near Private Drive,Pedestrian Crossover,Clear,Daylight,Dry,Non-Fatal Injury,Pedestrian Collisions,Pedestrian,15 to 19,Major,0,Unknown, , , , ,Pedestrian hit a PXO/ped. Mid-block signal,"Crossing, Pedestrian Crossover",Normal, , , ,1,0,1,0,0,0,0,0,1,1,0,0,0,0
981935,2007,6,30,14,47,5,43.67494538,-79.39569029,Toronto Centre-Rosedale (27),27,Annex (95),95,D53,Toronto East York,DAVENPORT RD,AVENUE RD, ,Major Arterial,Mid-Block, ,No Control,Clear,Daylight,Dry,Non-Fatal Injury,Cyclist Collisions,Driver,45 to 49,,0,East,"Automobile, Station Wagon",Parked,Other,Normal, , , , , , ,0,1,1,0,0,0,0,0,0,0,0,0,0,0
981935,2007,6,30,14,47,5,43.67494538,-79.39569029,Toronto Centre-Rosedale (27),27,Annex (95),95,D53,Toronto East York,DAVENPORT RD,AVENUE RD, ,Major Arterial,Mid-Block, ,No Control,Clear,Daylight,Dry,Non-Fatal Injury,Cyclist Collisions,Cyclist,50 to 54,Major,0,East,Bicycle,Going Ahead, , , , , ,Cyclist struck opened vehicle door, , ,0,1,1,0,0,0,0,0,0,0,0,0,0,0
1290105,2012,4,20,14,47,4,43.66514538,-79.35589029,Toronto-Danforth (30),30,North Riverdale (68),68,D55,Toronto East York,DON VALLEY PARKWAY  N,GERRARD ST E, ,Expressway,Mid-Block, ,No Control,Clear,Daylight,Dry,Fatal,SMV Other,Motorcycle Driver,35 to 39,Fatal,11,North,Motorcycle,Going Ahead,Exceeding Speed Limit,Unknown, , , , , , ,0,0,0,1,0,0,0,0,1,1,0,0,0,1
1347648,2013,2,13,14,47,2,43.83344229,-79.25101099,Scarborough-Rouge River (42),42,Rouge (131),131,D42,Scarborough,MARKHAM RD,SELECT AVE, ,Major Arterial,Intersection, ,Traffic Signal,Clear,Daylight,Dry,Non-Fatal Injury,Rear End,Driver,30 to 34,Major,0,South,"Automobile, Station Wagon",Slowing or Stopping,Driving Properly,Normal, , , , , , ,0,0,1,0,0,0,0,0,0,1,0,0,0,0
1347648,2013,2,13,14,47,2,43.83344229,-79.25101099,Scarborough-Rouge River (42),42,Rouge (131),131,D42,Scarborough,MARKHAM RD,SELECT AVE, ,Major Arterial,Intersection, ,Traffic Signal,Clear,Daylight,Dry,Non-Fatal Injury,Rear End,Vehicle Owner,unknown, ,0, ,Other, , , , , , , , , ,0,0,1,0,0,0,0,0,0,1,0,0,0,0
1347648,2013,2,13,14,47,2,43.83344229,-79.25101099,Scarborough-Rouge River (42),42,Rouge (131),131,D42,Scarborough,MARKHAM RD,SELECT AVE, ,Major Arterial,Intersection, ,Traffic Signal,Clear,Daylight,Dry,Non-Fatal Injury,Rear End,Driver,35 to 39,Minor,0,South,"Automobile, Station Wagon",Going Ahead,Following too Close,Inattentive, , , , , , ,0,0,1,0,0,0,0,0,0,1,0,0,0,0
4001981966,2014,4,29,14,47,1,43.65511282,-79.39889918,Trinity-Spadina (20),20,Kensington-Chinatown (78),78,D52,Toronto East York,SPADINA AVE,BALDWIN ST, ,Major Arterial,Intersection,At Intersection,No Control,Rain,Daylight,Wet,Non-Fatal Injury,Pedestrian Collisions,Driver,60 to 64,,0,North,Street Car,Going Ahead,Driving Properly,Unknown, , , , , , ,1,0,0,0,0,1,0,0,0,0,0,0,0,0
4001981966,2014,4,29,14,47,1,43.65511282,-79.39889918,Trinity-Spadina (20),20,Kensington-Chinatown (78),78,D52,Toronto East York,SPADINA AVE,BALDWIN ST, ,Major Arterial,Intersection,At Intersection,No Control,Rain,Daylight,Wet,Non-Fatal Injury,Pedestrian Collisions,Pedestrian,25 to 29,Major,0,East, , , , ,Pedestrian involved in a collision with transit vehicle anywhere along roadway,Crossing without right of way,Inattentive, , , ,1,0,0,0,0,1,0,0,0,0,0,0,0,0
4003538412,2014,12,23,14,47,1,43.77661093,-79.42937098,Willowdale (23),23,Willowdale West (37),37,D32,North York,FINCH AVE W,SENLAC RD,49 m East of,Major Arterial,Mid-Block,Non Intersection,No Control,Rain,Daylight,Wet,Non-Fatal Injury,SMV Other,Driver,80 to 84,Major,0,East,Passenger Van,Going Ahead,Lost control,Medical or Physical Disability, , , , , , ,0,0,1,0,0,0,0,1,0,0,0,0,1,0
4003538412,2014,12,23,14,47,1,43.77661093,-79.42937098,Willowdale (23),23,Willowdale West (37),37,D32,North York,FINCH AVE W,SENLAC RD,49 m East of,Major Arterial,Mid-Block,Non Intersection,No Control,Rain,Daylight,Wet,Non-Fatal Injury,SMV Other,Passenger,60 to 64,Minor,0, , , , , , , , , , , ,0,0,1,0,0,0,0,1,0,0,0,0,1,0
996892,2007,10,10,14,48,2,43.61744538,-79.49889029,Etobicoke-Lakeshore (6),6,Mimico (includes Humber Bay Shores) (17),17,D22,Etobicoke York,ROYAL YORK RD,NEWCASTLE ST, ,Minor Arterial,Intersection,At Intersection,Traffic Signal,Clear,Daylight,Dry,Non-Fatal Injury,Pedestrian Collisions,Driver,80 to 84,,0,West,"Automobile, Station Wagon",Turning Left,Failed to Yield Right of Way,Normal, , , , , , ,1,0,1,0,0,0,0,0,0,1,0,0,0,0
996892,2007,10,10,14,48,2,43.61744538,-79.49889029,Etobicoke-Lakeshore (6),6,Mimico (includes Humber Bay Shores) (17),17,D22,Etobicoke York,ROYAL YORK RD,NEWCASTLE ST, ,Minor Arterial,Intersection,At Intersection,Traffic Signal,Clear,Daylight,Dry,Non-Fatal Injury,Pedestrian Collisions,Pedestrian,40 to 44,Major,0,East,Other, , , ,Vehicle turns left while ped crosses with ROW at inter.,Crossing with right of way,Normal, , , ,1,0,1,0,0,0,0,0,0,1,0,0,0,0
1069502,2008,10,23,14,48,3,43.78154538,-79.49449029,York West (8),8,York University Heights (27),27,D31,North York,KEELE ST,STEELES AVE W, ,Major Arterial,Intersection,At Intersection,Traffic Signal,Clear,Daylight,Dry,Non-Fatal Injury,Pedestrian Collisions,Vehicle Owner,unknown, ,0, ,Other, , , , , , , , , ,1,0,1,0,0,0,0,0,0,1,0,0,0,0
1069502,2008,10,23,14,48,3,43.78154538,-79.49449029,York West (8),8,York University Heights (27),27,D31,North York,KEELE ST,STEELES AVE W, ,Major Arterial,Intersection,At Intersection,Traffic Signal,Clear,Daylight,Dry,Non-Fatal Injury,Pedestrian Collisions,Driver,40 to 44,,0,South,"Automobile, Station Wagon",Turning Right,Failed to Yield Right of Way,Normal, , , , , , ,1,0,1,0,0,0,0,0,0,1,0,0,0,0
1069502,2008,10,23,14,48,3,43.78154538,-79.49449029,York West (8),8,York University Heights (27),27,D31,North York,KEELE ST,STEELES AVE W, ,Major Arterial,Intersection,At Intersection,Traffic Signal,Clear,Daylight,Dry,Non-Fatal Injury,Pedestrian Collisions,Pedestrian,25 to 29,Major,0,East,Other, , , ,Vehicle turns right while ped crosses with ROW at inter.,Crossing with right of way,Normal, , , ,1,0,1,0,0,0,0,0,0,1,0,0,0,0
1117854,2009,8,7,14,48,4,43.68464538,-79.28029029,Scarborough Southwest (36),36,Birchcliffe-Cliffside (122),122,D41,Scarborough,179 FALLINGBROOK RD, , ,Collector,Intersection, ,No Control,Clear,Daylight,Dry,Fatal,Pedestrian Collisions,Pedestrian,80 to 84,Fatal,21,North,Other, , , ,Pedestrian hit at private driveway,Other,Medical or Physical Disability, , , ,1,0,1,0,0,0,0,0,0,0,0,0,0,1
1117854,2009,8,7,14,48,4,43.68464538,-79.28029029,Scarborough Southwest (36),36,Birchcliffe-Cliffside (122),122,D41,Scarborough,179 FALLINGBROOK RD, , ,Collector,Intersection, ,No Control,Clear,Daylight,Dry,Fatal,Pedestrian Collisions,Driver,55 to 59,,0,East,"Automobile, Station Wagon",Reversing,Other,Inattentive, , , , , , ,1,0,1,0,0,0,0,0,0,0,0,0,0,1
1198255,2010,9,22,14,48,2,43.77194538,-79.41359029,Willowdale (23),23,Willowdale West (37),37,D32,North York,YONGE ST,ELLERSLIE AVE, ,Major Arterial,Intersection,At Intersection,Stop Sign,Clear,Daylight,Dry,Non-Fatal Injury,Turning Movement,Motorcycle Driver,30 to 34,Major,0,South,Motorcycle,Going Ahead,Driving Properly,Normal, , , , , , ,0,0,1,1,0,0,0,0,0,1,0,0,0,0
1198255,2010,9,22,14,48,2,43.77194538,-79.41359029,Willowdale (23),23,Willowdale West (37),37,D32,North York,YONGE ST,ELLERSLIE AVE, ,Major Arterial,Intersection,At Intersection,Stop Sign,Clear,Daylight,Dry,Non-Fatal Injury,Turning Movement,Driver,65 to 69,,0,East,"Automobile, Station Wagon",Turning Left,Failed to Yield Right of Way,Inattentive, , , , , , ,0,0,1,1,0,0,0,0,0,1,0,0,0,0
4003102605,2014,10,14,14,48,1,43.79584082,-79.31930933,Scarborough-Agincourt (40),40,L'Amoreaux (117),117,D42,Scarborough,BRIDLETOWNE CRCL,FINCH AVE E, ,Minor Arterial,Intersection,At Intersection,Traffic Signal,Clear,Daylight,Dry,Non-Fatal Injury,Turning Movement,Driver,50 to 54,,0,North,"Automobile, Station Wagon",Turning Left,Failed to Yield Right of Way,Normal, , , , , , ,0,0,1,1,0,0,0,0,0,1,0,0,0,0
4003102605,2014,10,14,14,48,1,43.79584082,-79.31930933,Scarborough-Agincourt (40),40,L'Amoreaux (117),117,D42,Scarborough,BRIDLETOWNE CRCL,FINCH AVE E, ,Minor Arterial,Intersection,At Intersection,Traffic Signal,Clear,Daylight,Dry,Non-Fatal Injury,Turning Movement,Motorcycle Driver,20 to 24,Major,0,South,Motorcycle,Going Ahead,Improper Passing,Normal, , , , , , ,0,0,1,1,0,0,0,0,0,1,0,0,0,0
1000440,2007,10,21,14,49,6,43.85314538,-79.17999029,Scarborough-Rouge River (42),42,Rouge (131),131,D42,Scarborough,STEELES Aven E,BEARE Road, ,Minor Arterial,Intersection, ,Stop Sign,Clear,Daylight,Dry,Non-Fatal Injury,Angle,Motorcycle Driver,45 to 49,Major,0,East,Motorcycle,Going Ahead,Driving Properly,Normal, , , , , , ,0,0,1,1,0,0,0,0,0,1,0,0,0,0
1000440,2007,10,21,14,49,6,43.85314538,-79.17999029,Scarborough-Rouge River (42),42,Rouge (131),131,D42,Scarborough,STEELES Aven E,BEARE Road, ,Minor Arterial,Intersection, ,Stop Sign,Clear,Daylight,Dry,Non-Fatal Injury,Angle,Driver,55 to 59,,0,North,"Automobile, Station Wagon",Going Ahead,Failed to Yield Right of Way,Inattentive, , , , , , ,0,0,1,1,0,0,0,0,0,1,0,0,0,0
1110725,2009,6,23,14,49,1,43.65804538,-79.44399029,Davenport (18),18,Dufferin Grove (83),83,D11,Toronto East York,BLOOR ST W,ST HELENS AVE, ,Major Arterial,Intersection,At Intersection,Stop Sign,Clear,Daylight,Dry,Fatal,Pedestrian Collisions,Vehicle Owner,unknown, ,0, ,Other, , , , , , , , , ,1,0,0,0,1,0,0,0,0,1,0,0,0,1
1110725,2009,6,23,14,49,1,43.65804538,-79.44399029,Davenport (18),18,Dufferin Grove (83),83,D11,Toronto East York,BLOOR ST W,ST HELENS AVE, ,Major Arterial,Intersection,At Intersection,Stop Sign,Clear,Daylight,Dry,Fatal,Pedestrian Collisions,Truck Driver,30 to 34,,0,North,Truck - Open,Turning Left,Failed to Yield Right of Way,Normal, , , , , , ,1,0,0,0,1,0,0,0,0,1,0,0,0,1
1110725,2009,6,23,14,49,1,43.65804538,-79.44399029,Davenport (18),18,Dufferin Grove (83),83,D11,Toronto East York,BLOOR ST W,ST HELENS AVE, ,Major Arterial,Intersection,At Intersection,Stop Sign,Clear,Daylight,Dry,Fatal,Pedestrian Collisions,Pedestrian,75 to 79,Fatal,17,West,Other, , , ,Vehicle turns left while ped crosses with ROW at inter.,Crossing with right of way,Normal, , , ,1,0,0,0,1,0,0,0,0,1,0,0,0,1
948322,2007,1,5,14,50,4,43.67894538,-79.55169029,Etobicoke Centre (4),4,Willowridge-Martingrove-Richview (7),7,D23,Etobicoke York,KIPLING AVE,WIDDICOMBE HILL, ,Major Arterial,Intersection, ,Traffic Signal,Clear,Daylight,Dry,Non-Fatal Injury,Angle,Driver,70 to 74,Major,0,East,"Automobile, Station Wagon",Going Ahead,Driving Properly,Normal, , , , , , ,0,0,1,0,0,0,0,0,0,1,1,0,0,0
948322,2007,1,5,14,50,4,43.67894538,-79.55169029,Etobicoke Centre (4),4,Willowridge-Martingrove-Richview (7),7,D23,Etobicoke York,KIPLING AVE,WIDDICOMBE HILL, ,Major Arterial,Intersection, ,Traffic Signal,Clear,Daylight,Dry,Non-Fatal Injury,Angle,Vehicle Owner,unknown,,0, ,Other, , , , , , , , , ,0,0,1,0,0,0,0,0,0,1,1,0,0,0
948322,2007,1,5,14,50,4,43.67894538,-79.55169029,Etobicoke Centre (4),4,Willowridge-Martingrove-Richview (7),7,D23,Etobicoke York,KIPLING AVE,WIDDICOMBE HILL, ,Major Arterial,Intersection, ,Traffic Signal,Clear,Daylight,Dry,Non-Fatal Injury,Angle,Driver,40 to 44,,0,North,"Automobile, Station Wagon",Going Ahead,Disobeyed Traffic Control,Normal, , , , , , ,0,0,1,0,0,0,0,0,0,1,1,0,0,0
968405,2007,5,8,14,50,1,43.74724538,-79.40749029,Eglinton-Lawrence (16),16,Bedford Park-Nortown (39),39,D32,North York,YONGE Stre,WILLIAM CARSON Cres, ,Major Arterial,Intersection,At Intersection,Traffic Signal,Clear,Daylight,Dry,Non-Fatal Injury,Rear End,Driver,60 to 64,Minimal,0,North,"Automobile, Station Wagon",Turning Left,Driving Properly,Normal, , , , , , ,0,0,1,0,0,0,0,0,0,0,0,0,1,0
968405,2007,5,8,14,50,1,43.74724538,-79.40749029,Eglinton-Lawrence (16),16,Bedford Park-Nortown (39),39,D32,North York,YONGE Stre,WILLIAM CARSON Cres, ,Major Arterial,Intersection,At Intersection,Traffic Signal,Clear,Daylight,Dry,Non-Fatal Injury,Rear End,Driver,50 to 54,Major,0,North,"Automobile, Station Wagon",Turning Left,Other,Medical or Physical Disability, , , , , , ,0,0,1,0,0,0,0,0,0,0,0,0,1,0
994544,2007,9,14,14,50,4,43.74074538,-79.58699029,Etobicoke North (1),1,Mount Olive-Silverstone-Jamestown (2),2,D23,Etobicoke York,ALBION RD,FINCH AVE W, ,Major Arterial,Mid-Block, ,Stop Sign,Clear,Daylight,Dry,Non-Fatal Injury,Turning Movement,Vehicle Owner,unknown,,0, ,Other, , , , , , , , , ,0,0,1,0,0,0,0,0,0,1,0,0,0,0
994544,2007,9,14,14,50,4,43.74074538,-79.58699029,Etobicoke North (1),1,Mount Olive-Silverstone-Jamestown (2),2,D23,Etobicoke York,ALBION RD,FINCH AVE W, ,Major Arterial,Mid-Block, ,Stop Sign,Clear,Daylight,Dry,Non-Fatal Injury,Turning Movement,Driver,45 to 49,,0,South,"Automobile, Station Wagon",Turning Right,Failed to Yield Right of Way,Normal, , , , , , ,0,0,1,0,0,0,0,0,0,1,0,0,0,0
994544,2007,9,14,14,50,4,43.74074538,-79.58699029,Etobicoke North (1),1,Mount Olive-Silverstone-Jamestown (2),2,D23,Etobicoke York,ALBION RD,FINCH AVE W, ,Major Arterial,Mid-Block, ,Stop Sign,Clear,Daylight,Dry,Non-Fatal Injury,Turning Movement,Driver,20 to 24,Major,0,West,"Automobile, Station Wagon",Going Ahead,Driving Properly,Normal, , , , , , ,0,0,1,0,0,0,0,0,0,1,0,0,0,0
1029708,2008,3,11,14,50,1,43.72734538,-79.25259029,Scarborough Southwest (35),35,Kennedy Park (124),124,D41,Scarborough,DANFORTH RD,WOLFE AVE, ,Major Arterial,Intersection,At Intersection,Traffic Signal,Clear,Daylight,Dry,Non-Fatal Injury,Turning Movement,Driver,30 to 34,Major,0,East,"Automobile, Station Wagon",Going Ahead,Driving Properly,Normal, , , , , , ,0,0,1,0,0,0,0,0,0,1,1,0,0,0
1029708,2008,3,11,14,50,1,43.72734538,-79.25259029,Scarborough Southwest (35),35,Kennedy Park (124),124,D41,Scarborough,DANFORTH RD,WOLFE AVE, ,Major Arterial,Intersection,At Intersection,Traffic Signal,Clear,Daylight,Dry,Non-Fatal Injury,Turning Movement,Driver,15 to 19,Minimal,0,South,"Automobile, Station Wagon",Going Ahead,Disobeyed Traffic Control,Normal, , , , , , ,0,0,1,0,0,0,0,0,0,1,1,0,0,0
1029708,2008,3,11,14,50,1,43.72734538,-79.25259029,Scarborough Southwest (35),35,Kennedy Park (124),124,D41,Scarborough,DANFORTH RD,WOLFE AVE, ,Major Arterial,Intersection,At Intersection,Traffic Signal,Clear,Daylight,Dry,Non-Fatal Injury,Turning Movement,Other Property Owner,unknown, ,0, ,Other, , , , , , , , , ,0,0,1,0,0,0,0,0,0,1,1,0,0,0
1056886,2008,9,4,14,50,3,43.690044,-79.40288935,St. Paul's (22),22,Casa Loma (96),96,D53,Toronto East York,AVENUE RD,HEATH ST W, ,Major Arterial,Mid-Block, ,No Control,Clear,Daylight,Dry,Non-Fatal Injury,Cyclist Collisions,Driver,unknown,,0,South,"Automobile, Station Wagon",Changing Lanes,Improper Passing,Inattentive, , , , , , ,0,1,1,0,0,0,1,0,0,1,0,0,0,0
1056886,2008,9,4,14,50,3,43.690044,-79.40288935,St. Paul's (22),22,Casa Loma (96),96,D53,Toronto East York,AVENUE RD,HEATH ST W, ,Major Arterial,Mid-Block, ,No Control,Clear,Daylight,Dry,Non-Fatal Injury,Cyclist Collisions,Vehicle Owner,unknown, ,0, , , , , , , , , , , ,0,1,1,0,0,0,1,0,0,1,0,0,0,0
985777,2007,7,22,14,9,6,43.79954538,-79.30339029,Scarborough-Agincourt (39),39,L'Amoreaux (117),117,D42,Scarborough,3850 FINCH  AVE E, , ,Major Arterial,Mid-Block, ,Traffic Signal,Clear,Daylight,Dry,Non-Fatal Injury,Rear End,Passenger,35 to 39,Major,0, ,Other, , , , , , , , , ,0,0,1,0,0,0,0,1,0,1,0,0,0,0
985777,2007,7,22,14,9,6,43.79954538,-79.30339029,Scarborough-Agincourt (39),39,L'Amoreaux (117),117,D42,Scarborough,3850 FINCH  AVE E, , ,Major Arterial,Mid-Block, ,Traffic Signal,Clear,Daylight,Dry,Non-Fatal Injury,Rear End,Vehicle Owner,unknown,,0, ,Other, , , , , , , , , ,0,0,1,0,0,0,0,1,0,1,0,0,0,0
985777,2007,7,22,14,9,6,43.79954538,-79.30339029,Scarborough-Agincourt (39),39,L'Amoreaux (117),117,D42,Scarborough,3850 FINCH  AVE E, , ,Major Arterial,Mid-Block, ,Traffic Signal,Clear,Daylight,Dry,Non-Fatal Injury,Rear End,Driver,35 to 39,,0,East,Other,Going Ahead,Following too Close,Inattentive, , , , , , ,0,0,1,0,0,0,0,1,0,1,0,0,0,0
987443,2007,8,31,14,9,4,43.67444538,-79.56319029,Etobicoke Centre (3),3,Eringate-Centennial-West Deane (11),11,D22,Etobicoke York,EGLINTON AVE W,MARTIN GROVE RD, ,Major Arterial,Intersection, ,Traffic Signal,Clear,Daylight,Dry,Non-Fatal Injury,Turning Movement,Truck Driver,45 to 49,,0,West,Truck - Open,Slowing or Stopping,Driving Properly,Normal, , , , , , ,0,0,1,0,1,0,0,1,0,0,0,0,0,0
987443,2007,8,31,14,9,4,43.67444538,-79.56319029,Etobicoke Centre (3),3,Eringate-Centennial-West Deane (11),11,D22,Etobicoke York,EGLINTON AVE W,MARTIN GROVE RD, ,Major Arterial,Intersection, ,Traffic Signal,Clear,Daylight,Dry,Non-Fatal Injury,Turning Movement,Passenger,30 to 34,,0, ,Other, , , , , , , , , ,0,0,1,0,1,0,0,1,0,0,0,0,0,0
987443,2007,8,31,14,9,4,43.67444538,-79.56319029,Etobicoke Centre (3),3,Eringate-Centennial-West Deane (11),11,D22,Etobicoke York,EGLINTON AVE W,MARTIN GROVE RD, ,Major Arterial,Intersection, ,Traffic Signal,Clear,Daylight,Dry,Non-Fatal Injury,Turning Movement,Driver,40 to 44,,0,East,"Automobile, Station Wagon",Turning Left,Driving Properly,Normal, , , , , , ,0,0,1,0,1,0,0,1,0,0,0,0,0,0
987443,2007,8,31,14,9,4,43.67444538,-79.56319029,Etobicoke Centre (3),3,Eringate-Centennial-West Deane (11),11,D22,Etobicoke York,EGLINTON AVE W,MARTIN GROVE RD, ,Major Arterial,Intersection, ,Traffic Signal,Clear,Daylight,Dry,Non-Fatal Injury,Turning Movement,Passenger,45 to 49,Minor,0, ,Other, , , , , , , , , ,0,0,1,0,1,0,0,1,0,0,0,0,0,0
987443,2007,8,31,14,9,4,43.67444538,-79.56319029,Etobicoke Centre (3),3,Eringate-Centennial-West Deane (11),11,D22,Etobicoke York,EGLINTON AVE W,MARTIN GROVE RD, ,Major Arterial,Intersection, ,Traffic Signal,Clear,Daylight,Dry,Non-Fatal Injury,Turning Movement,Passenger,50 to 54,Minor,0, ,Other, , , , , , , , , ,0,0,1,0,1,0,0,1,0,0,0,0,0,0
987443,2007,8,31,14,9,4,43.67444538,-79.56319029,Etobicoke Centre (3),3,Eringate-Centennial-West Deane (11),11,D22,Etobicoke York,EGLINTON AVE W,MARTIN GROVE RD, ,Major Arterial,Intersection, ,Traffic Signal,Clear,Daylight,Dry,Non-Fatal Injury,Turning Movement,Passenger,65 to 69,Minor,0, ,Other, , , , , , , , , ,0,0,1,0,1,0,0,1,0,0,0,0,0,0
987443,2007,8,31,14,9,4,43.67444538,-79.56319029,Etobicoke Centre (3),3,Eringate-Centennial-West Deane (11),11,D22,Etobicoke York,EGLINTON AVE W,MARTIN GROVE RD, ,Major Arterial,Intersection, ,Traffic Signal,Clear,Daylight,Dry,Non-Fatal Injury,Turning Movement,Driver,50 to 54,Major,0,East,"Automobile, Station Wagon",Slowing or Stopping,Driving Properly,Normal, , , , , , ,0,0,1,0,1,0,0,1,0,0,0,0,0,0
987443,2007,8,31,14,9,4,43.67444538,-79.56319029,Etobicoke Centre (3),3,Eringate-Centennial-West Deane (11),11,D22,Etobicoke York,EGLINTON AVE W,MARTIN GROVE RD, ,Major Arterial,Intersection, ,Traffic Signal,Clear,Daylight,Dry,Non-Fatal Injury,Turning Movement,Vehicle Owner,unknown,,0, ,Other, , , , , , , , , ,0,0,1,0,1,0,0,1,0,0,0,0,0,0
987443,2007,8,31,14,9,4,43.67444538,-79.56319029,Etobicoke Centre (3),3,Eringate-Centennial-West Deane (11),11,D22,Etobicoke York,EGLINTON AVE W,MARTIN GROVE RD, ,Major Arterial,Intersection, ,Traffic Signal,Clear,Daylight,Dry,Non-Fatal Injury,Turning Movement,Driver,25 to 29,,0,East,"Automobile, Station Wagon",Turning Left,Driving Properly,Normal, , , , , , ,0,0,1,0,1,0,0,1,0,0,0,0,0,0
987443,2007,8,31,14,9,4,43.67444538,-79.56319029,Etobicoke Centre (3),3,Eringate-Centennial-West Deane (11),11,D22,Etobicoke York,EGLINTON AVE W,MARTIN GROVE RD, ,Major Arterial,Intersection, ,Traffic Signal,Clear,Daylight,Dry,Non-Fatal Injury,Turning Movement,Driver,25 to 29,,0,East,"Automobile, Station Wagon",Slowing or Stopping,Driving Properly,Normal, , , , , , ,0,0,1,0,1,0,0,1,0,0,0,0,0,0
987443,2007,8,31,14,9,4,43.67444538,-79.56319029,Etobicoke Centre (3),3,Eringate-Centennial-West Deane (11),11,D22,Etobicoke York,EGLINTON AVE W,MARTIN GROVE RD, ,Major Arterial,Intersection, ,Traffic Signal,Clear,Daylight,Dry,Non-Fatal Injury,Turning Movement,Driver,30 to 34,,0,East,"Automobile, Station Wagon",Turning Left,Driving Properly,Normal, , , , , , ,0,0,1,0,1,0,0,1,0,0,0,0,0,0
987443,2007,8,31,14,9,4,43.67444538,-79.56319029,Etobicoke Centre (3),3,Eringate-Centennial-West Deane (11),11,D22,Etobicoke York,EGLINTON AVE W,MARTIN GROVE RD, ,Major Arterial,Intersection, ,Traffic Signal,Clear,Daylight,Dry,Non-Fatal Injury,Turning Movement,Driver,25 to 29,,0,East,"Automobile, Station Wagon",Slowing or Stopping,Driving Properly,Normal, , , , , , ,0,0,1,0,1,0,0,1,0,0,0,0,0,0
987443,2007,8,31,14,9,4,43.67444538,-79.56319029,Etobicoke Centre (3),3,Eringate-Centennial-West Deane (11),11,D22,Etobicoke York,EGLINTON AVE W,MARTIN GROVE RD, ,Major Arterial,Intersection, ,Traffic Signal,Clear,Daylight,Dry,Non-Fatal Injury,Turning Movement,Vehicle Owner,unknown,,0, ,Other, , , , , , , , , ,0,0,1,0,1,0,0,1,0,0,0,0,0,0
987443,2007,8,31,14,9,4,43.67444538,-79.56319029,Etobicoke Centre (3),3,Eringate-Centennial-West Deane (11),11,D22,Etobicoke York,EGLINTON AVE W,MARTIN GROVE RD, ,Major Arterial,Intersection, ,Traffic Signal,Clear,Daylight,Dry,Non-Fatal Injury,Turning Movement,Driver,20 to 24,Minor,0,East,"Automobile, Station Wagon",Turning Left,Improper Turn,Normal, , , , , , ,0,0,1,0,1,0,0,1,0,0,0,0,0,0
1315724,2012,8,10,14,9,4,43.61004538,-79.49579029,Etobicoke-Lakeshore (6),6,Mimico (includes Humber Bay Shores) (17),17,D22,Etobicoke York,HILLSIDE AVE,ROYAL YORK RD, ,Minor Arterial,Intersection,At Intersection,Stop Sign,Clear,Daylight,Dry,Non-Fatal Injury,Pedestrian Collisions,Driver,65 to 69,,0,East,"Automobile, Station Wagon",Turning Right,Failed to Yield Right of Way,Inattentive, , , , , , ,1,0,1,0,0,0,0,0,0,1,0,0,0,0
1315724,2012,8,10,14,9,4,43.61004538,-79.49579029,Etobicoke-Lakeshore (6),6,Mimico (includes Humber Bay Shores) (17),17,D22,Etobicoke York,HILLSIDE AVE,ROYAL YORK RD, ,Minor Arterial,Intersection,At Intersection,Stop Sign,Clear,Daylight,Dry,Non-Fatal Injury,Pedestrian Collisions,Pedestrian,75 to 79,Major,0,South,Other, , , ,Vehicle turns right while ped crosses with ROW at inter.,Crossing with right of way,Normal, , , ,1,0,1,0,0,0,0,0,0,1,0,0,0,0