ACCNUM,YEAR,MONTH,DAY,HOUR,MINUTES,WEEKDAY,LATITUDE,LONGITUDE,Ward_Name,Ward_ID,Hood_Name,Hood_ID,Division,District,STREET1,STREET2,OFFSET,ROAD_CLASS,LOCCOORD,ACCLOC,TRAFFCTL,VISIBILITY,LIGHT,RDSFCOND,ACCLASS,IMPACTYPE,INVTYPE,INVAGE,INJURY,FATAL_NO,INITDIR,VEHTYPE,MANOEUVER,DRIVACT,DRIVCOND,PEDTYPE,PEDACT,PEDCOND,CYCLISTYPE,CYCACT,CYCCOND,PEDESTRIAN,CYCLIST,AUTOMOBILE,MOTORCYCLE,TRUCK,TRSN_CITY_VEH,EMERG_VEH,PASSENGER,SPEEDING,AG_DRIV,REDLIGHT,ALCOHOL,DISABILITY,label
1337952,2013,1,25,14,9,4,43.6500469,-79.49840937,Etobicoke-Lakeshore (5),5,Stonegate-Queensway (16),16,D22,Etobicoke York,BLOOR ST W,OLD MILL TER, ,Major Arterial,Intersection,At Intersection,Stop Sign,Snow,Daylight,Loose Snow,Non-Fatal Injury,Rear End,Driver,45 to 49,Major,0,East,"Automobile, Station Wagon",Going Ahead, , , , , , , , ,0,0,1,0,0,0,0,1,0,1,0,0,0,0
1337952,2013,1,25,14,9,4,43.6500469,-79.49840937,Etobicoke-Lakeshore (5),5,Stonegate-Queensway (16),16,D22,Etobicoke York,BLOOR ST W,OLD MILL TER, ,Major Arterial,Intersection,At Intersection,Stop Sign,Snow,Daylight,Loose Snow,Non-Fatal Injury,Rear End,Passenger,unknown,Minimal,0, ,Other,Other, , , , , , , , ,0,0,1,0,0,0,0,1,0,1,0,0,0,0
1337952,2013,1,25,14,9,4,43.6500469,-79.49840937,Etobicoke-Lakeshore (5),5,Stonegate-Queensway (16),16,D22,Etobicoke York,BLOOR ST W,OLD MILL TER, ,Major Arterial,Intersection,At Intersection,Stop Sign,Snow,Daylight,Loose Snow,Non-Fatal Injury,Rear End,Driver,35 to 39,,0,East,"Automobile, Station Wagon",Going Ahead,Following too Close, , , , , , , ,0,0,1,0,0,0,0,1,0,1,0,0,0,0
1337952,2013,1,25,14,9,4,43.6500469,-79.49840937,Etobicoke-Lakeshore (5),5,Stonegate-Queensway (16),16,D22,Etobicoke York,BLOOR ST W,OLD MILL TER, ,Major Arterial,Intersection,At Intersection,Stop Sign,Snow,Daylight,Loose Snow,Non-Fatal Injury,Rear End,Vehicle Owner,unknown, ,0, ,Other, , , , , , , , , ,0,0,1,0,0,0,0,1,0,1,0,0,0,0
1337952,2013,1,25,14,9,4,43.6500469,-79.49840937,Etobicoke-Lakeshore (5),5,Stonegate-Queensway (16),16,D22,Etobicoke York,BLOOR ST W,OLD MILL TER, ,Major Arterial,Intersection,At Intersection,Stop Sign,Snow,Daylight,Loose Snow,Non-Fatal Injury,Rear End,Driver,60 to 64,,0,East,Other,Slowing or Stopping, , , , , , , , ,0,0,1,0,0,0,0,1,0,1,0,0,0,0
4002482864,2014,7,12,14,9,5,43.75433691,-79.29835139,Scarborough Centre (37),37,Wexford/Maryvale (119),119,D41,Scarborough,WARDEN AVE,TOWER DR, ,Major Arterial,Intersection,At Intersection,Traffic Signal,Clear,Daylight,Dry,Non-Fatal Injury,Pedestrian Collisions,Driver,50 to 54,,0,North,"Automobile, Station Wagon",Going Ahead,Disobeyed Traffic Control,Inattentive, , , , , , ,1,0,1,0,0,0,0,0,0,1,1,0,0,0
4002482864,2014,7,12,14,9,5,43.75433691,-79.29835139,Scarborough Centre (37),37,Wexford/Maryvale (119),119,D41,Scarborough,WARDEN AVE,TOWER DR, ,Major Arterial,Intersection,At Intersection,Traffic Signal,Clear,Daylight,Dry,Non-Fatal Injury,Pedestrian Collisions,Pedestrian,25 to 29,Major,0,Unknown, , , , ,Vehicle is going straight thru inter.while ped cross with ROW,Crossing with right of way,Normal, , , ,1,0,1,0,0,0,0,0,0,1,1,0,0,0
5000998310,2015,6,14,14,9,6,43.69335516,-79.48318873,York South-Weston (12),12,Beechborough-Greenbrook (112),112,D12,Etobicoke York,TRETHEWEY DR,CLEARVIEW HTS,5 m West of,Minor Arterial,Intersection,At Intersection,No Control,Rain,Daylight,Wet,Non-Fatal Injury,Approaching,Driver,50 to 54,,0,West,"Automobile, Station Wagon",Going Ahead,Speed too Fast For Condition,Inattentive, , , , , , ,0,0,1,0,0,0,0,1,1,1,0,0,0,0
5000998310,2015,6,14,14,9,6,43.69335516,-79.48318873,York South-Weston (12),12,Beechborough-Greenbrook (112),112,D12,Etobicoke York,TRETHEWEY DR,CLEARVIEW HTS,5 m West of,Minor Arterial,Intersection,At Intersection,No Control,Rain,Daylight,Wet,Non-Fatal Injury,Approaching,Driver,25 to 29,Major,0,East,"Automobile, Station Wagon",Going Ahead,Driving Properly,Normal, , , , , , ,0,0,1,0,0,0,0,1,1,1,0,0,0,0
5000998310,2015,6,14,14,9,6,43.69335516,-79.48318873,York South-Weston (12),12,Beechborough-Greenbrook (112),112,D12,Etobicoke York,TRETHEWEY DR,CLEARVIEW HTS,5 m West of,Minor Arterial,Intersection,At Intersection,No Control,Rain,Daylight,Wet,Non-Fatal Injury,Approaching,Passenger,20 to 24,Minor,0, , , , , , , , , , , ,0,0,1,0,0,0,0,1,1,1,0,0,0,0
1045778,2008,5,26,14,10,0,43.64834538,-79.38179029,Toronto Centre-Rosedale (28),28,Bay Street Corridor (76),76,D52,Toronto East York,KING ST W,YORK ST, ,Major Arterial,Mid-Block,At Intersection,No Control,Clear,Daylight,Dry,Non-Fatal Injury,Cyclist Collisions,Passenger,40 to 44,,0, ,Other, , , , , , , , , ,0,1,1,0,0,0,0,1,0,0,0,0,0,0
1045778,2008,5,26,14,10,0,43.64834538,-79.38179029,Toronto Centre-Rosedale (28),28,Bay Street Corridor (76),76,D52,Toronto East York,KING ST W,YORK ST, ,Major Arterial,Mid-Block,At Intersection,No Control,Clear,Daylight,Dry,Non-Fatal Injury,Cyclist Collisions,Vehicle Owner,unknown, ,0, ,Other, , , , , , , , , ,0,1,1,0,0,0,0,1,0,0,0,0,0,0
1045778,2008,5,26,14,10,0,43.64834538,-79.38179029,Toronto Centre-Rosedale (28),28,Bay Street Corridor (76),76,D52,Toronto East York,KING ST W,YORK ST, ,Major Arterial,Mid-Block,At Intersection,No Control,Clear,Daylight,Dry,Non-Fatal Injury,Cyclist Collisions,Driver,50 to 54,,0,West,"Automobile, Station Wagon",Turning Left,Other,Normal, , , , , , ,0,1,1,0,0,0,0,1,0,0,0,0,0,0
1045778,2008,5,26,14,10,0,43.64834538,-79.38179029,Toronto Centre-Rosedale (28),28,Bay Street Corridor (76),76,D52,Toronto East York,KING ST W,YORK ST, ,Major Arterial,Mid-Block,At Intersection,No Control,Clear,Daylight,Dry,Non-Fatal Injury,Cyclist Collisions,Cyclist,20 to 24,Major,0, ,Bicycle,Unknown, , , , , ,Cyclist struck opened vehicle door,Driving Properly,Normal,0,1,1,0,0,0,0,1,0,0,0,0,0,0
1179238,2010,5,30,14,10,6,43.68894538,-79.46049029,Davenport (17),17,Caledonia-Fairbank (109),109,D13,Etobicoke York,CALEDONIA RD,KITCHENER AVE, ,Minor Arterial,Intersection,At Intersection,Traffic Signal,Clear,Daylight,Dry,Non-Fatal Injury,Pedestrian Collisions,Pedestrian,15 to 19,Minor,0,East,Other, , , ,Vehicle turns left while ped crosses with ROW at inter.,Crossing with right of way,Normal, , , ,1,0,1,0,0,0,0,0,0,1,0,0,0,0
1179238,2010,5,30,14,10,6,43.68894538,-79.46049029,Davenport (17),17,Caledonia-Fairbank (109),109,D13,Etobicoke York,CALEDONIA RD,KITCHENER AVE, ,Minor Arterial,Intersection,At Intersection,Traffic Signal,Clear,Daylight,Dry,Non-Fatal Injury,Pedestrian Collisions,Driver,50 to 54,Major,0,West,"Automobile, Station Wagon",Turning Left,Failed to Yield Right of Way,Normal, , , , , , ,1,0,1,0,0,0,0,0,0,1,0,0,0,0
1203098,2010,11,1,14,10,0,43.61744538,-79.49889029,Etobicoke-Lakeshore (6),6,Mimico (includes Humber Bay Shores) (17),17,D22,Etobicoke York,ROYAL YORK RD,NEWCASTLE ST, ,Minor Arterial,Intersection, ,Traffic Signal,Clear,Daylight,Dry,Non-Fatal Injury,Pedestrian Collisions,Driver,85 to 89,,0,West,"Automobile, Station Wagon",Turning Left,Failed to Yield Right of Way,Normal, , , , , , ,1,0,1,0,0,0,0,0,0,1,0,0,0,0
1203098,2010,11,1,14,10,0,43.61744538,-79.49889029,Etobicoke-Lakeshore (6),6,Mimico (includes Humber Bay Shores) (17),17,D22,Etobicoke York,ROYAL YORK RD,NEWCASTLE ST, ,Minor Arterial,Intersection, ,Traffic Signal,Clear,Daylight,Dry,Non-Fatal Injury,Pedestrian Collisions,Pedestrian,65 to 69,Major,0,East,Other, , , ,Vehicle turns left while ped crosses with ROW at inter.,Crossing with right of way,Normal, , , ,1,0,1,0,0,0,0,0,0,1,0,0,0,0
1329108,2012,8,24,14,10,4,43.71694538,-79.55599029,Etobicoke North (2),2,Rexdale-Kipling (4),4,D23,Etobicoke York,ISLINGTON AVE,BERGAMOT AVE, ,Major Arterial,Intersection,At Intersection,Traffic Signal,Clear,Daylight,Dry,Non-Fatal Injury,Angle,Passenger,85 to 89,Major,0, ,Other, , , , , , , , , ,0,0,1,0,0,0,0,1,0,1,0,0,0,0
1329108,2012,8,24,14,10,4,43.71694538,-79.55599029,Etobicoke North (2),2,Rexdale-Kipling (4),4,D23,Etobicoke York,ISLINGTON AVE,BERGAMOT AVE, ,Major Arterial,Intersection,At Intersection,Traffic Signal,Clear,Daylight,Dry,Non-Fatal Injury,Angle,Driver,50 to 54,Minor,0,North,"Automobile, Station Wagon",Going Ahead,Failed to Yield Right of Way,Normal, , , , , , ,0,0,1,0,0,0,0,1,0,1,0,0,0,0
1329108,2012,8,24,14,10,4,43.71694538,-79.55599029,Etobicoke North (2),2,Rexdale-Kipling (4),4,D23,Etobicoke York,ISLINGTON AVE,BERGAMOT AVE, ,Major Arterial,Intersection,At Intersection,Traffic Signal,Clear,Daylight,Dry,Non-Fatal Injury,Angle,Vehicle Owner,unknown, ,0, ,Other, , , , , , , , , ,0,0,1,0,0,0,0,1,0,1,0,0,0,0
1329108,2012,8,24,14,10,4,43.71694538,-79.55599029,Etobicoke North (2),2,Rexdale-Kipling (4),4,D23,Etobicoke York,ISLINGTON AVE,BERGAMOT AVE, ,Major Arterial,Intersection,At Intersection,Traffic Signal,Clear,Daylight,Dry,Non-Fatal Injury,Angle,Driver,60 to 64,Minimal,0,West,"Automobile, Station Wagon",Going Ahead,Driving Properly,Normal, , , , , , ,0,0,1,0,0,0,0,1,0,1,0,0,0,0
4001558896,2014,2,19,14,10,2,43.70345648,-79.29365931,Scarborough Southwest (35),35,Clairlea-Birchmount (120),120,D41,Scarborough,VICTORIA PARK AVE,ST BEDES RD, ,Major Arterial,Intersection,Intersection Related,Stop Sign,Rain,Daylight,Wet,Non-Fatal Injury,Turning Movement,Driver,80 to 84,Major,0,West,"Automobile, Station Wagon",Turning Left,Failed to Yield Right of Way,Inattentive, , , , , , ,0,0,1,0,0,0,0,0,0,1,0,0,0,0
4001558896,2014,2,19,14,10,2,43.70345648,-79.29365931,Scarborough Southwest (35),35,Clairlea-Birchmount (120),120,D41,Scarborough,VICTORIA PARK AVE,ST BEDES RD, ,Major Arterial,Intersection,Intersection Related,Stop Sign,Rain,Daylight,Wet,Non-Fatal Injury,Turning Movement,Driver,60 to 64,Minor,0,North,"Automobile, Station Wagon",Going Ahead,Driving Properly,Normal, , , , , , ,0,0,1,0,0,0,0,0,0,1,0,0,0,0
4003073382,2014,10,9,14,10,3,43.73533591,-79.29063807,Scarborough Centre (37),37,Wexford/Maryvale (119),119,D41,Scarborough,WARDEN AVE,MARBLE ARCH CRES, ,Major Arterial,Intersection,Non Intersection,Traffic Signal,Clear,Daylight,Dry,Fatal,Cyclist Collisions,Driver,45 to 49,,0,North,"Automobile, Station Wagon",Going Ahead,Disobeyed Traffic Control,Inattentive, , , , , , ,0,1,1,0,0,0,0,0,0,1,1,0,0,1
4003073382,2014,10,9,14,10,3,43.73533591,-79.29063807,Scarborough Centre (37),37,Wexford/Maryvale (119),119,D41,Scarborough,WARDEN AVE,MARBLE ARCH CRES, ,Major Arterial,Intersection,Non Intersection,Traffic Signal,Clear,Daylight,Dry,Fatal,Cyclist Collisions,Cyclist,60 to 64,Fatal,32,East,Bicycle,Going Ahead, , , , , ,"Motorist without ROW drives into path of cyclist at inter, lnwy, dwy-Driver not turn.",Driving Properly,Normal,0,1,1,0,0,0,0,0,0,1,1,0,0,1
4003521992,2014,12,20,14,10,5,43.66197165,-79.42564783,Trinity-Spadina (19),19,Palmerston-Little Italy (80),80,D14,Toronto East York,OSSINGTON AVE,BLOOR ST W,15 m South of,Minor Arterial,Intersection,Non Intersection,No Control,Clear,Daylight,Dry,Non-Fatal Injury,Cyclist Collisions,Driver,55 to 59,,0,South,"Automobile, Station Wagon",Overtaking,Improper Passing,Inattentive, , , , , , ,0,1,1,0,0,0,0,1,0,1,0,0,0,0
4003521992,2014,12,20,14,10,5,43.66197165,-79.42564783,Trinity-Spadina (19),19,Palmerston-Little Italy (80),80,D14,Toronto East York,OSSINGTON AVE,BLOOR ST W,15 m South of,Minor Arterial,Intersection,Non Intersection,No Control,Clear,Daylight,Dry,Non-Fatal Injury,Cyclist Collisions,Cyclist,25 to 29,Major,0,South,Bicycle,Going Ahead, , , , , ,Cyclist and Driver travelling in same direction. One vehicle sideswipes the other.,Driving Properly,Normal,0,1,1,0,0,0,0,1,0,1,0,0,0,0
4003521992,2014,12,20,14,10,5,43.66197165,-79.42564783,Trinity-Spadina (19),19,Palmerston-Little Italy (80),80,D14,Toronto East York,OSSINGTON AVE,BLOOR ST W,15 m South of,Minor Arterial,Intersection,Non Intersection,No Control,Clear,Daylight,Dry,Non-Fatal Injury,Cyclist Collisions,Passenger,55 to 59,,0, , , , , , , , , , , ,0,1,1,0,0,0,0,1,0,1,0,0,0,0
5000276965,2015,2,16,14,10,0,43.69015082,-79.47505579,York South-Weston (12),12,Keelesdale-Eglinton West (110),110,D12,Etobicoke York,2609 EGLINTON AVE W, , ,Major Arterial,Intersection,Non Intersection,No Control,Clear,Daylight,Dry,Non-Fatal Injury,Pedestrian Collisions,Driver,50 to 54,,0,East,"Automobile, Station Wagon",Going Ahead,Driving Properly,Normal, , , , , , ,1,0,1,0,0,0,0,1,0,0,0,0,0,0
5000276965,2015,2,16,14,10,0,43.69015082,-79.47505579,York South-Weston (12),12,Keelesdale-Eglinton West (110),110,D12,Etobicoke York,2609 EGLINTON AVE W, , ,Major Arterial,Intersection,Non Intersection,No Control,Clear,Daylight,Dry,Non-Fatal Injury,Pedestrian Collisions,Passenger,50 to 54,,0, , , , , , , , , , , ,1,0,1,0,0,0,0,1,0,0,0,0,0,0
5000276965,2015,2,16,14,10,0,43.69015082,-79.47505579,York South-Weston (12),12,Keelesdale-Eglinton West (110),110,D12,Etobicoke York,2609 EGLINTON AVE W, , ,Major Arterial,Intersection,Non Intersection,No Control,Clear,Daylight,Dry,Non-Fatal Injury,Pedestrian Collisions,Passenger,25 to 29,,0, , , , , , , , , , , ,1,0,1,0,0,0,0,1,0,0,0,0,0,0
5000276965,2015,2,16,14,10,0,43.69015082,-79.47505579,York South-Weston (12),12,Keelesdale-Eglinton West (110),110,D12,Etobicoke York,2609 EGLINTON AVE W, , ,Major Arterial,Intersection,Non Intersection,No Control,Clear,Daylight,Dry,Non-Fatal Injury,Pedestrian Collisions,Passenger,20 to 24,,0, , , , , , , , , , , ,1,0,1,0,0,0,0,1,0,0,0,0,0,0
5000276965,2015,2,16,14,10,0,43.69015082,-79.47505579,York South-Weston (12),12,Keelesdale-Eglinton West (110),110,D12,Etobicoke York,2609 EGLINTON AVE W, , ,Major Arterial,Intersection,Non Intersection,No Control,Clear,Daylight,Dry,Non-Fatal Injury,Pedestrian Collisions,Passenger,25 to 29,,0, , , , , , , , , , , ,1,0,1,0,0,0,0,1,0,0,0,0,0,0
5000276965,2015,2,16,14,10,0,43.69015082,-79.47505579,York South-Weston (12),12,Keelesdale-Eglinton West (110),110,D12,Etobicoke York,2609 EGLINTON AVE W, , ,Major Arterial,Intersection,Non Intersection,No Control,Clear,Daylight,Dry,Non-Fatal Injury,Pedestrian Collisions,Pedestrian,40 to 44,Major,0,North, , , , ,Pedestrian hit at mid-block,Running onto Roadway,Inattentive, , , ,1,0,1,0,0,0,0,1,0,0,0,0,0,0
6000381883,2016,3,4,14,11,4,43.65372046,-79.37324152,Toronto Centre-Rosedale (28),28,Moss Park (73),73,D51,Toronto East York,JARVIS ST,QUEEN ST E, ,Major Arterial,Intersection,Intersection Related,Traffic Signal,Clear,Daylight,Dry,Fatal,Pedestrian Collisions,Truck Driver,30 to 34,,0,South,Truck - Dump,Going Ahead,Driving Properly,Normal, , , , , , ,1,0,0,0,1,0,0,0,0,0,0,0,0,1
6000381883,2016,3,4,14,11,4,43.65372046,-79.37324152,Toronto Centre-Rosedale (28),28,Moss Park (73),73,D51,Toronto East York,JARVIS ST,QUEEN ST E, ,Major Arterial,Intersection,Intersection Related,Traffic Signal,Clear,Daylight,Dry,Fatal,Pedestrian Collisions,Pedestrian,30 to 34,Fatal,14,East, , , , ,Vehicle is going straight thru inter.while ped cross without ROW,Crossing without right of way,Medical or Physical Disability, , , ,1,0,0,0,1,0,0,0,0,0,0,0,0,1
1129523,2009,9,14,14,13,0,43.76494538,-79.34349029,Don Valley East (34),34,Parkwoods-Donalda (45),45,D33,North York,150 GRAYDON HALL DR, , ,Collector,Mid-Block, ,No Control,Clear,Daylight,Dry,Non-Fatal Injury,Turning Movement,Motorcycle Driver,30 to 34,Major,0,West,Motorcycle,Going Ahead,Exceeding Speed Limit,Had Been Drinking, , , , , , ,0,0,1,1,0,0,0,0,1,1,0,0,0,0
1129523,2009,9,14,14,13,0,43.76494538,-79.34349029,Don Valley East (34),34,Parkwoods-Donalda (45),45,D33,North York,150 GRAYDON HALL DR, , ,Collector,Mid-Block, ,No Control,Clear,Daylight,Dry,Non-Fatal Injury,Turning Movement,Driver,20 to 24,,0,East,"Automobile, Station Wagon",Turning Left,Driving Properly,Normal, , , , , , ,0,0,1,1,0,0,0,0,1,1,0,0,0,0
1351388,2013,3,28,14,13,3,43.70844538,-79.53389029,York South-Weston (11),11,Weston (113),113,D12,Etobicoke York,WESTON Rd,FAIRGLEN Cres, ,Major Arterial,Mid-Block, ,No Control,Clear,Daylight,Dry,Non-Fatal Injury,Turning Movement,Passenger,35 to 39,Major,0, ,Other, , , , , , , , , ,0,0,1,0,0,0,0,1,0,1,0,0,0,0
1351388,2013,3,28,14,13,3,43.70844538,-79.53389029,York South-Weston (11),11,Weston (113),113,D12,Etobicoke York,WESTON Rd,FAIRGLEN Cres, ,Major Arterial,Mid-Block, ,No Control,Clear,Daylight,Dry,Non-Fatal Injury,Turning Movement,Driver,30 to 34,Minor,0,East,"Automobile, Station Wagon",Turning Left,Driving Properly,Normal, , , , , , ,0,0,1,0,0,0,0,1,0,1,0,0,0,0
1351388,2013,3,28,14,13,3,43.70844538,-79.53389029,York South-Weston (11),11,Weston (113),113,D12,Etobicoke York,WESTON Rd,FAIRGLEN Cres, ,Major Arterial,Mid-Block, ,No Control,Clear,Daylight,Dry,Non-Fatal Injury,Turning Movement,Vehicle Owner,unknown, ,0, ,Other, , , , , , , , , ,0,0,1,0,0,0,0,1,0,1,0,0,0,0
1351388,2013,3,28,14,13,3,43.70844538,-79.53389029,York South-Weston (11),11,Weston (113),113,D12,Etobicoke York,WESTON Rd,FAIRGLEN Cres, ,Major Arterial,Mid-Block, ,No Control,Clear,Daylight,Dry,Non-Fatal Injury,Turning Movement,Driver,50 to 54,Minor,0,South,"Automobile, Station Wagon",Going Ahead,Improper Passing,Inattentive, , , , , , ,0,0,1,0,0,0,0,1,0,1,0,0,0,0
5000865695,2015,5,24,14,13,6,43.65973623,-79.40904627,Trinity-Spadina (20),20,University (79),79,D14,Toronto East York,BATHURST ST,ULSTER ST,35 m North of,Major Arterial,Intersection,Non Intersection,Traffic Signal,Clear,Daylight,Other,Non-Fatal Injury,SMV Other,Motorcycle Driver,25 to 29,Major,0,South,Motorcycle,Going Ahead,Driving Properly,Other, , , , , , ,0,0,0,1,0,0,0,0,0,0,0,0,0,0
6001228387,2016,7,13,14,13,2,43.72235449,-79.50896845,York Centre (9),9,Downsview-Roding-CFB (26),26,D31,North York,JANE ST,WILLIAM CRAGG DR, ,Major Arterial,Intersection,Intersection Related,No Control,Clear,Daylight,Dry,Non-Fatal Injury,Turning Movement,Driver,60 to 64,,0,South,"Automobile, Station Wagon",Turning Left,Failed to Yield Right of Way,Normal, , , , , , ,0,0,1,1,0,0,0,0,0,1,0,0,0,0
6001228387,2016,7,13,14,13,2,43.72235449,-79.50896845,York Centre (9),9,Downsview-Roding-CFB (26),26,D31,North York,JANE ST,WILLIAM CRAGG DR, ,Major Arterial,Intersection,Intersection Related,No Control,Clear,Daylight,Dry,Non-Fatal Injury,Turning Movement,Motorcycle Driver,20 to 24,Major,0,North,Motorcycle,Going Ahead,Driving Properly,Normal, , , , , , ,0,0,1,1,0,0,0,0,0,1,0,0,0,0
6001551246,2016,9,1,14,13,3,43.6820484,-79.46651087,Davenport (17),17,Keelesdale-Eglinton West (110),110,D12,Etobicoke York,ROGERS RD,KANE AVE, ,Minor Arterial,Intersection,Intersection Related,No Control,Clear,Daylight,Dry,Non-Fatal Injury,Cyclist Collisions,Cyclist,60 to 64,Major,0,South,Bicycle,Going Ahead, , , , , ,Cyclist turned left across motorists path.,Failed to Yield Right of Way,Normal,0,1,1,0,0,0,0,0,1,1,0,0,0,0
6001551246,2016,9,1,14,13,3,43.6820484,-79.46651087,Davenport (17),17,Keelesdale-Eglinton West (110),110,D12,Etobicoke York,ROGERS RD,KANE AVE, ,Minor Arterial,Intersection,Intersection Related,No Control,Clear,Daylight,Dry,Non-Fatal Injury,Cyclist Collisions,Driver,70 to 74,,0,East,"Automobile, Station Wagon",Going Ahead,Driving Properly,Normal, , , , , , ,0,1,1,0,0,0,0,0,1,1,0,0,0,0
1333336,2012,12,31,14,14,0,43.67774538,-79.44409029,Davenport (17),17,Corso Italia-Davenport (92),92,D13,Etobicoke York,ST CLAIR AVE W,DUFFERIN ST, ,Major Arterial,Mid-Block, ,No Control,Clear,"Dark, artificial",Dry,Non-Fatal Injury,Pedestrian Collisions,Pedestrian,20 to 24,Major,0,North,Other, , , ,Pedestrian involved in a collision with transit vehicle anywhere along roadway,"Crossing, no Traffic Control",Inattentive, , , ,1,0,0,0,0,1,0,0,0,0,0,0,0,0
1333336,2012,12,31,14,14,0,43.67774538,-79.44409029,Davenport (17),17,Corso Italia-Davenport (92),92,D13,Etobicoke York,ST CLAIR AVE W,DUFFERIN ST, ,Major Arterial,Mid-Block, ,No Control,Clear,"Dark, artificial",Dry,Non-Fatal Injury,Pedestrian Collisions,Driver,45 to 49,Minor,0,East,Municipal Transit Bus (TTC),Going Ahead,Driving Properly,Normal, , , , , , ,1,0,0,0,0,1,0,0,0,0,0,0,0,0
6000848793,2016,5,17,14,14,1,43.73180731,-79.51126490000001,York Centre (9),9,Downsview-Roding-CFB (26),26,D31,North York,JANE ST,TROUTBROOKE DR, ,Major Arterial,Intersection,At Intersection,Traffic Signal,Clear,Daylight,Dry,Fatal,Turning Movement,Driver,55 to 59,,0,South,"Automobile, Station Wagon",Turning Left,Failed to Yield Right of Way,Normal, , , , , , ,0,0,1,1,0,0,0,0,0,1,0,0,0,1
6000848793,2016,5,17,14,14,1,43.73180731,-79.51126490000001,York Centre (9),9,Downsview-Roding-CFB (26),26,D31,North York,JANE ST,TROUTBROOKE DR, ,Major Arterial,Intersection,At Intersection,Traffic Signal,Clear,Daylight,Dry,Fatal,Turning Movement,Motorcycle Driver,30 to 34,Fatal,31,North,Motorcycle,Going Ahead,Driving Properly,Normal, , , , , , ,0,0,1,1,0,0,0,0,0,1,0,0,0,1
7001512006,2017,8,21,14,14,0,43.71398538,-79.27192329,Scarborough Southwest (35),35,Clairlea-Birchmount (120),120,D41,Scarborough,ST CLAIR AVE E,BIRCHMOUNT RD,71 m West of,Major Arterial,Mid-Block,Non Intersection,No Control,Clear,Daylight,Dry,Non-Fatal Injury,Angle,Driver,25 to 29,,0,North,"Automobile, Station Wagon",Going Ahead,Failed to Yield Right of Way,Inattentive, , , , , , ,0,0,1,0,0,0,0,0,0,1,0,0,0,0
7001512006,2017,8,21,14,14,0,43.71398538,-79.27192329,Scarborough Southwest (35),35,Clairlea-Birchmount (120),120,D41,Scarborough,ST CLAIR AVE E,BIRCHMOUNT RD,71 m West of,Major Arterial,Mid-Block,Non Intersection,No Control,Clear,Daylight,Dry,Non-Fatal Injury,Angle,Driver,35 to 39,Major,0,East,"Automobile, Station Wagon",Going Ahead,Driving Properly,Normal, , , , , , ,0,0,1,0,0,0,0,0,0,1,0,0,0,0
966627,2007,4,28,14,15,5,43.82724538,-79.29169029,Scarborough-Rouge River (41),41,Milliken (130),130,D42,Scarborough,STEELES AVE E,ASHCOTT ST, ,Major Arterial,Intersection,At Intersection,Traffic Signal,Clear,Daylight,Dry,Non-Fatal Injury,Pedestrian Collisions,Driver,35 to 39,,0,East,"Automobile, Station Wagon",Going Ahead,Driving Properly,Normal, , , , , , ,1,0,1,0,0,0,0,0,0,0,0,0,0,0
966627,2007,4,28,14,15,5,43.82724538,-79.29169029,Scarborough-Rouge River (41),41,Milliken (130),130,D42,Scarborough,STEELES AVE E,ASHCOTT ST, ,Major Arterial,Intersection,At Intersection,Traffic Signal,Clear,Daylight,Dry,Non-Fatal Injury,Pedestrian Collisions,Pedestrian,15 to 19,Major,0,South,Other, , , ,Vehicle is going straight thru inter.while ped cross without ROW,Crossing without right of way,Normal, , , ,1,0,1,0,0,0,0,0,0,0,0,0,0,0
1002607,2007,9,26,14,15,2,43.70694538,-79.26809029,Scarborough Southwest (35),35,Clairlea-Birchmount (120),120,D41,Scarborough,DANFORTH RD,BIRCHMOUNT RD, ,Minor Arterial,Intersection,At Intersection,Traffic Signal,Clear,Daylight,Wet,Non-Fatal Injury,Pedestrian Collisions,Driver,75 to 79,,0,West,"Automobile, Station Wagon",Going Ahead,Driving Properly,Normal, , , , , , ,1,0,1,0,0,0,0,0,0,1,1,0,0,0
1002607,2007,9,26,14,15,2,43.70694538,-79.26809029,Scarborough Southwest (35),35,Clairlea-Birchmount (120),120,D41,Scarborough,DANFORTH RD,BIRCHMOUNT RD, ,Minor Arterial,Intersection,At Intersection,Traffic Signal,Clear,Daylight,Wet,Non-Fatal Injury,Pedestrian Collisions,Vehicle Owner,unknown, ,0, ,Other, , , , , , , , , ,1,0,1,0,0,0,0,0,0,1,1,0,0,0
1002607,2007,9,26,14,15,2,43.70694538,-79.26809029,Scarborough Southwest (35),35,Clairlea-Birchmount (120),120,D41,Scarborough,DANFORTH RD,BIRCHMOUNT RD, ,Minor Arterial,Intersection,At Intersection,Traffic Signal,Clear,Daylight,Wet,Non-Fatal Injury,Pedestrian Collisions,Driver,50 to 54,,0,North,"Automobile, Station Wagon",Going Ahead,Disobeyed Traffic Control,Normal, , , , , , ,1,0,1,0,0,0,0,0,0,1,1,0,0,0