ACCNUM,YEAR,MONTH,DAY,HOUR,MINUTES,WEEKDAY,LATITUDE,LONGITUDE,Ward_Name,Ward_ID,Hood_Name,Hood_ID,Division,District,STREET1,STREET2,OFFSET,ROAD_CLASS,LOCCOORD,ACCLOC,TRAFFCTL,VISIBILITY,LIGHT,RDSFCOND,ACCLASS,IMPACTYPE,INVTYPE,INVAGE,INJURY,FATAL_NO,INITDIR,VEHTYPE,MANOEUVER,DRIVACT,DRIVCOND,PEDTYPE,PEDACT,PEDCOND,CYCLISTYPE,CYCACT,CYCCOND,PEDESTRIAN,CYCLIST,AUTOMOBILE,MOTORCYCLE,TRUCK,TRSN_CITY_VEH,EMERG_VEH,PASSENGER,SPEEDING,AG_DRIV,REDLIGHT,ALCOHOL,DISABILITY,label
1002607,2007,9,26,14,15,2,43.70694538,-79.26809029,Scarborough Southwest (35),35,Clairlea-Birchmount (120),120,D41,Scarborough,DANFORTH RD,BIRCHMOUNT RD, ,Minor Arterial,Intersection,At Intersection,Traffic Signal,Clear,Daylight,Wet,Non-Fatal Injury,Pedestrian Collisions,Pedestrian,30 to 34,Major,0, ,Other, , , ,Vehicle is going straight thru inter.while ped cross without ROW,Crossing without right of way,Normal, , , ,1,0,1,0,0,0,0,0,0,1,1,0,0,0
1025421,2008,1,26,14,15,5,43.66954382,-79.38998804,Toronto Centre-Rosedale (27),27,Bay Street Corridor (76),76,D52,Toronto East York,79 BLOOR ST W, , ,Major Arterial,Mid-Block, ,No Control,Clear,Daylight,Dry,Non-Fatal Injury,Pedestrian Collisions,Cyclist,unknown,,0,East,Bicycle,Going Ahead, , , , , ,Cyclist strikes pedestrian.,Failed to Yield Right of Way,Inattentive,1,1,0,0,0,0,0,0,0,0,0,0,0,0
1025421,2008,1,26,14,15,5,43.66954382,-79.38998804,Toronto Centre-Rosedale (27),27,Bay Street Corridor (76),76,D52,Toronto East York,79 BLOOR ST W, , ,Major Arterial,Mid-Block, ,No Control,Clear,Daylight,Dry,Non-Fatal Injury,Pedestrian Collisions,Pedestrian,75 to 79,Major,0,West, , , , ,Pedestrian hit on sidewalk or shoulder,On Sidewalk or Shoulder,Normal, , , ,1,1,0,0,0,0,0,0,0,0,0,0,0,0
1168213,2010,5,12,14,15,2,43.62034538,-79.51379029,Etobicoke-Lakeshore (6),6,Mimico (includes Humber Bay Shores) (17),17,D22,Etobicoke York,F G GARDINER XY Expr W,KIPLING AVE, ,Expressway,Mid-Block, ,No Control,Clear,Daylight,Dry,Non-Fatal Injury,Sideswipe,Vehicle Owner,unknown, ,0, ,Other, , , , , , , , , ,0,0,1,0,0,0,0,0,1,1,0,0,0,0
1168213,2010,5,12,14,15,2,43.62034538,-79.51379029,Etobicoke-Lakeshore (6),6,Mimico (includes Humber Bay Shores) (17),17,D22,Etobicoke York,F G GARDINER XY Expr W,KIPLING AVE, ,Expressway,Mid-Block, ,No Control,Clear,Daylight,Dry,Non-Fatal Injury,Sideswipe,Driver,15 to 19,,0,West,"Automobile, Station Wagon",Going Ahead,Driving Properly,Normal, , , , , , ,0,0,1,0,0,0,0,0,1,1,0,0,0,0
1168213,2010,5,12,14,15,2,43.62034538,-79.51379029,Etobicoke-Lakeshore (6),6,Mimico (includes Humber Bay Shores) (17),17,D22,Etobicoke York,F G GARDINER XY Expr W,KIPLING AVE, ,Expressway,Mid-Block, ,No Control,Clear,Daylight,Dry,Non-Fatal Injury,Sideswipe,Vehicle Owner,unknown, ,0, ,Other, , , , , , , , , ,0,0,1,0,0,0,0,0,1,1,0,0,0,0
1168213,2010,5,12,14,15,2,43.62034538,-79.51379029,Etobicoke-Lakeshore (6),6,Mimico (includes Humber Bay Shores) (17),17,D22,Etobicoke York,F G GARDINER XY Expr W,KIPLING AVE, ,Expressway,Mid-Block, ,No Control,Clear,Daylight,Dry,Non-Fatal Injury,Sideswipe,Driver,35 to 39,Major,0,West,"Automobile, Station Wagon",Changing Lanes,Lost control,Had Been Drinking, , , , , , ,0,0,1,0,0,0,0,0,1,1,0,0,0,0
1175069,2010,6,26,14,15,5,43.69054538,-79.34919029,Toronto-Danforth (29),29,Old East York (58),58,D54,Toronto East York,PAPE AVE,GAMBLE AVE, ,Major Arterial,Intersection, ,No Control,Rain,Daylight,Wet,Non-Fatal Injury,Pedestrian Collisions,Vehicle Owner,unknown, ,0, ,Other, , , , , , , , , ,1,0,1,0,0,0,0,0,0,0,0,0,0,0
1175069,2010,6,26,14,15,5,43.69054538,-79.34919029,Toronto-Danforth (29),29,Old East York (58),58,D54,Toronto East York,PAPE AVE,GAMBLE AVE, ,Major Arterial,Intersection, ,No Control,Rain,Daylight,Wet,Non-Fatal Injury,Pedestrian Collisions,Driver,15 to 19,,0,South,"Automobile, Station Wagon",Going Ahead,Driving Properly,Normal, , , , , , ,1,0,1,0,0,0,0,0,0,0,0,0,0,0
1175069,2010,6,26,14,15,5,43.69054538,-79.34919029,Toronto-Danforth (29),29,Old East York (58),58,D54,Toronto East York,PAPE AVE,GAMBLE AVE, ,Major Arterial,Intersection, ,No Control,Rain,Daylight,Wet,Non-Fatal Injury,Pedestrian Collisions,Pedestrian,15 to 19,Major,0,East,Other, , , ,Pedestrian hit at mid-block,Crossing without right of way,Inattentive, , , ,1,0,1,0,0,0,0,0,0,0,0,0,0,0
1220073,2011,1,6,14,15,3,43.65104538,-79.38579029,Toronto Centre-Rosedale (28),28,Bay Street Corridor (76),76,D52,Toronto East York,QUEEN ST W,YORK ST, ,Major Arterial,Mid-Block, ,No Control,Snow,Daylight,Wet,Non-Fatal Injury,Pedestrian Collisions,Pedestrian,20 to 24,Major,0,South,Other, , , ,Pedestrian involved in a collision with transit vehicle anywhere along roadway,Walking on Roadway Against Traffic,"Ability Impaired, Alcohol", , , ,1,0,0,0,0,1,0,0,0,0,0,0,0,0
1220073,2011,1,6,14,15,3,43.65104538,-79.38579029,Toronto Centre-Rosedale (28),28,Bay Street Corridor (76),76,D52,Toronto East York,QUEEN ST W,YORK ST, ,Major Arterial,Mid-Block, ,No Control,Snow,Daylight,Wet,Non-Fatal Injury,Pedestrian Collisions,Vehicle Owner,unknown, ,0, ,Other, , , , , , , , , ,1,0,0,0,0,1,0,0,0,0,0,0,0,0
1220073,2011,1,6,14,15,3,43.65104538,-79.38579029,Toronto Centre-Rosedale (28),28,Bay Street Corridor (76),76,D52,Toronto East York,QUEEN ST W,YORK ST, ,Major Arterial,Mid-Block, ,No Control,Snow,Daylight,Wet,Non-Fatal Injury,Pedestrian Collisions,Driver,40 to 44,,0,West,Municipal Transit Bus (TTC),Going Ahead,Driving Properly,Unknown, , , , , , ,1,0,0,0,0,1,0,0,0,0,0,0,0,0
1289501,2012,2,16,14,15,3,43.66634538,-79.31659029,Beaches-East York (32),32,Greenwood-Coxwell (65),65,D55,Toronto East York,COXWELL AVE,QUEEN ST E, ,Minor Arterial,Intersection,At Intersection,Traffic Signal,Clear,Daylight,Wet,Non-Fatal Injury,Other,Passenger,70 to 74,Major,0, ,Other, , , , , , , , , ,0,0,0,0,0,1,0,1,0,0,0,0,0,0
1289501,2012,2,16,14,15,3,43.66634538,-79.31659029,Beaches-East York (32),32,Greenwood-Coxwell (65),65,D55,Toronto East York,COXWELL AVE,QUEEN ST E, ,Minor Arterial,Intersection,At Intersection,Traffic Signal,Clear,Daylight,Wet,Non-Fatal Injury,Other,Vehicle Owner,unknown, ,0, ,Other, , , , , , , , , ,0,0,0,0,0,1,0,1,0,0,0,0,0,0
1289501,2012,2,16,14,15,3,43.66634538,-79.31659029,Beaches-East York (32),32,Greenwood-Coxwell (65),65,D55,Toronto East York,COXWELL AVE,QUEEN ST E, ,Minor Arterial,Intersection,At Intersection,Traffic Signal,Clear,Daylight,Wet,Non-Fatal Injury,Other,Driver,35 to 39,,0,South,Municipal Transit Bus (TTC),Turning Right,Driving Properly,Normal, , , , , , ,0,0,0,0,0,1,0,1,0,0,0,0,0,0
1344412,2012,10,12,14,15,4,43.60124548,-79.50298701,Etobicoke-Lakeshore (6),6,New Toronto (18),18,D22,Etobicoke York,FIFTH Stre,LAKE SHORE Boul W, ,Major Arterial,Intersection, ,Traffic Signal,Clear,Daylight,Dry,Non-Fatal Injury,Cyclist Collisions,Driver,60 to 64,,0,North,"Automobile, Station Wagon",Going Ahead,Other,Unknown, , , , , , ,0,1,1,0,0,0,0,0,0,0,0,0,0,0
1344412,2012,10,12,14,15,4,43.60124548,-79.50298701,Etobicoke-Lakeshore (6),6,New Toronto (18),18,D22,Etobicoke York,FIFTH Stre,LAKE SHORE Boul W, ,Major Arterial,Intersection, ,Traffic Signal,Clear,Daylight,Dry,Non-Fatal Injury,Cyclist Collisions,Cyclist,30 to 34,Major,0,East,Bicycle,Going Ahead, , , , , ,Insufficient information (to determine cyclist crash type).,Other,Unknown,0,1,1,0,0,0,0,0,0,0,0,0,0,0
5000133972,2015,1,23,14,15,4,43.69137533,-79.32062159,Beaches-East York (31),31,Danforth East York (59),59,D54,Toronto East York,GLEBEMOUNT AVE,MORTIMER AVE, ,Minor Arterial,Intersection,At Intersection,Traffic Signal,Clear,Daylight,Dry,Non-Fatal Injury,Angle,Driver,55 to 59,,0,North,"Automobile, Station Wagon",Going Ahead,Failed to Yield Right of Way,Inattentive, , , , , , ,0,0,1,0,0,0,0,1,0,1,0,0,0,0
5000133972,2015,1,23,14,15,4,43.69137533,-79.32062159,Beaches-East York (31),31,Danforth East York (59),59,D54,Toronto East York,GLEBEMOUNT AVE,MORTIMER AVE, ,Minor Arterial,Intersection,At Intersection,Traffic Signal,Clear,Daylight,Dry,Non-Fatal Injury,Angle,Driver,35 to 39,,0,West,"Automobile, Station Wagon",Going Ahead,Driving Properly,Normal, , , , , , ,0,0,1,0,0,0,0,1,0,1,0,0,0,0
5000133972,2015,1,23,14,15,4,43.69137533,-79.32062159,Beaches-East York (31),31,Danforth East York (59),59,D54,Toronto East York,GLEBEMOUNT AVE,MORTIMER AVE, ,Minor Arterial,Intersection,At Intersection,Traffic Signal,Clear,Daylight,Dry,Non-Fatal Injury,Angle,Passenger,85 to 89,Minor,0, , , , , , , , , , , ,0,0,1,0,0,0,0,1,0,1,0,0,0,0
5000133972,2015,1,23,14,15,4,43.69137533,-79.32062159,Beaches-East York (31),31,Danforth East York (59),59,D54,Toronto East York,GLEBEMOUNT AVE,MORTIMER AVE, ,Minor Arterial,Intersection,At Intersection,Traffic Signal,Clear,Daylight,Dry,Non-Fatal Injury,Angle,Passenger,25 to 29,Major,0, , , , , , , , , , , ,0,0,1,0,0,0,0,1,0,1,0,0,0,0
6000310754,2016,2,21,17,30,6,43.71060141,-79.57960139,Etobicoke North (2),2,West Humber-Clairville (1),1,D23,Etobicoke York,1330 MARTIN GROVE RD, ,11 m West of,Major Arterial,Mid-Block,At/Near Private Drive,No Control,Clear,Daylight,Dry,Non-Fatal Injury,Pedestrian Collisions,Truck Driver,50 to 54,,0,East,"Truck - Closed (Blazer, etc)",Reversing,Other,Normal, , , , , , ,1,0,0,0,1,0,0,0,0,0,0,0,0,0
1328809,2012,12,2,17,45,6,43.78754538,-79.26829029,Scarborough-Rouge River (41),41,Agincourt South-Malvern West (128),128,D42,Scarborough,BRIMLEY RD,SHEPPARD AVE E, ,Major Arterial,Intersection,At Intersection,Traffic Signal,"Fog, Mist, Smoke, Dust","Dark, artificial",Wet,Non-Fatal Injury,Pedestrian Collisions,Pedestrian,75 to 79,Major,0,West,Other, , , ,Vehicle turns right while ped crosses with ROW at inter.,Crossing with right of way,Normal, , , ,1,0,1,0,0,0,0,0,0,1,0,0,0,0
6000310754,2016,2,21,17,30,6,43.71060141,-79.57960139,Etobicoke North (2),2,West Humber-Clairville (1),1,D23,Etobicoke York,1330 MARTIN GROVE RD, ,11 m West of,Major Arterial,Mid-Block,At/Near Private Drive,No Control,Clear,Daylight,Dry,Non-Fatal Injury,Pedestrian Collisions,Pedestrian,30 to 34,Major,0,Unknown, , , , ,Pedestrian hit at private driveway,Other,Normal, , , ,1,0,0,0,1,0,0,0,0,0,0,0,0,0
4002543282,2014,7,21,17,45,0,43.68120917,-79.44436274,Davenport (17),17,Corso Italia-Davenport (92),92,D13,Etobicoke York,DUFFERIN ST,CLOVERLAWN AVE, ,Major Arterial,Intersection,At Intersection,Stop Sign,Clear,Daylight,Dry,Non-Fatal Injury,Turning Movement,Driver,20 to 24,,0,West,"Automobile, Station Wagon",Turning Left,Improper Turn,Normal, , , , , , ,0,0,1,0,0,0,0,0,0,0,0,0,0,0
1121596,2009,7,18,16,53,5,43.67134538,-79.29349029,Beaches-East York (32),32,The Beaches (63),63,D55,Toronto East York,QUEEN ST E,SCARBORO BEACH BLVD, ,Minor Arterial,Intersection,At Intersection,Stop Sign,Clear,Daylight,Dry,Non-Fatal Injury,Turning Movement,Other,unknown,,0,West,Other,Parked, , , , , , , , ,0,0,1,1,0,0,0,0,0,1,0,0,0,0
1117851,2009,8,7,17,31,4,43.71924538,-79.45589029,Eglinton-Lawrence (15),15,Yorkdale-Glen Park (31),31,D32,North York,3221 DUFFERIN St, , ,Major Arterial,Mid-Block, ,No Control,Clear,Daylight,Dry,Non-Fatal Injury,Cyclist Collisions,Vehicle Owner,unknown, ,0, ,Other, , , , , , , , , ,0,1,1,0,0,0,0,0,0,0,0,0,0,0
1117851,2009,8,7,17,31,4,43.71924538,-79.45589029,Eglinton-Lawrence (15),15,Yorkdale-Glen Park (31),31,D32,North York,3221 DUFFERIN St, , ,Major Arterial,Mid-Block, ,No Control,Clear,Daylight,Dry,Non-Fatal Injury,Cyclist Collisions,Driver,60 to 64,,0,North,"Automobile, Station Wagon",Turning Right,Driving Properly,Normal, , , , , , ,0,1,1,0,0,0,0,0,0,0,0,0,0,0
1117851,2009,8,7,17,31,4,43.71924538,-79.45589029,Eglinton-Lawrence (15),15,Yorkdale-Glen Park (31),31,D32,North York,3221 DUFFERIN St, , ,Major Arterial,Mid-Block, ,No Control,Clear,Daylight,Dry,Non-Fatal Injury,Cyclist Collisions,Cyclist,50 to 54,Major,0,South,Bicycle,Going Ahead, , , , , ,"Cyclist without ROW rides into path of motorist at inter, lnwy, dwy-Cyclist not turn.",Failed to Yield Right of Way,Inattentive,0,1,1,0,0,0,0,0,0,0,0,0,0,0
1301520,2012,5,5,17,31,5,43.69824538,-79.43839029,St. Paul's (21),21,Oakwood Village (107),107,D13,Toronto East York,EGLINTON AVE W,ATLAS AVE, ,Major Arterial,Intersection, ,No Control,Clear,Daylight,Dry,Non-Fatal Injury,Rear End,Driver,30 to 34,,0,East,"Automobile, Station Wagon",Going Ahead,Following too Close,Normal, , , , , , ,0,0,1,0,0,0,0,1,0,1,0,0,0,0
1301520,2012,5,5,17,31,5,43.69824538,-79.43839029,St. Paul's (21),21,Oakwood Village (107),107,D13,Toronto East York,EGLINTON AVE W,ATLAS AVE, ,Major Arterial,Intersection, ,No Control,Clear,Daylight,Dry,Non-Fatal Injury,Rear End,Passenger,75 to 79,Major,0, ,Other, , , , , , , , , ,0,0,1,0,0,0,0,1,0,1,0,0,0,0
1301520,2012,5,5,17,31,5,43.69824538,-79.43839029,St. Paul's (21),21,Oakwood Village (107),107,D13,Toronto East York,EGLINTON AVE W,ATLAS AVE, ,Major Arterial,Intersection, ,No Control,Clear,Daylight,Dry,Non-Fatal Injury,Rear End,Passenger,20 to 24,Minimal,0, ,Other, , , , , , , , , ,0,0,1,0,0,0,0,1,0,1,0,0,0,0
1301520,2012,5,5,17,31,5,43.69824538,-79.43839029,St. Paul's (21),21,Oakwood Village (107),107,D13,Toronto East York,EGLINTON AVE W,ATLAS AVE, ,Major Arterial,Intersection, ,No Control,Clear,Daylight,Dry,Non-Fatal Injury,Rear End,Driver,45 to 49,Minimal,0,East,"Automobile, Station Wagon",Stopped,Driving Properly,Normal, , , , , , ,0,0,1,0,0,0,0,1,0,1,0,0,0,0
1324317,2012,11,6,17,31,1,43.66624538,-79.37829029,Toronto Centre-Rosedale (27),27,Cabbagetown-South St.James Town (71),71,D51,Toronto East York,JARVIS ST,WELLESLEY ST E, ,Major Arterial,Intersection,At Intersection,Traffic Signal,Clear,Dusk,Dry,Non-Fatal Injury,Pedestrian Collisions,Driver,65 to 69,,0,North,"Automobile, Station Wagon",Going Ahead,Disobeyed Traffic Control,Inattentive, , , , , , ,1,0,1,0,0,0,0,0,0,1,1,0,0,0
1324317,2012,11,6,17,31,1,43.66624538,-79.37829029,Toronto Centre-Rosedale (27),27,Cabbagetown-South St.James Town (71),71,D51,Toronto East York,JARVIS ST,WELLESLEY ST E, ,Major Arterial,Intersection,At Intersection,Traffic Signal,Clear,Dusk,Dry,Non-Fatal Injury,Pedestrian Collisions,Pedestrian,80 to 84,Major,0,East,Other, , , ,Vehicle is going straight thru inter.while ped cross with ROW,Crossing with right of way,Normal, , , ,1,0,1,0,0,0,0,0,0,1,1,0,0,0
1147258,2009,12,8,17,32,1,43.78344538,-79.26639029,Scarborough-Rouge River (41),41,Agincourt South-Malvern West (128),128,D42,Scarborough,PITFIELD Road,BRIMLEY Road, ,Major Arterial,Intersection,At Intersection,Traffic Signal,Clear,Dark,Dry,Non-Fatal Injury,Turning Movement,Passenger,40 to 44,Major,0, ,Other, , , , , , , , , ,0,0,1,0,0,0,0,1,0,0,0,0,0,0
1147258,2009,12,8,17,32,1,43.78344538,-79.26639029,Scarborough-Rouge River (41),41,Agincourt South-Malvern West (128),128,D42,Scarborough,PITFIELD Road,BRIMLEY Road, ,Major Arterial,Intersection,At Intersection,Traffic Signal,Clear,Dark,Dry,Non-Fatal Injury,Turning Movement,Driver,60 to 64,Major,0,East,"Automobile, Station Wagon",Going Ahead,Driving Properly,Normal, , , , , , ,0,0,1,0,0,0,0,1,0,0,0,0,0,0
1147258,2009,12,8,17,32,1,43.78344538,-79.26639029,Scarborough-Rouge River (41),41,Agincourt South-Malvern West (128),128,D42,Scarborough,PITFIELD Road,BRIMLEY Road, ,Major Arterial,Intersection,At Intersection,Traffic Signal,Clear,Dark,Dry,Non-Fatal Injury,Turning Movement,Driver,45 to 49,,0,West,"Automobile, Station Wagon",Turning Left,Improper Turn,Normal, , , , , , ,0,0,1,0,0,0,0,1,0,0,0,0,0,0
1174844,2010,5,19,17,32,2,43.69314538,-79.37229029,Don Valley West (26),26,Leaside-Bennington (56),56,D53,North York,BENNINGTON HEIGHTS DR,MOOREHILL DR, ,Local,Intersection, ,Yield Sign,Clear,Daylight,Dry,Non-Fatal Injury,Turning Movement,Driver,15 to 19,Minimal,0,North,"Automobile, Station Wagon",Turning Left,Failed to Yield Right of Way,Normal, , , , , , ,0,0,1,0,0,0,0,0,0,1,0,0,0,0
1174844,2010,5,19,17,32,2,43.69314538,-79.37229029,Don Valley West (26),26,Leaside-Bennington (56),56,D53,North York,BENNINGTON HEIGHTS DR,MOOREHILL DR, ,Local,Intersection, ,Yield Sign,Clear,Daylight,Dry,Non-Fatal Injury,Turning Movement,Driver,30 to 34,Major,0,West,"Automobile, Station Wagon",Going Ahead,Driving Properly,Normal, , , , , , ,0,0,1,0,0,0,0,0,0,1,0,0,0,0
602001573,2016,11,10,17,32,3,43.750491700000005,-79.25410853,Scarborough Centre (37),37,Bendale (127),127,D41,Scarborough,BRIMLEY RD,GAGE AVE, ,Major Arterial,Mid-Block,Non Intersection,No Control,Clear,"Dark, artificial",Dry,Fatal,Pedestrian Collisions,Driver,70 to 74,Minimal,0,South,Passenger Van,Going Ahead,Driving Properly,Normal, , , , , , ,1,0,1,0,0,0,0,0,0,0,0,0,0,1
602001573,2016,11,10,17,32,3,43.750491700000005,-79.25410853,Scarborough Centre (37),37,Bendale (127),127,D41,Scarborough,BRIMLEY RD,GAGE AVE, ,Major Arterial,Mid-Block,Non Intersection,No Control,Clear,"Dark, artificial",Dry,Fatal,Pedestrian Collisions,Pedestrian,60 to 64,Fatal,71,West, , , , ,Pedestrian hit at mid-block,"Crossing, no Traffic Control",Inattentive, , , ,1,0,1,0,0,0,0,0,0,0,0,0,0,1
602001573,2016,11,10,17,32,3,43.750491700000005,-79.25410853,Scarborough Centre (37),37,Bendale (127),127,D41,Scarborough,BRIMLEY RD,GAGE AVE, ,Major Arterial,Mid-Block,Non Intersection,No Control,Clear,"Dark, artificial",Dry,Fatal,Pedestrian Collisions,Pedestrian,65 to 69,Major,0,West, , , , ,Pedestrian hit at mid-block,"Crossing, no Traffic Control",Unknown, , , ,1,0,1,0,0,0,0,0,0,0,0,0,0,1
7000998235,2017,6,5,17,32,0,43.70822438,-79.56505929,Etobicoke North (2),2,West Humber-Clairville (1),1,D23,Etobicoke York,KIPLING AVE,NAMCO RD, ,Major Arterial,Intersection,Intersection Related,Stop Sign,Clear,Daylight,Dry,Non-Fatal Injury,Angle,Driver,30 to 34,,0,East,"Automobile, Station Wagon",Going Ahead,Failed to Yield Right of Way,Normal, , , , , , ,0,0,1,1,0,0,0,1,0,1,0,0,0,0
7000998235,2017,6,5,17,32,0,43.70822438,-79.56505929,Etobicoke North (2),2,West Humber-Clairville (1),1,D23,Etobicoke York,KIPLING AVE,NAMCO RD, ,Major Arterial,Intersection,Intersection Related,Stop Sign,Clear,Daylight,Dry,Non-Fatal Injury,Angle,Motorcycle Driver,60 to 64,Major,0,South,Motorcycle,Going Ahead,Driving Properly,Normal, , , , , , ,0,0,1,1,0,0,0,1,0,1,0,0,0,0
7000998235,2017,6,5,17,32,0,43.70822438,-79.56505929,Etobicoke North (2),2,West Humber-Clairville (1),1,D23,Etobicoke York,KIPLING AVE,NAMCO RD, ,Major Arterial,Intersection,Intersection Related,Stop Sign,Clear,Daylight,Dry,Non-Fatal Injury,Angle,Passenger,55 to 59,,0, , , , , , , , , , , ,0,0,1,1,0,0,0,1,0,1,0,0,0,0
1045692,2008,6,30,17,33,0,43.74704538,-79.38899029,Don Valley West (25),25,St.Andrew-Windfields (40),40,D32,North York,YORK MILLS RD,FENN AVE, ,Major Arterial,Intersection,At Intersection,Traffic Signal,Clear,Daylight,Dry,Non-Fatal Injury,Pedestrian Collisions,Vehicle Owner,unknown, ,0, ,Other, , , , , , , , , ,1,0,1,0,0,0,0,0,0,1,1,0,0,0
1045692,2008,6,30,17,33,0,43.74704538,-79.38899029,Don Valley West (25),25,St.Andrew-Windfields (40),40,D32,North York,YORK MILLS RD,FENN AVE, ,Major Arterial,Intersection,At Intersection,Traffic Signal,Clear,Daylight,Dry,Non-Fatal Injury,Pedestrian Collisions,Driver,25 to 29,,0,East,"Automobile, Station Wagon",Going Ahead,Disobeyed Traffic Control,Normal, , , , , , ,1,0,1,0,0,0,0,0,0,1,1,0,0,0
1045692,2008,6,30,17,33,0,43.74704538,-79.38899029,Don Valley West (25),25,St.Andrew-Windfields (40),40,D32,North York,YORK MILLS RD,FENN AVE, ,Major Arterial,Intersection,At Intersection,Traffic Signal,Clear,Daylight,Dry,Non-Fatal Injury,Pedestrian Collisions,Pedestrian,5 to 9,,0, ,Other, , , ,Vehicle is going straight thru inter.while ped cross with ROW,Crossing with right of way,Normal, , , ,1,0,1,0,0,0,0,0,0,1,1,0,0,0
1045692,2008,6,30,17,33,0,43.74704538,-79.38899029,Don Valley West (25),25,St.Andrew-Windfields (40),40,D32,North York,YORK MILLS RD,FENN AVE, ,Major Arterial,Intersection,At Intersection,Traffic Signal,Clear,Daylight,Dry,Non-Fatal Injury,Pedestrian Collisions,Pedestrian,5 to 9,,0, ,Other,Unknown, , ,Vehicle is going straight thru inter.while ped cross with ROW,Crossing with right of way,Normal, , , ,1,0,1,0,0,0,0,0,0,1,1,0,0,0
1045692,2008,6,30,17,33,0,43.74704538,-79.38899029,Don Valley West (25),25,St.Andrew-Windfields (40),40,D32,North York,YORK MILLS RD,FENN AVE, ,Major Arterial,Intersection,At Intersection,Traffic Signal,Clear,Daylight,Dry,Non-Fatal Injury,Pedestrian Collisions,Pedestrian,25 to 29,Minor,0, ,Other, , , ,Vehicle is going straight thru inter.while ped cross with ROW,Crossing with right of way,Normal, , , ,1,0,1,0,0,0,0,0,0,1,1,0,0,0
1045692,2008,6,30,17,33,0,43.74704538,-79.38899029,Don Valley West (25),25,St.Andrew-Windfields (40),40,D32,North York,YORK MILLS RD,FENN AVE, ,Major Arterial,Intersection,At Intersection,Traffic Signal,Clear,Daylight,Dry,Non-Fatal Injury,Pedestrian Collisions,Pedestrian,15 to 19,Major,0, ,Other,Unknown, , ,Vehicle is going straight thru inter.while ped cross with ROW,Crossing with right of way,Normal, , , ,1,0,1,0,0,0,0,0,0,1,1,0,0,0
1293192,2012,3,15,17,33,3,43.63354538,-79.57079029,Etobicoke Centre (3),3,Markland Wood (12),12,D22,Etobicoke York,BLOOR Stre W,MARKLAND Driv, ,Major Arterial,Intersection,At Intersection,Traffic Signal,Clear,Daylight,Dry,Non-Fatal Injury,Turning Movement,Passenger,20 to 24,Major,0, ,Other, , , , , , , , , ,0,0,1,0,0,0,0,1,0,1,0,0,0,0
1293192,2012,3,15,17,33,3,43.63354538,-79.57079029,Etobicoke Centre (3),3,Markland Wood (12),12,D22,Etobicoke York,BLOOR Stre W,MARKLAND Driv, ,Major Arterial,Intersection,At Intersection,Traffic Signal,Clear,Daylight,Dry,Non-Fatal Injury,Turning Movement,Driver,30 to 34,Major,0,East,"Automobile, Station Wagon",Going Ahead,Driving Properly,Normal, , , , , , ,0,0,1,0,0,0,0,1,0,1,0,0,0,0
1293192,2012,3,15,17,33,3,43.63354538,-79.57079029,Etobicoke Centre (3),3,Markland Wood (12),12,D22,Etobicoke York,BLOOR Stre W,MARKLAND Driv, ,Major Arterial,Intersection,At Intersection,Traffic Signal,Clear,Daylight,Dry,Non-Fatal Injury,Turning Movement,Driver,50 to 54,Major,0,West,"Automobile, Station Wagon",Turning Left,Failed to Yield Right of Way,Normal, , , , , , ,0,0,1,0,0,0,0,1,0,1,0,0,0,0
6001603750,2016,9,9,17,33,4,43.69381293,-79.44590388,Eglinton-Lawrence (15),15,Oakwood Village (107),107,D13,North York,LAUDER AVE,AMHERST AVE,100 m North of,Local, ,Laneway,No Control,Clear,"Dark, artificial",Dry,Non-Fatal Injury,Pedestrian Collisions,Driver,0 to 4,,0,Unknown, ,Unknown,Other,Unknown, , , , , , ,1,0,0,0,0,0,0,0,0,0,0,0,0,0
6001603750,2016,9,9,17,33,4,43.69381293,-79.44590388,Eglinton-Lawrence (15),15,Oakwood Village (107),107,D13,North York,LAUDER AVE,AMHERST AVE,100 m North of,Local, ,Laneway,No Control,Clear,"Dark, artificial",Dry,Non-Fatal Injury,Pedestrian Collisions,Pedestrian,15 to 19,Major,0, , , , , , , ,Other, , , ,1,0,0,0,0,0,0,0,0,0,0,0,0,0
966632,2007,4,28,17,34,5,43.66234538,-79.42579029,Trinity-Spadina (19),19,Dovercourt-Wallace Emerson-Junction (93),93,D14,Toronto East York,746 OSSINGTON AVE, , ,Minor Arterial,Mid-Block, ,No Control,Clear,Daylight,Dry,Non-Fatal Injury,Pedestrian Collisions,Vehicle Owner,unknown, ,0, ,Other, , , , , , , , , ,1,0,0,0,0,1,0,0,0,1,0,0,0,0
966632,2007,4,28,17,34,5,43.66234538,-79.42579029,Trinity-Spadina (19),19,Dovercourt-Wallace Emerson-Junction (93),93,D14,Toronto East York,746 OSSINGTON AVE, , ,Minor Arterial,Mid-Block, ,No Control,Clear,Daylight,Dry,Non-Fatal Injury,Pedestrian Collisions,Driver,45 to 49,,0,North,Municipal Transit Bus (TTC),Turning Left,Failed to Yield Right of Way,Normal, , , , , , ,1,0,0,0,0,1,0,0,0,1,0,0,0,0
966632,2007,4,28,17,34,5,43.66234538,-79.42579029,Trinity-Spadina (19),19,Dovercourt-Wallace Emerson-Junction (93),93,D14,Toronto East York,746 OSSINGTON AVE, , ,Minor Arterial,Mid-Block, ,No Control,Clear,Daylight,Dry,Non-Fatal Injury,Pedestrian Collisions,Pedestrian,75 to 79,Major,0,South,Other, , , ,Pedestrian involved in a collision with transit vehicle anywhere along roadway,"Crossing, no Traffic Control",Normal, , , ,1,0,0,0,0,1,0,0,0,1,0,0,0,0