ACCNUM,YEAR,MONTH,DAY,HOUR,MINUTES,WEEKDAY,LATITUDE,LONGITUDE,Ward_Name,Ward_ID,Hood_Name,Hood_ID,Division,District,STREET1,STREET2,OFFSET,ROAD_CLASS,LOCCOORD,ACCLOC,TRAFFCTL,VISIBILITY,LIGHT,RDSFCOND,ACCLASS,IMPACTYPE,INVTYPE,INVAGE,INJURY,FATAL_NO,INITDIR,VEHTYPE,MANOEUVER,DRIVACT,DRIVCOND,PEDTYPE,PEDACT,PEDCOND,CYCLISTYPE,CYCACT,CYCCOND,PEDESTRIAN,CYCLIST,AUTOMOBILE,MOTORCYCLE,TRUCK,TRSN_CITY_VEH,EMERG_VEH,PASSENGER,SPEEDING,AG_DRIV,REDLIGHT,ALCOHOL,DISABILITY,label
1039230,2008,5,7,17,34,2,43.65324538,-79.42819029,Davenport (18),18,Dufferin Grove (83),83,D14,Toronto East York,COLLEGE ST,RUSHOLME RD, ,Major Arterial,Intersection,At Intersection,No Control,Rain,Daylight,Wet,Non-Fatal Injury,Cyclist Collisions,Driver,unknown,,0,West,"Automobile, Station Wagon",Going Ahead,Other,Inattentive, , , , , , ,0,1,1,0,0,0,0,0,0,0,0,0,0,0
1039230,2008,5,7,17,34,2,43.65324538,-79.42819029,Davenport (18),18,Dufferin Grove (83),83,D14,Toronto East York,COLLEGE ST,RUSHOLME RD, ,Major Arterial,Intersection,At Intersection,No Control,Rain,Daylight,Wet,Non-Fatal Injury,Cyclist Collisions,Cyclist,20 to 24,Major,0,West,Bicycle,Unknown, , , , , ,Cyclist struck opened vehicle door,Driving Properly,Unknown,0,1,1,0,0,0,0,0,0,0,0,0,0,0
1209440,2010,12,28,17,34,1,43.82534538,-79.29999029,Scarborough-Rouge River (41),41,Milliken (130),130,D42,Scarborough,STEELES AVE E,SILVER STAR BLVD, ,Major Arterial,Intersection,At Intersection,Traffic Signal,Snow,Dark,Wet,Fatal,Pedestrian Collisions,Passenger,70 to 74,,0, ,Other, , , , , , , , , ,1,0,1,0,0,0,0,1,0,0,0,0,0,1
1209440,2010,12,28,17,34,1,43.82534538,-79.29999029,Scarborough-Rouge River (41),41,Milliken (130),130,D42,Scarborough,STEELES AVE E,SILVER STAR BLVD, ,Major Arterial,Intersection,At Intersection,Traffic Signal,Snow,Dark,Wet,Fatal,Pedestrian Collisions,Driver,75 to 79,,0,East,"Automobile, Station Wagon",Going Ahead,Driving Properly,Normal, , , , , , ,1,0,1,0,0,0,0,1,0,0,0,0,0,1
1209440,2010,12,28,17,34,1,43.82534538,-79.29999029,Scarborough-Rouge River (41),41,Milliken (130),130,D42,Scarborough,STEELES AVE E,SILVER STAR BLVD, ,Major Arterial,Intersection,At Intersection,Traffic Signal,Snow,Dark,Wet,Fatal,Pedestrian Collisions,Pedestrian,30 to 34,Fatal,43,North,Other, , , ,Pedestrian hit at mid-block,"Crossing, no Traffic Control",Unknown, , , ,1,0,1,0,0,0,0,1,0,0,0,0,0,1
1349359,2013,3,29,17,34,4,43.65024527,-79.34849177,Toronto Centre-Rosedale (28),28,Waterfront Communities-The Island (77),77,D51,Toronto East York,LAKE SHORE BLVD E,DON ROADWAY, ,Major Arterial,Mid-Block, ,No Control,Clear,Daylight,Dry,Fatal,SMV Other,Vehicle Owner,unknown, ,0, , , , , , , , , , , ,0,0,1,0,0,0,0,1,0,0,0,0,0,1
1349359,2013,3,29,17,34,4,43.65024527,-79.34849177,Toronto Centre-Rosedale (28),28,Waterfront Communities-The Island (77),77,D51,Toronto East York,LAKE SHORE BLVD E,DON ROADWAY, ,Major Arterial,Mid-Block, ,No Control,Clear,Daylight,Dry,Fatal,SMV Other,Driver,15 to 19,Minor,0,East,"Automobile, Station Wagon",Going Ahead,Lost control,Unknown, , , , , , ,0,0,1,0,0,0,0,1,0,0,0,0,0,1
1349359,2013,3,29,17,34,4,43.65024527,-79.34849177,Toronto Centre-Rosedale (28),28,Waterfront Communities-The Island (77),77,D51,Toronto East York,LAKE SHORE BLVD E,DON ROADWAY, ,Major Arterial,Mid-Block, ,No Control,Clear,Daylight,Dry,Fatal,SMV Other,Passenger,15 to 19,Minor,0, , , , , , , , , , , ,0,0,1,0,0,0,0,1,0,0,0,0,0,1
1349359,2013,3,29,17,34,4,43.65024527,-79.34849177,Toronto Centre-Rosedale (28),28,Waterfront Communities-The Island (77),77,D51,Toronto East York,LAKE SHORE BLVD E,DON ROADWAY, ,Major Arterial,Mid-Block, ,No Control,Clear,Daylight,Dry,Fatal,SMV Other,Other Property Owner,unknown, ,0, , , , , , , , , , , ,0,0,1,0,0,0,0,1,0,0,0,0,0,1
1349359,2013,3,29,17,34,4,43.65024527,-79.34849177,Toronto Centre-Rosedale (28),28,Waterfront Communities-The Island (77),77,D51,Toronto East York,LAKE SHORE BLVD E,DON ROADWAY, ,Major Arterial,Mid-Block, ,No Control,Clear,Daylight,Dry,Fatal,SMV Other,Passenger,15 to 19,Minor,0, , , , , , , , , , , ,0,0,1,0,0,0,0,1,0,0,0,0,0,1
1349359,2013,3,29,17,34,4,43.65024527,-79.34849177,Toronto Centre-Rosedale (28),28,Waterfront Communities-The Island (77),77,D51,Toronto East York,LAKE SHORE BLVD E,DON ROADWAY, ,Major Arterial,Mid-Block, ,No Control,Clear,Daylight,Dry,Fatal,SMV Other,Passenger,15 to 19,Minor,0, , , , , , , , , , , ,0,0,1,0,0,0,0,1,0,0,0,0,0,1
1349359,2013,3,29,17,34,4,43.65024527,-79.34849177,Toronto Centre-Rosedale (28),28,Waterfront Communities-The Island (77),77,D51,Toronto East York,LAKE SHORE BLVD E,DON ROADWAY, ,Major Arterial,Mid-Block, ,No Control,Clear,Daylight,Dry,Fatal,SMV Other,Passenger,15 to 19,Fatal,8, , , , , , , , , , , ,0,0,1,0,0,0,0,1,0,0,0,0,0,1
2015611703,2015,4,13,17,34,0,43.72266348,-79.49988947,York Centre (9),9,Downsview-Roding-CFB (26),26,D31,North York,WILSON AVE,WILLIAM CRAGG DR, ,Major Arterial,Mid-Block, ,No Control,Clear,Daylight,Dry,Fatal,Rear End,Driver,85 to 89,Fatal,18,West,"Automobile, Station Wagon",Going Ahead,Following too Close,Inattentive, , , , , , ,0,0,1,0,0,1,0,0,0,1,0,0,0,1
2015611703,2015,4,13,17,34,0,43.72266348,-79.49988947,York Centre (9),9,Downsview-Roding-CFB (26),26,D31,North York,WILSON AVE,WILLIAM CRAGG DR, ,Major Arterial,Mid-Block, ,No Control,Clear,Daylight,Dry,Fatal,Rear End,Driver,50 to 54,,0,West,Municipal Transit Bus (TTC),Going Ahead,Driving Properly,Normal, , , , , , ,0,0,1,0,0,1,0,0,0,1,0,0,0,1
950302,2007,1,16,17,35,1,43.69704538,-79.54669029,Etobicoke Centre (4),4,Kingsview Village-The Westway (6),6,D23,Etobicoke York,DIXON RD,ISLINGTON AVE, ,Major Arterial,Intersection,At Intersection,Traffic Signal,Clear,Dark,Dry,Non-Fatal Injury,Turning Movement,Vehicle Owner,unknown,,0, ,Other, , , , , , , , , ,0,0,1,0,1,0,0,0,0,0,0,0,0,0
950302,2007,1,16,17,35,1,43.69704538,-79.54669029,Etobicoke Centre (4),4,Kingsview Village-The Westway (6),6,D23,Etobicoke York,DIXON RD,ISLINGTON AVE, ,Major Arterial,Intersection,At Intersection,Traffic Signal,Clear,Dark,Dry,Non-Fatal Injury,Turning Movement,Truck Driver,40 to 44,Minimal,0,East,Truck - Open,Turning Left,Improper Turn,Normal, , , , , , ,0,0,1,0,1,0,0,0,0,0,0,0,0,0
950302,2007,1,16,17,35,1,43.69704538,-79.54669029,Etobicoke Centre (4),4,Kingsview Village-The Westway (6),6,D23,Etobicoke York,DIXON RD,ISLINGTON AVE, ,Major Arterial,Intersection,At Intersection,Traffic Signal,Clear,Dark,Dry,Non-Fatal Injury,Turning Movement,Driver,25 to 29,Major,0,West,"Automobile, Station Wagon",Going Ahead,Driving Properly,Normal, , , , , , ,0,0,1,0,1,0,0,0,0,0,0,0,0,0
1264639,2011,11,16,17,35,2,43.71044538,-79.33459029,Don Valley West (26),26,Flemingdon Park (44),44,D54,North York,DON MILLS RD,OVERLEA BLVD, ,Major Arterial,Mid-Block, ,No Control,Clear,Dark,Dry,Non-Fatal Injury,Pedestrian Collisions,Vehicle Owner,unknown, ,0, ,Other, , , , , , , , , ,1,0,1,0,0,0,0,0,0,0,0,0,0,0
1264639,2011,11,16,17,35,2,43.71044538,-79.33459029,Don Valley West (26),26,Flemingdon Park (44),44,D54,North York,DON MILLS RD,OVERLEA BLVD, ,Major Arterial,Mid-Block, ,No Control,Clear,Dark,Dry,Non-Fatal Injury,Pedestrian Collisions,Driver,15 to 19,,0,South,"Automobile, Station Wagon",Going Ahead,Driving Properly,Normal, , , , , , ,1,0,1,0,0,0,0,0,0,0,0,0,0,0
1264639,2011,11,16,17,35,2,43.71044538,-79.33459029,Don Valley West (26),26,Flemingdon Park (44),44,D54,North York,DON MILLS RD,OVERLEA BLVD, ,Major Arterial,Mid-Block, ,No Control,Clear,Dark,Dry,Non-Fatal Injury,Pedestrian Collisions,Pedestrian,30 to 34,Major,0,West,Other, , , ,Pedestrian hit at mid-block,Running onto Roadway,Inattentive, , , ,1,0,1,0,0,0,0,0,0,0,0,0,0,0
1264639,2011,11,16,17,35,2,43.71044538,-79.33459029,Don Valley West (26),26,Flemingdon Park (44),44,D54,North York,DON MILLS RD,OVERLEA BLVD, ,Major Arterial,Mid-Block, ,No Control,Clear,Dark,Dry,Non-Fatal Injury,Pedestrian Collisions,Pedestrian,10 to 14,Major,0,West,Other, , , ,Pedestrian hit at mid-block,Running onto Roadway,Inattentive, , , ,1,0,1,0,0,0,0,0,0,0,0,0,0,0
1343484,2013,1,8,17,35,1,43.64294538,-79.38149029,Trinity-Spadina (20),20,Waterfront Communities-The Island (77),77,D52,Toronto East York,YORK ST,BREMNER BLVD, ,Major Arterial,Intersection,At Intersection,Traffic Signal,Clear,"Dark, artificial",Dry,Non-Fatal Injury,Pedestrian Collisions,Driver,55 to 59,,0,North,"Automobile, Station Wagon",Going Ahead,Driving Properly,Normal, , , , , , ,1,0,1,0,0,0,0,0,0,1,1,0,0,0
1343484,2013,1,8,17,35,1,43.64294538,-79.38149029,Trinity-Spadina (20),20,Waterfront Communities-The Island (77),77,D52,Toronto East York,YORK ST,BREMNER BLVD, ,Major Arterial,Intersection,At Intersection,Traffic Signal,Clear,"Dark, artificial",Dry,Non-Fatal Injury,Pedestrian Collisions,Vehicle Owner,unknown, ,0, ,Other, , , , , , , , , ,1,0,1,0,0,0,0,0,0,1,1,0,0,0
1343484,2013,1,8,17,35,1,43.64294538,-79.38149029,Trinity-Spadina (20),20,Waterfront Communities-The Island (77),77,D52,Toronto East York,YORK ST,BREMNER BLVD, ,Major Arterial,Intersection,At Intersection,Traffic Signal,Clear,"Dark, artificial",Dry,Non-Fatal Injury,Pedestrian Collisions,Driver,20 to 24,,0,East,"Automobile, Station Wagon",Going Ahead,Disobeyed Traffic Control,Inattentive, , , , , , ,1,0,1,0,0,0,0,0,0,1,1,0,0,0
1343484,2013,1,8,17,35,1,43.64294538,-79.38149029,Trinity-Spadina (20),20,Waterfront Communities-The Island (77),77,D52,Toronto East York,YORK ST,BREMNER BLVD, ,Major Arterial,Intersection,At Intersection,Traffic Signal,Clear,"Dark, artificial",Dry,Non-Fatal Injury,Pedestrian Collisions,Other Property Owner,unknown, ,0, ,Other, , , , , , , , , ,1,0,1,0,0,0,0,0,0,1,1,0,0,0
1343484,2013,1,8,17,35,1,43.64294538,-79.38149029,Trinity-Spadina (20),20,Waterfront Communities-The Island (77),77,D52,Toronto East York,YORK ST,BREMNER BLVD, ,Major Arterial,Intersection,At Intersection,Traffic Signal,Clear,"Dark, artificial",Dry,Non-Fatal Injury,Pedestrian Collisions,Pedestrian,45 to 49,Major,0,Unknown,Other, , , ,Pedestrian hit on sidewalk or shoulder,On Sidewalk or Shoulder,Normal, , , ,1,0,1,0,0,0,0,0,0,1,1,0,0,0
6001682532,2016,9,21,17,35,2,43.68122824,-79.42766199,St. Paul's (21),21,Wychwood (94),94,D13,Toronto East York,ST CLAIR AVE W,RUSHTON RD,23 m West of,Major Arterial,Intersection,Intersection Related,No Control,Clear,Daylight,Dry,Non-Fatal Injury,Pedestrian Collisions,Driver,30 to 34,,0,West,"Automobile, Station Wagon",Going Ahead,Driving Properly,Normal, , , , , , ,1,0,1,0,0,0,0,1,0,0,0,0,0,0
6001682532,2016,9,21,17,35,2,43.68122824,-79.42766199,St. Paul's (21),21,Wychwood (94),94,D13,Toronto East York,ST CLAIR AVE W,RUSHTON RD,23 m West of,Major Arterial,Intersection,Intersection Related,No Control,Clear,Daylight,Dry,Non-Fatal Injury,Pedestrian Collisions,Passenger,25 to 29,,0, , , , , , , , , , , ,1,0,1,0,0,0,0,1,0,0,0,0,0,0
6001682532,2016,9,21,17,35,2,43.68122824,-79.42766199,St. Paul's (21),21,Wychwood (94),94,D13,Toronto East York,ST CLAIR AVE W,RUSHTON RD,23 m West of,Major Arterial,Intersection,Intersection Related,No Control,Clear,Daylight,Dry,Non-Fatal Injury,Pedestrian Collisions,Pedestrian,65 to 69,Major,0,South, , , , ,Pedestrian hit at mid-block,"Crossing, no Traffic Control",Had Been Drinking, , , ,1,0,1,0,0,0,0,1,0,0,0,0,0,0
7001383874,2017,8,1,17,35,1,43.65200766,-79.39652643,Trinity-Spadina (20),20,Kensington-Chinatown (78),78,D52,Toronto East York,GRANGE AVE,LARCH ST,3 m West of,Local,Intersection,At Intersection,No Control,Clear,Daylight,Dry,Non-Fatal Injury,Cyclist Collisions,Cyclist,30 to 34,Major,0,East,Bicycle,Going Ahead, , , , , ,Cyclist and Driver travelling in same direction. One vehicle rear-ended the other.,Failed to Yield Right of Way,Inattentive,0,1,1,0,0,0,0,0,0,0,0,0,0,0
7001383874,2017,8,1,17,35,1,43.65200766,-79.39652643,Trinity-Spadina (20),20,Kensington-Chinatown (78),78,D52,Toronto East York,GRANGE AVE,LARCH ST,3 m West of,Local,Intersection,At Intersection,No Control,Clear,Daylight,Dry,Non-Fatal Injury,Cyclist Collisions,Driver,60 to 64,,0,East,"Automobile, Station Wagon",Slowing or Stopping,Driving Properly,Normal, , , , , , ,0,1,1,0,0,0,0,0,0,0,0,0,0,0
7001609078,2017,9,5,17,35,1,43.69990118,-79.39370356,St. Paul's (22),22,Mount Pleasant West (104),104,D53,Toronto East York,MILLWOOD RD,YONGE  ST,297 m East of,Local,Mid-Block,Non Intersection,No Control,Clear,Daylight,Dry,Non-Fatal Injury,Pedestrian Collisions,Driver,35 to 39,,0,East,"Automobile, Station Wagon",Going Ahead,Driving Properly,Normal, , , , , , ,1,0,1,0,0,0,0,1,0,0,0,0,0,0
7001609078,2017,9,5,17,35,1,43.69990118,-79.39370356,St. Paul's (22),22,Mount Pleasant West (104),104,D53,Toronto East York,MILLWOOD RD,YONGE  ST,297 m East of,Local,Mid-Block,Non Intersection,No Control,Clear,Daylight,Dry,Non-Fatal Injury,Pedestrian Collisions,Passenger,40 to 44,,0, , , , , , , , , , , ,1,0,1,0,0,0,0,1,0,0,0,0,0,0
7001609078,2017,9,5,17,35,1,43.69990118,-79.39370356,St. Paul's (22),22,Mount Pleasant West (104),104,D53,Toronto East York,MILLWOOD RD,YONGE  ST,297 m East of,Local,Mid-Block,Non Intersection,No Control,Clear,Daylight,Dry,Non-Fatal Injury,Pedestrian Collisions,Passenger,0 to 4,,0, , , , , , , , , , , ,1,0,1,0,0,0,0,1,0,0,0,0,0,0
7001609078,2017,9,5,17,35,1,43.69990118,-79.39370356,St. Paul's (22),22,Mount Pleasant West (104),104,D53,Toronto East York,MILLWOOD RD,YONGE  ST,297 m East of,Local,Mid-Block,Non Intersection,No Control,Clear,Daylight,Dry,Non-Fatal Injury,Pedestrian Collisions,Pedestrian,5 to 9,Major,0,North, , , , ,Pedestrian hit at mid-block,"Crossing, no Traffic Control",Inattentive, , , ,1,0,1,0,0,0,0,1,0,0,0,0,0,0
7003222099,2017,12,18,17,35,0,43.68542822,-79.49513636,York South-Weston (11),11,Mount Dennis (115),115,D12,Etobicoke York,EGLINTON AVE W,WESTON RD, ,Major Arterial,Mid-Block,Non Intersection,No Control,Clear,Daylight,Wet,Fatal,Pedestrian Collisions,Pedestrian,85 to 89,Fatal,0,South, , , , ,Pedestrian hit at mid-block,"Crossing, no Traffic Control",Inattentive, , , ,1,0,1,0,0,0,0,0,0,0,0,0,0,1
7003222099,2017,12,18,17,35,0,43.68542822,-79.49513636,York South-Weston (11),11,Mount Dennis (115),115,D12,Etobicoke York,EGLINTON AVE W,WESTON RD, ,Major Arterial,Mid-Block,Non Intersection,No Control,Clear,Daylight,Wet,Fatal,Pedestrian Collisions,Driver,65 to 69,,59,West,"Automobile, Station Wagon",Going Ahead,Driving Properly,Normal, , , , , , ,1,0,1,0,0,0,0,0,0,0,0,0,0,1
1307860,2012,7,30,17,36,0,43.64224538,-79.42859029,Parkdale-High Park (14),14,Roncesvalles (86),86,D14,Toronto East York,DUFFERIN ST,QUEEN ST W, ,Minor Arterial,Intersection, ,Traffic Signal,Clear,Daylight,Dry,Non-Fatal Injury,Pedestrian Collisions,Driver,40 to 44,,0,North,"Automobile, Station Wagon",Going Ahead,Driving Properly,Normal, , , , , , ,1,0,1,0,0,0,0,0,0,0,0,0,0,0
1307860,2012,7,30,17,36,0,43.64224538,-79.42859029,Parkdale-High Park (14),14,Roncesvalles (86),86,D14,Toronto East York,DUFFERIN ST,QUEEN ST W, ,Minor Arterial,Intersection, ,Traffic Signal,Clear,Daylight,Dry,Non-Fatal Injury,Pedestrian Collisions,Pedestrian,65 to 69,Major,0,West,Other, , , ,Vehicle is going straight thru inter.while ped cross without ROW,Crossing without right of way,Had Been Drinking, , , ,1,0,1,0,0,0,0,0,0,0,0,0,0,0
4002835706,2014,9,3,17,36,2,43.68446692,-79.49882136,York South-Weston (11),11,Rockcliffe-Smythe (111),111,D12,Etobicoke York,JANE ST,EGLINTON AVE W, ,Major Arterial,Intersection,Intersection Related,No Control,Clear,Daylight,Dry,Non-Fatal Injury,Pedestrian Collisions,Driver,45 to 49,,0,South,Pick Up Truck,Going Ahead,Driving Properly,Normal, , , , , , ,1,0,1,0,0,0,0,0,0,0,0,0,0,0
4002835706,2014,9,3,17,36,2,43.68446692,-79.49882136,York South-Weston (11),11,Rockcliffe-Smythe (111),111,D12,Etobicoke York,JANE ST,EGLINTON AVE W, ,Major Arterial,Intersection,Intersection Related,No Control,Clear,Daylight,Dry,Non-Fatal Injury,Pedestrian Collisions,Pedestrian,50 to 54,Major,0,East, , , , ,Pedestrian hit at mid-block,Running onto Roadway,"Ability Impaired, Drugs", , , ,1,0,1,0,0,0,0,0,0,0,0,0,0,0
4003174449,2014,10,25,17,36,5,43.64729269,-79.39577875,Trinity-Spadina (20),20,Waterfront Communities-The Island (77),77,D52,Toronto East York,123 SPADINA AVE, , ,Major Arterial,Intersection,Intersection Related,No Control,Clear,Daylight,Dry,Non-Fatal Injury,Sideswipe,Driver,35 to 39,,0,North,"Automobile, Station Wagon",Changing Lanes,Improper Lane Change,Inattentive, , , , , , ,0,0,1,1,0,0,0,0,0,0,0,0,0,0
4003174449,2014,10,25,17,36,5,43.64729269,-79.39577875,Trinity-Spadina (20),20,Waterfront Communities-The Island (77),77,D52,Toronto East York,123 SPADINA AVE, , ,Major Arterial,Intersection,Intersection Related,No Control,Clear,Daylight,Dry,Non-Fatal Injury,Sideswipe,Motorcycle Driver,30 to 34,Major,0,North,Motorcycle,Going Ahead,Driving Properly,Normal, , , , , , ,0,0,1,1,0,0,0,0,0,0,0,0,0,0
1057170,2008,8,4,17,37,0,43.69364538,-79.27729029,Scarborough Southwest (35),35,Oakridge (121),121,D41,Scarborough,DANFORTH Road,DANFORTH Aven, ,Minor Arterial,Intersection,At Intersection,Traffic Signal,Clear,Daylight,Dry,Non-Fatal Injury,Rear End,Passenger,35 to 39,Minor,0, ,Other, , , , , , , , , ,0,0,1,0,0,0,0,1,0,1,0,0,1,0
1057170,2008,8,4,17,37,0,43.69364538,-79.27729029,Scarborough Southwest (35),35,Oakridge (121),121,D41,Scarborough,DANFORTH Road,DANFORTH Aven, ,Minor Arterial,Intersection,At Intersection,Traffic Signal,Clear,Daylight,Dry,Non-Fatal Injury,Rear End,Driver,50 to 54,Minor,0,South,"Automobile, Station Wagon",Stopped,Driving Properly,Normal, , , , , , ,0,0,1,0,0,0,0,1,0,1,0,0,1,0
1057170,2008,8,4,17,37,0,43.69364538,-79.27729029,Scarborough Southwest (35),35,Oakridge (121),121,D41,Scarborough,DANFORTH Road,DANFORTH Aven, ,Minor Arterial,Intersection,At Intersection,Traffic Signal,Clear,Daylight,Dry,Non-Fatal Injury,Rear End,Passenger,15 to 19,Minor,0, ,Other,Other, , , , , , , , ,0,0,1,0,0,0,0,1,0,1,0,0,1,0
1057170,2008,8,4,17,37,0,43.69364538,-79.27729029,Scarborough Southwest (35),35,Oakridge (121),121,D41,Scarborough,DANFORTH Road,DANFORTH Aven, ,Minor Arterial,Intersection,At Intersection,Traffic Signal,Clear,Daylight,Dry,Non-Fatal Injury,Rear End,Passenger,10 to 14,Minor,0, ,Other, , , , , , , , , ,0,0,1,0,0,0,0,1,0,1,0,0,1,0
1057170,2008,8,4,17,37,0,43.69364538,-79.27729029,Scarborough Southwest (35),35,Oakridge (121),121,D41,Scarborough,DANFORTH Road,DANFORTH Aven, ,Minor Arterial,Intersection,At Intersection,Traffic Signal,Clear,Daylight,Dry,Non-Fatal Injury,Rear End,Vehicle Owner,unknown, ,0, ,Other, , , , , , , , , ,0,0,1,0,0,0,0,1,0,1,0,0,1,0
1057170,2008,8,4,17,37,0,43.69364538,-79.27729029,Scarborough Southwest (35),35,Oakridge (121),121,D41,Scarborough,DANFORTH Road,DANFORTH Aven, ,Minor Arterial,Intersection,At Intersection,Traffic Signal,Clear,Daylight,Dry,Non-Fatal Injury,Rear End,Driver,30 to 34,Major,0,South,"Automobile, Station Wagon",Going Ahead,Following too Close,Medical or Physical Disability, , , , , , ,0,0,1,0,0,0,0,1,0,1,0,0,1,0
1186516,2010,7,23,17,37,4,43.68124538,-79.33319029,Toronto-Danforth (30),30,Blake-Jones (69),69,D55,Toronto East York,DANFORTH AVE,GREENWOOD AVE, ,Major Arterial,Mid-Block, ,No Control,Clear,Daylight,Dry,Non-Fatal Injury,Turning Movement,Motorcycle Driver,25 to 29,Major,0,West,Motorcycle,Going Ahead,Driving Properly,Normal, , , , , , ,0,0,1,1,0,0,0,0,0,0,0,0,0,0
1186516,2010,7,23,17,37,4,43.68124538,-79.33319029,Toronto-Danforth (30),30,Blake-Jones (69),69,D55,Toronto East York,DANFORTH AVE,GREENWOOD AVE, ,Major Arterial,Mid-Block, ,No Control,Clear,Daylight,Dry,Non-Fatal Injury,Turning Movement,Other,unknown,,0,East,Other,Parked, , , , , , , , ,0,0,1,1,0,0,0,0,0,0,0,0,0,0
1186516,2010,7,23,17,37,4,43.68124538,-79.33319029,Toronto-Danforth (30),30,Blake-Jones (69),69,D55,Toronto East York,DANFORTH AVE,GREENWOOD AVE, ,Major Arterial,Mid-Block, ,No Control,Clear,Daylight,Dry,Non-Fatal Injury,Turning Movement,Vehicle Owner,unknown, ,0, ,Other, , , , , , , , , ,0,0,1,1,0,0,0,0,0,0,0,0,0,0
1186516,2010,7,23,17,37,4,43.68124538,-79.33319029,Toronto-Danforth (30),30,Blake-Jones (69),69,D55,Toronto East York,DANFORTH AVE,GREENWOOD AVE, ,Major Arterial,Mid-Block, ,No Control,Clear,Daylight,Dry,Non-Fatal Injury,Turning Movement,Driver,35 to 39,,0,East,"Automobile, Station Wagon",Making U Turn,Improper Turn,Inattentive, , , , , , ,0,0,1,1,0,0,0,0,0,0,0,0,0,0
5000452654,2015,3,17,17,37,1,43.78949698,-79.44622431,York Centre (10),10,Newtonbrook West (36),36,D32,North York,BATHURST ST,CARPENTER RD,185 m South of,Major Arterial,Mid-Block,Non Intersection,No Control,Clear,Daylight,Dry,Non-Fatal Injury,Approaching,Driver,35 to 39,Major,0,South,"Automobile, Station Wagon",Going Ahead,Lost control,Inattentive, , , , , , ,0,0,1,0,0,0,0,1,0,0,0,0,0,0
5000452654,2015,3,17,17,37,1,43.78949698,-79.44622431,York Centre (10),10,Newtonbrook West (36),36,D32,North York,BATHURST ST,CARPENTER RD,185 m South of,Major Arterial,Mid-Block,Non Intersection,No Control,Clear,Daylight,Dry,Non-Fatal Injury,Approaching,Driver,45 to 49,,0,North,"Automobile, Station Wagon",Going Ahead,Driving Properly,Normal, , , , , , ,0,0,1,0,0,0,0,1,0,0,0,0,0,0
5000452654,2015,3,17,17,37,1,43.78949698,-79.44622431,York Centre (10),10,Newtonbrook West (36),36,D32,North York,BATHURST ST,CARPENTER RD,185 m South of,Major Arterial,Mid-Block,Non Intersection,No Control,Clear,Daylight,Dry,Non-Fatal Injury,Approaching,Passenger,0 to 4,Minimal,0, , , , , , , , , , , ,0,0,1,0,0,0,0,1,0,0,0,0,0,0
5000452654,2015,3,17,17,37,1,43.78949698,-79.44622431,York Centre (10),10,Newtonbrook West (36),36,D32,North York,BATHURST ST,CARPENTER RD,185 m South of,Major Arterial,Mid-Block,Non Intersection,No Control,Clear,Daylight,Dry,Non-Fatal Injury,Approaching,Passenger,15 to 19,,0, , , , , , , , , , , ,0,0,1,0,0,0,0,1,0,0,0,0,0,0
6001057996,2016,6,17,17,37,4,43.69888647,-79.46360407,Eglinton-Lawrence (15),15,Briar Hill-Belgravia (108),108,D13,North York,CALEDONIA RD,CASTLEFIELD AVE,35 m North of,Minor Arterial,Mid-Block,Non Intersection,No Control,Clear,Daylight,Dry,Non-Fatal Injury,Turning Movement,Motorcycle Driver,20 to 24,Major,0,North,Motorcycle,Going Ahead,Exceeding Speed Limit,Normal, , , , , , ,0,0,1,1,0,0,0,0,1,1,0,0,0,0
6001057996,2016,6,17,17,37,4,43.69888647,-79.46360407,Eglinton-Lawrence (15),15,Briar Hill-Belgravia (108),108,D13,North York,CALEDONIA RD,CASTLEFIELD AVE,35 m North of,Minor Arterial,Mid-Block,Non Intersection,No Control,Clear,Daylight,Dry,Non-Fatal Injury,Turning Movement,Driver,40 to 44,,0,West,"Automobile, Station Wagon",Turning Right,Driving Properly,Normal, , , , , , ,0,0,1,1,0,0,0,0,1,1,0,0,0,0
1242807,2011,5,20,17,38,4,43.81364538,-79.27009029,Scarborough-Rouge River (41),41,Agincourt North (129),129,D42,Scarborough,MCCOWAN Road,BRIDLEY Driv, ,Major Arterial,Mid-Block, ,No Control,Clear,Daylight,Dry,Non-Fatal Injury,Rear End,Driver,35 to 39,,0,South,"Automobile, Station Wagon",Going Ahead,Driving Properly,Normal, , , , , , ,0,0,1,0,0,0,0,1,1,1,0,0,0,0
1242807,2011,5,20,17,38,4,43.81364538,-79.27009029,Scarborough-Rouge River (41),41,Agincourt North (129),129,D42,Scarborough,MCCOWAN Road,BRIDLEY Driv, ,Major Arterial,Mid-Block, ,No Control,Clear,Daylight,Dry,Non-Fatal Injury,Rear End,Passenger,20 to 24,Minor,0, ,Other, , , , , , , , , ,0,0,1,0,0,0,0,1,1,1,0,0,0,0