ACCNUM,YEAR,MONTH,DAY,HOUR,MINUTES,WEEKDAY,LATITUDE,LONGITUDE,Ward_Name,Ward_ID,Hood_Name,Hood_ID,Division,District,STREET1,STREET2,OFFSET,ROAD_CLASS,LOCCOORD,ACCLOC,TRAFFCTL,VISIBILITY,LIGHT,RDSFCOND,ACCLASS,IMPACTYPE,INVTYPE,INVAGE,INJURY,FATAL_NO,INITDIR,VEHTYPE,MANOEUVER,DRIVACT,DRIVCOND,PEDTYPE,PEDACT,PEDCOND,CYCLISTYPE,CYCACT,CYCCOND,PEDESTRIAN,CYCLIST,AUTOMOBILE,MOTORCYCLE,TRUCK,TRSN_CITY_VEH,EMERG_VEH,PASSENGER,SPEEDING,AG_DRIV,REDLIGHT,ALCOHOL,DISABILITY,label
1242807,2011,5,20,17,38,4,43.81364538,-79.27009029,Scarborough-Rouge River (41),41,Agincourt North (129),129,D42,Scarborough,MCCOWAN Road,BRIDLEY Driv, ,Major Arterial,Mid-Block, ,No Control,Clear,Daylight,Dry,Non-Fatal Injury,Rear End,Passenger,15 to 19,Major,0, ,Other, , , , , , , , , ,0,0,1,0,0,0,0,1,1,1,0,0,0,0
1242807,2011,5,20,17,38,4,43.81364538,-79.27009029,Scarborough-Rouge River (41),41,Agincourt North (129),129,D42,Scarborough,MCCOWAN Road,BRIDLEY Driv, ,Major Arterial,Mid-Block, ,No Control,Clear,Daylight,Dry,Non-Fatal Injury,Rear End,Passenger,15 to 19,Minimal,0, ,Other, , , , , , , , , ,0,0,1,0,0,0,0,1,1,1,0,0,0,0
1242807,2011,5,20,17,38,4,43.81364538,-79.27009029,Scarborough-Rouge River (41),41,Agincourt North (129),129,D42,Scarborough,MCCOWAN Road,BRIDLEY Driv, ,Major Arterial,Mid-Block, ,No Control,Clear,Daylight,Dry,Non-Fatal Injury,Rear End,Vehicle Owner,unknown, ,0, ,Other, , , , , , , , , ,0,0,1,0,0,0,0,1,1,1,0,0,0,0
1132688,2009,10,23,17,8,4,43.76794538,-79.55779029,York West (7),7,Humber Summit (21),21,D31,Etobicoke York,STEELES AVE W,TURBINE DR, ,Major Arterial,Intersection,At Intersection,No Control,Rain,Daylight,Wet,Non-Fatal Injury,Pedestrian Collisions,Driver,40 to 44,,0,West,"Automobile, Station Wagon",Going Ahead,Driving Properly,Normal, , , , , , ,1,0,1,0,0,0,0,0,0,0,0,0,0,0
1242807,2011,5,20,17,38,4,43.81364538,-79.27009029,Scarborough-Rouge River (41),41,Agincourt North (129),129,D42,Scarborough,MCCOWAN Road,BRIDLEY Driv, ,Major Arterial,Mid-Block, ,No Control,Clear,Daylight,Dry,Non-Fatal Injury,Rear End,Driver,15 to 19,Minor,0,South,"Automobile, Station Wagon",Changing Lanes,Following too Close,Had Been Drinking, , , , , , ,0,0,1,0,0,0,0,1,1,1,0,0,0,0
6000179020,2016,1,30,17,53,5,43.66470679,-79.43742762,Davenport (18),18,Dovercourt-Wallace Emerson-Junction (93),93,D14,Toronto East York,DUFFERIN ST,ARMSTRONG AVE, ,Major Arterial,Intersection, ,No Control,Clear,"Dark, artificial",Dry,Fatal,Pedestrian Collisions,Pedestrian,90 to 94,Fatal,7,West, , , , ,Vehicle is going straight thru inter.while ped cross without ROW,"Crossing, no Traffic Control",Inattentive, , , ,1,0,1,0,0,0,0,0,0,0,0,0,0,1
1114683,2009,6,12,17,25,4,43.71424538,-79.30599029,Beaches-East York (31),31,O'Connor-Parkview (54),54,D54,Toronto East York,AMSTERDAM AVE,O CONNOR DR, ,Local,Intersection, ,No Control,Clear,Daylight,Dry,Non-Fatal Injury,Approaching,Motorcycle Driver,35 to 39,Major,0,South,Motorcycle,Going Ahead,Improper Turn,Normal, , , , , , ,0,0,1,1,0,0,0,0,0,0,0,0,0,0
1213166,2010,12,10,17,0,4,43.77104538,-79.21269029,Scarborough East (43),43,Woburn (137),137,D43,Scarborough,911 BRIMORTON Dr, , ,Collector,Mid-Block, ,No Control,Snow,Dark,Slush,Non-Fatal Injury,SMV Other,Driver,30 to 34,Major,0,West,"Automobile, Station Wagon",Going Ahead,Lost control,Unknown, , , , , , ,0,0,1,0,0,0,0,0,1,1,0,0,0,0
1279220,2012,1,27,18,0,4,43.66544538,-79.35259029,Toronto-Danforth (30),30,South Riverdale (70),70,D55,Toronto East York,GERRARD ST E,BROADVIEW AVE, ,Minor Arterial,Intersection,At Intersection,Traffic Signal,Clear,"Dark, artificial",Dry,Non-Fatal Injury,Pedestrian Collisions,Driver,unknown,,0,West,"Automobile, Station Wagon",Going Ahead,Other,Unknown, , , , , , ,1,0,1,0,0,0,0,0,0,0,0,0,0,0
1121596,2009,7,18,16,53,5,43.67134538,-79.29349029,Beaches-East York (32),32,The Beaches (63),63,D55,Toronto East York,QUEEN ST E,SCARBORO BEACH BLVD, ,Minor Arterial,Intersection,At Intersection,Stop Sign,Clear,Daylight,Dry,Non-Fatal Injury,Turning Movement,Motorcycle Driver,55 to 59,Major,0,West,Motorcycle,Going Ahead,Driving Properly,Normal, , , , , , ,0,0,1,1,0,0,0,0,0,1,0,0,0,0
1114683,2009,6,12,17,25,4,43.71424538,-79.30599029,Beaches-East York (31),31,O'Connor-Parkview (54),54,D54,Toronto East York,AMSTERDAM AVE,O CONNOR DR, ,Local,Intersection, ,No Control,Clear,Daylight,Dry,Non-Fatal Injury,Approaching,Driver,45 to 49,,0,North,"Automobile, Station Wagon",Going Ahead,Driving Properly,Normal, , , , , , ,0,0,1,1,0,0,0,0,0,0,0,0,0,0
4003399258,2014,11,30,17,16,6,43.7502056,-79.29670344,Scarborough Centre (37),37,Wexford/Maryvale (119),119,D41,Scarborough,1240 WARDEN AVE, , ,Major Arterial,Mid-Block,Non Intersection,No Control,Clear,"Dark, artificial",Dry,Non-Fatal Injury,Approaching,Driver,45 to 49,Major,0,South,"Automobile, Station Wagon",Going Ahead,Driving Properly,Normal, , , , , , ,0,0,1,0,0,0,0,0,0,0,0,0,0,0
4002543282,2014,7,21,17,45,0,43.68120917,-79.44436274,Davenport (17),17,Corso Italia-Davenport (92),92,D13,Etobicoke York,DUFFERIN ST,CLOVERLAWN AVE, ,Major Arterial,Intersection,At Intersection,Stop Sign,Clear,Daylight,Dry,Non-Fatal Injury,Turning Movement,Driver,35 to 39,Major,0,North,"Automobile, Station Wagon",Going Ahead,Driving Properly,Normal, , , , , , ,0,0,1,0,0,0,0,0,0,0,0,0,0,0
1279220,2012,1,27,18,0,4,43.66544538,-79.35259029,Toronto-Danforth (30),30,South Riverdale (70),70,D55,Toronto East York,GERRARD ST E,BROADVIEW AVE, ,Minor Arterial,Intersection,At Intersection,Traffic Signal,Clear,"Dark, artificial",Dry,Non-Fatal Injury,Pedestrian Collisions,Pedestrian,50 to 54,Major,0,Unknown,Other, , , ,Vehicle is going straight thru inter.while ped cross without ROW,Crossing without right of way,Normal, , , ,1,0,1,0,0,0,0,0,0,0,0,0,0,0
1350729,2013,3,21,18,0,3,43.75534538,-79.43939029,York Centre (10),10,Clanton Park (33),33,D32,North York,631 SHEPPARD Ave W, , ,Major Arterial,Mid-Block, ,No Control,Clear,Daylight,Wet,Non-Fatal Injury,Sideswipe,Driver,40 to 44,,0,East,"Automobile, Station Wagon",Changing Lanes,Improper Lane Change,Normal, , , , , , ,0,0,1,0,0,0,0,0,1,1,0,0,0,0
1350729,2013,3,21,18,0,3,43.75534538,-79.43939029,York Centre (10),10,Clanton Park (33),33,D32,North York,631 SHEPPARD Ave W, , ,Major Arterial,Mid-Block, ,No Control,Clear,Daylight,Wet,Non-Fatal Injury,Sideswipe,Driver,35 to 39,Major,0,East,"Automobile, Station Wagon",Going Ahead,Speed too Fast For Condition,Normal, , , , , , ,0,0,1,0,0,0,0,0,1,1,0,0,0,0
1357155,2013,4,23,18,0,1,43.67164572,-79.49368677,York South-Weston (11),11,Rockcliffe-Smythe (111),111,D12,Etobicoke York,JANE ST,FOXWELL ST, ,Major Arterial,Intersection,At Intersection,Traffic Signal,Clear,Daylight,Dry,Non-Fatal Injury,Cyclist Collisions,Driver,50 to 54,,0,South,"Automobile, Station Wagon",Going Ahead,Driving Properly,Normal, , , , , , ,0,1,1,0,0,0,0,0,0,0,0,0,0,0
1357155,2013,4,23,18,0,1,43.67164572,-79.49368677,York South-Weston (11),11,Rockcliffe-Smythe (111),111,D12,Etobicoke York,JANE ST,FOXWELL ST, ,Major Arterial,Intersection,At Intersection,Traffic Signal,Clear,Daylight,Dry,Non-Fatal Injury,Cyclist Collisions,Cyclist,20 to 24,Major,0,North,Bicycle,Turning Left, , , , , ,Cyclist turned left across motorists path.,Other,Unknown,0,1,1,0,0,0,0,0,0,0,0,0,0,0
1366215,2013,5,30,18,0,3,43.67824538,-79.34849029,Toronto-Danforth (30),30,Playter Estates-Danforth (67),67,D54,Toronto East York,DANFORTH AVE,FENWICK AVE, ,Major Arterial,Intersection, ,No Control,Clear,Daylight,Dry,Non-Fatal Injury,Pedestrian Collisions,Driver,85 to 89,,0,West,"Automobile, Station Wagon",Making U Turn,Improper Turn,Inattentive, , , , , , ,1,0,1,0,0,0,0,0,0,0,0,0,0,0
1366215,2013,5,30,18,0,3,43.67824538,-79.34849029,Toronto-Danforth (30),30,Playter Estates-Danforth (67),67,D54,Toronto East York,DANFORTH AVE,FENWICK AVE, ,Major Arterial,Intersection, ,No Control,Clear,Daylight,Dry,Non-Fatal Injury,Pedestrian Collisions,Pedestrian,75 to 79,Major,0,North,Other, , , ,Pedestrian hit at mid-block,"Crossing, no Traffic Control",Normal, , , ,1,0,1,0,0,0,0,0,0,0,0,0,0,0
1377550,2013,9,26,18,0,3,43.70014914,-79.51618586,York South-Weston (11),11,Weston (113),113,D12,Etobicoke York,LAWRENCE Ave W,WESTON Rd, ,Major Arterial,Intersection, ,No Control,Clear,Daylight,Dry,Non-Fatal Injury,Pedestrian Collisions,Driver,30 to 34,,0,West,"Automobile, Station Wagon",Going Ahead,Driving Properly,Normal, , , , , , ,1,0,1,0,0,0,0,0,0,0,0,0,0,0
1377550,2013,9,26,18,0,3,43.70014914,-79.51618586,York South-Weston (11),11,Weston (113),113,D12,Etobicoke York,LAWRENCE Ave W,WESTON Rd, ,Major Arterial,Intersection, ,No Control,Clear,Daylight,Dry,Non-Fatal Injury,Pedestrian Collisions,Pedestrian,80 to 84,Major,0,South,Other, , , ,Pedestrian hit at mid-block,Coming From Behind Parked Vehicle,Normal, , , ,1,0,1,0,0,0,0,0,0,0,0,0,0,0
1387956,2013,10,14,18,0,0,43.76031454,-79.22296534,Scarborough East (43),43,Woburn (137),137,D43,Scarborough,LAWRENCE Ave E,GREENHOLM CRCL, ,Major Arterial,Intersection, ,Traffic Signal,Clear,Daylight,Dry,Non-Fatal Injury,Pedestrian Collisions,Driver,50 to 54,,0,West,"Automobile, Station Wagon",Going Ahead,Disobeyed Traffic Control,"Ability Impaired, Alcohol", , , , , , ,1,0,1,0,0,0,0,0,0,1,1,1,0,0
1019552,2008,1,29,17,54,1,43.65524538,-79.37459029,Toronto Centre-Rosedale (27),27,Church-Yonge Corridor (75),75,D51,Toronto East York,SHUTER ST,MUTUAL ST, ,Minor Arterial,Intersection,At Intersection,No Control,Clear,Dark,Wet,Non-Fatal Injury,Pedestrian Collisions,Driver,50 to 54,,0,East,"Automobile, Station Wagon",Slowing or Stopping,Driving Properly,Inattentive, , , , , , ,1,0,1,0,0,0,0,0,0,0,0,0,0,0
1132688,2009,10,23,17,8,4,43.76794538,-79.55779029,York West (7),7,Humber Summit (21),21,D31,Etobicoke York,STEELES AVE W,TURBINE DR, ,Major Arterial,Intersection,At Intersection,No Control,Rain,Daylight,Wet,Non-Fatal Injury,Pedestrian Collisions,Pedestrian,35 to 39,Major,0,South,Other, , , ,Vehicle is going straight thru inter.while ped cross without ROW,"Crossing, no Traffic Control",Normal, , , ,1,0,1,0,0,0,0,0,0,0,0,0,0,0
1242807,2011,5,20,17,38,4,43.81364538,-79.27009029,Scarborough-Rouge River (41),41,Agincourt North (129),129,D42,Scarborough,MCCOWAN Road,BRIDLEY Driv, ,Major Arterial,Mid-Block, ,No Control,Clear,Daylight,Dry,Non-Fatal Injury,Rear End,Other Property Owner,unknown, ,0, ,Other, , , , , , , , , ,0,0,1,0,0,0,0,1,1,1,0,0,0,0
1387956,2013,10,14,18,0,0,43.76031454,-79.22296534,Scarborough East (43),43,Woburn (137),137,D43,Scarborough,LAWRENCE Ave E,GREENHOLM CRCL, ,Major Arterial,Intersection, ,Traffic Signal,Clear,Daylight,Dry,Non-Fatal Injury,Pedestrian Collisions,Pedestrian,50 to 54,Major,0,South,Other, , , ,Vehicle is going straight thru inter.while ped cross with ROW,Crossing with right of way,Normal, , , ,1,0,1,0,0,0,0,0,0,1,1,1,0,0
1387956,2013,10,14,18,0,0,43.76031454,-79.22296534,Scarborough East (43),43,Woburn (137),137,D43,Scarborough,LAWRENCE Ave E,GREENHOLM CRCL, ,Major Arterial,Intersection, ,Traffic Signal,Clear,Daylight,Dry,Non-Fatal Injury,Pedestrian Collisions,Pedestrian,60 to 64,Major,0,South,Other, , , ,Vehicle is going straight thru inter.while ped cross with ROW,Crossing with right of way,Normal, , , ,1,0,1,0,0,0,0,0,0,1,1,1,0,0
4008010046,2014,3,5,18,0,2,43.79584082,-79.3193017,Scarborough-Agincourt (40),40,L'Amoreaux (117),117,D42,Scarborough,FINCH AVE E,BRIDLETOWNE CRCL, ,Major Arterial,Intersection,Intersection Related,Traffic Signal,Clear,"Dusk, artificial",Dry,Non-Fatal Injury,Rear End,Driver,30 to 34,Major,0,East,"Automobile, Station Wagon",Stopped,Driving Properly,Normal, , , , , , ,0,0,1,0,0,0,0,0,0,0,0,0,0,0
4008010046,2014,3,5,18,0,2,43.79584082,-79.3193017,Scarborough-Agincourt (40),40,L'Amoreaux (117),117,D42,Scarborough,FINCH AVE E,BRIDLETOWNE CRCL, ,Major Arterial,Intersection,Intersection Related,Traffic Signal,Clear,"Dusk, artificial",Dry,Non-Fatal Injury,Rear End,Driver,50 to 54,Major,0,East,"Automobile, Station Wagon",Stopped,Driving Properly,Normal, , , , , , ,0,0,1,0,0,0,0,0,0,0,0,0,0,0
4008010046,2014,3,5,18,0,2,43.79584082,-79.3193017,Scarborough-Agincourt (40),40,L'Amoreaux (117),117,D42,Scarborough,FINCH AVE E,BRIDLETOWNE CRCL, ,Major Arterial,Intersection,Intersection Related,Traffic Signal,Clear,"Dusk, artificial",Dry,Non-Fatal Injury,Rear End,Driver,35 to 39,Major,0,East,"Automobile, Station Wagon",Slowing or Stopping,Driving Properly,Normal, , , , , , ,0,0,1,0,0,0,0,0,0,0,0,0,0,0
4008010046,2014,3,5,18,0,2,43.79584082,-79.3193017,Scarborough-Agincourt (40),40,L'Amoreaux (117),117,D42,Scarborough,FINCH AVE E,BRIDLETOWNE CRCL, ,Major Arterial,Intersection,Intersection Related,Traffic Signal,Clear,"Dusk, artificial",Dry,Non-Fatal Injury,Rear End,Driver,30 to 34,Major,0,East,"Automobile, Station Wagon",Going Ahead,Lost control,Inattentive, , , , , , ,0,0,1,0,0,0,0,0,0,0,0,0,0,0
143362651,2014,11,24,18,0,0,43.7797428,-79.21713648,Scarborough East (43),43,Morningside (135),135,D43,Scarborough,ELLESMERE RD,MILITARY TRL, ,Major Arterial,Intersection, ,Traffic Signal,Clear,"Dark, artificial",Dry,Fatal,Angle,Driver,25 to 29,Fatal,44,South,"Automobile, Station Wagon",Going Ahead,Disobeyed Traffic Control,"Ability Impaired, Alcohol", , , , , , ,0,0,1,0,0,0,0,0,0,1,1,1,0,1
143362651,2014,11,24,18,0,0,43.7797428,-79.21713648,Scarborough East (43),43,Morningside (135),135,D43,Scarborough,ELLESMERE RD,MILITARY TRL, ,Major Arterial,Intersection, ,Traffic Signal,Clear,"Dark, artificial",Dry,Fatal,Angle,Driver,20 to 24,,0,West,"Automobile, Station Wagon",Going Ahead,Driving Properly,Unknown, , , , , , ,0,0,1,0,0,0,0,0,0,1,1,1,0,1
4003498144,2014,12,16,18,0,1,43.66621359,-79.37830744,Toronto Centre-Rosedale (27),27,Cabbagetown-South St.James Town (71),71,D51,Toronto East York,JARVIS ST,WELLESLEY ST E, ,Major Arterial,Intersection,At Intersection,Traffic Signal,Rain,"Dark, artificial",Wet,Non-Fatal Injury,Pedestrian Collisions,Driver,50 to 54,,0,West,"Automobile, Station Wagon",Turning Left,Failed to Yield Right of Way,Normal, , , , , , ,1,0,1,0,0,0,0,0,0,1,0,0,0,0
4003498144,2014,12,16,18,0,1,43.66621359,-79.37830744,Toronto Centre-Rosedale (27),27,Cabbagetown-South St.James Town (71),71,D51,Toronto East York,JARVIS ST,WELLESLEY ST E, ,Major Arterial,Intersection,At Intersection,Traffic Signal,Rain,"Dark, artificial",Wet,Non-Fatal Injury,Pedestrian Collisions,Pedestrian,40 to 44,Major,0,Unknown, , , , ,Vehicle turns left while ped crosses with ROW at inter.,Crossing with right of way,Normal, , , ,1,0,1,0,0,0,0,0,0,1,0,0,0,0
4003544666,2014,12,24,18,0,2,43.82297095,-79.27244196,Scarborough-Rouge River (41),41,Milliken (130),130,D42,Scarborough,ALTON TOWERS CRCL,INGLETON BLVD, ,Collector,Intersection,At Intersection,Pedestrian Crossover,Rain,"Dark, artificial",Wet,Non-Fatal Injury,Pedestrian Collisions,Driver,unknown,,0,West, ,Going Ahead,Failed to Yield Right of Way,Unknown, , , , , , ,1,0,0,0,0,0,0,0,0,1,0,0,0,0
4003544666,2014,12,24,18,0,2,43.82297095,-79.27244196,Scarborough-Rouge River (41),41,Milliken (130),130,D42,Scarborough,ALTON TOWERS CRCL,INGLETON BLVD, ,Collector,Intersection,At Intersection,Pedestrian Crossover,Rain,"Dark, artificial",Wet,Non-Fatal Injury,Pedestrian Collisions,Pedestrian,65 to 69,Major,0,North, , , , ,Pedestrian hit a PXO/ped. Mid-block signal,"Crossing, Pedestrian Crossover",Normal, , , ,1,0,0,0,0,0,0,0,0,1,0,0,0,0
6000923025,2016,5,28,18,0,5,43.61877402,-79.56442652,Etobicoke-Lakeshore (5),5,Islington-City Centre West (14),14,D22,Etobicoke York,THE WEST MALL,WESTSIDE DR, ,Minor Arterial,Mid-Block,Non Intersection,No Control,Clear,Daylight,Dry,Fatal,Approaching,Passenger,65 to 69,Major,0, , , , , , , , , , , ,0,0,1,0,0,0,0,1,1,1,0,0,0,1
6000923025,2016,5,28,18,0,5,43.61877402,-79.56442652,Etobicoke-Lakeshore (5),5,Islington-City Centre West (14),14,D22,Etobicoke York,THE WEST MALL,WESTSIDE DR, ,Minor Arterial,Mid-Block,Non Intersection,No Control,Clear,Daylight,Dry,Fatal,Approaching,Driver,20 to 24,Fatal,33,South,"Automobile, Station Wagon",Changing Lanes,Lost control,Inattentive, , , , , , ,0,0,1,0,0,0,0,1,1,1,0,0,0,1
6000923025,2016,5,28,18,0,5,43.61877402,-79.56442652,Etobicoke-Lakeshore (5),5,Islington-City Centre West (14),14,D22,Etobicoke York,THE WEST MALL,WESTSIDE DR, ,Minor Arterial,Mid-Block,Non Intersection,No Control,Clear,Daylight,Dry,Fatal,Approaching,Driver,25 to 29,Major,0,North,"Automobile, Station Wagon",Going Ahead,Driving Properly,Normal, , , , , , ,0,0,1,0,0,0,0,1,1,1,0,0,0,1
7000964313,2017,5,31,18,0,2,43.73174628,-79.51123438,York Centre (9),9,Downsview-Roding-CFB (26),26,D31,Etobicoke York,JANE ST,TROUTBROOKE DR,2 m South of,Major Arterial,Intersection,At Intersection,Traffic Signal,Clear,Daylight,Dry,Non-Fatal Injury,SMV Other,Driver,30 to 34,Major,0,North,Pick Up Truck,Going Ahead,Lost control,Normal, , , , , , ,0,0,1,0,0,0,0,0,0,0,0,0,0,0
7001157981,2017,6,28,18,0,2,43.67941244,-79.34218989,Toronto-Danforth (30),30,Blake-Jones (69),69,D55,Toronto East York,DANFORTH AVE,WOODYCREST AVE,33 m West of,Major Arterial,Mid-Block,At/Near Private Drive,No Control,Clear,Daylight,Dry,Non-Fatal Injury,Cyclist Collisions,Driver,35 to 39,,0,West,"Automobile, Station Wagon",Turning Left,Improper Turn,Inattentive, , , , , , ,0,1,1,0,0,0,0,1,0,0,0,0,0,0
7001157981,2017,6,28,18,0,2,43.67941244,-79.34218989,Toronto-Danforth (30),30,Blake-Jones (69),69,D55,Toronto East York,DANFORTH AVE,WOODYCREST AVE,33 m West of,Major Arterial,Mid-Block,At/Near Private Drive,No Control,Clear,Daylight,Dry,Non-Fatal Injury,Cyclist Collisions,Cyclist,35 to 39,Major,0,East,Bicycle,Going Ahead, , , , , ,Motorist turned left across cyclists path.,Driving Properly,Normal,0,1,1,0,0,0,0,1,0,0,0,0,0,0
7001157981,2017,6,28,18,0,2,43.67941244,-79.34218989,Toronto-Danforth (30),30,Blake-Jones (69),69,D55,Toronto East York,DANFORTH AVE,WOODYCREST AVE,33 m West of,Major Arterial,Mid-Block,At/Near Private Drive,No Control,Clear,Daylight,Dry,Non-Fatal Injury,Cyclist Collisions,Passenger,0 to 4,,0, , , , , , , , , , , ,0,1,1,0,0,0,0,1,0,0,0,0,0,0
7001157981,2017,6,28,18,0,2,43.67941244,-79.34218989,Toronto-Danforth (30),30,Blake-Jones (69),69,D55,Toronto East York,DANFORTH AVE,WOODYCREST AVE,33 m West of,Major Arterial,Mid-Block,At/Near Private Drive,No Control,Clear,Daylight,Dry,Non-Fatal Injury,Cyclist Collisions,Passenger,0 to 4,,0, , , , , , , , , , , ,0,1,1,0,0,0,0,1,0,0,0,0,0,0
7001875614,2017,10,16,18,0,0,43.75818238,-79.23303629,Scarborough Centre (38),38,Woburn (137),137,D43,Scarborough,LAWRENCE AVE E,GREENCEDAR CRCT, ,Major Arterial,Intersection,At Intersection,Traffic Signal,Clear,"Dark, artificial",Dry,Non-Fatal Injury,Turning Movement,Driver,45 to 49,Minor,0,East,"Automobile, Station Wagon",Going Ahead,Disobeyed Traffic Control,Inattentive, , , , , , ,0,0,1,0,0,0,0,1,0,1,1,0,0,0
7001875614,2017,10,16,18,0,0,43.75818238,-79.23303629,Scarborough Centre (38),38,Woburn (137),137,D43,Scarborough,LAWRENCE AVE E,GREENCEDAR CRCT, ,Major Arterial,Intersection,At Intersection,Traffic Signal,Clear,"Dark, artificial",Dry,Non-Fatal Injury,Turning Movement,Driver,50 to 54,Minor,0,West,"Automobile, Station Wagon",Turning Left,Driving Properly,Normal, , , , , , ,0,0,1,0,0,0,0,1,0,1,1,0,0,0
7001875614,2017,10,16,18,0,0,43.75818238,-79.23303629,Scarborough Centre (38),38,Woburn (137),137,D43,Scarborough,LAWRENCE AVE E,GREENCEDAR CRCT, ,Major Arterial,Intersection,At Intersection,Traffic Signal,Clear,"Dark, artificial",Dry,Non-Fatal Injury,Turning Movement,Passenger,15 to 19,,0, , , , , , , , , , , ,0,0,1,0,0,0,0,1,0,1,1,0,0,0
7001875614,2017,10,16,18,0,0,43.75818238,-79.23303629,Scarborough Centre (38),38,Woburn (137),137,D43,Scarborough,LAWRENCE AVE E,GREENCEDAR CRCT, ,Major Arterial,Intersection,At Intersection,Traffic Signal,Clear,"Dark, artificial",Dry,Non-Fatal Injury,Turning Movement,Passenger,45 to 49,Major,0, , , , , , , , , , , ,0,0,1,0,0,0,0,1,0,1,1,0,0,0
960612,2007,2,25,18,1,6,43.63624538,-79.40959029,Trinity-Spadina (19),19,Niagara (82),82,D14,Toronto East York,STRACHAN AVE,FLEET ST, ,Minor Arterial,Intersection, ,Traffic Signal,Snow,Dark,Loose Snow,Non-Fatal Injury,Angle,Vehicle Owner,unknown,,0, ,Other,Unknown, , , , , , , , ,0,0,1,0,0,0,0,0,0,1,1,0,0,0
960612,2007,2,25,18,1,6,43.63624538,-79.40959029,Trinity-Spadina (19),19,Niagara (82),82,D14,Toronto East York,STRACHAN AVE,FLEET ST, ,Minor Arterial,Intersection, ,Traffic Signal,Snow,Dark,Loose Snow,Non-Fatal Injury,Angle,Driver,30 to 34,,0,East,"Automobile, Station Wagon",Going Ahead,Driving Properly,Normal, , , , , , ,0,0,1,0,0,0,0,0,0,1,1,0,0,0
960612,2007,2,25,18,1,6,43.63624538,-79.40959029,Trinity-Spadina (19),19,Niagara (82),82,D14,Toronto East York,STRACHAN AVE,FLEET ST, ,Minor Arterial,Intersection, ,Traffic Signal,Snow,Dark,Loose Snow,Non-Fatal Injury,Angle,Vehicle Owner,unknown,,0, ,Other, , , , , , , , , ,0,0,1,0,0,0,0,0,0,1,1,0,0,0
960612,2007,2,25,18,1,6,43.63624538,-79.40959029,Trinity-Spadina (19),19,Niagara (82),82,D14,Toronto East York,STRACHAN AVE,FLEET ST, ,Minor Arterial,Intersection, ,Traffic Signal,Snow,Dark,Loose Snow,Non-Fatal Injury,Angle,Driver,25 to 29,Major,0,North,"Automobile, Station Wagon",Going Ahead,Disobeyed Traffic Control,Normal, , , , , , ,0,0,1,0,0,0,0,0,0,1,1,0,0,0
996876,2007,10,9,18,1,1,43.64224538,-79.56599029,Etobicoke Centre (3),3,Etobicoke West Mall (13),13,D22,Etobicoke York,THE WEST MALL,CIVIC CENTRE CRT, ,Minor Arterial,Intersection,At Intersection,Traffic Signal,Clear,Daylight,Dry,Non-Fatal Injury,Pedestrian Collisions,Driver,30 to 34,,0,West,"Automobile, Station Wagon",Turning Left,Failed to Yield Right of Way,Normal, , , , , , ,1,0,1,0,0,0,0,0,0,1,0,0,0,0
996876,2007,10,9,18,1,1,43.64224538,-79.56599029,Etobicoke Centre (3),3,Etobicoke West Mall (13),13,D22,Etobicoke York,THE WEST MALL,CIVIC CENTRE CRT, ,Minor Arterial,Intersection,At Intersection,Traffic Signal,Clear,Daylight,Dry,Non-Fatal Injury,Pedestrian Collisions,Pedestrian,50 to 54,Major,0,West,Other, , , ,Vehicle turns left while ped crosses with ROW at inter.,Crossing with right of way,Normal, , , ,1,0,1,0,0,0,0,0,0,1,0,0,0,0
954398,2007,1,30,18,2,1,43.80914538,-79.22169029,Scarborough-Rouge River (42),42,Malvern (132),132,D42,Scarborough,MCLEVIN AVE,NEILSON RD, ,Minor Arterial,Intersection,At Intersection,Traffic Signal,Snow,Dark,Wet,Non-Fatal Injury,Pedestrian Collisions,Driver,30 to 34,,0,East,"Automobile, Station Wagon",Turning Left,Failed to Yield Right of Way,Inattentive, , , , , , ,1,0,1,0,0,0,0,0,0,1,0,0,0,0
954398,2007,1,30,18,2,1,43.80914538,-79.22169029,Scarborough-Rouge River (42),42,Malvern (132),132,D42,Scarborough,MCLEVIN AVE,NEILSON RD, ,Minor Arterial,Intersection,At Intersection,Traffic Signal,Snow,Dark,Wet,Non-Fatal Injury,Pedestrian Collisions,Pedestrian,70 to 74,Major,0,West,Other, , , ,Vehicle turns left while ped crosses with ROW at inter.,Crossing with right of way,Normal, , , ,1,0,1,0,0,0,0,0,0,1,0,0,0,0
1291890,2012,5,1,18,2,1,43.75114538,-79.22219029,Scarborough East (43),43,Woburn (137),137,D43,Scarborough,MARKHAM RD,BLAKEMANOR BLVD, ,Major Arterial,Intersection, ,No Control,Clear,Daylight,Dry,Non-Fatal Injury,SMV Other,Driver,45 to 49,Major,0,North,"Automobile, Station Wagon",Unknown,Lost control,Unknown, , , , , , ,0,0,1,0,0,0,0,0,1,1,0,0,0,0
1291890,2012,5,1,18,2,1,43.75114538,-79.22219029,Scarborough East (43),43,Woburn (137),137,D43,Scarborough,MARKHAM RD,BLAKEMANOR BLVD, ,Major Arterial,Intersection, ,No Control,Clear,Daylight,Dry,Non-Fatal Injury,SMV Other,Other Property Owner,unknown, ,0, ,Other, , , , , , , , , ,0,0,1,0,0,0,0,0,1,1,0,0,0,0
1291890,2012,5,1,18,2,1,43.75114538,-79.22219029,Scarborough East (43),43,Woburn (137),137,D43,Scarborough,MARKHAM RD,BLAKEMANOR BLVD, ,Major Arterial,Intersection, ,No Control,Clear,Daylight,Dry,Non-Fatal Injury,SMV Other,Other Property Owner,unknown, ,0, ,Other, , , , , , , , , ,0,0,1,0,0,0,0,0,1,1,0,0,0,0