ACCNUM,YEAR,MONTH,DAY,HOUR,MINUTES,WEEKDAY,LATITUDE,LONGITUDE,Ward_Name,Ward_ID,Hood_Name,Hood_ID,Division,District,STREET1,STREET2,OFFSET,ROAD_CLASS,LOCCOORD,ACCLOC,TRAFFCTL,VISIBILITY,LIGHT,RDSFCOND,ACCLASS,IMPACTYPE,INVTYPE,INVAGE,INJURY,FATAL_NO,INITDIR,VEHTYPE,MANOEUVER,DRIVACT,DRIVCOND,PEDTYPE,PEDACT,PEDCOND,CYCLISTYPE,CYCACT,CYCCOND,PEDESTRIAN,CYCLIST,AUTOMOBILE,MOTORCYCLE,TRUCK,TRSN_CITY_VEH,EMERG_VEH,PASSENGER,SPEEDING,AG_DRIV,REDLIGHT,ALCOHOL,DISABILITY,label
1133727,2009,10,5,16,54,0,43.76234538,-79.36189029,Don Valley East (34),34,St.Andrew-Windfields (40),40,D33,North York,LESLIE Stre,LESMILL Road, ,Major Arterial,Mid-Block,At Intersection,No Control,Clear,Daylight,Dry,Non-Fatal Injury,Rear End,Driver,25 to 29,Minimal,0,North,"Automobile, Station Wagon",Stopped,Driving Properly,Normal, , , , , , ,0,0,1,0,0,0,0,0,0,1,0,0,0,0
6001713743,2016,9,26,17,9,0,43.63236197,-79.47685633,Etobicoke-Lakeshore (5),5,Stonegate-Queensway (16),16,D22,Etobicoke York,THE QUEENSWAY,SOUTH KINGSWAY,458 m West of,Major Arterial,Mid-Block,Non Intersection,No Control,Clear,Daylight,Dry,Non-Fatal Injury,SMV Other,Motorcycle Driver,35 to 39,Major,0,East,Motorcycle,Overtaking,Lost control,Unknown, , , , , , ,0,0,0,1,0,0,0,0,0,0,0,0,0,0
1356633,2013,5,16,17,17,3,43.65640982,-79.40768061,Trinity-Spadina (20),20,Kensington-Chinatown (78),78,D14,Toronto East York,BATHURST ST,COLLEGE ST, ,Major Arterial,Intersection,At Intersection,Traffic Signal,Clear,Daylight,Dry,Non-Fatal Injury,Pedestrian Collisions,Driver,50 to 54,,0,North,Pick Up Truck,Going Ahead,Driving Properly,Normal, , , , , , ,1,0,1,0,0,0,0,0,0,0,0,0,0,0
1277797,2011,9,9,17,0,4,43.75394538,-79.23419029,Scarborough Centre (38),38,Woburn (137),137,D43,Scarborough,BELLAMY Road N,BURNVIEW Cres, ,Minor Arterial,Intersection,At Intersection,No Control,Clear,Daylight,Dry,Non-Fatal Injury,Rear End,Vehicle Owner,unknown, ,0, ,Other, , , , , , , , , ,0,0,1,0,0,0,0,1,0,1,0,0,0,0
1143363,2009,11,27,17,25,4,43.80494538,-79.18659029,Scarborough East (44),44,Rouge (131),131,D42,Scarborough,SHEPPARD AVE E,ROUGE RIVER DR, ,Major Arterial,Intersection, ,No Control,Rain,Dark,Wet,Non-Fatal Injury,Pedestrian Collisions,Pedestrian,45 to 49,Major,0,North,Other, , , ,Vehicle is going straight thru inter.while ped cross without ROW,"Crossing, no Traffic Control",Normal, , , ,1,0,1,0,0,0,0,0,0,0,0,0,0,0
4003074555,2014,10,9,17,45,3,43.63705404,-79.43657313,Parkdale-High Park (14),14,South Parkdale (85),85,D14,Toronto East York,KING ST W,JAMESON AVE,14 m West of,Major Arterial,Mid-Block,Intersection Related,No Control,Clear,Dusk,Dry,Fatal,Pedestrian Collisions,Pedestrian,80 to 84,Fatal,33,North, , , , ,Pedestrian hit at mid-block,"Crossing, no Traffic Control",Inattentive, , , ,1,0,0,0,1,0,0,0,0,0,0,0,0,1
1133727,2009,10,5,16,54,0,43.76234538,-79.36189029,Don Valley East (34),34,St.Andrew-Windfields (40),40,D33,North York,LESLIE Stre,LESMILL Road, ,Major Arterial,Mid-Block,At Intersection,No Control,Clear,Daylight,Dry,Non-Fatal Injury,Rear End,Vehicle Owner,unknown, ,0, ,Other, , , , , , , , , ,0,0,1,0,0,0,0,0,0,1,0,0,0,0
1362767,2013,5,9,17,38,3,43.64738425,-79.38609705,Trinity-Spadina (20),20,Bay Street Corridor (76),76,D52,Toronto East York,KING ST W,SIMCOE ST, ,Major Arterial,Intersection, ,Traffic Signal,Clear,Daylight,Dry,Non-Fatal Injury,Other,Passenger,30 to 34,Major,0, ,Other, , , , , , , , , ,0,0,0,0,1,1,0,1,0,0,0,0,0,0
1019552,2008,1,29,17,54,1,43.65524538,-79.37459029,Toronto Centre-Rosedale (27),27,Church-Yonge Corridor (75),75,D51,Toronto East York,SHUTER ST,MUTUAL ST, ,Minor Arterial,Intersection,At Intersection,No Control,Clear,Dark,Wet,Non-Fatal Injury,Pedestrian Collisions,Pedestrian,65 to 69,Major,0,North,Other, , , ,Pedestrian involved in a collision with transit vehicle anywhere along roadway,"Crossing, no Traffic Control","Ability Impaired, Alcohol", , , ,1,0,1,0,0,0,0,0,0,0,0,0,0,0
7003103184,2017,11,30,17,9,3,43.81162938,-79.32336829,Scarborough-Agincourt (39),39,Steeles (116),116,D42,Scarborough,WARDEN AVE,BAMBURGH CRCL, ,Major Arterial,Intersection,At Intersection,Traffic Signal,Rain,Dusk,Wet,Non-Fatal Injury,Cyclist Collisions,Driver,60 to 64,,0,West,"Automobile, Station Wagon",Turning Left,Improper Turn,Inattentive, , , , , , ,0,1,1,0,0,0,0,0,0,0,0,0,0,0
1277797,2011,9,9,17,0,4,43.75394538,-79.23419029,Scarborough Centre (38),38,Woburn (137),137,D43,Scarborough,BELLAMY Road N,BURNVIEW Cres, ,Minor Arterial,Intersection,At Intersection,No Control,Clear,Daylight,Dry,Non-Fatal Injury,Rear End,Passenger,15 to 19,Minor,0, ,Other, , , , , , , , , ,0,0,1,0,0,0,0,1,0,1,0,0,0,0
1356633,2013,5,16,17,17,3,43.65640982,-79.40768061,Trinity-Spadina (20),20,Kensington-Chinatown (78),78,D14,Toronto East York,BATHURST ST,COLLEGE ST, ,Major Arterial,Intersection,At Intersection,Traffic Signal,Clear,Daylight,Dry,Non-Fatal Injury,Pedestrian Collisions,Pedestrian,75 to 79,Major,0,East, , , , ,Vehicle is going straight thru inter.while ped cross without ROW,Crossing without right of way,Unknown, , , ,1,0,1,0,0,0,0,0,0,0,0,0,0,0
1076123,2008,11,24,17,54,0,43.65954538,-79.35749029,Toronto Centre-Rosedale (28),28,Regent Park (72),72,D51,Toronto East York,RIVER ST,SHUTER ST, ,Minor Arterial,Intersection,At Intersection,Traffic Signal,Rain,Dark,Wet,Non-Fatal Injury,Pedestrian Collisions,Pedestrian,50 to 54,Major,0,South,Other, , , ,Vehicle turns left while ped crosses with ROW at inter.,Crossing with right of way,Normal, , , ,1,0,1,0,0,0,0,0,0,0,0,0,0,0
7003103184,2017,11,30,17,9,3,43.81162938,-79.32336829,Scarborough-Agincourt (39),39,Steeles (116),116,D42,Scarborough,WARDEN AVE,BAMBURGH CRCL, ,Major Arterial,Intersection,At Intersection,Traffic Signal,Rain,Dusk,Wet,Non-Fatal Injury,Cyclist Collisions,Cyclist,60 to 64,Major,0,South,Bicycle,Going Ahead, , , , , , ,Disobeyed Traffic Control,Inattentive,0,1,1,0,0,0,0,0,0,0,0,0,0,0
1176502,2010,7,8,17,25,3,43.73594626,-79.25139246,Scarborough Southwest (35),35,Kennedy Park (124),124,D41,Scarborough,EGLINTON AVE E,BIMBROK RD, ,Major Arterial,Mid-Block,At Intersection,No Control,Clear,Daylight,Dry,Non-Fatal Injury,Pedestrian Collisions,Vehicle Owner,unknown, ,0, ,Other, , , , , , , , , ,1,0,0,0,0,1,0,0,0,0,0,0,0,0
1362767,2013,5,9,17,38,3,43.64738425,-79.38609705,Trinity-Spadina (20),20,Bay Street Corridor (76),76,D52,Toronto East York,KING ST W,SIMCOE ST, ,Major Arterial,Intersection, ,Traffic Signal,Clear,Daylight,Dry,Non-Fatal Injury,Other,Driver,35 to 39,,0,East,Municipal Transit Bus (TTC),Going Ahead,Driving Properly,Normal, , , , , , ,0,0,0,0,1,1,0,1,0,0,0,0,0,0
5001095656,2015,6,29,17,45,0,43.77432593,-79.26690302,Scarborough Centre (37),37,Bendale (127),127,D41,Scarborough,300 PROGRESS AVE, ,40 m East of,Minor Arterial,Mid-Block,Non Intersection,No Control,Clear,Daylight,Dry,Non-Fatal Injury,Turning Movement,Driver,55 to 59,Minimal,0,West,"Automobile, Station Wagon",Making U Turn,Improper Turn,Unknown, , , , , , ,0,0,1,1,0,0,0,1,0,0,0,0,0,0
1133727,2009,10,5,16,54,0,43.76234538,-79.36189029,Don Valley East (34),34,St.Andrew-Windfields (40),40,D33,North York,LESLIE Stre,LESMILL Road, ,Major Arterial,Mid-Block,At Intersection,No Control,Clear,Daylight,Dry,Non-Fatal Injury,Rear End,Driver,30 to 34,,0,North,"Automobile, Station Wagon",Going Ahead,Following too Close,Normal, , , , , , ,0,0,1,0,0,0,0,0,0,1,0,0,0,0
1277797,2011,9,9,17,0,4,43.75394538,-79.23419029,Scarborough Centre (38),38,Woburn (137),137,D43,Scarborough,BELLAMY Road N,BURNVIEW Cres, ,Minor Arterial,Intersection,At Intersection,No Control,Clear,Daylight,Dry,Non-Fatal Injury,Rear End,Driver,20 to 24,Major,0,North,"Automobile, Station Wagon",Stopped,Driving Properly,Normal, , , , , , ,0,0,1,0,0,0,0,1,0,1,0,0,0,0
1362767,2013,5,9,17,38,3,43.64738425,-79.38609705,Trinity-Spadina (20),20,Bay Street Corridor (76),76,D52,Toronto East York,KING ST W,SIMCOE ST, ,Major Arterial,Intersection, ,Traffic Signal,Clear,Daylight,Dry,Non-Fatal Injury,Other,Vehicle Owner,unknown, ,0, ,Other, , , , , , , , , ,0,0,0,0,1,1,0,1,0,0,0,0,0,0
1362767,2013,5,9,17,38,3,43.64738425,-79.38609705,Trinity-Spadina (20),20,Bay Street Corridor (76),76,D52,Toronto East York,KING ST W,SIMCOE ST, ,Major Arterial,Intersection, ,Traffic Signal,Clear,Daylight,Dry,Non-Fatal Injury,Other,Truck Driver,55 to 59,,0,South,Truck - Open,Stopped,Driving Properly,Normal, , , , , , ,0,0,0,0,1,1,0,1,0,0,0,0,0,0
1305265,2012,6,4,17,39,0,43.69944538,-79.32139029,Beaches-East York (31),31,Old East York (58),58,D54,Toronto East York,O CONNOR DR,WOODMOUNT AVE, ,Major Arterial,Intersection, ,No Control,Rain,Daylight,Wet,Non-Fatal Injury,Other,Moped Driver,55 to 59,Major,0,East,"Automobile, Station Wagon",Going Ahead,Lost control,Normal, , , , , , ,0,1,1,0,0,0,0,0,0,0,0,0,0,0
6000444329,2016,3,14,17,39,0,43.6827503,-79.34627924,Toronto-Danforth (29),29,Danforth East York (59),59,D54,Toronto East York,PAPE AVE,CANNING AVE,40 m North of,Major Arterial,Mid-Block,Non Intersection,No Control,Clear,Dusk,Wet,Non-Fatal Injury,Pedestrian Collisions,Driver,20 to 24,,0,South,"Automobile, Station Wagon",Going Ahead,Other,"Ability Impaired, Drugs", , , , , , ,1,0,1,0,0,0,0,0,0,0,0,0,0,0
6000444329,2016,3,14,17,39,0,43.6827503,-79.34627924,Toronto-Danforth (29),29,Danforth East York (59),59,D54,Toronto East York,PAPE AVE,CANNING AVE,40 m North of,Major Arterial,Mid-Block,Non Intersection,No Control,Clear,Dusk,Wet,Non-Fatal Injury,Pedestrian Collisions,Pedestrian,35 to 39,Major,0,West, , , , ,Pedestrian hit at mid-block,"Crossing, no Traffic Control",Normal, , , ,1,0,1,0,0,0,0,0,0,0,0,0,0,0
1144668,2009,11,21,17,40,5,43.71034538,-79.25899029,Scarborough Southwest (36),36,Birchcliffe-Cliffside (122),122,D41,Scarborough,KENNEDY Rd,PARK St, ,Collector,Mid-Block, ,No Control,Clear,Dark,Dry,Non-Fatal Injury,Rear End,Moped Driver,65 to 69,Major,0,North,Moped,Going Ahead,Driving Properly,Normal, , , , , , ,0,1,1,0,0,0,0,0,1,1,0,0,0,0
1144668,2009,11,21,17,40,5,43.71034538,-79.25899029,Scarborough Southwest (36),36,Birchcliffe-Cliffside (122),122,D41,Scarborough,KENNEDY Rd,PARK St, ,Collector,Mid-Block, ,No Control,Clear,Dark,Dry,Non-Fatal Injury,Rear End,Driver,35 to 39,,0,North,"Automobile, Station Wagon",Going Ahead,Following too Close,Normal, , , , , , ,0,1,1,0,0,0,0,0,1,1,0,0,0,0
1201108,2010,10,25,17,40,0,43.76774538,-79.38309029,Willowdale (24),24,Bayview Village (52),52,D33,North York,SHEPPARD AVE E,REAN DR, ,Major Arterial,Intersection,At Intersection,Traffic Signal,Clear,Dark,Dry,Non-Fatal Injury,Turning Movement,Driver,45 to 49,Minor,0,West,"Automobile, Station Wagon",Going Ahead,Driving Properly,Normal, , , , , , ,0,0,1,0,0,0,0,0,1,1,0,0,0,0
1201108,2010,10,25,17,40,0,43.76774538,-79.38309029,Willowdale (24),24,Bayview Village (52),52,D33,North York,SHEPPARD AVE E,REAN DR, ,Major Arterial,Intersection,At Intersection,Traffic Signal,Clear,Dark,Dry,Non-Fatal Injury,Turning Movement,Vehicle Owner,unknown, ,0, ,Other, , , , , , , , , ,0,0,1,0,0,0,0,0,1,1,0,0,0,0
1201108,2010,10,25,17,40,0,43.76774538,-79.38309029,Willowdale (24),24,Bayview Village (52),52,D33,North York,SHEPPARD AVE E,REAN DR, ,Major Arterial,Intersection,At Intersection,Traffic Signal,Clear,Dark,Dry,Non-Fatal Injury,Turning Movement,Driver,30 to 34,Major,0,East,"Automobile, Station Wagon",Turning Left,Failed to Yield Right of Way,Inattentive, , , , , , ,0,0,1,0,0,0,0,0,1,1,0,0,0,0
1201108,2010,10,25,17,40,0,43.76774538,-79.38309029,Willowdale (24),24,Bayview Village (52),52,D33,North York,SHEPPARD AVE E,REAN DR, ,Major Arterial,Intersection,At Intersection,Traffic Signal,Clear,Dark,Dry,Non-Fatal Injury,Turning Movement,Vehicle Owner,unknown, ,0, ,Other, , , , , , , , , ,0,0,1,0,0,0,0,0,1,1,0,0,0,0
1203088,2010,11,1,17,40,0,43.68754538,-79.40189029,St. Paul's (22),22,Casa Loma (96),96,D53,Toronto East York,AVENUE RD,ST CLAIR AVE W, ,Major Arterial,Mid-Block, ,No Control,Clear,Daylight,Dry,Non-Fatal Injury,Rear End,Driver,35 to 39,,0,South,"Automobile, Station Wagon",Going Ahead,Driving Properly,Normal, , , , , , ,0,0,1,0,0,0,0,1,0,0,0,0,1,0
1203088,2010,11,1,17,40,0,43.68754538,-79.40189029,St. Paul's (22),22,Casa Loma (96),96,D53,Toronto East York,AVENUE RD,ST CLAIR AVE W, ,Major Arterial,Mid-Block, ,No Control,Clear,Daylight,Dry,Non-Fatal Injury,Rear End,Driver,55 to 59,,0,South,"Automobile, Station Wagon",Going Ahead,Driving Properly,Normal, , , , , , ,0,0,1,0,0,0,0,1,0,0,0,0,1,0
1203088,2010,11,1,17,40,0,43.68754538,-79.40189029,St. Paul's (22),22,Casa Loma (96),96,D53,Toronto East York,AVENUE RD,ST CLAIR AVE W, ,Major Arterial,Mid-Block, ,No Control,Clear,Daylight,Dry,Non-Fatal Injury,Rear End,Driver,25 to 29,,0,South,"Automobile, Station Wagon",Going Ahead,Driving Properly,Normal, , , , , , ,0,0,1,0,0,0,0,1,0,0,0,0,1,0
1203088,2010,11,1,17,40,0,43.68754538,-79.40189029,St. Paul's (22),22,Casa Loma (96),96,D53,Toronto East York,AVENUE RD,ST CLAIR AVE W, ,Major Arterial,Mid-Block, ,No Control,Clear,Daylight,Dry,Non-Fatal Injury,Rear End,Driver,40 to 44,,0,South,"Automobile, Station Wagon",Stopped,Driving Properly,Normal, , , , , , ,0,0,1,0,0,0,0,1,0,0,0,0,1,0
1203088,2010,11,1,17,40,0,43.68754538,-79.40189029,St. Paul's (22),22,Casa Loma (96),96,D53,Toronto East York,AVENUE RD,ST CLAIR AVE W, ,Major Arterial,Mid-Block, ,No Control,Clear,Daylight,Dry,Non-Fatal Injury,Rear End,Driver,65 to 69,Major,0,South,"Automobile, Station Wagon",Going Ahead,Lost control,Medical or Physical Disability, , , , , , ,0,0,1,0,0,0,0,1,0,0,0,0,1,0
1203088,2010,11,1,17,40,0,43.68754538,-79.40189029,St. Paul's (22),22,Casa Loma (96),96,D53,Toronto East York,AVENUE RD,ST CLAIR AVE W, ,Major Arterial,Mid-Block, ,No Control,Clear,Daylight,Dry,Non-Fatal Injury,Rear End,Passenger,20 to 24,Minimal,0, ,Other, , , , , , , , , ,0,0,1,0,0,0,0,1,0,0,0,0,1,0
1203088,2010,11,1,17,40,0,43.68754538,-79.40189029,St. Paul's (22),22,Casa Loma (96),96,D53,Toronto East York,AVENUE RD,ST CLAIR AVE W, ,Major Arterial,Mid-Block, ,No Control,Clear,Daylight,Dry,Non-Fatal Injury,Rear End,Driver,30 to 34,Minimal,0,South,"Automobile, Station Wagon",Stopped,Driving Properly,Normal, , , , , , ,0,0,1,0,0,0,0,1,0,0,0,0,1,0
1281688,2011,12,25,17,40,6,43.68294538,-79.44509029,Davenport (17),17,Corso Italia-Davenport (92),92,D13,Etobicoke York,DUFFERIN ST,ROSECLIFFE AVE, ,Major Arterial,Mid-Block, ,No Control,Clear,"Dark, artificial",Dry,Non-Fatal Injury,SMV Unattended Vehicle,Other,unknown,,0, ,Other,Parked, , , , , , , , ,0,0,1,0,0,0,0,1,1,1,0,0,0,0
1281688,2011,12,25,17,40,6,43.68294538,-79.44509029,Davenport (17),17,Corso Italia-Davenport (92),92,D13,Etobicoke York,DUFFERIN ST,ROSECLIFFE AVE, ,Major Arterial,Mid-Block, ,No Control,Clear,"Dark, artificial",Dry,Non-Fatal Injury,SMV Unattended Vehicle,Passenger,15 to 19,Major,0, ,Other, , , , , , , , , ,0,0,1,0,0,0,0,1,1,1,0,0,0,0
1281688,2011,12,25,17,40,6,43.68294538,-79.44509029,Davenport (17),17,Corso Italia-Davenport (92),92,D13,Etobicoke York,DUFFERIN ST,ROSECLIFFE AVE, ,Major Arterial,Mid-Block, ,No Control,Clear,"Dark, artificial",Dry,Non-Fatal Injury,SMV Unattended Vehicle,Driver,20 to 24,Major,0,North,"Automobile, Station Wagon",Going Ahead,Lost control,Normal, , , , , , ,0,0,1,0,0,0,0,1,1,1,0,0,0,0
1282206,2011,12,27,17,40,1,43.63144538,-79.55229029,Etobicoke-Lakeshore (5),5,Islington-City Centre West (14),14,D22,Etobicoke York,THE EAST MALL,EAST MALL CRES, ,Minor Arterial,Intersection, ,Traffic Signal,Rain,Dark,Wet,Non-Fatal Injury,Pedestrian Collisions,Driver,65 to 69,,0,East,"Automobile, Station Wagon",Turning Left,Failed to Yield Right of Way,Normal, , , , , , ,1,0,1,0,0,0,0,0,0,1,0,0,0,0
1282206,2011,12,27,17,40,1,43.63144538,-79.55229029,Etobicoke-Lakeshore (5),5,Islington-City Centre West (14),14,D22,Etobicoke York,THE EAST MALL,EAST MALL CRES, ,Minor Arterial,Intersection, ,Traffic Signal,Rain,Dark,Wet,Non-Fatal Injury,Pedestrian Collisions,Pedestrian,20 to 24,Major,0,West,Other, , , ,Vehicle turns left while ped crosses with ROW at inter.,Crossing with right of way,Unknown, , , ,1,0,1,0,0,0,0,0,0,1,0,0,0,0
1308396,2012,7,10,17,40,1,43.65464538,-79.38579029,Toronto Centre-Rosedale (27),27,Bay Street Corridor (76),76,D52,Toronto East York,CHESTNUT ST,DUNDAS ST W, ,Collector,Mid-Block, ,No Control,Clear,Daylight,Dry,Non-Fatal Injury,Cyclist Collisions,Vehicle Owner,unknown, ,0, ,Other, , , , , , , , , ,0,1,1,0,0,0,0,0,0,0,0,0,0,0
1308396,2012,7,10,17,40,1,43.65464538,-79.38579029,Toronto Centre-Rosedale (27),27,Bay Street Corridor (76),76,D52,Toronto East York,CHESTNUT ST,DUNDAS ST W, ,Collector,Mid-Block, ,No Control,Clear,Daylight,Dry,Non-Fatal Injury,Cyclist Collisions,Driver,45 to 49,,0,North,"Automobile, Station Wagon",Parked,Other,Inattentive, , , , , , ,0,1,1,0,0,0,0,0,0,0,0,0,0,0
1308396,2012,7,10,17,40,1,43.65464538,-79.38579029,Toronto Centre-Rosedale (27),27,Bay Street Corridor (76),76,D52,Toronto East York,CHESTNUT ST,DUNDAS ST W, ,Collector,Mid-Block, ,No Control,Clear,Daylight,Dry,Non-Fatal Injury,Cyclist Collisions,Cyclist,45 to 49,Major,0,North,Bicycle,Going Ahead, , , , , ,Cyclist struck opened vehicle door,Driving Properly,Normal,0,1,1,0,0,0,0,0,0,0,0,0,0,0
4001426631,2014,1,28,17,40,1,43.7795368,-79.26484309,Scarborough Centre (38),38,Agincourt South-Malvern West (128),128,D42,Scarborough,BRIMLEY RD,HIGHWAY 401 C  W, ,Major Arterial,Mid-Block,Non Intersection,No Control,Clear,"Dark, artificial",Dry,Non-Fatal Injury,Approaching,Driver,65 to 69,,0,North,Pick Up Truck,Going Ahead,Lost control,Inattentive, , , , , , ,0,0,1,0,0,0,0,1,1,1,0,0,0,0
4001426631,2014,1,28,17,40,1,43.7795368,-79.26484309,Scarborough Centre (38),38,Agincourt South-Malvern West (128),128,D42,Scarborough,BRIMLEY RD,HIGHWAY 401 C  W, ,Major Arterial,Mid-Block,Non Intersection,No Control,Clear,"Dark, artificial",Dry,Non-Fatal Injury,Approaching,Driver,40 to 44,Minimal,0,South,Passenger Van,Going Ahead,Driving Properly,Normal, , , , , , ,0,0,1,0,0,0,0,1,1,1,0,0,0,0
4001426631,2014,1,28,17,40,1,43.7795368,-79.26484309,Scarborough Centre (38),38,Agincourt South-Malvern West (128),128,D42,Scarborough,BRIMLEY RD,HIGHWAY 401 C  W, ,Major Arterial,Mid-Block,Non Intersection,No Control,Clear,"Dark, artificial",Dry,Non-Fatal Injury,Approaching,Passenger,60 to 64,Major,0, , , , , , , , , , , ,0,0,1,0,0,0,0,1,1,1,0,0,0,0
4001426631,2014,1,28,17,40,1,43.7795368,-79.26484309,Scarborough Centre (38),38,Agincourt South-Malvern West (128),128,D42,Scarborough,BRIMLEY RD,HIGHWAY 401 C  W, ,Major Arterial,Mid-Block,Non Intersection,No Control,Clear,"Dark, artificial",Dry,Non-Fatal Injury,Approaching,Passenger,5 to 9,,0, , , , , , , , , , , ,0,0,1,0,0,0,0,1,1,1,0,0,0,0
4001426631,2014,1,28,17,40,1,43.7795368,-79.26484309,Scarborough Centre (38),38,Agincourt South-Malvern West (128),128,D42,Scarborough,BRIMLEY RD,HIGHWAY 401 C  W, ,Major Arterial,Mid-Block,Non Intersection,No Control,Clear,"Dark, artificial",Dry,Non-Fatal Injury,Approaching,Passenger,5 to 9,,0, , , , , , , , , , , ,0,0,1,0,0,0,0,1,1,1,0,0,0,0
4003516677,2014,12,19,17,40,4,43.81625326,-79.22759638,Scarborough-Rouge River (42),42,Malvern (132),132,D42,Scarborough,FINCH AVE E,NEILSON RD, ,Minor Arterial,Intersection,At Intersection,Traffic Signal,Clear,Dark,Dry,Fatal,Pedestrian Collisions,Driver,25 to 29,,0,Unknown,Municipal Transit Bus (TTC),Unknown,Other,Other, , , , , , ,1,0,0,0,0,1,0,0,0,0,0,0,0,1
4003516677,2014,12,19,17,40,4,43.81625326,-79.22759638,Scarborough-Rouge River (42),42,Malvern (132),132,D42,Scarborough,FINCH AVE E,NEILSON RD, ,Minor Arterial,Intersection,At Intersection,Traffic Signal,Clear,Dark,Dry,Fatal,Pedestrian Collisions,Pedestrian,10 to 14,Fatal,48,Unknown, , , , ,Unknown,Other,Other, , , ,1,0,0,0,0,1,0,0,0,0,0,0,0,1
7000891518,2017,5,20,17,40,5,43.73723562,-79.24518214,Scarborough Southwest (35),35,Eglinton East (138),138,D43,Scarborough,EGLINTON AVE E,DANFORTH RD, ,Major Arterial,Mid-Block,Non Intersection,No Control,Clear,Daylight,Dry,Non-Fatal Injury,Rear End,Driver,40 to 44,Minimal,0,East,"Automobile, Station Wagon",Going Ahead,Following too Close,Inattentive, , , , , , ,0,0,1,0,0,0,0,1,1,1,0,0,0,0
7000891518,2017,5,20,17,40,5,43.73723562,-79.24518214,Scarborough Southwest (35),35,Eglinton East (138),138,D43,Scarborough,EGLINTON AVE E,DANFORTH RD, ,Major Arterial,Mid-Block,Non Intersection,No Control,Clear,Daylight,Dry,Non-Fatal Injury,Rear End,Driver,45 to 49,Minimal,0,East,"Automobile, Station Wagon",Going Ahead,Driving Properly,Normal, , , , , , ,0,0,1,0,0,0,0,1,1,1,0,0,0,0
7000891518,2017,5,20,17,40,5,43.73723562,-79.24518214,Scarborough Southwest (35),35,Eglinton East (138),138,D43,Scarborough,EGLINTON AVE E,DANFORTH RD, ,Major Arterial,Mid-Block,Non Intersection,No Control,Clear,Daylight,Dry,Non-Fatal Injury,Rear End,Passenger,65 to 69,Minor,0, , , , , , , , , , , ,0,0,1,0,0,0,0,1,1,1,0,0,0,0
7000891518,2017,5,20,17,40,5,43.73723562,-79.24518214,Scarborough Southwest (35),35,Eglinton East (138),138,D43,Scarborough,EGLINTON AVE E,DANFORTH RD, ,Major Arterial,Mid-Block,Non Intersection,No Control,Clear,Daylight,Dry,Non-Fatal Injury,Rear End,Passenger,80 to 84,Major,0, , , , , , , , , , , ,0,0,1,0,0,0,0,1,1,1,0,0,0,0
7000891518,2017,5,20,17,40,5,43.73723562,-79.24518214,Scarborough Southwest (35),35,Eglinton East (138),138,D43,Scarborough,EGLINTON AVE E,DANFORTH RD, ,Major Arterial,Mid-Block,Non Intersection,No Control,Clear,Daylight,Dry,Non-Fatal Injury,Rear End,Passenger,0 to 4,Minimal,0, , , , , , , , , , , ,0,0,1,0,0,0,0,1,1,1,0,0,0,0
7000891518,2017,5,20,17,40,5,43.73723562,-79.24518214,Scarborough Southwest (35),35,Eglinton East (138),138,D43,Scarborough,EGLINTON AVE E,DANFORTH RD, ,Major Arterial,Mid-Block,Non Intersection,No Control,Clear,Daylight,Dry,Non-Fatal Injury,Rear End,Passenger,25 to 29,Minimal,0, , , , , , , , , , , ,0,0,1,0,0,0,0,1,1,1,0,0,0,0
7000891518,2017,5,20,17,40,5,43.73723562,-79.24518214,Scarborough Southwest (35),35,Eglinton East (138),138,D43,Scarborough,EGLINTON AVE E,DANFORTH RD, ,Major Arterial,Mid-Block,Non Intersection,No Control,Clear,Daylight,Dry,Non-Fatal Injury,Rear End,Passenger,0 to 4,Minimal,0, , , , , , , , , , , ,0,0,1,0,0,0,0,1,1,1,0,0,0,0
7000891518,2017,5,20,17,40,5,43.73723562,-79.24518214,Scarborough Southwest (35),35,Eglinton East (138),138,D43,Scarborough,EGLINTON AVE E,DANFORTH RD, ,Major Arterial,Mid-Block,Non Intersection,No Control,Clear,Daylight,Dry,Non-Fatal Injury,Rear End,Passenger,60 to 64,Minimal,0, , , , , , , , , , , ,0,0,1,0,0,0,0,1,1,1,0,0,0,0
7000891518,2017,5,20,17,40,5,43.73723562,-79.24518214,Scarborough Southwest (35),35,Eglinton East (138),138,D43,Scarborough,EGLINTON AVE E,DANFORTH RD, ,Major Arterial,Mid-Block,Non Intersection,No Control,Clear,Daylight,Dry,Non-Fatal Injury,Rear End,Passenger,65 to 69,Minimal,0, , , , , , , , , , , ,0,0,1,0,0,0,0,1,1,1,0,0,0,0
7000891518,2017,5,20,17,40,5,43.73723562,-79.24518214,Scarborough Southwest (35),35,Eglinton East (138),138,D43,Scarborough,EGLINTON AVE E,DANFORTH RD, ,Major Arterial,Mid-Block,Non Intersection,No Control,Clear,Daylight,Dry,Non-Fatal Injury,Rear End,Passenger,50 to 54,Minimal,0, , , , , , , , , , , ,0,0,1,0,0,0,0,1,1,1,0,0,0,0
969841,2007,4,21,17,41,5,43.66714538,-79.40149029,Trinity-Spadina (20),20,University (79),79,D52,Toronto East York,BLOOR ST W,HURON ST, ,Major Arterial,Intersection,At Intersection,Traffic Signal,Clear,Daylight,Dry,Non-Fatal Injury,Turning Movement,Driver,25 to 29,,0,West,"Automobile, Station Wagon",Going Ahead,Driving Properly,Normal, , , , , , ,0,1,1,0,0,0,0,0,0,1,0,0,0,0