ACCNUM,YEAR,MONTH,DAY,HOUR,MINUTES,WEEKDAY,LATITUDE,LONGITUDE,Ward_Name,Ward_ID,Hood_Name,Hood_ID,Division,District,STREET1,STREET2,OFFSET,ROAD_CLASS,LOCCOORD,ACCLOC,TRAFFCTL,VISIBILITY,LIGHT,RDSFCOND,ACCLASS,IMPACTYPE,INVTYPE,INVAGE,INJURY,FATAL_NO,INITDIR,VEHTYPE,MANOEUVER,DRIVACT,DRIVCOND,PEDTYPE,PEDACT,PEDCOND,CYCLISTYPE,CYCACT,CYCCOND,PEDESTRIAN,CYCLIST,AUTOMOBILE,MOTORCYCLE,TRUCK,TRSN_CITY_VEH,EMERG_VEH,PASSENGER,SPEEDING,AG_DRIV,REDLIGHT,ALCOHOL,DISABILITY,label
969841,2007,4,21,17,41,5,43.66714538,-79.40149029,Trinity-Spadina (20),20,University (79),79,D52,Toronto East York,BLOOR ST W,HURON ST, ,Major Arterial,Intersection,At Intersection,Traffic Signal,Clear,Daylight,Dry,Non-Fatal Injury,Turning Movement,Moped Driver,50 to 54,Major,0,West,Moped,Going Ahead,Driving Properly,Normal, , , , , , ,0,1,1,0,0,0,0,0,0,1,0,0,0,0
969841,2007,4,21,17,41,5,43.66714538,-79.40149029,Trinity-Spadina (20),20,University (79),79,D52,Toronto East York,BLOOR ST W,HURON ST, ,Major Arterial,Intersection,At Intersection,Traffic Signal,Clear,Daylight,Dry,Non-Fatal Injury,Turning Movement,Driver,unknown,,0,East,"Automobile, Station Wagon",Turning Left,Failed to Yield Right of Way, , , , , , , ,0,1,1,0,0,0,0,0,0,1,0,0,0,0
1149559,2010,1,24,17,41,6,43.68674538,-79.59559029,Etobicoke North (2),2,West Humber-Clairville (1),1,D23,Etobicoke York,CARLINGVIEW DR,DIXON RD, ,Major Arterial,Intersection,At Intersection,Traffic Signal,Rain,Dark,Wet,Non-Fatal Injury,Pedestrian Collisions,Driver,40 to 44,,0,West,"Automobile, Station Wagon",Turning Left,Failed to Yield Right of Way,Inattentive, , , , , , ,1,0,1,0,0,0,0,0,0,1,0,0,0,0
1149559,2010,1,24,17,41,6,43.68674538,-79.59559029,Etobicoke North (2),2,West Humber-Clairville (1),1,D23,Etobicoke York,CARLINGVIEW DR,DIXON RD, ,Major Arterial,Intersection,At Intersection,Traffic Signal,Rain,Dark,Wet,Non-Fatal Injury,Pedestrian Collisions,Pedestrian,45 to 49,Major,0,West,Other, , , ,Vehicle turns left while ped crosses with ROW at inter.,Crossing with right of way,Normal, , , ,1,0,1,0,0,0,0,0,0,1,0,0,0,0
131098349,2013,12,5,17,41,3,43.65116842,-79.41159449,Trinity-Spadina (19),19,Trinity-Bellwoods (81),81,D14,Toronto East York,DUNDAS ST W,CLAREMONT ST, ,Major Arterial,Intersection, ,No Control,Clear,"Dark, artificial",Dry,Fatal,Pedestrian Collisions,Driver,45 to 49,,0,West,"Automobile, Station Wagon",Going Ahead,Driving Properly,Normal, , , , , , ,1,0,1,0,0,0,0,0,0,0,0,0,0,1
131098349,2013,12,5,17,41,3,43.65116842,-79.41159449,Trinity-Spadina (19),19,Trinity-Bellwoods (81),81,D14,Toronto East York,DUNDAS ST W,CLAREMONT ST, ,Major Arterial,Intersection, ,No Control,Clear,"Dark, artificial",Dry,Fatal,Pedestrian Collisions,Pedestrian,90 to 94,Fatal,62,North, , , , ,Pedestrian hit at mid-block,"Crossing, no Traffic Control",Normal, , , ,1,0,1,0,0,0,0,0,0,0,0,0,0,1
1007992,2007,11,29,17,42,3,43.72084538,-79.24149029,Scarborough Southwest (36),36,Cliffcrest (123),123,D41,Scarborough,BRIMLEY Road,ST CLAIR Aven E, ,Minor Arterial,Intersection,At Intersection,Traffic Signal,Clear,Dark,Dry,Non-Fatal Injury,Pedestrian Collisions,Driver,60 to 64,,0,South,"Automobile, Station Wagon",Turning Left,Failed to Yield Right of Way,Inattentive, , , , , , ,1,0,1,0,0,0,0,0,0,1,0,0,0,0
1007992,2007,11,29,17,42,3,43.72084538,-79.24149029,Scarborough Southwest (36),36,Cliffcrest (123),123,D41,Scarborough,BRIMLEY Road,ST CLAIR Aven E, ,Minor Arterial,Intersection,At Intersection,Traffic Signal,Clear,Dark,Dry,Non-Fatal Injury,Pedestrian Collisions,Pedestrian,55 to 59,Major,0,South,Other, , , ,Vehicle turns left while ped crosses with ROW at inter.,Crossing with right of way,Normal, , , ,1,0,1,0,0,0,0,0,0,1,0,0,0,0
1260151,2011,8,23,17,42,1,43.69934538,-79.50899029,York South-Weston (11),11,Weston (113),113,D12,Etobicoke York,WRIGHT AVE,SAM FRUSTAGLIO DR, ,Local,Intersection,At Intersection,No Control,Clear,"Daylight, artificial",Dry,Non-Fatal Injury,SMV Other,Other Property Owner,unknown, ,0, ,Other, , , , , , , , , ,0,0,0,1,0,0,0,0,1,1,0,0,0,0
1260151,2011,8,23,17,42,1,43.69934538,-79.50899029,York South-Weston (11),11,Weston (113),113,D12,Etobicoke York,WRIGHT AVE,SAM FRUSTAGLIO DR, ,Local,Intersection,At Intersection,No Control,Clear,"Daylight, artificial",Dry,Non-Fatal Injury,SMV Other,Motorcycle Driver,20 to 24,Major,0,West,Motorcycle,Going Ahead,Lost control,Inattentive, , , , , , ,0,0,0,1,0,0,0,0,1,1,0,0,0,0
1361595,2013,5,6,17,42,0,43.78536947,-79.25646601,Scarborough-Rouge River (42),42,Agincourt South-Malvern West (128),128,D42,Scarborough,MCCOWAN Rd,MILNER Ave, ,Major Arterial,Intersection, ,Traffic Signal,Clear,Daylight,Dry,Non-Fatal Injury,Sideswipe,Passenger,45 to 49,Minimal,0, ,Other, , , , , , , , , ,0,0,1,0,0,1,0,1,0,0,0,0,0,0
1361595,2013,5,6,17,42,0,43.78536947,-79.25646601,Scarborough-Rouge River (42),42,Agincourt South-Malvern West (128),128,D42,Scarborough,MCCOWAN Rd,MILNER Ave, ,Major Arterial,Intersection, ,Traffic Signal,Clear,Daylight,Dry,Non-Fatal Injury,Sideswipe,Vehicle Owner,unknown, ,0, ,Other, , , , , , , , , ,0,0,1,0,0,1,0,1,0,0,0,0,0,0
1361595,2013,5,6,17,42,0,43.78536947,-79.25646601,Scarborough-Rouge River (42),42,Agincourt South-Malvern West (128),128,D42,Scarborough,MCCOWAN Rd,MILNER Ave, ,Major Arterial,Intersection, ,Traffic Signal,Clear,Daylight,Dry,Non-Fatal Injury,Sideswipe,Driver,30 to 34,Minimal,0,South,"Automobile, Station Wagon",Going Ahead,Driving Properly,Normal, , , , , , ,0,0,1,0,0,1,0,1,0,0,0,0,0,0
1361595,2013,5,6,17,42,0,43.78536947,-79.25646601,Scarborough-Rouge River (42),42,Agincourt South-Malvern West (128),128,D42,Scarborough,MCCOWAN Rd,MILNER Ave, ,Major Arterial,Intersection, ,Traffic Signal,Clear,Daylight,Dry,Non-Fatal Injury,Sideswipe,Passenger,20 to 24,Minor,0, ,Other, , , , , , , , , ,0,0,1,0,0,1,0,1,0,0,0,0,0,0
1361595,2013,5,6,17,42,0,43.78536947,-79.25646601,Scarborough-Rouge River (42),42,Agincourt South-Malvern West (128),128,D42,Scarborough,MCCOWAN Rd,MILNER Ave, ,Major Arterial,Intersection, ,Traffic Signal,Clear,Daylight,Dry,Non-Fatal Injury,Sideswipe,Vehicle Owner,unknown, ,0, ,Other, , , , , , , , , ,0,0,1,0,0,1,0,1,0,0,0,0,0,0
1361595,2013,5,6,17,42,0,43.78536947,-79.25646601,Scarborough-Rouge River (42),42,Agincourt South-Malvern West (128),128,D42,Scarborough,MCCOWAN Rd,MILNER Ave, ,Major Arterial,Intersection, ,Traffic Signal,Clear,Daylight,Dry,Non-Fatal Injury,Sideswipe,Driver,20 to 24,Major,0,South,Municipal Transit Bus (TTC),Changing Lanes,Improper Lane Change,Inattentive, , , , , , ,0,0,1,0,0,1,0,1,0,0,0,0,0,0
1377012,2013,9,24,17,42,1,43.69260367,-79.30236445,Beaches-East York (31),31,Taylor-Massey (61),61,D54,Toronto East York,BARRINGTON AVE,SECORD AVE, ,Collector,Intersection, ,Stop Sign,Clear,Daylight,Dry,Non-Fatal Injury,Pedestrian Collisions,Driver,70 to 74,,0,West,"Automobile, Station Wagon",Going Ahead,Failed to Yield Right of Way,Normal, , , , , , ,1,0,1,0,0,0,0,0,0,1,0,0,0,0
1377012,2013,9,24,17,42,1,43.69260367,-79.30236445,Beaches-East York (31),31,Taylor-Massey (61),61,D54,Toronto East York,BARRINGTON AVE,SECORD AVE, ,Collector,Intersection, ,Stop Sign,Clear,Daylight,Dry,Non-Fatal Injury,Pedestrian Collisions,Pedestrian,65 to 69,Major,0,North,Other, , , ,Vehicle is going straight thru inter.while ped cross with ROW,Crossing with right of way,Normal, , , ,1,0,1,0,0,0,0,0,0,1,0,0,0,0
1032022,2008,4,3,17,43,3,43.78534538,-79.25389029,Scarborough-Rouge River (42),42,Agincourt South-Malvern West (128),128,D42,Scarborough,43 MILNER AVE, , ,Minor Arterial,Mid-Block, ,No Control,Clear,Daylight,Dry,Non-Fatal Injury,Turning Movement,Motorcycle Driver,30 to 34,Major,0,West,Motorcycle,Turning Right,Driving Properly,Normal, , , , , , ,0,0,1,1,0,0,0,1,0,0,0,0,0,0
1032022,2008,4,3,17,43,3,43.78534538,-79.25389029,Scarborough-Rouge River (42),42,Agincourt South-Malvern West (128),128,D42,Scarborough,43 MILNER AVE, , ,Minor Arterial,Mid-Block, ,No Control,Clear,Daylight,Dry,Non-Fatal Injury,Turning Movement,Passenger,50 to 54,,0, ,Other, , , , , , , , , ,0,0,1,1,0,0,0,1,0,0,0,0,0,0
1032022,2008,4,3,17,43,3,43.78534538,-79.25389029,Scarborough-Rouge River (42),42,Agincourt South-Malvern West (128),128,D42,Scarborough,43 MILNER AVE, , ,Minor Arterial,Mid-Block, ,No Control,Clear,Daylight,Dry,Non-Fatal Injury,Turning Movement,Passenger,35 to 39,,0, ,Other, , , , , , , , , ,0,0,1,1,0,0,0,1,0,0,0,0,0,0
1032022,2008,4,3,17,43,3,43.78534538,-79.25389029,Scarborough-Rouge River (42),42,Agincourt South-Malvern West (128),128,D42,Scarborough,43 MILNER AVE, , ,Minor Arterial,Mid-Block, ,No Control,Clear,Daylight,Dry,Non-Fatal Injury,Turning Movement,Vehicle Owner,unknown, ,0, ,Other, , , , , , , , , ,0,0,1,1,0,0,0,1,0,0,0,0,0,0
1032022,2008,4,3,17,43,3,43.78534538,-79.25389029,Scarborough-Rouge River (42),42,Agincourt South-Malvern West (128),128,D42,Scarborough,43 MILNER AVE, , ,Minor Arterial,Mid-Block, ,No Control,Clear,Daylight,Dry,Non-Fatal Injury,Turning Movement,Driver,40 to 44,,0,South,"Automobile, Station Wagon",Turning Left,Improper Turn,Normal, , , , , , ,0,0,1,1,0,0,0,1,0,0,0,0,0,0
1107567,2009,5,8,17,43,4,43.68564538,-79.31279029,Beaches-East York (32),32,Woodbine Corridor (64),64,D55,Toronto East York,WOODBINE AVE,DANFORTH AVE, ,Major Arterial,Intersection,At Intersection,Traffic Signal,Clear,Daylight,Dry,Non-Fatal Injury,SMV Other,Passenger,15 to 19,Major,0, ,Other,Other, , , , , , , , ,0,0,1,0,0,0,0,1,1,1,0,0,0,0
1107567,2009,5,8,17,43,4,43.68564538,-79.31279029,Beaches-East York (32),32,Woodbine Corridor (64),64,D55,Toronto East York,WOODBINE AVE,DANFORTH AVE, ,Major Arterial,Intersection,At Intersection,Traffic Signal,Clear,Daylight,Dry,Non-Fatal Injury,SMV Other,Driver,20 to 24,Minor,0,West,"Automobile, Station Wagon",Going Ahead,Lost control,Normal, , , , , , ,0,0,1,0,0,0,0,1,1,1,0,0,0,0
1107567,2009,5,8,17,43,4,43.68564538,-79.31279029,Beaches-East York (32),32,Woodbine Corridor (64),64,D55,Toronto East York,WOODBINE AVE,DANFORTH AVE, ,Major Arterial,Intersection,At Intersection,Traffic Signal,Clear,Daylight,Dry,Non-Fatal Injury,SMV Other,Other Property Owner,unknown, ,0, ,Other, , , , , , , , , ,0,0,1,0,0,0,0,1,1,1,0,0,0,0
1120474,2009,7,13,17,43,0,43.68514538,-79.29469029,Beaches-East York (32),32,East End-Danforth (62),62,D55,Toronto East York,GERRARD ST E,MALVERN AVE, ,Minor Arterial,Intersection,At Intersection,Traffic Signal,Clear,Daylight,Dry,Non-Fatal Injury,Pedestrian Collisions,Driver,45 to 49,,0,North,"Automobile, Station Wagon",Turning Right,Improper Turn,Normal, , , , , , ,1,0,1,0,0,0,0,0,0,0,0,0,0,0
1120474,2009,7,13,17,43,0,43.68514538,-79.29469029,Beaches-East York (32),32,East End-Danforth (62),62,D55,Toronto East York,GERRARD ST E,MALVERN AVE, ,Minor Arterial,Intersection,At Intersection,Traffic Signal,Clear,Daylight,Dry,Non-Fatal Injury,Pedestrian Collisions,Pedestrian,15 to 19,Major,0,West,Other, , , ,Vehicle turns right while ped crosses with ROW at inter.,Crossing with right of way,Normal, , , ,1,0,1,0,0,0,0,0,0,0,0,0,0,0
1152191,2010,1,14,17,43,3,43.81994538,-79.29809029,Scarborough-Rouge River (41),41,Milliken (130),130,D42,Scarborough,PASSMORE AVE,SILVER STAR BLVD, ,Collector,Intersection,At Intersection,Traffic Signal,Clear,Dark,Wet,Non-Fatal Injury,Pedestrian Collisions,Vehicle Owner,unknown, ,0, ,Other, , , , , , , , , ,1,0,1,0,0,0,0,0,0,1,0,0,0,0
1152191,2010,1,14,17,43,3,43.81994538,-79.29809029,Scarborough-Rouge River (41),41,Milliken (130),130,D42,Scarborough,PASSMORE AVE,SILVER STAR BLVD, ,Collector,Intersection,At Intersection,Traffic Signal,Clear,Dark,Wet,Non-Fatal Injury,Pedestrian Collisions,Driver,25 to 29,,0,East,"Automobile, Station Wagon",Turning Left,Failed to Yield Right of Way,Inattentive, , , , , , ,1,0,1,0,0,0,0,0,0,1,0,0,0,0
1152191,2010,1,14,17,43,3,43.81994538,-79.29809029,Scarborough-Rouge River (41),41,Milliken (130),130,D42,Scarborough,PASSMORE AVE,SILVER STAR BLVD, ,Collector,Intersection,At Intersection,Traffic Signal,Clear,Dark,Wet,Non-Fatal Injury,Pedestrian Collisions,Pedestrian,25 to 29,Major,0,East,Other, , , ,Vehicle turns left while ped crosses with ROW at inter.,Crossing with right of way,Normal, , , ,1,0,1,0,0,0,0,0,0,1,0,0,0,0
1326143,2012,11,16,17,43,4,43.78274538,-79.40189029,Willowdale (23),23,Willowdale East (51),51,D32,North York,FINCH AVE E,WILFRED AVE, ,Major Arterial,Intersection, ,No Control,Clear,"Dark, artificial",Dry,Non-Fatal Injury,Pedestrian Collisions,Driver,40 to 44,,0,East,"Automobile, Station Wagon",Going Ahead,Driving Properly,Normal, , , , , , ,1,0,1,0,0,0,0,0,0,0,0,0,0,0
1326143,2012,11,16,17,43,4,43.78274538,-79.40189029,Willowdale (23),23,Willowdale East (51),51,D32,North York,FINCH AVE E,WILFRED AVE, ,Major Arterial,Intersection, ,No Control,Clear,"Dark, artificial",Dry,Non-Fatal Injury,Pedestrian Collisions,Pedestrian,75 to 79,Major,0,North,Other, , , ,Vehicle is going straight thru inter.while ped cross without ROW,"Crossing, no Traffic Control",Unknown, , , ,1,0,1,0,0,0,0,0,0,0,0,0,0,0
1053246,2008,7,19,17,44,5,43.65234538,-79.40599029,Trinity-Spadina (20),20,Kensington-Chinatown (78),78,D14,Toronto East York,BATHURST ST,DUNDAS ST W, ,Major Arterial,Intersection,At Intersection,Traffic Signal,Clear,Daylight,Dry,Non-Fatal Injury,Turning Movement,Motorcycle Driver,45 to 49,Major,0,South,Motorcycle,Going Ahead,Driving Properly,Normal, , , , , , ,0,0,1,1,0,0,0,0,0,0,0,1,0,0
1053246,2008,7,19,17,44,5,43.65234538,-79.40599029,Trinity-Spadina (20),20,Kensington-Chinatown (78),78,D14,Toronto East York,BATHURST ST,DUNDAS ST W, ,Major Arterial,Intersection,At Intersection,Traffic Signal,Clear,Daylight,Dry,Non-Fatal Injury,Turning Movement,Driver,25 to 29,,0,North,"Automobile, Station Wagon",Turning Left,Improper Turn,"Ability Impaired, Alcohol", , , , , , ,0,0,1,1,0,0,0,0,0,0,0,1,0,0
4002857204,2014,9,6,17,44,5,43.64816626,-79.55168543,Etobicoke-Lakeshore (5),5,Islington-City Centre West (14),14,D22,Etobicoke York,BURNHAMTHORPE RD,SHAVER AVE N, ,Major Arterial,Intersection,Intersection Related,Stop Sign,Clear,Daylight,Dry,Non-Fatal Injury,Turning Movement,Driver,20 to 24,Minor,0,West,"Automobile, Station Wagon",Going Ahead,Exceeding Speed Limit,Unknown, , , , , , ,0,0,1,0,0,0,0,1,1,1,0,0,0,0
4002857204,2014,9,6,17,44,5,43.64816626,-79.55168543,Etobicoke-Lakeshore (5),5,Islington-City Centre West (14),14,D22,Etobicoke York,BURNHAMTHORPE RD,SHAVER AVE N, ,Major Arterial,Intersection,Intersection Related,Stop Sign,Clear,Daylight,Dry,Non-Fatal Injury,Turning Movement,Driver,45 to 49,Major,0,South,"Automobile, Station Wagon",Turning Left,Failed to Yield Right of Way,Unknown, , , , , , ,0,0,1,0,0,0,0,1,1,1,0,0,0,0
4002857204,2014,9,6,17,44,5,43.64816626,-79.55168543,Etobicoke-Lakeshore (5),5,Islington-City Centre West (14),14,D22,Etobicoke York,BURNHAMTHORPE RD,SHAVER AVE N, ,Major Arterial,Intersection,Intersection Related,Stop Sign,Clear,Daylight,Dry,Non-Fatal Injury,Turning Movement,Passenger,45 to 49,Major,0, , , , , , , , , , , ,0,0,1,0,0,0,0,1,1,1,0,0,0,0
4002857204,2014,9,6,17,44,5,43.64816626,-79.55168543,Etobicoke-Lakeshore (5),5,Islington-City Centre West (14),14,D22,Etobicoke York,BURNHAMTHORPE RD,SHAVER AVE N, ,Major Arterial,Intersection,Intersection Related,Stop Sign,Clear,Daylight,Dry,Non-Fatal Injury,Turning Movement,Passenger,10 to 14,Minor,0, , , , , , , , , , , ,0,0,1,0,0,0,0,1,1,1,0,0,0,0
982264,2007,7,29,17,45,6,43.65084538,-79.34699029,Toronto-Danforth (30),30,South Riverdale (70),70,D51,Toronto East York,LAKE SHORE BLVD E,DON ROADWAY, ,Expressway,Intersection,At Intersection,Traffic Signal,Clear,Daylight,Dry,Non-Fatal Injury,Turning Movement,Driver,30 to 34,Major,0,North,"Automobile, Station Wagon",Going Ahead,Driving Properly,Normal, , , , , , ,0,0,1,0,0,0,0,1,0,0,0,0,0,0
982264,2007,7,29,17,45,6,43.65084538,-79.34699029,Toronto-Danforth (30),30,South Riverdale (70),70,D51,Toronto East York,LAKE SHORE BLVD E,DON ROADWAY, ,Expressway,Intersection,At Intersection,Traffic Signal,Clear,Daylight,Dry,Non-Fatal Injury,Turning Movement,Passenger,20 to 24,,0, ,Other, , , , , , , , , ,0,0,1,0,0,0,0,1,0,0,0,0,0,0
982264,2007,7,29,17,45,6,43.65084538,-79.34699029,Toronto-Danforth (30),30,South Riverdale (70),70,D51,Toronto East York,LAKE SHORE BLVD E,DON ROADWAY, ,Expressway,Intersection,At Intersection,Traffic Signal,Clear,Daylight,Dry,Non-Fatal Injury,Turning Movement,Passenger,15 to 19,,0, ,Other, , , , , , , , , ,0,0,1,0,0,0,0,1,0,0,0,0,0,0
982264,2007,7,29,17,45,6,43.65084538,-79.34699029,Toronto-Danforth (30),30,South Riverdale (70),70,D51,Toronto East York,LAKE SHORE BLVD E,DON ROADWAY, ,Expressway,Intersection,At Intersection,Traffic Signal,Clear,Daylight,Dry,Non-Fatal Injury,Turning Movement,Passenger,5 to 9,,0, ,Other, , , , , , , , , ,0,0,1,0,0,0,0,1,0,0,0,0,0,0
982264,2007,7,29,17,45,6,43.65084538,-79.34699029,Toronto-Danforth (30),30,South Riverdale (70),70,D51,Toronto East York,LAKE SHORE BLVD E,DON ROADWAY, ,Expressway,Intersection,At Intersection,Traffic Signal,Clear,Daylight,Dry,Non-Fatal Injury,Turning Movement,Vehicle Owner,unknown,,0, ,Other, , , , , , , , , ,0,0,1,0,0,0,0,1,0,0,0,0,0,0
982264,2007,7,29,17,45,6,43.65084538,-79.34699029,Toronto-Danforth (30),30,South Riverdale (70),70,D51,Toronto East York,LAKE SHORE BLVD E,DON ROADWAY, ,Expressway,Intersection,At Intersection,Traffic Signal,Clear,Daylight,Dry,Non-Fatal Injury,Turning Movement,Driver,20 to 24,,0,South,"Automobile, Station Wagon",Turning Left,Driving Properly,Normal, , , , , , ,0,0,1,0,0,0,0,1,0,0,0,0,0,0
1272572,2011,12,28,17,45,2,43.80804538,-79.26649029,Scarborough-Rouge River (41),41,Agincourt North (129),129,D42,Scarborough,MCCOWAN RD,FINCH AVE E, ,Major Arterial,Intersection,At Intersection,Traffic Signal,Clear,"Dark, artificial",Dry,Non-Fatal Injury,Pedestrian Collisions,Driver,50 to 54,,0,North,"Automobile, Station Wagon",Going Ahead,Driving Properly,Normal, , , , , , ,1,0,1,0,0,0,0,0,0,0,0,0,0,0
1272572,2011,12,28,17,45,2,43.80804538,-79.26649029,Scarborough-Rouge River (41),41,Agincourt North (129),129,D42,Scarborough,MCCOWAN RD,FINCH AVE E, ,Major Arterial,Intersection,At Intersection,Traffic Signal,Clear,"Dark, artificial",Dry,Non-Fatal Injury,Pedestrian Collisions,Pedestrian,20 to 24,Major,0,East,Other, , , ,Vehicle is going straight thru inter.while ped cross without ROW,Crossing without right of way,Inattentive, , , ,1,0,1,0,0,0,0,0,0,0,0,0,0,0
1301166,2012,5,2,17,45,2,43.64674538,-79.39559029,Trinity-Spadina (20),20,Waterfront Communities-The Island (77),77,D14,Toronto East York,ADELAIDE St W,SPADINA Ave, ,Major Arterial,Intersection, ,Traffic Signal,Clear,Daylight,Dry,Non-Fatal Injury,Cyclist Collisions,Driver,45 to 49,,0,North,"Automobile, Station Wagon",Turning Right,Failed to Yield Right of Way,Normal, , , , , , ,0,1,1,0,0,0,0,0,0,1,0,0,0,0
1301166,2012,5,2,17,45,2,43.64674538,-79.39559029,Trinity-Spadina (20),20,Waterfront Communities-The Island (77),77,D14,Toronto East York,ADELAIDE St W,SPADINA Ave, ,Major Arterial,Intersection, ,Traffic Signal,Clear,Daylight,Dry,Non-Fatal Injury,Cyclist Collisions,Cyclist,25 to 29,Major,0,East,Bicycle,Going Ahead, , , , , ,Motorist turning right on green or amber at signalized intersection strikes cyclist.,Driving Properly,Normal,0,1,1,0,0,0,0,0,0,1,0,0,0,0
1328809,2012,12,2,17,45,6,43.78754538,-79.26829029,Scarborough-Rouge River (41),41,Agincourt South-Malvern West (128),128,D42,Scarborough,BRIMLEY RD,SHEPPARD AVE E, ,Major Arterial,Intersection,At Intersection,Traffic Signal,"Fog, Mist, Smoke, Dust","Dark, artificial",Wet,Non-Fatal Injury,Pedestrian Collisions,Driver,70 to 74,,0,West,"Automobile, Station Wagon",Turning Right,Failed to Yield Right of Way,Unknown, , , , , , ,1,0,1,0,0,0,0,0,0,1,0,0,0,0
1267990,2011,10,3,17,0,0,43.66394538,-79.32679029,Beaches-East York (32),32,Greenwood-Coxwell (65),65,D55,Toronto East York,QUEEN ST E,HILTZ AVE, ,Minor Arterial,Mid-Block, ,No Control,Clear,Daylight,Dry,Non-Fatal Injury,Rear End,Vehicle Owner,unknown, ,0, ,Other, , , , , , , , , ,0,0,0,0,1,0,0,1,0,0,0,0,0,0
1083673,2008,12,22,17,10,0,43.65084538,-79.39719029,Trinity-Spadina (20),20,Kensington-Chinatown (78),78,D52,Toronto East York,SPADINA AVE,SULLIVAN ST, ,Major Arterial,Intersection,At Intersection,Traffic Signal,Snow,Dark,Loose Snow,Non-Fatal Injury,Pedestrian Collisions,Vehicle Owner,unknown, ,0, ,Other, , , , , , , , , ,1,0,0,0,0,1,0,0,0,0,0,0,0,0
5001095656,2015,6,29,17,45,0,43.77432593,-79.26690302,Scarborough Centre (37),37,Bendale (127),127,D41,Scarborough,300 PROGRESS AVE, ,40 m East of,Minor Arterial,Mid-Block,Non Intersection,No Control,Clear,Daylight,Dry,Non-Fatal Injury,Turning Movement,Motorcycle Driver,50 to 54,Major,0,West,Motorcycle,Going Ahead,Driving Properly,Normal, , , , , , ,0,0,1,1,0,0,0,1,0,0,0,0,0,0
1267990,2011,10,3,17,0,0,43.66394538,-79.32679029,Beaches-East York (32),32,Greenwood-Coxwell (65),65,D55,Toronto East York,QUEEN ST E,HILTZ AVE, ,Minor Arterial,Mid-Block, ,No Control,Clear,Daylight,Dry,Non-Fatal Injury,Rear End,Truck Driver,45 to 49,,0,West,Truck - Open,Stopped,Driving Properly,Normal, , , , , , ,0,0,0,0,1,0,0,1,0,0,0,0,0,0
1133727,2009,10,5,16,54,0,43.76234538,-79.36189029,Don Valley East (34),34,St.Andrew-Windfields (40),40,D33,North York,LESLIE Stre,LESMILL Road, ,Major Arterial,Mid-Block,At Intersection,No Control,Clear,Daylight,Dry,Non-Fatal Injury,Rear End,Driver,40 to 44,Major,0,North,"Automobile, Station Wagon",Stopped,Driving Properly,Normal, , , , , , ,0,0,1,0,0,0,0,0,0,1,0,0,0,0
1076123,2008,11,24,17,54,0,43.65954538,-79.35749029,Toronto Centre-Rosedale (28),28,Regent Park (72),72,D51,Toronto East York,RIVER ST,SHUTER ST, ,Minor Arterial,Intersection,At Intersection,Traffic Signal,Rain,Dark,Wet,Non-Fatal Injury,Pedestrian Collisions,Driver,45 to 49,,0,North,"Automobile, Station Wagon",Turning Left,Improper Turn,Normal, , , , , , ,1,0,1,0,0,0,0,0,0,0,0,0,0,0
1267990,2011,10,3,17,0,0,43.66394538,-79.32679029,Beaches-East York (32),32,Greenwood-Coxwell (65),65,D55,Toronto East York,QUEEN ST E,HILTZ AVE, ,Minor Arterial,Mid-Block, ,No Control,Clear,Daylight,Dry,Non-Fatal Injury,Rear End,Passenger,15 to 19,Major,0, ,Other, , , , , , , , , ,0,0,0,0,1,0,0,1,0,0,0,0,0,0
5001095656,2015,6,29,17,45,0,43.77432593,-79.26690302,Scarborough Centre (37),37,Bendale (127),127,D41,Scarborough,300 PROGRESS AVE, ,40 m East of,Minor Arterial,Mid-Block,Non Intersection,No Control,Clear,Daylight,Dry,Non-Fatal Injury,Turning Movement,Passenger,60 to 64,,0, , , , , , , , , , , ,0,0,1,1,0,0,0,1,0,0,0,0,0,0
6000304875,2016,2,20,17,17,5,43.75535544,-79.22108851,Scarborough East (43),43,Woburn (137),137,D43,Scarborough,CONFEDERATION DR,STEVENWOOD RD, ,Collector,Intersection,At Intersection,No Control,Clear,Daylight,Dry,Non-Fatal Injury,Cyclist Collisions,Driver,35 to 39,,0,West,"Automobile, Station Wagon",Turning Left,Improper Turn,Normal, , , , , , ,0,1,1,0,0,0,0,0,0,0,0,0,0,0
6000480825,2016,3,20,16,54,6,43.62995871,-79.42554865,Trinity-Spadina (19),19,Niagara (82),82,D14,Scarborough,LAKE SHORE BLVD W,BRITISH COLUMBIA RD,11 m South of Light Post 300,Major Arterial,Mid-Block,Non Intersection,No Control,Clear,Daylight,Dry,Non-Fatal Injury,Approaching,Driver,40 to 44,Major,0,West,"Automobile, Station Wagon",Going Ahead,Other,Had Been Drinking, , , , , , ,0,0,1,0,0,0,0,1,0,0,0,0,0,0
1146015,2009,12,9,17,54,2,43.71794538,-79.55859029,Etobicoke North (2),2,Rexdale-Kipling (4),4,D23,Etobicoke York,LEDUC DR,TORBOLTON DR, ,Local,Intersection,At Intersection,No Control,Clear,Dark,Wet,Non-Fatal Injury,Pedestrian Collisions,Driver,25 to 29,,0,East,"Automobile, Station Wagon",Going Ahead,Other,Normal, , , , , , ,1,0,1,0,0,0,0,0,0,0,0,0,0,0