ACCNUM,YEAR,MONTH,DAY,HOUR,MINUTES,WEEKDAY,LATITUDE,LONGITUDE,Ward_Name,Ward_ID,Hood_Name,Hood_ID,Division,District,STREET1,STREET2,OFFSET,ROAD_CLASS,LOCCOORD,ACCLOC,TRAFFCTL,VISIBILITY,LIGHT,RDSFCOND,ACCLASS,IMPACTYPE,INVTYPE,INVAGE,INJURY,FATAL_NO,INITDIR,VEHTYPE,MANOEUVER,DRIVACT,DRIVCOND,PEDTYPE,PEDACT,PEDCOND,CYCLISTYPE,CYCACT,CYCCOND,PEDESTRIAN,CYCLIST,AUTOMOBILE,MOTORCYCLE,TRUCK,TRSN_CITY_VEH,EMERG_VEH,PASSENGER,SPEEDING,AG_DRIV,REDLIGHT,ALCOHOL,DISABILITY,label
1267990,2011,10,3,17,0,0,43.66394538,-79.32679029,Beaches-East York (32),32,Greenwood-Coxwell (65),65,D55,Toronto East York,QUEEN ST E,HILTZ AVE, ,Minor Arterial,Mid-Block, ,No Control,Clear,Daylight,Dry,Non-Fatal Injury,Rear End,Driver,15 to 19,Minimal,0,West,Other,Going Ahead,Lost control,Inattentive, , , , , , ,0,0,0,0,1,0,0,1,0,0,0,0,0,0
1176502,2010,7,8,17,25,3,43.73594626,-79.25139246,Scarborough Southwest (35),35,Kennedy Park (124),124,D41,Scarborough,EGLINTON AVE E,BIMBROK RD, ,Major Arterial,Mid-Block,At Intersection,No Control,Clear,Daylight,Dry,Non-Fatal Injury,Pedestrian Collisions,Driver,55 to 59,,0,West,Municipal Transit Bus (TTC),Going Ahead,Driving Properly,Normal, , , , , , ,1,0,0,0,0,1,0,0,0,0,0,0,0,0
6001125472,2016,6,27,17,45,0,43.77232702,-79.34627161,Don Valley East (33),33,Henry Farm (53),53,D33,North York,DON MILLS RD,HELEN LU  RD, ,Major Arterial,Intersection,Intersection Related,Traffic Signal,Clear,Daylight,Dry,Non-Fatal Injury,Turning Movement,Driver,50 to 54,,0,South,"Automobile, Station Wagon",Turning Left,Improper Turn,Inattentive, , , , , , ,0,0,1,1,0,0,0,0,0,0,0,0,0,0
6001125472,2016,6,27,17,45,0,43.77232702,-79.34627161,Don Valley East (33),33,Henry Farm (53),53,D33,North York,DON MILLS RD,HELEN LU  RD, ,Major Arterial,Intersection,Intersection Related,Traffic Signal,Clear,Daylight,Dry,Non-Fatal Injury,Turning Movement,Motorcycle Driver,50 to 54,Major,0,North,Motorcycle,Going Ahead,Driving Properly,Normal, , , , , , ,0,0,1,1,0,0,0,0,0,0,0,0,0,0
6001358700,2016,8,2,17,45,1,43.64681204,-79.37693415,Toronto Centre-Rosedale (28),28,Waterfront Communities-The Island (77),77,D51,Toronto East York,FRONT ST E,YONGE ST,5 m North of,Minor Arterial,Intersection,Intersection Related,Traffic Signal,Clear,Daylight,Dry,Non-Fatal Injury,Rear End,Driver,55 to 59,,0,East,"Automobile, Station Wagon",Stopped,Following too Close,Normal, , , , , , ,0,0,1,1,0,0,0,0,0,1,0,0,0,0
6001358700,2016,8,2,17,45,1,43.64681204,-79.37693415,Toronto Centre-Rosedale (28),28,Waterfront Communities-The Island (77),77,D51,Toronto East York,FRONT ST E,YONGE ST,5 m North of,Minor Arterial,Intersection,Intersection Related,Traffic Signal,Clear,Daylight,Dry,Non-Fatal Injury,Rear End,Motorcycle Driver,15 to 19,Major,0,East,Motorcycle,Going Ahead,Driving Properly,Normal, , , , , , ,0,0,1,1,0,0,0,0,0,1,0,0,0,0
7003291964,2017,12,30,17,45,5,43.78285138,-79.29014229,Scarborough-Agincourt (40),40,Tam O'Shanter-Sullivan (118),118,D42,Scarborough,3825 SHEPPARD AVE E,ALLANFORD RD,140 m East of,Major Arterial,Mid-Block,Non Intersection,No Control,Clear,"Daylight, artificial",Wet,Non-Fatal Injury,Pedestrian Collisions,Driver,70 to 74,,0,East,"Automobile, Station Wagon",Going Ahead,Driving Properly,Normal, , , , , , ,1,0,1,0,0,0,0,1,0,0,0,0,0,0
7003291964,2017,12,30,17,45,5,43.78285138,-79.29014229,Scarborough-Agincourt (40),40,Tam O'Shanter-Sullivan (118),118,D42,Scarborough,3825 SHEPPARD AVE E,ALLANFORD RD,140 m East of,Major Arterial,Mid-Block,Non Intersection,No Control,Clear,"Daylight, artificial",Wet,Non-Fatal Injury,Pedestrian Collisions,Pedestrian,0 to 4,Major,0, , , , , , , ,Normal, , , ,1,0,1,0,0,0,0,1,0,0,0,0,0,0
7003291964,2017,12,30,17,45,5,43.78285138,-79.29014229,Scarborough-Agincourt (40),40,Tam O'Shanter-Sullivan (118),118,D42,Scarborough,3825 SHEPPARD AVE E,ALLANFORD RD,140 m East of,Major Arterial,Mid-Block,Non Intersection,No Control,Clear,"Daylight, artificial",Wet,Non-Fatal Injury,Pedestrian Collisions,Passenger,65 to 69,,0, , , , , , , , , , , ,1,0,1,0,0,0,0,1,0,0,0,0,0,0
1266690,2011,11,29,17,46,1,43.74964538,-79.48759029,York West (8),8,York University Heights (27),27,D31,North York,DOVEHOUSE AVE,KEELE ST, ,Major Arterial,Intersection, ,Traffic Signal,Rain,"Dark, artificial",Wet,Non-Fatal Injury,Pedestrian Collisions,Driver,40 to 44,,0,North,"Automobile, Station Wagon",Turning Left,Failed to Yield Right of Way,Inattentive, , , , , , ,1,0,1,0,0,0,0,0,0,1,0,0,0,0
1266690,2011,11,29,17,46,1,43.74964538,-79.48759029,York West (8),8,York University Heights (27),27,D31,North York,DOVEHOUSE AVE,KEELE ST, ,Major Arterial,Intersection, ,Traffic Signal,Rain,"Dark, artificial",Wet,Non-Fatal Injury,Pedestrian Collisions,Pedestrian,65 to 69,Major,0,South,Other, , , ,Vehicle turns left while ped crosses with ROW at inter.,Crossing with right of way,Normal, , , ,1,0,1,0,0,0,0,0,0,1,0,0,0,0
1083673,2008,12,22,17,10,0,43.65084538,-79.39719029,Trinity-Spadina (20),20,Kensington-Chinatown (78),78,D52,Toronto East York,SPADINA AVE,SULLIVAN ST, ,Major Arterial,Intersection,At Intersection,Traffic Signal,Snow,Dark,Loose Snow,Non-Fatal Injury,Pedestrian Collisions,Driver,45 to 49,,0,North,Municipal Transit Bus (TTC),Going Ahead,Driving Properly,Normal, , , , , , ,1,0,0,0,0,1,0,0,0,0,0,0,0,0
4002199465,2014,6,1,17,47,6,43.75547751,-79.24538813,Scarborough Centre (38),38,Bendale (127),127,D43,Scarborough,LAWRENCE AVE E,MCCOWAN RD, ,Major Arterial,Intersection,At Intersection,Traffic Signal,Clear,Daylight,Dry,Non-Fatal Injury,Rear End,Driver,30 to 34,,0,West,"Automobile, Station Wagon",Going Ahead,Following too Close,Had Been Drinking, , , , , , ,0,0,1,0,0,0,0,1,0,1,0,0,0,0
4002199465,2014,6,1,17,47,6,43.75547751,-79.24538813,Scarborough Centre (38),38,Bendale (127),127,D43,Scarborough,LAWRENCE AVE E,MCCOWAN RD, ,Major Arterial,Intersection,At Intersection,Traffic Signal,Clear,Daylight,Dry,Non-Fatal Injury,Rear End,Driver,65 to 69,,0,West,"Automobile, Station Wagon",Stopped,Driving Properly,Normal, , , , , , ,0,0,1,0,0,0,0,1,0,1,0,0,0,0
4002199465,2014,6,1,17,47,6,43.75547751,-79.24538813,Scarborough Centre (38),38,Bendale (127),127,D43,Scarborough,LAWRENCE AVE E,MCCOWAN RD, ,Major Arterial,Intersection,At Intersection,Traffic Signal,Clear,Daylight,Dry,Non-Fatal Injury,Rear End,Driver,50 to 54,,0,West,"Automobile, Station Wagon",Stopped,Driving Properly,Normal, , , , , , ,0,0,1,0,0,0,0,1,0,1,0,0,0,0
4002199465,2014,6,1,17,47,6,43.75547751,-79.24538813,Scarborough Centre (38),38,Bendale (127),127,D43,Scarborough,LAWRENCE AVE E,MCCOWAN RD, ,Major Arterial,Intersection,At Intersection,Traffic Signal,Clear,Daylight,Dry,Non-Fatal Injury,Rear End,Passenger,70 to 74,Major,0, , , , , , , , , , , ,0,0,1,0,0,0,0,1,0,1,0,0,0,0
6001798296,2016,10,9,17,47,6,43.7162586,-79.44318018,Eglinton-Lawrence (15),15,Englemount-Lawrence (32),32,D13,North York,LAWRENCE AVE W,WILLIAM R ALLEN RD N,5 m West of,Major Arterial,Intersection,At Intersection,Traffic Signal,Clear,Daylight,Dry,Non-Fatal Injury,Turning Movement,Driver,20 to 24,,0,East,"Automobile, Station Wagon",Turning Left,Failed to Yield Right of Way,Inattentive, , , , , , ,0,0,1,1,0,0,0,1,0,1,0,0,0,0
6001798296,2016,10,9,17,47,6,43.7162586,-79.44318018,Eglinton-Lawrence (15),15,Englemount-Lawrence (32),32,D13,North York,LAWRENCE AVE W,WILLIAM R ALLEN RD N,5 m West of,Major Arterial,Intersection,At Intersection,Traffic Signal,Clear,Daylight,Dry,Non-Fatal Injury,Turning Movement,Motorcycle Driver,25 to 29,Major,0,West,Motorcycle,Going Ahead,Driving Properly,Normal, , , , , , ,0,0,1,1,0,0,0,1,0,1,0,0,0,0
6001798296,2016,10,9,17,47,6,43.7162586,-79.44318018,Eglinton-Lawrence (15),15,Englemount-Lawrence (32),32,D13,North York,LAWRENCE AVE W,WILLIAM R ALLEN RD N,5 m West of,Major Arterial,Intersection,At Intersection,Traffic Signal,Clear,Daylight,Dry,Non-Fatal Injury,Turning Movement,Passenger,15 to 19,,0, , , , , , , , , , , ,0,0,1,1,0,0,0,1,0,1,0,0,0,0
1068411,2008,10,16,17,48,3,43.77414538,-79.41409029,Willowdale (23),23,Willowdale East (51),51,D32,North York,YONGE ST,CHURCHILL AVE, ,Major Arterial,Mid-Block,At Intersection,No Control,Clear,Daylight,Dry,Non-Fatal Injury,Cyclist Collisions,Driver,45 to 49,,0,South,"Automobile, Station Wagon",Changing Lanes,Improper Lane Change,Normal, , , , , , ,0,1,1,0,0,0,0,0,0,0,0,0,0,0
1068411,2008,10,16,17,48,3,43.77414538,-79.41409029,Willowdale (23),23,Willowdale East (51),51,D32,North York,YONGE ST,CHURCHILL AVE, ,Major Arterial,Mid-Block,At Intersection,No Control,Clear,Daylight,Dry,Non-Fatal Injury,Cyclist Collisions,Cyclist,30 to 34,Major,0,South,Bicycle,Going Ahead, , , , , ,Cyclist and Driver travelling in same direction. One vehicle sideswipes the other.,Driving Properly,Normal,0,1,1,0,0,0,0,0,0,0,0,0,0,0
1182360,2010,6,22,17,48,1,43.67664538,-79.44899029,Davenport (17),17,Corso Italia-Davenport (92),92,D13,Etobicoke York,ST CLAIR Ave W,ST CLARENS Ave, ,Major Arterial,Mid-Block, ,No Control,Clear,Daylight,Dry,Non-Fatal Injury,Cyclist Collisions,Vehicle Owner,unknown, ,0, ,Other, , , , , , , , , ,0,1,0,0,0,1,0,0,0,0,0,0,0,0
1182360,2010,6,22,17,48,1,43.67664538,-79.44899029,Davenport (17),17,Corso Italia-Davenport (92),92,D13,Etobicoke York,ST CLAIR Ave W,ST CLARENS Ave, ,Major Arterial,Mid-Block, ,No Control,Clear,Daylight,Dry,Non-Fatal Injury,Cyclist Collisions,Driver,30 to 34,,0,West,Municipal Transit Bus (TTC),Going Ahead,Driving Properly,Normal, , , , , , ,0,1,0,0,0,1,0,0,0,0,0,0,0,0
1182360,2010,6,22,17,48,1,43.67664538,-79.44899029,Davenport (17),17,Corso Italia-Davenport (92),92,D13,Etobicoke York,ST CLAIR Ave W,ST CLARENS Ave, ,Major Arterial,Mid-Block, ,No Control,Clear,Daylight,Dry,Non-Fatal Injury,Cyclist Collisions,Cyclist,45 to 49,Major,0,South,Bicycle,Going Ahead, , , , , ,Cyclist rode off sidewalk into road at midblock.,Failed to Yield Right of Way,Inattentive,0,1,0,0,0,1,0,0,0,0,0,0,0,0
1324973,2012,10,4,17,48,3,43.67784538,-79.39789029,Trinity-Spadina (20),20,Annex (95),95,D53,Toronto East York,AVENUE RD,MACPHERSON AVE, ,Major Arterial,Mid-Block, ,No Control,Clear,Daylight,Dry,Non-Fatal Injury,Cyclist Collisions,Vehicle Owner,unknown, ,0, ,Other, , , , , , , , , ,0,1,0,0,1,0,0,0,0,1,0,0,0,0
1324973,2012,10,4,17,48,3,43.67784538,-79.39789029,Trinity-Spadina (20),20,Annex (95),95,D53,Toronto East York,AVENUE RD,MACPHERSON AVE, ,Major Arterial,Mid-Block, ,No Control,Clear,Daylight,Dry,Non-Fatal Injury,Cyclist Collisions,Truck Driver,30 to 34,,0,South,Truck - Open,Slowing or Stopping,Improper Passing,Normal, , , , , , ,0,1,0,0,1,0,0,0,0,1,0,0,0,0
1324973,2012,10,4,17,48,3,43.67784538,-79.39789029,Trinity-Spadina (20),20,Annex (95),95,D53,Toronto East York,AVENUE RD,MACPHERSON AVE, ,Major Arterial,Mid-Block, ,No Control,Clear,Daylight,Dry,Non-Fatal Injury,Cyclist Collisions,Cyclist,50 to 54,Major,0,South,Bicycle,Overtaking, , , , , ,Cyclist and Driver travelling in same direction. One vehicle sideswipes the other.,Improper Passing,Unknown,0,1,0,0,1,0,0,0,0,1,0,0,0,0
1324973,2012,10,4,17,48,3,43.67784538,-79.39789029,Trinity-Spadina (20),20,Annex (95),95,D53,Toronto East York,AVENUE RD,MACPHERSON AVE, ,Major Arterial,Mid-Block, ,No Control,Clear,Daylight,Dry,Non-Fatal Injury,Cyclist Collisions,Other,unknown,,0, ,Other, , , , , , , , , ,0,1,0,0,1,0,0,0,0,1,0,0,0,0
4002395351,2014,6,29,17,48,6,43.80140646,-79.21810541,Scarborough-Rouge River (42),42,Malvern (132),132,D42,Scarborough,NEILSON RD,BERNER TRL,97 m South of,Minor Arterial,Mid-Block,Non Intersection,No Control,Clear,Daylight,Dry,Non-Fatal Injury,SMV Other,Driver,20 to 24,Major,0,South,"Automobile, Station Wagon",Going Ahead,Lost control,Unknown, , , , , , ,0,0,1,0,0,0,0,1,0,0,0,0,0,0
4002395351,2014,6,29,17,48,6,43.80140646,-79.21810541,Scarborough-Rouge River (42),42,Malvern (132),132,D42,Scarborough,NEILSON RD,BERNER TRL,97 m South of,Minor Arterial,Mid-Block,Non Intersection,No Control,Clear,Daylight,Dry,Non-Fatal Injury,SMV Other,Passenger,15 to 19,Major,0, , , , , , , , , , , ,0,0,1,0,0,0,0,1,0,0,0,0,0,0
4002395351,2014,6,29,17,48,6,43.80140646,-79.21810541,Scarborough-Rouge River (42),42,Malvern (132),132,D42,Scarborough,NEILSON RD,BERNER TRL,97 m South of,Minor Arterial,Mid-Block,Non Intersection,No Control,Clear,Daylight,Dry,Non-Fatal Injury,SMV Other,Passenger,15 to 19,Major,0, , , , , , , , , , , ,0,0,1,0,0,0,0,1,0,0,0,0,0,0
4002395351,2014,6,29,17,48,6,43.80140646,-79.21810541,Scarborough-Rouge River (42),42,Malvern (132),132,D42,Scarborough,NEILSON RD,BERNER TRL,97 m South of,Minor Arterial,Mid-Block,Non Intersection,No Control,Clear,Daylight,Dry,Non-Fatal Injury,SMV Other,Passenger,20 to 24,Major,0, , , , , , , , , , , ,0,0,1,0,0,0,0,1,0,0,0,0,0,0
4002395351,2014,6,29,17,48,6,43.80140646,-79.21810541,Scarborough-Rouge River (42),42,Malvern (132),132,D42,Scarborough,NEILSON RD,BERNER TRL,97 m South of,Minor Arterial,Mid-Block,Non Intersection,No Control,Clear,Daylight,Dry,Non-Fatal Injury,SMV Other,Passenger,15 to 19,Major,0, , , , , , , , , , , ,0,0,1,0,0,0,0,1,0,0,0,0,0,0
1019756,2008,2,8,17,49,4,43.73554538,-79.44269029,York Centre (10),10,Clanton Park (33),33,D32,North York,WILSON AVE,ALLINGHAM GDNS, ,Major Arterial,Intersection,At Intersection,Traffic Signal,Rain,Daylight,Wet,Fatal,Pedestrian Collisions,Passenger,25 to 29,,0, ,Other, , , , , , , , , ,1,0,1,0,0,0,0,1,0,0,0,0,0,1
1019756,2008,2,8,17,49,4,43.73554538,-79.44269029,York Centre (10),10,Clanton Park (33),33,D32,North York,WILSON AVE,ALLINGHAM GDNS, ,Major Arterial,Intersection,At Intersection,Traffic Signal,Rain,Daylight,Wet,Fatal,Pedestrian Collisions,Vehicle Owner,unknown, ,0, ,Other, , , , , , , , , ,1,0,1,0,0,0,0,1,0,0,0,0,0,1
1019756,2008,2,8,17,49,4,43.73554538,-79.44269029,York Centre (10),10,Clanton Park (33),33,D32,North York,WILSON AVE,ALLINGHAM GDNS, ,Major Arterial,Intersection,At Intersection,Traffic Signal,Rain,Daylight,Wet,Fatal,Pedestrian Collisions,Driver,20 to 24,,0,West,"Automobile, Station Wagon",Going Ahead,Driving Properly,Normal, , , , , , ,1,0,1,0,0,0,0,1,0,0,0,0,0,1
1019756,2008,2,8,17,49,4,43.73554538,-79.44269029,York Centre (10),10,Clanton Park (33),33,D32,North York,WILSON AVE,ALLINGHAM GDNS, ,Major Arterial,Intersection,At Intersection,Traffic Signal,Rain,Daylight,Wet,Fatal,Pedestrian Collisions,Pedestrian,20 to 24,Fatal,7,South,Other, , , ,Vehicle is going straight thru inter.while ped cross without ROW,Crossing without right of way,"Ability Impaired, Alcohol", , , ,1,0,1,0,0,0,0,1,0,0,0,0,0,1
945089,2007,1,2,17,50,1,43.79594538,-79.33269029,Don Valley East (33),33,Pleasant View (46),46,D33,Scarborough,VICTORIA PARK AVE,HARE GT, ,Major Arterial,Intersection,At Intersection,No Control,Clear,Dark,Dry,Fatal,Pedestrian Collisions,Vehicle Owner,unknown, ,0, ,Other, , , , , , , , , ,1,0,1,0,0,0,0,0,0,0,0,0,0,1
945089,2007,1,2,17,50,1,43.79594538,-79.33269029,Don Valley East (33),33,Pleasant View (46),46,D33,Scarborough,VICTORIA PARK AVE,HARE GT, ,Major Arterial,Intersection,At Intersection,No Control,Clear,Dark,Dry,Fatal,Pedestrian Collisions,Driver,50 to 54,,0,North,"Automobile, Station Wagon",Going Ahead,Driving Properly,Normal, , , , , , ,1,0,1,0,0,0,0,0,0,0,0,0,0,1
945089,2007,1,2,17,50,1,43.79594538,-79.33269029,Don Valley East (33),33,Pleasant View (46),46,D33,Scarborough,VICTORIA PARK AVE,HARE GT, ,Major Arterial,Intersection,At Intersection,No Control,Clear,Dark,Dry,Fatal,Pedestrian Collisions,Pedestrian,40 to 44,Fatal,0,West,Other, , , ,Vehicle is going straight thru inter.while ped cross without ROW,"Crossing, no Traffic Control",Unknown, , , ,1,0,1,0,0,0,0,0,0,0,0,0,0,1
998487,2007,10,2,17,50,1,43.64584538,-79.39989029,Trinity-Spadina (20),20,Waterfront Communities-The Island (77),77,D14,Toronto East York,ADELAIDE ST W,PORTLAND ST, ,Major Arterial,Mid-Block, ,No Control,Clear,Daylight,Dry,Non-Fatal Injury,SMV Other,Passenger,35 to 39,Major,0, ,Other, , , , , , , , , ,0,0,1,0,0,0,0,1,1,1,0,0,0,0
998487,2007,10,2,17,50,1,43.64584538,-79.39989029,Trinity-Spadina (20),20,Waterfront Communities-The Island (77),77,D14,Toronto East York,ADELAIDE ST W,PORTLAND ST, ,Major Arterial,Mid-Block, ,No Control,Clear,Daylight,Dry,Non-Fatal Injury,SMV Other,Vehicle Owner,unknown, ,0, ,Other, , , , , , , , , ,0,0,1,0,0,0,0,1,1,1,0,0,0,0
998487,2007,10,2,17,50,1,43.64584538,-79.39989029,Trinity-Spadina (20),20,Waterfront Communities-The Island (77),77,D14,Toronto East York,ADELAIDE ST W,PORTLAND ST, ,Major Arterial,Mid-Block, ,No Control,Clear,Daylight,Dry,Non-Fatal Injury,SMV Other,Driver,30 to 34,Minor,0,North,"Automobile, Station Wagon",Pulling Onto Shoulder or towardCurb,Lost control,Unknown, , , , , , ,0,0,1,0,0,0,0,1,1,1,0,0,0,0
998487,2007,10,2,17,50,1,43.64584538,-79.39989029,Trinity-Spadina (20),20,Waterfront Communities-The Island (77),77,D14,Toronto East York,ADELAIDE ST W,PORTLAND ST, ,Major Arterial,Mid-Block, ,No Control,Clear,Daylight,Dry,Non-Fatal Injury,SMV Other,Other Property Owner,unknown, ,0, ,Other, , , , , , , , , ,0,0,1,0,0,0,0,1,1,1,0,0,0,0
1015577,2008,1,17,17,50,3,43.78284538,-79.40149029,Willowdale (23),23,Willowdale East (51),51,D32,North York,FINCH AVE E,WILFRED AVE, ,Major Arterial,Mid-Block,At Intersection,No Control,Snow,Dark,Wet,Non-Fatal Injury,Pedestrian Collisions,Driver,30 to 34,,0,West,"Automobile, Station Wagon",Going Ahead,Driving Properly,Normal, , , , , , ,1,0,1,0,0,0,0,0,0,0,0,0,0,0
1015577,2008,1,17,17,50,3,43.78284538,-79.40149029,Willowdale (23),23,Willowdale East (51),51,D32,North York,FINCH AVE E,WILFRED AVE, ,Major Arterial,Mid-Block,At Intersection,No Control,Snow,Dark,Wet,Non-Fatal Injury,Pedestrian Collisions,Driver,45 to 49,,0,West,"Automobile, Station Wagon",Going Ahead,Driving Properly,Normal, , , , , , ,1,0,1,0,0,0,0,0,0,0,0,0,0,0
1015577,2008,1,17,17,50,3,43.78284538,-79.40149029,Willowdale (23),23,Willowdale East (51),51,D32,North York,FINCH AVE E,WILFRED AVE, ,Major Arterial,Mid-Block,At Intersection,No Control,Snow,Dark,Wet,Non-Fatal Injury,Pedestrian Collisions,Pedestrian,70 to 74,Major,0,South,Other, , , ,Pedestrian hit at mid-block,"Crossing, no Traffic Control",Unknown, , , ,1,0,1,0,0,0,0,0,0,0,0,0,0,0
1046411,2008,7,4,17,50,4,43.69184538,-79.46579029,York South-Weston (12),12,Keelesdale-Eglinton West (110),110,D12,Etobicoke York,EGLINTON AVE W,GABIAN WAY, ,Major Arterial,Mid-Block, ,No Control,Clear,Daylight,Dry,Non-Fatal Injury,Pedestrian Collisions,Driver,50 to 54,,0,East,"Automobile, Station Wagon",Changing Lanes,Lost control,Inattentive, , , , , , ,1,0,1,0,0,0,0,0,0,0,0,0,0,0
1046411,2008,7,4,17,50,4,43.69184538,-79.46579029,York South-Weston (12),12,Keelesdale-Eglinton West (110),110,D12,Etobicoke York,EGLINTON AVE W,GABIAN WAY, ,Major Arterial,Mid-Block, ,No Control,Clear,Daylight,Dry,Non-Fatal Injury,Pedestrian Collisions,Pedestrian,25 to 29,Major,0, ,Other, , , ,Pedestrian hit on sidewalk or shoulder,On Sidewalk or Shoulder,Normal, , , ,1,0,1,0,0,0,0,0,0,0,0,0,0,0
1108100,2009,6,3,17,50,2,43.61834538,-79.51129029,Etobicoke-Lakeshore (6),6,Mimico (includes Humber Bay Shores) (17),17,D22,Etobicoke York,EVANS Ave,ISLINGTON Ave, ,Major Arterial,Intersection,At Intersection,Traffic Signal,Clear,Daylight,Dry,Non-Fatal Injury,Angle,Vehicle Owner,unknown, ,0, ,Other, , , , , , , , , ,0,0,1,0,0,0,0,1,1,1,1,0,0,0
1108100,2009,6,3,17,50,2,43.61834538,-79.51129029,Etobicoke-Lakeshore (6),6,Mimico (includes Humber Bay Shores) (17),17,D22,Etobicoke York,EVANS Ave,ISLINGTON Ave, ,Major Arterial,Intersection,At Intersection,Traffic Signal,Clear,Daylight,Dry,Non-Fatal Injury,Angle,Driver,30 to 34,,0,East,"Automobile, Station Wagon",Going Ahead,Disobeyed Traffic Control,Unknown, , , , , , ,0,0,1,0,0,0,0,1,1,1,1,0,0,0
1108100,2009,6,3,17,50,2,43.61834538,-79.51129029,Etobicoke-Lakeshore (6),6,Mimico (includes Humber Bay Shores) (17),17,D22,Etobicoke York,EVANS Ave,ISLINGTON Ave, ,Major Arterial,Intersection,At Intersection,Traffic Signal,Clear,Daylight,Dry,Non-Fatal Injury,Angle,Passenger,0 to 4,Minor,0, ,Other, , , , , , , , , ,0,0,1,0,0,0,0,1,1,1,1,0,0,0
1108100,2009,6,3,17,50,2,43.61834538,-79.51129029,Etobicoke-Lakeshore (6),6,Mimico (includes Humber Bay Shores) (17),17,D22,Etobicoke York,EVANS Ave,ISLINGTON Ave, ,Major Arterial,Intersection,At Intersection,Traffic Signal,Clear,Daylight,Dry,Non-Fatal Injury,Angle,Passenger,35 to 39,Minor,0, ,Other, , , , , , , , , ,0,0,1,0,0,0,0,1,1,1,1,0,0,0
1108100,2009,6,3,17,50,2,43.61834538,-79.51129029,Etobicoke-Lakeshore (6),6,Mimico (includes Humber Bay Shores) (17),17,D22,Etobicoke York,EVANS Ave,ISLINGTON Ave, ,Major Arterial,Intersection,At Intersection,Traffic Signal,Clear,Daylight,Dry,Non-Fatal Injury,Angle,Vehicle Owner,unknown, ,0, ,Other, , , , , , , , , ,0,0,1,0,0,0,0,1,1,1,1,0,0,0
1108100,2009,6,3,17,50,2,43.61834538,-79.51129029,Etobicoke-Lakeshore (6),6,Mimico (includes Humber Bay Shores) (17),17,D22,Etobicoke York,EVANS Ave,ISLINGTON Ave, ,Major Arterial,Intersection,At Intersection,Traffic Signal,Clear,Daylight,Dry,Non-Fatal Injury,Angle,Driver,40 to 44,Major,0,North,"Automobile, Station Wagon",Going Ahead,Driving Properly,Normal, , , , , , ,0,0,1,0,0,0,0,1,1,1,1,0,0,0
1179647,2010,6,1,17,50,1,43.71204538,-79.41169029,Eglinton-Lawrence (16),16,Lawrence Park South (103),103,D53,North York,AVENUE RD,HILLHURST BLVD, ,Major Arterial,Intersection,At Intersection,Traffic Signal,Clear,Daylight,Dry,Non-Fatal Injury,Pedestrian Collisions,Vehicle Owner,unknown, ,0, ,Other, , , , , , , , , ,1,0,1,0,0,0,0,0,0,1,0,0,0,0
1179647,2010,6,1,17,50,1,43.71204538,-79.41169029,Eglinton-Lawrence (16),16,Lawrence Park South (103),103,D53,North York,AVENUE RD,HILLHURST BLVD, ,Major Arterial,Intersection,At Intersection,Traffic Signal,Clear,Daylight,Dry,Non-Fatal Injury,Pedestrian Collisions,Driver,15 to 19,,0,South,"Automobile, Station Wagon",Going Ahead,Following too Close,Normal, , , , , , ,1,0,1,0,0,0,0,0,0,1,0,0,0,0
1179647,2010,6,1,17,50,1,43.71204538,-79.41169029,Eglinton-Lawrence (16),16,Lawrence Park South (103),103,D53,North York,AVENUE RD,HILLHURST BLVD, ,Major Arterial,Intersection,At Intersection,Traffic Signal,Clear,Daylight,Dry,Non-Fatal Injury,Pedestrian Collisions,Vehicle Owner,unknown, ,0, ,Other, , , , , , , , , ,1,0,1,0,0,0,0,0,0,1,0,0,0,0
1179647,2010,6,1,17,50,1,43.71204538,-79.41169029,Eglinton-Lawrence (16),16,Lawrence Park South (103),103,D53,North York,AVENUE RD,HILLHURST BLVD, ,Major Arterial,Intersection,At Intersection,Traffic Signal,Clear,Daylight,Dry,Non-Fatal Injury,Pedestrian Collisions,Driver,35 to 39,,0,South,"Automobile, Station Wagon",Turning Right,Driving Properly,Normal, , , , , , ,1,0,1,0,0,0,0,0,0,1,0,0,0,0
1179647,2010,6,1,17,50,1,43.71204538,-79.41169029,Eglinton-Lawrence (16),16,Lawrence Park South (103),103,D53,North York,AVENUE RD,HILLHURST BLVD, ,Major Arterial,Intersection,At Intersection,Traffic Signal,Clear,Daylight,Dry,Non-Fatal Injury,Pedestrian Collisions,Pedestrian,40 to 44,Major,0,North,Other, , , ,Vehicle turns right while ped crosses with ROW at inter.,Crossing with right of way,Normal, , , ,1,0,1,0,0,0,0,0,0,1,0,0,0,0
1209441,2010,12,28,17,50,1,43.82594538,-79.29729029,Scarborough-Rouge River (41),41,Milliken (130),130,D42,Scarborough,STEELES AVE E,MIDLAND AVE, ,Major Arterial,Intersection,At Intersection,Traffic Signal,Snow,Dark,Wet,Non-Fatal Injury,Pedestrian Collisions,Driver,unknown,,0,North,"Automobile, Station Wagon",Turning Right,Improper Turn,Unknown, , , , , , ,1,0,1,0,0,0,0,0,0,0,0,0,0,0