ACCNUM,YEAR,MONTH,DAY,HOUR,MINUTES,WEEKDAY,LATITUDE,LONGITUDE,Ward_Name,Ward_ID,Hood_Name,Hood_ID,Division,District,STREET1,STREET2,OFFSET,ROAD_CLASS,LOCCOORD,ACCLOC,TRAFFCTL,VISIBILITY,LIGHT,RDSFCOND,ACCLASS,IMPACTYPE,INVTYPE,INVAGE,INJURY,FATAL_NO,INITDIR,VEHTYPE,MANOEUVER,DRIVACT,DRIVCOND,PEDTYPE,PEDACT,PEDCOND,CYCLISTYPE,CYCACT,CYCCOND,PEDESTRIAN,CYCLIST,AUTOMOBILE,MOTORCYCLE,TRUCK,TRSN_CITY_VEH,EMERG_VEH,PASSENGER,SPEEDING,AG_DRIV,REDLIGHT,ALCOHOL,DISABILITY,label
1042297,2008,6,8,17,20,6,43.72104605,-79.53738795,York West (7),7,Pelmo Park-Humberlea (23),23,D31,Etobicoke York,WESTON Road,FLINDON Road, ,Major Arterial,Mid-Block, ,No Control,Clear,Daylight,Dry,Non-Fatal Injury,SMV Other,Passenger,65 to 69,Minimal,0, ,Other,Other, , , , , , , , ,0,0,1,0,0,0,0,1,0,0,0,0,1,0
1042297,2008,6,8,17,20,6,43.72104605,-79.53738795,York West (7),7,Pelmo Park-Humberlea (23),23,D31,Etobicoke York,WESTON Road,FLINDON Road, ,Major Arterial,Mid-Block, ,No Control,Clear,Daylight,Dry,Non-Fatal Injury,SMV Other,Passenger,75 to 79,Minimal,0, ,Other,Other, , , , , , , , ,0,0,1,0,0,0,0,1,0,0,0,0,1,0
1042297,2008,6,8,17,20,6,43.72104605,-79.53738795,York West (7),7,Pelmo Park-Humberlea (23),23,D31,Etobicoke York,WESTON Road,FLINDON Road, ,Major Arterial,Mid-Block, ,No Control,Clear,Daylight,Dry,Non-Fatal Injury,SMV Other,Passenger,80 to 84,Minimal,0, ,Other,Other, , , , , , , , ,0,0,1,0,0,0,0,1,0,0,0,0,1,0
1042297,2008,6,8,17,20,6,43.72104605,-79.53738795,York West (7),7,Pelmo Park-Humberlea (23),23,D31,Etobicoke York,WESTON Road,FLINDON Road, ,Major Arterial,Mid-Block, ,No Control,Clear,Daylight,Dry,Non-Fatal Injury,SMV Other,Passenger,60 to 64,Minimal,0, ,Other,Other, , , , , , , , ,0,0,1,0,0,0,0,1,0,0,0,0,1,0
1042297,2008,6,8,17,20,6,43.72104605,-79.53738795,York West (7),7,Pelmo Park-Humberlea (23),23,D31,Etobicoke York,WESTON Road,FLINDON Road, ,Major Arterial,Mid-Block, ,No Control,Clear,Daylight,Dry,Non-Fatal Injury,SMV Other,Driver,65 to 69,Major,0,South,"Automobile, Station Wagon",Going Ahead,Lost control,Medical or Physical Disability, , , , , , ,0,0,1,0,0,0,0,1,0,0,0,0,1,0
1111784,2009,5,25,17,20,0,43.76814538,-79.46959029,York West (8),8,York University Heights (27),27,D32,North York,FINCH Aven W,ALNESS Stre, ,Major Arterial,Mid-Block, ,No Control,Clear,Daylight,Dry,Non-Fatal Injury,Turning Movement,Motorcycle Driver,35 to 39,Major,0,East,Motorcycle,Going Ahead,Improper Passing,Inattentive, , , , , , ,0,0,1,1,0,0,0,0,0,1,0,0,0,0
1111784,2009,5,25,17,20,0,43.76814538,-79.46959029,York West (8),8,York University Heights (27),27,D32,North York,FINCH Aven W,ALNESS Stre, ,Major Arterial,Mid-Block, ,No Control,Clear,Daylight,Dry,Non-Fatal Injury,Turning Movement,Driver,25 to 29,,0,North,"Automobile, Station Wagon",Turning Left,Driving Properly,Normal, , , , , , ,0,0,1,1,0,0,0,0,0,1,0,0,0,0
1115566,2009,7,21,17,20,1,43.72184538,-79.45649029,Eglinton-Lawrence (15),15,Yorkdale-Glen Park (31),31,D32,North York,BENTWORTH AVE,DUFFERIN ST, ,Major Arterial,Intersection,At Intersection,Traffic Signal,Rain,Daylight,Wet,Non-Fatal Injury,Pedestrian Collisions,Driver,45 to 49,,0,East,"Automobile, Station Wagon",Turning Left,Failed to Yield Right of Way,Normal, , , , , , ,1,0,1,0,0,0,0,0,0,1,0,0,0,0
1115566,2009,7,21,17,20,1,43.72184538,-79.45649029,Eglinton-Lawrence (15),15,Yorkdale-Glen Park (31),31,D32,North York,BENTWORTH AVE,DUFFERIN ST, ,Major Arterial,Intersection,At Intersection,Traffic Signal,Rain,Daylight,Wet,Non-Fatal Injury,Pedestrian Collisions,Pedestrian,80 to 84,Major,0,West,Other, , , ,Vehicle turns left while ped crosses with ROW at inter.,Crossing with right of way,Normal, , , ,1,0,1,0,0,0,0,0,0,1,0,0,0,0
1159036,2010,3,24,17,20,2,43.72364538,-79.33019029,Don Valley West (26),26,Banbury-Don Mills (42),42,D33,North York,DON VALLEY PARKWAY  N,EGLINTON Aven E, ,Expressway,Mid-Block, ,No Control,Clear,Daylight,Dry,Non-Fatal Injury,Rear End,Vehicle Owner,unknown, ,0, ,Other, , , , , , , , , ,0,0,1,0,0,0,0,1,0,1,0,0,0,0
1159036,2010,3,24,17,20,2,43.72364538,-79.33019029,Don Valley West (26),26,Banbury-Don Mills (42),42,D33,North York,DON VALLEY PARKWAY  N,EGLINTON Aven E, ,Expressway,Mid-Block, ,No Control,Clear,Daylight,Dry,Non-Fatal Injury,Rear End,Driver,40 to 44,,0,North,"Automobile, Station Wagon",Going Ahead,Following too Close,Normal, , , , , , ,0,0,1,0,0,0,0,1,0,1,0,0,0,0
1159036,2010,3,24,17,20,2,43.72364538,-79.33019029,Don Valley West (26),26,Banbury-Don Mills (42),42,D33,North York,DON VALLEY PARKWAY  N,EGLINTON Aven E, ,Expressway,Mid-Block, ,No Control,Clear,Daylight,Dry,Non-Fatal Injury,Rear End,Driver,25 to 29,Minor,0,North,"Automobile, Station Wagon",Stopped,Driving Properly,Normal, , , , , , ,0,0,1,0,0,0,0,1,0,1,0,0,0,0
1159036,2010,3,24,17,20,2,43.72364538,-79.33019029,Don Valley West (26),26,Banbury-Don Mills (42),42,D33,North York,DON VALLEY PARKWAY  N,EGLINTON Aven E, ,Expressway,Mid-Block, ,No Control,Clear,Daylight,Dry,Non-Fatal Injury,Rear End,Passenger,20 to 24,Major,0, ,Other, , , , , , , , , ,0,0,1,0,0,0,0,1,0,1,0,0,0,0
1159036,2010,3,24,17,20,2,43.72364538,-79.33019029,Don Valley West (26),26,Banbury-Don Mills (42),42,D33,North York,DON VALLEY PARKWAY  N,EGLINTON Aven E, ,Expressway,Mid-Block, ,No Control,Clear,Daylight,Dry,Non-Fatal Injury,Rear End,Vehicle Owner,unknown, ,0, ,Other, , , , , , , , , ,0,0,1,0,0,0,0,1,0,1,0,0,0,0
1159036,2010,3,24,17,20,2,43.72364538,-79.33019029,Don Valley West (26),26,Banbury-Don Mills (42),42,D33,North York,DON VALLEY PARKWAY  N,EGLINTON Aven E, ,Expressway,Mid-Block, ,No Control,Clear,Daylight,Dry,Non-Fatal Injury,Rear End,Driver,20 to 24,,0,North,"Automobile, Station Wagon",Stopped,Driving Properly,Normal, , , , , , ,0,0,1,0,0,0,0,1,0,1,0,0,0,0
1168069,2010,4,29,17,20,3,43.68204538,-79.46649029,Davenport (17),17,Keelesdale-Eglinton West (110),110,D12,Etobicoke York,ROGERS RD,KANE AVE, ,Minor Arterial,Intersection, ,No Control,Clear,Daylight,Dry,Non-Fatal Injury,Sideswipe,Motorcycle Driver,30 to 34,Major,0,West,Motorcycle,Overtaking,Improper Passing,Inattentive, , , , , , ,0,0,1,1,0,0,0,0,0,1,0,0,0,0
1168069,2010,4,29,17,20,3,43.68204538,-79.46649029,Davenport (17),17,Keelesdale-Eglinton West (110),110,D12,Etobicoke York,ROGERS RD,KANE AVE, ,Minor Arterial,Intersection, ,No Control,Clear,Daylight,Dry,Non-Fatal Injury,Sideswipe,Driver,40 to 44,,0,West,"Automobile, Station Wagon",Slowing or Stopping,Driving Properly,Normal, , , , , , ,0,0,1,1,0,0,0,0,0,1,0,0,0,0
1305187,2012,6,3,17,20,6,43.65714538,-79.40519029,Trinity-Spadina (20),20,University (79),79,D14,Toronto East York,COLLEGE ST,BORDEN ST, ,Major Arterial,Intersection,At Intersection,No Control,Clear,Daylight,Dry,Non-Fatal Injury,Cyclist Collisions,Driver,25 to 29,,0,East,Other,Parked,Other,Normal, , , , , , ,0,1,0,0,0,0,0,0,0,0,0,0,0,0
1305187,2012,6,3,17,20,6,43.65714538,-79.40519029,Trinity-Spadina (20),20,University (79),79,D14,Toronto East York,COLLEGE ST,BORDEN ST, ,Major Arterial,Intersection,At Intersection,No Control,Clear,Daylight,Dry,Non-Fatal Injury,Cyclist Collisions,Cyclist,20 to 24,Major,0,East,Bicycle,Going Ahead, , , , , ,Cyclist struck opened vehicle door,Driving Properly,Normal,0,1,0,0,0,0,0,0,0,0,0,0,0,0
1308147,2012,7,6,17,20,4,43.66154538,-79.40979029,Trinity-Spadina (19),19,Palmerston-Little Italy (80),80,D14,Toronto East York,BATHURST ST,HARBORD ST, ,Major Arterial,Intersection,At Intersection,Traffic Signal,Clear,Daylight,Dry,Non-Fatal Injury,Cyclist Collisions,Driver,25 to 29,,0,South,"Automobile, Station Wagon",Going Ahead,Driving Properly,Normal, , , , , , ,0,1,1,0,0,0,0,0,0,0,0,0,0,0
1308147,2012,7,6,17,20,4,43.66154538,-79.40979029,Trinity-Spadina (19),19,Palmerston-Little Italy (80),80,D14,Toronto East York,BATHURST ST,HARBORD ST, ,Major Arterial,Intersection,At Intersection,Traffic Signal,Clear,Daylight,Dry,Non-Fatal Injury,Cyclist Collisions,Cyclist,25 to 29,Major,0,North,Bicycle,Turning Left, , , , , ,Cyclist turned left across motorists path.,Disobeyed Traffic Control,Unknown,0,1,1,0,0,0,0,0,0,0,0,0,0,0
1327765,2012,11,27,17,20,1,43.80964538,-79.28999029,Scarborough-Rouge River (41),41,Milliken (130),130,D42,Scarborough,MIDLAND AVE,KILCULLEN CASTLE GT, ,Major Arterial,Intersection, ,No Control,Clear,"Dark, artificial",Dry,Fatal,Pedestrian Collisions,Vehicle Owner,unknown, ,0, ,Other, , , , , , , , , ,1,0,1,0,0,0,0,0,0,0,0,0,0,1
1327765,2012,11,27,17,20,1,43.80964538,-79.28999029,Scarborough-Rouge River (41),41,Milliken (130),130,D42,Scarborough,MIDLAND AVE,KILCULLEN CASTLE GT, ,Major Arterial,Intersection, ,No Control,Clear,"Dark, artificial",Dry,Fatal,Pedestrian Collisions,Driver,65 to 69,,0,North,"Automobile, Station Wagon",Slowing or Stopping,Driving Properly,Normal, , , , , , ,1,0,1,0,0,0,0,0,0,0,0,0,0,1
1327765,2012,11,27,17,20,1,43.80964538,-79.28999029,Scarborough-Rouge River (41),41,Milliken (130),130,D42,Scarborough,MIDLAND AVE,KILCULLEN CASTLE GT, ,Major Arterial,Intersection, ,No Control,Clear,"Dark, artificial",Dry,Fatal,Pedestrian Collisions,Pedestrian,40 to 44,Fatal,40,Unknown,Other, , , ,Pedestrian hit at mid-block,"Crossing, no Traffic Control",Unknown, , , ,1,0,1,0,0,0,0,0,0,0,0,0,0,1
1340319,2012,12,19,17,20,2,43.66334538,-79.41309029,Trinity-Spadina (19),19,Palmerston-Little Italy (80),80,D14,Toronto East York,PALMERSTON BLVD,LENNOX ST, ,Collector,Intersection,At Intersection,Stop Sign,Clear,"Dark, artificial",Dry,Non-Fatal Injury,Cyclist Collisions,Driver,50 to 54,,0,South,"Automobile, Station Wagon",Going Ahead,Driving Properly,Normal, , , , , , ,0,1,1,0,0,0,0,0,0,0,0,0,0,0
1340319,2012,12,19,17,20,2,43.66334538,-79.41309029,Trinity-Spadina (19),19,Palmerston-Little Italy (80),80,D14,Toronto East York,PALMERSTON BLVD,LENNOX ST, ,Collector,Intersection,At Intersection,Stop Sign,Clear,"Dark, artificial",Dry,Non-Fatal Injury,Cyclist Collisions,Cyclist,40 to 44,Major,0,West,Bicycle,Going Ahead, , , , , ,"Cyclist without ROW rides into path of motorist at inter, lnwy, dwy-Cyclist not turn.",Failed to Yield Right of Way,Normal,0,1,1,0,0,0,0,0,0,0,0,0,0,0
4002352031,2014,6,23,17,20,0,43.64765127,-79.38480006,Trinity-Spadina (20),20,Bay Street Corridor (76),76,D52,Toronto East York,KING ST W,UNIVERSITY AVE, ,Major Arterial,Intersection,Intersection Related,Traffic Signal,Clear,Daylight,Dry,Non-Fatal Injury,Cyclist Collisions,Truck Driver,60 to 64,,0,East,Truck - Open,Going Ahead,Following too Close,Inattentive, , , , , , ,0,1,0,0,1,0,0,0,0,1,0,0,0,0
4002352031,2014,6,23,17,20,0,43.64765127,-79.38480006,Trinity-Spadina (20),20,Bay Street Corridor (76),76,D52,Toronto East York,KING ST W,UNIVERSITY AVE, ,Major Arterial,Intersection,Intersection Related,Traffic Signal,Clear,Daylight,Dry,Non-Fatal Injury,Cyclist Collisions,Cyclist,15 to 19,Major,0,East, ,Going Ahead, , , , , ,Cyclist and Driver travelling in same direction. One vehicle rear-ended the other.,Driving Properly,Unknown,0,1,0,0,1,0,0,0,0,1,0,0,0,0
4002781365,2014,8,26,17,20,1,43.68276556,-79.46330653,Davenport (17),17,Keelesdale-Eglinton West (110),110,D12,Etobicoke York,ROGERS RD,SILVERTHORN AVE, ,Minor Arterial,Intersection,Intersection Related,Traffic Signal,Clear,Daylight,Dry,Non-Fatal Injury,Cyclist Collisions,Driver,30 to 34,,0,West,"Automobile, Station Wagon",Turning Right,Improper Turn,Normal, , , , , , ,0,1,1,0,0,0,0,0,0,0,0,0,0,0
4002781365,2014,8,26,17,20,1,43.68276556,-79.46330653,Davenport (17),17,Keelesdale-Eglinton West (110),110,D12,Etobicoke York,ROGERS RD,SILVERTHORN AVE, ,Minor Arterial,Intersection,Intersection Related,Traffic Signal,Clear,Daylight,Dry,Non-Fatal Injury,Cyclist Collisions,Cyclist,30 to 34,Major,0,West,Bicycle,Turning Right, , , , , ,Motorist turning right on green or amber at signalized intersection strikes cyclist.,Driving Properly,Normal,0,1,1,0,0,0,0,0,0,0,0,0,0,0
5002186255,2015,12,21,17,20,0,43.68120535,-79.33361445,Toronto-Danforth (30),30,Blake-Jones (69),69,D55,Toronto East York,1145 DANFORTH AVE, , ,Major Arterial,Mid-Block,Non Intersection,No Control,Rain,"Dark, artificial",Wet,Non-Fatal Injury,Pedestrian Collisions,Driver,60 to 64,,0,East,"Automobile, Station Wagon",Going Ahead,Driving Properly,Normal, , , , , , ,1,0,1,0,0,0,0,0,0,0,0,0,0,0
5002186255,2015,12,21,17,20,0,43.68120535,-79.33361445,Toronto-Danforth (30),30,Blake-Jones (69),69,D55,Toronto East York,1145 DANFORTH AVE, , ,Major Arterial,Mid-Block,Non Intersection,No Control,Rain,"Dark, artificial",Wet,Non-Fatal Injury,Pedestrian Collisions,Pedestrian,25 to 29,Major,0,South, , , , ,Pedestrian hit at mid-block,"Crossing, no Traffic Control","Ability Impaired, Alcohol Over .80", , , ,1,0,1,0,0,0,0,0,0,0,0,0,0,0
5001603018,2015,9,16,17,21,2,43.64074286,-79.41146479,Trinity-Spadina (19),19,Niagara (82),82,D14,Toronto East York,STRACHAN AVE,WELLINGTON ST W, ,Minor Arterial,Intersection,At Intersection,Stop Sign,Clear,Daylight,Dry,Non-Fatal Injury,Angle,Driver,40 to 44,,0,West,"Automobile, Station Wagon",Going Ahead,Failed to Yield Right of Way,Normal, , , , , , ,0,0,1,0,0,0,0,0,0,1,0,0,0,0
5001603018,2015,9,16,17,21,2,43.64074286,-79.41146479,Trinity-Spadina (19),19,Niagara (82),82,D14,Toronto East York,STRACHAN AVE,WELLINGTON ST W, ,Minor Arterial,Intersection,At Intersection,Stop Sign,Clear,Daylight,Dry,Non-Fatal Injury,Angle,Driver,35 to 39,Major,0,South,"Automobile, Station Wagon",Going Ahead,Driving Properly,Normal, , , , , , ,0,0,1,0,0,0,0,0,0,1,0,0,0,0
6001675837,2016,9,20,17,21,1,43.65287741,-79.48593531,Parkdale-High Park (13),13,Runnymede-Bloor West Village (89),89,D11,Etobicoke York,JANE ST,COLBECK ST, ,Major Arterial,Intersection,At Intersection,Pedestrian Crossover,Clear,Daylight,Dry,Non-Fatal Injury,Pedestrian Collisions,Driver,35 to 39,,0,South,"Automobile, Station Wagon",Going Ahead,Failed to Yield Right of Way,Normal, , , , , , ,1,0,1,0,0,0,0,0,0,1,0,0,0,0
6001675837,2016,9,20,17,21,1,43.65287741,-79.48593531,Parkdale-High Park (13),13,Runnymede-Bloor West Village (89),89,D11,Etobicoke York,JANE ST,COLBECK ST, ,Major Arterial,Intersection,At Intersection,Pedestrian Crossover,Clear,Daylight,Dry,Non-Fatal Injury,Pedestrian Collisions,Pedestrian,35 to 39,Major,0,East, ,Going Ahead, , ,Pedestrian hit a PXO/ped. Mid-block signal,"Crossing, Pedestrian Crossover",Normal, , , ,1,0,1,0,0,0,0,0,0,1,0,0,0,0
1035405,2008,4,28,17,22,0,43.71914538,-79.60349029,Etobicoke North (2),2,West Humber-Clairville (1),1,D23,Etobicoke York,REXDALE Boul,QUEENS PLATE Driv, ,Major Arterial,Intersection,At Intersection,No Control,Clear,Daylight,Dry,Fatal,Pedestrian Collisions,Vehicle Owner,unknown, ,0, ,Other, , , , , , , , , ,1,0,1,0,0,0,0,0,0,0,0,0,1,1
1035405,2008,4,28,17,22,0,43.71914538,-79.60349029,Etobicoke North (2),2,West Humber-Clairville (1),1,D23,Etobicoke York,REXDALE Boul,QUEENS PLATE Driv, ,Major Arterial,Intersection,At Intersection,No Control,Clear,Daylight,Dry,Fatal,Pedestrian Collisions,Driver,60 to 64,Minimal,0,East,"Automobile, Station Wagon",Going Ahead,Lost control,Medical or Physical Disability, , , , , , ,1,0,1,0,0,0,0,0,0,0,0,0,1,1
1035405,2008,4,28,17,22,0,43.71914538,-79.60349029,Etobicoke North (2),2,West Humber-Clairville (1),1,D23,Etobicoke York,REXDALE Boul,QUEENS PLATE Driv, ,Major Arterial,Intersection,At Intersection,No Control,Clear,Daylight,Dry,Fatal,Pedestrian Collisions,Pedestrian,85 to 89,Fatal,15, ,Other,Other, , ,Pedestrian hit on sidewalk or shoulder,On Sidewalk or Shoulder,Normal, , , ,1,0,1,0,0,0,0,0,0,0,0,0,1,1
1137440,2009,10,25,17,22,6,43.74104538,-79.58919029,Etobicoke North (1),1,Mount Olive-Silverstone-Jamestown (2),2,D23,Etobicoke York,ALBION RD,FINCH AVE W, ,Major Arterial,Intersection,At Intersection,Traffic Signal,Clear,Daylight,Dry,Non-Fatal Injury,Turning Movement,Driver,20 to 24,Major,0,West,Taxi,Turning Left,Improper Turn,Normal, , , , , , ,0,0,1,0,0,0,0,0,1,1,0,0,0,0
1137440,2009,10,25,17,22,6,43.74104538,-79.58919029,Etobicoke North (1),1,Mount Olive-Silverstone-Jamestown (2),2,D23,Etobicoke York,ALBION RD,FINCH AVE W, ,Major Arterial,Intersection,At Intersection,Traffic Signal,Clear,Daylight,Dry,Non-Fatal Injury,Turning Movement,Driver,25 to 29,Minor,0,East,"Automobile, Station Wagon",Going Ahead,Driving Properly,Normal, , , , , , ,0,0,1,0,0,0,0,0,1,1,0,0,0,0
1181388,2010,6,16,17,22,2,43.70314538,-79.43699029,St. Paul's (21),21,Forest Hill North (102),102,D13,Toronto East York,ELM RIDGE DR,NEWGATE RD, ,Collector,Intersection, ,No Control,Clear,Daylight,Dry,Non-Fatal Injury,Pedestrian Collisions,Vehicle Owner,unknown, ,0, ,Other, , , , , , , , , ,1,0,1,0,0,0,0,0,0,0,0,0,0,0
1181388,2010,6,16,17,22,2,43.70314538,-79.43699029,St. Paul's (21),21,Forest Hill North (102),102,D13,Toronto East York,ELM RIDGE DR,NEWGATE RD, ,Collector,Intersection, ,No Control,Clear,Daylight,Dry,Non-Fatal Injury,Pedestrian Collisions,Driver,60 to 64,,0,East,"Automobile, Station Wagon",Going Ahead,Driving Properly,Normal, , , , , , ,1,0,1,0,0,0,0,0,0,0,0,0,0,0
1181388,2010,6,16,17,22,2,43.70314538,-79.43699029,St. Paul's (21),21,Forest Hill North (102),102,D13,Toronto East York,ELM RIDGE DR,NEWGATE RD, ,Collector,Intersection, ,No Control,Clear,Daylight,Dry,Non-Fatal Injury,Pedestrian Collisions,Pedestrian,35 to 39,Major,0,South,Other, , , ,Vehicle is going straight thru inter.while ped cross without ROW,Running onto Roadway,Inattentive, , , ,1,0,1,0,0,0,0,0,0,0,0,0,0,0
1354069,2013,4,8,17,22,0,43.66794538,-79.37899029,Toronto Centre-Rosedale (27),27,North St.James Town (74),74,D51,Toronto East York,JARVIS ST,EARL PL, ,Major Arterial,Intersection, ,Traffic Signal,Clear,Daylight,Wet,Non-Fatal Injury,Cyclist Collisions,Driver,50 to 54,,0,North,"Automobile, Station Wagon",Going Ahead,Driving Properly,Normal, , , , , , ,0,1,1,0,0,0,0,0,0,0,0,0,0,0
1354069,2013,4,8,17,22,0,43.66794538,-79.37899029,Toronto Centre-Rosedale (27),27,North St.James Town (74),74,D51,Toronto East York,JARVIS ST,EARL PL, ,Major Arterial,Intersection, ,Traffic Signal,Clear,Daylight,Wet,Non-Fatal Injury,Cyclist Collisions,Driver,50 to 54,,0,North,"Automobile, Station Wagon",Going Ahead,Driving Properly,Normal, , , , , , ,0,1,1,0,0,0,0,0,0,0,0,0,0,0
1354069,2013,4,8,17,22,0,43.66794538,-79.37899029,Toronto Centre-Rosedale (27),27,North St.James Town (74),74,D51,Toronto East York,JARVIS ST,EARL PL, ,Major Arterial,Intersection, ,Traffic Signal,Clear,Daylight,Wet,Non-Fatal Injury,Cyclist Collisions,Cyclist,20 to 24,Major,0,North,Bicycle,Changing Lanes, , , , , ,Cyclist and Driver travelling in same direction. One vehicle sideswipes the other.,Improper Lane Change,Inattentive,0,1,1,0,0,0,0,0,0,0,0,0,0,0
4002616805,2014,8,1,17,22,4,43.79810675,-79.21767054,Scarborough-Rouge River (42),42,Malvern (132),132,D42,Scarborough,SHEPPARD AVE E,NEILSON RD, ,Major Arterial,Intersection,Intersection Related,Traffic Signal,Clear,Daylight,Dry,Fatal,Cyclist Collisions,Driver,15 to 19,,0,West,"Automobile, Station Wagon",Going Ahead,Speed too Fast For Condition,Normal, , , , , , ,0,1,1,0,0,0,0,0,1,1,0,0,0,1
4002616805,2014,8,1,17,22,4,43.79810675,-79.21767054,Scarborough-Rouge River (42),42,Malvern (132),132,D42,Scarborough,SHEPPARD AVE E,NEILSON RD, ,Major Arterial,Intersection,Intersection Related,Traffic Signal,Clear,Daylight,Dry,Fatal,Cyclist Collisions,Cyclist,15 to 19,Fatal,18,North,Bicycle,Going Ahead, , , , , ,"Motorist without ROW drives into path of cyclist at inter, lnwy, dwy-Driver not turn.",Driving Properly,Inattentive,0,1,1,0,0,0,0,0,1,1,0,0,0,1
4002616805,2014,8,1,17,22,4,43.79810675,-79.21767054,Scarborough-Rouge River (42),42,Malvern (132),132,D42,Scarborough,SHEPPARD AVE E,NEILSON RD, ,Major Arterial,Intersection,Intersection Related,Traffic Signal,Clear,Daylight,Dry,Fatal,Cyclist Collisions,Driver,50 to 54,,0,North,"Automobile, Station Wagon",Going Ahead,Speed too Fast For Condition,Inattentive, , , , , , ,0,1,1,0,0,0,0,0,1,1,0,0,0,1
1176359,2010,7,7,17,23,2,43.67664538,-79.32369029,Toronto-Danforth (30),30,Greenwood-Coxwell (65),65,D55,Toronto East York,471 ASHDALE AVE, , ,Local,Mid-Block, ,No Control,Clear,Daylight,Dry,Non-Fatal Injury,Pedestrian Collisions,Driver,55 to 59,,0,East,"Automobile, Station Wagon",Reversing,Other,Other, , , , , , ,1,0,1,0,0,0,0,0,0,0,0,0,0,0
1176359,2010,7,7,17,23,2,43.67664538,-79.32369029,Toronto-Danforth (30),30,Greenwood-Coxwell (65),65,D55,Toronto East York,471 ASHDALE AVE, , ,Local,Mid-Block, ,No Control,Clear,Daylight,Dry,Non-Fatal Injury,Pedestrian Collisions,Pedestrian,55 to 59,Major,0,Unknown,Other, , , ,Vehicle is reversing and hits pedestrian,Other,Unknown, , , ,1,0,1,0,0,0,0,0,0,0,0,0,0,0
1255068,2011,9,20,17,23,1,43.78104538,-79.44479029,Willowdale (23),23,Newtonbrook West (36),36,D32,North York,ANTIBES DR,BATHURST ST, ,Major Arterial,Intersection,At Intersection,Traffic Signal,Clear,Daylight,Dry,Non-Fatal Injury,Cyclist Collisions,Cyclist,45 to 49,Major,0,East,Bicycle,Overtaking, , , , , ,Cyclist and Driver travelling in same direction. One vehicle sideswipes the other.,Improper Passing,Normal,0,1,0,0,0,1,0,0,0,0,0,0,0,0
1255068,2011,9,20,17,23,1,43.78104538,-79.44479029,Willowdale (23),23,Newtonbrook West (36),36,D32,North York,ANTIBES DR,BATHURST ST, ,Major Arterial,Intersection,At Intersection,Traffic Signal,Clear,Daylight,Dry,Non-Fatal Injury,Cyclist Collisions,Vehicle Owner,unknown, ,0, ,Other, , , , , , , , , ,0,1,0,0,0,1,0,0,0,0,0,0,0,0
1255068,2011,9,20,17,23,1,43.78104538,-79.44479029,Willowdale (23),23,Newtonbrook West (36),36,D32,North York,ANTIBES DR,BATHURST ST, ,Major Arterial,Intersection,At Intersection,Traffic Signal,Clear,Daylight,Dry,Non-Fatal Injury,Cyclist Collisions,Driver,60 to 64,,0,East,Municipal Transit Bus (TTC),Going Ahead,Driving Properly,Normal, , , , , , ,0,1,0,0,0,1,0,0,0,0,0,0,0,0
1332159,2012,11,28,17,23,2,43.69164538,-79.30339029,Beaches-East York (31),31,Woodbine-Lumsden (60),60,D54,Toronto East York,DONCASTER AVE,MAIN ST, ,Minor Arterial,Intersection,At Intersection,No Control,Clear,Dark,Dry,Non-Fatal Injury,Pedestrian Collisions,Driver,unknown,,0,East,"Automobile, Station Wagon",Going Ahead,Failed to Yield Right of Way,Normal, , , , , , ,1,0,1,0,0,0,0,0,0,1,0,0,0,0
1332159,2012,11,28,17,23,2,43.69164538,-79.30339029,Beaches-East York (31),31,Woodbine-Lumsden (60),60,D54,Toronto East York,DONCASTER AVE,MAIN ST, ,Minor Arterial,Intersection,At Intersection,No Control,Clear,Dark,Dry,Non-Fatal Injury,Pedestrian Collisions,Pedestrian,10 to 14,Major,0,North,Other, , , ,Pedestrian hit at mid-block,"Crossing, no Traffic Control",Normal, , , ,1,0,1,0,0,0,0,0,0,1,0,0,0,0
957966,2007,3,9,17,24,4,43.69324538,-79.35029029,Toronto-Danforth (29),29,Old East York (58),58,D54,Toronto East York,O CONNOR DR,PAPE AVE, ,Major Arterial,Intersection,At Intersection,Traffic Signal,Clear,Dusk,Dry,Fatal,Pedestrian Collisions,Vehicle Owner,unknown, ,0, ,"Automobile, Station Wagon", , , , , , , , , ,1,0,1,0,0,0,0,0,0,1,0,0,0,1
957966,2007,3,9,17,24,4,43.69324538,-79.35029029,Toronto-Danforth (29),29,Old East York (58),58,D54,Toronto East York,O CONNOR DR,PAPE AVE, ,Major Arterial,Intersection,At Intersection,Traffic Signal,Clear,Dusk,Dry,Fatal,Pedestrian Collisions,Driver,50 to 54,,0,East,"Automobile, Station Wagon",Turning Left,Failed to Yield Right of Way,Normal, , , , , , ,1,0,1,0,0,0,0,0,0,1,0,0,0,1
957966,2007,3,9,17,24,4,43.69324538,-79.35029029,Toronto-Danforth (29),29,Old East York (58),58,D54,Toronto East York,O CONNOR DR,PAPE AVE, ,Major Arterial,Intersection,At Intersection,Traffic Signal,Clear,Dusk,Dry,Fatal,Pedestrian Collisions,Pedestrian,70 to 74,Fatal,0,West,Other, , , ,Pedestrian involved in a collision with transit vehicle anywhere along roadway,Crossing with right of way,Normal, , , ,1,0,1,0,0,0,0,0,0,1,0,0,0,1