ACCNUM,YEAR,MONTH,DAY,HOUR,MINUTES,WEEKDAY,LATITUDE,LONGITUDE,Ward_Name,Ward_ID,Hood_Name,Hood_ID,Division,District,STREET1,STREET2,OFFSET,ROAD_CLASS,LOCCOORD,ACCLOC,TRAFFCTL,VISIBILITY,LIGHT,RDSFCOND,ACCLASS,IMPACTYPE,INVTYPE,INVAGE,INJURY,FATAL_NO,INITDIR,VEHTYPE,MANOEUVER,DRIVACT,DRIVCOND,PEDTYPE,PEDACT,PEDCOND,CYCLISTYPE,CYCACT,CYCCOND,PEDESTRIAN,CYCLIST,AUTOMOBILE,MOTORCYCLE,TRUCK,TRSN_CITY_VEH,EMERG_VEH,PASSENGER,SPEEDING,AG_DRIV,REDLIGHT,ALCOHOL,DISABILITY,label
4002915951,2014,9,15,16,55,0,43.72364386,-79.61992274,Etobicoke North (2),2,West Humber-Clairville (1),1,D23,Etobicoke York,HUMBERWOOD BLVD,HULLRICK DR,15 m East of,Collector,Intersection,Non Intersection,No Control,Rain,Daylight,Wet,Non-Fatal Injury,Approaching,Driver,30 to 34,Minor,0,East,"Automobile, Station Wagon",Going Ahead,Driving Properly,Normal, , , , , , ,0,0,1,0,0,0,0,0,1,1,0,0,0,0
1015759,2007,12,10,16,57,0,43.71104538,-79.50599029,York South-Weston (11),11,Pelmo Park-Humberlea (23),23,D12,Etobicoke York,JANE BLACK CR S RAMP ST,JANE ST, ,Major Arterial,Intersection, ,Traffic Signal,Clear,Daylight,Dry,Non-Fatal Injury,Rear End,Vehicle Owner,unknown, ,0, ,Other, , , , , , , , , ,0,0,1,0,1,0,0,1,0,1,0,0,0,0
1015759,2007,12,10,16,57,0,43.71104538,-79.50599029,York South-Weston (11),11,Pelmo Park-Humberlea (23),23,D12,Etobicoke York,JANE BLACK CR S RAMP ST,JANE ST, ,Major Arterial,Intersection, ,Traffic Signal,Clear,Daylight,Dry,Non-Fatal Injury,Rear End,Truck Driver,70 to 74,,0,East,Truck - Open,Stopped,Driving Properly,Normal, , , , , , ,0,0,1,0,1,0,0,1,0,1,0,0,0,0
1015759,2007,12,10,16,57,0,43.71104538,-79.50599029,York South-Weston (11),11,Pelmo Park-Humberlea (23),23,D12,Etobicoke York,JANE BLACK CR S RAMP ST,JANE ST, ,Major Arterial,Intersection, ,Traffic Signal,Clear,Daylight,Dry,Non-Fatal Injury,Rear End,Driver,45 to 49,,0,East,"Automobile, Station Wagon",Stopped,Driving Properly,Normal, , , , , , ,0,0,1,0,1,0,0,1,0,1,0,0,0,0
1015759,2007,12,10,16,57,0,43.71104538,-79.50599029,York South-Weston (11),11,Pelmo Park-Humberlea (23),23,D12,Etobicoke York,JANE BLACK CR S RAMP ST,JANE ST, ,Major Arterial,Intersection, ,Traffic Signal,Clear,Daylight,Dry,Non-Fatal Injury,Rear End,Driver,30 to 34,Major,0,East,"Automobile, Station Wagon",Stopped,Driving Properly,Normal, , , , , , ,0,0,1,0,1,0,0,1,0,1,0,0,0,0
1015759,2007,12,10,16,57,0,43.71104538,-79.50599029,York South-Weston (11),11,Pelmo Park-Humberlea (23),23,D12,Etobicoke York,JANE BLACK CR S RAMP ST,JANE ST, ,Major Arterial,Intersection, ,Traffic Signal,Clear,Daylight,Dry,Non-Fatal Injury,Rear End,Driver,55 to 59,,0,East,"Automobile, Station Wagon",Stopped,Driving Properly,Normal, , , , , , ,0,0,1,0,1,0,0,1,0,1,0,0,0,0
1015759,2007,12,10,16,57,0,43.71104538,-79.50599029,York South-Weston (11),11,Pelmo Park-Humberlea (23),23,D12,Etobicoke York,JANE BLACK CR S RAMP ST,JANE ST, ,Major Arterial,Intersection, ,Traffic Signal,Clear,Daylight,Dry,Non-Fatal Injury,Rear End,Passenger,60 to 64,Minor,0, ,Other, , , , , , , , , ,0,0,1,0,1,0,0,1,0,1,0,0,0,0
1015759,2007,12,10,16,57,0,43.71104538,-79.50599029,York South-Weston (11),11,Pelmo Park-Humberlea (23),23,D12,Etobicoke York,JANE BLACK CR S RAMP ST,JANE ST, ,Major Arterial,Intersection, ,Traffic Signal,Clear,Daylight,Dry,Non-Fatal Injury,Rear End,Driver,70 to 74,Minor,0,East,"Automobile, Station Wagon",Going Ahead,Following too Close,Normal, , , , , , ,0,0,1,0,1,0,0,1,0,1,0,0,0,0
1015759,2007,12,10,16,57,0,43.71104538,-79.50599029,York South-Weston (11),11,Pelmo Park-Humberlea (23),23,D12,Etobicoke York,JANE BLACK CR S RAMP ST,JANE ST, ,Major Arterial,Intersection, ,Traffic Signal,Clear,Daylight,Dry,Non-Fatal Injury,Rear End,Driver,35 to 39,,0,East,"Automobile, Station Wagon",Stopped,Driving Properly,Normal, , , , , , ,0,0,1,0,1,0,0,1,0,1,0,0,0,0
1386590,2013,10,9,16,58,2,43.69260367,-79.30236445,Beaches-East York (31),31,Taylor-Massey (61),61,D54,Toronto East York,SECORD AVE,BARRINGTON AVE, ,Minor Arterial,Intersection, ,Stop Sign,Clear,Daylight,Dry,Non-Fatal Injury,Pedestrian Collisions,Passenger,0 to 4,,0, ,Other, , , , , , , , , ,1,0,1,0,0,0,0,1,0,1,0,0,0,0
1386590,2013,10,9,16,58,2,43.69260367,-79.30236445,Beaches-East York (31),31,Taylor-Massey (61),61,D54,Toronto East York,SECORD AVE,BARRINGTON AVE, ,Minor Arterial,Intersection, ,Stop Sign,Clear,Daylight,Dry,Non-Fatal Injury,Pedestrian Collisions,Passenger,20 to 24,,0, ,Other, , , , , , , , , ,1,0,1,0,0,0,0,1,0,1,0,0,0,0
1386590,2013,10,9,16,58,2,43.69260367,-79.30236445,Beaches-East York (31),31,Taylor-Massey (61),61,D54,Toronto East York,SECORD AVE,BARRINGTON AVE, ,Minor Arterial,Intersection, ,Stop Sign,Clear,Daylight,Dry,Non-Fatal Injury,Pedestrian Collisions,Driver,20 to 24,,0,West,"Automobile, Station Wagon",Going Ahead,Failed to Yield Right of Way,Inattentive, , , , , , ,1,0,1,0,0,0,0,1,0,1,0,0,0,0
1386590,2013,10,9,16,58,2,43.69260367,-79.30236445,Beaches-East York (31),31,Taylor-Massey (61),61,D54,Toronto East York,SECORD AVE,BARRINGTON AVE, ,Minor Arterial,Intersection, ,Stop Sign,Clear,Daylight,Dry,Non-Fatal Injury,Pedestrian Collisions,Pedestrian,40 to 44,Major,0,North,Other, , , ,Vehicle is going straight thru inter.while ped cross with ROW,Crossing with right of way,Normal, , , ,1,0,1,0,0,0,0,1,0,1,0,0,0,0
7000466331,2017,3,15,16,58,2,43.79833563,-79.27332697,Scarborough-Rouge River (41),41,Agincourt North (129),129,D42,Scarborough,BRIMLEY RD,HUNTINGWOOD DR, ,Major Arterial,Intersection,At Intersection,Traffic Signal,Clear,Daylight,Dry,Non-Fatal Injury,Angle,Driver,15 to 19,Minimal,0,South,"Automobile, Station Wagon",Going Ahead,Disobeyed Traffic Control,Inattentive, , , , , , ,0,0,1,0,0,0,0,1,1,1,1,0,0,0
7000466331,2017,3,15,16,58,2,43.79833563,-79.27332697,Scarborough-Rouge River (41),41,Agincourt North (129),129,D42,Scarborough,BRIMLEY RD,HUNTINGWOOD DR, ,Major Arterial,Intersection,At Intersection,Traffic Signal,Clear,Daylight,Dry,Non-Fatal Injury,Angle,Driver,30 to 34,Major,0,East,"Automobile, Station Wagon",Going Ahead,Driving Properly,Normal, , , , , , ,0,0,1,0,0,0,0,1,1,1,1,0,0,0
7000466331,2017,3,15,16,58,2,43.79833563,-79.27332697,Scarborough-Rouge River (41),41,Agincourt North (129),129,D42,Scarborough,BRIMLEY RD,HUNTINGWOOD DR, ,Major Arterial,Intersection,At Intersection,Traffic Signal,Clear,Daylight,Dry,Non-Fatal Injury,Angle,Driver,45 to 49,Minimal,0,North,"Automobile, Station Wagon",Stopped,Driving Properly,Normal, , , , , , ,0,0,1,0,0,0,0,1,1,1,1,0,0,0
7000466331,2017,3,15,16,58,2,43.79833563,-79.27332697,Scarborough-Rouge River (41),41,Agincourt North (129),129,D42,Scarborough,BRIMLEY RD,HUNTINGWOOD DR, ,Major Arterial,Intersection,At Intersection,Traffic Signal,Clear,Daylight,Dry,Non-Fatal Injury,Angle,Passenger,15 to 19,,0, , , , , , , , , , , ,0,0,1,0,0,0,0,1,1,1,1,0,0,0
1053153,2008,8,14,16,59,3,43.69124538,-79.44099029,Eglinton-Lawrence (15),15,Oakwood Village (107),107,D13,North York,AMHERST AVE,GLENHOLME AVE, ,Local,Mid-Block, ,No Control,Clear,Daylight,Dry,Non-Fatal Injury,Pedestrian Collisions,Other,unknown, ,0,East,"Automobile, Station Wagon",Parked, , , , , , , , ,1,0,1,0,0,0,0,0,0,0,0,0,0,0
1053153,2008,8,14,16,59,3,43.69124538,-79.44099029,Eglinton-Lawrence (15),15,Oakwood Village (107),107,D13,North York,AMHERST AVE,GLENHOLME AVE, ,Local,Mid-Block, ,No Control,Clear,Daylight,Dry,Non-Fatal Injury,Pedestrian Collisions,Other,unknown, ,0,East,Other,Parked, , , , , , , , ,1,0,1,0,0,0,0,0,0,0,0,0,0,0
1053153,2008,8,14,16,59,3,43.69124538,-79.44099029,Eglinton-Lawrence (15),15,Oakwood Village (107),107,D13,North York,AMHERST AVE,GLENHOLME AVE, ,Local,Mid-Block, ,No Control,Clear,Daylight,Dry,Non-Fatal Injury,Pedestrian Collisions,Vehicle Owner,unknown, ,0, ,Other, , , , , , , , , ,1,0,1,0,0,0,0,0,0,0,0,0,0,0
1053153,2008,8,14,16,59,3,43.69124538,-79.44099029,Eglinton-Lawrence (15),15,Oakwood Village (107),107,D13,North York,AMHERST AVE,GLENHOLME AVE, ,Local,Mid-Block, ,No Control,Clear,Daylight,Dry,Non-Fatal Injury,Pedestrian Collisions,Driver,unknown,,0,South,"Automobile, Station Wagon",Reversing,Lost control,Unknown, , , , , , ,1,0,1,0,0,0,0,0,0,0,0,0,0,0
1053153,2008,8,14,16,59,3,43.69124538,-79.44099029,Eglinton-Lawrence (15),15,Oakwood Village (107),107,D13,North York,AMHERST AVE,GLENHOLME AVE, ,Local,Mid-Block, ,No Control,Clear,Daylight,Dry,Non-Fatal Injury,Pedestrian Collisions,Pedestrian,5 to 9,Major,0,East,Other, , , ,Vehicle is reversing and hits pedestrian,On Sidewalk or Shoulder,Normal, , , ,1,0,1,0,0,0,0,0,0,0,0,0,0,0
1180994,2010,6,10,16,59,3,43.64844538,-79.39759029,Trinity-Spadina (20),20,Waterfront Communities-The Island (77),77,D14,Toronto East York,QUEEN ST W,CAMERON ST, ,Major Arterial,Intersection, ,No Control,Clear,Daylight,Dry,Non-Fatal Injury,Turning Movement,Motorcycle Driver,25 to 29,Major,0,West,Motorcycle,Going Ahead,Driving Properly,Normal, , , , , , ,0,0,1,1,0,0,0,0,0,0,0,0,0,0
1180994,2010,6,10,16,59,3,43.64844538,-79.39759029,Trinity-Spadina (20),20,Waterfront Communities-The Island (77),77,D14,Toronto East York,QUEEN ST W,CAMERON ST, ,Major Arterial,Intersection, ,No Control,Clear,Daylight,Dry,Non-Fatal Injury,Turning Movement,Driver,20 to 24,,0,West,"Automobile, Station Wagon",Making U Turn,Improper Turn,Normal, , , , , , ,0,0,1,1,0,0,0,0,0,0,0,0,0,0
1269753,2011,10,9,16,59,6,43.69494538,-79.47489029,York South-Weston (12),12,Beechborough-Greenbrook (112),112,D12,Etobicoke York,WESTACRES Driv,KEELE Stre, ,Major Arterial,Intersection,At Intersection,Stop Sign,Clear,Daylight,Dry,Non-Fatal Injury,Pedestrian Collisions,Driver,25 to 29,,0,East,"Automobile, Station Wagon",Turning Right,Failed to Yield Right of Way,Inattentive, , , , , , ,1,0,1,0,0,0,0,0,0,1,0,0,0,0
1269753,2011,10,9,16,59,6,43.69494538,-79.47489029,York South-Weston (12),12,Beechborough-Greenbrook (112),112,D12,Etobicoke York,WESTACRES Driv,KEELE Stre, ,Major Arterial,Intersection,At Intersection,Stop Sign,Clear,Daylight,Dry,Non-Fatal Injury,Pedestrian Collisions,Pedestrian,25 to 29,Major,0,North,Other, , , ,Vehicle turns right while ped crosses with ROW at inter.,Crossing with right of way,Normal, , , ,1,0,1,0,0,0,0,0,0,1,0,0,0,0
7000670017,2017,4,16,16,59,6,43.68660738,-79.56860729,Etobicoke Centre (4),4,Willowridge-Martingrove-Richview (7),7,D23,Etobicoke York,MARTIN GROVE RD,TALLINGTON RD,2 m North of,Local,Mid-Block,Non Intersection,Stop Sign,Clear,Daylight,Dry,Non-Fatal Injury,Rear End,Truck Driver,25 to 29,,0,South,Tow Truck,Slowing or Stopping,Failed to Yield Right of Way,Normal, , , , , , ,0,0,1,0,0,0,0,0,0,1,0,0,0,0
7000670017,2017,4,16,16,59,6,43.68660738,-79.56860729,Etobicoke Centre (4),4,Willowridge-Martingrove-Richview (7),7,D23,Etobicoke York,MARTIN GROVE RD,TALLINGTON RD,2 m North of,Local,Mid-Block,Non Intersection,Stop Sign,Clear,Daylight,Dry,Non-Fatal Injury,Rear End,Driver,40 to 44,Major,0,South,Pick Up Truck,Going Ahead,Driving Properly,Normal, , , , , , ,0,0,1,0,0,0,0,0,0,1,0,0,0,0
7001297222,2017,7,19,16,59,2,43.76579238,-79.28104029,Scarborough Centre (37),37,Dorset Park (126),126,D41,Scarborough,KENNEDY RD,ELLESMERE RD, ,Major Arterial,Intersection,Intersection Related,Traffic Signal,Clear,Daylight,Dry,Non-Fatal Injury,SMV Other,Driver,35 to 39,,0,West,Municipal Transit Bus (TTC),Pulling Away from Shoulder or Curb,Driving Properly,Normal, , , , , , ,0,0,0,0,0,1,0,1,0,0,0,0,0,0
7001297222,2017,7,19,16,59,2,43.76579238,-79.28104029,Scarborough Centre (37),37,Dorset Park (126),126,D41,Scarborough,KENNEDY RD,ELLESMERE RD, ,Major Arterial,Intersection,Intersection Related,Traffic Signal,Clear,Daylight,Dry,Non-Fatal Injury,SMV Other,Passenger,55 to 59,Major,0, , , , , , , , , , , ,0,0,0,0,0,1,0,1,0,0,0,0,0,0
985171,2007,7,21,17,0,5,43.67264538,-79.42319029,St. Paul's (21),21,Wychwood (94),94,D13,Toronto East York,597 MELITA CRES, , ,Local,Mid-Block, ,No Control,Clear,Daylight,Dry,Non-Fatal Injury,Pedestrian Collisions,Driver,unknown,,0,South,"Automobile, Station Wagon",Going Ahead,Driving Properly,Normal, , , , , , ,1,0,1,0,0,0,0,0,0,0,0,0,0,0
985171,2007,7,21,17,0,5,43.67264538,-79.42319029,St. Paul's (21),21,Wychwood (94),94,D13,Toronto East York,597 MELITA CRES, , ,Local,Mid-Block, ,No Control,Clear,Daylight,Dry,Non-Fatal Injury,Pedestrian Collisions,Pedestrian,35 to 39,Major,0, ,Other, , , ,Pedestrian hit at mid-block,"Crossing, no Traffic Control",Normal, , , ,1,0,1,0,0,0,0,0,0,0,0,0,0,0
1006355,2007,11,23,17,0,4,43.74384538,-79.30179029,Scarborough Centre (37),37,Wexford/Maryvale (119),119,D41,Scarborough,LAWRENCE AVE E,GOODERHAM DR, ,Major Arterial,Mid-Block, ,No Control,Clear,Dusk,Dry,Non-Fatal Injury,Pedestrian Collisions,Driver,45 to 49,,0,West,"Automobile, Station Wagon",Merging,Speed too Fast For Condition,Unknown, , , , , , ,1,0,1,0,0,0,0,0,1,1,0,0,0,0
1006355,2007,11,23,17,0,4,43.74384538,-79.30179029,Scarborough Centre (37),37,Wexford/Maryvale (119),119,D41,Scarborough,LAWRENCE AVE E,GOODERHAM DR, ,Major Arterial,Mid-Block, ,No Control,Clear,Dusk,Dry,Non-Fatal Injury,Pedestrian Collisions,Pedestrian,20 to 24,Major,0,North,Other, , , ,Pedestrian hit at mid-block,"Crossing, no Traffic Control",Normal, , , ,1,0,1,0,0,0,0,0,1,1,0,0,0,0
1012000,2007,12,10,17,0,0,43.70594538,-79.48749029,York South-Weston (12),12,Brookhaven-Amesbury (30),30,D12,Etobicoke York,CULFORD RD,VANWYCK RD, ,Collector,Mid-Block, ,No Control,Clear,Dark,Wet,Non-Fatal Injury,Approaching,Driver,25 to 29,,0,North,"Automobile, Station Wagon",Going Ahead,Improper Passing,Inattentive, , , , , , ,0,0,1,0,0,0,0,0,0,1,0,0,0,0
1012000,2007,12,10,17,0,0,43.70594538,-79.48749029,York South-Weston (12),12,Brookhaven-Amesbury (30),30,D12,Etobicoke York,CULFORD RD,VANWYCK RD, ,Collector,Mid-Block, ,No Control,Clear,Dark,Wet,Non-Fatal Injury,Approaching,Vehicle Owner,unknown, ,0, ,Other, , , , , , , , , ,0,0,1,0,0,0,0,0,0,1,0,0,0,0
1012000,2007,12,10,17,0,0,43.70594538,-79.48749029,York South-Weston (12),12,Brookhaven-Amesbury (30),30,D12,Etobicoke York,CULFORD RD,VANWYCK RD, ,Collector,Mid-Block, ,No Control,Clear,Dark,Wet,Non-Fatal Injury,Approaching,Driver,35 to 39,Major,0,South,"Automobile, Station Wagon",Going Ahead,Driving Properly,Normal, , , , , , ,0,0,1,0,0,0,0,0,0,1,0,0,0,0
1026562,2008,3,7,17,0,4,43.77094538,-79.32479029,Don Valley East (33),33,Henry Farm (53),53,D33,North York,CONSUMERS RD,YORKLAND BLVD, ,Major Arterial,Mid-Block, ,No Control,Snow,Daylight,Loose Snow,Non-Fatal Injury,Approaching,Driver,25 to 29,,0,West,"Automobile, Station Wagon",Going Ahead,Speed too Fast For Condition,Normal, , , , , , ,0,0,1,0,0,0,0,0,1,1,0,0,0,0
1026562,2008,3,7,17,0,4,43.77094538,-79.32479029,Don Valley East (33),33,Henry Farm (53),53,D33,North York,CONSUMERS RD,YORKLAND BLVD, ,Major Arterial,Mid-Block, ,No Control,Snow,Daylight,Loose Snow,Non-Fatal Injury,Approaching,Driver,50 to 54,Major,0,East,"Automobile, Station Wagon",Going Ahead,Driving Properly,Normal, , , , , , ,0,0,1,0,0,0,0,0,1,1,0,0,0,0
1037840,2008,4,28,17,0,0,43.65554538,-79.43049029,Davenport (18),18,Dufferin Grove (83),83,D14,Toronto East York,HAVELOCK Stre,DEWSON Stre, ,Collector,Intersection,At Intersection,Stop Sign,Clear,Daylight,Dry,Non-Fatal Injury,Cyclist Collisions,Vehicle Owner,unknown, ,0, ,Other, , , , , , , , , ,0,1,1,0,0,0,0,0,0,0,0,0,0,0
1037840,2008,4,28,17,0,0,43.65554538,-79.43049029,Davenport (18),18,Dufferin Grove (83),83,D14,Toronto East York,HAVELOCK Stre,DEWSON Stre, ,Collector,Intersection,At Intersection,Stop Sign,Clear,Daylight,Dry,Non-Fatal Injury,Cyclist Collisions,Driver,30 to 34,,0,West,"Automobile, Station Wagon",Turning Left,Improper Turn,Inattentive, , , , , , ,0,1,1,0,0,0,0,0,0,0,0,0,0,0
1037840,2008,4,28,17,0,0,43.65554538,-79.43049029,Davenport (18),18,Dufferin Grove (83),83,D14,Toronto East York,HAVELOCK Stre,DEWSON Stre, ,Collector,Intersection,At Intersection,Stop Sign,Clear,Daylight,Dry,Non-Fatal Injury,Cyclist Collisions,Cyclist,60 to 64,Major,0,South,Bicycle,Going Ahead, , , , , ,"Motorist without ROW drives into path of cyclist at inter, lnwy, dwy-Driver not turn.",Driving Properly,Normal,0,1,1,0,0,0,0,0,0,0,0,0,0,0
1092227,2009,1,31,17,0,5,43.68834538,-79.48289029,York South-Weston (12),12,Keelesdale-Eglinton West (110),110,D12,Etobicoke York,BLACK CREEK DR,EGLINTON AVE W, ,Major Arterial,Intersection,At Intersection,Traffic Signal,Clear,Dusk,Dry,Non-Fatal Injury,Rear End,Driver,40 to 44,Major,0,North,"Automobile, Station Wagon",Stopped,Driving Properly,Normal, , , , , , ,0,0,1,0,0,0,0,0,0,1,0,0,0,0
1092227,2009,1,31,17,0,5,43.68834538,-79.48289029,York South-Weston (12),12,Keelesdale-Eglinton West (110),110,D12,Etobicoke York,BLACK CREEK DR,EGLINTON AVE W, ,Major Arterial,Intersection,At Intersection,Traffic Signal,Clear,Dusk,Dry,Non-Fatal Injury,Rear End,Vehicle Owner,unknown, ,0, ,Other, , , , , , , , , ,0,0,1,0,0,0,0,0,0,1,0,0,0,0
1092227,2009,1,31,17,0,5,43.68834538,-79.48289029,York South-Weston (12),12,Keelesdale-Eglinton West (110),110,D12,Etobicoke York,BLACK CREEK DR,EGLINTON AVE W, ,Major Arterial,Intersection,At Intersection,Traffic Signal,Clear,Dusk,Dry,Non-Fatal Injury,Rear End,Driver,35 to 39,,0,North,"Automobile, Station Wagon",Going Ahead,Failed to Yield Right of Way,Inattentive, , , , , , ,0,0,1,0,0,0,0,0,0,1,0,0,0,0
1132092,2009,9,25,17,0,4,43.69774538,-79.32949029,Toronto-Danforth (29),29,Old East York (58),58,D54,Toronto East York,O CONNOR DR,COXWELL AVE, ,Major Arterial,Intersection, ,Traffic Signal,Clear,Daylight,Dry,Non-Fatal Injury,Turning Movement,Driver,30 to 34,Minor,0,West,"Automobile, Station Wagon",Going Ahead,Driving Properly,Normal, , , , , , ,0,0,1,0,0,0,0,1,1,1,0,0,0,0
1132092,2009,9,25,17,0,4,43.69774538,-79.32949029,Toronto-Danforth (29),29,Old East York (58),58,D54,Toronto East York,O CONNOR DR,COXWELL AVE, ,Major Arterial,Intersection, ,Traffic Signal,Clear,Daylight,Dry,Non-Fatal Injury,Turning Movement,Passenger,25 to 29,Major,0, ,Other, , , , , , , , , ,0,0,1,0,0,0,0,1,1,1,0,0,0,0
1132092,2009,9,25,17,0,4,43.69774538,-79.32949029,Toronto-Danforth (29),29,Old East York (58),58,D54,Toronto East York,O CONNOR DR,COXWELL AVE, ,Major Arterial,Intersection, ,Traffic Signal,Clear,Daylight,Dry,Non-Fatal Injury,Turning Movement,Driver,20 to 24,Minor,0,East,"Automobile, Station Wagon",Turning Left,Failed to Yield Right of Way,Normal, , , , , , ,0,0,1,0,0,0,0,1,1,1,0,0,0,0
1137184,2009,11,16,17,0,0,43.72664538,-79.43139029,Eglinton-Lawrence (16),16,Bedford Park-Nortown (39),39,D32,North York,BATHURST ST,MARMION AVE, ,Major Arterial,Intersection,At Intersection,No Control,Clear,Dusk,Dry,Non-Fatal Injury,Pedestrian Collisions,Driver,45 to 49,,0,South,"Automobile, Station Wagon",Slowing or Stopping,Driving Properly,Normal, , , , , , ,1,0,1,0,0,0,0,0,0,0,0,0,0,0
1137184,2009,11,16,17,0,0,43.72664538,-79.43139029,Eglinton-Lawrence (16),16,Bedford Park-Nortown (39),39,D32,North York,BATHURST ST,MARMION AVE, ,Major Arterial,Intersection,At Intersection,No Control,Clear,Dusk,Dry,Non-Fatal Injury,Pedestrian Collisions,Pedestrian,10 to 14,Major,0,West,Other, , , ,Vehicle is going straight thru inter.while ped cross without ROW,Running onto Roadway,Inattentive, , , ,1,0,1,0,0,0,0,0,0,0,0,0,0,0
1144508,2009,12,29,17,0,1,43.68584538,-79.33939029,Toronto-Danforth (29),29,Danforth East York (59),59,D54,Toronto East York,SAMMON AVE,DONLANDS AVE, ,Collector,Intersection,At Intersection,No Control,Clear,Daylight,Dry,Non-Fatal Injury,Cyclist Collisions,Cyclist,75 to 79,Major,0,West,Bicycle,Stopped, , , , , ,Insufficient information (to determine cyclist crash type).,Driving Properly,Medical or Physical Disability,0,1,0,0,0,0,0,0,0,0,0,0,0,0
1161266,2010,3,1,17,0,0,43.79891165,-79.14622126,Scarborough East (44),44,Centennial Scarborough (133),133,D42,Scarborough,KINGSTON RD,SHEPPARD AVE E, ,Major Arterial,Intersection,At Intersection,Traffic Signal,Clear,Daylight,Dry,Non-Fatal Injury,Turning Movement,Vehicle Owner,unknown, ,0, ,Other, , , , , , , , , ,0,0,1,0,0,0,0,1,1,1,0,0,0,0
1161266,2010,3,1,17,0,0,43.79891165,-79.14622126,Scarborough East (44),44,Centennial Scarborough (133),133,D42,Scarborough,KINGSTON RD,SHEPPARD AVE E, ,Major Arterial,Intersection,At Intersection,Traffic Signal,Clear,Daylight,Dry,Non-Fatal Injury,Turning Movement,Passenger,70 to 74,Major,0, ,Other, , , , , , , , , ,0,0,1,0,0,0,0,1,1,1,0,0,0,0
1161266,2010,3,1,17,0,0,43.79891165,-79.14622126,Scarborough East (44),44,Centennial Scarborough (133),133,D42,Scarborough,KINGSTON RD,SHEPPARD AVE E, ,Major Arterial,Intersection,At Intersection,Traffic Signal,Clear,Daylight,Dry,Non-Fatal Injury,Turning Movement,Driver,20 to 24,,0,East,"Automobile, Station Wagon",Turning Left,Failed to Yield Right of Way,Inattentive, , , , , , ,0,0,1,0,0,0,0,1,1,1,0,0,0,0
1161266,2010,3,1,17,0,0,43.79891165,-79.14622126,Scarborough East (44),44,Centennial Scarborough (133),133,D42,Scarborough,KINGSTON RD,SHEPPARD AVE E, ,Major Arterial,Intersection,At Intersection,Traffic Signal,Clear,Daylight,Dry,Non-Fatal Injury,Turning Movement,Vehicle Owner,unknown, ,0, ,Other, , , , , , , , , ,0,0,1,0,0,0,0,1,1,1,0,0,0,0
1161266,2010,3,1,17,0,0,43.79891165,-79.14622126,Scarborough East (44),44,Centennial Scarborough (133),133,D42,Scarborough,KINGSTON RD,SHEPPARD AVE E, ,Major Arterial,Intersection,At Intersection,Traffic Signal,Clear,Daylight,Dry,Non-Fatal Injury,Turning Movement,Driver,55 to 59,Minimal,0,West,"Automobile, Station Wagon",Going Ahead,Driving Properly,Normal, , , , , , ,0,0,1,0,0,0,0,1,1,1,0,0,0,0
1161266,2010,3,1,17,0,0,43.79891165,-79.14622126,Scarborough East (44),44,Centennial Scarborough (133),133,D42,Scarborough,KINGSTON RD,SHEPPARD AVE E, ,Major Arterial,Intersection,At Intersection,Traffic Signal,Clear,Daylight,Dry,Non-Fatal Injury,Turning Movement,Other Property Owner,unknown, ,0, ,Other, , , , , , , , , ,0,0,1,0,0,0,0,1,1,1,0,0,0,0
1161266,2010,3,1,17,0,0,43.79891165,-79.14622126,Scarborough East (44),44,Centennial Scarborough (133),133,D42,Scarborough,KINGSTON RD,SHEPPARD AVE E, ,Major Arterial,Intersection,At Intersection,Traffic Signal,Clear,Daylight,Dry,Non-Fatal Injury,Turning Movement,Other Property Owner,unknown, ,0, ,Other, , , , , , , , , ,0,0,1,0,0,0,0,1,1,1,0,0,0,0
1174097,2010,5,1,17,0,5,43.72084538,-79.24149029,Scarborough Southwest (36),36,Cliffcrest (123),123,D41,Scarborough,BRIMLEY RD,ST CLAIR AVE E, ,Minor Arterial,Intersection, ,Traffic Signal,Clear,Daylight,Dry,Non-Fatal Injury,Pedestrian Collisions,Driver,55 to 59,,0,North,"Automobile, Station Wagon",Going Ahead,Driving Properly,Normal, , , , , , ,1,0,1,0,0,0,0,0,0,0,0,0,0,0
1174097,2010,5,1,17,0,5,43.72084538,-79.24149029,Scarborough Southwest (36),36,Cliffcrest (123),123,D41,Scarborough,BRIMLEY RD,ST CLAIR AVE E, ,Minor Arterial,Intersection, ,Traffic Signal,Clear,Daylight,Dry,Non-Fatal Injury,Pedestrian Collisions,Pedestrian,35 to 39,Major,0,West,Other, , , ,Vehicle is going straight thru inter.while ped cross without ROW,Crossing without right of way,Normal, , , ,1,0,1,0,0,0,0,0,0,0,0,0,0,0
1170095,2010,5,5,17,0,2,43.69004538,-79.29319029,Beaches-East York (32),32,Taylor-Massey (61),61,D55,Toronto East York,DANFORTH Ave,SIBLEY Ave, ,Major Arterial,Mid-Block, ,No Control,Rain,Daylight,Wet,Non-Fatal Injury,Sideswipe,Driver,45 to 49,Major,0,West,"Automobile, Station Wagon",Going Ahead,Driving Properly,Normal, , , , , , ,0,0,1,0,0,0,0,1,0,0,0,0,0,0
1170095,2010,5,5,17,0,2,43.69004538,-79.29319029,Beaches-East York (32),32,Taylor-Massey (61),61,D55,Toronto East York,DANFORTH Ave,SIBLEY Ave, ,Major Arterial,Mid-Block, ,No Control,Rain,Daylight,Wet,Non-Fatal Injury,Sideswipe,Passenger,40 to 44,Major,0, ,Other, , , , , , , , , ,0,0,1,0,0,0,0,1,0,0,0,0,0,0