ACCNUM,YEAR,MONTH,DAY,HOUR,MINUTES,WEEKDAY,LATITUDE,LONGITUDE,Ward_Name,Ward_ID,Hood_Name,Hood_ID,Division,District,STREET1,STREET2,OFFSET,ROAD_CLASS,LOCCOORD,ACCLOC,TRAFFCTL,VISIBILITY,LIGHT,RDSFCOND,ACCLASS,IMPACTYPE,INVTYPE,INVAGE,INJURY,FATAL_NO,INITDIR,VEHTYPE,MANOEUVER,DRIVACT,DRIVCOND,PEDTYPE,PEDACT,PEDCOND,CYCLISTYPE,CYCACT,CYCCOND,PEDESTRIAN,CYCLIST,AUTOMOBILE,MOTORCYCLE,TRUCK,TRSN_CITY_VEH,EMERG_VEH,PASSENGER,SPEEDING,AG_DRIV,REDLIGHT,ALCOHOL,DISABILITY,label
1170095,2010,5,5,17,0,2,43.69004538,-79.29319029,Beaches-East York (32),32,Taylor-Massey (61),61,D55,Toronto East York,DANFORTH Ave,SIBLEY Ave, ,Major Arterial,Mid-Block, ,No Control,Rain,Daylight,Wet,Non-Fatal Injury,Sideswipe,Driver,40 to 44,Major,0,West,"Automobile, Station Wagon",Changing Lanes,Improper Lane Change,Normal, , , , , , ,0,0,1,0,0,0,0,1,0,0,0,0,0,0
1181546,2010,6,18,17,0,4,43.75634538,-79.59959029,Etobicoke North (1),1,Mount Olive-Silverstone-Jamestown (2),2,D23,Etobicoke York,26 ALABASTER RD, , ,Local,Mid-Block, ,No Control,Clear,Daylight,Dry,Non-Fatal Injury,Pedestrian Collisions,Other,unknown,,0,Unknown,Other,Parked, , , , , , , , ,1,0,0,0,0,0,0,0,0,0,0,0,0,0
1181546,2010,6,18,17,0,4,43.75634538,-79.59959029,Etobicoke North (1),1,Mount Olive-Silverstone-Jamestown (2),2,D23,Etobicoke York,26 ALABASTER RD, , ,Local,Mid-Block, ,No Control,Clear,Daylight,Dry,Non-Fatal Injury,Pedestrian Collisions,Pedestrian,30 to 34,Major,0,Unknown,Other, , , ,Other / Undefined,Person Getting on/off Vehicle,Unknown, , , ,1,0,0,0,0,0,0,0,0,0,0,0,0,0
1007205,2007,12,6,17,55,3,43.64964538,-79.45039029,Parkdale-High Park (14),14,High Park-Swansea (87),87,D11,Toronto East York,RONCESVALLES Aven,CONSTANCE Stre, ,Minor Arterial,Intersection,At Intersection,No Control,Clear,Dark,Dry,Non-Fatal Injury,Pedestrian Collisions,Driver,unknown,,0,North,"Automobile, Station Wagon",Turning Left,Failed to Yield Right of Way,Inattentive, , , , , , ,1,0,1,0,0,0,0,0,0,1,0,0,0,0
4001938263,2014,4,22,17,0,1,43.64853247,-79.37193690000001,Toronto Centre-Rosedale (28),28,Waterfront Communities-The Island (77),77,D51,Toronto East York,MARKET ST,THE ESPLANADE,44 m North of,Local,Mid-Block,Non Intersection,No Control,Clear,Daylight,Dry,Non-Fatal Injury,Pedestrian Collisions,Driver,25 to 29,,0,South,"Automobile, Station Wagon",Reversing,Other,Normal, , , , , , ,1,0,1,0,0,0,0,0,0,0,0,0,0,0
1305359,2012,6,5,17,25,1,43.65984538,-79.43539029,Davenport (18),18,Dufferin Grove (83),83,D11,Toronto East York,BLOOR ST W,DUFFERIN ST, ,Major Arterial,Intersection, ,Traffic Signal,Clear,Daylight,Dry,Non-Fatal Injury,Cyclist Collisions,Passenger,unknown,,0, ,Other, , , , , , , , , ,0,1,1,0,0,0,0,1,0,0,0,0,0,0
1007205,2007,12,6,17,55,3,43.64964538,-79.45039029,Parkdale-High Park (14),14,High Park-Swansea (87),87,D11,Toronto East York,RONCESVALLES Aven,CONSTANCE Stre, ,Minor Arterial,Intersection,At Intersection,No Control,Clear,Dark,Dry,Non-Fatal Injury,Pedestrian Collisions,Pedestrian,70 to 74,Major,0,South,Other, , , ,Vehicle turns left while ped crosses with ROW at inter.,Crossing with right of way,Normal, , , ,1,0,1,0,0,0,0,0,0,1,0,0,0,0
4001938263,2014,4,22,17,0,1,43.64853247,-79.37193690000001,Toronto Centre-Rosedale (28),28,Waterfront Communities-The Island (77),77,D51,Toronto East York,MARKET ST,THE ESPLANADE,44 m North of,Local,Mid-Block,Non Intersection,No Control,Clear,Daylight,Dry,Non-Fatal Injury,Pedestrian Collisions,Pedestrian,40 to 44,Major,0,North, , , , ,Vehicle is reversing and hits pedestrian,Walking on Roadway Against Traffic,Normal, , , ,1,0,1,0,0,0,0,0,0,0,0,0,0,0
1203769,2010,6,27,17,10,6,43.63594538,-79.47299029,Parkdale-High Park (13),13,High Park-Swansea (87),87,D11,Etobicoke York,THE QUEENSWAY,GARDINER QUEENSWAY W RAMP, ,Major Arterial,Intersection,At Intersection,Traffic Signal,Clear,Daylight,Wet,Non-Fatal Injury,Rear End,Driver,30 to 34,,0,West,Municipal Transit Bus (TTC),Going Ahead,Following too Close,Inattentive, , , , , , ,0,0,0,0,0,1,0,1,0,1,0,0,0,0
1305359,2012,6,5,17,25,1,43.65984538,-79.43539029,Davenport (18),18,Dufferin Grove (83),83,D11,Toronto East York,BLOOR ST W,DUFFERIN ST, ,Major Arterial,Intersection, ,Traffic Signal,Clear,Daylight,Dry,Non-Fatal Injury,Cyclist Collisions,Vehicle Owner,unknown, ,0, ,Other, , , , , , , , , ,0,1,1,0,0,0,0,1,0,0,0,0,0,0
1057990,2008,8,21,17,55,3,43.67634538,-79.55439029,Etobicoke Centre (3),3,Princess-Rosethorn (10),10,D22,Etobicoke York,EGLINTON Aven W,LLOYD MANOR Road, ,Major Arterial,Mid-Block, ,No Control,Clear,Daylight,Dry,Non-Fatal Injury,Rear End,Driver,25 to 29,Minimal,0,East,"Automobile, Station Wagon",Stopped,Driving Properly,Normal, , , , , , ,0,0,1,0,1,0,0,0,0,1,0,0,0,0
4000047040,2014,12,8,17,0,0,43.69816168,-79.38647089,St. Paul's (22),22,Mount Pleasant East (99),99,D53,Toronto East York,MT PLEASANT RD,MERTON ST, ,Major Arterial,Intersection,At Intersection,Traffic Signal,Clear,"Dark, artificial",Dry,Non-Fatal Injury,Pedestrian Collisions,Driver,75 to 79,,0,North,"Automobile, Station Wagon",Turning Left,Failed to Yield Right of Way,Inattentive, , , , , , ,1,0,1,0,0,0,0,0,0,1,0,0,0,0
1203769,2010,6,27,17,10,6,43.63594538,-79.47299029,Parkdale-High Park (13),13,High Park-Swansea (87),87,D11,Etobicoke York,THE QUEENSWAY,GARDINER QUEENSWAY W RAMP, ,Major Arterial,Intersection,At Intersection,Traffic Signal,Clear,Daylight,Wet,Non-Fatal Injury,Rear End,Passenger,unknown,Minimal,0, ,Other, , , , , , , , , ,0,0,0,0,0,1,0,1,0,1,0,0,0,0
1203769,2010,6,27,17,10,6,43.63594538,-79.47299029,Parkdale-High Park (13),13,High Park-Swansea (87),87,D11,Etobicoke York,THE QUEENSWAY,GARDINER QUEENSWAY W RAMP, ,Major Arterial,Intersection,At Intersection,Traffic Signal,Clear,Daylight,Wet,Non-Fatal Injury,Rear End,Passenger,65 to 69,Minimal,0, ,Other, , , , , , , , , ,0,0,0,0,0,1,0,1,0,1,0,0,0,0
1203769,2010,6,27,17,10,6,43.63594538,-79.47299029,Parkdale-High Park (13),13,High Park-Swansea (87),87,D11,Etobicoke York,THE QUEENSWAY,GARDINER QUEENSWAY W RAMP, ,Major Arterial,Intersection,At Intersection,Traffic Signal,Clear,Daylight,Wet,Non-Fatal Injury,Rear End,Passenger,45 to 49,Minimal,0, ,Other, , , , , , , , , ,0,0,0,0,0,1,0,1,0,1,0,0,0,0
1203769,2010,6,27,17,10,6,43.63594538,-79.47299029,Parkdale-High Park (13),13,High Park-Swansea (87),87,D11,Etobicoke York,THE QUEENSWAY,GARDINER QUEENSWAY W RAMP, ,Major Arterial,Intersection,At Intersection,Traffic Signal,Clear,Daylight,Wet,Non-Fatal Injury,Rear End,Passenger,65 to 69,Minimal,0, ,Other, , , , , , , , , ,0,0,0,0,0,1,0,1,0,1,0,0,0,0
1203769,2010,6,27,17,10,6,43.63594538,-79.47299029,Parkdale-High Park (13),13,High Park-Swansea (87),87,D11,Etobicoke York,THE QUEENSWAY,GARDINER QUEENSWAY W RAMP, ,Major Arterial,Intersection,At Intersection,Traffic Signal,Clear,Daylight,Wet,Non-Fatal Injury,Rear End,Passenger,50 to 54,Minimal,0, ,Other, , , , , , , , , ,0,0,0,0,0,1,0,1,0,1,0,0,0,0
1203769,2010,6,27,17,10,6,43.63594538,-79.47299029,Parkdale-High Park (13),13,High Park-Swansea (87),87,D11,Etobicoke York,THE QUEENSWAY,GARDINER QUEENSWAY W RAMP, ,Major Arterial,Intersection,At Intersection,Traffic Signal,Clear,Daylight,Wet,Non-Fatal Injury,Rear End,Passenger,65 to 69,Major,0, ,Other, , , , , , , , , ,0,0,0,0,0,1,0,1,0,1,0,0,0,0
1203769,2010,6,27,17,10,6,43.63594538,-79.47299029,Parkdale-High Park (13),13,High Park-Swansea (87),87,D11,Etobicoke York,THE QUEENSWAY,GARDINER QUEENSWAY W RAMP, ,Major Arterial,Intersection,At Intersection,Traffic Signal,Clear,Daylight,Wet,Non-Fatal Injury,Rear End,Vehicle Owner,unknown, ,0, ,Other, , , , , , , , , ,0,0,0,0,0,1,0,1,0,1,0,0,0,0
1203769,2010,6,27,17,10,6,43.63594538,-79.47299029,Parkdale-High Park (13),13,High Park-Swansea (87),87,D11,Etobicoke York,THE QUEENSWAY,GARDINER QUEENSWAY W RAMP, ,Major Arterial,Intersection,At Intersection,Traffic Signal,Clear,Daylight,Wet,Non-Fatal Injury,Rear End,Driver,35 to 39,,0,West,Municipal Transit Bus (TTC),Stopped,Driving Properly,Normal, , , , , , ,0,0,0,0,0,1,0,1,0,1,0,0,0,0
1237279,2011,6,8,17,10,2,43.75594538,-79.52429029,York West (8),8,Black Creek (24),24,D31,North York,FINCH AVE W,NORFINCH DR, ,Major Arterial,Intersection,At Intersection,Traffic Signal,Clear,Daylight,Dry,Non-Fatal Injury,Cyclist Collisions,Driver,45 to 49,,0,South,"Automobile, Station Wagon",Turning Right,Improper Turn,Normal, , , , , , ,0,1,1,0,0,0,0,0,0,0,0,0,0,0
1237279,2011,6,8,17,10,2,43.75594538,-79.52429029,York West (8),8,Black Creek (24),24,D31,North York,FINCH AVE W,NORFINCH DR, ,Major Arterial,Intersection,At Intersection,Traffic Signal,Clear,Daylight,Dry,Non-Fatal Injury,Cyclist Collisions,Cyclist,65 to 69,Major,0,East,Bicycle,Unknown, , , , , ,Motorist turning right on red at signalized intersection strikes cyclist.,Driving Properly,Unknown,0,1,1,0,0,0,0,0,0,0,0,0,0,0
1281411,2011,12,21,17,10,2,43.72034538,-79.42439029,Eglinton-Lawrence (16),16,Bedford Park-Nortown (39),39,D53,North York,CHICOUTIMI AVE,LAWRENCE AVE W, ,Major Arterial,Intersection, ,No Control,Rain,Dark,Wet,Non-Fatal Injury,Pedestrian Collisions,Driver,70 to 74,,0,West,"Automobile, Station Wagon",Turning Left,Driving Properly,Normal, , , , , , ,1,0,1,0,0,0,0,0,0,0,0,0,0,0
1281411,2011,12,21,17,10,2,43.72034538,-79.42439029,Eglinton-Lawrence (16),16,Bedford Park-Nortown (39),39,D53,North York,CHICOUTIMI AVE,LAWRENCE AVE W, ,Major Arterial,Intersection, ,No Control,Rain,Dark,Wet,Non-Fatal Injury,Pedestrian Collisions,Pedestrian,60 to 64,Major,0,West,Other, , , ,Pedestrian hit at mid-block,"Crossing, no Traffic Control",Inattentive, , , ,1,0,1,0,0,0,0,0,0,0,0,0,0,0
1372589,2013,8,28,17,10,2,43.73558005,-79.4478036,York Centre (10),10,Clanton Park (33),33,D32,North York,WILSON HEIGHTS BLVD,ANSFORD AVE, ,Minor Arterial,Intersection,At Intersection,No Control,Clear,Daylight,Dry,Non-Fatal Injury,Pedestrian Collisions,Driver,50 to 54,,0,South,"Automobile, Station Wagon",Going Ahead,Driving Properly,Normal, , , , , , ,1,0,1,0,0,0,0,0,0,0,0,0,0,0
1372589,2013,8,28,17,10,2,43.73558005,-79.4478036,York Centre (10),10,Clanton Park (33),33,D32,North York,WILSON HEIGHTS BLVD,ANSFORD AVE, ,Minor Arterial,Intersection,At Intersection,No Control,Clear,Daylight,Dry,Non-Fatal Injury,Pedestrian Collisions,Pedestrian,40 to 44,Major,0,West,Other, , , ,Vehicle is going straight thru inter.while ped cross without ROW,"Crossing, no Traffic Control",Normal, , , ,1,0,1,0,0,0,0,0,0,0,0,0,0,0
1378700,2013,10,3,17,10,3,43.71744879,-79.29961024,Scarborough Southwest (35),35,Clairlea-Birchmount (120),120,D41,Scarborough,VICTORIA PARK Ave,EDGE PARK Ave, ,Major Arterial,Mid-Block, ,No Control,Clear,Daylight,Dry,Non-Fatal Injury,Pedestrian Collisions,Driver,30 to 34,,0,North,"Automobile, Station Wagon",Going Ahead,Driving Properly,Normal, , , , , , ,1,0,1,0,0,0,0,0,0,0,0,0,0,0
1378700,2013,10,3,17,10,3,43.71744879,-79.29961024,Scarborough Southwest (35),35,Clairlea-Birchmount (120),120,D41,Scarborough,VICTORIA PARK Ave,EDGE PARK Ave, ,Major Arterial,Mid-Block, ,No Control,Clear,Daylight,Dry,Non-Fatal Injury,Pedestrian Collisions,Pedestrian,30 to 34,Major,0,East,Other, , , ,Pedestrian hit at mid-block,"Crossing, no Traffic Control",Unknown, , , ,1,0,1,0,0,0,0,0,0,0,0,0,0,0
5001872986,2015,10,31,17,10,5,43.60425528,-79.53372584,Etobicoke-Lakeshore (6),6,Alderwood (20),20,D22,Etobicoke York,HORNER AVE,THIRTIETH ST, ,Minor Arterial,Intersection,At Intersection,Traffic Signal,Clear,Daylight,Dry,Non-Fatal Injury,Angle,Driver,40 to 44,,0,East,Pick Up Truck,Going Ahead,Disobeyed Traffic Control,Inattentive, , , , , , ,0,0,1,0,0,0,0,1,0,1,1,0,0,0
5001872986,2015,10,31,17,10,5,43.60425528,-79.53372584,Etobicoke-Lakeshore (6),6,Alderwood (20),20,D22,Etobicoke York,HORNER AVE,THIRTIETH ST, ,Minor Arterial,Intersection,At Intersection,Traffic Signal,Clear,Daylight,Dry,Non-Fatal Injury,Angle,Driver,65 to 69,Minor,0,South,"Automobile, Station Wagon",Going Ahead,Driving Properly,Normal, , , , , , ,0,0,1,0,0,0,0,1,0,1,1,0,0,0
5001872986,2015,10,31,17,10,5,43.60425528,-79.53372584,Etobicoke-Lakeshore (6),6,Alderwood (20),20,D22,Etobicoke York,HORNER AVE,THIRTIETH ST, ,Minor Arterial,Intersection,At Intersection,Traffic Signal,Clear,Daylight,Dry,Non-Fatal Injury,Angle,Driver,25 to 29,Major,0,North,"Automobile, Station Wagon",Going Ahead,Driving Properly,Normal, , , , , , ,0,0,1,0,0,0,0,1,0,1,1,0,0,0
5001872986,2015,10,31,17,10,5,43.60425528,-79.53372584,Etobicoke-Lakeshore (6),6,Alderwood (20),20,D22,Etobicoke York,HORNER AVE,THIRTIETH ST, ,Minor Arterial,Intersection,At Intersection,Traffic Signal,Clear,Daylight,Dry,Non-Fatal Injury,Angle,Passenger,25 to 29,,0, , , , , , , , , , , ,0,0,1,0,0,0,0,1,0,1,1,0,0,0
5001872986,2015,10,31,17,10,5,43.60425528,-79.53372584,Etobicoke-Lakeshore (6),6,Alderwood (20),20,D22,Etobicoke York,HORNER AVE,THIRTIETH ST, ,Minor Arterial,Intersection,At Intersection,Traffic Signal,Clear,Daylight,Dry,Non-Fatal Injury,Angle,Passenger,35 to 39,Minimal,0, , , , , , , , , , , ,0,0,1,0,0,0,0,1,0,1,1,0,0,0
5001872986,2015,10,31,17,10,5,43.60425528,-79.53372584,Etobicoke-Lakeshore (6),6,Alderwood (20),20,D22,Etobicoke York,HORNER AVE,THIRTIETH ST, ,Minor Arterial,Intersection,At Intersection,Traffic Signal,Clear,Daylight,Dry,Non-Fatal Injury,Angle,Passenger,20 to 24,,0, , , , , , , , , , , ,0,0,1,0,0,0,0,1,0,1,1,0,0,0
5001872986,2015,10,31,17,10,5,43.60425528,-79.53372584,Etobicoke-Lakeshore (6),6,Alderwood (20),20,D22,Etobicoke York,HORNER AVE,THIRTIETH ST, ,Minor Arterial,Intersection,At Intersection,Traffic Signal,Clear,Daylight,Dry,Non-Fatal Injury,Angle,Passenger,0 to 4,,0, , , , , , , , , , , ,0,0,1,0,0,0,0,1,0,1,1,0,0,0
5001980850,2015,11,18,17,10,2,43.7437168,-79.21914301,Scarborough Centre (38),38,Scarborough Village (139),139,D43,Scarborough,MARKHAM RD,EGLINTON AVE E,55 m North of,Major Arterial,Mid-Block,Non Intersection,No Control,Rain,"Dark, artificial",Wet,Fatal,Pedestrian Collisions,Driver,65 to 69,,0,South,"Automobile, Station Wagon",Going Ahead,Driving Properly,Normal, , , , , , ,1,0,1,0,0,0,0,0,0,0,0,0,0,1
5001980850,2015,11,18,17,10,2,43.7437168,-79.21914301,Scarborough Centre (38),38,Scarborough Village (139),139,D43,Scarborough,MARKHAM RD,EGLINTON AVE E,55 m North of,Major Arterial,Mid-Block,Non Intersection,No Control,Rain,"Dark, artificial",Wet,Fatal,Pedestrian Collisions,Driver,50 to 54,,0,North,"Automobile, Station Wagon",Going Ahead,Driving Properly,Normal, , , , , , ,1,0,1,0,0,0,0,0,0,0,0,0,0,1
5001980850,2015,11,18,17,10,2,43.7437168,-79.21914301,Scarborough Centre (38),38,Scarborough Village (139),139,D43,Scarborough,MARKHAM RD,EGLINTON AVE E,55 m North of,Major Arterial,Mid-Block,Non Intersection,No Control,Rain,"Dark, artificial",Wet,Fatal,Pedestrian Collisions,Pedestrian,45 to 49,Fatal,56,East, , , , ,Pedestrian hit at mid-block,"Crossing, no Traffic Control",Inattentive, , , ,1,0,1,0,0,0,0,0,0,0,0,0,0,1
6001222638,2016,7,12,17,10,1,43.60227926,-79.51075373,Etobicoke-Lakeshore (6),6,New Toronto (18),18,D22,Etobicoke York,BIRMINGHAM ST,ELSINORE PATH, ,Collector,Intersection,At Intersection,No Control,Clear,Daylight,Dry,Fatal,SMV Other,Driver,55 to 59,Fatal,46,West,"Automobile, Station Wagon",Going Ahead,Lost control,Medical or Physical Disability, , , , , , ,0,0,1,0,0,0,0,0,0,0,0,0,1,1
992577,2007,9,24,17,11,0,43.67384538,-79.41089029,Trinity-Spadina (20),20,Annex (95),95,D14,Toronto East York,HOWLAND AVE,BRUNSWICK AVE, ,Major Arterial,Mid-Block, ,No Control,Clear,Daylight,Dry,Non-Fatal Injury,SMV Unattended Vehicle,Vehicle Owner,unknown,,0, ,Other, , , , , , , , , ,0,0,1,0,0,0,0,0,0,0,0,0,0,0
992577,2007,9,24,17,11,0,43.67384538,-79.41089029,Trinity-Spadina (20),20,Annex (95),95,D14,Toronto East York,HOWLAND AVE,BRUNSWICK AVE, ,Major Arterial,Mid-Block, ,No Control,Clear,Daylight,Dry,Non-Fatal Injury,SMV Unattended Vehicle,Vehicle Owner,unknown,,0, ,Other, , , , , , , , , ,0,0,1,0,0,0,0,0,0,0,0,0,0,0
992577,2007,9,24,17,11,0,43.67384538,-79.41089029,Trinity-Spadina (20),20,Annex (95),95,D14,Toronto East York,HOWLAND AVE,BRUNSWICK AVE, ,Major Arterial,Mid-Block, ,No Control,Clear,Daylight,Dry,Non-Fatal Injury,SMV Unattended Vehicle,Driver,75 to 79,Major,0,West,"Automobile, Station Wagon",Reversing,Lost control,Normal, , , , , , ,0,0,1,0,0,0,0,0,0,0,0,0,0,0
992577,2007,9,24,17,11,0,43.67384538,-79.41089029,Trinity-Spadina (20),20,Annex (95),95,D14,Toronto East York,HOWLAND AVE,BRUNSWICK AVE, ,Major Arterial,Mid-Block, ,No Control,Clear,Daylight,Dry,Non-Fatal Injury,SMV Unattended Vehicle,Vehicle Owner,unknown,,0, ,Other, , , , , , , , , ,0,0,1,0,0,0,0,0,0,0,0,0,0,0
1198068,2010,9,24,17,13,4,43.68214538,-79.34609029,Toronto-Danforth (29),29,Playter Estates-Danforth (67),67,D54,Toronto East York,PAPE AVE,SELKIRK ST, ,Major Arterial,Intersection, ,No Control,Clear,Daylight,Dry,Non-Fatal Injury,Rear End,Driver,40 to 44,Major,0,South,"Automobile, Station Wagon",Slowing or Stopping,Driving Properly,Normal, , , , , , ,0,0,1,0,0,1,0,0,0,1,0,0,0,0
1198068,2010,9,24,17,13,4,43.68214538,-79.34609029,Toronto-Danforth (29),29,Playter Estates-Danforth (67),67,D54,Toronto East York,PAPE AVE,SELKIRK ST, ,Major Arterial,Intersection, ,No Control,Clear,Daylight,Dry,Non-Fatal Injury,Rear End,Driver,40 to 44,,0,South,Municipal Transit Bus (TTC),Going Ahead,Following too Close,Inattentive, , , , , , ,0,0,1,0,0,1,0,0,0,1,0,0,0,0
1198068,2010,9,24,17,13,4,43.68214538,-79.34609029,Toronto-Danforth (29),29,Playter Estates-Danforth (67),67,D54,Toronto East York,PAPE AVE,SELKIRK ST, ,Major Arterial,Intersection, ,No Control,Clear,Daylight,Dry,Non-Fatal Injury,Rear End,Vehicle Owner,unknown, ,0, ,Other, , , , , , , , , ,0,0,1,0,0,1,0,0,0,1,0,0,0,0
1312584,2012,7,29,17,13,6,43.65494538,-79.33739029,Toronto-Danforth (30),30,South Riverdale (70),70,D55,Toronto East York,LAKE SHORE Boul E,CARLAW Aven, ,Major Arterial,Intersection,At Intersection,Traffic Signal,Clear,Daylight,Dry,Non-Fatal Injury,Turning Movement,Passenger,0 to 4,Minor,0, ,Other, , , , , , , , , ,0,0,1,0,0,0,0,1,0,0,0,0,0,0
1312584,2012,7,29,17,13,6,43.65494538,-79.33739029,Toronto-Danforth (30),30,South Riverdale (70),70,D55,Toronto East York,LAKE SHORE Boul E,CARLAW Aven, ,Major Arterial,Intersection,At Intersection,Traffic Signal,Clear,Daylight,Dry,Non-Fatal Injury,Turning Movement,Passenger,35 to 39,Major,0, ,Other, , , , , , , , , ,0,0,1,0,0,0,0,1,0,0,0,0,0,0
1312584,2012,7,29,17,13,6,43.65494538,-79.33739029,Toronto-Danforth (30),30,South Riverdale (70),70,D55,Toronto East York,LAKE SHORE Boul E,CARLAW Aven, ,Major Arterial,Intersection,At Intersection,Traffic Signal,Clear,Daylight,Dry,Non-Fatal Injury,Turning Movement,Driver,35 to 39,Major,0,West,"Automobile, Station Wagon",Turning Left,Improper Turn,Inattentive, , , , , , ,0,0,1,0,0,0,0,1,0,0,0,0,0,0
1312584,2012,7,29,17,13,6,43.65494538,-79.33739029,Toronto-Danforth (30),30,South Riverdale (70),70,D55,Toronto East York,LAKE SHORE Boul E,CARLAW Aven, ,Major Arterial,Intersection,At Intersection,Traffic Signal,Clear,Daylight,Dry,Non-Fatal Injury,Turning Movement,Driver,55 to 59,Minimal,0,East,"Automobile, Station Wagon",Going Ahead,Driving Properly,Normal, , , , , , ,0,0,1,0,0,0,0,1,0,0,0,0,0,0
1072541,2008,11,26,17,14,2,43.79484538,-79.31499029,Scarborough-Agincourt (40),40,L'Amoreaux (117),117,D42,Scarborough,WARDEN AVE,FINCH AVE E, ,Major Arterial,Mid-Block, ,No Control,Rain,Dark,Wet,Fatal,Pedestrian Collisions,Passenger,65 to 69,,0, ,Other, , , , , , , , , ,1,0,1,0,0,0,0,1,0,0,0,0,0,1
1072541,2008,11,26,17,14,2,43.79484538,-79.31499029,Scarborough-Agincourt (40),40,L'Amoreaux (117),117,D42,Scarborough,WARDEN AVE,FINCH AVE E, ,Major Arterial,Mid-Block, ,No Control,Rain,Dark,Wet,Fatal,Pedestrian Collisions,Driver,70 to 74,,0,North,"Automobile, Station Wagon",Going Ahead,Driving Properly,Inattentive, , , , , , ,1,0,1,0,0,0,0,1,0,0,0,0,0,1
1072541,2008,11,26,17,14,2,43.79484538,-79.31499029,Scarborough-Agincourt (40),40,L'Amoreaux (117),117,D42,Scarborough,WARDEN AVE,FINCH AVE E, ,Major Arterial,Mid-Block, ,No Control,Rain,Dark,Wet,Fatal,Pedestrian Collisions,Driver,45 to 49,,0,South,"Automobile, Station Wagon",Going Ahead,Driving Properly,Normal, , , , , , ,1,0,1,0,0,0,0,1,0,0,0,0,0,1
1072541,2008,11,26,17,14,2,43.79484538,-79.31499029,Scarborough-Agincourt (40),40,L'Amoreaux (117),117,D42,Scarborough,WARDEN AVE,FINCH AVE E, ,Major Arterial,Mid-Block, ,No Control,Rain,Dark,Wet,Fatal,Pedestrian Collisions,Pedestrian,55 to 59,Fatal,53,West,Other, , , ,Pedestrian hit at mid-block,"Crossing, no Traffic Control",Unknown, , , ,1,0,1,0,0,0,0,1,0,0,0,0,0,1
5001215897,2015,7,17,17,14,4,43.78433951,-79.39468775,Willowdale (23),23,Willowdale East (51),51,D32,North York,FINCH AVE E,MANORCREST DR, ,Major Arterial,Intersection,Intersection Related,No Control,Clear,Daylight,Dry,Non-Fatal Injury,Rear End,Driver,25 to 29,,0,East,"Automobile, Station Wagon",Going Ahead,Speed too Fast For Condition,Inattentive, , , , , , ,0,0,1,0,0,0,0,0,1,1,0,0,0,0
5001215897,2015,7,17,17,14,4,43.78433951,-79.39468775,Willowdale (23),23,Willowdale East (51),51,D32,North York,FINCH AVE E,MANORCREST DR, ,Major Arterial,Intersection,Intersection Related,No Control,Clear,Daylight,Dry,Non-Fatal Injury,Rear End,Driver,55 to 59,Major,0,East,"Automobile, Station Wagon",Stopped,Driving Properly,Normal, , , , , , ,0,0,1,0,0,0,0,0,1,1,0,0,0,0
5001215897,2015,7,17,17,14,4,43.78433951,-79.39468775,Willowdale (23),23,Willowdale East (51),51,D32,North York,FINCH AVE E,MANORCREST DR, ,Major Arterial,Intersection,Intersection Related,No Control,Clear,Daylight,Dry,Non-Fatal Injury,Rear End,Driver,unknown,,0,East,"Automobile, Station Wagon",Stopped,Driving Properly,Unknown, , , , , , ,0,0,1,0,0,0,0,0,1,1,0,0,0,0
949724,2007,1,15,17,15,0,43.70064538,-79.60769029,Etobicoke North (2),2,West Humber-Clairville (1),1,D23,Etobicoke York,150 DISCO RD, , ,Collector,Mid-Block, ,No Control,Freezing Rain,Dark,Slush,Non-Fatal Injury,Approaching,Driver,35 to 39,Major,0,East,"Automobile, Station Wagon",Going Ahead,Lost control,Normal, , , , , , ,0,0,1,0,0,0,0,0,1,1,0,0,0,0
949724,2007,1,15,17,15,0,43.70064538,-79.60769029,Etobicoke North (2),2,West Humber-Clairville (1),1,D23,Etobicoke York,150 DISCO RD, , ,Collector,Mid-Block, ,No Control,Freezing Rain,Dark,Slush,Non-Fatal Injury,Approaching,Vehicle Owner,unknown,,0, ,Other, , , , , , , , , ,0,0,1,0,0,0,0,0,1,1,0,0,0,0
949724,2007,1,15,17,15,0,43.70064538,-79.60769029,Etobicoke North (2),2,West Humber-Clairville (1),1,D23,Etobicoke York,150 DISCO RD, , ,Collector,Mid-Block, ,No Control,Freezing Rain,Dark,Slush,Non-Fatal Injury,Approaching,Driver,45 to 49,,0,West,"Automobile, Station Wagon",Going Ahead,Driving Properly,Normal, , , , , , ,0,0,1,0,0,0,0,0,1,1,0,0,0,0
949724,2007,1,15,17,15,0,43.70064538,-79.60769029,Etobicoke North (2),2,West Humber-Clairville (1),1,D23,Etobicoke York,150 DISCO RD, , ,Collector,Mid-Block, ,No Control,Freezing Rain,Dark,Slush,Non-Fatal Injury,Approaching,Vehicle Owner,unknown,,0, ,Other, , , , , , , , , ,0,0,1,0,0,0,0,0,1,1,0,0,0,0
975174,2007,6,15,17,15,4,43.63694538,-79.55669029,Etobicoke-Lakeshore (5),5,Islington-City Centre West (14),14,D22,Etobicoke York,BLOOR ST W,THE EAST MALL, ,Minor Arterial,Intersection,At Intersection,Traffic Signal,Clear,Daylight,Dry,Non-Fatal Injury,Turning Movement,Driver,45 to 49,,0,East,"Automobile, Station Wagon",Turning Left,Improper Turn,Normal, , , , , , ,0,0,1,0,0,0,0,1,0,0,0,0,0,0
975174,2007,6,15,17,15,4,43.63694538,-79.55669029,Etobicoke-Lakeshore (5),5,Islington-City Centre West (14),14,D22,Etobicoke York,BLOOR ST W,THE EAST MALL, ,Minor Arterial,Intersection,At Intersection,Traffic Signal,Clear,Daylight,Dry,Non-Fatal Injury,Turning Movement,Passenger,25 to 29,Major,0, ,Other, , , , , , , , , ,0,0,1,0,0,0,0,1,0,0,0,0,0,0