ACCNUM,YEAR,MONTH,DAY,HOUR,MINUTES,WEEKDAY,LATITUDE,LONGITUDE,Ward_Name,Ward_ID,Hood_Name,Hood_ID,Division,District,STREET1,STREET2,OFFSET,ROAD_CLASS,LOCCOORD,ACCLOC,TRAFFCTL,VISIBILITY,LIGHT,RDSFCOND,ACCLASS,IMPACTYPE,INVTYPE,INVAGE,INJURY,FATAL_NO,INITDIR,VEHTYPE,MANOEUVER,DRIVACT,DRIVCOND,PEDTYPE,PEDACT,PEDCOND,CYCLISTYPE,CYCACT,CYCCOND,PEDESTRIAN,CYCLIST,AUTOMOBILE,MOTORCYCLE,TRUCK,TRSN_CITY_VEH,EMERG_VEH,PASSENGER,SPEEDING,AG_DRIV,REDLIGHT,ALCOHOL,DISABILITY,label
4003399384,2014,11,30,17,2,6,43.74710806,-79.44929133,York Centre (10),10,Clanton Park (33),33,D32,North York,203 FAYWOOD BLVD, , ,Collector,Mid-Block,At/Near Private Drive,No Control,Rain,"Dark, artificial",Wet,Non-Fatal Injury,Cyclist Collisions,Cyclist,35 to 39,Major,0,North,Bicycle,Going Ahead, , , , , ,Motorist reversing struck cyclist.,Driving Properly,Other,0,1,1,0,0,0,0,0,0,0,0,0,0,0
5001696184,2015,10,1,17,2,3,43.65413626,-79.48056422,Parkdale-High Park (13),13,Runnymede-Bloor West Village (89),89,D11,Etobicoke York,DURIE ST,COLBECK ST,2 m North of,Collector,Intersection,At Intersection,Stop Sign,Clear,Daylight,Dry,Non-Fatal Injury,Pedestrian Collisions,Driver,25 to 29,,0,West,Pick Up Truck,Turning Left,Failed to Yield Right of Way,Normal, , , , , , ,1,0,1,0,0,0,0,0,0,1,0,0,0,0
5001696184,2015,10,1,17,2,3,43.65413626,-79.48056422,Parkdale-High Park (13),13,Runnymede-Bloor West Village (89),89,D11,Etobicoke York,DURIE ST,COLBECK ST,2 m North of,Collector,Intersection,At Intersection,Stop Sign,Clear,Daylight,Dry,Non-Fatal Injury,Pedestrian Collisions,Pedestrian,75 to 79,Major,0,North, , , , ,Vehicle turns left while ped crosses with ROW at inter.,Crossing with right of way,Normal, , , ,1,0,1,0,0,0,0,0,0,1,0,0,0,0
6001288485,2016,7,22,17,2,4,43.69726141,-79.49898157,York South-Weston (12),12,Brookhaven-Amesbury (30),30,D12,Etobicoke York,TRETHEWEY DR,PLATINUM DR, ,Minor Arterial,Intersection,At Intersection,Stop Sign,Clear,Daylight,Dry,Non-Fatal Injury,Angle,Driver,50 to 54,,0,South,"Automobile, Station Wagon",Going Ahead,Failed to Yield Right of Way,Inattentive, , , , , , ,0,0,1,1,0,0,0,0,1,1,0,0,0,0
6001288485,2016,7,22,17,2,4,43.69726141,-79.49898157,York South-Weston (12),12,Brookhaven-Amesbury (30),30,D12,Etobicoke York,TRETHEWEY DR,PLATINUM DR, ,Minor Arterial,Intersection,At Intersection,Stop Sign,Clear,Daylight,Dry,Non-Fatal Injury,Angle,Motorcycle Driver,40 to 44,Major,0,East,Motorcycle,Going Ahead,Speed too Fast For Condition,Normal, , , , , , ,0,0,1,1,0,0,0,0,1,1,0,0,0,0
1205176,2010,10,14,17,3,3,43.67404538,-79.36769029,Toronto Centre-Rosedale (27),27,Cabbagetown-South St.James Town (71),71,D51,Toronto East York,BLOOR ST E,CASTLE FRANK RD, ,Major Arterial,Mid-Block, ,No Control,Rain,Daylight,Wet,Non-Fatal Injury,Approaching,Vehicle Owner,unknown, ,0, ,Other, , , , , , , , , ,0,0,1,0,0,0,0,0,1,1,0,0,0,0
1205176,2010,10,14,17,3,3,43.67404538,-79.36769029,Toronto Centre-Rosedale (27),27,Cabbagetown-South St.James Town (71),71,D51,Toronto East York,BLOOR ST E,CASTLE FRANK RD, ,Major Arterial,Mid-Block, ,No Control,Rain,Daylight,Wet,Non-Fatal Injury,Approaching,Driver,15 to 19,Minimal,0,East,"Automobile, Station Wagon",Going Ahead,Speed too Fast For Condition,Inattentive, , , , , , ,0,0,1,0,0,0,0,0,1,1,0,0,0,0
1205176,2010,10,14,17,3,3,43.67404538,-79.36769029,Toronto Centre-Rosedale (27),27,Cabbagetown-South St.James Town (71),71,D51,Toronto East York,BLOOR ST E,CASTLE FRANK RD, ,Major Arterial,Mid-Block, ,No Control,Rain,Daylight,Wet,Non-Fatal Injury,Approaching,Vehicle Owner,unknown, ,0, ,Other, , , , , , , , , ,0,0,1,0,0,0,0,0,1,1,0,0,0,0
1205176,2010,10,14,17,3,3,43.67404538,-79.36769029,Toronto Centre-Rosedale (27),27,Cabbagetown-South St.James Town (71),71,D51,Toronto East York,BLOOR ST E,CASTLE FRANK RD, ,Major Arterial,Mid-Block, ,No Control,Rain,Daylight,Wet,Non-Fatal Injury,Approaching,Driver,30 to 34,Major,0,West,"Automobile, Station Wagon",Going Ahead,Driving Properly,Normal, , , , , , ,0,0,1,0,0,0,0,0,1,1,0,0,0,0
1169909,2010,5,2,17,4,6,43.80274538,-79.26219029,Scarborough-Rouge River (41),41,Agincourt North (129),129,D42,Scarborough,KENHATCH BLVD,MARRAKESH DR, ,Collector,Intersection, ,No Control,Clear,Daylight,Dry,Non-Fatal Injury,SMV Other,Driver,50 to 54,Major,0,North,"Automobile, Station Wagon",Going Ahead,Lost control,Medical or Physical Disability, , , , , , ,0,0,1,0,0,0,0,0,0,0,0,0,1,0
1198314,2010,9,25,17,4,5,43.69494589,-79.46278773,Eglinton-Lawrence (15),15,Briar Hill-Belgravia (108),108,D13,North York,CALEDONIA RD,BOWIE AVE, ,Minor Arterial,Intersection,At Intersection,Stop Sign,Clear,Daylight,Dry,Non-Fatal Injury,Cyclist Collisions,Vehicle Owner,unknown, ,0, , , , , , , , , , , ,0,1,1,0,0,0,0,0,0,0,0,0,0,0
1198314,2010,9,25,17,4,5,43.69494589,-79.46278773,Eglinton-Lawrence (15),15,Briar Hill-Belgravia (108),108,D13,North York,CALEDONIA RD,BOWIE AVE, ,Minor Arterial,Intersection,At Intersection,Stop Sign,Clear,Daylight,Dry,Non-Fatal Injury,Cyclist Collisions,Driver,20 to 24,,0,West,Pick Up Truck,Turning Left,Driving Properly,Normal, , , , , , ,0,1,1,0,0,0,0,0,0,0,0,0,0,0
1198314,2010,9,25,17,4,5,43.69494589,-79.46278773,Eglinton-Lawrence (15),15,Briar Hill-Belgravia (108),108,D13,North York,CALEDONIA RD,BOWIE AVE, ,Minor Arterial,Intersection,At Intersection,Stop Sign,Clear,Daylight,Dry,Non-Fatal Injury,Cyclist Collisions,Cyclist,50 to 54,Major,0,East,Bicycle,Going Ahead, , , , , ,Motorist turned left across cyclists path.,Failed to Yield Right of Way,Had Been Drinking,0,1,1,0,0,0,0,0,0,0,0,0,0,0
1264317,2011,11,14,17,4,0,43.80024538,-79.19909029,Scarborough-Rouge River (42),42,Malvern (132),132,D42,Scarborough,MILNER Aven,MORNINGSIDE Aven, ,Major Arterial,Intersection, ,Traffic Signal,Clear,"Dusk, artificial",Wet,Non-Fatal Injury,Rear End,Driver,80 to 84,,0,East,"Automobile, Station Wagon",Turning Left,Driving Properly,Normal, , , , , , ,0,0,1,0,0,0,0,1,0,1,0,0,0,0
1264317,2011,11,14,17,4,0,43.80024538,-79.19909029,Scarborough-Rouge River (42),42,Malvern (132),132,D42,Scarborough,MILNER Aven,MORNINGSIDE Aven, ,Major Arterial,Intersection, ,Traffic Signal,Clear,"Dusk, artificial",Wet,Non-Fatal Injury,Rear End,Passenger,80 to 84,Major,0, ,Other, , , , , , , , , ,0,0,1,0,0,0,0,1,0,1,0,0,0,0
1264317,2011,11,14,17,4,0,43.80024538,-79.19909029,Scarborough-Rouge River (42),42,Malvern (132),132,D42,Scarborough,MILNER Aven,MORNINGSIDE Aven, ,Major Arterial,Intersection, ,Traffic Signal,Clear,"Dusk, artificial",Wet,Non-Fatal Injury,Rear End,Driver,50 to 54,,0,East,"Automobile, Station Wagon",Turning Left,Following too Close,Normal, , , , , , ,0,0,1,0,0,0,0,1,0,1,0,0,0,0
1292879,2012,3,16,17,4,4,43.81714538,-79.26089029,Scarborough-Rouge River (41),41,Agincourt North (129),129,D42,Scarborough,MIDDLEFIELD Rd,NASHDENE Rd, ,Minor Arterial,Intersection, ,No Control,Clear,Daylight,Dry,Non-Fatal Injury,Pedestrian Collisions,Driver,45 to 49,,0,South,"Automobile, Station Wagon",Going Ahead,Driving Properly,Normal, , , , , , ,1,0,1,0,0,0,0,0,0,0,0,0,0,0
1292879,2012,3,16,17,4,4,43.81714538,-79.26089029,Scarborough-Rouge River (41),41,Agincourt North (129),129,D42,Scarborough,MIDDLEFIELD Rd,NASHDENE Rd, ,Minor Arterial,Intersection, ,No Control,Clear,Daylight,Dry,Non-Fatal Injury,Pedestrian Collisions,Pedestrian,25 to 29,Major,0,West,Other, , , ,Pedestrian hit at mid-block,"Crossing, no Traffic Control",Inattentive, , , ,1,0,1,0,0,0,0,0,0,0,0,0,0,0
3002013081,2013,10,23,17,4,2,43.6556973,-79.41140569,Trinity-Spadina (19),19,Trinity-Bellwoods (81),81,D14,Toronto East York,COLLEGE ST,EUCLID AV, ,Major Arterial,Intersection,Intersection Related,No Control,Clear,Daylight,Dry,Non-Fatal Injury,Turning Movement,Driver,25 to 29,,0,West,"Automobile, Station Wagon",Turning Left,Improper Turn,Inattentive, , , , , , ,0,0,1,1,0,0,0,0,0,0,0,0,0,0
3002013081,2013,10,23,17,4,2,43.6556973,-79.41140569,Trinity-Spadina (19),19,Trinity-Bellwoods (81),81,D14,Toronto East York,COLLEGE ST,EUCLID AV, ,Major Arterial,Intersection,Intersection Related,No Control,Clear,Daylight,Dry,Non-Fatal Injury,Turning Movement,Motorcycle Driver,40 to 44,Major,0,East,Motorcycle,Going Ahead,Driving Properly,Normal, , , , , , ,0,0,1,1,0,0,0,0,0,0,0,0,0,0
6002215528,2016,12,14,17,4,2,43.63972433,-79.38090906,Trinity-Spadina (20),20,Waterfront Communities-The Island (77),77,D52,Toronto East York,QUEENS QY W,YORK ST,69 m West of,Minor Arterial,Mid-Block,Non Intersection,No Control,Clear,Dark,Dry,Non-Fatal Injury,Pedestrian Collisions,Driver,65 to 69,,0,East,"Automobile, Station Wagon",Going Ahead,Driving Properly,Normal, , , , , , ,1,0,1,0,0,0,0,0,0,0,0,0,0,0
6002215528,2016,12,14,17,4,2,43.63972433,-79.38090906,Trinity-Spadina (20),20,Waterfront Communities-The Island (77),77,D52,Toronto East York,QUEENS QY W,YORK ST,69 m West of,Minor Arterial,Mid-Block,Non Intersection,No Control,Clear,Dark,Dry,Non-Fatal Injury,Pedestrian Collisions,Pedestrian,50 to 54,Major,0,North, , , , ,Pedestrian hit at mid-block,"Crossing, no Traffic Control",Inattentive, , , ,1,0,1,0,0,0,0,0,0,0,0,0,0,0
965074,2007,4,18,17,5,2,43.73804538,-79.51899029,York West (7),7,Downsview-Roding-CFB (26),26,D31,Etobicoke York,SHEPPARD Ave W,LAURA Rd, ,Major Arterial,Mid-Block, ,No Control,Clear,Daylight,Dry,Non-Fatal Injury,Approaching,Passenger,75 to 79,Minor,0, ,Other, , , , , , , , , ,0,0,1,0,0,0,0,1,0,1,0,0,0,0
965074,2007,4,18,17,5,2,43.73804538,-79.51899029,York West (7),7,Downsview-Roding-CFB (26),26,D31,Etobicoke York,SHEPPARD Ave W,LAURA Rd, ,Major Arterial,Mid-Block, ,No Control,Clear,Daylight,Dry,Non-Fatal Injury,Approaching,Passenger,30 to 34,Minor,0, ,Other, , , , , , , , , ,0,0,1,0,0,0,0,1,0,1,0,0,0,0
965074,2007,4,18,17,5,2,43.73804538,-79.51899029,York West (7),7,Downsview-Roding-CFB (26),26,D31,Etobicoke York,SHEPPARD Ave W,LAURA Rd, ,Major Arterial,Mid-Block, ,No Control,Clear,Daylight,Dry,Non-Fatal Injury,Approaching,Driver,35 to 39,Minor,0,West,"Automobile, Station Wagon",Going Ahead,Driving Properly,Normal, , , , , , ,0,0,1,0,0,0,0,1,0,1,0,0,0,0
965074,2007,4,18,17,5,2,43.73804538,-79.51899029,York West (7),7,Downsview-Roding-CFB (26),26,D31,Etobicoke York,SHEPPARD Ave W,LAURA Rd, ,Major Arterial,Mid-Block, ,No Control,Clear,Daylight,Dry,Non-Fatal Injury,Approaching,Driver,30 to 34,Major,0,East,"Automobile, Station Wagon",Overtaking,Failed to Yield Right of Way,Normal, , , , , , ,0,0,1,0,0,0,0,1,0,1,0,0,0,0
1068403,2008,10,29,17,5,2,43.77784538,-79.50319029,York West (8),8,York University Heights (27),27,D31,North York,IAN MACDONALD BLVD,FOUNDERS RD, ,Local,Mid-Block, ,No Control,Clear,Daylight,Dry,Non-Fatal Injury,Sideswipe,Vehicle Owner,unknown, ,0, ,Other, , , , , , , , , ,0,0,1,0,0,0,0,1,0,0,0,0,0,0
1068403,2008,10,29,17,5,2,43.77784538,-79.50319029,York West (8),8,York University Heights (27),27,D31,North York,IAN MACDONALD BLVD,FOUNDERS RD, ,Local,Mid-Block, ,No Control,Clear,Daylight,Dry,Non-Fatal Injury,Sideswipe,Driver,unknown,,0,East,"Automobile, Station Wagon",Going Ahead, , , , , , , , ,0,0,1,0,0,0,0,1,0,0,0,0,0,0
1068403,2008,10,29,17,5,2,43.77784538,-79.50319029,York West (8),8,York University Heights (27),27,D31,North York,IAN MACDONALD BLVD,FOUNDERS RD, ,Local,Mid-Block, ,No Control,Clear,Daylight,Dry,Non-Fatal Injury,Sideswipe,Passenger,unknown,Minimal,0, ,Other,Other, , , , , , , , ,0,0,1,0,0,0,0,1,0,0,0,0,0,0
1068403,2008,10,29,17,5,2,43.77784538,-79.50319029,York West (8),8,York University Heights (27),27,D31,North York,IAN MACDONALD BLVD,FOUNDERS RD, ,Local,Mid-Block, ,No Control,Clear,Daylight,Dry,Non-Fatal Injury,Sideswipe,Passenger,unknown,Major,0, ,Other,Other, , , , , , , , ,0,0,1,0,0,0,0,1,0,0,0,0,0,0
1068403,2008,10,29,17,5,2,43.77784538,-79.50319029,York West (8),8,York University Heights (27),27,D31,North York,IAN MACDONALD BLVD,FOUNDERS RD, ,Local,Mid-Block, ,No Control,Clear,Daylight,Dry,Non-Fatal Injury,Sideswipe,Passenger,unknown,Minor,0, ,Other,Other, , , , , , , , ,0,0,1,0,0,0,0,1,0,0,0,0,0,0
1068403,2008,10,29,17,5,2,43.77784538,-79.50319029,York West (8),8,York University Heights (27),27,D31,North York,IAN MACDONALD BLVD,FOUNDERS RD, ,Local,Mid-Block, ,No Control,Clear,Daylight,Dry,Non-Fatal Injury,Sideswipe,Driver,25 to 29,Minimal,0,East,"Automobile, Station Wagon",Going Ahead, , , , , , , , ,0,0,1,0,0,0,0,1,0,0,0,0,0,0
1171688,2010,4,30,17,5,4,43.69214538,-79.29709029,Beaches-East York (31),31,Taylor-Massey (61),61,D54,Toronto East York,DAWES RD,DENTONIA PARK AVE, ,Minor Arterial,Intersection,At Intersection,Pedestrian Crossover,Clear,Daylight,Dry,Non-Fatal Injury,Rear End,Driver,65 to 69,,0,South,"Automobile, Station Wagon",Going Ahead,Following too Close,Unknown, , , , , , ,0,0,1,0,0,0,0,1,0,1,0,0,0,0
1171688,2010,4,30,17,5,4,43.69214538,-79.29709029,Beaches-East York (31),31,Taylor-Massey (61),61,D54,Toronto East York,DAWES RD,DENTONIA PARK AVE, ,Minor Arterial,Intersection,At Intersection,Pedestrian Crossover,Clear,Daylight,Dry,Non-Fatal Injury,Rear End,Passenger,80 to 84,Major,0, ,Other, , , , , , , , , ,0,0,1,0,0,0,0,1,0,1,0,0,0,0
1171688,2010,4,30,17,5,4,43.69214538,-79.29709029,Beaches-East York (31),31,Taylor-Massey (61),61,D54,Toronto East York,DAWES RD,DENTONIA PARK AVE, ,Minor Arterial,Intersection,At Intersection,Pedestrian Crossover,Clear,Daylight,Dry,Non-Fatal Injury,Rear End,Driver,75 to 79,,0,South,"Automobile, Station Wagon",Slowing or Stopping,Driving Properly,Normal, , , , , , ,0,0,1,0,0,0,0,1,0,1,0,0,0,0
1246412,2011,5,14,17,5,5,43.69704538,-79.54669029,Etobicoke Centre (4),4,Kingsview Village-The Westway (6),6,D23,Etobicoke York,DIXON RD,ISLINGTON AVE, ,Major Arterial,Intersection,At Intersection,Traffic Signal,Rain,Daylight,Wet,Non-Fatal Injury,Turning Movement,Passenger,15 to 19,Major,0, ,Other, , , , , , , , , ,0,0,1,1,0,0,0,1,0,1,0,0,0,0
1246412,2011,5,14,17,5,5,43.69704538,-79.54669029,Etobicoke Centre (4),4,Kingsview Village-The Westway (6),6,D23,Etobicoke York,DIXON RD,ISLINGTON AVE, ,Major Arterial,Intersection,At Intersection,Traffic Signal,Rain,Daylight,Wet,Non-Fatal Injury,Turning Movement,Motorcycle Driver,15 to 19,Major,0,West,Motorcycle,Going Ahead,Driving Properly,Normal, , , , , , ,0,0,1,1,0,0,0,1,0,1,0,0,0,0
1246412,2011,5,14,17,5,5,43.69704538,-79.54669029,Etobicoke Centre (4),4,Kingsview Village-The Westway (6),6,D23,Etobicoke York,DIXON RD,ISLINGTON AVE, ,Major Arterial,Intersection,At Intersection,Traffic Signal,Rain,Daylight,Wet,Non-Fatal Injury,Turning Movement,Driver,30 to 34,,0,East,"Automobile, Station Wagon",Slowing or Stopping,Driving Properly,Normal, , , , , , ,0,0,1,1,0,0,0,1,0,1,0,0,0,0
1246412,2011,5,14,17,5,5,43.69704538,-79.54669029,Etobicoke Centre (4),4,Kingsview Village-The Westway (6),6,D23,Etobicoke York,DIXON RD,ISLINGTON AVE, ,Major Arterial,Intersection,At Intersection,Traffic Signal,Rain,Daylight,Wet,Non-Fatal Injury,Turning Movement,Driver,unknown,,0,East,"Automobile, Station Wagon",Turning Left,Failed to Yield Right of Way,Unknown, , , , , , ,0,0,1,1,0,0,0,1,0,1,0,0,0,0
1327123,2012,11,23,17,5,4,43.68444538,-79.49879029,York South-Weston (11),11,Mount Dennis (115),115,D12,Etobicoke York,EGLINTON AVE W,JANE ST, ,Major Arterial,Intersection,At Intersection,Traffic Signal,Clear,Dark,Dry,Non-Fatal Injury,Sideswipe,Driver,75 to 79,Major,0,West,"Automobile, Station Wagon",Going Ahead,Other,Other, , , , , , ,0,0,1,0,0,0,0,0,0,0,0,0,0,0
1327123,2012,11,23,17,5,4,43.68444538,-79.49879029,York South-Weston (11),11,Mount Dennis (115),115,D12,Etobicoke York,EGLINTON AVE W,JANE ST, ,Major Arterial,Intersection,At Intersection,Traffic Signal,Clear,Dark,Dry,Non-Fatal Injury,Sideswipe,Driver,35 to 39,,0,West,"Automobile, Station Wagon",Stopped,Driving Properly,Normal, , , , , , ,0,0,1,0,0,0,0,0,0,0,0,0,0,0
1327123,2012,11,23,17,5,4,43.68444538,-79.49879029,York South-Weston (11),11,Mount Dennis (115),115,D12,Etobicoke York,EGLINTON AVE W,JANE ST, ,Major Arterial,Intersection,At Intersection,Traffic Signal,Clear,Dark,Dry,Non-Fatal Injury,Sideswipe,Driver,65 to 69,,0,South,"Automobile, Station Wagon",Going Ahead,Driving Properly,Normal, , , , , , ,0,0,1,0,0,0,0,0,0,0,0,0,0,0
1098055,2009,3,14,17,7,5,43.64804538,-79.37999029,Toronto Centre-Rosedale (28),28,Bay Street Corridor (76),76,D52,Toronto East York,BAY ST,WELLINGTON ST W, ,Major Arterial,Mid-Block, ,No Control,Clear,Daylight,Dry,Non-Fatal Injury,Pedestrian Collisions,Driver,50 to 54,,0,South,"Automobile, Station Wagon",Going Ahead,Driving Properly,Normal, , , , , , ,1,0,1,0,0,0,0,0,0,0,0,0,0,0
1098055,2009,3,14,17,7,5,43.64804538,-79.37999029,Toronto Centre-Rosedale (28),28,Bay Street Corridor (76),76,D52,Toronto East York,BAY ST,WELLINGTON ST W, ,Major Arterial,Mid-Block, ,No Control,Clear,Daylight,Dry,Non-Fatal Injury,Pedestrian Collisions,Pedestrian,15 to 19,Major,0,East,Other, , , ,Pedestrian hit at mid-block,"Crossing, no Traffic Control",Normal, , , ,1,0,1,0,0,0,0,0,0,0,0,0,0,0
1141450,2009,11,14,17,7,5,43.77304538,-79.30539029,Scarborough-Agincourt (40),40,Tam O'Shanter-Sullivan (118),118,D42,Scarborough,WARDEN Aven,ARKONA Driv, ,Major Arterial,Intersection,At Intersection,Traffic Signal,Clear,Dark,Dry,Non-Fatal Injury,Turning Movement,Passenger,55 to 59,Major,0, ,Other, , , , , , , , , ,0,0,1,0,0,0,0,1,0,0,0,0,0,0
1141450,2009,11,14,17,7,5,43.77304538,-79.30539029,Scarborough-Agincourt (40),40,Tam O'Shanter-Sullivan (118),118,D42,Scarborough,WARDEN Aven,ARKONA Driv, ,Major Arterial,Intersection,At Intersection,Traffic Signal,Clear,Dark,Dry,Non-Fatal Injury,Turning Movement,Passenger,60 to 64,Minor,0, ,Other, , , , , , , , , ,0,0,1,0,0,0,0,1,0,0,0,0,0,0
1141450,2009,11,14,17,7,5,43.77304538,-79.30539029,Scarborough-Agincourt (40),40,Tam O'Shanter-Sullivan (118),118,D42,Scarborough,WARDEN Aven,ARKONA Driv, ,Major Arterial,Intersection,At Intersection,Traffic Signal,Clear,Dark,Dry,Non-Fatal Injury,Turning Movement,Passenger,60 to 64,Minor,0, ,Other, , , , , , , , , ,0,0,1,0,0,0,0,1,0,0,0,0,0,0
1141450,2009,11,14,17,7,5,43.77304538,-79.30539029,Scarborough-Agincourt (40),40,Tam O'Shanter-Sullivan (118),118,D42,Scarborough,WARDEN Aven,ARKONA Driv, ,Major Arterial,Intersection,At Intersection,Traffic Signal,Clear,Dark,Dry,Non-Fatal Injury,Turning Movement,Driver,60 to 64,,0,North,Other,Going Ahead,Driving Properly,Normal, , , , , , ,0,0,1,0,0,0,0,1,0,0,0,0,0,0
1141450,2009,11,14,17,7,5,43.77304538,-79.30539029,Scarborough-Agincourt (40),40,Tam O'Shanter-Sullivan (118),118,D42,Scarborough,WARDEN Aven,ARKONA Driv, ,Major Arterial,Intersection,At Intersection,Traffic Signal,Clear,Dark,Dry,Non-Fatal Injury,Turning Movement,Driver,20 to 24,,0,South,"Automobile, Station Wagon",Turning Left,Improper Turn,Normal, , , , , , ,0,0,1,0,0,0,0,1,0,0,0,0,0,0
1141450,2009,11,14,17,7,5,43.77304538,-79.30539029,Scarborough-Agincourt (40),40,Tam O'Shanter-Sullivan (118),118,D42,Scarborough,WARDEN Aven,ARKONA Driv, ,Major Arterial,Intersection,At Intersection,Traffic Signal,Clear,Dark,Dry,Non-Fatal Injury,Turning Movement,Other Property Owner,unknown, ,0, ,Other, , , , , , , , , ,0,0,1,0,0,0,0,1,0,0,0,0,0,0
1247513,2011,6,22,17,7,2,43.65984538,-79.34549029,Toronto-Danforth (30),30,South Riverdale (70),70,D55,Toronto East York,QUEEN Stre E,MC GEE Stre, ,Minor Arterial,Intersection,At Intersection,No Control,Clear,Daylight,Dry,Non-Fatal Injury,Pedestrian Collisions,Motorcycle Driver,50 to 54,Major,0,East,Motorcycle,Going Ahead,Lost control,Normal, , , , , , ,1,0,0,1,0,0,0,0,0,0,0,0,0,0
1247513,2011,6,22,17,7,2,43.65984538,-79.34549029,Toronto-Danforth (30),30,South Riverdale (70),70,D55,Toronto East York,QUEEN Stre E,MC GEE Stre, ,Minor Arterial,Intersection,At Intersection,No Control,Clear,Daylight,Dry,Non-Fatal Injury,Pedestrian Collisions,Pedestrian,20 to 24,,0,North,Other, , , ,Vehicle is going straight thru inter.while ped cross without ROW,"Crossing, no Traffic Control",Inattentive, , , ,1,0,0,1,0,0,0,0,0,0,0,0,0,0
1338092,2013,1,30,17,7,2,43.80584538,-79.22809029,Scarborough-Rouge River (42),42,Malvern (132),132,D42,Scarborough,TAPSCOTT RD,MCLEVIN AVE, ,Minor Arterial,Mid-Block,At Intersection,No Control,Clear,Daylight,Wet,Non-Fatal Injury,Approaching,Passenger,45 to 49,Minor,0, ,"Automobile, Station Wagon", , , , , , , , , ,0,0,1,0,0,0,0,1,0,0,0,0,0,0
1338092,2013,1,30,17,7,2,43.80584538,-79.22809029,Scarborough-Rouge River (42),42,Malvern (132),132,D42,Scarborough,TAPSCOTT RD,MCLEVIN AVE, ,Minor Arterial,Mid-Block,At Intersection,No Control,Clear,Daylight,Wet,Non-Fatal Injury,Approaching,Driver,50 to 54,Major,0,South,"Automobile, Station Wagon",Going Ahead,Driving Properly,Normal, , , , , , ,0,0,1,0,0,0,0,1,0,0,0,0,0,0
1338092,2013,1,30,17,7,2,43.80584538,-79.22809029,Scarborough-Rouge River (42),42,Malvern (132),132,D42,Scarborough,TAPSCOTT RD,MCLEVIN AVE, ,Minor Arterial,Mid-Block,At Intersection,No Control,Clear,Daylight,Wet,Non-Fatal Injury,Approaching,Passenger,65 to 69,Major,0, ,Other, , , , , , , , , ,0,0,1,0,0,0,0,1,0,0,0,0,0,0
1338092,2013,1,30,17,7,2,43.80584538,-79.22809029,Scarborough-Rouge River (42),42,Malvern (132),132,D42,Scarborough,TAPSCOTT RD,MCLEVIN AVE, ,Minor Arterial,Mid-Block,At Intersection,No Control,Clear,Daylight,Wet,Non-Fatal Injury,Approaching,Vehicle Owner,unknown, ,0, ,Other, , , , , , , , , ,0,0,1,0,0,0,0,1,0,0,0,0,0,0
1338092,2013,1,30,17,7,2,43.80584538,-79.22809029,Scarborough-Rouge River (42),42,Malvern (132),132,D42,Scarborough,TAPSCOTT RD,MCLEVIN AVE, ,Minor Arterial,Mid-Block,At Intersection,No Control,Clear,Daylight,Wet,Non-Fatal Injury,Approaching,Driver,70 to 74,Minor,0,North,"Automobile, Station Wagon",Going Ahead,Other,Unknown, , , , , , ,0,0,1,0,0,0,0,1,0,0,0,0,0,0
1109820,2009,6,17,17,8,2,43.66494538,-79.46439029,Parkdale-High Park (13),13,Junction Area (90),90,D11,Toronto East York,KEELE ST,DUNDAS ST W, ,Major Arterial,Mid-Block, ,No Control,Rain,Daylight,Wet,Fatal,Pedestrian Collisions,Vehicle Owner,unknown, ,0, ,Other, , , , , , , , , ,1,0,0,0,1,0,0,0,0,0,0,0,0,1
1109820,2009,6,17,17,8,2,43.66494538,-79.46439029,Parkdale-High Park (13),13,Junction Area (90),90,D11,Toronto East York,KEELE ST,DUNDAS ST W, ,Major Arterial,Mid-Block, ,No Control,Rain,Daylight,Wet,Fatal,Pedestrian Collisions,Truck Driver,60 to 64,,0,North,Truck - Open,Going Ahead,Driving Properly,Normal, , , , , , ,1,0,0,0,1,0,0,0,0,0,0,0,0,1
1109820,2009,6,17,17,8,2,43.66494538,-79.46439029,Parkdale-High Park (13),13,Junction Area (90),90,D11,Toronto East York,KEELE ST,DUNDAS ST W, ,Major Arterial,Mid-Block, ,No Control,Rain,Daylight,Wet,Fatal,Pedestrian Collisions,Pedestrian,85 to 89,Fatal,16,Unknown,Other, , , ,Pedestrian hit at mid-block,Other,Normal, , , ,1,0,0,0,1,0,0,0,0,0,0,0,0,1
1132688,2009,10,23,17,8,4,43.76794538,-79.55779029,York West (7),7,Humber Summit (21),21,D31,Etobicoke York,STEELES AVE W,TURBINE DR, ,Major Arterial,Intersection,At Intersection,No Control,Rain,Daylight,Wet,Non-Fatal Injury,Pedestrian Collisions,Vehicle Owner,unknown, ,0, ,Other, , , , , , , , , ,1,0,1,0,0,0,0,0,0,0,0,0,0,0
1305359,2012,6,5,17,25,1,43.65984538,-79.43539029,Davenport (18),18,Dufferin Grove (83),83,D11,Toronto East York,BLOOR ST W,DUFFERIN ST, ,Major Arterial,Intersection, ,Traffic Signal,Clear,Daylight,Dry,Non-Fatal Injury,Cyclist Collisions,Cyclist,35 to 39,Major,0,West,Bicycle,Going Ahead, , , , , ,Cyclist struck opened vehicle door,Driving Properly,Normal,0,1,1,0,0,0,0,1,0,0,0,0,0,0
1373473,2013,6,25,17,25,1,43.65014538,-79.38979029,Trinity-Spadina (20),20,Waterfront Communities-The Island (77),77,D52,Toronto East York,QUEEN ST W,MC CAUL ST, ,Major Arterial,Intersection, ,No Control,Clear,Daylight,Dry,Non-Fatal Injury,Pedestrian Collisions,Cyclist,30 to 34,,0,East,Bicycle,Going Ahead, , , , , ,Cyclist strikes pedestrian.,Driving Properly,Normal,1,1,0,0,0,0,0,0,0,0,0,0,0,0