ACCNUM,YEAR,MONTH,DAY,HOUR,MINUTES,WEEKDAY,LATITUDE,LONGITUDE,Ward_Name,Ward_ID,Hood_Name,Hood_ID,Division,District,STREET1,STREET2,OFFSET,ROAD_CLASS,LOCCOORD,ACCLOC,TRAFFCTL,VISIBILITY,LIGHT,RDSFCOND,ACCLASS,IMPACTYPE,INVTYPE,INVAGE,INJURY,FATAL_NO,INITDIR,VEHTYPE,MANOEUVER,DRIVACT,DRIVCOND,PEDTYPE,PEDACT,PEDCOND,CYCLISTYPE,CYCACT,CYCCOND,PEDESTRIAN,CYCLIST,AUTOMOBILE,MOTORCYCLE,TRUCK,TRSN_CITY_VEH,EMERG_VEH,PASSENGER,SPEEDING,AG_DRIV,REDLIGHT,ALCOHOL,DISABILITY,label
1373473,2013,6,25,17,25,1,43.65014538,-79.38979029,Trinity-Spadina (20),20,Waterfront Communities-The Island (77),77,D52,Toronto East York,QUEEN ST W,MC CAUL ST, ,Major Arterial,Intersection, ,No Control,Clear,Daylight,Dry,Non-Fatal Injury,Pedestrian Collisions,Pedestrian,25 to 29,Major,0,South,Other, , , ,Vehicle is going straight thru inter.while ped cross without ROW,"Crossing, no Traffic Control",Unknown, , , ,1,1,0,0,0,0,0,0,0,0,0,0,0,0
4001839979,2014,4,6,17,25,6,43.68712195,-79.39369593,St. Paul's (22),22,Rosedale-Moore Park (98),98,D53,Toronto East York,YONGE ST,PLEASANT BLVD, ,Major Arterial,Intersection,At Intersection,No Control,Clear,Daylight,Dry,Non-Fatal Injury,Pedestrian Collisions,Driver,75 to 79,,0,South,"Automobile, Station Wagon",Turning Left,Failed to Yield Right of Way,Normal, , , , , , ,1,0,1,1,0,0,0,0,1,1,0,0,0,0
1057990,2008,8,21,17,55,3,43.67634538,-79.55439029,Etobicoke Centre (3),3,Princess-Rosethorn (10),10,D22,Etobicoke York,EGLINTON Aven W,LLOYD MANOR Road, ,Major Arterial,Mid-Block, ,No Control,Clear,Daylight,Dry,Non-Fatal Injury,Rear End,Driver,60 to 64,,0,East,"Automobile, Station Wagon",Stopped,Driving Properly,Normal, , , , , , ,0,0,1,0,1,0,0,0,0,1,0,0,0,0
4001839979,2014,4,6,17,25,6,43.68712195,-79.39369593,St. Paul's (22),22,Rosedale-Moore Park (98),98,D53,Toronto East York,YONGE ST,PLEASANT BLVD, ,Major Arterial,Intersection,At Intersection,No Control,Clear,Daylight,Dry,Non-Fatal Injury,Pedestrian Collisions,Motorcycle Driver,25 to 29,Major,0,North,Motorcycle,Changing Lanes,Driving Properly,Normal, , , , , , ,1,0,1,1,0,0,0,0,1,1,0,0,0,0
4001839979,2014,4,6,17,25,6,43.68712195,-79.39369593,St. Paul's (22),22,Rosedale-Moore Park (98),98,D53,Toronto East York,YONGE ST,PLEASANT BLVD, ,Major Arterial,Intersection,At Intersection,No Control,Clear,Daylight,Dry,Non-Fatal Injury,Pedestrian Collisions,Pedestrian,65 to 69,Major,0,Unknown, , , , ,Pedestrian hit on sidewalk or shoulder,On Sidewalk or Shoulder,Normal, , , ,1,0,1,1,0,0,0,0,1,1,0,0,0,0
6000936555,2016,5,30,17,25,0,43.5948902,-79.53166590000001,Etobicoke-Lakeshore (6),6,Long Branch (19),19,D22,Etobicoke York,LAKE SHORE BLVD W,THIRTY THIRD ST,50 m East of,Major Arterial,Mid-Block,Non Intersection,No Control,Clear,Daylight,Dry,Non-Fatal Injury,Rear End,Driver,60 to 64,,0,West,"Automobile, Station Wagon",Going Ahead,Lost control,Normal, , , , , , ,0,0,1,0,0,0,0,1,0,0,0,0,0,0
6000936555,2016,5,30,17,25,0,43.5948902,-79.53166590000001,Etobicoke-Lakeshore (6),6,Long Branch (19),19,D22,Etobicoke York,LAKE SHORE BLVD W,THIRTY THIRD ST,50 m East of,Major Arterial,Mid-Block,Non Intersection,No Control,Clear,Daylight,Dry,Non-Fatal Injury,Rear End,Driver,60 to 64,,0,West,Passenger Van,Going Ahead,Driving Properly,Normal, , , , , , ,0,0,1,0,0,0,0,1,0,0,0,0,0,0
6000936555,2016,5,30,17,25,0,43.5948902,-79.53166590000001,Etobicoke-Lakeshore (6),6,Long Branch (19),19,D22,Etobicoke York,LAKE SHORE BLVD W,THIRTY THIRD ST,50 m East of,Major Arterial,Mid-Block,Non Intersection,No Control,Clear,Daylight,Dry,Non-Fatal Injury,Rear End,Driver,35 to 39,,0,West,"Automobile, Station Wagon",Slowing or Stopping,Driving Properly,Normal, , , , , , ,0,0,1,0,0,0,0,1,0,0,0,0,0,0
6000936555,2016,5,30,17,25,0,43.5948902,-79.53166590000001,Etobicoke-Lakeshore (6),6,Long Branch (19),19,D22,Etobicoke York,LAKE SHORE BLVD W,THIRTY THIRD ST,50 m East of,Major Arterial,Mid-Block,Non Intersection,No Control,Clear,Daylight,Dry,Non-Fatal Injury,Rear End,Passenger,70 to 74,Major,0, , , , , , , , , , , ,0,0,1,0,0,0,0,1,0,0,0,0,0,0
1356335,2013,4,17,17,26,2,43.67924538,-79.30459029,Beaches-East York (32),32,East End-Danforth (62),62,D55,Toronto East York,GLENMOUNT PARK Rd,BURGESS Ave, ,Local,Intersection,At Intersection,Stop Sign,Clear,Daylight,Dry,Non-Fatal Injury,Pedestrian Collisions,Driver,50 to 54,,0,North,"Automobile, Station Wagon",Turning Left,Driving Properly,Normal, , , , , , ,1,0,1,0,0,0,0,0,0,0,0,0,0,0
1356335,2013,4,17,17,26,2,43.67924538,-79.30459029,Beaches-East York (32),32,East End-Danforth (62),62,D55,Toronto East York,GLENMOUNT PARK Rd,BURGESS Ave, ,Local,Intersection,At Intersection,Stop Sign,Clear,Daylight,Dry,Non-Fatal Injury,Pedestrian Collisions,Pedestrian,10 to 14,Major,0,South,Other,Going Ahead, , ,Vehicle turns left while ped crosses without ROW at inter.,Playing or Working on Highway,Inattentive, , , ,1,0,1,0,0,0,0,0,0,0,0,0,0,0
5002181080,2015,12,14,17,26,0,43.63939245,-79.42480097,Parkdale-High Park (14),14,South Parkdale (85),85,D14,Toronto East York,KING ST W,FRASER AVE,2 m West of,Major Arterial,Intersection,At Intersection,Streetcar (Stop for),Rain,"Dark, artificial",Wet,Non-Fatal Injury,Pedestrian Collisions,Driver,unknown,,0,East,"Automobile, Station Wagon",Going Ahead,Failed to Yield Right of Way,Unknown, , , , , , ,1,0,1,0,0,0,0,0,0,1,0,0,0,0
5002181080,2015,12,14,17,26,0,43.63939245,-79.42480097,Parkdale-High Park (14),14,South Parkdale (85),85,D14,Toronto East York,KING ST W,FRASER AVE,2 m West of,Major Arterial,Intersection,At Intersection,Streetcar (Stop for),Rain,"Dark, artificial",Wet,Non-Fatal Injury,Pedestrian Collisions,Pedestrian,25 to 29,Major,0,North, , , , ,Vehicle is going straight thru inter.while ped cross with ROW,Person Getting on/off Vehicle,Normal, , , ,1,0,1,0,0,0,0,0,0,1,0,0,0,0
4003167923,2014,10,24,17,27,4,43.67172201,-79.49255762,York South-Weston (11),11,Rockcliffe-Smythe (111),111,D12,Etobicoke York,220 WOOLNER AVE, ,65 m East of,Collector,Mid-Block,At/Near Private Drive,No Control,Clear,Dusk,Dry,Non-Fatal Injury,Pedestrian Collisions,Driver,65 to 69,,0,West,"Automobile, Station Wagon",Going Ahead,Driving Properly,Inattentive, , , , , , ,1,0,1,0,0,0,0,0,0,0,0,0,0,0
4003167923,2014,10,24,17,27,4,43.67172201,-79.49255762,York South-Weston (11),11,Rockcliffe-Smythe (111),111,D12,Etobicoke York,220 WOOLNER AVE, ,65 m East of,Collector,Mid-Block,At/Near Private Drive,No Control,Clear,Dusk,Dry,Non-Fatal Injury,Pedestrian Collisions,Pedestrian,80 to 84,Major,0,Unknown, , , , ,Pedestrian hit at mid-block,"Crossing, no Traffic Control",Inattentive, , , ,1,0,1,0,0,0,0,0,0,0,0,0,0,0
6000688444,2016,4,22,17,27,4,43.77773245,-79.32416163,Scarborough-Agincourt (40),40,L'Amoreaux (117),117,D42,Scarborough,VICTORIA PARK AVE,PATRICK BLVD, ,Major Arterial,Intersection,Intersection Related,Traffic Signal,Clear,Daylight,Dry,Fatal,Pedestrian Collisions,Pedestrian,55 to 59,Fatal,26,East, , , , ,Vehicle is going straight thru inter.while ped cross without ROW,Crossing without right of way,Inattentive, , , ,1,0,1,0,0,0,0,0,0,0,0,0,0,1
6000688444,2016,4,22,17,27,4,43.77773245,-79.32416163,Scarborough-Agincourt (40),40,L'Amoreaux (117),117,D42,Scarborough,VICTORIA PARK AVE,PATRICK BLVD, ,Major Arterial,Intersection,Intersection Related,Traffic Signal,Clear,Daylight,Dry,Fatal,Pedestrian Collisions,Driver,55 to 59,,0,North,Pick Up Truck,Going Ahead,Driving Properly,Normal, , , , , , ,1,0,1,0,0,0,0,0,0,0,0,0,0,1
7000313988,2017,2,19,17,27,6,43.66846426,-79.33872614,Toronto-Danforth (30),30,South Riverdale (70),70,D55,Toronto East York,1000 GERRARD ST E, ,98 m West of,Minor Arterial,Mid-Block,Non Intersection,No Control,Clear,Daylight,Dry,Non-Fatal Injury,Pedestrian Collisions,Driver,20 to 24,,0,West,"Automobile, Station Wagon",Going Ahead,Driving Properly,Normal, , , , , , ,1,0,1,0,0,0,0,0,0,0,0,0,0,0
7000313988,2017,2,19,17,27,6,43.66846426,-79.33872614,Toronto-Danforth (30),30,South Riverdale (70),70,D55,Toronto East York,1000 GERRARD ST E, ,98 m West of,Minor Arterial,Mid-Block,Non Intersection,No Control,Clear,Daylight,Dry,Non-Fatal Injury,Pedestrian Collisions,Pedestrian,55 to 59,Major,0,South, , , , ,Pedestrian hit at mid-block,Crossing without right of way,Normal, , , ,1,0,1,0,0,0,0,0,0,0,0,0,0,0
1318785,2012,10,9,17,28,1,43.75544538,-79.61419029,Etobicoke North (1),1,West Humber-Clairville (1),1,D23,Etobicoke York,STEELES AVE W,HIGHWAY 27 S, ,Major Arterial,Intersection,At Intersection,Traffic Signal,Clear,Dusk,Dry,Non-Fatal Injury,Pedestrian Collisions,Vehicle Owner,unknown, ,0, ,Other, , , , , , , , , ,1,0,0,0,1,0,0,0,0,1,0,0,0,0
1318785,2012,10,9,17,28,1,43.75544538,-79.61419029,Etobicoke North (1),1,West Humber-Clairville (1),1,D23,Etobicoke York,STEELES AVE W,HIGHWAY 27 S, ,Major Arterial,Intersection,At Intersection,Traffic Signal,Clear,Dusk,Dry,Non-Fatal Injury,Pedestrian Collisions,Truck Driver,55 to 59,,0,East,Truck - Open,Turning Right,Failed to Yield Right of Way,Normal, , , , , , ,1,0,0,0,1,0,0,0,0,1,0,0,0,0
1318785,2012,10,9,17,28,1,43.75544538,-79.61419029,Etobicoke North (1),1,West Humber-Clairville (1),1,D23,Etobicoke York,STEELES AVE W,HIGHWAY 27 S, ,Major Arterial,Intersection,At Intersection,Traffic Signal,Clear,Dusk,Dry,Non-Fatal Injury,Pedestrian Collisions,Trailer Owner,unknown, ,0, ,Other, , , , , , , , , ,1,0,0,0,1,0,0,0,0,1,0,0,0,0
1318785,2012,10,9,17,28,1,43.75544538,-79.61419029,Etobicoke North (1),1,West Humber-Clairville (1),1,D23,Etobicoke York,STEELES AVE W,HIGHWAY 27 S, ,Major Arterial,Intersection,At Intersection,Traffic Signal,Clear,Dusk,Dry,Non-Fatal Injury,Pedestrian Collisions,Pedestrian,40 to 44,Major,0,East,Other, , , ,Vehicle turns right while ped crosses with ROW at inter.,Crossing with right of way,Normal, , , ,1,0,0,0,1,0,0,0,0,1,0,0,0,0
1318785,2012,10,9,17,28,1,43.75544538,-79.61419029,Etobicoke North (1),1,West Humber-Clairville (1),1,D23,Etobicoke York,STEELES AVE W,HIGHWAY 27 S, ,Major Arterial,Intersection,At Intersection,Traffic Signal,Clear,Dusk,Dry,Non-Fatal Injury,Pedestrian Collisions,Pedestrian,10 to 14,Minimal,0,East,Other, , , ,Vehicle turns right while ped crosses with ROW at inter.,Crossing with right of way,Normal, , , ,1,0,0,0,1,0,0,0,0,1,0,0,0,0
3001182127,2013,12,19,17,28,3,43.62667807,-79.52666865,Etobicoke-Lakeshore (5),5,Islington-City Centre West (14),14,D22,Etobicoke York,JUTLAND RD,KIPLING AVE, ,Collector,Mid-Block,Non Intersection,No Control,Clear,"Dark, artificial",Loose Sand or Gravel,Non-Fatal Injury,Pedestrian Collisions,Driver,80 to 84,,0,East,"Automobile, Station Wagon",Unknown,Driving Properly,Normal, , , , , , ,1,0,1,0,0,0,0,0,0,0,0,0,0,0
3001182127,2013,12,19,17,28,3,43.62667807,-79.52666865,Etobicoke-Lakeshore (5),5,Islington-City Centre West (14),14,D22,Etobicoke York,JUTLAND RD,KIPLING AVE, ,Collector,Mid-Block,Non Intersection,No Control,Clear,"Dark, artificial",Loose Sand or Gravel,Non-Fatal Injury,Pedestrian Collisions,Driver,50 to 54,Minimal,0,North,Construction Equipment,Unknown,Driving Properly,Normal, , , , , , ,1,0,1,0,0,0,0,0,0,0,0,0,0,0
3001182127,2013,12,19,17,28,3,43.62667807,-79.52666865,Etobicoke-Lakeshore (5),5,Islington-City Centre West (14),14,D22,Etobicoke York,JUTLAND RD,KIPLING AVE, ,Collector,Mid-Block,Non Intersection,No Control,Clear,"Dark, artificial",Loose Sand or Gravel,Non-Fatal Injury,Pedestrian Collisions,Pedestrian,60 to 64,Major,0,Unknown,Construction Equipment, , , ,Pedestrian hit at mid-block,Walking on Roadway with Traffic,Normal, , , ,1,0,1,0,0,0,0,0,0,0,0,0,0,0
4001505378,2014,2,10,17,28,0,43.75023611,-79.46338282,York Centre (10),10,Downsview-Roding-CFB (26),26,D32,North York,WILLIAM R ALLEN RD,SHEPPARD AVE W,5 m North of,Major Arterial,Intersection,At Intersection,Traffic Signal,Clear,"Dusk, artificial",Dry,Non-Fatal Injury,Turning Movement,Truck Driver,30 to 34,,0,South,"Truck - Closed (Blazer, etc)",Turning Left,Improper Turn,Normal, , , , , , ,0,0,0,0,1,1,0,0,0,0,0,0,0,0
4001505378,2014,2,10,17,28,0,43.75023611,-79.46338282,York Centre (10),10,Downsview-Roding-CFB (26),26,D32,North York,WILLIAM R ALLEN RD,SHEPPARD AVE W,5 m North of,Major Arterial,Intersection,At Intersection,Traffic Signal,Clear,"Dusk, artificial",Dry,Non-Fatal Injury,Turning Movement,Driver,50 to 54,Major,0,North,Municipal Transit Bus (TTC),Going Ahead,Driving Properly,Normal, , , , , , ,0,0,0,0,1,1,0,0,0,0,0,0,0,0
6000936557,2016,5,30,17,28,0,43.68811377,-79.46743403,York South-Weston (12),12,Keelesdale-Eglinton West (110),110,D12,Etobicoke York,4 EWART AVE, , ,Local,Intersection,Non Intersection,No Control,Clear,Daylight,Dry,Fatal,Other,Driver,65 to 69,Fatal,34,Unknown,"Automobile, Station Wagon",Reversing,Other,Unknown, , , , , , ,0,0,1,0,0,0,0,0,0,0,0,0,0,1
1107709,2009,5,13,17,29,2,43.69184538,-79.43949029,Eglinton-Lawrence (15),15,Oakwood Village (107),107,D13,North York,610 VAUGHAN RD, , ,Minor Arterial,Mid-Block, ,No Control,Clear,Daylight,Dry,Non-Fatal Injury,Pedestrian Collisions,Vehicle Owner,unknown, ,0, ,Other, , , , , , , , , ,1,0,1,0,0,0,0,0,0,0,0,0,0,0
1107709,2009,5,13,17,29,2,43.69184538,-79.43949029,Eglinton-Lawrence (15),15,Oakwood Village (107),107,D13,North York,610 VAUGHAN RD, , ,Minor Arterial,Mid-Block, ,No Control,Clear,Daylight,Dry,Non-Fatal Injury,Pedestrian Collisions,Driver,35 to 39,,0,West,"Automobile, Station Wagon",Going Ahead,Driving Properly,Normal, , , , , , ,1,0,1,0,0,0,0,0,0,0,0,0,0,0
1107709,2009,5,13,17,29,2,43.69184538,-79.43949029,Eglinton-Lawrence (15),15,Oakwood Village (107),107,D13,North York,610 VAUGHAN RD, , ,Minor Arterial,Mid-Block, ,No Control,Clear,Daylight,Dry,Non-Fatal Injury,Pedestrian Collisions,Pedestrian,35 to 39,Major,0,North,Other, , , ,Pedestrian hit at mid-block,"Crossing, no Traffic Control",Had Been Drinking, , , ,1,0,1,0,0,0,0,0,0,0,0,0,0,0
4002098742,2014,5,17,17,29,5,43.65320166,-79.37957392,Toronto Centre-Rosedale (27),27,Church-Yonge Corridor (75),75,D51,Toronto East York,YONGE ST,QUEEN ST, ,Major Arterial,Mid-Block,Non Intersection,No Control,Clear,Daylight,Dry,Non-Fatal Injury,Pedestrian Collisions,Driver,20 to 24,,0,South,"Automobile, Station Wagon",Going Ahead,Driving Properly,Had Been Drinking, , , , , , ,1,0,1,0,0,0,0,1,0,0,0,0,0,0
4002098742,2014,5,17,17,29,5,43.65320166,-79.37957392,Toronto Centre-Rosedale (27),27,Church-Yonge Corridor (75),75,D51,Toronto East York,YONGE ST,QUEEN ST, ,Major Arterial,Mid-Block,Non Intersection,No Control,Clear,Daylight,Dry,Non-Fatal Injury,Pedestrian Collisions,Passenger,60 to 64,,0, , , , , , , , , , , ,1,0,1,0,0,0,0,1,0,0,0,0,0,0
4002098742,2014,5,17,17,29,5,43.65320166,-79.37957392,Toronto Centre-Rosedale (27),27,Church-Yonge Corridor (75),75,D51,Toronto East York,YONGE ST,QUEEN ST, ,Major Arterial,Mid-Block,Non Intersection,No Control,Clear,Daylight,Dry,Non-Fatal Injury,Pedestrian Collisions,Pedestrian,45 to 49,Major,0,East, , , , ,Pedestrian hit at mid-block,Running onto Roadway,Normal, , , ,1,0,1,0,0,0,0,1,0,0,0,0,0,0
4002164733,2014,5,27,17,29,1,43.85544546,-79.17028437,Scarborough-Rouge River (42),42,Rouge (131),131,D42,Scarborough,STEELES AVE E,PICKERING TOWN LINE, ,Minor Arterial,Intersection,At Intersection,Traffic Signal,Clear,Daylight,Dry,Non-Fatal Injury,Turning Movement,Driver,35 to 39,Minimal,0,South,Pick Up Truck,Turning Left,Failed to Yield Right of Way,Normal, , , , , , ,0,0,1,0,0,0,0,0,1,1,0,0,0,0
4002164733,2014,5,27,17,29,1,43.85544546,-79.17028437,Scarborough-Rouge River (42),42,Rouge (131),131,D42,Scarborough,STEELES AVE E,PICKERING TOWN LINE, ,Minor Arterial,Intersection,At Intersection,Traffic Signal,Clear,Daylight,Dry,Non-Fatal Injury,Turning Movement,Driver,40 to 44,Major,0,North,"Automobile, Station Wagon",Going Ahead,Driving Properly,Normal, , , , , , ,0,0,1,0,0,0,0,0,1,1,0,0,0,0
4002843049,2014,9,4,17,29,3,43.77630957,-79.31856165,Scarborough-Agincourt (40),40,Tam O'Shanter-Sullivan (118),118,D42,Scarborough,SHEPPARD AVE E,PHARMACY AVE,50 m West of,Major Arterial,Mid-Block,Non Intersection,No Control,Clear,Daylight,Dry,Non-Fatal Injury,Turning Movement,Driver,45 to 49,,0,North,"Automobile, Station Wagon",Turning Left,Improper Turn,Normal, , , , , , ,0,0,1,0,0,0,0,0,0,0,0,0,0,0
4002843049,2014,9,4,17,29,3,43.77630957,-79.31856165,Scarborough-Agincourt (40),40,Tam O'Shanter-Sullivan (118),118,D42,Scarborough,SHEPPARD AVE E,PHARMACY AVE,50 m West of,Major Arterial,Mid-Block,Non Intersection,No Control,Clear,Daylight,Dry,Non-Fatal Injury,Turning Movement,Driver,40 to 44,Major,0,East,"Automobile, Station Wagon",Going Ahead,Driving Properly,Normal, , , , , , ,0,0,1,0,0,0,0,0,0,0,0,0,0,0
978198,2007,6,26,17,30,1,43.79244538,-79.44579029,York Centre (10),10,Newtonbrook West (36),36,D32,North York,STEELES AVE W,BATHURST ST, ,Major Arterial,Intersection,At Intersection,Traffic Signal,Clear,Daylight,Dry,Non-Fatal Injury,Pedestrian Collisions,Driver,unknown,Major,0,West,"Automobile, Station Wagon",Going Ahead,Other,Unknown, , , , , , ,1,0,1,0,0,0,0,0,0,0,0,0,0,0
978198,2007,6,26,17,30,1,43.79244538,-79.44579029,York Centre (10),10,Newtonbrook West (36),36,D32,North York,STEELES AVE W,BATHURST ST, ,Major Arterial,Intersection,At Intersection,Traffic Signal,Clear,Daylight,Dry,Non-Fatal Injury,Pedestrian Collisions,Pedestrian,20 to 24,Minor,0, ,Other, , , ,Vehicle is going straight thru inter.while ped cross without ROW,Crossing without right of way,Unknown, , , ,1,0,1,0,0,0,0,0,0,0,0,0,0,0
978198,2007,6,26,17,30,1,43.79244538,-79.44579029,York Centre (10),10,Newtonbrook West (36),36,D32,North York,STEELES AVE W,BATHURST ST, ,Major Arterial,Intersection,At Intersection,Traffic Signal,Clear,Daylight,Dry,Non-Fatal Injury,Pedestrian Collisions,Pedestrian,45 to 49,Minor,0, ,Other, , , ,Vehicle is going straight thru inter.while ped cross without ROW,Crossing without right of way,Unknown, , , ,1,0,1,0,0,0,0,0,0,0,0,0,0,0
982399,2007,7,3,17,30,1,43.70864538,-79.47809029,York South-Weston (12),12,Brookhaven-Amesbury (30),30,D12,Etobicoke York,KEELE Stre,LAWRENCE Aven W, ,Major Arterial,Intersection,At Intersection,Traffic Signal,Clear,Daylight,Dry,Non-Fatal Injury,Rear End,Vehicle Owner,unknown,,0, ,Other, , , , , , , , , ,0,0,1,0,0,0,0,0,0,1,0,0,0,0
982399,2007,7,3,17,30,1,43.70864538,-79.47809029,York South-Weston (12),12,Brookhaven-Amesbury (30),30,D12,Etobicoke York,KEELE Stre,LAWRENCE Aven W, ,Major Arterial,Intersection,At Intersection,Traffic Signal,Clear,Daylight,Dry,Non-Fatal Injury,Rear End,Driver,15 to 19,,0,South,"Automobile, Station Wagon",Going Ahead,Following too Close,Normal, , , , , , ,0,0,1,0,0,0,0,0,0,1,0,0,0,0
982399,2007,7,3,17,30,1,43.70864538,-79.47809029,York South-Weston (12),12,Brookhaven-Amesbury (30),30,D12,Etobicoke York,KEELE Stre,LAWRENCE Aven W, ,Major Arterial,Intersection,At Intersection,Traffic Signal,Clear,Daylight,Dry,Non-Fatal Injury,Rear End,Driver,35 to 39,Major,0,South,"Automobile, Station Wagon",Stopped,Driving Properly,Normal, , , , , , ,0,0,1,0,0,0,0,0,0,1,0,0,0,0
982126,2007,7,27,17,30,4,43.70974538,-79.47459029,York South-Weston (12),12,Maple Leaf (29),29,D12,Etobicoke York,LAWRENCE AVE W,DUVAL DR, ,Major Arterial,Intersection,At Intersection,Traffic Signal,Clear,Daylight,Dry,Non-Fatal Injury,Cyclist Collisions,Vehicle Owner,unknown, ,0, ,Other, , , , , , , , , ,0,1,1,0,0,0,0,0,0,1,0,0,0,0
982126,2007,7,27,17,30,4,43.70974538,-79.47459029,York South-Weston (12),12,Maple Leaf (29),29,D12,Etobicoke York,LAWRENCE AVE W,DUVAL DR, ,Major Arterial,Intersection,At Intersection,Traffic Signal,Clear,Daylight,Dry,Non-Fatal Injury,Cyclist Collisions,Driver,35 to 39,,0,North,"Automobile, Station Wagon",Turning Right,Failed to Yield Right of Way,Normal, , , , , , ,0,1,1,0,0,0,0,0,0,1,0,0,0,0
982126,2007,7,27,17,30,4,43.70974538,-79.47459029,York South-Weston (12),12,Maple Leaf (29),29,D12,Etobicoke York,LAWRENCE AVE W,DUVAL DR, ,Major Arterial,Intersection,At Intersection,Traffic Signal,Clear,Daylight,Dry,Non-Fatal Injury,Cyclist Collisions,Cyclist,20 to 24,Major,0,West,Bicycle,Going Ahead, , , , , ,Motorist turning right on red at signalized intersection strikes cyclist.,Driving Properly,Normal,0,1,1,0,0,0,0,0,0,1,0,0,0,0
1015331,2008,1,7,17,30,0,43.79494538,-79.29049029,Scarborough-Agincourt (39),39,Tam O'Shanter-Sullivan (118),118,D42,Scarborough,BELGREEN AVE,TAMORA CRT, ,Local,Intersection,At Intersection,Stop Sign,Clear,Dark,Wet,Non-Fatal Injury,Pedestrian Collisions,Driver,65 to 69,,0,South,"Automobile, Station Wagon",Turning Left,Failed to Yield Right of Way,Normal, , , , , , ,1,0,1,0,0,0,0,0,0,1,0,0,0,0
1015331,2008,1,7,17,30,0,43.79494538,-79.29049029,Scarborough-Agincourt (39),39,Tam O'Shanter-Sullivan (118),118,D42,Scarborough,BELGREEN AVE,TAMORA CRT, ,Local,Intersection,At Intersection,Stop Sign,Clear,Dark,Wet,Non-Fatal Injury,Pedestrian Collisions,Pedestrian,10 to 14,Major,0,South,Other, , , ,Vehicle turns left while ped crosses with ROW at inter.,Crossing with right of way,Normal, , , ,1,0,1,0,0,0,0,0,0,1,0,0,0,0
1100910,2009,4,23,17,30,3,43.66354538,-79.33969029,Toronto-Danforth (30),30,South Riverdale (70),70,D55,Toronto East York,77 BOSTON AVE, , ,Local,Mid-Block, ,No Control,Clear,Daylight,Dry,Non-Fatal Injury,Pedestrian Collisions,Driver,30 to 34,,0,South,"Automobile, Station Wagon",Slowing or Stopping,Driving Properly,Normal, , , , , , ,1,0,1,0,0,0,0,0,0,0,0,0,0,0
1100910,2009,4,23,17,30,3,43.66354538,-79.33969029,Toronto-Danforth (30),30,South Riverdale (70),70,D55,Toronto East York,77 BOSTON AVE, , ,Local,Mid-Block, ,No Control,Clear,Daylight,Dry,Non-Fatal Injury,Pedestrian Collisions,Pedestrian,55 to 59,Major,0,West,Other, , , ,Pedestrian hit at mid-block,"Crossing, no Traffic Control",Normal, , , ,1,0,1,0,0,0,0,0,0,0,0,0,0,0
1131978,2009,9,24,17,30,3,43.66454538,-79.45659029,Davenport (18),18,Dovercourt-Wallace Emerson-Junction (93),93,D11,Toronto East York,DUPONT ST,OSLER ST, ,Major Arterial,Intersection, ,No Control,Clear,Daylight,Dry,Non-Fatal Injury,Cyclist Collisions,Driver,35 to 39,,0,East,"Automobile, Station Wagon",Turning Left,Improper Turn,Normal, , , , , , ,0,1,1,0,0,0,0,0,0,0,0,0,0,0
1131978,2009,9,24,17,30,3,43.66454538,-79.45659029,Davenport (18),18,Dovercourt-Wallace Emerson-Junction (93),93,D11,Toronto East York,DUPONT ST,OSLER ST, ,Major Arterial,Intersection, ,No Control,Clear,Daylight,Dry,Non-Fatal Injury,Cyclist Collisions,Cyclist,30 to 34,Major,0,West,Bicycle,Going Ahead, , , , , ,Motorist turned left across cyclists path.,Driving Properly,Normal,0,1,1,0,0,0,0,0,0,0,0,0,0,0
1177549,2010,6,25,17,30,4,43.79464538,-79.41919029,Willowdale (24),24,Newtonbrook East (50),50,D32,North York,OTONABEE AVE,YONGE ST, ,Major Arterial,Intersection,At Intersection,Stop Sign,Clear,Daylight,Dry,Non-Fatal Injury,Cyclist Collisions,Driver,unknown,,0,West,"Automobile, Station Wagon",Going Ahead,Disobeyed Traffic Control,Unknown, , , , , , ,0,1,1,0,0,0,0,0,0,1,0,0,0,0
1177549,2010,6,25,17,30,4,43.79464538,-79.41919029,Willowdale (24),24,Newtonbrook East (50),50,D32,North York,OTONABEE AVE,YONGE ST, ,Major Arterial,Intersection,At Intersection,Stop Sign,Clear,Daylight,Dry,Non-Fatal Injury,Cyclist Collisions,Cyclist,50 to 54,Major,0,South,Bicycle,Going Ahead, , , , , ,"Motorist without ROW drives into path of cyclist at inter, lnwy, dwy-Driver not turn.",Speed too Fast For Condition,Unknown,0,1,1,0,0,0,0,0,0,1,0,0,0,0