ACCNUM,YEAR,MONTH,DAY,HOUR,MINUTES,WEEKDAY,LATITUDE,LONGITUDE,Ward_Name,Ward_ID,Hood_Name,Hood_ID,Division,District,STREET1,STREET2,OFFSET,ROAD_CLASS,LOCCOORD,ACCLOC,TRAFFCTL,VISIBILITY,LIGHT,RDSFCOND,ACCLASS,IMPACTYPE,INVTYPE,INVAGE,INJURY,FATAL_NO,INITDIR,VEHTYPE,MANOEUVER,DRIVACT,DRIVCOND,PEDTYPE,PEDACT,PEDCOND,CYCLISTYPE,CYCACT,CYCCOND,PEDESTRIAN,CYCLIST,AUTOMOBILE,MOTORCYCLE,TRUCK,TRSN_CITY_VEH,EMERG_VEH,PASSENGER,SPEEDING,AG_DRIV,REDLIGHT,ALCOHOL,DISABILITY,label
1200079,2010,10,5,17,30,1,43.80044538,-79.19069029,Scarborough-Rouge River (42),42,Rouge (131),131,D42,Scarborough,MILNER AVE,AUTO MALL DR, ,Collector,Mid-Block, ,No Control,Rain,Daylight,Wet,Non-Fatal Injury,SMV Other,Driver,30 to 34,Major,0,East,"Automobile, Station Wagon",Going Ahead,Speed too Fast For Condition,Normal, , , , , , ,0,0,1,0,0,0,0,0,1,1,0,0,0,0
1200079,2010,10,5,17,30,1,43.80044538,-79.19069029,Scarborough-Rouge River (42),42,Rouge (131),131,D42,Scarborough,MILNER AVE,AUTO MALL DR, ,Collector,Mid-Block, ,No Control,Rain,Daylight,Wet,Non-Fatal Injury,SMV Other,Other Property Owner,unknown, ,0, ,Other, , , , , , , , , ,0,0,1,0,0,0,0,0,1,1,0,0,0,0
1225497,2011,1,26,17,30,2,43.65044538,-79.38099029,Toronto Centre-Rosedale (28),28,Bay Street Corridor (76),76,D52,Toronto East York,BAY ST,TEMPERANCE ST W, ,Major Arterial,Intersection, ,No Control,Clear,Dark,Dry,Non-Fatal Injury,Cyclist Collisions,Driver,45 to 49,,0,South,"Automobile, Station Wagon",Making U Turn,Failed to Yield Right of Way,Inattentive, , , , , , ,0,1,1,0,0,0,0,0,0,1,0,0,0,0
1225497,2011,1,26,17,30,2,43.65044538,-79.38099029,Toronto Centre-Rosedale (28),28,Bay Street Corridor (76),76,D52,Toronto East York,BAY ST,TEMPERANCE ST W, ,Major Arterial,Intersection, ,No Control,Clear,Dark,Dry,Non-Fatal Injury,Cyclist Collisions,Cyclist,55 to 59,Major,0,South,Bicycle,Going Ahead, , , , , ,Motorist makes u-turn in-front of cyclist.,Driving Properly,Normal,0,1,1,0,0,0,0,0,0,1,0,0,0,0
1229005,2011,4,20,17,30,2,43.73604538,-79.25879029,Scarborough Centre (37),37,Eglinton East (138),138,D41,Scarborough,MIDLAND AVE,GILDER DR, ,Major Arterial,Intersection, ,Traffic Signal,Clear,Daylight,Dry,Non-Fatal Injury,Pedestrian Collisions,Vehicle Owner,unknown, ,0, ,Other, , , , , , , , , ,1,0,1,0,0,0,0,0,0,0,0,0,0,0
1229005,2011,4,20,17,30,2,43.73604538,-79.25879029,Scarborough Centre (37),37,Eglinton East (138),138,D41,Scarborough,MIDLAND AVE,GILDER DR, ,Major Arterial,Intersection, ,Traffic Signal,Clear,Daylight,Dry,Non-Fatal Injury,Pedestrian Collisions,Driver,35 to 39,,0,North,"Automobile, Station Wagon",Going Ahead,Driving Properly,Normal, , , , , , ,1,0,1,0,0,0,0,0,0,0,0,0,0,0
1229005,2011,4,20,17,30,2,43.73604538,-79.25879029,Scarborough Centre (37),37,Eglinton East (138),138,D41,Scarborough,MIDLAND AVE,GILDER DR, ,Major Arterial,Intersection, ,Traffic Signal,Clear,Daylight,Dry,Non-Fatal Injury,Pedestrian Collisions,Pedestrian,10 to 14,Major,0,East,Other, , , ,Vehicle is going straight thru inter.while ped cross without ROW,Running onto Roadway,Normal, , , ,1,0,1,0,0,0,0,0,0,0,0,0,0,0
1313657,2012,8,2,17,30,3,43.64544538,-79.39499029,Trinity-Spadina (20),20,Waterfront Communities-The Island (77),77,D52,Toronto East York,SPADINA AVE,KING ST W, ,Major Arterial,Intersection,At Intersection,Traffic Signal,Clear,Daylight,Dry,Non-Fatal Injury,Cyclist Collisions,Driver,30 to 34,,0,North,"Automobile, Station Wagon",Turning Right,Improper Turn,Normal, , , , , , ,0,1,1,0,0,0,0,0,0,0,0,0,0,0
1313657,2012,8,2,17,30,3,43.64544538,-79.39499029,Trinity-Spadina (20),20,Waterfront Communities-The Island (77),77,D52,Toronto East York,SPADINA AVE,KING ST W, ,Major Arterial,Intersection,At Intersection,Traffic Signal,Clear,Daylight,Dry,Non-Fatal Injury,Cyclist Collisions,Cyclist,30 to 34,Major,0,North,Bicycle,Going Ahead, , , , , ,Motorist turning right on green or amber at signalized intersection strikes cyclist.,Driving Properly,Normal,0,1,1,0,0,0,0,0,0,0,0,0,0,0
1383447,2013,8,23,17,30,4,43.74329336,-79.40648279,Don Valley West (25),25,Bridle Path-Sunnybrook-York Mills (41),41,D32,North York,OLD YORK MILLS RD,YONGE ST, ,Major Arterial,Intersection, ,Stop Sign,Clear,Daylight,Dry,Non-Fatal Injury,Cyclist Collisions,Vehicle Owner,unknown, ,0, ,Other, , , , , , , , , ,0,1,1,0,0,0,0,0,0,1,0,0,0,0
1383447,2013,8,23,17,30,4,43.74329336,-79.40648279,Don Valley West (25),25,Bridle Path-Sunnybrook-York Mills (41),41,D32,North York,OLD YORK MILLS RD,YONGE ST, ,Major Arterial,Intersection, ,Stop Sign,Clear,Daylight,Dry,Non-Fatal Injury,Cyclist Collisions,Driver,45 to 49,,0,West,"Automobile, Station Wagon",Turning Right,Failed to Yield Right of Way,Normal, , , , , , ,0,1,1,0,0,0,0,0,0,1,0,0,0,0
1383447,2013,8,23,17,30,4,43.74329336,-79.40648279,Don Valley West (25),25,Bridle Path-Sunnybrook-York Mills (41),41,D32,North York,OLD YORK MILLS RD,YONGE ST, ,Major Arterial,Intersection, ,Stop Sign,Clear,Daylight,Dry,Non-Fatal Injury,Cyclist Collisions,Cyclist,30 to 34,Major,0,South,Bicycle,Going Ahead, , , , , ,"Motorist turns right at non-signal Inter.(stop, yield, no cont.,and dwy) and strikes cyclist.",Driving Properly,Normal,0,1,1,0,0,0,0,0,0,1,0,0,0,0
4001652316,2014,3,6,17,30,3,43.65049322,-79.47907648,Parkdale-High Park (13),13,High Park-Swansea (87),87,D11,Etobicoke York,BLOOR ST W,DURIE ST, ,Major Arterial,Intersection,At Intersection,Traffic Signal,Clear,Daylight,Dry,Non-Fatal Injury,Pedestrian Collisions,Driver,25 to 29,,0,West,Pick Up Truck,Going Ahead,Disobeyed Traffic Control,Inattentive, , , , , , ,1,0,1,0,0,0,0,0,0,1,1,0,0,0
4001652316,2014,3,6,17,30,3,43.65049322,-79.47907648,Parkdale-High Park (13),13,High Park-Swansea (87),87,D11,Etobicoke York,BLOOR ST W,DURIE ST, ,Major Arterial,Intersection,At Intersection,Traffic Signal,Clear,Daylight,Dry,Non-Fatal Injury,Pedestrian Collisions,Pedestrian,60 to 64,Major,0,South, , , , ,Vehicle is going straight thru inter.while ped cross with ROW,Crossing with right of way,Normal, , , ,1,0,1,0,0,0,0,0,0,1,1,0,0,0
4001840034,2014,4,6,17,30,6,43.64676626,-79.53054438,Etobicoke-Lakeshore (5),5,Islington-City Centre West (14),14,D22,Etobicoke York,DUNDAS ST W,MABELLE AVE, ,Major Arterial,Intersection,At Intersection,Traffic Signal,Clear,Daylight,Dry,Non-Fatal Injury,Pedestrian Collisions,Driver,70 to 74,,0,North,"Automobile, Station Wagon",Turning Left,Failed to Yield Right of Way,Inattentive, , , , , , ,1,0,1,0,0,0,0,1,0,1,0,0,0,0
4001840034,2014,4,6,17,30,6,43.64676626,-79.53054438,Etobicoke-Lakeshore (5),5,Islington-City Centre West (14),14,D22,Etobicoke York,DUNDAS ST W,MABELLE AVE, ,Major Arterial,Intersection,At Intersection,Traffic Signal,Clear,Daylight,Dry,Non-Fatal Injury,Pedestrian Collisions,Passenger,80 to 84,,0, , , , , , , , , , , ,1,0,1,0,0,0,0,1,0,1,0,0,0,0
4001840034,2014,4,6,17,30,6,43.64676626,-79.53054438,Etobicoke-Lakeshore (5),5,Islington-City Centre West (14),14,D22,Etobicoke York,DUNDAS ST W,MABELLE AVE, ,Major Arterial,Intersection,At Intersection,Traffic Signal,Clear,Daylight,Dry,Non-Fatal Injury,Pedestrian Collisions,Pedestrian,55 to 59,Major,0,South, , , , ,Vehicle turns left while ped crosses with ROW at inter.,Crossing with right of way,Unknown, , , ,1,0,1,0,0,0,0,1,0,1,0,0,0,0
4002616859,2014,8,1,17,30,4,43.69301947,-79.30763636,Beaches-East York (31),31,Woodbine-Lumsden (60),60,D54,Toronto East York,WESTLAKE AVE,WESTBROOK AVE, ,Local,Intersection,At Intersection,Stop Sign,Clear,Daylight,Dry,Non-Fatal Injury,Cyclist Collisions,Driver,65 to 69,,0,South,"Automobile, Station Wagon",Going Ahead,Driving Properly,Normal, , , , , , ,0,1,1,0,0,0,0,0,0,0,0,0,0,0
4002616859,2014,8,1,17,30,4,43.69301947,-79.30763636,Beaches-East York (31),31,Woodbine-Lumsden (60),60,D54,Toronto East York,WESTLAKE AVE,WESTBROOK AVE, ,Local,Intersection,At Intersection,Stop Sign,Clear,Daylight,Dry,Non-Fatal Injury,Cyclist Collisions,Cyclist,25 to 29,Major,0,West,Bicycle,Going Ahead, , , , , ,"Cyclist without ROW rides into path of motorist at inter, lnwy, dwy-Cyclist not turn.",Disobeyed Traffic Control,Normal,0,1,1,0,0,0,0,0,0,0,0,0,0,0
4003042543,2014,10,4,17,30,5,43.7536579,-79.30883417,Scarborough Centre (37),37,Wexford/Maryvale (119),119,D41,Scarborough,PHARMACY AVE,PRINCEWAY DR,55 m North of,Minor Arterial,Mid-Block,Non Intersection,No Control,Clear,Daylight,Dry,Non-Fatal Injury,Turning Movement,Driver,55 to 59,,0,North,"Automobile, Station Wagon",Turning Left,Failed to Yield Right of Way,Inattentive, , , , , , ,0,0,1,1,0,0,0,1,0,1,0,0,0,0
4003042543,2014,10,4,17,30,5,43.7536579,-79.30883417,Scarborough Centre (37),37,Wexford/Maryvale (119),119,D41,Scarborough,PHARMACY AVE,PRINCEWAY DR,55 m North of,Minor Arterial,Mid-Block,Non Intersection,No Control,Clear,Daylight,Dry,Non-Fatal Injury,Turning Movement,Motorcycle Driver,25 to 29,Major,0,South,Motorcycle,Going Ahead,Lost control,Normal, , , , , , ,0,0,1,1,0,0,0,1,0,1,0,0,0,0
4003042543,2014,10,4,17,30,5,43.7536579,-79.30883417,Scarborough Centre (37),37,Wexford/Maryvale (119),119,D41,Scarborough,PHARMACY AVE,PRINCEWAY DR,55 m North of,Minor Arterial,Mid-Block,Non Intersection,No Control,Clear,Daylight,Dry,Non-Fatal Injury,Turning Movement,Passenger,60 to 64,,0, , , , , , , , , , , ,0,0,1,1,0,0,0,1,0,1,0,0,0,0
4003042543,2014,10,4,17,30,5,43.7536579,-79.30883417,Scarborough Centre (37),37,Wexford/Maryvale (119),119,D41,Scarborough,PHARMACY AVE,PRINCEWAY DR,55 m North of,Minor Arterial,Mid-Block,Non Intersection,No Control,Clear,Daylight,Dry,Non-Fatal Injury,Turning Movement,Passenger,80 to 84,,0, , , , , , , , , , , ,0,0,1,1,0,0,0,1,0,1,0,0,0,0
4003042543,2014,10,4,17,30,5,43.7536579,-79.30883417,Scarborough Centre (37),37,Wexford/Maryvale (119),119,D41,Scarborough,PHARMACY AVE,PRINCEWAY DR,55 m North of,Minor Arterial,Mid-Block,Non Intersection,No Control,Clear,Daylight,Dry,Non-Fatal Injury,Turning Movement,Passenger,80 to 84,,0, , , , , , , , , , , ,0,0,1,1,0,0,0,1,0,1,0,0,0,0
4003042543,2014,10,4,17,30,5,43.7536579,-79.30883417,Scarborough Centre (37),37,Wexford/Maryvale (119),119,D41,Scarborough,PHARMACY AVE,PRINCEWAY DR,55 m North of,Minor Arterial,Mid-Block,Non Intersection,No Control,Clear,Daylight,Dry,Non-Fatal Injury,Turning Movement,Passenger,50 to 54,,0, , , , , , , , , , , ,0,0,1,1,0,0,0,1,0,1,0,0,0,0
5000805635,2015,5,14,17,30,3,43.6709133,-79.32801447,Beaches-East York (32),32,Greenwood-Coxwell (65),65,D55,Toronto East York,GERRARD ST E,GREENWOOD AVE,4 m East of,Minor Arterial,Intersection,Non Intersection,Traffic Signal,Clear,Daylight,Dry,Non-Fatal Injury,Turning Movement,Driver,45 to 49,,0,North,"Automobile, Station Wagon",Turning Right,Improper Turn,Normal, , , , , , ,0,0,1,1,0,0,0,0,0,0,0,0,0,0
5000805635,2015,5,14,17,30,3,43.6709133,-79.32801447,Beaches-East York (32),32,Greenwood-Coxwell (65),65,D55,Toronto East York,GERRARD ST E,GREENWOOD AVE,4 m East of,Minor Arterial,Intersection,Non Intersection,Traffic Signal,Clear,Daylight,Dry,Non-Fatal Injury,Turning Movement,Motorcycle Driver,30 to 34,Major,0,East,Motorcycle,Going Ahead,Driving Properly,Normal, , , , , , ,0,0,1,1,0,0,0,0,0,0,0,0,0,0
1057990,2008,8,21,17,55,3,43.67634538,-79.55439029,Etobicoke Centre (3),3,Princess-Rosethorn (10),10,D22,Etobicoke York,EGLINTON Aven W,LLOYD MANOR Road, ,Major Arterial,Mid-Block, ,No Control,Clear,Daylight,Dry,Non-Fatal Injury,Rear End,Driver,40 to 44,Major,0,East,"Automobile, Station Wagon",Stopped,Driving Properly,Normal, , , , , , ,0,0,1,0,1,0,0,0,0,1,0,0,0,0
1064977,2008,10,17,17,55,4,43.69364538,-79.31159029,Beaches-East York (31),31,Woodbine-Lumsden (60),60,D54,Toronto East York,LUMSDEN AVE,GLEDHILL AVE, ,Minor Arterial,Intersection,At Intersection,Pedestrian Crossover,Clear,Daylight,Dry,Fatal,Pedestrian Collisions,Driver,80 to 84,,0,West,"Automobile, Station Wagon",Going Ahead,Failed to Yield Right of Way,Had Been Drinking, , , , , , ,1,0,1,0,0,0,0,0,0,1,0,0,0,1
1064977,2008,10,17,17,55,4,43.69364538,-79.31159029,Beaches-East York (31),31,Woodbine-Lumsden (60),60,D54,Toronto East York,LUMSDEN AVE,GLEDHILL AVE, ,Minor Arterial,Intersection,At Intersection,Pedestrian Crossover,Clear,Daylight,Dry,Fatal,Pedestrian Collisions,Pedestrian,70 to 74,Fatal,46,South,Other, , , ,Pedestrian hit a PXO/ped. Mid-block signal,"Crossing, Pedestrian Crossover",Normal, , , ,1,0,1,0,0,0,0,0,0,1,0,0,0,1
1197847,2010,9,23,17,55,3,43.69994538,-79.47609029,York South-Weston (12),12,Brookhaven-Amesbury (30),30,D12,Etobicoke York,2110 KEELE ST, , ,Major Arterial,Mid-Block, ,No Control,Clear,Daylight,Dry,Non-Fatal Injury,Approaching,Passenger,50 to 54,Minor,0, ,Other, , , , , , , , , ,0,0,1,0,0,0,0,1,0,0,0,0,0,0
1197847,2010,9,23,17,55,3,43.69994538,-79.47609029,York South-Weston (12),12,Brookhaven-Amesbury (30),30,D12,Etobicoke York,2110 KEELE ST, , ,Major Arterial,Mid-Block, ,No Control,Clear,Daylight,Dry,Non-Fatal Injury,Approaching,Passenger,55 to 59,Minor,0, ,Other, , , , , , , , , ,0,0,1,0,0,0,0,1,0,0,0,0,0,0
1197847,2010,9,23,17,55,3,43.69994538,-79.47609029,York South-Weston (12),12,Brookhaven-Amesbury (30),30,D12,Etobicoke York,2110 KEELE ST, , ,Major Arterial,Mid-Block, ,No Control,Clear,Daylight,Dry,Non-Fatal Injury,Approaching,Vehicle Owner,unknown, ,0, ,Other, , , , , , , , , ,0,0,1,0,0,0,0,1,0,0,0,0,0,0
1197847,2010,9,23,17,55,3,43.69994538,-79.47609029,York South-Weston (12),12,Brookhaven-Amesbury (30),30,D12,Etobicoke York,2110 KEELE ST, , ,Major Arterial,Mid-Block, ,No Control,Clear,Daylight,Dry,Non-Fatal Injury,Approaching,Driver,25 to 29,Major,0,South, ,Going Ahead,Driving Properly,Normal, , , , , , ,0,0,1,0,0,0,0,1,0,0,0,0,0,0
1197847,2010,9,23,17,55,3,43.69994538,-79.47609029,York South-Weston (12),12,Brookhaven-Amesbury (30),30,D12,Etobicoke York,2110 KEELE ST, , ,Major Arterial,Mid-Block, ,No Control,Clear,Daylight,Dry,Non-Fatal Injury,Approaching,Passenger,10 to 14,Minimal,0, ,Other, , , , , , , , , ,0,0,1,0,0,0,0,1,0,0,0,0,0,0
1197847,2010,9,23,17,55,3,43.69994538,-79.47609029,York South-Weston (12),12,Brookhaven-Amesbury (30),30,D12,Etobicoke York,2110 KEELE ST, , ,Major Arterial,Mid-Block, ,No Control,Clear,Daylight,Dry,Non-Fatal Injury,Approaching,Passenger,50 to 54,Minimal,0, ,Other, , , , , , , , , ,0,0,1,0,0,0,0,1,0,0,0,0,0,0
1197847,2010,9,23,17,55,3,43.69994538,-79.47609029,York South-Weston (12),12,Brookhaven-Amesbury (30),30,D12,Etobicoke York,2110 KEELE ST, , ,Major Arterial,Mid-Block, ,No Control,Clear,Daylight,Dry,Non-Fatal Injury,Approaching,Driver,45 to 49,Minor,0,North,"Automobile, Station Wagon",Going Ahead,Lost control,Inattentive, , , , , , ,0,0,1,0,0,0,0,1,0,0,0,0,0,0
1316598,2012,9,3,17,55,0,43.70464538,-79.50949029,York South-Weston (11),11,Weston (113),113,D12,Etobicoke York,PINE ST,WILLIAM ST, ,Collector,Intersection, ,Stop Sign,Clear,Daylight,Dry,Non-Fatal Injury,Pedestrian Collisions,Motorcycle Driver,unknown,,0,South,Motorcycle,Going Ahead,Lost control,Unknown, , , , , , ,1,0,0,1,0,0,0,0,0,0,0,0,0,0
1316598,2012,9,3,17,55,0,43.70464538,-79.50949029,York South-Weston (11),11,Weston (113),113,D12,Etobicoke York,PINE ST,WILLIAM ST, ,Collector,Intersection, ,Stop Sign,Clear,Daylight,Dry,Non-Fatal Injury,Pedestrian Collisions,Pedestrian,60 to 64,Major,0,Unknown,Other, , , ,Other / Undefined,Other,Normal, , , ,1,0,0,1,0,0,0,0,0,0,0,0,0,0
1366035,2013,5,28,17,55,1,43.66934538,-79.50159029,York South-Weston (11),11,Rockcliffe-Smythe (111),111,D12,Etobicoke York,SCARLETT Rd,FOXWELL St, ,Minor Arterial,Intersection,At Intersection,Stop Sign,Rain,Daylight,Wet,Non-Fatal Injury,Turning Movement,Vehicle Owner,unknown, ,0, ,Other, , , , , , , , , ,0,0,1,0,0,0,0,0,0,0,0,0,0,0
1366035,2013,5,28,17,55,1,43.66934538,-79.50159029,York South-Weston (11),11,Rockcliffe-Smythe (111),111,D12,Etobicoke York,SCARLETT Rd,FOXWELL St, ,Minor Arterial,Intersection,At Intersection,Stop Sign,Rain,Daylight,Wet,Non-Fatal Injury,Turning Movement,Driver,65 to 69,,0,West,"Automobile, Station Wagon",Turning Left,Improper Turn,Normal, , , , , , ,0,0,1,0,0,0,0,0,0,0,0,0,0,0
1366035,2013,5,28,17,55,1,43.66934538,-79.50159029,York South-Weston (11),11,Rockcliffe-Smythe (111),111,D12,Etobicoke York,SCARLETT Rd,FOXWELL St, ,Minor Arterial,Intersection,At Intersection,Stop Sign,Rain,Daylight,Wet,Non-Fatal Injury,Turning Movement,Driver,40 to 44,Major,0,North,"Automobile, Station Wagon",Going Ahead,Driving Properly,Normal, , , , , , ,0,0,1,0,0,0,0,0,0,0,0,0,0,0
1373775,2013,6,24,17,55,0,43.8413349,-79.23089228,Scarborough-Rouge River (42),42,Rouge (131),131,D42,Scarborough,STEELES AVE E,STAINES RD, ,Minor Arterial,Mid-Block, ,No Control,Clear,Daylight,Dry,Non-Fatal Injury,Rear End,Driver,45 to 49,Major,0,East,"Automobile, Station Wagon",Pulling Onto Shoulder or towardCurb,Lost control,Inattentive, , , , , , ,0,0,1,0,0,0,0,1,0,0,0,0,0,0
1373775,2013,6,24,17,55,0,43.8413349,-79.23089228,Scarborough-Rouge River (42),42,Rouge (131),131,D42,Scarborough,STEELES AVE E,STAINES RD, ,Minor Arterial,Mid-Block, ,No Control,Clear,Daylight,Dry,Non-Fatal Injury,Rear End,Passenger,10 to 14,Minimal,0, ,Other, , , , , , , , , ,0,0,1,0,0,0,0,1,0,0,0,0,0,0
1373775,2013,6,24,17,55,0,43.8413349,-79.23089228,Scarborough-Rouge River (42),42,Rouge (131),131,D42,Scarborough,STEELES AVE E,STAINES RD, ,Minor Arterial,Mid-Block, ,No Control,Clear,Daylight,Dry,Non-Fatal Injury,Rear End,Passenger,10 to 14,Minimal,0, ,Other, , , , , , , , , ,0,0,1,0,0,0,0,1,0,0,0,0,0,0
1373775,2013,6,24,17,55,0,43.8413349,-79.23089228,Scarborough-Rouge River (42),42,Rouge (131),131,D42,Scarborough,STEELES AVE E,STAINES RD, ,Minor Arterial,Mid-Block, ,No Control,Clear,Daylight,Dry,Non-Fatal Injury,Rear End,Driver,40 to 44,Minimal,0,East,"Automobile, Station Wagon",Going Ahead,Driving Properly,Normal, , , , , , ,0,0,1,0,0,0,0,1,0,0,0,0,0,0
1373775,2013,6,24,17,55,0,43.8413349,-79.23089228,Scarborough-Rouge River (42),42,Rouge (131),131,D42,Scarborough,STEELES AVE E,STAINES RD, ,Minor Arterial,Mid-Block, ,No Control,Clear,Daylight,Dry,Non-Fatal Injury,Rear End,Other,unknown,,0,South,Other,Parked, , , , , , , , ,0,0,1,0,0,0,0,1,0,0,0,0,0,0
4001694942,2014,3,13,17,55,3,43.65451391,-79.36946497,Toronto Centre-Rosedale (28),28,Moss Park (73),73,D51,Toronto East York,QUEEN ST E,SHERBOURNE ST, ,Major Arterial,Intersection,Intersection Related,Traffic Signal,Clear,Daylight,Dry,Non-Fatal Injury,Pedestrian Collisions,Driver,45 to 49,Major,0,West,"Automobile, Station Wagon",Going Ahead,Driving Properly,Normal, , , , , , ,1,0,1,0,0,0,0,0,0,0,0,0,0,0
4001694942,2014,3,13,17,55,3,43.65451391,-79.36946497,Toronto Centre-Rosedale (28),28,Moss Park (73),73,D51,Toronto East York,QUEEN ST E,SHERBOURNE ST, ,Major Arterial,Intersection,Intersection Related,Traffic Signal,Clear,Daylight,Dry,Non-Fatal Injury,Pedestrian Collisions,Pedestrian,20 to 24,Minimal,0,North, , , , ,Vehicle is going straight thru inter.while ped cross without ROW,Crossing without right of way,Normal, , , ,1,0,1,0,0,0,0,0,0,0,0,0,0,0
141945030,2014,4,23,17,55,2,43.65254172,-79.39986048,Trinity-Spadina (20),20,Kensington-Chinatown (78),78,D14,Toronto East York,DUNDAS ST W,KENSINGTON AVE, ,Major Arterial,Intersection, ,No Control,Clear,"Daylight, artificial",Dry,Fatal,Pedestrian Collisions,Driver,50 to 54,,0,West,"Automobile, Station Wagon",Going Ahead,Driving Properly,Normal, , , , , , ,1,0,1,0,0,0,0,0,0,0,0,0,0,1
141945030,2014,4,23,17,55,2,43.65254172,-79.39986048,Trinity-Spadina (20),20,Kensington-Chinatown (78),78,D14,Toronto East York,DUNDAS ST W,KENSINGTON AVE, ,Major Arterial,Intersection, ,No Control,Clear,"Daylight, artificial",Dry,Fatal,Pedestrian Collisions,Pedestrian,25 to 29,Fatal,7,South, , , , ,Vehicle is going straight thru inter.while ped cross without ROW,"Crossing, no Traffic Control",Inattentive, , , ,1,0,1,0,0,0,0,0,0,0,0,0,0,1
5001677716,2015,9,28,17,55,0,43.65654715,-79.42352686,Trinity-Spadina (19),19,Palmerston-Little Italy (80),80,D14,Toronto East York,OSSINGTON AVE,DEWSON ST,42 m South of,Minor Arterial,Mid-Block,Non Intersection,No Control,Clear,Daylight,Dry,Non-Fatal Injury,Pedestrian Collisions,Driver,40 to 44,,0,South,"Automobile, Station Wagon",Going Ahead,Driving Properly,Normal, , , , , , ,1,0,1,0,0,0,0,0,0,0,0,0,0,0
5001677716,2015,9,28,17,55,0,43.65654715,-79.42352686,Trinity-Spadina (19),19,Palmerston-Little Italy (80),80,D14,Toronto East York,OSSINGTON AVE,DEWSON ST,42 m South of,Minor Arterial,Mid-Block,Non Intersection,No Control,Clear,Daylight,Dry,Non-Fatal Injury,Pedestrian Collisions,Pedestrian,5 to 9,Major,0,East, , , , ,Pedestrian hit at mid-block,Running onto Roadway,Inattentive, , , ,1,0,1,0,0,0,0,0,0,0,0,0,0,0
5001891795,2015,11,3,17,55,1,43.7113529,-79.59275446,Etobicoke North (2),2,West Humber-Clairville (1),1,D23,Etobicoke York,HIGHWAY 27  N,VICE REGENT BLVD, ,Major Arterial,Intersection,Intersection Related,No Control,Clear,"Dark, artificial",Dry,Fatal,Cyclist Collisions,Cyclist,55 to 59,Fatal,54,East,Bicycle,Going Ahead, , , , , ,"Cyclist without ROW rides into path of motorist at inter, lnwy, dwy-Cyclist not turn.",Other,Unknown,0,1,1,0,0,0,0,0,0,0,0,0,0,1
5001891795,2015,11,3,17,55,1,43.7113529,-79.59275446,Etobicoke North (2),2,West Humber-Clairville (1),1,D23,Etobicoke York,HIGHWAY 27  N,VICE REGENT BLVD, ,Major Arterial,Intersection,Intersection Related,No Control,Clear,"Dark, artificial",Dry,Fatal,Cyclist Collisions,Driver,55 to 59,,0,South,"Automobile, Station Wagon",Going Ahead,Driving Properly,Normal, , , , , , ,0,1,1,0,0,0,0,0,0,0,0,0,0,1
5001891795,2015,11,3,17,55,1,43.7113529,-79.59275446,Etobicoke North (2),2,West Humber-Clairville (1),1,D23,Etobicoke York,HIGHWAY 27  N,VICE REGENT BLVD, ,Major Arterial,Intersection,Intersection Related,No Control,Clear,"Dark, artificial",Dry,Fatal,Cyclist Collisions,Driver,60 to 64,,0,South,"Automobile, Station Wagon",Going Ahead,Driving Properly,Normal, , , , , , ,0,1,1,0,0,0,0,0,0,0,0,0,0,1
6000929645,2016,5,29,17,55,6,43.67121466,-79.40565882,Trinity-Spadina (20),20,Annex (95),95,D53,Toronto East York,SPADINA RD,BERNARD AVE,90 m South of,Minor Arterial,Mid-Block,At/Near Private Drive,No Control,Clear,Daylight,Dry,Non-Fatal Injury,Turning Movement,Driver,30 to 34,,0,East,"Automobile, Station Wagon",Turning Left,Failed to Yield Right of Way,Inattentive, , , , , , ,0,0,1,1,0,0,0,1,0,1,0,0,0,0
6000929645,2016,5,29,17,55,6,43.67121466,-79.40565882,Trinity-Spadina (20),20,Annex (95),95,D53,Toronto East York,SPADINA RD,BERNARD AVE,90 m South of,Minor Arterial,Mid-Block,At/Near Private Drive,No Control,Clear,Daylight,Dry,Non-Fatal Injury,Turning Movement,Motorcycle Driver,20 to 24,Major,0,South,Motorcycle,Going Ahead,Driving Properly,Normal, , , , , , ,0,0,1,1,0,0,0,1,0,1,0,0,0,0
6000929645,2016,5,29,17,55,6,43.67121466,-79.40565882,Trinity-Spadina (20),20,Annex (95),95,D53,Toronto East York,SPADINA RD,BERNARD AVE,90 m South of,Minor Arterial,Mid-Block,At/Near Private Drive,No Control,Clear,Daylight,Dry,Non-Fatal Injury,Turning Movement,Passenger,30 to 34,,0, , , , , , , , , , , ,0,0,1,1,0,0,0,1,0,1,0,0,0,0
7000117079,2017,1,19,17,55,3,43.76991995,-79.18315516,Scarborough East (44),44,West Hill (136),136,D43,Scarborough,COLLINSGROVE RD,LAWRENCE AV E,113 m North of,Collector,Mid-Block,Non Intersection,No Control,Clear,"Dark, artificial",Dry,Non-Fatal Injury,Pedestrian Collisions,Driver,65 to 69,,0,North,"Automobile, Station Wagon",Going Ahead,Driving Properly,Normal, , , , , , ,1,0,1,0,0,0,0,0,0,0,0,0,0,0
7000117079,2017,1,19,17,55,3,43.76991995,-79.18315516,Scarborough East (44),44,West Hill (136),136,D43,Scarborough,COLLINSGROVE RD,LAWRENCE AV E,113 m North of,Collector,Mid-Block,Non Intersection,No Control,Clear,"Dark, artificial",Dry,Non-Fatal Injury,Pedestrian Collisions,Pedestrian,55 to 59,Major,0,East, , , , ,Pedestrian hit at mid-block,"Crossing, no Traffic Control",Normal, , , ,1,0,1,0,0,0,0,0,0,0,0,0,0,0