ACCNUM,YEAR,MONTH,DAY,HOUR,MINUTES,WEEKDAY,LATITUDE,LONGITUDE,Ward_Name,Ward_ID,Hood_Name,Hood_ID,Division,District,STREET1,STREET2,OFFSET,ROAD_CLASS,LOCCOORD,ACCLOC,TRAFFCTL,VISIBILITY,LIGHT,RDSFCOND,ACCLASS,IMPACTYPE,INVTYPE,INVAGE,INJURY,FATAL_NO,INITDIR,VEHTYPE,MANOEUVER,DRIVACT,DRIVCOND,PEDTYPE,PEDACT,PEDCOND,CYCLISTYPE,CYCACT,CYCCOND,PEDESTRIAN,CYCLIST,AUTOMOBILE,MOTORCYCLE,TRUCK,TRSN_CITY_VEH,EMERG_VEH,PASSENGER,SPEEDING,AG_DRIV,REDLIGHT,ALCOHOL,DISABILITY,label
1382682,2013,8,16,17,56,4,43.6835018,-79.32291804,Beaches-East York (32),32,Woodbine Corridor (64),64,D55,Toronto East York,DANFORTH AVE,COXWELL AVE, ,Major Arterial,Mid-Block, ,No Control,Clear,Daylight,Dry,Non-Fatal Injury,Pedestrian Collisions,Driver,65 to 69,,0,West,"Automobile, Station Wagon",Going Ahead,Driving Properly,Normal, , , , , , ,1,0,1,0,0,0,0,0,0,0,0,0,0,0
1382682,2013,8,16,17,56,4,43.6835018,-79.32291804,Beaches-East York (32),32,Woodbine Corridor (64),64,D55,Toronto East York,DANFORTH AVE,COXWELL AVE, ,Major Arterial,Mid-Block, ,No Control,Clear,Daylight,Dry,Non-Fatal Injury,Pedestrian Collisions,Pedestrian,65 to 69,Major,0,South,Other, , , ,Pedestrian hit at mid-block,Walking on Roadway with Traffic,Inattentive, , , ,1,0,1,0,0,0,0,0,0,0,0,0,0,0
6000944060,2016,5,31,17,56,1,43.69921454,-79.51984034,York South-Weston (11),11,Weston (113),113,D12,Etobicoke York,LAWRENCE AVE W,LITTLE AVE,5 m West of,Major Arterial,Intersection,At Intersection,Traffic Signal,Clear,Daylight,Dry,Non-Fatal Injury,Pedestrian Collisions,Driver,25 to 29,,0,South,"Automobile, Station Wagon",Turning Right,Failed to Yield Right of Way,Inattentive, , , , , , ,1,0,1,0,0,0,0,1,0,1,0,0,0,0
6000944060,2016,5,31,17,56,1,43.69921454,-79.51984034,York South-Weston (11),11,Weston (113),113,D12,Etobicoke York,LAWRENCE AVE W,LITTLE AVE,5 m West of,Major Arterial,Intersection,At Intersection,Traffic Signal,Clear,Daylight,Dry,Non-Fatal Injury,Pedestrian Collisions,Pedestrian,55 to 59,Major,0,North, , , , ,Vehicle turns right while ped crosses with ROW at inter.,Crossing with right of way,Normal, , , ,1,0,1,0,0,0,0,1,0,1,0,0,0,0
6000944060,2016,5,31,17,56,1,43.69921454,-79.51984034,York South-Weston (11),11,Weston (113),113,D12,Etobicoke York,LAWRENCE AVE W,LITTLE AVE,5 m West of,Major Arterial,Intersection,At Intersection,Traffic Signal,Clear,Daylight,Dry,Non-Fatal Injury,Pedestrian Collisions,Passenger,5 to 9,,0, , , , , , , , , , , ,1,0,1,0,0,0,0,1,0,1,0,0,0,0
6000944060,2016,5,31,17,56,1,43.69921454,-79.51984034,York South-Weston (11),11,Weston (113),113,D12,Etobicoke York,LAWRENCE AVE W,LITTLE AVE,5 m West of,Major Arterial,Intersection,At Intersection,Traffic Signal,Clear,Daylight,Dry,Non-Fatal Injury,Pedestrian Collisions,Passenger,0 to 4,,0, , , , , , , , , , , ,1,0,1,0,0,0,0,1,0,1,0,0,0,0
6000944060,2016,5,31,17,56,1,43.69921454,-79.51984034,York South-Weston (11),11,Weston (113),113,D12,Etobicoke York,LAWRENCE AVE W,LITTLE AVE,5 m West of,Major Arterial,Intersection,At Intersection,Traffic Signal,Clear,Daylight,Dry,Non-Fatal Injury,Pedestrian Collisions,Passenger,0 to 4,,0, , , , , , , , , , , ,1,0,1,0,0,0,0,1,0,1,0,0,0,0
992609,2007,8,30,17,57,3,43.65214538,-79.40479029,Trinity-Spadina (20),20,Kensington-Chinatown (78),78,D14,Toronto East York,DUNDAS ST W,CARLYLE ST, ,Major Arterial,Intersection, ,No Control,Clear,Daylight,Dry,Non-Fatal Injury,Pedestrian Collisions,Vehicle Owner,unknown, ,0, ,Other, , , , , , , , , ,1,0,1,0,0,0,0,0,0,0,0,0,0,0
992609,2007,8,30,17,57,3,43.65214538,-79.40479029,Trinity-Spadina (20),20,Kensington-Chinatown (78),78,D14,Toronto East York,DUNDAS ST W,CARLYLE ST, ,Major Arterial,Intersection, ,No Control,Clear,Daylight,Dry,Non-Fatal Injury,Pedestrian Collisions,Driver,40 to 44,,0,West,"Automobile, Station Wagon",Going Ahead,Driving Properly,Normal, , , , , , ,1,0,1,0,0,0,0,0,0,0,0,0,0,0
992609,2007,8,30,17,57,3,43.65214538,-79.40479029,Trinity-Spadina (20),20,Kensington-Chinatown (78),78,D14,Toronto East York,DUNDAS ST W,CARLYLE ST, ,Major Arterial,Intersection, ,No Control,Clear,Daylight,Dry,Non-Fatal Injury,Pedestrian Collisions,Pedestrian,60 to 64,Major,0,South,Other, , , ,Vehicle is going straight thru inter.while ped cross without ROW,"Crossing, no Traffic Control",Inattentive, , , ,1,0,1,0,0,0,0,0,0,0,0,0,0,0
977666,2007,6,3,17,58,6,43.81454538,-79.29219029,Scarborough-Rouge River (41),41,Milliken (130),130,D42,Scarborough,MCNICOLL AVE,MIDLAND AVE, ,Minor Arterial,Intersection, ,Traffic Signal,Clear,Daylight,Dry,Non-Fatal Injury,Cyclist Collisions,Driver,40 to 44,,0,West,"Automobile, Station Wagon",Turning Right,Disobeyed Traffic Control,Normal, , , , , , ,0,1,1,0,0,0,0,0,0,1,1,0,0,0
977666,2007,6,3,17,58,6,43.81454538,-79.29219029,Scarborough-Rouge River (41),41,Milliken (130),130,D42,Scarborough,MCNICOLL AVE,MIDLAND AVE, ,Minor Arterial,Intersection, ,Traffic Signal,Clear,Daylight,Dry,Non-Fatal Injury,Cyclist Collisions,Cyclist,60 to 64,Major,0,South,Bicycle,Going Ahead, , , , , ,Motorist turning right on red at signalized intersection strikes cyclist., , ,0,1,1,0,0,0,0,0,0,1,1,0,0,0
1139022,2009,11,2,17,58,0,43.70694538,-79.30589029,Beaches-East York (31),31,O'Connor-Parkview (54),54,D54,Toronto East York,ST CLAIR Aven E,SELWYN Aven, ,Major Arterial,Intersection,At Intersection,Traffic Signal,Rain,Dark,Wet,Non-Fatal Injury,Pedestrian Collisions,Driver,60 to 64,,0,South, ,Turning Left,Failed to Yield Right of Way,Normal, , , , , , ,1,0,0,0,0,0,0,0,0,1,0,0,0,0
1139022,2009,11,2,17,58,0,43.70694538,-79.30589029,Beaches-East York (31),31,O'Connor-Parkview (54),54,D54,Toronto East York,ST CLAIR Aven E,SELWYN Aven, ,Major Arterial,Intersection,At Intersection,Traffic Signal,Rain,Dark,Wet,Non-Fatal Injury,Pedestrian Collisions,Pedestrian,15 to 19,Major,0,North,Other, , , ,Vehicle turns left while ped crosses with ROW at inter.,Crossing with right of way,Normal, , , ,1,0,0,0,0,0,0,0,0,1,0,0,0,0
1138159,2009,11,21,17,58,5,43.73584538,-79.24689029,Scarborough Southwest (35),35,Eglinton East (138),138,D43,Scarborough,DANFORTH RD,HORTON BLVD, ,Major Arterial,Intersection,At Intersection,No Control,Clear,Dark,Dry,Non-Fatal Injury,Pedestrian Collisions,Vehicle Owner,unknown, ,0, ,Other, , , , , , , , , ,1,0,1,0,0,0,0,0,0,0,0,0,0,0
1138159,2009,11,21,17,58,5,43.73584538,-79.24689029,Scarborough Southwest (35),35,Eglinton East (138),138,D43,Scarborough,DANFORTH RD,HORTON BLVD, ,Major Arterial,Intersection,At Intersection,No Control,Clear,Dark,Dry,Non-Fatal Injury,Pedestrian Collisions,Driver,25 to 29,,0,North,"Automobile, Station Wagon",Going Ahead,Driving Properly,Normal, , , , , , ,1,0,1,0,0,0,0,0,0,0,0,0,0,0
1138159,2009,11,21,17,58,5,43.73584538,-79.24689029,Scarborough Southwest (35),35,Eglinton East (138),138,D43,Scarborough,DANFORTH RD,HORTON BLVD, ,Major Arterial,Intersection,At Intersection,No Control,Clear,Dark,Dry,Non-Fatal Injury,Pedestrian Collisions,Pedestrian,50 to 54,Major,0,East,Other, , , ,Vehicle is going straight thru inter.while ped cross without ROW,Running onto Roadway,Had Been Drinking, , , ,1,0,1,0,0,0,0,0,0,0,0,0,0,0
1376926,2013,7,9,17,58,1,43.68224676,-79.45769129,Davenport (17),17,Caledonia-Fairbank (109),109,D13,Etobicoke York,244 CALEDONIA Rd, , ,Minor Arterial,Mid-Block, ,No Control,Clear,Daylight,Dry,Non-Fatal Injury,Pedestrian Collisions,Driver,25 to 29,,0,South,"Automobile, Station Wagon",Going Ahead,Driving Properly,Normal, , , , , , ,1,0,1,0,0,0,0,0,0,0,0,0,0,0
1376926,2013,7,9,17,58,1,43.68224676,-79.45769129,Davenport (17),17,Caledonia-Fairbank (109),109,D13,Etobicoke York,244 CALEDONIA Rd, , ,Minor Arterial,Mid-Block, ,No Control,Clear,Daylight,Dry,Non-Fatal Injury,Pedestrian Collisions,Pedestrian,70 to 74,Major,0,East,Other, , , ,Pedestrian hit at mid-block,"Crossing, no Traffic Control",Inattentive, , , ,1,0,1,0,0,0,0,0,0,0,0,0,0,0
4002857314,2014,9,6,17,58,5,43.68392904,-79.32088862,Beaches-East York (32),32,Woodbine Corridor (64),64,D55,Toronto East York,DANFORTH AVE,WOODINGTON AVE, ,Major Arterial,Intersection,At Intersection,Traffic Signal,Clear,Daylight,Dry,Non-Fatal Injury,Pedestrian Collisions,Driver,35 to 39,,0,South,Delivery Van,Turning Left,Failed to Yield Right of Way,Inattentive, , , , , , ,1,0,1,0,0,0,0,0,0,1,0,0,0,0
4002857314,2014,9,6,17,58,5,43.68392904,-79.32088862,Beaches-East York (32),32,Woodbine Corridor (64),64,D55,Toronto East York,DANFORTH AVE,WOODINGTON AVE, ,Major Arterial,Intersection,At Intersection,Traffic Signal,Clear,Daylight,Dry,Non-Fatal Injury,Pedestrian Collisions,Pedestrian,60 to 64,Major,0,North, , , , ,Vehicle turns left while ped crosses with ROW at inter.,Crossing with right of way,Normal, , , ,1,0,1,0,0,0,0,0,0,1,0,0,0,0
1136272,2009,11,12,17,59,3,43.76764538,-79.29229029,Scarborough-Agincourt (40),40,Wexford/Maryvale (119),119,D41,Scarborough,BIRCHMOUNT RD,ROLARK DR, ,Major Arterial,Intersection, ,No Control,Clear,Dusk,Dry,Fatal,Pedestrian Collisions,Vehicle Owner,unknown, ,0, ,Other, , , , , , , , , ,1,0,1,0,0,0,0,0,0,0,0,0,0,1
1136272,2009,11,12,17,59,3,43.76764538,-79.29229029,Scarborough-Agincourt (40),40,Wexford/Maryvale (119),119,D41,Scarborough,BIRCHMOUNT RD,ROLARK DR, ,Major Arterial,Intersection, ,No Control,Clear,Dusk,Dry,Fatal,Pedestrian Collisions,Driver,35 to 39,,0,North,"Automobile, Station Wagon",Going Ahead,Driving Properly,Normal, , , , , , ,1,0,1,0,0,0,0,0,0,0,0,0,0,1
1136272,2009,11,12,17,59,3,43.76764538,-79.29229029,Scarborough-Agincourt (40),40,Wexford/Maryvale (119),119,D41,Scarborough,BIRCHMOUNT RD,ROLARK DR, ,Major Arterial,Intersection, ,No Control,Clear,Dusk,Dry,Fatal,Pedestrian Collisions,Pedestrian,45 to 49,Fatal,39,West,Other, , , ,Vehicle is going straight thru inter.while ped cross without ROW,"Crossing, no Traffic Control",Inattentive, , , ,1,0,1,0,0,0,0,0,0,0,0,0,0,1
972006,2007,5,28,18,0,0,43.75954538,-79.59569029,Etobicoke North (1),1,Mount Olive-Silverstone-Jamestown (2),2,D23,Etobicoke York,STEELES AVE W,GIHON SPRING DR, ,Major Arterial,Mid-Block, ,No Control,Clear,Daylight,Dry,Non-Fatal Injury,Pedestrian Collisions,Driver,30 to 34,,0,West,"Automobile, Station Wagon",Going Ahead,Driving Properly,Unknown, , , , , , ,1,0,1,0,0,0,0,0,0,0,0,0,0,0
972006,2007,5,28,18,0,0,43.75954538,-79.59569029,Etobicoke North (1),1,Mount Olive-Silverstone-Jamestown (2),2,D23,Etobicoke York,STEELES AVE W,GIHON SPRING DR, ,Major Arterial,Mid-Block, ,No Control,Clear,Daylight,Dry,Non-Fatal Injury,Pedestrian Collisions,Pedestrian,85 to 89,Major,0,South,Other, , , ,Pedestrian hit at mid-block,Walking on Roadway with Traffic,Medical or Physical Disability, , , ,1,0,1,0,0,0,0,0,0,0,0,0,0,0
1011634,2007,12,16,18,0,6,43.69974538,-79.54799029,Etobicoke North (2),2,Kingsview Village-The Westway (6),6,D23,Etobicoke York,ISLINGTON AVE,KINGSVIEW BLVD, ,Major Arterial,Intersection, ,Stop Sign,Snow,Dark,Packed Snow,Non-Fatal Injury,Turning Movement,Vehicle Owner,unknown, ,0, ,Other, , , , , , , , , ,0,0,1,0,0,0,0,0,0,0,0,0,0,0
1011634,2007,12,16,18,0,6,43.69974538,-79.54799029,Etobicoke North (2),2,Kingsview Village-The Westway (6),6,D23,Etobicoke York,ISLINGTON AVE,KINGSVIEW BLVD, ,Major Arterial,Intersection, ,Stop Sign,Snow,Dark,Packed Snow,Non-Fatal Injury,Turning Movement,Driver,25 to 29,,0,North, ,Turning Left,Improper Turn,Normal, , , , , , ,0,0,1,0,0,0,0,0,0,0,0,0,0,0
1011634,2007,12,16,18,0,6,43.69974538,-79.54799029,Etobicoke North (2),2,Kingsview Village-The Westway (6),6,D23,Etobicoke York,ISLINGTON AVE,KINGSVIEW BLVD, ,Major Arterial,Intersection, ,Stop Sign,Snow,Dark,Packed Snow,Non-Fatal Injury,Turning Movement,Driver,30 to 34,Major,0,South,"Automobile, Station Wagon",Going Ahead,Driving Properly,Normal, , , , , , ,0,0,1,0,0,0,0,0,0,0,0,0,0,0
1032314,2008,3,28,18,0,4,43.74144538,-79.21819029,Scarborough Southwest (36),36,Scarborough Village (139),139,D43,Scarborough,160 MARKHAM RD, , ,Major Arterial,Mid-Block, ,No Control,Clear,Daylight,Dry,Non-Fatal Injury,Pedestrian Collisions,Driver,60 to 64,,0,South,"Automobile, Station Wagon",Going Ahead,Driving Properly,Normal, , , , , , ,1,0,1,0,0,0,0,0,0,0,0,0,0,0
1032314,2008,3,28,18,0,4,43.74144538,-79.21819029,Scarborough Southwest (36),36,Scarborough Village (139),139,D43,Scarborough,160 MARKHAM RD, , ,Major Arterial,Mid-Block, ,No Control,Clear,Daylight,Dry,Non-Fatal Injury,Pedestrian Collisions,Pedestrian,10 to 14,Major,0,West,Other, , , ,Pedestrian hit at mid-block,Running onto Roadway,Normal, , , ,1,0,1,0,0,0,0,0,0,0,0,0,0,0
1124647,2009,8,14,18,0,4,43.65514538,-79.44549029,Davenport (18),18,Dufferin Grove (83),83,D11,Toronto East York,164 STERLING Road, , ,Local,Mid-Block, ,No Control,Clear,Daylight,Dry,Non-Fatal Injury,SMV Other,Passenger,20 to 24,Major,0, ,Other, , , , , , , , , ,0,0,1,0,0,0,0,1,0,0,0,0,0,0
1124647,2009,8,14,18,0,4,43.65514538,-79.44549029,Davenport (18),18,Dufferin Grove (83),83,D11,Toronto East York,164 STERLING Road, , ,Local,Mid-Block, ,No Control,Clear,Daylight,Dry,Non-Fatal Injury,SMV Other,Driver,20 to 24,,0,North,"Automobile, Station Wagon",Turning Left,Lost control,Normal, , , , , , ,0,0,1,0,0,0,0,1,0,0,0,0,0,0
1124647,2009,8,14,18,0,4,43.65514538,-79.44549029,Davenport (18),18,Dufferin Grove (83),83,D11,Toronto East York,164 STERLING Road, , ,Local,Mid-Block, ,No Control,Clear,Daylight,Dry,Non-Fatal Injury,SMV Other,Other Property Owner,unknown, ,0, ,Other, , , , , , , , , ,0,0,1,0,0,0,0,1,0,0,0,0,0,0
1127732,2009,8,29,18,0,5,43.80834538,-79.17079029,Scarborough East (44),44,Rouge (131),131,D42,Scarborough,SHEPPARD AVE E,MEADOWVALE RD, ,Major Arterial,Intersection,At Intersection,Traffic Signal,Clear,Daylight,Dry,Non-Fatal Injury,Turning Movement,Motorcycle Driver,60 to 64,Major,0,East,Motorcycle,Turning Left,Disobeyed Traffic Control,Normal, , , , , , ,0,0,1,1,0,0,0,0,0,1,1,0,0,0
1127732,2009,8,29,18,0,5,43.80834538,-79.17079029,Scarborough East (44),44,Rouge (131),131,D42,Scarborough,SHEPPARD AVE E,MEADOWVALE RD, ,Major Arterial,Intersection,At Intersection,Traffic Signal,Clear,Daylight,Dry,Non-Fatal Injury,Turning Movement,Vehicle Owner,unknown, ,0, ,Other, , , , , , , , , ,0,0,1,1,0,0,0,0,0,1,1,0,0,0
1127732,2009,8,29,18,0,5,43.80834538,-79.17079029,Scarborough East (44),44,Rouge (131),131,D42,Scarborough,SHEPPARD AVE E,MEADOWVALE RD, ,Major Arterial,Intersection,At Intersection,Traffic Signal,Clear,Daylight,Dry,Non-Fatal Injury,Turning Movement,Driver,25 to 29,Minimal,0,South,"Automobile, Station Wagon",Going Ahead,Driving Properly,Normal, , , , , , ,0,0,1,1,0,0,0,0,0,1,1,0,0,0
1176162,2010,6,19,18,0,5,43.64598425,-79.39228449,Trinity-Spadina (20),20,Waterfront Communities-The Island (77),77,D52,Toronto East York,KING ST W,PETER ST, ,Major Arterial,Intersection,At Intersection,Traffic Signal,Clear,Daylight,Dry,Non-Fatal Injury,Cyclist Collisions,Driver,unknown,,0,East,"Automobile, Station Wagon",Turning Left,Improper Turn,Unknown, , , , , , ,0,1,1,0,0,0,0,0,0,0,0,0,0,0
1176162,2010,6,19,18,0,5,43.64598425,-79.39228449,Trinity-Spadina (20),20,Waterfront Communities-The Island (77),77,D52,Toronto East York,KING ST W,PETER ST, ,Major Arterial,Intersection,At Intersection,Traffic Signal,Clear,Daylight,Dry,Non-Fatal Injury,Cyclist Collisions,Cyclist,20 to 24,Major,0,West,Bicycle,Going Ahead, , , , , ,Motorist turned left across cyclists path.,Driving Properly,Normal,0,1,1,0,0,0,0,0,0,0,0,0,0,0
1184354,2010,7,12,18,0,0,43.81294538,-79.27509029,Scarborough-Rouge River (41),41,Agincourt North (129),129,D42,Scarborough,93 BRIMWOOD Boul, , ,Collector,Mid-Block, ,No Control,Clear,Daylight,Dry,Non-Fatal Injury,Other,Passenger,55 to 59,Major,0, ,Other, , , , , , , , , ,0,0,1,0,0,0,0,1,0,0,0,0,0,0
1184354,2010,7,12,18,0,0,43.81294538,-79.27509029,Scarborough-Rouge River (41),41,Agincourt North (129),129,D42,Scarborough,93 BRIMWOOD Boul, , ,Collector,Mid-Block, ,No Control,Clear,Daylight,Dry,Non-Fatal Injury,Other,Vehicle Owner,unknown, ,0, ,Other, , , , , , , , , ,0,0,1,0,0,0,0,1,0,0,0,0,0,0
1184354,2010,7,12,18,0,0,43.81294538,-79.27509029,Scarborough-Rouge River (41),41,Agincourt North (129),129,D42,Scarborough,93 BRIMWOOD Boul, , ,Collector,Mid-Block, ,No Control,Clear,Daylight,Dry,Non-Fatal Injury,Other,Driver,15 to 19,,0,West,"Automobile, Station Wagon",Reversing,Other,Inattentive, , , , , , ,0,0,1,0,0,0,0,1,0,0,0,0,0,0
1253635,2011,7,20,18,0,2,43.63884538,-79.38659029,Trinity-Spadina (20),20,Waterfront Communities-The Island (77),77,D52,Toronto East York,QUEENS QUAY W,REES ST, ,Minor Arterial,Intersection,At Intersection,Traffic Signal,Clear,Daylight,Dry,Non-Fatal Injury,Cyclist Collisions,Vehicle Owner,unknown, ,0, ,Other, , , , , , , , , ,0,1,1,0,0,0,0,0,0,0,0,0,0,0
1253635,2011,7,20,18,0,2,43.63884538,-79.38659029,Trinity-Spadina (20),20,Waterfront Communities-The Island (77),77,D52,Toronto East York,QUEENS QUAY W,REES ST, ,Minor Arterial,Intersection,At Intersection,Traffic Signal,Clear,Daylight,Dry,Non-Fatal Injury,Cyclist Collisions,Driver,40 to 44,,0,West,"Automobile, Station Wagon",Parked,Other,Normal, , , , , , ,0,1,1,0,0,0,0,0,0,0,0,0,0,0
1253635,2011,7,20,18,0,2,43.63884538,-79.38659029,Trinity-Spadina (20),20,Waterfront Communities-The Island (77),77,D52,Toronto East York,QUEENS QUAY W,REES ST, ,Minor Arterial,Intersection,At Intersection,Traffic Signal,Clear,Daylight,Dry,Non-Fatal Injury,Cyclist Collisions,Cyclist,40 to 44,Major,0,West,Bicycle,Going Ahead, , , , , ,Cyclist struck opened vehicle door,Driving Properly,Normal,0,1,1,0,0,0,0,0,0,0,0,0,0,0
1248931,2011,8,13,18,0,5,43.78934538,-79.44389029,York Centre (10),10,Newtonbrook West (36),36,D32,North York,28 REGATTA CRES, , ,Local,Intersection, ,No Control,Clear,Daylight,Dry,Fatal,Pedestrian Collisions,Driver,45 to 49,,0,West,"Automobile, Station Wagon",Reversing,Other,Unknown, , , , , , ,1,0,1,0,0,0,0,0,0,0,0,0,0,1
1248931,2011,8,13,18,0,5,43.78934538,-79.44389029,York Centre (10),10,Newtonbrook West (36),36,D32,North York,28 REGATTA CRES, , ,Local,Intersection, ,No Control,Clear,Daylight,Dry,Fatal,Pedestrian Collisions,Pedestrian,75 to 79,Fatal,19,South,Other, , , ,Pedestrian hit at private driveway,On Sidewalk or Shoulder,Unknown, , , ,1,0,1,0,0,0,0,0,0,0,0,0,0,1
1135676,2009,10,18,2,50,6,43.66574538,-79.40799029,Trinity-Spadina (20),20,University (79),79,D14,Toronto East York,BLOOR Stre W,BRUNSWICK Aven, ,Major Arterial,Mid-Block, ,No Control,Clear,Dark,Dry,Non-Fatal Injury,Rear End,Other,unknown,,0, ,Other,Parked, , , , , , , , ,0,0,1,0,0,0,0,0,0,1,0,0,0,0
1135676,2009,10,18,2,50,6,43.66574538,-79.40799029,Trinity-Spadina (20),20,University (79),79,D14,Toronto East York,BLOOR Stre W,BRUNSWICK Aven, ,Major Arterial,Mid-Block, ,No Control,Clear,Dark,Dry,Non-Fatal Injury,Rear End,Driver,20 to 24,Major,0,West,"Automobile, Station Wagon",Parked,Driving Properly,Normal, , , , , , ,0,0,1,0,0,0,0,0,0,1,0,0,0,0
1299089,2012,4,21,2,50,5,43.67234538,-79.46849029,York South-Weston (11),11,Junction Area (90),90,D11,Etobicoke York,ST CLAIR AVE W,KEELE ST, ,Major Arterial,Mid-Block, ,No Control,Rain,"Dark, artificial",Wet,Non-Fatal Injury,SMV Other,Driver,30 to 34,Major,0,West,"Automobile, Station Wagon",Going Ahead,Other,Unknown, , , , , , ,0,0,1,0,0,0,0,0,0,0,0,0,0,0
1299089,2012,4,21,2,50,5,43.67234538,-79.46849029,York South-Weston (11),11,Junction Area (90),90,D11,Etobicoke York,ST CLAIR AVE W,KEELE ST, ,Major Arterial,Mid-Block, ,No Control,Rain,"Dark, artificial",Wet,Non-Fatal Injury,SMV Other,Other Property Owner,unknown, ,0, ,Other, , , , , , , , , ,0,0,1,0,0,0,0,0,0,0,0,0,0,0
1372200,2013,8,10,2,50,5,43.65673788,-79.39957819,Trinity-Spadina (20),20,Kensington-Chinatown (78),78,D52,Toronto East York,SPADINA AVE,OXFORD ST, ,Major Arterial,Intersection,At Intersection,No Control,Clear,"Dark, artificial",Dry,Non-Fatal Injury,Cyclist Collisions,Driver,unknown,,0,South,"Automobile, Station Wagon",Reversing,Other,Unknown, , , , , , ,0,1,1,0,0,0,0,0,0,0,0,0,0,0
1372200,2013,8,10,2,50,5,43.65673788,-79.39957819,Trinity-Spadina (20),20,Kensington-Chinatown (78),78,D52,Toronto East York,SPADINA AVE,OXFORD ST, ,Major Arterial,Intersection,At Intersection,No Control,Clear,"Dark, artificial",Dry,Non-Fatal Injury,Cyclist Collisions,Cyclist,20 to 24,Major,0,South,Bicycle,Slowing or Stopping, , , , , ,Cyclist and Driver travelling in same direction. One vehicle rear-ended the other.,Other,Had Been Drinking,0,1,1,0,0,0,0,0,0,0,0,0,0,0
6001433140,2016,8,14,2,50,6,43.84878119,-79.19795618,Scarborough-Rouge River (42),42,Rouge (131),131,D42,Scarborough,STEELES AVE E,REESOR RD, ,Minor Arterial,Mid-Block,Non Intersection,No Control,Clear,Dark,Dry,Fatal,Approaching,Driver,20 to 24,Fatal,52,East,"Automobile, Station Wagon",Going Ahead,Driving Properly,Normal, , , , , , ,0,0,1,0,0,0,0,1,1,1,0,0,0,1
6001433140,2016,8,14,2,50,6,43.84878119,-79.19795618,Scarborough-Rouge River (42),42,Rouge (131),131,D42,Scarborough,STEELES AVE E,REESOR RD, ,Minor Arterial,Mid-Block,Non Intersection,No Control,Clear,Dark,Dry,Fatal,Approaching,Passenger,20 to 24,Minor,0, ,"Automobile, Station Wagon", , , , , , , , , ,0,0,1,0,0,0,0,1,1,1,0,0,0,1
6001433140,2016,8,14,2,50,6,43.84878119,-79.19795618,Scarborough-Rouge River (42),42,Rouge (131),131,D42,Scarborough,STEELES AVE E,REESOR RD, ,Minor Arterial,Mid-Block,Non Intersection,No Control,Clear,Dark,Dry,Fatal,Approaching,Driver,30 to 34,Minimal,0,West,"Automobile, Station Wagon",Going Ahead,Driving Properly,Normal, , , , , , ,0,0,1,0,0,0,0,1,1,1,0,0,0,1
6001433140,2016,8,14,2,50,6,43.84878119,-79.19795618,Scarborough-Rouge River (42),42,Rouge (131),131,D42,Scarborough,STEELES AVE E,REESOR RD, ,Minor Arterial,Mid-Block,Non Intersection,No Control,Clear,Dark,Dry,Fatal,Approaching,Driver,55 to 59,Minor,0,West,Pick Up Truck,Overtaking,Improper Passing,Had Been Drinking, , , , , , ,0,0,1,0,0,0,0,1,1,1,0,0,0,1
6002090598,2016,11,25,2,51,4,43.80368002,-79.28625117,Scarborough-Rouge River (41),41,Agincourt North (129),129,D42,Scarborough,FINCH AVE E,MIDLAND AVE, ,Major Arterial,Intersection,At Intersection,Traffic Signal,"Fog, Mist, Smoke, Dust","Dark, artificial",Wet,Non-Fatal Injury,Turning Movement,Driver,20 to 24,,0,West,"Automobile, Station Wagon",Going Ahead,Exceeding Speed Limit,Normal, , , , , , ,0,0,1,0,0,0,0,1,1,1,0,0,0,0
6002090598,2016,11,25,2,51,4,43.80368002,-79.28625117,Scarborough-Rouge River (41),41,Agincourt North (129),129,D42,Scarborough,FINCH AVE E,MIDLAND AVE, ,Major Arterial,Intersection,At Intersection,Traffic Signal,"Fog, Mist, Smoke, Dust","Dark, artificial",Wet,Non-Fatal Injury,Turning Movement,Driver,20 to 24,Major,0,East,"Automobile, Station Wagon",Turning Left,Driving Properly,Normal, , , , , , ,0,0,1,0,0,0,0,1,1,1,0,0,0,0
6002090598,2016,11,25,2,51,4,43.80368002,-79.28625117,Scarborough-Rouge River (41),41,Agincourt North (129),129,D42,Scarborough,FINCH AVE E,MIDLAND AVE, ,Major Arterial,Intersection,At Intersection,Traffic Signal,"Fog, Mist, Smoke, Dust","Dark, artificial",Wet,Non-Fatal Injury,Turning Movement,Passenger,20 to 24,Minimal,0, , , , , , , , , , , ,0,0,1,0,0,0,0,1,1,1,0,0,0,0
6002090598,2016,11,25,2,51,4,43.80368002,-79.28625117,Scarborough-Rouge River (41),41,Agincourt North (129),129,D42,Scarborough,FINCH AVE E,MIDLAND AVE, ,Major Arterial,Intersection,At Intersection,Traffic Signal,"Fog, Mist, Smoke, Dust","Dark, artificial",Wet,Non-Fatal Injury,Turning Movement,Passenger,15 to 19,,0, , , , , , , , , , , ,0,0,1,0,0,0,0,1,1,1,0,0,0,0