ACCNUM,YEAR,MONTH,DAY,HOUR,MINUTES,WEEKDAY,LATITUDE,LONGITUDE,Ward_Name,Ward_ID,Hood_Name,Hood_ID,Division,District,STREET1,STREET2,OFFSET,ROAD_CLASS,LOCCOORD,ACCLOC,TRAFFCTL,VISIBILITY,LIGHT,RDSFCOND,ACCLASS,IMPACTYPE,INVTYPE,INVAGE,INJURY,FATAL_NO,INITDIR,VEHTYPE,MANOEUVER,DRIVACT,DRIVCOND,PEDTYPE,PEDACT,PEDCOND,CYCLISTYPE,CYCACT,CYCCOND,PEDESTRIAN,CYCLIST,AUTOMOBILE,MOTORCYCLE,TRUCK,TRSN_CITY_VEH,EMERG_VEH,PASSENGER,SPEEDING,AG_DRIV,REDLIGHT,ALCOHOL,DISABILITY,label
6002090598,2016,11,25,2,51,4,43.80368002,-79.28625117,Scarborough-Rouge River (41),41,Agincourt North (129),129,D42,Scarborough,FINCH AVE E,MIDLAND AVE, ,Major Arterial,Intersection,At Intersection,Traffic Signal,"Fog, Mist, Smoke, Dust","Dark, artificial",Wet,Non-Fatal Injury,Turning Movement,Passenger,25 to 29,,0, , , , , , , , , , , ,0,0,1,0,0,0,0,1,1,1,0,0,0,0
6002090598,2016,11,25,2,51,4,43.80368002,-79.28625117,Scarborough-Rouge River (41),41,Agincourt North (129),129,D42,Scarborough,FINCH AVE E,MIDLAND AVE, ,Major Arterial,Intersection,At Intersection,Traffic Signal,"Fog, Mist, Smoke, Dust","Dark, artificial",Wet,Non-Fatal Injury,Turning Movement,Passenger,15 to 19,Minimal,0, , , , , , , , , , , ,0,0,1,0,0,0,0,1,1,1,0,0,0,0
1111516,2009,5,22,2,52,4,43.66654538,-79.41959029,Trinity-Spadina (20),20,Annex (95),95,D14,Toronto East York,BARTON Ave,CHRISTIE St, ,Minor Arterial,Intersection, ,No Control,Clear,Dark,Dry,Non-Fatal Injury,SMV Other,Vehicle Owner,unknown, ,0, ,Other, , , , , , , , , ,0,0,1,0,0,0,0,0,0,0,0,0,0,0
1111516,2009,5,22,2,52,4,43.66654538,-79.41959029,Trinity-Spadina (20),20,Annex (95),95,D14,Toronto East York,BARTON Ave,CHRISTIE St, ,Minor Arterial,Intersection, ,No Control,Clear,Dark,Dry,Non-Fatal Injury,SMV Other,Driver,30 to 34,Major,0,West,Taxi,Pulling Onto Shoulder or towardCurb,Lost control,Normal, , , , , , ,0,0,1,0,0,0,0,0,0,0,0,0,0,0
1111516,2009,5,22,2,52,4,43.66654538,-79.41959029,Trinity-Spadina (20),20,Annex (95),95,D14,Toronto East York,BARTON Ave,CHRISTIE St, ,Minor Arterial,Intersection, ,No Control,Clear,Dark,Dry,Non-Fatal Injury,SMV Other,Other Property Owner,unknown, ,0, ,Other, , , , , , , , , ,0,0,1,0,0,0,0,0,0,0,0,0,0,0
1111516,2009,5,22,2,52,4,43.66654538,-79.41959029,Trinity-Spadina (20),20,Annex (95),95,D14,Toronto East York,BARTON Ave,CHRISTIE St, ,Minor Arterial,Intersection, ,No Control,Clear,Dark,Dry,Non-Fatal Injury,SMV Other,Other Property Owner,unknown, ,0, ,Other, , , , , , , , , ,0,0,1,0,0,0,0,0,0,0,0,0,0,0
4002612585,2014,8,1,2,53,4,43.62092932,-79.50989161,Etobicoke-Lakeshore (6),6,Mimico (includes Humber Bay Shores) (17),17,D22,Etobicoke York,F G GARDINER XY  E,ISLINGTON AVE,280 m East of,Expressway,Mid-Block,Non Intersection,No Control,Clear,"Dark, artificial",Dry,Non-Fatal Injury,SMV Other,Driver,20 to 24,Major,0,East,"Automobile, Station Wagon",Unknown,Lost control,Had Been Drinking, , , , , , ,0,0,1,0,0,0,0,0,0,0,0,0,0,0
7000532785,2017,3,26,2,54,6,43.7000881,-79.51615534,York South-Weston (11),11,Weston (113),113,D12,Etobicoke York,LAWRENCE  AVE W,WESTON RD, ,Major Arterial,Intersection,At Intersection,Traffic Signal,Rain,"Dark, artificial",Wet,Non-Fatal Injury,Pedestrian Collisions,Driver,70 to 74,,0,West,"Automobile, Station Wagon",Going Ahead,Driving Properly,Normal, , , , , , ,1,0,1,0,0,0,0,0,0,0,0,0,0,0
7000532785,2017,3,26,2,54,6,43.7000881,-79.51615534,York South-Weston (11),11,Weston (113),113,D12,Etobicoke York,LAWRENCE  AVE W,WESTON RD, ,Major Arterial,Intersection,At Intersection,Traffic Signal,Rain,"Dark, artificial",Wet,Non-Fatal Injury,Pedestrian Collisions,Pedestrian,30 to 34,Major,0,South, , , , ,Vehicle is going straight thru inter.while ped cross without ROW,Crossing without right of way,"Ability Impaired, Drugs", , , ,1,0,1,0,0,0,0,0,0,0,0,0,0,0
1095072,2009,2,21,2,55,5,43.73684538,-79.43669029,York Centre (10),10,Clanton Park (33),33,D32,North York,STADACONA DR,WILSON AVE, ,Local,Intersection, ,Stop Sign,Clear,Dark,Wet,Non-Fatal Injury,Pedestrian Collisions,Driver,35 to 39,,0,North,"Automobile, Station Wagon",Going Ahead,Failed to Yield Right of Way,"Ability Impaired, Alcohol Over .08", , , , , , ,1,0,1,0,0,0,0,0,0,1,0,1,0,0
1095072,2009,2,21,2,55,5,43.73684538,-79.43669029,York Centre (10),10,Clanton Park (33),33,D32,North York,STADACONA DR,WILSON AVE, ,Local,Intersection, ,Stop Sign,Clear,Dark,Wet,Non-Fatal Injury,Pedestrian Collisions,Pedestrian,30 to 34,Major,0, ,Other,Other, , ,Vehicle is going straight thru inter.while ped cross without ROW,Crossing without right of way,Had Been Drinking, , , ,1,0,1,0,0,0,0,0,0,1,0,1,0,0
1369861,2013,8,5,2,55,0,43.66574538,-79.49119029,Parkdale-High Park (13),13,Runnymede-Bloor West Village (89),89,D11,Etobicoke York,DUNDAS St W,JANE St, ,Major Arterial,Intersection,At Intersection,Traffic Signal,Clear,"Dark, artificial",Dry,Non-Fatal Injury,Pedestrian Collisions,Driver,unknown,,0,West,"Automobile, Station Wagon",Turning Right,Failed to Yield Right of Way,Unknown, , , , , , ,1,0,1,0,0,0,0,0,0,1,0,0,0,0
1369861,2013,8,5,2,55,0,43.66574538,-79.49119029,Parkdale-High Park (13),13,Runnymede-Bloor West Village (89),89,D11,Etobicoke York,DUNDAS St W,JANE St, ,Major Arterial,Intersection,At Intersection,Traffic Signal,Clear,"Dark, artificial",Dry,Non-Fatal Injury,Pedestrian Collisions,Pedestrian,20 to 24,Major,0,North,Other, , , ,Vehicle turns right while ped crosses with ROW at inter.,Crossing with right of way,Had Been Drinking, , , ,1,0,1,0,0,0,0,0,0,1,0,0,0,0
6002180149,2016,12,9,2,55,4,43.77393301,-79.18306361,Scarborough East (44),44,West Hill (136),136,D43,Scarborough,KINGSTON RD,OLD KINGSTON RD, ,Major Arterial,Intersection,At Intersection,Traffic Signal,Clear,"Dark, artificial",Wet,Non-Fatal Injury,SMV Other,Driver,20 to 24,Major,0,East,"Automobile, Station Wagon",Going Ahead,Lost control,"Ability Impaired, Alcohol", , , , , , ,0,0,1,0,0,0,0,0,1,1,0,1,0,0
7000487878,2017,3,19,2,55,6,43.74509772,-79.39774714,Don Valley West (25),25,Bridle Path-Sunnybrook-York Mills (41),41,D32,North York,106 YORK MILLS RD, , ,Major Arterial,Mid-Block,Non Intersection,No Control,Clear,"Dark, artificial",Wet,Fatal,SMV Other,Driver,45 to 49,Fatal,13,West,"Automobile, Station Wagon",Going Ahead,Driving Properly,Normal, , , , , , ,0,0,1,0,0,0,0,0,1,1,0,0,0,1
7000487878,2017,3,19,2,55,6,43.74509772,-79.39774714,Don Valley West (25),25,Bridle Path-Sunnybrook-York Mills (41),41,D32,North York,106 YORK MILLS RD, , ,Major Arterial,Mid-Block,Non Intersection,No Control,Clear,"Dark, artificial",Wet,Fatal,SMV Other,Driver,15 to 19,Minimal,0,East,"Automobile, Station Wagon",Going Ahead,Lost control,Inattentive, , , , , , ,0,0,1,0,0,0,0,0,1,1,0,0,0,1
1175328,2010,6,28,2,56,0,43.69004538,-79.57059029,Etobicoke Centre (4),4,Willowridge-Martingrove-Richview (7),7,D23,Etobicoke York,HIGHWAY 401 X Ramp W,MARTIN GROVE RD, ,Expressway,Mid-Block, ,No Control,Clear,Dark,Dry,Non-Fatal Injury,Pedestrian Collisions,Vehicle Owner,unknown, ,0, ,Other, , , , , , , , , ,1,0,1,0,0,0,0,0,0,0,0,0,0,0
1175328,2010,6,28,2,56,0,43.69004538,-79.57059029,Etobicoke Centre (4),4,Willowridge-Martingrove-Richview (7),7,D23,Etobicoke York,HIGHWAY 401 X Ramp W,MARTIN GROVE RD, ,Expressway,Mid-Block, ,No Control,Clear,Dark,Dry,Non-Fatal Injury,Pedestrian Collisions,Vehicle Owner,unknown, ,0, ,Other, , , , , , , , , ,1,0,1,0,0,0,0,0,0,0,0,0,0,0
1175328,2010,6,28,2,56,0,43.69004538,-79.57059029,Etobicoke Centre (4),4,Willowridge-Martingrove-Richview (7),7,D23,Etobicoke York,HIGHWAY 401 X Ramp W,MARTIN GROVE RD, ,Expressway,Mid-Block, ,No Control,Clear,Dark,Dry,Non-Fatal Injury,Pedestrian Collisions,Driver,30 to 34,,0,East,"Automobile, Station Wagon",Going Ahead,Driving Properly,Normal, , , , , , ,1,0,1,0,0,0,0,0,0,0,0,0,0,0
1175328,2010,6,28,2,56,0,43.69004538,-79.57059029,Etobicoke Centre (4),4,Willowridge-Martingrove-Richview (7),7,D23,Etobicoke York,HIGHWAY 401 X Ramp W,MARTIN GROVE RD, ,Expressway,Mid-Block, ,No Control,Clear,Dark,Dry,Non-Fatal Injury,Pedestrian Collisions,Pedestrian,25 to 29,Major,0,Unknown,Other, , , ,Pedestrian hit at mid-block,Other,Had Been Drinking, , , ,1,0,1,0,0,0,0,0,0,0,0,0,0,0
1150854,2010,1,6,2,57,2,43.71624538,-79.44369029,Eglinton-Lawrence (15),15,Englemount-Lawrence (32),32,D32,North York,665 LAWRENCE AVE W, , ,Major Arterial,Mid-Block, ,No Control,Clear,Dark,Dry,Non-Fatal Injury,Pedestrian Collisions,Pedestrian,50 to 54,Minor,0,Unknown,Other, , , ,Pedestrian hit at mid-block,Playing or Working on Highway,Normal, , , ,1,0,0,0,0,0,0,0,0,0,0,0,0,0
1150854,2010,1,6,2,57,2,43.71624538,-79.44369029,Eglinton-Lawrence (15),15,Englemount-Lawrence (32),32,D32,North York,665 LAWRENCE AVE W, , ,Major Arterial,Mid-Block, ,No Control,Clear,Dark,Dry,Non-Fatal Injury,Pedestrian Collisions,Pedestrian,40 to 44,Major,0,Unknown,Other, , , ,Pedestrian hit at mid-block,Playing or Working on Highway,Inattentive, , , ,1,0,0,0,0,0,0,0,0,0,0,0,0,0
1368204,2013,7,27,2,57,5,43.75544699,-79.61407099,Etobicoke North (1),1,West Humber-Clairville (1),1,D23,Etobicoke York,HIGHWAY 27  N,STEELES AVE W, ,Major Arterial,Intersection, ,Traffic Signal,Clear,Dark,Dry,Non-Fatal Injury,Angle,Driver,25 to 29,Minimal,0,East,"Automobile, Station Wagon",Going Ahead,Driving Properly,Normal, , , , , , ,0,0,1,0,0,0,0,1,0,1,1,0,0,0
1368204,2013,7,27,2,57,5,43.75544699,-79.61407099,Etobicoke North (1),1,West Humber-Clairville (1),1,D23,Etobicoke York,HIGHWAY 27  N,STEELES AVE W, ,Major Arterial,Intersection, ,Traffic Signal,Clear,Dark,Dry,Non-Fatal Injury,Angle,Passenger,25 to 29,Minor,0, ,Other, , , , , , , , , ,0,0,1,0,0,0,0,1,0,1,1,0,0,0
1368204,2013,7,27,2,57,5,43.75544699,-79.61407099,Etobicoke North (1),1,West Humber-Clairville (1),1,D23,Etobicoke York,HIGHWAY 27  N,STEELES AVE W, ,Major Arterial,Intersection, ,Traffic Signal,Clear,Dark,Dry,Non-Fatal Injury,Angle,Vehicle Owner,unknown, ,0, ,Other, , , , , , , , , ,0,0,1,0,0,0,0,1,0,1,1,0,0,0
1368204,2013,7,27,2,57,5,43.75544699,-79.61407099,Etobicoke North (1),1,West Humber-Clairville (1),1,D23,Etobicoke York,HIGHWAY 27  N,STEELES AVE W, ,Major Arterial,Intersection, ,Traffic Signal,Clear,Dark,Dry,Non-Fatal Injury,Angle,Driver,25 to 29,Minor,0,North,"Automobile, Station Wagon",Going Ahead,Disobeyed Traffic Control,Inattentive, , , , , , ,0,0,1,0,0,0,0,1,0,1,1,0,0,0
1368204,2013,7,27,2,57,5,43.75544699,-79.61407099,Etobicoke North (1),1,West Humber-Clairville (1),1,D23,Etobicoke York,HIGHWAY 27  N,STEELES AVE W, ,Major Arterial,Intersection, ,Traffic Signal,Clear,Dark,Dry,Non-Fatal Injury,Angle,Driver,30 to 34,Minimal,0,East,"Automobile, Station Wagon",Going Ahead,Driving Properly,Normal, , , , , , ,0,0,1,0,0,0,0,1,0,1,1,0,0,0
1368204,2013,7,27,2,57,5,43.75544699,-79.61407099,Etobicoke North (1),1,West Humber-Clairville (1),1,D23,Etobicoke York,HIGHWAY 27  N,STEELES AVE W, ,Major Arterial,Intersection, ,Traffic Signal,Clear,Dark,Dry,Non-Fatal Injury,Angle,Passenger,15 to 19,Major,0, ,Other, , , , , , , , , ,0,0,1,0,0,0,0,1,0,1,1,0,0,0
6001932941,2016,10,31,2,57,0,43.63307913,-79.43522272,Parkdale-High Park (14),14,South Parkdale (85),85,D14,Toronto East York,F G GARDINER XY  E,JAMESON AVE, ,Expressway,Mid-Block,Non Intersection,No Control,Clear,Dark,Dry,Fatal,SMV Other,Driver,25 to 29,Fatal,68,East,"Automobile, Station Wagon",Going Ahead,Lost control,Unknown, , , , , , ,0,0,1,0,0,0,0,0,0,0,0,0,0,1
1009854,2007,12,2,2,58,6,43.67434538,-79.39819029,Trinity-Spadina (20),20,Annex (95),95,D53,Toronto East York,267 DAVENPORT Rd, , ,Major Arterial,Mid-Block, ,No Control,Snow,Dark,Packed Snow,Non-Fatal Injury,Pedestrian Collisions,Driver,35 to 39,,0,West,"Automobile, Station Wagon",Changing Lanes,Speed too Fast For Condition,"Ability Impaired, Alcohol", , , , , , ,1,0,1,0,0,0,0,0,1,1,0,1,0,0
1009854,2007,12,2,2,58,6,43.67434538,-79.39819029,Trinity-Spadina (20),20,Annex (95),95,D53,Toronto East York,267 DAVENPORT Rd, , ,Major Arterial,Mid-Block, ,No Control,Snow,Dark,Packed Snow,Non-Fatal Injury,Pedestrian Collisions,Other Property Owner,unknown, ,0, ,Other, , , , , , , , , ,1,0,1,0,0,0,0,0,1,1,0,1,0,0
1009854,2007,12,2,2,58,6,43.67434538,-79.39819029,Trinity-Spadina (20),20,Annex (95),95,D53,Toronto East York,267 DAVENPORT Rd, , ,Major Arterial,Mid-Block, ,No Control,Snow,Dark,Packed Snow,Non-Fatal Injury,Pedestrian Collisions,Pedestrian,40 to 44,Major,0,East,Other, , , ,Pedestrian hit at mid-block,Walking on Roadway Against Traffic,Normal, , , ,1,0,1,0,0,0,0,0,1,1,0,1,0,0
1078551,2009,1,1,2,59,3,43.73704538,-79.24619029,Scarborough Southwest (35),35,Eglinton East (138),138,D43,Scarborough,EGLINTON AVE E,DANFORTH RD, ,Major Arterial,Intersection,At Intersection,Traffic Signal,Clear,Dark,Wet,Fatal,Pedestrian Collisions,Driver,20 to 24,,0,West,"Automobile, Station Wagon",Going Ahead,Driving Properly,Normal, , , , , , ,1,0,1,0,0,0,0,0,0,0,0,0,0,1
1078551,2009,1,1,2,59,3,43.73704538,-79.24619029,Scarborough Southwest (35),35,Eglinton East (138),138,D43,Scarborough,EGLINTON AVE E,DANFORTH RD, ,Major Arterial,Intersection,At Intersection,Traffic Signal,Clear,Dark,Wet,Fatal,Pedestrian Collisions,Pedestrian,50 to 54,Fatal,1,North,Other, , , ,Vehicle is going straight thru inter.while ped cross without ROW,Crossing without right of way,"Ability Impaired, Alcohol Over .80", , , ,1,0,1,0,0,0,0,0,0,0,0,0,0,1
956782,2007,3,4,3,0,6,43.71534538,-79.32519029,Don Valley West (26),26,Flemingdon Park (44),44,D54,North York,DON VALLEY PARKWAY  N,SPANBRIDGE RD, ,Expressway,Mid-Block, ,No Control,Clear,Dark,Dry,Non-Fatal Injury,SMV Other,Passenger,25 to 29,Major,0, ,Other, , , , , , , , , ,0,0,1,0,0,0,0,1,1,1,0,0,0,0
956782,2007,3,4,3,0,6,43.71534538,-79.32519029,Don Valley West (26),26,Flemingdon Park (44),44,D54,North York,DON VALLEY PARKWAY  N,SPANBRIDGE RD, ,Expressway,Mid-Block, ,No Control,Clear,Dark,Dry,Non-Fatal Injury,SMV Other,Driver,30 to 34,Major,0,North,"Automobile, Station Wagon",Overtaking,Exceeding Speed Limit,Had Been Drinking, , , , , , ,0,0,1,0,0,0,0,1,1,1,0,0,0,0
956782,2007,3,4,3,0,6,43.71534538,-79.32519029,Don Valley West (26),26,Flemingdon Park (44),44,D54,North York,DON VALLEY PARKWAY  N,SPANBRIDGE RD, ,Expressway,Mid-Block, ,No Control,Clear,Dark,Dry,Non-Fatal Injury,SMV Other,Other Property Owner,unknown, ,0, ,Other, , , , , , , , , ,0,0,1,0,0,0,0,1,1,1,0,0,0,0
988599,2007,8,11,3,0,5,43.63444538,-79.40869029,Trinity-Spadina (20),20,Niagara (82),82,D14,Toronto East York,LAKE SHORE BLVD W,STRACHAN AVE, ,Major Arterial,Intersection,At Intersection,Traffic Signal,Clear,Dark,Dry,Non-Fatal Injury,Turning Movement,Passenger,20 to 24,Minor,0, ,Other, , , , , , , , , ,0,0,1,0,0,0,0,1,0,1,1,0,0,0
988599,2007,8,11,3,0,5,43.63444538,-79.40869029,Trinity-Spadina (20),20,Niagara (82),82,D14,Toronto East York,LAKE SHORE BLVD W,STRACHAN AVE, ,Major Arterial,Intersection,At Intersection,Traffic Signal,Clear,Dark,Dry,Non-Fatal Injury,Turning Movement,Passenger,20 to 24,Major,0, ,Other, , , , , , , , , ,0,0,1,0,0,0,0,1,0,1,1,0,0,0
988599,2007,8,11,3,0,5,43.63444538,-79.40869029,Trinity-Spadina (20),20,Niagara (82),82,D14,Toronto East York,LAKE SHORE BLVD W,STRACHAN AVE, ,Major Arterial,Intersection,At Intersection,Traffic Signal,Clear,Dark,Dry,Non-Fatal Injury,Turning Movement,Driver,20 to 24,Minimal,0,West,"Automobile, Station Wagon",Going Ahead,Driving Properly,Normal, , , , , , ,0,0,1,0,0,0,0,1,0,1,1,0,0,0
988599,2007,8,11,3,0,5,43.63444538,-79.40869029,Trinity-Spadina (20),20,Niagara (82),82,D14,Toronto East York,LAKE SHORE BLVD W,STRACHAN AVE, ,Major Arterial,Intersection,At Intersection,Traffic Signal,Clear,Dark,Dry,Non-Fatal Injury,Turning Movement,Vehicle Owner,unknown,,0, ,Other, , , , , , , , , ,0,0,1,0,0,0,0,1,0,1,1,0,0,0
988599,2007,8,11,3,0,5,43.63444538,-79.40869029,Trinity-Spadina (20),20,Niagara (82),82,D14,Toronto East York,LAKE SHORE BLVD W,STRACHAN AVE, ,Major Arterial,Intersection,At Intersection,Traffic Signal,Clear,Dark,Dry,Non-Fatal Injury,Turning Movement,Driver,45 to 49,,0,South,Taxi,Turning Left,Disobeyed Traffic Control,Inattentive, , , , , , ,0,0,1,0,0,0,0,1,0,1,1,0,0,0
993646,2007,9,9,3,0,6,43.64734538,-79.39289029,Trinity-Spadina (20),20,Waterfront Communities-The Island (77),77,D52,Toronto East York,ADELAIDE ST W,PETER ST, ,Major Arterial,Intersection,At Intersection,Traffic Signal,Clear,Dark,Dry,Non-Fatal Injury,Pedestrian Collisions,Vehicle Owner,unknown,,0, ,Other, , , , , , , , , ,1,0,1,0,0,0,0,0,0,0,0,0,0,0
993646,2007,9,9,3,0,6,43.64734538,-79.39289029,Trinity-Spadina (20),20,Waterfront Communities-The Island (77),77,D52,Toronto East York,ADELAIDE ST W,PETER ST, ,Major Arterial,Intersection,At Intersection,Traffic Signal,Clear,Dark,Dry,Non-Fatal Injury,Pedestrian Collisions,Driver,45 to 49,,0,East,"Automobile, Station Wagon",Going Ahead,Driving Properly,Normal, , , , , , ,1,0,1,0,0,0,0,0,0,0,0,0,0,0
993646,2007,9,9,3,0,6,43.64734538,-79.39289029,Trinity-Spadina (20),20,Waterfront Communities-The Island (77),77,D52,Toronto East York,ADELAIDE ST W,PETER ST, ,Major Arterial,Intersection,At Intersection,Traffic Signal,Clear,Dark,Dry,Non-Fatal Injury,Pedestrian Collisions,Pedestrian,15 to 19,Major,0,North,Other, , , ,Vehicle is going straight thru inter.while ped cross without ROW,Crossing without right of way,Had Been Drinking, , , ,1,0,1,0,0,0,0,0,0,0,0,0,0,0
997965,2007,10,8,3,0,0,43.77844538,-79.15779029,Scarborough East (44),44,Centennial Scarborough (133),133,D43,Scarborough,MEADOWVALE RD,WANITA RD, ,Collector,Intersection,At Intersection,Stop Sign,Clear,Dark,Dry,Non-Fatal Injury,Cyclist Collisions,Driver,20 to 24,,0,South,"Automobile, Station Wagon",Going Ahead,Disobeyed Traffic Control,Normal, , , , , , ,0,1,1,0,0,0,0,0,0,1,0,0,0,0
997965,2007,10,8,3,0,0,43.77844538,-79.15779029,Scarborough East (44),44,Centennial Scarborough (133),133,D43,Scarborough,MEADOWVALE RD,WANITA RD, ,Collector,Intersection,At Intersection,Stop Sign,Clear,Dark,Dry,Non-Fatal Injury,Cyclist Collisions,Cyclist,15 to 19,Major,0,East,Bicycle,Going Ahead, , , , , ,"Cyclist without ROW rides into path of motorist at inter, lnwy, dwy-Cyclist not turn.",Disobeyed Traffic Control,"Ability Impaired, Drugs",0,1,1,0,0,0,0,0,0,1,0,0,0,0
1026920,2008,3,10,3,0,0,43.63394538,-79.43739029,Parkdale-High Park (14),14,South Parkdale (85),85,D14,Toronto East York,F G GARDINER XY Expr E,DOWLING AVE, ,Expressway,Mid-Block, ,No Control,Clear,Dark,Wet,Non-Fatal Injury,SMV Other,Vehicle Owner,unknown, ,0, ,Other, , , , , , , , , ,0,0,1,0,0,0,0,0,0,0,0,0,0,0
1026920,2008,3,10,3,0,0,43.63394538,-79.43739029,Parkdale-High Park (14),14,South Parkdale (85),85,D14,Toronto East York,F G GARDINER XY Expr E,DOWLING AVE, ,Expressway,Mid-Block, ,No Control,Clear,Dark,Wet,Non-Fatal Injury,SMV Other,Driver,25 to 29,Major,0,East,"Automobile, Station Wagon",Going Ahead,Lost control,Inattentive, , , , , , ,0,0,1,0,0,0,0,0,0,0,0,0,0,0
1049080,2008,7,20,3,0,6,43.68164538,-79.47679029,York South-Weston (11),11,Rockcliffe-Smythe (111),111,D12,Etobicoke York,WESTON RD,ROGERS RD, ,Major Arterial,Intersection,At Intersection,Traffic Signal,Rain,Dark,Wet,Non-Fatal Injury,Turning Movement,Passenger,25 to 29,,0, ,Other, , , , , , , , , ,0,0,1,0,0,0,0,1,0,0,0,0,0,0
1049080,2008,7,20,3,0,6,43.68164538,-79.47679029,York South-Weston (11),11,Rockcliffe-Smythe (111),111,D12,Etobicoke York,WESTON RD,ROGERS RD, ,Major Arterial,Intersection,At Intersection,Traffic Signal,Rain,Dark,Wet,Non-Fatal Injury,Turning Movement,Passenger,35 to 39,Minor,0, ,Other, , , , , , , , , ,0,0,1,0,0,0,0,1,0,0,0,0,0,0
1049080,2008,7,20,3,0,6,43.68164538,-79.47679029,York South-Weston (11),11,Rockcliffe-Smythe (111),111,D12,Etobicoke York,WESTON RD,ROGERS RD, ,Major Arterial,Intersection,At Intersection,Traffic Signal,Rain,Dark,Wet,Non-Fatal Injury,Turning Movement,Passenger,70 to 74,Major,0, ,Other, , , , , , , , , ,0,0,1,0,0,0,0,1,0,0,0,0,0,0
1049080,2008,7,20,3,0,6,43.68164538,-79.47679029,York South-Weston (11),11,Rockcliffe-Smythe (111),111,D12,Etobicoke York,WESTON RD,ROGERS RD, ,Major Arterial,Intersection,At Intersection,Traffic Signal,Rain,Dark,Wet,Non-Fatal Injury,Turning Movement,Vehicle Owner,unknown, ,0, ,Other, , , , , , , , , ,0,0,1,0,0,0,0,1,0,0,0,0,0,0
1049080,2008,7,20,3,0,6,43.68164538,-79.47679029,York South-Weston (11),11,Rockcliffe-Smythe (111),111,D12,Etobicoke York,WESTON RD,ROGERS RD, ,Major Arterial,Intersection,At Intersection,Traffic Signal,Rain,Dark,Wet,Non-Fatal Injury,Turning Movement,Driver,30 to 34,Minimal,0,North,"Automobile, Station Wagon",Going Ahead,Driving Properly,Normal, , , , , , ,0,0,1,0,0,0,0,1,0,0,0,0,0,0
1049080,2008,7,20,3,0,6,43.68164538,-79.47679029,York South-Weston (11),11,Rockcliffe-Smythe (111),111,D12,Etobicoke York,WESTON RD,ROGERS RD, ,Major Arterial,Intersection,At Intersection,Traffic Signal,Rain,Dark,Wet,Non-Fatal Injury,Turning Movement,Driver,15 to 19,Minimal,0,South,"Automobile, Station Wagon",Turning Left,Improper Turn,Normal, , , , , , ,0,0,1,0,0,0,0,1,0,0,0,0,0,0
1113871,2009,7,4,3,0,5,43.69594538,-79.44909029,Eglinton-Lawrence (15),15,Oakwood Village (107),107,D13,North York,EGLINTON AVE W,DUFFERIN ST, ,Major Arterial,Mid-Block, ,No Control,Clear,Dark,Dry,Non-Fatal Injury,Pedestrian Collisions,Driver,unknown,,0,West,"Automobile, Station Wagon",Going Ahead,Failed to Yield Right of Way,Unknown, , , , , , ,1,0,1,0,0,0,0,0,0,1,0,0,0,0
1113871,2009,7,4,3,0,5,43.69594538,-79.44909029,Eglinton-Lawrence (15),15,Oakwood Village (107),107,D13,North York,EGLINTON AVE W,DUFFERIN ST, ,Major Arterial,Mid-Block, ,No Control,Clear,Dark,Dry,Non-Fatal Injury,Pedestrian Collisions,Pedestrian,45 to 49,Major,0,North,Other, , , ,Pedestrian hit at mid-block,"Crossing, no Traffic Control",Normal, , , ,1,0,1,0,0,0,0,0,0,1,0,0,0,0
2015989979,2015,6,13,3,0,5,43.62264593,-79.50246821,Etobicoke-Lakeshore (6),6,Stonegate-Queensway (16),16,D22,Etobicoke York,F G GARDINER XY  W,ROYAL YORK RD, ,Expressway,Mid-Block, ,No Control,Rain,Dark,Wet,Fatal,SMV Other,Driver,20 to 24,Fatal,30,West,"Automobile, Station Wagon",Going Ahead,Exceeding Speed Limit,Unknown, , , , , , ,0,0,1,0,0,0,0,0,1,1,0,0,0,1
6000440482,2016,3,14,3,0,0,43.73373755,-79.53821192,York West (7),7,Pelmo Park-Humberlea (23),23,D31,Etobicoke York,SHEPPARD AVE W,WESTON RD,2 m West of,Minor Arterial,Intersection,Intersection Related,Traffic Signal,Rain,"Dark, artificial",Wet,Non-Fatal Injury,SMV Other,Driver,25 to 29,Major,0,West,"Automobile, Station Wagon",Unknown,Lost control,"Ability Impaired, Alcohol", , , , , , ,0,0,1,0,0,0,0,1,0,0,0,1,0,0
6000440482,2016,3,14,3,0,0,43.73373755,-79.53821192,York West (7),7,Pelmo Park-Humberlea (23),23,D31,Etobicoke York,SHEPPARD AVE W,WESTON RD,2 m West of,Minor Arterial,Intersection,Intersection Related,Traffic Signal,Rain,"Dark, artificial",Wet,Non-Fatal Injury,SMV Other,Passenger,25 to 29,Minor,0, , , , , , , , , , , ,0,0,1,0,0,0,0,1,0,0,0,1,0,0
7000355242,2017,2,26,3,0,6,43.73662527,-79.24805079,Scarborough Southwest (35),35,Kennedy Park (124),124,D41,Scarborough,EGLINTON AVE E,BRIMLEY RD,30 m East of,Major Arterial,Mid-Block,Intersection Related,No Control,Clear,"Dark, artificial",Dry,Non-Fatal Injury,Rear End,Driver,20 to 24,Minimal,0,East,"Automobile, Station Wagon",Going Ahead,Exceeding Speed Limit,"Ability Impaired, Alcohol Over .08", , , , , , ,0,0,1,0,0,0,0,1,1,1,0,1,0,0
7000355242,2017,2,26,3,0,6,43.73662527,-79.24805079,Scarborough Southwest (35),35,Kennedy Park (124),124,D41,Scarborough,EGLINTON AVE E,BRIMLEY RD,30 m East of,Major Arterial,Mid-Block,Intersection Related,No Control,Clear,"Dark, artificial",Dry,Non-Fatal Injury,Rear End,Driver,45 to 49,Major,0,East,"Automobile, Station Wagon",Going Ahead,Driving Properly,Normal, , , , , , ,0,0,1,0,0,0,0,1,1,1,0,1,0,0