ACCNUM,YEAR,MONTH,DAY,HOUR,MINUTES,WEEKDAY,LATITUDE,LONGITUDE,Ward_Name,Ward_ID,Hood_Name,Hood_ID,Division,District,STREET1,STREET2,OFFSET,ROAD_CLASS,LOCCOORD,ACCLOC,TRAFFCTL,VISIBILITY,LIGHT,RDSFCOND,ACCLASS,IMPACTYPE,INVTYPE,INVAGE,INJURY,FATAL_NO,INITDIR,VEHTYPE,MANOEUVER,DRIVACT,DRIVCOND,PEDTYPE,PEDACT,PEDCOND,CYCLISTYPE,CYCACT,CYCCOND,PEDESTRIAN,CYCLIST,AUTOMOBILE,MOTORCYCLE,TRUCK,TRSN_CITY_VEH,EMERG_VEH,PASSENGER,SPEEDING,AG_DRIV,REDLIGHT,ALCOHOL,DISABILITY,label
7000355242,2017,2,26,3,0,6,43.73662527,-79.24805079,Scarborough Southwest (35),35,Kennedy Park (124),124,D41,Scarborough,EGLINTON AVE E,BRIMLEY RD,30 m East of,Major Arterial,Mid-Block,Intersection Related,No Control,Clear,"Dark, artificial",Dry,Non-Fatal Injury,Rear End,Passenger,20 to 24,Major,0, , , , , , , , , , , ,0,0,1,0,0,0,0,1,1,1,0,1,0,0
7000355242,2017,2,26,3,0,6,43.73662527,-79.24805079,Scarborough Southwest (35),35,Kennedy Park (124),124,D41,Scarborough,EGLINTON AVE E,BRIMLEY RD,30 m East of,Major Arterial,Mid-Block,Intersection Related,No Control,Clear,"Dark, artificial",Dry,Non-Fatal Injury,Rear End,Passenger,20 to 24,,0, , , , , , , , , , , ,0,0,1,0,0,0,0,1,1,1,0,1,0,0
7000355242,2017,2,26,3,0,6,43.73662527,-79.24805079,Scarborough Southwest (35),35,Kennedy Park (124),124,D41,Scarborough,EGLINTON AVE E,BRIMLEY RD,30 m East of,Major Arterial,Mid-Block,Intersection Related,No Control,Clear,"Dark, artificial",Dry,Non-Fatal Injury,Rear End,Passenger,20 to 24,Minor,0, , , , , , , , , , , ,0,0,1,0,0,0,0,1,1,1,0,1,0,0
1150954,2010,1,8,3,2,4,43.65474538,-79.38829029,Toronto Centre-Rosedale (27),27,Bay Street Corridor (76),76,D52,Toronto East York,UNIVERSITY Ave,DUNDAS St W, ,Major Arterial,Intersection, ,No Control,Clear,Dark,Wet,Non-Fatal Injury,Pedestrian Collisions,Driver,30 to 34,,0,North,"Automobile, Station Wagon",Going Ahead,Driving Properly,Normal, , , , , , ,1,0,1,0,0,0,0,0,0,0,0,0,0,0
1150954,2010,1,8,3,2,4,43.65474538,-79.38829029,Toronto Centre-Rosedale (27),27,Bay Street Corridor (76),76,D52,Toronto East York,UNIVERSITY Ave,DUNDAS St W, ,Major Arterial,Intersection, ,No Control,Clear,Dark,Wet,Non-Fatal Injury,Pedestrian Collisions,Pedestrian,60 to 64,Major,0,East,Other,Going Ahead, , ,Vehicle is going straight thru inter.while ped cross without ROW,"Crossing, no Traffic Control",Inattentive, , , ,1,0,1,0,0,0,0,0,0,0,0,0,0,0
6000477912,2016,3,20,3,3,6,43.64731939999999,-79.37972651,Toronto Centre-Rosedale (28),28,Bay Street Corridor (76),76,D52,Toronto East York,BAY ST,WELLINGTON ST W, ,Major Arterial,Intersection,At Intersection,Traffic Signal,Clear,"Dark, artificial",Dry,Non-Fatal Injury,Angle,Driver,15 to 19,,0,North,"Automobile, Station Wagon",Going Ahead,Disobeyed Traffic Control,Unknown, , , , , , ,0,0,1,0,0,0,0,1,0,1,1,0,0,0
6000477912,2016,3,20,3,3,6,43.64731939999999,-79.37972651,Toronto Centre-Rosedale (28),28,Bay Street Corridor (76),76,D52,Toronto East York,BAY ST,WELLINGTON ST W, ,Major Arterial,Intersection,At Intersection,Traffic Signal,Clear,"Dark, artificial",Dry,Non-Fatal Injury,Angle,Driver,35 to 39,Major,0,West,"Automobile, Station Wagon",Going Ahead,Driving Properly,Normal, , , , , , ,0,0,1,0,0,0,0,1,0,1,1,0,0,0
6000477912,2016,3,20,3,3,6,43.64731939999999,-79.37972651,Toronto Centre-Rosedale (28),28,Bay Street Corridor (76),76,D52,Toronto East York,BAY ST,WELLINGTON ST W, ,Major Arterial,Intersection,At Intersection,Traffic Signal,Clear,"Dark, artificial",Dry,Non-Fatal Injury,Angle,Passenger,unknown,Minimal,0, , , , , , , , , , , ,0,0,1,0,0,0,0,1,0,1,1,0,0,0
6000477912,2016,3,20,3,3,6,43.64731939999999,-79.37972651,Toronto Centre-Rosedale (28),28,Bay Street Corridor (76),76,D52,Toronto East York,BAY ST,WELLINGTON ST W, ,Major Arterial,Intersection,At Intersection,Traffic Signal,Clear,"Dark, artificial",Dry,Non-Fatal Injury,Angle,Passenger,15 to 19,Major,0, , , , , , , , , , , ,0,0,1,0,0,0,0,1,0,1,1,0,0,0
6000477912,2016,3,20,3,3,6,43.64731939999999,-79.37972651,Toronto Centre-Rosedale (28),28,Bay Street Corridor (76),76,D52,Toronto East York,BAY ST,WELLINGTON ST W, ,Major Arterial,Intersection,At Intersection,Traffic Signal,Clear,"Dark, artificial",Dry,Non-Fatal Injury,Angle,Passenger,15 to 19,Minimal,0, , , , , , , , , , , ,0,0,1,0,0,0,0,1,0,1,1,0,0,0
6000477912,2016,3,20,3,3,6,43.64731939999999,-79.37972651,Toronto Centre-Rosedale (28),28,Bay Street Corridor (76),76,D52,Toronto East York,BAY ST,WELLINGTON ST W, ,Major Arterial,Intersection,At Intersection,Traffic Signal,Clear,"Dark, artificial",Dry,Non-Fatal Injury,Angle,Passenger,10 to 14,Minimal,0, , , , , , , , , , , ,0,0,1,0,0,0,0,1,0,1,1,0,0,0
6000477912,2016,3,20,3,3,6,43.64731939999999,-79.37972651,Toronto Centre-Rosedale (28),28,Bay Street Corridor (76),76,D52,Toronto East York,BAY ST,WELLINGTON ST W, ,Major Arterial,Intersection,At Intersection,Traffic Signal,Clear,"Dark, artificial",Dry,Non-Fatal Injury,Angle,Passenger,30 to 34,Major,0, , , , , , , , , , , ,0,0,1,0,0,0,0,1,0,1,1,0,0,0
6000477912,2016,3,20,3,3,6,43.64731939999999,-79.37972651,Toronto Centre-Rosedale (28),28,Bay Street Corridor (76),76,D52,Toronto East York,BAY ST,WELLINGTON ST W, ,Major Arterial,Intersection,At Intersection,Traffic Signal,Clear,"Dark, artificial",Dry,Non-Fatal Injury,Angle,Passenger,25 to 29,Minor,0, , , , , , , , , , , ,0,0,1,0,0,0,0,1,0,1,1,0,0,0
6001053517,2016,6,17,3,3,4,43.71567496,-79.26038752,Scarborough Southwest (35),35,Clairlea-Birchmount (120),120,D41,Scarborough,DANFORTH RD,ST CLAIR AVE E,92.1 m south,Minor Arterial,Mid-Block,Non Intersection,No Control,Clear,"Dark, artificial",Dry,Fatal,Pedestrian Collisions,Pedestrian,20 to 24,Fatal,38,North, , , , ,Pedestrian hit at mid-block,Running onto Roadway,Other, , , ,1,0,1,0,0,0,0,0,0,0,0,0,0,1
6001053517,2016,6,17,3,3,4,43.71567496,-79.26038752,Scarborough Southwest (35),35,Clairlea-Birchmount (120),120,D41,Scarborough,DANFORTH RD,ST CLAIR AVE E,92.1 m south,Minor Arterial,Mid-Block,Non Intersection,No Control,Clear,"Dark, artificial",Dry,Fatal,Pedestrian Collisions,Driver,unknown,,0,South,"Automobile, Station Wagon",Going Ahead,Other,Unknown, , , , , , ,1,0,1,0,0,0,0,0,0,0,0,0,0,1
3001107258,2013,12,7,3,4,5,43.76210745,-79.50312434,York West (8),8,York University Heights (27),27,D31,North York,35 FOUNTAINHEAD RD, , ,Local,Mid-Block,Non Intersection,No Control,Clear,"Dark, artificial",Dry,Non-Fatal Injury,Pedestrian Collisions,Driver,unknown,,0,West,"Automobile, Station Wagon",Other,Failed to Yield Right of Way,Unknown, , , , , , ,1,0,1,0,0,0,0,0,0,1,0,0,0,0
3001107258,2013,12,7,3,4,5,43.76210745,-79.50312434,York West (8),8,York University Heights (27),27,D31,North York,35 FOUNTAINHEAD RD, , ,Local,Mid-Block,Non Intersection,No Control,Clear,"Dark, artificial",Dry,Non-Fatal Injury,Pedestrian Collisions,Pedestrian,20 to 24,Major,0,West,"Automobile, Station Wagon", , , ,Pedestrian hit at mid-block,"Crossing, no Traffic Control",Had Been Drinking, , , ,1,0,1,0,0,0,0,0,0,1,0,0,0,0
5000589583,2015,4,10,3,4,4,43.73219259,-79.26792536,Scarborough Southwest (35),35,Kennedy Park (124),124,D41,Scarborough,KENNEDY RD,EGLINTON AVE E, ,Major Arterial,Intersection,At Intersection,Traffic Signal,Rain,"Dark, artificial",Wet,Non-Fatal Injury,Angle,Driver,40 to 44,,0,West,"Automobile, Station Wagon",Going Ahead,Driving Properly,Normal, , , , , , ,0,0,1,0,0,0,0,1,0,1,1,0,0,0
5000589583,2015,4,10,3,4,4,43.73219259,-79.26792536,Scarborough Southwest (35),35,Kennedy Park (124),124,D41,Scarborough,KENNEDY RD,EGLINTON AVE E, ,Major Arterial,Intersection,At Intersection,Traffic Signal,Rain,"Dark, artificial",Wet,Non-Fatal Injury,Angle,Driver,20 to 24,Major,0,North,"Automobile, Station Wagon",Going Ahead,Disobeyed Traffic Control,Normal, , , , , , ,0,0,1,0,0,0,0,1,0,1,1,0,0,0
5000589583,2015,4,10,3,4,4,43.73219259,-79.26792536,Scarborough Southwest (35),35,Kennedy Park (124),124,D41,Scarborough,KENNEDY RD,EGLINTON AVE E, ,Major Arterial,Intersection,At Intersection,Traffic Signal,Rain,"Dark, artificial",Wet,Non-Fatal Injury,Angle,Passenger,25 to 29,Major,0, , , , , , , , , , , ,0,0,1,0,0,0,0,1,0,1,1,0,0,0
958634,2007,3,14,3,5,2,43.65764538,-79.40819029,Trinity-Spadina (20),20,University (79),79,D14,Toronto East York,BATHURST ST,COLLEGE ST, ,Major Arterial,Mid-Block, ,Pedestrian Crossover,Clear,Dark,Wet,Non-Fatal Injury,Sideswipe,Passenger,35 to 39,,0, ,Other, , , , , , , , , ,0,0,1,0,0,0,0,1,0,0,0,1,0,0
958634,2007,3,14,3,5,2,43.65764538,-79.40819029,Trinity-Spadina (20),20,University (79),79,D14,Toronto East York,BATHURST ST,COLLEGE ST, ,Major Arterial,Mid-Block, ,Pedestrian Crossover,Clear,Dark,Wet,Non-Fatal Injury,Sideswipe,Vehicle Owner,unknown,,0, ,"Automobile, Station Wagon", , , , , , , , , ,0,0,1,0,0,0,0,1,0,0,0,1,0,0
958634,2007,3,14,3,5,2,43.65764538,-79.40819029,Trinity-Spadina (20),20,University (79),79,D14,Toronto East York,BATHURST ST,COLLEGE ST, ,Major Arterial,Mid-Block, ,Pedestrian Crossover,Clear,Dark,Wet,Non-Fatal Injury,Sideswipe,Driver,45 to 49,,0,North,"Automobile, Station Wagon",Going Ahead,Driving Properly,Normal, , , , , , ,0,0,1,0,0,0,0,1,0,0,0,1,0,0
958634,2007,3,14,3,5,2,43.65764538,-79.40819029,Trinity-Spadina (20),20,University (79),79,D14,Toronto East York,BATHURST ST,COLLEGE ST, ,Major Arterial,Mid-Block, ,Pedestrian Crossover,Clear,Dark,Wet,Non-Fatal Injury,Sideswipe,Passenger,20 to 24,Major,0, ,Other, , , , , , , , , ,0,0,1,0,0,0,0,1,0,0,0,1,0,0
958634,2007,3,14,3,5,2,43.65764538,-79.40819029,Trinity-Spadina (20),20,University (79),79,D14,Toronto East York,BATHURST ST,COLLEGE ST, ,Major Arterial,Mid-Block, ,Pedestrian Crossover,Clear,Dark,Wet,Non-Fatal Injury,Sideswipe,Driver,25 to 29,Minimal,0,North,"Automobile, Station Wagon",Overtaking,Lost control,"Ability Impaired, Alcohol", , , , , , ,0,0,1,0,0,0,0,1,0,0,0,1,0,0
1258189,2011,10,10,5,40,0,43.80124538,-79.29659029,Scarborough-Agincourt (39),39,L'Amoreaux (117),117,D42,Scarborough,KENNEDY RD,FINCH AVE E, ,Major Arterial,Intersection,At Intersection,Traffic Signal,Clear,"Dark, artificial",Dry,Fatal,SMV Other,Other Property Owner,unknown, ,0, ,Other, , , , , , , , , ,0,0,1,0,0,0,0,1,0,0,0,0,0,1
1321216,2012,10,21,3,25,6,43.80794485,-79.31419001,Scarborough-Agincourt (39),39,Steeles (116),116,D42,Scarborough,MCNICOLL AVE,BIRCHMOUNT RD, ,Minor Arterial,Mid-Block,At Intersection,No Control,Clear,"Dark, artificial",Dry,Fatal,SMV Other,Driver,20 to 24,Minor,0,East,"Automobile, Station Wagon",Going Ahead,Exceeding Speed Limit,"Ability Impaired, Alcohol Over .08", , , , , , ,0,0,1,0,0,0,0,1,1,1,0,1,0,1
1187617,2010,7,30,5,5,4,43.69374538,-79.42259029,St. Paul's (21),21,Forest Hill South (101),101,D13,Toronto East York,BATHURST ST,ARDMORE RD, ,Major Arterial,Intersection,At Intersection,Stop Sign,Clear,Dark,Dry,Non-Fatal Injury,Turning Movement,Driver,25 to 29,,0,North,"Automobile, Station Wagon",Going Ahead,Driving Properly,Normal, , , , , , ,0,0,1,0,0,0,0,0,0,1,0,0,0,0
5000814405,2015,5,16,3,25,5,43.65517004,-79.45782862,Parkdale-High Park (14),14,High Park-Swansea (87),87,D11,Toronto East York,BLOOR ST W,INDIAN GRV,50 m West of,Major Arterial,Mid-Block,Non Intersection,No Control,Clear,"Dark, artificial",Dry,Fatal,Pedestrian Collisions,Driver,65 to 69,,0,East,"Automobile, Station Wagon",Going Ahead,Driving Properly,Normal, , , , , , ,1,0,1,0,0,0,0,1,0,0,0,0,0,1
1049124,2008,7,21,3,5,0,43.79794538,-79.42009029,Willowdale (23),23,Newtonbrook West (36),36,D32,North York,STEELES AVE E,YONGE ST, ,Major Arterial,Intersection,At Intersection,Traffic Signal,Clear,Dark,Dry,Fatal,Pedestrian Collisions,Passenger,20 to 24,Minor,0, ,Other, , , , , , , , , ,1,0,1,0,0,0,0,1,0,0,0,0,0,1
1100641,2009,4,22,5,41,2,43.74324538,-79.58209029,Etobicoke North (1),1,Thistletown-Beaumond Heights (3),3,D23,Etobicoke York,FINCH AVE W,KIPLING AVE, ,Major Arterial,Intersection, ,Traffic Signal,Clear,Dawn,Dry,Non-Fatal Injury,Pedestrian Collisions,Vehicle Owner,unknown, ,0, ,Other, , , , , , , , , ,1,0,1,0,0,0,0,0,0,0,0,0,0,0
1049124,2008,7,21,3,5,0,43.79794538,-79.42009029,Willowdale (23),23,Newtonbrook West (36),36,D32,North York,STEELES AVE E,YONGE ST, ,Major Arterial,Intersection,At Intersection,Traffic Signal,Clear,Dark,Dry,Fatal,Pedestrian Collisions,Driver,30 to 34,Minor,0,West,"Automobile, Station Wagon",Going Ahead,Driving Properly,Normal, , , , , , ,1,0,1,0,0,0,0,1,0,0,0,0,0,1
5000814405,2015,5,16,3,25,5,43.65517004,-79.45782862,Parkdale-High Park (14),14,High Park-Swansea (87),87,D11,Toronto East York,BLOOR ST W,INDIAN GRV,50 m West of,Major Arterial,Mid-Block,Non Intersection,No Control,Clear,"Dark, artificial",Dry,Fatal,Pedestrian Collisions,Pedestrian,40 to 44,Fatal,23,North, , , , ,Pedestrian hit at mid-block,"Crossing, no Traffic Control",Had Been Drinking, , , ,1,0,1,0,0,0,0,1,0,0,0,0,0,1
1049124,2008,7,21,3,5,0,43.79794538,-79.42009029,Willowdale (23),23,Newtonbrook West (36),36,D32,North York,STEELES AVE E,YONGE ST, ,Major Arterial,Intersection,At Intersection,Traffic Signal,Clear,Dark,Dry,Fatal,Pedestrian Collisions,Pedestrian,35 to 39,Fatal,34,North,Other, , , ,Vehicle is going straight thru inter.while ped cross without ROW,Crossing without right of way,Unknown, , , ,1,0,1,0,0,0,0,1,0,0,0,0,0,1
5000814405,2015,5,16,3,25,5,43.65517004,-79.45782862,Parkdale-High Park (14),14,High Park-Swansea (87),87,D11,Toronto East York,BLOOR ST W,INDIAN GRV,50 m West of,Major Arterial,Mid-Block,Non Intersection,No Control,Clear,"Dark, artificial",Dry,Fatal,Pedestrian Collisions,Passenger,30 to 34,,0, , , , , , , , , , , ,1,0,1,0,0,0,0,1,0,0,0,0,0,1
1100641,2009,4,22,5,41,2,43.74324538,-79.58209029,Etobicoke North (1),1,Thistletown-Beaumond Heights (3),3,D23,Etobicoke York,FINCH AVE W,KIPLING AVE, ,Major Arterial,Intersection, ,Traffic Signal,Clear,Dawn,Dry,Non-Fatal Injury,Pedestrian Collisions,Driver,40 to 44,,0,West,"Automobile, Station Wagon",Going Ahead,Driving Properly,Normal, , , , , , ,1,0,1,0,0,0,0,0,0,0,0,0,0,0
1082425,2008,12,14,3,5,6,43.75724538,-79.51769029,York West (8),8,Black Creek (24),24,D31,North York,FINCH AVE W,JANE ST, ,Major Arterial,Intersection,At Intersection,Traffic Signal,Freezing Rain,Dark,Wet,Non-Fatal Injury,Pedestrian Collisions,Driver,25 to 29,,0,West,"Automobile, Station Wagon",Going Ahead,Failed to Yield Right of Way,Normal, , , , , , ,1,0,1,0,0,0,0,0,0,1,0,0,0,0
7000750453,2017,4,29,3,25,5,43.67665823,-79.41574488,St. Paul's (21),21,Casa Loma (96),96,D13,Toronto East York,DAVENPORT ROAD,BATHURST ST,5 m East of,Minor Arterial,Intersection,Intersection Related,Traffic Signal,Clear,"Dark, artificial",Dry,Non-Fatal Injury,Pedestrian Collisions,Driver,70 to 74,,0,East,"Automobile, Station Wagon",Going Ahead,Other,Had Been Drinking, , , , , , ,1,0,1,0,0,0,0,0,0,0,0,0,0,0
1100641,2009,4,22,5,41,2,43.74324538,-79.58209029,Etobicoke North (1),1,Thistletown-Beaumond Heights (3),3,D23,Etobicoke York,FINCH AVE W,KIPLING AVE, ,Major Arterial,Intersection, ,Traffic Signal,Clear,Dawn,Dry,Non-Fatal Injury,Pedestrian Collisions,Pedestrian,55 to 59,Major,0,South,Other, , , ,Vehicle is going straight thru inter.while ped cross without ROW,Crossing without right of way,Medical or Physical Disability, , , ,1,0,1,0,0,0,0,0,0,0,0,0,0,0
1082425,2008,12,14,3,5,6,43.75724538,-79.51769029,York West (8),8,Black Creek (24),24,D31,North York,FINCH AVE W,JANE ST, ,Major Arterial,Intersection,At Intersection,Traffic Signal,Freezing Rain,Dark,Wet,Non-Fatal Injury,Pedestrian Collisions,Pedestrian,30 to 34,Major,0,South,Other, , , ,Vehicle is going straight thru inter.while ped cross with ROW,Crossing with right of way,Normal, , , ,1,0,1,0,0,0,0,0,0,1,0,0,0,0
7000750453,2017,4,29,3,25,5,43.67665823,-79.41574488,St. Paul's (21),21,Casa Loma (96),96,D13,Toronto East York,DAVENPORT ROAD,BATHURST ST,5 m East of,Minor Arterial,Intersection,Intersection Related,Traffic Signal,Clear,"Dark, artificial",Dry,Non-Fatal Injury,Pedestrian Collisions,Pedestrian,30 to 34,Major,0,North, , , , ,Vehicle is going straight thru inter.while ped cross without ROW,Crossing without right of way,Inattentive, , , ,1,0,1,0,0,0,0,0,0,0,0,0,0,0
958417,2007,3,3,3,26,5,43.68614538,-79.31069029,Beaches-East York (32),32,East End-Danforth (62),62,D55,Toronto East York,DANFORTH Aven,CEDARVALE Aven, ,Major Arterial,Intersection, ,No Control,Clear,Dark,Ice,Non-Fatal Injury,Approaching,Driver,40 to 44,Major,0,East,"Automobile, Station Wagon",Going Ahead,Other,Had Been Drinking, , , , , , ,0,0,1,0,0,0,0,1,0,0,0,0,0,0
958417,2007,3,3,3,26,5,43.68614538,-79.31069029,Beaches-East York (32),32,East End-Danforth (62),62,D55,Toronto East York,DANFORTH Aven,CEDARVALE Aven, ,Major Arterial,Intersection, ,No Control,Clear,Dark,Ice,Non-Fatal Injury,Approaching,Passenger,30 to 34,Major,0, ,Other, , , , , , , , , ,0,0,1,0,0,0,0,1,0,0,0,0,0,0
958417,2007,3,3,3,26,5,43.68614538,-79.31069029,Beaches-East York (32),32,East End-Danforth (62),62,D55,Toronto East York,DANFORTH Aven,CEDARVALE Aven, ,Major Arterial,Intersection, ,No Control,Clear,Dark,Ice,Non-Fatal Injury,Approaching,Vehicle Owner,unknown,,0, ,Other, , , , , , , , , ,0,0,1,0,0,0,0,1,0,0,0,0,0,0
958417,2007,3,3,3,26,5,43.68614538,-79.31069029,Beaches-East York (32),32,East End-Danforth (62),62,D55,Toronto East York,DANFORTH Aven,CEDARVALE Aven, ,Major Arterial,Intersection, ,No Control,Clear,Dark,Ice,Non-Fatal Injury,Approaching,Driver,45 to 49,Major,0,West,"Automobile, Station Wagon",Going Ahead,Other,Normal, , , , , , ,0,0,1,0,0,0,0,1,0,0,0,0,0,0
6000607400,2016,4,10,3,26,6,43.73937948,-79.51320277,York Centre (9),9,Glenfield-Jane Heights (25),25,D31,North York,JANE ST,SHEPPARD AVE W, ,Major Arterial,Intersection,Intersection Related,Traffic Signal,Clear,"Dark, artificial",Dry,Fatal,Rear End,Passenger,20 to 24,Fatal,23, , , , , , , , , , , ,0,0,1,0,0,0,0,1,1,1,0,0,0,1
6000607400,2016,4,10,3,26,6,43.73937948,-79.51320277,York Centre (9),9,Glenfield-Jane Heights (25),25,D31,North York,JANE ST,SHEPPARD AVE W, ,Major Arterial,Intersection,Intersection Related,Traffic Signal,Clear,"Dark, artificial",Dry,Fatal,Rear End,Passenger,20 to 24,Fatal,24, , , , , , , , , , , ,0,0,1,0,0,0,0,1,1,1,0,0,0,1
6000607400,2016,4,10,3,26,6,43.73937948,-79.51320277,York Centre (9),9,Glenfield-Jane Heights (25),25,D31,North York,JANE ST,SHEPPARD AVE W, ,Major Arterial,Intersection,Intersection Related,Traffic Signal,Clear,"Dark, artificial",Dry,Fatal,Rear End,Passenger,15 to 19,Fatal,22, , , , , , , , , , , ,0,0,1,0,0,0,0,1,1,1,0,0,0,1
6000607400,2016,4,10,3,26,6,43.73937948,-79.51320277,York Centre (9),9,Glenfield-Jane Heights (25),25,D31,North York,JANE ST,SHEPPARD AVE W, ,Major Arterial,Intersection,Intersection Related,Traffic Signal,Clear,"Dark, artificial",Dry,Fatal,Rear End,Passenger,20 to 24,Major,0, , , , , , , , , , , ,0,0,1,0,0,0,0,1,1,1,0,0,0,1
6000607400,2016,4,10,3,26,6,43.73937948,-79.51320277,York Centre (9),9,Glenfield-Jane Heights (25),25,D31,North York,JANE ST,SHEPPARD AVE W, ,Major Arterial,Intersection,Intersection Related,Traffic Signal,Clear,"Dark, artificial",Dry,Fatal,Rear End,Driver,20 to 24,Major,0,South,"Automobile, Station Wagon",Changing Lanes,Speed too Fast For Condition,Had Been Drinking, , , , , , ,0,0,1,0,0,0,0,1,1,1,0,0,0,1
6000607400,2016,4,10,3,26,6,43.73937948,-79.51320277,York Centre (9),9,Glenfield-Jane Heights (25),25,D31,North York,JANE ST,SHEPPARD AVE W, ,Major Arterial,Intersection,Intersection Related,Traffic Signal,Clear,"Dark, artificial",Dry,Fatal,Rear End,Driver,45 to 49,Minor,0,South,"Automobile, Station Wagon",Stopped,Driving Properly,Normal, , , , , , ,0,0,1,0,0,0,0,1,1,1,0,0,0,1
7003072414,2017,11,26,3,27,6,43.82398938,-79.24777629,Scarborough-Rouge River (42),42,Rouge (131),131,D42,Scarborough,MARKHAM RD,MCNICOLL AVE, ,Major Arterial,Intersection,At Intersection,Traffic Signal,Clear,"Dark, artificial",Dry,Non-Fatal Injury,Approaching,Driver,0 to 4,,0,South,"Automobile, Station Wagon",Going Ahead,Improper Turn,Unknown, , , , , , ,0,0,1,0,0,0,0,1,1,1,0,0,0,0
7003072414,2017,11,26,3,27,6,43.82398938,-79.24777629,Scarborough-Rouge River (42),42,Rouge (131),131,D42,Scarborough,MARKHAM RD,MCNICOLL AVE, ,Major Arterial,Intersection,At Intersection,Traffic Signal,Clear,"Dark, artificial",Dry,Non-Fatal Injury,Approaching,Driver,60 to 64,Minor,0,North,"Automobile, Station Wagon",Going Ahead,Driving Properly,Normal, , , , , , ,0,0,1,0,0,0,0,1,1,1,0,0,0,0
7003072414,2017,11,26,3,27,6,43.82398938,-79.24777629,Scarborough-Rouge River (42),42,Rouge (131),131,D42,Scarborough,MARKHAM RD,MCNICOLL AVE, ,Major Arterial,Intersection,At Intersection,Traffic Signal,Clear,"Dark, artificial",Dry,Non-Fatal Injury,Approaching,Passenger,85 to 89,Minor,0, , , , , , , , , , , ,0,0,1,0,0,0,0,1,1,1,0,0,0,0
7003072414,2017,11,26,3,27,6,43.82398938,-79.24777629,Scarborough-Rouge River (42),42,Rouge (131),131,D42,Scarborough,MARKHAM RD,MCNICOLL AVE, ,Major Arterial,Intersection,At Intersection,Traffic Signal,Clear,"Dark, artificial",Dry,Non-Fatal Injury,Approaching,Passenger,55 to 59,Major,0, , , , , , , , , , , ,0,0,1,0,0,0,0,1,1,1,0,0,0,0
1019958,2008,1,11,3,28,4,43.68764538,-79.42369029,St. Paul's (21),21,Humewood-Cedarvale (106),106,D13,Toronto East York,VAUGHAN RD,KENWOOD AVE, ,Minor Arterial,Intersection,At Intersection,Traffic Signal,Rain,Dark,Wet,Non-Fatal Injury,Angle,Passenger,15 to 19,Minor,0, ,Other, , , , , , , , , ,0,0,1,0,0,0,0,1,1,1,1,0,0,0
1019958,2008,1,11,3,28,4,43.68764538,-79.42369029,St. Paul's (21),21,Humewood-Cedarvale (106),106,D13,Toronto East York,VAUGHAN RD,KENWOOD AVE, ,Minor Arterial,Intersection,At Intersection,Traffic Signal,Rain,Dark,Wet,Non-Fatal Injury,Angle,Passenger,20 to 24,Major,0, ,Other, , , , , , , , , ,0,0,1,0,0,0,0,1,1,1,1,0,0,0
1019958,2008,1,11,3,28,4,43.68764538,-79.42369029,St. Paul's (21),21,Humewood-Cedarvale (106),106,D13,Toronto East York,VAUGHAN RD,KENWOOD AVE, ,Minor Arterial,Intersection,At Intersection,Traffic Signal,Rain,Dark,Wet,Non-Fatal Injury,Angle,Driver,20 to 24,Minor,0,West,"Automobile, Station Wagon",Going Ahead,Exceeding Speed Limit,Normal, , , , , , ,0,0,1,0,0,0,0,1,1,1,1,0,0,0
1019958,2008,1,11,3,28,4,43.68764538,-79.42369029,St. Paul's (21),21,Humewood-Cedarvale (106),106,D13,Toronto East York,VAUGHAN RD,KENWOOD AVE, ,Minor Arterial,Intersection,At Intersection,Traffic Signal,Rain,Dark,Wet,Non-Fatal Injury,Angle,Other Property Owner,unknown, ,0, ,Other, , , , , , , , , ,0,0,1,0,0,0,0,1,1,1,1,0,0,0
1019958,2008,1,11,3,28,4,43.68764538,-79.42369029,St. Paul's (21),21,Humewood-Cedarvale (106),106,D13,Toronto East York,VAUGHAN RD,KENWOOD AVE, ,Minor Arterial,Intersection,At Intersection,Traffic Signal,Rain,Dark,Wet,Non-Fatal Injury,Angle,Other Property Owner,unknown, ,0, ,Other, , , , , , , , , ,0,0,1,0,0,0,0,1,1,1,1,0,0,0
1019958,2008,1,11,3,28,4,43.68764538,-79.42369029,St. Paul's (21),21,Humewood-Cedarvale (106),106,D13,Toronto East York,VAUGHAN RD,KENWOOD AVE, ,Minor Arterial,Intersection,At Intersection,Traffic Signal,Rain,Dark,Wet,Non-Fatal Injury,Angle,Driver,unknown,,0,North,"Automobile, Station Wagon",Going Ahead,Disobeyed Traffic Control,Unknown, , , , , , ,0,0,1,0,0,0,0,1,1,1,1,0,0,0
1220521,2011,1,1,3,28,5,43.66504538,-79.47019029,Parkdale-High Park (13),13,Junction Area (90),90,D11,Etobicoke York,HIGH PARK AVE,DUNDAS ST W, ,Local,Mid-Block, ,No Control,Clear,Dark,Wet,Non-Fatal Injury,Pedestrian Collisions,Driver,55 to 59,,0,South,"Automobile, Station Wagon",Going Ahead,Driving Properly,Normal, , , , , , ,1,0,1,0,0,0,0,0,0,0,0,0,0,0