ACCNUM,YEAR,MONTH,DAY,HOUR,MINUTES,WEEKDAY,LATITUDE,LONGITUDE,Ward_Name,Ward_ID,Hood_Name,Hood_ID,Division,District,STREET1,STREET2,OFFSET,ROAD_CLASS,LOCCOORD,ACCLOC,TRAFFCTL,VISIBILITY,LIGHT,RDSFCOND,ACCLASS,IMPACTYPE,INVTYPE,INVAGE,INJURY,FATAL_NO,INITDIR,VEHTYPE,MANOEUVER,DRIVACT,DRIVCOND,PEDTYPE,PEDACT,PEDCOND,CYCLISTYPE,CYCACT,CYCCOND,PEDESTRIAN,CYCLIST,AUTOMOBILE,MOTORCYCLE,TRUCK,TRSN_CITY_VEH,EMERG_VEH,PASSENGER,SPEEDING,AG_DRIV,REDLIGHT,ALCOHOL,DISABILITY,label
1220521,2011,1,1,3,28,5,43.66504538,-79.47019029,Parkdale-High Park (13),13,Junction Area (90),90,D11,Etobicoke York,HIGH PARK AVE,DUNDAS ST W, ,Local,Mid-Block, ,No Control,Clear,Dark,Wet,Non-Fatal Injury,Pedestrian Collisions,Pedestrian,25 to 29,Major,0,Unknown,Other, , , ,Other / Undefined,Other,"Ability Impaired, Alcohol", , , ,1,0,1,0,0,0,0,0,0,0,0,0,0,0
1146864,2010,1,10,3,29,6,43.65274538,-79.36319029,Toronto Centre-Rosedale (28),28,Moss Park (73),73,D51,Toronto East York,KING ST E,PARLIAMENT ST, ,Major Arterial,Intersection,At Intersection,Traffic Signal,Clear,Dark,Dry,Fatal,Approaching,Driver,35 to 39,Fatal,1,East,"Automobile, Station Wagon",Going Ahead,Lost control,Had Been Drinking, , , , , , ,0,0,1,0,0,0,0,0,1,1,0,0,0,1
1146864,2010,1,10,3,29,6,43.65274538,-79.36319029,Toronto Centre-Rosedale (28),28,Moss Park (73),73,D51,Toronto East York,KING ST E,PARLIAMENT ST, ,Major Arterial,Intersection,At Intersection,Traffic Signal,Clear,Dark,Dry,Fatal,Approaching,Vehicle Owner,unknown, ,0, ,Other, , , , , , , , , ,0,0,1,0,0,0,0,0,1,1,0,0,0,1
1146864,2010,1,10,3,29,6,43.65274538,-79.36319029,Toronto Centre-Rosedale (28),28,Moss Park (73),73,D51,Toronto East York,KING ST E,PARLIAMENT ST, ,Major Arterial,Intersection,At Intersection,Traffic Signal,Clear,Dark,Dry,Fatal,Approaching,Driver,35 to 39,Minor,0,West,"Automobile, Station Wagon",Going Ahead,Driving Properly,Normal, , , , , , ,0,0,1,0,0,0,0,0,1,1,0,0,0,1
6001406724,2016,8,10,3,29,2,43.74478491,-79.24468622,Scarborough Centre (38),38,Eglinton East (138),138,D43,Scarborough,DANFORTH RD,THICKETWOOD DR      (431), ,Major Arterial,Intersection,Intersection Related,Stop Sign,Clear,"Daylight, artificial",Wet,Non-Fatal Injury,Pedestrian Collisions,Driver,0 to 4,,0,Unknown, ,Going Ahead,Driving Properly,Unknown, , , , , , ,1,0,0,0,0,0,0,0,0,0,0,0,0,0
6001406724,2016,8,10,3,29,2,43.74478491,-79.24468622,Scarborough Centre (38),38,Eglinton East (138),138,D43,Scarborough,DANFORTH RD,THICKETWOOD DR      (431), ,Major Arterial,Intersection,Intersection Related,Stop Sign,Clear,"Daylight, artificial",Wet,Non-Fatal Injury,Pedestrian Collisions,Pedestrian,15 to 19,Major,0,Unknown, , , , ,Other / Undefined,Crossing without right of way,Inattentive, , , ,1,0,0,0,0,0,0,0,0,0,0,0,0,0
944795,2007,1,1,3,30,0,43.69024538,-79.57709029,Etobicoke North (2),2,West Humber-Clairville (1),1,D23,Etobicoke York,DIXON RD,KELFIELD ST, ,Major Arterial,Intersection, ,Traffic Signal,Rain,Dark,Wet,Non-Fatal Injury,Pedestrian Collisions,Driver,25 to 29,,0,North,"Automobile, Station Wagon",Going Ahead,Driving Properly,Normal, , , , , , ,1,0,1,0,0,0,0,0,0,0,0,0,0,0
944795,2007,1,1,3,30,0,43.69024538,-79.57709029,Etobicoke North (2),2,West Humber-Clairville (1),1,D23,Etobicoke York,DIXON RD,KELFIELD ST, ,Major Arterial,Intersection, ,Traffic Signal,Rain,Dark,Wet,Non-Fatal Injury,Pedestrian Collisions,Pedestrian,70 to 74,Major,0,East,Other, , , ,Vehicle is going straight thru inter.while ped cross without ROW,Crossing without right of way,Inattentive, , , ,1,0,1,0,0,0,0,0,0,0,0,0,0,0
1187617,2010,7,30,5,5,4,43.69374538,-79.42259029,St. Paul's (21),21,Forest Hill South (101),101,D13,Toronto East York,BATHURST ST,ARDMORE RD, ,Major Arterial,Intersection,At Intersection,Stop Sign,Clear,Dark,Dry,Non-Fatal Injury,Turning Movement,Other Property Owner,unknown, ,0, ,Other, , , , , , , , , ,0,0,1,0,0,0,0,0,0,1,0,0,0,0
1203754,2010,11,14,3,30,6,43.66664538,-79.40389029,Trinity-Spadina (20),20,University (79),79,D14,Toronto East York,SPADINA Rd,BLOOR St W, ,Major Arterial,Intersection,At Intersection,Traffic Signal,Clear,Dark,Dry,Non-Fatal Injury,Pedestrian Collisions,Driver,unknown,,0,North,"Automobile, Station Wagon",Going Ahead,Failed to Yield Right of Way,Unknown, , , , , , ,1,0,1,0,0,0,0,0,0,1,0,0,0,0
1203754,2010,11,14,3,30,6,43.66664538,-79.40389029,Trinity-Spadina (20),20,University (79),79,D14,Toronto East York,SPADINA Rd,BLOOR St W, ,Major Arterial,Intersection,At Intersection,Traffic Signal,Clear,Dark,Dry,Non-Fatal Injury,Pedestrian Collisions,Pedestrian,20 to 24,Major,0,North,Other, , , ,Vehicle is going straight thru inter.while ped cross with ROW,Crossing with right of way,Had Been Drinking, , , ,1,0,1,0,0,0,0,0,0,1,0,0,0,0
1282222,2011,12,29,3,31,3,43.80564538,-79.21789029,Scarborough-Rouge River (42),42,Malvern (132),132,D42,Scarborough,NEILSON Rd,TAPSCOTT Rd, ,Minor Arterial,Mid-Block, ,No Control,Clear,Dark,Dry,Non-Fatal Injury,SMV Other,Passenger,20 to 24,Major,0, ,Other, , , , , , , , , ,0,0,1,0,0,0,0,1,1,1,0,1,0,0
1282222,2011,12,29,3,31,3,43.80564538,-79.21789029,Scarborough-Rouge River (42),42,Malvern (132),132,D42,Scarborough,NEILSON Rd,TAPSCOTT Rd, ,Minor Arterial,Mid-Block, ,No Control,Clear,Dark,Dry,Non-Fatal Injury,SMV Other,Driver,20 to 24,,0,North,"Automobile, Station Wagon",Going Ahead,Exceeding Speed Limit,"Ability Impaired, Alcohol", , , , , , ,0,0,1,0,0,0,0,1,1,1,0,1,0,0
1282222,2011,12,29,3,31,3,43.80564538,-79.21789029,Scarborough-Rouge River (42),42,Malvern (132),132,D42,Scarborough,NEILSON Rd,TAPSCOTT Rd, ,Minor Arterial,Mid-Block, ,No Control,Clear,Dark,Dry,Non-Fatal Injury,SMV Other,Other Property Owner,unknown, ,0, ,Other, , , , , , , , , ,0,0,1,0,0,0,0,1,1,1,0,1,0,0
7001803830,2017,10,5,3,31,3,43.72534521,-79.40224085,Don Valley West (25),25,Lawrence Park North (105),105,D32,North York,YONGE ST,LAWRENCE AVE W,100 m North of,Major Arterial,Mid-Block,Non Intersection,No Control,Clear,Dark,Dry,Fatal,Pedestrian Collisions,Pedestrian,20 to 24,Fatal,49,West, , , , ,Pedestrian hit at mid-block,"Crossing, no Traffic Control",Normal, , , ,1,0,0,0,0,0,0,0,0,0,0,0,0,1
7001803830,2017,10,5,3,31,3,43.72534521,-79.40224085,Don Valley West (25),25,Lawrence Park North (105),105,D32,North York,YONGE ST,LAWRENCE AVE W,100 m North of,Major Arterial,Mid-Block,Non Intersection,No Control,Clear,Dark,Dry,Fatal,Pedestrian Collisions,Pedestrian,unknown,,0,West, , , , ,Pedestrian hit at mid-block,"Crossing, no Traffic Control",Normal, , , ,1,0,0,0,0,0,0,0,0,0,0,0,0,1
7001803830,2017,10,5,3,31,3,43.72534521,-79.40224085,Don Valley West (25),25,Lawrence Park North (105),105,D32,North York,YONGE ST,LAWRENCE AVE W,100 m North of,Major Arterial,Mid-Block,Non Intersection,No Control,Clear,Dark,Dry,Fatal,Pedestrian Collisions,Driver,25 to 29,,0,South, ,Changing Lanes,Improper Lane Change,Normal, , , , , , ,1,0,0,0,0,0,0,0,0,0,0,0,0,1
1292618,2012,5,5,3,32,5,43.77304538,-79.28379029,Scarborough-Agincourt (40),40,Dorset Park (126),126,D41,Scarborough,KENNEDY RD,WILLIAM KITCHEN RD, ,Major Arterial,Intersection,At Intersection,Traffic Signal,Clear,"Dark, artificial",Dry,Non-Fatal Injury,Angle,Motorcycle Driver,35 to 39,Major,0,East,Motorcycle,Going Ahead,Disobeyed Traffic Control,Normal, , , , , , ,0,0,1,1,0,0,0,0,0,1,1,1,0,0
1292618,2012,5,5,3,32,5,43.77304538,-79.28379029,Scarborough-Agincourt (40),40,Dorset Park (126),126,D41,Scarborough,KENNEDY RD,WILLIAM KITCHEN RD, ,Major Arterial,Intersection,At Intersection,Traffic Signal,Clear,"Dark, artificial",Dry,Non-Fatal Injury,Angle,Driver,55 to 59,,0,North,"Automobile, Station Wagon",Going Ahead,Driving Properly,"Ability Impaired, Alcohol Over .08", , , , , , ,0,0,1,1,0,0,0,0,0,1,1,1,0,0
955425,2007,2,25,3,34,6,43.61454538,-79.54639029,Etobicoke-Lakeshore (5),5,Islington-City Centre West (14),14,D22,Etobicoke York,GARDINER X W 427 X N RAMP E,HIGHWAY 427 X Ramp N, ,Expressway,Mid-Block, ,No Control,Clear,Dark,Dry,Non-Fatal Injury,SMV Other,Vehicle Owner,unknown, ,0, ,Other, , , , , , , , , ,0,0,1,0,0,0,0,1,1,1,0,0,0,0
955425,2007,2,25,3,34,6,43.61454538,-79.54639029,Etobicoke-Lakeshore (5),5,Islington-City Centre West (14),14,D22,Etobicoke York,GARDINER X W 427 X N RAMP E,HIGHWAY 427 X Ramp N, ,Expressway,Mid-Block, ,No Control,Clear,Dark,Dry,Non-Fatal Injury,SMV Other,Passenger,30 to 34,Major,0, ,Other,Other, , , , , , , , ,0,0,1,0,0,0,0,1,1,1,0,0,0,0
955425,2007,2,25,3,34,6,43.61454538,-79.54639029,Etobicoke-Lakeshore (5),5,Islington-City Centre West (14),14,D22,Etobicoke York,GARDINER X W 427 X N RAMP E,HIGHWAY 427 X Ramp N, ,Expressway,Mid-Block, ,No Control,Clear,Dark,Dry,Non-Fatal Injury,SMV Other,Driver,20 to 24,Major,0,West,"Automobile, Station Wagon",Going Ahead,Lost control,Had Been Drinking, , , , , , ,0,0,1,0,0,0,0,1,1,1,0,0,0,0
1221131,2011,1,12,3,34,2,43.72224538,-79.41559029,Eglinton-Lawrence (16),16,Bedford Park-Nortown (39),39,D53,North York,AVENUE RD,LAWRENCE AVE W, ,Major Arterial,Intersection,At Intersection,Traffic Signal,Snow,Dark,Packed Snow,Non-Fatal Injury,Angle,Passenger,35 to 39,Minimal,0, ,Other, , , , , , , , , ,0,0,1,0,0,1,0,1,0,1,1,0,0,0
1221131,2011,1,12,3,34,2,43.72224538,-79.41559029,Eglinton-Lawrence (16),16,Bedford Park-Nortown (39),39,D53,North York,AVENUE RD,LAWRENCE AVE W, ,Major Arterial,Intersection,At Intersection,Traffic Signal,Snow,Dark,Packed Snow,Non-Fatal Injury,Angle,Vehicle Owner,unknown, ,0, ,Other, , , , , , , , , ,0,0,1,0,0,1,0,1,0,1,1,0,0,0
1221131,2011,1,12,3,34,2,43.72224538,-79.41559029,Eglinton-Lawrence (16),16,Bedford Park-Nortown (39),39,D53,North York,AVENUE RD,LAWRENCE AVE W, ,Major Arterial,Intersection,At Intersection,Traffic Signal,Snow,Dark,Packed Snow,Non-Fatal Injury,Angle,Driver,25 to 29,Major,0,North,"Automobile, Station Wagon",Going Ahead,Driving Properly,Normal, , , , , , ,0,0,1,0,0,1,0,1,0,1,1,0,0,0
1221131,2011,1,12,3,34,2,43.72224538,-79.41559029,Eglinton-Lawrence (16),16,Bedford Park-Nortown (39),39,D53,North York,AVENUE RD,LAWRENCE AVE W, ,Major Arterial,Intersection,At Intersection,Traffic Signal,Snow,Dark,Packed Snow,Non-Fatal Injury,Angle,Vehicle Owner,unknown, ,0, ,Other, , , , , , , , , ,0,0,1,0,0,1,0,1,0,1,1,0,0,0
1221131,2011,1,12,3,34,2,43.72224538,-79.41559029,Eglinton-Lawrence (16),16,Bedford Park-Nortown (39),39,D53,North York,AVENUE RD,LAWRENCE AVE W, ,Major Arterial,Intersection,At Intersection,Traffic Signal,Snow,Dark,Packed Snow,Non-Fatal Injury,Angle,Driver,45 to 49,,0,East,Municipal Transit Bus (TTC),Going Ahead,Disobeyed Traffic Control,Normal, , , , , , ,0,0,1,0,0,1,0,1,0,1,1,0,0,0
1334350,2012,11,20,3,35,1,43.65664538,-79.34889029,Toronto-Danforth (30),30,South Riverdale (70),70,D55,Toronto East York,EASTERN AVE DIVERSION Aven,BROADVIEW AVE, ,Major Arterial,Intersection, ,Traffic Signal,Clear,"Dark, artificial",Dry,Non-Fatal Injury,SMV Other,Vehicle Owner,unknown, ,0, ,Other, , , , , , , , , ,0,0,1,0,0,0,0,0,0,0,0,0,0,0
1334350,2012,11,20,3,35,1,43.65664538,-79.34889029,Toronto-Danforth (30),30,South Riverdale (70),70,D55,Toronto East York,EASTERN AVE DIVERSION Aven,BROADVIEW AVE, ,Major Arterial,Intersection, ,Traffic Signal,Clear,"Dark, artificial",Dry,Non-Fatal Injury,SMV Other,Driver,20 to 24,Major,0,East,"Automobile, Station Wagon",Going Ahead,Lost control,Unknown, , , , , , ,0,0,1,0,0,0,0,0,0,0,0,0,0,0
1334350,2012,11,20,3,35,1,43.65664538,-79.34889029,Toronto-Danforth (30),30,South Riverdale (70),70,D55,Toronto East York,EASTERN AVE DIVERSION Aven,BROADVIEW AVE, ,Major Arterial,Intersection, ,Traffic Signal,Clear,"Dark, artificial",Dry,Non-Fatal Injury,SMV Other,Other Property Owner,unknown, ,0, ,Other, , , , , , , , , ,0,0,1,0,0,0,0,0,0,0,0,0,0,0
1334350,2012,11,20,3,35,1,43.65664538,-79.34889029,Toronto-Danforth (30),30,South Riverdale (70),70,D55,Toronto East York,EASTERN AVE DIVERSION Aven,BROADVIEW AVE, ,Major Arterial,Intersection, ,Traffic Signal,Clear,"Dark, artificial",Dry,Non-Fatal Injury,SMV Other,Other Property Owner,unknown, ,0, ,Other, , , , , , , , , ,0,0,1,0,0,0,0,0,0,0,0,0,0,0
4001678969,2014,3,11,3,35,1,43.75121649,-79.63402186,Etobicoke North (1),1,West Humber-Clairville (1),1,D23,Etobicoke York,7001 STEELES AVE W, , ,Major Arterial,Mid-Block,Non Intersection,No Control,Clear,Dark,Dry,Non-Fatal Injury,SMV Other,Driver,45 to 49,Major,0,East,"Automobile, Station Wagon",Going Ahead,Exceeding Speed Limit,Fatigue, , , , , , ,0,0,1,0,0,0,0,0,1,1,0,0,0,0
947071,2007,1,14,3,36,6,43.68324538,-79.36189029,Toronto-Danforth (29),29,Broadview North (57),57,D54,Toronto East York,DON VALLEY PARKWAY  N,BAYVIEW BLOOR DVP RAMP, ,Expressway,Mid-Block, ,No Control,Clear,Dark,Dry,Non-Fatal Injury,SMV Other,Passenger,25 to 29,Major,0, ,Other, , , , , , , , , ,0,0,1,0,0,0,0,1,1,1,0,0,0,0
947071,2007,1,14,3,36,6,43.68324538,-79.36189029,Toronto-Danforth (29),29,Broadview North (57),57,D54,Toronto East York,DON VALLEY PARKWAY  N,BAYVIEW BLOOR DVP RAMP, ,Expressway,Mid-Block, ,No Control,Clear,Dark,Dry,Non-Fatal Injury,SMV Other,Vehicle Owner,unknown,,0, ,Other, , , , , , , , , ,0,0,1,0,0,0,0,1,1,1,0,0,0,0
947071,2007,1,14,3,36,6,43.68324538,-79.36189029,Toronto-Danforth (29),29,Broadview North (57),57,D54,Toronto East York,DON VALLEY PARKWAY  N,BAYVIEW BLOOR DVP RAMP, ,Expressway,Mid-Block, ,No Control,Clear,Dark,Dry,Non-Fatal Injury,SMV Other,Driver,25 to 29,Major,0,North,"Automobile, Station Wagon",Going Ahead,Lost control,Normal, , , , , , ,0,0,1,0,0,0,0,1,1,1,0,0,0,0
947071,2007,1,14,3,36,6,43.68324538,-79.36189029,Toronto-Danforth (29),29,Broadview North (57),57,D54,Toronto East York,DON VALLEY PARKWAY  N,BAYVIEW BLOOR DVP RAMP, ,Expressway,Mid-Block, ,No Control,Clear,Dark,Dry,Non-Fatal Injury,SMV Other,Other Property Owner,unknown,,0, ,Other, , , , , , , , , ,0,0,1,0,0,0,0,1,1,1,0,0,0,0
1062738,2008,10,5,3,38,6,43.65674538,-79.39959029,Trinity-Spadina (20),20,Kensington-Chinatown (78),78,D14,Toronto East York,SPADINA AVE,OXFORD ST, ,Major Arterial,Intersection, ,No Control,Clear,Dark,Dry,Non-Fatal Injury,Pedestrian Collisions,Vehicle Owner,unknown, ,0, ,Other, , , , , , , , , ,1,0,1,0,0,0,0,0,0,0,0,0,0,0
1062738,2008,10,5,3,38,6,43.65674538,-79.39959029,Trinity-Spadina (20),20,Kensington-Chinatown (78),78,D14,Toronto East York,SPADINA AVE,OXFORD ST, ,Major Arterial,Intersection, ,No Control,Clear,Dark,Dry,Non-Fatal Injury,Pedestrian Collisions,Driver,45 to 49,,0,South,"Automobile, Station Wagon",Going Ahead,Driving Properly,Normal, , , , , , ,1,0,1,0,0,0,0,0,0,0,0,0,0,0
1062738,2008,10,5,3,38,6,43.65674538,-79.39959029,Trinity-Spadina (20),20,Kensington-Chinatown (78),78,D14,Toronto East York,SPADINA AVE,OXFORD ST, ,Major Arterial,Intersection, ,No Control,Clear,Dark,Dry,Non-Fatal Injury,Pedestrian Collisions,Pedestrian,20 to 24,Minor,0,West,Other, , , ,Pedestrian involved in a collision with transit vehicle anywhere along roadway,"Crossing, no Traffic Control",Had Been Drinking, , , ,1,0,1,0,0,0,0,0,0,0,0,0,0,0
1062738,2008,10,5,3,38,6,43.65674538,-79.39959029,Trinity-Spadina (20),20,Kensington-Chinatown (78),78,D14,Toronto East York,SPADINA AVE,OXFORD ST, ,Major Arterial,Intersection, ,No Control,Clear,Dark,Dry,Non-Fatal Injury,Pedestrian Collisions,Pedestrian,20 to 24,Major,0,West,Other, , , ,Pedestrian involved in a collision with transit vehicle anywhere along roadway,"Crossing, no Traffic Control",Had Been Drinking, , , ,1,0,1,0,0,0,0,0,0,0,0,0,0,0
5000058130,2015,1,11,3,38,6,43.68774756,-79.27090845,Scarborough Southwest (36),36,Birchcliffe-Cliffside (122),122,D41,Scarborough,KINGSTON RD,WARDEN AVE, ,Major Arterial,Intersection,At Intersection,Traffic Signal,Clear,"Dark, artificial",Dry,Non-Fatal Injury,Cyclist Collisions,Cyclist,25 to 29,Major,0,East,Bicycle,Other, , , , , ,Cyclist and Driver travelling in same direction. One vehicle sideswipes the other.,Disobeyed Traffic Control,Unknown,0,1,1,0,0,0,0,0,0,0,0,0,0,0
5000058130,2015,1,11,3,38,6,43.68774756,-79.27090845,Scarborough Southwest (36),36,Birchcliffe-Cliffside (122),122,D41,Scarborough,KINGSTON RD,WARDEN AVE, ,Major Arterial,Intersection,At Intersection,Traffic Signal,Clear,"Dark, artificial",Dry,Non-Fatal Injury,Cyclist Collisions,Driver,40 to 44,,0,East,"Automobile, Station Wagon",Going Ahead,Driving Properly,Normal, , , , , , ,0,1,1,0,0,0,0,0,0,0,0,0,0,0
1078881,2009,1,3,3,39,5,43.70924538,-79.50559029,York South-Weston (11),11,Weston (113),113,D12,Etobicoke York,JANE St,CHURCH St, ,Major Arterial,Intersection, ,Traffic Controller,Clear,Dark,Wet,Non-Fatal Injury,Rear End,Driver,25 to 29,Minor,0,South,"Automobile, Station Wagon",Stopped,Driving Properly,Normal, , , , , , ,0,0,1,0,0,0,0,0,0,1,0,0,0,0
1078881,2009,1,3,3,39,5,43.70924538,-79.50559029,York South-Weston (11),11,Weston (113),113,D12,Etobicoke York,JANE St,CHURCH St, ,Major Arterial,Intersection, ,Traffic Controller,Clear,Dark,Wet,Non-Fatal Injury,Rear End,Driver,20 to 24,Major,0,South,"Automobile, Station Wagon",Going Ahead,Following too Close,Normal, , , , , , ,0,0,1,0,0,0,0,0,0,1,0,0,0,0
1244765,2011,7,19,3,40,1,43.61304538,-79.55109029,Etobicoke-Lakeshore (5),5,Islington-City Centre West (14),14,D22,Etobicoke York,GARDINER X W SHERWAY GARDENS RAMP,427 C S QEW X W RAMP, ,Expressway Ramp,Mid-Block, ,No Control,Clear,Dark,Dry,Non-Fatal Injury,SMV Other,Motorcycle Driver,20 to 24,Major,0,West,Motorcycle,Going Ahead,Lost control,Normal, , , , , , ,0,0,0,1,0,0,0,0,0,0,0,0,0,0
1296711,2012,4,5,3,40,3,43.64884538,-79.38559029,Trinity-Spadina (20),20,Bay Street Corridor (76),76,D52,Toronto East York,UNIVERSITY AVE,ADELAIDE ST W, ,Major Arterial,Intersection,At Intersection,Traffic Signal,Clear,"Dark, artificial",Dry,Non-Fatal Injury,Angle,Vehicle Owner,unknown, ,0, ,Other, , , , , , , , , ,0,0,1,0,1,0,0,1,0,1,1,0,0,0
1296711,2012,4,5,3,40,3,43.64884538,-79.38559029,Trinity-Spadina (20),20,Bay Street Corridor (76),76,D52,Toronto East York,UNIVERSITY AVE,ADELAIDE ST W, ,Major Arterial,Intersection,At Intersection,Traffic Signal,Clear,"Dark, artificial",Dry,Non-Fatal Injury,Angle,Vehicle Owner,unknown, ,0, ,Other, , , , , , , , , ,0,0,1,0,1,0,0,1,0,1,1,0,0,0
1296711,2012,4,5,3,40,3,43.64884538,-79.38559029,Trinity-Spadina (20),20,Bay Street Corridor (76),76,D52,Toronto East York,UNIVERSITY AVE,ADELAIDE ST W, ,Major Arterial,Intersection,At Intersection,Traffic Signal,Clear,"Dark, artificial",Dry,Non-Fatal Injury,Angle,Truck Driver,50 to 54,,0,South,Truck - Open,Going Ahead,Disobeyed Traffic Control,Inattentive, , , , , , ,0,0,1,0,1,0,0,1,0,1,1,0,0,0
1296711,2012,4,5,3,40,3,43.64884538,-79.38559029,Trinity-Spadina (20),20,Bay Street Corridor (76),76,D52,Toronto East York,UNIVERSITY AVE,ADELAIDE ST W, ,Major Arterial,Intersection,At Intersection,Traffic Signal,Clear,"Dark, artificial",Dry,Non-Fatal Injury,Angle,Passenger,25 to 29,Minimal,0, ,Other, , , , , , , , , ,0,0,1,0,1,0,0,1,0,1,1,0,0,0
1296711,2012,4,5,3,40,3,43.64884538,-79.38559029,Trinity-Spadina (20),20,Bay Street Corridor (76),76,D52,Toronto East York,UNIVERSITY AVE,ADELAIDE ST W, ,Major Arterial,Intersection,At Intersection,Traffic Signal,Clear,"Dark, artificial",Dry,Non-Fatal Injury,Angle,Passenger,35 to 39,Major,0, ,Other, , , , , , , , , ,0,0,1,0,1,0,0,1,0,1,1,0,0,0
1296711,2012,4,5,3,40,3,43.64884538,-79.38559029,Trinity-Spadina (20),20,Bay Street Corridor (76),76,D52,Toronto East York,UNIVERSITY AVE,ADELAIDE ST W, ,Major Arterial,Intersection,At Intersection,Traffic Signal,Clear,"Dark, artificial",Dry,Non-Fatal Injury,Angle,Driver,45 to 49,Minimal,0,East,"Automobile, Station Wagon",Going Ahead,Driving Properly,Normal, , , , , , ,0,0,1,0,1,0,0,1,0,1,1,0,0,0
1360225,2013,6,9,3,40,6,43.64855536,-79.39727412,Trinity-Spadina (20),20,Waterfront Communities-The Island (77),77,D14,Toronto East York,QUEEN ST W,SPADINA AVE, ,Major Arterial,Intersection, ,No Control,Clear,"Dark, artificial",Dry,Non-Fatal Injury,Pedestrian Collisions,Vehicle Owner,unknown, ,0, ,Other, , , , , , , , , ,1,0,1,0,0,0,0,0,0,0,0,0,0,0
1360225,2013,6,9,3,40,6,43.64855536,-79.39727412,Trinity-Spadina (20),20,Waterfront Communities-The Island (77),77,D14,Toronto East York,QUEEN ST W,SPADINA AVE, ,Major Arterial,Intersection, ,No Control,Clear,"Dark, artificial",Dry,Non-Fatal Injury,Pedestrian Collisions,Pedestrian,15 to 19,,0,Unknown,Other, , , ,Pedestrian hit at mid-block,Other,Unknown, , , ,1,0,1,0,0,0,0,0,0,0,0,0,0,0
1360225,2013,6,9,3,40,6,43.64855536,-79.39727412,Trinity-Spadina (20),20,Waterfront Communities-The Island (77),77,D14,Toronto East York,QUEEN ST W,SPADINA AVE, ,Major Arterial,Intersection, ,No Control,Clear,"Dark, artificial",Dry,Non-Fatal Injury,Pedestrian Collisions,Pedestrian,20 to 24,Major,0,Unknown,Other, , , ,Pedestrian hit at mid-block,Other,Unknown, , , ,1,0,1,0,0,0,0,0,0,0,0,0,0,0
1360225,2013,6,9,3,40,6,43.64855536,-79.39727412,Trinity-Spadina (20),20,Waterfront Communities-The Island (77),77,D14,Toronto East York,QUEEN ST W,SPADINA AVE, ,Major Arterial,Intersection, ,No Control,Clear,"Dark, artificial",Dry,Non-Fatal Injury,Pedestrian Collisions,Driver,unknown,,0,East,"Automobile, Station Wagon",Going Ahead,Other,Unknown, , , , , , ,1,0,1,0,0,0,0,0,0,0,0,0,0,0
1365635,2013,7,14,3,40,6,43.62074538,-79.51069029,Etobicoke-Lakeshore (6),6,Mimico (includes Humber Bay Shores) (17),17,D22,Etobicoke York,F G GARDINER XY  E,ISLINGTON Ave, ,Expressway,Mid-Block, ,No Control,Clear,"Dark, artificial",Dry,Non-Fatal Injury,Sideswipe,Passenger,25 to 29,Major,0, ,Other, , , , , , , , , ,0,0,1,0,0,0,0,1,0,0,0,1,0,0
1365635,2013,7,14,3,40,6,43.62074538,-79.51069029,Etobicoke-Lakeshore (6),6,Mimico (includes Humber Bay Shores) (17),17,D22,Etobicoke York,F G GARDINER XY  E,ISLINGTON Ave, ,Expressway,Mid-Block, ,No Control,Clear,"Dark, artificial",Dry,Non-Fatal Injury,Sideswipe,Passenger,25 to 29,Minor,0, ,Other, , , , , , , , , ,0,0,1,0,0,0,0,1,0,0,0,1,0,0
1365635,2013,7,14,3,40,6,43.62074538,-79.51069029,Etobicoke-Lakeshore (6),6,Mimico (includes Humber Bay Shores) (17),17,D22,Etobicoke York,F G GARDINER XY  E,ISLINGTON Ave, ,Expressway,Mid-Block, ,No Control,Clear,"Dark, artificial",Dry,Non-Fatal Injury,Sideswipe,Driver,25 to 29,Minimal,0,West,"Automobile, Station Wagon",Going Ahead,Lost control,"Ability Impaired, Alcohol Over .08", , , , , , ,0,0,1,0,0,0,0,1,0,0,0,1,0,0
1365635,2013,7,14,3,40,6,43.62074538,-79.51069029,Etobicoke-Lakeshore (6),6,Mimico (includes Humber Bay Shores) (17),17,D22,Etobicoke York,F G GARDINER XY  E,ISLINGTON Ave, ,Expressway,Mid-Block, ,No Control,Clear,"Dark, artificial",Dry,Non-Fatal Injury,Sideswipe,Driver,unknown,,0,West,"Automobile, Station Wagon",Unknown,Other,Unknown, , , , , , ,0,0,1,0,0,0,0,1,0,0,0,1,0,0
5001918358,2015,11,8,3,40,6,43.78626593,-79.31129847,Scarborough-Agincourt (40),40,L'Amoreaux (117),117,D42,Scarborough,WARDEN AVE,HUNTINGWOOD DR,94 m North of,Major Arterial,Mid-Block,Non Intersection,No Control,Clear,"Dark, artificial",Dry,Non-Fatal Injury,SMV Other,Driver,30 to 34,Major,0,North,"Automobile, Station Wagon",Going Ahead,Wrong Way on One Way Road,Unknown, , , , , , ,0,0,1,0,0,0,0,1,0,0,0,0,0,0
5001918358,2015,11,8,3,40,6,43.78626593,-79.31129847,Scarborough-Agincourt (40),40,L'Amoreaux (117),117,D42,Scarborough,WARDEN AVE,HUNTINGWOOD DR,94 m North of,Major Arterial,Mid-Block,Non Intersection,No Control,Clear,"Dark, artificial",Dry,Non-Fatal Injury,SMV Other,Passenger,30 to 34,Minimal,0, , , , , , , , , , , ,0,0,1,0,0,0,0,1,0,0,0,0,0,0
6000478008,2016,3,20,3,40,6,43.69826086,-79.3270608,Beaches-East York (31),31,Old East York (58),58,D54,Toronto East York,O CONNOR DR,RALSTON AVE, ,Major Arterial,Intersection,At Intersection,No Control,Clear,Daylight,Dry,Non-Fatal Injury,Rear End,Driver,45 to 49,,0,East,"Automobile, Station Wagon",Going Ahead,Following too Close,Inattentive, , , , , , ,0,0,1,0,0,0,0,1,1,1,0,0,0,0