ACCNUM,YEAR,MONTH,DAY,HOUR,MINUTES,WEEKDAY,LATITUDE,LONGITUDE,Ward_Name,Ward_ID,Hood_Name,Hood_ID,Division,District,STREET1,STREET2,OFFSET,ROAD_CLASS,LOCCOORD,ACCLOC,TRAFFCTL,VISIBILITY,LIGHT,RDSFCOND,ACCLASS,IMPACTYPE,INVTYPE,INVAGE,INJURY,FATAL_NO,INITDIR,VEHTYPE,MANOEUVER,DRIVACT,DRIVCOND,PEDTYPE,PEDACT,PEDCOND,CYCLISTYPE,CYCACT,CYCCOND,PEDESTRIAN,CYCLIST,AUTOMOBILE,MOTORCYCLE,TRUCK,TRSN_CITY_VEH,EMERG_VEH,PASSENGER,SPEEDING,AG_DRIV,REDLIGHT,ALCOHOL,DISABILITY,label
6000478008,2016,3,20,3,40,6,43.69826086,-79.3270608,Beaches-East York (31),31,Old East York (58),58,D54,Toronto East York,O CONNOR DR,RALSTON AVE, ,Major Arterial,Intersection,At Intersection,No Control,Clear,Daylight,Dry,Non-Fatal Injury,Rear End,Driver,25 to 29,,0,East,"Automobile, Station Wagon",Slowing or Stopping,Driving Properly,Normal, , , , , , ,0,0,1,0,0,0,0,1,1,1,0,0,0,0
6000478008,2016,3,20,3,40,6,43.69826086,-79.3270608,Beaches-East York (31),31,Old East York (58),58,D54,Toronto East York,O CONNOR DR,RALSTON AVE, ,Major Arterial,Intersection,At Intersection,No Control,Clear,Daylight,Dry,Non-Fatal Injury,Rear End,Driver,40 to 44,,0,West,Passenger Van,Going Ahead,Driving Properly,Normal, , , , , , ,0,0,1,0,0,0,0,1,1,1,0,0,0,0
6000478008,2016,3,20,3,40,6,43.69826086,-79.3270608,Beaches-East York (31),31,Old East York (58),58,D54,Toronto East York,O CONNOR DR,RALSTON AVE, ,Major Arterial,Intersection,At Intersection,No Control,Clear,Daylight,Dry,Non-Fatal Injury,Rear End,Passenger,20 to 24,Major,0, , , , , , , , , , , ,0,0,1,0,0,0,0,1,1,1,0,0,0,0
6000478008,2016,3,20,3,40,6,43.69826086,-79.3270608,Beaches-East York (31),31,Old East York (58),58,D54,Toronto East York,O CONNOR DR,RALSTON AVE, ,Major Arterial,Intersection,At Intersection,No Control,Clear,Daylight,Dry,Non-Fatal Injury,Rear End,Passenger,40 to 44,,0, , , , , , , , , , , ,0,0,1,0,0,0,0,1,1,1,0,0,0,0
1184071,2010,7,10,3,41,5,43.64944538,-79.53119029,Etobicoke-Lakeshore (5),5,Islington-City Centre West (14),14,D22,Etobicoke York,BURNHAMTHORPE RD,BURNHAMTHORPE CRES, ,Major Arterial,Intersection, ,No Control,Clear,Dark,Dry,Non-Fatal Injury,SMV Other,Passenger,20 to 24,Major,0, ,Other, , , , , , , , , ,0,0,1,0,0,0,0,1,0,0,0,1,0,0
1184071,2010,7,10,3,41,5,43.64944538,-79.53119029,Etobicoke-Lakeshore (5),5,Islington-City Centre West (14),14,D22,Etobicoke York,BURNHAMTHORPE RD,BURNHAMTHORPE CRES, ,Major Arterial,Intersection, ,No Control,Clear,Dark,Dry,Non-Fatal Injury,SMV Other,Passenger,20 to 24,Minimal,0, ,Other, , , , , , , , , ,0,0,1,0,0,0,0,1,0,0,0,1,0,0
1184071,2010,7,10,3,41,5,43.64944538,-79.53119029,Etobicoke-Lakeshore (5),5,Islington-City Centre West (14),14,D22,Etobicoke York,BURNHAMTHORPE RD,BURNHAMTHORPE CRES, ,Major Arterial,Intersection, ,No Control,Clear,Dark,Dry,Non-Fatal Injury,SMV Other,Driver,25 to 29,,0,South,"Automobile, Station Wagon",Going Ahead,Lost control,"Ability Impaired, Alcohol Over .08", , , , , , ,0,0,1,0,0,0,0,1,0,0,0,1,0,0
1184071,2010,7,10,3,41,5,43.64944538,-79.53119029,Etobicoke-Lakeshore (5),5,Islington-City Centre West (14),14,D22,Etobicoke York,BURNHAMTHORPE RD,BURNHAMTHORPE CRES, ,Major Arterial,Intersection, ,No Control,Clear,Dark,Dry,Non-Fatal Injury,SMV Other,Vehicle Owner,unknown, ,0, ,Other, , , , , , , , , ,0,0,1,0,0,0,0,1,0,0,0,1,0,0
1023204,2008,2,3,3,43,6,43.83654538,-79.25119029,Scarborough-Rouge River (41),41,Milliken (130),130,D42,Scarborough,STEELES AVE E,MARKHAM RD, ,Minor Arterial,Intersection,At Intersection,Traffic Signal,Clear,Dark,Dry,Non-Fatal Injury,Angle,Passenger,30 to 34,Major,0, ,Other, , , , , , , , , ,0,0,1,0,0,0,0,1,1,1,1,1,0,0
1023204,2008,2,3,3,43,6,43.83654538,-79.25119029,Scarborough-Rouge River (41),41,Milliken (130),130,D42,Scarborough,STEELES AVE E,MARKHAM RD, ,Minor Arterial,Intersection,At Intersection,Traffic Signal,Clear,Dark,Dry,Non-Fatal Injury,Angle,Passenger,35 to 39,Minor,0, ,Other, , , , , , , , , ,0,0,1,0,0,0,0,1,1,1,1,1,0,0
1023204,2008,2,3,3,43,6,43.83654538,-79.25119029,Scarborough-Rouge River (41),41,Milliken (130),130,D42,Scarborough,STEELES AVE E,MARKHAM RD, ,Minor Arterial,Intersection,At Intersection,Traffic Signal,Clear,Dark,Dry,Non-Fatal Injury,Angle,Driver,35 to 39,Minor,0,West,"Automobile, Station Wagon",Going Ahead,Driving Properly,Normal, , , , , , ,0,0,1,0,0,0,0,1,1,1,1,1,0,0
1023204,2008,2,3,3,43,6,43.83654538,-79.25119029,Scarborough-Rouge River (41),41,Milliken (130),130,D42,Scarborough,STEELES AVE E,MARKHAM RD, ,Minor Arterial,Intersection,At Intersection,Traffic Signal,Clear,Dark,Dry,Non-Fatal Injury,Angle,Driver,15 to 19,,0,South,"Automobile, Station Wagon",Going Ahead,Disobeyed Traffic Control,"Ability Impaired, Alcohol Over .08", , , , , , ,0,0,1,0,0,0,0,1,1,1,1,1,0,0
6000478020,2016,3,20,3,44,6,43.65093954,-79.43996058,Davenport (18),18,Dufferin Grove (83),83,D11,Toronto East York,COLLEGE ST,LANSDOWNE AVE, ,Minor Arterial,Intersection,At Intersection,Traffic Signal,Clear,"Dark, artificial",Dry,Non-Fatal Injury,Cyclist Collisions,Driver,40 to 44,,0,West,"Automobile, Station Wagon",Turning Left,Failed to Yield Right of Way,Inattentive, , , , , , ,0,1,1,0,0,0,0,1,0,1,0,0,0,0
1054475,2008,7,28,5,42,0,43.64634538,-79.44909029,Parkdale-High Park (14),14,High Park-Swansea (87),87,D11,Toronto East York,RONCESVALLES AVE,HIGH PARK BLVD, ,Minor Arterial,Intersection, ,No Control,Clear,Daylight,Dry,Non-Fatal Injury,Pedestrian Collisions,Driver,30 to 34,,0,North,"Automobile, Station Wagon",Changing Lanes,Lost control,Unknown, , , , , , ,1,0,1,0,0,0,0,0,0,0,0,0,0,0
6000478020,2016,3,20,3,44,6,43.65093954,-79.43996058,Davenport (18),18,Dufferin Grove (83),83,D11,Toronto East York,COLLEGE ST,LANSDOWNE AVE, ,Minor Arterial,Intersection,At Intersection,Traffic Signal,Clear,"Dark, artificial",Dry,Non-Fatal Injury,Cyclist Collisions,Cyclist,30 to 34,Major,0,East,Bicycle,Going Ahead, , , , , ,Motorist turned left across cyclists path.,Other,Had Been Drinking,0,1,1,0,0,0,0,1,0,1,0,0,0,0
1289541,2012,2,11,3,5,5,43.72264538,-79.32679029,Don Valley West (26),26,Flemingdon Park (44),44,D54,North York,ST DENNIS Dr,LINKWOOD LANE, ,Minor Arterial,Mid-Block, ,No Control,Snow,"Dark, artificial",Loose Snow,Non-Fatal Injury,Approaching,Driver,55 to 59,Minor,0,South,"Automobile, Station Wagon",Going Ahead,Driving Properly,Normal, , , , , , ,0,0,1,0,0,0,0,1,1,1,0,0,0,0
1054475,2008,7,28,5,42,0,43.64634538,-79.44909029,Parkdale-High Park (14),14,High Park-Swansea (87),87,D11,Toronto East York,RONCESVALLES AVE,HIGH PARK BLVD, ,Minor Arterial,Intersection, ,No Control,Clear,Daylight,Dry,Non-Fatal Injury,Pedestrian Collisions,Other,unknown,,0, ,Other,Parked, , , , , , , , ,1,0,1,0,0,0,0,0,0,0,0,0,0,0
6000478020,2016,3,20,3,44,6,43.65093954,-79.43996058,Davenport (18),18,Dufferin Grove (83),83,D11,Toronto East York,COLLEGE ST,LANSDOWNE AVE, ,Minor Arterial,Intersection,At Intersection,Traffic Signal,Clear,"Dark, artificial",Dry,Non-Fatal Injury,Cyclist Collisions,Passenger,40 to 44,,0, , , , , , , , , , , ,0,1,1,0,0,0,0,1,0,1,0,0,0,0
1289541,2012,2,11,3,5,5,43.72264538,-79.32679029,Don Valley West (26),26,Flemingdon Park (44),44,D54,North York,ST DENNIS Dr,LINKWOOD LANE, ,Minor Arterial,Mid-Block, ,No Control,Snow,"Dark, artificial",Loose Snow,Non-Fatal Injury,Approaching,Passenger,25 to 29,Major,0, ,Other, , , , , , , , , ,0,0,1,0,0,0,0,1,1,1,0,0,0,0
1289541,2012,2,11,3,5,5,43.72264538,-79.32679029,Don Valley West (26),26,Flemingdon Park (44),44,D54,North York,ST DENNIS Dr,LINKWOOD LANE, ,Minor Arterial,Mid-Block, ,No Control,Snow,"Dark, artificial",Loose Snow,Non-Fatal Injury,Approaching,Driver,25 to 29,Minor,0,North,"Automobile, Station Wagon",Going Ahead,Speed too Fast For Condition,Had Been Drinking, , , , , , ,0,0,1,0,0,0,0,1,1,1,0,0,0,0
1369173,2013,8,3,3,5,5,43.76374396,-79.57728968,York West (7),7,Humber Summit (21),21,D31,Etobicoke York,STEELES AVE W,ISLINGTON AVE, ,Major Arterial,Mid-Block, ,No Control,Clear,"Dark, artificial",Dry,Fatal,SMV Other,Driver,25 to 29,Fatal,27,East,"Automobile, Station Wagon",Going Ahead,Exceeding Speed Limit,"Ability Impaired, Alcohol Over .08", , , , , , ,0,0,1,0,0,0,0,0,1,1,0,1,0,1
1369173,2013,8,3,3,5,5,43.76374396,-79.57728968,York West (7),7,Humber Summit (21),21,D31,Etobicoke York,STEELES AVE W,ISLINGTON AVE, ,Major Arterial,Mid-Block, ,No Control,Clear,"Dark, artificial",Dry,Fatal,SMV Other,Other Property Owner,unknown, ,0, , , , , , , , , , , ,0,0,1,0,0,0,0,0,1,1,0,1,0,1
1131365,2009,10,18,3,6,6,43.65064538,-79.37729029,Toronto Centre-Rosedale (28),28,Church-Yonge Corridor (75),75,D51,Toronto East York,ADELAIDE ST E,VICTORIA ST, ,Major Arterial,Intersection, ,Traffic Signal,Clear,Dark,Dry,Non-Fatal Injury,Pedestrian Collisions,Pedestrian,25 to 29,Major,0, ,Other,Other, , ,Unknown,Other,Normal, , , ,1,0,0,0,0,0,0,0,0,0,0,0,0,0
1333183,2012,12,21,3,6,4,43.70014538,-79.51629029,York South-Weston (11),11,Weston (113),113,D12,Etobicoke York,LAWRENCE AVE W,WESTON RD, ,Major Arterial,Intersection,At Intersection,No Control,Clear,"Dark, artificial",Dry,Non-Fatal Injury,Pedestrian Collisions,Driver,45 to 49,Minimal,0,West,"Automobile, Station Wagon",Going Ahead,Driving Properly,Normal, , , , , , ,1,0,1,0,0,0,0,0,0,0,0,0,0,0
1333183,2012,12,21,3,6,4,43.70014538,-79.51629029,York South-Weston (11),11,Weston (113),113,D12,Etobicoke York,LAWRENCE AVE W,WESTON RD, ,Major Arterial,Intersection,At Intersection,No Control,Clear,"Dark, artificial",Dry,Non-Fatal Injury,Pedestrian Collisions,Pedestrian,20 to 24,Major,0,North,Other, , , ,Pedestrian hit at mid-block,"Crossing, no Traffic Control",Had Been Drinking, , , ,1,0,1,0,0,0,0,0,0,0,0,0,0,0
1058736,2008,8,30,3,8,5,43.65634538,-79.38899029,Trinity-Spadina (20),20,Kensington-Chinatown (78),78,D52,Toronto East York,UNIVERSITY AVE,ELM ST, ,Major Arterial,Intersection, ,Traffic Signal,Clear,Daylight,Dry,Non-Fatal Injury,Turning Movement,Vehicle Owner,unknown, ,0, ,Other, , , , , , , , , ,0,0,1,0,0,0,0,1,0,0,0,0,0,0
1058736,2008,8,30,3,8,5,43.65634538,-79.38899029,Trinity-Spadina (20),20,Kensington-Chinatown (78),78,D52,Toronto East York,UNIVERSITY AVE,ELM ST, ,Major Arterial,Intersection, ,Traffic Signal,Clear,Daylight,Dry,Non-Fatal Injury,Turning Movement,Driver,40 to 44,,0,South,"Automobile, Station Wagon",Going Ahead,Driving Properly,Normal, , , , , , ,0,0,1,0,0,0,0,1,0,0,0,0,0,0
1058736,2008,8,30,3,8,5,43.65634538,-79.38899029,Trinity-Spadina (20),20,Kensington-Chinatown (78),78,D52,Toronto East York,UNIVERSITY AVE,ELM ST, ,Major Arterial,Intersection, ,Traffic Signal,Clear,Daylight,Dry,Non-Fatal Injury,Turning Movement,Vehicle Owner,unknown, ,0, ,Other, , , , , , , , , ,0,0,1,0,0,0,0,1,0,0,0,0,0,0
3001064601,2013,11,30,5,9,5,43.67431982,-79.39979945,Trinity-Spadina (20),20,Annex (95),95,D53,Toronto East York,295 DAVENPORT RD, , ,Major Arterial,Intersection,Non Intersection,No Control,Clear,Dark,Dry,Non-Fatal Injury,SMV Other,Driver,45 to 49,Major,0,South,"Automobile, Station Wagon",Going Ahead,Lost control,"Ability Impaired, Alcohol", , , , , , ,0,0,1,0,0,0,0,0,1,1,0,1,0,0
1058736,2008,8,30,3,8,5,43.65634538,-79.38899029,Trinity-Spadina (20),20,Kensington-Chinatown (78),78,D52,Toronto East York,UNIVERSITY AVE,ELM ST, ,Major Arterial,Intersection, ,Traffic Signal,Clear,Daylight,Dry,Non-Fatal Injury,Turning Movement,Driver,40 to 44,,0,South,"Automobile, Station Wagon",Going Ahead,Driving Properly,Normal, , , , , , ,0,0,1,0,0,0,0,1,0,0,0,0,0,0
1058736,2008,8,30,3,8,5,43.65634538,-79.38899029,Trinity-Spadina (20),20,Kensington-Chinatown (78),78,D52,Toronto East York,UNIVERSITY AVE,ELM ST, ,Major Arterial,Intersection, ,Traffic Signal,Clear,Daylight,Dry,Non-Fatal Injury,Turning Movement,Passenger,20 to 24,Major,0, ,Other, , , , , , , , , ,0,0,1,0,0,0,0,1,0,0,0,0,0,0
1058736,2008,8,30,3,8,5,43.65634538,-79.38899029,Trinity-Spadina (20),20,Kensington-Chinatown (78),78,D52,Toronto East York,UNIVERSITY AVE,ELM ST, ,Major Arterial,Intersection, ,Traffic Signal,Clear,Daylight,Dry,Non-Fatal Injury,Turning Movement,Driver,25 to 29,,0,West,"Automobile, Station Wagon",Turning Left,Improper Turn,Normal, , , , , , ,0,0,1,0,0,0,0,1,0,0,0,0,0,0
1099302,2009,2,24,3,8,1,43.75214538,-79.40809029,Don Valley West (25),25,St.Andrew-Windfields (40),40,D32,North York,YONGE ST,WILLIAM CARSON CRES, ,Major Arterial,Mid-Block, ,No Control,Clear,Dark,Dry,Non-Fatal Injury,Pedestrian Collisions,Vehicle Owner,unknown, ,0, ,Other, , , , , , , , , ,1,0,0,0,0,1,0,0,0,0,0,0,0,0
1099302,2009,2,24,3,8,1,43.75214538,-79.40809029,Don Valley West (25),25,St.Andrew-Windfields (40),40,D32,North York,YONGE ST,WILLIAM CARSON CRES, ,Major Arterial,Mid-Block, ,No Control,Clear,Dark,Dry,Non-Fatal Injury,Pedestrian Collisions,Driver,unknown,,0,South,Municipal Transit Bus (TTC),Pulling Away from Shoulder or Curb,Driving Properly,Unknown, , , , , , ,1,0,0,0,0,1,0,0,0,0,0,0,0,0
1099302,2009,2,24,3,8,1,43.75214538,-79.40809029,Don Valley West (25),25,St.Andrew-Windfields (40),40,D32,North York,YONGE ST,WILLIAM CARSON CRES, ,Major Arterial,Mid-Block, ,No Control,Clear,Dark,Dry,Non-Fatal Injury,Pedestrian Collisions,Pedestrian,55 to 59,Major,0, ,Other, , , ,Pedestrian involved in a collision with transit vehicle anywhere along roadway,Person Getting on/off Vehicle,Had Been Drinking, , , ,1,0,0,0,0,1,0,0,0,0,0,0,0,0
1186032,2010,7,24,3,9,5,43.66424538,-79.43719029,Davenport (18),18,Dovercourt-Wallace Emerson-Junction (93),93,D14,Toronto East York,DUFFERIN ST,WALLACE AVE, ,Major Arterial,Intersection, ,No Control,Clear,Daylight,Dry,Non-Fatal Injury,SMV Unattended Vehicle,Other,unknown,,0,Unknown,Other,Parked, , , , , , , , ,0,0,1,0,0,0,0,0,1,1,0,1,0,0
1186032,2010,7,24,3,9,5,43.66424538,-79.43719029,Davenport (18),18,Dovercourt-Wallace Emerson-Junction (93),93,D14,Toronto East York,DUFFERIN ST,WALLACE AVE, ,Major Arterial,Intersection, ,No Control,Clear,Daylight,Dry,Non-Fatal Injury,SMV Unattended Vehicle,Other,unknown,,0,Unknown,Other,Parked, , , , , , , , ,0,0,1,0,0,0,0,0,1,1,0,1,0,0
1186032,2010,7,24,3,9,5,43.66424538,-79.43719029,Davenport (18),18,Dovercourt-Wallace Emerson-Junction (93),93,D14,Toronto East York,DUFFERIN ST,WALLACE AVE, ,Major Arterial,Intersection, ,No Control,Clear,Daylight,Dry,Non-Fatal Injury,SMV Unattended Vehicle,Vehicle Owner,unknown, ,0, ,Other, , , , , , , , , ,0,0,1,0,0,0,0,0,1,1,0,1,0,0
1186032,2010,7,24,3,9,5,43.66424538,-79.43719029,Davenport (18),18,Dovercourt-Wallace Emerson-Junction (93),93,D14,Toronto East York,DUFFERIN ST,WALLACE AVE, ,Major Arterial,Intersection, ,No Control,Clear,Daylight,Dry,Non-Fatal Injury,SMV Unattended Vehicle,Driver,25 to 29,Major,0,North,"Automobile, Station Wagon",Going Ahead,Lost control,"Ability Impaired, Alcohol", , , , , , ,0,0,1,0,0,0,0,0,1,1,0,1,0,0
1186032,2010,7,24,3,9,5,43.66424538,-79.43719029,Davenport (18),18,Dovercourt-Wallace Emerson-Junction (93),93,D14,Toronto East York,DUFFERIN ST,WALLACE AVE, ,Major Arterial,Intersection, ,No Control,Clear,Daylight,Dry,Non-Fatal Injury,SMV Unattended Vehicle,Other,unknown,,0,Unknown,Other,Parked, , , , , , , , ,0,0,1,0,0,0,0,0,1,1,0,1,0,0
993300,2007,9,30,3,10,6,43.83154538,-79.25089029,Scarborough-Rouge River (42),42,Rouge (131),131,D42,Scarborough,MARKHAM RD,PASSMORE AVE, ,Major Arterial,Mid-Block,At Intersection,No Control,Clear,Dark,Dry,Non-Fatal Injury,Rear End,Passenger,40 to 44,Minimal,0, ,Other, , , , , , , , , ,0,0,1,0,0,0,0,1,0,0,0,0,0,0
993300,2007,9,30,3,10,6,43.83154538,-79.25089029,Scarborough-Rouge River (42),42,Rouge (131),131,D42,Scarborough,MARKHAM RD,PASSMORE AVE, ,Major Arterial,Mid-Block,At Intersection,No Control,Clear,Dark,Dry,Non-Fatal Injury,Rear End,Vehicle Owner,unknown,,0, ,Other, , , , , , , , , ,0,0,1,0,0,0,0,1,0,0,0,0,0,0
993300,2007,9,30,3,10,6,43.83154538,-79.25089029,Scarborough-Rouge River (42),42,Rouge (131),131,D42,Scarborough,MARKHAM RD,PASSMORE AVE, ,Major Arterial,Mid-Block,At Intersection,No Control,Clear,Dark,Dry,Non-Fatal Injury,Rear End,Driver,40 to 44,Minor,0,North,"Automobile, Station Wagon",Stopped,Driving Properly,Normal, , , , , , ,0,0,1,0,0,0,0,1,0,0,0,0,0,0
993300,2007,9,30,3,10,6,43.83154538,-79.25089029,Scarborough-Rouge River (42),42,Rouge (131),131,D42,Scarborough,MARKHAM RD,PASSMORE AVE, ,Major Arterial,Mid-Block,At Intersection,No Control,Clear,Dark,Dry,Non-Fatal Injury,Rear End,Driver,35 to 39,Minor,0,North,"Automobile, Station Wagon",Going Ahead,Lost control,Had Been Drinking, , , , , , ,0,0,1,0,0,0,0,1,0,0,0,0,0,0
993300,2007,9,30,3,10,6,43.83154538,-79.25089029,Scarborough-Rouge River (42),42,Rouge (131),131,D42,Scarborough,MARKHAM RD,PASSMORE AVE, ,Major Arterial,Mid-Block,At Intersection,No Control,Clear,Dark,Dry,Non-Fatal Injury,Rear End,Vehicle Owner,unknown,,0, ,Other, , , , , , , , , ,0,0,1,0,0,0,0,1,0,0,0,0,0,0
993300,2007,9,30,3,10,6,43.83154538,-79.25089029,Scarborough-Rouge River (42),42,Rouge (131),131,D42,Scarborough,MARKHAM RD,PASSMORE AVE, ,Major Arterial,Mid-Block,At Intersection,No Control,Clear,Dark,Dry,Non-Fatal Injury,Rear End,Driver,50 to 54,Major,0,North,Other,Stopped,Driving Properly,Normal, , , , , , ,0,0,1,0,0,0,0,1,0,0,0,0,0,0
1171639,2010,6,4,3,10,4,43.63974538,-79.42359029,Parkdale-High Park (14),14,South Parkdale (85),85,D14,Toronto East York,KING ST W,JOE SHUSTER WAY, ,Major Arterial,Intersection,At Intersection,Traffic Signal,Clear,Dark,Dry,Non-Fatal Injury,Rear End,Driver,30 to 34,,0,West,"Automobile, Station Wagon",Going Ahead,Other,Normal, , , , , , ,0,1,1,0,0,0,0,0,0,0,0,0,0,0
1171639,2010,6,4,3,10,4,43.63974538,-79.42359029,Parkdale-High Park (14),14,South Parkdale (85),85,D14,Toronto East York,KING ST W,JOE SHUSTER WAY, ,Major Arterial,Intersection,At Intersection,Traffic Signal,Clear,Dark,Dry,Non-Fatal Injury,Rear End,Moped Driver,35 to 39,Major,0,West,"Automobile, Station Wagon",Going Ahead,Other,Had Been Drinking, , , , , , ,0,1,1,0,0,0,0,0,0,0,0,0,0,0
4002306340,2014,6,17,3,11,1,43.64494284,-79.3976327,Trinity-Spadina (20),20,Waterfront Communities-The Island (77),77,D14,Toronto East York,KING ST W,BRANT ST, ,Major Arterial,Mid-Block,Non Intersection,Pedestrian Crossover,Clear,"Dark, artificial",Dry,Non-Fatal Injury,Sideswipe,Motorcycle Driver,25 to 29,Major,0,East,Motorcycle,Other,Improper Lane Change,Had Been Drinking, , , , , , ,0,0,0,1,0,0,0,0,0,0,0,0,0,0
4002306340,2014,6,17,3,11,1,43.64494284,-79.3976327,Trinity-Spadina (20),20,Waterfront Communities-The Island (77),77,D14,Toronto East York,KING ST W,BRANT ST, ,Major Arterial,Mid-Block,Non Intersection,Pedestrian Crossover,Clear,"Dark, artificial",Dry,Non-Fatal Injury,Sideswipe,Motorcycle Driver,30 to 34,Major,0,East,Motorcycle,Going Ahead,Driving Properly,Had Been Drinking, , , , , , ,0,0,0,1,0,0,0,0,0,0,0,0,0,0
1267111,2011,11,27,3,12,6,43.76154538,-79.41089029,Willowdale (23),23,Willowdale East (51),51,D32,North York,YONGE ST,SHEPPARD AVE E, ,Major Arterial,Intersection,At Intersection,Traffic Signal,Clear,"Dark, artificial",Dry,Non-Fatal Injury,Turning Movement,Driver,25 to 29,Major,0,North,"Automobile, Station Wagon",Going Ahead,Driving Properly,Normal, , , , , , ,0,0,1,0,0,0,0,0,0,0,0,0,0,0
1267111,2011,11,27,3,12,6,43.76154538,-79.41089029,Willowdale (23),23,Willowdale East (51),51,D32,North York,YONGE ST,SHEPPARD AVE E, ,Major Arterial,Intersection,At Intersection,Traffic Signal,Clear,"Dark, artificial",Dry,Non-Fatal Injury,Turning Movement,Other Property Owner,unknown, ,0, ,Other, , , , , , , , , ,0,0,1,0,0,0,0,0,0,0,0,0,0,0
1267111,2011,11,27,3,12,6,43.76154538,-79.41089029,Willowdale (23),23,Willowdale East (51),51,D32,North York,YONGE ST,SHEPPARD AVE E, ,Major Arterial,Intersection,At Intersection,Traffic Signal,Clear,"Dark, artificial",Dry,Non-Fatal Injury,Turning Movement,Driver,unknown,,0,West,"Automobile, Station Wagon",Turning Right,Improper Turn,Inattentive, , , , , , ,0,0,1,0,0,0,0,0,0,0,0,0,0,0
1356299,2013,5,15,3,14,2,43.71953924,-79.40112696,Don Valley West (25),25,Lawrence Park South (103),103,D53,North York,YONGE ST,GLENGROVE AVE E, ,Major Arterial,Intersection,At Intersection,Traffic Signal,Clear,"Dark, artificial",Dry,Non-Fatal Injury,Pedestrian Collisions,Vehicle Owner,unknown, ,0, ,Other, , , , , , , , , ,1,0,1,0,0,1,0,0,0,0,0,0,0,0
1356299,2013,5,15,3,14,2,43.71953924,-79.40112696,Don Valley West (25),25,Lawrence Park South (103),103,D53,North York,YONGE ST,GLENGROVE AVE E, ,Major Arterial,Intersection,At Intersection,Traffic Signal,Clear,"Dark, artificial",Dry,Non-Fatal Injury,Pedestrian Collisions,Driver - Not Hit,unknown,,0, ,Municipal Transit Bus (TTC), , , , , , , , , ,1,0,1,0,0,1,0,0,0,0,0,0,0,0
1356299,2013,5,15,3,14,2,43.71953924,-79.40112696,Don Valley West (25),25,Lawrence Park South (103),103,D53,North York,YONGE ST,GLENGROVE AVE E, ,Major Arterial,Intersection,At Intersection,Traffic Signal,Clear,"Dark, artificial",Dry,Non-Fatal Injury,Pedestrian Collisions,Vehicle Owner,unknown, ,0, ,Other, , , , , , , , , ,1,0,1,0,0,1,0,0,0,0,0,0,0,0
1356299,2013,5,15,3,14,2,43.71953924,-79.40112696,Don Valley West (25),25,Lawrence Park South (103),103,D53,North York,YONGE ST,GLENGROVE AVE E, ,Major Arterial,Intersection,At Intersection,Traffic Signal,Clear,"Dark, artificial",Dry,Non-Fatal Injury,Pedestrian Collisions,Driver,45 to 49,,0,North,"Automobile, Station Wagon",Going Ahead,Driving Properly,Normal, , , , , , ,1,0,1,0,0,1,0,0,0,0,0,0,0,0
1356299,2013,5,15,3,14,2,43.71953924,-79.40112696,Don Valley West (25),25,Lawrence Park South (103),103,D53,North York,YONGE ST,GLENGROVE AVE E, ,Major Arterial,Intersection,At Intersection,Traffic Signal,Clear,"Dark, artificial",Dry,Non-Fatal Injury,Pedestrian Collisions,Pedestrian,25 to 29,Major,0,West,Other, , , ,Vehicle is going straight thru inter.while ped cross without ROW,Crossing without right of way,Had Been Drinking, , , ,1,0,1,0,0,1,0,0,0,0,0,0,0,0
7000222779,2017,2,5,3,14,6,43.61587866,-79.53636561,Etobicoke-Lakeshore (6),6,Alderwood (20),20,D22,Etobicoke York,F G GARDINER XY  W,GARDINER X W 427 X N RAMP,250 m West of,Expressway,Mid-Block,Non Intersection,No Control,Clear,Dark,Dry,Non-Fatal Injury,SMV Other,Driver,20 to 24,Major,0,West,"Automobile, Station Wagon",Going Ahead,Other,Had Been Drinking, , , , , , ,0,0,1,0,0,0,0,0,0,0,0,0,0,0
1379252,2012,12,2,3,15,6,43.66502722,-79.37868891,Toronto Centre-Rosedale (27),27,Church-Yonge Corridor (75),75,D51,Toronto East York,MAITLAND ST,YONGE ST, ,Collector,Mid-Block, ,No Control,Clear,Dark,Dry,Non-Fatal Injury,Pedestrian Collisions,Vehicle Owner,unknown, ,0, ,Other, , , , , , , , , ,1,0,1,0,0,0,0,0,0,0,0,0,0,0
1379252,2012,12,2,3,15,6,43.66502722,-79.37868891,Toronto Centre-Rosedale (27),27,Church-Yonge Corridor (75),75,D51,Toronto East York,MAITLAND ST,YONGE ST, ,Collector,Mid-Block, ,No Control,Clear,Dark,Dry,Non-Fatal Injury,Pedestrian Collisions,Driver,20 to 24,,0,East,"Automobile, Station Wagon",Pulling Away from Shoulder or Curb,Other,Had Been Drinking, , , , , , ,1,0,1,0,0,0,0,0,0,0,0,0,0,0
1379252,2012,12,2,3,15,6,43.66502722,-79.37868891,Toronto Centre-Rosedale (27),27,Church-Yonge Corridor (75),75,D51,Toronto East York,MAITLAND ST,YONGE ST, ,Collector,Mid-Block, ,No Control,Clear,Dark,Dry,Non-Fatal Injury,Pedestrian Collisions,Pedestrian,20 to 24,Major,0,Unknown,Other, , , ,Pedestrian hit at mid-block,"Crossing, no Traffic Control",Other, , , ,1,0,1,0,0,0,0,0,0,0,0,0,0,0
967064,2007,4,8,3,16,6,43.73724538,-79.59029029,Etobicoke North (1),1,Mount Olive-Silverstone-Jamestown (2),2,D23,Etobicoke York,FINCH AVE W,MARTIN GROVE RD, ,Major Arterial,Mid-Block, ,No Control,Snow,Dark,Wet,Non-Fatal Injury,Approaching,Passenger,20 to 24,Minor,0, ,Other, , , , , , , , , ,0,0,1,0,0,0,0,1,1,1,0,0,0,0