ACCNUM,YEAR,MONTH,DAY,HOUR,MINUTES,WEEKDAY,LATITUDE,LONGITUDE,Ward_Name,Ward_ID,Hood_Name,Hood_ID,Division,District,STREET1,STREET2,OFFSET,ROAD_CLASS,LOCCOORD,ACCLOC,TRAFFCTL,VISIBILITY,LIGHT,RDSFCOND,ACCLASS,IMPACTYPE,INVTYPE,INVAGE,INJURY,FATAL_NO,INITDIR,VEHTYPE,MANOEUVER,DRIVACT,DRIVCOND,PEDTYPE,PEDACT,PEDCOND,CYCLISTYPE,CYCACT,CYCCOND,PEDESTRIAN,CYCLIST,AUTOMOBILE,MOTORCYCLE,TRUCK,TRSN_CITY_VEH,EMERG_VEH,PASSENGER,SPEEDING,AG_DRIV,REDLIGHT,ALCOHOL,DISABILITY,label
967064,2007,4,8,3,16,6,43.73724538,-79.59029029,Etobicoke North (1),1,Mount Olive-Silverstone-Jamestown (2),2,D23,Etobicoke York,FINCH AVE W,MARTIN GROVE RD, ,Major Arterial,Mid-Block, ,No Control,Snow,Dark,Wet,Non-Fatal Injury,Approaching,Passenger,20 to 24,Minor,0, ,Other, , , , , , , , , ,0,0,1,0,0,0,0,1,1,1,0,0,0,0
967064,2007,4,8,3,16,6,43.73724538,-79.59029029,Etobicoke North (1),1,Mount Olive-Silverstone-Jamestown (2),2,D23,Etobicoke York,FINCH AVE W,MARTIN GROVE RD, ,Major Arterial,Mid-Block, ,No Control,Snow,Dark,Wet,Non-Fatal Injury,Approaching,Passenger,20 to 24,Minor,0, ,Other, , , , , , , , , ,0,0,1,0,0,0,0,1,1,1,0,0,0,0
967064,2007,4,8,3,16,6,43.73724538,-79.59029029,Etobicoke North (1),1,Mount Olive-Silverstone-Jamestown (2),2,D23,Etobicoke York,FINCH AVE W,MARTIN GROVE RD, ,Major Arterial,Mid-Block, ,No Control,Snow,Dark,Wet,Non-Fatal Injury,Approaching,Vehicle Owner,unknown, ,0, ,Other, , , , , , , , , ,0,0,1,0,0,0,0,1,1,1,0,0,0,0
967064,2007,4,8,3,16,6,43.73724538,-79.59029029,Etobicoke North (1),1,Mount Olive-Silverstone-Jamestown (2),2,D23,Etobicoke York,FINCH AVE W,MARTIN GROVE RD, ,Major Arterial,Mid-Block, ,No Control,Snow,Dark,Wet,Non-Fatal Injury,Approaching,Driver,35 to 39,Minor,0,East,"Automobile, Station Wagon",Going Ahead,Driving Properly,Normal, , , , , , ,0,0,1,0,0,0,0,1,1,1,0,0,0,0
967064,2007,4,8,3,16,6,43.73724538,-79.59029029,Etobicoke North (1),1,Mount Olive-Silverstone-Jamestown (2),2,D23,Etobicoke York,FINCH AVE W,MARTIN GROVE RD, ,Major Arterial,Mid-Block, ,No Control,Snow,Dark,Wet,Non-Fatal Injury,Approaching,Passenger,35 to 39,Minor,0, ,Other, , , , , , , , , ,0,0,1,0,0,0,0,1,1,1,0,0,0,0
967064,2007,4,8,3,16,6,43.73724538,-79.59029029,Etobicoke North (1),1,Mount Olive-Silverstone-Jamestown (2),2,D23,Etobicoke York,FINCH AVE W,MARTIN GROVE RD, ,Major Arterial,Mid-Block, ,No Control,Snow,Dark,Wet,Non-Fatal Injury,Approaching,Passenger,30 to 34,Minor,0, ,Other, , , , , , , , , ,0,0,1,0,0,0,0,1,1,1,0,0,0,0
967064,2007,4,8,3,16,6,43.73724538,-79.59029029,Etobicoke North (1),1,Mount Olive-Silverstone-Jamestown (2),2,D23,Etobicoke York,FINCH AVE W,MARTIN GROVE RD, ,Major Arterial,Mid-Block, ,No Control,Snow,Dark,Wet,Non-Fatal Injury,Approaching,Driver,25 to 29,Major,0,West,"Automobile, Station Wagon",Other,Lost control,Had Been Drinking, , , , , , ,0,0,1,0,0,0,0,1,1,1,0,0,0,0
986221,2007,7,7,3,16,5,43.65724538,-79.40379029,Trinity-Spadina (20),20,Kensington-Chinatown (78),78,D14,Toronto East York,COLLEGE ST,BRUNSWICK AVE, ,Major Arterial,Intersection, ,No Control,Clear,Dark,Dry,Non-Fatal Injury,Pedestrian Collisions,Driver,20 to 24,,0,East,"Automobile, Station Wagon",Going Ahead,Driving Properly,Normal, , , , , , ,1,0,1,0,0,0,0,0,0,0,0,0,0,0
986221,2007,7,7,3,16,5,43.65724538,-79.40379029,Trinity-Spadina (20),20,Kensington-Chinatown (78),78,D14,Toronto East York,COLLEGE ST,BRUNSWICK AVE, ,Major Arterial,Intersection, ,No Control,Clear,Dark,Dry,Non-Fatal Injury,Pedestrian Collisions,Pedestrian,55 to 59,Major,0, ,Other, , , ,Vehicle is going straight thru inter.while ped cross without ROW,"Crossing, no Traffic Control",Unknown, , , ,1,0,1,0,0,0,0,0,0,0,0,0,0,0
1052679,2008,8,7,3,16,3,43.65854538,-79.44169029,Davenport (18),18,Dufferin Grove (83),83,D11,Toronto East York,ST CLARENS Aven,BLOOR Stre W, ,Major Arterial, , ,Stop Sign,Clear,Dark,Dry,Non-Fatal Injury,SMV Other,Vehicle Owner,unknown,,0, ,Other,Parked, , , , , , , , ,0,0,1,0,0,0,0,1,0,0,0,0,0,0
1052679,2008,8,7,3,16,3,43.65854538,-79.44169029,Davenport (18),18,Dufferin Grove (83),83,D11,Toronto East York,ST CLARENS Aven,BLOOR Stre W, ,Major Arterial, , ,Stop Sign,Clear,Dark,Dry,Non-Fatal Injury,SMV Other,Passenger,unknown,Minor,0, ,Other,Other, , , , , , , , ,0,0,1,0,0,0,0,1,0,0,0,0,0,0
1052679,2008,8,7,3,16,3,43.65854538,-79.44169029,Davenport (18),18,Dufferin Grove (83),83,D11,Toronto East York,ST CLARENS Aven,BLOOR Stre W, ,Major Arterial, , ,Stop Sign,Clear,Dark,Dry,Non-Fatal Injury,SMV Other,Vehicle Owner,unknown,,0, ,Other,Unknown, , , , , , , , ,0,0,1,0,0,0,0,1,0,0,0,0,0,0
1052679,2008,8,7,3,16,3,43.65854538,-79.44169029,Davenport (18),18,Dufferin Grove (83),83,D11,Toronto East York,ST CLARENS Aven,BLOOR Stre W, ,Major Arterial, , ,Stop Sign,Clear,Dark,Dry,Non-Fatal Injury,SMV Other,Passenger,unknown,Major,0, ,Other,Other, , , , , , , , ,0,0,1,0,0,0,0,1,0,0,0,0,0,0
1052679,2008,8,7,3,16,3,43.65854538,-79.44169029,Davenport (18),18,Dufferin Grove (83),83,D11,Toronto East York,ST CLARENS Aven,BLOOR Stre W, ,Major Arterial, , ,Stop Sign,Clear,Dark,Dry,Non-Fatal Injury,SMV Other,Passenger,unknown,Minor,0, ,Other,Other, , , , , , , , ,0,0,1,0,0,0,0,1,0,0,0,0,0,0
1052679,2008,8,7,3,16,3,43.65854538,-79.44169029,Davenport (18),18,Dufferin Grove (83),83,D11,Toronto East York,ST CLARENS Aven,BLOOR Stre W, ,Major Arterial, , ,Stop Sign,Clear,Dark,Dry,Non-Fatal Injury,SMV Other,Driver,unknown,,0,North,"Automobile, Station Wagon",Going Ahead, , , , , , , , ,0,0,1,0,0,0,0,1,0,0,0,0,0,0
6002047256,2016,11,18,3,18,4,43.76143606,-79.41089258,Willowdale (23),23,Willowdale East (51),51,D32,North York,SHEPPARD AVE E,YONGE ST, ,Major Arterial,Intersection,At Intersection,Traffic Signal,Clear,"Dark, artificial",Dry,Non-Fatal Injury,Pedestrian Collisions,Driver,45 to 49,,0,North,Intercity Bus,Going Ahead,Driving Properly,Unknown, , , , , , ,1,0,0,0,0,1,0,0,0,0,0,0,0,0
6002047256,2016,11,18,3,18,4,43.76143606,-79.41089258,Willowdale (23),23,Willowdale East (51),51,D32,North York,SHEPPARD AVE E,YONGE ST, ,Major Arterial,Intersection,At Intersection,Traffic Signal,Clear,"Dark, artificial",Dry,Non-Fatal Injury,Pedestrian Collisions,Pedestrian,20 to 24,Major,0,East,Intercity Bus,Going Ahead, , ,Vehicle is going straight thru inter.while ped cross without ROW,Running onto Roadway,Inattentive, , , ,1,0,0,0,0,1,0,0,0,0,0,0,0,0
1214196,2011,1,22,3,19,5,43.63244538,-79.43279029,Parkdale-High Park (14),14,South Parkdale (85),85,D14,Toronto East York,F G GARDINER XY Expr E,JAMESON AVE, ,Expressway,Mid-Block, ,No Control,Clear,Dark,Dry,Non-Fatal Injury,Rear End,Vehicle Owner,unknown, ,0, ,Other, , , , , , , , , ,0,0,1,0,0,0,0,0,0,0,0,1,0,0
1214196,2011,1,22,3,19,5,43.63244538,-79.43279029,Parkdale-High Park (14),14,South Parkdale (85),85,D14,Toronto East York,F G GARDINER XY Expr E,JAMESON AVE, ,Expressway,Mid-Block, ,No Control,Clear,Dark,Dry,Non-Fatal Injury,Rear End,Driver,45 to 49,Major,0,East,"Automobile, Station Wagon",Going Ahead,Lost control,"Ability Impaired, Alcohol", , , , , , ,0,0,1,0,0,0,0,0,0,0,0,1,0,0
1214196,2011,1,22,3,19,5,43.63244538,-79.43279029,Parkdale-High Park (14),14,South Parkdale (85),85,D14,Toronto East York,F G GARDINER XY Expr E,JAMESON AVE, ,Expressway,Mid-Block, ,No Control,Clear,Dark,Dry,Non-Fatal Injury,Rear End,Vehicle Owner,unknown, ,0, ,Other, , , , , , , , , ,0,0,1,0,0,0,0,0,0,0,0,1,0,0
1214196,2011,1,22,3,19,5,43.63244538,-79.43279029,Parkdale-High Park (14),14,South Parkdale (85),85,D14,Toronto East York,F G GARDINER XY Expr E,JAMESON AVE, ,Expressway,Mid-Block, ,No Control,Clear,Dark,Dry,Non-Fatal Injury,Rear End,Driver,55 to 59,Minor,0,East,Other,Stopped,Driving Properly,Normal, , , , , , ,0,0,1,0,0,0,0,0,0,0,0,1,0,0
1214196,2011,1,22,3,19,5,43.63244538,-79.43279029,Parkdale-High Park (14),14,South Parkdale (85),85,D14,Toronto East York,F G GARDINER XY Expr E,JAMESON AVE, ,Expressway,Mid-Block, ,No Control,Clear,Dark,Dry,Non-Fatal Injury,Rear End,Vehicle Owner,unknown, ,0, ,Other, , , , , , , , , ,0,0,1,0,0,0,0,0,0,0,0,1,0,0
1214196,2011,1,22,3,19,5,43.63244538,-79.43279029,Parkdale-High Park (14),14,South Parkdale (85),85,D14,Toronto East York,F G GARDINER XY Expr E,JAMESON AVE, ,Expressway,Mid-Block, ,No Control,Clear,Dark,Dry,Non-Fatal Injury,Rear End,Driver,40 to 44,Minor,0,East,Other,Stopped,Driving Properly,Normal, , , , , , ,0,0,1,0,0,0,0,0,0,0,0,1,0,0
1226172,2011,4,4,3,19,0,43.73374538,-79.53819029,York West (7),7,Pelmo Park-Humberlea (23),23,D31,Etobicoke York,SHEPPARD AVE W,WESTON RD, ,Major Arterial,Intersection,At Intersection,Traffic Signal,Rain,Dark,Wet,Non-Fatal Injury,SMV Other,Driver,35 to 39,Major,0,West,"Automobile, Station Wagon",Going Ahead,Lost control,Unknown, , , , , , ,0,0,1,0,0,0,0,0,0,0,0,0,0,0
1226172,2011,4,4,3,19,0,43.73374538,-79.53819029,York West (7),7,Pelmo Park-Humberlea (23),23,D31,Etobicoke York,SHEPPARD AVE W,WESTON RD, ,Major Arterial,Intersection,At Intersection,Traffic Signal,Rain,Dark,Wet,Non-Fatal Injury,SMV Other,Other Property Owner,unknown, ,0, ,Other, , , , , , , , , ,0,0,1,0,0,0,0,0,0,0,0,0,0,0
4002140437,2014,5,24,3,19,5,43.76913412,-79.23754511,Scarborough Centre (38),38,Woburn (137),137,D43,Scarborough,BRIMORTON DR,ALBACORE CRES,48 m East of,Collector,Mid-Block,Non Intersection,No Control,Clear,"Dark, artificial",Dry,Non-Fatal Injury,SMV Other,Driver,30 to 34,Minor,0,East,"Automobile, Station Wagon",Going Ahead,Lost control,Had Been Drinking, , , , , , ,0,0,1,0,0,0,0,1,1,1,0,0,0,0
4002140437,2014,5,24,3,19,5,43.76913412,-79.23754511,Scarborough Centre (38),38,Woburn (137),137,D43,Scarborough,BRIMORTON DR,ALBACORE CRES,48 m East of,Collector,Mid-Block,Non Intersection,No Control,Clear,"Dark, artificial",Dry,Non-Fatal Injury,SMV Other,Passenger,40 to 44,Major,0, , , , , , , , , , , ,0,0,1,0,0,0,0,1,1,1,0,0,0,0
1053809,2008,7,20,3,20,6,43.76594538,-79.41209029,Willowdale (23),23,Lansing-Westgate (38),38,D32,North York,4982 YONGE ST, , ,Major Arterial,Mid-Block, ,No Control,Rain,Dark,Wet,Non-Fatal Injury,Pedestrian Collisions,Driver,30 to 34,,0,South,"Automobile, Station Wagon",Going Ahead,Driving Properly,Normal, , , , , , ,1,0,1,0,0,0,0,0,0,0,0,0,0,0
1053809,2008,7,20,3,20,6,43.76594538,-79.41209029,Willowdale (23),23,Lansing-Westgate (38),38,D32,North York,4982 YONGE ST, , ,Major Arterial,Mid-Block, ,No Control,Rain,Dark,Wet,Non-Fatal Injury,Pedestrian Collisions,Pedestrian,25 to 29,Major,0,East,Other, , , ,Pedestrian hit at mid-block,Running onto Roadway,Normal, , , ,1,0,1,0,0,0,0,0,0,0,0,0,0,0
1319679,2012,9,1,3,20,5,43.67894538,-79.34479029,Toronto-Danforth (30),30,Blake-Jones (69),69,D55,Toronto East York,DANFORTH Ave,PAPE Ave, ,Major Arterial,Intersection,At Intersection,Traffic Signal,Clear,Dark,Dry,Non-Fatal Injury,Pedestrian Collisions,Driver,20 to 24,,0,West,"Automobile, Station Wagon",Going Ahead,Driving Properly,Normal, , , , , , ,1,0,1,0,0,0,0,0,0,0,0,0,0,0
1319679,2012,9,1,3,20,5,43.67894538,-79.34479029,Toronto-Danforth (30),30,Blake-Jones (69),69,D55,Toronto East York,DANFORTH Ave,PAPE Ave, ,Major Arterial,Intersection,At Intersection,Traffic Signal,Clear,Dark,Dry,Non-Fatal Injury,Pedestrian Collisions,Pedestrian,20 to 24,Major,0,North,Other, , , ,Vehicle is going straight thru inter.while ped cross without ROW,Crossing without right of way,Had Been Drinking, , , ,1,0,1,0,0,0,0,0,0,0,0,0,0,0
6000186933,2016,2,1,3,20,0,43.79719885,-79.29434595,Scarborough-Agincourt (39),39,L'Amoreaux (117),117,D42,Scarborough,KENNEDY RD,NORCAP AVE,16 m North of,Major Arterial,Intersection,Non Intersection,No Control,Clear,"Dark, artificial",Wet,Non-Fatal Injury,Approaching,Driver,30 to 34,Major,0,North,"Automobile, Station Wagon",Going Ahead,Lost control,Inattentive, , , , , , ,0,0,1,0,0,0,0,0,0,0,0,0,0,0
6000186933,2016,2,1,3,20,0,43.79719885,-79.29434595,Scarborough-Agincourt (39),39,L'Amoreaux (117),117,D42,Scarborough,KENNEDY RD,NORCAP AVE,16 m North of,Major Arterial,Intersection,Non Intersection,No Control,Clear,"Dark, artificial",Wet,Non-Fatal Injury,Approaching,Driver,65 to 69,Minimal,0,South,Delivery Van,Slowing or Stopping,Driving Properly,Normal, , , , , , ,0,0,1,0,0,0,0,0,0,0,0,0,0,0
1149839,2009,12,31,3,22,3,43.81164538,-79.15649029,Scarborough-Rouge River (42),42,Rouge (131),131,D42,Scarborough,TWYN RIVERS DR,SHEPPARD AVE E, ,Collector,Mid-Block, ,No Control,Snow,Dark,Wet,Non-Fatal Injury,SMV Other,Passenger,45 to 49,Major,0, ,Other, , , , , , , , , ,0,0,1,0,0,0,0,1,1,1,0,1,0,0
1149839,2009,12,31,3,22,3,43.81164538,-79.15649029,Scarborough-Rouge River (42),42,Rouge (131),131,D42,Scarborough,TWYN RIVERS DR,SHEPPARD AVE E, ,Collector,Mid-Block, ,No Control,Snow,Dark,Wet,Non-Fatal Injury,SMV Other,Driver,35 to 39,,0,South,"Automobile, Station Wagon",Going Ahead,Speed too Fast For Condition,"Ability Impaired, Alcohol Over .08", , , , , , ,0,0,1,0,0,0,0,1,1,1,0,1,0,0
1149839,2009,12,31,3,22,3,43.81164538,-79.15649029,Scarborough-Rouge River (42),42,Rouge (131),131,D42,Scarborough,TWYN RIVERS DR,SHEPPARD AVE E, ,Collector,Mid-Block, ,No Control,Snow,Dark,Wet,Non-Fatal Injury,SMV Other,Other Property Owner,unknown, ,0, ,Other, , , , , , , , , ,0,0,1,0,0,0,0,1,1,1,0,1,0,0
1302753,2012,7,9,3,23,0,43.76344538,-79.49099029,York West (8),8,York University Heights (27),27,D31,North York,KEELE ST,FINCH AVE W, ,Major Arterial,Intersection,At Intersection,Traffic Signal,Clear,"Dark, artificial",Dry,Non-Fatal Injury,SMV Other,Driver,25 to 29,Major,0,North,"Automobile, Station Wagon",Going Ahead,Lost control,Unknown, , , , , , ,0,0,1,0,0,0,0,0,0,0,0,0,0,0
993905,2007,9,2,3,24,6,43.78064538,-79.24419029,Scarborough Centre (38),38,Woburn (137),137,D43,Scarborough,BELLAMY RD N,PROGRESS AVE, ,Collector,Mid-Block, ,No Control,Clear,Dark,Dry,Non-Fatal Injury,SMV Other,Passenger,20 to 24,Minor,0, ,Other, , , , , , , , , ,0,0,1,0,0,0,0,1,1,1,0,1,0,0
993905,2007,9,2,3,24,6,43.78064538,-79.24419029,Scarborough Centre (38),38,Woburn (137),137,D43,Scarborough,BELLAMY RD N,PROGRESS AVE, ,Collector,Mid-Block, ,No Control,Clear,Dark,Dry,Non-Fatal Injury,SMV Other,Passenger,20 to 24,Minor,0, ,Other, , , , , , , , , ,0,0,1,0,0,0,0,1,1,1,0,1,0,0
993905,2007,9,2,3,24,6,43.78064538,-79.24419029,Scarborough Centre (38),38,Woburn (137),137,D43,Scarborough,BELLAMY RD N,PROGRESS AVE, ,Collector,Mid-Block, ,No Control,Clear,Dark,Dry,Non-Fatal Injury,SMV Other,Passenger,20 to 24,Major,0, ,Other, , , , , , , , , ,0,0,1,0,0,0,0,1,1,1,0,1,0,0
993905,2007,9,2,3,24,6,43.78064538,-79.24419029,Scarborough Centre (38),38,Woburn (137),137,D43,Scarborough,BELLAMY RD N,PROGRESS AVE, ,Collector,Mid-Block, ,No Control,Clear,Dark,Dry,Non-Fatal Injury,SMV Other,Vehicle Owner,unknown,,0, ,Other, , , , , , , , , ,0,0,1,0,0,0,0,1,1,1,0,1,0,0
993905,2007,9,2,3,24,6,43.78064538,-79.24419029,Scarborough Centre (38),38,Woburn (137),137,D43,Scarborough,BELLAMY RD N,PROGRESS AVE, ,Collector,Mid-Block, ,No Control,Clear,Dark,Dry,Non-Fatal Injury,SMV Other,Driver,25 to 29,Minimal,0,North,"Automobile, Station Wagon",Going Ahead,Lost control,"Ability Impaired, Alcohol Over .08", , , , , , ,0,0,1,0,0,0,0,1,1,1,0,1,0,0
993905,2007,9,2,3,24,6,43.78064538,-79.24419029,Scarborough Centre (38),38,Woburn (137),137,D43,Scarborough,BELLAMY RD N,PROGRESS AVE, ,Collector,Mid-Block, ,No Control,Clear,Dark,Dry,Non-Fatal Injury,SMV Other,Other Property Owner,unknown,,0, ,Other, , , , , , , , , ,0,0,1,0,0,0,0,1,1,1,0,1,0,0
4003482087,2014,12,14,3,24,6,43.6493183,-79.42077265,Trinity-Spadina (19),19,Trinity-Bellwoods (81),81,D14,Toronto East York,OSSINGTON AVE,DUNDAS ST W, ,Minor Arterial,Intersection,Non Intersection,No Control,Clear,"Dark, artificial",Dry,Non-Fatal Injury,Pedestrian Collisions,Driver,20 to 24,,0,South,"Automobile, Station Wagon",Going Ahead,Driving Properly,Normal, , , , , , ,1,0,1,0,0,0,0,0,0,0,0,0,0,0
4003482087,2014,12,14,3,24,6,43.6493183,-79.42077265,Trinity-Spadina (19),19,Trinity-Bellwoods (81),81,D14,Toronto East York,OSSINGTON AVE,DUNDAS ST W, ,Minor Arterial,Intersection,Non Intersection,No Control,Clear,"Dark, artificial",Dry,Non-Fatal Injury,Pedestrian Collisions,Pedestrian,25 to 29,Major,0,Unknown, , , , ,Other / Undefined,Other,"Ability Impaired, Alcohol Over .80", , , ,1,0,1,0,0,0,0,0,0,0,0,0,0,0
1173449,2010,6,6,3,25,6,43.65634538,-79.45249029,Parkdale-High Park (14),14,High Park North (88),88,D11,Toronto East York,DUNDAS ST W,BLOOR ST W, ,Major Arterial,Intersection,At Intersection,Traffic Signal,Rain,Dark,Wet,Non-Fatal Injury,Pedestrian Collisions,Driver,unknown,,0,South,"Automobile, Station Wagon",Turning Left,Failed to Yield Right of Way,Unknown, , , , , , ,1,0,1,0,0,0,0,0,0,1,0,0,0,0
1173449,2010,6,6,3,25,6,43.65634538,-79.45249029,Parkdale-High Park (14),14,High Park North (88),88,D11,Toronto East York,DUNDAS ST W,BLOOR ST W, ,Major Arterial,Intersection,At Intersection,Traffic Signal,Rain,Dark,Wet,Non-Fatal Injury,Pedestrian Collisions,Pedestrian,25 to 29,Major,0,South,Other, , , ,Vehicle turns left while ped crosses with ROW at inter.,Crossing with right of way,Normal, , , ,1,0,1,0,0,0,0,0,0,1,0,0,0,0
1321216,2012,10,21,3,25,6,43.80794485,-79.31419001,Scarborough-Agincourt (39),39,Steeles (116),116,D42,Scarborough,MCNICOLL AVE,BIRCHMOUNT RD, ,Minor Arterial,Mid-Block,At Intersection,No Control,Clear,"Dark, artificial",Dry,Fatal,SMV Other,Passenger,20 to 24,Fatal,36, ,Other, , , , , , , , , ,0,0,1,0,0,0,0,1,1,1,0,1,0,1
1321216,2012,10,21,3,25,6,43.80794485,-79.31419001,Scarborough-Agincourt (39),39,Steeles (116),116,D42,Scarborough,MCNICOLL AVE,BIRCHMOUNT RD, ,Minor Arterial,Mid-Block,At Intersection,No Control,Clear,"Dark, artificial",Dry,Fatal,SMV Other,Vehicle Owner,unknown, ,0, ,Other, , , , , , , , , ,0,0,1,0,0,0,0,1,1,1,0,1,0,1
1054475,2008,7,28,5,42,0,43.64634538,-79.44909029,Parkdale-High Park (14),14,High Park-Swansea (87),87,D11,Toronto East York,RONCESVALLES AVE,HIGH PARK BLVD, ,Minor Arterial,Intersection, ,No Control,Clear,Daylight,Dry,Non-Fatal Injury,Pedestrian Collisions,Pedestrian,50 to 54,Major,0,North,Other, , , ,Other / Undefined,Person Getting on/off Vehicle,Normal, , , ,1,0,1,0,0,0,0,0,0,0,0,0,0,0
7000697706,2017,4,21,5,43,4,43.63561238,-79.44563729,Parkdale-High Park (14),14,South Parkdale (85),85,D14,Toronto East York,LAKE SHORE BV W,PARKSIDE DRIVE,700 m East of,Major Arterial Ramp,Mid-Block,Non Intersection,No Control,Clear,"Dark, artificial",Wet,Non-Fatal Injury,SMV Other,Driver,60 to 64,Major,0,East,"Automobile, Station Wagon",Going Ahead,Lost control,Fatigue, , , , , , ,0,0,1,0,0,0,0,0,1,1,0,0,0,0
1061341,2008,9,28,5,45,6,43.71814538,-79.52109029,York West (7),7,Downsview-Roding-CFB (26),26,D31,Etobicoke York,WILSON AVE,HIGHWAY 400  S, ,Major Arterial,Intersection,At Intersection,No Control,Clear,Dark,Wet,Fatal,SMV Other,Driver,55 to 59,Fatal,42,East,"Automobile, Station Wagon",Going Ahead,Exceeding Speed Limit,Had Been Drinking, , , , , , ,0,0,1,0,0,0,0,0,1,1,0,0,0,1
1065595,2008,10,21,5,45,1,43.69004538,-79.58279029,Etobicoke North (2),2,West Humber-Clairville (1),1,D23,Etobicoke York,HIGHWAY 27 Ramp S,27 S DIXON W RAMP, ,Major Arterial,Mid-Block, ,No Control,Clear,Dark,Dry,Fatal,SMV Other,Vehicle Owner,unknown, ,0, ,Other, , , , , , , , , ,0,0,0,0,1,0,0,0,1,1,0,0,0,1
1065595,2008,10,21,5,45,1,43.69004538,-79.58279029,Etobicoke North (2),2,West Humber-Clairville (1),1,D23,Etobicoke York,HIGHWAY 27 Ramp S,27 S DIXON W RAMP, ,Major Arterial,Mid-Block, ,No Control,Clear,Dark,Dry,Fatal,SMV Other,Truck Driver,20 to 24,Fatal,47,South,Truck - Open,Going Ahead,Exceeding Speed Limit,Normal, , , , , , ,0,0,0,0,1,0,0,0,1,1,0,0,0,1
1204378,2010,11,28,5,45,6,43.67654538,-79.36809029,Toronto Centre-Rosedale (27),27,Rosedale-Moore Park (98),98,D53,Toronto East York,BLOOR RAMP,CASTLE FRANK RD, ,Major Arterial,Mid-Block, ,No Control,Clear,Dark,Dry,Non-Fatal Injury,SMV Other,Passenger,0 to 4,Major,0, ,Other, , , , , , , , , ,0,0,1,0,0,0,0,1,0,0,0,1,0,0
1204378,2010,11,28,5,45,6,43.67654538,-79.36809029,Toronto Centre-Rosedale (27),27,Rosedale-Moore Park (98),98,D53,Toronto East York,BLOOR RAMP,CASTLE FRANK RD, ,Major Arterial,Mid-Block, ,No Control,Clear,Dark,Dry,Non-Fatal Injury,SMV Other,Passenger,35 to 39,Major,0, ,Other, , , , , , , , , ,0,0,1,0,0,0,0,1,0,0,0,1,0,0
1204378,2010,11,28,5,45,6,43.67654538,-79.36809029,Toronto Centre-Rosedale (27),27,Rosedale-Moore Park (98),98,D53,Toronto East York,BLOOR RAMP,CASTLE FRANK RD, ,Major Arterial,Mid-Block, ,No Control,Clear,Dark,Dry,Non-Fatal Injury,SMV Other,Driver,25 to 29,Minimal,0,South,"Automobile, Station Wagon",Going Ahead,Other,"Ability Impaired, Alcohol Over .08", , , , , , ,0,0,1,0,0,0,0,1,0,0,0,1,0,0
1204378,2010,11,28,5,45,6,43.67654538,-79.36809029,Toronto Centre-Rosedale (27),27,Rosedale-Moore Park (98),98,D53,Toronto East York,BLOOR RAMP,CASTLE FRANK RD, ,Major Arterial,Mid-Block, ,No Control,Clear,Dark,Dry,Non-Fatal Injury,SMV Other,Other Property Owner,unknown, ,0, ,Other, , , , , , , , , ,0,0,1,0,0,0,0,1,0,0,0,1,0,0
1372585,2013,8,28,5,45,2,43.73824652,-79.27045832,Scarborough Centre (37),37,Ionview (125),125,D41,Scarborough,KENNEDY RD,STRATTON AVE, ,Major Arterial,Intersection, ,Stop Sign,Clear,Dark,Dry,Non-Fatal Injury,Cyclist Collisions,Driver,35 to 39,,0,South,"Automobile, Station Wagon",Going Ahead,Driving Properly,Normal, , , , , , ,0,1,1,0,0,0,0,0,0,0,0,0,0,0
1372585,2013,8,28,5,45,2,43.73824652,-79.27045832,Scarborough Centre (37),37,Ionview (125),125,D41,Scarborough,KENNEDY RD,STRATTON AVE, ,Major Arterial,Intersection, ,Stop Sign,Clear,Dark,Dry,Non-Fatal Injury,Cyclist Collisions,Cyclist,40 to 44,Major,0,West,Bicycle,Going Ahead, , , , , ,"Cyclist without ROW rides into path of motorist at inter, lnwy, dwy-Cyclist not turn.",Failed to Yield Right of Way,Inattentive,0,1,1,0,0,0,0,0,0,0,0,0,0,0
4003346463,2014,11,22,5,45,5,43.74790915,-79.46238337,York Centre (9),9,Downsview-Roding-CFB (26),26,D32,North York,WILLIAM R ALLEN RD,SHEPPARD AVE W,200 m South of,Major Arterial,Intersection,At/Near Private Drive,Traffic Signal,Clear,"Dark, artificial",Dry,Non-Fatal Injury,Turning Movement,Truck Driver,25 to 29,,0,East,Truck-Tractor,Turning Right,Failed to Yield Right of Way,Inattentive, , , , , , ,0,0,0,0,1,0,0,1,0,1,0,0,0,0
4003346463,2014,11,22,5,45,5,43.74790915,-79.46238337,York Centre (9),9,Downsview-Roding-CFB (26),26,D32,North York,WILLIAM R ALLEN RD,SHEPPARD AVE W,200 m South of,Major Arterial,Intersection,At/Near Private Drive,Traffic Signal,Clear,"Dark, artificial",Dry,Non-Fatal Injury,Turning Movement,Passenger,30 to 34,Major,0, , , , , , , , , , , ,0,0,0,0,1,0,0,1,0,1,0,0,0,0
6000066081,2016,1,12,5,45,1,43.69460257,-79.48609553,York South-Weston (12),12,Beechborough-Greenbrook (112),112,D12,Etobicoke York,TRETHEWEY DR,BLACK CREEK DR, ,Major Arterial,Intersection,At Intersection,Traffic Signal,Snow,"Dark, artificial",Loose Snow,Non-Fatal Injury,Turning Movement,Driver,65 to 69,,0,South,"Automobile, Station Wagon",Turning Left,Disobeyed Traffic Control,Inattentive, , , , , , ,0,0,1,0,0,0,0,1,0,1,1,0,0,0
6000066081,2016,1,12,5,45,1,43.69460257,-79.48609553,York South-Weston (12),12,Beechborough-Greenbrook (112),112,D12,Etobicoke York,TRETHEWEY DR,BLACK CREEK DR, ,Major Arterial,Intersection,At Intersection,Traffic Signal,Snow,"Dark, artificial",Loose Snow,Non-Fatal Injury,Turning Movement,Driver,40 to 44,Major,0,North,"Automobile, Station Wagon",Going Ahead,Driving Properly,Normal, , , , , , ,0,0,1,0,0,0,0,1,0,1,1,0,0,0
6000066081,2016,1,12,5,45,1,43.69460257,-79.48609553,York South-Weston (12),12,Beechborough-Greenbrook (112),112,D12,Etobicoke York,TRETHEWEY DR,BLACK CREEK DR, ,Major Arterial,Intersection,At Intersection,Traffic Signal,Snow,"Dark, artificial",Loose Snow,Non-Fatal Injury,Turning Movement,Passenger,60 to 64,Minor,0, , , , , , , , , , , ,0,0,1,0,0,0,0,1,0,1,1,0,0,0