ACCNUM,YEAR,MONTH,DAY,HOUR,MINUTES,WEEKDAY,LATITUDE,LONGITUDE,Ward_Name,Ward_ID,Hood_Name,Hood_ID,Division,District,STREET1,STREET2,OFFSET,ROAD_CLASS,LOCCOORD,ACCLOC,TRAFFCTL,VISIBILITY,LIGHT,RDSFCOND,ACCLASS,IMPACTYPE,INVTYPE,INVAGE,INJURY,FATAL_NO,INITDIR,VEHTYPE,MANOEUVER,DRIVACT,DRIVCOND,PEDTYPE,PEDACT,PEDCOND,CYCLISTYPE,CYCACT,CYCCOND,PEDESTRIAN,CYCLIST,AUTOMOBILE,MOTORCYCLE,TRUCK,TRSN_CITY_VEH,EMERG_VEH,PASSENGER,SPEEDING,AG_DRIV,REDLIGHT,ALCOHOL,DISABILITY,label
1271163,2011,12,23,5,47,4,43.74114538,-79.31929029,Don Valley East (34),34,Victoria Village (43),43,D33,North York,LAWRENCE AVE E,CURLEW DR, ,Major Arterial,Intersection,At Intersection,Traffic Signal,Clear,"Dark, artificial",Wet,Fatal,Turning Movement,Driver,25 to 29,Minimal,0,West,"Automobile, Station Wagon",Going Ahead,Driving Properly,Normal, , , , , , ,0,0,1,0,0,0,0,0,1,1,0,0,0,1
1271163,2011,12,23,5,47,4,43.74114538,-79.31929029,Don Valley East (34),34,Victoria Village (43),43,D33,North York,LAWRENCE AVE E,CURLEW DR, ,Major Arterial,Intersection,At Intersection,Traffic Signal,Clear,"Dark, artificial",Wet,Fatal,Turning Movement,Driver,35 to 39,Fatal,35,East,"Automobile, Station Wagon",Turning Left,Improper Turn,Inattentive, , , , , , ,0,0,1,0,0,0,0,0,1,1,0,0,0,1
1271163,2011,12,23,5,47,4,43.74114538,-79.31929029,Don Valley East (34),34,Victoria Village (43),43,D33,North York,LAWRENCE AVE E,CURLEW DR, ,Major Arterial,Intersection,At Intersection,Traffic Signal,Clear,"Dark, artificial",Wet,Fatal,Turning Movement,Other Property Owner,unknown, ,0, ,Other, , , , , , , , , ,0,0,1,0,0,0,0,0,1,1,0,0,0,1
1259602,2011,10,18,5,48,1,43.73554538,-79.44279029,York Centre (10),10,Clanton Park (33),33,D32,North York,WILSON AVE,ALLINGHAM GDNS, ,Major Arterial,Intersection,At Intersection,No Control,Clear,"Dark, artificial",Other,Fatal,Pedestrian Collisions,Driver,40 to 44,,0,West,"Automobile, Station Wagon",Going Ahead,Driving Properly,Normal, , , , , , ,1,0,1,0,0,0,0,0,0,0,0,0,0,1
1259602,2011,10,18,5,48,1,43.73554538,-79.44279029,York Centre (10),10,Clanton Park (33),33,D32,North York,WILSON AVE,ALLINGHAM GDNS, ,Major Arterial,Intersection,At Intersection,No Control,Clear,"Dark, artificial",Other,Fatal,Pedestrian Collisions,Pedestrian,45 to 49,Fatal,28,North,Other, , , ,Vehicle is going straight thru inter.while ped cross without ROW,"Crossing, no Traffic Control",Inattentive, , , ,1,0,1,0,0,0,0,0,0,0,0,0,0,1
7000933683,2017,5,27,5,48,5,43.72465094,-79.30260859,Scarborough Southwest (35),35,Clairlea-Birchmount (120),120,D41,North York,EGLINTON AVE E,VICTORIA PARK AVE, ,Major Arterial,Intersection,At Intersection,Traffic Controller,Clear,Dawn,Dry,Non-Fatal Injury,Angle,Driver,25 to 29,Major,0,East,"Automobile, Station Wagon",Going Ahead,Disobeyed Traffic Control,Fatigue, , , , , , ,0,0,1,0,0,0,0,1,0,1,0,0,0,0
7000933683,2017,5,27,5,48,5,43.72465094,-79.30260859,Scarborough Southwest (35),35,Clairlea-Birchmount (120),120,D41,North York,EGLINTON AVE E,VICTORIA PARK AVE, ,Major Arterial,Intersection,At Intersection,Traffic Controller,Clear,Dawn,Dry,Non-Fatal Injury,Angle,Driver,30 to 34,Minor,0,North,"Automobile, Station Wagon",Going Ahead,Driving Properly,Normal, , , , , , ,0,0,1,0,0,0,0,1,0,1,0,0,0,0
7000933683,2017,5,27,5,48,5,43.72465094,-79.30260859,Scarborough Southwest (35),35,Clairlea-Birchmount (120),120,D41,North York,EGLINTON AVE E,VICTORIA PARK AVE, ,Major Arterial,Intersection,At Intersection,Traffic Controller,Clear,Dawn,Dry,Non-Fatal Injury,Angle,Passenger,30 to 34,,0, , , , , , , , , , , ,0,0,1,0,0,0,0,1,0,1,0,0,0,0
1258190,2011,10,10,5,49,0,43.62024538,-79.51349029,Etobicoke-Lakeshore (6),6,Mimico (includes Humber Bay Shores) (17),17,D22,Etobicoke York,F G GARDINER XY Expr E,KIPLING AVE, ,Expressway,Mid-Block, ,No Control,Clear,Dark,Dry,Non-Fatal Injury,SMV Other,Vehicle Owner,unknown, ,0, ,Other, , , , , , , , , ,0,0,1,0,0,0,0,0,0,0,0,0,0,0
1258190,2011,10,10,5,49,0,43.62024538,-79.51349029,Etobicoke-Lakeshore (6),6,Mimico (includes Humber Bay Shores) (17),17,D22,Etobicoke York,F G GARDINER XY Expr E,KIPLING AVE, ,Expressway,Mid-Block, ,No Control,Clear,Dark,Dry,Non-Fatal Injury,SMV Other,Driver,40 to 44,Major,0,East,"Automobile, Station Wagon",Going Ahead,Lost control,Inattentive, , , , , , ,0,0,1,0,0,0,0,0,0,0,0,0,0,0
1013495,2008,1,8,5,50,1,43.71474538,-79.58519029,Etobicoke North (2),2,West Humber-Clairville (1),1,D23,Etobicoke York,REXDALE BLVD,TIDEMORE AVE, ,Major Arterial,Intersection, ,No Control,Clear,Dark,Dry,Fatal,SMV Other,Passenger,25 to 29,Fatal,4, ,Other, , , , , , , , , ,0,0,1,0,0,0,0,1,0,0,0,0,0,1
1013495,2008,1,8,5,50,1,43.71474538,-79.58519029,Etobicoke North (2),2,West Humber-Clairville (1),1,D23,Etobicoke York,REXDALE BLVD,TIDEMORE AVE, ,Major Arterial,Intersection, ,No Control,Clear,Dark,Dry,Fatal,SMV Other,Vehicle Owner,unknown, ,0, ,Other, , , , , , , , , ,0,0,1,0,0,0,0,1,0,0,0,0,0,1
1013495,2008,1,8,5,50,1,43.71474538,-79.58519029,Etobicoke North (2),2,West Humber-Clairville (1),1,D23,Etobicoke York,REXDALE BLVD,TIDEMORE AVE, ,Major Arterial,Intersection, ,No Control,Clear,Dark,Dry,Fatal,SMV Other,Driver,25 to 29,Minimal,0,West,"Automobile, Station Wagon",Going Ahead,Lost control,"Ability Impaired, Drugs", , , , , , ,0,0,1,0,0,0,0,1,0,0,0,0,0,1
1046342,2008,6,11,5,50,2,43.65574538,-79.38379029,Toronto Centre-Rosedale (27),27,Bay Street Corridor (76),76,D52,Toronto East York,DUNDAS ST W,BAY ST, ,Major Arterial,Intersection,At Intersection,Traffic Signal,Clear,Daylight,Dry,Non-Fatal Injury,Other,Passenger,55 to 59,Minimal,0, ,Other, , , , , , , , , ,0,0,0,0,0,1,0,1,0,0,0,0,0,0
1046342,2008,6,11,5,50,2,43.65574538,-79.38379029,Toronto Centre-Rosedale (27),27,Bay Street Corridor (76),76,D52,Toronto East York,DUNDAS ST W,BAY ST, ,Major Arterial,Intersection,At Intersection,Traffic Signal,Clear,Daylight,Dry,Non-Fatal Injury,Other,Passenger,55 to 59,Minimal,0, ,Other, , , , , , , , , ,0,0,0,0,0,1,0,1,0,0,0,0,0,0
1046342,2008,6,11,5,50,2,43.65574538,-79.38379029,Toronto Centre-Rosedale (27),27,Bay Street Corridor (76),76,D52,Toronto East York,DUNDAS ST W,BAY ST, ,Major Arterial,Intersection,At Intersection,Traffic Signal,Clear,Daylight,Dry,Non-Fatal Injury,Other,Passenger,35 to 39,Minimal,0, ,Other, , , , , , , , , ,0,0,0,0,0,1,0,1,0,0,0,0,0,0
1046342,2008,6,11,5,50,2,43.65574538,-79.38379029,Toronto Centre-Rosedale (27),27,Bay Street Corridor (76),76,D52,Toronto East York,DUNDAS ST W,BAY ST, ,Major Arterial,Intersection,At Intersection,Traffic Signal,Clear,Daylight,Dry,Non-Fatal Injury,Other,Passenger,30 to 34,Minimal,0, ,Other, , , , , , , , , ,0,0,0,0,0,1,0,1,0,0,0,0,0,0
1046342,2008,6,11,5,50,2,43.65574538,-79.38379029,Toronto Centre-Rosedale (27),27,Bay Street Corridor (76),76,D52,Toronto East York,DUNDAS ST W,BAY ST, ,Major Arterial,Intersection,At Intersection,Traffic Signal,Clear,Daylight,Dry,Non-Fatal Injury,Other,Passenger,40 to 44,Minimal,0, ,Other, , , , , , , , , ,0,0,0,0,0,1,0,1,0,0,0,0,0,0
1046342,2008,6,11,5,50,2,43.65574538,-79.38379029,Toronto Centre-Rosedale (27),27,Bay Street Corridor (76),76,D52,Toronto East York,DUNDAS ST W,BAY ST, ,Major Arterial,Intersection,At Intersection,Traffic Signal,Clear,Daylight,Dry,Non-Fatal Injury,Other,Passenger,60 to 64,Major,0, ,Other, , , , , , , , , ,0,0,0,0,0,1,0,1,0,0,0,0,0,0
1046342,2008,6,11,5,50,2,43.65574538,-79.38379029,Toronto Centre-Rosedale (27),27,Bay Street Corridor (76),76,D52,Toronto East York,DUNDAS ST W,BAY ST, ,Major Arterial,Intersection,At Intersection,Traffic Signal,Clear,Daylight,Dry,Non-Fatal Injury,Other,Driver,50 to 54,,0,West,Municipal Transit Bus (TTC),Going Ahead,Driving Properly,Normal, , , , , , ,0,0,0,0,0,1,0,1,0,0,0,0,0,0
1046342,2008,6,11,5,50,2,43.65574538,-79.38379029,Toronto Centre-Rosedale (27),27,Bay Street Corridor (76),76,D52,Toronto East York,DUNDAS ST W,BAY ST, ,Major Arterial,Intersection,At Intersection,Traffic Signal,Clear,Daylight,Dry,Non-Fatal Injury,Other,Vehicle Owner,unknown, ,0, ,Other, , , , , , , , , ,0,0,0,0,0,1,0,1,0,0,0,0,0,0
1046342,2008,6,11,5,50,2,43.65574538,-79.38379029,Toronto Centre-Rosedale (27),27,Bay Street Corridor (76),76,D52,Toronto East York,DUNDAS ST W,BAY ST, ,Major Arterial,Intersection,At Intersection,Traffic Signal,Clear,Daylight,Dry,Non-Fatal Injury,Other,Driver,60 to 64,Major,0,East,Municipal Transit Bus (TTC),Going Ahead,Other,Inattentive, , , , , , ,0,0,0,0,0,1,0,1,0,0,0,0,0,0
1270067,2011,10,18,5,50,1,43.65093954,-79.43996058,Davenport (18),18,Dufferin Grove (83),83,D11,Toronto East York,LANSDOWNE AVE,COLLEGE ST, ,Minor Arterial,Intersection,At Intersection,Traffic Signal,Clear,"Dark, artificial",Dry,Non-Fatal Injury,Pedestrian Collisions,Driver,30 to 34,,0,West,"Automobile, Station Wagon",Turning Left,Improper Turn,Normal, , , , , , ,1,0,1,0,0,0,0,0,0,0,0,0,0,0
1270067,2011,10,18,5,50,1,43.65093954,-79.43996058,Davenport (18),18,Dufferin Grove (83),83,D11,Toronto East York,LANSDOWNE AVE,COLLEGE ST, ,Minor Arterial,Intersection,At Intersection,Traffic Signal,Clear,"Dark, artificial",Dry,Non-Fatal Injury,Pedestrian Collisions,Pedestrian,55 to 59,Major,0,East, , , , ,Vehicle turns left while ped crosses with ROW at inter.,Crossing with right of way,Normal, , , ,1,0,1,0,0,0,0,0,0,0,0,0,0,0
1250553,2011,8,22,5,51,0,43.66714538,-79.52009029,Etobicoke Centre (4),4,Edenbridge-Humber Valley (9),9,D22,Etobicoke York,ROYAL YORK RD,HARTFIELD RD, ,Minor Arterial,Intersection, ,No Control,Clear,Dark,Dry,Fatal,SMV Other,Vehicle Owner,unknown, ,0, ,Other, , , , , , , , , ,0,0,1,0,0,0,0,0,0,0,0,0,0,1
1250553,2011,8,22,5,51,0,43.66714538,-79.52009029,Etobicoke Centre (4),4,Edenbridge-Humber Valley (9),9,D22,Etobicoke York,ROYAL YORK RD,HARTFIELD RD, ,Minor Arterial,Intersection, ,No Control,Clear,Dark,Dry,Fatal,SMV Other,Driver,50 to 54,Fatal,21,North,"Automobile, Station Wagon",Going Ahead,Lost control,Unknown, , , , , , ,0,0,1,0,0,0,0,0,0,0,0,0,0,1
1250553,2011,8,22,5,51,0,43.66714538,-79.52009029,Etobicoke Centre (4),4,Edenbridge-Humber Valley (9),9,D22,Etobicoke York,ROYAL YORK RD,HARTFIELD RD, ,Minor Arterial,Intersection, ,No Control,Clear,Dark,Dry,Fatal,SMV Other,Other Property Owner,unknown, ,0, ,Other, , , , , , , , , ,0,0,1,0,0,0,0,0,0,0,0,0,0,1
1384646,2013,11,1,5,51,4,43.65984538,-79.36409029,Toronto Centre-Rosedale (28),28,Regent Park (72),72,D51,Toronto East York,DUNDAS St E,REGENT St, ,Major Arterial,Mid-Block, ,No Control,Rain,"Dark, artificial",Wet,Non-Fatal Injury,Pedestrian Collisions,Driver,30 to 34,,0,West,"Automobile, Station Wagon",Going Ahead,Speed too Fast For Condition,Inattentive, , , , , , ,1,0,1,0,0,0,0,0,1,1,0,0,0,0
1384646,2013,11,1,5,51,4,43.65984538,-79.36409029,Toronto Centre-Rosedale (28),28,Regent Park (72),72,D51,Toronto East York,DUNDAS St E,REGENT St, ,Major Arterial,Mid-Block, ,No Control,Rain,"Dark, artificial",Wet,Non-Fatal Injury,Pedestrian Collisions,Pedestrian,unknown,Major,0,Unknown,Other, , , ,Pedestrian hit at mid-block,Other,Normal, , , ,1,0,1,0,0,0,0,0,1,1,0,0,0,0
1046554,2008,7,6,5,52,6,43.82124538,-79.29879029,Scarborough-Rouge River (41),41,Milliken (130),130,D42,Scarborough,633 SILVER STAR BLVD, , ,Local,Mid-Block, ,No Control,Clear,Daylight,Dry,Non-Fatal Injury,Pedestrian Collisions,Pedestrian,15 to 19,Major,0, ,Other, , , ,Pedestrian hit at mid-block,Other,Had Been Drinking, , , ,1,0,0,0,0,0,0,0,0,0,0,0,0,0
1107097,2009,5,7,5,53,3,43.66364538,-79.46379029,Parkdale-High Park (14),14,Junction Area (90),90,D11,Toronto East York,ANNETTE ST,KEELE ST, ,Major Arterial,Intersection,At Intersection,Traffic Signal,Rain,Dawn,Wet,Non-Fatal Injury,Angle,Driver,45 to 49,Major,0,South,"Automobile, Station Wagon",Going Ahead,Driving Properly,Normal, , , , , , ,0,0,1,0,0,0,0,0,0,1,1,1,0,0
1107097,2009,5,7,5,53,3,43.66364538,-79.46379029,Parkdale-High Park (14),14,Junction Area (90),90,D11,Toronto East York,ANNETTE ST,KEELE ST, ,Major Arterial,Intersection,At Intersection,Traffic Signal,Rain,Dawn,Wet,Non-Fatal Injury,Angle,Vehicle Owner,unknown, ,0, ,Other, , , , , , , , , ,0,0,1,0,0,0,0,0,0,1,1,1,0,0
1107097,2009,5,7,5,53,3,43.66364538,-79.46379029,Parkdale-High Park (14),14,Junction Area (90),90,D11,Toronto East York,ANNETTE ST,KEELE ST, ,Major Arterial,Intersection,At Intersection,Traffic Signal,Rain,Dawn,Wet,Non-Fatal Injury,Angle,Driver,25 to 29,,0,West,"Automobile, Station Wagon",Going Ahead,Disobeyed Traffic Control,"Ability Impaired, Alcohol Over .08", , , , , , ,0,0,1,0,0,0,0,0,0,1,1,1,0,0
1107097,2009,5,7,5,53,3,43.66364538,-79.46379029,Parkdale-High Park (14),14,Junction Area (90),90,D11,Toronto East York,ANNETTE ST,KEELE ST, ,Major Arterial,Intersection,At Intersection,Traffic Signal,Rain,Dawn,Wet,Non-Fatal Injury,Angle,Other Property Owner,unknown, ,0, ,Other, , , , , , , , , ,0,0,1,0,0,0,0,0,0,1,1,1,0,0
142586405,2014,7,28,5,53,0,43.73503073,-79.6178628,Etobicoke North (1),1,West Humber-Clairville (1),1,D23,Etobicoke York,HUMBERLINE DR,FINCH AVE W, ,Major Arterial,Intersection, ,Traffic Signal,Rain,"Dawn, artificial",Wet,Fatal,Pedestrian Collisions,Driver,60 to 64,,0,South,Municipal Transit Bus (TTC),Turning Left,Driving Properly,Normal, , , , , , ,1,0,0,0,0,1,0,0,0,0,0,0,0,1
142586405,2014,7,28,5,53,0,43.73503073,-79.6178628,Etobicoke North (1),1,West Humber-Clairville (1),1,D23,Etobicoke York,HUMBERLINE DR,FINCH AVE W, ,Major Arterial,Intersection, ,Traffic Signal,Rain,"Dawn, artificial",Wet,Fatal,Pedestrian Collisions,Pedestrian,30 to 34,Fatal,16,North, , , , ,Pedestrian involved in a collision with transit vehicle anywhere along roadway,Crossing without right of way,Unknown, , , ,1,0,0,0,0,1,0,0,0,0,0,0,0,1
7000112853,2017,1,19,5,53,3,43.64857825,-79.38023768,Toronto Centre-Rosedale (28),28,Bay Street Corridor (76),76,D52,Toronto East York,KING ST W,BAY ST, ,Major Arterial,Intersection,At Intersection,Traffic Signal,Clear,"Dark, artificial",Dry,Non-Fatal Injury,Pedestrian Collisions,Truck Driver,60 to 64,,0,East,"Truck - Closed (Blazer, etc)",Turning Right,Other,Normal, , , , , , ,1,0,0,0,1,0,0,0,0,0,0,0,0,0
7000112853,2017,1,19,5,53,3,43.64857825,-79.38023768,Toronto Centre-Rosedale (28),28,Bay Street Corridor (76),76,D52,Toronto East York,KING ST W,BAY ST, ,Major Arterial,Intersection,At Intersection,Traffic Signal,Clear,"Dark, artificial",Dry,Non-Fatal Injury,Pedestrian Collisions,Pedestrian,40 to 44,Major,0,Unknown, , , , ,Pedestrian hit on sidewalk or shoulder,Other,Inattentive, , , ,1,0,0,0,1,0,0,0,0,0,0,0,0,0
1080111,2008,12,8,5,55,0,43.75594538,-79.52429029,York West (8),8,Black Creek (24),24,D31,North York,FINCH Ave W,OAKDALE Rd, ,Major Arterial,Intersection,At Intersection,Traffic Signal,Clear,Dark,Wet,Non-Fatal Injury,Rear End,Driver,60 to 64,Minor,0,South,"Automobile, Station Wagon",Going Ahead,Driving Properly,Normal, , , , , , ,0,0,1,0,0,0,0,1,0,1,1,0,0,0
1080111,2008,12,8,5,55,0,43.75594538,-79.52429029,York West (8),8,Black Creek (24),24,D31,North York,FINCH Ave W,OAKDALE Rd, ,Major Arterial,Intersection,At Intersection,Traffic Signal,Clear,Dark,Wet,Non-Fatal Injury,Rear End,Passenger,45 to 49,Major,0, ,Other, , , , , , , , , ,0,0,1,0,0,0,0,1,0,1,1,0,0,0
1080111,2008,12,8,5,55,0,43.75594538,-79.52429029,York West (8),8,Black Creek (24),24,D31,North York,FINCH Ave W,OAKDALE Rd, ,Major Arterial,Intersection,At Intersection,Traffic Signal,Clear,Dark,Wet,Non-Fatal Injury,Rear End,Vehicle Owner,unknown, ,0, ,Other, , , , , , , , , ,0,0,1,0,0,0,0,1,0,1,1,0,0,0
1080111,2008,12,8,5,55,0,43.75594538,-79.52429029,York West (8),8,Black Creek (24),24,D31,North York,FINCH Ave W,OAKDALE Rd, ,Major Arterial,Intersection,At Intersection,Traffic Signal,Clear,Dark,Wet,Non-Fatal Injury,Rear End,Driver,25 to 29,Minimal,0,East,"Automobile, Station Wagon",Going Ahead,Disobeyed Traffic Control,Inattentive, , , , , , ,0,0,1,0,0,0,0,1,0,1,1,0,0,0
1103447,2009,4,25,5,55,5,43.72474538,-79.30259029,Scarborough Centre (37),37,Wexford/Maryvale (119),119,D41,Scarborough,VICTORIA PARK AVE,EGLINTON AVE E, ,Major Arterial,Intersection, ,Traffic Signal,Clear,Dark,Dry,Non-Fatal Injury,Angle,Driver,50 to 54,Minimal,0,South,"Automobile, Station Wagon",Going Ahead,Driving Properly,Normal, , , , , , ,0,0,1,0,0,0,0,0,0,1,1,0,0,0
1103447,2009,4,25,5,55,5,43.72474538,-79.30259029,Scarborough Centre (37),37,Wexford/Maryvale (119),119,D41,Scarborough,VICTORIA PARK AVE,EGLINTON AVE E, ,Major Arterial,Intersection, ,Traffic Signal,Clear,Dark,Dry,Non-Fatal Injury,Angle,Driver,25 to 29,Major,0,East,"Automobile, Station Wagon",Going Ahead,Disobeyed Traffic Control,Normal, , , , , , ,0,0,1,0,0,0,0,0,0,1,1,0,0,0
1286941,2012,4,2,5,55,0,43.75824538,-79.51239029,York West (8),8,Glenfield-Jane Heights (25),25,D31,North York,FINCH AVE W,DRIFTWOOD AVE, ,Major Arterial,Mid-Block, ,No Control,Clear,"Dawn, artificial",Dry,Fatal,Pedestrian Collisions,Driver,40 to 44,,0,East,"Automobile, Station Wagon",Going Ahead,Driving Properly,Normal, , , , , , ,1,0,1,0,0,0,0,0,0,0,0,0,0,1
1286941,2012,4,2,5,55,0,43.75824538,-79.51239029,York West (8),8,Glenfield-Jane Heights (25),25,D31,North York,FINCH AVE W,DRIFTWOOD AVE, ,Major Arterial,Mid-Block, ,No Control,Clear,"Dawn, artificial",Dry,Fatal,Pedestrian Collisions,Pedestrian,45 to 49,Fatal,8,North,Other, , , ,Pedestrian hit at mid-block,"Crossing, no Traffic Control",Unknown, , , ,1,0,1,0,0,0,0,0,0,0,0,0,0,1
4002231179,2014,6,6,5,55,4,43.62371023,-79.49675379,Etobicoke-Lakeshore (6),6,Mimico (includes Humber Bay Shores) (17),17,D22,Etobicoke York,F G GARDINER XY  E,GRAND AVE, ,Expressway,Mid-Block,Non Intersection,No Control,Clear,Daylight,Dry,Non-Fatal Injury,SMV Other,Motorcycle Driver,20 to 24,Major,0,East,Motorcycle,Going Ahead,Speed too Fast For Condition,Unknown, , , , , , ,0,0,0,1,0,0,0,0,1,1,0,0,0,0
6000754675,2016,5,3,5,55,1,43.74311026,-79.21887598,Scarborough Southwest (36),36,Scarborough Village (139),139,D43,Scarborough,MARKHAM RD,EGLINTON AVE E,1 m North of,Major Arterial,Intersection,Intersection Related,No Control,Clear,Dawn,Dry,Non-Fatal Injury,Pedestrian Collisions,Truck Driver,unknown,,0,North,Truck - Open,Going Ahead,Driving Properly,Normal, , , , , , ,1,0,0,0,1,0,0,0,0,0,0,0,0,0
6000754675,2016,5,3,5,55,1,43.74311026,-79.21887598,Scarborough Southwest (36),36,Scarborough Village (139),139,D43,Scarborough,MARKHAM RD,EGLINTON AVE E,1 m North of,Major Arterial,Intersection,Intersection Related,No Control,Clear,Dawn,Dry,Non-Fatal Injury,Pedestrian Collisions,Pedestrian,45 to 49,Major,0,South, , , , ,Pedestrian hit on sidewalk or shoulder,On Sidewalk or Shoulder,Normal, , , ,1,0,0,0,1,0,0,0,0,0,0,0,0,0
7003133766,2017,12,5,5,57,1,43.65256838,-79.43252229,Davenport (18),18,Little Portugal (84),84,D14,Toronto East York,DUFFERIN ST,COLLEGE ST, ,Major Arterial,Intersection,At Intersection,Traffic Signal,Rain,"Dark, artificial",Wet,Non-Fatal Injury,Angle,Driver,20 to 24,,0,North,"Automobile, Station Wagon",Going Ahead,Driving Properly,Normal, , , , , , ,0,0,1,0,0,0,0,1,0,0,0,0,0,0
7003133766,2017,12,5,5,57,1,43.65256838,-79.43252229,Davenport (18),18,Little Portugal (84),84,D14,Toronto East York,DUFFERIN ST,COLLEGE ST, ,Major Arterial,Intersection,At Intersection,Traffic Signal,Rain,"Dark, artificial",Wet,Non-Fatal Injury,Angle,Driver,35 to 39,,0,East,"Automobile, Station Wagon",Going Ahead,Driving Properly,Normal, , , , , , ,0,0,1,0,0,0,0,1,0,0,0,0,0,0
7003133766,2017,12,5,5,57,1,43.65256838,-79.43252229,Davenport (18),18,Little Portugal (84),84,D14,Toronto East York,DUFFERIN ST,COLLEGE ST, ,Major Arterial,Intersection,At Intersection,Traffic Signal,Rain,"Dark, artificial",Wet,Non-Fatal Injury,Angle,Passenger,55 to 59,Major,0, , , , , , , , , , , ,0,0,1,0,0,0,0,1,0,0,0,0,0,0
1221095,2011,3,2,5,58,2,43.77504538,-79.34339029,Don Valley East (33),33,Henry Farm (53),53,D33,North York,FOREST MANOR Road,PARKWAY FOREST Driv, ,Collector,Intersection, ,Stop Sign,Clear,Daylight,Dry,Non-Fatal Injury,SMV Other,Vehicle Owner,unknown, ,0, ,Other, , , , , , , , , ,0,0,1,0,0,0,0,0,0,0,0,0,1,0
1221095,2011,3,2,5,58,2,43.77504538,-79.34339029,Don Valley East (33),33,Henry Farm (53),53,D33,North York,FOREST MANOR Road,PARKWAY FOREST Driv, ,Collector,Intersection, ,Stop Sign,Clear,Daylight,Dry,Non-Fatal Injury,SMV Other,Driver,30 to 34,Major,0,East,"Automobile, Station Wagon",Going Ahead,Lost control,Medical or Physical Disability, , , , , , ,0,0,1,0,0,0,0,0,0,0,0,0,1,0
1275814,2012,1,12,5,58,3,43.81624538,-79.22759029,Scarborough-Rouge River (42),42,Malvern (132),132,D42,Scarborough,NEILSON RD,FINCH AVE E, ,Minor Arterial,Intersection, ,Traffic Signal,Rain,"Dark, artificial",Wet,Fatal,Pedestrian Collisions,Passenger,55 to 59,,0, ,Other, , , , , , , , , ,1,0,1,0,0,0,0,1,0,1,0,0,0,1
1275814,2012,1,12,5,58,3,43.81624538,-79.22759029,Scarborough-Rouge River (42),42,Malvern (132),132,D42,Scarborough,NEILSON RD,FINCH AVE E, ,Minor Arterial,Intersection, ,Traffic Signal,Rain,"Dark, artificial",Wet,Fatal,Pedestrian Collisions,Driver,50 to 54,,0,West,"Automobile, Station Wagon",Turning Left,Failed to Yield Right of Way,Normal, , , , , , ,1,0,1,0,0,0,0,1,0,1,0,0,0,1
1275814,2012,1,12,5,58,3,43.81624538,-79.22759029,Scarborough-Rouge River (42),42,Malvern (132),132,D42,Scarborough,NEILSON RD,FINCH AVE E, ,Minor Arterial,Intersection, ,Traffic Signal,Rain,"Dark, artificial",Wet,Fatal,Pedestrian Collisions,Pedestrian,40 to 44,Fatal,2,West,Other, , , ,Vehicle turns left while ped crosses with ROW at inter.,Crossing with right of way,Unknown, , , ,1,0,1,0,0,0,0,1,0,1,0,0,0,1
131058335,2013,11,29,5,58,4,43.63761481,-79.44774256,Parkdale-High Park (14),14,South Parkdale (85),85,D11,Toronto East York,1491 LAKE SHORE BLVD W, , ,Major Arterial,Mid-Block, ,No Control,Clear,"Dawn, artificial",Dry,Fatal,SMV Other,Driver,25 to 29,Fatal,58,East,"Automobile, Station Wagon",Going Ahead,Lost control,Unknown, , , , , , ,0,0,1,0,0,0,0,0,0,0,0,0,0,1
7003085452,2017,11,28,5,58,1,43.75592038,-79.52425029,York West (7),7,Glenfield-Jane Heights (25),25,D31,Etobicoke York,FINCH AVE W,NORFINCH DR, ,Major Arterial,Intersection,At Intersection,Traffic Signal,Clear,"Dark, artificial",Dry,Non-Fatal Injury,Turning Movement,Driver,35 to 39,Major,0,East,"Automobile, Station Wagon",Turning Left,Failed to Yield Right of Way,Inattentive, , , , , , ,0,0,1,0,0,0,0,1,0,1,0,0,0,0
7003085452,2017,11,28,5,58,1,43.75592038,-79.52425029,York West (7),7,Glenfield-Jane Heights (25),25,D31,Etobicoke York,FINCH AVE W,NORFINCH DR, ,Major Arterial,Intersection,At Intersection,Traffic Signal,Clear,"Dark, artificial",Dry,Non-Fatal Injury,Turning Movement,Driver,20 to 24,,0,West,"Automobile, Station Wagon",Going Ahead,Driving Properly,Normal, , , , , , ,0,0,1,0,0,0,0,1,0,1,0,0,0,0
7003085452,2017,11,28,5,58,1,43.75592038,-79.52425029,York West (7),7,Glenfield-Jane Heights (25),25,D31,Etobicoke York,FINCH AVE W,NORFINCH DR, ,Major Arterial,Intersection,At Intersection,Traffic Signal,Clear,"Dark, artificial",Dry,Non-Fatal Injury,Turning Movement,Other,35 to 39,,0, , , , , , , , , , , ,0,0,1,0,0,0,0,1,0,1,0,0,0,0
7003085452,2017,11,28,5,58,1,43.75592038,-79.52425029,York West (7),7,Glenfield-Jane Heights (25),25,D31,Etobicoke York,FINCH AVE W,NORFINCH DR, ,Major Arterial,Intersection,At Intersection,Traffic Signal,Clear,"Dark, artificial",Dry,Non-Fatal Injury,Turning Movement,Passenger,50 to 54,,0, , , , , , , , , , , ,0,0,1,0,0,0,0,1,0,1,0,0,0,0