ACCNUM,YEAR,MONTH,DAY,HOUR,MINUTES,WEEKDAY,LATITUDE,LONGITUDE,Ward_Name,Ward_ID,Hood_Name,Hood_ID,Division,District,STREET1,STREET2,OFFSET,ROAD_CLASS,LOCCOORD,ACCLOC,TRAFFCTL,VISIBILITY,LIGHT,RDSFCOND,ACCLASS,IMPACTYPE,INVTYPE,INVAGE,INJURY,FATAL_NO,INITDIR,VEHTYPE,MANOEUVER,DRIVACT,DRIVCOND,PEDTYPE,PEDACT,PEDCOND,CYCLISTYPE,CYCACT,CYCCOND,PEDESTRIAN,CYCLIST,AUTOMOBILE,MOTORCYCLE,TRUCK,TRSN_CITY_VEH,EMERG_VEH,PASSENGER,SPEEDING,AG_DRIV,REDLIGHT,ALCOHOL,DISABILITY,label
1024196,2008,2,28,6,0,3,43.74334538,-79.59299029,Etobicoke North (1),1,Mount Olive-Silverstone-Jamestown (2),2,D23,Etobicoke York,STEVENSON RD,PAMELA CRT, ,Local,Mid-Block, ,No Control,Clear,Dark,Dry,Non-Fatal Injury,Pedestrian Collisions,Pedestrian,45 to 49,Major,0,East,Other, , , ,Pedestrian hit at mid-block,Walking on Roadway with Traffic,Normal, , , ,1,0,1,0,0,0,0,0,0,1,0,0,0,0
1120462,2009,7,11,5,59,5,43.73774538,-79.42999029,Eglinton-Lawrence (16),16,Bedford Park-Nortown (39),39,D32,North York,WILSON AVE,ALLARD AVE, ,Major Arterial,Mid-Block, ,No Control,Clear,Daylight,Dry,Non-Fatal Injury,SMV Other,Driver,60 to 64,Major,0,East,"Automobile, Station Wagon",Going Ahead,Lost control,Fatigue, , , , , , ,0,0,1,0,0,0,0,0,0,0,0,0,0,0
1171865,2010,6,5,3,45,5,43.69634538,-79.44729029,Eglinton-Lawrence (15),15,Oakwood Village (107),107,D13,North York,EGLINTON AVE W,LOCKSLEY AVE, ,Major Arterial,Intersection,At Intersection,No Control,"Fog, Mist, Smoke, Dust",Dark,Dry,Non-Fatal Injury,Pedestrian Collisions,Vehicle Owner,unknown, ,0, ,Other, , , , , , , , , ,1,0,1,0,0,0,0,0,1,1,0,0,0,0
1162012,2010,4,13,5,59,1,43.82134538,-79.31689029,Scarborough-Agincourt (39),39,Steeles (116),116,D42,Scarborough,STEELES AVE E,BIRCHMOUNT RD, ,Major Arterial,Intersection,At Intersection,Traffic Signal,Clear,Dawn,Dry,Fatal,Angle,Passenger,40 to 44,Major,0, ,Other, , , , , , , , , ,0,0,1,0,0,0,0,1,0,1,1,0,1,1
1162012,2010,4,13,5,59,1,43.82134538,-79.31689029,Scarborough-Agincourt (39),39,Steeles (116),116,D42,Scarborough,STEELES AVE E,BIRCHMOUNT RD, ,Major Arterial,Intersection,At Intersection,Traffic Signal,Clear,Dawn,Dry,Fatal,Angle,Passenger,70 to 74,Fatal,16, ,Other, , , , , , , , , ,0,0,1,0,0,0,0,1,0,1,1,0,1,1
1162012,2010,4,13,5,59,1,43.82134538,-79.31689029,Scarborough-Agincourt (39),39,Steeles (116),116,D42,Scarborough,STEELES AVE E,BIRCHMOUNT RD, ,Major Arterial,Intersection,At Intersection,Traffic Signal,Clear,Dawn,Dry,Fatal,Angle,Driver,40 to 44,Major,0,South,"Automobile, Station Wagon",Going Ahead,Driving Properly,Normal, , , , , , ,0,0,1,0,0,0,0,1,0,1,1,0,1,1
1162012,2010,4,13,5,59,1,43.82134538,-79.31689029,Scarborough-Agincourt (39),39,Steeles (116),116,D42,Scarborough,STEELES AVE E,BIRCHMOUNT RD, ,Major Arterial,Intersection,At Intersection,Traffic Signal,Clear,Dawn,Dry,Fatal,Angle,Driver,35 to 39,Minor,0,West,"Automobile, Station Wagon",Going Ahead,Disobeyed Traffic Control,Medical or Physical Disability, , , , , , ,0,0,1,0,0,0,0,1,0,1,1,0,1,1
4003267619,2014,11,9,5,59,6,43.72812994,-79.57464228,Etobicoke North (2),2,Rexdale-Kipling (4),4,D23,Etobicoke York,KIPLING AVE,WESTHUMBER BLVD, ,Major Arterial,Intersection,At Intersection,Traffic Signal,Clear,"Dark, artificial",Dry,Fatal,Angle,Driver,20 to 24,Major,0,North,"Automobile, Station Wagon",Going Ahead,Disobeyed Traffic Control,Unknown, , , , , , ,0,0,1,0,0,1,0,1,0,1,1,0,0,1
4003267619,2014,11,9,5,59,6,43.72812994,-79.57464228,Etobicoke North (2),2,Rexdale-Kipling (4),4,D23,Etobicoke York,KIPLING AVE,WESTHUMBER BLVD, ,Major Arterial,Intersection,At Intersection,Traffic Signal,Clear,"Dark, artificial",Dry,Fatal,Angle,Driver,45 to 49,Minor,0,East,Municipal Transit Bus (TTC),Going Ahead,Driving Properly,Normal, , , , , , ,0,0,1,0,0,1,0,1,0,1,1,0,0,1
4003267619,2014,11,9,5,59,6,43.72812994,-79.57464228,Etobicoke North (2),2,Rexdale-Kipling (4),4,D23,Etobicoke York,KIPLING AVE,WESTHUMBER BLVD, ,Major Arterial,Intersection,At Intersection,Traffic Signal,Clear,"Dark, artificial",Dry,Fatal,Angle,Passenger,20 to 24,Major,0, , , , , , , , , , , ,0,0,1,0,0,1,0,1,0,1,1,0,0,1
4003267619,2014,11,9,5,59,6,43.72812994,-79.57464228,Etobicoke North (2),2,Rexdale-Kipling (4),4,D23,Etobicoke York,KIPLING AVE,WESTHUMBER BLVD, ,Major Arterial,Intersection,At Intersection,Traffic Signal,Clear,"Dark, artificial",Dry,Fatal,Angle,Passenger,20 to 24,Fatal,40, , , , , , , , , , , ,0,0,1,0,0,1,0,1,0,1,1,0,0,1
4003267619,2014,11,9,5,59,6,43.72812994,-79.57464228,Etobicoke North (2),2,Rexdale-Kipling (4),4,D23,Etobicoke York,KIPLING AVE,WESTHUMBER BLVD, ,Major Arterial,Intersection,At Intersection,Traffic Signal,Clear,"Dark, artificial",Dry,Fatal,Angle,Passenger,35 to 39,Minor,0, , , , , , , , , , , ,0,0,1,0,0,1,0,1,0,1,1,0,0,1
4003267619,2014,11,9,5,59,6,43.72812994,-79.57464228,Etobicoke North (2),2,Rexdale-Kipling (4),4,D23,Etobicoke York,KIPLING AVE,WESTHUMBER BLVD, ,Major Arterial,Intersection,At Intersection,Traffic Signal,Clear,"Dark, artificial",Dry,Fatal,Angle,Passenger,20 to 24,Minor,0, , , , , , , , , , , ,0,0,1,0,0,1,0,1,0,1,1,0,0,1
4003267619,2014,11,9,5,59,6,43.72812994,-79.57464228,Etobicoke North (2),2,Rexdale-Kipling (4),4,D23,Etobicoke York,KIPLING AVE,WESTHUMBER BLVD, ,Major Arterial,Intersection,At Intersection,Traffic Signal,Clear,"Dark, artificial",Dry,Fatal,Angle,Passenger,50 to 54,Minor,0, , , , , , , , , , , ,0,0,1,0,0,1,0,1,0,1,1,0,0,1
4003267619,2014,11,9,5,59,6,43.72812994,-79.57464228,Etobicoke North (2),2,Rexdale-Kipling (4),4,D23,Etobicoke York,KIPLING AVE,WESTHUMBER BLVD, ,Major Arterial,Intersection,At Intersection,Traffic Signal,Clear,"Dark, artificial",Dry,Fatal,Angle,Passenger,25 to 29,Minor,0, , , , , , , , , , , ,0,0,1,0,0,1,0,1,0,1,1,0,0,1
4003267619,2014,11,9,5,59,6,43.72812994,-79.57464228,Etobicoke North (2),2,Rexdale-Kipling (4),4,D23,Etobicoke York,KIPLING AVE,WESTHUMBER BLVD, ,Major Arterial,Intersection,At Intersection,Traffic Signal,Clear,"Dark, artificial",Dry,Fatal,Angle,Passenger,25 to 29,Minor,0, , , , , , , , , , , ,0,0,1,0,0,1,0,1,0,1,1,0,0,1
4003267619,2014,11,9,5,59,6,43.72812994,-79.57464228,Etobicoke North (2),2,Rexdale-Kipling (4),4,D23,Etobicoke York,KIPLING AVE,WESTHUMBER BLVD, ,Major Arterial,Intersection,At Intersection,Traffic Signal,Clear,"Dark, artificial",Dry,Fatal,Angle,Passenger,50 to 54,Minor,0, , , , , , , , , , , ,0,0,1,0,0,1,0,1,0,1,1,0,0,1
1024196,2008,2,28,6,0,3,43.74334538,-79.59299029,Etobicoke North (1),1,Mount Olive-Silverstone-Jamestown (2),2,D23,Etobicoke York,STEVENSON RD,PAMELA CRT, ,Local,Mid-Block, ,No Control,Clear,Dark,Dry,Non-Fatal Injury,Pedestrian Collisions,Driver,unknown,,0,South,"Automobile, Station Wagon",Going Ahead,Failed to Yield Right of Way,Unknown, , , , , , ,1,0,1,0,0,0,0,0,0,1,0,0,0,0
993532,2007,9,7,5,10,4,43.78254538,-79.40279029,Willowdale (23),23,Willowdale East (51),51,D32,North York,FINCH AVE E,LONGMORE ST, ,Major Arterial,Mid-Block, ,No Control,Clear,Dark,Dry,Non-Fatal Injury,SMV Other,Passenger,20 to 24,Major,0, ,Other, , , , , , , , , ,0,0,1,0,0,0,0,1,1,1,0,0,0,0
1171865,2010,6,5,3,45,5,43.69634538,-79.44729029,Eglinton-Lawrence (15),15,Oakwood Village (107),107,D13,North York,EGLINTON AVE W,LOCKSLEY AVE, ,Major Arterial,Intersection,At Intersection,No Control,"Fog, Mist, Smoke, Dust",Dark,Dry,Non-Fatal Injury,Pedestrian Collisions,Driver,20 to 24,,0,East,"Automobile, Station Wagon",Going Ahead,Other,Had Been Drinking, , , , , , ,1,0,1,0,0,0,0,0,1,1,0,0,0,0
1061541,2008,9,29,4,12,0,43.69684538,-79.35299029,Toronto-Danforth (29),29,Broadview North (57),57,D54,Toronto East York,DON VALLEY PARKWAY  S,BEECHWOOD DR, ,Expressway,Mid-Block, ,No Control,Clear,Dark,Dry,Non-Fatal Injury,Approaching,Passenger,50 to 54,Major,0, ,Other, , , , , , , , , ,0,0,1,0,0,0,0,1,1,1,0,1,0,0
1171865,2010,6,5,3,45,5,43.69634538,-79.44729029,Eglinton-Lawrence (15),15,Oakwood Village (107),107,D13,North York,EGLINTON AVE W,LOCKSLEY AVE, ,Major Arterial,Intersection,At Intersection,No Control,"Fog, Mist, Smoke, Dust",Dark,Dry,Non-Fatal Injury,Pedestrian Collisions,Pedestrian,35 to 39,Major,0,North,Other, , , ,Pedestrian hit at mid-block,"Crossing, no Traffic Control",Had Been Drinking, , , ,1,0,1,0,0,0,0,0,1,1,0,0,0,0
7000178684,2017,1,29,3,45,6,43.63349875,-79.47266779,Parkdale-High Park (13),13,South Parkdale (85),85,D11,Etobicoke York,F G GARDINER XY  W,SOUTH KINGSWAY RAMP,55 m West of,Expressway,Mid-Block,Non Intersection,No Control,Clear,"Dark, artificial",Dry,Fatal,Rear End,Driver,40 to 44,Minimal,0,West,Pick Up Truck,Going Ahead,Driving Properly,Normal, , , , , , ,0,0,1,0,0,0,0,0,1,1,0,1,0,1
7000178684,2017,1,29,3,45,6,43.63349875,-79.47266779,Parkdale-High Park (13),13,South Parkdale (85),85,D11,Etobicoke York,F G GARDINER XY  W,SOUTH KINGSWAY RAMP,55 m West of,Expressway,Mid-Block,Non Intersection,No Control,Clear,"Dark, artificial",Dry,Fatal,Rear End,Driver,20 to 24,Fatal,9,West,"Automobile, Station Wagon",Going Ahead,Lost control,"Ability Impaired, Alcohol Over .08", , , , , , ,0,0,1,0,0,0,0,0,1,1,0,1,0,1
7000304579,2017,2,18,3,47,5,43.66846038,-79.43899929,Davenport (18),18,Dovercourt-Wallace Emerson-Junction (93),93,D14,Toronto East York,DUFFERIN ST,DUPONT ST, ,Major Arterial,Intersection,At Intersection,Traffic Signal,Clear,"Dark, artificial",Dry,Non-Fatal Injury,Angle,Driver,30 to 34,Major,0,West,"Automobile, Station Wagon",Going Ahead,Disobeyed Traffic Control,"Ability Impaired, Alcohol", , , , , , ,0,0,1,0,0,1,0,1,1,1,1,1,0,0
7000304579,2017,2,18,3,47,5,43.66846038,-79.43899929,Davenport (18),18,Dovercourt-Wallace Emerson-Junction (93),93,D14,Toronto East York,DUFFERIN ST,DUPONT ST, ,Major Arterial,Intersection,At Intersection,Traffic Signal,Clear,"Dark, artificial",Dry,Non-Fatal Injury,Angle,Driver,45 to 49,Minor,0,North,"Automobile, Station Wagon",Going Ahead,Driving Properly,Normal, , , , , , ,0,0,1,0,0,1,0,1,1,1,1,1,0,0
7000304579,2017,2,18,3,47,5,43.66846038,-79.43899929,Davenport (18),18,Dovercourt-Wallace Emerson-Junction (93),93,D14,Toronto East York,DUFFERIN ST,DUPONT ST, ,Major Arterial,Intersection,At Intersection,Traffic Signal,Clear,"Dark, artificial",Dry,Non-Fatal Injury,Angle,Driver,50 to 54,Minimal,0,South,Intercity Bus,Going Ahead,Driving Properly,Normal, , , , , , ,0,0,1,0,0,1,0,1,1,1,1,1,0,0
7000304579,2017,2,18,3,47,5,43.66846038,-79.43899929,Davenport (18),18,Dovercourt-Wallace Emerson-Junction (93),93,D14,Toronto East York,DUFFERIN ST,DUPONT ST, ,Major Arterial,Intersection,At Intersection,Traffic Signal,Clear,"Dark, artificial",Dry,Non-Fatal Injury,Angle,Passenger,20 to 24,Minor,0, , , , , , , , , , , ,0,0,1,0,0,1,0,1,1,1,1,1,0,0
1133515,2009,10,4,3,48,6,43.72614538,-79.39719029,Don Valley West (25),25,Lawrence Park South (103),103,D53,North York,LAWRENCE Aven E,MOUNT PLEASANT Road, ,Major Arterial,Intersection, ,Traffic Signal,Clear,Dark,Dry,Non-Fatal Injury,Rear End,Vehicle Owner,unknown, ,0, ,Other, , , , , , , , , ,0,0,1,0,0,0,0,1,1,1,0,0,0,0
1133515,2009,10,4,3,48,6,43.72614538,-79.39719029,Don Valley West (25),25,Lawrence Park South (103),103,D53,North York,LAWRENCE Aven E,MOUNT PLEASANT Road, ,Major Arterial,Intersection, ,Traffic Signal,Clear,Dark,Dry,Non-Fatal Injury,Rear End,Driver,25 to 29,Major,0,East,"Automobile, Station Wagon",Going Ahead,Following too Close,Inattentive, , , , , , ,0,0,1,0,0,0,0,1,1,1,0,0,0,0
1064117,2008,9,25,6,0,3,43.69054538,-79.57729029,Etobicoke North (2),2,West Humber-Clairville (1),1,D23,Etobicoke York,CITY VIEW DR,DIXON RD, ,Local,Mid-Block, ,No Control,Clear,Dawn,Dry,Non-Fatal Injury,Pedestrian Collisions,Driver,55 to 59,,0,West,"Automobile, Station Wagon",Turning Left,Failed to Yield Right of Way,Normal, , , , , , ,1,0,1,0,0,0,0,0,0,1,0,0,0,0
1133515,2009,10,4,3,48,6,43.72614538,-79.39719029,Don Valley West (25),25,Lawrence Park South (103),103,D53,North York,LAWRENCE Aven E,MOUNT PLEASANT Road, ,Major Arterial,Intersection, ,Traffic Signal,Clear,Dark,Dry,Non-Fatal Injury,Rear End,Passenger,20 to 24,Minimal,0, ,Other, , , , , , , , , ,0,0,1,0,0,0,0,1,1,1,0,0,0,0
1133515,2009,10,4,3,48,6,43.72614538,-79.39719029,Don Valley West (25),25,Lawrence Park South (103),103,D53,North York,LAWRENCE Aven E,MOUNT PLEASANT Road, ,Major Arterial,Intersection, ,Traffic Signal,Clear,Dark,Dry,Non-Fatal Injury,Rear End,Vehicle Owner,unknown, ,0, ,Other, , , , , , , , , ,0,0,1,0,0,0,0,1,1,1,0,0,0,0
1133515,2009,10,4,3,48,6,43.72614538,-79.39719029,Don Valley West (25),25,Lawrence Park South (103),103,D53,North York,LAWRENCE Aven E,MOUNT PLEASANT Road, ,Major Arterial,Intersection, ,Traffic Signal,Clear,Dark,Dry,Non-Fatal Injury,Rear End,Driver,20 to 24,,0,East,Other,Stopped,Driving Properly,Normal, , , , , , ,0,0,1,0,0,0,0,1,1,1,0,0,0,0
1093203,2009,3,8,3,50,6,43.73784538,-79.21059029,Scarborough East (43),43,Scarborough Village (139),139,D43,Scarborough,HILL CRES,HEATHFIELD DR, ,Collector,Intersection, ,No Control,Rain,Dark,Wet,Fatal,SMV Other,Other,unknown,,0,North,Other,Parked, , , , , , , , ,0,0,1,0,0,0,0,1,1,1,0,1,0,1
1093203,2009,3,8,3,50,6,43.73784538,-79.21059029,Scarborough East (43),43,Scarborough Village (139),139,D43,Scarborough,HILL CRES,HEATHFIELD DR, ,Collector,Intersection, ,No Control,Rain,Dark,Wet,Fatal,SMV Other,Passenger,20 to 24,Fatal,6, ,Other, , , , , , , , , ,0,0,1,0,0,0,0,1,1,1,0,1,0,1
1093203,2009,3,8,3,50,6,43.73784538,-79.21059029,Scarborough East (43),43,Scarborough Village (139),139,D43,Scarborough,HILL CRES,HEATHFIELD DR, ,Collector,Intersection, ,No Control,Rain,Dark,Wet,Fatal,SMV Other,Driver,20 to 24,Major,0,East,"Automobile, Station Wagon",Going Ahead,Exceeding Speed Limit,"Ability Impaired, Alcohol Over .08", , , , , , ,0,0,1,0,0,0,0,1,1,1,0,1,0,1
1116082,2009,7,25,3,50,5,43.74214538,-79.30979029,Scarborough Centre (37),37,Wexford/Maryvale (119),119,D41,Scarborough,VICTORIA PARK AVE,LAWRENCE AVE E, ,Major Arterial,Intersection, ,Traffic Signal,Rain,Dark,Wet,Non-Fatal Injury,SMV Other,Passenger,20 to 24,Major,0, ,Other, , , , , , , , , ,0,0,1,0,0,0,0,1,1,1,0,0,0,0
1116082,2009,7,25,3,50,5,43.74214538,-79.30979029,Scarborough Centre (37),37,Wexford/Maryvale (119),119,D41,Scarborough,VICTORIA PARK AVE,LAWRENCE AVE E, ,Major Arterial,Intersection, ,Traffic Signal,Rain,Dark,Wet,Non-Fatal Injury,SMV Other,Driver,unknown,Major,0,North,"Automobile, Station Wagon",Going Ahead,Exceeding Speed Limit,Had Been Drinking, , , , , , ,0,0,1,0,0,0,0,1,1,1,0,0,0,0
1149846,2010,1,1,3,50,4,43.66124538,-79.40139029,Trinity-Spadina (20),20,University (79),79,D14,Toronto East York,SPADINA AVE,WILLCOCKS ST, ,Major Arterial,Intersection,At Intersection,Traffic Signal,Clear,Dark,Wet,Non-Fatal Injury,Sideswipe,Driver,25 to 29,,0,North,"Automobile, Station Wagon",Changing Lanes,Improper Lane Change,Inattentive, , , , , , ,0,0,1,0,0,0,0,1,0,0,0,0,0,0
1149846,2010,1,1,3,50,4,43.66124538,-79.40139029,Trinity-Spadina (20),20,University (79),79,D14,Toronto East York,SPADINA AVE,WILLCOCKS ST, ,Major Arterial,Intersection,At Intersection,Traffic Signal,Clear,Dark,Wet,Non-Fatal Injury,Sideswipe,Passenger,20 to 24,Minor,0, ,Other, , , , , , , , , ,0,0,1,0,0,0,0,1,0,0,0,0,0,0
1149846,2010,1,1,3,50,4,43.66124538,-79.40139029,Trinity-Spadina (20),20,University (79),79,D14,Toronto East York,SPADINA AVE,WILLCOCKS ST, ,Major Arterial,Intersection,At Intersection,Traffic Signal,Clear,Dark,Wet,Non-Fatal Injury,Sideswipe,Passenger,20 to 24,Major,0, ,Other, , , , , , , , , ,0,0,1,0,0,0,0,1,0,0,0,0,0,0
6000543310,2016,3,31,6,37,3,43.65665014,-79.40648279,Trinity-Spadina (20),20,Kensington-Chinatown (78),78,D14,Toronto East York,COLLEGE ST,LIPPINCOTT ST,1 m East of,Major Arterial,Intersection,At Intersection,Stop Sign,Rain,"Daylight, artificial",Wet,Non-Fatal Injury,Cyclist Collisions,Passenger,60 to 64,,0, , , , , , , , , , , ,0,1,1,0,0,0,0,1,0,0,0,0,0,0
1149846,2010,1,1,3,50,4,43.66124538,-79.40139029,Trinity-Spadina (20),20,University (79),79,D14,Toronto East York,SPADINA AVE,WILLCOCKS ST, ,Major Arterial,Intersection,At Intersection,Traffic Signal,Clear,Dark,Wet,Non-Fatal Injury,Sideswipe,Vehicle Owner,unknown, ,0, ,Other, , , , , , , , , ,0,0,1,0,0,0,0,1,0,0,0,0,0,0
1149846,2010,1,1,3,50,4,43.66124538,-79.40139029,Trinity-Spadina (20),20,University (79),79,D14,Toronto East York,SPADINA AVE,WILLCOCKS ST, ,Major Arterial,Intersection,At Intersection,Traffic Signal,Clear,Dark,Wet,Non-Fatal Injury,Sideswipe,Driver,40 to 44,,0,North,"Automobile, Station Wagon",Going Ahead,Driving Properly,Normal, , , , , , ,0,0,1,0,0,0,0,1,0,0,0,0,0,0
1149846,2010,1,1,3,50,4,43.66124538,-79.40139029,Trinity-Spadina (20),20,University (79),79,D14,Toronto East York,SPADINA AVE,WILLCOCKS ST, ,Major Arterial,Intersection,At Intersection,Traffic Signal,Clear,Dark,Wet,Non-Fatal Injury,Sideswipe,Other Property Owner,unknown, ,0, ,Other, , , , , , , , , ,0,0,1,0,0,0,0,1,0,0,0,0,0,0
1328097,2012,10,19,3,50,4,43.73755987,-79.56728754,Etobicoke North (1),1,Thistletown-Beaumond Heights (3),3,D23,Etobicoke York,1144 ALBION RD, , ,Major Arterial,Mid-Block, ,No Control,Clear,Dark,Dry,Non-Fatal Injury,SMV Other,Driver,20 to 24,Major,0,West,"Automobile, Station Wagon",Going Ahead,Lost control,Other, , , , , , ,0,0,1,0,0,0,0,0,0,0,0,0,0,0
143357519,2014,11,24,3,50,0,43.69750937,-79.34943781,Toronto-Danforth (29),29,Old East York (58),58,D54,Toronto East York,DON VALLEY PARKWAY  N,LEASIDE BDGE, ,Major Arterial,Mid-Block, ,No Control,Rain,"Dark, artificial",Wet,Fatal,SMV Other,Driver,20 to 24,Fatal,43,North,"Automobile, Station Wagon",Going Ahead,Exceeding Speed Limit,"Ability Impaired, Alcohol", , , , , , ,0,0,1,0,0,0,0,0,1,1,0,1,0,1
1116081,2009,7,25,3,51,5,43.71704538,-79.50769029,York South-Weston (12),12,Pelmo Park-Humberlea (23),23,D12,Etobicoke York,JANE ST,GORDON MACKAY RD, ,Major Arterial,Mid-Block, ,No Control,Clear,Dark,Dry,Non-Fatal Injury,Approaching,Driver,30 to 34,,0,South, ,Going Ahead,Lost control,Fatigue, , , , , , ,0,0,1,0,0,0,0,1,1,1,0,0,0,0
1116081,2009,7,25,3,51,5,43.71704538,-79.50769029,York South-Weston (12),12,Pelmo Park-Humberlea (23),23,D12,Etobicoke York,JANE ST,GORDON MACKAY RD, ,Major Arterial,Mid-Block, ,No Control,Clear,Dark,Dry,Non-Fatal Injury,Approaching,Passenger,15 to 19,Major,0, ,Other, , , , , , , , , ,0,0,1,0,0,0,0,1,1,1,0,0,0,0
1116081,2009,7,25,3,51,5,43.71704538,-79.50769029,York South-Weston (12),12,Pelmo Park-Humberlea (23),23,D12,Etobicoke York,JANE ST,GORDON MACKAY RD, ,Major Arterial,Mid-Block, ,No Control,Clear,Dark,Dry,Non-Fatal Injury,Approaching,Passenger,15 to 19,Major,0, ,Other, , , , , , , , , ,0,0,1,0,0,0,0,1,1,1,0,0,0,0
1116081,2009,7,25,3,51,5,43.71704538,-79.50769029,York South-Weston (12),12,Pelmo Park-Humberlea (23),23,D12,Etobicoke York,JANE ST,GORDON MACKAY RD, ,Major Arterial,Mid-Block, ,No Control,Clear,Dark,Dry,Non-Fatal Injury,Approaching,Vehicle Owner,unknown, ,0, ,Other, , , , , , , , , ,0,0,1,0,0,0,0,1,1,1,0,0,0,0
1116081,2009,7,25,3,51,5,43.71704538,-79.50769029,York South-Weston (12),12,Pelmo Park-Humberlea (23),23,D12,Etobicoke York,JANE ST,GORDON MACKAY RD, ,Major Arterial,Mid-Block, ,No Control,Clear,Dark,Dry,Non-Fatal Injury,Approaching,Driver,15 to 19,Major,0,North,"Automobile, Station Wagon",Going Ahead,Driving Properly,Normal, , , , , , ,0,0,1,0,0,0,0,1,1,1,0,0,0,0
1194863,2010,8,21,3,51,5,43.69284538,-79.27299029,Scarborough Southwest (36),36,Birchcliffe-Cliffside (122),122,D41,Scarborough,WARDEN AVE,HOLLIS AVE, ,Minor Arterial,Intersection,At Intersection,Traffic Signal,Clear,Dark,Dry,Non-Fatal Injury,SMV Other,Passenger,25 to 29,Major,0, ,Other, , , , , , , , , ,0,0,1,0,0,0,0,1,0,0,0,1,0,0
1194863,2010,8,21,3,51,5,43.69284538,-79.27299029,Scarborough Southwest (36),36,Birchcliffe-Cliffside (122),122,D41,Scarborough,WARDEN AVE,HOLLIS AVE, ,Minor Arterial,Intersection,At Intersection,Traffic Signal,Clear,Dark,Dry,Non-Fatal Injury,SMV Other,Driver,25 to 29,,0,East,"Automobile, Station Wagon",Unknown,Lost control,"Ability Impaired, Alcohol Over .08", , , , , , ,0,0,1,0,0,0,0,1,0,0,0,1,0,0
1194863,2010,8,21,3,51,5,43.69284538,-79.27299029,Scarborough Southwest (36),36,Birchcliffe-Cliffside (122),122,D41,Scarborough,WARDEN AVE,HOLLIS AVE, ,Minor Arterial,Intersection,At Intersection,Traffic Signal,Clear,Dark,Dry,Non-Fatal Injury,SMV Other,Other Property Owner,unknown, ,0, ,Other, , , , , , , , , ,0,0,1,0,0,0,0,1,0,0,0,1,0,0
5001705355,2015,10,3,3,51,5,43.6506954,-79.54076014,Etobicoke-Lakeshore (5),5,Islington-City Centre West (14),14,D22,Etobicoke York,BURNHAMTHORPE RD,PRENNAN AVE,1 m East of,Major Arterial,Intersection,Non Intersection,No Control,Clear,Dark,Dry,Fatal,SMV Other,Driver,35 to 39,Major,0,West,"Automobile, Station Wagon",Going Ahead,Speed too Fast For Condition,Had Been Drinking, , , , , , ,0,0,1,0,0,0,0,1,1,1,0,0,0,1
5001705355,2015,10,3,3,51,5,43.6506954,-79.54076014,Etobicoke-Lakeshore (5),5,Islington-City Centre West (14),14,D22,Etobicoke York,BURNHAMTHORPE RD,PRENNAN AVE,1 m East of,Major Arterial,Intersection,Non Intersection,No Control,Clear,Dark,Dry,Fatal,SMV Other,Passenger,40 to 44,Fatal,48, , , , , , , , , , , ,0,0,1,0,0,0,0,1,1,1,0,0,0,1
5000131237,2015,1,23,3,52,4,43.7086521,-79.47804652,York South-Weston (12),12,Brookhaven-Amesbury (30),30,D12,Etobicoke York,KEELE ST,LAWRENCE AVE W, ,Major Arterial,Intersection,At Intersection,Traffic Signal,Clear,"Dark, artificial",Dry,Non-Fatal Injury,Turning Movement,Driver,20 to 24,,0,South,"Automobile, Station Wagon",Turning Left,Disobeyed Traffic Control,Inattentive, , , , , , ,0,0,1,0,0,0,0,1,0,1,1,0,0,0
5000131237,2015,1,23,3,52,4,43.7086521,-79.47804652,York South-Weston (12),12,Brookhaven-Amesbury (30),30,D12,Etobicoke York,KEELE ST,LAWRENCE AVE W, ,Major Arterial,Intersection,At Intersection,Traffic Signal,Clear,"Dark, artificial",Dry,Non-Fatal Injury,Turning Movement,Driver,35 to 39,Minimal,0,North,"Automobile, Station Wagon",Going Ahead,Driving Properly,Normal, , , , , , ,0,0,1,0,0,0,0,1,0,1,1,0,0,0
5000131237,2015,1,23,3,52,4,43.7086521,-79.47804652,York South-Weston (12),12,Brookhaven-Amesbury (30),30,D12,Etobicoke York,KEELE ST,LAWRENCE AVE W, ,Major Arterial,Intersection,At Intersection,Traffic Signal,Clear,"Dark, artificial",Dry,Non-Fatal Injury,Turning Movement,Passenger,55 to 59,Major,0, , , , , , , , , , , ,0,0,1,0,0,0,0,1,0,1,1,0,0,0
5000131237,2015,1,23,3,52,4,43.7086521,-79.47804652,York South-Weston (12),12,Brookhaven-Amesbury (30),30,D12,Etobicoke York,KEELE ST,LAWRENCE AVE W, ,Major Arterial,Intersection,At Intersection,Traffic Signal,Clear,"Dark, artificial",Dry,Non-Fatal Injury,Turning Movement,Passenger,65 to 69,Minimal,0, , , , , , , , , , , ,0,0,1,0,0,0,0,1,0,1,1,0,0,0
5000131237,2015,1,23,3,52,4,43.7086521,-79.47804652,York South-Weston (12),12,Brookhaven-Amesbury (30),30,D12,Etobicoke York,KEELE ST,LAWRENCE AVE W, ,Major Arterial,Intersection,At Intersection,Traffic Signal,Clear,"Dark, artificial",Dry,Non-Fatal Injury,Turning Movement,Passenger,65 to 69,Minimal,0, , , , , , , , , , , ,0,0,1,0,0,0,0,1,0,1,1,0,0,0
1268378,2011,12,3,3,53,5,43.73474538,-79.29049029,Scarborough Centre (37),37,Wexford/Maryvale (119),119,D41,Scarborough,960 WARDEN Ave, , ,Major Arterial,Mid-Block, ,No Control,Clear,Dark,Dry,Non-Fatal Injury,Rear End,Driver,25 to 29,,0,South,"Automobile, Station Wagon",Going Ahead,Driving Properly,Normal, , , , , , ,0,0,1,0,0,0,0,0,0,0,0,0,0,0
1268378,2011,12,3,3,53,5,43.73474538,-79.29049029,Scarborough Centre (37),37,Wexford/Maryvale (119),119,D41,Scarborough,960 WARDEN Ave, , ,Major Arterial,Mid-Block, ,No Control,Clear,Dark,Dry,Non-Fatal Injury,Rear End,Driver,unknown,Major,0,South,"Automobile, Station Wagon",Going Ahead,Other,Unknown, , , , , , ,0,0,1,0,0,0,0,0,0,0,0,0,0,0