ACCNUM,YEAR,MONTH,DAY,HOUR,MINUTES,WEEKDAY,LATITUDE,LONGITUDE,Ward_Name,Ward_ID,Hood_Name,Hood_ID,Division,District,STREET1,STREET2,OFFSET,ROAD_CLASS,LOCCOORD,ACCLOC,TRAFFCTL,VISIBILITY,LIGHT,RDSFCOND,ACCLASS,IMPACTYPE,INVTYPE,INVAGE,INJURY,FATAL_NO,INITDIR,VEHTYPE,MANOEUVER,DRIVACT,DRIVCOND,PEDTYPE,PEDACT,PEDCOND,CYCLISTYPE,CYCACT,CYCCOND,PEDESTRIAN,CYCLIST,AUTOMOBILE,MOTORCYCLE,TRUCK,TRSN_CITY_VEH,EMERG_VEH,PASSENGER,SPEEDING,AG_DRIV,REDLIGHT,ALCOHOL,DISABILITY,label
201558185,2015,1,11,3,53,6,43.6690975,-79.35298548,Toronto-Danforth (30),30,North Riverdale (68),68,D55,Toronto East York,477 BROADVIEW AVE, , ,Minor Arterial,Mid-Block, ,No Control,Clear,"Dark, artificial",Dry,Fatal,SMV Other,Driver,20 to 24,Fatal,1,South,"Automobile, Station Wagon",Going Ahead,Lost control,Unknown, , , , , , ,0,0,1,0,0,0,0,0,1,1,0,0,0,1
948029,2007,1,1,3,55,0,43.64484538,-79.45629029,Parkdale-High Park (13),13,High Park-Swansea (87),87,D11,Toronto East York,PARKSIDE DR,HIGH PARK BLVD, ,Major Arterial,Intersection, ,Traffic Signal,Rain,Dark,Wet,Non-Fatal Injury,Pedestrian Collisions,Driver,45 to 49,,0,South,"Automobile, Station Wagon",Going Ahead,Driving Properly,Normal, , , , , , ,1,0,1,0,0,0,0,0,0,0,0,0,0,0
948029,2007,1,1,3,55,0,43.64484538,-79.45629029,Parkdale-High Park (13),13,High Park-Swansea (87),87,D11,Toronto East York,PARKSIDE DR,HIGH PARK BLVD, ,Major Arterial,Intersection, ,Traffic Signal,Rain,Dark,Wet,Non-Fatal Injury,Pedestrian Collisions,Pedestrian,40 to 44,Major,0,West,Other, , , ,Vehicle is going straight thru inter.while ped cross without ROW,Crossing without right of way,Had Been Drinking, , , ,1,0,1,0,0,0,0,0,0,0,0,0,0,0
1254898,2011,9,18,3,55,6,43.66134538,-79.54389029,Etobicoke Centre (4),4,Princess-Rosethorn (10),10,D22,Etobicoke York,KIPLING Aven,THORNCREST Road, ,Major Arterial,Intersection,At Intersection,Stop Sign,Clear,Dark,Dry,Non-Fatal Injury,Pedestrian Collisions,Driver,unknown,,0,North,"Automobile, Station Wagon",Going Ahead, , , , , , , , ,1,0,1,0,0,0,0,0,0,0,0,0,0,0
1254898,2011,9,18,3,55,6,43.66134538,-79.54389029,Etobicoke Centre (4),4,Princess-Rosethorn (10),10,D22,Etobicoke York,KIPLING Aven,THORNCREST Road, ,Major Arterial,Intersection,At Intersection,Stop Sign,Clear,Dark,Dry,Non-Fatal Injury,Pedestrian Collisions,Pedestrian,unknown,Major,0, ,Other,Other, , , , , , , , ,1,0,1,0,0,0,0,0,0,0,0,0,0,0
6000691297,2016,4,23,3,56,5,43.65399893,-79.4864007,Parkdale-High Park (13),13,Runnymede-Bloor West Village (89),89,D11,Etobicoke York,JANE ST,HUMBERVIEW RD, ,Major Arterial,Intersection,Non Intersection,No Control,Other,Dark,Other,Fatal,SMV Other,Passenger,20 to 24,Fatal,27, , , , , , , , , , , ,0,0,1,0,0,0,0,1,1,1,0,0,0,1
6000691297,2016,4,23,3,56,5,43.65399893,-79.4864007,Parkdale-High Park (13),13,Runnymede-Bloor West Village (89),89,D11,Etobicoke York,JANE ST,HUMBERVIEW RD, ,Major Arterial,Intersection,Non Intersection,No Control,Other,Dark,Other,Fatal,SMV Other,Driver,20 to 24,Major,0,North,"Automobile, Station Wagon",Going Ahead,Lost control,Unknown, , , , , , ,0,0,1,0,0,0,0,1,1,1,0,0,0,1
6002274801,2016,12,24,3,56,5,43.78077276,-79.46977625,York Centre (10),10,Bathurst Manor (34),34,D32,North York,DUFFERIN ST,DOLOMITE DR, ,Major Arterial,Intersection,At Intersection,Traffic Signal,Rain,"Dark, artificial",Slush,Non-Fatal Injury,SMV Other,Driver,25 to 29,Major,0,South,"Automobile, Station Wagon",Going Ahead,Lost control,"Ability Impaired, Alcohol", , , , , , ,0,0,1,0,0,0,0,0,1,1,0,1,0,0
1231647,2011,2,19,3,57,5,43.66584538,-79.43789029,Davenport (18),18,Dovercourt-Wallace Emerson-Junction (93),93,D14,Toronto East York,DUFFERIN ST,HALLAM ST, ,Major Arterial,Intersection, ,No Control,Clear,Daylight,Dry,Non-Fatal Injury,Rear End,Driver,25 to 29,Major,0,North,"Automobile, Station Wagon",Going Ahead,Lost control,"Ability Impaired, Alcohol Over .08", , , , , , ,0,0,1,0,0,0,0,0,1,1,0,1,0,0
1231647,2011,2,19,3,57,5,43.66584538,-79.43789029,Davenport (18),18,Dovercourt-Wallace Emerson-Junction (93),93,D14,Toronto East York,DUFFERIN ST,HALLAM ST, ,Major Arterial,Intersection, ,No Control,Clear,Daylight,Dry,Non-Fatal Injury,Rear End,Vehicle Owner,unknown, ,0, ,Other, , , , , , , , , ,0,0,1,0,0,0,0,0,1,1,0,1,0,0
1231647,2011,2,19,3,57,5,43.66584538,-79.43789029,Davenport (18),18,Dovercourt-Wallace Emerson-Junction (93),93,D14,Toronto East York,DUFFERIN ST,HALLAM ST, ,Major Arterial,Intersection, ,No Control,Clear,Daylight,Dry,Non-Fatal Injury,Rear End,Driver,25 to 29,,0,North,"Automobile, Station Wagon",Going Ahead,Driving Properly,Normal, , , , , , ,0,0,1,0,0,0,0,0,1,1,0,1,0,0
1298040,2012,6,17,3,57,6,43.68144538,-79.36249029,Toronto-Danforth (29),29,Broadview North (57),57,D54,Toronto East York,DON VALLEY PARKWAY  N,PRINCE EDWARD VIADUCT, ,Expressway,Mid-Block, ,No Control,Clear,"Dark, artificial",Dry,Non-Fatal Injury,Rear End,Vehicle Owner,unknown, ,0, ,Other, , , , , , , , , ,0,0,1,0,0,0,0,1,1,1,0,0,0,0
1298040,2012,6,17,3,57,6,43.68144538,-79.36249029,Toronto-Danforth (29),29,Broadview North (57),57,D54,Toronto East York,DON VALLEY PARKWAY  N,PRINCE EDWARD VIADUCT, ,Expressway,Mid-Block, ,No Control,Clear,"Dark, artificial",Dry,Non-Fatal Injury,Rear End,Driver,25 to 29,Minor,0,North,"Automobile, Station Wagon",Going Ahead,Driving Properly,Normal, , , , , , ,0,0,1,0,0,0,0,1,1,1,0,0,0,0
1298040,2012,6,17,3,57,6,43.68144538,-79.36249029,Toronto-Danforth (29),29,Broadview North (57),57,D54,Toronto East York,DON VALLEY PARKWAY  N,PRINCE EDWARD VIADUCT, ,Expressway,Mid-Block, ,No Control,Clear,"Dark, artificial",Dry,Non-Fatal Injury,Rear End,Passenger,15 to 19,Major,0, ,Other, , , , , , , , , ,0,0,1,0,0,0,0,1,1,1,0,0,0,0
1298040,2012,6,17,3,57,6,43.68144538,-79.36249029,Toronto-Danforth (29),29,Broadview North (57),57,D54,Toronto East York,DON VALLEY PARKWAY  N,PRINCE EDWARD VIADUCT, ,Expressway,Mid-Block, ,No Control,Clear,"Dark, artificial",Dry,Non-Fatal Injury,Rear End,Vehicle Owner,unknown, ,0, ,Other, , , , , , , , , ,0,0,1,0,0,0,0,1,1,1,0,0,0,0
1298040,2012,6,17,3,57,6,43.68144538,-79.36249029,Toronto-Danforth (29),29,Broadview North (57),57,D54,Toronto East York,DON VALLEY PARKWAY  N,PRINCE EDWARD VIADUCT, ,Expressway,Mid-Block, ,No Control,Clear,"Dark, artificial",Dry,Non-Fatal Injury,Rear End,Driver,25 to 29,,0,North,"Automobile, Station Wagon",Going Ahead,Exceeding Speed Limit,Unknown, , , , , , ,0,0,1,0,0,0,0,1,1,1,0,0,0,0
1237383,2011,6,9,3,58,3,43.74207266,-79.30975733,Scarborough Centre (37),37,Wexford/Maryvale (119),119,D41,Scarborough,VICTORIA PARK AVE,LAWRENCE AVE E, ,Major Arterial,Intersection,Intersection Related,No Control,Clear,Dark,Dry,Non-Fatal Injury,Pedestrian Collisions,Driver,70 to 74,,0,South,"Automobile, Station Wagon",Going Ahead,Driving Properly,Normal, , , , , , ,1,0,1,0,0,0,0,0,0,0,0,0,0,0
1237383,2011,6,9,3,58,3,43.74207266,-79.30975733,Scarborough Centre (37),37,Wexford/Maryvale (119),119,D41,Scarborough,VICTORIA PARK AVE,LAWRENCE AVE E, ,Major Arterial,Intersection,Intersection Related,No Control,Clear,Dark,Dry,Non-Fatal Injury,Pedestrian Collisions,Pedestrian,40 to 44,Major,0,East, , , , ,Pedestrian hit at mid-block,Running onto Roadway,Normal, , , ,1,0,1,0,0,0,0,0,0,0,0,0,0,0
963700,2007,3,17,4,0,5,43.65664538,-79.34889029,Toronto-Danforth (30),30,South Riverdale (70),70,D55,Toronto East York,EASTERN DIVERSION AVE,BROADVIEW AVE, ,Major Arterial,Intersection, ,Traffic Signal,Snow,Dark,Loose Snow,Non-Fatal Injury,SMV Other,Passenger,30 to 34,Major,0, ,Other, , , , , , , , , ,0,0,1,0,0,0,0,1,0,0,0,0,0,0
963700,2007,3,17,4,0,5,43.65664538,-79.34889029,Toronto-Danforth (30),30,South Riverdale (70),70,D55,Toronto East York,EASTERN DIVERSION AVE,BROADVIEW AVE, ,Major Arterial,Intersection, ,Traffic Signal,Snow,Dark,Loose Snow,Non-Fatal Injury,SMV Other,Vehicle Owner,unknown,,0, ,Other, , , , , , , , , ,0,0,1,0,0,0,0,1,0,0,0,0,0,0
963700,2007,3,17,4,0,5,43.65664538,-79.34889029,Toronto-Danforth (30),30,South Riverdale (70),70,D55,Toronto East York,EASTERN DIVERSION AVE,BROADVIEW AVE, ,Major Arterial,Intersection, ,Traffic Signal,Snow,Dark,Loose Snow,Non-Fatal Injury,SMV Other,Driver,25 to 29,,0,East,"Automobile, Station Wagon",Going Ahead,Lost control,Normal, , , , , , ,0,0,1,0,0,0,0,1,0,0,0,0,0,0
963700,2007,3,17,4,0,5,43.65664538,-79.34889029,Toronto-Danforth (30),30,South Riverdale (70),70,D55,Toronto East York,EASTERN DIVERSION AVE,BROADVIEW AVE, ,Major Arterial,Intersection, ,Traffic Signal,Snow,Dark,Loose Snow,Non-Fatal Injury,SMV Other,Other Property Owner,unknown,,0, ,Other, , , , , , , , , ,0,0,1,0,0,0,0,1,0,0,0,0,0,0
1069209,2008,10,21,4,0,1,43.73934538,-79.51319029,York Centre (9),9,Glenfield-Jane Heights (25),25,D31,North York,JANE ST,SHEPPARD AVE W, ,Major Arterial,Intersection,At Intersection,Traffic Signal,Rain,Dark,Wet,Non-Fatal Injury,SMV Other,Vehicle Owner,unknown, ,0, ,Taxi, , , , , , , , , ,0,0,1,0,0,0,0,0,0,0,0,0,1,0
1069209,2008,10,21,4,0,1,43.73934538,-79.51319029,York Centre (9),9,Glenfield-Jane Heights (25),25,D31,North York,JANE ST,SHEPPARD AVE W, ,Major Arterial,Intersection,At Intersection,Traffic Signal,Rain,Dark,Wet,Non-Fatal Injury,SMV Other,Driver,60 to 64,Major,0,South,Other,Reversing,Lost control,Medical or Physical Disability, , , , , , ,0,0,1,0,0,0,0,0,0,0,0,0,1,0
1158315,2010,3,19,4,0,4,43.69784538,-79.34939029,Toronto-Danforth (29),29,Old East York (58),58,D54,Toronto East York,DON VALLEY PARKWAY  N,LEASIDE BDGE, ,Expressway,Mid-Block, ,No Control,Clear,Dark,Dry,Non-Fatal Injury,Pedestrian Collisions,Passenger,10 to 14,,0, ,Other, , , , , , , , , ,1,0,1,0,0,0,0,1,0,0,0,0,0,0
1158315,2010,3,19,4,0,4,43.69784538,-79.34939029,Toronto-Danforth (29),29,Old East York (58),58,D54,Toronto East York,DON VALLEY PARKWAY  N,LEASIDE BDGE, ,Expressway,Mid-Block, ,No Control,Clear,Dark,Dry,Non-Fatal Injury,Pedestrian Collisions,Passenger,25 to 29,,0, ,Other, , , , , , , , , ,1,0,1,0,0,0,0,1,0,0,0,0,0,0
1158315,2010,3,19,4,0,4,43.69784538,-79.34939029,Toronto-Danforth (29),29,Old East York (58),58,D54,Toronto East York,DON VALLEY PARKWAY  N,LEASIDE BDGE, ,Expressway,Mid-Block, ,No Control,Clear,Dark,Dry,Non-Fatal Injury,Pedestrian Collisions,Driver,25 to 29,,0,North,"Automobile, Station Wagon",Going Ahead,Driving Properly,Normal, , , , , , ,1,0,1,0,0,0,0,1,0,0,0,0,0,0
1158315,2010,3,19,4,0,4,43.69784538,-79.34939029,Toronto-Danforth (29),29,Old East York (58),58,D54,Toronto East York,DON VALLEY PARKWAY  N,LEASIDE BDGE, ,Expressway,Mid-Block, ,No Control,Clear,Dark,Dry,Non-Fatal Injury,Pedestrian Collisions,Pedestrian,30 to 34,Major,0,Unknown,Other, , , ,Other / Undefined,Other,Other, , , ,1,0,1,0,0,0,0,1,0,0,0,0,0,0
1345603,2013,3,10,4,0,6,43.65804538,-79.44399029,Davenport (18),18,Dufferin Grove (83),83,D11,Toronto East York,BLOOR ST W,ST HELENS AVE, ,Major Arterial,Intersection,At Intersection,Stop Sign,Clear,"Dark, artificial",Dry,Non-Fatal Injury,Cyclist Collisions,Passenger,20 to 24,Minimal,0, ,Other, , , , , , , , , ,0,1,1,0,0,0,0,1,0,0,0,0,0,0
1345603,2013,3,10,4,0,6,43.65804538,-79.44399029,Davenport (18),18,Dufferin Grove (83),83,D11,Toronto East York,BLOOR ST W,ST HELENS AVE, ,Major Arterial,Intersection,At Intersection,Stop Sign,Clear,"Dark, artificial",Dry,Non-Fatal Injury,Cyclist Collisions,Driver,30 to 34,,0,West,"Automobile, Station Wagon",Going Ahead,Driving Properly,Normal, , , , , , ,0,1,1,0,0,0,0,1,0,0,0,0,0,0
1345603,2013,3,10,4,0,6,43.65804538,-79.44399029,Davenport (18),18,Dufferin Grove (83),83,D11,Toronto East York,BLOOR ST W,ST HELENS AVE, ,Major Arterial,Intersection,At Intersection,Stop Sign,Clear,"Dark, artificial",Dry,Non-Fatal Injury,Cyclist Collisions,Cyclist,20 to 24,Major,0,North,Bicycle,Turning Right, , , , , ,Cyclist turns right across motorists path,Improper Turn,Other,0,1,1,0,0,0,0,1,0,0,0,0,0,0
5000204308,2015,1,26,4,0,0,43.70090826,-79.51568995,York South-Weston (11),11,Weston (113),113,D12,Etobicoke York,SOUTH STATION ST,LAWRENCE AVE W, ,Local,Mid-Block,Non Intersection,No Control,Clear,Dark,Dry,Non-Fatal Injury,Pedestrian Collisions,Driver,unknown,,0,Unknown,"Automobile, Station Wagon",Going Ahead,Other,Unknown, , , , , , ,1,0,1,0,0,0,0,0,0,0,0,0,0,0
5000204308,2015,1,26,4,0,0,43.70090826,-79.51568995,York South-Weston (11),11,Weston (113),113,D12,Etobicoke York,SOUTH STATION ST,LAWRENCE AVE W, ,Local,Mid-Block,Non Intersection,No Control,Clear,Dark,Dry,Non-Fatal Injury,Pedestrian Collisions,Pedestrian,50 to 54,Major,0,South, , , , ,Pedestrian hit on sidewalk or shoulder,On Sidewalk or Shoulder,Normal, , , ,1,0,1,0,0,0,0,0,0,0,0,0,0,0
6000916730,2016,5,18,4,0,2,43.74217947,-79.59598933,Etobicoke North (1),1,West Humber-Clairville (1),1,D23,North York,ALBION RD,MARTIN GROVE RD,10 m West of,Major Arterial,Mid-Block,Non Intersection,No Control,Clear,"Dark, artificial",Dry,Non-Fatal Injury,Pedestrian Collisions,Driver,35 to 39,,0,East,"Automobile, Station Wagon",Reversing,Other,Had Been Drinking, , , , , , ,1,0,1,0,0,0,0,0,0,0,0,0,0,0
6000916730,2016,5,18,4,0,2,43.74217947,-79.59598933,Etobicoke North (1),1,West Humber-Clairville (1),1,D23,North York,ALBION RD,MARTIN GROVE RD,10 m West of,Major Arterial,Mid-Block,Non Intersection,No Control,Clear,"Dark, artificial",Dry,Non-Fatal Injury,Pedestrian Collisions,Pedestrian,35 to 39,Major,0,Unknown, , , , ,Vehicle is reversing and hits pedestrian,Other,Had Been Drinking, , , ,1,0,1,0,0,0,0,0,0,0,0,0,0,0
1158316,2010,3,19,4,2,4,43.69804538,-79.34969029,Toronto-Danforth (29),29,Old East York (58),58,D54,Toronto East York,DON VALLEY PARKWAY  N,LEASIDE BDGE, ,Expressway,Mid-Block, ,No Control,Clear,Dark,Dry,Non-Fatal Injury,Pedestrian Collisions,Passenger,40 to 44,,0, ,Other, , , , , , , , , ,1,0,1,0,0,0,0,1,0,0,0,0,0,0
1158316,2010,3,19,4,2,4,43.69804538,-79.34969029,Toronto-Danforth (29),29,Old East York (58),58,D54,Toronto East York,DON VALLEY PARKWAY  N,LEASIDE BDGE, ,Expressway,Mid-Block, ,No Control,Clear,Dark,Dry,Non-Fatal Injury,Pedestrian Collisions,Vehicle Owner,unknown, ,0, ,Other, , , , , , , , , ,1,0,1,0,0,0,0,1,0,0,0,0,0,0
1158316,2010,3,19,4,2,4,43.69804538,-79.34969029,Toronto-Danforth (29),29,Old East York (58),58,D54,Toronto East York,DON VALLEY PARKWAY  N,LEASIDE BDGE, ,Expressway,Mid-Block, ,No Control,Clear,Dark,Dry,Non-Fatal Injury,Pedestrian Collisions,Driver,25 to 29,,0,North,"Automobile, Station Wagon",Going Ahead,Driving Properly,Normal, , , , , , ,1,0,1,0,0,0,0,1,0,0,0,0,0,0
1158316,2010,3,19,4,2,4,43.69804538,-79.34969029,Toronto-Danforth (29),29,Old East York (58),58,D54,Toronto East York,DON VALLEY PARKWAY  N,LEASIDE BDGE, ,Expressway,Mid-Block, ,No Control,Clear,Dark,Dry,Non-Fatal Injury,Pedestrian Collisions,Pedestrian,30 to 34,Major,0,Unknown,Other, , , ,Pedestrian hit at mid-block,Other,Other, , , ,1,0,1,0,0,0,0,1,0,0,0,0,0,0
1280050,2012,2,12,4,4,6,43.65774538,-79.37299029,Toronto Centre-Rosedale (27),27,Moss Park (73),73,D51,Toronto East York,DUNDAS ST E,GEORGE ST, ,Major Arterial,Mid-Block,At Intersection,No Control,Clear,"Dark, artificial",Loose Snow,Non-Fatal Injury,SMV Other,Passenger,25 to 29,Minor,0, ,Other, , , , , , , , , ,0,0,1,0,0,0,0,1,1,1,0,1,0,0
1280050,2012,2,12,4,4,6,43.65774538,-79.37299029,Toronto Centre-Rosedale (27),27,Moss Park (73),73,D51,Toronto East York,DUNDAS ST E,GEORGE ST, ,Major Arterial,Mid-Block,At Intersection,No Control,Clear,"Dark, artificial",Loose Snow,Non-Fatal Injury,SMV Other,Passenger,25 to 29,Minor,0, ,Other, , , , , , , , , ,0,0,1,0,0,0,0,1,1,1,0,1,0,0
1280050,2012,2,12,4,4,6,43.65774538,-79.37299029,Toronto Centre-Rosedale (27),27,Moss Park (73),73,D51,Toronto East York,DUNDAS ST E,GEORGE ST, ,Major Arterial,Mid-Block,At Intersection,No Control,Clear,"Dark, artificial",Loose Snow,Non-Fatal Injury,SMV Other,Passenger,15 to 19,Major,0, ,Other, , , , , , , , , ,0,0,1,0,0,0,0,1,1,1,0,1,0,0
1280050,2012,2,12,4,4,6,43.65774538,-79.37299029,Toronto Centre-Rosedale (27),27,Moss Park (73),73,D51,Toronto East York,DUNDAS ST E,GEORGE ST, ,Major Arterial,Mid-Block,At Intersection,No Control,Clear,"Dark, artificial",Loose Snow,Non-Fatal Injury,SMV Other,Driver,35 to 39,Minor,0,East,"Automobile, Station Wagon",Going Ahead,Lost control,"Ability Impaired, Alcohol Over .08", , , , , , ,0,0,1,0,0,0,0,1,1,1,0,1,0,0
5001074217,2015,6,26,4,5,4,43.65836294,-79.40021906,Trinity-Spadina (20),20,University (79),79,D14,Toronto East York,457 SPADINA AVE, ,18 m East of,Major Arterial,Mid-Block,Non Intersection,No Control,Clear,"Dark, artificial",Dry,Non-Fatal Injury,Pedestrian Collisions,Truck Driver,30 to 34,,0,East,Truck - Dump,Going Ahead,Driving Properly,Unknown, , , , , , ,1,0,0,0,1,0,0,0,0,0,0,0,0,0
5001074217,2015,6,26,4,5,4,43.65836294,-79.40021906,Trinity-Spadina (20),20,University (79),79,D14,Toronto East York,457 SPADINA AVE, ,18 m East of,Major Arterial,Mid-Block,Non Intersection,No Control,Clear,"Dark, artificial",Dry,Non-Fatal Injury,Pedestrian Collisions,Pedestrian,60 to 64,Major,0,Unknown, , , , ,Pedestrian hit at private driveway,On Sidewalk or Shoulder,Other, , , ,1,0,0,0,1,0,0,0,0,0,0,0,0,0
6001148788,2016,7,1,4,5,4,43.65069159,-79.34757624,Toronto Centre-Rosedale (28),28,Waterfront Communities-The Island (77),77,D51,Toronto East York,F G GARDINER XY  E,DON VALLEY PARKWAY  N, ,Expressway,Mid-Block,Non Intersection,No Control,Clear,"Dark, artificial",Dry,Non-Fatal Injury,SMV Other,Motorcycle Driver,35 to 39,Major,0,East,Motorcycle,Going Ahead,Lost control,Fatigue, , , , , , ,0,0,0,1,0,0,0,0,0,0,0,0,0,0
7001470435,2017,8,15,4,7,1,43.6583515,-79.37053309,Toronto Centre-Rosedale (28),28,Moss Park (73),73,D51,Toronto East York,DUNDAS ST E,SHERBOURNE ST,38 m East of,Major Arterial,Mid-Block,Non Intersection,No Control,Rain,"Dark, artificial",Wet,Fatal,Pedestrian Collisions,Pedestrian,45 to 49,Fatal,35,Unknown, , , , ,Pedestrian hit at mid-block,Other,Medical or Physical Disability, , , ,1,0,0,0,0,0,0,0,0,0,0,0,0,1
7001470435,2017,8,15,4,7,1,43.6583515,-79.37053309,Toronto Centre-Rosedale (28),28,Moss Park (73),73,D51,Toronto East York,DUNDAS ST E,SHERBOURNE ST,38 m East of,Major Arterial,Mid-Block,Non Intersection,No Control,Rain,"Dark, artificial",Wet,Fatal,Pedestrian Collisions,Driver,unknown,,0,East, ,Going Ahead,Other,Unknown, , , , , , ,1,0,0,0,0,0,0,0,0,0,0,0,0,1
1319536,2012,10,14,4,10,6,43.68184538,-79.46769029,York South-Weston (12),12,Keelesdale-Eglinton West (110),110,D12,Etobicoke York,ROGERS RD,OLD WESTON RD, ,Minor Arterial,Intersection,At Intersection,Traffic Signal,Rain,"Dark, artificial",Wet,Fatal,SMV Other,Driver,30 to 34,Fatal,34,West,"Automobile, Station Wagon",Going Ahead,Speed too Fast For Condition,Unknown, , , , , , ,0,0,1,0,0,0,0,0,1,1,0,0,0,1
1319536,2012,10,14,4,10,6,43.68184538,-79.46769029,York South-Weston (12),12,Keelesdale-Eglinton West (110),110,D12,Etobicoke York,ROGERS RD,OLD WESTON RD, ,Minor Arterial,Intersection,At Intersection,Traffic Signal,Rain,"Dark, artificial",Wet,Fatal,SMV Other,Other,unknown,,0,East,Other,Parked, , , , , , , , ,0,0,1,0,0,0,0,0,1,1,0,0,0,1
1319536,2012,10,14,4,10,6,43.68184538,-79.46769029,York South-Weston (12),12,Keelesdale-Eglinton West (110),110,D12,Etobicoke York,ROGERS RD,OLD WESTON RD, ,Minor Arterial,Intersection,At Intersection,Traffic Signal,Rain,"Dark, artificial",Wet,Fatal,SMV Other,Other Property Owner,unknown, ,0, ,Other, , , , , , , , , ,0,0,1,0,0,0,0,0,1,1,0,0,0,1
5001098276,2015,6,30,4,10,1,43.76301153,-79.31752405,Scarborough-Agincourt (40),40,Wexford/Maryvale (119),119,D41,Scarborough,VICTORIA PARK AVE,YORK MILLS RD, ,Major Arterial,Intersection,Intersection Related,Traffic Signal,Clear,"Dark, artificial",Dry,Non-Fatal Injury,Pedestrian Collisions,Driver,60 to 64,,0,North,"Automobile, Station Wagon",Going Ahead,Driving Properly,Unknown, , , , , , ,1,0,1,0,0,0,0,0,0,0,0,0,0,0
5001098276,2015,6,30,4,10,1,43.76301153,-79.31752405,Scarborough-Agincourt (40),40,Wexford/Maryvale (119),119,D41,Scarborough,VICTORIA PARK AVE,YORK MILLS RD, ,Major Arterial,Intersection,Intersection Related,Traffic Signal,Clear,"Dark, artificial",Dry,Non-Fatal Injury,Pedestrian Collisions,Pedestrian,70 to 74,Major,0,East, , , , ,Vehicle is going straight thru inter.while ped cross without ROW,Crossing without right of way,Normal, , , ,1,0,1,0,0,0,0,0,0,0,0,0,0,0
1208298,2010,12,1,6,20,2,43.74314459,-79.58709345,Etobicoke North (1),1,Mount Olive-Silverstone-Jamestown (2),2,D23,Etobicoke York,FINCH AVE W,ALBION RD, ,Major Arterial,Intersection,At Intersection,Traffic Signal,Rain,"Dark, artificial",Wet,Non-Fatal Injury,Pedestrian Collisions,Driver,30 to 34,,0,West,"Automobile, Station Wagon",Going Ahead,Driving Properly,Normal, , , , , , ,1,0,1,0,0,0,0,0,0,0,0,0,0,0
1061541,2008,9,29,4,12,0,43.69684538,-79.35299029,Toronto-Danforth (29),29,Broadview North (57),57,D54,Toronto East York,DON VALLEY PARKWAY  S,BEECHWOOD DR, ,Expressway,Mid-Block, ,No Control,Clear,Dark,Dry,Non-Fatal Injury,Approaching,Driver,50 to 54,Minor,0,South,"Automobile, Station Wagon",Going Ahead,Driving Properly,Normal, , , , , , ,0,0,1,0,0,0,0,1,1,1,0,1,0,0
975759,2007,6,20,6,39,2,43.77614538,-79.26349029,Scarborough Centre (38),38,Bendale (127),127,D43,Scarborough,BRIMLEY RD,PROGRESS AVE, ,Major Arterial,Mid-Block, ,No Control,Clear,Daylight,Dry,Non-Fatal Injury,SMV Other,Passenger,20 to 24,Major,0, ,Other, , , , , , , , , ,0,0,1,0,0,0,0,1,0,0,0,0,0,0
1208298,2010,12,1,6,20,2,43.74314459,-79.58709345,Etobicoke North (1),1,Mount Olive-Silverstone-Jamestown (2),2,D23,Etobicoke York,FINCH AVE W,ALBION RD, ,Major Arterial,Intersection,At Intersection,Traffic Signal,Rain,"Dark, artificial",Wet,Non-Fatal Injury,Pedestrian Collisions,Pedestrian,40 to 44,Major,0,South,Other, , , ,Vehicle is going straight thru inter.while ped cross without ROW,Crossing without right of way,Inattentive, , , ,1,0,1,0,0,0,0,0,0,0,0,0,0,0
1061541,2008,9,29,4,12,0,43.69684538,-79.35299029,Toronto-Danforth (29),29,Broadview North (57),57,D54,Toronto East York,DON VALLEY PARKWAY  S,BEECHWOOD DR, ,Expressway,Mid-Block, ,No Control,Clear,Dark,Dry,Non-Fatal Injury,Approaching,Vehicle Owner,unknown, ,0, ,Other, , , , , , , , , ,0,0,1,0,0,0,0,1,1,1,0,1,0,0
1064117,2008,9,25,6,0,3,43.69054538,-79.57729029,Etobicoke North (2),2,West Humber-Clairville (1),1,D23,Etobicoke York,CITY VIEW DR,DIXON RD, ,Local,Mid-Block, ,No Control,Clear,Dawn,Dry,Non-Fatal Injury,Pedestrian Collisions,Pedestrian,50 to 54,Major,0,North,Other, , , ,Pedestrian hit on sidewalk or shoulder,On Sidewalk or Shoulder,Normal, , , ,1,0,1,0,0,0,0,0,0,1,0,0,0,0
975759,2007,6,20,6,39,2,43.77614538,-79.26349029,Scarborough Centre (38),38,Bendale (127),127,D43,Scarborough,BRIMLEY RD,PROGRESS AVE, ,Major Arterial,Mid-Block, ,No Control,Clear,Daylight,Dry,Non-Fatal Injury,SMV Other,Vehicle Owner,unknown,,0, ,Other, , , , , , , , , ,0,0,1,0,0,0,0,1,0,0,0,0,0,0
142879736,2014,9,10,6,20,2,43.65538748,-79.37986384,Toronto Centre-Rosedale (27),27,Church-Yonge Corridor (75),75,D51,Toronto East York,OKEEFE LANE,DUNDAS SQ, ,Local,Mid-Block, ,No Control,Clear,"Dark, artificial",Dry,Fatal,Pedestrian Collisions,Truck Driver,30 to 34,,0,South,Truck - Dump,Reversing,Other,Inattentive, , , , , , ,1,0,0,0,1,0,0,0,0,0,0,0,0,1
1061541,2008,9,29,4,12,0,43.69684538,-79.35299029,Toronto-Danforth (29),29,Broadview North (57),57,D54,Toronto East York,DON VALLEY PARKWAY  S,BEECHWOOD DR, ,Expressway,Mid-Block, ,No Control,Clear,Dark,Dry,Non-Fatal Injury,Approaching,Driver,20 to 24,Minor,0,North,"Automobile, Station Wagon",Going Ahead,Wrong Way on One Way Road,"Ability Impaired, Alcohol Over .08", , , , , , ,0,0,1,0,0,0,0,1,1,1,0,1,0,0