ACCNUM,YEAR,MONTH,DAY,HOUR,MINUTES,WEEKDAY,LATITUDE,LONGITUDE,Ward_Name,Ward_ID,Hood_Name,Hood_ID,Division,District,STREET1,STREET2,OFFSET,ROAD_CLASS,LOCCOORD,ACCLOC,TRAFFCTL,VISIBILITY,LIGHT,RDSFCOND,ACCLASS,IMPACTYPE,INVTYPE,INVAGE,INJURY,FATAL_NO,INITDIR,VEHTYPE,MANOEUVER,DRIVACT,DRIVCOND,PEDTYPE,PEDACT,PEDCOND,CYCLISTYPE,CYCACT,CYCCOND,PEDESTRIAN,CYCLIST,AUTOMOBILE,MOTORCYCLE,TRUCK,TRSN_CITY_VEH,EMERG_VEH,PASSENGER,SPEEDING,AG_DRIV,REDLIGHT,ALCOHOL,DISABILITY,label
1139402,2009,11,6,6,0,4,43.75304538,-79.48839029,York West (8),8,York University Heights (27),27,D31,North York,3655 KEELE ST, , ,Major Arterial,Mid-Block, ,No Control,Clear,Dark,Dry,Non-Fatal Injury,Turning Movement,Driver,25 to 29,,0,South, ,Turning Left,Improper Turn,Normal, , , , , , ,0,1,0,0,0,0,0,0,0,0,0,0,0,0
993532,2007,9,7,5,10,4,43.78254538,-79.40279029,Willowdale (23),23,Willowdale East (51),51,D32,North York,FINCH AVE E,LONGMORE ST, ,Major Arterial,Mid-Block, ,No Control,Clear,Dark,Dry,Non-Fatal Injury,SMV Other,Driver,15 to 19,Minor,0,East,"Automobile, Station Wagon",Going Ahead,Lost control,Unknown, , , , , , ,0,0,1,0,0,0,0,1,1,1,0,0,0,0
975759,2007,6,20,6,39,2,43.77614538,-79.26349029,Scarborough Centre (38),38,Bendale (127),127,D43,Scarborough,BRIMLEY RD,PROGRESS AVE, ,Major Arterial,Mid-Block, ,No Control,Clear,Daylight,Dry,Non-Fatal Injury,SMV Other,Driver,50 to 54,Major,0,South,"Automobile, Station Wagon",Going Ahead,Lost control,Normal, , , , , , ,0,0,1,0,0,0,0,1,0,0,0,0,0,0
1188832,2010,9,13,6,39,0,43.77644538,-79.23179029,Scarborough Centre (38),38,Woburn (137),137,D43,Scarborough,MARKHAM RD,ELLESMERE RD, ,Major Arterial,Intersection,At Intersection,Traffic Signal,Rain,Dawn,Wet,Non-Fatal Injury,Pedestrian Collisions,Driver,35 to 39,,0,East,"Automobile, Station Wagon",Turning Left,Driving Properly,Normal, , , , , , ,1,0,1,0,0,0,0,0,0,0,0,0,0,0
1188832,2010,9,13,6,39,0,43.77644538,-79.23179029,Scarborough Centre (38),38,Woburn (137),137,D43,Scarborough,MARKHAM RD,ELLESMERE RD, ,Major Arterial,Intersection,At Intersection,Traffic Signal,Rain,Dawn,Wet,Non-Fatal Injury,Pedestrian Collisions,Pedestrian,20 to 24,Major,0,North,Other, , , ,Vehicle turns left while ped crosses without ROW at inter.,Crossing without right of way,Unknown, , , ,1,0,1,0,0,0,0,0,0,0,0,0,0,0
5002178129,2015,12,20,6,39,6,43.67255362,-79.44079981,Davenport (17),17,Dovercourt-Wallace Emerson-Junction (93),93,D13,Etobicoke York,DUFFERIN ST,DAVENPORT RD,41 m South of,Major Arterial,Mid-Block,Intersection Related,No Control,Clear,"Dark, artificial",Dry,Non-Fatal Injury,Cyclist Collisions,Cyclist,30 to 34,Major,0,West,Bicycle,Going Ahead, , , , , ,"Cyclist without ROW rides into path of motorist at inter, lnwy, dwy-Cyclist not turn.",Failed to Yield Right of Way,"Ability Impaired, Alcohol",0,1,1,0,0,0,0,0,0,0,0,0,0,0
5002178129,2015,12,20,6,39,6,43.67255362,-79.44079981,Davenport (17),17,Dovercourt-Wallace Emerson-Junction (93),93,D13,Etobicoke York,DUFFERIN ST,DAVENPORT RD,41 m South of,Major Arterial,Mid-Block,Intersection Related,No Control,Clear,"Dark, artificial",Dry,Non-Fatal Injury,Cyclist Collisions,Driver,35 to 39,,0,South,"Automobile, Station Wagon",Going Ahead,Driving Properly,Normal, , , , , , ,0,1,1,0,0,0,0,0,0,0,0,0,0,0
954598,2007,1,12,6,40,4,43.80414538,-79.33069029,Scarborough-Agincourt (39),39,Steeles (116),116,D42,Scarborough,MCNICOLL AVE,PHARMACY AVE, ,Minor Arterial,Intersection,At Intersection,Traffic Signal,Clear,Dark,Wet,Non-Fatal Injury,Pedestrian Collisions,Driver,40 to 44,,0,West,"Automobile, Station Wagon",Going Ahead,Driving Properly,Normal, , , , , , ,1,0,1,0,0,0,0,0,0,0,0,0,0,0
954598,2007,1,12,6,40,4,43.80414538,-79.33069029,Scarborough-Agincourt (39),39,Steeles (116),116,D42,Scarborough,MCNICOLL AVE,PHARMACY AVE, ,Minor Arterial,Intersection,At Intersection,Traffic Signal,Clear,Dark,Wet,Non-Fatal Injury,Pedestrian Collisions,Pedestrian,55 to 59,Major,0,North,Other, , , ,Vehicle is going straight thru inter.while ped cross without ROW,Crossing without right of way,Inattentive, , , ,1,0,1,0,0,0,0,0,0,0,0,0,0,0
1144154,2009,12,24,6,40,3,43.74684538,-79.44449029,York Centre (10),10,Clanton Park (33),33,D32,North York,MARWILL ST,ALMORE AVE, ,Local,Intersection, ,No Control,Clear,Dark,Dry,Fatal,Pedestrian Collisions,Vehicle Owner,unknown, ,0, ,Other, , , , , , , , , ,1,0,1,0,0,0,0,0,0,0,0,0,0,1
1144154,2009,12,24,6,40,3,43.74684538,-79.44449029,York Centre (10),10,Clanton Park (33),33,D32,North York,MARWILL ST,ALMORE AVE, ,Local,Intersection, ,No Control,Clear,Dark,Dry,Fatal,Pedestrian Collisions,Driver,60 to 64,,0,South,"Automobile, Station Wagon",Going Ahead,Driving Properly,Normal, , , , , , ,1,0,1,0,0,0,0,0,0,0,0,0,0,1
1144154,2009,12,24,6,40,3,43.74684538,-79.44449029,York Centre (10),10,Clanton Park (33),33,D32,North York,MARWILL ST,ALMORE AVE, ,Local,Intersection, ,No Control,Clear,Dark,Dry,Fatal,Pedestrian Collisions,Pedestrian,85 to 89,Fatal,48,South,Other, , , ,Pedestrian hit at mid-block,Walking on Roadway with Traffic,Normal, , , ,1,0,1,0,0,0,0,0,0,0,0,0,0,1
1258477,2011,10,3,6,40,0,43.71414538,-79.56789029,Etobicoke North (2),2,West Humber-Clairville (1),1,D23,Etobicoke York,KIPLING Aven,FROST Stre, ,Major Arterial,Intersection, ,No Control,Rain,Daylight,Wet,Non-Fatal Injury,Pedestrian Collisions,Driver,unknown,,0,North,"Automobile, Station Wagon",Going Ahead,Failed to Yield Right of Way,Unknown, , , , , , ,1,0,1,0,0,0,0,0,0,1,0,0,0,0
1258477,2011,10,3,6,40,0,43.71414538,-79.56789029,Etobicoke North (2),2,West Humber-Clairville (1),1,D23,Etobicoke York,KIPLING Aven,FROST Stre, ,Major Arterial,Intersection, ,No Control,Rain,Daylight,Wet,Non-Fatal Injury,Pedestrian Collisions,Pedestrian,30 to 34,Major,0,West,Other, , , ,Vehicle is going straight thru inter.while ped cross without ROW,"Crossing, no Traffic Control",Normal, , , ,1,0,1,0,0,0,0,0,0,1,0,0,0,0
1303942,2012,5,21,6,40,0,43.68094538,-79.44479029,Davenport (17),17,Corso Italia-Davenport (92),92,D13,Etobicoke York,GOODWOOD AVE,SELLERS AVE, ,Local,Mid-Block, ,No Control,Clear,Daylight,Dry,Non-Fatal Injury,Cyclist Collisions,Vehicle Owner,unknown, ,0, ,Other, , , , , , , , , ,0,1,1,0,0,0,0,0,0,0,0,0,0,0
1303942,2012,5,21,6,40,0,43.68094538,-79.44479029,Davenport (17),17,Corso Italia-Davenport (92),92,D13,Etobicoke York,GOODWOOD AVE,SELLERS AVE, ,Local,Mid-Block, ,No Control,Clear,Daylight,Dry,Non-Fatal Injury,Cyclist Collisions,Driver,25 to 29,,0,West,"Automobile, Station Wagon",Going Ahead,Driving Properly,Normal, , , , , , ,0,1,1,0,0,0,0,0,0,0,0,0,0,0
1303942,2012,5,21,6,40,0,43.68094538,-79.44479029,Davenport (17),17,Corso Italia-Davenport (92),92,D13,Etobicoke York,GOODWOOD AVE,SELLERS AVE, ,Local,Mid-Block, ,No Control,Clear,Daylight,Dry,Non-Fatal Injury,Cyclist Collisions,Cyclist,10 to 14,Major,0,South,Bicycle,Going Ahead, , , , , ,"Cyclist without ROW rides into path of motorist at inter, lnwy, dwy-Cyclist not turn.",Failed to Yield Right of Way,Inattentive,0,1,1,0,0,0,0,0,0,0,0,0,0,0
1311042,2012,7,13,6,40,4,43.73724538,-79.56529029,Etobicoke North (1),1,Thistletown-Beaumond Heights (3),3,D23,Etobicoke York,ALBION RD,ISLINGTON AVE, ,Major Arterial,Intersection,At Intersection,Traffic Signal,Clear,Daylight,Dry,Non-Fatal Injury,Cyclist Collisions,Driver,75 to 79,,0,South,"Automobile, Station Wagon",Going Ahead,Failed to Yield Right of Way,Normal, , , , , , ,0,1,1,0,0,0,0,0,0,1,0,0,0,0
1311042,2012,7,13,6,40,4,43.73724538,-79.56529029,Etobicoke North (1),1,Thistletown-Beaumond Heights (3),3,D23,Etobicoke York,ALBION RD,ISLINGTON AVE, ,Major Arterial,Intersection,At Intersection,Traffic Signal,Clear,Daylight,Dry,Non-Fatal Injury,Cyclist Collisions,Cyclist,35 to 39,Major,0,West,Bicycle,Going Ahead, , , , , ,"Motorist without ROW drives into path of cyclist at inter, lnwy, dwy-Driver not turn.",Driving Properly,Normal,0,1,1,0,0,0,0,0,0,1,0,0,0,0
1344358,2013,1,13,6,40,6,43.65705832,-79.37455378,Toronto Centre-Rosedale (27),27,Moss Park (73),73,D51,Toronto East York,DUNDAS ST E,JARVIS ST, ,Major Arterial,Intersection, ,No Control,Rain,"Dark, artificial",Wet,Non-Fatal Injury,Pedestrian Collisions,Vehicle Owner,unknown, ,0, ,Other, , , , , , , , , ,1,0,1,0,0,1,0,0,0,0,0,0,0,0
1344358,2013,1,13,6,40,6,43.65705832,-79.37455378,Toronto Centre-Rosedale (27),27,Moss Park (73),73,D51,Toronto East York,DUNDAS ST E,JARVIS ST, ,Major Arterial,Intersection, ,No Control,Rain,"Dark, artificial",Wet,Non-Fatal Injury,Pedestrian Collisions,Driver,50 to 54,,0,East,"Automobile, Station Wagon",Going Ahead,Driving Properly,Normal, , , , , , ,1,0,1,0,0,1,0,0,0,0,0,0,0,0
1344358,2013,1,13,6,40,6,43.65705832,-79.37455378,Toronto Centre-Rosedale (27),27,Moss Park (73),73,D51,Toronto East York,DUNDAS ST E,JARVIS ST, ,Major Arterial,Intersection, ,No Control,Rain,"Dark, artificial",Wet,Non-Fatal Injury,Pedestrian Collisions,Driver,35 to 39,,0,East,Municipal Transit Bus (TTC),Going Ahead,Driving Properly,Normal, , , , , , ,1,0,1,0,0,1,0,0,0,0,0,0,0,0
1344358,2013,1,13,6,40,6,43.65705832,-79.37455378,Toronto Centre-Rosedale (27),27,Moss Park (73),73,D51,Toronto East York,DUNDAS ST E,JARVIS ST, ,Major Arterial,Intersection, ,No Control,Rain,"Dark, artificial",Wet,Non-Fatal Injury,Pedestrian Collisions,Pedestrian,30 to 34,Major,0,North,Other, , , ,Pedestrian hit at mid-block,"Crossing, no Traffic Control",Inattentive, , , ,1,0,1,0,0,1,0,0,0,0,0,0,0,0
1344093,2013,1,16,6,40,2,43.70864538,-79.39879029,Eglinton-Lawrence (16),16,Yonge-Eglinton (100),100,D53,Toronto East York,YONGE ST,ORCHARD VIEW BLVD, ,Major Arterial,Mid-Block, ,No Control,Clear,"Dark, artificial",Dry,Non-Fatal Injury,Pedestrian Collisions,Driver,65 to 69,,0,North,"Automobile, Station Wagon",Going Ahead,Driving Properly,Normal, , , , , , ,1,0,1,0,0,0,0,0,0,0,0,0,0,0
1344093,2013,1,16,6,40,2,43.70864538,-79.39879029,Eglinton-Lawrence (16),16,Yonge-Eglinton (100),100,D53,Toronto East York,YONGE ST,ORCHARD VIEW BLVD, ,Major Arterial,Mid-Block, ,No Control,Clear,"Dark, artificial",Dry,Non-Fatal Injury,Pedestrian Collisions,Pedestrian,55 to 59,Major,0,West,Other, , , ,Pedestrian hit at mid-block,Crossing without right of way,Inattentive, , , ,1,0,1,0,0,0,0,0,0,0,0,0,0,0
1369816,2013,6,13,6,40,3,43.67484538,-79.40709029,Trinity-Spadina (20),20,Annex (95),95,D53,Toronto East York,SPADINA RD,DUPONT ST, ,Minor Arterial,Intersection,At Intersection,Traffic Signal,Rain,Daylight,Wet,Non-Fatal Injury,Approaching,Motorcycle Driver,40 to 44,Major,0,North,Motorcycle,Going Ahead,Driving Properly,Normal, , , , , , ,0,0,1,1,0,0,0,0,0,1,0,0,0,0
1369816,2013,6,13,6,40,3,43.67484538,-79.40709029,Trinity-Spadina (20),20,Annex (95),95,D53,Toronto East York,SPADINA RD,DUPONT ST, ,Minor Arterial,Intersection,At Intersection,Traffic Signal,Rain,Daylight,Wet,Non-Fatal Injury,Approaching,Driver,55 to 59,,0,South,"Automobile, Station Wagon",Going Ahead,Following too Close,Normal, , , , , , ,0,0,1,1,0,0,0,0,0,1,0,0,0,0
4001435138,2014,1,30,6,40,3,43.77502402,-79.23837672,Scarborough Centre (38),38,Woburn (137),137,D43,Scarborough,1970 ELLESMERE RD, , ,Major Arterial,Mid-Block,Non Intersection,No Control,Clear,Daylight,Dry,Non-Fatal Injury,Approaching,Driver,25 to 29,Major,0,East,"Automobile, Station Wagon",Going Ahead,Lost control,Inattentive, , , , , , ,0,0,1,0,0,0,0,1,0,0,0,0,0,0
4001435138,2014,1,30,6,40,3,43.77502402,-79.23837672,Scarborough Centre (38),38,Woburn (137),137,D43,Scarborough,1970 ELLESMERE RD, , ,Major Arterial,Mid-Block,Non Intersection,No Control,Clear,Daylight,Dry,Non-Fatal Injury,Approaching,Driver,45 to 49,Major,0,West,"Automobile, Station Wagon",Going Ahead,Driving Properly,Normal, , , , , , ,0,0,1,0,0,0,0,1,0,0,0,0,0,0
4001435138,2014,1,30,6,40,3,43.77502402,-79.23837672,Scarborough Centre (38),38,Woburn (137),137,D43,Scarborough,1970 ELLESMERE RD, , ,Major Arterial,Mid-Block,Non Intersection,No Control,Clear,Daylight,Dry,Non-Fatal Injury,Approaching,Passenger,15 to 19,Major,0, , , , , , , , , , , ,0,0,1,0,0,0,0,1,0,0,0,0,0,0
6000023068,2016,1,5,6,40,1,43.80979498,-79.36679468,Willowdale (24),24,Hillcrest Village (48),48,D33,North York,STEELES AVE E,WAGGONERS WELL LN,60 m West of,Major Arterial,Mid-Block,Non Intersection,No Control,Clear,"Dark, artificial",Dry,Non-Fatal Injury,Pedestrian Collisions,Driver,70 to 74,,0,East,Pick Up Truck,Going Ahead,Driving Properly,Normal, , , , , , ,1,0,1,0,0,0,0,0,0,0,0,0,0,0
6000023068,2016,1,5,6,40,1,43.80979498,-79.36679468,Willowdale (24),24,Hillcrest Village (48),48,D33,North York,STEELES AVE E,WAGGONERS WELL LN,60 m West of,Major Arterial,Mid-Block,Non Intersection,No Control,Clear,"Dark, artificial",Dry,Non-Fatal Injury,Pedestrian Collisions,Pedestrian,60 to 64,Major,0,North, , , , ,Pedestrian hit at mid-block,"Crossing, no Traffic Control",Normal, , , ,1,0,1,0,0,0,0,0,0,0,0,0,0,0
1065860,2008,10,3,6,41,4,43.65024538,-79.48049029,Parkdale-High Park (13),13,Runnymede-Bloor West Village (89),89,D11,Etobicoke York,BLOOR ST W,WINDERMERE AVE, ,Major Arterial,Intersection,At Intersection,Traffic Signal,Clear,Dawn,Dry,Non-Fatal Injury,Pedestrian Collisions,Driver,40 to 44,,0,North,"Automobile, Station Wagon",Turning Right,Driving Properly,Normal, , , , , , ,1,0,1,0,0,0,0,0,0,0,0,0,0,0
1065860,2008,10,3,6,41,4,43.65024538,-79.48049029,Parkdale-High Park (13),13,Runnymede-Bloor West Village (89),89,D11,Etobicoke York,BLOOR ST W,WINDERMERE AVE, ,Major Arterial,Intersection,At Intersection,Traffic Signal,Clear,Dawn,Dry,Non-Fatal Injury,Pedestrian Collisions,Pedestrian,55 to 59,Major,0, ,Other, , , ,Vehicle turns right while ped crosses without ROW at inter.,Crossing without right of way,Normal, , , ,1,0,1,0,0,0,0,0,0,0,0,0,0,0
1344102,2013,1,16,6,42,2,43.66724538,-79.44419029,Davenport (18),18,Dovercourt-Wallace Emerson-Junction (93),93,D11,Toronto East York,DUPONT ST,EMERSON AVE, ,Major Arterial,Intersection,At Intersection,No Control,Clear,"Dark, artificial",Dry,Non-Fatal Injury,Turning Movement,Driver,60 to 64,Major,0,East,"Automobile, Station Wagon",Turning Left,Improper Turn,Normal, , , , , , ,0,0,1,0,0,0,0,0,0,0,0,0,0,0
1344102,2013,1,16,6,42,2,43.66724538,-79.44419029,Davenport (18),18,Dovercourt-Wallace Emerson-Junction (93),93,D11,Toronto East York,DUPONT ST,EMERSON AVE, ,Major Arterial,Intersection,At Intersection,No Control,Clear,"Dark, artificial",Dry,Non-Fatal Injury,Turning Movement,Driver,50 to 54,Minimal,0,West,"Automobile, Station Wagon",Going Ahead,Driving Properly,Normal, , , , , , ,0,0,1,0,0,0,0,0,0,0,0,0,0,0
962132,2007,3,31,6,43,5,43.75114538,-79.28629029,Scarborough Centre (37),37,Dorset Park (126),126,D41,Scarborough,BIRCHMOUNT RD,MERRYFIELD DR, ,Major Arterial,Mid-Block, ,No Control,Clear,Dawn,Dry,Fatal,Approaching,Vehicle Owner,unknown, ,0, ,Other, , , , , , , , , ,0,0,1,0,0,0,0,0,0,1,0,0,0,1
962132,2007,3,31,6,43,5,43.75114538,-79.28629029,Scarborough Centre (37),37,Dorset Park (126),126,D41,Scarborough,BIRCHMOUNT RD,MERRYFIELD DR, ,Major Arterial,Mid-Block, ,No Control,Clear,Dawn,Dry,Fatal,Approaching,Driver,30 to 34,Fatal,0,North,"Automobile, Station Wagon",Going Ahead,Improper Passing,Unknown, , , , , , ,0,0,1,0,0,0,0,0,0,1,0,0,0,1
962132,2007,3,31,6,43,5,43.75114538,-79.28629029,Scarborough Centre (37),37,Dorset Park (126),126,D41,Scarborough,BIRCHMOUNT RD,MERRYFIELD DR, ,Major Arterial,Mid-Block, ,No Control,Clear,Dawn,Dry,Fatal,Approaching,Driver,40 to 44,Minimal,0,South,"Automobile, Station Wagon",Going Ahead,Driving Properly,Normal, , , , , , ,0,0,1,0,0,0,0,0,0,1,0,0,0,1
1001270,2007,11,8,6,43,3,43.74114538,-79.58939029,Etobicoke North (1),1,Mount Olive-Silverstone-Jamestown (2),2,D23,Etobicoke York,ALBION RD,MARTIN GROVE N ALBION E RAMP, ,Major Arterial,Intersection,At Intersection,No Control,Clear,Daylight,Dry,Non-Fatal Injury,Pedestrian Collisions,Pedestrian,45 to 49,Major,0,South,Other, , , ,Vehicle is going straight thru inter.while ped cross without ROW,"Crossing, no Traffic Control",Normal, , , ,1,0,1,0,0,0,0,0,0,0,0,0,0,0
1001270,2007,11,8,6,43,3,43.74114538,-79.58939029,Etobicoke North (1),1,Mount Olive-Silverstone-Jamestown (2),2,D23,Etobicoke York,ALBION RD,MARTIN GROVE N ALBION E RAMP, ,Major Arterial,Intersection,At Intersection,No Control,Clear,Daylight,Dry,Non-Fatal Injury,Pedestrian Collisions,Driver,25 to 29,,0,West,"Automobile, Station Wagon",Going Ahead,Driving Properly,Unknown, , , , , , ,1,0,1,0,0,0,0,0,0,0,0,0,0,0
1327099,2012,11,23,6,43,4,43.67154654,-79.44829188,Davenport (17),17,Dovercourt-Wallace Emerson-Junction (93),93,D13,Etobicoke York,DAVENPORT RD,LANSDOWNE AVE, ,Minor Arterial,Intersection,At Intersection,Traffic Signal,Clear,"Dark, artificial",Dry,Fatal,Cyclist Collisions,Cyclist,35 to 39,Fatal,39,North,Bicycle,Going Ahead, , , , , ,"Cyclist without ROW rides into path of motorist at inter, lnwy, dwy-Cyclist not turn.", , ,0,1,1,0,0,0,0,0,0,1,1,0,0,1
1327099,2012,11,23,6,43,4,43.67154654,-79.44829188,Davenport (17),17,Dovercourt-Wallace Emerson-Junction (93),93,D13,Etobicoke York,DAVENPORT RD,LANSDOWNE AVE, ,Minor Arterial,Intersection,At Intersection,Traffic Signal,Clear,"Dark, artificial",Dry,Fatal,Cyclist Collisions,Driver,60 to 64,,0,East,Passenger Van,Going Ahead,Disobeyed Traffic Control,Normal, , , , , , ,0,1,1,0,0,0,0,0,0,1,1,0,0,1
1327099,2012,11,23,6,43,4,43.67154654,-79.44829188,Davenport (17),17,Dovercourt-Wallace Emerson-Junction (93),93,D13,Etobicoke York,DAVENPORT RD,LANSDOWNE AVE, ,Minor Arterial,Intersection,At Intersection,Traffic Signal,Clear,"Dark, artificial",Dry,Fatal,Cyclist Collisions,Driver,20 to 24,,0,West,"Automobile, Station Wagon",Going Ahead,Driving Properly,Unknown, , , , , , ,0,1,1,0,0,0,0,0,0,1,1,0,0,1
4001533324,2014,2,15,6,43,5,43.71665915,-79.29927454,Scarborough Southwest (35),35,Clairlea-Birchmount (120),120,D41,No District,VICTORIA PARK AVE,PARMA CRT,8 m North of,Major Arterial,Intersection,Non Intersection,Traffic Signal,Clear,Dawn,Dry,Non-Fatal Injury,Approaching,Driver,20 to 24,Minor,0,North,"Automobile, Station Wagon",Going Ahead,Lost control,Fatigue, , , , , , ,0,0,1,0,0,0,0,1,0,0,0,0,0,0
4001533324,2014,2,15,6,43,5,43.71665915,-79.29927454,Scarborough Southwest (35),35,Clairlea-Birchmount (120),120,D41,No District,VICTORIA PARK AVE,PARMA CRT,8 m North of,Major Arterial,Intersection,Non Intersection,Traffic Signal,Clear,Dawn,Dry,Non-Fatal Injury,Approaching,Driver,40 to 44,Major,0,South,"Automobile, Station Wagon",Going Ahead,Driving Properly,Normal, , , , , , ,0,0,1,0,0,0,0,1,0,0,0,0,0,0
4001533324,2014,2,15,6,43,5,43.71665915,-79.29927454,Scarborough Southwest (35),35,Clairlea-Birchmount (120),120,D41,No District,VICTORIA PARK AVE,PARMA CRT,8 m North of,Major Arterial,Intersection,Non Intersection,Traffic Signal,Clear,Dawn,Dry,Non-Fatal Injury,Approaching,Passenger,15 to 19,Minimal,0, , , , , , , , , , , ,0,0,1,0,0,0,0,1,0,0,0,0,0,0
4001533324,2014,2,15,6,43,5,43.71665915,-79.29927454,Scarborough Southwest (35),35,Clairlea-Birchmount (120),120,D41,No District,VICTORIA PARK AVE,PARMA CRT,8 m North of,Major Arterial,Intersection,Non Intersection,Traffic Signal,Clear,Dawn,Dry,Non-Fatal Injury,Approaching,Passenger,15 to 19,Minimal,0, , , , , , , , , , , ,0,0,1,0,0,0,0,1,0,0,0,0,0,0
4002906646,2014,9,14,6,43,6,43.71701391,-79.53727351,York West (7),7,Pelmo Park-Humberlea (23),23,D31,Etobicoke York,WALSH AVE,WESTON N WALSH RAMP, ,Major Arterial,Intersection,At Intersection,Traffic Signal,Clear,Daylight,Dry,Non-Fatal Injury,Turning Movement,Driver,60 to 64,Minor,0,North,"Automobile, Station Wagon",Turning Left,Disobeyed Traffic Control,Normal, , , , , , ,0,0,1,0,0,0,0,0,0,1,1,0,0,0
4002906646,2014,9,14,6,43,6,43.71701391,-79.53727351,York West (7),7,Pelmo Park-Humberlea (23),23,D31,Etobicoke York,WALSH AVE,WESTON N WALSH RAMP, ,Major Arterial,Intersection,At Intersection,Traffic Signal,Clear,Daylight,Dry,Non-Fatal Injury,Turning Movement,Driver,65 to 69,Major,0,East,"Automobile, Station Wagon",Going Ahead,Driving Properly,Normal, , , , , , ,0,0,1,0,0,0,0,0,0,1,1,0,0,0
4002017268,2014,5,5,6,44,0,43.68340643,-79.31184778,Beaches-East York (32),32,Woodbine Corridor (64),64,D55,Toronto East York,WOODBINE AVE,MERRILL AVE E, ,Major Arterial,Intersection,Intersection Related,Stop Sign,Clear,Daylight,Dry,Non-Fatal Injury,Cyclist Collisions,Driver,25 to 29,,0,East,"Automobile, Station Wagon",Turning Left,Failed to Yield Right of Way,Normal, , , , , , ,0,1,1,0,0,0,0,1,0,1,0,0,0,0
4002017268,2014,5,5,6,44,0,43.68340643,-79.31184778,Beaches-East York (32),32,Woodbine Corridor (64),64,D55,Toronto East York,WOODBINE AVE,MERRILL AVE E, ,Major Arterial,Intersection,Intersection Related,Stop Sign,Clear,Daylight,Dry,Non-Fatal Injury,Cyclist Collisions,Passenger,25 to 29,,0, , , , , , , , , , , ,0,1,1,0,0,0,0,1,0,1,0,0,0,0
4002017268,2014,5,5,6,44,0,43.68340643,-79.31184778,Beaches-East York (32),32,Woodbine Corridor (64),64,D55,Toronto East York,WOODBINE AVE,MERRILL AVE E, ,Major Arterial,Intersection,Intersection Related,Stop Sign,Clear,Daylight,Dry,Non-Fatal Injury,Cyclist Collisions,Passenger,unknown,,0, , , , , , , , , , , ,0,1,1,0,0,0,0,1,0,1,0,0,0,0
4002017268,2014,5,5,6,44,0,43.68340643,-79.31184778,Beaches-East York (32),32,Woodbine Corridor (64),64,D55,Toronto East York,WOODBINE AVE,MERRILL AVE E, ,Major Arterial,Intersection,Intersection Related,Stop Sign,Clear,Daylight,Dry,Non-Fatal Injury,Cyclist Collisions,Passenger,unknown,,0, , , , , , , , , , , ,0,1,1,0,0,0,0,1,0,1,0,0,0,0
4002017268,2014,5,5,6,44,0,43.68340643,-79.31184778,Beaches-East York (32),32,Woodbine Corridor (64),64,D55,Toronto East York,WOODBINE AVE,MERRILL AVE E, ,Major Arterial,Intersection,Intersection Related,Stop Sign,Clear,Daylight,Dry,Non-Fatal Injury,Cyclist Collisions,Cyclist,55 to 59,Major,0,South,Bicycle,Going Ahead, , , , , ,Motorist turned left across cyclists path.,Driving Properly,Normal,0,1,1,0,0,0,0,1,0,1,0,0,0,0
4003112757,2014,10,16,6,44,3,43.73522528,-79.27986536,Scarborough Centre (37),37,Wexford/Maryvale (119),119,D41,Scarborough,BERTRAND AVE,BIRCHMOUNT RD, ,Major Arterial,Intersection,At Intersection,Traffic Signal,Clear,"Dark, artificial",Dry,Non-Fatal Injury,Pedestrian Collisions,Driver,65 to 69,,0,East,"Automobile, Station Wagon",Turning Left,Failed to Yield Right of Way,Normal, , , , , , ,1,0,1,0,0,0,0,0,0,1,0,0,0,0
4003112757,2014,10,16,6,44,3,43.73522528,-79.27986536,Scarborough Centre (37),37,Wexford/Maryvale (119),119,D41,Scarborough,BERTRAND AVE,BIRCHMOUNT RD, ,Major Arterial,Intersection,At Intersection,Traffic Signal,Clear,"Dark, artificial",Dry,Non-Fatal Injury,Pedestrian Collisions,Pedestrian,55 to 59,Major,0,West, , , , ,Vehicle turns left while ped crosses with ROW at inter.,Crossing with right of way,Normal, , , ,1,0,1,0,0,0,0,0,0,1,0,0,0,0
2015275153,2015,2,16,6,44,0,43.81212958,-79.3019372,Scarborough-Agincourt (39),39,Milliken (130),130,D42,Scarborough,KENNEDY RD,MCNICOLL AVE, ,Major Arterial,Intersection,At Intersection,Traffic Signal,Clear,Dawn,Dry,Fatal,Pedestrian Collisions,Driver,35 to 39,,0,North,"Automobile, Station Wagon",Going Ahead,Disobeyed Traffic Control,Normal, , , , , , ,1,0,1,0,0,0,0,0,0,1,1,0,0,1
2015275153,2015,2,16,6,44,0,43.81212958,-79.3019372,Scarborough-Agincourt (39),39,Milliken (130),130,D42,Scarborough,KENNEDY RD,MCNICOLL AVE, ,Major Arterial,Intersection,At Intersection,Traffic Signal,Clear,Dawn,Dry,Fatal,Pedestrian Collisions,Pedestrian,65 to 69,Fatal,6,East, , , , ,Vehicle is going straight thru inter.while ped cross with ROW,Crossing with right of way,Unknown, , , ,1,0,1,0,0,0,0,0,0,1,1,0,0,1
968131,2007,5,7,6,45,0,43.77394538,-79.26839029,Scarborough Centre (37),37,Bendale (127),127,D41,Scarborough,330 PROGRESS AVE, , ,Minor Arterial,Mid-Block, ,No Control,Clear,Daylight,Dry,Non-Fatal Injury,Rear End,Vehicle Owner,unknown,,0, ,Other, , , , , , , , , ,0,0,1,0,0,0,0,1,0,0,0,1,0,0