ACCNUM,YEAR,MONTH,DAY,HOUR,MINUTES,WEEKDAY,LATITUDE,LONGITUDE,Ward_Name,Ward_ID,Hood_Name,Hood_ID,Division,District,STREET1,STREET2,OFFSET,ROAD_CLASS,LOCCOORD,ACCLOC,TRAFFCTL,VISIBILITY,LIGHT,RDSFCOND,ACCLASS,IMPACTYPE,INVTYPE,INVAGE,INJURY,FATAL_NO,INITDIR,VEHTYPE,MANOEUVER,DRIVACT,DRIVCOND,PEDTYPE,PEDACT,PEDCOND,CYCLISTYPE,CYCACT,CYCCOND,PEDESTRIAN,CYCLIST,AUTOMOBILE,MOTORCYCLE,TRUCK,TRSN_CITY_VEH,EMERG_VEH,PASSENGER,SPEEDING,AG_DRIV,REDLIGHT,ALCOHOL,DISABILITY,label
968131,2007,5,7,6,45,0,43.77394538,-79.26839029,Scarborough Centre (37),37,Bendale (127),127,D41,Scarborough,330 PROGRESS AVE, , ,Minor Arterial,Mid-Block, ,No Control,Clear,Daylight,Dry,Non-Fatal Injury,Rear End,Passenger,45 to 49,Minor,0, ,Other, , , , , , , , , ,0,0,1,0,0,0,0,1,0,0,0,1,0,0
968131,2007,5,7,6,45,0,43.77394538,-79.26839029,Scarborough Centre (37),37,Bendale (127),127,D41,Scarborough,330 PROGRESS AVE, , ,Minor Arterial,Mid-Block, ,No Control,Clear,Daylight,Dry,Non-Fatal Injury,Rear End,Driver,40 to 44,Minor,0,East,"Automobile, Station Wagon",Stopped,Driving Properly,Normal, , , , , , ,0,0,1,0,0,0,0,1,0,0,0,1,0,0
968131,2007,5,7,6,45,0,43.77394538,-79.26839029,Scarborough Centre (37),37,Bendale (127),127,D41,Scarborough,330 PROGRESS AVE, , ,Minor Arterial,Mid-Block, ,No Control,Clear,Daylight,Dry,Non-Fatal Injury,Rear End,Vehicle Owner,unknown,,0, ,Other, , , , , , , , , ,0,0,1,0,0,0,0,1,0,0,0,1,0,0
968131,2007,5,7,6,45,0,43.77394538,-79.26839029,Scarborough Centre (37),37,Bendale (127),127,D41,Scarborough,330 PROGRESS AVE, , ,Minor Arterial,Mid-Block, ,No Control,Clear,Daylight,Dry,Non-Fatal Injury,Rear End,Driver,25 to 29,Major,0,East,"Automobile, Station Wagon",Going Ahead,Lost control,"Ability Impaired, Alcohol", , , , , , ,0,0,1,0,0,0,0,1,0,0,0,1,0,0
1016775,2008,1,23,6,45,2,43.75784538,-79.60339029,Etobicoke North (1),1,West Humber-Clairville (1),1,D23,Etobicoke York,MARTIN GROVE RD,STEELES AVE W, ,Major Arterial,Intersection,At Intersection,Traffic Signal,Clear,Dark,Dry,Non-Fatal Injury,Pedestrian Collisions,Driver,30 to 34,,0,South,"Automobile, Station Wagon",Going Ahead,Driving Properly,Normal, , , , , , ,1,0,1,0,0,0,0,0,0,0,0,0,0,0
1016775,2008,1,23,6,45,2,43.75784538,-79.60339029,Etobicoke North (1),1,West Humber-Clairville (1),1,D23,Etobicoke York,MARTIN GROVE RD,STEELES AVE W, ,Major Arterial,Intersection,At Intersection,Traffic Signal,Clear,Dark,Dry,Non-Fatal Injury,Pedestrian Collisions,Pedestrian,50 to 54,Major,0,West,Other, , , ,Vehicle is going straight thru inter.while ped cross without ROW,Crossing marked crosswalk without ROW,Inattentive, , , ,1,0,1,0,0,0,0,0,0,0,0,0,0,0
1296801,2012,6,1,6,45,4,43.68829687,-79.48283778,York South-Weston (12),12,Keelesdale-Eglinton West (110),110,D12,Etobicoke York,BLACK CREEK DR,EGLINTON AVE W, ,Major Arterial,Intersection,At Intersection,Traffic Signal,Rain,Daylight,Wet,Non-Fatal Injury,Angle,Vehicle Owner,unknown, ,0, , , , , , , , , , , ,0,0,1,0,0,0,0,1,0,1,1,0,0,0
1296801,2012,6,1,6,45,4,43.68829687,-79.48283778,York South-Weston (12),12,Keelesdale-Eglinton West (110),110,D12,Etobicoke York,BLACK CREEK DR,EGLINTON AVE W, ,Major Arterial,Intersection,At Intersection,Traffic Signal,Rain,Daylight,Wet,Non-Fatal Injury,Angle,Driver,50 to 54,,0,East,"Automobile, Station Wagon",Going Ahead,Driving Properly,Normal, , , , , , ,0,0,1,0,0,0,0,1,0,1,1,0,0,0
1296801,2012,6,1,6,45,4,43.68829687,-79.48283778,York South-Weston (12),12,Keelesdale-Eglinton West (110),110,D12,Etobicoke York,BLACK CREEK DR,EGLINTON AVE W, ,Major Arterial,Intersection,At Intersection,Traffic Signal,Rain,Daylight,Wet,Non-Fatal Injury,Angle,Passenger,55 to 59,Major,0, , , , , , , , , , , ,0,0,1,0,0,0,0,1,0,1,1,0,0,0
1296801,2012,6,1,6,45,4,43.68829687,-79.48283778,York South-Weston (12),12,Keelesdale-Eglinton West (110),110,D12,Etobicoke York,BLACK CREEK DR,EGLINTON AVE W, ,Major Arterial,Intersection,At Intersection,Traffic Signal,Rain,Daylight,Wet,Non-Fatal Injury,Angle,Driver,45 to 49,Minor,0,South,"Automobile, Station Wagon",Going Ahead,Disobeyed Traffic Control,Normal, , , , , , ,0,0,1,0,0,0,0,1,0,1,1,0,0,0
1296801,2012,6,1,6,45,4,43.68829687,-79.48283778,York South-Weston (12),12,Keelesdale-Eglinton West (110),110,D12,Etobicoke York,BLACK CREEK DR,EGLINTON AVE W, ,Major Arterial,Intersection,At Intersection,Traffic Signal,Rain,Daylight,Wet,Non-Fatal Injury,Angle,Vehicle Owner,unknown, ,0, , , , , , , , , , , ,0,0,1,0,0,0,0,1,0,1,1,0,0,0
1296801,2012,6,1,6,45,4,43.68829687,-79.48283778,York South-Weston (12),12,Keelesdale-Eglinton West (110),110,D12,Etobicoke York,BLACK CREEK DR,EGLINTON AVE W, ,Major Arterial,Intersection,At Intersection,Traffic Signal,Rain,Daylight,Wet,Non-Fatal Injury,Angle,Driver,40 to 44,Minor,0,East,"Automobile, Station Wagon",Going Ahead,Driving Properly,Normal, , , , , , ,0,0,1,0,0,0,0,1,0,1,1,0,0,0
4003298111,2014,11,14,6,45,4,43.71835287,-79.42955408,Eglinton-Lawrence (16),16,Bedford Park-Nortown (39),39,D53,North York,BATHURST ST,FAIRHOLME AVE,5 m North of,Major Arterial,Intersection,At Intersection,No Control,Clear,"Dawn, artificial",Dry,Non-Fatal Injury,Pedestrian Collisions,Driver,60 to 64,,0,North,"Automobile, Station Wagon",Turning Left,Failed to Yield Right of Way,Inattentive, , , , , , ,1,0,1,0,0,0,0,0,0,1,0,0,0,0
4003298111,2014,11,14,6,45,4,43.71835287,-79.42955408,Eglinton-Lawrence (16),16,Bedford Park-Nortown (39),39,D53,North York,BATHURST ST,FAIRHOLME AVE,5 m North of,Major Arterial,Intersection,At Intersection,No Control,Clear,"Dawn, artificial",Dry,Non-Fatal Injury,Pedestrian Collisions,Pedestrian,50 to 54,Major,0,North, , , , ,Vehicle turns left while ped crosses with ROW at inter.,Crossing with right of way,Normal, , , ,1,0,1,0,0,0,0,0,0,1,0,0,0,0
2015406927,2015,3,10,6,45,1,43.68923147,-79.33273707,Toronto-Danforth (29),29,Danforth East York (59),59,D54,Toronto East York,452 MORTIMER AVE, , ,Minor Arterial,Intersection, ,No Control,Clear,"Dawn, artificial",Wet,Fatal,Pedestrian Collisions,Pedestrian,85 to 89,Fatal,10,South, , , , ,Pedestrian hit at mid-block,"Crossing, no Traffic Control",Unknown, , , ,1,0,1,0,0,0,0,0,0,0,0,0,0,1
2015406927,2015,3,10,6,45,1,43.68923147,-79.33273707,Toronto-Danforth (29),29,Danforth East York (59),59,D54,Toronto East York,452 MORTIMER AVE, , ,Minor Arterial,Intersection, ,No Control,Clear,"Dawn, artificial",Wet,Fatal,Pedestrian Collisions,Driver,75 to 79,,0,West,"Automobile, Station Wagon",Going Ahead,Driving Properly,Inattentive, , , , , , ,1,0,1,0,0,0,0,0,0,0,0,0,0,1
7000769510,2017,5,2,6,45,1,43.72806891,-79.57461176,Etobicoke North (2),2,Rexdale-Kipling (4),4,D23,Etobicoke York,WESTHUMBER BLVD,KIPLING AVE, ,Collector,Intersection,At Intersection,Traffic Signal,Clear,"Dawn, artificial",Dry,Non-Fatal Injury,Cyclist Collisions,Driver,45 to 49,,0,East,"Automobile, Station Wagon",Turning Right,Improper Turn,Inattentive, , , , , , ,0,1,1,0,0,0,0,0,0,0,0,0,0,0
7000769510,2017,5,2,6,45,1,43.72806891,-79.57461176,Etobicoke North (2),2,Rexdale-Kipling (4),4,D23,Etobicoke York,WESTHUMBER BLVD,KIPLING AVE, ,Collector,Intersection,At Intersection,Traffic Signal,Clear,"Dawn, artificial",Dry,Non-Fatal Injury,Cyclist Collisions,Cyclist,60 to 64,Major,0,West,Bicycle,Going Ahead, , , , , ,Motorist turning right on red at signalized intersection strikes cyclist.,Driving Properly,Normal,0,1,1,0,0,0,0,0,0,0,0,0,0,0
7001784038,2017,10,2,6,45,0,43.69784506,-79.45109949,Eglinton-Lawrence (15),15,Briar Hill-Belgravia (108),108,D13,North York,WHITMORE AVE,DUFFERIN ST, ,Major Arterial,Intersection,At Intersection,Traffic Signal,Clear,Daylight,Dry,Non-Fatal Injury,Pedestrian Collisions,Driver,35 to 39,,0,North,"Automobile, Station Wagon",Going Ahead,Driving Properly,Normal, , , , , , ,1,0,1,0,0,0,0,0,1,1,0,0,0,0
7001784038,2017,10,2,6,45,0,43.69784506,-79.45109949,Eglinton-Lawrence (15),15,Briar Hill-Belgravia (108),108,D13,North York,WHITMORE AVE,DUFFERIN ST, ,Major Arterial,Intersection,At Intersection,Traffic Signal,Clear,Daylight,Dry,Non-Fatal Injury,Pedestrian Collisions,Pedestrian,35 to 39,Major,0,East, , , , ,Vehicle is going straight thru inter.while ped cross without ROW,Crossing marked crosswalk without ROW,Inattentive, , , ,1,0,1,0,0,0,0,0,1,1,0,0,0,0
5002127671,2015,12,12,6,46,5,43.65267142,-79.37807856,Toronto Centre-Rosedale (28),28,Church-Yonge Corridor (75),75,D51,Toronto East York,QUEEN ST E,VICTORIA ST,2 m West of,Major Arterial,Intersection,Intersection Related,Traffic Signal,Clear,"Dark, artificial",Dry,Non-Fatal Injury,Pedestrian Collisions,Driver,45 to 49,,0,West,Pick Up Truck,Going Ahead,Driving Properly,Normal, , , , , , ,1,0,1,0,0,0,0,0,0,0,0,0,0,0
5002127671,2015,12,12,6,46,5,43.65267142,-79.37807856,Toronto Centre-Rosedale (28),28,Church-Yonge Corridor (75),75,D51,Toronto East York,QUEEN ST E,VICTORIA ST,2 m West of,Major Arterial,Intersection,Intersection Related,Traffic Signal,Clear,"Dark, artificial",Dry,Non-Fatal Injury,Pedestrian Collisions,Pedestrian,40 to 44,Major,0,Unknown, , , , ,Other / Undefined,Other,Medical or Physical Disability, , , ,1,0,1,0,0,0,0,0,0,0,0,0,0,0
1014571,2007,12,31,6,47,0,43.77334538,-79.53179029,York West (8),8,Black Creek (24),24,D31,North York,STEELES AVE W,NORFINCH DR, ,Major Arterial,Intersection,At Intersection,Traffic Signal,Snow,Dark,Loose Snow,Non-Fatal Injury,Sideswipe,Driver,65 to 69,Major,0,East,"Automobile, Station Wagon",Going Ahead,Speed too Fast For Condition,Normal, , , , , , ,0,0,1,0,0,0,0,0,1,1,0,0,0,0
1014571,2007,12,31,6,47,0,43.77334538,-79.53179029,York West (8),8,Black Creek (24),24,D31,North York,STEELES AVE W,NORFINCH DR, ,Major Arterial,Intersection,At Intersection,Traffic Signal,Snow,Dark,Loose Snow,Non-Fatal Injury,Sideswipe,Driver,45 to 49,Major,0,East,"Automobile, Station Wagon",Slowing or Stopping,Driving Properly,Normal, , , , , , ,0,0,1,0,0,0,0,0,1,1,0,0,0,0
1305424,2012,6,5,6,47,1,43.67124538,-79.37639029,Toronto Centre-Rosedale (28),28,North St.James Town (74),74,D51,Toronto East York,SHERBOURNE ST,HOWARD ST, ,Minor Arterial,Intersection,At Intersection,Traffic Signal,Clear,Daylight,Dry,Non-Fatal Injury,Other,Vehicle Owner,unknown, ,0, ,Other, , , , , , , , , ,0,0,0,0,0,1,0,1,0,0,0,0,0,0
1305424,2012,6,5,6,47,1,43.67124538,-79.37639029,Toronto Centre-Rosedale (28),28,North St.James Town (74),74,D51,Toronto East York,SHERBOURNE ST,HOWARD ST, ,Minor Arterial,Intersection,At Intersection,Traffic Signal,Clear,Daylight,Dry,Non-Fatal Injury,Other,Driver,55 to 59,,0,North,Municipal Transit Bus (TTC),Slowing or Stopping,Driving Properly,Normal, , , , , , ,0,0,0,0,0,1,0,1,0,0,0,0,0,0
1305424,2012,6,5,6,47,1,43.67124538,-79.37639029,Toronto Centre-Rosedale (28),28,North St.James Town (74),74,D51,Toronto East York,SHERBOURNE ST,HOWARD ST, ,Minor Arterial,Intersection,At Intersection,Traffic Signal,Clear,Daylight,Dry,Non-Fatal Injury,Other,Passenger,65 to 69,Major,0, ,Other, , , , , , , , , ,0,0,0,0,0,1,0,1,0,0,0,0,0,0
1316385,2012,9,13,6,47,3,43.76444538,-79.31809029,Scarborough-Agincourt (40),40,Wexford/Maryvale (119),119,D41,Scarborough,VICTORIA PARK AVE,TERRAVIEW BLVD, ,Major Arterial,Intersection, ,No Control,Clear,Daylight,Dry,Non-Fatal Injury,Pedestrian Collisions,Motorcycle Driver,20 to 24,Minor,0,North,Motorcycle,Going Ahead,Driving Properly,Normal, , , , , , ,1,0,0,1,0,0,0,0,0,0,0,0,0,0
1316385,2012,9,13,6,47,3,43.76444538,-79.31809029,Scarborough-Agincourt (40),40,Wexford/Maryvale (119),119,D41,Scarborough,VICTORIA PARK AVE,TERRAVIEW BLVD, ,Major Arterial,Intersection, ,No Control,Clear,Daylight,Dry,Non-Fatal Injury,Pedestrian Collisions,Pedestrian,45 to 49,Major,0,West,Other, , , ,Pedestrian hit at mid-block,Running onto Roadway,Normal, , , ,1,0,0,1,0,0,0,0,0,0,0,0,0,0
1118330,2009,6,29,6,48,0,43.71744538,-79.53839029,York West (7),7,Pelmo Park-Humberlea (23),23,D31,Etobicoke York,ALBION RD,WESTON RD, ,Major Arterial,Mid-Block, ,No Control,Clear,Daylight,Dry,Non-Fatal Injury,SMV Other,Driver,30 to 34,Major,0,East,"Automobile, Station Wagon",Going Ahead,Lost control,Medical or Physical Disability, , , , , , ,0,0,1,0,0,0,0,0,0,0,0,0,1,0
1118330,2009,6,29,6,48,0,43.71744538,-79.53839029,York West (7),7,Pelmo Park-Humberlea (23),23,D31,Etobicoke York,ALBION RD,WESTON RD, ,Major Arterial,Mid-Block, ,No Control,Clear,Daylight,Dry,Non-Fatal Injury,SMV Other,Other Property Owner,unknown, ,0, ,Other, , , , , , , , , ,0,0,1,0,0,0,0,0,0,0,0,0,1,0
5000669908,2015,4,23,6,48,3,43.81220587,-79.22574244,Scarborough-Rouge River (42),42,Malvern (132),132,D42,Scarborough,NEILSON RD,CROW TRL, ,Minor Arterial,Intersection,At Intersection,Traffic Signal,Clear,Daylight,Dry,Non-Fatal Injury,Pedestrian Collisions,Driver,60 to 64,,0,North,"Automobile, Station Wagon",Going Ahead,Driving Properly,Normal, , , , , , ,1,0,1,0,0,0,0,0,0,0,0,0,0,0
5000669908,2015,4,23,6,48,3,43.81220587,-79.22574244,Scarborough-Rouge River (42),42,Malvern (132),132,D42,Scarborough,NEILSON RD,CROW TRL, ,Minor Arterial,Intersection,At Intersection,Traffic Signal,Clear,Daylight,Dry,Non-Fatal Injury,Pedestrian Collisions,Pedestrian,65 to 69,Major,0,West, , , , ,Vehicle is going straight thru inter.while ped cross without ROW,Crossing without right of way,Normal, , , ,1,0,1,0,0,0,0,0,0,0,0,0,0,0
6000800445,2016,5,10,6,48,1,43.75321921,-79.53622065,York West (7),7,Humbermede (22),22,D31,Etobicoke York,FINCH AVE W,SIGNET DR,25 m East of,Major Arterial,Intersection,At Intersection,Traffic Signal,Clear,Daylight,Dry,Non-Fatal Injury,Cyclist Collisions,Cyclist,30 to 34,Minimal,0,East,Bicycle,Going Ahead, , , , , ,Cyclist and Driver travelling in same direction. One vehicle sideswipes the other.,Lost control,Normal,0,1,1,0,0,0,0,0,0,0,0,0,0,0
6000800445,2016,5,10,6,48,1,43.75321921,-79.53622065,York West (7),7,Humbermede (22),22,D31,Etobicoke York,FINCH AVE W,SIGNET DR,25 m East of,Major Arterial,Intersection,At Intersection,Traffic Signal,Clear,Daylight,Dry,Non-Fatal Injury,Cyclist Collisions,Driver,30 to 34,Major,0,East,"Automobile, Station Wagon",Going Ahead,Driving Properly,Normal, , , , , , ,0,1,1,0,0,0,0,0,0,0,0,0,0,0
6002071995,2016,11,22,6,49,1,43.71610983,-79.28273402,Scarborough Southwest (35),35,Clairlea-Birchmount (120),120,D41,Scarborough,DEANS DR,WARDEN AVE, ,Major Arterial,Intersection,At Intersection,Traffic Signal,Clear,"Dark, artificial",Wet,Non-Fatal Injury,Pedestrian Collisions,Driver,35 to 39,,0,East,"Automobile, Station Wagon",Turning Left,Improper Turn,Inattentive, , , , , , ,1,0,1,0,0,0,0,1,0,0,0,0,0,0
6002071995,2016,11,22,6,49,1,43.71610983,-79.28273402,Scarborough Southwest (35),35,Clairlea-Birchmount (120),120,D41,Scarborough,DEANS DR,WARDEN AVE, ,Major Arterial,Intersection,At Intersection,Traffic Signal,Clear,"Dark, artificial",Wet,Non-Fatal Injury,Pedestrian Collisions,Pedestrian,70 to 74,Major,0,West, , , , ,Vehicle turns left while ped crosses with ROW at inter.,Crossing with right of way,Normal, , , ,1,0,1,0,0,0,0,1,0,0,0,0,0,0
6002071995,2016,11,22,6,49,1,43.71610983,-79.28273402,Scarborough Southwest (35),35,Clairlea-Birchmount (120),120,D41,Scarborough,DEANS DR,WARDEN AVE, ,Major Arterial,Intersection,At Intersection,Traffic Signal,Clear,"Dark, artificial",Wet,Non-Fatal Injury,Pedestrian Collisions,Passenger,50 to 54,,0, , , , , , , , , , , ,1,0,1,0,0,0,0,1,0,0,0,0,0,0
999852,2007,10,23,6,50,1,43.75824538,-79.41009029,Willowdale (23),23,Willowdale East (51),51,D32,North York,YONGE ST,AVONDALE AVE, ,Major Arterial,Intersection,At Intersection,Traffic Signal,Rain,Dark,Wet,Non-Fatal Injury,Pedestrian Collisions,Vehicle Owner,unknown, ,0, ,Other, , , , , , , , , ,1,0,1,0,0,0,0,0,0,1,0,0,0,0
142879736,2014,9,10,6,20,2,43.65538748,-79.37986384,Toronto Centre-Rosedale (27),27,Church-Yonge Corridor (75),75,D51,Toronto East York,OKEEFE LANE,DUNDAS SQ, ,Local,Mid-Block, ,No Control,Clear,"Dark, artificial",Dry,Fatal,Pedestrian Collisions,Pedestrian,25 to 29,Fatal,27,Unknown, , , , ,Vehicle is reversing and hits pedestrian,Other,Had Been Drinking, , , ,1,0,0,0,1,0,0,0,0,0,0,0,0,1
7000802019,2017,5,7,6,20,6,43.65780238,-79.35468729,Toronto Centre-Rosedale (28),28,Regent Park (72),72,D51,Toronto East York,KING ST E,QUEEN ST E,21 m East of,Major Arterial,Mid-Block,Non Intersection,Stop Sign,Clear,"Daylight, artificial",Dry,Non-Fatal Injury,Sideswipe,Driver,40 to 44,,0,West,"Automobile, Station Wagon",Going Ahead,Driving Properly,Normal, , , , , , ,0,0,1,0,0,0,0,1,0,0,0,0,0,0
7000802019,2017,5,7,6,20,6,43.65780238,-79.35468729,Toronto Centre-Rosedale (28),28,Regent Park (72),72,D51,Toronto East York,KING ST E,QUEEN ST E,21 m East of,Major Arterial,Mid-Block,Non Intersection,Stop Sign,Clear,"Daylight, artificial",Dry,Non-Fatal Injury,Sideswipe,Driver,45 to 49,Minimal,0,West,"Automobile, Station Wagon",Slowing or Stopping,Driving Properly,Normal, , , , , , ,0,0,1,0,0,0,0,1,0,0,0,0,0,0
7000802019,2017,5,7,6,20,6,43.65780238,-79.35468729,Toronto Centre-Rosedale (28),28,Regent Park (72),72,D51,Toronto East York,KING ST E,QUEEN ST E,21 m East of,Major Arterial,Mid-Block,Non Intersection,Stop Sign,Clear,"Daylight, artificial",Dry,Non-Fatal Injury,Sideswipe,Other,20 to 24,Major,0, , , ,Other,Other, , , , , , ,0,0,1,0,0,0,0,1,0,0,0,0,0,0
7000802019,2017,5,7,6,20,6,43.65780238,-79.35468729,Toronto Centre-Rosedale (28),28,Regent Park (72),72,D51,Toronto East York,KING ST E,QUEEN ST E,21 m East of,Major Arterial,Mid-Block,Non Intersection,Stop Sign,Clear,"Daylight, artificial",Dry,Non-Fatal Injury,Sideswipe,Passenger,20 to 24,Minimal,0, , , , , , , , , , , ,0,0,1,0,0,0,0,1,0,0,0,0,0,0
7000802019,2017,5,7,6,20,6,43.65780238,-79.35468729,Toronto Centre-Rosedale (28),28,Regent Park (72),72,D51,Toronto East York,KING ST E,QUEEN ST E,21 m East of,Major Arterial,Mid-Block,Non Intersection,Stop Sign,Clear,"Daylight, artificial",Dry,Non-Fatal Injury,Sideswipe,Passenger,20 to 24,Minimal,0, , , , , , , , , , , ,0,0,1,0,0,0,0,1,0,0,0,0,0,0
7000802019,2017,5,7,6,20,6,43.65780238,-79.35468729,Toronto Centre-Rosedale (28),28,Regent Park (72),72,D51,Toronto East York,KING ST E,QUEEN ST E,21 m East of,Major Arterial,Mid-Block,Non Intersection,Stop Sign,Clear,"Daylight, artificial",Dry,Non-Fatal Injury,Sideswipe,Passenger,55 to 59,Minimal,0, , , , , , , , , , , ,0,0,1,0,0,0,0,1,0,0,0,0,0,0
7000802019,2017,5,7,6,20,6,43.65780238,-79.35468729,Toronto Centre-Rosedale (28),28,Regent Park (72),72,D51,Toronto East York,KING ST E,QUEEN ST E,21 m East of,Major Arterial,Mid-Block,Non Intersection,Stop Sign,Clear,"Daylight, artificial",Dry,Non-Fatal Injury,Sideswipe,Passenger,25 to 29,Minimal,0, , , , , , , , , , , ,0,0,1,0,0,0,0,1,0,0,0,0,0,0
5001722553,2015,10,6,6,21,1,43.80516012,-79.20087061,Scarborough-Rouge River (42),42,Malvern (132),132,D42,Scarborough,MORNINGSIDE AVE,SHEPPARD AVE E,358 m North of,Major Arterial,Mid-Block,Non Intersection,No Control,Clear,"Dawn, artificial",Dry,Fatal,Rear End,Driver,50 to 54,Fatal,49,South,"Automobile, Station Wagon",Going Ahead,Lost control,Unknown, , , , , , ,0,0,1,0,0,1,0,0,0,0,0,0,0,1
5001722553,2015,10,6,6,21,1,43.80516012,-79.20087061,Scarborough-Rouge River (42),42,Malvern (132),132,D42,Scarborough,MORNINGSIDE AVE,SHEPPARD AVE E,358 m North of,Major Arterial,Mid-Block,Non Intersection,No Control,Clear,"Dawn, artificial",Dry,Fatal,Rear End,Driver,30 to 34,Minimal,0,South,Municipal Transit Bus (TTC),Stopped,Driving Properly,Normal, , , , , , ,0,0,1,0,0,1,0,0,0,0,0,0,0,1
1200942,2010,10,14,6,22,3,43.78614538,-79.47479029,York West (8),8,York University Heights (27),27,D32,North York,STEELES AVE W,GERRY FITZGERALD DR, ,Major Arterial,Intersection,At Intersection,Traffic Signal,Rain,Dark,Wet,Non-Fatal Injury,Pedestrian Collisions,Driver,45 to 49,,0,East,"Automobile, Station Wagon",Going Ahead,Driving Properly,Normal, , , , , , ,1,0,1,0,0,0,0,0,0,0,0,0,0,0
1200942,2010,10,14,6,22,3,43.78614538,-79.47479029,York West (8),8,York University Heights (27),27,D32,North York,STEELES AVE W,GERRY FITZGERALD DR, ,Major Arterial,Intersection,At Intersection,Traffic Signal,Rain,Dark,Wet,Non-Fatal Injury,Pedestrian Collisions,Pedestrian,60 to 64,Major,0,South,Other, , , ,Vehicle is going straight thru inter.while ped cross without ROW,Crossing without right of way,Inattentive, , , ,1,0,1,0,0,0,0,0,0,0,0,0,0,0
1032559,2008,4,8,6,24,1,43.68234538,-79.44479029,Davenport (17),17,Corso Italia-Davenport (92),92,D13,Etobicoke York,HOPE St,DUFFERIN St, ,Major Arterial,Intersection,At Intersection,Traffic Signal,Clear,Dark,Dry,Non-Fatal Injury,Pedestrian Collisions,Driver,40 to 44,,0,East,"Automobile, Station Wagon",Turning Left,Failed to Yield Right of Way,Inattentive, , , , , , ,1,0,1,0,0,0,0,0,0,1,0,0,0,0
1032559,2008,4,8,6,24,1,43.68234538,-79.44479029,Davenport (17),17,Corso Italia-Davenport (92),92,D13,Etobicoke York,HOPE St,DUFFERIN St, ,Major Arterial,Intersection,At Intersection,Traffic Signal,Clear,Dark,Dry,Non-Fatal Injury,Pedestrian Collisions,Pedestrian,65 to 69,Major,0,West,Other, , , ,Vehicle turns left while ped crosses with ROW at inter.,Crossing with right of way,Normal, , , ,1,0,1,0,0,0,0,0,0,1,0,0,0,0
5000001915,2015,1,1,6,24,3,43.70617636,-79.4774972,York South-Weston (12),12,Brookhaven-Amesbury (30),30,D12,Etobicoke York,KEELE ST,COLVILLE RD, ,Major Arterial,Intersection,At Intersection,No Control,Clear,"Dawn, artificial",Dry,Non-Fatal Injury,Approaching,Driver,20 to 24,Major,0,South,"Automobile, Station Wagon",Going Ahead,Lost control,Unknown, , , , , , ,0,0,1,0,0,0,0,1,1,1,0,0,0,0
5000001915,2015,1,1,6,24,3,43.70617636,-79.4774972,York South-Weston (12),12,Brookhaven-Amesbury (30),30,D12,Etobicoke York,KEELE ST,COLVILLE RD, ,Major Arterial,Intersection,At Intersection,No Control,Clear,"Dawn, artificial",Dry,Non-Fatal Injury,Approaching,Driver,30 to 34,Minor,0,North,"Automobile, Station Wagon",Going Ahead,Driving Properly,Normal, , , , , , ,0,0,1,0,0,0,0,1,1,1,0,0,0,0
5000001915,2015,1,1,6,24,3,43.70617636,-79.4774972,York South-Weston (12),12,Brookhaven-Amesbury (30),30,D12,Etobicoke York,KEELE ST,COLVILLE RD, ,Major Arterial,Intersection,At Intersection,No Control,Clear,"Dawn, artificial",Dry,Non-Fatal Injury,Approaching,Passenger,20 to 24,Minor,0, , , , , , , , , , , ,0,0,1,0,0,0,0,1,1,1,0,0,0,0
7001300231,2017,7,20,6,24,3,43.64049109,-79.39296351,Trinity-Spadina (20),20,Waterfront Communities-The Island (77),77,D52,Toronto East York,BREMNER BLVD,SPADINA AVE, ,Minor Arterial,Intersection,At Intersection,Traffic Signal,Clear,Daylight,Dry,Non-Fatal Injury,Pedestrian Collisions,Driver,20 to 24,,0,West,"Automobile, Station Wagon",Going Ahead,Driving Properly,Normal, , , , , , ,1,0,1,0,0,0,0,0,0,0,0,0,0,0
7001300231,2017,7,20,6,24,3,43.64049109,-79.39296351,Trinity-Spadina (20),20,Waterfront Communities-The Island (77),77,D52,Toronto East York,BREMNER BLVD,SPADINA AVE, ,Minor Arterial,Intersection,At Intersection,Traffic Signal,Clear,Daylight,Dry,Non-Fatal Injury,Pedestrian Collisions,Pedestrian,30 to 34,Major,0,North, , , , ,Vehicle is going straight thru inter.while ped cross without ROW,Crossing without right of way,Normal, , , ,1,0,1,0,0,0,0,0,0,0,0,0,0,0
1199022,2010,9,28,6,25,1,43.74914538,-79.51569029,York West (7),7,Glenfield-Jane Heights (25),25,D31,North York,JANE ST,EDDYSTONE AVE, ,Major Arterial,Intersection,At Intersection,Traffic Signal,Clear,Dark,Dry,Non-Fatal Injury,Pedestrian Collisions,Driver,55 to 59,Minimal,0,East,"Automobile, Station Wagon",Turning Left,Failed to Yield Right of Way,Normal, , , , , , ,1,0,1,0,0,0,0,0,0,1,0,0,0,0