ACCNUM,YEAR,MONTH,DAY,HOUR,MINUTES,WEEKDAY,LATITUDE,LONGITUDE,Ward_Name,Ward_ID,Hood_Name,Hood_ID,Division,District,STREET1,STREET2,OFFSET,ROAD_CLASS,LOCCOORD,ACCLOC,TRAFFCTL,VISIBILITY,LIGHT,RDSFCOND,ACCLASS,IMPACTYPE,INVTYPE,INVAGE,INJURY,FATAL_NO,INITDIR,VEHTYPE,MANOEUVER,DRIVACT,DRIVCOND,PEDTYPE,PEDACT,PEDCOND,CYCLISTYPE,CYCACT,CYCCOND,PEDESTRIAN,CYCLIST,AUTOMOBILE,MOTORCYCLE,TRUCK,TRSN_CITY_VEH,EMERG_VEH,PASSENGER,SPEEDING,AG_DRIV,REDLIGHT,ALCOHOL,DISABILITY,label
1002690,2007,11,6,6,35,1,43.81294538,-79.24309029,Scarborough-Rouge River (41),41,Agincourt North (129),129,D42,Scarborough,MARKHAM RD,FINCH AVE E, ,Major Arterial,Intersection,At Intersection,Traffic Signal,Rain,Dark,Wet,Non-Fatal Injury,Rear End,Vehicle Owner,unknown, ,0, ,Other, , , , , , , , , ,0,0,1,0,1,0,0,1,0,1,0,0,0,0
1002690,2007,11,6,6,35,1,43.81294538,-79.24309029,Scarborough-Rouge River (41),41,Agincourt North (129),129,D42,Scarborough,MARKHAM RD,FINCH AVE E, ,Major Arterial,Intersection,At Intersection,Traffic Signal,Rain,Dark,Wet,Non-Fatal Injury,Rear End,Driver,25 to 29,Minor,0,South,"Automobile, Station Wagon",Stopped,Driving Properly,Normal, , , , , , ,0,0,1,0,1,0,0,1,0,1,0,0,0,0
1003629,2007,11,13,6,35,1,43.76504538,-79.41179029,Willowdale (23),23,Willowdale East (51),51,D32,North York,YONGE ST,UPPER MADISON AVE, ,Major Arterial,Mid-Block, ,No Control,Clear,Dark,Dry,Non-Fatal Injury,Rear End,Vehicle Owner,unknown, ,0, ,Other, , , , , , , , , ,0,0,1,0,0,0,0,0,0,1,0,0,0,0
1003629,2007,11,13,6,35,1,43.76504538,-79.41179029,Willowdale (23),23,Willowdale East (51),51,D32,North York,YONGE ST,UPPER MADISON AVE, ,Major Arterial,Mid-Block, ,No Control,Clear,Dark,Dry,Non-Fatal Injury,Rear End,Driver,45 to 49,Minor,0,South,"Automobile, Station Wagon",Going Ahead,Following too Close,Normal, , , , , , ,0,0,1,0,0,0,0,0,0,1,0,0,0,0
1003629,2007,11,13,6,35,1,43.76504538,-79.41179029,Willowdale (23),23,Willowdale East (51),51,D32,North York,YONGE ST,UPPER MADISON AVE, ,Major Arterial,Mid-Block, ,No Control,Clear,Dark,Dry,Non-Fatal Injury,Rear End,Driver,55 to 59,Minimal,0,South,"Automobile, Station Wagon",Slowing or Stopping,Driving Properly,Normal, , , , , , ,0,0,1,0,0,0,0,0,0,1,0,0,0,0
1003629,2007,11,13,6,35,1,43.76504538,-79.41179029,Willowdale (23),23,Willowdale East (51),51,D32,North York,YONGE ST,UPPER MADISON AVE, ,Major Arterial,Mid-Block, ,No Control,Clear,Dark,Dry,Non-Fatal Injury,Rear End,Driver,35 to 39,Major,0,South,"Automobile, Station Wagon",Slowing or Stopping,Driving Properly,Normal, , , , , , ,0,0,1,0,0,0,0,0,0,1,0,0,0,0
4003541767,2014,12,24,6,35,2,43.79738196,-79.31227503,Scarborough-Agincourt (40),40,L'Amoreaux (117),117,D42,Scarborough,FINCH AVE E,BRIDLETOWNE CRCL, ,Major Arterial,Intersection,At Intersection,Traffic Signal,"Fog, Mist, Smoke, Dust","Dark, artificial",Wet,Non-Fatal Injury,Pedestrian Collisions,Driver,55 to 59,,0,East,"Automobile, Station Wagon",Turning Left,Failed to Yield Right of Way,Inattentive, , , , , , ,1,0,1,0,0,0,0,0,0,1,0,0,0,0
4003541767,2014,12,24,6,35,2,43.79738196,-79.31227503,Scarborough-Agincourt (40),40,L'Amoreaux (117),117,D42,Scarborough,FINCH AVE E,BRIDLETOWNE CRCL, ,Major Arterial,Intersection,At Intersection,Traffic Signal,"Fog, Mist, Smoke, Dust","Dark, artificial",Wet,Non-Fatal Injury,Pedestrian Collisions,Pedestrian,55 to 59,Major,0,West, , , , ,Vehicle turns left while ped crosses with ROW at inter.,Crossing with right of way,Inattentive, , , ,1,0,1,0,0,0,0,0,0,1,0,0,0,0
7001036218,2017,6,11,6,35,6,43.75369986,-79.54457484,York West (7),7,Humber Summit (21),21,D31,Etobicoke York,50 TORYORK DR, ,3 m East of,Collector,Mid-Block,At/Near Private Drive,No Control,Clear,"Dark, artificial",Dry,Non-Fatal Injury,SMV Other,Driver,45 to 49,Major,0,East,"Automobile, Station Wagon",Going Ahead,Lost control,Inattentive, , , , , , ,0,0,1,0,0,0,0,0,1,1,0,0,0,0
1122728,2009,8,1,6,36,5,43.68864538,-79.54289029,Etobicoke Centre (4),4,Kingsview Village-The Westway (6),6,D23,Etobicoke York,ISLINGTON AVE,THE WESTWAY, ,Major Arterial,Intersection,At Intersection,Traffic Signal,Clear,Daylight,Dry,Non-Fatal Injury,Angle,Passenger,50 to 54,Minimal,0, ,Other, , , , , , , , , ,0,0,1,0,0,0,0,1,0,1,1,0,0,0
1122728,2009,8,1,6,36,5,43.68864538,-79.54289029,Etobicoke Centre (4),4,Kingsview Village-The Westway (6),6,D23,Etobicoke York,ISLINGTON AVE,THE WESTWAY, ,Major Arterial,Intersection,At Intersection,Traffic Signal,Clear,Daylight,Dry,Non-Fatal Injury,Angle,Driver,45 to 49,Minor,0,South,"Automobile, Station Wagon",Going Ahead,Disobeyed Traffic Control,Normal, , , , , , ,0,0,1,0,0,0,0,1,0,1,1,0,0,0
1122728,2009,8,1,6,36,5,43.68864538,-79.54289029,Etobicoke Centre (4),4,Kingsview Village-The Westway (6),6,D23,Etobicoke York,ISLINGTON AVE,THE WESTWAY, ,Major Arterial,Intersection,At Intersection,Traffic Signal,Clear,Daylight,Dry,Non-Fatal Injury,Angle,Driver,40 to 44,Major,0,East,"Automobile, Station Wagon",Going Ahead,Driving Properly,Normal, , , , , , ,0,0,1,0,0,0,0,1,0,1,1,0,0,0
5001649654,2015,9,24,6,36,3,43.63919028,-79.45055781,Parkdale-High Park (14),14,High Park-Swansea (87),87,D11,Toronto East York,THE QUEENSWAY,GLENDALE AVE,57 m East of,Major Arterial,Mid-Block,At Intersection,No Control,Clear,"Dark, artificial",Dry,Fatal,Pedestrian Collisions,Driver,55 to 59,,0,East,"Automobile, Station Wagon",Going Ahead,Driving Properly,Normal, , , , , , ,1,0,1,0,0,0,0,0,0,0,0,0,0,1
5001649654,2015,9,24,6,36,3,43.63919028,-79.45055781,Parkdale-High Park (14),14,High Park-Swansea (87),87,D11,Toronto East York,THE QUEENSWAY,GLENDALE AVE,57 m East of,Major Arterial,Mid-Block,At Intersection,No Control,Clear,"Dark, artificial",Dry,Fatal,Pedestrian Collisions,Pedestrian,75 to 79,Fatal,51,North, , , , ,Pedestrian hit at mid-block,"Crossing, no Traffic Control",Normal, , , ,1,0,1,0,0,0,0,0,0,0,0,0,0,1
1328738,2012,10,25,6,37,3,43.65434538,-79.37879029,Toronto Centre-Rosedale (27),27,Church-Yonge Corridor (75),75,D51,Toronto East York,SHUTER ST,VICTORIA ST, ,Minor Arterial,Intersection,At Intersection,Traffic Signal,Clear,"Dawn, artificial",Dry,Non-Fatal Injury,Pedestrian Collisions,Vehicle Owner,unknown, ,0, ,Other, , , , , , , , , ,1,0,1,0,0,0,0,0,0,1,0,0,0,0
1328738,2012,10,25,6,37,3,43.65434538,-79.37879029,Toronto Centre-Rosedale (27),27,Church-Yonge Corridor (75),75,D51,Toronto East York,SHUTER ST,VICTORIA ST, ,Minor Arterial,Intersection,At Intersection,Traffic Signal,Clear,"Dawn, artificial",Dry,Non-Fatal Injury,Pedestrian Collisions,Driver,45 to 49,,0,West,"Automobile, Station Wagon",Turning Left,Failed to Yield Right of Way,Inattentive, , , , , , ,1,0,1,0,0,0,0,0,0,1,0,0,0,0
1328738,2012,10,25,6,37,3,43.65434538,-79.37879029,Toronto Centre-Rosedale (27),27,Church-Yonge Corridor (75),75,D51,Toronto East York,SHUTER ST,VICTORIA ST, ,Minor Arterial,Intersection,At Intersection,Traffic Signal,Clear,"Dawn, artificial",Dry,Non-Fatal Injury,Pedestrian Collisions,Pedestrian,60 to 64,Major,0,East,Other, , , ,Vehicle turns left while ped crosses with ROW at inter.,Crossing with right of way,Normal, , , ,1,0,1,0,0,0,0,0,0,1,0,0,0,0
6000543310,2016,3,31,6,37,3,43.65665014,-79.40648279,Trinity-Spadina (20),20,Kensington-Chinatown (78),78,D14,Toronto East York,COLLEGE ST,LIPPINCOTT ST,1 m East of,Major Arterial,Intersection,At Intersection,Stop Sign,Rain,"Daylight, artificial",Wet,Non-Fatal Injury,Cyclist Collisions,Cyclist,65 to 69,Major,0,South,Bicycle,Going Ahead, , , , , ,"Cyclist without ROW rides into path of motorist at inter, lnwy, dwy-Cyclist not turn.",Disobeyed Traffic Control,Inattentive,0,1,1,0,0,0,0,1,0,0,0,0,0,0
6000543310,2016,3,31,6,37,3,43.65665014,-79.40648279,Trinity-Spadina (20),20,Kensington-Chinatown (78),78,D14,Toronto East York,COLLEGE ST,LIPPINCOTT ST,1 m East of,Major Arterial,Intersection,At Intersection,Stop Sign,Rain,"Daylight, artificial",Wet,Non-Fatal Injury,Cyclist Collisions,Driver,65 to 69,,0,West,"Automobile, Station Wagon",Going Ahead,Driving Properly,Normal, , , , , , ,0,1,1,0,0,0,0,1,0,0,0,0,0,0
1270503,2011,11,11,6,0,4,43.67624538,-79.49569029,York South-Weston (11),11,Rockcliffe-Smythe (111),111,D12,Etobicoke York,JANE ST,ALLIANCE AVE, ,Major Arterial,Intersection,At Intersection,No Control,Clear,"Dark, artificial",Dry,Non-Fatal Injury,Pedestrian Collisions,Pedestrian,50 to 54,Major,0,West,Other, , , ,Pedestrian hit at mid-block,Running onto Roadway,Inattentive, , , ,1,0,1,0,0,0,0,0,0,0,0,0,0,0
1061541,2008,9,29,4,12,0,43.69684538,-79.35299029,Toronto-Danforth (29),29,Broadview North (57),57,D54,Toronto East York,DON VALLEY PARKWAY  S,BEECHWOOD DR, ,Expressway,Mid-Block, ,No Control,Clear,Dark,Dry,Non-Fatal Injury,Approaching,Driver,25 to 29,Minimal,0,South,"Automobile, Station Wagon",Going Ahead,Driving Properly,Normal, , , , , , ,0,0,1,0,0,0,0,1,1,1,0,1,0,0
1270503,2011,11,11,6,0,4,43.67624538,-79.49569029,York South-Weston (11),11,Rockcliffe-Smythe (111),111,D12,Etobicoke York,JANE ST,ALLIANCE AVE, ,Major Arterial,Intersection,At Intersection,No Control,Clear,"Dark, artificial",Dry,Non-Fatal Injury,Pedestrian Collisions,Driver,30 to 34,,0,North,"Automobile, Station Wagon",Going Ahead,Driving Properly,Normal, , , , , , ,1,0,1,0,0,0,0,0,0,0,0,0,0,0
143339762,2014,11,21,6,0,4,43.75804861,-79.51343165,York West (8),8,Glenfield-Jane Heights (25),25,D31,North York,FINCH AVE W,DRIFTWOOD AVE, ,Major Arterial,Intersection, ,Traffic Signal,Clear,"Dawn, artificial",Dry,Fatal,Pedestrian Collisions,Pedestrian,60 to 64,Fatal,41,North, , , , ,Vehicle is going straight thru inter.while ped cross without ROW,Crossing without right of way,Unknown, , , ,1,0,1,0,0,0,0,0,0,0,0,0,0,1
1290282,2012,4,22,4,12,6,43.67664538,-79.55299029,Etobicoke Centre (3),3,Princess-Rosethorn (10),10,D22,Etobicoke York,EGLINTON AVE W,KIPLING AVE, ,Major Arterial,Mid-Block, ,No Control,Clear,"Dark, artificial",Dry,Non-Fatal Injury,Angle,Passenger,unknown,Major,0, ,Other,Other, , , , , , , , ,0,0,1,0,0,0,0,1,0,0,0,0,0,0
1290282,2012,4,22,4,12,6,43.67664538,-79.55299029,Etobicoke Centre (3),3,Princess-Rosethorn (10),10,D22,Etobicoke York,EGLINTON AVE W,KIPLING AVE, ,Major Arterial,Mid-Block, ,No Control,Clear,"Dark, artificial",Dry,Non-Fatal Injury,Angle,Driver,30 to 34,Minor,0,East,"Automobile, Station Wagon",Going Ahead,Driving Properly,Normal, , , , , , ,0,0,1,0,0,0,0,1,0,0,0,0,0,0
1290282,2012,4,22,4,12,6,43.67664538,-79.55299029,Etobicoke Centre (3),3,Princess-Rosethorn (10),10,D22,Etobicoke York,EGLINTON AVE W,KIPLING AVE, ,Major Arterial,Mid-Block, ,No Control,Clear,"Dark, artificial",Dry,Non-Fatal Injury,Angle,Vehicle Owner,unknown, ,0, ,Other, , , , , , , , , ,0,0,1,0,0,0,0,1,0,0,0,0,0,0
143339762,2014,11,21,6,0,4,43.75804861,-79.51343165,York West (8),8,Glenfield-Jane Heights (25),25,D31,North York,FINCH AVE W,DRIFTWOOD AVE, ,Major Arterial,Intersection, ,Traffic Signal,Clear,"Dawn, artificial",Dry,Fatal,Pedestrian Collisions,Driver,40 to 44,,0,East,"Automobile, Station Wagon",Going Ahead,Driving Properly,Normal, , , , , , ,1,0,1,0,0,0,0,0,0,0,0,0,0,1
5000838309,2015,5,20,6,0,2,43.77540167,-79.52169428,York West (8),8,Black Creek (24),24,D31,North York,JANE ST,STEELES AVE W, ,Major Arterial,Intersection,At Intersection,Traffic Signal,Clear,Daylight,Dry,Non-Fatal Injury,SMV Other,Driver,40 to 44,Minor,0,North,"Automobile, Station Wagon",Going Ahead,Lost control,Inattentive, , , , , , ,0,0,1,0,0,0,0,1,0,0,0,0,0,0
5000838309,2015,5,20,6,0,2,43.77540167,-79.52169428,York West (8),8,Black Creek (24),24,D31,North York,JANE ST,STEELES AVE W, ,Major Arterial,Intersection,At Intersection,Traffic Signal,Clear,Daylight,Dry,Non-Fatal Injury,SMV Other,Passenger,35 to 39,Major,0, , , , , , , , , , , ,0,0,1,0,0,0,0,1,0,0,0,0,0,0
1290282,2012,4,22,4,12,6,43.67664538,-79.55299029,Etobicoke Centre (3),3,Princess-Rosethorn (10),10,D22,Etobicoke York,EGLINTON AVE W,KIPLING AVE, ,Major Arterial,Mid-Block, ,No Control,Clear,"Dark, artificial",Dry,Non-Fatal Injury,Angle,Driver,15 to 19,Minimal,0,West,"Automobile, Station Wagon",Going Ahead,Lost control,Had Been Drinking, , , , , , ,0,0,1,0,0,0,0,1,0,0,0,0,0,0
5001906446,2015,11,6,6,0,4,43.70923575,-79.50556574,York South-Weston (11),11,Weston (113),113,D12,Etobicoke York,JANE ST,CHURCH ST,19 m South of,Major Arterial,Intersection,Intersection Related,Traffic Signal,Rain,"Dark, artificial",Wet,Non-Fatal Injury,Pedestrian Collisions,Driver,60 to 64,,0,East,"Automobile, Station Wagon",Turning Left,Driving Properly,Normal, , , , , , ,1,0,1,0,0,0,0,0,0,0,0,0,0,0
3000986891,2013,11,17,4,12,6,43.66828116,-79.4470788,Davenport (17),17,Dovercourt-Wallace Emerson-Junction (93),93,D13,Etobicoke York,LANSDOWNE AVE,BRANDON AVE, ,Minor Arterial,Mid-Block,Non Intersection,No Control,Rain,"Dark, artificial",Wet,Non-Fatal Injury,Pedestrian Collisions,Driver,60 to 64,,0,North,"Automobile, Station Wagon",Going Ahead,Driving Properly,Normal, , , , , , ,1,0,1,0,0,0,0,0,0,0,0,0,0,0
3000986891,2013,11,17,4,12,6,43.66828116,-79.4470788,Davenport (17),17,Dovercourt-Wallace Emerson-Junction (93),93,D13,Etobicoke York,LANSDOWNE AVE,BRANDON AVE, ,Minor Arterial,Mid-Block,Non Intersection,No Control,Rain,"Dark, artificial",Wet,Non-Fatal Injury,Pedestrian Collisions,Pedestrian,25 to 29,Major,0,South, , , , ,Pedestrian hit at mid-block,Running onto Roadway,"Ability Impaired, Alcohol", , , ,1,0,1,0,0,0,0,0,0,0,0,0,0,0
1242674,2011,7,8,4,14,4,43.70734538,-79.49739029,York South-Weston (12),12,Rustic (28),28,D12,Etobicoke York,BLACK CREEK DR,LAWRENCE AVE W, ,Major Arterial,Mid-Block, ,No Control,Clear,Dark,Dry,Fatal,SMV Other,Vehicle Owner,unknown, ,0, ,Other, , , , , , , , , ,0,0,1,0,0,0,0,0,0,0,0,0,0,1
1242674,2011,7,8,4,14,4,43.70734538,-79.49739029,York South-Weston (12),12,Rustic (28),28,D12,Etobicoke York,BLACK CREEK DR,LAWRENCE AVE W, ,Major Arterial,Mid-Block, ,No Control,Clear,Dark,Dry,Fatal,SMV Other,Driver,25 to 29,Fatal,13,North,"Automobile, Station Wagon",Going Ahead,Lost control,Unknown, , , , , , ,0,0,1,0,0,0,0,0,0,0,0,0,0,1
1288047,2012,2,3,4,15,4,43.81594538,-79.21509029,Scarborough-Rouge River (42),42,Malvern (132),132,D42,Scarborough,HUPFIELD TRL,PENNYHILL DR, ,Collector,Mid-Block, ,No Control,Clear,Dark,Dry,Non-Fatal Injury,SMV Other,Driver,25 to 29,Major,0,South,"Automobile, Station Wagon",Going Ahead,Lost control,"Ability Impaired, Alcohol", , , , , , ,0,0,1,0,0,0,0,0,1,1,0,1,0,0
1288047,2012,2,3,4,15,4,43.81594538,-79.21509029,Scarborough-Rouge River (42),42,Malvern (132),132,D42,Scarborough,HUPFIELD TRL,PENNYHILL DR, ,Collector,Mid-Block, ,No Control,Clear,Dark,Dry,Non-Fatal Injury,SMV Other,Other Property Owner,unknown, ,0, ,Other, , , , , , , , , ,0,0,1,0,0,0,0,0,1,1,0,1,0,0
1189375,2010,9,15,4,18,2,43.70324538,-79.52599029,York South-Weston (11),11,Weston (113),113,D12,Etobicoke York,WESTON RD,CHURCH ST, ,Minor Arterial,Mid-Block, ,No Control,Clear,Dark,Dry,Fatal,SMV Unattended Vehicle,Other,unknown,,0,South,Other,Parked, , , , , , , , ,0,0,1,0,0,0,0,0,1,1,0,0,0,1
1189375,2010,9,15,4,18,2,43.70324538,-79.52599029,York South-Weston (11),11,Weston (113),113,D12,Etobicoke York,WESTON RD,CHURCH ST, ,Minor Arterial,Mid-Block, ,No Control,Clear,Dark,Dry,Fatal,SMV Unattended Vehicle,Vehicle Owner,unknown, ,0, ,Other, , , , , , , , , ,0,0,1,0,0,0,0,0,1,1,0,0,0,1
1189375,2010,9,15,4,18,2,43.70324538,-79.52599029,York South-Weston (11),11,Weston (113),113,D12,Etobicoke York,WESTON RD,CHURCH ST, ,Minor Arterial,Mid-Block, ,No Control,Clear,Dark,Dry,Fatal,SMV Unattended Vehicle,Driver,25 to 29,Fatal,31,North,"Automobile, Station Wagon",Going Ahead,Lost control,Had Been Drinking, , , , , , ,0,0,1,0,0,0,0,0,1,1,0,0,0,1
1189375,2010,9,15,4,18,2,43.70324538,-79.52599029,York South-Weston (11),11,Weston (113),113,D12,Etobicoke York,WESTON RD,CHURCH ST, ,Minor Arterial,Mid-Block, ,No Control,Clear,Dark,Dry,Fatal,SMV Unattended Vehicle,Other Property Owner,unknown, ,0, ,Other, , , , , , , , , ,0,0,1,0,0,0,0,0,1,1,0,0,0,1
1093205,2009,3,7,4,20,5,43.63634538,-79.44239029,Parkdale-High Park (14),14,South Parkdale (85),85,D14,Toronto East York,F G GARDINER XY Expr W,PARKSIDE DR, ,Expressway,Mid-Block, ,No Control,Clear,Dark,Dry,Non-Fatal Injury,Rear End,Vehicle Owner,unknown, ,0, ,Other, , , , , , , , , ,0,0,1,0,0,0,0,1,1,1,0,0,0,0
1093205,2009,3,7,4,20,5,43.63634538,-79.44239029,Parkdale-High Park (14),14,South Parkdale (85),85,D14,Toronto East York,F G GARDINER XY Expr W,PARKSIDE DR, ,Expressway,Mid-Block, ,No Control,Clear,Dark,Dry,Non-Fatal Injury,Rear End,Passenger,30 to 34,Minimal,0, ,Other, , , , , , , , , ,0,0,1,0,0,0,0,1,1,1,0,0,0,0
1093205,2009,3,7,4,20,5,43.63634538,-79.44239029,Parkdale-High Park (14),14,South Parkdale (85),85,D14,Toronto East York,F G GARDINER XY Expr W,PARKSIDE DR, ,Expressway,Mid-Block, ,No Control,Clear,Dark,Dry,Non-Fatal Injury,Rear End,Passenger,25 to 29,Minimal,0, ,Other, , , , , , , , , ,0,0,1,0,0,0,0,1,1,1,0,0,0,0
1093205,2009,3,7,4,20,5,43.63634538,-79.44239029,Parkdale-High Park (14),14,South Parkdale (85),85,D14,Toronto East York,F G GARDINER XY Expr W,PARKSIDE DR, ,Expressway,Mid-Block, ,No Control,Clear,Dark,Dry,Non-Fatal Injury,Rear End,Passenger,30 to 34,Minimal,0, ,Other, , , , , , , , , ,0,0,1,0,0,0,0,1,1,1,0,0,0,0
1093205,2009,3,7,4,20,5,43.63634538,-79.44239029,Parkdale-High Park (14),14,South Parkdale (85),85,D14,Toronto East York,F G GARDINER XY Expr W,PARKSIDE DR, ,Expressway,Mid-Block, ,No Control,Clear,Dark,Dry,Non-Fatal Injury,Rear End,Driver,30 to 34,,0,West,"Automobile, Station Wagon",Stopped,Driving Properly,Normal, , , , , , ,0,0,1,0,0,0,0,1,1,1,0,0,0,0
1093205,2009,3,7,4,20,5,43.63634538,-79.44239029,Parkdale-High Park (14),14,South Parkdale (85),85,D14,Toronto East York,F G GARDINER XY Expr W,PARKSIDE DR, ,Expressway,Mid-Block, ,No Control,Clear,Dark,Dry,Non-Fatal Injury,Rear End,Passenger,25 to 29,,0, ,Other, , , , , , , , , ,0,0,1,0,0,0,0,1,1,1,0,0,0,0
1093205,2009,3,7,4,20,5,43.63634538,-79.44239029,Parkdale-High Park (14),14,South Parkdale (85),85,D14,Toronto East York,F G GARDINER XY Expr W,PARKSIDE DR, ,Expressway,Mid-Block, ,No Control,Clear,Dark,Dry,Non-Fatal Injury,Rear End,Passenger,25 to 29,Minor,0, ,Other, , , , , , , , , ,0,0,1,0,0,0,0,1,1,1,0,0,0,0
1093205,2009,3,7,4,20,5,43.63634538,-79.44239029,Parkdale-High Park (14),14,South Parkdale (85),85,D14,Toronto East York,F G GARDINER XY Expr W,PARKSIDE DR, ,Expressway,Mid-Block, ,No Control,Clear,Dark,Dry,Non-Fatal Injury,Rear End,Driver,25 to 29,Major,0,West,"Automobile, Station Wagon",Stopped,Following too Close,Normal, , , , , , ,0,0,1,0,0,0,0,1,1,1,0,0,0,0
1093205,2009,3,7,4,20,5,43.63634538,-79.44239029,Parkdale-High Park (14),14,South Parkdale (85),85,D14,Toronto East York,F G GARDINER XY Expr W,PARKSIDE DR, ,Expressway,Mid-Block, ,No Control,Clear,Dark,Dry,Non-Fatal Injury,Rear End,Driver,25 to 29,,0,West,"Automobile, Station Wagon",Stopped,Driving Properly,Normal, , , , , , ,0,0,1,0,0,0,0,1,1,1,0,0,0,0
1093205,2009,3,7,4,20,5,43.63634538,-79.44239029,Parkdale-High Park (14),14,South Parkdale (85),85,D14,Toronto East York,F G GARDINER XY Expr W,PARKSIDE DR, ,Expressway,Mid-Block, ,No Control,Clear,Dark,Dry,Non-Fatal Injury,Rear End,Vehicle Owner,unknown, ,0, ,Other, , , , , , , , , ,0,0,1,0,0,0,0,1,1,1,0,0,0,0
1093205,2009,3,7,4,20,5,43.63634538,-79.44239029,Parkdale-High Park (14),14,South Parkdale (85),85,D14,Toronto East York,F G GARDINER XY Expr W,PARKSIDE DR, ,Expressway,Mid-Block, ,No Control,Clear,Dark,Dry,Non-Fatal Injury,Rear End,Driver,45 to 49,,0,West,"Automobile, Station Wagon",Going Ahead,Following too Close,Normal, , , , , , ,0,0,1,0,0,0,0,1,1,1,0,0,0,0
1331914,2012,11,13,4,20,1,43.65414538,-79.36569029,Toronto Centre-Rosedale (28),28,Moss Park (73),73,D51,Toronto East York,470 RICHMOND ST E, , ,Major Arterial,Mid-Block, ,No Control,Clear,Dark,Dry,Non-Fatal Injury,Pedestrian Collisions,Vehicle Owner,unknown, ,0, ,Other, , , , , , , , , ,1,0,0,0,1,0,0,0,0,0,0,0,0,0
1295588,2012,4,1,5,10,6,43.81124538,-79.26899029,Scarborough-Rouge River (41),41,Agincourt North (129),129,D42,Scarborough,MCCOWAN RD,FINCH AVE E, ,Major Arterial,Mid-Block, ,No Control,Drifting Snow,"Dark, artificial",Wet,Non-Fatal Injury,Approaching,Vehicle Owner,unknown, ,0, ,Other, , , , , , , , , ,0,0,1,0,0,0,0,0,0,0,0,1,0,0
1331914,2012,11,13,4,20,1,43.65414538,-79.36569029,Toronto Centre-Rosedale (28),28,Moss Park (73),73,D51,Toronto East York,470 RICHMOND ST E, , ,Major Arterial,Mid-Block, ,No Control,Clear,Dark,Dry,Non-Fatal Injury,Pedestrian Collisions,Truck Driver,50 to 54,,0,West,Truck - Open,Pulling Away from Shoulder or Curb,Driving Properly,Normal, , , , , , ,1,0,0,0,1,0,0,0,0,0,0,0,0,0
1331914,2012,11,13,4,20,1,43.65414538,-79.36569029,Toronto Centre-Rosedale (28),28,Moss Park (73),73,D51,Toronto East York,470 RICHMOND ST E, , ,Major Arterial,Mid-Block, ,No Control,Clear,Dark,Dry,Non-Fatal Injury,Pedestrian Collisions,Pedestrian,45 to 49,Major,0,Unknown,Other, , , ,Pedestrian hit at mid-block,Playing or Working on Highway,Normal, , , ,1,0,0,0,1,0,0,0,0,0,0,0,0,0
1338518,2012,12,8,4,20,5,43.63474538,-79.50609029,Etobicoke-Lakeshore (5),5,Stonegate-Queensway (16),16,D22,Etobicoke York,730 ROYAL YORK RD, , ,Minor Arterial,Mid-Block, ,No Control,Clear,"Dark, artificial",Dry,Non-Fatal Injury,SMV Other,Driver,25 to 29,Major,0,South,"Automobile, Station Wagon",Going Ahead,Other,Fatigue, , , , , , ,0,0,1,0,0,0,0,0,0,0,0,0,0,0
6000048776,2016,1,9,4,20,5,43.77075537,-79.27734003,Scarborough Centre (37),37,Dorset Park (126),126,D41,Scarborough,80 PROGRESS AVE, ,40 m East of,Minor Arterial,Mid-Block,Non Intersection,No Control,Rain,"Dark, artificial",Wet,Non-Fatal Injury,SMV Other,Driver,20 to 24,Major,0,West,"Automobile, Station Wagon",Going Ahead,Lost control,Unknown, , , , , , ,0,0,1,0,0,0,0,0,1,1,0,0,0,0
1205835,2010,12,5,4,21,6,43.76904538,-79.23759029,Scarborough Centre (38),38,Woburn (137),137,D43,Scarborough,422 BRIMORTON DR, , ,Collector,Mid-Block, ,No Control,Clear,Dark,Dry,Fatal,SMV Other,Passenger,25 to 29,Major,0, ,Other, , , , , , , , , ,0,0,1,0,0,0,0,1,0,0,0,0,0,1
1205835,2010,12,5,4,21,6,43.76904538,-79.23759029,Scarborough Centre (38),38,Woburn (137),137,D43,Scarborough,422 BRIMORTON DR, , ,Collector,Mid-Block, ,No Control,Clear,Dark,Dry,Fatal,SMV Other,Driver,25 to 29,Fatal,37,West,"Automobile, Station Wagon",Going Ahead,Lost control,Had Been Drinking, , , , , , ,0,0,1,0,0,0,0,1,0,0,0,0,0,1
1205835,2010,12,5,4,21,6,43.76904538,-79.23759029,Scarborough Centre (38),38,Woburn (137),137,D43,Scarborough,422 BRIMORTON DR, , ,Collector,Mid-Block, ,No Control,Clear,Dark,Dry,Fatal,SMV Other,Other Property Owner,unknown, ,0, ,Other, , , , , , , , , ,0,0,1,0,0,0,0,1,0,0,0,0,0,1
1205835,2010,12,5,4,21,6,43.76904538,-79.23759029,Scarborough Centre (38),38,Woburn (137),137,D43,Scarborough,422 BRIMORTON DR, , ,Collector,Mid-Block, ,No Control,Clear,Dark,Dry,Fatal,SMV Other,Other Property Owner,unknown, ,0, ,Other, , , , , , , , , ,0,0,1,0,0,0,0,1,0,0,0,0,0,1
1137790,2009,11,7,4,22,5,43.67624538,-79.38069029,Toronto Centre-Rosedale (27),27,Rosedale-Moore Park (98),98,D53,Toronto East York,MOUNT PLEASANT RD,SOUTH DR, ,Major Arterial,Intersection, ,No Control,Clear,Dark,Dry,Non-Fatal Injury,SMV Other,Vehicle Owner,unknown, ,0, ,Other, , , , , , , , , ,0,0,1,0,0,0,0,0,1,1,0,0,0,0
1137790,2009,11,7,4,22,5,43.67624538,-79.38069029,Toronto Centre-Rosedale (27),27,Rosedale-Moore Park (98),98,D53,Toronto East York,MOUNT PLEASANT RD,SOUTH DR, ,Major Arterial,Intersection, ,No Control,Clear,Dark,Dry,Non-Fatal Injury,SMV Other,Driver,20 to 24,Major,0,South,"Automobile, Station Wagon",Going Ahead,Lost control,Had Been Drinking, , , , , , ,0,0,1,0,0,0,0,0,1,1,0,0,0,0