ACCNUM,YEAR,MONTH,DAY,HOUR,MINUTES,WEEKDAY,LATITUDE,LONGITUDE,Ward_Name,Ward_ID,Hood_Name,Hood_ID,Division,District,STREET1,STREET2,OFFSET,ROAD_CLASS,LOCCOORD,ACCLOC,TRAFFCTL,VISIBILITY,LIGHT,RDSFCOND,ACCLASS,IMPACTYPE,INVTYPE,INVAGE,INJURY,FATAL_NO,INITDIR,VEHTYPE,MANOEUVER,DRIVACT,DRIVCOND,PEDTYPE,PEDACT,PEDCOND,CYCLISTYPE,CYCACT,CYCCOND,PEDESTRIAN,CYCLIST,AUTOMOBILE,MOTORCYCLE,TRUCK,TRSN_CITY_VEH,EMERG_VEH,PASSENGER,SPEEDING,AG_DRIV,REDLIGHT,ALCOHOL,DISABILITY,label
1381801,2013,9,27,4,22,4,43.68328436,-79.36021052,Toronto-Danforth (29),29,Broadview North (57),57,D54,Toronto East York,BAYVIEW BLOOR DVP RAMP,BAYVIEW BLOOR DVP N RAMP, ,Expressway Ramp, , ,Yield Sign,Clear,Dark,Dry,Non-Fatal Injury,SMV Other,Passenger,unknown,Minor,0,North,Other,Other, , , , , , , , ,0,0,1,0,0,0,0,1,0,0,0,1,0,0
1381801,2013,9,27,4,22,4,43.68328436,-79.36021052,Toronto-Danforth (29),29,Broadview North (57),57,D54,Toronto East York,BAYVIEW BLOOR DVP RAMP,BAYVIEW BLOOR DVP N RAMP, ,Expressway Ramp, , ,Yield Sign,Clear,Dark,Dry,Non-Fatal Injury,SMV Other,Driver,30 to 34,Major,0,North,"Automobile, Station Wagon",Merging, ,"Ability Impaired, Alcohol", , , , , , ,0,0,1,0,0,0,0,1,0,0,0,1,0,0
1107035,2009,5,31,4,23,6,43.68694538,-79.48949029,York South-Weston (11),11,Mount Dennis (115),115,D12,Etobicoke York,WESTON RD,EGLINTON AVE W, ,Major Arterial,Intersection,At Intersection,Traffic Signal,Clear,Dark,Dry,Non-Fatal Injury,SMV Other,Passenger,unknown,Minor,0, ,Other,Other, , , , , , , , ,0,0,1,0,0,0,0,1,0,0,0,1,0,0
1107035,2009,5,31,4,23,6,43.68694538,-79.48949029,York South-Weston (11),11,Mount Dennis (115),115,D12,Etobicoke York,WESTON RD,EGLINTON AVE W, ,Major Arterial,Intersection,At Intersection,Traffic Signal,Clear,Dark,Dry,Non-Fatal Injury,SMV Other,Driver,20 to 24,Major,0, ,"Automobile, Station Wagon",Going Ahead, ,"Ability Impaired, Alcohol Over .08", , , , , , ,0,0,1,0,0,0,0,1,0,0,0,1,0,0
975246,2007,6,17,4,25,6,43.68934538,-79.45919029,Davenport (17),17,Caledonia-Fairbank (109),109,D13,Etobicoke York,MCROBERTS Aven,KITCHENER Aven, ,Local,Intersection,At Intersection,Stop Sign,Clear,Dark,Dry,Non-Fatal Injury,Pedestrian Collisions,Passenger,unknown,,0, ,Other,Other, , , , , , , , ,1,0,1,0,0,0,0,1,0,0,0,0,0,0
975246,2007,6,17,4,25,6,43.68934538,-79.45919029,Davenport (17),17,Caledonia-Fairbank (109),109,D13,Etobicoke York,MCROBERTS Aven,KITCHENER Aven, ,Local,Intersection,At Intersection,Stop Sign,Clear,Dark,Dry,Non-Fatal Injury,Pedestrian Collisions,Passenger,unknown,,0,South,Other,Other, , , , , , , , ,1,0,1,0,0,0,0,1,0,0,0,0,0,0
975246,2007,6,17,4,25,6,43.68934538,-79.45919029,Davenport (17),17,Caledonia-Fairbank (109),109,D13,Etobicoke York,MCROBERTS Aven,KITCHENER Aven, ,Local,Intersection,At Intersection,Stop Sign,Clear,Dark,Dry,Non-Fatal Injury,Pedestrian Collisions,Passenger,unknown,,0,South,Other,Other, , , , , , , , ,1,0,1,0,0,0,0,1,0,0,0,0,0,0
975246,2007,6,17,4,25,6,43.68934538,-79.45919029,Davenport (17),17,Caledonia-Fairbank (109),109,D13,Etobicoke York,MCROBERTS Aven,KITCHENER Aven, ,Local,Intersection,At Intersection,Stop Sign,Clear,Dark,Dry,Non-Fatal Injury,Pedestrian Collisions,Vehicle Owner,unknown, ,0, ,Other, , , , , , , , , ,1,0,1,0,0,0,0,1,0,0,0,0,0,0
975246,2007,6,17,4,25,6,43.68934538,-79.45919029,Davenport (17),17,Caledonia-Fairbank (109),109,D13,Etobicoke York,MCROBERTS Aven,KITCHENER Aven, ,Local,Intersection,At Intersection,Stop Sign,Clear,Dark,Dry,Non-Fatal Injury,Pedestrian Collisions,Driver,20 to 24,,0,South,"Automobile, Station Wagon",Unknown, , , , , , , , ,1,0,1,0,0,0,0,1,0,0,0,0,0,0
975246,2007,6,17,4,25,6,43.68934538,-79.45919029,Davenport (17),17,Caledonia-Fairbank (109),109,D13,Etobicoke York,MCROBERTS Aven,KITCHENER Aven, ,Local,Intersection,At Intersection,Stop Sign,Clear,Dark,Dry,Non-Fatal Injury,Pedestrian Collisions,Pedestrian,unknown,Major,0, ,Other,Other, , , , , , , , ,1,0,1,0,0,0,0,1,0,0,0,0,0,0
1186370,2010,7,18,4,27,6,43.65084538,-79.38659029,Toronto Centre-Rosedale (28),28,Bay Street Corridor (76),76,D52,Toronto East York,QUEEN ST W,UNIVERSITY AVE, ,Major Arterial,Intersection, ,Traffic Signal,Clear,Dark,Dry,Non-Fatal Injury,Pedestrian Collisions,Vehicle Owner,unknown, ,0, ,Other, , , , , , , , , ,1,0,1,0,0,0,0,0,0,1,1,0,0,0
1186370,2010,7,18,4,27,6,43.65084538,-79.38659029,Toronto Centre-Rosedale (28),28,Bay Street Corridor (76),76,D52,Toronto East York,QUEEN ST W,UNIVERSITY AVE, ,Major Arterial,Intersection, ,Traffic Signal,Clear,Dark,Dry,Non-Fatal Injury,Pedestrian Collisions,Driver,35 to 39,,0,East,"Automobile, Station Wagon",Going Ahead,Disobeyed Traffic Control,Inattentive, , , , , , ,1,0,1,0,0,0,0,0,0,1,1,0,0,0
1186370,2010,7,18,4,27,6,43.65084538,-79.38659029,Toronto Centre-Rosedale (28),28,Bay Street Corridor (76),76,D52,Toronto East York,QUEEN ST W,UNIVERSITY AVE, ,Major Arterial,Intersection, ,Traffic Signal,Clear,Dark,Dry,Non-Fatal Injury,Pedestrian Collisions,Pedestrian,25 to 29,Major,0,North,Other, , , ,Vehicle is going straight thru inter.while ped cross with ROW,Crossing with right of way,Had Been Drinking, , , ,1,0,1,0,0,0,0,0,0,1,1,0,0,0
7001916414,2017,10,23,4,27,0,43.70602038,-79.40974829,Eglinton-Lawrence (16),16,Yonge-Eglinton (100),100,D53,North York,AVENUE RD,WILLOWBANK BLVD,7 m South of,Major Arterial,Mid-Block,Non Intersection,No Control,Clear,"Dark, artificial",Dry,Non-Fatal Injury,SMV Other,Driver,25 to 29,Major,0,South,"Automobile, Station Wagon",Going Ahead,Lost control,Fatigue, , , , , , ,0,0,1,0,0,0,0,0,1,1,0,0,0,0
5001197879,2015,7,15,4,29,2,43.69771918,-79.44081507,Eglinton-Lawrence (15),15,Oakwood Village (107),107,D13,North York,1500 EGLINTON AVE W, , ,Major Arterial,Mid-Block,At/Near Private Drive,No Control,Clear,Dark,Dry,Non-Fatal Injury,Pedestrian Collisions,Driver,35 to 39,,0,South,"Automobile, Station Wagon",Going Ahead,Other,Unknown, , , , , , ,1,0,1,0,0,0,0,0,1,1,0,0,0,0
5001197879,2015,7,15,4,29,2,43.69771918,-79.44081507,Eglinton-Lawrence (15),15,Oakwood Village (107),107,D13,North York,1500 EGLINTON AVE W, , ,Major Arterial,Mid-Block,At/Near Private Drive,No Control,Clear,Dark,Dry,Non-Fatal Injury,Pedestrian Collisions,Pedestrian,30 to 34,Major,0,Unknown, , , , ,Pedestrian hit at private driveway,Other,Unknown, , , ,1,0,1,0,0,0,0,0,1,1,0,0,0,0
979549,2007,7,15,4,30,6,43.63714538,-79.47029029,Parkdale-High Park (13),13,High Park-Swansea (87),87,D11,Etobicoke York,THE QUEENSWAY,SOUTHPORT ST, ,Major Arterial,Mid-Block,At Intersection,No Control,Clear,Dark,Dry,Non-Fatal Injury,SMV Other,Passenger,55 to 59,Minor,0, ,Other, , , , , , , , , ,0,0,1,0,0,0,0,1,0,1,0,0,0,0
979549,2007,7,15,4,30,6,43.63714538,-79.47029029,Parkdale-High Park (13),13,High Park-Swansea (87),87,D11,Etobicoke York,THE QUEENSWAY,SOUTHPORT ST, ,Major Arterial,Mid-Block,At Intersection,No Control,Clear,Dark,Dry,Non-Fatal Injury,SMV Other,Vehicle Owner,unknown, ,0, ,Other, , , , , , , , , ,0,0,1,0,0,0,0,1,0,1,0,0,0,0
979549,2007,7,15,4,30,6,43.63714538,-79.47029029,Parkdale-High Park (13),13,High Park-Swansea (87),87,D11,Etobicoke York,THE QUEENSWAY,SOUTHPORT ST, ,Major Arterial,Mid-Block,At Intersection,No Control,Clear,Dark,Dry,Non-Fatal Injury,SMV Other,Driver,35 to 39,Major,0,West,"Automobile, Station Wagon",Going Ahead,Disobeyed Traffic Control,Unknown, , , , , , ,0,0,1,0,0,0,0,1,0,1,0,0,0,0
1123169,2009,9,7,4,30,0,43.66794538,-79.38349029,Toronto Centre-Rosedale (27),27,Church-Yonge Corridor (75),75,D51,Toronto East York,48 ISABELLA ST, , ,Collector,Mid-Block, ,No Control,Clear,Dark,Dry,Non-Fatal Injury,Pedestrian Collisions,Driver,unknown,,0,East,"Automobile, Station Wagon",Going Ahead,Driving Properly,Unknown, , , , , , ,1,0,1,0,0,0,0,0,0,0,0,0,0,0
1123169,2009,9,7,4,30,0,43.66794538,-79.38349029,Toronto Centre-Rosedale (27),27,Church-Yonge Corridor (75),75,D51,Toronto East York,48 ISABELLA ST, , ,Collector,Mid-Block, ,No Control,Clear,Dark,Dry,Non-Fatal Injury,Pedestrian Collisions,Pedestrian,35 to 39,Major,0,Unknown,Other, , , ,Pedestrian hit at mid-block,"Crossing, no Traffic Control",Unknown, , , ,1,0,1,0,0,0,0,0,0,0,0,0,0,0
1050384,2008,7,7,4,37,0,43.69984538,-79.53429029,Etobicoke North (2),2,Kingsview Village-The Westway (6),6,D23,Etobicoke York,DIXON Rd,ROYAL YORK Rd, ,Major Arterial,Intersection,At Intersection,Traffic Signal,Clear,Dark,Dry,Non-Fatal Injury,SMV Other,Driver,20 to 24,Major,0,West,"Automobile, Station Wagon",Pulling Onto Shoulder or towardCurb,Lost control,Fatigue, , , , , , ,0,0,1,0,0,0,0,0,1,1,0,0,0,0
1050384,2008,7,7,4,37,0,43.69984538,-79.53429029,Etobicoke North (2),2,Kingsview Village-The Westway (6),6,D23,Etobicoke York,DIXON Rd,ROYAL YORK Rd, ,Major Arterial,Intersection,At Intersection,Traffic Signal,Clear,Dark,Dry,Non-Fatal Injury,SMV Other,Other Property Owner,unknown, ,0, ,Other, , , , , , , , , ,0,0,1,0,0,0,0,0,1,1,0,0,0,0
1050384,2008,7,7,4,37,0,43.69984538,-79.53429029,Etobicoke North (2),2,Kingsview Village-The Westway (6),6,D23,Etobicoke York,DIXON Rd,ROYAL YORK Rd, ,Major Arterial,Intersection,At Intersection,Traffic Signal,Clear,Dark,Dry,Non-Fatal Injury,SMV Other,Other Property Owner,unknown, ,0, ,Other, , , , , , , , , ,0,0,1,0,0,0,0,0,1,1,0,0,0,0
1258191,2011,10,10,4,37,0,43.77544538,-79.41279029,Willowdale (23),23,Willowdale East (51),51,D32,North York,DORIS AVE,NORTHTOWN WAY, ,Local,Intersection, ,No Control,Clear,Dark,Dry,Non-Fatal Injury,Pedestrian Collisions,Driver,20 to 24,,0,North,"Automobile, Station Wagon",Going Ahead,Lost control,"Ability Impaired, Alcohol Over .08", , , , , , ,1,0,1,0,0,0,0,0,1,1,0,1,0,0
1258191,2011,10,10,4,37,0,43.77544538,-79.41279029,Willowdale (23),23,Willowdale East (51),51,D32,North York,DORIS AVE,NORTHTOWN WAY, ,Local,Intersection, ,No Control,Clear,Dark,Dry,Non-Fatal Injury,Pedestrian Collisions,Pedestrian,25 to 29,Major,0,Unknown,Other, , , ,Pedestrian hit on sidewalk or shoulder,On Sidewalk or Shoulder,Unknown, , , ,1,0,1,0,0,0,0,0,1,1,0,1,0,0
970644,2007,5,20,4,40,6,43.82594538,-79.29729029,Scarborough-Rouge River (41),41,Milliken (130),130,D42,Scarborough,STEELES AVE E,MIDLAND AVE, ,Major Arterial,Intersection,At Intersection,Traffic Signal,Clear,Dark,Dry,Fatal,Pedestrian Collisions,Driver,20 to 24,,0,West,"Automobile, Station Wagon",Going Ahead,Failed to Yield Right of Way,Unknown, , , , , , ,1,0,1,0,0,0,0,0,0,1,0,0,0,1
970644,2007,5,20,4,40,6,43.82594538,-79.29729029,Scarborough-Rouge River (41),41,Milliken (130),130,D42,Scarborough,STEELES AVE E,MIDLAND AVE, ,Major Arterial,Intersection,At Intersection,Traffic Signal,Clear,Dark,Dry,Fatal,Pedestrian Collisions,Pedestrian,55 to 59,Fatal,0,South,Other, , , ,Vehicle is going straight thru inter.while ped cross with ROW,Crossing with right of way,Unknown, , , ,1,0,1,0,0,0,0,0,0,1,0,0,0,1
1093141,2009,3,7,4,40,5,43.74184538,-79.45429029,York Centre (10),10,Clanton Park (33),33,D32,North York,WILLIAM R ALLEN RD,TRANSIT RD, ,Expressway,Intersection,At Intersection,Traffic Signal,Clear,Dark,Wet,Fatal,SMV Other,Vehicle Owner,unknown, ,0, ,Other, , , , , , , , , ,0,0,1,0,0,0,0,0,0,0,0,0,0,1
1093141,2009,3,7,4,40,5,43.74184538,-79.45429029,York Centre (10),10,Clanton Park (33),33,D32,North York,WILLIAM R ALLEN RD,TRANSIT RD, ,Expressway,Intersection,At Intersection,Traffic Signal,Clear,Dark,Wet,Fatal,SMV Other,Driver,20 to 24,Fatal,5,North,"Automobile, Station Wagon",Going Ahead,Lost control,Unknown, , , , , , ,0,0,1,0,0,0,0,0,0,0,0,0,0,1
1199895,2010,11,7,4,43,6,43.63494538,-79.43529029,Parkdale-High Park (14),14,South Parkdale (85),85,D14,Toronto East York,96 JAMESON Aven, , ,Minor Arterial, , ,No Control,Clear,Dark,Dry,Non-Fatal Injury,Other,Driver,35 to 39,Major,0, ,"Automobile, Station Wagon",Unknown, , , , , , , , ,0,0,1,0,0,0,0,0,0,0,0,0,0,0
1292158,2012,3,10,4,45,5,43.73744538,-79.59009029,Etobicoke North (1),1,Mount Olive-Silverstone-Jamestown (2),2,D23,Etobicoke York,FINCH Aven W,PITTSBORO Driv, ,Major Arterial,Intersection, ,No Control,Clear,"Dark, artificial",Dry,Non-Fatal Injury,SMV Other,Driver,25 to 29,Major,0,East,"Automobile, Station Wagon",Going Ahead,Lost control,Unknown, , , , , , ,0,0,1,0,0,0,0,0,0,0,0,0,0,0
1292158,2012,3,10,4,45,5,43.73744538,-79.59009029,Etobicoke North (1),1,Mount Olive-Silverstone-Jamestown (2),2,D23,Etobicoke York,FINCH Aven W,PITTSBORO Driv, ,Major Arterial,Intersection, ,No Control,Clear,"Dark, artificial",Dry,Non-Fatal Injury,SMV Other,Other Property Owner,unknown, ,0, ,Other, , , , , , , , , ,0,0,1,0,0,0,0,0,0,0,0,0,0,0
984072,2007,8,9,4,50,3,43.66334538,-79.58219029,Etobicoke Centre (3),3,Eringate-Centennial-West Deane (11),11,D22,Etobicoke York,121 WELLESWORTH DR, , ,Collector,Mid-Block, ,No Control,Clear,Dark,Dry,Non-Fatal Injury,SMV Other,Vehicle Owner,unknown,,0, ,Other, , , , , , , , , ,0,0,1,0,0,0,0,0,0,0,0,0,0,0
984072,2007,8,9,4,50,3,43.66334538,-79.58219029,Etobicoke Centre (3),3,Eringate-Centennial-West Deane (11),11,D22,Etobicoke York,121 WELLESWORTH DR, , ,Collector,Mid-Block, ,No Control,Clear,Dark,Dry,Non-Fatal Injury,SMV Other,Driver,20 to 24,Major,0,South,"Automobile, Station Wagon",Going Ahead,Lost control,Had Been Drinking, , , , , , ,0,0,1,0,0,0,0,0,0,0,0,0,0,0
4002492921,2014,7,14,4,50,0,43.69339331,-79.56250391,Etobicoke Centre (4),4,Willowridge-Martingrove-Richview (7),7,D23,Etobicoke York,DIXON RD,CELESTINE DR, ,Major Arterial,Intersection,At Intersection,Traffic Signal,Clear,"Dark, artificial",Dry,Non-Fatal Injury,SMV Other,Driver,20 to 24,Major,0,East,"Automobile, Station Wagon",Going Ahead,Lost control,Fatigue, , , , , , ,0,0,1,0,0,0,0,0,0,0,0,0,0,0
1013128,2007,12,20,4,55,3,43.64454538,-79.38219029,Trinity-Spadina (20),20,Waterfront Communities-The Island (77),77,D52,Toronto East York,YORK ST,BREMNER BLVD, ,Major Arterial,Mid-Block, ,No Control,Clear,Dark,Dry,Non-Fatal Injury,Pedestrian Collisions,Driver,40 to 44,,0,South,"Automobile, Station Wagon",Going Ahead,Driving Properly,Normal, , , , , , ,1,0,1,0,0,0,0,0,0,0,0,0,0,0
1013128,2007,12,20,4,55,3,43.64454538,-79.38219029,Trinity-Spadina (20),20,Waterfront Communities-The Island (77),77,D52,Toronto East York,YORK ST,BREMNER BLVD, ,Major Arterial,Mid-Block, ,No Control,Clear,Dark,Dry,Non-Fatal Injury,Pedestrian Collisions,Pedestrian,20 to 24,Major,0,West,Other, , , ,Pedestrian hit at mid-block,"Crossing, no Traffic Control",Unknown, , , ,1,0,1,0,0,0,0,0,0,0,0,0,0,0
997046,2007,9,22,4,57,5,43.67794538,-79.44309029,Davenport (17),17,Corso Italia-Davenport (92),92,D13,Etobicoke York,ST CLAIR AVE W,DUFFERIN ST, ,Major Arterial,Intersection,At Intersection,Traffic Signal,Clear,Dark,Dry,Non-Fatal Injury,Angle,Vehicle Owner,unknown,,0, ,Other, , , , , , , , , ,0,0,1,0,1,0,0,0,0,0,0,0,0,0
997046,2007,9,22,4,57,5,43.67794538,-79.44309029,Davenport (17),17,Corso Italia-Davenport (92),92,D13,Etobicoke York,ST CLAIR AVE W,DUFFERIN ST, ,Major Arterial,Intersection,At Intersection,Traffic Signal,Clear,Dark,Dry,Non-Fatal Injury,Angle,Truck Driver,30 to 34,,0,North,Truck - Open,Going Ahead,Driving Properly,Normal, , , , , , ,0,0,1,0,1,0,0,0,0,0,0,0,0,0
997046,2007,9,22,4,57,5,43.67794538,-79.44309029,Davenport (17),17,Corso Italia-Davenport (92),92,D13,Etobicoke York,ST CLAIR AVE W,DUFFERIN ST, ,Major Arterial,Intersection,At Intersection,Traffic Signal,Clear,Dark,Dry,Non-Fatal Injury,Angle,Vehicle Owner,unknown,,0, ,Other, , , , , , , , , ,0,0,1,0,1,0,0,0,0,0,0,0,0,0
997046,2007,9,22,4,57,5,43.67794538,-79.44309029,Davenport (17),17,Corso Italia-Davenport (92),92,D13,Etobicoke York,ST CLAIR AVE W,DUFFERIN ST, ,Major Arterial,Intersection,At Intersection,Traffic Signal,Clear,Dark,Dry,Non-Fatal Injury,Angle,Driver,30 to 34,Major,0,West,"Automobile, Station Wagon",Going Ahead,Driving Properly,Unknown, , , , , , ,0,0,1,0,1,0,0,0,0,0,0,0,0,0
997046,2007,9,22,4,57,5,43.67794538,-79.44309029,Davenport (17),17,Corso Italia-Davenport (92),92,D13,Etobicoke York,ST CLAIR AVE W,DUFFERIN ST, ,Major Arterial,Intersection,At Intersection,Traffic Signal,Clear,Dark,Dry,Non-Fatal Injury,Angle,Other,unknown,,0, ,Other, , , , , , , , , ,0,0,1,0,1,0,0,0,0,0,0,0,0,0
4002804562,2014,8,30,4,59,5,43.67055853,-79.47650538,York South-Weston (11),11,Junction Area (90),90,D11,Etobicoke York,ST CLAIR AVE W,SYMES RD,39 m East of,Major Arterial,Mid-Block,Non Intersection,No Control,Clear,"Dark, artificial",Dry,Fatal,Pedestrian Collisions,Driver,unknown,,0,West,Passenger Van,Going Ahead,Other,Unknown, , , , , , ,1,0,1,0,0,0,0,0,0,0,0,0,0,1
4002804562,2014,8,30,4,59,5,43.67055853,-79.47650538,York South-Weston (11),11,Junction Area (90),90,D11,Etobicoke York,ST CLAIR AVE W,SYMES RD,39 m East of,Major Arterial,Mid-Block,Non Intersection,No Control,Clear,"Dark, artificial",Dry,Fatal,Pedestrian Collisions,Pedestrian,30 to 34,Fatal,25,East, , , , ,Pedestrian hit at mid-block,Walking on Roadway Against Traffic,Other, , , ,1,0,1,0,0,0,0,0,0,0,0,0,0,1
1097622,2009,3,13,5,0,4,43.68954538,-79.58729029,Etobicoke North (2),2,West Humber-Clairville (1),1,D23,Etobicoke York,ATTWELL DR,CARLSON CRT, ,Collector,Intersection,At Intersection,Stop Sign,Clear,Dark,Dry,Non-Fatal Injury,Turning Movement,Vehicle Owner,unknown, ,0, ,Other, , , , , , , , , ,0,0,1,0,1,0,0,0,0,0,0,0,0,0
1097622,2009,3,13,5,0,4,43.68954538,-79.58729029,Etobicoke North (2),2,West Humber-Clairville (1),1,D23,Etobicoke York,ATTWELL DR,CARLSON CRT, ,Collector,Intersection,At Intersection,Stop Sign,Clear,Dark,Dry,Non-Fatal Injury,Turning Movement,Truck Driver,50 to 54,Minimal,0,West,Truck - Open,Turning Left,Improper Turn,Normal, , , , , , ,0,0,1,0,1,0,0,0,0,0,0,0,0,0
1097622,2009,3,13,5,0,4,43.68954538,-79.58729029,Etobicoke North (2),2,West Humber-Clairville (1),1,D23,Etobicoke York,ATTWELL DR,CARLSON CRT, ,Collector,Intersection,At Intersection,Stop Sign,Clear,Dark,Dry,Non-Fatal Injury,Turning Movement,Driver,45 to 49,Major,0,North,"Automobile, Station Wagon",Going Ahead,Driving Properly,Normal, , , , , , ,0,0,1,0,1,0,0,0,0,0,0,0,0,0
1388488,2013,11,1,5,0,4,43.63647421,-79.39963923,Trinity-Spadina (20),20,Waterfront Communities-The Island (77),77,D14,Toronto East York,LAKE SHORE BLVD W,BATHURST ST, ,Major Arterial,Intersection, ,Traffic Signal,Rain,Dark,Wet,Non-Fatal Injury,Cyclist Collisions,Cyclist,30 to 34,Major,0,South,Bicycle,Going Ahead, , , , , ,Cyclist and Driver travelling in same direction. One vehicle rear-ended the other.,Disobeyed Traffic Control,Inattentive,0,1,1,0,0,0,0,0,0,0,0,0,0,0
1388488,2013,11,1,5,0,4,43.63647421,-79.39963923,Trinity-Spadina (20),20,Waterfront Communities-The Island (77),77,D14,Toronto East York,LAKE SHORE BLVD W,BATHURST ST, ,Major Arterial,Intersection, ,Traffic Signal,Rain,Dark,Wet,Non-Fatal Injury,Cyclist Collisions,Driver,20 to 24,,0,West,"Automobile, Station Wagon",Going Ahead,Driving Properly,Normal, , , , , , ,0,1,1,0,0,0,0,0,0,0,0,0,0,0
6000219266,2016,2,6,5,0,5,43.66398962,-79.45801935,Parkdale-High Park (14),14,Junction Area (90),90,D11,Toronto East York,DUNDAS ST W,ANNETTE ST,13 m North of,Minor Arterial,Mid-Block,At/Near Private Drive,No Control,Clear,"Dawn, artificial",Dry,Non-Fatal Injury,SMV Other,Driver,25 to 29,Major,0,North,"Automobile, Station Wagon",Going Ahead,Lost control,Unknown, , , , , , ,0,0,1,0,0,0,0,0,0,0,0,0,0,0
5001983106,2015,11,19,5,2,3,43.63147314,-79.53105555,Etobicoke-Lakeshore (5),5,Islington-City Centre West (14),14,D22,Etobicoke York,KIPLING AVE,NORSEMAN ST, ,Major Arterial,Intersection,At Intersection,Traffic Signal,Rain,"Dark, artificial",Wet,Non-Fatal Injury,Pedestrian Collisions,Driver,45 to 49,,0,South,"Automobile, Station Wagon",Turning Left,Failed to Yield Right of Way,Normal, , , , , , ,1,0,1,0,0,0,0,0,0,1,0,0,0,0
5001983106,2015,11,19,5,2,3,43.63147314,-79.53105555,Etobicoke-Lakeshore (5),5,Islington-City Centre West (14),14,D22,Etobicoke York,KIPLING AVE,NORSEMAN ST, ,Major Arterial,Intersection,At Intersection,Traffic Signal,Rain,"Dark, artificial",Wet,Non-Fatal Injury,Pedestrian Collisions,Pedestrian,40 to 44,Major,0,South, , , , ,Vehicle turns left while ped crosses with ROW at inter.,Crossing with right of way,Normal, , , ,1,0,1,0,0,0,0,0,0,1,0,0,0,0
973958,2007,5,28,5,5,0,43.79014538,-79.17339029,Scarborough East (44),44,Highland Creek (134),134,D43,Scarborough,ELLESMERE RD,MORRISH RD, ,Minor Arterial,Intersection,At Intersection,Traffic Signal,Clear,Dark,Dry,Non-Fatal Injury,Pedestrian Collisions,Driver,50 to 54,,0,South,"Automobile, Station Wagon",Turning Left,Failed to Yield Right of Way,Normal, , , , , , ,1,0,1,0,0,0,0,0,0,1,0,0,0,0
973958,2007,5,28,5,5,0,43.79014538,-79.17339029,Scarborough East (44),44,Highland Creek (134),134,D43,Scarborough,ELLESMERE RD,MORRISH RD, ,Minor Arterial,Intersection,At Intersection,Traffic Signal,Clear,Dark,Dry,Non-Fatal Injury,Pedestrian Collisions,Other Property Owner,unknown,,0, ,Other, , , , , , , , , ,1,0,1,0,0,0,0,0,0,1,0,0,0,0
973958,2007,5,28,5,5,0,43.79014538,-79.17339029,Scarborough East (44),44,Highland Creek (134),134,D43,Scarborough,ELLESMERE RD,MORRISH RD, ,Minor Arterial,Intersection,At Intersection,Traffic Signal,Clear,Dark,Dry,Non-Fatal Injury,Pedestrian Collisions,Pedestrian,55 to 59,Major,0, ,Other, , , ,Vehicle turns left while ped crosses with ROW at inter.,Crossing with right of way,Had Been Drinking, , , ,1,0,1,0,0,0,0,0,0,1,0,0,0,0
1187617,2010,7,30,5,5,4,43.69374538,-79.42259029,St. Paul's (21),21,Forest Hill South (101),101,D13,Toronto East York,BATHURST ST,ARDMORE RD, ,Major Arterial,Intersection,At Intersection,Stop Sign,Clear,Dark,Dry,Non-Fatal Injury,Turning Movement,Vehicle Owner,unknown, ,0, ,Other, , , , , , , , , ,0,0,1,0,0,0,0,0,0,1,0,0,0,0
1187617,2010,7,30,5,5,4,43.69374538,-79.42259029,St. Paul's (21),21,Forest Hill South (101),101,D13,Toronto East York,BATHURST ST,ARDMORE RD, ,Major Arterial,Intersection,At Intersection,Stop Sign,Clear,Dark,Dry,Non-Fatal Injury,Turning Movement,Driver,55 to 59,Major,0,West,"Automobile, Station Wagon",Turning Right,Failed to Yield Right of Way,Inattentive, , , , , , ,0,0,1,0,0,0,0,0,0,1,0,0,0,0
5001906446,2015,11,6,6,0,4,43.70923575,-79.50556574,York South-Weston (11),11,Weston (113),113,D12,Etobicoke York,JANE ST,CHURCH ST,19 m South of,Major Arterial,Intersection,Intersection Related,Traffic Signal,Rain,"Dark, artificial",Wet,Non-Fatal Injury,Pedestrian Collisions,Pedestrian,70 to 74,Major,0,West, , , , ,Vehicle turns left while ped crosses without ROW at inter.,"Crossing, no Traffic Control",Inattentive, , , ,1,0,1,0,0,0,0,0,0,0,0,0,0,0
1183452,2010,7,5,6,2,0,43.68054538,-79.49759029,York South-Weston (11),11,Rockcliffe-Smythe (111),111,D12,Etobicoke York,JANE St,BEXLEY Cres, ,Major Arterial,Intersection, ,No Control,Clear,Daylight,Dry,Non-Fatal Injury,Approaching,Driver,45 to 49,Minor,0,South,"Automobile, Station Wagon",Going Ahead,Driving Properly,Normal, , , , , , ,0,0,1,0,0,0,0,0,0,0,0,0,0,0
1183452,2010,7,5,6,2,0,43.68054538,-79.49759029,York South-Weston (11),11,Rockcliffe-Smythe (111),111,D12,Etobicoke York,JANE St,BEXLEY Cres, ,Major Arterial,Intersection, ,No Control,Clear,Daylight,Dry,Non-Fatal Injury,Approaching,Driver,35 to 39,Major,0,North,"Automobile, Station Wagon",Going Ahead,Other,Fatigue, , , , , , ,0,0,1,0,0,0,0,0,0,0,0,0,0,0
1183452,2010,7,5,6,2,0,43.68054538,-79.49759029,York South-Weston (11),11,Rockcliffe-Smythe (111),111,D12,Etobicoke York,JANE St,BEXLEY Cres, ,Major Arterial,Intersection, ,No Control,Clear,Daylight,Dry,Non-Fatal Injury,Approaching,Vehicle Owner,unknown, ,0, ,Other, , , , , , , , , ,0,0,1,0,0,0,0,0,0,0,0,0,0,0
1183452,2010,7,5,6,2,0,43.68054538,-79.49759029,York South-Weston (11),11,Rockcliffe-Smythe (111),111,D12,Etobicoke York,JANE St,BEXLEY Cres, ,Major Arterial,Intersection, ,No Control,Clear,Daylight,Dry,Non-Fatal Injury,Approaching,Driver,20 to 24,Minor,0,South,"Automobile, Station Wagon",Going Ahead,Driving Properly,Normal, , , , , , ,0,0,1,0,0,0,0,0,0,0,0,0,0,0