ACCNUM,YEAR,MONTH,DAY,HOUR,MINUTES,WEEKDAY,LATITUDE,LONGITUDE,Ward_Name,Ward_ID,Hood_Name,Hood_ID,Division,District,STREET1,STREET2,OFFSET,ROAD_CLASS,LOCCOORD,ACCLOC,TRAFFCTL,VISIBILITY,LIGHT,RDSFCOND,ACCLASS,IMPACTYPE,INVTYPE,INVAGE,INJURY,FATAL_NO,INITDIR,VEHTYPE,MANOEUVER,DRIVACT,DRIVCOND,PEDTYPE,PEDACT,PEDCOND,CYCLISTYPE,CYCACT,CYCCOND,PEDESTRIAN,CYCLIST,AUTOMOBILE,MOTORCYCLE,TRUCK,TRSN_CITY_VEH,EMERG_VEH,PASSENGER,SPEEDING,AG_DRIV,REDLIGHT,ALCOHOL,DISABILITY,label
5002013764,2015,11,24,6,3,1,43.80142172,-79.26377497,Scarborough-Rouge River (41),41,Agincourt North (129),129,D42,Scarborough,MCCOWAN RD,KENHATCH BLVD, ,Major Arterial,Intersection,At Intersection,Traffic Signal,Snow,Dark,Wet,Fatal,Pedestrian Collisions,Driver,25 to 29,,0,North,"Automobile, Station Wagon",Going Ahead,Disobeyed Traffic Control,Had Been Drinking, , , , , , ,1,0,1,0,0,0,0,0,0,1,1,0,0,1
5002013764,2015,11,24,6,3,1,43.80142172,-79.26377497,Scarborough-Rouge River (41),41,Agincourt North (129),129,D42,Scarborough,MCCOWAN RD,KENHATCH BLVD, ,Major Arterial,Intersection,At Intersection,Traffic Signal,Snow,Dark,Wet,Fatal,Pedestrian Collisions,Pedestrian,25 to 29,Fatal,57,Unknown, , , , ,Vehicle is going straight thru inter.while ped cross with ROW,Crossing with right of way,Normal, , , ,1,0,1,0,0,0,0,0,0,1,1,0,0,1
7003224827,2017,12,19,6,3,1,43.66635138,-79.31657029,Beaches-East York (32),32,Greenwood-Coxwell (65),65,D55,Toronto East York,COXWELL AVE,QUEEN ST E, ,Minor Arterial,Intersection,At Intersection,Traffic Signal,Clear,Dark,Wet,Non-Fatal Injury,Pedestrian Collisions,Truck Driver,30 to 34,,0,South,"Truck - Closed (Blazer, etc)",Turning Left,Failed to Yield Right of Way,Inattentive, , , , , , ,1,0,0,0,1,0,0,0,0,1,0,0,0,0
7003224827,2017,12,19,6,3,1,43.66635138,-79.31657029,Beaches-East York (32),32,Greenwood-Coxwell (65),65,D55,Toronto East York,COXWELL AVE,QUEEN ST E, ,Minor Arterial,Intersection,At Intersection,Traffic Signal,Clear,Dark,Wet,Non-Fatal Injury,Pedestrian Collisions,Pedestrian,70 to 74,Major,0, , , , , , , ,Normal, , , ,1,0,0,0,1,0,0,0,0,1,0,0,0,0
993820,2007,10,1,6,5,0,43.73024538,-79.40359029,Eglinton-Lawrence (16),16,Lawrence Park North (105),105,D32,North York,YONGE ST,GLENFOREST RD, ,Major Arterial,Intersection,At Intersection,No Control,Clear,Dark,Dry,Fatal,Pedestrian Collisions,Vehicle Owner,unknown, ,0, ,Other, , , , , , , , , ,1,0,0,0,1,0,0,0,0,1,0,0,0,1
993820,2007,10,1,6,5,0,43.73024538,-79.40359029,Eglinton-Lawrence (16),16,Lawrence Park North (105),105,D32,North York,YONGE ST,GLENFOREST RD, ,Major Arterial,Intersection,At Intersection,No Control,Clear,Dark,Dry,Fatal,Pedestrian Collisions,Truck Driver,35 to 39,,0,South,Truck - Open,Turning Left,Failed to Yield Right of Way,Normal, , , , , , ,1,0,0,0,1,0,0,0,0,1,0,0,0,1
993820,2007,10,1,6,5,0,43.73024538,-79.40359029,Eglinton-Lawrence (16),16,Lawrence Park North (105),105,D32,North York,YONGE ST,GLENFOREST RD, ,Major Arterial,Intersection,At Intersection,No Control,Clear,Dark,Dry,Fatal,Pedestrian Collisions,Pedestrian,70 to 74,Fatal,0,North,Other, , , ,Vehicle turns left while ped crosses with ROW at inter.,Crossing with right of way,Unknown, , , ,1,0,0,0,1,0,0,0,0,1,0,0,0,1
6000754658,2016,5,3,6,5,1,43.68179663,-79.43655787,Davenport (17),17,Oakwood Village (107),107,D13,Etobicoke York,OAKWOOD AVE,GLENHURST AVE, ,Minor Arterial,Intersection,At Intersection,No Control,Clear,"Dawn, artificial",Dry,Non-Fatal Injury,Turning Movement,Driver,55 to 59,Minor,0,South,Pick Up Truck,Turning Left,Failed to Yield Right of Way,Inattentive, , , , , , ,0,0,1,1,0,0,0,0,0,1,0,0,0,0
6000754658,2016,5,3,6,5,1,43.68179663,-79.43655787,Davenport (17),17,Oakwood Village (107),107,D13,Etobicoke York,OAKWOOD AVE,GLENHURST AVE, ,Minor Arterial,Intersection,At Intersection,No Control,Clear,"Dawn, artificial",Dry,Non-Fatal Injury,Turning Movement,Motorcycle Driver,50 to 54,Major,0,North,Motorcycle,Going Ahead,Driving Properly,Normal, , , , , , ,0,0,1,1,0,0,0,0,0,1,0,0,0,0
1249510,2011,8,16,6,6,1,43.65274538,-79.43739029,Davenport (18),18,Dufferin Grove (83),83,D11,Toronto East York,374 BROCK AVE,PUBLIC LANE, ,Laneway,"Park, Private Property, Public Lane", ,No Control,Clear,Daylight,Dry,Fatal,SMV Other,Driver,55 to 59,Fatal,20,North,"Automobile, Station Wagon",Reversing,Other,Normal, , , , , , ,0,0,1,0,0,0,0,0,0,0,0,0,0,1
1249510,2011,8,16,6,6,1,43.65274538,-79.43739029,Davenport (18),18,Dufferin Grove (83),83,D11,Toronto East York,374 BROCK AVE,PUBLIC LANE, ,Laneway,"Park, Private Property, Public Lane", ,No Control,Clear,Daylight,Dry,Fatal,SMV Other,Other,unknown,,0, ,Other,Other, , , , , , , , ,0,0,1,0,0,0,0,0,0,0,0,0,0,1
1225560,2011,3,31,6,7,3,43.65844538,-79.37019029,Toronto Centre-Rosedale (28),28,Moss Park (73),73,D51,Toronto East York,DUNDAS ST E,OSKENONTON  LANE, ,Major Arterial,Intersection,At Intersection,No Control,Rain,Dawn,Wet,Non-Fatal Injury,Pedestrian Collisions,Driver,50 to 54,,0,East,"Automobile, Station Wagon",Going Ahead,Driving Properly,Normal, , , , , , ,1,0,1,0,0,0,0,0,0,0,0,0,0,0
1225560,2011,3,31,6,7,3,43.65844538,-79.37019029,Toronto Centre-Rosedale (28),28,Moss Park (73),73,D51,Toronto East York,DUNDAS ST E,OSKENONTON  LANE, ,Major Arterial,Intersection,At Intersection,No Control,Rain,Dawn,Wet,Non-Fatal Injury,Pedestrian Collisions,Pedestrian,65 to 69,Major,0,North,Other, , , ,Vehicle is going straight thru inter.while ped cross without ROW,"Crossing, no Traffic Control",Inattentive, , , ,1,0,1,0,0,0,0,0,0,0,0,0,0,0
1140679,2009,11,9,6,9,0,43.68404538,-79.32019029,Beaches-East York (32),32,Woodbine Corridor (64),64,D55,Toronto East York,DANFORTH AVE,DRAYTON AVE, ,Major Arterial,Intersection,At Intersection,No Control,Clear,Dark,Dry,Non-Fatal Injury,Pedestrian Collisions,Motorcycle Driver,60 to 64,,0,West,Motorcycle,Going Ahead,Driving Properly,Normal, , , , , , ,1,0,0,1,0,0,0,0,0,0,0,0,0,0
1140679,2009,11,9,6,9,0,43.68404538,-79.32019029,Beaches-East York (32),32,Woodbine Corridor (64),64,D55,Toronto East York,DANFORTH AVE,DRAYTON AVE, ,Major Arterial,Intersection,At Intersection,No Control,Clear,Dark,Dry,Non-Fatal Injury,Pedestrian Collisions,Pedestrian,40 to 44,Major,0,North,Other, , , ,Vehicle is going straight thru inter.while ped cross without ROW,"Crossing, no Traffic Control",Inattentive, , , ,1,0,0,1,0,0,0,0,0,0,0,0,0,0
994409,2007,9,11,6,10,1,43.76574538,-79.28109029,Scarborough Centre (37),37,Dorset Park (126),126,D41,Scarborough,KENNEDY RD,ELLESMERE RD, ,Major Arterial,Intersection,At Intersection,Traffic Signal,Rain,Dark,Wet,Non-Fatal Injury,Pedestrian Collisions,Driver,55 to 59,,0,East,"Automobile, Station Wagon",Turning Left,Failed to Yield Right of Way,Unknown, , , , , , ,1,0,1,0,0,0,0,0,0,1,0,0,0,0
994409,2007,9,11,6,10,1,43.76574538,-79.28109029,Scarborough Centre (37),37,Dorset Park (126),126,D41,Scarborough,KENNEDY RD,ELLESMERE RD, ,Major Arterial,Intersection,At Intersection,Traffic Signal,Rain,Dark,Wet,Non-Fatal Injury,Pedestrian Collisions,Pedestrian,45 to 49,Major,0,East,Other, , , ,Vehicle turns left while ped crosses with ROW at inter.,Crossing with right of way,Normal, , , ,1,0,1,0,0,0,0,0,0,1,0,0,0,0
1000339,2007,11,3,6,10,5,43.77774538,-79.51109029,York West (8),8,York University Heights (27),27,D31,North York,STEELES AVE W,NORTHWEST GT, ,Major Arterial,Intersection,At Intersection,No Control,Clear,Dark,Dry,Non-Fatal Injury,Pedestrian Collisions,Driver,55 to 59,,0,West,"Automobile, Station Wagon",Going Ahead,Driving Properly,Normal, , , , , , ,1,0,1,0,0,0,0,0,0,0,0,0,0,0
1000339,2007,11,3,6,10,5,43.77774538,-79.51109029,York West (8),8,York University Heights (27),27,D31,North York,STEELES AVE W,NORTHWEST GT, ,Major Arterial,Intersection,At Intersection,No Control,Clear,Dark,Dry,Non-Fatal Injury,Pedestrian Collisions,Pedestrian,25 to 29,Major,0,South,Other, , , ,Pedestrian hit at mid-block,"Crossing, no Traffic Control",Had Been Drinking, , , ,1,0,1,0,0,0,0,0,0,0,0,0,0,0
1059047,2008,9,6,6,10,5,43.64454611,-79.56718836,Etobicoke Centre (3),3,Etobicoke West Mall (13),13,D22,Etobicoke York,BURNHAMTHORPE RD,THE WEST MALL, ,Major Arterial,Intersection,At Intersection,Traffic Signal,Rain,Dark,Wet,Non-Fatal Injury,Pedestrian Collisions,Driver,45 to 49,,0,West,"Automobile, Station Wagon",Going Ahead,Driving Properly,Normal, , , , , , ,1,0,1,0,0,0,0,0,0,0,0,0,0,0
1059047,2008,9,6,6,10,5,43.64454611,-79.56718836,Etobicoke Centre (3),3,Etobicoke West Mall (13),13,D22,Etobicoke York,BURNHAMTHORPE RD,THE WEST MALL, ,Major Arterial,Intersection,At Intersection,Traffic Signal,Rain,Dark,Wet,Non-Fatal Injury,Pedestrian Collisions,Pedestrian,50 to 54,Major,0, ,Other,Other, , ,Vehicle is going straight thru inter.while ped cross without ROW,Crossing without right of way,Inattentive, , , ,1,0,1,0,0,0,0,0,0,0,0,0,0,0
142120007,2014,5,21,6,10,2,43.6992298,-79.58712397,Etobicoke North (2),2,West Humber-Clairville (1),1,D23,Etobicoke York,HIGHWAY 27  S,BELFIELD RD, ,Major Arterial,Intersection, ,Traffic Signal,Clear,Daylight,Dry,Fatal,Rear End,Driver,60 to 64,Minor,0,South,"Automobile, Station Wagon",Going Ahead,Other,Normal, , , , , , ,0,0,1,0,0,0,0,0,0,0,0,0,0,1
142120007,2014,5,21,6,10,2,43.6992298,-79.58712397,Etobicoke North (2),2,West Humber-Clairville (1),1,D23,Etobicoke York,HIGHWAY 27  S,BELFIELD RD, ,Major Arterial,Intersection, ,Traffic Signal,Clear,Daylight,Dry,Fatal,Rear End,Driver,35 to 39,Minor,0,South,"Automobile, Station Wagon",Stopped,Driving Properly,Normal, , , , , , ,0,0,1,0,0,0,0,0,0,0,0,0,0,1
142120007,2014,5,21,6,10,2,43.6992298,-79.58712397,Etobicoke North (2),2,West Humber-Clairville (1),1,D23,Etobicoke York,HIGHWAY 27  S,BELFIELD RD, ,Major Arterial,Intersection, ,Traffic Signal,Clear,Daylight,Dry,Fatal,Rear End,Driver,30 to 34,Minor,0,South,"Automobile, Station Wagon",Stopped,Driving Properly,Normal, , , , , , ,0,0,1,0,0,0,0,0,0,0,0,0,0,1
142120007,2014,5,21,6,10,2,43.6992298,-79.58712397,Etobicoke North (2),2,West Humber-Clairville (1),1,D23,Etobicoke York,HIGHWAY 27  S,BELFIELD RD, ,Major Arterial,Intersection, ,Traffic Signal,Clear,Daylight,Dry,Fatal,Rear End,Driver,30 to 34,,0,South,"Automobile, Station Wagon",Stopped,Driving Properly,Normal, , , , , , ,0,0,1,0,0,0,0,0,0,0,0,0,0,1
142120007,2014,5,21,6,10,2,43.6992298,-79.58712397,Etobicoke North (2),2,West Humber-Clairville (1),1,D23,Etobicoke York,HIGHWAY 27  S,BELFIELD RD, ,Major Arterial,Intersection, ,Traffic Signal,Clear,Daylight,Dry,Fatal,Rear End,Driver,50 to 54,,0,South,"Automobile, Station Wagon",Stopped,Driving Properly,Normal, , , , , , ,0,0,1,0,0,0,0,0,0,0,0,0,0,1
142120007,2014,5,21,6,10,2,43.6992298,-79.58712397,Etobicoke North (2),2,West Humber-Clairville (1),1,D23,Etobicoke York,HIGHWAY 27  S,BELFIELD RD, ,Major Arterial,Intersection, ,Traffic Signal,Clear,Daylight,Dry,Fatal,Rear End,Driver,40 to 44,Fatal,10,South,"Automobile, Station Wagon",Stopped,Driving Properly,Normal, , , , , , ,0,0,1,0,0,0,0,0,0,0,0,0,0,1
4002797820,2014,8,29,6,10,4,43.67391928,-79.30791865,Beaches-East York (32),32,The Beaches (63),63,D55,Toronto East York,KINGSTON  RD,WOODBINE AVE, ,Major Arterial,Intersection,At Intersection,Traffic Signal,Clear,Dawn,Dry,Non-Fatal Injury,Turning Movement,Driver,50 to 54,,0,East,"Automobile, Station Wagon",Turning Left,Improper Turn,Normal, , , , , , ,0,0,1,1,0,0,0,0,0,0,0,0,0,0
4002797820,2014,8,29,6,10,4,43.67391928,-79.30791865,Beaches-East York (32),32,The Beaches (63),63,D55,Toronto East York,KINGSTON  RD,WOODBINE AVE, ,Major Arterial,Intersection,At Intersection,Traffic Signal,Clear,Dawn,Dry,Non-Fatal Injury,Turning Movement,Motorcycle Driver,60 to 64,Major,0,West,Motorcycle,Going Ahead,Driving Properly,Normal, , , , , , ,0,0,1,1,0,0,0,0,0,0,0,0,0,0
5001612624,2015,9,18,6,10,4,43.6641651,-79.32620631,Beaches-East York (32),32,Greenwood-Coxwell (65),65,D55,Toronto East York,QUEEN ST E,HILTZ AVE,5 m West of,Minor Arterial,Intersection,Non Intersection,No Control,Clear,Dark,Dry,Fatal,Approaching,Motorcycle Driver,35 to 39,Fatal,43,East,Motorcycle,Going Ahead,Lost control,Inattentive, , , , , , ,0,0,0,1,0,1,0,0,0,0,0,0,0,1
5001612624,2015,9,18,6,10,4,43.6641651,-79.32620631,Beaches-East York (32),32,Greenwood-Coxwell (65),65,D55,Toronto East York,QUEEN ST E,HILTZ AVE,5 m West of,Minor Arterial,Intersection,Non Intersection,No Control,Clear,Dark,Dry,Fatal,Approaching,Driver,30 to 34,,0,West,Street Car,Going Ahead,Driving Properly,Normal, , , , , , ,0,0,0,1,0,1,0,0,0,0,0,0,0,1
6001599913,2016,9,9,6,10,4,43.77947958,-79.32498559999999,Scarborough-Agincourt (40),40,L'Amoreaux (117),117,D42,North York,VICTORIA PARK AVE,HUNTINGWOOD DR,100 m South of,Major Arterial,Mid-Block,Non Intersection,No Control,Clear,"Dark, artificial",Dry,Non-Fatal Injury,SMV Other,Driver,35 to 39,Major,0,North,"Automobile, Station Wagon",Going Ahead,Lost control,Fatigue, , , , , , ,0,0,1,0,0,0,0,0,0,0,0,0,0,0
1338878,2012,12,10,6,11,0,43.76954538,-79.34649029,Don Valley East (33),33,Henry Farm (53),53,D33,North York,DON MILLS RD,HAVENBROOK BLVD, ,Major Arterial,Intersection,At Intersection,Traffic Signal,Rain,Dark,Wet,Non-Fatal Injury,Pedestrian Collisions,Driver,40 to 44,,0,East,"Automobile, Station Wagon",Turning Right,Failed to Yield Right of Way,Inattentive, , , , , , ,1,0,1,0,0,0,0,0,0,1,0,0,0,0
1338878,2012,12,10,6,11,0,43.76954538,-79.34649029,Don Valley East (33),33,Henry Farm (53),53,D33,North York,DON MILLS RD,HAVENBROOK BLVD, ,Major Arterial,Intersection,At Intersection,Traffic Signal,Rain,Dark,Wet,Non-Fatal Injury,Pedestrian Collisions,Pedestrian,30 to 34,Major,0,East,Other, , , ,Vehicle turns right while ped crosses with ROW at inter.,Crossing with right of way,Normal, , , ,1,0,1,0,0,0,0,0,0,1,0,0,0,0
1339179,2012,12,12,6,11,2,43.65272101,-79.36323939,Toronto Centre-Rosedale (28),28,Moss Park (73),73,D51,Toronto East York,PARLIAMENT ST,KING ST E, ,Major Arterial,Intersection,At Intersection,Traffic Signal,Clear,Dark,Dry,Non-Fatal Injury,Angle,Driver,55 to 59,,0,South,"Automobile, Station Wagon",Going Ahead,Disobeyed Traffic Control,Inattentive, , , , , , ,0,0,1,0,0,0,0,0,1,1,1,0,0,0
1339179,2012,12,12,6,11,2,43.65272101,-79.36323939,Toronto Centre-Rosedale (28),28,Moss Park (73),73,D51,Toronto East York,PARLIAMENT ST,KING ST E, ,Major Arterial,Intersection,At Intersection,Traffic Signal,Clear,Dark,Dry,Non-Fatal Injury,Angle,Vehicle Owner,unknown, ,0, ,Other, , , , , , , , , ,0,0,1,0,0,0,0,0,1,1,1,0,0,0
1339179,2012,12,12,6,11,2,43.65272101,-79.36323939,Toronto Centre-Rosedale (28),28,Moss Park (73),73,D51,Toronto East York,PARLIAMENT ST,KING ST E, ,Major Arterial,Intersection,At Intersection,Traffic Signal,Clear,Dark,Dry,Non-Fatal Injury,Angle,Driver,45 to 49,,0,North,"Automobile, Station Wagon",Stopped,Driving Properly,Normal, , , , , , ,0,0,1,0,0,0,0,0,1,1,1,0,0,0
1339179,2012,12,12,6,11,2,43.65272101,-79.36323939,Toronto Centre-Rosedale (28),28,Moss Park (73),73,D51,Toronto East York,PARLIAMENT ST,KING ST E, ,Major Arterial,Intersection,At Intersection,Traffic Signal,Clear,Dark,Dry,Non-Fatal Injury,Angle,Vehicle Owner,unknown, ,0, ,Other, , , , , , , , , ,0,0,1,0,0,0,0,0,1,1,1,0,0,0
1339179,2012,12,12,6,11,2,43.65272101,-79.36323939,Toronto Centre-Rosedale (28),28,Moss Park (73),73,D51,Toronto East York,PARLIAMENT ST,KING ST E, ,Major Arterial,Intersection,At Intersection,Traffic Signal,Clear,Dark,Dry,Non-Fatal Injury,Angle,Driver,40 to 44,Major,0,East,"Automobile, Station Wagon",Going Ahead,Driving Properly,Normal, , , , , , ,0,0,1,0,0,0,0,0,1,1,1,0,0,0
1339179,2012,12,12,6,11,2,43.65272101,-79.36323939,Toronto Centre-Rosedale (28),28,Moss Park (73),73,D51,Toronto East York,PARLIAMENT ST,KING ST E, ,Major Arterial,Intersection,At Intersection,Traffic Signal,Clear,Dark,Dry,Non-Fatal Injury,Angle,Vehicle Owner,unknown, ,0, ,Other, , , , , , , , , ,0,0,1,0,0,0,0,0,1,1,1,0,0,0
1339179,2012,12,12,6,11,2,43.65272101,-79.36323939,Toronto Centre-Rosedale (28),28,Moss Park (73),73,D51,Toronto East York,PARLIAMENT ST,KING ST E, ,Major Arterial,Intersection,At Intersection,Traffic Signal,Clear,Dark,Dry,Non-Fatal Injury,Angle,Driver,40 to 44,,0,North,"Automobile, Station Wagon",Stopped,Driving Properly,Normal, , , , , , ,0,0,1,0,0,0,0,0,1,1,1,0,0,0
1089526,2009,2,17,6,13,1,43.81464538,-79.29219029,Scarborough-Rouge River (41),41,Milliken (130),130,D42,Scarborough,MCNICOLL Aven,MIDLAND Aven, ,Minor Arterial,Intersection,At Intersection,Traffic Controller,Clear,Dark,Dry,Non-Fatal Injury,Pedestrian Collisions,Pedestrian,50 to 54,Major,0, ,Other,Other, , , , , , , , ,1,0,1,0,0,0,0,0,0,0,0,0,0,0
1089526,2009,2,17,6,13,1,43.81464538,-79.29219029,Scarborough-Rouge River (41),41,Milliken (130),130,D42,Scarborough,MCNICOLL Aven,MIDLAND Aven, ,Minor Arterial,Intersection,At Intersection,Traffic Controller,Clear,Dark,Dry,Non-Fatal Injury,Pedestrian Collisions,Driver,unknown,,0, ,"Automobile, Station Wagon",Going Ahead, , , , , , , , ,1,0,1,0,0,0,0,0,0,0,0,0,0,0
1089527,2009,2,17,6,13,1,43.81454538,-79.29219029,Scarborough-Rouge River (41),41,Milliken (130),130,D42,Scarborough,MCNICOLL AVE,MIDLAND AVE, ,Minor Arterial,Intersection,At Intersection,Traffic Signal,Clear,Dark,Dry,Non-Fatal Injury,Pedestrian Collisions,Driver,55 to 59,,0,West,"Automobile, Station Wagon",Turning Left,Failed to Yield Right of Way,Unknown, , , , , , ,1,0,1,0,0,0,0,0,0,1,0,0,0,0
1089527,2009,2,17,6,13,1,43.81454538,-79.29219029,Scarborough-Rouge River (41),41,Milliken (130),130,D42,Scarborough,MCNICOLL AVE,MIDLAND AVE, ,Minor Arterial,Intersection,At Intersection,Traffic Signal,Clear,Dark,Dry,Non-Fatal Injury,Pedestrian Collisions,Pedestrian,60 to 64,Major,0,Unknown,Other, , , ,Vehicle turns left while ped crosses with ROW at inter.,Crossing with right of way,Unknown, , , ,1,0,1,0,0,0,0,0,0,1,0,0,0,0
1369473,2013,8,7,6,13,2,43.6681629,-79.36954890000001,Toronto Centre-Rosedale (28),28,Cabbagetown-South St.James Town (71),71,D51,Toronto East York,WELLESLEY ST E,PARLIAMENT ST, ,Minor Arterial,Intersection,At Intersection,Traffic Signal,Clear,Dawn,Dry,Non-Fatal Injury,Pedestrian Collisions,Driver,55 to 59,,0,South,"Automobile, Station Wagon",Turning Right,Failed to Yield Right of Way,Normal, , , , , , ,1,0,1,0,0,0,0,0,0,1,0,0,0,0
1369473,2013,8,7,6,13,2,43.6681629,-79.36954890000001,Toronto Centre-Rosedale (28),28,Cabbagetown-South St.James Town (71),71,D51,Toronto East York,WELLESLEY ST E,PARLIAMENT ST, ,Minor Arterial,Intersection,At Intersection,Traffic Signal,Clear,Dawn,Dry,Non-Fatal Injury,Pedestrian Collisions, ,unknown, ,0, ,Other, , , , , , , , , ,1,0,1,0,0,0,0,0,0,1,0,0,0,0
1369473,2013,8,7,6,13,2,43.6681629,-79.36954890000001,Toronto Centre-Rosedale (28),28,Cabbagetown-South St.James Town (71),71,D51,Toronto East York,WELLESLEY ST E,PARLIAMENT ST, ,Minor Arterial,Intersection,At Intersection,Traffic Signal,Clear,Dawn,Dry,Non-Fatal Injury,Pedestrian Collisions,Pedestrian,20 to 24,Major,0,South,Other, , , ,Vehicle turns right while ped crosses with ROW at inter.,Crossing with right of way,Unknown, , , ,1,0,1,0,0,0,0,0,0,1,0,0,0,0
1176062,2010,5,21,6,14,4,43.64203222,-79.41196070000001,Trinity-Spadina (19),19,Niagara (82),82,D14,Toronto East York,KING ST W,STRACHAN AVE, ,Major Arterial,Intersection, ,No Control,Clear,Daylight,Dry,Non-Fatal Injury,Pedestrian Collisions,Vehicle Owner,unknown, ,0, ,Other, , , , , , , , , ,1,0,0,0,0,1,0,0,0,0,0,0,0,0
1176062,2010,5,21,6,14,4,43.64203222,-79.41196070000001,Trinity-Spadina (19),19,Niagara (82),82,D14,Toronto East York,KING ST W,STRACHAN AVE, ,Major Arterial,Intersection, ,No Control,Clear,Daylight,Dry,Non-Fatal Injury,Pedestrian Collisions,Driver,30 to 34,,0,East,Municipal Transit Bus (TTC),Going Ahead,Driving Properly,Normal, , , , , , ,1,0,0,0,0,1,0,0,0,0,0,0,0,0
1176062,2010,5,21,6,14,4,43.64203222,-79.41196070000001,Trinity-Spadina (19),19,Niagara (82),82,D14,Toronto East York,KING ST W,STRACHAN AVE, ,Major Arterial,Intersection, ,No Control,Clear,Daylight,Dry,Non-Fatal Injury,Pedestrian Collisions,Pedestrian,45 to 49,Major,0,North,Other, , , ,Pedestrian involved in a collision with transit vehicle anywhere along roadway,"Crossing, no Traffic Control",Had Been Drinking, , , ,1,0,0,0,0,1,0,0,0,0,0,0,0,0
1225333,2011,1,11,6,15,1,43.73144538,-79.27119029,Scarborough Southwest (35),35,Ionview (125),125,D41,Scarborough,EGLINTON AVE E,IONVIEW RD, ,Major Arterial,Intersection,At Intersection,Traffic Signal,Clear,Dawn,Wet,Non-Fatal Injury,Rear End,Driver,40 to 44,Minor,0,West,"Automobile, Station Wagon",Stopped,Driving Properly,Normal, , , , , , ,0,0,1,0,0,0,0,1,0,1,0,0,0,0
1225333,2011,1,11,6,15,1,43.73144538,-79.27119029,Scarborough Southwest (35),35,Ionview (125),125,D41,Scarborough,EGLINTON AVE E,IONVIEW RD, ,Major Arterial,Intersection,At Intersection,Traffic Signal,Clear,Dawn,Wet,Non-Fatal Injury,Rear End,Passenger,30 to 34,Major,0, ,Other, , , , , , , , , ,0,0,1,0,0,0,0,1,0,1,0,0,0,0
1225333,2011,1,11,6,15,1,43.73144538,-79.27119029,Scarborough Southwest (35),35,Ionview (125),125,D41,Scarborough,EGLINTON AVE E,IONVIEW RD, ,Major Arterial,Intersection,At Intersection,Traffic Signal,Clear,Dawn,Wet,Non-Fatal Injury,Rear End,Vehicle Owner,unknown, ,0, ,Other, , , , , , , , , ,0,0,1,0,0,0,0,1,0,1,0,0,0,0
1225333,2011,1,11,6,15,1,43.73144538,-79.27119029,Scarborough Southwest (35),35,Ionview (125),125,D41,Scarborough,EGLINTON AVE E,IONVIEW RD, ,Major Arterial,Intersection,At Intersection,Traffic Signal,Clear,Dawn,Wet,Non-Fatal Injury,Rear End,Driver,40 to 44,Minimal,0,West,"Automobile, Station Wagon",Going Ahead,Following too Close,Normal, , , , , , ,0,0,1,0,0,0,0,1,0,1,0,0,0,0
1320057,2012,9,6,6,15,3,43.72404538,-79.26449029,Scarborough Southwest (35),35,Kennedy Park (124),124,D41,Scarborough,KENNEDY RD,FOXRIDGE DR, ,Major Arterial,Intersection,At Intersection,No Control,Clear,"Daylight, artificial",Dry,Non-Fatal Injury,Cyclist Collisions,Driver,50 to 54,,0,North,"Automobile, Station Wagon",Turning Left,Failed to Yield Right of Way,Normal, , , , , , ,0,1,1,0,0,0,0,0,0,1,0,0,0,0
1320057,2012,9,6,6,15,3,43.72404538,-79.26449029,Scarborough Southwest (35),35,Kennedy Park (124),124,D41,Scarborough,KENNEDY RD,FOXRIDGE DR, ,Major Arterial,Intersection,At Intersection,No Control,Clear,"Daylight, artificial",Dry,Non-Fatal Injury,Cyclist Collisions,Cyclist,35 to 39,Major,0,South,Bicycle,Going Ahead, , , , , ,Motorist turned left across cyclists path.,Driving Properly,Normal,0,1,1,0,0,0,0,0,0,1,0,0,0,0
4001727505,2014,3,19,6,15,2,43.66459234,-79.35595331,Toronto-Danforth (30),30,South Riverdale (70),70,D55,Toronto East York,DON VALLEY PARKWAY  S,GERRARD ST E, ,Expressway,Mid-Block,Non Intersection,No Control,Clear,Dark,Dry,Non-Fatal Injury,Pedestrian Collisions,Driver,30 to 34,,0,South,"Automobile, Station Wagon",Going Ahead,Driving Properly,Normal, , , , , , ,1,0,1,0,0,0,0,0,0,0,0,0,0,0
4001727505,2014,3,19,6,15,2,43.66459234,-79.35595331,Toronto-Danforth (30),30,South Riverdale (70),70,D55,Toronto East York,DON VALLEY PARKWAY  S,GERRARD ST E, ,Expressway,Mid-Block,Non Intersection,No Control,Clear,Dark,Dry,Non-Fatal Injury,Pedestrian Collisions,Pedestrian,35 to 39,Major,0,Unknown, , , , ,Pedestrian hit at mid-block,Other,Unknown, , , ,1,0,1,0,0,0,0,0,0,0,0,0,0,0
4001729186,2014,3,19,6,15,2,43.66433676,-79.35586939,Toronto-Danforth (30),30,South Riverdale (70),70,D55,Toronto East York,DON VALLEY PARKWAY  S,GERRARD ST E, ,Expressway,Mid-Block,Non Intersection,No Control,Clear,Dark,Dry,Non-Fatal Injury,Pedestrian Collisions,Driver,60 to 64,,0,South,"Automobile, Station Wagon",Going Ahead,Driving Properly,Normal, , , , , , ,1,0,1,0,0,0,0,0,0,0,0,0,0,0