ACCNUM,YEAR,MONTH,DAY,HOUR,MINUTES,WEEKDAY,LATITUDE,LONGITUDE,Ward_Name,Ward_ID,Hood_Name,Hood_ID,Division,District,STREET1,STREET2,OFFSET,ROAD_CLASS,LOCCOORD,ACCLOC,TRAFFCTL,VISIBILITY,LIGHT,RDSFCOND,ACCLASS,IMPACTYPE,INVTYPE,INVAGE,INJURY,FATAL_NO,INITDIR,VEHTYPE,MANOEUVER,DRIVACT,DRIVCOND,PEDTYPE,PEDACT,PEDCOND,CYCLISTYPE,CYCACT,CYCCOND,PEDESTRIAN,CYCLIST,AUTOMOBILE,MOTORCYCLE,TRUCK,TRSN_CITY_VEH,EMERG_VEH,PASSENGER,SPEEDING,AG_DRIV,REDLIGHT,ALCOHOL,DISABILITY,label
951370,2007,2,5,5,23,0,43.69844538,-79.46349029,Eglinton-Lawrence (15),15,Briar Hill-Belgravia (108),108,D13,North York,CALEDONIA RD,CASTLEFIELD AVE, ,Minor Arterial,Intersection,At Intersection,Traffic Signal,Clear,Dark,Dry,Fatal,Angle,Passenger,20 to 24,Minor,0, ,Other, , , , , , , , , ,0,0,1,0,0,0,0,1,0,1,1,0,0,1
951370,2007,2,5,5,23,0,43.69844538,-79.46349029,Eglinton-Lawrence (15),15,Briar Hill-Belgravia (108),108,D13,North York,CALEDONIA RD,CASTLEFIELD AVE, ,Minor Arterial,Intersection,At Intersection,Traffic Signal,Clear,Dark,Dry,Fatal,Angle,Driver,20 to 24,Minor,0,North,"Automobile, Station Wagon",Going Ahead,Disobeyed Traffic Control,Unknown, , , , , , ,0,0,1,0,0,0,0,1,0,1,1,0,0,1
951370,2007,2,5,5,23,0,43.69844538,-79.46349029,Eglinton-Lawrence (15),15,Briar Hill-Belgravia (108),108,D13,North York,CALEDONIA RD,CASTLEFIELD AVE, ,Minor Arterial,Intersection,At Intersection,Traffic Signal,Clear,Dark,Dry,Fatal,Angle,Other Property Owner,unknown, ,0, ,Other, , , , , , , , , ,0,0,1,0,0,0,0,1,0,1,1,0,0,1
1157272,2010,3,12,5,23,4,43.67274538,-79.35879029,Toronto-Danforth (30),30,North Riverdale (68),68,D55,Toronto East York,ROYAL DR,DON VALLEY PARKWAY  N, ,Expressway Ramp,Mid-Block, ,No Control,Clear,Dark,Dry,Fatal,SMV Other,Passenger,45 to 49,Minor,0, ,Other, , , , , , , , , ,0,0,0,0,1,0,0,1,1,1,0,0,0,1
1157272,2010,3,12,5,23,4,43.67274538,-79.35879029,Toronto-Danforth (30),30,North Riverdale (68),68,D55,Toronto East York,ROYAL DR,DON VALLEY PARKWAY  N, ,Expressway Ramp,Mid-Block, ,No Control,Clear,Dark,Dry,Fatal,SMV Other,Vehicle Owner,unknown, ,0, ,Other, , , , , , , , , ,0,0,0,0,1,0,0,1,1,1,0,0,0,1
1157272,2010,3,12,5,23,4,43.67274538,-79.35879029,Toronto-Danforth (30),30,North Riverdale (68),68,D55,Toronto East York,ROYAL DR,DON VALLEY PARKWAY  N, ,Expressway Ramp,Mid-Block, ,No Control,Clear,Dark,Dry,Fatal,SMV Other,Truck Driver,30 to 34,Fatal,15,South,Truck - Open,Going Ahead,Speed too Fast For Condition,Normal, , , , , , ,0,0,0,0,1,0,0,1,1,1,0,0,0,1
1157272,2010,3,12,5,23,4,43.67274538,-79.35879029,Toronto-Danforth (30),30,North Riverdale (68),68,D55,Toronto East York,ROYAL DR,DON VALLEY PARKWAY  N, ,Expressway Ramp,Mid-Block, ,No Control,Clear,Dark,Dry,Fatal,SMV Other,Other Property Owner,unknown, ,0, ,Other, , , , , , , , , ,0,0,0,0,1,0,0,1,1,1,0,0,0,1
1013134,2007,12,21,5,25,4,43.73244538,-79.45729029,York Centre (9),9,Downsview-Roding-CFB (26),26,D32,North York,WILSON AVE,DUFFERIN ST, ,Major Arterial,Mid-Block, ,No Control,Clear,Dark,Dry,Non-Fatal Injury,Turning Movement,Passenger,20 to 24,Minimal,0, ,Other, , , , , , , , , ,0,0,1,0,1,0,0,1,0,0,0,0,0,0
1013134,2007,12,21,5,25,4,43.73244538,-79.45729029,York Centre (9),9,Downsview-Roding-CFB (26),26,D32,North York,WILSON AVE,DUFFERIN ST, ,Major Arterial,Mid-Block, ,No Control,Clear,Dark,Dry,Non-Fatal Injury,Turning Movement,Driver,20 to 24,Major,0,East,"Automobile, Station Wagon",Going Ahead,Driving Properly,Normal, , , , , , ,0,0,1,0,1,0,0,1,0,0,0,0,0,0
1013134,2007,12,21,5,25,4,43.73244538,-79.45729029,York Centre (9),9,Downsview-Roding-CFB (26),26,D32,North York,WILSON AVE,DUFFERIN ST, ,Major Arterial,Mid-Block, ,No Control,Clear,Dark,Dry,Non-Fatal Injury,Turning Movement,Other,unknown,,0, ,Other, , , , , , , , , ,0,0,1,0,1,0,0,1,0,0,0,0,0,0
1013134,2007,12,21,5,25,4,43.73244538,-79.45729029,York Centre (9),9,Downsview-Roding-CFB (26),26,D32,North York,WILSON AVE,DUFFERIN ST, ,Major Arterial,Mid-Block, ,No Control,Clear,Dark,Dry,Non-Fatal Injury,Turning Movement,Other Property Owner,unknown, ,0, ,Other, , , , , , , , , ,0,0,1,0,1,0,0,1,0,0,0,0,0,0
1013134,2007,12,21,5,25,4,43.73244538,-79.45729029,York Centre (9),9,Downsview-Roding-CFB (26),26,D32,North York,WILSON AVE,DUFFERIN ST, ,Major Arterial,Mid-Block, ,No Control,Clear,Dark,Dry,Non-Fatal Injury,Turning Movement,Vehicle Owner,unknown, ,0, ,Other, , , , , , , , , ,0,0,1,0,1,0,0,1,0,0,0,0,0,0
1013134,2007,12,21,5,25,4,43.73244538,-79.45729029,York Centre (9),9,Downsview-Roding-CFB (26),26,D32,North York,WILSON AVE,DUFFERIN ST, ,Major Arterial,Mid-Block, ,No Control,Clear,Dark,Dry,Non-Fatal Injury,Turning Movement,Truck Driver,60 to 64,,0,East,Truck - Open,Turning Right,Improper Turn,Normal, , , , , , ,0,0,1,0,1,0,0,1,0,0,0,0,0,0
1313728,2012,9,7,5,25,4,43.62104538,-79.50039029,Etobicoke-Lakeshore (6),6,Mimico (includes Humber Bay Shores) (17),17,D22,Etobicoke York,ROYAL YORK RD,EVANS AVE, ,Minor Arterial,Intersection,At Intersection,Traffic Signal,Clear,"Dark, artificial",Dry,Non-Fatal Injury,Turning Movement,Motorcycle Driver,55 to 59,Major,0,South,Motorcycle,Going Ahead,Other,Unknown, , , , , , ,0,0,1,1,0,0,0,0,1,1,0,0,0,0
1313728,2012,9,7,5,25,4,43.62104538,-79.50039029,Etobicoke-Lakeshore (6),6,Mimico (includes Humber Bay Shores) (17),17,D22,Etobicoke York,ROYAL YORK RD,EVANS AVE, ,Minor Arterial,Intersection,At Intersection,Traffic Signal,Clear,"Dark, artificial",Dry,Non-Fatal Injury,Turning Movement,Vehicle Owner,unknown, ,0, ,Other, , , , , , , , , ,0,0,1,1,0,0,0,0,1,1,0,0,0,0
1313728,2012,9,7,5,25,4,43.62104538,-79.50039029,Etobicoke-Lakeshore (6),6,Mimico (includes Humber Bay Shores) (17),17,D22,Etobicoke York,ROYAL YORK RD,EVANS AVE, ,Minor Arterial,Intersection,At Intersection,Traffic Signal,Clear,"Dark, artificial",Dry,Non-Fatal Injury,Turning Movement,Driver,55 to 59,,0,North,"Automobile, Station Wagon",Turning Left,Failed to Yield Right of Way,Inattentive, , , , , , ,0,0,1,1,0,0,0,0,1,1,0,0,0,0
7000119447,2017,1,20,5,27,4,43.69837149,-79.463482,Eglinton-Lawrence (15),15,Briar Hill-Belgravia (108),108,D13,North York,CALEDONIA RD,CASTLEFIELD AVE, ,Minor Arterial,Intersection,At Intersection,Traffic Signal,Clear,"Dark, artificial",Dry,Non-Fatal Injury,Angle,Driver,50 to 54,Major,0,North,Other,Going Ahead,Disobeyed Traffic Control,Inattentive, , , , , , ,0,0,1,0,0,0,0,0,1,1,1,0,0,0
7000119447,2017,1,20,5,27,4,43.69837149,-79.463482,Eglinton-Lawrence (15),15,Briar Hill-Belgravia (108),108,D13,North York,CALEDONIA RD,CASTLEFIELD AVE, ,Minor Arterial,Intersection,At Intersection,Traffic Signal,Clear,"Dark, artificial",Dry,Non-Fatal Injury,Angle,Driver,30 to 34,,0,West,"Automobile, Station Wagon",Going Ahead,Driving Properly,Normal, , , , , , ,0,0,1,0,0,0,0,0,1,1,1,0,0,0
978116,2007,7,5,5,30,3,43.80314538,-79.17689029,Scarborough East (44),44,Rouge (131),131,D42,Scarborough,BRAYMORE BLVD,BLACKTOFT DR, ,Collector,Intersection, ,No Control,"Fog, Mist, Smoke, Dust",Dark,Dry,Fatal,SMV Other,Passenger,15 to 19,Minor,0, ,Other, , , , , , , , , ,0,0,1,0,0,0,0,1,0,0,0,0,0,1
978116,2007,7,5,5,30,3,43.80314538,-79.17689029,Scarborough East (44),44,Rouge (131),131,D42,Scarborough,BRAYMORE BLVD,BLACKTOFT DR, ,Collector,Intersection, ,No Control,"Fog, Mist, Smoke, Dust",Dark,Dry,Fatal,SMV Other,Driver,15 to 19,Fatal,0,North,"Automobile, Station Wagon",Going Ahead,Lost control,Had Been Drinking, , , , , , ,0,0,1,0,0,0,0,1,0,0,0,0,0,1
978116,2007,7,5,5,30,3,43.80314538,-79.17689029,Scarborough East (44),44,Rouge (131),131,D42,Scarborough,BRAYMORE BLVD,BLACKTOFT DR, ,Collector,Intersection, ,No Control,"Fog, Mist, Smoke, Dust",Dark,Dry,Fatal,SMV Other,Other,55 to 59,,0,East,Other,Parked, , , , , , , , ,0,0,1,0,0,0,0,1,0,0,0,0,0,1
5000997483,2015,6,12,5,30,4,43.68078192,-79.31074915,Beaches-East York (32),32,East End-Danforth (62),62,D55,Toronto East York,GERRARD ST E,WOODBINE AVE,1 m East of,Minor Arterial,Intersection,Intersection Related,Traffic Signal,Clear,"Dark, artificial",Dry,Non-Fatal Injury,Other,Driver,40 to 44,,0,West,"Automobile, Station Wagon",Going Ahead,Other,Normal, , , , , , ,0,0,1,0,0,0,0,1,0,0,0,0,0,0
5000997483,2015,6,12,5,30,4,43.68078192,-79.31074915,Beaches-East York (32),32,East End-Danforth (62),62,D55,Toronto East York,GERRARD ST E,WOODBINE AVE,1 m East of,Minor Arterial,Intersection,Intersection Related,Traffic Signal,Clear,"Dark, artificial",Dry,Non-Fatal Injury,Other,Passenger,25 to 29,Major,0, , , , , , , , , , , ,0,0,1,0,0,0,0,1,0,0,0,0,0,0
5002032713,2015,11,27,5,32,4,43.70098456,-79.42554865,St. Paul's (21),21,Forest Hill South (101),101,D13,Toronto East York,EGLINTON AVE W,BATHURST ST, ,Major Arterial,Intersection,At Intersection,Traffic Signal,Clear,Dark,Dry,Fatal,Pedestrian Collisions,Truck Driver,45 to 49,,0,East,Truck - Tank,Turning Right,Disobeyed Traffic Control,Normal, , , , , , ,1,0,0,0,1,0,0,0,0,1,1,0,0,1
5002032713,2015,11,27,5,32,4,43.70098456,-79.42554865,St. Paul's (21),21,Forest Hill South (101),101,D13,Toronto East York,EGLINTON AVE W,BATHURST ST, ,Major Arterial,Intersection,At Intersection,Traffic Signal,Clear,Dark,Dry,Fatal,Pedestrian Collisions,Pedestrian,20 to 24,Fatal,58,South, , , , ,Vehicle turns right while ped crosses with ROW at inter.,Crossing with right of way,Normal, , , ,1,0,0,0,1,0,0,0,0,1,1,0,0,1
1292881,2012,3,16,5,34,4,43.77154538,-79.25129029,Scarborough Centre (38),38,Woburn (137),137,D43,Scarborough,MCCOWAN Rd,ELLESMERE Rd, ,Major Arterial,Mid-Block, ,No Control,Clear,"Dark, artificial",Dry,Non-Fatal Injury,Cyclist Collisions,Driver,25 to 29,,0,North,"Automobile, Station Wagon",Going Ahead,Improper Passing,Normal, , , , , , ,0,1,1,0,0,0,0,0,0,1,0,0,0,0
1292881,2012,3,16,5,34,4,43.77154538,-79.25129029,Scarborough Centre (38),38,Woburn (137),137,D43,Scarborough,MCCOWAN Rd,ELLESMERE Rd, ,Major Arterial,Mid-Block, ,No Control,Clear,"Dark, artificial",Dry,Non-Fatal Injury,Cyclist Collisions,Cyclist,50 to 54,Major,0,North,Bicycle,Going Ahead, , , , , ,Cyclist and Driver travelling in same direction. One vehicle rear-ended the other.,Driving Properly,Normal,0,1,1,0,0,0,0,0,0,1,0,0,0,0
993458,2007,9,5,5,35,2,43.66574538,-79.39339029,Toronto Centre-Rosedale (27),27,Bay Street Corridor (76),76,D52,Toronto East York,QUEENS PARK CRES W,QUEENS PARK, ,Major Arterial,Mid-Block, ,Traffic Signal,Rain,Dark,Wet,Non-Fatal Injury,SMV Other,Driver,75 to 79,Major,0,South,"Automobile, Station Wagon",Going Ahead,Speed too Fast For Condition,Inattentive, , , , , , ,0,0,1,0,0,0,0,0,1,1,0,0,0,0
1040690,2008,5,18,5,35,6,43.77844538,-79.42159029,Willowdale (23),23,Newtonbrook West (36),36,D32,North York,FINCH AVE W,MADELINE RD, ,Major Arterial,Intersection,At Intersection,No Control,Clear,Dark,Dry,Non-Fatal Injury,SMV Other,Driver,25 to 29,Major,0,West,"Automobile, Station Wagon",Going Ahead,Lost control,Had Been Drinking, , , , , , ,0,0,1,0,0,0,0,0,0,0,0,0,0,0
1040690,2008,5,18,5,35,6,43.77844538,-79.42159029,Willowdale (23),23,Newtonbrook West (36),36,D32,North York,FINCH AVE W,MADELINE RD, ,Major Arterial,Intersection,At Intersection,No Control,Clear,Dark,Dry,Non-Fatal Injury,SMV Other,Other Property Owner,unknown, ,0, ,Other, , , , , , , , , ,0,0,1,0,0,0,0,0,0,0,0,0,0,0
1132218,2009,9,26,5,35,5,43.75544538,-79.61409029,Etobicoke North (1),1,West Humber-Clairville (1),1,D23,Etobicoke York,HIGHWAY 27  N,STEELES AVE W, ,Major Arterial,Intersection,At Intersection,Traffic Signal,Clear,Dark,Dry,Non-Fatal Injury,Angle,Driver,50 to 54,,0,South,"Automobile, Station Wagon",Going Ahead,Driving Properly,Normal, , , , , , ,0,0,1,0,0,0,0,1,0,1,1,0,0,0
1132218,2009,9,26,5,35,5,43.75544538,-79.61409029,Etobicoke North (1),1,West Humber-Clairville (1),1,D23,Etobicoke York,HIGHWAY 27  N,STEELES AVE W, ,Major Arterial,Intersection,At Intersection,Traffic Signal,Clear,Dark,Dry,Non-Fatal Injury,Angle,Driver,30 to 34,Minimal,0,West,"Automobile, Station Wagon",Going Ahead,Disobeyed Traffic Control,Normal, , , , , , ,0,0,1,0,0,0,0,1,0,1,1,0,0,0
1132218,2009,9,26,5,35,5,43.75544538,-79.61409029,Etobicoke North (1),1,West Humber-Clairville (1),1,D23,Etobicoke York,HIGHWAY 27  N,STEELES AVE W, ,Major Arterial,Intersection,At Intersection,Traffic Signal,Clear,Dark,Dry,Non-Fatal Injury,Angle,Passenger,25 to 29,Minimal,0, ,Other, , , , , , , , , ,0,0,1,0,0,0,0,1,0,1,1,0,0,0
1132218,2009,9,26,5,35,5,43.75544538,-79.61409029,Etobicoke North (1),1,West Humber-Clairville (1),1,D23,Etobicoke York,HIGHWAY 27  N,STEELES AVE W, ,Major Arterial,Intersection,At Intersection,Traffic Signal,Clear,Dark,Dry,Non-Fatal Injury,Angle,Driver,20 to 24,Major,0,South,"Automobile, Station Wagon",Slowing or Stopping,Driving Properly,Normal, , , , , , ,0,0,1,0,0,0,0,1,0,1,1,0,0,0
1269951,2011,10,20,5,35,3,43.65644538,-79.37709029,Toronto Centre-Rosedale (27),27,Church-Yonge Corridor (75),75,D51,Toronto East York,CHURCH ST,DUNDAS ST E, ,Major Arterial,Intersection,At Intersection,Traffic Signal,Rain,Dusk,Wet,Non-Fatal Injury,Pedestrian Collisions,Vehicle Owner,unknown, ,0, ,Other, , , , , , , , , ,1,0,1,0,0,0,0,0,0,0,0,0,0,0
1269951,2011,10,20,5,35,3,43.65644538,-79.37709029,Toronto Centre-Rosedale (27),27,Church-Yonge Corridor (75),75,D51,Toronto East York,CHURCH ST,DUNDAS ST E, ,Major Arterial,Intersection,At Intersection,Traffic Signal,Rain,Dusk,Wet,Non-Fatal Injury,Pedestrian Collisions,Driver,50 to 54,,0,South,"Automobile, Station Wagon",Going Ahead,Driving Properly,Normal, , , , , , ,1,0,1,0,0,0,0,0,0,0,0,0,0,0
1269951,2011,10,20,5,35,3,43.65644538,-79.37709029,Toronto Centre-Rosedale (27),27,Church-Yonge Corridor (75),75,D51,Toronto East York,CHURCH ST,DUNDAS ST E, ,Major Arterial,Intersection,At Intersection,Traffic Signal,Rain,Dusk,Wet,Non-Fatal Injury,Pedestrian Collisions,Pedestrian,40 to 44,Major,0,East,Other, , , ,Vehicle is going straight thru inter.while ped cross without ROW,Crossing marked crosswalk without ROW,Unknown, , , ,1,0,1,0,0,0,0,0,0,0,0,0,0,0
1339123,2012,12,11,5,35,1,43.64144538,-79.38089029,Trinity-Spadina (20),20,Waterfront Communities-The Island (77),77,D52,Toronto East York,LAKE SHORE BLVD W,YORK ST, ,Major Arterial,Intersection,At Intersection,Traffic Signal,Clear,Dark,Dry,Non-Fatal Injury,Pedestrian Collisions,Driver,35 to 39,,0,West,"Automobile, Station Wagon",Turning Left,Failed to Yield Right of Way,Inattentive, , , , , , ,1,0,1,0,0,0,0,0,0,1,0,0,0,0
1339123,2012,12,11,5,35,1,43.64144538,-79.38089029,Trinity-Spadina (20),20,Waterfront Communities-The Island (77),77,D52,Toronto East York,LAKE SHORE BLVD W,YORK ST, ,Major Arterial,Intersection,At Intersection,Traffic Signal,Clear,Dark,Dry,Non-Fatal Injury,Pedestrian Collisions,Pedestrian,45 to 49,Major,0,East,Other, , , ,Vehicle turns left while ped crosses with ROW at inter.,Crossing with right of way,Normal, , , ,1,0,1,0,0,0,0,0,0,1,0,0,0,0
1366444,2013,6,2,5,35,6,43.64884538,-79.40459029,Trinity-Spadina (20),20,Kensington-Chinatown (78),78,D14,Toronto East York,BATHURST ST,ROBINSON ST, ,Major Arterial,Intersection,At Intersection,Traffic Signal,Rain,"Dawn, artificial",Wet,Non-Fatal Injury,Cyclist Collisions,Vehicle Owner,unknown, ,0, ,Other, , , , , , , , , ,0,1,1,0,0,0,0,0,0,1,0,0,0,0
1366444,2013,6,2,5,35,6,43.64884538,-79.40459029,Trinity-Spadina (20),20,Kensington-Chinatown (78),78,D14,Toronto East York,BATHURST ST,ROBINSON ST, ,Major Arterial,Intersection,At Intersection,Traffic Signal,Rain,"Dawn, artificial",Wet,Non-Fatal Injury,Cyclist Collisions,Driver,25 to 29,,0,North,"Automobile, Station Wagon",Turning Left,Failed to Yield Right of Way,Normal, , , , , , ,0,1,1,0,0,0,0,0,0,1,0,0,0,0
1366444,2013,6,2,5,35,6,43.64884538,-79.40459029,Trinity-Spadina (20),20,Kensington-Chinatown (78),78,D14,Toronto East York,BATHURST ST,ROBINSON ST, ,Major Arterial,Intersection,At Intersection,Traffic Signal,Rain,"Dawn, artificial",Wet,Non-Fatal Injury,Cyclist Collisions,Cyclist,35 to 39,Major,0,South,Bicycle,Going Ahead, , , , , ,Motorist turned left across cyclists path.,Driving Properly,Normal,0,1,1,0,0,0,0,0,0,1,0,0,0,0
1241028,2011,5,6,5,36,4,43.68154538,-79.47679029,York South-Weston (11),11,Rockcliffe-Smythe (111),111,D12,Etobicoke York,ROGERS Road,WESTON Road, ,Major Arterial,Intersection,At Intersection,Traffic Signal,Clear,Daylight,Dry,Non-Fatal Injury,Pedestrian Collisions,Driver,60 to 64,,0,West,"Automobile, Station Wagon",Turning Right,Failed to Yield Right of Way,Unknown, , , , , , ,1,0,1,0,0,0,0,0,0,1,0,0,0,0
1241028,2011,5,6,5,36,4,43.68154538,-79.47679029,York South-Weston (11),11,Rockcliffe-Smythe (111),111,D12,Etobicoke York,ROGERS Road,WESTON Road, ,Major Arterial,Intersection,At Intersection,Traffic Signal,Clear,Daylight,Dry,Non-Fatal Injury,Pedestrian Collisions,Pedestrian,30 to 34,Major,0,North,Other, , , ,Vehicle turns right while ped crosses with ROW at inter.,Crossing with right of way,Normal, , , ,1,0,1,0,0,0,0,0,0,1,0,0,0,0
1228987,2011,4,20,5,38,2,43.78534538,-79.23519029,Scarborough Centre (38),38,Woburn (137),137,D43,Scarborough,MARKHAM RD,HIGHWAY 401 C  E, ,Major Arterial,Mid-Block, ,No Control,Rain,Dark,Wet,Non-Fatal Injury,Cyclist Collisions,Driver,50 to 54,,0,North,"Automobile, Station Wagon",Going Ahead,Speed too Fast For Condition,Inattentive, , , , , , ,0,1,1,0,0,0,0,0,1,1,0,0,0,0
1228987,2011,4,20,5,38,2,43.78534538,-79.23519029,Scarborough Centre (38),38,Woburn (137),137,D43,Scarborough,MARKHAM RD,HIGHWAY 401 C  E, ,Major Arterial,Mid-Block, ,No Control,Rain,Dark,Wet,Non-Fatal Injury,Cyclist Collisions,Cyclist,35 to 39,Major,0,North,Bicycle,Going Ahead, , , , , ,Cyclist and Driver travelling in same direction. One vehicle rear-ended the other.,Driving Properly,Normal,0,1,1,0,0,0,0,0,1,1,0,0,0,0
1120870,2009,8,24,5,39,0,43.72234538,-79.50899029,York West (7),7,Downsview-Roding-CFB (26),26,D31,North York,JANE ST,WILLIAM CRAGG DR, ,Major Arterial,Intersection,At Intersection,No Control,Clear,Dark,Dry,Non-Fatal Injury,Pedestrian Collisions,Vehicle Owner,unknown, ,0, ,Other, , , , , , , , , ,1,0,1,0,0,0,0,0,0,0,0,0,0,0
1120870,2009,8,24,5,39,0,43.72234538,-79.50899029,York West (7),7,Downsview-Roding-CFB (26),26,D31,North York,JANE ST,WILLIAM CRAGG DR, ,Major Arterial,Intersection,At Intersection,No Control,Clear,Dark,Dry,Non-Fatal Injury,Pedestrian Collisions,Driver,65 to 69,,0,North,"Automobile, Station Wagon",Going Ahead,Driving Properly,Normal, , , , , , ,1,0,1,0,0,0,0,0,0,0,0,0,0,0
1120870,2009,8,24,5,39,0,43.72234538,-79.50899029,York West (7),7,Downsview-Roding-CFB (26),26,D31,North York,JANE ST,WILLIAM CRAGG DR, ,Major Arterial,Intersection,At Intersection,No Control,Clear,Dark,Dry,Non-Fatal Injury,Pedestrian Collisions,Pedestrian,20 to 24,Major,0, ,Other, , , ,Vehicle is going straight thru inter.while ped cross without ROW,"Crossing, no Traffic Control",Inattentive, , , ,1,0,1,0,0,0,0,0,0,0,0,0,0,0
1140944,2009,12,8,5,40,1,43.74324538,-79.58209029,Etobicoke North (1),1,Thistletown-Beaumond Heights (3),3,D23,Etobicoke York,FINCH AVE W,KIPLING AVE, ,Major Arterial,Intersection,At Intersection,Traffic Signal,Clear,Dark,Dry,Fatal,Pedestrian Collisions,Vehicle Owner,unknown, ,0, ,Other, , , , , , , , , ,1,0,1,0,0,0,0,0,0,0,0,0,0,1
1140944,2009,12,8,5,40,1,43.74324538,-79.58209029,Etobicoke North (1),1,Thistletown-Beaumond Heights (3),3,D23,Etobicoke York,FINCH AVE W,KIPLING AVE, ,Major Arterial,Intersection,At Intersection,Traffic Signal,Clear,Dark,Dry,Fatal,Pedestrian Collisions,Driver,60 to 64,,0,South,"Automobile, Station Wagon",Turning Left,Other,Inattentive, , , , , , ,1,0,1,0,0,0,0,0,0,0,0,0,0,1
1140944,2009,12,8,5,40,1,43.74324538,-79.58209029,Etobicoke North (1),1,Thistletown-Beaumond Heights (3),3,D23,Etobicoke York,FINCH AVE W,KIPLING AVE, ,Major Arterial,Intersection,At Intersection,Traffic Signal,Clear,Dark,Dry,Fatal,Pedestrian Collisions,Pedestrian,70 to 74,Fatal,43,North,Other, , , ,Other / Undefined,Other,Normal, , , ,1,0,1,0,0,0,0,0,0,0,0,0,0,1
1258189,2011,10,10,5,40,0,43.80124538,-79.29659029,Scarborough-Agincourt (39),39,L'Amoreaux (117),117,D42,Scarborough,KENNEDY RD,FINCH AVE E, ,Major Arterial,Intersection,At Intersection,Traffic Signal,Clear,"Dark, artificial",Dry,Fatal,SMV Other,Passenger,20 to 24,Minor,0, ,Other, , , , , , , , , ,0,0,1,0,0,0,0,1,0,0,0,0,0,1
1258189,2011,10,10,5,40,0,43.80124538,-79.29659029,Scarborough-Agincourt (39),39,L'Amoreaux (117),117,D42,Scarborough,KENNEDY RD,FINCH AVE E, ,Major Arterial,Intersection,At Intersection,Traffic Signal,Clear,"Dark, artificial",Dry,Fatal,SMV Other,Driver,25 to 29,Fatal,27,South,"Automobile, Station Wagon",Going Ahead,Lost control,Unknown, , , , , , ,0,0,1,0,0,0,0,1,0,0,0,0,0,1
1258189,2011,10,10,5,40,0,43.80124538,-79.29659029,Scarborough-Agincourt (39),39,L'Amoreaux (117),117,D42,Scarborough,KENNEDY RD,FINCH AVE E, ,Major Arterial,Intersection,At Intersection,Traffic Signal,Clear,"Dark, artificial",Dry,Fatal,SMV Other,Other Property Owner,unknown, ,0, ,Other, , , , , , , , , ,0,0,1,0,0,0,0,1,0,0,0,0,0,1
1107460,2009,6,22,0,0,0,43.61804538,-79.52479029,Etobicoke-Lakeshore (6),6,Mimico (includes Humber Bay Shores) (17),17,D22,Etobicoke York,F G GARDINER XY  E,KIPLING AVE, ,Expressway,Mid-Block, ,No Control,Clear,Daylight,Dry,Non-Fatal Injury,Sideswipe,Motorcycle Driver,25 to 29,Major,0,East,Motorcycle,Going Ahead,Driving Properly,Normal, , , , , , ,0,0,1,1,0,0,0,0,1,1,0,0,0,0
5000613755,2015,4,14,1,15,1,43.62590368,-79.49511347,Etobicoke-Lakeshore (5),5,Stonegate-Queensway (16),16,D22,Etobicoke York,7 INVERLEIGH DR, , ,Local,Mid-Block,At/Near Private Drive,No Control,Clear,"Dark, artificial",Dry,Non-Fatal Injury,Pedestrian Collisions,Driver,35 to 39, ,0,North,"Automobile, Station Wagon",Going Ahead,Other,Unknown, , , , , , ,1,0,1,0,0,0,0,0,0,0,0,0,0,0
1107460,2009,6,22,0,0,0,43.61804538,-79.52479029,Etobicoke-Lakeshore (6),6,Mimico (includes Humber Bay Shores) (17),17,D22,Etobicoke York,F G GARDINER XY  E,KIPLING AVE, ,Expressway,Mid-Block, ,No Control,Clear,Daylight,Dry,Non-Fatal Injury,Sideswipe,Driver,40 to 44,,0,East,"Automobile, Station Wagon",Changing Lanes,Improper Lane Change,Normal, , , , , , ,0,0,1,1,0,0,0,0,1,1,0,0,0,0
5000613755,2015,4,14,1,15,1,43.62590368,-79.49511347,Etobicoke-Lakeshore (5),5,Stonegate-Queensway (16),16,D22,Etobicoke York,7 INVERLEIGH DR, , ,Local,Mid-Block,At/Near Private Drive,No Control,Clear,"Dark, artificial",Dry,Non-Fatal Injury,Pedestrian Collisions,Pedestrian,25 to 29,Major,0, , , , , , ,Other, , , , ,1,0,1,0,0,0,0,0,0,0,0,0,0,0
5000756568,2015,5,7,1,15,3,43.67114599,-79.36440668,Toronto Centre-Rosedale (28),28,Cabbagetown-South St.James Town (71),71,D51,Toronto East York,ROSEDALE VALLEY RD,BAYVIEW AVE, ,Minor Arterial,Mid-Block,Non Intersection,No Control,Clear,"Dark, artificial",Dry,Non-Fatal Injury,SMV Other,Motorcycle Passenger,20 to 24,Major,0, , , , , , , , , , , ,0,0,0,1,0,0,0,1,1,1,0,0,0,0
1158873,2010,3,24,0,0,2,43.80904538,-79.16769029,Scarborough East (44),44,Rouge (131),131,D42,Scarborough,SHEPPARD Aven E,TWYN RIVERS Driv, ,Minor Arterial,Mid-Block, ,No Control,Clear,Dark,Wet,Non-Fatal Injury,SMV Other,Vehicle Owner,unknown, ,0, ,Other, , , , , , , , , ,0,0,0,1,0,0,0,0,0,0,0,0,0,0
5000756568,2015,5,7,1,15,3,43.67114599,-79.36440668,Toronto Centre-Rosedale (28),28,Cabbagetown-South St.James Town (71),71,D51,Toronto East York,ROSEDALE VALLEY RD,BAYVIEW AVE, ,Minor Arterial,Mid-Block,Non Intersection,No Control,Clear,"Dark, artificial",Dry,Non-Fatal Injury,SMV Other,Motorcycle Driver,25 to 29,Major,0,West,Motorcycle,Going Ahead,Exceeding Speed Limit,Normal, , , , , , ,0,0,0,1,0,0,0,1,1,1,0,0,0,0