ACCNUM,YEAR,MONTH,DAY,HOUR,MINUTES,WEEKDAY,LATITUDE,LONGITUDE,Ward_Name,Ward_ID,Hood_Name,Hood_ID,Division,District,STREET1,STREET2,OFFSET,ROAD_CLASS,LOCCOORD,ACCLOC,TRAFFCTL,VISIBILITY,LIGHT,RDSFCOND,ACCLASS,IMPACTYPE,INVTYPE,INVAGE,INJURY,FATAL_NO,INITDIR,VEHTYPE,MANOEUVER,DRIVACT,DRIVCOND,PEDTYPE,PEDACT,PEDCOND,CYCLISTYPE,CYCACT,CYCCOND,PEDESTRIAN,CYCLIST,AUTOMOBILE,MOTORCYCLE,TRUCK,TRSN_CITY_VEH,EMERG_VEH,PASSENGER,SPEEDING,AG_DRIV,REDLIGHT,ALCOHOL,DISABILITY,label
1158873,2010,3,24,0,0,2,43.80904538,-79.16769029,Scarborough East (44),44,Rouge (131),131,D42,Scarborough,SHEPPARD Aven E,TWYN RIVERS Driv, ,Minor Arterial,Mid-Block, ,No Control,Clear,Dark,Wet,Non-Fatal Injury,SMV Other,Motorcycle Driver,55 to 59,Major,0,West,Motorcycle,Going Ahead,Lost control,Had Been Drinking, , , , , , ,0,0,0,1,0,0,0,0,0,0,0,0,0,0
1137499,2009,10,25,1,16,6,43.68064538,-79.44419029,Davenport (17),17,Corso Italia-Davenport (92),92,D13,Etobicoke York,DUFFERIN ST,ASCOT AVE, ,Major Arterial,Mid-Block, ,Stop Sign,Clear,Dark,Dry,Non-Fatal Injury,Approaching,Driver,45 to 49,Minor,0,South,"Automobile, Station Wagon",Going Ahead,Driving Properly,Normal, , , , , , ,0,0,1,0,0,0,0,1,0,1,0,0,0,0
1158873,2010,3,24,0,0,2,43.80904538,-79.16769029,Scarborough East (44),44,Rouge (131),131,D42,Scarborough,SHEPPARD Aven E,TWYN RIVERS Driv, ,Minor Arterial,Mid-Block, ,No Control,Clear,Dark,Wet,Non-Fatal Injury,SMV Other,Other Property Owner,unknown, ,0, ,Other, , , , , , , , , ,0,0,0,1,0,0,0,0,0,0,0,0,0,0
1137499,2009,10,25,1,16,6,43.68064538,-79.44419029,Davenport (17),17,Corso Italia-Davenport (92),92,D13,Etobicoke York,DUFFERIN ST,ASCOT AVE, ,Major Arterial,Mid-Block, ,Stop Sign,Clear,Dark,Dry,Non-Fatal Injury,Approaching,Passenger,15 to 19,Minor,0, ,Other, , , , , , , , , ,0,0,1,0,0,0,0,1,0,1,0,0,0,0
1215284,2011,1,29,0,0,5,43.66174538,-79.42689029,Trinity-Spadina (19),19,Dovercourt-Wallace Emerson-Junction (93),93,D14,Toronto East York,BLOOR ST W,CONCORD AVE, ,Major Arterial,Intersection,At Intersection,No Control,Clear,Dark,Dry,Fatal,Pedestrian Collisions,Vehicle Owner,unknown, ,0, ,Other, , , , , , , , , ,1,0,0,0,0,1,0,0,0,1,0,0,0,1
1137499,2009,10,25,1,16,6,43.68064538,-79.44419029,Davenport (17),17,Corso Italia-Davenport (92),92,D13,Etobicoke York,DUFFERIN ST,ASCOT AVE, ,Major Arterial,Mid-Block, ,Stop Sign,Clear,Dark,Dry,Non-Fatal Injury,Approaching,Passenger,25 to 29,Minor,0, ,Other, , , , , , , , , ,0,0,1,0,0,0,0,1,0,1,0,0,0,0
1215284,2011,1,29,0,0,5,43.66174538,-79.42689029,Trinity-Spadina (19),19,Dovercourt-Wallace Emerson-Junction (93),93,D14,Toronto East York,BLOOR ST W,CONCORD AVE, ,Major Arterial,Intersection,At Intersection,No Control,Clear,Dark,Dry,Fatal,Pedestrian Collisions,Driver,35 to 39,,0,West,Municipal Transit Bus (TTC),Turning Right,Failed to Yield Right of Way,Inattentive, , , , , , ,1,0,0,0,0,1,0,0,0,1,0,0,0,1
1215284,2011,1,29,0,0,5,43.66174538,-79.42689029,Trinity-Spadina (19),19,Dovercourt-Wallace Emerson-Junction (93),93,D14,Toronto East York,BLOOR ST W,CONCORD AVE, ,Major Arterial,Intersection,At Intersection,No Control,Clear,Dark,Dry,Fatal,Pedestrian Collisions,Pedestrian,60 to 64,Fatal,3,East,Other, , , ,Pedestrian involved in a collision with transit vehicle anywhere along roadway,Crossing with right of way,Had Been Drinking, , , ,1,0,0,0,0,1,0,0,0,1,0,0,0,1
1266407,2011,11,27,0,0,6,43.75714538,-79.19569029,Scarborough East (43),43,West Hill (136),136,D43,Scarborough,DUNERA Aven,EMCARR Driv, ,Local,Intersection,At Intersection,Stop Sign,Rain,Dark,Wet,Non-Fatal Injury,Cyclist Collisions,Vehicle Owner,unknown,,0, ,Other,Other, , , , , , , , ,0,1,1,0,0,0,0,0,0,0,0,0,0,0
1266407,2011,11,27,0,0,6,43.75714538,-79.19569029,Scarborough East (43),43,West Hill (136),136,D43,Scarborough,DUNERA Aven,EMCARR Driv, ,Local,Intersection,At Intersection,Stop Sign,Rain,Dark,Wet,Non-Fatal Injury,Cyclist Collisions,Driver,30 to 34,,0,West,"Automobile, Station Wagon",Going Ahead, , , , , , , , ,0,1,1,0,0,0,0,0,0,0,0,0,0,0
1266407,2011,11,27,0,0,6,43.75714538,-79.19569029,Scarborough East (43),43,West Hill (136),136,D43,Scarborough,DUNERA Aven,EMCARR Driv, ,Local,Intersection,At Intersection,Stop Sign,Rain,Dark,Wet,Non-Fatal Injury,Cyclist Collisions,Cyclist,50 to 54,Major,0,South,Bicycle,Turning Left, , , , , , , , ,0,1,1,0,0,0,0,0,0,0,0,0,0,0
1375311,2013,9,14,0,0,5,43.75946387,-79.51122675,York West (8),8,Black Creek (24),24,D31,North York,POTSDAM RD,WILMONT DR, ,Local,Mid-Block, ,No Control,Clear,Daylight,Dry,Non-Fatal Injury,SMV Unattended Vehicle,Driver,20 to 24,Major,0,East,"Automobile, Station Wagon",Going Ahead,Exceeding Speed Limit,Unknown, , , , , , ,0,0,1,0,0,0,0,0,1,1,0,0,0,0
1375311,2013,9,14,0,0,5,43.75946387,-79.51122675,York West (8),8,Black Creek (24),24,D31,North York,POTSDAM RD,WILMONT DR, ,Local,Mid-Block, ,No Control,Clear,Daylight,Dry,Non-Fatal Injury,SMV Unattended Vehicle,Other,70 to 74,,0,East,"Automobile, Station Wagon",Parked, , , , , , , , ,0,0,1,0,0,0,0,0,1,1,0,0,0,0
5000693331,2015,4,27,0,0,0,43.80801733,-79.26649866,Scarborough-Rouge River (41),41,Agincourt North (129),129,D42,Scarborough,MCCOWAN RD,FINCH AVE E,5 m East of,Major Arterial,Intersection,At Intersection,Traffic Signal,Clear,Dark,Dry,Non-Fatal Injury,Turning Movement,Driver,15 to 19,Minimal,0,North,"Automobile, Station Wagon",Turning Left,Improper Turn,Normal, , , , , , ,0,0,1,0,0,0,0,1,0,0,0,0,0,0
5000693331,2015,4,27,0,0,0,43.80801733,-79.26649866,Scarborough-Rouge River (41),41,Agincourt North (129),129,D42,Scarborough,MCCOWAN RD,FINCH AVE E,5 m East of,Major Arterial,Intersection,At Intersection,Traffic Signal,Clear,Dark,Dry,Non-Fatal Injury,Turning Movement,Driver,25 to 29,Minimal,0,South,"Automobile, Station Wagon",Going Ahead,Driving Properly,Normal, , , , , , ,0,0,1,0,0,0,0,1,0,0,0,0,0,0
5000693331,2015,4,27,0,0,0,43.80801733,-79.26649866,Scarborough-Rouge River (41),41,Agincourt North (129),129,D42,Scarborough,MCCOWAN RD,FINCH AVE E,5 m East of,Major Arterial,Intersection,At Intersection,Traffic Signal,Clear,Dark,Dry,Non-Fatal Injury,Turning Movement,Passenger,20 to 24,Minimal,0, , , , , , , , , , , ,0,0,1,0,0,0,0,1,0,0,0,0,0,0
5000693331,2015,4,27,0,0,0,43.80801733,-79.26649866,Scarborough-Rouge River (41),41,Agincourt North (129),129,D42,Scarborough,MCCOWAN RD,FINCH AVE E,5 m East of,Major Arterial,Intersection,At Intersection,Traffic Signal,Clear,Dark,Dry,Non-Fatal Injury,Turning Movement,Passenger,15 to 19,Major,0, , , , , , , , , , , ,0,0,1,0,0,0,0,1,0,0,0,0,0,0
7001731321,2017,9,24,0,0,6,43.79093138,-79.41829329,Willowdale (24),24,Newtonbrook East (50),50,D32,North York,YONGE ST,CENTRE AVE,80 m South of,Major Arterial,Mid-Block,Non Intersection,Traffic Signal,Clear,"Dark, artificial",Dry,Non-Fatal Injury,Pedestrian Collisions,Driver,25 to 29,,0,North,"Automobile, Station Wagon",Going Ahead,Lost control,Inattentive, , , , , , ,1,0,1,0,0,0,0,0,1,1,0,0,0,0
7001731321,2017,9,24,0,0,6,43.79093138,-79.41829329,Willowdale (24),24,Newtonbrook East (50),50,D32,North York,YONGE ST,CENTRE AVE,80 m South of,Major Arterial,Mid-Block,Non Intersection,Traffic Signal,Clear,"Dark, artificial",Dry,Non-Fatal Injury,Pedestrian Collisions,Pedestrian,30 to 34,Major,0, , , , , , , ,Normal, , , ,1,0,1,0,0,0,0,0,1,1,0,0,0,0
7001731321,2017,9,24,0,0,6,43.79093138,-79.41829329,Willowdale (24),24,Newtonbrook East (50),50,D32,North York,YONGE ST,CENTRE AVE,80 m South of,Major Arterial,Mid-Block,Non Intersection,Traffic Signal,Clear,"Dark, artificial",Dry,Non-Fatal Injury,Pedestrian Collisions,Pedestrian,30 to 34,Major,0, , , , , , , ,Normal, , , ,1,0,1,0,0,0,0,0,1,1,0,0,0,0
1032504,2008,3,24,0,1,0,43.81424538,-79.23709029,Scarborough-Rouge River (42),42,Rouge (131),131,D42,Scarborough,TAPSCOTT RD,FINCH AVE E, ,Minor Arterial,Intersection,At Intersection,Traffic Signal,Clear,Daylight,Dry,Non-Fatal Injury,Angle,Driver,45 to 49,Major,0,South,"Automobile, Station Wagon",Stopped,Driving Properly,Normal, , , , , , ,0,0,1,0,0,0,0,0,0,0,0,0,0,0
1032504,2008,3,24,0,1,0,43.81424538,-79.23709029,Scarborough-Rouge River (42),42,Rouge (131),131,D42,Scarborough,TAPSCOTT RD,FINCH AVE E, ,Minor Arterial,Intersection,At Intersection,Traffic Signal,Clear,Daylight,Dry,Non-Fatal Injury,Angle,Vehicle Owner,unknown, ,0, ,Other, , , , , , , , , ,0,0,1,0,0,0,0,0,0,0,0,0,0,0
1032504,2008,3,24,0,1,0,43.81424538,-79.23709029,Scarborough-Rouge River (42),42,Rouge (131),131,D42,Scarborough,TAPSCOTT RD,FINCH AVE E, ,Minor Arterial,Intersection,At Intersection,Traffic Signal,Clear,Daylight,Dry,Non-Fatal Injury,Angle,Driver,45 to 49,,0,South,"Automobile, Station Wagon",Stopped,Driving Properly,Normal, , , , , , ,0,0,1,0,0,0,0,0,0,0,0,0,0,0
1032504,2008,3,24,0,1,0,43.81424538,-79.23709029,Scarborough-Rouge River (42),42,Rouge (131),131,D42,Scarborough,TAPSCOTT RD,FINCH AVE E, ,Minor Arterial,Intersection,At Intersection,Traffic Signal,Clear,Daylight,Dry,Non-Fatal Injury,Angle,Vehicle Owner,unknown, ,0, ,Other, , , , , , , , , ,0,0,1,0,0,0,0,0,0,0,0,0,0,0
1032504,2008,3,24,0,1,0,43.81424538,-79.23709029,Scarborough-Rouge River (42),42,Rouge (131),131,D42,Scarborough,TAPSCOTT RD,FINCH AVE E, ,Minor Arterial,Intersection,At Intersection,Traffic Signal,Clear,Daylight,Dry,Non-Fatal Injury,Angle,Driver,55 to 59,,0,East,"Automobile, Station Wagon",Going Ahead,Driving Properly,Normal, , , , , , ,0,0,1,0,0,0,0,0,0,0,0,0,0,0
1032504,2008,3,24,0,1,0,43.81424538,-79.23709029,Scarborough-Rouge River (42),42,Rouge (131),131,D42,Scarborough,TAPSCOTT RD,FINCH AVE E, ,Minor Arterial,Intersection,At Intersection,Traffic Signal,Clear,Daylight,Dry,Non-Fatal Injury,Angle,Driver,15 to 19,,0,North,"Automobile, Station Wagon",Going Ahead,Lost control,Inattentive, , , , , , ,0,0,1,0,0,0,0,0,0,0,0,0,0,0
1093891,2009,2,12,0,1,3,43.82734538,-79.26519029,Scarborough-Rouge River (41),41,Milliken (130),130,D42,Scarborough,MIDDLEFIELD Road,PASSMORE Aven, ,Minor Arterial,Intersection, ,No Control,Rain,Dark,Wet,Non-Fatal Injury,SMV Other,Driver,0 to 4,Major,0,South,Other,Going Ahead,Lost control,Normal, , , , , , ,0,0,0,0,0,0,0,0,0,0,0,0,0,0
1093891,2009,2,12,0,1,3,43.82734538,-79.26519029,Scarborough-Rouge River (41),41,Milliken (130),130,D42,Scarborough,MIDDLEFIELD Road,PASSMORE Aven, ,Minor Arterial,Intersection, ,No Control,Rain,Dark,Wet,Non-Fatal Injury,SMV Other,Other Property Owner,unknown, ,0, ,Other, , , , , , , , , ,0,0,0,0,0,0,0,0,0,0,0,0,0,0
1238470,2011,6,15,0,1,2,43.64904538,-79.35679029,Toronto Centre-Rosedale (28),28,Waterfront Communities-The Island (77),77,D51,Toronto East York,F G GARDINER Expr E,CHERRY Stre, ,Expressway,Mid-Block, ,No Control,Clear,Dark,Dry,Non-Fatal Injury,SMV Other,Motorcycle Driver,25 to 29,Major,0,East,Motorcycle,Going Ahead,Lost control,Had Been Drinking, , , , , , ,0,0,1,1,0,0,0,0,0,0,0,0,0,0
1238470,2011,6,15,0,1,2,43.64904538,-79.35679029,Toronto Centre-Rosedale (28),28,Waterfront Communities-The Island (77),77,D51,Toronto East York,F G GARDINER Expr E,CHERRY Stre, ,Expressway,Mid-Block, ,No Control,Clear,Dark,Dry,Non-Fatal Injury,SMV Other,Other,unknown,,0, ,"Automobile, Station Wagon", , , , , , , , , ,0,0,1,1,0,0,0,0,0,0,0,0,0,0
1368270,2013,7,28,0,1,6,43.77494391,-79.34788904,Don Valley East (33),33,Don Valley Village (47),47,D33,North York,SHEPPARD AVE E,DON MILLS RD, ,Major Arterial,Mid-Block, ,No Control,Rain,"Dark, artificial",Wet,Fatal,Pedestrian Collisions,Passenger,25 to 29,,0, , , , , , , , , , , ,1,0,1,0,0,0,0,1,0,0,0,0,0,1
1368270,2013,7,28,0,1,6,43.77494391,-79.34788904,Don Valley East (33),33,Don Valley Village (47),47,D33,North York,SHEPPARD AVE E,DON MILLS RD, ,Major Arterial,Mid-Block, ,No Control,Rain,"Dark, artificial",Wet,Fatal,Pedestrian Collisions,Driver,40 to 44,,0,East,Passenger Van,Changing Lanes,Driving Properly,Normal, , , , , , ,1,0,1,0,0,0,0,1,0,0,0,0,0,1
1368270,2013,7,28,0,1,6,43.77494391,-79.34788904,Don Valley East (33),33,Don Valley Village (47),47,D33,North York,SHEPPARD AVE E,DON MILLS RD, ,Major Arterial,Mid-Block, ,No Control,Rain,"Dark, artificial",Wet,Fatal,Pedestrian Collisions,Pedestrian,80 to 84,Fatal,26,South, , , , ,Pedestrian hit at mid-block,"Crossing, no Traffic Control",Inattentive, , , ,1,0,1,0,0,0,0,1,0,0,0,0,0,1
3001021983,2013,11,23,0,1,5,43.66929587,-79.57491694,Etobicoke Centre (3),3,Eringate-Centennial-West Deane (11),11,D22,Etobicoke York,HIGHWAY 427  S,27 S 427 C S RAMP, ,Expressway,Mid-Block,Non Intersection,No Control,Clear,"Dark, artificial",Dry,Non-Fatal Injury,SMV Other,Driver,25 to 29,Major,0,South,"Automobile, Station Wagon",Going Ahead,Lost control,"Ability Impaired, Alcohol", , , , , , ,0,0,1,0,0,0,0,0,0,0,0,1,0,0
5001661734,2015,9,26,0,1,5,43.64589651,-79.56166468,Etobicoke-Lakeshore (5),5,Islington-City Centre West (14),14,D22,Etobicoke York,BURNHAMTHORPE RD,427 C N BURNHAMTHORPE RAMP, ,Major Arterial,Intersection,At Intersection,Traffic Signal,Clear,"Dark, artificial",Dry,Fatal,Turning Movement,Driver,30 to 34,Fatal,47,East,"Automobile, Station Wagon",Going Ahead,Disobeyed Traffic Control,"Ability Impaired, Alcohol", , , , , , ,0,0,1,0,0,0,0,0,1,1,1,1,0,1
5001661734,2015,9,26,0,1,5,43.64589651,-79.56166468,Etobicoke-Lakeshore (5),5,Islington-City Centre West (14),14,D22,Etobicoke York,BURNHAMTHORPE RD,427 C N BURNHAMTHORPE RAMP, ,Major Arterial,Intersection,At Intersection,Traffic Signal,Clear,"Dark, artificial",Dry,Fatal,Turning Movement,Driver,20 to 24,Major,0,North,"Automobile, Station Wagon",Turning Left,Driving Properly,Normal, , , , , , ,0,0,1,0,0,0,0,0,1,1,1,1,0,1
972843,2007,6,2,0,2,5,43.67424353,-79.36748896,Toronto Centre-Rosedale (27),27,Cabbagetown-South St.James Town (71),71,D51,Toronto East York,BLOOR ST E,DRUMSNAB RD, ,Major Arterial,Intersection,At Intersection,No Control,Clear,Dark,Dry,Fatal,SMV Other,Vehicle Owner,unknown, ,0, ,Other, , , , , , , , , ,0,0,0,1,0,0,0,0,1,1,0,0,0,1
972843,2007,6,2,0,2,5,43.67424353,-79.36748896,Toronto Centre-Rosedale (27),27,Cabbagetown-South St.James Town (71),71,D51,Toronto East York,BLOOR ST E,DRUMSNAB RD, ,Major Arterial,Intersection,At Intersection,No Control,Clear,Dark,Dry,Fatal,SMV Other,Motorcycle Driver,25 to 29,Fatal,0,West,Motorcycle,Slowing or Stopping,Lost control,Unknown, , , , , , ,0,0,0,1,0,0,0,0,1,1,0,0,0,1
1087565,2009,2,9,0,2,0,43.67994538,-79.34529029,Toronto-Danforth (29),29,Playter Estates-Danforth (67),67,D54,Toronto East York,PAPE Aven,LIPTON Aven, ,Major Arterial,Mid-Block, ,No Control,Clear,Dark,Dry,Non-Fatal Injury,Pedestrian Collisions,Driver,35 to 39,,0,North,"Automobile, Station Wagon",Going Ahead,Driving Properly,Normal, , , , , , ,1,0,1,0,0,0,0,0,0,0,0,0,0,0
1087565,2009,2,9,0,2,0,43.67994538,-79.34529029,Toronto-Danforth (29),29,Playter Estates-Danforth (67),67,D54,Toronto East York,PAPE Aven,LIPTON Aven, ,Major Arterial,Mid-Block, ,No Control,Clear,Dark,Dry,Non-Fatal Injury,Pedestrian Collisions,Pedestrian,70 to 74,Major,0,West,Other, , , ,Pedestrian hit at mid-block,"Crossing, no Traffic Control",Unknown, , , ,1,0,1,0,0,0,0,0,0,0,0,0,0,0
4003506049,2014,12,18,0,2,3,43.6508251,-79.44395075,Parkdale-High Park (14),14,Little Portugal (84),84,D11,Toronto East York,DUNDAS ST W,STERLING RD,70 m West of,Minor Arterial,Mid-Block,Non Intersection,No Control,Clear,"Dark, artificial",Wet,Non-Fatal Injury,Approaching,Driver,40 to 44,Major,0,East,"Automobile, Station Wagon",Going Ahead,Lost control,Unknown, , , , , , ,0,0,1,0,0,1,0,0,0,0,0,0,0,0
4003506049,2014,12,18,0,2,3,43.6508251,-79.44395075,Parkdale-High Park (14),14,Little Portugal (84),84,D11,Toronto East York,DUNDAS ST W,STERLING RD,70 m West of,Minor Arterial,Mid-Block,Non Intersection,No Control,Clear,"Dark, artificial",Wet,Non-Fatal Injury,Approaching,Driver,35 to 39,,0,West,Street Car,Going Ahead,Driving Properly,Normal, , , , , , ,0,0,1,0,0,1,0,0,0,0,0,0,0,0
5000901118,2015,5,30,0,2,5,43.65721472,-79.45267115,Parkdale-High Park (14),14,High Park North (88),88,D11,Toronto East York,DUNDAS ST W,EDNA AVE,2 m North of,Minor Arterial,Intersection,At Intersection,No Control,Clear,"Dark, artificial",Dry,Non-Fatal Injury,Cyclist Collisions,Cyclist,50 to 54,Major,0,West,Bicycle,Going Ahead, , , , , ,"Cyclist without ROW rides into path of motorist at inter, lnwy, dwy-Cyclist not turn.",Failed to Yield Right of Way,Normal,0,1,1,0,0,0,0,0,0,0,0,0,0,0
5000901118,2015,5,30,0,2,5,43.65721472,-79.45267115,Parkdale-High Park (14),14,High Park North (88),88,D11,Toronto East York,DUNDAS ST W,EDNA AVE,2 m North of,Minor Arterial,Intersection,At Intersection,No Control,Clear,"Dark, artificial",Dry,Non-Fatal Injury,Cyclist Collisions,Driver,40 to 44,,0,North,"Automobile, Station Wagon",Going Ahead,Driving Properly,Normal, , , , , , ,0,1,1,0,0,0,0,0,0,0,0,0,0,0
5002088367,2015,12,6,0,2,6,43.64494284,-79.3976327,Trinity-Spadina (20),20,Waterfront Communities-The Island (77),77,D14,Toronto East York,KING ST W,BRANT ST,10 m South of,Major Arterial,Intersection,Non Intersection,Pedestrian Crossover,Clear,"Dark, artificial",Dry,Non-Fatal Injury,Pedestrian Collisions,Driver,unknown,,0,East,"Automobile, Station Wagon",Going Ahead,Failed to Yield Right of Way,Unknown, , , , , , ,1,0,1,0,0,0,0,0,0,1,0,0,0,0
5002088367,2015,12,6,0,2,6,43.64494284,-79.3976327,Trinity-Spadina (20),20,Waterfront Communities-The Island (77),77,D14,Toronto East York,KING ST W,BRANT ST,10 m South of,Major Arterial,Intersection,Non Intersection,Pedestrian Crossover,Clear,"Dark, artificial",Dry,Non-Fatal Injury,Pedestrian Collisions,Pedestrian,40 to 44,Major,0,North, , , , ,Pedestrian hit a PXO/ped. Mid-block signal,"Crossing, Pedestrian Crossover",Normal, , , ,1,0,1,0,0,0,0,0,0,1,0,0,0,0
1014428,2007,12,27,0,3,3,43.72884538,-79.30439029,Don Valley East (34),34,Victoria Village (43),43,D33,Scarborough,VICTORIA PARK AVE,BIGGIN CRT, ,Major Arterial,Intersection, ,No Control,Clear,Dark,Dry,Non-Fatal Injury,Turning Movement,Vehicle Owner,unknown, ,0, ,Other, , , , , , , , , ,0,0,1,0,0,0,0,1,0,0,0,0,0,0
1014428,2007,12,27,0,3,3,43.72884538,-79.30439029,Don Valley East (34),34,Victoria Village (43),43,D33,Scarborough,VICTORIA PARK AVE,BIGGIN CRT, ,Major Arterial,Intersection, ,No Control,Clear,Dark,Dry,Non-Fatal Injury,Turning Movement,Driver,25 to 29,,0,North,"Automobile, Station Wagon",Making U Turn,Improper Turn,Inattentive, , , , , , ,0,0,1,0,0,0,0,1,0,0,0,0,0,0
1014428,2007,12,27,0,3,3,43.72884538,-79.30439029,Don Valley East (34),34,Victoria Village (43),43,D33,Scarborough,VICTORIA PARK AVE,BIGGIN CRT, ,Major Arterial,Intersection, ,No Control,Clear,Dark,Dry,Non-Fatal Injury,Turning Movement,Passenger,20 to 24,Minor,0, ,Other, , , , , , , , , ,0,0,1,0,0,0,0,1,0,0,0,0,0,0
1014428,2007,12,27,0,3,3,43.72884538,-79.30439029,Don Valley East (34),34,Victoria Village (43),43,D33,Scarborough,VICTORIA PARK AVE,BIGGIN CRT, ,Major Arterial,Intersection, ,No Control,Clear,Dark,Dry,Non-Fatal Injury,Turning Movement,Driver,20 to 24,Major,0,South,"Automobile, Station Wagon",Going Ahead,Driving Properly,Normal, , , , , , ,0,0,1,0,0,0,0,1,0,0,0,0,0,0
965369,2007,4,22,0,4,6,43.77874716,-79.30788813,Scarborough-Agincourt (40),40,Tam O'Shanter-Sullivan (118),118,D42,Scarborough,WARDEN AVE,SHEPPARD AVE E, ,Major Arterial,Intersection,At Intersection,Traffic Signal,Clear,Dark,Dry,Fatal,Turning Movement,Motorcycle Driver,20 to 24,Fatal,0,North,Motorcycle,Going Ahead,Exceeding Speed Limit,Normal, , , , , , ,0,0,1,1,0,0,0,0,1,1,0,0,0,1
965369,2007,4,22,0,4,6,43.77874716,-79.30788813,Scarborough-Agincourt (40),40,Tam O'Shanter-Sullivan (118),118,D42,Scarborough,WARDEN AVE,SHEPPARD AVE E, ,Major Arterial,Intersection,At Intersection,Traffic Signal,Clear,Dark,Dry,Fatal,Turning Movement,Vehicle Owner,unknown, ,0, ,Other, , , , , , , , , ,0,0,1,1,0,0,0,0,1,1,0,0,0,1
965369,2007,4,22,0,4,6,43.77874716,-79.30788813,Scarborough-Agincourt (40),40,Tam O'Shanter-Sullivan (118),118,D42,Scarborough,WARDEN AVE,SHEPPARD AVE E, ,Major Arterial,Intersection,At Intersection,Traffic Signal,Clear,Dark,Dry,Fatal,Turning Movement,Driver,30 to 34,,0,South,"Automobile, Station Wagon",Turning Left,Improper Turn,Normal, , , , , , ,0,0,1,1,0,0,0,0,1,1,0,0,0,1
7000576786,2017,4,2,0,4,6,43.71760901,-79.58281336,Etobicoke North (2),2,West Humber-Clairville (1),1,D23,Etobicoke York,MARTIN GROVE RD,JEFFCOAT DR,120 m South of,Major Arterial,Mid-Block,Non Intersection,No Control,Clear,"Dark, artificial",Dry,Non-Fatal Injury,SMV Other,Driver,60 to 64,Major,0,South,"Automobile, Station Wagon",Unknown,Speed too Fast For Condition,Inattentive, , , , , , ,0,0,1,0,0,0,0,0,1,1,0,0,0,0
1043405,2008,6,14,0,5,5,43.80774538,-79.33239029,Scarborough-Agincourt (39),39,Steeles (116),116,D42,Scarborough,3440 PHARMACY AVE, , ,Minor Arterial,Mid-Block, ,No Control,Rain,Dark,Wet,Fatal,Pedestrian Collisions,Driver,45 to 49,,0,South,"Automobile, Station Wagon",Going Ahead,Driving Properly,Had Been Drinking, , , , , , ,1,0,1,0,0,0,0,0,1,1,0,0,0,1
1043405,2008,6,14,0,5,5,43.80774538,-79.33239029,Scarborough-Agincourt (39),39,Steeles (116),116,D42,Scarborough,3440 PHARMACY AVE, , ,Minor Arterial,Mid-Block, ,No Control,Rain,Dark,Wet,Fatal,Pedestrian Collisions,Pedestrian,25 to 29,Fatal,23,East,Other, , , ,Pedestrian hit at mid-block,"Crossing, no Traffic Control",Unknown, , , ,1,0,1,0,0,0,0,0,1,1,0,0,0,1
1043405,2008,6,14,0,5,5,43.80774538,-79.33239029,Scarborough-Agincourt (39),39,Steeles (116),116,D42,Scarborough,3440 PHARMACY AVE, , ,Minor Arterial,Mid-Block, ,No Control,Rain,Dark,Wet,Fatal,Pedestrian Collisions,Pedestrian,25 to 29,Fatal,24,East,Other, , , ,Pedestrian hit at mid-block,"Crossing, no Traffic Control",Unknown, , , ,1,0,1,0,0,0,0,0,1,1,0,0,0,1
4001953344,2014,4,25,0,5,4,43.64957388,-79.42981348,Davenport (18),18,Little Portugal (84),84,D14,Toronto East York,DUNDAS ST W,GLADSTONE AVE, ,Minor Arterial,Intersection,Non Intersection,No Control,Clear,"Dark, artificial",Dry,Non-Fatal Injury,Cyclist Collisions,Driver,40 to 44,Minimal,0,East,"Automobile, Station Wagon",Making U Turn,Improper Turn,Inattentive, , , , , , ,0,1,1,0,0,0,0,0,0,0,0,0,0,0
4001953344,2014,4,25,0,5,4,43.64957388,-79.42981348,Davenport (18),18,Little Portugal (84),84,D14,Toronto East York,DUNDAS ST W,GLADSTONE AVE, ,Minor Arterial,Intersection,Non Intersection,No Control,Clear,"Dark, artificial",Dry,Non-Fatal Injury,Cyclist Collisions,Cyclist,35 to 39,Major,0,West,Bicycle,Going Ahead, , , , , ,Motorist makes u-turn in-front of cyclist.,Driving Properly,Normal,0,1,1,0,0,0,0,0,0,0,0,0,0,0
5000221204,2015,2,7,0,7,5,43.76266058,-79.49081049,York West (8),8,York University Heights (27),27,D31,North York,TANGIERS RD,FINCH AVE W, ,Major Arterial,Mid-Block,Non Intersection,No Control,Clear,"Dark, artificial",Wet,Non-Fatal Injury,Other,Driver,45 to 49,,0,North,Municipal Transit Bus (TTC),Going Ahead,Driving Properly,Normal, , , , , , ,0,0,0,0,0,1,0,1,0,0,0,0,0,0
5000221204,2015,2,7,0,7,5,43.76266058,-79.49081049,York West (8),8,York University Heights (27),27,D31,North York,TANGIERS RD,FINCH AVE W, ,Major Arterial,Mid-Block,Non Intersection,No Control,Clear,"Dark, artificial",Wet,Non-Fatal Injury,Other,Passenger,60 to 64,Major,0, , , , , , , , , , , ,0,0,0,0,0,1,0,1,0,0,0,0,0,0
1114459,2009,7,16,0,8,3,43.79104538,-79.25189029,Scarborough-Rouge River (42),42,Agincourt South-Malvern West (128),128,D42,Scarborough,SHEPPARD AVE E,MCCOWAN RD, ,Major Arterial,Mid-Block, ,No Control,Clear,Dark,Dry,Non-Fatal Injury,Turning Movement,Vehicle Owner,unknown, ,0, ,Other, , , , , , , , , ,0,0,1,1,0,0,0,0,1,1,0,0,0,0
1114459,2009,7,16,0,8,3,43.79104538,-79.25189029,Scarborough-Rouge River (42),42,Agincourt South-Malvern West (128),128,D42,Scarborough,SHEPPARD AVE E,MCCOWAN RD, ,Major Arterial,Mid-Block, ,No Control,Clear,Dark,Dry,Non-Fatal Injury,Turning Movement,Driver,35 to 39,,0,East,"Automobile, Station Wagon",Turning Left,Improper Turn,Had Been Drinking, , , , , , ,0,0,1,1,0,0,0,0,1,1,0,0,0,0