ACCNUM,YEAR,MONTH,DAY,HOUR,MINUTES,WEEKDAY,LATITUDE,LONGITUDE,Ward_Name,Ward_ID,Hood_Name,Hood_ID,Division,District,STREET1,STREET2,OFFSET,ROAD_CLASS,LOCCOORD,ACCLOC,TRAFFCTL,VISIBILITY,LIGHT,RDSFCOND,ACCLASS,IMPACTYPE,INVTYPE,INVAGE,INJURY,FATAL_NO,INITDIR,VEHTYPE,MANOEUVER,DRIVACT,DRIVCOND,PEDTYPE,PEDACT,PEDCOND,CYCLISTYPE,CYCACT,CYCCOND,PEDESTRIAN,CYCLIST,AUTOMOBILE,MOTORCYCLE,TRUCK,TRSN_CITY_VEH,EMERG_VEH,PASSENGER,SPEEDING,AG_DRIV,REDLIGHT,ALCOHOL,DISABILITY,label
1114459,2009,7,16,0,8,3,43.79104538,-79.25189029,Scarborough-Rouge River (42),42,Agincourt South-Malvern West (128),128,D42,Scarborough,SHEPPARD AVE E,MCCOWAN RD, ,Major Arterial,Mid-Block, ,No Control,Clear,Dark,Dry,Non-Fatal Injury,Turning Movement,Motorcycle Driver,35 to 39,Major,0,West,Motorcycle,Going Ahead,Exceeding Speed Limit,Normal, , , , , , ,0,0,1,1,0,0,0,0,1,1,0,0,0,0
1302144,2012,5,9,0,8,2,43.64504538,-79.39689029,Trinity-Spadina (20),20,Waterfront Communities-The Island (77),77,D14,Toronto East York,KING ST W,BRANT ST, ,Major Arterial,Mid-Block, ,No Control,Clear,"Dark, artificial",Dry,Non-Fatal Injury,Sideswipe,Motorcycle Driver,25 to 29,Major,0,East,Motorcycle,Going Ahead,Driving Properly,Normal, , , , , , ,0,0,1,1,0,0,0,0,0,0,0,0,0,0
1302144,2012,5,9,0,8,2,43.64504538,-79.39689029,Trinity-Spadina (20),20,Waterfront Communities-The Island (77),77,D14,Toronto East York,KING ST W,BRANT ST, ,Major Arterial,Mid-Block, ,No Control,Clear,"Dark, artificial",Dry,Non-Fatal Injury,Sideswipe,Vehicle Owner,unknown, ,0, ,Other, , , , , , , , , ,0,0,1,1,0,0,0,0,0,0,0,0,0,0
1302144,2012,5,9,0,8,2,43.64504538,-79.39689029,Trinity-Spadina (20),20,Waterfront Communities-The Island (77),77,D14,Toronto East York,KING ST W,BRANT ST, ,Major Arterial,Mid-Block, ,No Control,Clear,"Dark, artificial",Dry,Non-Fatal Injury,Sideswipe,Driver,40 to 44,,0,East,"Automobile, Station Wagon",Changing Lanes,Improper Lane Change,Inattentive, , , , , , ,0,0,1,1,0,0,0,0,0,0,0,0,0,0
1302144,2012,5,9,0,8,2,43.64504538,-79.39689029,Trinity-Spadina (20),20,Waterfront Communities-The Island (77),77,D14,Toronto East York,KING ST W,BRANT ST, ,Major Arterial,Mid-Block, ,No Control,Clear,"Dark, artificial",Dry,Non-Fatal Injury,Sideswipe,Vehicle Owner,unknown, ,0, ,Other, , , , , , , , , ,0,0,1,1,0,0,0,0,0,0,0,0,0,0
1302144,2012,5,9,0,8,2,43.64504538,-79.39689029,Trinity-Spadina (20),20,Waterfront Communities-The Island (77),77,D14,Toronto East York,KING ST W,BRANT ST, ,Major Arterial,Mid-Block, ,No Control,Clear,"Dark, artificial",Dry,Non-Fatal Injury,Sideswipe,Driver,25 to 29,,0,East,"Automobile, Station Wagon",Stopped,Driving Properly,Normal, , , , , , ,0,0,1,1,0,0,0,0,0,0,0,0,0,0
1320791,2012,10,19,0,8,4,43.72394538,-79.49419029,York Centre (9),9,Downsview-Roding-CFB (26),26,D31,North York,WILSON AVE,RIDGE RD, ,Major Arterial,Intersection, ,Traffic Signal,Clear,Dark,Wet,Non-Fatal Injury,Rear End,Passenger,unknown,,0, ,Other, , , , , , , , , ,0,0,1,0,0,0,0,1,0,0,0,0,0,0
1320791,2012,10,19,0,8,4,43.72394538,-79.49419029,York Centre (9),9,Downsview-Roding-CFB (26),26,D31,North York,WILSON AVE,RIDGE RD, ,Major Arterial,Intersection, ,Traffic Signal,Clear,Dark,Wet,Non-Fatal Injury,Rear End,Driver,60 to 64,Major,0,West,"Automobile, Station Wagon",Going Ahead,Driving Properly,Normal, , , , , , ,0,0,1,0,0,0,0,1,0,0,0,0,0,0
1320791,2012,10,19,0,8,4,43.72394538,-79.49419029,York Centre (9),9,Downsview-Roding-CFB (26),26,D31,North York,WILSON AVE,RIDGE RD, ,Major Arterial,Intersection, ,Traffic Signal,Clear,Dark,Wet,Non-Fatal Injury,Rear End,Vehicle Owner,unknown, ,0, ,Other, , , , , , , , , ,0,0,1,0,0,0,0,1,0,0,0,0,0,0
1320791,2012,10,19,0,8,4,43.72394538,-79.49419029,York Centre (9),9,Downsview-Roding-CFB (26),26,D31,North York,WILSON AVE,RIDGE RD, ,Major Arterial,Intersection, ,Traffic Signal,Clear,Dark,Wet,Non-Fatal Injury,Rear End,Passenger,20 to 24,Major,0, ,Other, , , , , , , , , ,0,0,1,0,0,0,0,1,0,0,0,0,0,0
1320791,2012,10,19,0,8,4,43.72394538,-79.49419029,York Centre (9),9,Downsview-Roding-CFB (26),26,D31,North York,WILSON AVE,RIDGE RD, ,Major Arterial,Intersection, ,Traffic Signal,Clear,Dark,Wet,Non-Fatal Injury,Rear End,Driver,20 to 24,Major,0,West,"Automobile, Station Wagon",Overtaking,Improper Lane Change,Normal, , , , , , ,0,0,1,0,0,0,0,1,0,0,0,0,0,0
1320791,2012,10,19,0,8,4,43.72394538,-79.49419029,York Centre (9),9,Downsview-Roding-CFB (26),26,D31,North York,WILSON AVE,RIDGE RD, ,Major Arterial,Intersection, ,Traffic Signal,Clear,Dark,Wet,Non-Fatal Injury,Rear End,Vehicle Owner,unknown, ,0, ,Other, , , , , , , , , ,0,0,1,0,0,0,0,1,0,0,0,0,0,0
1320791,2012,10,19,0,8,4,43.72394538,-79.49419029,York Centre (9),9,Downsview-Roding-CFB (26),26,D31,North York,WILSON AVE,RIDGE RD, ,Major Arterial,Intersection, ,Traffic Signal,Clear,Dark,Wet,Non-Fatal Injury,Rear End,Driver,60 to 64,Minor,0,East,"Automobile, Station Wagon",Going Ahead,Driving Properly,Normal, , , , , , ,0,0,1,0,0,0,0,1,0,0,0,0,0,0
1320791,2012,10,19,0,8,4,43.72394538,-79.49419029,York Centre (9),9,Downsview-Roding-CFB (26),26,D31,North York,WILSON AVE,RIDGE RD, ,Major Arterial,Intersection, ,Traffic Signal,Clear,Dark,Wet,Non-Fatal Injury,Rear End,Other Property Owner,unknown, ,0, ,Other, , , , , , , , , ,0,0,1,0,0,0,0,1,0,0,0,0,0,0
1320791,2012,10,19,0,8,4,43.72394538,-79.49419029,York Centre (9),9,Downsview-Roding-CFB (26),26,D31,North York,WILSON AVE,RIDGE RD, ,Major Arterial,Intersection, ,Traffic Signal,Clear,Dark,Wet,Non-Fatal Injury,Rear End,Other Property Owner,unknown, ,0, ,Other, , , , , , , , , ,0,0,1,0,0,0,0,1,0,0,0,0,0,0
5001136090,2015,7,6,0,8,0,43.62629278,-79.52883539,Etobicoke-Lakeshore (5),5,Islington-City Centre West (14),14,D22,Etobicoke York,KIPLING AVE,JUTLAND RD, ,Major Arterial,Intersection,Intersection Related,No Control,Clear,"Dark, artificial",Dry,Fatal,Turning Movement,Driver,50 to 54,Minimal,0,South,"Automobile, Station Wagon",Turning Left,Driving Properly,Normal, , , , , , ,0,0,1,1,0,0,0,1,1,1,0,0,0,1
5001136090,2015,7,6,0,8,0,43.62629278,-79.52883539,Etobicoke-Lakeshore (5),5,Islington-City Centre West (14),14,D22,Etobicoke York,KIPLING AVE,JUTLAND RD, ,Major Arterial,Intersection,Intersection Related,No Control,Clear,"Dark, artificial",Dry,Fatal,Turning Movement,Motorcycle Driver,25 to 29,Fatal,33,North,Motorcycle,Going Ahead,Exceeding Speed Limit,Unknown, , , , , , ,0,0,1,1,0,0,0,1,1,1,0,0,0,1
5001136090,2015,7,6,0,8,0,43.62629278,-79.52883539,Etobicoke-Lakeshore (5),5,Islington-City Centre West (14),14,D22,Etobicoke York,KIPLING AVE,JUTLAND RD, ,Major Arterial,Intersection,Intersection Related,No Control,Clear,"Dark, artificial",Dry,Fatal,Turning Movement,Passenger,50 to 54,Minor,0, , , , , , , , , , , ,0,0,1,1,0,0,0,1,1,1,0,0,0,1
1153073,2010,2,15,0,9,0,43.74324538,-79.30459029,Scarborough Centre (37),37,Wexford/Maryvale (119),119,D41,Scarborough,LAWRENCE AVE E,PHARMACY AVE, ,Major Arterial,Intersection, ,Traffic Signal,Clear,Dark,Dry,Fatal,Turning Movement,Vehicle Owner,unknown, ,0, ,Other, , , , , , , , , ,0,0,1,0,0,0,0,1,0,0,0,0,0,1
1153073,2010,2,15,0,9,0,43.74324538,-79.30459029,Scarborough Centre (37),37,Wexford/Maryvale (119),119,D41,Scarborough,LAWRENCE AVE E,PHARMACY AVE, ,Major Arterial,Intersection, ,Traffic Signal,Clear,Dark,Dry,Fatal,Turning Movement,Driver,40 to 44,Major,0,West,"Automobile, Station Wagon",Going Ahead,Other,Unknown, , , , , , ,0,0,1,0,0,0,0,1,0,0,0,0,0,1
1153073,2010,2,15,0,9,0,43.74324538,-79.30459029,Scarborough Centre (37),37,Wexford/Maryvale (119),119,D41,Scarborough,LAWRENCE AVE E,PHARMACY AVE, ,Major Arterial,Intersection, ,Traffic Signal,Clear,Dark,Dry,Fatal,Turning Movement,Passenger,15 to 19,Major,0, ,Other, , , , , , , , , ,0,0,1,0,0,0,0,1,0,0,0,0,0,1
1153073,2010,2,15,0,9,0,43.74324538,-79.30459029,Scarborough Centre (37),37,Wexford/Maryvale (119),119,D41,Scarborough,LAWRENCE AVE E,PHARMACY AVE, ,Major Arterial,Intersection, ,Traffic Signal,Clear,Dark,Dry,Fatal,Turning Movement,Passenger,45 to 49,Major,0, ,Other, , , , , , , , , ,0,0,1,0,0,0,0,1,0,0,0,0,0,1
1153073,2010,2,15,0,9,0,43.74324538,-79.30459029,Scarborough Centre (37),37,Wexford/Maryvale (119),119,D41,Scarborough,LAWRENCE AVE E,PHARMACY AVE, ,Major Arterial,Intersection, ,Traffic Signal,Clear,Dark,Dry,Fatal,Turning Movement,Passenger,15 to 19,Minor,0, ,Other, , , , , , , , , ,0,0,1,0,0,0,0,1,0,0,0,0,0,1
1153073,2010,2,15,0,9,0,43.74324538,-79.30459029,Scarborough Centre (37),37,Wexford/Maryvale (119),119,D41,Scarborough,LAWRENCE AVE E,PHARMACY AVE, ,Major Arterial,Intersection, ,Traffic Signal,Clear,Dark,Dry,Fatal,Turning Movement,Passenger,30 to 34,Major,0, ,Other, , , , , , , , , ,0,0,1,0,0,0,0,1,0,0,0,0,0,1
1153073,2010,2,15,0,9,0,43.74324538,-79.30459029,Scarborough Centre (37),37,Wexford/Maryvale (119),119,D41,Scarborough,LAWRENCE AVE E,PHARMACY AVE, ,Major Arterial,Intersection, ,Traffic Signal,Clear,Dark,Dry,Fatal,Turning Movement,Passenger,35 to 39,Major,0, ,Other, , , , , , , , , ,0,0,1,0,0,0,0,1,0,0,0,0,0,1
1153073,2010,2,15,0,9,0,43.74324538,-79.30459029,Scarborough Centre (37),37,Wexford/Maryvale (119),119,D41,Scarborough,LAWRENCE AVE E,PHARMACY AVE, ,Major Arterial,Intersection, ,Traffic Signal,Clear,Dark,Dry,Fatal,Turning Movement,Driver,25 to 29,Fatal,10,West,"Automobile, Station Wagon",Turning Left,Driving Properly,Normal, , , , , , ,0,0,1,0,0,0,0,1,0,0,0,0,0,1
4003056806,2014,10,7,0,9,1,43.65077933,-79.38659296,Toronto Centre-Rosedale (28),28,Bay Street Corridor (76),76,D52,Toronto East York,UNIVERSITY AVE,QUEEN ST W, ,Major Arterial,Intersection,At Intersection,Traffic Signal,Rain,"Dark, artificial",Wet,Non-Fatal Injury,Pedestrian Collisions,Driver,45 to 49,,0,South,"Automobile, Station Wagon",Going Ahead,Driving Properly,Normal, , , , , , ,1,0,1,0,0,0,0,0,0,0,0,0,0,0
4003056806,2014,10,7,0,9,1,43.65077933,-79.38659296,Toronto Centre-Rosedale (28),28,Bay Street Corridor (76),76,D52,Toronto East York,UNIVERSITY AVE,QUEEN ST W, ,Major Arterial,Intersection,At Intersection,Traffic Signal,Rain,"Dark, artificial",Wet,Non-Fatal Injury,Pedestrian Collisions,Pedestrian,25 to 29,Major,0,West, , , , ,Vehicle is going straight thru inter.while ped cross without ROW,Running onto Roadway,Other, , , ,1,0,1,0,0,0,0,0,0,0,0,0,0,0
1031943,2008,3,13,0,10,3,43.65834538,-79.33899029,Toronto-Danforth (30),30,South Riverdale (70),70,D55,Toronto East York,CARLAW AVE,EASTERN AVE, ,Major Arterial,Intersection,At Intersection,Traffic Signal,Clear,Dark,Dry,Non-Fatal Injury,Angle,Vehicle Owner,unknown, ,0, ,Other, , , , , , , , , ,0,0,1,0,0,0,0,1,1,1,1,0,0,0
1031943,2008,3,13,0,10,3,43.65834538,-79.33899029,Toronto-Danforth (30),30,South Riverdale (70),70,D55,Toronto East York,CARLAW AVE,EASTERN AVE, ,Major Arterial,Intersection,At Intersection,Traffic Signal,Clear,Dark,Dry,Non-Fatal Injury,Angle,Driver,35 to 39,Major,0,West,"Automobile, Station Wagon",Going Ahead,Disobeyed Traffic Control,Normal, , , , , , ,0,0,1,0,0,0,0,1,1,1,1,0,0,0
1031943,2008,3,13,0,10,3,43.65834538,-79.33899029,Toronto-Danforth (30),30,South Riverdale (70),70,D55,Toronto East York,CARLAW AVE,EASTERN AVE, ,Major Arterial,Intersection,At Intersection,Traffic Signal,Clear,Dark,Dry,Non-Fatal Injury,Angle,Passenger,unknown,Minimal,0, ,Other, , , , , , , , , ,0,0,1,0,0,0,0,1,1,1,1,0,0,0
1031943,2008,3,13,0,10,3,43.65834538,-79.33899029,Toronto-Danforth (30),30,South Riverdale (70),70,D55,Toronto East York,CARLAW AVE,EASTERN AVE, ,Major Arterial,Intersection,At Intersection,Traffic Signal,Clear,Dark,Dry,Non-Fatal Injury,Angle,Driver,40 to 44,Minimal,0,North,"Automobile, Station Wagon",Going Ahead,Driving Properly,Normal, , , , , , ,0,0,1,0,0,0,0,1,1,1,1,0,0,0
1031943,2008,3,13,0,10,3,43.65834538,-79.33899029,Toronto-Danforth (30),30,South Riverdale (70),70,D55,Toronto East York,CARLAW AVE,EASTERN AVE, ,Major Arterial,Intersection,At Intersection,Traffic Signal,Clear,Dark,Dry,Non-Fatal Injury,Angle,Other Property Owner,unknown, ,0, ,Other, , , , , , , , , ,0,0,1,0,0,0,0,1,1,1,1,0,0,0
1124459,2009,8,10,0,10,0,43.79264538,-79.35469029,Don Valley East (33),33,Don Valley Village (47),47,D33,North York,FINCH Aven E,DON MILLS Road, ,Major Arterial,Intersection,At Intersection,Traffic Signal,Clear,Dark,Wet,Non-Fatal Injury,Cyclist Collisions,Vehicle Owner,unknown, ,0, ,Other, , , , , , , , , ,0,1,1,0,0,0,0,0,0,0,0,0,0,0
1124459,2009,8,10,0,10,0,43.79264538,-79.35469029,Don Valley East (33),33,Don Valley Village (47),47,D33,North York,FINCH Aven E,DON MILLS Road, ,Major Arterial,Intersection,At Intersection,Traffic Signal,Clear,Dark,Wet,Non-Fatal Injury,Cyclist Collisions,Driver,45 to 49,,0,East,"Automobile, Station Wagon",Going Ahead,Driving Properly,Normal, , , , , , ,0,1,1,0,0,0,0,0,0,0,0,0,0,0
1124459,2009,8,10,0,10,0,43.79264538,-79.35469029,Don Valley East (33),33,Don Valley Village (47),47,D33,North York,FINCH Aven E,DON MILLS Road, ,Major Arterial,Intersection,At Intersection,Traffic Signal,Clear,Dark,Wet,Non-Fatal Injury,Cyclist Collisions,Cyclist,25 to 29,Major,0,North,Bicycle,Going Ahead, , , , , ,"Cyclist without ROW rides into path of motorist at inter, lnwy, dwy-Cyclist not turn.",Disobeyed Traffic Control,Had Been Drinking,0,1,1,0,0,0,0,0,0,0,0,0,0,0
1139232,2009,11,26,0,10,3,43.73044538,-79.60139029,Etobicoke North (1),1,West Humber-Clairville (1),1,D23,Etobicoke York,HIGHWAY 27  N,HUMBER COLLEGE Boul, ,Major Arterial,Intersection, ,Traffic Signal,Clear,Dark,Wet,Non-Fatal Injury,Pedestrian Collisions,Passenger,25 to 29,,0, ,Other, , , , , , , , , ,1,0,1,0,0,0,0,1,0,0,0,0,0,0
1137499,2009,10,25,1,16,6,43.68064538,-79.44419029,Davenport (17),17,Corso Italia-Davenport (92),92,D13,Etobicoke York,DUFFERIN ST,ASCOT AVE, ,Major Arterial,Mid-Block, ,Stop Sign,Clear,Dark,Dry,Non-Fatal Injury,Approaching,Driver,25 to 29,Major,0,North,"Automobile, Station Wagon",Stopped,Following too Close,Normal, , , , , , ,0,0,1,0,0,0,0,1,0,1,0,0,0,0
1137499,2009,10,25,1,16,6,43.68064538,-79.44419029,Davenport (17),17,Corso Italia-Davenport (92),92,D13,Etobicoke York,DUFFERIN ST,ASCOT AVE, ,Major Arterial,Mid-Block, ,Stop Sign,Clear,Dark,Dry,Non-Fatal Injury,Approaching,Passenger,15 to 19,Minor,0, ,Other, , , , , , , , , ,0,0,1,0,0,0,0,1,0,1,0,0,0,0
1137499,2009,10,25,1,16,6,43.68064538,-79.44419029,Davenport (17),17,Corso Italia-Davenport (92),92,D13,Etobicoke York,DUFFERIN ST,ASCOT AVE, ,Major Arterial,Mid-Block, ,Stop Sign,Clear,Dark,Dry,Non-Fatal Injury,Approaching,Passenger,40 to 44,Minor,0, ,Other, , , , , , , , , ,0,0,1,0,0,0,0,1,0,1,0,0,0,0
1137499,2009,10,25,1,16,6,43.68064538,-79.44419029,Davenport (17),17,Corso Italia-Davenport (92),92,D13,Etobicoke York,DUFFERIN ST,ASCOT AVE, ,Major Arterial,Mid-Block, ,Stop Sign,Clear,Dark,Dry,Non-Fatal Injury,Approaching,Vehicle Owner,unknown, ,0, ,Other, , , , , , , , , ,0,0,1,0,0,0,0,1,0,1,0,0,0,0
1137499,2009,10,25,1,16,6,43.68064538,-79.44419029,Davenport (17),17,Corso Italia-Davenport (92),92,D13,Etobicoke York,DUFFERIN ST,ASCOT AVE, ,Major Arterial,Mid-Block, ,Stop Sign,Clear,Dark,Dry,Non-Fatal Injury,Approaching,Driver,55 to 59,Minor,0,North,"Automobile, Station Wagon",Stopped,Driving Properly,Normal, , , , , , ,0,0,1,0,0,0,0,1,0,1,0,0,0,0
1137499,2009,10,25,1,16,6,43.68064538,-79.44419029,Davenport (17),17,Corso Italia-Davenport (92),92,D13,Etobicoke York,DUFFERIN ST,ASCOT AVE, ,Major Arterial,Mid-Block, ,Stop Sign,Clear,Dark,Dry,Non-Fatal Injury,Approaching,Driver,20 to 24,,0,North,"Automobile, Station Wagon",Going Ahead,Lost control,Unknown, , , , , , ,0,0,1,0,0,0,0,1,0,1,0,0,0,0
1274658,2012,1,13,1,17,4,43.68814538,-79.30179029,Beaches-East York (32),32,East End-Danforth (62),62,D55,Toronto East York,DANFORTH AVE,MAIN ST, ,Major Arterial,Intersection,At Intersection,Traffic Signal,Clear,"Dark, artificial",Wet,Non-Fatal Injury,Angle,Vehicle Owner,unknown, ,0, ,"Automobile, Station Wagon", , , , , , , , , ,0,0,1,0,0,1,0,0,0,1,1,0,0,0
1274658,2012,1,13,1,17,4,43.68814538,-79.30179029,Beaches-East York (32),32,East End-Danforth (62),62,D55,Toronto East York,DANFORTH AVE,MAIN ST, ,Major Arterial,Intersection,At Intersection,Traffic Signal,Clear,"Dark, artificial",Wet,Non-Fatal Injury,Angle,Driver,35 to 39,Major,0,East,Other,Going Ahead,Disobeyed Traffic Control,Normal, , , , , , ,0,0,1,0,0,1,0,0,0,1,1,0,0,0
1274658,2012,1,13,1,17,4,43.68814538,-79.30179029,Beaches-East York (32),32,East End-Danforth (62),62,D55,Toronto East York,DANFORTH AVE,MAIN ST, ,Major Arterial,Intersection,At Intersection,Traffic Signal,Clear,"Dark, artificial",Wet,Non-Fatal Injury,Angle,Vehicle Owner,unknown, ,0, ,Other, , , , , , , , , ,0,0,1,0,0,1,0,0,0,1,1,0,0,0
1274658,2012,1,13,1,17,4,43.68814538,-79.30179029,Beaches-East York (32),32,East End-Danforth (62),62,D55,Toronto East York,DANFORTH AVE,MAIN ST, ,Major Arterial,Intersection,At Intersection,Traffic Signal,Clear,"Dark, artificial",Wet,Non-Fatal Injury,Angle,Driver,30 to 34,Minimal,0,South,Municipal Transit Bus (TTC),Going Ahead,Driving Properly,Normal, , , , , , ,0,0,1,0,0,1,0,0,0,1,1,0,0,0
1275666,2011,11,23,1,18,2,43.75164538,-79.45669029,York Centre (10),10,Clanton Park (33),33,D32,North York,WILSON HEIGHTS BLVD,SHEPPARD AVE W, ,Major Arterial,Intersection,At Intersection,Traffic Signal,Rain,"Dark, artificial",Wet,Non-Fatal Injury,Pedestrian Collisions,Driver,45 to 49,,0,South,"Automobile, Station Wagon",Turning Left,Failed to Yield Right of Way,Inattentive, , , , , , ,1,0,1,0,0,0,0,0,0,1,0,0,0,0
1275666,2011,11,23,1,18,2,43.75164538,-79.45669029,York Centre (10),10,Clanton Park (33),33,D32,North York,WILSON HEIGHTS BLVD,SHEPPARD AVE W, ,Major Arterial,Intersection,At Intersection,Traffic Signal,Rain,"Dark, artificial",Wet,Non-Fatal Injury,Pedestrian Collisions,Pedestrian,50 to 54,Major,0,North,Other, , , ,Vehicle turns left while ped crosses with ROW at inter.,Crossing with right of way,Unknown, , , ,1,0,1,0,0,0,0,0,0,1,0,0,0,0
7001508706,2017,8,21,1,18,0,43.75157538,-79.54488729,York West (7),7,Humbermede (22),22,D31,Etobicoke York,FINCH AVE W,WESTON RD,213 m West of,Major Arterial,Mid-Block,Non Intersection,No Control,Clear,"Dark, artificial",Dry,Non-Fatal Injury,Turning Movement,Driver,15 to 19,Major,0,East,"Automobile, Station Wagon",Turning Left,Failed to Yield Right of Way,Unknown, , , , , , ,0,0,1,0,0,0,0,0,1,1,0,0,0,0
7001508706,2017,8,21,1,18,0,43.75157538,-79.54488729,York West (7),7,Humbermede (22),22,D31,Etobicoke York,FINCH AVE W,WESTON RD,213 m West of,Major Arterial,Mid-Block,Non Intersection,No Control,Clear,"Dark, artificial",Dry,Non-Fatal Injury,Turning Movement,Driver,0 to 4,,0,West,"Automobile, Station Wagon",Going Ahead,Speed too Fast For Condition,Normal, , , , , , ,0,0,1,0,0,0,0,0,1,1,0,0,0,0
997688,2007,10,21,1,20,6,43.76324538,-79.41139029,Willowdale (23),23,Lansing-Westgate (38),38,D32,North York,YONGE ST,GREENFIELD AVE, ,Major Arterial,Intersection,At Intersection,Traffic Signal,Clear,Dark,Dry,Non-Fatal Injury,Pedestrian Collisions,Vehicle Owner,unknown, ,0, ,Other, , , , , , , , , ,1,0,1,0,0,0,0,0,0,0,0,0,0,0
997688,2007,10,21,1,20,6,43.76324538,-79.41139029,Willowdale (23),23,Lansing-Westgate (38),38,D32,North York,YONGE ST,GREENFIELD AVE, ,Major Arterial,Intersection,At Intersection,Traffic Signal,Clear,Dark,Dry,Non-Fatal Injury,Pedestrian Collisions,Driver,45 to 49,,0,North,"Automobile, Station Wagon",Going Ahead,Driving Properly,Normal, , , , , , ,1,0,1,0,0,0,0,0,0,0,0,0,0,0
997688,2007,10,21,1,20,6,43.76324538,-79.41139029,Willowdale (23),23,Lansing-Westgate (38),38,D32,North York,YONGE ST,GREENFIELD AVE, ,Major Arterial,Intersection,At Intersection,Traffic Signal,Clear,Dark,Dry,Non-Fatal Injury,Pedestrian Collisions,Pedestrian,25 to 29,Major,0,West,Other, , , ,Vehicle is going straight thru inter.while ped cross without ROW,Running onto Roadway,Normal, , , ,1,0,1,0,0,0,0,0,0,0,0,0,0,0
1045558,2008,6,30,1,20,0,43.62114538,-79.50979029,Etobicoke-Lakeshore (6),6,Mimico (includes Humber Bay Shores) (17),17,D22,Etobicoke York,F G GARDINER XY  W,ISLINGTON AVE, ,Expressway,Mid-Block, ,No Control,Clear,Dark,Dry,Non-Fatal Injury,SMV Other,Passenger,20 to 24,Minor,0, ,Other, , , , , , , , , ,0,0,1,0,0,0,0,1,0,0,0,1,0,0
1045558,2008,6,30,1,20,0,43.62114538,-79.50979029,Etobicoke-Lakeshore (6),6,Mimico (includes Humber Bay Shores) (17),17,D22,Etobicoke York,F G GARDINER XY  W,ISLINGTON AVE, ,Expressway,Mid-Block, ,No Control,Clear,Dark,Dry,Non-Fatal Injury,SMV Other,Passenger,25 to 29,Minor,0, ,Other, , , , , , , , , ,0,0,1,0,0,0,0,1,0,0,0,1,0,0
1045558,2008,6,30,1,20,0,43.62114538,-79.50979029,Etobicoke-Lakeshore (6),6,Mimico (includes Humber Bay Shores) (17),17,D22,Etobicoke York,F G GARDINER XY  W,ISLINGTON AVE, ,Expressway,Mid-Block, ,No Control,Clear,Dark,Dry,Non-Fatal Injury,SMV Other,Passenger,25 to 29,Major,0, ,Other, , , , , , , , , ,0,0,1,0,0,0,0,1,0,0,0,1,0,0
1045558,2008,6,30,1,20,0,43.62114538,-79.50979029,Etobicoke-Lakeshore (6),6,Mimico (includes Humber Bay Shores) (17),17,D22,Etobicoke York,F G GARDINER XY  W,ISLINGTON AVE, ,Expressway,Mid-Block, ,No Control,Clear,Dark,Dry,Non-Fatal Injury,SMV Other,Passenger,25 to 29,Major,0, ,Other, , , , , , , , , ,0,0,1,0,0,0,0,1,0,0,0,1,0,0
1045558,2008,6,30,1,20,0,43.62114538,-79.50979029,Etobicoke-Lakeshore (6),6,Mimico (includes Humber Bay Shores) (17),17,D22,Etobicoke York,F G GARDINER XY  W,ISLINGTON AVE, ,Expressway,Mid-Block, ,No Control,Clear,Dark,Dry,Non-Fatal Injury,SMV Other,Driver,30 to 34,Major,0,West,"Automobile, Station Wagon",Going Ahead,Lost control,"Ability Impaired, Alcohol", , , , , , ,0,0,1,0,0,0,0,1,0,0,0,1,0,0
1171250,2010,6,3,1,20,3,43.67794538,-79.44309029,Davenport (17),17,Corso Italia-Davenport (92),92,D13,Etobicoke York,DUFFERIN ST,ST CLAIR AVE W, ,Major Arterial,Intersection,At Intersection,Traffic Signal,Rain,Dark,Wet,Fatal,Pedestrian Collisions,Driver,45 to 49,,0,North,"Automobile, Station Wagon",Going Ahead,Driving Properly,Normal, , , , , , ,1,0,1,0,0,0,0,0,0,0,0,0,0,1
1171250,2010,6,3,1,20,3,43.67794538,-79.44309029,Davenport (17),17,Corso Italia-Davenport (92),92,D13,Etobicoke York,DUFFERIN ST,ST CLAIR AVE W, ,Major Arterial,Intersection,At Intersection,Traffic Signal,Rain,Dark,Wet,Fatal,Pedestrian Collisions,Pedestrian,50 to 54,Fatal,20,West,Other, , , ,Vehicle is going straight thru inter.while ped cross without ROW,Crossing without right of way,Unknown, , , ,1,0,1,0,0,0,0,0,0,0,0,0,0,1
1265542,2011,9,18,1,20,6,43.67804538,-79.40569029,St. Paul's (22),22,Casa Loma (96),96,D53,Toronto East York,DAVENPORT RD,HURON ST, ,Minor Arterial,Intersection,At Intersection,Stop Sign,Clear,Dark,Dry,Non-Fatal Injury,SMV Other,Motorcycle Driver,30 to 34,Major,0,West,Motorcycle,Going Ahead,Speed too Fast For Condition,Had Been Drinking, , , , , , ,0,0,0,1,0,0,0,0,1,1,0,0,0,0
5001530826,2015,9,5,1,20,5,43.81458243,-79.21318445,Scarborough-Rouge River (42),42,Malvern (132),132,D42,Scarborough,SEWELLS RD,HUPFIELD TRL,20 m West of,Minor Arterial,Intersection,Intersection Related,No Control,Clear,"Dark, artificial",Dry,Non-Fatal Injury,SMV Other,Driver,20 to 24,,0,East,"Automobile, Station Wagon",Going Ahead,Lost control,Unknown, , , , , , ,0,0,1,0,0,0,0,1,1,1,0,0,0,0
5001530826,2015,9,5,1,20,5,43.81458243,-79.21318445,Scarborough-Rouge River (42),42,Malvern (132),132,D42,Scarborough,SEWELLS RD,HUPFIELD TRL,20 m West of,Minor Arterial,Intersection,Intersection Related,No Control,Clear,"Dark, artificial",Dry,Non-Fatal Injury,SMV Other,Passenger,20 to 24,Minor,0, , , , , , , , , , , ,0,0,1,0,0,0,0,1,1,1,0,0,0,0