ACCNUM,YEAR,MONTH,DAY,HOUR,MINUTES,WEEKDAY,LATITUDE,LONGITUDE,Ward_Name,Ward_ID,Hood_Name,Hood_ID,Division,District,STREET1,STREET2,OFFSET,ROAD_CLASS,LOCCOORD,ACCLOC,TRAFFCTL,VISIBILITY,LIGHT,RDSFCOND,ACCLASS,IMPACTYPE,INVTYPE,INVAGE,INJURY,FATAL_NO,INITDIR,VEHTYPE,MANOEUVER,DRIVACT,DRIVCOND,PEDTYPE,PEDACT,PEDCOND,CYCLISTYPE,CYCACT,CYCCOND,PEDESTRIAN,CYCLIST,AUTOMOBILE,MOTORCYCLE,TRUCK,TRSN_CITY_VEH,EMERG_VEH,PASSENGER,SPEEDING,AG_DRIV,REDLIGHT,ALCOHOL,DISABILITY,label
5001530826,2015,9,5,1,20,5,43.81458243,-79.21318445,Scarborough-Rouge River (42),42,Malvern (132),132,D42,Scarborough,SEWELLS RD,HUPFIELD TRL,20 m West of,Minor Arterial,Intersection,Intersection Related,No Control,Clear,"Dark, artificial",Dry,Non-Fatal Injury,SMV Other,Passenger,15 to 19,Major,0, , , , , , , , , , , ,0,0,1,0,0,0,0,1,1,1,0,0,0,0
1142168,2009,12,15,1,22,1,43.73224538,-79.45799029,York Centre (9),9,Clanton Park (33),33,D32,North York,WILSON AVE,DUFFERIN ST, ,Major Arterial,Mid-Block,At Intersection,No Control,Clear,Dark,Wet,Fatal,SMV Unattended Vehicle,Driver,25 to 29,Fatal,45,West,"Automobile, Station Wagon",Going Ahead,Lost control,Had Been Drinking, , , , , , ,0,0,1,0,0,0,0,0,0,0,0,0,0,1
1142168,2009,12,15,1,22,1,43.73224538,-79.45799029,York Centre (9),9,Clanton Park (33),33,D32,North York,WILSON AVE,DUFFERIN ST, ,Major Arterial,Mid-Block,At Intersection,No Control,Clear,Dark,Wet,Fatal,SMV Unattended Vehicle,Other,unknown,,0,West,Other,Parked, , , , , , , , ,0,0,1,0,0,0,0,0,0,0,0,0,0,1
4002750756,2014,8,22,1,22,4,43.67195471,-79.3706933,Toronto Centre-Rosedale (28),28,Cabbagetown-South St.James Town (71),71,D51,Toronto East York,BLOOR ST E,PARLIAMENT ST, ,Major Arterial,Intersection,At Intersection,Traffic Signal,Clear,Dark,Dry,Non-Fatal Injury,Cyclist Collisions,Cyclist,25 to 29,Major,0,East,Bicycle,Going Ahead, , , , , ,Motorist turned left across cyclists path.,Driving Properly,Normal,0,1,1,0,0,0,0,0,0,1,0,0,0,0
4002750756,2014,8,22,1,22,4,43.67195471,-79.3706933,Toronto Centre-Rosedale (28),28,Cabbagetown-South St.James Town (71),71,D51,Toronto East York,BLOOR ST E,PARLIAMENT ST, ,Major Arterial,Intersection,At Intersection,Traffic Signal,Clear,Dark,Dry,Non-Fatal Injury,Cyclist Collisions,Driver,40 to 44,,0,West,"Automobile, Station Wagon",Turning Left,Failed to Yield Right of Way,Inattentive, , , , , , ,0,1,1,0,0,0,0,0,0,1,0,0,0,0
7001386186,2017,8,2,1,23,2,43.78757038,-79.26827629,Scarborough-Rouge River (41),41,Agincourt South-Malvern West (128),128,D42,Scarborough,SHEPPARD AVE E,BRIMLEY RD, ,Major Arterial,Intersection,At Intersection,Traffic Signal,Clear,"Dark, artificial",Dry,Non-Fatal Injury,Turning Movement,Driver,55 to 59,Major,0,South,"Automobile, Station Wagon",Turning Left,Improper Turn,Inattentive, , , , , , ,0,0,1,0,0,0,0,0,1,1,0,0,0,0
7001386186,2017,8,2,1,23,2,43.78757038,-79.26827629,Scarborough-Rouge River (41),41,Agincourt South-Malvern West (128),128,D42,Scarborough,SHEPPARD AVE E,BRIMLEY RD, ,Major Arterial,Intersection,At Intersection,Traffic Signal,Clear,"Dark, artificial",Dry,Non-Fatal Injury,Turning Movement,Driver,20 to 24,,0,North,"Automobile, Station Wagon",Going Ahead,Driving Properly,Normal, , , , , , ,0,0,1,0,0,0,0,0,1,1,0,0,0,0
6002108596,2016,11,28,1,24,0,43.68977698,-79.42100916,St. Paul's (21),21,Humewood-Cedarvale (106),106,D13,Toronto East York,1595 BATHURST ST,LONSMOUNT DR,63 m North of,Major Arterial,Mid-Block,Non Intersection,No Control,Clear,"Dark, artificial",Dry,Non-Fatal Injury,Pedestrian Collisions,Driver,60 to 64,,0,South,"Automobile, Station Wagon",Going Ahead,Driving Properly,Normal, , , , , , ,1,0,1,0,0,0,0,0,0,0,0,0,0,0
6002108596,2016,11,28,1,24,0,43.68977698,-79.42100916,St. Paul's (21),21,Humewood-Cedarvale (106),106,D13,Toronto East York,1595 BATHURST ST,LONSMOUNT DR,63 m North of,Major Arterial,Mid-Block,Non Intersection,No Control,Clear,"Dark, artificial",Dry,Non-Fatal Injury,Pedestrian Collisions,Pedestrian,70 to 74,Major,0,West, , , , ,Pedestrian hit at mid-block,"Crossing, no Traffic Control",Had Been Drinking, , , ,1,0,1,0,0,0,0,0,0,0,0,0,0,0
1000080,2007,10,15,1,25,0,43.78904538,-79.44649029,York Centre (10),10,Newtonbrook West (36),36,D32,North York,BATHURST Stre,CARPENTER Road, ,Major Arterial,Intersection,At Intersection,No Control,Clear,Dark,Dry,Non-Fatal Injury,SMV Other,Passenger,unknown,Minor,0, ,Other,Other, , , , , , , , ,0,0,1,0,0,0,0,1,0,0,0,0,0,0
1000080,2007,10,15,1,25,0,43.78904538,-79.44649029,York Centre (10),10,Newtonbrook West (36),36,D32,North York,BATHURST Stre,CARPENTER Road, ,Major Arterial,Intersection,At Intersection,No Control,Clear,Dark,Dry,Non-Fatal Injury,SMV Other,Vehicle Owner,unknown,,0, ,Other,Other, , , , , , , , ,0,0,1,0,0,0,0,1,0,0,0,0,0,0
1000080,2007,10,15,1,25,0,43.78904538,-79.44649029,York Centre (10),10,Newtonbrook West (36),36,D32,North York,BATHURST Stre,CARPENTER Road, ,Major Arterial,Intersection,At Intersection,No Control,Clear,Dark,Dry,Non-Fatal Injury,SMV Other,Driver,25 to 29,Major,0,North,"Automobile, Station Wagon",Going Ahead, , , , , , , , ,0,0,1,0,0,0,0,1,0,0,0,0,0,0
1088989,2009,2,13,1,25,4,43.76894538,-79.23769029,Scarborough Centre (38),38,Woburn (137),137,D43,Scarborough,423 BRIMORTON DR, , ,Collector,Mid-Block, ,No Control,Clear,Dark,Dry,Fatal,SMV Other,Passenger,20 to 24,Fatal,4, ,Other, , , , , , , , , ,0,0,1,0,0,0,0,1,0,0,0,1,0,1
1088989,2009,2,13,1,25,4,43.76894538,-79.23769029,Scarborough Centre (38),38,Woburn (137),137,D43,Scarborough,423 BRIMORTON DR, , ,Collector,Mid-Block, ,No Control,Clear,Dark,Dry,Fatal,SMV Other,Driver,20 to 24,Minor,0,West,"Automobile, Station Wagon",Going Ahead,Lost control,"Ability Impaired, Alcohol", , , , , , ,0,0,1,0,0,0,0,1,0,0,0,1,0,1
1288494,2012,3,31,1,25,5,43.64984538,-79.39109029,Trinity-Spadina (20),20,Waterfront Communities-The Island (77),77,D52,Toronto East York,QUEEN ST W,JOHN ST, ,Major Arterial,Intersection,At Intersection,Traffic Signal,Clear,"Dark, artificial",Dry,Non-Fatal Injury,Pedestrian Collisions,Driver,unknown,,0,West,"Automobile, Station Wagon",Going Ahead,Driving Properly,Unknown, , , , , , ,1,0,1,0,0,0,0,0,0,0,0,0,0,0
1288494,2012,3,31,1,25,5,43.64984538,-79.39109029,Trinity-Spadina (20),20,Waterfront Communities-The Island (77),77,D52,Toronto East York,QUEEN ST W,JOHN ST, ,Major Arterial,Intersection,At Intersection,Traffic Signal,Clear,"Dark, artificial",Dry,Non-Fatal Injury,Pedestrian Collisions,Pedestrian,20 to 24,Major,0,North,Other, , , ,Vehicle is going straight thru inter.while ped cross without ROW,Crossing without right of way,Had Been Drinking, , , ,1,0,1,0,0,0,0,0,0,0,0,0,0,0
1328909,2012,11,29,1,25,3,43.75434538,-79.29839029,Scarborough Centre (37),37,Wexford/Maryvale (119),119,D41,Scarborough,WARDEN AVE,TOWER DR, ,Major Arterial,Intersection,At Intersection,Traffic Signal,Clear,Dark,Dry,Non-Fatal Injury,Rear End,Vehicle Owner,unknown, ,0, ,Other, , , , , , , , , ,0,0,1,0,0,0,0,0,1,1,0,0,0,0
1328909,2012,11,29,1,25,3,43.75434538,-79.29839029,Scarborough Centre (37),37,Wexford/Maryvale (119),119,D41,Scarborough,WARDEN AVE,TOWER DR, ,Major Arterial,Intersection,At Intersection,Traffic Signal,Clear,Dark,Dry,Non-Fatal Injury,Rear End,Driver,20 to 24,Minor,0,South,"Automobile, Station Wagon",Stopped,Driving Properly,Normal, , , , , , ,0,0,1,0,0,0,0,0,1,1,0,0,0,0
1328909,2012,11,29,1,25,3,43.75434538,-79.29839029,Scarborough Centre (37),37,Wexford/Maryvale (119),119,D41,Scarborough,WARDEN AVE,TOWER DR, ,Major Arterial,Intersection,At Intersection,Traffic Signal,Clear,Dark,Dry,Non-Fatal Injury,Rear End,Vehicle Owner,unknown, ,0, ,Other, , , , , , , , , ,0,0,1,0,0,0,0,0,1,1,0,0,0,0
1328909,2012,11,29,1,25,3,43.75434538,-79.29839029,Scarborough Centre (37),37,Wexford/Maryvale (119),119,D41,Scarborough,WARDEN AVE,TOWER DR, ,Major Arterial,Intersection,At Intersection,Traffic Signal,Clear,Dark,Dry,Non-Fatal Injury,Rear End,Driver,30 to 34,Major,0,South,"Automobile, Station Wagon",Going Ahead,Exceeding Speed Limit,Fatigue, , , , , , ,0,0,1,0,0,0,0,0,1,1,0,0,0,0
142723818,2014,8,18,1,25,0,43.65608557,-79.36225519,Toronto Centre-Rosedale (28),28,Moss Park (73),73,D51,Toronto East York,QUEEN ST E,TRACY ST, ,Major Arterial,Intersection, ,No Control,Clear,"Dark, artificial",Dry,Fatal,Pedestrian Collisions,Driver,25 to 29,,0,West,Passenger Van,Going Ahead,Lost control,Inattentive, , , , , , ,1,0,1,0,0,0,0,0,0,0,0,0,0,1
142723818,2014,8,18,1,25,0,43.65608557,-79.36225519,Toronto Centre-Rosedale (28),28,Moss Park (73),73,D51,Toronto East York,QUEEN ST E,TRACY ST, ,Major Arterial,Intersection, ,No Control,Clear,"Dark, artificial",Dry,Fatal,Pedestrian Collisions,Pedestrian,45 to 49,Minimal,0,Unknown, , , , ,Pedestrian hit on sidewalk or shoulder,On Sidewalk or Shoulder,Normal, , , ,1,0,1,0,0,0,0,0,0,0,0,0,0,1
142723818,2014,8,18,1,25,0,43.65608557,-79.36225519,Toronto Centre-Rosedale (28),28,Moss Park (73),73,D51,Toronto East York,QUEEN ST E,TRACY ST, ,Major Arterial,Intersection, ,No Control,Clear,"Dark, artificial",Dry,Fatal,Pedestrian Collisions,Pedestrian,60 to 64,Fatal,21,Unknown, , , , ,Pedestrian hit on sidewalk or shoulder,On Sidewalk or Shoulder,Unknown, , , ,1,0,1,0,0,0,0,0,0,0,0,0,0,1
1000028,2007,11,1,1,26,3,43.67794538,-79.43529029,Davenport (17),17,Corso Italia-Davenport (92),92,D13,Etobicoke York,OAKWOOD AVE,ROSEMOUNT AVE, ,Minor Arterial,Intersection,At Intersection,Stop Sign,Rain,Dark,Wet,Non-Fatal Injury,Angle,Passenger,20 to 24,Major,0, ,Other, , , , , , , , , ,0,0,1,0,0,1,0,1,1,1,0,0,0,0
1000028,2007,11,1,1,26,3,43.67794538,-79.43529029,Davenport (17),17,Corso Italia-Davenport (92),92,D13,Etobicoke York,OAKWOOD AVE,ROSEMOUNT AVE, ,Minor Arterial,Intersection,At Intersection,Stop Sign,Rain,Dark,Wet,Non-Fatal Injury,Angle,Vehicle Owner,unknown, ,0, ,Other, , , , , , , , , ,0,0,1,0,0,1,0,1,1,1,0,0,0,0
1000028,2007,11,1,1,26,3,43.67794538,-79.43529029,Davenport (17),17,Corso Italia-Davenport (92),92,D13,Etobicoke York,OAKWOOD AVE,ROSEMOUNT AVE, ,Minor Arterial,Intersection,At Intersection,Stop Sign,Rain,Dark,Wet,Non-Fatal Injury,Angle,Driver,20 to 24,Major,0,East,"Automobile, Station Wagon",Going Ahead,Disobeyed Traffic Control,Normal, , , , , , ,0,0,1,0,0,1,0,1,1,1,0,0,0,0
1000028,2007,11,1,1,26,3,43.67794538,-79.43529029,Davenport (17),17,Corso Italia-Davenport (92),92,D13,Etobicoke York,OAKWOOD AVE,ROSEMOUNT AVE, ,Minor Arterial,Intersection,At Intersection,Stop Sign,Rain,Dark,Wet,Non-Fatal Injury,Angle,Vehicle Owner,unknown, ,0, ,Other, , , , , , , , , ,0,0,1,0,0,1,0,1,1,1,0,0,0,0
1000028,2007,11,1,1,26,3,43.67794538,-79.43529029,Davenport (17),17,Corso Italia-Davenport (92),92,D13,Etobicoke York,OAKWOOD AVE,ROSEMOUNT AVE, ,Minor Arterial,Intersection,At Intersection,Stop Sign,Rain,Dark,Wet,Non-Fatal Injury,Angle,Driver,40 to 44,,0,North,Municipal Transit Bus (TTC),Going Ahead,Driving Properly,Normal, , , , , , ,0,0,1,0,0,1,0,1,1,1,0,0,0,0
4001738828,2014,3,21,1,26,4,43.75261267,-79.21204768,Scarborough East (43),43,Woburn (137),137,D43,Scarborough,321 SCARBOROUGH GOLF CLUB RD, , ,Minor Arterial,Mid-Block,Non Intersection,No Control,Clear,"Dark, artificial",Loose Sand or Gravel,Non-Fatal Injury,SMV Other,Driver,30 to 34,Major,0,North,"Automobile, Station Wagon",Going Ahead,Lost control,Unknown, , , , , , ,0,0,1,0,0,0,0,0,0,0,0,0,0,0
141513588,2014,2,12,1,27,2,43.70870932,-79.26706324,Scarborough Southwest (35),35,Clairlea-Birchmount (120),120,D41,Scarborough,DANFORTH RD,HIBBERTS DR, ,Minor Arterial,Intersection, ,No Control,Clear,"Dark, artificial",Dry,Fatal,Pedestrian Collisions,Driver,55 to 59,,0,West,"Automobile, Station Wagon",Going Ahead,Driving Properly,Normal, , , , , , ,1,0,1,0,0,0,0,0,0,0,0,0,0,1
141513588,2014,2,12,1,27,2,43.70870932,-79.26706324,Scarborough Southwest (35),35,Clairlea-Birchmount (120),120,D41,Scarborough,DANFORTH RD,HIBBERTS DR, ,Minor Arterial,Intersection, ,No Control,Clear,"Dark, artificial",Dry,Fatal,Pedestrian Collisions,Pedestrian,50 to 54,Fatal,3,Unknown, , , , ,Other / Undefined,Other,Had Been Drinking, , , ,1,0,1,0,0,0,0,0,0,0,0,0,0,1
1063404,2008,9,28,1,28,6,43.72784538,-79.40289029,Don Valley West (25),25,Lawrence Park North (105),105,D32,North York,YONGE ST,RANLEIGH AVE, ,Major Arterial,Intersection,At Intersection,Traffic Signal,"Fog, Mist, Smoke, Dust",Dark,Wet,Non-Fatal Injury,Pedestrian Collisions,Driver,unknown,,0,South,"Automobile, Station Wagon",Going Ahead,Driving Properly,Unknown, , , , , , ,1,0,1,0,0,0,0,0,0,0,0,0,0,0
1063404,2008,9,28,1,28,6,43.72784538,-79.40289029,Don Valley West (25),25,Lawrence Park North (105),105,D32,North York,YONGE ST,RANLEIGH AVE, ,Major Arterial,Intersection,At Intersection,Traffic Signal,"Fog, Mist, Smoke, Dust",Dark,Wet,Non-Fatal Injury,Pedestrian Collisions,Pedestrian,50 to 54,Major,0,East,Other, , , ,Vehicle is going straight thru inter.while ped cross with ROW,Crossing with right of way,Unknown, , , ,1,0,1,0,0,0,0,0,0,0,0,0,0,0
1121910,2009,7,23,1,28,3,43.65294538,-79.39799029,Trinity-Spadina (20),20,Kensington-Chinatown (78),78,D52,Toronto East York,DUNDAS ST W,SPADINA AVE, ,Major Arterial,Intersection, ,Traffic Signal,Rain,Dark,Wet,Non-Fatal Injury,Pedestrian Collisions,Driver,30 to 34,,0,East,"Automobile, Station Wagon",Going Ahead,Driving Properly,Normal, , , , , , ,1,0,1,0,0,0,0,0,0,0,0,0,0,0
1121910,2009,7,23,1,28,3,43.65294538,-79.39799029,Trinity-Spadina (20),20,Kensington-Chinatown (78),78,D52,Toronto East York,DUNDAS ST W,SPADINA AVE, ,Major Arterial,Intersection, ,Traffic Signal,Rain,Dark,Wet,Non-Fatal Injury,Pedestrian Collisions,Pedestrian,30 to 34,Major,0,South,Other, , , ,Vehicle is going straight thru inter.while ped cross without ROW,Running onto Roadway,Had Been Drinking, , , ,1,0,1,0,0,0,0,0,0,0,0,0,0,0
1185844,2010,8,27,1,28,4,43.64894538,-79.52929029,Etobicoke-Lakeshore (5),5,Islington-City Centre West (14),14,D22,Etobicoke York,DUNDAS ST W,BURNHAMTHORPE RD, ,Major Arterial,Mid-Block, ,No Control,Clear,Dark,Dry,Non-Fatal Injury,Pedestrian Collisions,Driver,20 to 24,,0,East,"Automobile, Station Wagon",Going Ahead,Other,Had Been Drinking, , , , , , ,1,0,1,0,0,0,0,0,0,0,0,0,0,0
1185844,2010,8,27,1,28,4,43.64894538,-79.52929029,Etobicoke-Lakeshore (5),5,Islington-City Centre West (14),14,D22,Etobicoke York,DUNDAS ST W,BURNHAMTHORPE RD, ,Major Arterial,Mid-Block, ,No Control,Clear,Dark,Dry,Non-Fatal Injury,Pedestrian Collisions,Pedestrian,85 to 89,Major,0,South,Other, , , ,Pedestrian hit at mid-block,"Crossing, no Traffic Control",Had Been Drinking, , , ,1,0,1,0,0,0,0,0,0,0,0,0,0,0
987007,2007,7,30,1,29,0,43.74374538,-79.21169029,Scarborough Southwest (36),36,Scarborough Village (139),139,D43,Scarborough,KINGSTON RD,EGLINTON AVE E, ,Major Arterial,Intersection,At Intersection,Traffic Signal,Clear,Dark,Dry,Non-Fatal Injury,Turning Movement,Vehicle Owner,unknown,,0, ,Other, , , , , , , , , ,0,0,1,0,0,1,0,0,1,1,1,1,0,0
987007,2007,7,30,1,29,0,43.74374538,-79.21169029,Scarborough Southwest (36),36,Scarborough Village (139),139,D43,Scarborough,KINGSTON RD,EGLINTON AVE E, ,Major Arterial,Intersection,At Intersection,Traffic Signal,Clear,Dark,Dry,Non-Fatal Injury,Turning Movement,Driver,25 to 29,Major,0,West,"Automobile, Station Wagon",Going Ahead,Disobeyed Traffic Control,"Ability Impaired, Alcohol", , , , , , ,0,0,1,0,0,1,0,0,1,1,1,1,0,0
987007,2007,7,30,1,29,0,43.74374538,-79.21169029,Scarborough Southwest (36),36,Scarborough Village (139),139,D43,Scarborough,KINGSTON RD,EGLINTON AVE E, ,Major Arterial,Intersection,At Intersection,Traffic Signal,Clear,Dark,Dry,Non-Fatal Injury,Turning Movement,Vehicle Owner,unknown,,0, ,Other, , , , , , , , , ,0,0,1,0,0,1,0,0,1,1,1,1,0,0
987007,2007,7,30,1,29,0,43.74374538,-79.21169029,Scarborough Southwest (36),36,Scarborough Village (139),139,D43,Scarborough,KINGSTON RD,EGLINTON AVE E, ,Major Arterial,Intersection,At Intersection,Traffic Signal,Clear,Dark,Dry,Non-Fatal Injury,Turning Movement,Driver,40 to 44,Minimal,0,South,Municipal Transit Bus (TTC),Turning Left,Driving Properly,Normal, , , , , , ,0,0,1,0,0,1,0,0,1,1,1,1,0,0
1229063,2011,3,18,1,30,4,43.65084538,-79.38659029,Toronto Centre-Rosedale (28),28,Bay Street Corridor (76),76,D52,Toronto East York,UNIVERSITY Aven,QUEEN Stre W, ,Major Arterial,Intersection,At Intersection,Traffic Signal,Clear,Dark,Dry,Non-Fatal Injury,Angle,Driver,45 to 49,Major,0,North,"Automobile, Station Wagon",Going Ahead,Disobeyed Traffic Control,Inattentive, , , , , , ,0,0,1,0,0,0,0,0,0,1,1,0,0,0
1229063,2011,3,18,1,30,4,43.65084538,-79.38659029,Toronto Centre-Rosedale (28),28,Bay Street Corridor (76),76,D52,Toronto East York,UNIVERSITY Aven,QUEEN Stre W, ,Major Arterial,Intersection,At Intersection,Traffic Signal,Clear,Dark,Dry,Non-Fatal Injury,Angle,Vehicle Owner,unknown, ,0, ,Other, , , , , , , , , ,0,0,1,0,0,0,0,0,0,1,1,0,0,0
1229063,2011,3,18,1,30,4,43.65084538,-79.38659029,Toronto Centre-Rosedale (28),28,Bay Street Corridor (76),76,D52,Toronto East York,UNIVERSITY Aven,QUEEN Stre W, ,Major Arterial,Intersection,At Intersection,Traffic Signal,Clear,Dark,Dry,Non-Fatal Injury,Angle,Driver,40 to 44,,0,West,"Automobile, Station Wagon",Going Ahead,Driving Properly,Normal, , , , , , ,0,0,1,0,0,0,0,0,0,1,1,0,0,0
1266936,2011,9,25,1,30,6,43.65844538,-79.44219029,Davenport (18),18,Dufferin Grove (83),83,D11,Toronto East York,1279 BLOOR St W, , ,Major Arterial,Mid-Block, ,No Control,Clear,Dark,Dry,Non-Fatal Injury,Pedestrian Collisions,Vehicle Owner,unknown, ,0, ,Other, , , , , , , , , ,1,0,1,0,0,0,0,0,0,0,0,0,0,0
1266936,2011,9,25,1,30,6,43.65844538,-79.44219029,Davenport (18),18,Dufferin Grove (83),83,D11,Toronto East York,1279 BLOOR St W, , ,Major Arterial,Mid-Block, ,No Control,Clear,Dark,Dry,Non-Fatal Injury,Pedestrian Collisions,Driver,70 to 74,,0,East,"Automobile, Station Wagon",Going Ahead,Driving Properly,Normal, , , , , , ,1,0,1,0,0,0,0,0,0,0,0,0,0,0
1266936,2011,9,25,1,30,6,43.65844538,-79.44219029,Davenport (18),18,Dufferin Grove (83),83,D11,Toronto East York,1279 BLOOR St W, , ,Major Arterial,Mid-Block, ,No Control,Clear,Dark,Dry,Non-Fatal Injury,Pedestrian Collisions,Pedestrian,50 to 54,Major,0,South,Other, , , ,Pedestrian hit at mid-block,"Crossing, no Traffic Control",Normal, , , ,1,0,1,0,0,0,0,0,0,0,0,0,0,0
1375428,2013,9,16,1,30,0,43.79253348,-79.44516382,York Centre (10),10,Newtonbrook West (36),36,D32,North York,STEELES AVE W,BATHURST ST, ,Major Arterial,Mid-Block, ,No Control,Rain,"Dark, artificial",Wet,Fatal,Pedestrian Collisions,Driver,20 to 24,,0,West,"Automobile, Station Wagon",Going Ahead,Driving Properly,Normal, , , , , , ,1,0,1,0,0,0,0,0,0,0,0,0,0,1
1375428,2013,9,16,1,30,0,43.79253348,-79.44516382,York Centre (10),10,Newtonbrook West (36),36,D32,North York,STEELES AVE W,BATHURST ST, ,Major Arterial,Mid-Block, ,No Control,Rain,"Dark, artificial",Wet,Fatal,Pedestrian Collisions,Pedestrian,20 to 24,Fatal,40,North, , , , ,Pedestrian hit at mid-block,Running onto Roadway,Unknown, , , ,1,0,1,0,0,0,0,0,0,0,0,0,0,1
3001022701,2013,11,23,1,30,5,43.72782095,-79.47113428,York Centre (9),9,Downsview-Roding-CFB (26),26,D32,North York,WINSTON PARK BLVD,ANTHONY RD, ,Local,Intersection,At/Near Private Drive,Stop Sign,Clear,"Dark, artificial",Dry,Non-Fatal Injury,SMV Unattended Vehicle,Driver,25 to 29,Major,0,West,"Automobile, Station Wagon",Turning Left,Lost control,Unknown, , , , , , ,0,0,1,0,0,0,0,0,1,1,0,0,0,0
1144191,2009,12,26,1,32,5,43.74364538,-79.24489029,Scarborough Centre (38),38,Eglinton East (138),138,D43,Scarborough,1340 DANFORTH Rd, , ,Major Arterial,Mid-Block, ,No Control,Rain,Dark,Wet,Non-Fatal Injury,Pedestrian Collisions,Driver,unknown,,0,South,"Automobile, Station Wagon",Going Ahead,Other,Unknown, , , , , , ,1,0,1,0,0,0,0,0,0,0,0,0,0,0
1144191,2009,12,26,1,32,5,43.74364538,-79.24489029,Scarborough Centre (38),38,Eglinton East (138),138,D43,Scarborough,1340 DANFORTH Rd, , ,Major Arterial,Mid-Block, ,No Control,Rain,Dark,Wet,Non-Fatal Injury,Pedestrian Collisions,Pedestrian,25 to 29,Major,0,West,Other, , , ,Pedestrian hit at mid-block,"Crossing, no Traffic Control",Unknown, , , ,1,0,1,0,0,0,0,0,0,0,0,0,0,0
1011018,2007,12,23,1,35,6,43.69034538,-79.29209029,Beaches-East York (32),32,Taylor-Massey (61),61,D55,Toronto East York,3003 DANFORTH AVE, , ,Major Arterial, , ,Traffic Signal,Clear,Dark,Wet,Non-Fatal Injury,Pedestrian Collisions,Driver,unknown,,0, ,"Automobile, Station Wagon",Unknown, , , , , , , , ,1,0,1,0,0,0,0,0,0,0,0,0,0,0
1011018,2007,12,23,1,35,6,43.69034538,-79.29209029,Beaches-East York (32),32,Taylor-Massey (61),61,D55,Toronto East York,3003 DANFORTH AVE, , ,Major Arterial, , ,Traffic Signal,Clear,Dark,Wet,Non-Fatal Injury,Pedestrian Collisions,Pedestrian,unknown,Major,0, ,Other,Other, , , , , , , , ,1,0,1,0,0,0,0,0,0,0,0,0,0,0
3001129731,2013,12,11,1,35,2,43.64879568,-79.38551722,Trinity-Spadina (20),20,Bay Street Corridor (76),76,D52,Toronto East York,UNIVERSITY AVE,ADELAIDE ST W, ,Major Arterial,Intersection,At Intersection,Traffic Signal,Clear,"Dark, artificial",Dry,Non-Fatal Injury,Pedestrian Collisions,Driver,40 to 44,,0,North,"Automobile, Station Wagon",Going Ahead,Driving Properly,Normal, , , , , , ,1,0,1,0,0,0,0,0,0,0,0,0,0,0
3001129731,2013,12,11,1,35,2,43.64879568,-79.38551722,Trinity-Spadina (20),20,Bay Street Corridor (76),76,D52,Toronto East York,UNIVERSITY AVE,ADELAIDE ST W, ,Major Arterial,Intersection,At Intersection,Traffic Signal,Clear,"Dark, artificial",Dry,Non-Fatal Injury,Pedestrian Collisions,Pedestrian,unknown,Major,0,East,"Automobile, Station Wagon", , , ,Vehicle is going straight thru inter.while ped cross without ROW,Crossing without right of way,Had Been Drinking, , , ,1,0,1,0,0,0,0,0,0,0,0,0,0,0
1257392,2011,8,7,1,37,6,43.68784538,-79.48269029,York South-Weston (12),12,Keelesdale-Eglinton West (110),110,D12,Etobicoke York,BLACK CREEK DR,PHOTOGRAPHY DR W, ,Major Arterial,Mid-Block,At Intersection,No Control,Clear,Dark,Dry,Non-Fatal Injury,Rear End,Vehicle Owner,unknown, ,0, ,Other, , , , , , , , , ,0,0,1,0,0,0,0,0,0,0,0,1,0,0
1257392,2011,8,7,1,37,6,43.68784538,-79.48269029,York South-Weston (12),12,Keelesdale-Eglinton West (110),110,D12,Etobicoke York,BLACK CREEK DR,PHOTOGRAPHY DR W, ,Major Arterial,Mid-Block,At Intersection,No Control,Clear,Dark,Dry,Non-Fatal Injury,Rear End,Driver,35 to 39,Major,0,North,"Automobile, Station Wagon",Going Ahead,Other,"Ability Impaired, Alcohol", , , , , , ,0,0,1,0,0,0,0,0,0,0,0,1,0,0
1257392,2011,8,7,1,37,6,43.68784538,-79.48269029,York South-Weston (12),12,Keelesdale-Eglinton West (110),110,D12,Etobicoke York,BLACK CREEK DR,PHOTOGRAPHY DR W, ,Major Arterial,Mid-Block,At Intersection,No Control,Clear,Dark,Dry,Non-Fatal Injury,Rear End,Vehicle Owner,unknown, ,0, ,Other, , , , , , , , , ,0,0,1,0,0,0,0,0,0,0,0,1,0,0
1257392,2011,8,7,1,37,6,43.68784538,-79.48269029,York South-Weston (12),12,Keelesdale-Eglinton West (110),110,D12,Etobicoke York,BLACK CREEK DR,PHOTOGRAPHY DR W, ,Major Arterial,Mid-Block,At Intersection,No Control,Clear,Dark,Dry,Non-Fatal Injury,Rear End,Driver,45 to 49,Minimal,0,North,"Automobile, Station Wagon",Stopped,Driving Properly,Normal, , , , , , ,0,0,1,0,0,0,0,0,0,0,0,1,0,0
1321409,2012,9,16,1,38,6,43.63408621,-79.42550288,Parkdale-High Park (14),14,Niagara (82),82,D14,Toronto East York,DUFFERIN St,SPRINGHURST Ave, ,Local,Mid-Block, ,Traffic Signal,Clear,"Dark, artificial",Dry,Non-Fatal Injury,SMV Other,Vehicle Owner,unknown, ,0, ,Other, , , , , , , , , ,0,0,1,0,0,0,0,1,1,1,0,1,0,0