ACCNUM,YEAR,MONTH,DAY,HOUR,MINUTES,WEEKDAY,LATITUDE,LONGITUDE,Ward_Name,Ward_ID,Hood_Name,Hood_ID,Division,District,STREET1,STREET2,OFFSET,ROAD_CLASS,LOCCOORD,ACCLOC,TRAFFCTL,VISIBILITY,LIGHT,RDSFCOND,ACCLASS,IMPACTYPE,INVTYPE,INVAGE,INJURY,FATAL_NO,INITDIR,VEHTYPE,MANOEUVER,DRIVACT,DRIVCOND,PEDTYPE,PEDACT,PEDCOND,CYCLISTYPE,CYCACT,CYCCOND,PEDESTRIAN,CYCLIST,AUTOMOBILE,MOTORCYCLE,TRUCK,TRSN_CITY_VEH,EMERG_VEH,PASSENGER,SPEEDING,AG_DRIV,REDLIGHT,ALCOHOL,DISABILITY,label
1321409,2012,9,16,1,38,6,43.63408621,-79.42550288,Parkdale-High Park (14),14,Niagara (82),82,D14,Toronto East York,DUFFERIN St,SPRINGHURST Ave, ,Local,Mid-Block, ,Traffic Signal,Clear,"Dark, artificial",Dry,Non-Fatal Injury,SMV Other,Driver,35 to 39,Minimal,0,North,"Automobile, Station Wagon",Going Ahead,Lost control,"Ability Impaired, Alcohol", , , , , , ,0,0,1,0,0,0,0,1,1,1,0,1,0,0
1321409,2012,9,16,1,38,6,43.63408621,-79.42550288,Parkdale-High Park (14),14,Niagara (82),82,D14,Toronto East York,DUFFERIN St,SPRINGHURST Ave, ,Local,Mid-Block, ,Traffic Signal,Clear,"Dark, artificial",Dry,Non-Fatal Injury,SMV Other,Passenger,40 to 44,Major,0, ,Other, , , , , , , , , ,0,0,1,0,0,0,0,1,1,1,0,1,0,0
1321409,2012,9,16,1,38,6,43.63408621,-79.42550288,Parkdale-High Park (14),14,Niagara (82),82,D14,Toronto East York,DUFFERIN St,SPRINGHURST Ave, ,Local,Mid-Block, ,Traffic Signal,Clear,"Dark, artificial",Dry,Non-Fatal Injury,SMV Other,Other Property Owner,unknown, ,0, ,Other, , , , , , , , , ,0,0,1,0,0,0,0,1,1,1,0,1,0,0
7002045766,2017,11,12,1,38,6,43.64370338,-79.43321629,Parkdale-High Park (14),14,Roncesvalles (86),86,D11,Toronto East York,BROCK AVE,SEAFORTH AVE,21 m North of,Collector,Mid-Block,Non Intersection,No Control,Clear,"Dark, artificial",Dry,Non-Fatal Injury,Pedestrian Collisions,Driver,25 to 29,,0,South,"Automobile, Station Wagon",Going Ahead,Other,Had Been Drinking, , , , , , ,1,0,1,0,0,0,0,0,0,0,0,0,0,0
7002045766,2017,11,12,1,38,6,43.64370338,-79.43321629,Parkdale-High Park (14),14,Roncesvalles (86),86,D11,Toronto East York,BROCK AVE,SEAFORTH AVE,21 m North of,Collector,Mid-Block,Non Intersection,No Control,Clear,"Dark, artificial",Dry,Non-Fatal Injury,Pedestrian Collisions,Pedestrian,65 to 69,Major,0, , , , , , , ,Had Been Drinking, , , ,1,0,1,0,0,0,0,0,0,0,0,0,0,0
1355791,2013,5,12,1,39,6,43.66724356,-79.31258784,Beaches-East York (32),32,The Beaches (63),63,D55,Toronto East York,QUEEN ST E,EASTERN AVE, ,Minor Arterial,Intersection,At Intersection,Traffic Signal,Rain,"Dark, artificial",Wet,Fatal,Pedestrian Collisions,Vehicle Owner,unknown, ,0, , , , , , , , , , , ,1,0,0,0,0,1,0,0,0,0,0,0,0,1
1355791,2013,5,12,1,39,6,43.66724356,-79.31258784,Beaches-East York (32),32,The Beaches (63),63,D55,Toronto East York,QUEEN ST E,EASTERN AVE, ,Minor Arterial,Intersection,At Intersection,Traffic Signal,Rain,"Dark, artificial",Wet,Fatal,Pedestrian Collisions,Pedestrian,60 to 64,Fatal,14,Unknown, , , , ,Pedestrian involved in a collision with transit vehicle anywhere along roadway,Other,Unknown, , , ,1,0,0,0,0,1,0,0,0,0,0,0,0,1
1355791,2013,5,12,1,39,6,43.66724356,-79.31258784,Beaches-East York (32),32,The Beaches (63),63,D55,Toronto East York,QUEEN ST E,EASTERN AVE, ,Minor Arterial,Intersection,At Intersection,Traffic Signal,Rain,"Dark, artificial",Wet,Fatal,Pedestrian Collisions,Driver,25 to 29,,0,East,Street Car,Going Ahead,Driving Properly,Normal, , , , , , ,1,0,0,0,0,1,0,0,0,0,0,0,0,1
951904,2007,1,12,1,42,4,43.61794538,-79.52489029,Etobicoke-Lakeshore (6),6,Mimico (includes Humber Bay Shores) (17),17,D22,Etobicoke York,F G GARDINER XY Expr E,KIPLING AVE, ,Expressway,Mid-Block, ,No Control,Rain,Dark,Wet,Non-Fatal Injury,SMV Other,Driver,20 to 24,Major,0,East,"Automobile, Station Wagon",Going Ahead,Lost control,Had Been Drinking, , , , , , ,0,0,1,0,0,0,0,0,0,0,0,0,0,0
998916,2007,7,2,1,42,0,43.68794538,-79.36359029,Toronto-Danforth (29),29,Leaside-Bennington (56),56,D53,Toronto East York,BAYVIEW AVE,POTTERY RD, ,Major Arterial,Intersection,At Intersection,Traffic Signal,Clear,Dark,Dry,Non-Fatal Injury,Turning Movement,Motorcycle Driver,35 to 39,Major,0,North,Motorcycle,Going Ahead,Disobeyed Traffic Control,Unknown, , , , , , ,0,0,1,1,0,0,0,1,1,1,1,0,0,0
998916,2007,7,2,1,42,0,43.68794538,-79.36359029,Toronto-Danforth (29),29,Leaside-Bennington (56),56,D53,Toronto East York,BAYVIEW AVE,POTTERY RD, ,Major Arterial,Intersection,At Intersection,Traffic Signal,Clear,Dark,Dry,Non-Fatal Injury,Turning Movement,Passenger,50 to 54,Major,0, ,Other, , , , , , , , , ,0,0,1,1,0,0,0,1,1,1,1,0,0,0
998916,2007,7,2,1,42,0,43.68794538,-79.36359029,Toronto-Danforth (29),29,Leaside-Bennington (56),56,D53,Toronto East York,BAYVIEW AVE,POTTERY RD, ,Major Arterial,Intersection,At Intersection,Traffic Signal,Clear,Dark,Dry,Non-Fatal Injury,Turning Movement,Vehicle Owner,unknown, ,0, ,Other, , , , , , , , , ,0,0,1,1,0,0,0,1,1,1,1,0,0,0
998916,2007,7,2,1,42,0,43.68794538,-79.36359029,Toronto-Danforth (29),29,Leaside-Bennington (56),56,D53,Toronto East York,BAYVIEW AVE,POTTERY RD, ,Major Arterial,Intersection,At Intersection,Traffic Signal,Clear,Dark,Dry,Non-Fatal Injury,Turning Movement,Driver,45 to 49,,0,South,"Automobile, Station Wagon",Turning Left,Driving Properly,Normal, , , , , , ,0,0,1,1,0,0,0,1,1,1,1,0,0,0
1290615,2012,2,26,1,42,6,43.68514538,-79.31259029,Beaches-East York (32),32,Woodbine Corridor (64),64,D55,Toronto East York,WOODBINE AVE,DANFORTH AVE, ,Major Arterial,Mid-Block, ,No Control,Clear,Dark,Dry,Non-Fatal Injury,SMV Unattended Vehicle,Vehicle Owner,unknown, ,0, ,Other, , , , , , , , , ,0,0,1,0,0,0,0,0,0,0,0,0,0,0
1290615,2012,2,26,1,42,6,43.68514538,-79.31259029,Beaches-East York (32),32,Woodbine Corridor (64),64,D55,Toronto East York,WOODBINE AVE,DANFORTH AVE, ,Major Arterial,Mid-Block, ,No Control,Clear,Dark,Dry,Non-Fatal Injury,SMV Unattended Vehicle,Driver,30 to 34,Major,0,South,"Automobile, Station Wagon",Going Ahead,Lost control,Unknown, , , , , , ,0,0,1,0,0,0,0,0,0,0,0,0,0,0
1290615,2012,2,26,1,42,6,43.68514538,-79.31259029,Beaches-East York (32),32,Woodbine Corridor (64),64,D55,Toronto East York,WOODBINE AVE,DANFORTH AVE, ,Major Arterial,Mid-Block, ,No Control,Clear,Dark,Dry,Non-Fatal Injury,SMV Unattended Vehicle,Other,unknown,,0, ,Other,Parked, , , , , , , , ,0,0,1,0,0,0,0,0,0,0,0,0,0,0
1178852,2010,6,1,1,43,1,43.69154538,-79.57079029,Etobicoke North (2),2,West Humber-Clairville (1),1,D23,Etobicoke York,DIXON RD,MARTIN GROVE RD, ,Major Arterial,Intersection,At Intersection,Traffic Signal,Rain,Dark,Wet,Non-Fatal Injury,Angle,Vehicle Owner,unknown, ,0, ,Other, , , , , , , , , ,0,0,1,0,0,0,0,0,0,1,1,0,0,0
1178852,2010,6,1,1,43,1,43.69154538,-79.57079029,Etobicoke North (2),2,West Humber-Clairville (1),1,D23,Etobicoke York,DIXON RD,MARTIN GROVE RD, ,Major Arterial,Intersection,At Intersection,Traffic Signal,Rain,Dark,Wet,Non-Fatal Injury,Angle,Driver,20 to 24,Minimal,0,South,"Automobile, Station Wagon",Going Ahead,Driving Properly,Normal, , , , , , ,0,0,1,0,0,0,0,0,0,1,1,0,0,0
1178852,2010,6,1,1,43,1,43.69154538,-79.57079029,Etobicoke North (2),2,West Humber-Clairville (1),1,D23,Etobicoke York,DIXON RD,MARTIN GROVE RD, ,Major Arterial,Intersection,At Intersection,Traffic Signal,Rain,Dark,Wet,Non-Fatal Injury,Angle,Driver,60 to 64,Major,0,East,"Automobile, Station Wagon",Going Ahead,Disobeyed Traffic Control,Unknown, , , , , , ,0,0,1,0,0,0,0,0,0,1,1,0,0,0
1009783,2007,11,29,1,44,3,43.65234538,-79.38239029,Toronto Centre-Rosedale (27),27,Bay Street Corridor (76),76,D52,Toronto East York,BAY ST,QUEEN ST W, ,Major Arterial,Mid-Block,At Intersection,No Control,Rain,Dark,Wet,Non-Fatal Injury,SMV Other,Passenger,20 to 24,Major,0, ,Other, , , , , , , , , ,0,0,1,0,0,0,0,1,1,1,0,0,0,0
1009783,2007,11,29,1,44,3,43.65234538,-79.38239029,Toronto Centre-Rosedale (27),27,Bay Street Corridor (76),76,D52,Toronto East York,BAY ST,QUEEN ST W, ,Major Arterial,Mid-Block,At Intersection,No Control,Rain,Dark,Wet,Non-Fatal Injury,SMV Other,Driver,20 to 24,,0,North,"Automobile, Station Wagon",Going Ahead,Lost control,Had Been Drinking, , , , , , ,0,0,1,0,0,0,0,1,1,1,0,0,0,0
1152926,2010,2,13,1,44,5,43.63814538,-79.55149029,Etobicoke-Lakeshore (5),5,Islington-City Centre West (14),14,D22,Etobicoke York,BLOOR ST W,LAUREL AVE, ,Minor Arterial,Intersection, ,Stop Sign,Clear,Dark,Dry,Non-Fatal Injury,Angle,Vehicle Owner,unknown, ,0, ,Other, , , , , , , , , ,0,0,1,1,0,0,0,0,0,1,0,0,0,0
1152926,2010,2,13,1,44,5,43.63814538,-79.55149029,Etobicoke-Lakeshore (5),5,Islington-City Centre West (14),14,D22,Etobicoke York,BLOOR ST W,LAUREL AVE, ,Minor Arterial,Intersection, ,Stop Sign,Clear,Dark,Dry,Non-Fatal Injury,Angle,Driver,40 to 44,,0,West,Taxi,Going Ahead,Driving Properly,Normal, , , , , , ,0,0,1,1,0,0,0,0,0,1,0,0,0,0
1152926,2010,2,13,1,44,5,43.63814538,-79.55149029,Etobicoke-Lakeshore (5),5,Islington-City Centre West (14),14,D22,Etobicoke York,BLOOR ST W,LAUREL AVE, ,Minor Arterial,Intersection, ,Stop Sign,Clear,Dark,Dry,Non-Fatal Injury,Angle,Motorcycle Driver,15 to 19,Major,0,South,Motorcycle,Going Ahead,Disobeyed Traffic Control,Had Been Drinking, , , , , , ,0,0,1,1,0,0,0,0,0,1,0,0,0,0
7000649054,2017,4,13,1,44,3,43.79533728,-79.38078699,Willowdale (24),24,Bayview Woods-Steeles (49),49,D33,North York,CUMMER AVE,SNOWCREST AVE,150 m East,Collector,Mid-Block,Non Intersection,No Control,Clear,"Dark, artificial",Dry,Fatal,SMV Other,Passenger,25 to 29,Major,0, , , , , , , , , , , ,0,0,1,0,0,0,0,1,1,1,0,0,0,1
7000649054,2017,4,13,1,44,3,43.79533728,-79.38078699,Willowdale (24),24,Bayview Woods-Steeles (49),49,D33,North York,CUMMER AVE,SNOWCREST AVE,150 m East,Collector,Mid-Block,Non Intersection,No Control,Clear,"Dark, artificial",Dry,Fatal,SMV Other,Driver,25 to 29,Fatal,17,East,"Automobile, Station Wagon",Going Ahead,Lost control,Unknown, , , , , , ,0,0,1,0,0,0,0,1,1,1,0,0,0,1
957092,2007,3,6,1,45,1,43.63894538,-79.45759029,Parkdale-High Park (13),13,South Parkdale (85),85,D11,Etobicoke York,F G GARDINER XY  W,PARKSIDE DR, ,Expressway,Mid-Block, ,No Control,Clear,Dark,Dry,Fatal,Rear End,Vehicle Owner,unknown,,0, ,Other,Going Ahead, , , , , , , , ,0,0,1,0,1,0,0,0,0,0,0,0,0,1
957092,2007,3,6,1,45,1,43.63894538,-79.45759029,Parkdale-High Park (13),13,South Parkdale (85),85,D11,Etobicoke York,F G GARDINER XY  W,PARKSIDE DR, ,Expressway,Mid-Block, ,No Control,Clear,Dark,Dry,Fatal,Rear End,Truck Driver,25 to 29,Minimal,0,West,Truck - Open,Going Ahead,Driving Properly,Normal, , , , , , ,0,0,1,0,1,0,0,0,0,0,0,0,0,1
957092,2007,3,6,1,45,1,43.63894538,-79.45759029,Parkdale-High Park (13),13,South Parkdale (85),85,D11,Etobicoke York,F G GARDINER XY  W,PARKSIDE DR, ,Expressway,Mid-Block, ,No Control,Clear,Dark,Dry,Fatal,Rear End,Vehicle Owner,unknown,,0, ,Other,Going Ahead, , , , , , , , ,0,0,1,0,1,0,0,0,0,0,0,0,0,1
957092,2007,3,6,1,45,1,43.63894538,-79.45759029,Parkdale-High Park (13),13,South Parkdale (85),85,D11,Etobicoke York,F G GARDINER XY  W,PARKSIDE DR, ,Expressway,Mid-Block, ,No Control,Clear,Dark,Dry,Fatal,Rear End,Truck Driver,50 to 54,,0,West,Truck - Open,Going Ahead,Driving Properly,Normal, , , , , , ,0,0,1,0,1,0,0,0,0,0,0,0,0,1
957092,2007,3,6,1,45,1,43.63894538,-79.45759029,Parkdale-High Park (13),13,South Parkdale (85),85,D11,Etobicoke York,F G GARDINER XY  W,PARKSIDE DR, ,Expressway,Mid-Block, ,No Control,Clear,Dark,Dry,Fatal,Rear End,Driver,30 to 34,Fatal,0,West,"Automobile, Station Wagon",Changing Lanes,Improper Lane Change,Unknown, , , , , , ,0,0,1,0,1,0,0,0,0,0,0,0,0,1
957092,2007,3,6,1,45,1,43.63894538,-79.45759029,Parkdale-High Park (13),13,South Parkdale (85),85,D11,Etobicoke York,F G GARDINER XY  W,PARKSIDE DR, ,Expressway,Mid-Block, ,No Control,Clear,Dark,Dry,Fatal,Rear End,Vehicle Owner,unknown,,0, ,Other,Going Ahead, , , , , , , , ,0,0,1,0,1,0,0,0,0,0,0,0,0,1
1063951,2008,10,13,1,45,0,43.73454538,-79.25809029,Scarborough Centre (37),37,Eglinton East (138),138,D41,Scarborough,EGLINTON Ave E,MIDLAND Ave, ,Major Arterial,Intersection,At Intersection,Traffic Signal,Clear,Dark,Dry,Non-Fatal Injury,Angle,Vehicle Owner,unknown, ,0, ,Other, , , , , , , , , ,0,0,1,0,0,0,0,0,1,1,1,0,0,0
1063951,2008,10,13,1,45,0,43.73454538,-79.25809029,Scarborough Centre (37),37,Eglinton East (138),138,D41,Scarborough,EGLINTON Ave E,MIDLAND Ave, ,Major Arterial,Intersection,At Intersection,Traffic Signal,Clear,Dark,Dry,Non-Fatal Injury,Angle,Driver,30 to 34,,0,West,"Automobile, Station Wagon",Going Ahead,Driving Properly,Normal, , , , , , ,0,0,1,0,0,0,0,0,1,1,1,0,0,0
1063951,2008,10,13,1,45,0,43.73454538,-79.25809029,Scarborough Centre (37),37,Eglinton East (138),138,D41,Scarborough,EGLINTON Ave E,MIDLAND Ave, ,Major Arterial,Intersection,At Intersection,Traffic Signal,Clear,Dark,Dry,Non-Fatal Injury,Angle,Vehicle Owner,unknown, ,0, ,Other, , , , , , , , , ,0,0,1,0,0,0,0,0,1,1,1,0,0,0
1063951,2008,10,13,1,45,0,43.73454538,-79.25809029,Scarborough Centre (37),37,Eglinton East (138),138,D41,Scarborough,EGLINTON Ave E,MIDLAND Ave, ,Major Arterial,Intersection,At Intersection,Traffic Signal,Clear,Dark,Dry,Non-Fatal Injury,Angle,Driver,35 to 39,Major,0,South,"Automobile, Station Wagon",Going Ahead,Disobeyed Traffic Control,Unknown, , , , , , ,0,0,1,0,0,0,0,0,1,1,1,0,0,0
1075854,2008,11,23,1,45,6,43.65624538,-79.40899029,Trinity-Spadina (19),19,Palmerston-Little Italy (80),80,D14,Toronto East York,COLLEGE ST,MARKHAM ST, ,Major Arterial,Intersection,At Intersection,Stop Sign,Clear,Dark,Dry,Non-Fatal Injury,Pedestrian Collisions,Driver,45 to 49,,0,East,"Automobile, Station Wagon",Turning Right,Failed to Yield Right of Way,Inattentive, , , , , , ,1,0,1,0,0,0,0,0,0,1,0,0,0,0
1075854,2008,11,23,1,45,6,43.65624538,-79.40899029,Trinity-Spadina (19),19,Palmerston-Little Italy (80),80,D14,Toronto East York,COLLEGE ST,MARKHAM ST, ,Major Arterial,Intersection,At Intersection,Stop Sign,Clear,Dark,Dry,Non-Fatal Injury,Pedestrian Collisions,Pedestrian,30 to 34,Major,0,East,Other, , , ,Vehicle turns right while ped crosses with ROW at inter.,Crossing with right of way,Normal, , , ,1,0,1,0,0,0,0,0,0,1,0,0,0,0
1247270,2011,6,21,1,45,1,43.75414538,-79.40859029,Willowdale (23),23,Lansing-Westgate (38),38,D32,North York,YONGE Stre,HIGHWAY 401 C  E, ,Major Arterial,Mid-Block, ,No Control,Clear,Dark,Dry,Non-Fatal Injury,SMV Other,Driver,25 to 29,Major,0,South,"Automobile, Station Wagon",Going Ahead,Lost control,Fatigue, , , , , , ,0,0,1,0,0,0,0,0,1,1,0,0,0,0
1247270,2011,6,21,1,45,1,43.75414538,-79.40859029,Willowdale (23),23,Lansing-Westgate (38),38,D32,North York,YONGE Stre,HIGHWAY 401 C  E, ,Major Arterial,Mid-Block, ,No Control,Clear,Dark,Dry,Non-Fatal Injury,SMV Other,Other Property Owner,unknown, ,0, ,Other, , , , , , , , , ,0,0,1,0,0,0,0,0,1,1,0,0,0,0
1320584,2012,10,12,1,45,4,43.70624538,-79.40069029,St. Paul's (22),22,Yonge-Eglinton (100),100,D53,Toronto East York,EGLINTON AVE W,HENNING AVE, ,Major Arterial,Mid-Block, ,No Control,Clear,Dark,Dry,Non-Fatal Injury,Pedestrian Collisions,Pedestrian,50 to 54,Major,0,Unknown,Other, , , ,Pedestrian involved in a collision with transit vehicle anywhere along roadway,Person Getting on/off School Bus,Had Been Drinking, , , ,1,0,0,0,0,1,0,0,0,0,0,0,0,0
1320584,2012,10,12,1,45,4,43.70624538,-79.40069029,St. Paul's (22),22,Yonge-Eglinton (100),100,D53,Toronto East York,EGLINTON AVE W,HENNING AVE, ,Major Arterial,Mid-Block, ,No Control,Clear,Dark,Dry,Non-Fatal Injury,Pedestrian Collisions,Driver,unknown,,0,East,Municipal Transit Bus (TTC),Stopped,Driving Properly,Normal, , , , , , ,1,0,0,0,0,1,0,0,0,0,0,0,0,0
5001792532,2015,10,18,1,45,6,43.59352835,-79.5375329,Etobicoke-Lakeshore (6),6,Long Branch (19),19,D22,Etobicoke York,LAKE SHORE BLVD W,THIRTY SEVENTH ST,51 m East of,Major Arterial,Mid-Block,Non Intersection,No Control,Clear,"Dark, artificial",Dry,Non-Fatal Injury,SMV Other,Driver,20 to 24,Major,0,West,"Automobile, Station Wagon",Going Ahead,Speed too Fast For Condition,Had Been Drinking, , , , , , ,0,0,1,0,0,0,0,0,1,1,0,0,0,0
7003025582,2017,11,19,1,45,6,43.78530438,-79.23513429,Scarborough Centre (38),38,Woburn (137),137,D43,Scarborough,MARKHAM RD,HIGHWAY 401 C E, ,Expressway,Intersection,Intersection Related,Traffic Signal,Rain,"Dark, artificial",Wet,Property Damage Only,Approaching,Driver,30 to 34,Minor,0,South,"Automobile, Station Wagon",Going Ahead,Disobeyed Traffic Control,Normal, , , , , , ,0,0,1,0,0,0,0,0,0,1,1,0,0,0
7003025582,2017,11,19,1,45,6,43.78530438,-79.23513429,Scarborough Centre (38),38,Woburn (137),137,D43,Scarborough,MARKHAM RD,HIGHWAY 401 C E, ,Expressway,Intersection,Intersection Related,Traffic Signal,Rain,"Dark, artificial",Wet,Property Damage Only,Approaching,Driver,30 to 34,Minimal,0,East,"Automobile, Station Wagon",Turning Left,Driving Properly,Normal, , , , , , ,0,0,1,0,0,0,0,0,0,1,1,0,0,0
7003025582,2017,11,19,1,45,6,43.78530438,-79.23513429,Scarborough Centre (38),38,Woburn (137),137,D43,Scarborough,MARKHAM RD,HIGHWAY 401 C E, ,Expressway,Intersection,Intersection Related,Traffic Signal,Rain,"Dark, artificial",Wet,Property Damage Only,Approaching,Driver,35 to 39,,0,East,"Automobile, Station Wagon",Turning Left,Driving Properly,Normal, , , , , , ,0,0,1,0,0,0,0,0,0,1,1,0,0,0
7003025582,2017,11,19,1,45,6,43.78530438,-79.23513429,Scarborough Centre (38),38,Woburn (137),137,D43,Scarborough,MARKHAM RD,HIGHWAY 401 C E, ,Expressway,Intersection,Intersection Related,Traffic Signal,Rain,"Dark, artificial",Wet,Property Damage Only,Approaching,Other,5 to 9,Minor,0, , , , , , , , , , , ,0,0,1,0,0,0,0,0,0,1,1,0,0,0
7003025582,2017,11,19,1,45,6,43.78530438,-79.23513429,Scarborough Centre (38),38,Woburn (137),137,D43,Scarborough,MARKHAM RD,HIGHWAY 401 C E, ,Expressway,Intersection,Intersection Related,Traffic Signal,Rain,"Dark, artificial",Wet,Property Damage Only,Approaching,Other,0 to 4,Major,0, , , , , , , , , , , ,0,0,1,0,0,0,0,0,0,1,1,0,0,0
4002817424,2014,9,1,1,47,0,43.74297293,-79.21985255,Scarborough Southwest (36),36,Scarborough Village (139),139,D43,Scarborough,EGLINTON AVE E,MARKHAM RD,76 m West of,Major Arterial,Mid-Block,Non Intersection,No Control,Clear,"Dark, artificial",Dry,Fatal,Pedestrian Collisions,Driver,30 to 34,,0,East,Municipal Transit Bus (TTC),Going Ahead,Driving Properly,Normal, , , , , , ,0,0,0,0,0,1,0,1,0,0,0,0,0,1
4002817424,2014,9,1,1,47,0,43.74297293,-79.21985255,Scarborough Southwest (36),36,Scarborough Village (139),139,D43,Scarborough,EGLINTON AVE E,MARKHAM RD,76 m West of,Major Arterial,Mid-Block,Non Intersection,No Control,Clear,"Dark, artificial",Dry,Fatal,Pedestrian Collisions,Passenger,30 to 34,Fatal,26,Unknown, , , , , , , , , , ,0,0,0,0,0,1,0,1,0,0,0,0,0,1
6000307200,2016,2,21,1,47,6,43.62064322,-79.52790461,Etobicoke-Lakeshore (5),5,Islington-City Centre West (14),14,D22,Etobicoke York,THE QUEENSWAY K,KIPLING AVE,81 m West of,Major Arterial,Mid-Block,At/Near Private Drive,No Control,Clear,"Dark, artificial",Dry,Non-Fatal Injury,Pedestrian Collisions,Driver,25 to 29,,0,West,"Automobile, Station Wagon",Going Ahead,Lost control,"Ability Impaired, Alcohol", , , , , , ,1,0,1,0,0,0,0,0,0,0,0,1,0,0
6000307200,2016,2,21,1,47,6,43.62064322,-79.52790461,Etobicoke-Lakeshore (5),5,Islington-City Centre West (14),14,D22,Etobicoke York,THE QUEENSWAY K,KIPLING AVE,81 m West of,Major Arterial,Mid-Block,At/Near Private Drive,No Control,Clear,"Dark, artificial",Dry,Non-Fatal Injury,Pedestrian Collisions,Pedestrian,20 to 24,Major,0,Unknown, , , , ,Pedestrian hit on sidewalk or shoulder,On Sidewalk or Shoulder,Normal, , , ,1,0,1,0,0,0,0,0,0,0,0,1,0,0
6000307200,2016,2,21,1,47,6,43.62064322,-79.52790461,Etobicoke-Lakeshore (5),5,Islington-City Centre West (14),14,D22,Etobicoke York,THE QUEENSWAY K,KIPLING AVE,81 m West of,Major Arterial,Mid-Block,At/Near Private Drive,No Control,Clear,"Dark, artificial",Dry,Non-Fatal Injury,Pedestrian Collisions,Pedestrian,25 to 29,Major,0,Unknown, , , , ,Pedestrian hit on sidewalk or shoulder,On Sidewalk or Shoulder,Normal, , , ,1,0,1,0,0,0,0,0,0,0,0,1,0,0
1147555,2010,1,14,1,48,3,43.65074538,-79.54079029,Etobicoke Centre (3),3,Islington-City Centre West (14),14,D22,Etobicoke York,BURNHAMTHORPE RD,PRENNAN AVE, ,Major Arterial,Intersection,At Intersection,No Control,Clear,Dark,Wet,Non-Fatal Injury,SMV Other,Driver,20 to 24,Major,0,West,"Automobile, Station Wagon",Going Ahead,Lost control,Had Been Drinking, , , , , , ,0,0,1,0,0,0,0,0,1,1,0,0,0,0
1293932,2012,4,20,1,49,4,43.63704538,-79.46349029,Parkdale-High Park (13),13,South Parkdale (85),85,D11,Etobicoke York,LAKE SHORE BLVD W,ELLIS AVE, ,Major Arterial,Mid-Block, ,No Control,Clear,"Dark, artificial",Dry,Non-Fatal Injury,SMV Other,Passenger,20 to 24,Major,0, ,Other, , , , , , , , , ,0,0,1,0,0,0,0,1,1,1,0,0,0,0
1293932,2012,4,20,1,49,4,43.63704538,-79.46349029,Parkdale-High Park (13),13,South Parkdale (85),85,D11,Etobicoke York,LAKE SHORE BLVD W,ELLIS AVE, ,Major Arterial,Mid-Block, ,No Control,Clear,"Dark, artificial",Dry,Non-Fatal Injury,SMV Other,Vehicle Owner,unknown, ,0, ,Other, , , , , , , , , ,0,0,1,0,0,0,0,1,1,1,0,0,0,0
1293932,2012,4,20,1,49,4,43.63704538,-79.46349029,Parkdale-High Park (13),13,South Parkdale (85),85,D11,Etobicoke York,LAKE SHORE BLVD W,ELLIS AVE, ,Major Arterial,Mid-Block, ,No Control,Clear,"Dark, artificial",Dry,Non-Fatal Injury,SMV Other,Driver,20 to 24,Minimal,0,East,"Automobile, Station Wagon",Going Ahead,Lost control,Normal, , , , , , ,0,0,1,0,0,0,0,1,1,1,0,0,0,0
1298848,2012,4,20,1,49,4,43.63664538,-79.46359029,Parkdale-High Park (13),13,South Parkdale (85),85,D11,Etobicoke York,LAKE SHORE BLVD W,ELLIS AVE, ,Major Arterial,Mid-Block, ,No Control,Clear,"Dark, artificial",Dry,Non-Fatal Injury,SMV Other,Vehicle Owner,unknown, ,0, ,Other, , , , , , , , , ,0,0,1,0,0,0,0,1,0,0,0,0,0,0
1298848,2012,4,20,1,49,4,43.63664538,-79.46359029,Parkdale-High Park (13),13,South Parkdale (85),85,D11,Etobicoke York,LAKE SHORE BLVD W,ELLIS AVE, ,Major Arterial,Mid-Block, ,No Control,Clear,"Dark, artificial",Dry,Non-Fatal Injury,SMV Other,Passenger,20 to 24,Major,0, ,Other, , , , , , , , , ,0,0,1,0,0,0,0,1,0,0,0,0,0,0
1298848,2012,4,20,1,49,4,43.63664538,-79.46359029,Parkdale-High Park (13),13,South Parkdale (85),85,D11,Etobicoke York,LAKE SHORE BLVD W,ELLIS AVE, ,Major Arterial,Mid-Block, ,No Control,Clear,"Dark, artificial",Dry,Non-Fatal Injury,SMV Other,Driver,20 to 24,Minimal,0,East,"Automobile, Station Wagon",Going Ahead,Lost control,Normal, , , , , , ,0,0,1,0,0,0,0,1,0,0,0,0,0,0
1298848,2012,4,20,1,49,4,43.63664538,-79.46359029,Parkdale-High Park (13),13,South Parkdale (85),85,D11,Etobicoke York,LAKE SHORE BLVD W,ELLIS AVE, ,Major Arterial,Mid-Block, ,No Control,Clear,"Dark, artificial",Dry,Non-Fatal Injury,SMV Other,Other Property Owner,unknown, ,0, ,Other, , , , , , , , , ,0,0,1,0,0,0,0,1,0,0,0,0,0,0
1335409,2012,11,25,1,49,6,43.61207541,-79.51581202,Etobicoke-Lakeshore (6),6,Mimico (includes Humber Bay Shores) (17),17,D22,Etobicoke York,HORNER AVE,JUDSON ST, ,Minor Arterial,Intersection,At Intersection,Stop Sign,Clear,Dark,Dry,Non-Fatal Injury,SMV Other,Driver,25 to 29,Major,0,West,"Automobile, Station Wagon",Turning Left,Lost control,"Ability Impaired, Alcohol Over .08", , , , , , ,0,0,1,0,0,0,0,0,0,0,0,1,0,0
1335409,2012,11,25,1,49,6,43.61207541,-79.51581202,Etobicoke-Lakeshore (6),6,Mimico (includes Humber Bay Shores) (17),17,D22,Etobicoke York,HORNER AVE,JUDSON ST, ,Minor Arterial,Intersection,At Intersection,Stop Sign,Clear,Dark,Dry,Non-Fatal Injury,SMV Other,Other Property Owner,unknown, ,0, ,Other, , , , , , , , , ,0,0,1,0,0,0,0,0,0,0,0,1,0,0
1059312,2008,8,7,1,51,3,43.68434538,-79.31919029,Beaches-East York (31),31,Danforth (66),66,D54,Toronto East York,DANFORTH Aven,BASTEDO Aven, ,Major Arterial,Intersection, ,No Control,Clear,Dark,Dry,Non-Fatal Injury,Sideswipe,Vehicle Owner,unknown, ,0, ,Other, , , , , , , , , ,0,0,1,1,0,0,0,0,0,0,0,1,0,0