ACCNUM,YEAR,MONTH,DAY,HOUR,MINUTES,WEEKDAY,LATITUDE,LONGITUDE,Ward_Name,Ward_ID,Hood_Name,Hood_ID,Division,District,STREET1,STREET2,OFFSET,ROAD_CLASS,LOCCOORD,ACCLOC,TRAFFCTL,VISIBILITY,LIGHT,RDSFCOND,ACCLASS,IMPACTYPE,INVTYPE,INVAGE,INJURY,FATAL_NO,INITDIR,VEHTYPE,MANOEUVER,DRIVACT,DRIVCOND,PEDTYPE,PEDACT,PEDCOND,CYCLISTYPE,CYCACT,CYCCOND,PEDESTRIAN,CYCLIST,AUTOMOBILE,MOTORCYCLE,TRUCK,TRSN_CITY_VEH,EMERG_VEH,PASSENGER,SPEEDING,AG_DRIV,REDLIGHT,ALCOHOL,DISABILITY,label
1059312,2008,8,7,1,51,3,43.68434538,-79.31919029,Beaches-East York (31),31,Danforth (66),66,D54,Toronto East York,DANFORTH Aven,BASTEDO Aven, ,Major Arterial,Intersection, ,No Control,Clear,Dark,Dry,Non-Fatal Injury,Sideswipe,Motorcycle Driver,45 to 49,Major,0,West,Motorcycle,Pulling Away from Shoulder or Curb,Lost control,"Ability Impaired, Alcohol Over .08", , , , , , ,0,0,1,1,0,0,0,0,0,0,0,1,0,0
1059312,2008,8,7,1,51,3,43.68434538,-79.31919029,Beaches-East York (31),31,Danforth (66),66,D54,Toronto East York,DANFORTH Aven,BASTEDO Aven, ,Major Arterial,Intersection, ,No Control,Clear,Dark,Dry,Non-Fatal Injury,Sideswipe,Vehicle Owner,unknown, ,0, ,"Automobile, Station Wagon", , , , , , , , , ,0,0,1,1,0,0,0,0,0,0,0,1,0,0
1059312,2008,8,7,1,51,3,43.68434538,-79.31919029,Beaches-East York (31),31,Danforth (66),66,D54,Toronto East York,DANFORTH Aven,BASTEDO Aven, ,Major Arterial,Intersection, ,No Control,Clear,Dark,Dry,Non-Fatal Injury,Sideswipe,Driver,35 to 39,,0,East,"Automobile, Station Wagon",Going Ahead,Driving Properly,Normal, , , , , , ,0,0,1,1,0,0,0,0,0,0,0,1,0,0
7000788679,2017,5,5,1,51,4,43.705978,-79.51572047,York South-Weston (11),11,Weston (113),113,D12,Toronto East York,116 KING ST, ,3 m North of,Major Arterial,Intersection,Non Intersection,No Control,Rain,"Dark, artificial",Wet,Non-Fatal Injury,SMV Other,Passenger,25 to 29,Major,0, , , , , , , , , , , ,0,0,0,0,0,0,0,1,0,0,0,0,0,0
1323691,2012,9,21,1,52,4,43.70014914,-79.51618586,York South-Weston (11),11,Weston (113),113,D12,Etobicoke York,WESTON Rd,LAWRENCE Ave W, ,Major Arterial,Intersection,At Intersection,Traffic Signal,Rain,"Dark, artificial",Wet,Non-Fatal Injury,Angle,Driver,30 to 34,Minor,0,South,"Automobile, Station Wagon",Going Ahead,Disobeyed Traffic Control,"Ability Impaired, Alcohol Over .08", , , , , , ,0,0,1,0,0,0,0,0,1,1,1,1,0,0
1323691,2012,9,21,1,52,4,43.70014914,-79.51618586,York South-Weston (11),11,Weston (113),113,D12,Etobicoke York,WESTON Rd,LAWRENCE Ave W, ,Major Arterial,Intersection,At Intersection,Traffic Signal,Rain,"Dark, artificial",Wet,Non-Fatal Injury,Angle,Other Property Owner,unknown, ,0, ,Other, , , , , , , , , ,0,0,1,0,0,0,0,0,1,1,1,1,0,0
1323691,2012,9,21,1,52,4,43.70014914,-79.51618586,York South-Weston (11),11,Weston (113),113,D12,Etobicoke York,WESTON Rd,LAWRENCE Ave W, ,Major Arterial,Intersection,At Intersection,Traffic Signal,Rain,"Dark, artificial",Wet,Non-Fatal Injury,Angle,Vehicle Owner,unknown, ,0, ,Other, , , , , , , , , ,0,0,1,0,0,0,0,0,1,1,1,1,0,0
1323691,2012,9,21,1,52,4,43.70014914,-79.51618586,York South-Weston (11),11,Weston (113),113,D12,Etobicoke York,WESTON Rd,LAWRENCE Ave W, ,Major Arterial,Intersection,At Intersection,Traffic Signal,Rain,"Dark, artificial",Wet,Non-Fatal Injury,Angle,Driver,40 to 44,Major,0,East,"Automobile, Station Wagon",Going Ahead,Driving Properly,Normal, , , , , , ,0,0,1,0,0,0,0,0,1,1,1,1,0,0
1172906,2010,6,11,1,55,4,43.68284538,-79.47869029,York South-Weston (11),11,Rockcliffe-Smythe (111),111,D12,Etobicoke York,WESTON RD,PORTER AVE, ,Major Arterial,Intersection,At Intersection,No Control,Clear,Dark,Dry,Non-Fatal Injury,Pedestrian Collisions,Driver,55 to 59,,0,North,"Automobile, Station Wagon",Going Ahead,Disobeyed Traffic Control,Normal, , , , , , ,1,0,1,0,0,0,0,0,0,1,0,0,0,0
1172906,2010,6,11,1,55,4,43.68284538,-79.47869029,York South-Weston (11),11,Rockcliffe-Smythe (111),111,D12,Etobicoke York,WESTON RD,PORTER AVE, ,Major Arterial,Intersection,At Intersection,No Control,Clear,Dark,Dry,Non-Fatal Injury,Pedestrian Collisions,Pedestrian,20 to 24,Major,0,South,Other, , , ,Vehicle is going straight thru inter.while ped cross without ROW,"Crossing, no Traffic Control",Had Been Drinking, , , ,1,0,1,0,0,0,0,0,0,1,0,0,0,0
1301986,2012,6,28,1,55,3,43.65634538,-79.38899029,Trinity-Spadina (20),20,Kensington-Chinatown (78),78,D52,Toronto East York,UNIVERSITY AVE,ELM ST, ,Major Arterial,Intersection,At Intersection,Traffic Signal,Clear,"Dark, artificial",Dry,Non-Fatal Injury,Cyclist Collisions,Driver,40 to 44,,0,West,"Automobile, Station Wagon",Turning Left,Driving Properly,Normal, , , , , , ,0,1,1,0,0,0,0,0,0,0,0,0,0,0
1301986,2012,6,28,1,55,3,43.65634538,-79.38899029,Trinity-Spadina (20),20,Kensington-Chinatown (78),78,D52,Toronto East York,UNIVERSITY AVE,ELM ST, ,Major Arterial,Intersection,At Intersection,Traffic Signal,Clear,"Dark, artificial",Dry,Non-Fatal Injury,Cyclist Collisions,Cyclist,50 to 54,Major,0,East,Bicycle,Going Ahead, , , , , ,"Cyclist without ROW rides into path of motorist at inter, lnwy, dwy-Cyclist not turn.",Other,Unknown,0,1,1,0,0,0,0,0,0,0,0,0,0,0
5001034900,2015,6,20,1,55,5,43.66290625,-79.37434016,Toronto Centre-Rosedale (27),27,Moss Park (73),73,D51,Toronto East York,CARLTON ST,HOMEWOOD AVE, ,Minor Arterial,Intersection,At Intersection,Stop Sign,Clear,"Dark, artificial",Dry,Non-Fatal Injury,Cyclist Collisions,Cyclist,40 to 44,Major,0,South,Bicycle,Going Ahead, , , , , ,"Cyclist without ROW rides into path of motorist at inter, lnwy, dwy-Cyclist not turn.",Disobeyed Traffic Control,Had Been Drinking,0,1,1,0,0,0,0,0,0,0,0,0,0,0
5001034900,2015,6,20,1,55,5,43.66290625,-79.37434016,Toronto Centre-Rosedale (27),27,Moss Park (73),73,D51,Toronto East York,CARLTON ST,HOMEWOOD AVE, ,Minor Arterial,Intersection,At Intersection,Stop Sign,Clear,"Dark, artificial",Dry,Non-Fatal Injury,Cyclist Collisions,Driver,40 to 44,,0,East,"Automobile, Station Wagon",Going Ahead,Driving Properly,Normal, , , , , , ,0,1,1,0,0,0,0,0,0,0,0,0,0,0
5001875429,2015,11,1,1,55,6,43.65901526,-79.34918604,Toronto-Danforth (30),30,South Riverdale (70),70,D55,Toronto East York,QUEEN ST E,BROADVIEW AVE,49 m East of,Major Arterial,Mid-Block,Non Intersection,No Control,Rain,"Dark, artificial",Wet,Non-Fatal Injury,Pedestrian Collisions,Driver,40 to 44,,0,East,"Automobile, Station Wagon",Going Ahead,Driving Properly,Normal, , , , , , ,1,0,1,0,0,0,0,1,0,0,0,0,0,0
5001875429,2015,11,1,1,55,6,43.65901526,-79.34918604,Toronto-Danforth (30),30,South Riverdale (70),70,D55,Toronto East York,QUEEN ST E,BROADVIEW AVE,49 m East of,Major Arterial,Mid-Block,Non Intersection,No Control,Rain,"Dark, artificial",Wet,Non-Fatal Injury,Pedestrian Collisions,Passenger,20 to 24,,0, , , , , , , , , , , ,1,0,1,0,0,0,0,1,0,0,0,0,0,0
5001875429,2015,11,1,1,55,6,43.65901526,-79.34918604,Toronto-Danforth (30),30,South Riverdale (70),70,D55,Toronto East York,QUEEN ST E,BROADVIEW AVE,49 m East of,Major Arterial,Mid-Block,Non Intersection,No Control,Rain,"Dark, artificial",Wet,Non-Fatal Injury,Pedestrian Collisions,Passenger,unknown,,0, , , , , , , , , , , ,1,0,1,0,0,0,0,1,0,0,0,0,0,0
5001875429,2015,11,1,1,55,6,43.65901526,-79.34918604,Toronto-Danforth (30),30,South Riverdale (70),70,D55,Toronto East York,QUEEN ST E,BROADVIEW AVE,49 m East of,Major Arterial,Mid-Block,Non Intersection,No Control,Rain,"Dark, artificial",Wet,Non-Fatal Injury,Pedestrian Collisions,Pedestrian,35 to 39,Major,0,North, , , , ,Vehicle hits the pedestrian walking or running out from between parked vehicles at mid-block,Coming From Behind Parked Vehicle,Had Been Drinking, , , ,1,0,1,0,0,0,0,1,0,0,0,0,0,0
7000487672,2017,3,19,1,55,6,43.74890838,-79.58482029,Etobicoke North (1),1,Mount Olive-Silverstone-Jamestown (2),2,D23,Etobicoke York,2677 KIPLING AV,KIPLING AV,6 m East of,Major Arterial, ,At/Near Private Drive,No Control,Snow,"Dark, artificial",Wet,Non-Fatal Injury,SMV Other,Driver,30 to 34,Major,0,South,"Automobile, Station Wagon",Going Ahead,Speed too Fast For Condition,"Ability Impaired, Alcohol", , , , , , ,0,0,1,0,0,0,0,0,1,1,0,1,0,0
6001348693,2016,8,1,1,56,0,43.81784781,-79.21368799,Scarborough-Rouge River (42),42,Malvern (132),132,D42,Scarborough,MORNINGSIDE AVE,HALFWAY AVE,15 m East of,Minor Arterial,Intersection,At Intersection,No Control,Clear,"Dark, artificial",Dry,Non-Fatal Injury,Rear End,Driver,20 to 24,,0,West,"Automobile, Station Wagon",Going Ahead,Following too Close,Normal, , , , , , ,0,0,1,0,0,1,0,1,0,1,0,0,0,0
6001348693,2016,8,1,1,56,0,43.81784781,-79.21368799,Scarborough-Rouge River (42),42,Malvern (132),132,D42,Scarborough,MORNINGSIDE AVE,HALFWAY AVE,15 m East of,Minor Arterial,Intersection,At Intersection,No Control,Clear,"Dark, artificial",Dry,Non-Fatal Injury,Rear End,Driver,45 to 49,,0,West,Municipal Transit Bus (TTC),Stopped,Driving Properly,Normal, , , , , , ,0,0,1,0,0,1,0,1,0,1,0,0,0,0
6001348693,2016,8,1,1,56,0,43.81784781,-79.21368799,Scarborough-Rouge River (42),42,Malvern (132),132,D42,Scarborough,MORNINGSIDE AVE,HALFWAY AVE,15 m East of,Minor Arterial,Intersection,At Intersection,No Control,Clear,"Dark, artificial",Dry,Non-Fatal Injury,Rear End,Passenger,15 to 19,Minimal,0, , , , , , , , , , , ,0,0,1,0,0,1,0,1,0,1,0,0,0,0
6001348693,2016,8,1,1,56,0,43.81784781,-79.21368799,Scarborough-Rouge River (42),42,Malvern (132),132,D42,Scarborough,MORNINGSIDE AVE,HALFWAY AVE,15 m East of,Minor Arterial,Intersection,At Intersection,No Control,Clear,"Dark, artificial",Dry,Non-Fatal Injury,Rear End,Passenger,15 to 19,Major,0, , , , , , , , , , , ,0,0,1,0,0,1,0,1,0,1,0,0,0,0
6001348693,2016,8,1,1,56,0,43.81784781,-79.21368799,Scarborough-Rouge River (42),42,Malvern (132),132,D42,Scarborough,MORNINGSIDE AVE,HALFWAY AVE,15 m East of,Minor Arterial,Intersection,At Intersection,No Control,Clear,"Dark, artificial",Dry,Non-Fatal Injury,Rear End,Passenger,15 to 19,Major,0, , , , , , , , , , , ,0,0,1,0,0,1,0,1,0,1,0,0,0,0
6001348693,2016,8,1,1,56,0,43.81784781,-79.21368799,Scarborough-Rouge River (42),42,Malvern (132),132,D42,Scarborough,MORNINGSIDE AVE,HALFWAY AVE,15 m East of,Minor Arterial,Intersection,At Intersection,No Control,Clear,"Dark, artificial",Dry,Non-Fatal Injury,Rear End,Passenger,15 to 19,Minimal,0, , , , , , , , , , , ,0,0,1,0,0,1,0,1,0,1,0,0,0,0
1160766,2010,4,3,1,59,5,43.74424538,-79.60749029,Etobicoke North (1),1,West Humber-Clairville (1),1,D23,Etobicoke York,ALBION Rd,HIGHWAY 27  N, ,Major Arterial,Intersection,At Intersection,Traffic Signal,Clear,Dark,Dry,Non-Fatal Injury,Rear End,Passenger,5 to 9,Major,0, ,Other, , , , , , , , , ,0,0,1,0,0,0,0,1,1,1,0,1,0,0
1160766,2010,4,3,1,59,5,43.74424538,-79.60749029,Etobicoke North (1),1,West Humber-Clairville (1),1,D23,Etobicoke York,ALBION Rd,HIGHWAY 27  N, ,Major Arterial,Intersection,At Intersection,Traffic Signal,Clear,Dark,Dry,Non-Fatal Injury,Rear End,Driver,45 to 49,Minor,0,West,"Automobile, Station Wagon",Stopped,Driving Properly,Normal, , , , , , ,0,0,1,0,0,0,0,1,1,1,0,1,0,0
1160766,2010,4,3,1,59,5,43.74424538,-79.60749029,Etobicoke North (1),1,West Humber-Clairville (1),1,D23,Etobicoke York,ALBION Rd,HIGHWAY 27  N, ,Major Arterial,Intersection,At Intersection,Traffic Signal,Clear,Dark,Dry,Non-Fatal Injury,Rear End,Passenger,20 to 24,Minimal,0, ,Other, , , , , , , , , ,0,0,1,0,0,0,0,1,1,1,0,1,0,0
1160766,2010,4,3,1,59,5,43.74424538,-79.60749029,Etobicoke North (1),1,West Humber-Clairville (1),1,D23,Etobicoke York,ALBION Rd,HIGHWAY 27  N, ,Major Arterial,Intersection,At Intersection,Traffic Signal,Clear,Dark,Dry,Non-Fatal Injury,Rear End,Vehicle Owner,unknown, ,0, ,Other, , , , , , , , , ,0,0,1,0,0,0,0,1,1,1,0,1,0,0
1160766,2010,4,3,1,59,5,43.74424538,-79.60749029,Etobicoke North (1),1,West Humber-Clairville (1),1,D23,Etobicoke York,ALBION Rd,HIGHWAY 27  N, ,Major Arterial,Intersection,At Intersection,Traffic Signal,Clear,Dark,Dry,Non-Fatal Injury,Rear End,Driver,20 to 24,Minimal,0,West,"Automobile, Station Wagon",Stopped,Driving Properly,Normal, , , , , , ,0,0,1,0,0,0,0,1,1,1,0,1,0,0
1160766,2010,4,3,1,59,5,43.74424538,-79.60749029,Etobicoke North (1),1,West Humber-Clairville (1),1,D23,Etobicoke York,ALBION Rd,HIGHWAY 27  N, ,Major Arterial,Intersection,At Intersection,Traffic Signal,Clear,Dark,Dry,Non-Fatal Injury,Rear End,Passenger,25 to 29,,0, ,Other, , , , , , , , , ,0,0,1,0,0,0,0,1,1,1,0,1,0,0
1160766,2010,4,3,1,59,5,43.74424538,-79.60749029,Etobicoke North (1),1,West Humber-Clairville (1),1,D23,Etobicoke York,ALBION Rd,HIGHWAY 27  N, ,Major Arterial,Intersection,At Intersection,Traffic Signal,Clear,Dark,Dry,Non-Fatal Injury,Rear End,Vehicle Owner,unknown, ,0, ,Other, , , , , , , , , ,0,0,1,0,0,0,0,1,1,1,0,1,0,0
1160766,2010,4,3,1,59,5,43.74424538,-79.60749029,Etobicoke North (1),1,West Humber-Clairville (1),1,D23,Etobicoke York,ALBION Rd,HIGHWAY 27  N, ,Major Arterial,Intersection,At Intersection,Traffic Signal,Clear,Dark,Dry,Non-Fatal Injury,Rear End,Driver,25 to 29,Minor,0,West,"Automobile, Station Wagon",Going Ahead,Exceeding Speed Limit,"Ability Impaired, Alcohol Over .08", , , , , , ,0,0,1,0,0,0,0,1,1,1,0,1,0,0
1000312,2007,11,3,2,0,5,43.59434538,-79.53399029,Etobicoke-Lakeshore (6),6,Long Branch (19),19,D22,Etobicoke York,LAKE SHORE BLVD W,LONG BRANCH AVE, ,Major Arterial,Intersection, ,Traffic Signal,Clear,Dark,Dry,Non-Fatal Injury,SMV Other,Driver,40 to 44,Major,0,West,"Automobile, Station Wagon",Going Ahead,Exceeding Speed Limit,Had Been Drinking, , , , , , ,0,0,1,0,0,0,0,0,1,1,0,0,0,0
1000312,2007,11,3,2,0,5,43.59434538,-79.53399029,Etobicoke-Lakeshore (6),6,Long Branch (19),19,D22,Etobicoke York,LAKE SHORE BLVD W,LONG BRANCH AVE, ,Major Arterial,Intersection, ,Traffic Signal,Clear,Dark,Dry,Non-Fatal Injury,SMV Other,Other Property Owner,unknown, ,0, ,Other, , , , , , , , , ,0,0,1,0,0,0,0,0,1,1,0,0,0,0
1042256,2008,5,24,2,0,5,43.64484538,-79.39479029,Trinity-Spadina (20),20,Waterfront Communities-The Island (77),77,D52,Toronto East York,SPADINA AVE,CLARENCE SQ W, ,Major Arterial,Mid-Block, ,No Control,Clear,Dark,Dry,Non-Fatal Injury,SMV Other,Motorcycle Passenger,20 to 24,Minimal,0, ,Other, , , , , , , , , ,0,0,0,1,0,0,0,1,0,0,0,0,0,0
1042256,2008,5,24,2,0,5,43.64484538,-79.39479029,Trinity-Spadina (20),20,Waterfront Communities-The Island (77),77,D52,Toronto East York,SPADINA AVE,CLARENCE SQ W, ,Major Arterial,Mid-Block, ,No Control,Clear,Dark,Dry,Non-Fatal Injury,SMV Other,Motorcycle Driver,20 to 24,Major,0,South,Motorcycle,Turning Left,Lost control,Normal, , , , , , ,0,0,0,1,0,0,0,1,0,0,0,0,0,0
1118939,2009,8,16,2,0,6,43.66534538,-79.46459029,Parkdale-High Park (13),13,Junction Area (90),90,D11,Toronto East York,KEELE ST,DUNDAS ST W, ,Major Arterial,Intersection,At Intersection,Traffic Signal,Other,Dark,Dry,Non-Fatal Injury,Pedestrian Collisions,Driver,40 to 44,,0,North,"Automobile, Station Wagon",Going Ahead,Driving Properly,Normal, , , , , , ,1,0,1,0,0,0,0,0,0,0,0,0,0,0
1118939,2009,8,16,2,0,6,43.66534538,-79.46459029,Parkdale-High Park (13),13,Junction Area (90),90,D11,Toronto East York,KEELE ST,DUNDAS ST W, ,Major Arterial,Intersection,At Intersection,Traffic Signal,Other,Dark,Dry,Non-Fatal Injury,Pedestrian Collisions,Pedestrian,65 to 69,Major,0,East,"Automobile, Station Wagon", , , ,Vehicle is going straight thru inter.while ped cross without ROW,Crossing without right of way,Inattentive, , , ,1,0,1,0,0,0,0,0,0,0,0,0,0,0
1188309,2010,7,24,2,0,5,43.65644538,-79.40769029,Trinity-Spadina (20),20,Kensington-Chinatown (78),78,D14,Toronto East York,COLLEGE ST,BATHURST ST, ,Major Arterial,Intersection,At Intersection,Traffic Signal,Clear,Dark,Dry,Non-Fatal Injury,Pedestrian Collisions,Vehicle Owner,unknown, ,0, ,Other, , , , , , , , , ,1,0,1,0,0,0,0,0,0,0,0,0,0,0
1188309,2010,7,24,2,0,5,43.65644538,-79.40769029,Trinity-Spadina (20),20,Kensington-Chinatown (78),78,D14,Toronto East York,COLLEGE ST,BATHURST ST, ,Major Arterial,Intersection,At Intersection,Traffic Signal,Clear,Dark,Dry,Non-Fatal Injury,Pedestrian Collisions,Driver,50 to 54,,0,West,Taxi,Going Ahead,Driving Properly,Normal, , , , , , ,1,0,1,0,0,0,0,0,0,0,0,0,0,0
1188309,2010,7,24,2,0,5,43.65644538,-79.40769029,Trinity-Spadina (20),20,Kensington-Chinatown (78),78,D14,Toronto East York,COLLEGE ST,BATHURST ST, ,Major Arterial,Intersection,At Intersection,Traffic Signal,Clear,Dark,Dry,Non-Fatal Injury,Pedestrian Collisions,Pedestrian,60 to 64,Major,0,North,Other, , , ,Vehicle is going straight thru inter.while ped cross without ROW,Crossing without right of way,Inattentive, , , ,1,0,1,0,0,0,0,0,0,0,0,0,0,0
1233671,2011,4,26,2,0,1,43.61264538,-79.49159029,Etobicoke-Lakeshore (6),6,Mimico (includes Humber Bay Shores) (17),17,D22,Etobicoke York,QUEENS Aven,ALLEN Aven, ,Local,Intersection, ,Stop Sign,Rain,Dark,Wet,Non-Fatal Injury,Pedestrian Collisions,Driver,unknown,,0,Unknown,"Automobile, Station Wagon",Unknown,Other,Unknown, , , , , , ,1,0,1,0,0,0,0,0,0,0,0,0,0,0
1233671,2011,4,26,2,0,1,43.61264538,-79.49159029,Etobicoke-Lakeshore (6),6,Mimico (includes Humber Bay Shores) (17),17,D22,Etobicoke York,QUEENS Aven,ALLEN Aven, ,Local,Intersection, ,Stop Sign,Rain,Dark,Wet,Non-Fatal Injury,Pedestrian Collisions,Pedestrian,25 to 29,Major,0,Unknown,Other, , , ,Unknown,Other,"Ability Impaired, Alcohol", , , ,1,0,1,0,0,0,0,0,0,0,0,0,0,0
7000178331,2017,1,29,2,0,6,43.75171622,-79.52637109999999,York West (7),7,Glenfield-Jane Heights (25),25,D31,Etobicoke York,OAKDALE RD,EDDYSTONE AVE,350 m North of,Minor Arterial,Mid-Block,Non Intersection,No Control,Clear,"Dark, artificial",Dry,Non-Fatal Injury,SMV Other,Passenger,20 to 24,Major,0, , , , , , , , , , , ,0,0,0,0,0,0,0,1,0,0,0,0,0,0
952529,2007,2,11,2,2,6,43.63264538,-79.53159029,Etobicoke-Lakeshore (5),5,Islington-City Centre West (14),14,D22,Etobicoke York,KIPLING AVE,ADVANCE RD, ,Major Arterial,Mid-Block,At Intersection,No Control,Clear,Dark,Dry,Fatal,Pedestrian Collisions,Vehicle Owner,unknown, ,0, ,Other, , , , , , , , , ,1,0,1,0,0,0,0,0,1,1,0,1,0,1
952529,2007,2,11,2,2,6,43.63264538,-79.53159029,Etobicoke-Lakeshore (5),5,Islington-City Centre West (14),14,D22,Etobicoke York,KIPLING AVE,ADVANCE RD, ,Major Arterial,Mid-Block,At Intersection,No Control,Clear,Dark,Dry,Fatal,Pedestrian Collisions,Driver,20 to 24,,0,North,"Automobile, Station Wagon",Going Ahead,Exceeding Speed Limit,"Ability Impaired, Alcohol Over .08", , , , , , ,1,0,1,0,0,0,0,0,1,1,0,1,0,1
952529,2007,2,11,2,2,6,43.63264538,-79.53159029,Etobicoke-Lakeshore (5),5,Islington-City Centre West (14),14,D22,Etobicoke York,KIPLING AVE,ADVANCE RD, ,Major Arterial,Mid-Block,At Intersection,No Control,Clear,Dark,Dry,Fatal,Pedestrian Collisions,Pedestrian,15 to 19,Fatal,0,West,Other, , , ,Pedestrian hit at mid-block,Walking on Roadway with Traffic,Unknown, , , ,1,0,1,0,0,0,0,0,1,1,0,1,0,1
1193945,2010,10,9,2,3,5,43.70814538,-79.59119029,Etobicoke North (2),2,West Humber-Clairville (1),1,D23,Etobicoke York,HIGHWAY 27  N,BETHRIDGE Rd, ,Major Arterial,Intersection, ,No Control,Clear,Dark,Dry,Non-Fatal Injury,Rear End,Truck Driver,30 to 34,Minimal,0,North,Truck - Open,Going Ahead,Driving Properly,Normal, , , , , , ,0,0,1,0,1,0,0,0,1,1,0,0,0,0
1193945,2010,10,9,2,3,5,43.70814538,-79.59119029,Etobicoke North (2),2,West Humber-Clairville (1),1,D23,Etobicoke York,HIGHWAY 27  N,BETHRIDGE Rd, ,Major Arterial,Intersection, ,No Control,Clear,Dark,Dry,Non-Fatal Injury,Rear End,Vehicle Owner,unknown, ,0, ,Other, , , , , , , , , ,0,0,1,0,1,0,0,0,1,1,0,0,0,0
1193945,2010,10,9,2,3,5,43.70814538,-79.59119029,Etobicoke North (2),2,West Humber-Clairville (1),1,D23,Etobicoke York,HIGHWAY 27  N,BETHRIDGE Rd, ,Major Arterial,Intersection, ,No Control,Clear,Dark,Dry,Non-Fatal Injury,Rear End,Vehicle Owner,unknown, ,0, ,Other, , , , , , , , , ,0,0,1,0,1,0,0,0,1,1,0,0,0,0
1193945,2010,10,9,2,3,5,43.70814538,-79.59119029,Etobicoke North (2),2,West Humber-Clairville (1),1,D23,Etobicoke York,HIGHWAY 27  N,BETHRIDGE Rd, ,Major Arterial,Intersection, ,No Control,Clear,Dark,Dry,Non-Fatal Injury,Rear End,Driver,20 to 24,Major,0,North,"Automobile, Station Wagon",Going Ahead,Exceeding Speed Limit,Unknown, , , , , , ,0,0,1,0,1,0,0,0,1,1,0,0,0,0
1193945,2010,10,9,2,3,5,43.70814538,-79.59119029,Etobicoke North (2),2,West Humber-Clairville (1),1,D23,Etobicoke York,HIGHWAY 27  N,BETHRIDGE Rd, ,Major Arterial,Intersection, ,No Control,Clear,Dark,Dry,Non-Fatal Injury,Rear End,Other,unknown,,0, ,Other,Unknown, , , , , , , , ,0,0,1,0,1,0,0,0,1,1,0,0,0,0
1250312,2011,8,20,2,3,5,43.78334538,-79.13829029,Scarborough East (44),44,Centennial Scarborough (133),133,D43,Scarborough,PORT UNION RD,ADENMORE RD, ,Minor Arterial,Mid-Block, ,No Control,Clear,Dark,Dry,Non-Fatal Injury,SMV Other,Passenger,15 to 19,Minimal,0, ,Other, , , , , , , , , ,0,0,1,0,0,0,0,1,0,1,0,0,0,0
1250312,2011,8,20,2,3,5,43.78334538,-79.13829029,Scarborough East (44),44,Centennial Scarborough (133),133,D43,Scarborough,PORT UNION RD,ADENMORE RD, ,Minor Arterial,Mid-Block, ,No Control,Clear,Dark,Dry,Non-Fatal Injury,SMV Other,Passenger,15 to 19,Minimal,0, ,Other, , , , , , , , , ,0,0,1,0,0,0,0,1,0,1,0,0,0,0
1250312,2011,8,20,2,3,5,43.78334538,-79.13829029,Scarborough East (44),44,Centennial Scarborough (133),133,D43,Scarborough,PORT UNION RD,ADENMORE RD, ,Minor Arterial,Mid-Block, ,No Control,Clear,Dark,Dry,Non-Fatal Injury,SMV Other,Driver,15 to 19,Major,0,North,"Automobile, Station Wagon",Overtaking,Improper Passing,Had Been Drinking, , , , , , ,0,0,1,0,0,0,0,1,0,1,0,0,0,0
1250312,2011,8,20,2,3,5,43.78334538,-79.13829029,Scarborough East (44),44,Centennial Scarborough (133),133,D43,Scarborough,PORT UNION RD,ADENMORE RD, ,Minor Arterial,Mid-Block, ,No Control,Clear,Dark,Dry,Non-Fatal Injury,SMV Other,Other Property Owner,unknown, ,0, ,Other, , , , , , , , , ,0,0,1,0,0,0,0,1,0,1,0,0,0,0
1008573,2007,11,17,2,5,5,43.78764538,-79.17039029,Scarborough East (44),44,Highland Creek (134),134,D43,Scarborough,ROMAC DR,CAMOR CRT, ,Local,Mid-Block, ,No Control,Clear,Dark,Dry,Non-Fatal Injury,Pedestrian Collisions,Driver,30 to 34,,0,South,"Automobile, Station Wagon",Parked,Other,Had Been Drinking, , , , , , ,1,0,1,0,0,0,0,0,0,0,0,0,0,0
1008573,2007,11,17,2,5,5,43.78764538,-79.17039029,Scarborough East (44),44,Highland Creek (134),134,D43,Scarborough,ROMAC DR,CAMOR CRT, ,Local,Mid-Block, ,No Control,Clear,Dark,Dry,Non-Fatal Injury,Pedestrian Collisions,Pedestrian,25 to 29,Major,0, ,Other, , , ,Pedestrian hit at mid-block,Other,Had Been Drinking, , , ,1,0,1,0,0,0,0,0,0,0,0,0,0,0
1008573,2007,11,17,2,5,5,43.78764538,-79.17039029,Scarborough East (44),44,Highland Creek (134),134,D43,Scarborough,ROMAC DR,CAMOR CRT, ,Local,Mid-Block, ,No Control,Clear,Dark,Dry,Non-Fatal Injury,Pedestrian Collisions,Driver,unknown,,0,North,"Automobile, Station Wagon",Other,Other,Unknown, , , , , , ,1,0,1,0,0,0,0,0,0,0,0,0,0,0
1247398,2011,8,4,2,5,3,43.60764538,-79.49039029,Etobicoke-Lakeshore (6),6,Mimico (includes Humber Bay Shores) (17),17,D22,Etobicoke York,LAKE SHORE BLVD W,LAKE CRES W, ,Major Arterial,Mid-Block,At Intersection,No Control,Clear,Dark,Dry,Non-Fatal Injury,SMV Other,Other Property Owner,unknown, ,0, ,Other, , , , , , , , , ,0,0,1,0,0,0,0,1,1,1,0,0,0,0
1247398,2011,8,4,2,5,3,43.60764538,-79.49039029,Etobicoke-Lakeshore (6),6,Mimico (includes Humber Bay Shores) (17),17,D22,Etobicoke York,LAKE SHORE BLVD W,LAKE CRES W, ,Major Arterial,Mid-Block,At Intersection,No Control,Clear,Dark,Dry,Non-Fatal Injury,SMV Other,Passenger,35 to 39,Major,0, ,Other, , , , , , , , , ,0,0,1,0,0,0,0,1,1,1,0,0,0,0