ACCNUM,YEAR,MONTH,DAY,HOUR,MINUTES,WEEKDAY,LATITUDE,LONGITUDE,Ward_Name,Ward_ID,Hood_Name,Hood_ID,Division,District,STREET1,STREET2,OFFSET,ROAD_CLASS,LOCCOORD,ACCLOC,TRAFFCTL,VISIBILITY,LIGHT,RDSFCOND,ACCLASS,IMPACTYPE,INVTYPE,INVAGE,INJURY,FATAL_NO,INITDIR,VEHTYPE,MANOEUVER,DRIVACT,DRIVCOND,PEDTYPE,PEDACT,PEDCOND,CYCLISTYPE,CYCACT,CYCCOND,PEDESTRIAN,CYCLIST,AUTOMOBILE,MOTORCYCLE,TRUCK,TRSN_CITY_VEH,EMERG_VEH,PASSENGER,SPEEDING,AG_DRIV,REDLIGHT,ALCOHOL,DISABILITY,label
1247398,2011,8,4,2,5,3,43.60764538,-79.49039029,Etobicoke-Lakeshore (6),6,Mimico (includes Humber Bay Shores) (17),17,D22,Etobicoke York,LAKE SHORE BLVD W,LAKE CRES W, ,Major Arterial,Mid-Block,At Intersection,No Control,Clear,Dark,Dry,Non-Fatal Injury,SMV Other,Driver,30 to 34,Minimal,0,East,"Automobile, Station Wagon",Going Ahead,Exceeding Speed Limit,Unknown, , , , , , ,0,0,1,0,0,0,0,1,1,1,0,0,0,0
1366140,2013,6,27,2,5,3,43.67554538,-79.42309029,St. Paul's (21),21,Wychwood (94),94,D13,Toronto East York,DAVENPORT Rd,CHRISTIE St, ,Minor Arterial,Intersection,At Intersection,Traffic Signal,Clear,"Dark, artificial",Dry,Non-Fatal Injury,Cyclist Collisions,Driver,unknown,,0,West,"Automobile, Station Wagon",Going Ahead,Disobeyed Traffic Control,Unknown, , , , , , ,0,1,1,0,0,0,0,0,0,1,1,0,0,0
1366140,2013,6,27,2,5,3,43.67554538,-79.42309029,St. Paul's (21),21,Wychwood (94),94,D13,Toronto East York,DAVENPORT Rd,CHRISTIE St, ,Minor Arterial,Intersection,At Intersection,Traffic Signal,Clear,"Dark, artificial",Dry,Non-Fatal Injury,Cyclist Collisions,Cyclist,50 to 54,Major,0,North,Bicycle,Going Ahead, , , , , ,"Motorist without ROW drives into path of cyclist at inter, lnwy, dwy-Driver not turn.",Driving Properly,Normal,0,1,1,0,0,0,0,0,0,1,1,0,0,0
1374005,2013,9,7,2,5,5,43.67014654,-79.36018763,Toronto Centre-Rosedale (28),28,Cabbagetown-South St.James Town (71),71,D51,Toronto East York,ROSEDALE VALLEY RD,BAYVIEW AVE, ,Minor Arterial,Intersection, ,No Control,Clear,"Dark, artificial",Dry,Fatal,SMV Other,Motorcycle Driver,35 to 39,Fatal,39,East,Motorcycle,Going Ahead,Speed too Fast For Condition,Unknown, , , , , , ,0,0,0,1,0,0,0,0,1,1,0,0,0,1
1374005,2013,9,7,2,5,5,43.67014654,-79.36018763,Toronto Centre-Rosedale (28),28,Cabbagetown-South St.James Town (71),71,D51,Toronto East York,ROSEDALE VALLEY RD,BAYVIEW AVE, ,Minor Arterial,Intersection, ,No Control,Clear,"Dark, artificial",Dry,Fatal,SMV Other,Other Property Owner,unknown, ,0, , , , , , , , , , , ,0,0,0,1,0,0,0,0,1,1,0,0,0,1
7000750134,2017,4,29,2,5,5,43.74449838,-79.58270629,Etobicoke North (1),1,Mount Olive-Silverstone-Jamestown (2),2,D23,Etobicoke York,KIPLING AV,STEVENSON RD,80 m North of,Major Arterial,Mid-Block,Non Intersection,No Control,Clear,"Dark, artificial",Dry,Non-Fatal Injury,Approaching,Driver,20 to 24,Minimal,0,South,"Automobile, Station Wagon",Going Ahead,Failed to Yield Right of Way,Normal, , , , , , ,0,0,1,0,0,0,0,1,1,1,0,0,0,0
7000750134,2017,4,29,2,5,5,43.74449838,-79.58270629,Etobicoke North (1),1,Mount Olive-Silverstone-Jamestown (2),2,D23,Etobicoke York,KIPLING AV,STEVENSON RD,80 m North of,Major Arterial,Mid-Block,Non Intersection,No Control,Clear,"Dark, artificial",Dry,Non-Fatal Injury,Approaching,Driver,50 to 54,Major,0,North,"Automobile, Station Wagon",Going Ahead,Driving Properly,Normal, , , , , , ,0,0,1,0,0,0,0,1,1,1,0,0,0,0
7000750134,2017,4,29,2,5,5,43.74449838,-79.58270629,Etobicoke North (1),1,Mount Olive-Silverstone-Jamestown (2),2,D23,Etobicoke York,KIPLING AV,STEVENSON RD,80 m North of,Major Arterial,Mid-Block,Non Intersection,No Control,Clear,"Dark, artificial",Dry,Non-Fatal Injury,Approaching,Passenger,35 to 39,Minor,0, , , , , , , , , , , ,0,0,1,0,0,0,0,1,1,1,0,0,0,0
7000750134,2017,4,29,2,5,5,43.74449838,-79.58270629,Etobicoke North (1),1,Mount Olive-Silverstone-Jamestown (2),2,D23,Etobicoke York,KIPLING AV,STEVENSON RD,80 m North of,Major Arterial,Mid-Block,Non Intersection,No Control,Clear,"Dark, artificial",Dry,Non-Fatal Injury,Approaching,Passenger,25 to 29,Minor,0, , , , , , , , , , , ,0,0,1,0,0,0,0,1,1,1,0,0,0,0
5000963180,2015,6,9,0,25,1,43.67241629,-79.38768397,Toronto Centre-Rosedale (27),27,Rosedale-Moore Park (98),98,D53,Toronto East York,878 YONGE  ST, ,20 m North of,Major Arterial,Mid-Block,Intersection Related,No Control,Clear,"Dark, artificial",Dry,Non-Fatal Injury,Turning Movement,Driver,30 to 34,,0,South,"Automobile, Station Wagon",Going Ahead,Speed too Fast For Condition,"Ability Impaired, Alcohol Over .08", , , , , , ,0,0,1,0,0,0,0,1,1,1,0,1,0,0
1131255,2009,10,17,2,7,5,43.67314538,-79.41439029,Trinity-Spadina (20),20,Annex (95),95,D14,Toronto East York,BATHURST ST,DUPONT ST, ,Major Arterial,Intersection,At Intersection,Traffic Signal,Clear,Dark,Dry,Non-Fatal Injury,Pedestrian Collisions,Driver,30 to 34,,0,South,"Automobile, Station Wagon",Going Ahead,Driving Properly,Normal, , , , , , ,1,0,1,0,0,0,0,0,0,0,0,0,0,0
1131255,2009,10,17,2,7,5,43.67314538,-79.41439029,Trinity-Spadina (20),20,Annex (95),95,D14,Toronto East York,BATHURST ST,DUPONT ST, ,Major Arterial,Intersection,At Intersection,Traffic Signal,Clear,Dark,Dry,Non-Fatal Injury,Pedestrian Collisions,Pedestrian,25 to 29,Major,0,West,Other, , , ,Vehicle is going straight thru inter.while ped cross without ROW,Crossing without right of way,Normal, , , ,1,0,1,0,0,0,0,0,0,0,0,0,0,0
1306017,2012,7,23,2,8,0,43.66204538,-79.37259029,Toronto Centre-Rosedale (27),27,Moss Park (73),73,D51,Toronto East York,SHERBOURNE ST,GERRARD ST E, ,Minor Arterial,Mid-Block, ,No Control,Clear,Dark,Dry,Non-Fatal Injury,Pedestrian Collisions,Driver,65 to 69,,0,North,"Automobile, Station Wagon",Going Ahead,Driving Properly,Normal, , , , , , ,1,0,1,0,0,0,0,0,0,0,0,0,0,0
1306017,2012,7,23,2,8,0,43.66204538,-79.37259029,Toronto Centre-Rosedale (27),27,Moss Park (73),73,D51,Toronto East York,SHERBOURNE ST,GERRARD ST E, ,Minor Arterial,Mid-Block, ,No Control,Clear,Dark,Dry,Non-Fatal Injury,Pedestrian Collisions,Pedestrian,40 to 44,Major,0,Unknown,Other, , , ,Pedestrian hit at mid-block,Other,"Ability Impaired, Alcohol Over .80", , , ,1,0,1,0,0,0,0,0,0,0,0,0,0,0
1347684,2013,2,15,2,8,4,43.66984538,-79.30089029,Beaches-East York (32),32,The Beaches (63),63,D55,Toronto East York,QUEEN ST E,WAVERLEY RD, ,Minor Arterial,Intersection, ,No Control,Clear,"Dark, artificial",Wet,Non-Fatal Injury,Pedestrian Collisions,Vehicle Owner,unknown, ,0, ,Other, , , , , , , , , ,1,0,1,0,0,0,0,0,1,1,0,1,0,0
1347684,2013,2,15,2,8,4,43.66984538,-79.30089029,Beaches-East York (32),32,The Beaches (63),63,D55,Toronto East York,QUEEN ST E,WAVERLEY RD, ,Minor Arterial,Intersection, ,No Control,Clear,"Dark, artificial",Wet,Non-Fatal Injury,Pedestrian Collisions,Driver,30 to 34,,0,West,"Automobile, Station Wagon",Going Ahead,Speed too Fast For Condition,"Ability Impaired, Alcohol", , , , , , ,1,0,1,0,0,0,0,0,1,1,0,1,0,0
1347684,2013,2,15,2,8,4,43.66984538,-79.30089029,Beaches-East York (32),32,The Beaches (63),63,D55,Toronto East York,QUEEN ST E,WAVERLEY RD, ,Minor Arterial,Intersection, ,No Control,Clear,"Dark, artificial",Wet,Non-Fatal Injury,Pedestrian Collisions,Pedestrian,20 to 24,Major,0,South,Other, , , ,Vehicle is going straight thru inter.while ped cross without ROW,"Crossing, no Traffic Control",Had Been Drinking, , , ,1,0,1,0,0,0,0,0,1,1,0,1,0,0
7000570934,2017,4,1,2,8,5,43.65843924,-79.44021235,Davenport (18),18,Dufferin Grove (83),83,D11,Toronto East York,MARGUERETTA ST,BLOOR  ST W,34 m South of,Local,Mid-Block,Non Intersection,No Control,Clear,"Dark, artificial",Wet,Non-Fatal Injury,Pedestrian Collisions,Driver,unknown,,0,South,"Automobile, Station Wagon",Going Ahead,Other,Unknown, , , , , , ,1,0,1,0,0,0,0,0,0,0,0,0,0,0
7000570934,2017,4,1,2,8,5,43.65843924,-79.44021235,Davenport (18),18,Dufferin Grove (83),83,D11,Toronto East York,MARGUERETTA ST,BLOOR  ST W,34 m South of,Local,Mid-Block,Non Intersection,No Control,Clear,"Dark, artificial",Wet,Non-Fatal Injury,Pedestrian Collisions,Pedestrian,20 to 24,Major,0,North, , , , ,Pedestrian hit at mid-block,Running onto Roadway,Normal, , , ,1,0,1,0,0,0,0,0,0,0,0,0,0,0
992122,2007,7,21,2,10,5,43.66424538,-79.32569029,Beaches-East York (32),32,Greenwood-Coxwell (65),65,D55,Toronto East York,QUEEN ST E,KNOX AVE, ,Minor Arterial,Mid-Block, ,No Control,Clear,Dark,Dry,Non-Fatal Injury,Cyclist Collisions,Driver,30 to 34,,0,East,"Automobile, Station Wagon",Stopped,Driving Properly,Normal, , , , , , ,0,1,1,0,0,0,0,0,0,0,0,0,0,0
992122,2007,7,21,2,10,5,43.66424538,-79.32569029,Beaches-East York (32),32,Greenwood-Coxwell (65),65,D55,Toronto East York,QUEEN ST E,KNOX AVE, ,Minor Arterial,Mid-Block, ,No Control,Clear,Dark,Dry,Non-Fatal Injury,Cyclist Collisions,Cyclist,20 to 24,Major,0,East,Bicycle,Going Ahead, , , , , ,Cyclist and Driver travelling in same direction. One vehicle rear-ended the other.,Following too Close,Unknown,0,1,1,0,0,0,0,0,0,0,0,0,0,0
989043,2007,8,10,2,10,4,43.67324538,-79.32899029,Toronto-Danforth (30),30,South Riverdale (70),70,D55,Toronto East York,278 GREENWOOD AVE,IVY Aven, ,Minor Arterial,Mid-Block, ,No Control,Clear,Dark,Dry,Non-Fatal Injury,Pedestrian Collisions,Vehicle Owner,unknown, ,0, ,Other, , , , , , , , , ,1,0,1,0,0,0,0,0,1,1,0,0,0,0
989043,2007,8,10,2,10,4,43.67324538,-79.32899029,Toronto-Danforth (30),30,South Riverdale (70),70,D55,Toronto East York,278 GREENWOOD AVE,IVY Aven, ,Minor Arterial,Mid-Block, ,No Control,Clear,Dark,Dry,Non-Fatal Injury,Pedestrian Collisions,Vehicle Owner,unknown, ,0, ,Other, , , , , , , , , ,1,0,1,0,0,0,0,0,1,1,0,0,0,0
989043,2007,8,10,2,10,4,43.67324538,-79.32899029,Toronto-Danforth (30),30,South Riverdale (70),70,D55,Toronto East York,278 GREENWOOD AVE,IVY Aven, ,Minor Arterial,Mid-Block, ,No Control,Clear,Dark,Dry,Non-Fatal Injury,Pedestrian Collisions,Driver,30 to 34,Minimal,0,South,"Automobile, Station Wagon",Stopped,Other,Normal, , , , , , ,1,0,1,0,0,0,0,0,1,1,0,0,0,0
989043,2007,8,10,2,10,4,43.67324538,-79.32899029,Toronto-Danforth (30),30,South Riverdale (70),70,D55,Toronto East York,278 GREENWOOD AVE,IVY Aven, ,Minor Arterial,Mid-Block, ,No Control,Clear,Dark,Dry,Non-Fatal Injury,Pedestrian Collisions,Driver,25 to 29,Minor,0,South,"Automobile, Station Wagon",Going Ahead,Lost control,Fatigue, , , , , , ,1,0,1,0,0,0,0,0,1,1,0,0,0,0
989043,2007,8,10,2,10,4,43.67324538,-79.32899029,Toronto-Danforth (30),30,South Riverdale (70),70,D55,Toronto East York,278 GREENWOOD AVE,IVY Aven, ,Minor Arterial,Mid-Block, ,No Control,Clear,Dark,Dry,Non-Fatal Injury,Pedestrian Collisions,Pedestrian,25 to 29,Major,0, ,Other, , , ,Pedestrian hit at mid-block,Person Getting on/off Vehicle,Normal, , , ,1,0,1,0,0,0,0,0,1,1,0,0,0,0
1337044,2012,12,2,2,10,6,43.76730307,-79.4920312,York West (8),8,York University Heights (27),27,D31,North York,KEELE ST,MURRAY ROSS PKWY, ,Major Arterial,Intersection,At Intersection,Traffic Signal,Rain,"Dark, artificial",Wet,Non-Fatal Injury,Angle,Driver,55 to 59,Minimal,0,West,"Automobile, Station Wagon",Going Ahead,Failed to Yield Right of Way,Fatigue, , , , , , ,0,0,1,0,0,0,0,0,1,1,0,0,0,0
1337044,2012,12,2,2,10,6,43.76730307,-79.4920312,York West (8),8,York University Heights (27),27,D31,North York,KEELE ST,MURRAY ROSS PKWY, ,Major Arterial,Intersection,At Intersection,Traffic Signal,Rain,"Dark, artificial",Wet,Non-Fatal Injury,Angle,Driver,25 to 29,Major,0,North,"Automobile, Station Wagon",Going Ahead,Driving Properly,Normal, , , , , , ,0,0,1,0,0,0,0,0,1,1,0,0,0,0
6001573505,2016,9,5,2,10,0,43.71677359,-79.25988398,Scarborough Southwest (35),35,Clairlea-Birchmount (120),120,D41,Scarborough,ST CLAIR AVE E,DANFORTH RD, ,Major Arterial,Intersection,At Intersection,Traffic Signal,Clear,"Dark, artificial",Dry,Non-Fatal Injury,Angle,Driver,45 to 49,,0,South,"Automobile, Station Wagon",Going Ahead,Disobeyed Traffic Control,Inattentive, , , , , , ,0,0,1,0,0,0,0,1,0,1,1,0,0,0
6001573505,2016,9,5,2,10,0,43.71677359,-79.25988398,Scarborough Southwest (35),35,Clairlea-Birchmount (120),120,D41,Scarborough,ST CLAIR AVE E,DANFORTH RD, ,Major Arterial,Intersection,At Intersection,Traffic Signal,Clear,"Dark, artificial",Dry,Non-Fatal Injury,Angle,Driver,45 to 49,,0,West,"Automobile, Station Wagon",Going Ahead,Driving Properly,Normal, , , , , , ,0,0,1,0,0,0,0,1,0,1,1,0,0,0
6001573505,2016,9,5,2,10,0,43.71677359,-79.25988398,Scarborough Southwest (35),35,Clairlea-Birchmount (120),120,D41,Scarborough,ST CLAIR AVE E,DANFORTH RD, ,Major Arterial,Intersection,At Intersection,Traffic Signal,Clear,"Dark, artificial",Dry,Non-Fatal Injury,Angle,Passenger,50 to 54,Major,0, , , , , , , , , , , ,0,0,1,0,0,0,0,1,0,1,1,0,0,0
1216616,2010,12,19,2,11,6,43.65134538,-79.41089029,Trinity-Spadina (19),19,Trinity-Bellwoods (81),81,D14,Toronto East York,DUNDAS ST W,MANNING AVE, ,Major Arterial,Intersection,At Intersection,Traffic Signal,Clear,Dark,Dry,Non-Fatal Injury,Pedestrian Collisions,Vehicle Owner,unknown, ,0, ,Other, , , , , , , , , ,1,0,1,0,0,0,0,0,0,0,0,0,0,0
1216616,2010,12,19,2,11,6,43.65134538,-79.41089029,Trinity-Spadina (19),19,Trinity-Bellwoods (81),81,D14,Toronto East York,DUNDAS ST W,MANNING AVE, ,Major Arterial,Intersection,At Intersection,Traffic Signal,Clear,Dark,Dry,Non-Fatal Injury,Pedestrian Collisions,Driver,55 to 59,,0,East,Taxi,Going Ahead,Driving Properly,Normal, , , , , , ,1,0,1,0,0,0,0,0,0,0,0,0,0,0
1216616,2010,12,19,2,11,6,43.65134538,-79.41089029,Trinity-Spadina (19),19,Trinity-Bellwoods (81),81,D14,Toronto East York,DUNDAS ST W,MANNING AVE, ,Major Arterial,Intersection,At Intersection,Traffic Signal,Clear,Dark,Dry,Non-Fatal Injury,Pedestrian Collisions,Pedestrian,30 to 34,Major,0,South,Other, , , ,Vehicle is going straight thru inter.while ped cross without ROW,Crossing without right of way,"Ability Impaired, Alcohol", , , ,1,0,1,0,0,0,0,0,0,0,0,0,0,0
5000814166,2015,5,16,2,11,5,43.65929373,-79.34792719,Toronto-Danforth (30),30,South Riverdale (70),70,D55,Toronto East York,755 QUEEN ST E, ,10 m North of,Minor Arterial,Mid-Block,Non Intersection,No Control,Clear,"Dark, artificial",Dry,Non-Fatal Injury,Pedestrian Collisions,Driver,20 to 24,,0,East,"Automobile, Station Wagon",Going Ahead,Other,Had Been Drinking, , , , , , ,1,0,1,0,0,0,0,1,0,0,0,0,0,0
5000814166,2015,5,16,2,11,5,43.65929373,-79.34792719,Toronto-Danforth (30),30,South Riverdale (70),70,D55,Toronto East York,755 QUEEN ST E, ,10 m North of,Minor Arterial,Mid-Block,Non Intersection,No Control,Clear,"Dark, artificial",Dry,Non-Fatal Injury,Pedestrian Collisions,Pedestrian,35 to 39,Major,0,South, , , , ,Pedestrian hit at mid-block,"Crossing, no Traffic Control",Normal, , , ,1,0,1,0,0,0,0,1,0,0,0,0,0,0
5000814166,2015,5,16,2,11,5,43.65929373,-79.34792719,Toronto-Danforth (30),30,South Riverdale (70),70,D55,Toronto East York,755 QUEEN ST E, ,10 m North of,Minor Arterial,Mid-Block,Non Intersection,No Control,Clear,"Dark, artificial",Dry,Non-Fatal Injury,Pedestrian Collisions,Passenger,20 to 24,,0, , , , , , , , , , , ,1,0,1,0,0,0,0,1,0,0,0,0,0,0
5000814166,2015,5,16,2,11,5,43.65929373,-79.34792719,Toronto-Danforth (30),30,South Riverdale (70),70,D55,Toronto East York,755 QUEEN ST E, ,10 m North of,Minor Arterial,Mid-Block,Non Intersection,No Control,Clear,"Dark, artificial",Dry,Non-Fatal Injury,Pedestrian Collisions,Passenger,20 to 24,,0, , , , , , , , , , , ,1,0,1,0,0,0,0,1,0,0,0,0,0,0
5000814166,2015,5,16,2,11,5,43.65929373,-79.34792719,Toronto-Danforth (30),30,South Riverdale (70),70,D55,Toronto East York,755 QUEEN ST E, ,10 m North of,Minor Arterial,Mid-Block,Non Intersection,No Control,Clear,"Dark, artificial",Dry,Non-Fatal Injury,Pedestrian Collisions,Passenger,20 to 24,,0, , , , , , , , , , , ,1,0,1,0,0,0,0,1,0,0,0,0,0,0
977223,2007,6,30,2,12,5,43.71634538,-79.55349029,Etobicoke North (2),2,Elms-Old Rexdale (5),5,D23,Etobicoke York,BURRARD RD,CAULFIELD RD, ,Local,Intersection,At Intersection,No Control,Clear,Dark,Dry,Fatal,SMV Other,Vehicle Owner,unknown, ,0, ,Other, , , , , , , , , ,0,0,1,0,0,0,0,0,1,1,0,0,0,1
977223,2007,6,30,2,12,5,43.71634538,-79.55349029,Etobicoke North (2),2,Elms-Old Rexdale (5),5,D23,Etobicoke York,BURRARD RD,CAULFIELD RD, ,Local,Intersection,At Intersection,No Control,Clear,Dark,Dry,Fatal,SMV Other,Driver,15 to 19,Fatal,0,North,"Automobile, Station Wagon",Going Ahead,Exceeding Speed Limit,Had Been Drinking, , , , , , ,0,0,1,0,0,0,0,0,1,1,0,0,0,1
4002664969,2014,8,9,2,14,5,43.7581745,-79.23307429,Scarborough Centre (38),38,Woburn (137),137,D43,Scarborough,LAWRENCE AVE E,GREENBRAE CRCT, ,Major Arterial,Intersection,Non Intersection,No Control,Clear,"Dark, artificial",Dry,Non-Fatal Injury,Pedestrian Collisions,Driver,65 to 69,,0,West,"Automobile, Station Wagon",Going Ahead,Driving Properly,Normal, , , , , , ,1,0,1,0,0,0,0,0,0,0,0,0,0,0
4002664969,2014,8,9,2,14,5,43.7581745,-79.23307429,Scarborough Centre (38),38,Woburn (137),137,D43,Scarborough,LAWRENCE AVE E,GREENBRAE CRCT, ,Major Arterial,Intersection,Non Intersection,No Control,Clear,"Dark, artificial",Dry,Non-Fatal Injury,Pedestrian Collisions,Pedestrian,15 to 19,Major,0,North, , , , ,Pedestrian hit at mid-block,"Crossing, no Traffic Control",Had Been Drinking, , , ,1,0,1,0,0,0,0,0,0,0,0,0,0,0
1021860,2008,2,17,2,15,6,43.63694538,-79.44689029,Parkdale-High Park (14),14,South Parkdale (85),85,D11,Toronto East York,1601 LAKE SHORE BLVD W, , ,Major Arterial,Mid-Block, ,No Control,Clear,Dark,Dry,Non-Fatal Injury,Pedestrian Collisions,Vehicle Owner,unknown, ,0, ,Other, , , , , , , , , ,1,0,1,0,0,0,0,0,0,0,0,0,0,0
1021860,2008,2,17,2,15,6,43.63694538,-79.44689029,Parkdale-High Park (14),14,South Parkdale (85),85,D11,Toronto East York,1601 LAKE SHORE BLVD W, , ,Major Arterial,Mid-Block, ,No Control,Clear,Dark,Dry,Non-Fatal Injury,Pedestrian Collisions,Driver,20 to 24,Minor,0,East,"Automobile, Station Wagon",Going Ahead,Lost control,Unknown, , , , , , ,1,0,1,0,0,0,0,0,0,0,0,0,0,0
1021860,2008,2,17,2,15,6,43.63694538,-79.44689029,Parkdale-High Park (14),14,South Parkdale (85),85,D11,Toronto East York,1601 LAKE SHORE BLVD W, , ,Major Arterial,Mid-Block, ,No Control,Clear,Dark,Dry,Non-Fatal Injury,Pedestrian Collisions,Other,30 to 34,,0,North,"Automobile, Station Wagon",Parked, , , , , , , , ,1,0,1,0,0,0,0,0,0,0,0,0,0,0
1021860,2008,2,17,2,15,6,43.63694538,-79.44689029,Parkdale-High Park (14),14,South Parkdale (85),85,D11,Toronto East York,1601 LAKE SHORE BLVD W, , ,Major Arterial,Mid-Block, ,No Control,Clear,Dark,Dry,Non-Fatal Injury,Pedestrian Collisions,Vehicle Owner,unknown, ,0, ,Other, , , , , , , , , ,1,0,1,0,0,0,0,0,0,0,0,0,0,0
1021860,2008,2,17,2,15,6,43.63694538,-79.44689029,Parkdale-High Park (14),14,South Parkdale (85),85,D11,Toronto East York,1601 LAKE SHORE BLVD W, , ,Major Arterial,Mid-Block, ,No Control,Clear,Dark,Dry,Non-Fatal Injury,Pedestrian Collisions,Pedestrian,25 to 29,Minor,0, ,Other, , , ,Pedestrian hit on sidewalk or shoulder,On Sidewalk or Shoulder,Inattentive, , , ,1,0,1,0,0,0,0,0,0,0,0,0,0,0
1021860,2008,2,17,2,15,6,43.63694538,-79.44689029,Parkdale-High Park (14),14,South Parkdale (85),85,D11,Toronto East York,1601 LAKE SHORE BLVD W, , ,Major Arterial,Mid-Block, ,No Control,Clear,Dark,Dry,Non-Fatal Injury,Pedestrian Collisions,Pedestrian,25 to 29,Major,0, ,Other, , , ,Pedestrian hit on sidewalk or shoulder,On Sidewalk or Shoulder,Inattentive, , , ,1,0,1,0,0,0,0,0,0,0,0,0,0,0
1021860,2008,2,17,2,15,6,43.63694538,-79.44689029,Parkdale-High Park (14),14,South Parkdale (85),85,D11,Toronto East York,1601 LAKE SHORE BLVD W, , ,Major Arterial,Mid-Block, ,No Control,Clear,Dark,Dry,Non-Fatal Injury,Pedestrian Collisions,Pedestrian,40 to 44,Major,0, ,Other, , , ,Pedestrian hit on sidewalk or shoulder,On Sidewalk or Shoulder,Inattentive, , , ,1,0,1,0,0,0,0,0,0,0,0,0,0,0
1044518,2008,6,15,2,15,6,43.65364538,-79.45139029,Parkdale-High Park (14),14,Roncesvalles (86),86,D11,Toronto East York,DUNDAS ST W,RONCESVALLES AVE, ,Minor Arterial,Mid-Block, ,No Control,Clear,Dark,Dry,Non-Fatal Injury,Cyclist Collisions,Driver,unknown,,0,West,"Automobile, Station Wagon",Going Ahead,Lost control,Normal, , , , , , ,0,1,1,0,0,0,0,0,0,0,0,0,0,0
1044518,2008,6,15,2,15,6,43.65364538,-79.45139029,Parkdale-High Park (14),14,Roncesvalles (86),86,D11,Toronto East York,DUNDAS ST W,RONCESVALLES AVE, ,Minor Arterial,Mid-Block, ,No Control,Clear,Dark,Dry,Non-Fatal Injury,Cyclist Collisions,Cyclist,35 to 39,Major,0,West,Bicycle,Going Ahead, , , , , ,Motorist loses control and strikes cyclist.,Driving Properly,Normal,0,1,1,0,0,0,0,0,0,0,0,0,0,0
1100162,2009,3,29,2,15,6,43.67414435,-79.45998774,Davenport (17),17,Weston-Pellam Park (91),91,D11,Etobicoke York,ST CLAIR Aven W,HOUNSLOW HEATH Road, ,Major Arterial,Intersection,At Intersection,Traffic Signal,Clear,Dark,Dry,Non-Fatal Injury,Approaching,Passenger,20 to 24,Major,0, ,Other,Other, , , , , , , , ,0,0,1,0,0,0,0,1,0,0,0,0,0,0
1100162,2009,3,29,2,15,6,43.67414435,-79.45998774,Davenport (17),17,Weston-Pellam Park (91),91,D11,Etobicoke York,ST CLAIR Aven W,HOUNSLOW HEATH Road, ,Major Arterial,Intersection,At Intersection,Traffic Signal,Clear,Dark,Dry,Non-Fatal Injury,Approaching,Passenger,20 to 24,Major,0, ,Other,Other, , , , , , , , ,0,0,1,0,0,0,0,1,0,0,0,0,0,0
1100162,2009,3,29,2,15,6,43.67414435,-79.45998774,Davenport (17),17,Weston-Pellam Park (91),91,D11,Etobicoke York,ST CLAIR Aven W,HOUNSLOW HEATH Road, ,Major Arterial,Intersection,At Intersection,Traffic Signal,Clear,Dark,Dry,Non-Fatal Injury,Approaching,Driver,20 to 24,Minimal,0,East,"Automobile, Station Wagon",Stopped,Driving Properly,Normal, , , , , , ,0,0,1,0,0,0,0,1,0,0,0,0,0,0
1100162,2009,3,29,2,15,6,43.67414435,-79.45998774,Davenport (17),17,Weston-Pellam Park (91),91,D11,Etobicoke York,ST CLAIR Aven W,HOUNSLOW HEATH Road, ,Major Arterial,Intersection,At Intersection,Traffic Signal,Clear,Dark,Dry,Non-Fatal Injury,Approaching,Passenger,30 to 34,,0,North,Other,Turning Left, , , , , , , , ,0,0,1,0,0,0,0,1,0,0,0,0,0,0
1100162,2009,3,29,2,15,6,43.67414435,-79.45998774,Davenport (17),17,Weston-Pellam Park (91),91,D11,Etobicoke York,ST CLAIR Aven W,HOUNSLOW HEATH Road, ,Major Arterial,Intersection,At Intersection,Traffic Signal,Clear,Dark,Dry,Non-Fatal Injury,Approaching,Driver,unknown, ,0, ,"Automobile, Station Wagon", , , , , , , , , ,0,0,1,0,0,0,0,1,0,0,0,0,0,0
1100162,2009,3,29,2,15,6,43.67414435,-79.45998774,Davenport (17),17,Weston-Pellam Park (91),91,D11,Etobicoke York,ST CLAIR Aven W,HOUNSLOW HEATH Road, ,Major Arterial,Intersection,At Intersection,Traffic Signal,Clear,Dark,Dry,Non-Fatal Injury,Approaching,Passenger,20 to 24,Major,0, ,Other,Other, , , , , , , , ,0,0,1,0,0,0,0,1,0,0,0,0,0,0
4003439452,2014,12,7,2,15,6,43.72564276,-79.29750452,Scarborough Southwest (35),35,Clairlea-Birchmount (120),120,D41,Scarborough,EGLINTON AVE E,PHARMACY AVE, ,Major Arterial,Intersection,Intersection Related,Traffic Signal,Clear,"Dark, artificial",Dry,Non-Fatal Injury,Turning Movement,Driver,30 to 34,Minor,0,West,"Automobile, Station Wagon",Going Ahead,Exceeding Speed Limit,"Ability Impaired, Alcohol Over .08", , , , , , ,0,0,1,0,1,0,0,1,1,1,0,1,0,0
4003439452,2014,12,7,2,15,6,43.72564276,-79.29750452,Scarborough Southwest (35),35,Clairlea-Birchmount (120),120,D41,Scarborough,EGLINTON AVE E,PHARMACY AVE, ,Major Arterial,Intersection,Intersection Related,Traffic Signal,Clear,"Dark, artificial",Dry,Non-Fatal Injury,Turning Movement,Truck Driver,45 to 49,,0,East,Truck-Tractor,Turning Left,Driving Properly,Normal, , , , , , ,0,0,1,0,1,0,0,1,1,1,0,1,0,0
4003439452,2014,12,7,2,15,6,43.72564276,-79.29750452,Scarborough Southwest (35),35,Clairlea-Birchmount (120),120,D41,Scarborough,EGLINTON AVE E,PHARMACY AVE, ,Major Arterial,Intersection,Intersection Related,Traffic Signal,Clear,"Dark, artificial",Dry,Non-Fatal Injury,Turning Movement,Passenger,20 to 24,Major,0, , , , , , , , , , , ,0,0,1,0,1,0,0,1,1,1,0,1,0,0