ACCNUM,YEAR,MONTH,DAY,HOUR,MINUTES,WEEKDAY,LATITUDE,LONGITUDE,Ward_Name,Ward_ID,Hood_Name,Hood_ID,Division,District,STREET1,STREET2,OFFSET,ROAD_CLASS,LOCCOORD,ACCLOC,TRAFFCTL,VISIBILITY,LIGHT,RDSFCOND,ACCLASS,IMPACTYPE,INVTYPE,INVAGE,INJURY,FATAL_NO,INITDIR,VEHTYPE,MANOEUVER,DRIVACT,DRIVCOND,PEDTYPE,PEDACT,PEDCOND,CYCLISTYPE,CYCACT,CYCCOND,PEDESTRIAN,CYCLIST,AUTOMOBILE,MOTORCYCLE,TRUCK,TRSN_CITY_VEH,EMERG_VEH,PASSENGER,SPEEDING,AG_DRIV,REDLIGHT,ALCOHOL,DISABILITY,label
4003439452,2014,12,7,2,15,6,43.72564276,-79.29750452,Scarborough Southwest (35),35,Clairlea-Birchmount (120),120,D41,Scarborough,EGLINTON AVE E,PHARMACY AVE, ,Major Arterial,Intersection,Intersection Related,Traffic Signal,Clear,"Dark, artificial",Dry,Non-Fatal Injury,Turning Movement,Passenger,25 to 29,Major,0, , , , , , , , , , , ,0,0,1,0,1,0,0,1,1,1,0,1,0,0
1207370,2010,12,14,2,16,1,43.71914538,-79.23929029,Scarborough Southwest (36),36,Cliffcrest (123),123,D43,Scarborough,KINGSTON RD,ST QUENTIN AVE, ,Major Arterial,Mid-Block, ,No Control,Snow,Dark,Packed Snow,Fatal,SMV Other,Passenger,15 to 19,Minimal,0, ,Other, , , , , , , , , ,0,0,1,0,0,0,0,1,0,0,0,0,0,1
1207370,2010,12,14,2,16,1,43.71914538,-79.23929029,Scarborough Southwest (36),36,Cliffcrest (123),123,D43,Scarborough,KINGSTON RD,ST QUENTIN AVE, ,Major Arterial,Mid-Block, ,No Control,Snow,Dark,Packed Snow,Fatal,SMV Other,Driver,20 to 24,Fatal,39,West,"Automobile, Station Wagon",Going Ahead,Lost control,Unknown, , , , , , ,0,0,1,0,0,0,0,1,0,0,0,0,0,1
1207370,2010,12,14,2,16,1,43.71914538,-79.23929029,Scarborough Southwest (36),36,Cliffcrest (123),123,D43,Scarborough,KINGSTON RD,ST QUENTIN AVE, ,Major Arterial,Mid-Block, ,No Control,Snow,Dark,Packed Snow,Fatal,SMV Other,Other Property Owner,unknown, ,0, ,Other, , , , , , , , , ,0,0,1,0,0,0,0,1,0,0,0,0,0,1
988601,2007,8,11,2,17,5,43.76894538,-79.30359029,Scarborough-Agincourt (40),40,Wexford/Maryvale (119),119,D41,Scarborough,WARDEN AVE,WARDEN AV S 401 C E RAMP E, ,Major Arterial,Intersection,At Intersection,Traffic Signal,Clear,Dark,Dry,Non-Fatal Injury,Turning Movement,Vehicle Owner,unknown,,0, ,Other, , , , , , , , , ,0,0,1,1,0,0,0,0,1,1,0,0,0,0
988601,2007,8,11,2,17,5,43.76894538,-79.30359029,Scarborough-Agincourt (40),40,Wexford/Maryvale (119),119,D41,Scarborough,WARDEN AVE,WARDEN AV S 401 C E RAMP E, ,Major Arterial,Intersection,At Intersection,Traffic Signal,Clear,Dark,Dry,Non-Fatal Injury,Turning Movement,Motorcycle Driver,20 to 24,Major,0,North,Motorcycle,Going Ahead,Driving Properly,Normal, , , , , , ,0,0,1,1,0,0,0,0,1,1,0,0,0,0
988601,2007,8,11,2,17,5,43.76894538,-79.30359029,Scarborough-Agincourt (40),40,Wexford/Maryvale (119),119,D41,Scarborough,WARDEN AVE,WARDEN AV S 401 C E RAMP E, ,Major Arterial,Intersection,At Intersection,Traffic Signal,Clear,Dark,Dry,Non-Fatal Injury,Turning Movement,Driver,30 to 34,Minimal,0,South,"Automobile, Station Wagon",Turning Left,Failed to Yield Right of Way,Inattentive, , , , , , ,0,0,1,1,0,0,0,0,1,1,0,0,0,0
1177697,2010,7,19,2,19,0,43.74164538,-79.31269029,Don Valley East (34),34,Parkwoods-Donalda (45),45,D33,North York,LAWRENCE AVE E,CARNFORTH RD, ,Major Arterial,Mid-Block, ,No Control,Rain,Dark,Wet,Non-Fatal Injury,Pedestrian Collisions,Driver,20 to 24,,0,East,"Automobile, Station Wagon",Going Ahead,Driving Properly,Normal, , , , , , ,1,0,1,0,0,0,0,0,0,0,0,0,0,0
1177697,2010,7,19,2,19,0,43.74164538,-79.31269029,Don Valley East (34),34,Parkwoods-Donalda (45),45,D33,North York,LAWRENCE AVE E,CARNFORTH RD, ,Major Arterial,Mid-Block, ,No Control,Rain,Dark,Wet,Non-Fatal Injury,Pedestrian Collisions,Pedestrian,25 to 29,Major,0,North,Other, , , ,Pedestrian hit at mid-block,"Crossing, no Traffic Control",Had Been Drinking, , , ,1,0,1,0,0,0,0,0,0,0,0,0,0,0
7000203536,2017,2,2,2,19,3,43.74106558,-79.25018702,Scarborough Centre (38),38,Eglinton East (138),138,D43,Scarborough,BRIMLEY RD,ELGAR AVE, ,Major Arterial,Intersection,At Intersection,Stop Sign,Clear,Dark,Wet,Fatal,Turning Movement,Driver,25 to 29,Fatal,5,South,"Automobile, Station Wagon",Going Ahead,Driving Properly,Unknown, , , , , , ,0,0,1,0,0,0,0,0,0,0,0,0,0,1
7000203536,2017,2,2,2,19,3,43.74106558,-79.25018702,Scarborough Centre (38),38,Eglinton East (138),138,D43,Scarborough,BRIMLEY RD,ELGAR AVE, ,Major Arterial,Intersection,At Intersection,Stop Sign,Clear,Dark,Wet,Fatal,Turning Movement,Driver,15 to 19,,0,West,"Automobile, Station Wagon",Turning Left,Improper Turn,Normal, , , , , , ,0,0,1,0,0,0,0,0,0,0,0,0,0,1
1058134,2008,8,23,2,20,5,43.63834538,-79.54769029,Etobicoke-Lakeshore (5),5,Islington-City Centre West (14),14,D22,Etobicoke York,SHAVER Aven S,BLOOR Stre W, ,Collector,Mid-Block, ,No Control,Clear,Dark,Dry,Non-Fatal Injury,SMV Other,Vehicle Owner,unknown, ,0, ,Other, , , , , , , , , ,0,0,1,0,0,0,0,0,1,1,0,1,0,0
1058134,2008,8,23,2,20,5,43.63834538,-79.54769029,Etobicoke-Lakeshore (5),5,Islington-City Centre West (14),14,D22,Etobicoke York,SHAVER Aven S,BLOOR Stre W, ,Collector,Mid-Block, ,No Control,Clear,Dark,Dry,Non-Fatal Injury,SMV Other,Driver,25 to 29,Major,0,South,"Automobile, Station Wagon",Going Ahead,Lost control,"Ability Impaired, Alcohol", , , , , , ,0,0,1,0,0,0,0,0,1,1,0,1,0,0
1065143,2008,10,19,2,20,6,43.72734538,-79.43159029,Eglinton-Lawrence (16),16,Bedford Park-Nortown (39),39,D32,North York,BATHURST ST,MELROSE AVE, ,Major Arterial,Intersection, ,No Control,Clear,Dark,Dry,Non-Fatal Injury,Pedestrian Collisions,Pedestrian,30 to 34,Major,0,East,Other, , , ,Vehicle is going straight thru inter.while ped cross without ROW,"Crossing, no Traffic Control",Had Been Drinking, , , ,1,0,0,0,0,0,0,0,0,0,0,0,0,0
1131025,2009,10,16,2,20,4,43.65054538,-79.38799029,Trinity-Spadina (20),20,Waterfront Communities-The Island (77),77,D52,Toronto East York,225 QUEEN ST W,QUEEN Stre W, ,Major Arterial,Mid-Block,At Intersection,No Control,Clear,Dark,Dry,Non-Fatal Injury,Pedestrian Collisions,Vehicle Owner,unknown, ,0, ,"Automobile, Station Wagon", , , , , , , , , ,1,0,1,0,0,0,0,0,1,1,0,1,0,0
1131025,2009,10,16,2,20,4,43.65054538,-79.38799029,Trinity-Spadina (20),20,Waterfront Communities-The Island (77),77,D52,Toronto East York,225 QUEEN ST W,QUEEN Stre W, ,Major Arterial,Mid-Block,At Intersection,No Control,Clear,Dark,Dry,Non-Fatal Injury,Pedestrian Collisions,Driver,15 to 19,,0,East,"Automobile, Station Wagon",Going Ahead,Exceeding Speed Limit,"Ability Impaired, Alcohol Over .08", , , , , , ,1,0,1,0,0,0,0,0,1,1,0,1,0,0
1131025,2009,10,16,2,20,4,43.65054538,-79.38799029,Trinity-Spadina (20),20,Waterfront Communities-The Island (77),77,D52,Toronto East York,225 QUEEN ST W,QUEEN Stre W, ,Major Arterial,Mid-Block,At Intersection,No Control,Clear,Dark,Dry,Non-Fatal Injury,Pedestrian Collisions,Vehicle Owner,unknown, ,0, ,Other, , , , , , , , , ,1,0,1,0,0,0,0,0,1,1,0,1,0,0
1131025,2009,10,16,2,20,4,43.65054538,-79.38799029,Trinity-Spadina (20),20,Waterfront Communities-The Island (77),77,D52,Toronto East York,225 QUEEN ST W,QUEEN Stre W, ,Major Arterial,Mid-Block,At Intersection,No Control,Clear,Dark,Dry,Non-Fatal Injury,Pedestrian Collisions,Driver,35 to 39,,0,East,"Automobile, Station Wagon",Stopped,Driving Properly,Normal, , , , , , ,1,0,1,0,0,0,0,0,1,1,0,1,0,0
1131025,2009,10,16,2,20,4,43.65054538,-79.38799029,Trinity-Spadina (20),20,Waterfront Communities-The Island (77),77,D52,Toronto East York,225 QUEEN ST W,QUEEN Stre W, ,Major Arterial,Mid-Block,At Intersection,No Control,Clear,Dark,Dry,Non-Fatal Injury,Pedestrian Collisions,Pedestrian,45 to 49,Major,0, ,Other, , , ,Pedestrian hit at mid-block,Person Getting on/off Vehicle,Had Been Drinking, , , ,1,0,1,0,0,0,0,0,1,1,0,1,0,0
5000963180,2015,6,9,0,25,1,43.67241629,-79.38768397,Toronto Centre-Rosedale (27),27,Rosedale-Moore Park (98),98,D53,Toronto East York,878 YONGE  ST, ,20 m North of,Major Arterial,Mid-Block,Intersection Related,No Control,Clear,"Dark, artificial",Dry,Non-Fatal Injury,Turning Movement,Passenger,40 to 44,Major,0, , , , , , , , , , , ,0,0,1,0,0,0,0,1,1,1,0,1,0,0
5000963180,2015,6,9,0,25,1,43.67241629,-79.38768397,Toronto Centre-Rosedale (27),27,Rosedale-Moore Park (98),98,D53,Toronto East York,878 YONGE  ST, ,20 m North of,Major Arterial,Mid-Block,Intersection Related,No Control,Clear,"Dark, artificial",Dry,Non-Fatal Injury,Turning Movement,Passenger,30 to 34,,0, , , , , , , , , , , ,0,0,1,0,0,0,0,1,1,1,0,1,0,0
6001211373,2016,7,11,0,27,0,43.65926703,-79.36669549999999,Toronto Centre-Rosedale (28),28,Moss Park (73),73,D51,Toronto East York,429 DUNDAS ST E, ,15 m North of,Major Arterial,Intersection,Intersection Related,No Control,Clear,"Dark, artificial",Dry,Non-Fatal Injury,Cyclist Collisions,Cyclist,25 to 29,Major,0,East,Bicycle,Going Ahead, , , , , ,Cyclist and Driver travelling in same direction. One vehicle sideswipes the other.,Other,Had Been Drinking,0,1,1,0,0,0,0,1,0,0,0,0,0,0
6001211373,2016,7,11,0,27,0,43.65926703,-79.36669549999999,Toronto Centre-Rosedale (28),28,Moss Park (73),73,D51,Toronto East York,429 DUNDAS ST E, ,15 m North of,Major Arterial,Intersection,Intersection Related,No Control,Clear,"Dark, artificial",Dry,Non-Fatal Injury,Cyclist Collisions,Driver,20 to 24,,0,East,"Automobile, Station Wagon",Going Ahead,Driving Properly,Normal, , , , , , ,0,1,1,0,0,0,0,1,0,0,0,0,0,0
6001211373,2016,7,11,0,27,0,43.65926703,-79.36669549999999,Toronto Centre-Rosedale (28),28,Moss Park (73),73,D51,Toronto East York,429 DUNDAS ST E, ,15 m North of,Major Arterial,Intersection,Intersection Related,No Control,Clear,"Dark, artificial",Dry,Non-Fatal Injury,Cyclist Collisions,Passenger,20 to 24,,0, , , , , , , , , , , ,0,1,1,0,0,0,0,1,0,0,0,0,0,0
6001211373,2016,7,11,0,27,0,43.65926703,-79.36669549999999,Toronto Centre-Rosedale (28),28,Moss Park (73),73,D51,Toronto East York,429 DUNDAS ST E, ,15 m North of,Major Arterial,Intersection,Intersection Related,No Control,Clear,"Dark, artificial",Dry,Non-Fatal Injury,Cyclist Collisions,Passenger,25 to 29,,0, , , , , , , , , , , ,0,1,1,0,0,0,0,1,0,0,0,0,0,0
6001211373,2016,7,11,0,27,0,43.65926703,-79.36669549999999,Toronto Centre-Rosedale (28),28,Moss Park (73),73,D51,Toronto East York,429 DUNDAS ST E, ,15 m North of,Major Arterial,Intersection,Intersection Related,No Control,Clear,"Dark, artificial",Dry,Non-Fatal Injury,Cyclist Collisions,Passenger,20 to 24,Major,0, , , , , , , , , , , ,0,1,1,0,0,0,0,1,0,0,0,0,0,0
1244530,2011,7,18,0,28,0,43.77884538,-79.39079029,Willowdale (24),24,Bayview Village (52),52,D33,North York,BAYVIEW Ave,MCKEE Ave, ,Major Arterial,Mid-Block, ,No Control,Clear,"Dark, artificial",Dry,Non-Fatal Injury,Pedestrian Collisions,Pedestrian,55 to 59,Major,0,Unknown,"Automobile, Station Wagon", , , ,Pedestrian hit at mid-block,Playing or Working on Highway,Normal, , , ,1,0,1,0,0,0,0,1,1,1,0,0,0,0
1244530,2011,7,18,0,28,0,43.77884538,-79.39079029,Willowdale (24),24,Bayview Village (52),52,D33,North York,BAYVIEW Ave,MCKEE Ave, ,Major Arterial,Mid-Block, ,No Control,Clear,"Dark, artificial",Dry,Non-Fatal Injury,Pedestrian Collisions,Passenger,20 to 24,Major,0, ,Other, , , , , , , , , ,1,0,1,0,0,0,0,1,1,1,0,0,0,0
1244530,2011,7,18,0,28,0,43.77884538,-79.39079029,Willowdale (24),24,Bayview Village (52),52,D33,North York,BAYVIEW Ave,MCKEE Ave, ,Major Arterial,Mid-Block, ,No Control,Clear,"Dark, artificial",Dry,Non-Fatal Injury,Pedestrian Collisions,Vehicle Owner,unknown, ,0, ,Other, , , , , , , , , ,1,0,1,0,0,0,0,1,1,1,0,0,0,0
1244530,2011,7,18,0,28,0,43.77884538,-79.39079029,Willowdale (24),24,Bayview Village (52),52,D33,North York,BAYVIEW Ave,MCKEE Ave, ,Major Arterial,Mid-Block, ,No Control,Clear,"Dark, artificial",Dry,Non-Fatal Injury,Pedestrian Collisions,Passenger,25 to 29,Major,0, ,Other, , , , , , , , , ,1,0,1,0,0,0,0,1,1,1,0,0,0,0
1244530,2011,7,18,0,28,0,43.77884538,-79.39079029,Willowdale (24),24,Bayview Village (52),52,D33,North York,BAYVIEW Ave,MCKEE Ave, ,Major Arterial,Mid-Block, ,No Control,Clear,"Dark, artificial",Dry,Non-Fatal Injury,Pedestrian Collisions,Passenger,20 to 24,Major,0, ,Other, , , , , , , , , ,1,0,1,0,0,0,0,1,1,1,0,0,0,0
1244530,2011,7,18,0,28,0,43.77884538,-79.39079029,Willowdale (24),24,Bayview Village (52),52,D33,North York,BAYVIEW Ave,MCKEE Ave, ,Major Arterial,Mid-Block, ,No Control,Clear,"Dark, artificial",Dry,Non-Fatal Injury,Pedestrian Collisions,Driver,25 to 29,Major,0,North,"Automobile, Station Wagon",Going Ahead,Exceeding Speed Limit,Had Been Drinking, , , , , , ,1,0,1,0,0,0,0,1,1,1,0,0,0,0
6001585257,2016,9,7,0,28,2,43.75124738,-79.24441929,Scarborough Centre (38),38,Bendale (127),127,D43,Scarborough,DANFORTH RD,BARRYMORE RD,18 m North of,Major Arterial,Mid-Block,Non Intersection,Traffic Signal,Clear,"Dark, artificial",Dry,Non-Fatal Injury,Pedestrian Collisions,Driver,30 to 34,,0,North,"Automobile, Station Wagon",Going Ahead,Driving Properly,"Ability Impaired, Alcohol Over .08", , , , , , ,1,0,1,0,0,0,0,0,0,0,0,1,0,0
6001585257,2016,9,7,0,28,2,43.75124738,-79.24441929,Scarborough Centre (38),38,Bendale (127),127,D43,Scarborough,DANFORTH RD,BARRYMORE RD,18 m North of,Major Arterial,Mid-Block,Non Intersection,Traffic Signal,Clear,"Dark, artificial",Dry,Non-Fatal Injury,Pedestrian Collisions,Pedestrian,20 to 24,Major,0, , , , , , , ,"Ability Impaired, Alcohol", , , ,1,0,1,0,0,0,0,0,0,0,0,1,0,0
1125870,2009,8,19,0,29,2,43.66724538,-79.31259029,Beaches-East York (32),32,The Beaches (63),63,D55,Toronto East York,QUEEN ST E,KINGSTON RD, ,Major Arterial,Intersection,At Intersection,Traffic Signal,Clear,Dark,Dry,Non-Fatal Injury,Turning Movement,Vehicle Owner,unknown, ,0, ,Other, , , , , , , , , ,0,0,1,0,0,0,0,0,0,1,0,0,0,0
1125870,2009,8,19,0,29,2,43.66724538,-79.31259029,Beaches-East York (32),32,The Beaches (63),63,D55,Toronto East York,QUEEN ST E,KINGSTON RD, ,Major Arterial,Intersection,At Intersection,Traffic Signal,Clear,Dark,Dry,Non-Fatal Injury,Turning Movement,Driver,30 to 34,,0,East,"Automobile, Station Wagon",Turning Left,Failed to Yield Right of Way,Normal, , , , , , ,0,0,1,0,0,0,0,0,0,1,0,0,0,0
1125870,2009,8,19,0,29,2,43.66724538,-79.31259029,Beaches-East York (32),32,The Beaches (63),63,D55,Toronto East York,QUEEN ST E,KINGSTON RD, ,Major Arterial,Intersection,At Intersection,Traffic Signal,Clear,Dark,Dry,Non-Fatal Injury,Turning Movement,Driver,60 to 64,Major,0,West,"Automobile, Station Wagon",Going Ahead,Driving Properly,Normal, , , , , , ,0,0,1,0,0,0,0,0,0,1,0,0,0,0
1314310,2012,7,18,0,29,2,43.67144538,-79.51739029,Etobicoke Centre (4),4,Edenbridge-Humber Valley (9),9,D22,Etobicoke York,EDENBRIDGE Dr,EDGEHILL Rd, ,Collector,Mid-Block, ,No Control,Clear,Dark,Dry,Non-Fatal Injury,SMV Other,Motorcycle Driver,30 to 34,Major,0,West,Motorcycle,Going Ahead,Lost control,Normal, , , , , , ,0,0,0,1,0,0,0,0,0,0,0,0,0,0
7000303904,2017,2,18,0,29,5,43.60477408,-79.51967249,Etobicoke-Lakeshore (6),6,Mimico (includes Humber Bay Shores) (17),17,D22,Etobicoke York,KIPLING AVE,NEW TORONTO ST,112 m North,Major Arterial,Mid-Block,Underpass or Tunnel,No Control,Clear,"Dark, artificial",Dry,Fatal,SMV Other,Passenger,30 to 34,Minor,0, , , , , , , , , , , ,0,0,1,0,0,0,0,1,0,1,0,0,0,1
7000303904,2017,2,18,0,29,5,43.60477408,-79.51967249,Etobicoke-Lakeshore (6),6,Mimico (includes Humber Bay Shores) (17),17,D22,Etobicoke York,KIPLING AVE,NEW TORONTO ST,112 m North,Major Arterial,Mid-Block,Underpass or Tunnel,No Control,Clear,"Dark, artificial",Dry,Fatal,SMV Other,Driver,30 to 34,Fatal,7,South,Pick Up Truck,Going Ahead,Failed to Yield Right of Way,Had Been Drinking, , , , , , ,0,0,1,0,0,0,0,1,0,1,0,0,0,1
1039861,2008,5,24,0,30,5,43.67714651,-79.36789332,Toronto Centre-Rosedale (27),27,Rosedale-Moore Park (98),98,D53,Toronto East York,BAYVIEW Aven,BLOOR Ramp, ,Major Arterial,Mid-Block, ,No Control,Clear,Dark,Dry,Fatal,SMV Other,Motorcycle Driver,25 to 29,Fatal,21,North,Motorcycle,Going Ahead,Exceeding Speed Limit,Unknown, , , , , , ,0,0,0,1,0,0,0,0,1,1,0,0,0,1
4001680945,2014,3,9,0,30,6,43.64875372,-79.39637385,Trinity-Spadina (20),20,Waterfront Communities-The Island (77),77,D52,Toronto East York,QUEEN ST W,SPADINA AVE, ,Major Arterial,Intersection,At Intersection,Traffic Signal,Clear,"Dark, artificial",Dry,Non-Fatal Injury,Pedestrian Collisions,Driver,unknown,,0,South, ,Turning Right,Other,Unknown, , , , , , ,1,0,0,0,0,0,0,0,0,0,0,0,0,0
4001680945,2014,3,9,0,30,6,43.64875372,-79.39637385,Trinity-Spadina (20),20,Waterfront Communities-The Island (77),77,D52,Toronto East York,QUEEN ST W,SPADINA AVE, ,Major Arterial,Intersection,At Intersection,Traffic Signal,Clear,"Dark, artificial",Dry,Non-Fatal Injury,Pedestrian Collisions,Pedestrian,25 to 29,Major,0,South, , , , ,Vehicle turns right while ped crosses with ROW at inter.,Crossing with right of way,Normal, , , ,1,0,0,0,0,0,0,0,0,0,0,0,0,0
6000874773,2016,5,15,0,30,6,43.64939459,-79.42003259999998,Trinity-Spadina (19),19,Trinity-Bellwoods (81),81,D14,Toronto East York,DUNDAS ST W,OSSINGTON AVE,40 m East of,Major Arterial,Mid-Block,Non Intersection,No Control,Clear,Dark,Dry,Non-Fatal Injury,Cyclist Collisions,Driver,unknown,,0,West,"Automobile, Station Wagon",Making U Turn,Improper Turn,Inattentive, , , , , , ,0,1,1,0,0,0,0,0,0,0,0,0,0,0
6000874773,2016,5,15,0,30,6,43.64939459,-79.42003259999998,Trinity-Spadina (19),19,Trinity-Bellwoods (81),81,D14,Toronto East York,DUNDAS ST W,OSSINGTON AVE,40 m East of,Major Arterial,Mid-Block,Non Intersection,No Control,Clear,Dark,Dry,Non-Fatal Injury,Cyclist Collisions,Cyclist,20 to 24,Major,0,East,Bicycle,Going Ahead, , , , , ,Motorist makes u-turn in-front of cyclist.,Driving Properly,Normal,0,1,1,0,0,0,0,0,0,0,0,0,0,0
3001015663,2013,11,22,0,31,4,43.66410025,-79.39843378,Trinity-Spadina (20),20,University (79),79,D52,Toronto East York,HOSKIN AVE,ST GEORGE ST, ,Minor Arterial,Intersection,Intersection Related,Traffic Signal,Rain,"Dark, artificial",Wet,Non-Fatal Injury,Cyclist Collisions,Cyclist,20 to 24,Major,0,South,Bicycle,Going Ahead, , , , , ,"Cyclist without ROW rides into path of motorist at inter, lnwy, dwy-Cyclist not turn.",Disobeyed Traffic Control,Unknown,0,1,1,0,0,0,0,0,0,0,0,0,0,0
3001015663,2013,11,22,0,31,4,43.66410025,-79.39843378,Trinity-Spadina (20),20,University (79),79,D52,Toronto East York,HOSKIN AVE,ST GEORGE ST, ,Minor Arterial,Intersection,Intersection Related,Traffic Signal,Rain,"Dark, artificial",Wet,Non-Fatal Injury,Cyclist Collisions,Driver,20 to 24,,0,East,"Automobile, Station Wagon",Going Ahead,Driving Properly,Unknown, , , , , , ,0,1,1,0,0,0,0,0,0,0,0,0,0,0
5001313535,2015,8,1,0,31,5,43.76861151,-79.28193293,Scarborough-Agincourt (40),40,Dorset Park (126),126,D41,Scarborough,1939 KENNEDY RD, ,18 m South of,Major Arterial,Mid-Block,Non Intersection,No Control,Clear,Dark,Dry,Non-Fatal Injury,Rear End,Driver,40 to 44,,0,North,"Automobile, Station Wagon",Going Ahead,Following too Close,Had Been Drinking, , , , , , ,0,0,1,1,0,0,0,1,0,1,0,0,0,0
5001313535,2015,8,1,0,31,5,43.76861151,-79.28193293,Scarborough-Agincourt (40),40,Dorset Park (126),126,D41,Scarborough,1939 KENNEDY RD, ,18 m South of,Major Arterial,Mid-Block,Non Intersection,No Control,Clear,Dark,Dry,Non-Fatal Injury,Rear End,Motorcycle Driver,35 to 39,Major,0,North,Motorcycle,Going Ahead,Driving Properly,Normal, , , , , , ,0,0,1,1,0,0,0,1,0,1,0,0,0,0
5001313535,2015,8,1,0,31,5,43.76861151,-79.28193293,Scarborough-Agincourt (40),40,Dorset Park (126),126,D41,Scarborough,1939 KENNEDY RD, ,18 m South of,Major Arterial,Mid-Block,Non Intersection,No Control,Clear,Dark,Dry,Non-Fatal Injury,Rear End,Motorcycle Passenger,35 to 39,Major,0, , , , , , , , , , , ,0,0,1,1,0,0,0,1,0,1,0,0,0,0
1149557,2010,1,24,0,32,6,43.65854538,-79.35139029,Toronto-Danforth (30),30,South Riverdale (70),70,D55,Toronto East York,QUEEN ST E,MUNRO ST, ,Major Arterial,Intersection,At Intersection,No Control,Clear,Dark,Dry,Fatal,Pedestrian Collisions,Vehicle Owner,unknown, ,0, ,Other, , , , , , , , , ,1,0,0,0,0,1,0,0,0,0,0,0,0,1
1149557,2010,1,24,0,32,6,43.65854538,-79.35139029,Toronto-Danforth (30),30,South Riverdale (70),70,D55,Toronto East York,QUEEN ST E,MUNRO ST, ,Major Arterial,Intersection,At Intersection,No Control,Clear,Dark,Dry,Fatal,Pedestrian Collisions,Driver,50 to 54,,0,East,Municipal Transit Bus (TTC),Going Ahead,Driving Properly,Normal, , , , , , ,1,0,0,0,0,1,0,0,0,0,0,0,0,1
1149557,2010,1,24,0,32,6,43.65854538,-79.35139029,Toronto-Danforth (30),30,South Riverdale (70),70,D55,Toronto East York,QUEEN ST E,MUNRO ST, ,Major Arterial,Intersection,At Intersection,No Control,Clear,Dark,Dry,Fatal,Pedestrian Collisions,Pedestrian,35 to 39,Fatal,7,North,Other, , , ,Pedestrian involved in a collision with transit vehicle anywhere along roadway,"Crossing, no Traffic Control",Inattentive, , , ,1,0,0,0,0,1,0,0,0,0,0,0,0,1
6001965886,2016,11,5,0,32,5,43.63738974,-79.40198908,Trinity-Spadina (19),19,Niagara (82),82,D14,Toronto East York,BRUYERES  MEWS,IANNUZZI  ST,40 m West of,Local,Mid-Block,Non Intersection,No Control,Clear,Dark,Dry,Property Damage Only,Turning Movement,Driver,20 to 24,,0,West,"Automobile, Station Wagon",Going Ahead,Disobeyed Traffic Control,Unknown, , , , , , ,0,0,1,0,0,0,0,1,1,1,0,0,0,0
6001965886,2016,11,5,0,32,5,43.63738974,-79.40198908,Trinity-Spadina (19),19,Niagara (82),82,D14,Toronto East York,BRUYERES  MEWS,IANNUZZI  ST,40 m West of,Local,Mid-Block,Non Intersection,No Control,Clear,Dark,Dry,Property Damage Only,Turning Movement,Driver,30 to 34,,0,West,Pick Up Truck,Making U Turn,Driving Properly,Normal, , , , , , ,0,0,1,0,0,0,0,1,1,1,0,0,0,0
6001965886,2016,11,5,0,32,5,43.63738974,-79.40198908,Trinity-Spadina (19),19,Niagara (82),82,D14,Toronto East York,BRUYERES  MEWS,IANNUZZI  ST,40 m West of,Local,Mid-Block,Non Intersection,No Control,Clear,Dark,Dry,Property Damage Only,Turning Movement,Driver,50 to 54,,0,East,"Automobile, Station Wagon",Stopped,Driving Properly,Normal, , , , , , ,0,0,1,0,0,0,0,1,1,1,0,0,0,0
6001965886,2016,11,5,0,32,5,43.63738974,-79.40198908,Trinity-Spadina (19),19,Niagara (82),82,D14,Toronto East York,BRUYERES  MEWS,IANNUZZI  ST,40 m West of,Local,Mid-Block,Non Intersection,No Control,Clear,Dark,Dry,Property Damage Only,Turning Movement,Passenger,20 to 24,Major,0, , , , , , , , , , , ,0,0,1,0,0,0,0,1,1,1,0,0,0,0
1106122,2009,4,30,0,33,3,43.80194538,-79.19979029,Scarborough-Rouge River (42),42,Malvern (132),132,D42,Scarborough,SHEPPARD AVE E,MORNINGSIDE AVE, ,Major Arterial,Intersection,At Intersection,Traffic Signal,Clear,Dark,Dry,Non-Fatal Injury,Pedestrian Collisions,Driver,20 to 24,,0,South,"Automobile, Station Wagon",Turning Left,Failed to Yield Right of Way,Normal, , , , , , ,1,0,1,0,0,0,0,0,0,1,0,0,0,0
1106122,2009,4,30,0,33,3,43.80194538,-79.19979029,Scarborough-Rouge River (42),42,Malvern (132),132,D42,Scarborough,SHEPPARD AVE E,MORNINGSIDE AVE, ,Major Arterial,Intersection,At Intersection,Traffic Signal,Clear,Dark,Dry,Non-Fatal Injury,Pedestrian Collisions,Pedestrian,25 to 29,Major,0,North,Other, , , ,Vehicle turns left while ped crosses with ROW at inter.,Crossing with right of way,Normal, , , ,1,0,1,0,0,0,0,0,0,1,0,0,0,0
1196138,2010,9,14,0,35,1,43.75134538,-79.56569029,York West (7),7,Humber Summit (21),21,D31,Etobicoke York,26 FIRENZA DR, , ,Local,Intersection, ,No Control,Clear,Dark,Dry,Non-Fatal Injury,Pedestrian Collisions,Other,unknown,,0,West,Other,Parked, , , , , , , , ,1,0,1,0,0,0,0,0,0,0,0,0,0,0