ACCNUM,YEAR,MONTH,DAY,HOUR,MINUTES,WEEKDAY,LATITUDE,LONGITUDE,Ward_Name,Ward_ID,Hood_Name,Hood_ID,Division,District,STREET1,STREET2,OFFSET,ROAD_CLASS,LOCCOORD,ACCLOC,TRAFFCTL,VISIBILITY,LIGHT,RDSFCOND,ACCLASS,IMPACTYPE,INVTYPE,INVAGE,INJURY,FATAL_NO,INITDIR,VEHTYPE,MANOEUVER,DRIVACT,DRIVCOND,PEDTYPE,PEDACT,PEDCOND,CYCLISTYPE,CYCACT,CYCCOND,PEDESTRIAN,CYCLIST,AUTOMOBILE,MOTORCYCLE,TRUCK,TRSN_CITY_VEH,EMERG_VEH,PASSENGER,SPEEDING,AG_DRIV,REDLIGHT,ALCOHOL,DISABILITY,label
1196138,2010,9,14,0,35,1,43.75134538,-79.56569029,York West (7),7,Humber Summit (21),21,D31,Etobicoke York,26 FIRENZA DR, , ,Local,Intersection, ,No Control,Clear,Dark,Dry,Non-Fatal Injury,Pedestrian Collisions,Driver,15 to 19,,0,West,"Automobile, Station Wagon",Going Ahead,Other,Unknown, , , , , , ,1,0,1,0,0,0,0,0,0,0,0,0,0,0
1196138,2010,9,14,0,35,1,43.75134538,-79.56569029,York West (7),7,Humber Summit (21),21,D31,Etobicoke York,26 FIRENZA DR, , ,Local,Intersection, ,No Control,Clear,Dark,Dry,Non-Fatal Injury,Pedestrian Collisions,Pedestrian,15 to 19,Major,0,Unknown,Other, , , ,Pedestrian hit at private driveway,Other,Had Been Drinking, , , ,1,0,1,0,0,0,0,0,0,0,0,0,0,0
1346364,2013,3,14,0,35,3,43.63994177,-79.43985377,Parkdale-High Park (14),14,South Parkdale (85),85,D14,Toronto East York,QUEEN ST W,DOWLING AVE, ,Major Arterial, , ,No Control,Snow,Dark,Loose Snow,Non-Fatal Injury,Pedestrian Collisions,Driver,unknown,,0,West,"Automobile, Station Wagon",Going Ahead, , , , , , , , ,1,0,1,0,0,0,0,0,0,0,0,0,0,0
1346364,2013,3,14,0,35,3,43.63994177,-79.43985377,Parkdale-High Park (14),14,South Parkdale (85),85,D14,Toronto East York,QUEEN ST W,DOWLING AVE, ,Major Arterial, , ,No Control,Snow,Dark,Loose Snow,Non-Fatal Injury,Pedestrian Collisions,Pedestrian,35 to 39,Major,0, ,Other,Other, , , , , , , , ,1,0,1,0,0,0,0,0,0,0,0,0,0,0
6000133147,2016,1,23,0,35,5,43.63882788,-79.40063868,Trinity-Spadina (20),20,Waterfront Communities-The Island (77),77,D14,Toronto East York,BATHURST ST,FORT YORK BLVD, ,Major Arterial,Intersection,At Intersection,Traffic Signal,Clear,"Dark, artificial",Dry,Non-Fatal Injury,Turning Movement,Driver,45 to 49,Major,0,South,"Automobile, Station Wagon",Turning Left,Improper Turn,Inattentive, , , , , , ,0,0,1,0,0,0,0,1,1,1,0,0,0,0
6000133147,2016,1,23,0,35,5,43.63882788,-79.40063868,Trinity-Spadina (20),20,Waterfront Communities-The Island (77),77,D14,Toronto East York,BATHURST ST,FORT YORK BLVD, ,Major Arterial,Intersection,At Intersection,Traffic Signal,Clear,"Dark, artificial",Dry,Non-Fatal Injury,Turning Movement,Driver,20 to 24,,0,North,"Automobile, Station Wagon",Going Ahead,Exceeding Speed Limit,Inattentive, , , , , , ,0,0,1,0,0,0,0,1,1,1,0,0,0,0
6000133147,2016,1,23,0,35,5,43.63882788,-79.40063868,Trinity-Spadina (20),20,Waterfront Communities-The Island (77),77,D14,Toronto East York,BATHURST ST,FORT YORK BLVD, ,Major Arterial,Intersection,At Intersection,Traffic Signal,Clear,"Dark, artificial",Dry,Non-Fatal Injury,Turning Movement,Driver,20 to 24,,0,South,"Automobile, Station Wagon",Slowing or Stopping,Driving Properly,Normal, , , , , , ,0,0,1,0,0,0,0,1,1,1,0,0,0,0
6000133147,2016,1,23,0,35,5,43.63882788,-79.40063868,Trinity-Spadina (20),20,Waterfront Communities-The Island (77),77,D14,Toronto East York,BATHURST ST,FORT YORK BLVD, ,Major Arterial,Intersection,At Intersection,Traffic Signal,Clear,"Dark, artificial",Dry,Non-Fatal Injury,Turning Movement,Driver,25 to 29,,0,South,"Automobile, Station Wagon",Slowing or Stopping,Driving Properly,Normal, , , , , , ,0,0,1,0,0,0,0,1,1,1,0,0,0,0
6000133147,2016,1,23,0,35,5,43.63882788,-79.40063868,Trinity-Spadina (20),20,Waterfront Communities-The Island (77),77,D14,Toronto East York,BATHURST ST,FORT YORK BLVD, ,Major Arterial,Intersection,At Intersection,Traffic Signal,Clear,"Dark, artificial",Dry,Non-Fatal Injury,Turning Movement,Driver,35 to 39,,0,North,"Automobile, Station Wagon",Going Ahead,Driving Properly,Unknown, , , , , , ,0,0,1,0,0,0,0,1,1,1,0,0,0,0
6000133147,2016,1,23,0,35,5,43.63882788,-79.40063868,Trinity-Spadina (20),20,Waterfront Communities-The Island (77),77,D14,Toronto East York,BATHURST ST,FORT YORK BLVD, ,Major Arterial,Intersection,At Intersection,Traffic Signal,Clear,"Dark, artificial",Dry,Non-Fatal Injury,Turning Movement,Driver,40 to 44,,0,South,"Automobile, Station Wagon",Slowing or Stopping,Driving Properly,Unknown, , , , , , ,0,0,1,0,0,0,0,1,1,1,0,0,0,0
6000133147,2016,1,23,0,35,5,43.63882788,-79.40063868,Trinity-Spadina (20),20,Waterfront Communities-The Island (77),77,D14,Toronto East York,BATHURST ST,FORT YORK BLVD, ,Major Arterial,Intersection,At Intersection,Traffic Signal,Clear,"Dark, artificial",Dry,Non-Fatal Injury,Turning Movement,Passenger,20 to 24,Minimal,0, , , , , , , , , , , ,0,0,1,0,0,0,0,1,1,1,0,0,0,0
6000133147,2016,1,23,0,35,5,43.63882788,-79.40063868,Trinity-Spadina (20),20,Waterfront Communities-The Island (77),77,D14,Toronto East York,BATHURST ST,FORT YORK BLVD, ,Major Arterial,Intersection,At Intersection,Traffic Signal,Clear,"Dark, artificial",Dry,Non-Fatal Injury,Turning Movement,Passenger,15 to 19,Minimal,0, , , , , , , , , , , ,0,0,1,0,0,0,0,1,1,1,0,0,0,0
6000133147,2016,1,23,0,35,5,43.63882788,-79.40063868,Trinity-Spadina (20),20,Waterfront Communities-The Island (77),77,D14,Toronto East York,BATHURST ST,FORT YORK BLVD, ,Major Arterial,Intersection,At Intersection,Traffic Signal,Clear,"Dark, artificial",Dry,Non-Fatal Injury,Turning Movement,Passenger,15 to 19,Minimal,0, , , , , , , , , , , ,0,0,1,0,0,0,0,1,1,1,0,0,0,0
6000133147,2016,1,23,0,35,5,43.63882788,-79.40063868,Trinity-Spadina (20),20,Waterfront Communities-The Island (77),77,D14,Toronto East York,BATHURST ST,FORT YORK BLVD, ,Major Arterial,Intersection,At Intersection,Traffic Signal,Clear,"Dark, artificial",Dry,Non-Fatal Injury,Turning Movement,Passenger,20 to 24,Minimal,0, , , , , , , , , , , ,0,0,1,0,0,0,0,1,1,1,0,0,0,0
6000133147,2016,1,23,0,35,5,43.63882788,-79.40063868,Trinity-Spadina (20),20,Waterfront Communities-The Island (77),77,D14,Toronto East York,BATHURST ST,FORT YORK BLVD, ,Major Arterial,Intersection,At Intersection,Traffic Signal,Clear,"Dark, artificial",Dry,Non-Fatal Injury,Turning Movement,Passenger,20 to 24,Minimal,0, , , , , , , , , , , ,0,0,1,0,0,0,0,1,1,1,0,0,0,0
6000133147,2016,1,23,0,35,5,43.63882788,-79.40063868,Trinity-Spadina (20),20,Waterfront Communities-The Island (77),77,D14,Toronto East York,BATHURST ST,FORT YORK BLVD, ,Major Arterial,Intersection,At Intersection,Traffic Signal,Clear,"Dark, artificial",Dry,Non-Fatal Injury,Turning Movement,Passenger,20 to 24,,0, , , , , , , , , , , ,0,0,1,0,0,0,0,1,1,1,0,0,0,0
1319682,2012,9,1,0,36,5,43.68944538,-79.34879029,Toronto-Danforth (29),29,Old East York (58),58,D54,Toronto East York,PAPE AVE,COSBURN AVE, ,Major Arterial,Intersection,At Intersection,Traffic Signal,Clear,"Dark, artificial",Dry,Non-Fatal Injury,Pedestrian Collisions,Driver,20 to 24,,0,North,"Automobile, Station Wagon",Going Ahead,Failed to Yield Right of Way,"Ability Impaired, Alcohol", , , , , , ,1,0,1,0,0,0,0,0,0,1,0,1,0,0
1319682,2012,9,1,0,36,5,43.68944538,-79.34879029,Toronto-Danforth (29),29,Old East York (58),58,D54,Toronto East York,PAPE AVE,COSBURN AVE, ,Major Arterial,Intersection,At Intersection,Traffic Signal,Clear,"Dark, artificial",Dry,Non-Fatal Injury,Pedestrian Collisions,Pedestrian,25 to 29,Major,0,North,Other, , , ,Vehicle is going straight thru inter.while ped cross with ROW,Crossing with right of way,Had Been Drinking, , , ,1,0,1,0,0,0,0,0,0,1,0,1,0,0
7000419004,2017,3,8,0,36,2,43.69268378,-79.39543543,St. Paul's (22),22,Mount Pleasant East (99),99,D53,Toronto East York,YONGE ST,MERTON ST,386 m South of,Major Arterial,Mid-Block,Non Intersection,No Control,Clear,"Dark, artificial",Dry,Non-Fatal Injury,SMV Other,Driver,30 to 34,Major,0,North,"Automobile, Station Wagon",Going Ahead,Other,"Ability Impaired, Alcohol", , , , , , ,0,0,1,0,0,0,0,0,0,0,0,1,0,0
6001039195,2016,6,15,0,37,2,43.75510367,-79.24749384,Scarborough Centre (38),38,Bendale (127),127,D43,Scarborough,LAWRENCE AVE E,VALPARAISO AVE, ,Major Arterial,Mid-Block,Non Intersection,No Control,Clear,"Dark, artificial",Dry,Fatal,Pedestrian Collisions,Pedestrian,70 to 74,Fatal,37,South, , , , ,Pedestrian hit at mid-block,"Crossing, no Traffic Control",Had Been Drinking, , , ,1,0,1,0,0,0,0,0,0,0,0,0,0,1
6001039195,2016,6,15,0,37,2,43.75510367,-79.24749384,Scarborough Centre (38),38,Bendale (127),127,D43,Scarborough,LAWRENCE AVE E,VALPARAISO AVE, ,Major Arterial,Mid-Block,Non Intersection,No Control,Clear,"Dark, artificial",Dry,Fatal,Pedestrian Collisions,Driver,65 to 69,Minor,0,East,"Automobile, Station Wagon",Going Ahead,Driving Properly,Normal, , , , , , ,1,0,1,0,0,0,0,0,0,0,0,0,0,1
6001592206,2016,9,8,0,37,3,43.81079443,-79.23669825,Scarborough-Rouge River (42),42,Malvern (132),132,D42,Scarborough,MELFORD DR,TAPSCOTT RD,80 m West of,Collector,Mid-Block,Non Intersection,No Control,Rain,"Dark, artificial",Wet,Non-Fatal Injury,SMV Unattended Vehicle,Driver,50 to 54,,0,East,"Automobile, Station Wagon",Going Ahead,Speed too Fast For Condition,Inattentive, , , , , , ,0,0,1,0,1,0,0,1,1,1,0,0,0,0
6001592206,2016,9,8,0,37,3,43.81079443,-79.23669825,Scarborough-Rouge River (42),42,Malvern (132),132,D42,Scarborough,MELFORD DR,TAPSCOTT RD,80 m West of,Collector,Mid-Block,Non Intersection,No Control,Rain,"Dark, artificial",Wet,Non-Fatal Injury,SMV Unattended Vehicle,Other,unknown,,0,East,Truck - Dump,Parked, , , , , , , , ,0,0,1,0,1,0,0,1,1,1,0,0,0,0
6001592206,2016,9,8,0,37,3,43.81079443,-79.23669825,Scarborough-Rouge River (42),42,Malvern (132),132,D42,Scarborough,MELFORD DR,TAPSCOTT RD,80 m West of,Collector,Mid-Block,Non Intersection,No Control,Rain,"Dark, artificial",Wet,Non-Fatal Injury,SMV Unattended Vehicle,Passenger,45 to 49,Major,0, , , , , , , , , , , ,0,0,1,0,1,0,0,1,1,1,0,0,0,0
1047657,2008,7,12,0,38,5,43.69474538,-79.51949029,Etobicoke North (2),2,Humber Heights-Westmount (8),8,D23,Etobicoke York,688 SCARLETT RD, , ,Major Arterial,Intersection, ,No Control,Clear,Dark,Dry,Fatal,SMV Other,Driver,25 to 29,Fatal,31,South,"Automobile, Station Wagon",Overtaking,Exceeding Speed Limit,Unknown, , , , , , ,0,0,1,0,0,0,0,0,1,1,0,0,0,1
1047657,2008,7,12,0,38,5,43.69474538,-79.51949029,Etobicoke North (2),2,Humber Heights-Westmount (8),8,D23,Etobicoke York,688 SCARLETT RD, , ,Major Arterial,Intersection, ,No Control,Clear,Dark,Dry,Fatal,SMV Other,Other,unknown,,0,West,"Automobile, Station Wagon",Parked, , , , , , , , ,0,0,1,0,0,0,0,0,1,1,0,0,0,1
1047657,2008,7,12,0,38,5,43.69474538,-79.51949029,Etobicoke North (2),2,Humber Heights-Westmount (8),8,D23,Etobicoke York,688 SCARLETT RD, , ,Major Arterial,Intersection, ,No Control,Clear,Dark,Dry,Fatal,SMV Other,Other,unknown, ,0,West,"Automobile, Station Wagon",Parked, , , , , , , , ,0,0,1,0,0,0,0,0,1,1,0,0,0,1
1047657,2008,7,12,0,38,5,43.69474538,-79.51949029,Etobicoke North (2),2,Humber Heights-Westmount (8),8,D23,Etobicoke York,688 SCARLETT RD, , ,Major Arterial,Intersection, ,No Control,Clear,Dark,Dry,Fatal,SMV Other,Other,unknown,,0,East,"Automobile, Station Wagon",Parked, , , , , , , , ,0,0,1,0,0,0,0,0,1,1,0,0,0,1
4002194958,2014,6,1,0,40,6,43.82138403,-79.3169137,Scarborough-Agincourt (39),39,Steeles (116),116,D42,Scarborough,BIRCHMOUNT RD,STEELES AVE E, ,Major Arterial,Intersection,At Intersection,Traffic Signal,Clear,"Dark, artificial",Dry,Non-Fatal Injury,Turning Movement,Driver,35 to 39,Major,0,South,"Automobile, Station Wagon",Turning Left,Improper Turn,Normal, , , , , , ,0,0,1,0,0,0,0,0,0,0,0,0,0,0
4002194958,2014,6,1,0,40,6,43.82138403,-79.3169137,Scarborough-Agincourt (39),39,Steeles (116),116,D42,Scarborough,BIRCHMOUNT RD,STEELES AVE E, ,Major Arterial,Intersection,At Intersection,Traffic Signal,Clear,"Dark, artificial",Dry,Non-Fatal Injury,Turning Movement,Driver,25 to 29,Minimal,0,East,"Automobile, Station Wagon",Going Ahead,Driving Properly,Normal, , , , , , ,0,0,1,0,0,0,0,0,0,0,0,0,0,0
5000706229,2015,4,29,0,40,2,43.69158133,-79.57081995,Etobicoke North (2),2,West Humber-Clairville (1),1,D23,Etobicoke York,MARTIN GROVE RD,DIXON RD, ,Major Arterial,Intersection,At Intersection,Traffic Signal,Clear,"Dark, artificial",Dry,Non-Fatal Injury,Pedestrian Collisions,Driver,55 to 59,,0,South,Passenger Van,Turning Left,Failed to Yield Right of Way,Inattentive, , , , , , ,1,0,1,0,0,0,0,0,0,1,0,0,0,0
5000706229,2015,4,29,0,40,2,43.69158133,-79.57081995,Etobicoke North (2),2,West Humber-Clairville (1),1,D23,Etobicoke York,MARTIN GROVE RD,DIXON RD, ,Major Arterial,Intersection,At Intersection,Traffic Signal,Clear,"Dark, artificial",Dry,Non-Fatal Injury,Pedestrian Collisions,Pedestrian,25 to 29,Major,0,North, , , , ,Vehicle turns left while ped crosses with ROW at inter.,Crossing with right of way,Normal, , , ,1,0,1,0,0,0,0,0,0,1,0,0,0,0
5001361534,2015,8,9,0,40,6,43.74325522,-79.58209620000001,Etobicoke North (1),1,Thistletown-Beaumond Heights (3),3,D23,Etobicoke York,KIPLING AVE,FINCH AVE W,18 m North of,Major Arterial,Intersection,At Intersection,Traffic Signal,Clear,"Dark, artificial",Dry,Non-Fatal Injury,Rear End,Driver,60 to 64,,0,South,"Automobile, Station Wagon",Going Ahead,Following too Close,Fatigue, , , , , , ,0,0,1,0,0,0,0,1,0,1,0,0,0,0
5001361534,2015,8,9,0,40,6,43.74325522,-79.58209620000001,Etobicoke North (1),1,Thistletown-Beaumond Heights (3),3,D23,Etobicoke York,KIPLING AVE,FINCH AVE W,18 m North of,Major Arterial,Intersection,At Intersection,Traffic Signal,Clear,"Dark, artificial",Dry,Non-Fatal Injury,Rear End,Driver,30 to 34,Minimal,0,South,"Automobile, Station Wagon",Stopped,Driving Properly,Normal, , , , , , ,0,0,1,0,0,0,0,1,0,1,0,0,0,0
5001361534,2015,8,9,0,40,6,43.74325522,-79.58209620000001,Etobicoke North (1),1,Thistletown-Beaumond Heights (3),3,D23,Etobicoke York,KIPLING AVE,FINCH AVE W,18 m North of,Major Arterial,Intersection,At Intersection,Traffic Signal,Clear,"Dark, artificial",Dry,Non-Fatal Injury,Rear End,Passenger,30 to 34,Minimal,0, , , , , , , , , , , ,0,0,1,0,0,0,0,1,0,1,0,0,0,0
5001361534,2015,8,9,0,40,6,43.74325522,-79.58209620000001,Etobicoke North (1),1,Thistletown-Beaumond Heights (3),3,D23,Etobicoke York,KIPLING AVE,FINCH AVE W,18 m North of,Major Arterial,Intersection,At Intersection,Traffic Signal,Clear,"Dark, artificial",Dry,Non-Fatal Injury,Rear End,Passenger,55 to 59,Minimal,0, , , , , , , , , , , ,0,0,1,0,0,0,0,1,0,1,0,0,0,0
5001361534,2015,8,9,0,40,6,43.74325522,-79.58209620000001,Etobicoke North (1),1,Thistletown-Beaumond Heights (3),3,D23,Etobicoke York,KIPLING AVE,FINCH AVE W,18 m North of,Major Arterial,Intersection,At Intersection,Traffic Signal,Clear,"Dark, artificial",Dry,Non-Fatal Injury,Rear End,Passenger,5 to 9,Minimal,0, , , , , , , , , , , ,0,0,1,0,0,0,0,1,0,1,0,0,0,0
5001361534,2015,8,9,0,40,6,43.74325522,-79.58209620000001,Etobicoke North (1),1,Thistletown-Beaumond Heights (3),3,D23,Etobicoke York,KIPLING AVE,FINCH AVE W,18 m North of,Major Arterial,Intersection,At Intersection,Traffic Signal,Clear,"Dark, artificial",Dry,Non-Fatal Injury,Rear End,Passenger,25 to 29,Major,0, , , , , , , , , , , ,0,0,1,0,0,0,0,1,0,1,0,0,0,0
5001982660,2015,11,19,0,40,3,43.80731924,-79.17554865,Scarborough East (44),44,Rouge (131),131,D42,Scarborough,SHEPPARD AVE E,IDAGROVE GT, ,Major Arterial,Intersection,At Intersection,Traffic Signal,Rain,"Dark, artificial",Wet,Non-Fatal Injury,Pedestrian Collisions,Driver,35 to 39,,0,East,"Automobile, Station Wagon",Going Ahead,Driving Properly,Normal, , , , , , ,1,0,1,0,0,0,0,0,0,0,0,0,0,0
5001982660,2015,11,19,0,40,3,43.80731924,-79.17554865,Scarborough East (44),44,Rouge (131),131,D42,Scarborough,SHEPPARD AVE E,IDAGROVE GT, ,Major Arterial,Intersection,At Intersection,Traffic Signal,Rain,"Dark, artificial",Wet,Non-Fatal Injury,Pedestrian Collisions,Pedestrian,60 to 64,Major,0,North, , , , ,Vehicle is going straight thru inter.while ped cross without ROW,Crossing without right of way,Inattentive, , , ,1,0,1,0,0,0,0,0,0,0,0,0,0,0
7000125598,2017,1,21,0,40,5,43.59267386,-79.54208002,Etobicoke-Lakeshore (6),6,Long Branch (19),19,D22,Etobicoke York,BROWNS LINE,LAKESHORE W BROWNS LI RAMP,20 m North,Major Arterial,Mid-Block,Non Intersection,No Control,"Fog, Mist, Smoke, Dust","Dark, artificial",Wet,Fatal,SMV Other,Driver,20 to 24,Fatal,3,South,Delivery Van,Going Ahead,Lost control,Had Been Drinking, , , , , , ,0,0,1,0,0,0,0,0,0,0,0,0,0,1
6000501397,2016,3,24,0,42,3,43.79891165,-79.14622126,Scarborough East (44),44,Centennial Scarborough (133),133,D42,Scarborough,KINGSTON RD,SHEPPARD AVE E, ,Major Arterial,Intersection,At Intersection,Traffic Signal,Freezing Rain,"Dark, artificial",Slush,Non-Fatal Injury,Angle,Driver,25 to 29,Minor,0,East,"Automobile, Station Wagon",Going Ahead,Disobeyed Traffic Control,"Ability Impaired, Alcohol Over .08", , , , , , ,0,0,1,0,0,0,0,0,1,1,1,1,0,0
7003211588,2017,12,17,0,41,6,43.7495838,-79.20592127,Scarborough East (43),43,Guildwood (140),140,D43,Scarborough,KINGSTON RD,GUILDWOOD PKWY, ,Major Arterial,Intersection,At Intersection,Traffic Signal,Other,Dark,Other,Fatal,SMV Other,Driver,50 to 54,Fatal,58,East, ,Going Ahead,Exceeding Speed Limit,Unknown, , , , , , ,0,0,0,0,0,0,0,0,1,1,0,0,0,1
986972,2007,7,29,0,42,6,43.77954538,-79.25419029,Scarborough Centre (38),38,Woburn (137),137,D43,Scarborough,MCCOWAN RD,CONSILIUM PL, ,Collector,Intersection,At Intersection,Stop Sign,Clear,Dark,Dry,Non-Fatal Injury,SMV Other,Passenger,25 to 29,Major,0, ,Other, , , , , , , , , ,0,0,0,0,0,0,0,1,1,1,0,0,0,0
986972,2007,7,29,0,42,6,43.77954538,-79.25419029,Scarborough Centre (38),38,Woburn (137),137,D43,Scarborough,MCCOWAN RD,CONSILIUM PL, ,Collector,Intersection,At Intersection,Stop Sign,Clear,Dark,Dry,Non-Fatal Injury,SMV Other,Driver,15 to 19,,0,West,Other,Merging,Lost control,Normal, , , , , , ,0,0,0,0,0,0,0,1,1,1,0,0,0,0
1158874,2010,3,24,0,42,2,43.66464538,-79.35589029,Toronto-Danforth (30),30,North Riverdale (68),68,D55,Toronto East York,GERRARD ST E,DON VALLEY PARKWAY Stre S, ,Minor Arterial,Mid-Block, ,No Control,Clear,Dark,Dry,Non-Fatal Injury,Pedestrian Collisions,Vehicle Owner,unknown, ,0, ,Other, , , , , , , , , ,1,0,1,0,0,1,0,0,0,1,0,0,0,0
1158874,2010,3,24,0,42,2,43.66464538,-79.35589029,Toronto-Danforth (30),30,North Riverdale (68),68,D55,Toronto East York,GERRARD ST E,DON VALLEY PARKWAY Stre S, ,Minor Arterial,Mid-Block, ,No Control,Clear,Dark,Dry,Non-Fatal Injury,Pedestrian Collisions,Pedestrian,40 to 44,Major,0,Unknown,Other, , , ,Pedestrian involved in a collision with transit vehicle anywhere along roadway,Playing or Working on Highway,Normal, , , ,1,0,1,0,0,1,0,0,0,1,0,0,0,0
1158874,2010,3,24,0,42,2,43.66464538,-79.35589029,Toronto-Danforth (30),30,North Riverdale (68),68,D55,Toronto East York,GERRARD ST E,DON VALLEY PARKWAY Stre S, ,Minor Arterial,Mid-Block, ,No Control,Clear,Dark,Dry,Non-Fatal Injury,Pedestrian Collisions,Driver,55 to 59,Major,0,West,"Automobile, Station Wagon",Stopped,Driving Properly,Normal, , , , , , ,1,0,1,0,0,1,0,0,0,1,0,0,0,0
1158874,2010,3,24,0,42,2,43.66464538,-79.35589029,Toronto-Danforth (30),30,North Riverdale (68),68,D55,Toronto East York,GERRARD ST E,DON VALLEY PARKWAY Stre S, ,Minor Arterial,Mid-Block, ,No Control,Clear,Dark,Dry,Non-Fatal Injury,Pedestrian Collisions,Vehicle Owner,unknown, ,0, ,Other, , , , , , , , , ,1,0,1,0,0,1,0,0,0,1,0,0,0,0
1158874,2010,3,24,0,42,2,43.66464538,-79.35589029,Toronto-Danforth (30),30,North Riverdale (68),68,D55,Toronto East York,GERRARD ST E,DON VALLEY PARKWAY Stre S, ,Minor Arterial,Mid-Block, ,No Control,Clear,Dark,Dry,Non-Fatal Injury,Pedestrian Collisions,Driver,55 to 59,,0,West,"Automobile, Station Wagon",Stopped,Driving Properly,Normal, , , , , , ,1,0,1,0,0,1,0,0,0,1,0,0,0,0
1158874,2010,3,24,0,42,2,43.66464538,-79.35589029,Toronto-Danforth (30),30,North Riverdale (68),68,D55,Toronto East York,GERRARD ST E,DON VALLEY PARKWAY Stre S, ,Minor Arterial,Mid-Block, ,No Control,Clear,Dark,Dry,Non-Fatal Injury,Pedestrian Collisions,Vehicle Owner,unknown, ,0, ,"Automobile, Station Wagon", , , , , , , , , ,1,0,1,0,0,1,0,0,0,1,0,0,0,0
1158874,2010,3,24,0,42,2,43.66464538,-79.35589029,Toronto-Danforth (30),30,North Riverdale (68),68,D55,Toronto East York,GERRARD ST E,DON VALLEY PARKWAY Stre S, ,Minor Arterial,Mid-Block, ,No Control,Clear,Dark,Dry,Non-Fatal Injury,Pedestrian Collisions,Driver,60 to 64,,0,West,Municipal Transit Bus (TTC),Going Ahead,Following too Close,Normal, , , , , , ,1,0,1,0,0,1,0,0,0,1,0,0,0,0
1308216,2012,7,8,0,42,6,43.79704538,-79.20439029,Scarborough-Rouge River (42),42,Malvern (132),132,D42,Scarborough,CINEMART DR,MILNER AVE, ,Minor Arterial,Mid-Block, ,No Control,Clear,"Dark, artificial",Dry,Non-Fatal Injury,Pedestrian Collisions,Driver,35 to 39,,0,North,"Automobile, Station Wagon",Going Ahead,Exceeding Speed Limit,Inattentive, , , , , , ,1,0,1,0,0,0,0,0,1,1,0,0,0,0
1308216,2012,7,8,0,42,6,43.79704538,-79.20439029,Scarborough-Rouge River (42),42,Malvern (132),132,D42,Scarborough,CINEMART DR,MILNER AVE, ,Minor Arterial,Mid-Block, ,No Control,Clear,"Dark, artificial",Dry,Non-Fatal Injury,Pedestrian Collisions,Pedestrian,25 to 29,Major,0,Unknown,Other, , , ,Pedestrian hit at mid-block,"Crossing, no Traffic Control", , , , ,1,0,1,0,0,0,0,0,1,1,0,0,0,0
5001405584,2015,8,16,0,42,6,43.75771292,-79.23526392,Scarborough Centre (38),38,Woburn (137),137,D43,Scarborough,BELLAMY RD N,LAWRENCE AVE E, ,Major Arterial,Intersection,Intersection Related,Traffic Signal,Clear,"Dark, artificial",Dry,Fatal,Angle,Driver,20 to 24,Major,0,South,"Automobile, Station Wagon",Going Ahead,Disobeyed Traffic Control,"Ability Impaired, Alcohol", , , , , , ,0,0,1,0,0,0,0,1,1,1,1,1,0,1
5001405584,2015,8,16,0,42,6,43.75771292,-79.23526392,Scarborough Centre (38),38,Woburn (137),137,D43,Scarborough,BELLAMY RD N,LAWRENCE AVE E, ,Major Arterial,Intersection,Intersection Related,Traffic Signal,Clear,"Dark, artificial",Dry,Fatal,Angle,Driver,50 to 54,Minor,0,East,"Automobile, Station Wagon",Going Ahead,Driving Properly,Normal, , , , , , ,0,0,1,0,0,0,0,1,1,1,1,1,0,1
5001405584,2015,8,16,0,42,6,43.75771292,-79.23526392,Scarborough Centre (38),38,Woburn (137),137,D43,Scarborough,BELLAMY RD N,LAWRENCE AVE E, ,Major Arterial,Intersection,Intersection Related,Traffic Signal,Clear,"Dark, artificial",Dry,Fatal,Angle,Driver,45 to 49,Minimal,0,East,"Automobile, Station Wagon",Going Ahead,Driving Properly,Normal, , , , , , ,0,0,1,0,0,0,0,1,1,1,1,1,0,1
5001405584,2015,8,16,0,42,6,43.75771292,-79.23526392,Scarborough Centre (38),38,Woburn (137),137,D43,Scarborough,BELLAMY RD N,LAWRENCE AVE E, ,Major Arterial,Intersection,Intersection Related,Traffic Signal,Clear,"Dark, artificial",Dry,Fatal,Angle,Passenger,25 to 29,Fatal,38, , , , , , , , , , , ,0,0,1,0,0,0,0,1,1,1,1,1,0,1
5001405584,2015,8,16,0,42,6,43.75771292,-79.23526392,Scarborough Centre (38),38,Woburn (137),137,D43,Scarborough,BELLAMY RD N,LAWRENCE AVE E, ,Major Arterial,Intersection,Intersection Related,Traffic Signal,Clear,"Dark, artificial",Dry,Fatal,Angle,Passenger,20 to 24,Minimal,0, , , , , , , , , , , ,0,0,1,0,0,0,0,1,1,1,1,1,0,1
1139232,2009,11,26,0,10,3,43.73044538,-79.60139029,Etobicoke North (1),1,West Humber-Clairville (1),1,D23,Etobicoke York,HIGHWAY 27  N,HUMBER COLLEGE Boul, ,Major Arterial,Intersection, ,Traffic Signal,Clear,Dark,Wet,Non-Fatal Injury,Pedestrian Collisions,Vehicle Owner,unknown, ,0, ,Other, , , , , , , , , ,1,0,1,0,0,0,0,1,0,0,0,0,0,0
1139232,2009,11,26,0,10,3,43.73044538,-79.60139029,Etobicoke North (1),1,West Humber-Clairville (1),1,D23,Etobicoke York,HIGHWAY 27  N,HUMBER COLLEGE Boul, ,Major Arterial,Intersection, ,Traffic Signal,Clear,Dark,Wet,Non-Fatal Injury,Pedestrian Collisions,Driver,25 to 29,,0,North,"Automobile, Station Wagon",Going Ahead,Driving Properly,Normal, , , , , , ,1,0,1,0,0,0,0,1,0,0,0,0,0,0