ACCNUM,YEAR,MONTH,DAY,HOUR,MINUTES,WEEKDAY,LATITUDE,LONGITUDE,Ward_Name,Ward_ID,Hood_Name,Hood_ID,Division,District,STREET1,STREET2,OFFSET,ROAD_CLASS,LOCCOORD,ACCLOC,TRAFFCTL,VISIBILITY,LIGHT,RDSFCOND,ACCLASS,IMPACTYPE,INVTYPE,INVAGE,INJURY,FATAL_NO,INITDIR,VEHTYPE,MANOEUVER,DRIVACT,DRIVCOND,PEDTYPE,PEDACT,PEDCOND,CYCLISTYPE,CYCACT,CYCCOND,PEDESTRIAN,CYCLIST,AUTOMOBILE,MOTORCYCLE,TRUCK,TRSN_CITY_VEH,EMERG_VEH,PASSENGER,SPEEDING,AG_DRIV,REDLIGHT,ALCOHOL,DISABILITY,label
1139232,2009,11,26,0,10,3,43.73044538,-79.60139029,Etobicoke North (1),1,West Humber-Clairville (1),1,D23,Etobicoke York,HIGHWAY 27  N,HUMBER COLLEGE Boul, ,Major Arterial,Intersection, ,Traffic Signal,Clear,Dark,Wet,Non-Fatal Injury,Pedestrian Collisions,Pedestrian,20 to 24,Major,0,East,Other,Other, , ,Vehicle is going straight thru inter.while ped cross without ROW,Crossing without right of way,Inattentive, , , ,1,0,1,0,0,0,0,1,0,0,0,0,0,0
1345604,2013,3,10,0,10,6,43.75574538,-79.52499029,York West (7),7,Glenfield-Jane Heights (25),25,D31,North York,FINCH AVE W,OAKDALE RD, ,Major Arterial,Mid-Block,At Intersection,No Control,Clear,"Dark, artificial",Dry,Non-Fatal Injury,Pedestrian Collisions,Driver,70 to 74,,0,East,"Automobile, Station Wagon",Going Ahead,Driving Properly,Normal, , , , , , ,1,0,1,0,0,0,0,0,0,0,0,0,0,0
1345604,2013,3,10,0,10,6,43.75574538,-79.52499029,York West (7),7,Glenfield-Jane Heights (25),25,D31,North York,FINCH AVE W,OAKDALE RD, ,Major Arterial,Mid-Block,At Intersection,No Control,Clear,"Dark, artificial",Dry,Non-Fatal Injury,Pedestrian Collisions,Pedestrian,30 to 34,Major,0,North,Other, , , ,Pedestrian hit at mid-block,"Crossing, no Traffic Control",Unknown, , , ,1,0,1,0,0,0,0,0,0,0,0,0,0,0
7000589620,2017,4,4,0,10,1,43.80511053,-79.22665034,Scarborough-Rouge River (42),42,Malvern (132),132,D42,Scarborough,MCLEVIN AVE,TAPSCOTT RD, ,Minor Arterial,Intersection,At Intersection,Traffic Signal,Rain,"Dark, artificial",Wet,Non-Fatal Injury,Pedestrian Collisions,Driver,40 to 44,,0,East,Pick Up Truck,Turning Left,Improper Turn,Inattentive, , , , , , ,1,0,1,0,0,0,0,0,0,0,0,0,0,0
7000589620,2017,4,4,0,10,1,43.80511053,-79.22665034,Scarborough-Rouge River (42),42,Malvern (132),132,D42,Scarborough,MCLEVIN AVE,TAPSCOTT RD, ,Minor Arterial,Intersection,At Intersection,Traffic Signal,Rain,"Dark, artificial",Wet,Non-Fatal Injury,Pedestrian Collisions,Pedestrian,15 to 19,Major,0,North, , , , ,Vehicle turns left while ped crosses with ROW at inter.,Crossing with right of way,Normal, , , ,1,0,1,0,0,0,0,0,0,0,0,0,0,0
1093202,2009,3,8,0,12,6,43.60164538,-79.54519029,Etobicoke-Lakeshore (6),6,Alderwood (20),20,D22,Etobicoke York,BROWNS LINE Line,HORNER AVE, ,Major Arterial,Intersection, ,Traffic Signal,Rain,Dark,Wet,Non-Fatal Injury,Rear End,Driver,50 to 54,Major,0,South,"Automobile, Station Wagon",Going Ahead,Following too Close,"Ability Impaired, Alcohol", , , , , , ,0,0,1,0,0,1,0,1,0,1,0,1,0,0
1093202,2009,3,8,0,12,6,43.60164538,-79.54519029,Etobicoke-Lakeshore (6),6,Alderwood (20),20,D22,Etobicoke York,BROWNS LINE Line,HORNER AVE, ,Major Arterial,Intersection, ,Traffic Signal,Rain,Dark,Wet,Non-Fatal Injury,Rear End,Vehicle Owner,unknown, ,0, ,Other, , , , , , , , , ,0,0,1,0,0,1,0,1,0,1,0,1,0,0
1093202,2009,3,8,0,12,6,43.60164538,-79.54519029,Etobicoke-Lakeshore (6),6,Alderwood (20),20,D22,Etobicoke York,BROWNS LINE Line,HORNER AVE, ,Major Arterial,Intersection, ,Traffic Signal,Rain,Dark,Wet,Non-Fatal Injury,Rear End,Passenger,unknown,Minimal,0, ,Other, , , , , , , , , ,0,0,1,0,0,1,0,1,0,1,0,1,0,0
1093202,2009,3,8,0,12,6,43.60164538,-79.54519029,Etobicoke-Lakeshore (6),6,Alderwood (20),20,D22,Etobicoke York,BROWNS LINE Line,HORNER AVE, ,Major Arterial,Intersection, ,Traffic Signal,Rain,Dark,Wet,Non-Fatal Injury,Rear End,Vehicle Owner,unknown, ,0, ,Other, , , , , , , , , ,0,0,1,0,0,1,0,1,0,1,0,1,0,0
1093202,2009,3,8,0,12,6,43.60164538,-79.54519029,Etobicoke-Lakeshore (6),6,Alderwood (20),20,D22,Etobicoke York,BROWNS LINE Line,HORNER AVE, ,Major Arterial,Intersection, ,Traffic Signal,Rain,Dark,Wet,Non-Fatal Injury,Rear End,Driver,35 to 39,,0,South,Municipal Transit Bus (TTC),Stopped,Driving Properly,Normal, , , , , , ,0,0,1,0,0,1,0,1,0,1,0,1,0,0
6000897819,2016,5,25,0,13,2,43.71719702,-79.59557734,Etobicoke North (2),2,West Humber-Clairville (1),1,D23,Etobicoke York,HIGHWAY 27  N,REXDALE BLVD,20 m South of,Major Arterial,Intersection,At Intersection,Traffic Signal,Clear,"Dark, artificial",Dry,Non-Fatal Injury,Rear End,Truck Driver,55 to 59,Major,0,North,Truck-Tractor,Going Ahead,Speed too Fast For Condition,Unknown, , , , , , ,0,0,1,0,1,0,0,0,1,1,0,0,0,0
6000897819,2016,5,25,0,13,2,43.71719702,-79.59557734,Etobicoke North (2),2,West Humber-Clairville (1),1,D23,Etobicoke York,HIGHWAY 27  N,REXDALE BLVD,20 m South of,Major Arterial,Intersection,At Intersection,Traffic Signal,Clear,"Dark, artificial",Dry,Non-Fatal Injury,Rear End,Truck Driver,40 to 44,Minor,0,North,Truck - Dump,Stopped,Driving Properly,Normal, , , , , , ,0,0,1,0,1,0,0,0,1,1,0,0,0,0
6000897819,2016,5,25,0,13,2,43.71719702,-79.59557734,Etobicoke North (2),2,West Humber-Clairville (1),1,D23,Etobicoke York,HIGHWAY 27  N,REXDALE BLVD,20 m South of,Major Arterial,Intersection,At Intersection,Traffic Signal,Clear,"Dark, artificial",Dry,Non-Fatal Injury,Rear End,Driver,50 to 54,,0,North,"Automobile, Station Wagon",Stopped,Driving Properly,Normal, , , , , , ,0,0,1,0,1,0,0,0,1,1,0,0,0,0
1195510,2010,9,12,0,14,6,43.65744538,-79.39979029,Trinity-Spadina (20),20,Kensington-Chinatown (78),78,D52,Toronto East York,SPADINA AVE,OXFORD ST, ,Major Arterial,Mid-Block, ,No Control,Rain,Dark,Wet,Non-Fatal Injury,Pedestrian Collisions,Vehicle Owner,unknown, ,0, ,Other, , , , , , , , , ,1,0,0,0,0,1,0,0,0,0,0,0,0,0
1195510,2010,9,12,0,14,6,43.65744538,-79.39979029,Trinity-Spadina (20),20,Kensington-Chinatown (78),78,D52,Toronto East York,SPADINA AVE,OXFORD ST, ,Major Arterial,Mid-Block, ,No Control,Rain,Dark,Wet,Non-Fatal Injury,Pedestrian Collisions,Driver,40 to 44,,0,North,Municipal Transit Bus (TTC),Going Ahead,Driving Properly,Normal, , , , , , ,1,0,0,0,0,1,0,0,0,0,0,0,0,0
1195510,2010,9,12,0,14,6,43.65744538,-79.39979029,Trinity-Spadina (20),20,Kensington-Chinatown (78),78,D52,Toronto East York,SPADINA AVE,OXFORD ST, ,Major Arterial,Mid-Block, ,No Control,Rain,Dark,Wet,Non-Fatal Injury,Pedestrian Collisions,Pedestrian,55 to 59,Major,0,East,Other, , , ,Pedestrian involved in a collision with transit vehicle anywhere along roadway,"Crossing, no Traffic Control",Inattentive, , , ,1,0,0,0,0,1,0,0,0,0,0,0,0,0
1269063,2011,10,7,0,14,4,43.71694538,-79.55599029,Etobicoke North (2),2,Rexdale-Kipling (4),4,D23,Etobicoke York,ISLINGTON AVE,BERGAMOT AVE, ,Major Arterial,Intersection,At Intersection,Traffic Signal,Clear,Dark,Dry,Non-Fatal Injury,Pedestrian Collisions,Driver,50 to 54,,0,West,"Automobile, Station Wagon",Turning Left,Failed to Yield Right of Way,Inattentive, , , , , , ,1,0,1,0,0,0,0,0,0,1,0,0,0,0
1269063,2011,10,7,0,14,4,43.71694538,-79.55599029,Etobicoke North (2),2,Rexdale-Kipling (4),4,D23,Etobicoke York,ISLINGTON AVE,BERGAMOT AVE, ,Major Arterial,Intersection,At Intersection,Traffic Signal,Clear,Dark,Dry,Non-Fatal Injury,Pedestrian Collisions,Pedestrian,20 to 24,Major,0,East,Other, , , ,Vehicle turns left while ped crosses with ROW at inter.,Crossing with right of way,Normal, , , ,1,0,1,0,0,0,0,0,0,1,0,0,0,0
7001909817,2017,10,22,0,14,6,43.76943138,-79.22906129,Scarborough Centre (38),38,Woburn (137),137,D43,Scarborough,MARKHAM RD,PANDORA CRCL,100 m North of,Major Arterial,Intersection,Intersection Related,Traffic Signal,Clear,"Dusk, artificial",Dry,Non-Fatal Injury,Pedestrian Collisions,Driver,35 to 39,,0,South,"Automobile, Station Wagon",Going Ahead,Driving Properly,Normal, , , , , , ,1,0,1,0,0,0,0,0,0,0,0,0,0,0
7001909817,2017,10,22,0,14,6,43.76943138,-79.22906129,Scarborough Centre (38),38,Woburn (137),137,D43,Scarborough,MARKHAM RD,PANDORA CRCL,100 m North of,Major Arterial,Intersection,Intersection Related,Traffic Signal,Clear,"Dusk, artificial",Dry,Non-Fatal Injury,Pedestrian Collisions,Pedestrian,35 to 39,Major,0, , , , , , , ,Had Been Drinking, , , ,1,0,1,0,0,0,0,0,0,0,0,0,0,0
969630,2007,4,28,0,15,5,43.68064538,-79.31109029,Beaches-East York (32),32,Woodbine Corridor (64),64,D55,Toronto East York,GERRARD ST E,GLENMORE RD, ,Minor Arterial,Mid-Block,At Intersection,No Control,Rain,Dark,Wet,Non-Fatal Injury,Pedestrian Collisions,Driver,50 to 54,,0,East,"Automobile, Station Wagon",Going Ahead,Driving Properly,Normal, , , , , , ,1,0,1,0,0,0,0,0,0,0,0,0,0,0
969630,2007,4,28,0,15,5,43.68064538,-79.31109029,Beaches-East York (32),32,Woodbine Corridor (64),64,D55,Toronto East York,GERRARD ST E,GLENMORE RD, ,Minor Arterial,Mid-Block,At Intersection,No Control,Rain,Dark,Wet,Non-Fatal Injury,Pedestrian Collisions,Pedestrian,50 to 54,Minor,0,South,Other, , , ,Pedestrian hit at mid-block,Running onto Roadway,"Ability Impaired, Alcohol", , , ,1,0,1,0,0,0,0,0,0,0,0,0,0,0
969630,2007,4,28,0,15,5,43.68064538,-79.31109029,Beaches-East York (32),32,Woodbine Corridor (64),64,D55,Toronto East York,GERRARD ST E,GLENMORE RD, ,Minor Arterial,Mid-Block,At Intersection,No Control,Rain,Dark,Wet,Non-Fatal Injury,Pedestrian Collisions,Pedestrian,60 to 64,Major,0,South,Other, , , ,Pedestrian hit at mid-block,Running onto Roadway,"Ability Impaired, Alcohol", , , ,1,0,1,0,0,0,0,0,0,0,0,0,0,0
1105663,2009,3,8,0,15,6,43.65434538,-79.39149029,Trinity-Spadina (20),20,Kensington-Chinatown (78),78,D52,Toronto East York,DUNDAS ST W,MC CAUL ST, ,Major Arterial,Intersection,At Intersection,Traffic Signal,Clear,Dark,Wet,Non-Fatal Injury,Rear End,Passenger,20 to 24,Minimal,0, ,Other, , , , , , , , , ,0,0,1,0,0,0,0,1,0,1,0,0,0,0
1105663,2009,3,8,0,15,6,43.65434538,-79.39149029,Trinity-Spadina (20),20,Kensington-Chinatown (78),78,D52,Toronto East York,DUNDAS ST W,MC CAUL ST, ,Major Arterial,Intersection,At Intersection,Traffic Signal,Clear,Dark,Wet,Non-Fatal Injury,Rear End,Driver,20 to 24,Minimal,0,West,"Automobile, Station Wagon",Stopped,Driving Properly,Normal, , , , , , ,0,0,1,0,0,0,0,1,0,1,0,0,0,0
1105663,2009,3,8,0,15,6,43.65434538,-79.39149029,Trinity-Spadina (20),20,Kensington-Chinatown (78),78,D52,Toronto East York,DUNDAS ST W,MC CAUL ST, ,Major Arterial,Intersection,At Intersection,Traffic Signal,Clear,Dark,Wet,Non-Fatal Injury,Rear End,Vehicle Owner,unknown, ,0, ,Other, , , , , , , , , ,0,0,1,0,0,0,0,1,0,1,0,0,0,0
1105663,2009,3,8,0,15,6,43.65434538,-79.39149029,Trinity-Spadina (20),20,Kensington-Chinatown (78),78,D52,Toronto East York,DUNDAS ST W,MC CAUL ST, ,Major Arterial,Intersection,At Intersection,Traffic Signal,Clear,Dark,Wet,Non-Fatal Injury,Rear End,Driver,55 to 59,Major,0,West,"Automobile, Station Wagon",Slowing or Stopping,Following too Close,Inattentive, , , , , , ,0,0,1,0,0,0,0,1,0,1,0,0,0,0
1204248,2010,11,7,0,15,6,43.65654715,-79.40288935,Trinity-Spadina (20),20,Kensington-Chinatown (78),78,D14,Toronto East York,AUGUSTA AVE,COLLEGE ST, ,Collector,Mid-Block, ,No Control,Clear,Dark,Dry,Non-Fatal Injury,Pedestrian Collisions,Vehicle Owner,unknown, ,0, , , , , , , , , , , ,1,0,1,0,0,0,0,0,1,1,0,0,0,0
1204248,2010,11,7,0,15,6,43.65654715,-79.40288935,Trinity-Spadina (20),20,Kensington-Chinatown (78),78,D14,Toronto East York,AUGUSTA AVE,COLLEGE ST, ,Collector,Mid-Block, ,No Control,Clear,Dark,Dry,Non-Fatal Injury,Pedestrian Collisions,Driver,15 to 19,,0,South,"Automobile, Station Wagon",Going Ahead,Wrong Way on One Way Road,Unknown, , , , , , ,1,0,1,0,0,0,0,0,1,1,0,0,0,0
1204248,2010,11,7,0,15,6,43.65654715,-79.40288935,Trinity-Spadina (20),20,Kensington-Chinatown (78),78,D14,Toronto East York,AUGUSTA AVE,COLLEGE ST, ,Collector,Mid-Block, ,No Control,Clear,Dark,Dry,Non-Fatal Injury,Pedestrian Collisions,Pedestrian,45 to 49,Major,0,East,Other, , , ,Pedestrian hit at mid-block,"Crossing, no Traffic Control",Had Been Drinking, , , ,1,0,1,0,0,0,0,0,1,1,0,0,0,0
1294734,2012,3,28,0,15,2,43.64474538,-79.38499029,Trinity-Spadina (20),20,Waterfront Communities-The Island (77),77,D52,Toronto East York,FRONT Stre W,SIMCOE Stre, ,Minor Arterial,Intersection,At Intersection,Traffic Signal,Clear,"Dark, artificial",Dry,Non-Fatal Injury,Pedestrian Collisions,Driver,20 to 24,Minor,0,West,"Automobile, Station Wagon",Turning Left,Failed to Yield Right of Way,Inattentive, , , , , , ,1,0,1,0,0,0,0,0,0,1,0,0,0,0
1294734,2012,3,28,0,15,2,43.64474538,-79.38499029,Trinity-Spadina (20),20,Waterfront Communities-The Island (77),77,D52,Toronto East York,FRONT Stre W,SIMCOE Stre, ,Minor Arterial,Intersection,At Intersection,Traffic Signal,Clear,"Dark, artificial",Dry,Non-Fatal Injury,Pedestrian Collisions,Vehicle Owner,unknown, ,0, ,Other, , , , , , , , , ,1,0,1,0,0,0,0,0,0,1,0,0,0,0
1294734,2012,3,28,0,15,2,43.64474538,-79.38499029,Trinity-Spadina (20),20,Waterfront Communities-The Island (77),77,D52,Toronto East York,FRONT Stre W,SIMCOE Stre, ,Minor Arterial,Intersection,At Intersection,Traffic Signal,Clear,"Dark, artificial",Dry,Non-Fatal Injury,Pedestrian Collisions,Driver,45 to 49,,0,East,"Automobile, Station Wagon",Going Ahead,Driving Properly,Normal, , , , , , ,1,0,1,0,0,0,0,0,0,1,0,0,0,0
1294734,2012,3,28,0,15,2,43.64474538,-79.38499029,Trinity-Spadina (20),20,Waterfront Communities-The Island (77),77,D52,Toronto East York,FRONT Stre W,SIMCOE Stre, ,Minor Arterial,Intersection,At Intersection,Traffic Signal,Clear,"Dark, artificial",Dry,Non-Fatal Injury,Pedestrian Collisions,Pedestrian,20 to 24,Major,0, ,Other, , , ,Pedestrian hit on sidewalk or shoulder,On Sidewalk or Shoulder,Normal, , , ,1,0,1,0,0,0,0,0,0,1,0,0,0,0
5001740465,2015,10,9,0,15,4,43.74110373,-79.3192483,Don Valley East (34),34,Victoria Village (43),43,D33,North York,1244 LAWRENCE, , ,Major Arterial,Intersection,At Intersection,Traffic Signal,Rain,"Dark, artificial",Wet,Non-Fatal Injury,Pedestrian Collisions,Driver,20 to 24,Minimal,0,South,"Automobile, Station Wagon",Turning Right,Failed to Yield Right of Way,Inattentive, , , , , , ,1,0,1,0,0,0,0,1,1,1,0,0,0,0
5001740465,2015,10,9,0,15,4,43.74110373,-79.3192483,Don Valley East (34),34,Victoria Village (43),43,D33,North York,1244 LAWRENCE, , ,Major Arterial,Intersection,At Intersection,Traffic Signal,Rain,"Dark, artificial",Wet,Non-Fatal Injury,Pedestrian Collisions,Driver,40 to 44,,0,West,"Automobile, Station Wagon",Going Ahead,Exceeding Speed Limit,Unknown, , , , , , ,1,0,1,0,0,0,0,1,1,1,0,0,0,0
5001740465,2015,10,9,0,15,4,43.74110373,-79.3192483,Don Valley East (34),34,Victoria Village (43),43,D33,North York,1244 LAWRENCE, , ,Major Arterial,Intersection,At Intersection,Traffic Signal,Rain,"Dark, artificial",Wet,Non-Fatal Injury,Pedestrian Collisions,Other,15 to 19,,0,Unknown, ,Unknown, , , , , , , , ,1,0,1,0,0,0,0,1,1,1,0,0,0,0
5001740465,2015,10,9,0,15,4,43.74110373,-79.3192483,Don Valley East (34),34,Victoria Village (43),43,D33,North York,1244 LAWRENCE, , ,Major Arterial,Intersection,At Intersection,Traffic Signal,Rain,"Dark, artificial",Wet,Non-Fatal Injury,Pedestrian Collisions,Passenger,20 to 24,Minimal,0, , , , , , , , , , , ,1,0,1,0,0,0,0,1,1,1,0,0,0,0
5001740465,2015,10,9,0,15,4,43.74110373,-79.3192483,Don Valley East (34),34,Victoria Village (43),43,D33,North York,1244 LAWRENCE, , ,Major Arterial,Intersection,At Intersection,Traffic Signal,Rain,"Dark, artificial",Wet,Non-Fatal Injury,Pedestrian Collisions,Passenger,15 to 19,Minor,0, , , , , , , , , , , ,1,0,1,0,0,0,0,1,1,1,0,0,0,0
5001740465,2015,10,9,0,15,4,43.74110373,-79.3192483,Don Valley East (34),34,Victoria Village (43),43,D33,North York,1244 LAWRENCE, , ,Major Arterial,Intersection,At Intersection,Traffic Signal,Rain,"Dark, artificial",Wet,Non-Fatal Injury,Pedestrian Collisions,Passenger,15 to 19,Minimal,0, , , , , , , , , , , ,1,0,1,0,0,0,0,1,1,1,0,0,0,0
5001740465,2015,10,9,0,15,4,43.74110373,-79.3192483,Don Valley East (34),34,Victoria Village (43),43,D33,North York,1244 LAWRENCE, , ,Major Arterial,Intersection,At Intersection,Traffic Signal,Rain,"Dark, artificial",Wet,Non-Fatal Injury,Pedestrian Collisions,Pedestrian,50 to 54,Major,0, , , , , ,Pedestrian hit on sidewalk or shoulder,On Sidewalk or Shoulder,Unknown, , , ,1,0,1,0,0,0,0,1,1,1,0,0,0,0
6000781338,2016,5,7,0,15,5,43.75820883,-79.42572413,Willowdale (23),23,Lansing-Westgate (38),38,D32,North York,SHEPPARD AVE W,EASTON RD,14 m East of,Major Arterial,Intersection,Intersection Related,No Control,Clear,"Dark, artificial",Dry,Non-Fatal Injury,Pedestrian Collisions,Driver,25 to 29,,0,West,"Automobile, Station Wagon",Going Ahead,Driving Properly,Normal, , , , , , ,1,0,1,0,0,0,0,0,1,1,0,0,0,0
6000781338,2016,5,7,0,15,5,43.75820883,-79.42572413,Willowdale (23),23,Lansing-Westgate (38),38,D32,North York,SHEPPARD AVE W,EASTON RD,14 m East of,Major Arterial,Intersection,Intersection Related,No Control,Clear,"Dark, artificial",Dry,Non-Fatal Injury,Pedestrian Collisions,Pedestrian,20 to 24,Major,0,South, , , , ,Pedestrian hit at mid-block,"Crossing, no Traffic Control",Inattentive, , , ,1,0,1,0,0,0,0,0,1,1,0,0,0,0
7000557720,2017,3,30,0,15,3,43.76184838,-79.21580129,Scarborough East (43),43,Woburn (137),137,D43,Scarborough,SCARBOROUGH GOLF CLUB RD,LAWRENCE AV E, ,Major Arterial,Intersection,At Intersection,Traffic Signal,Clear,"Dark, artificial",Dry,Non-Fatal Injury,Angle,Driver,15 to 19,Major,0,North,"Automobile, Station Wagon",Going Ahead,Disobeyed Traffic Control,Unknown, , , , , , ,0,0,1,0,0,0,0,1,1,1,1,0,0,0
7000557720,2017,3,30,0,15,3,43.76184838,-79.21580129,Scarborough East (43),43,Woburn (137),137,D43,Scarborough,SCARBOROUGH GOLF CLUB RD,LAWRENCE AV E, ,Major Arterial,Intersection,At Intersection,Traffic Signal,Clear,"Dark, artificial",Dry,Non-Fatal Injury,Angle,Driver,55 to 59,Minor,0,East,"Automobile, Station Wagon",Going Ahead,Driving Properly,Normal, , , , , , ,0,0,1,0,0,0,0,1,1,1,1,0,0,0
7000557720,2017,3,30,0,15,3,43.76184838,-79.21580129,Scarborough East (43),43,Woburn (137),137,D43,Scarborough,SCARBOROUGH GOLF CLUB RD,LAWRENCE AV E, ,Major Arterial,Intersection,At Intersection,Traffic Signal,Clear,"Dark, artificial",Dry,Non-Fatal Injury,Angle,Passenger,70 to 74,,0, , , , , , , , , , , ,0,0,1,0,0,0,0,1,1,1,1,0,0,0
1386339,2013,9,11,0,16,2,43.85519751,-79.17134486,Scarborough-Rouge River (42),42,Rouge (131),131,D42,Scarborough,STEELES AVE E,PICKERING TOWN LINE, ,Minor Arterial,Mid-Block, ,No Control,Clear,Dark,Dry,Non-Fatal Injury,Sideswipe,Motorcycle Driver,25 to 29,Major,0,West,Motorcycle,Changing Lanes,Lost control,Normal, , , , , , ,0,0,0,1,0,0,0,0,0,0,0,0,0,0
1386339,2013,9,11,0,16,2,43.85519751,-79.17134486,Scarborough-Rouge River (42),42,Rouge (131),131,D42,Scarborough,STEELES AVE E,PICKERING TOWN LINE, ,Minor Arterial,Mid-Block, ,No Control,Clear,Dark,Dry,Non-Fatal Injury,Sideswipe,Motorcycle Driver,20 to 24,Minor,0,West,Motorcycle,Going Ahead,Driving Properly,Normal, , , , , , ,0,0,0,1,0,0,0,0,0,0,0,0,0,0
1094875,2009,1,26,0,17,0,43.65494538,-79.33739029,Toronto-Danforth (30),30,South Riverdale (70),70,D55,Toronto East York,LAKE SHORE Boul E,CARLAW Aven, ,Expressway,Intersection,At Intersection,Traffic Signal,Clear,Dark,Dry,Non-Fatal Injury,Turning Movement,Driver,55 to 59,Major,0,West,"Automobile, Station Wagon",Going Ahead,Driving Properly,Normal, , , , , , ,0,0,1,0,0,0,0,0,0,1,0,0,0,0
1094875,2009,1,26,0,17,0,43.65494538,-79.33739029,Toronto-Danforth (30),30,South Riverdale (70),70,D55,Toronto East York,LAKE SHORE Boul E,CARLAW Aven, ,Expressway,Intersection,At Intersection,Traffic Signal,Clear,Dark,Dry,Non-Fatal Injury,Turning Movement,Driver,20 to 24,Minimal,0,East,"Automobile, Station Wagon",Turning Left,Failed to Yield Right of Way,Inattentive, , , , , , ,0,0,1,0,0,0,0,0,0,1,0,0,0,0
1233231,2011,5,16,0,17,0,43.63544538,-79.44079029,Parkdale-High Park (14),14,South Parkdale (85),85,D14,Toronto East York,F G GARDINER Expr E,DOWLING Ave, ,Expressway,Mid-Block, ,No Control,Rain,"Dark, artificial",Wet,Non-Fatal Injury,SMV Other,Passenger,20 to 24,Minor,0, ,Other, , , , , , , , , ,0,0,1,0,0,0,0,1,1,1,0,0,0,0
1233231,2011,5,16,0,17,0,43.63544538,-79.44079029,Parkdale-High Park (14),14,South Parkdale (85),85,D14,Toronto East York,F G GARDINER Expr E,DOWLING Ave, ,Expressway,Mid-Block, ,No Control,Rain,"Dark, artificial",Wet,Non-Fatal Injury,SMV Other,Driver,30 to 34,Major,0,East,"Automobile, Station Wagon",Going Ahead,Speed too Fast For Condition,Normal, , , , , , ,0,0,1,0,0,0,0,1,1,1,0,0,0,0
1233231,2011,5,16,0,17,0,43.63544538,-79.44079029,Parkdale-High Park (14),14,South Parkdale (85),85,D14,Toronto East York,F G GARDINER Expr E,DOWLING Ave, ,Expressway,Mid-Block, ,No Control,Rain,"Dark, artificial",Wet,Non-Fatal Injury,SMV Other,Vehicle Owner,unknown, ,0, ,Other, , , , , , , , , ,0,0,1,0,0,0,0,1,1,1,0,0,0,0
1370737,2013,6,15,0,17,5,43.66674538,-79.44649029,Davenport (18),18,Dovercourt-Wallace Emerson-Junction (93),93,D11,Toronto East York,DUPONT ST,LANSDOWNE AVE, ,Major Arterial,Intersection, ,Traffic Signal,Clear,"Dark, artificial",Dry,Non-Fatal Injury,Rear End,Motorcycle Driver,35 to 39,Major,0,East,Motorcycle,Stopped,Driving Properly,Normal, , , , , , ,0,0,1,1,0,0,0,0,0,1,0,1,0,0
1370737,2013,6,15,0,17,5,43.66674538,-79.44649029,Davenport (18),18,Dovercourt-Wallace Emerson-Junction (93),93,D11,Toronto East York,DUPONT ST,LANSDOWNE AVE, ,Major Arterial,Intersection, ,Traffic Signal,Clear,"Dark, artificial",Dry,Non-Fatal Injury,Rear End,Driver,20 to 24,Minimal,0,East,"Automobile, Station Wagon",Going Ahead,Improper Passing,"Ability Impaired, Alcohol", , , , , , ,0,0,1,1,0,0,0,0,0,1,0,1,0,0
990803,2007,9,18,0,18,1,43.71594538,-79.29899029,Beaches-East York (31),31,O'Connor-Parkview (54),54,D54,Scarborough,VICTORIA PARK AVE,HOLLAND AVE, ,Major Arterial,Intersection,At Intersection,No Control,Clear,Dark,Dry,Fatal,Approaching,Driver,30 to 34,Major,0,North,"Automobile, Station Wagon",Going Ahead,Driving Properly,Normal, , , , , , ,0,0,1,0,0,0,0,0,1,1,0,0,0,1
990803,2007,9,18,0,18,1,43.71594538,-79.29899029,Beaches-East York (31),31,O'Connor-Parkview (54),54,D54,Scarborough,VICTORIA PARK AVE,HOLLAND AVE, ,Major Arterial,Intersection,At Intersection,No Control,Clear,Dark,Dry,Fatal,Approaching,Driver,15 to 19,Fatal,0,South,"Automobile, Station Wagon",Going Ahead,Lost control,Unknown, , , , , , ,0,0,1,0,0,0,0,0,1,1,0,0,0,1
1153473,2010,2,18,0,18,3,43.70464538,-79.28869029,Scarborough Southwest (35),35,Clairlea-Birchmount (120),120,D41,Scarborough,PHARMACY AVE,ST BEDES RD, ,Minor Arterial,Intersection,At Intersection,No Control,Clear,Dark,Wet,Fatal,SMV Other,Vehicle Owner,unknown, ,0, ,Other, , , , , , , , , ,0,0,1,0,0,0,0,1,1,1,0,0,0,1
1153473,2010,2,18,0,18,3,43.70464538,-79.28869029,Scarborough Southwest (35),35,Clairlea-Birchmount (120),120,D41,Scarborough,PHARMACY AVE,ST BEDES RD, ,Minor Arterial,Intersection,At Intersection,No Control,Clear,Dark,Wet,Fatal,SMV Other,Passenger,15 to 19,Fatal,11, ,Other, , , , , , , , , ,0,0,1,0,0,0,0,1,1,1,0,0,0,1
1153473,2010,2,18,0,18,3,43.70464538,-79.28869029,Scarborough Southwest (35),35,Clairlea-Birchmount (120),120,D41,Scarborough,PHARMACY AVE,ST BEDES RD, ,Minor Arterial,Intersection,At Intersection,No Control,Clear,Dark,Wet,Fatal,SMV Other,Passenger,15 to 19,Major,0, ,Other, , , , , , , , , ,0,0,1,0,0,0,0,1,1,1,0,0,0,1
1153473,2010,2,18,0,18,3,43.70464538,-79.28869029,Scarborough Southwest (35),35,Clairlea-Birchmount (120),120,D41,Scarborough,PHARMACY AVE,ST BEDES RD, ,Minor Arterial,Intersection,At Intersection,No Control,Clear,Dark,Wet,Fatal,SMV Other,Passenger,15 to 19,Major,0, ,Other, , , , , , , , , ,0,0,1,0,0,0,0,1,1,1,0,0,0,1