ACCNUM,YEAR,MONTH,DAY,HOUR,MINUTES,WEEKDAY,LATITUDE,LONGITUDE,Ward_Name,Ward_ID,Hood_Name,Hood_ID,Division,District,STREET1,STREET2,OFFSET,ROAD_CLASS,LOCCOORD,ACCLOC,TRAFFCTL,VISIBILITY,LIGHT,RDSFCOND,ACCLASS,IMPACTYPE,INVTYPE,INVAGE,INJURY,FATAL_NO,INITDIR,VEHTYPE,MANOEUVER,DRIVACT,DRIVCOND,PEDTYPE,PEDACT,PEDCOND,CYCLISTYPE,CYCACT,CYCCOND,PEDESTRIAN,CYCLIST,AUTOMOBILE,MOTORCYCLE,TRUCK,TRSN_CITY_VEH,EMERG_VEH,PASSENGER,SPEEDING,AG_DRIV,REDLIGHT,ALCOHOL,DISABILITY,label
1153473,2010,2,18,0,18,3,43.70464538,-79.28869029,Scarborough Southwest (35),35,Clairlea-Birchmount (120),120,D41,Scarborough,PHARMACY AVE,ST BEDES RD, ,Minor Arterial,Intersection,At Intersection,No Control,Clear,Dark,Wet,Fatal,SMV Other,Driver,15 to 19,,0,South,"Automobile, Station Wagon",Going Ahead,Exceeding Speed Limit,Unknown, , , , , , ,0,0,1,0,0,0,0,1,1,1,0,0,0,1
1153473,2010,2,18,0,18,3,43.70464538,-79.28869029,Scarborough Southwest (35),35,Clairlea-Birchmount (120),120,D41,Scarborough,PHARMACY AVE,ST BEDES RD, ,Minor Arterial,Intersection,At Intersection,No Control,Clear,Dark,Wet,Fatal,SMV Other,Other Property Owner,unknown, ,0, ,Other, , , , , , , , , ,0,0,1,0,0,0,0,1,1,1,0,0,0,1
972580,2007,5,17,0,19,3,43.79794538,-79.42009029,Willowdale (23),23,Newtonbrook West (36),36,D32,North York,YONGE ST,STEELES AVE E, ,Major Arterial,Intersection,At Intersection,Traffic Signal,Rain,Dark,Wet,Non-Fatal Injury,Rear End,Driver,15 to 19,,0,North,"Automobile, Station Wagon",Going Ahead,Following too Close,Inattentive, , , , , , ,0,0,1,0,0,0,0,1,0,1,0,0,0,0
972580,2007,5,17,0,19,3,43.79794538,-79.42009029,Willowdale (23),23,Newtonbrook West (36),36,D32,North York,YONGE ST,STEELES AVE E, ,Major Arterial,Intersection,At Intersection,Traffic Signal,Rain,Dark,Wet,Non-Fatal Injury,Rear End,Passenger,40 to 44,Major,0, ,Other, , , , , , , , , ,0,0,1,0,0,0,0,1,0,1,0,0,0,0
6000501397,2016,3,24,0,42,3,43.79891165,-79.14622126,Scarborough East (44),44,Centennial Scarborough (133),133,D42,Scarborough,KINGSTON RD,SHEPPARD AVE E, ,Major Arterial,Intersection,At Intersection,Traffic Signal,Freezing Rain,"Dark, artificial",Slush,Non-Fatal Injury,Angle,Driver,50 to 54,Major,0,South,"Automobile, Station Wagon",Going Ahead,Driving Properly,Normal, , , , , , ,0,0,1,0,0,0,0,0,1,1,1,1,0,0
972580,2007,5,17,0,19,3,43.79794538,-79.42009029,Willowdale (23),23,Newtonbrook West (36),36,D32,North York,YONGE ST,STEELES AVE E, ,Major Arterial,Intersection,At Intersection,Traffic Signal,Rain,Dark,Wet,Non-Fatal Injury,Rear End,Driver,25 to 29,Minimal,0,North,"Automobile, Station Wagon",Stopped,Driving Properly,Normal, , , , , , ,0,0,1,0,0,0,0,1,0,1,0,0,0,0
972580,2007,5,17,0,19,3,43.79794538,-79.42009029,Willowdale (23),23,Newtonbrook West (36),36,D32,North York,YONGE ST,STEELES AVE E, ,Major Arterial,Intersection,At Intersection,Traffic Signal,Rain,Dark,Wet,Non-Fatal Injury,Rear End,Driver,25 to 29,,0,North,"Automobile, Station Wagon",Stopped,Following too Close,Normal, , , , , , ,0,0,1,0,0,0,0,1,0,1,0,0,0,0
1189019,2010,9,14,0,20,1,43.60084538,-79.50469029,Etobicoke-Lakeshore (6),6,New Toronto (18),18,D22,Etobicoke York,LAKE SHORE Boul W,ISLINGTON Aven, ,Major Arterial,Mid-Block, ,No Control,Clear,Dark,Dry,Non-Fatal Injury,SMV Unattended Vehicle,Passenger,25 to 29,Minor,0, ,Other, , , , , , , , , ,0,0,1,0,0,0,0,1,0,0,0,0,1,0
1189019,2010,9,14,0,20,1,43.60084538,-79.50469029,Etobicoke-Lakeshore (6),6,New Toronto (18),18,D22,Etobicoke York,LAKE SHORE Boul W,ISLINGTON Aven, ,Major Arterial,Mid-Block, ,No Control,Clear,Dark,Dry,Non-Fatal Injury,SMV Unattended Vehicle,Driver,60 to 64,Major,0,West,"Automobile, Station Wagon",Going Ahead,Lost control,Medical or Physical Disability, , , , , , ,0,0,1,0,0,0,0,1,0,0,0,0,1,0
1189019,2010,9,14,0,20,1,43.60084538,-79.50469029,Etobicoke-Lakeshore (6),6,New Toronto (18),18,D22,Etobicoke York,LAKE SHORE Boul W,ISLINGTON Aven, ,Major Arterial,Mid-Block, ,No Control,Clear,Dark,Dry,Non-Fatal Injury,SMV Unattended Vehicle,Vehicle Owner,unknown, ,0, ,Other, , , , , , , , , ,0,0,1,0,0,0,0,1,0,0,0,0,1,0
1189019,2010,9,14,0,20,1,43.60084538,-79.50469029,Etobicoke-Lakeshore (6),6,New Toronto (18),18,D22,Etobicoke York,LAKE SHORE Boul W,ISLINGTON Aven, ,Major Arterial,Mid-Block, ,No Control,Clear,Dark,Dry,Non-Fatal Injury,SMV Unattended Vehicle,Vehicle Owner,unknown, ,0, ,Other, , , , , , , , , ,0,0,1,0,0,0,0,1,0,0,0,0,1,0
3000108221,2013,12,2,0,20,0,43.69454153,-79.48606501,York South-Weston (12),12,Beechborough-Greenbrook (112),112,D12,Etobicoke York,BLACK CREEK DR,TRETHEWEY DR, ,Major Arterial,Intersection,At Intersection,Traffic Signal,Clear,"Dark, artificial",Dry,Non-Fatal Injury,Pedestrian Collisions,Driver,40 to 44,,0,West,"Automobile, Station Wagon",Turning Right,Failed to Yield Right of Way,Inattentive, , , , , , ,1,0,1,0,0,0,0,1,0,1,0,0,0,0
3000108221,2013,12,2,0,20,0,43.69454153,-79.48606501,York South-Weston (12),12,Beechborough-Greenbrook (112),112,D12,Etobicoke York,BLACK CREEK DR,TRETHEWEY DR, ,Major Arterial,Intersection,At Intersection,Traffic Signal,Clear,"Dark, artificial",Dry,Non-Fatal Injury,Pedestrian Collisions,Passenger,35 to 39,,0, , , , , , , , , , , ,1,0,1,0,0,0,0,1,0,1,0,0,0,0
3000108221,2013,12,2,0,20,0,43.69454153,-79.48606501,York South-Weston (12),12,Beechborough-Greenbrook (112),112,D12,Etobicoke York,BLACK CREEK DR,TRETHEWEY DR, ,Major Arterial,Intersection,At Intersection,Traffic Signal,Clear,"Dark, artificial",Dry,Non-Fatal Injury,Pedestrian Collisions,Pedestrian,10 to 14,Major,0,East, , , , ,Vehicle turns right while ped crosses with ROW at inter.,Crossing with right of way,Normal, , , ,1,0,1,0,0,0,0,1,0,1,0,0,0,0
6001066822,2016,6,19,0,20,6,43.76118429,-79.30074702,Scarborough Centre (37),37,Wexford/Maryvale (119),119,D41,Scarborough,ELLESMERE RD,WARDEN AVE, ,Major Arterial,Intersection,Intersection Related,Traffic Signal,Clear,"Dark, artificial",Dry,Non-Fatal Injury,Angle,Driver,20 to 24,Minor,0,West,"Automobile, Station Wagon",Going Ahead,Disobeyed Traffic Control,Normal, , , , , , ,0,0,1,0,0,0,0,1,0,1,1,0,0,0
6001066822,2016,6,19,0,20,6,43.76118429,-79.30074702,Scarborough Centre (37),37,Wexford/Maryvale (119),119,D41,Scarborough,ELLESMERE RD,WARDEN AVE, ,Major Arterial,Intersection,Intersection Related,Traffic Signal,Clear,"Dark, artificial",Dry,Non-Fatal Injury,Angle,Driver,75 to 79,Minor,0,North,"Automobile, Station Wagon",Going Ahead,Driving Properly,Inattentive, , , , , , ,0,0,1,0,0,0,0,1,0,1,1,0,0,0
6001066822,2016,6,19,0,20,6,43.76118429,-79.30074702,Scarborough Centre (37),37,Wexford/Maryvale (119),119,D41,Scarborough,ELLESMERE RD,WARDEN AVE, ,Major Arterial,Intersection,Intersection Related,Traffic Signal,Clear,"Dark, artificial",Dry,Non-Fatal Injury,Angle,Driver,30 to 34,,0,South,"Automobile, Station Wagon",Stopped,Driving Properly,Normal, , , , , , ,0,0,1,0,0,0,0,1,0,1,1,0,0,0
6001066822,2016,6,19,0,20,6,43.76118429,-79.30074702,Scarborough Centre (37),37,Wexford/Maryvale (119),119,D41,Scarborough,ELLESMERE RD,WARDEN AVE, ,Major Arterial,Intersection,Intersection Related,Traffic Signal,Clear,"Dark, artificial",Dry,Non-Fatal Injury,Angle,Passenger,75 to 79,Minor,0, , , , , , , , , , , ,0,0,1,0,0,0,0,1,0,1,1,0,0,0
6001066822,2016,6,19,0,20,6,43.76118429,-79.30074702,Scarborough Centre (37),37,Wexford/Maryvale (119),119,D41,Scarborough,ELLESMERE RD,WARDEN AVE, ,Major Arterial,Intersection,Intersection Related,Traffic Signal,Clear,"Dark, artificial",Dry,Non-Fatal Injury,Angle,Passenger,65 to 69,Minor,0, , , , , , , , , , , ,0,0,1,0,0,0,0,1,0,1,1,0,0,0
6001066822,2016,6,19,0,20,6,43.76118429,-79.30074702,Scarborough Centre (37),37,Wexford/Maryvale (119),119,D41,Scarborough,ELLESMERE RD,WARDEN AVE, ,Major Arterial,Intersection,Intersection Related,Traffic Signal,Clear,"Dark, artificial",Dry,Non-Fatal Injury,Angle,Passenger,65 to 69,Major,0, , , , , , , , , , , ,0,0,1,0,0,0,0,1,0,1,1,0,0,0
6001066822,2016,6,19,0,20,6,43.76118429,-79.30074702,Scarborough Centre (37),37,Wexford/Maryvale (119),119,D41,Scarborough,ELLESMERE RD,WARDEN AVE, ,Major Arterial,Intersection,Intersection Related,Traffic Signal,Clear,"Dark, artificial",Dry,Non-Fatal Injury,Angle,Passenger,25 to 29,,0, , , , , , , , , , , ,0,0,1,0,0,0,0,1,0,1,1,0,0,0
1163934,2010,4,22,0,21,3,43.76524538,-79.48289029,York West (8),8,York University Heights (27),27,D31,North York,1181 FINCH AVE W, , ,Major Arterial,Mid-Block,At Intersection,Traffic Signal,Clear,Dark,Dry,Non-Fatal Injury,SMV Other,Passenger,25 to 29,Major,0, ,Other, , , , , , , , , ,0,0,1,0,0,0,0,1,1,1,0,1,0,0
1163934,2010,4,22,0,21,3,43.76524538,-79.48289029,York West (8),8,York University Heights (27),27,D31,North York,1181 FINCH AVE W, , ,Major Arterial,Mid-Block,At Intersection,Traffic Signal,Clear,Dark,Dry,Non-Fatal Injury,SMV Other,Driver,25 to 29,Major,0,East,"Automobile, Station Wagon",Going Ahead,Exceeding Speed Limit,"Ability Impaired, Alcohol", , , , , , ,0,0,1,0,0,0,0,1,1,1,0,1,0,0
7001069873,2017,6,16,0,21,4,43.65488775,-79.33739863,Toronto-Danforth (30),30,South Riverdale (70),70,D55,Toronto East York,LAKE SHORE BLVD E,CARLAW AVE, ,Major Arterial,Intersection,At Intersection,Traffic Signal,Clear,"Dark, artificial",Dry,Non-Fatal Injury,Turning Movement,Driver,35 to 39,,0,East,"Automobile, Station Wagon",Turning Left,Improper Turn,Normal, , , , , , ,0,0,1,1,0,0,0,1,0,0,0,0,0,0
7001069873,2017,6,16,0,21,4,43.65488775,-79.33739863,Toronto-Danforth (30),30,South Riverdale (70),70,D55,Toronto East York,LAKE SHORE BLVD E,CARLAW AVE, ,Major Arterial,Intersection,At Intersection,Traffic Signal,Clear,"Dark, artificial",Dry,Non-Fatal Injury,Turning Movement,Motorcycle Driver,25 to 29,Major,0,West,Motorcycle,Going Ahead,Driving Properly,Normal, , , , , , ,0,0,1,1,0,0,0,1,0,0,0,0,0,0
7001069873,2017,6,16,0,21,4,43.65488775,-79.33739863,Toronto-Danforth (30),30,South Riverdale (70),70,D55,Toronto East York,LAKE SHORE BLVD E,CARLAW AVE, ,Major Arterial,Intersection,At Intersection,Traffic Signal,Clear,"Dark, artificial",Dry,Non-Fatal Injury,Turning Movement,Motorcycle Passenger,25 to 29,Major,0, , , , , , , , , , , ,0,0,1,1,0,0,0,1,0,0,0,0,0,0
4003564717,2014,12,29,0,22,0,43.78453024,-79.16874323,Scarborough East (44),44,Centennial Scarborough (133),133,D43,Scarborough,KINGSTON RD,LAWSON RD, ,Minor Arterial,Intersection,At Intersection,Traffic Signal,Clear,"Dark, artificial",Dry,Non-Fatal Injury,Pedestrian Collisions,Driver,40 to 44,,0,North,"Automobile, Station Wagon",Turning Left,Failed to Yield Right of Way,Normal, , , , , , ,1,0,1,0,0,0,0,0,0,1,0,0,0,0
4003564717,2014,12,29,0,22,0,43.78453024,-79.16874323,Scarborough East (44),44,Centennial Scarborough (133),133,D43,Scarborough,KINGSTON RD,LAWSON RD, ,Minor Arterial,Intersection,At Intersection,Traffic Signal,Clear,"Dark, artificial",Dry,Non-Fatal Injury,Pedestrian Collisions,Pedestrian,65 to 69,Major,0,South, , , , ,Vehicle turns left while ped crosses with ROW at inter.,Crossing with right of way,Had Been Drinking, , , ,1,0,1,0,0,0,0,0,0,1,0,0,0,0
1101613,2009,4,28,0,24,1,43.76574538,-79.28109029,Scarborough Centre (37),37,Dorset Park (126),126,D41,Scarborough,ELLESMERE RD,KENNEDY RD, ,Major Arterial,Intersection,At Intersection,Traffic Signal,Clear,Dark,Dry,Non-Fatal Injury,Angle,Passenger,20 to 24,Major,0, ,Other, , , , , , , , , ,0,0,1,0,0,0,0,1,0,1,1,0,0,0
1101613,2009,4,28,0,24,1,43.76574538,-79.28109029,Scarborough Centre (37),37,Dorset Park (126),126,D41,Scarborough,ELLESMERE RD,KENNEDY RD, ,Major Arterial,Intersection,At Intersection,Traffic Signal,Clear,Dark,Dry,Non-Fatal Injury,Angle,Vehicle Owner,unknown, ,0, ,Other, , , , , , , , , ,0,0,1,0,0,0,0,1,0,1,1,0,0,0
1101613,2009,4,28,0,24,1,43.76574538,-79.28109029,Scarborough Centre (37),37,Dorset Park (126),126,D41,Scarborough,ELLESMERE RD,KENNEDY RD, ,Major Arterial,Intersection,At Intersection,Traffic Signal,Clear,Dark,Dry,Non-Fatal Injury,Angle,Driver,30 to 34,Major,0,South,"Automobile, Station Wagon",Going Ahead,Driving Properly,Normal, , , , , , ,0,0,1,0,0,0,0,1,0,1,1,0,0,0
1101613,2009,4,28,0,24,1,43.76574538,-79.28109029,Scarborough Centre (37),37,Dorset Park (126),126,D41,Scarborough,ELLESMERE RD,KENNEDY RD, ,Major Arterial,Intersection,At Intersection,Traffic Signal,Clear,Dark,Dry,Non-Fatal Injury,Angle,Driver,20 to 24,Minimal,0,East,"Automobile, Station Wagon",Going Ahead,Disobeyed Traffic Control,Inattentive, , , , , , ,0,0,1,0,0,0,0,1,0,1,1,0,0,0
5000976277,2015,6,11,0,24,3,43.75927313,-79.50792322,York West (8),8,Glenfield-Jane Heights (25),25,D31,North York,FINCH AVE W,TOBERMORY DR, ,Major Arterial,Intersection,At Intersection,Traffic Signal,Clear,"Dark, artificial",Dry,Fatal,Cyclist Collisions,Driver,20 to 24,,0,West,"Automobile, Station Wagon",Going Ahead,Exceeding Speed Limit,"Ability Impaired, Alcohol", , , , , , ,0,1,1,0,0,0,0,0,1,1,0,1,0,1
5000976277,2015,6,11,0,24,3,43.75927313,-79.50792322,York West (8),8,Glenfield-Jane Heights (25),25,D31,North York,FINCH AVE W,TOBERMORY DR, ,Major Arterial,Intersection,At Intersection,Traffic Signal,Clear,"Dark, artificial",Dry,Fatal,Cyclist Collisions,Cyclist,40 to 44,Fatal,28,West,Bicycle,Going Ahead, , , , , ,Cyclist and Driver travelling in same direction. One vehicle rear-ended the other.,Driving Properly,Unknown,0,1,1,0,0,0,0,0,1,1,0,1,0,1
1306967,2012,6,17,0,25,6,43.64904538,-79.39089029,Trinity-Spadina (20),20,Waterfront Communities-The Island (77),77,D52,Toronto East York,RICHMOND ST W,JOHN ST, ,Major Arterial,Intersection, ,No Control,Clear,"Dark, artificial",Dry,Non-Fatal Injury,Pedestrian Collisions,Driver,20 to 24,,0,West,"Automobile, Station Wagon",Going Ahead,Driving Properly,Normal, , , , , , ,1,0,1,0,0,0,0,0,0,0,0,0,0,0
1306967,2012,6,17,0,25,6,43.64904538,-79.39089029,Trinity-Spadina (20),20,Waterfront Communities-The Island (77),77,D52,Toronto East York,RICHMOND ST W,JOHN ST, ,Major Arterial,Intersection, ,No Control,Clear,"Dark, artificial",Dry,Non-Fatal Injury,Pedestrian Collisions,Pedestrian,20 to 24,Major,0,Unknown,Other, , , ,Pedestrian hit at mid-block,Walking on Roadway with Traffic,Had Been Drinking, , , ,1,0,1,0,0,0,0,0,0,0,0,0,0,0
1375460,2013,7,3,0,25,2,43.76153906,-79.3238946,Don Valley East (34),34,Parkwoods-Donalda (45),45,D33,North York,YORK MILLS RD,PARKWOODS VILLAGE DR, ,Major Arterial,Intersection,At Intersection,No Control,Clear,Dark,Dry,Non-Fatal Injury,SMV Other,Motorcycle Driver,20 to 24,Major,0,North,Motorcycle,Going Ahead,Lost control,"Ability Impaired, Alcohol Over .08", , , , , , ,0,0,0,1,0,0,0,0,1,1,0,1,0,0
5000963180,2015,6,9,0,25,1,43.67241629,-79.38768397,Toronto Centre-Rosedale (27),27,Rosedale-Moore Park (98),98,D53,Toronto East York,878 YONGE  ST, ,20 m North of,Major Arterial,Mid-Block,Intersection Related,No Control,Clear,"Dark, artificial",Dry,Non-Fatal Injury,Turning Movement,Driver,40 to 44,Major,0,North,"Automobile, Station Wagon",Turning Left,Improper Turn,Normal, , , , , , ,0,0,1,0,0,0,0,1,1,1,0,1,0,0
5001448924,2015,8,23,0,43,6,43.70559653,-79.49084101,York South-Weston (12),12,Brookhaven-Amesbury (30),30,D12,Etobicoke York,1630 LAWRENCE AVE W, ,30 m East of,Major Arterial,Intersection,At Intersection,Traffic Signal,Clear,Dark,Dry,Non-Fatal Injury,SMV Other,Driver - Not Hit,unknown,,0, , , , , , , , , , , ,0,0,0,1,0,0,0,1,0,0,0,0,0,0
5001448924,2015,8,23,0,43,6,43.70559653,-79.49084101,York South-Weston (12),12,Brookhaven-Amesbury (30),30,D12,Etobicoke York,1630 LAWRENCE AVE W, ,30 m East of,Major Arterial,Intersection,At Intersection,Traffic Signal,Clear,Dark,Dry,Non-Fatal Injury,SMV Other,Motorcycle Passenger,30 to 34,Major,0, , , , , , , , , , , ,0,0,0,1,0,0,0,1,0,0,0,0,0,0
1100819,2009,4,7,0,45,1,43.73434538,-79.62619029,Etobicoke North (2),2,West Humber-Clairville (1),1,D23,Etobicoke York,FINCH Aven W,HIGHWAY 427  N, ,Major Arterial,Mid-Block,At Intersection,No Control,Freezing Rain,Dark,Ice,Non-Fatal Injury,SMV Other,Vehicle Owner,unknown, ,0, ,"Automobile, Station Wagon", , , , , , , , , ,0,0,1,0,0,0,0,0,0,0,0,0,0,0
1100819,2009,4,7,0,45,1,43.73434538,-79.62619029,Etobicoke North (2),2,West Humber-Clairville (1),1,D23,Etobicoke York,FINCH Aven W,HIGHWAY 427  N, ,Major Arterial,Mid-Block,At Intersection,No Control,Freezing Rain,Dark,Ice,Non-Fatal Injury,SMV Other,Driver,45 to 49,Major,0,West,"Automobile, Station Wagon",Going Ahead,Lost control,Normal, , , , , , ,0,0,1,0,0,0,0,0,0,0,0,0,0,0
1100819,2009,4,7,0,45,1,43.73434538,-79.62619029,Etobicoke North (2),2,West Humber-Clairville (1),1,D23,Etobicoke York,FINCH Aven W,HIGHWAY 427  N, ,Major Arterial,Mid-Block,At Intersection,No Control,Freezing Rain,Dark,Ice,Non-Fatal Injury,SMV Other,Vehicle Owner,unknown, ,0, ,Other, , , , , , , , , ,0,0,1,0,0,0,0,0,0,0,0,0,0,0
1130482,2009,9,18,0,45,4,43.69124538,-79.26519029,Scarborough Southwest (36),36,Birchcliffe-Cliffside (122),122,D41,Scarborough,KINGSTON Rd,BIRCHCLIFF Ave, ,Major Arterial,Mid-Block, ,No Control,Clear,Dark,Dry,Non-Fatal Injury,Pedestrian Collisions,Driver,40 to 44,,0,East,"Automobile, Station Wagon",Going Ahead,Driving Properly,Normal, , , , , , ,1,0,1,0,0,0,0,0,0,0,0,0,0,0
1130482,2009,9,18,0,45,4,43.69124538,-79.26519029,Scarborough Southwest (36),36,Birchcliffe-Cliffside (122),122,D41,Scarborough,KINGSTON Rd,BIRCHCLIFF Ave, ,Major Arterial,Mid-Block, ,No Control,Clear,Dark,Dry,Non-Fatal Injury,Pedestrian Collisions,Pedestrian,15 to 19,Major,0,South,Other, , , ,Pedestrian hit at mid-block,Running onto Roadway,"Ability Impaired, Alcohol", , , ,1,0,1,0,0,0,0,0,0,0,0,0,0,0
1180385,2010,6,6,0,45,6,43.63794538,-79.45739029,Parkdale-High Park (13),13,South Parkdale (85),85,D11,Etobicoke York,1492 LAKE SHORE BLVD W, , ,Major Arterial,Mid-Block, ,No Control,Rain,Dark,Wet,Non-Fatal Injury,SMV Other,Passenger,15 to 19,Minimal,0, ,Other, , , , , , , , , ,0,0,1,0,0,0,0,1,0,0,0,0,0,0
1180385,2010,6,6,0,45,6,43.63794538,-79.45739029,Parkdale-High Park (13),13,South Parkdale (85),85,D11,Etobicoke York,1492 LAKE SHORE BLVD W, , ,Major Arterial,Mid-Block, ,No Control,Rain,Dark,Wet,Non-Fatal Injury,SMV Other,Driver,40 to 44,Major,0,East,"Automobile, Station Wagon",Going Ahead,Lost control,Normal, , , , , , ,0,0,1,0,0,0,0,1,0,0,0,0,0,0
1180385,2010,6,6,0,45,6,43.63794538,-79.45739029,Parkdale-High Park (13),13,South Parkdale (85),85,D11,Etobicoke York,1492 LAKE SHORE BLVD W, , ,Major Arterial,Mid-Block, ,No Control,Rain,Dark,Wet,Non-Fatal Injury,SMV Other,Passenger,15 to 19,Minor,0, ,Other, , , , , , , , , ,0,0,1,0,0,0,0,1,0,0,0,0,0,0
1180385,2010,6,6,0,45,6,43.63794538,-79.45739029,Parkdale-High Park (13),13,South Parkdale (85),85,D11,Etobicoke York,1492 LAKE SHORE BLVD W, , ,Major Arterial,Mid-Block, ,No Control,Rain,Dark,Wet,Non-Fatal Injury,SMV Other,Other Property Owner,unknown, ,0, ,Other, , , , , , , , , ,0,0,1,0,0,0,0,1,0,0,0,0,0,0
1381541,2013,10,20,0,45,6,43.73174628,-79.26778803,Scarborough Southwest (35),35,Ionview (125),125,D41,Scarborough,KENNEDY RD,EGLINTON AVE E, ,Major Arterial,Mid-Block, ,No Control,Clear,Dark,Dry,Fatal,Pedestrian Collisions,Vehicle Owner,unknown, ,0, , , , , , , , , , , ,1,0,1,0,0,0,0,0,0,0,0,1,0,1
1381541,2013,10,20,0,45,6,43.73174628,-79.26778803,Scarborough Southwest (35),35,Ionview (125),125,D41,Scarborough,KENNEDY RD,EGLINTON AVE E, ,Major Arterial,Mid-Block, ,No Control,Clear,Dark,Dry,Fatal,Pedestrian Collisions,Driver,25 to 29,,0,North,Pick Up Truck,Going Ahead,Other,"Ability Impaired, Alcohol Over .08", , , , , , ,1,0,1,0,0,0,0,0,0,0,0,1,0,1
1381541,2013,10,20,0,45,6,43.73174628,-79.26778803,Scarborough Southwest (35),35,Ionview (125),125,D41,Scarborough,KENNEDY RD,EGLINTON AVE E, ,Major Arterial,Mid-Block, ,No Control,Clear,Dark,Dry,Fatal,Pedestrian Collisions,Witness,unknown, ,0, , , , , , , , , , , ,1,0,1,0,0,0,0,0,0,0,0,1,0,1
1381541,2013,10,20,0,45,6,43.73174628,-79.26778803,Scarborough Southwest (35),35,Ionview (125),125,D41,Scarborough,KENNEDY RD,EGLINTON AVE E, ,Major Arterial,Mid-Block, ,No Control,Clear,Dark,Dry,Fatal,Pedestrian Collisions,Pedestrian,20 to 24,Fatal,48,East, , , , ,Pedestrian hit at mid-block,"Crossing, no Traffic Control",Unknown, , , ,1,0,1,0,0,0,0,0,0,0,0,1,0,1
1383954,2013,10,30,0,45,2,43.67789038,-79.44304285,Davenport (17),17,Corso Italia-Davenport (92),92,D13,Etobicoke York,DUFFERIN ST,ST CLAIR AVE W, ,Major Arterial,Intersection,Intersection Related,No Control,Rain,"Dark, artificial",Wet,Non-Fatal Injury,Pedestrian Collisions,Other,unknown,,0, , , , , , , , , , , ,1,0,0,0,0,1,0,0,0,0,0,0,0,0
1383954,2013,10,30,0,45,2,43.67789038,-79.44304285,Davenport (17),17,Corso Italia-Davenport (92),92,D13,Etobicoke York,DUFFERIN ST,ST CLAIR AVE W, ,Major Arterial,Intersection,Intersection Related,No Control,Rain,"Dark, artificial",Wet,Non-Fatal Injury,Pedestrian Collisions,Driver,45 to 49,,0,North,Municipal Transit Bus (TTC),Going Ahead,Driving Properly,Normal, , , , , , ,1,0,0,0,0,1,0,0,0,0,0,0,0,0
1383954,2013,10,30,0,45,2,43.67789038,-79.44304285,Davenport (17),17,Corso Italia-Davenport (92),92,D13,Etobicoke York,DUFFERIN ST,ST CLAIR AVE W, ,Major Arterial,Intersection,Intersection Related,No Control,Rain,"Dark, artificial",Wet,Non-Fatal Injury,Pedestrian Collisions,Pedestrian,75 to 79,Major,0,East, , , , ,Pedestrian involved in a collision with transit vehicle anywhere along roadway,Running onto Roadway,Had Been Drinking, , , ,1,0,0,0,0,1,0,0,0,0,0,0,0,0
5000304693,2015,2,21,0,45,5,43.7745014,-79.25220118,Scarborough Centre (38),38,Woburn (137),137,D43,Scarborough,MCCOWAN RD,TOWN CENTRE CRT, ,Major Arterial,Intersection,At Intersection,Traffic Signal,Clear,"Dark, artificial",Dry,Non-Fatal Injury,Pedestrian Collisions,Driver,45 to 49,,0,South,"Automobile, Station Wagon",Going Ahead,Driving Properly,Normal, , , , , , ,1,0,1,0,0,0,0,0,0,0,0,0,0,0
5000304693,2015,2,21,0,45,5,43.7745014,-79.25220118,Scarborough Centre (38),38,Woburn (137),137,D43,Scarborough,MCCOWAN RD,TOWN CENTRE CRT, ,Major Arterial,Intersection,At Intersection,Traffic Signal,Clear,"Dark, artificial",Dry,Non-Fatal Injury,Pedestrian Collisions,Pedestrian,20 to 24,Major,0,East, , , , ,Vehicle is going straight thru inter.while ped cross without ROW,Running onto Roadway,Had Been Drinking, , , ,1,0,1,0,0,0,0,0,0,0,0,0,0,0
1075972,2008,11,24,0,46,0,43.59254538,-79.54179029,Etobicoke-Lakeshore (6),6,Long Branch (19),19,D22,Etobicoke York,LAKE SHORE Blvd W,FORTIETH St, ,Major Arterial,Intersection, ,No Control,Clear,Dark,Dry,Non-Fatal Injury,Turning Movement,Driver,15 to 19,Major,0,West,"Automobile, Station Wagon",Making U Turn,Improper Turn,Normal, , , , , , ,0,0,1,0,0,1,0,0,0,0,0,0,0,0
1075972,2008,11,24,0,46,0,43.59254538,-79.54179029,Etobicoke-Lakeshore (6),6,Long Branch (19),19,D22,Etobicoke York,LAKE SHORE Blvd W,FORTIETH St, ,Major Arterial,Intersection, ,No Control,Clear,Dark,Dry,Non-Fatal Injury,Turning Movement,Vehicle Owner,unknown, ,0, ,Other, , , , , , , , , ,0,0,1,0,0,1,0,0,0,0,0,0,0,0
1075972,2008,11,24,0,46,0,43.59254538,-79.54179029,Etobicoke-Lakeshore (6),6,Long Branch (19),19,D22,Etobicoke York,LAKE SHORE Blvd W,FORTIETH St, ,Major Arterial,Intersection, ,No Control,Clear,Dark,Dry,Non-Fatal Injury,Turning Movement,Driver,40 to 44,,0,West,Municipal Transit Bus (TTC),Going Ahead,Driving Properly,Normal, , , , , , ,0,0,1,0,0,1,0,0,0,0,0,0,0,0
987500,2007,9,2,0,48,6,43.74364538,-79.49179029,York Centre (9),9,Downsview-Roding-CFB (26),26,D31,North York,SHEPPARD AVE W,SENTINEL RD, ,Major Arterial,Intersection, ,Traffic Signal,Clear,Dark,Dry,Fatal,SMV Other,Driver,40 to 44,Fatal,0,East,"Automobile, Station Wagon",Going Ahead,Lost control,Unknown, , , , , , ,0,0,1,0,0,0,0,0,0,0,0,0,0,1