ACCNUM,YEAR,MONTH,DAY,HOUR,MINUTES,WEEKDAY,LATITUDE,LONGITUDE,Ward_Name,Ward_ID,Hood_Name,Hood_ID,Division,District,STREET1,STREET2,OFFSET,ROAD_CLASS,LOCCOORD,ACCLOC,TRAFFCTL,VISIBILITY,LIGHT,RDSFCOND,ACCLASS,IMPACTYPE,INVTYPE,INVAGE,INJURY,FATAL_NO,INITDIR,VEHTYPE,MANOEUVER,DRIVACT,DRIVCOND,PEDTYPE,PEDACT,PEDCOND,CYCLISTYPE,CYCACT,CYCCOND,PEDESTRIAN,CYCLIST,AUTOMOBILE,MOTORCYCLE,TRUCK,TRSN_CITY_VEH,EMERG_VEH,PASSENGER,SPEEDING,AG_DRIV,REDLIGHT,ALCOHOL,DISABILITY,label
1072032,2008,11,2,0,50,6,43.75314538,-79.62429029,Etobicoke North (1),1,West Humber-Clairville (1),1,D23,Etobicoke York,6931 STEELES AVE W, , ,Major Arterial,Mid-Block, ,No Control,Clear,Dark,Dry,Non-Fatal Injury,Sideswipe,Passenger,55 to 59,Major,0, ,Other, , , , , , , , , ,0,0,1,0,0,0,0,1,1,1,0,0,0,0
1072032,2008,11,2,0,50,6,43.75314538,-79.62429029,Etobicoke North (1),1,West Humber-Clairville (1),1,D23,Etobicoke York,6931 STEELES AVE W, , ,Major Arterial,Mid-Block, ,No Control,Clear,Dark,Dry,Non-Fatal Injury,Sideswipe,Passenger,25 to 29,Minor,0, ,Other, , , , , , , , , ,0,0,1,0,0,0,0,1,1,1,0,0,0,0
1072032,2008,11,2,0,50,6,43.75314538,-79.62429029,Etobicoke North (1),1,West Humber-Clairville (1),1,D23,Etobicoke York,6931 STEELES AVE W, , ,Major Arterial,Mid-Block, ,No Control,Clear,Dark,Dry,Non-Fatal Injury,Sideswipe,Passenger,65 to 69,Minor,0, ,Other, , , , , , , , , ,0,0,1,0,0,0,0,1,1,1,0,0,0,0
1072032,2008,11,2,0,50,6,43.75314538,-79.62429029,Etobicoke North (1),1,West Humber-Clairville (1),1,D23,Etobicoke York,6931 STEELES AVE W, , ,Major Arterial,Mid-Block, ,No Control,Clear,Dark,Dry,Non-Fatal Injury,Sideswipe,Driver,25 to 29,Minor,0,East,"Automobile, Station Wagon",Changing Lanes,Improper Lane Change,Normal, , , , , , ,0,0,1,0,0,0,0,1,1,1,0,0,0,0
1072032,2008,11,2,0,50,6,43.75314538,-79.62429029,Etobicoke North (1),1,West Humber-Clairville (1),1,D23,Etobicoke York,6931 STEELES AVE W, , ,Major Arterial,Mid-Block, ,No Control,Clear,Dark,Dry,Non-Fatal Injury,Sideswipe,Driver,15 to 19,Minor,0,East,"Automobile, Station Wagon",Going Ahead,Exceeding Speed Limit,Had Been Drinking, , , , , , ,0,0,1,0,0,0,0,1,1,1,0,0,0,0
1338034,2012,12,6,0,50,3,43.65184538,-79.40829029,Trinity-Spadina (19),19,Trinity-Bellwoods (81),81,D14,Toronto East York,DUNDAS ST W,PALMERSTON AVE, ,Major Arterial,Intersection, ,No Control,Clear,Dark,Dry,Non-Fatal Injury,Pedestrian Collisions,Driver,25 to 29,,0,West,"Automobile, Station Wagon",Going Ahead,Driving Properly,Inattentive, , , , , , ,1,0,1,0,0,0,0,0,0,0,0,0,0,0
1338034,2012,12,6,0,50,3,43.65184538,-79.40829029,Trinity-Spadina (19),19,Trinity-Bellwoods (81),81,D14,Toronto East York,DUNDAS ST W,PALMERSTON AVE, ,Major Arterial,Intersection, ,No Control,Clear,Dark,Dry,Non-Fatal Injury,Pedestrian Collisions,Pedestrian,35 to 39,Major,0,South,Other, , , ,Pedestrian hit at mid-block,"Crossing, no Traffic Control",Had Been Drinking, , , ,1,0,1,0,0,0,0,0,0,0,0,0,0,0
1340006,2012,12,16,0,50,6,43.77432593,-79.24175654,Scarborough Centre (38),38,Woburn (137),137,D43,Scarborough,ELLESMERE Rd,BELLAMY Rd N, ,Major Arterial,Intersection,At Intersection,Traffic Signal,Rain,"Dark, artificial",Wet,Non-Fatal Injury,Angle,Passenger,20 to 24,Minor,0, ,Other, , , , , , , , , ,0,0,1,0,0,0,0,1,0,1,1,0,0,0
1340006,2012,12,16,0,50,6,43.77432593,-79.24175654,Scarborough Centre (38),38,Woburn (137),137,D43,Scarborough,ELLESMERE Rd,BELLAMY Rd N, ,Major Arterial,Intersection,At Intersection,Traffic Signal,Rain,"Dark, artificial",Wet,Non-Fatal Injury,Angle,Driver,50 to 54,Major,0,North,"Automobile, Station Wagon",Going Ahead,Disobeyed Traffic Control,Unknown, , , , , , ,0,0,1,0,0,0,0,1,0,1,1,0,0,0
1340006,2012,12,16,0,50,6,43.77432593,-79.24175654,Scarborough Centre (38),38,Woburn (137),137,D43,Scarborough,ELLESMERE Rd,BELLAMY Rd N, ,Major Arterial,Intersection,At Intersection,Traffic Signal,Rain,"Dark, artificial",Wet,Non-Fatal Injury,Angle,Other Property Owner,unknown, ,0, ,Other, , , , , , , , , ,0,0,1,0,0,0,0,1,0,1,1,0,0,0
1340006,2012,12,16,0,50,6,43.77432593,-79.24175654,Scarborough Centre (38),38,Woburn (137),137,D43,Scarborough,ELLESMERE Rd,BELLAMY Rd N, ,Major Arterial,Intersection,At Intersection,Traffic Signal,Rain,"Dark, artificial",Wet,Non-Fatal Injury,Angle,Vehicle Owner,unknown, ,0, ,Other, , , , , , , , , ,0,0,1,0,0,0,0,1,0,1,1,0,0,0
1340006,2012,12,16,0,50,6,43.77432593,-79.24175654,Scarborough Centre (38),38,Woburn (137),137,D43,Scarborough,ELLESMERE Rd,BELLAMY Rd N, ,Major Arterial,Intersection,At Intersection,Traffic Signal,Rain,"Dark, artificial",Wet,Non-Fatal Injury,Angle,Driver,15 to 19,,0,East,"Automobile, Station Wagon",Going Ahead,Driving Properly,Normal, , , , , , ,0,0,1,0,0,0,0,1,0,1,1,0,0,0
1363269,2013,5,11,0,50,5,43.71874538,-79.53769029,York West (7),7,Pelmo Park-Humberlea (23),23,D31,Etobicoke York,WESTON RD,WALLASEY AVE, ,Major Arterial,Intersection, ,No Control,"Fog, Mist, Smoke, Dust",Dark,Wet,Non-Fatal Injury,SMV Other,Driver,30 to 34,Major,0,South,"Automobile, Station Wagon",Going Ahead,Speed too Fast For Condition,Had Been Drinking, , , , , , ,0,0,1,0,0,0,0,0,1,1,0,0,0,0
1363269,2013,5,11,0,50,5,43.71874538,-79.53769029,York West (7),7,Pelmo Park-Humberlea (23),23,D31,Etobicoke York,WESTON RD,WALLASEY AVE, ,Major Arterial,Intersection, ,No Control,"Fog, Mist, Smoke, Dust",Dark,Wet,Non-Fatal Injury,SMV Other,Other Property Owner,unknown, ,0, ,Other, , , , , , , , , ,0,0,1,0,0,0,0,0,1,1,0,0,0,0
1363269,2013,5,11,0,50,5,43.71874538,-79.53769029,York West (7),7,Pelmo Park-Humberlea (23),23,D31,Etobicoke York,WESTON RD,WALLASEY AVE, ,Major Arterial,Intersection, ,No Control,"Fog, Mist, Smoke, Dust",Dark,Wet,Non-Fatal Injury,SMV Other,Other Property Owner,unknown, ,0, ,Other, , , , , , , , , ,0,0,1,0,0,0,0,0,1,1,0,0,0,0
1363269,2013,5,11,0,50,5,43.71874538,-79.53769029,York West (7),7,Pelmo Park-Humberlea (23),23,D31,Etobicoke York,WESTON RD,WALLASEY AVE, ,Major Arterial,Intersection, ,No Control,"Fog, Mist, Smoke, Dust",Dark,Wet,Non-Fatal Injury,SMV Other,Other Property Owner,unknown, ,0, ,Other, , , , , , , , , ,0,0,1,0,0,0,0,0,1,1,0,0,0,0
984625,2007,8,13,0,51,0,43.63454538,-79.43879029,Parkdale-High Park (14),14,South Parkdale (85),85,D14,Toronto East York,F G GARDINER XY  E,JAMESON AVE, ,Expressway,Mid-Block, ,No Control,Clear,Dark,Dry,Fatal,Rear End,Vehicle Owner,unknown, ,0, ,Other, , , , , , , , , ,0,0,1,0,0,0,0,1,0,0,0,0,0,1
984625,2007,8,13,0,51,0,43.63454538,-79.43879029,Parkdale-High Park (14),14,South Parkdale (85),85,D14,Toronto East York,F G GARDINER XY  E,JAMESON AVE, ,Expressway,Mid-Block, ,No Control,Clear,Dark,Dry,Fatal,Rear End,Passenger,70 to 74,Major,0, ,Other, , , , , , , , , ,0,0,1,0,0,0,0,1,0,0,0,0,0,1
984625,2007,8,13,0,51,0,43.63454538,-79.43879029,Parkdale-High Park (14),14,South Parkdale (85),85,D14,Toronto East York,F G GARDINER XY  E,JAMESON AVE, ,Expressway,Mid-Block, ,No Control,Clear,Dark,Dry,Fatal,Rear End,Passenger,30 to 34,Minor,0, ,Other, , , , , , , , , ,0,0,1,0,0,0,0,1,0,0,0,0,0,1
984625,2007,8,13,0,51,0,43.63454538,-79.43879029,Parkdale-High Park (14),14,South Parkdale (85),85,D14,Toronto East York,F G GARDINER XY  E,JAMESON AVE, ,Expressway,Mid-Block, ,No Control,Clear,Dark,Dry,Fatal,Rear End,Passenger,0 to 4,Fatal,0, ,Other, , , , , , , , , ,0,0,1,0,0,0,0,1,0,0,0,0,0,1
984625,2007,8,13,0,51,0,43.63454538,-79.43879029,Parkdale-High Park (14),14,South Parkdale (85),85,D14,Toronto East York,F G GARDINER XY  E,JAMESON AVE, ,Expressway,Mid-Block, ,No Control,Clear,Dark,Dry,Fatal,Rear End,Passenger,60 to 64,Fatal,0, ,Other, , , , , , , , , ,0,0,1,0,0,0,0,1,0,0,0,0,0,1
984625,2007,8,13,0,51,0,43.63454538,-79.43879029,Parkdale-High Park (14),14,South Parkdale (85),85,D14,Toronto East York,F G GARDINER XY  E,JAMESON AVE, ,Expressway,Mid-Block, ,No Control,Clear,Dark,Dry,Fatal,Rear End,Driver,35 to 39,Minor,0,East,"Automobile, Station Wagon",Stopped,Driving Properly,Inattentive, , , , , , ,0,0,1,0,0,0,0,1,0,0,0,0,0,1
984625,2007,8,13,0,51,0,43.63454538,-79.43879029,Parkdale-High Park (14),14,South Parkdale (85),85,D14,Toronto East York,F G GARDINER XY  E,JAMESON AVE, ,Expressway,Mid-Block, ,No Control,Clear,Dark,Dry,Fatal,Rear End,Driver,45 to 49,,0,East,"Automobile, Station Wagon",Going Ahead,Lost control,Inattentive, , , , , , ,0,0,1,0,0,0,0,1,0,0,0,0,0,1
1284316,2012,3,14,0,51,2,43.73154538,-79.57059029,Etobicoke North (2),2,Rexdale-Kipling (4),4,D23,Etobicoke York,59 BARFORD RD, , ,Local,Mid-Block, ,No Control,Clear,Dark,Dry,Non-Fatal Injury,Pedestrian Collisions,Pedestrian,35 to 39,Major,0,East,Other, , , ,Vehicle is reversing and hits pedestrian,Other,Normal, , , ,1,0,1,0,0,0,0,0,0,0,0,0,0,0
1284316,2012,3,14,0,51,2,43.73154538,-79.57059029,Etobicoke North (2),2,Rexdale-Kipling (4),4,D23,Etobicoke York,59 BARFORD RD, , ,Local,Mid-Block, ,No Control,Clear,Dark,Dry,Non-Fatal Injury,Pedestrian Collisions,Driver,unknown,,0,South,"Automobile, Station Wagon",Reversing,Other,Unknown, , , , , , ,1,0,1,0,0,0,0,0,0,0,0,0,0,0
4002717713,2014,8,17,0,51,6,43.74623831,-79.56861506,Etobicoke North (1),1,Thistletown-Beaumond Heights (3),3,D23,Etobicoke York,FINCH AVENUE WEST,ISLINGTON AVENUE, ,Major Arterial,Intersection,Intersection Related,Traffic Signal,Clear,"Dark, artificial",Dry,Non-Fatal Injury,Angle,Driver,45 to 49,Major,0,North,"Automobile, Station Wagon",Going Ahead,Disobeyed Traffic Control,Inattentive, , , , , , ,0,0,1,0,0,1,0,1,0,1,1,0,0,0
4002717713,2014,8,17,0,51,6,43.74623831,-79.56861506,Etobicoke North (1),1,Thistletown-Beaumond Heights (3),3,D23,Etobicoke York,FINCH AVENUE WEST,ISLINGTON AVENUE, ,Major Arterial,Intersection,Intersection Related,Traffic Signal,Clear,"Dark, artificial",Dry,Non-Fatal Injury,Angle,Driver,35 to 39,,0,East,"Bus (Other) (Go Bus, Gray Coach)",Going Ahead,Driving Properly,Normal, , , , , , ,0,0,1,0,0,1,0,1,0,1,1,0,0,0
4002717713,2014,8,17,0,51,6,43.74623831,-79.56861506,Etobicoke North (1),1,Thistletown-Beaumond Heights (3),3,D23,Etobicoke York,FINCH AVENUE WEST,ISLINGTON AVENUE, ,Major Arterial,Intersection,Intersection Related,Traffic Signal,Clear,"Dark, artificial",Dry,Non-Fatal Injury,Angle,Passenger,25 to 29,Minimal,0, , , , , , , , , , , ,0,0,1,0,0,1,0,1,0,1,1,0,0,0
4002717713,2014,8,17,0,51,6,43.74623831,-79.56861506,Etobicoke North (1),1,Thistletown-Beaumond Heights (3),3,D23,Etobicoke York,FINCH AVENUE WEST,ISLINGTON AVENUE, ,Major Arterial,Intersection,Intersection Related,Traffic Signal,Clear,"Dark, artificial",Dry,Non-Fatal Injury,Angle,Passenger,20 to 24,,0, , , , , , , , , , , ,0,0,1,0,0,1,0,1,0,1,1,0,0,0
4002717713,2014,8,17,0,51,6,43.74623831,-79.56861506,Etobicoke North (1),1,Thistletown-Beaumond Heights (3),3,D23,Etobicoke York,FINCH AVENUE WEST,ISLINGTON AVENUE, ,Major Arterial,Intersection,Intersection Related,Traffic Signal,Clear,"Dark, artificial",Dry,Non-Fatal Injury,Angle,Passenger,25 to 29,,0, , , , , , , , , , , ,0,0,1,0,0,1,0,1,0,1,1,0,0,0
4002717713,2014,8,17,0,51,6,43.74623831,-79.56861506,Etobicoke North (1),1,Thistletown-Beaumond Heights (3),3,D23,Etobicoke York,FINCH AVENUE WEST,ISLINGTON AVENUE, ,Major Arterial,Intersection,Intersection Related,Traffic Signal,Clear,"Dark, artificial",Dry,Non-Fatal Injury,Angle,Passenger,25 to 29,,0, , , , , , , , , , , ,0,0,1,0,0,1,0,1,0,1,1,0,0,0
4002717713,2014,8,17,0,51,6,43.74623831,-79.56861506,Etobicoke North (1),1,Thistletown-Beaumond Heights (3),3,D23,Etobicoke York,FINCH AVENUE WEST,ISLINGTON AVENUE, ,Major Arterial,Intersection,Intersection Related,Traffic Signal,Clear,"Dark, artificial",Dry,Non-Fatal Injury,Angle,Passenger,20 to 24,,0, , , , , , , , , , , ,0,0,1,0,0,1,0,1,0,1,1,0,0,0
4002717713,2014,8,17,0,51,6,43.74623831,-79.56861506,Etobicoke North (1),1,Thistletown-Beaumond Heights (3),3,D23,Etobicoke York,FINCH AVENUE WEST,ISLINGTON AVENUE, ,Major Arterial,Intersection,Intersection Related,Traffic Signal,Clear,"Dark, artificial",Dry,Non-Fatal Injury,Angle,Passenger,25 to 29,,0, , , , , , , , , , , ,0,0,1,0,0,1,0,1,0,1,1,0,0,0
4002717713,2014,8,17,0,51,6,43.74623831,-79.56861506,Etobicoke North (1),1,Thistletown-Beaumond Heights (3),3,D23,Etobicoke York,FINCH AVENUE WEST,ISLINGTON AVENUE, ,Major Arterial,Intersection,Intersection Related,Traffic Signal,Clear,"Dark, artificial",Dry,Non-Fatal Injury,Angle,Passenger,25 to 29,,0, , , , , , , , , , , ,0,0,1,0,0,1,0,1,0,1,1,0,0,0
4002717713,2014,8,17,0,51,6,43.74623831,-79.56861506,Etobicoke North (1),1,Thistletown-Beaumond Heights (3),3,D23,Etobicoke York,FINCH AVENUE WEST,ISLINGTON AVENUE, ,Major Arterial,Intersection,Intersection Related,Traffic Signal,Clear,"Dark, artificial",Dry,Non-Fatal Injury,Angle,Passenger,20 to 24,,0, , , , , , , , , , , ,0,0,1,0,0,1,0,1,0,1,1,0,0,0
4002717713,2014,8,17,0,51,6,43.74623831,-79.56861506,Etobicoke North (1),1,Thistletown-Beaumond Heights (3),3,D23,Etobicoke York,FINCH AVENUE WEST,ISLINGTON AVENUE, ,Major Arterial,Intersection,Intersection Related,Traffic Signal,Clear,"Dark, artificial",Dry,Non-Fatal Injury,Angle,Passenger,30 to 34,,0, , , , , , , , , , , ,0,0,1,0,0,1,0,1,0,1,1,0,0,0
4002717713,2014,8,17,0,51,6,43.74623831,-79.56861506,Etobicoke North (1),1,Thistletown-Beaumond Heights (3),3,D23,Etobicoke York,FINCH AVENUE WEST,ISLINGTON AVENUE, ,Major Arterial,Intersection,Intersection Related,Traffic Signal,Clear,"Dark, artificial",Dry,Non-Fatal Injury,Angle,Passenger,20 to 24,,0, , , , , , , , , , , ,0,0,1,0,0,1,0,1,0,1,1,0,0,0
4002717713,2014,8,17,0,51,6,43.74623831,-79.56861506,Etobicoke North (1),1,Thistletown-Beaumond Heights (3),3,D23,Etobicoke York,FINCH AVENUE WEST,ISLINGTON AVENUE, ,Major Arterial,Intersection,Intersection Related,Traffic Signal,Clear,"Dark, artificial",Dry,Non-Fatal Injury,Angle,Passenger,25 to 29,,0, , , , , , , , , , , ,0,0,1,0,0,1,0,1,0,1,1,0,0,0
4002717713,2014,8,17,0,51,6,43.74623831,-79.56861506,Etobicoke North (1),1,Thistletown-Beaumond Heights (3),3,D23,Etobicoke York,FINCH AVENUE WEST,ISLINGTON AVENUE, ,Major Arterial,Intersection,Intersection Related,Traffic Signal,Clear,"Dark, artificial",Dry,Non-Fatal Injury,Angle,Passenger,25 to 29,,0, , , , , , , , , , , ,0,0,1,0,0,1,0,1,0,1,1,0,0,0
4002717713,2014,8,17,0,51,6,43.74623831,-79.56861506,Etobicoke North (1),1,Thistletown-Beaumond Heights (3),3,D23,Etobicoke York,FINCH AVENUE WEST,ISLINGTON AVENUE, ,Major Arterial,Intersection,Intersection Related,Traffic Signal,Clear,"Dark, artificial",Dry,Non-Fatal Injury,Angle,Passenger,20 to 24,,0, , , , , , , , , , , ,0,0,1,0,0,1,0,1,0,1,1,0,0,0
4002717713,2014,8,17,0,51,6,43.74623831,-79.56861506,Etobicoke North (1),1,Thistletown-Beaumond Heights (3),3,D23,Etobicoke York,FINCH AVENUE WEST,ISLINGTON AVENUE, ,Major Arterial,Intersection,Intersection Related,Traffic Signal,Clear,"Dark, artificial",Dry,Non-Fatal Injury,Angle,Passenger,20 to 24,,0, , , , , , , , , , , ,0,0,1,0,0,1,0,1,0,1,1,0,0,0
4002717713,2014,8,17,0,51,6,43.74623831,-79.56861506,Etobicoke North (1),1,Thistletown-Beaumond Heights (3),3,D23,Etobicoke York,FINCH AVENUE WEST,ISLINGTON AVENUE, ,Major Arterial,Intersection,Intersection Related,Traffic Signal,Clear,"Dark, artificial",Dry,Non-Fatal Injury,Angle,Passenger,25 to 29,,0, , , , , , , , , , , ,0,0,1,0,0,1,0,1,0,1,1,0,0,0
4002717713,2014,8,17,0,51,6,43.74623831,-79.56861506,Etobicoke North (1),1,Thistletown-Beaumond Heights (3),3,D23,Etobicoke York,FINCH AVENUE WEST,ISLINGTON AVENUE, ,Major Arterial,Intersection,Intersection Related,Traffic Signal,Clear,"Dark, artificial",Dry,Non-Fatal Injury,Angle,Passenger,55 to 59,,0, , , , , , , , , , , ,0,0,1,0,0,1,0,1,0,1,1,0,0,0
5000926071,2015,6,3,0,51,2,43.79505499,-79.39418421,Willowdale (24),24,Bayview Woods-Steeles (49),49,D33,North York,BAYVIEW AVE,BOWAN CRT, ,Major Arterial,Intersection,At Intersection,Stop Sign,Clear,"Dark, artificial",Dry,Non-Fatal Injury,Turning Movement,Driver,35 to 39,Major,0,North,"Automobile, Station Wagon",Going Ahead,Exceeding Speed Limit,Had Been Drinking, , , , , , ,0,0,1,0,0,1,0,1,1,1,0,0,0,0
5000926071,2015,6,3,0,51,2,43.79505499,-79.39418421,Willowdale (24),24,Bayview Woods-Steeles (49),49,D33,North York,BAYVIEW AVE,BOWAN CRT, ,Major Arterial,Intersection,At Intersection,Stop Sign,Clear,"Dark, artificial",Dry,Non-Fatal Injury,Turning Movement,Driver,55 to 59,,0,West,"Bus (Other) (Go Bus, Gray Coach)",Turning Left,Other,Had Been Drinking, , , , , , ,0,0,1,0,0,1,0,1,1,1,0,0,0,0
5000926071,2015,6,3,0,51,2,43.79505499,-79.39418421,Willowdale (24),24,Bayview Woods-Steeles (49),49,D33,North York,BAYVIEW AVE,BOWAN CRT, ,Major Arterial,Intersection,At Intersection,Stop Sign,Clear,"Dark, artificial",Dry,Non-Fatal Injury,Turning Movement,Passenger,30 to 34,Major,0, , , , , , , , , , , ,0,0,1,0,0,1,0,1,1,1,0,0,0,0
974158,2007,2,10,0,52,5,43.65194538,-79.42179029,Trinity-Spadina (19),19,Trinity-Bellwoods (81),81,D14,Toronto East York,OSSINGTON AVE,CHURCHILL AVE, ,Local,Intersection,At Intersection,Traffic Signal,Clear,Dark,Dry,Non-Fatal Injury,Pedestrian Collisions,Pedestrian,10 to 14,Major,0,East,Other, , , ,Vehicle is going straight thru inter.while ped cross with ROW,Running onto Roadway,"Ability Impaired, Alcohol", , , ,1,0,1,0,0,0,0,1,1,1,0,0,0,0
974158,2007,2,10,0,52,5,43.65194538,-79.42179029,Trinity-Spadina (19),19,Trinity-Bellwoods (81),81,D14,Toronto East York,OSSINGTON AVE,CHURCHILL AVE, ,Local,Intersection,At Intersection,Traffic Signal,Clear,Dark,Dry,Non-Fatal Injury,Pedestrian Collisions,Passenger,30 to 34,,0, ,Other,Other, , , , , , , , ,1,0,1,0,0,0,0,1,1,1,0,0,0,0
974158,2007,2,10,0,52,5,43.65194538,-79.42179029,Trinity-Spadina (19),19,Trinity-Bellwoods (81),81,D14,Toronto East York,OSSINGTON AVE,CHURCHILL AVE, ,Local,Intersection,At Intersection,Traffic Signal,Clear,Dark,Dry,Non-Fatal Injury,Pedestrian Collisions,Passenger,25 to 29,,0, ,Other,Other, , , , , , , , ,1,0,1,0,0,0,0,1,1,1,0,0,0,0
974158,2007,2,10,0,52,5,43.65194538,-79.42179029,Trinity-Spadina (19),19,Trinity-Bellwoods (81),81,D14,Toronto East York,OSSINGTON AVE,CHURCHILL AVE, ,Local,Intersection,At Intersection,Traffic Signal,Clear,Dark,Dry,Non-Fatal Injury,Pedestrian Collisions,Vehicle Owner,unknown,,0, ,Other,Going Ahead, , , , , , , , ,1,0,1,0,0,0,0,1,1,1,0,0,0,0
974158,2007,2,10,0,52,5,43.65194538,-79.42179029,Trinity-Spadina (19),19,Trinity-Bellwoods (81),81,D14,Toronto East York,OSSINGTON AVE,CHURCHILL AVE, ,Local,Intersection,At Intersection,Traffic Signal,Clear,Dark,Dry,Non-Fatal Injury,Pedestrian Collisions,Driver,25 to 29,,0,South,"Automobile, Station Wagon",Going Ahead,Exceeding Speed Limit,Normal, , , , , , ,1,0,1,0,0,0,0,1,1,1,0,0,0,0
1078367,2008,12,31,0,52,2,43.66534538,-79.35619029,Toronto-Danforth (30),30,North Riverdale (68),68,D55,Toronto East York,DON VALLEY PARKWAY  S,GERRARD ST E, ,Expressway,Mid-Block, ,No Control,Snow,Dark,Loose Snow,Non-Fatal Injury,SMV Other,Vehicle Owner,unknown, ,0, ,Other, , , , , , , , , ,0,0,1,0,0,0,0,1,1,1,0,0,0,0
1078367,2008,12,31,0,52,2,43.66534538,-79.35619029,Toronto-Danforth (30),30,North Riverdale (68),68,D55,Toronto East York,DON VALLEY PARKWAY  S,GERRARD ST E, ,Expressway,Mid-Block, ,No Control,Snow,Dark,Loose Snow,Non-Fatal Injury,SMV Other,Driver,30 to 34,,0,South,"Automobile, Station Wagon",Going Ahead,Driving Properly,Normal, , , , , , ,0,0,1,0,0,0,0,1,1,1,0,0,0,0
1078367,2008,12,31,0,52,2,43.66534538,-79.35619029,Toronto-Danforth (30),30,North Riverdale (68),68,D55,Toronto East York,DON VALLEY PARKWAY  S,GERRARD ST E, ,Expressway,Mid-Block, ,No Control,Snow,Dark,Loose Snow,Non-Fatal Injury,SMV Other,Vehicle Owner,unknown, ,0, ,Other, , , , , , , , , ,0,0,1,0,0,0,0,1,1,1,0,0,0,0
1078367,2008,12,31,0,52,2,43.66534538,-79.35619029,Toronto-Danforth (30),30,North Riverdale (68),68,D55,Toronto East York,DON VALLEY PARKWAY  S,GERRARD ST E, ,Expressway,Mid-Block, ,No Control,Snow,Dark,Loose Snow,Non-Fatal Injury,SMV Other,Driver,20 to 24,Minimal,0,South,"Automobile, Station Wagon",Going Ahead,Speed too Fast For Condition,Normal, , , , , , ,0,0,1,0,0,0,0,1,1,1,0,0,0,0
1078367,2008,12,31,0,52,2,43.66534538,-79.35619029,Toronto-Danforth (30),30,North Riverdale (68),68,D55,Toronto East York,DON VALLEY PARKWAY  S,GERRARD ST E, ,Expressway,Mid-Block, ,No Control,Snow,Dark,Loose Snow,Non-Fatal Injury,SMV Other,Passenger,45 to 49,,0, ,Other, , , , , , , , , ,0,0,1,0,0,0,0,1,1,1,0,0,0,0
1078367,2008,12,31,0,52,2,43.66534538,-79.35619029,Toronto-Danforth (30),30,North Riverdale (68),68,D55,Toronto East York,DON VALLEY PARKWAY  S,GERRARD ST E, ,Expressway,Mid-Block, ,No Control,Snow,Dark,Loose Snow,Non-Fatal Injury,SMV Other,Passenger,45 to 49,Minimal,0, ,Other, , , , , , , , , ,0,0,1,0,0,0,0,1,1,1,0,0,0,0
1078367,2008,12,31,0,52,2,43.66534538,-79.35619029,Toronto-Danforth (30),30,North Riverdale (68),68,D55,Toronto East York,DON VALLEY PARKWAY  S,GERRARD ST E, ,Expressway,Mid-Block, ,No Control,Snow,Dark,Loose Snow,Non-Fatal Injury,SMV Other,Passenger,40 to 44,Major,0, ,Other, , , , , , , , , ,0,0,1,0,0,0,0,1,1,1,0,0,0,0
1078367,2008,12,31,0,52,2,43.66534538,-79.35619029,Toronto-Danforth (30),30,North Riverdale (68),68,D55,Toronto East York,DON VALLEY PARKWAY  S,GERRARD ST E, ,Expressway,Mid-Block, ,No Control,Snow,Dark,Loose Snow,Non-Fatal Injury,SMV Other,Driver,40 to 44,,0,South,"Automobile, Station Wagon",Going Ahead,Driving Properly,Normal, , , , , , ,0,0,1,0,0,0,0,1,1,1,0,0,0,0
1078367,2008,12,31,0,52,2,43.66534538,-79.35619029,Toronto-Danforth (30),30,North Riverdale (68),68,D55,Toronto East York,DON VALLEY PARKWAY  S,GERRARD ST E, ,Expressway,Mid-Block, ,No Control,Snow,Dark,Loose Snow,Non-Fatal Injury,SMV Other,Other,unknown,,0, ,Other, , , , , , , , , ,0,0,1,0,0,0,0,1,1,1,0,0,0,0
1101573,2009,4,9,0,52,3,43.82454538,-79.24809029,Scarborough-Rouge River (41),41,Milliken (130),130,D42,Scarborough,MCNICOLL AVE,MARKHAM RD, ,Minor Arterial,Mid-Block, ,No Control,Clear,Dark,Dry,Non-Fatal Injury,Angle,Passenger,45 to 49,Major,0, ,Other, , , , , , , , , ,0,0,1,0,0,0,0,1,1,1,0,0,0,0
1101573,2009,4,9,0,52,3,43.82454538,-79.24809029,Scarborough-Rouge River (41),41,Milliken (130),130,D42,Scarborough,MCNICOLL AVE,MARKHAM RD, ,Minor Arterial,Mid-Block, ,No Control,Clear,Dark,Dry,Non-Fatal Injury,Angle,Driver,50 to 54,,0,North,"Automobile, Station Wagon",Going Ahead,Failed to Yield Right of Way,Normal, , , , , , ,0,0,1,0,0,0,0,1,1,1,0,0,0,0
1101573,2009,4,9,0,52,3,43.82454538,-79.24809029,Scarborough-Rouge River (41),41,Milliken (130),130,D42,Scarborough,MCNICOLL AVE,MARKHAM RD, ,Minor Arterial,Mid-Block, ,No Control,Clear,Dark,Dry,Non-Fatal Injury,Angle,Passenger,unknown,Minimal,0, ,Other, , , , , , , , , ,0,0,1,0,0,0,0,1,1,1,0,0,0,0
1101573,2009,4,9,0,52,3,43.82454538,-79.24809029,Scarborough-Rouge River (41),41,Milliken (130),130,D42,Scarborough,MCNICOLL AVE,MARKHAM RD, ,Minor Arterial,Mid-Block, ,No Control,Clear,Dark,Dry,Non-Fatal Injury,Angle,Driver,25 to 29,,0,East,"Automobile, Station Wagon",Going Ahead,Exceeding Speed Limit,Normal, , , , , , ,0,0,1,0,0,0,0,1,1,1,0,0,0,0
1126015,2009,9,22,0,52,1,43.76594538,-79.49609029,York West (8),8,York University Heights (27),27,D31,North York,MURRAY ROSS PKWY,LEITCH AVE, ,Collector,Intersection, ,No Control,Clear,Dark,Wet,Non-Fatal Injury,Pedestrian Collisions,Passenger,20 to 24,,0, ,Other, , , , , , , , , ,1,0,1,0,0,0,0,1,1,1,0,0,0,0
1126015,2009,9,22,0,52,1,43.76594538,-79.49609029,York West (8),8,York University Heights (27),27,D31,North York,MURRAY ROSS PKWY,LEITCH AVE, ,Collector,Intersection, ,No Control,Clear,Dark,Wet,Non-Fatal Injury,Pedestrian Collisions,Driver,25 to 29,,0,West,"Automobile, Station Wagon",Going Ahead,Exceeding Speed Limit,Unknown, , , , , , ,1,0,1,0,0,0,0,1,1,1,0,0,0,0