ACCNUM,YEAR,MONTH,DAY,HOUR,MINUTES,WEEKDAY,LATITUDE,LONGITUDE,Ward_Name,Ward_ID,Hood_Name,Hood_ID,Division,District,STREET1,STREET2,OFFSET,ROAD_CLASS,LOCCOORD,ACCLOC,TRAFFCTL,VISIBILITY,LIGHT,RDSFCOND,ACCLASS,IMPACTYPE,INVTYPE,INVAGE,INJURY,FATAL_NO,INITDIR,VEHTYPE,MANOEUVER,DRIVACT,DRIVCOND,PEDTYPE,PEDACT,PEDCOND,CYCLISTYPE,CYCACT,CYCCOND,PEDESTRIAN,CYCLIST,AUTOMOBILE,MOTORCYCLE,TRUCK,TRSN_CITY_VEH,EMERG_VEH,PASSENGER,SPEEDING,AG_DRIV,REDLIGHT,ALCOHOL,DISABILITY,label
1126015,2009,9,22,0,52,1,43.76594538,-79.49609029,York West (8),8,York University Heights (27),27,D31,North York,MURRAY ROSS PKWY,LEITCH AVE, ,Collector,Intersection, ,No Control,Clear,Dark,Wet,Non-Fatal Injury,Pedestrian Collisions,Pedestrian,20 to 24,Major,0, ,Other, , , ,Pedestrian hit on sidewalk or shoulder,On Sidewalk or Shoulder,Normal, , , ,1,0,1,0,0,0,0,1,1,1,0,0,0,0
1164945,2010,4,27,0,52,1,43.65484538,-79.39879029,Trinity-Spadina (20),20,Kensington-Chinatown (78),78,D52,Toronto East York,SPADINA Aven,BALDWIN Stre, ,Major Arterial,Intersection, ,No Control,Clear,Dark,Dry,Non-Fatal Injury,Pedestrian Collisions,Passenger,25 to 29,,0, ,Other, , , , , , , , , ,1,0,0,0,0,1,0,1,0,0,0,0,0,0
1164945,2010,4,27,0,52,1,43.65484538,-79.39879029,Trinity-Spadina (20),20,Kensington-Chinatown (78),78,D52,Toronto East York,SPADINA Aven,BALDWIN Stre, ,Major Arterial,Intersection, ,No Control,Clear,Dark,Dry,Non-Fatal Injury,Pedestrian Collisions,Passenger,15 to 19,,0, ,Other, , , , , , , , , ,1,0,0,0,0,1,0,1,0,0,0,0,0,0
1164945,2010,4,27,0,52,1,43.65484538,-79.39879029,Trinity-Spadina (20),20,Kensington-Chinatown (78),78,D52,Toronto East York,SPADINA Aven,BALDWIN Stre, ,Major Arterial,Intersection, ,No Control,Clear,Dark,Dry,Non-Fatal Injury,Pedestrian Collisions,Passenger,40 to 44,,0, ,Other, , , , , , , , , ,1,0,0,0,0,1,0,1,0,0,0,0,0,0
1164945,2010,4,27,0,52,1,43.65484538,-79.39879029,Trinity-Spadina (20),20,Kensington-Chinatown (78),78,D52,Toronto East York,SPADINA Aven,BALDWIN Stre, ,Major Arterial,Intersection, ,No Control,Clear,Dark,Dry,Non-Fatal Injury,Pedestrian Collisions,Pedestrian,15 to 19,Major,0,West,Other, , , ,Pedestrian involved in a collision with transit vehicle anywhere along roadway,Running onto Roadway,Unknown, , , ,1,0,0,0,0,1,0,1,0,0,0,0,0,0
1164945,2010,4,27,0,52,1,43.65484538,-79.39879029,Trinity-Spadina (20),20,Kensington-Chinatown (78),78,D52,Toronto East York,SPADINA Aven,BALDWIN Stre, ,Major Arterial,Intersection, ,No Control,Clear,Dark,Dry,Non-Fatal Injury,Pedestrian Collisions,Driver,25 to 29,,0,North,Municipal Transit Bus (TTC),Going Ahead,Driving Properly,Normal, , , , , , ,1,0,0,0,0,1,0,1,0,0,0,0,0,0
6001735682,2016,9,30,0,52,4,43.65061529,-79.44298182,Davenport (18),18,Little Portugal (84),84,D11,Toronto East York,DUNDAS ST W,STERLING RD, ,Minor Arterial,Intersection,At Intersection,Traffic Signal,Clear,"Dark, artificial",Dry,Non-Fatal Injury,Turning Movement,Driver,15 to 19,,0,South,"Automobile, Station Wagon",Turning Left,Disobeyed Traffic Control,Inattentive, , , , , , ,0,0,1,0,0,0,0,1,1,1,1,0,0,0
6001735682,2016,9,30,0,52,4,43.65061529,-79.44298182,Davenport (18),18,Little Portugal (84),84,D11,Toronto East York,DUNDAS ST W,STERLING RD, ,Minor Arterial,Intersection,At Intersection,Traffic Signal,Clear,"Dark, artificial",Dry,Non-Fatal Injury,Turning Movement,Driver,25 to 29,,0,West,"Automobile, Station Wagon",Going Ahead,Driving Properly,Normal, , , , , , ,0,0,1,0,0,0,0,1,1,1,1,0,0,0
6001735682,2016,9,30,0,52,4,43.65061529,-79.44298182,Davenport (18),18,Little Portugal (84),84,D11,Toronto East York,DUNDAS ST W,STERLING RD, ,Minor Arterial,Intersection,At Intersection,Traffic Signal,Clear,"Dark, artificial",Dry,Non-Fatal Injury,Turning Movement,Passenger,30 to 34,Major,0, , , , , , , , , , , ,0,0,1,0,0,0,0,1,1,1,1,0,0,0
1204643,2010,11,28,2,35,6,43.65624538,-79.38139029,Toronto Centre-Rosedale (27),27,Bay Street Corridor (76),76,D52,Toronto East York,DUNDAS ST W,YONGE ST, ,Major Arterial,Mid-Block, ,No Control,Clear,"Dark, artificial",Dry,Non-Fatal Injury,Pedestrian Collisions,Driver,unknown,,0,East,Taxi,Pulling Away from Shoulder or Curb,Failed to Yield Right of Way,Unknown, , , , , , ,1,0,1,0,0,0,0,0,0,1,0,0,0,0
1034841,2008,4,24,0,53,3,43.75904538,-79.50879029,York West (8),8,Glenfield-Jane Heights (25),25,D31,North York,FINCH AVE W,TOPCLIFF AVE, ,Major Arterial,Mid-Block,At Intersection,No Control,Clear,Dark,Dry,Non-Fatal Injury,Approaching,Driver,65 to 69,Major,0,West,"Automobile, Station Wagon",Going Ahead,Driving Properly,Normal, , , , , , ,0,0,1,0,0,0,0,0,0,0,0,0,0,0
1204643,2010,11,28,2,35,6,43.65624538,-79.38139029,Toronto Centre-Rosedale (27),27,Bay Street Corridor (76),76,D52,Toronto East York,DUNDAS ST W,YONGE ST, ,Major Arterial,Mid-Block, ,No Control,Clear,"Dark, artificial",Dry,Non-Fatal Injury,Pedestrian Collisions,Pedestrian,20 to 24,Major,0,Unknown,Other, , , ,Pedestrian hit at mid-block,Other,Had Been Drinking, , , ,1,0,1,0,0,0,0,0,0,1,0,0,0,0
1034841,2008,4,24,0,53,3,43.75904538,-79.50879029,York West (8),8,Glenfield-Jane Heights (25),25,D31,North York,FINCH AVE W,TOPCLIFF AVE, ,Major Arterial,Mid-Block,At Intersection,No Control,Clear,Dark,Dry,Non-Fatal Injury,Approaching,Driver,45 to 49,Minor,0,East,"Automobile, Station Wagon",Going Ahead,Lost control,Inattentive, , , , , , ,0,0,1,0,0,0,0,0,0,0,0,0,0,0
1045221,2008,6,27,0,53,4,43.63604538,-79.40189029,Trinity-Spadina (19),19,Niagara (82),82,D14,Toronto East York,FLEET ST,STADIUM RD, ,Collector,Intersection, ,No Control,Clear,Dark,Dry,Fatal,Approaching,Vehicle Owner,unknown, ,0, ,Other, , , , , , , , , ,0,0,1,0,0,1,0,1,1,1,0,1,0,1
1045221,2008,6,27,0,53,4,43.63604538,-79.40189029,Trinity-Spadina (19),19,Niagara (82),82,D14,Toronto East York,FLEET ST,STADIUM RD, ,Collector,Intersection, ,No Control,Clear,Dark,Dry,Fatal,Approaching,Driver,30 to 34,,0,East,Municipal Transit Bus (TTC),Going Ahead,Driving Properly,Normal, , , , , , ,0,0,1,0,0,1,0,1,1,1,0,1,0,1
1045221,2008,6,27,0,53,4,43.63604538,-79.40189029,Trinity-Spadina (19),19,Niagara (82),82,D14,Toronto East York,FLEET ST,STADIUM RD, ,Collector,Intersection, ,No Control,Clear,Dark,Dry,Fatal,Approaching,Passenger,20 to 24,Major,0, ,Other, , , , , , , , , ,0,0,1,0,0,1,0,1,1,1,0,1,0,1
1045221,2008,6,27,0,53,4,43.63604538,-79.40189029,Trinity-Spadina (19),19,Niagara (82),82,D14,Toronto East York,FLEET ST,STADIUM RD, ,Collector,Intersection, ,No Control,Clear,Dark,Dry,Fatal,Approaching,Driver,20 to 24,Fatal,28,West,"Automobile, Station Wagon",Going Ahead,Wrong Way on One Way Road,"Ability Impaired, Alcohol", , , , , , ,0,0,1,0,0,1,0,1,1,1,0,1,0,1
1307048,2012,6,24,0,54,6,43.68324538,-79.41809029,St. Paul's (21),21,Casa Loma (96),96,D13,Toronto East York,ST CLAIR AVE W,BATHURST ST, ,Major Arterial,Intersection, ,No Control,Clear,"Dark, artificial",Dry,Non-Fatal Injury,Pedestrian Collisions,Vehicle Owner,unknown, ,0, ,Other, , , , , , , , , ,1,0,0,0,0,1,0,0,0,0,0,0,0,0
1307048,2012,6,24,0,54,6,43.68324538,-79.41809029,St. Paul's (21),21,Casa Loma (96),96,D13,Toronto East York,ST CLAIR AVE W,BATHURST ST, ,Major Arterial,Intersection, ,No Control,Clear,"Dark, artificial",Dry,Non-Fatal Injury,Pedestrian Collisions,Driver,40 to 44,,0,East,Municipal Transit Bus (TTC),Going Ahead,Driving Properly,Unknown, , , , , , ,1,0,0,0,0,1,0,0,0,0,0,0,0,0
1307048,2012,6,24,0,54,6,43.68324538,-79.41809029,St. Paul's (21),21,Casa Loma (96),96,D13,Toronto East York,ST CLAIR AVE W,BATHURST ST, ,Major Arterial,Intersection, ,No Control,Clear,"Dark, artificial",Dry,Non-Fatal Injury,Pedestrian Collisions,Pedestrian,20 to 24,Major,0,North,Other, , , ,Pedestrian involved in a collision with transit vehicle anywhere along roadway,"Crossing, no Traffic Control",Had Been Drinking, , , ,1,0,0,0,0,1,0,0,0,0,0,0,0,0
5001667907,2015,9,27,0,54,6,43.66364248,-79.46379481,Parkdale-High Park (14),14,Junction Area (90),90,D11,Toronto East York,KEELE ST,ANNETTE ST,9 m South of,Major Arterial,Intersection,Intersection Related,Traffic Signal,Clear,"Dark, artificial",Dry,Non-Fatal Injury,Cyclist Collisions,Cyclist,25 to 29,Major,0,South,Bicycle,Going Ahead, , , , , ,"Cyclist without ROW rides into path of motorist at inter, lnwy, dwy-Cyclist not turn.",Disobeyed Traffic Control,Normal,0,1,0,0,0,1,0,0,0,0,0,0,0,0
5001667907,2015,9,27,0,54,6,43.66364248,-79.46379481,Parkdale-High Park (14),14,Junction Area (90),90,D11,Toronto East York,KEELE ST,ANNETTE ST,9 m South of,Major Arterial,Intersection,Intersection Related,Traffic Signal,Clear,"Dark, artificial",Dry,Non-Fatal Injury,Cyclist Collisions,Driver,35 to 39,,0,South,Municipal Transit Bus (TTC),Turning Right,Driving Properly,Normal, , , , , , ,0,1,0,0,0,1,0,0,0,0,0,0,0,0
5001995659,2015,11,21,0,55,5,43.74192007,-79.3251916,Don Valley East (34),34,Parkwoods-Donalda (45),45,D33,North York,UNDERHILL DR,ROANOKE RD, ,Collector,Intersection,Intersection Related,Stop Sign,Clear,"Dark, artificial",Dry,Non-Fatal Injury,Turning Movement,Driver,70 to 74,Major,0,South,"Automobile, Station Wagon",Going Ahead,Speed too Fast For Condition,"Ability Impaired, Alcohol Over .08", , , , , , ,0,0,1,0,0,0,0,0,1,1,0,1,0,0
5001995659,2015,11,21,0,55,5,43.74192007,-79.3251916,Don Valley East (34),34,Parkwoods-Donalda (45),45,D33,North York,UNDERHILL DR,ROANOKE RD, ,Collector,Intersection,Intersection Related,Stop Sign,Clear,"Dark, artificial",Dry,Non-Fatal Injury,Turning Movement,Driver,25 to 29,Minimal,0,East,"Automobile, Station Wagon",Turning Left,Improper Turn,Normal, , , , , , ,0,0,1,0,0,0,0,0,1,1,0,1,0,0
1009018,2007,12,16,0,58,6,43.74364538,-79.33259029,Don Valley East (34),34,Parkwoods-Donalda (45),45,D33,North York,DON VALLEY PARKWAY  S,LAWRENCE AVE E, ,Expressway,Mid-Block, ,No Control,Snow,Dark,Loose Snow,Non-Fatal Injury,SMV Other,Vehicle Owner,unknown, ,0, ,Other, , , , , , , , , ,0,0,1,0,0,0,0,0,0,0,0,0,0,0
1009018,2007,12,16,0,58,6,43.74364538,-79.33259029,Don Valley East (34),34,Parkwoods-Donalda (45),45,D33,North York,DON VALLEY PARKWAY  S,LAWRENCE AVE E, ,Expressway,Mid-Block, ,No Control,Snow,Dark,Loose Snow,Non-Fatal Injury,SMV Other,Driver,40 to 44,,0,South, ,Going Ahead,Driving Properly,Normal, , , , , , ,0,0,1,0,0,0,0,0,0,0,0,0,0,0
1009018,2007,12,16,0,58,6,43.74364538,-79.33259029,Don Valley East (34),34,Parkwoods-Donalda (45),45,D33,North York,DON VALLEY PARKWAY  S,LAWRENCE AVE E, ,Expressway,Mid-Block, ,No Control,Snow,Dark,Loose Snow,Non-Fatal Injury,SMV Other,Vehicle Owner,unknown, ,0, ,Other, , , , , , , , , ,0,0,1,0,0,0,0,0,0,0,0,0,0,0
1009018,2007,12,16,0,58,6,43.74364538,-79.33259029,Don Valley East (34),34,Parkwoods-Donalda (45),45,D33,North York,DON VALLEY PARKWAY  S,LAWRENCE AVE E, ,Expressway,Mid-Block, ,No Control,Snow,Dark,Loose Snow,Non-Fatal Injury,SMV Other,Driver,20 to 24,Major,0,South,"Automobile, Station Wagon",Going Ahead,Lost control,Normal, , , , , , ,0,0,1,0,0,0,0,0,0,0,0,0,0,0
2015466893,2015,3,20,0,58,4,43.69252737,-79.34350214,Toronto-Danforth (29),29,Old East York (58),58,D54,Toronto East York,262 TORRENS AVE, , ,Local,Mid-Block, ,No Control,Clear,Dark,Dry,Fatal,Pedestrian Collisions,Pedestrian,85 to 89,Fatal,11,North, , , , ,Pedestrian hit on sidewalk or shoulder,On Sidewalk or Shoulder,Unknown, , , ,1,0,1,0,0,0,0,0,0,0,0,0,0,1
2015466893,2015,3,20,0,58,4,43.69252737,-79.34350214,Toronto-Danforth (29),29,Old East York (58),58,D54,Toronto East York,262 TORRENS AVE, , ,Local,Mid-Block, ,No Control,Clear,Dark,Dry,Fatal,Pedestrian Collisions,Driver,25 to 29,,0,South,"Automobile, Station Wagon",Reversing,Other,Inattentive, , , , , , ,1,0,1,0,0,0,0,0,0,0,0,0,0,1
1250055,2011,7,9,1,0,5,43.83964538,-79.23769029,Scarborough-Rouge River (42),42,Rouge (131),131,D42,Scarborough,STEELES AVE E,STAINES RD, ,Minor Arterial,Mid-Block, ,No Control,Clear,Dark,Dry,Non-Fatal Injury,Approaching,Passenger,0 to 4,Major,0, ,Other, , , , , , , , , ,0,0,1,0,0,0,0,1,0,0,0,0,0,0
1250055,2011,7,9,1,0,5,43.83964538,-79.23769029,Scarborough-Rouge River (42),42,Rouge (131),131,D42,Scarborough,STEELES AVE E,STAINES RD, ,Minor Arterial,Mid-Block, ,No Control,Clear,Dark,Dry,Non-Fatal Injury,Approaching,Driver,40 to 44,Major,0,East,"Automobile, Station Wagon",Going Ahead,Lost control,Unknown, , , , , , ,0,0,1,0,0,0,0,1,0,0,0,0,0,0
1250055,2011,7,9,1,0,5,43.83964538,-79.23769029,Scarborough-Rouge River (42),42,Rouge (131),131,D42,Scarborough,STEELES AVE E,STAINES RD, ,Minor Arterial,Mid-Block, ,No Control,Clear,Dark,Dry,Non-Fatal Injury,Approaching,Vehicle Owner,unknown, ,0, ,Other, , , , , , , , , ,0,0,1,0,0,0,0,1,0,0,0,0,0,0
1250055,2011,7,9,1,0,5,43.83964538,-79.23769029,Scarborough-Rouge River (42),42,Rouge (131),131,D42,Scarborough,STEELES AVE E,STAINES RD, ,Minor Arterial,Mid-Block, ,No Control,Clear,Dark,Dry,Non-Fatal Injury,Approaching,Driver,50 to 54,,0,West,"Automobile, Station Wagon",Going Ahead,Driving Properly,Normal, , , , , , ,0,0,1,0,0,0,0,1,0,0,0,0,0,0
1329833,2012,11,2,1,0,4,43.68654538,-79.44159029,Eglinton-Lawrence (15),15,Oakwood Village (107),107,D13,North York,GLENHOLME AVE,ROGERS RD, ,Local,Intersection,At Intersection,Traffic Signal,Clear,Daylight,Dry,Non-Fatal Injury,Pedestrian Collisions,Driver,55 to 59,,0,South,"Automobile, Station Wagon",Turning Left,Failed to Yield Right of Way,Inattentive, , , , , , ,1,0,1,0,0,0,0,0,0,1,0,0,0,0
1329833,2012,11,2,1,0,4,43.68654538,-79.44159029,Eglinton-Lawrence (15),15,Oakwood Village (107),107,D13,North York,GLENHOLME AVE,ROGERS RD, ,Local,Intersection,At Intersection,Traffic Signal,Clear,Daylight,Dry,Non-Fatal Injury,Pedestrian Collisions,Pedestrian,50 to 54,Major,0,North,Other, , , ,Vehicle turns left while ped crosses with ROW at inter.,Crossing with right of way,Normal, , , ,1,0,1,0,0,0,0,0,0,1,0,0,0,0
4002650961,2014,8,7,1,0,3,43.71725805,-79.59560786,Etobicoke North (2),2,West Humber-Clairville (1),1,D23,Etobicoke York,REXDALE BLVD,HIGHWAY 27  N,17 m West of,Major Arterial,Intersection,Non Intersection,Traffic Signal,Clear,"Dusk, artificial",Dry,Non-Fatal Injury,SMV Other,Motorcycle Driver,35 to 39,Major,0,West,Motorcycle,Going Ahead,Lost control,Unknown, , , , , , ,0,0,0,1,0,0,0,0,0,0,0,0,0,0
5000663068,2015,4,22,1,0,2,43.67149313,-79.31036768,Beaches-East York (32),32,The Beaches (63),63,D55,Toronto East York,KINGSTON RD,COLUMBINE AVE,9 m West of,Major Arterial,Intersection,Non Intersection,No Control,Rain,Dark,Wet,Non-Fatal Injury,SMV Unattended Vehicle,Driver,45 to 49,Major,0,West,"Automobile, Station Wagon",Going Ahead,Lost control,Unknown, , , , , , ,0,0,1,0,0,0,0,0,1,1,0,0,0,0
2015756531,2015,5,7,1,0,3,43.67162665,-79.36584101,Toronto Centre-Rosedale (28),28,Cabbagetown-South St.James Town (71),71,D51,Toronto East York,ROSEDALE VALLEY RD,BAYVIEW AVE, ,Minor Arterial,Mid-Block,Non Intersection,No Control,Clear,"Dark, artificial",Dry,Fatal,SMV Other,Motorcycle Passenger,20 to 24,Major,0, , , , , , , , , , , ,0,0,0,1,0,0,0,1,1,1,0,0,0,1
2015756531,2015,5,7,1,0,3,43.67162665,-79.36584101,Toronto Centre-Rosedale (28),28,Cabbagetown-South St.James Town (71),71,D51,Toronto East York,ROSEDALE VALLEY RD,BAYVIEW AVE, ,Minor Arterial,Mid-Block,Non Intersection,No Control,Clear,"Dark, artificial",Dry,Fatal,SMV Other,Motorcycle Driver,25 to 29,Fatal,20,West,Motorcycle,Going Ahead,Lost control,Unknown, , , , , , ,0,0,0,1,0,0,0,1,1,1,0,0,0,1
1321287,2012,9,16,1,1,6,43.67454538,-79.43259029,Davenport (17),17,Wychwood (94),94,D13,Etobicoke York,DAVENPORT Rd,MOUNT ROYAL Ave, ,Minor Arterial,Intersection,At Intersection,No Control,Clear,"Dark, artificial",Dry,Non-Fatal Injury,Cyclist Collisions,Moped Driver,60 to 64,Major,0,East,Moped,Going Ahead,Following too Close,Had Been Drinking, , , , , , ,0,1,0,0,0,0,0,0,0,1,0,0,0,0
1321287,2012,9,16,1,1,6,43.67454538,-79.43259029,Davenport (17),17,Wychwood (94),94,D13,Etobicoke York,DAVENPORT Rd,MOUNT ROYAL Ave, ,Minor Arterial,Intersection,At Intersection,No Control,Clear,"Dark, artificial",Dry,Non-Fatal Injury,Cyclist Collisions,Cyclist,30 to 34,Minor,0,East,Bicycle,Turning Left, , , , , ,Cyclist and Driver travelling in same direction. One vehicle rear-ended the other.,Driving Properly,Had Been Drinking,0,1,0,0,0,0,0,0,0,1,0,0,0,0
1266990,2011,12,1,1,2,3,43.70214538,-79.50359029,York South-Weston (12),12,Brookhaven-Amesbury (30),30,D12,Etobicoke York,JANE ST,ELLIS AVE, ,Major Arterial,Intersection, ,No Control,Clear,"Dark, artificial",Dry,Fatal,Pedestrian Collisions,Driver,45 to 49,,0,North,"Automobile, Station Wagon",Going Ahead,Driving Properly,Normal, , , , , , ,1,0,1,0,0,0,0,0,0,0,0,0,0,1
1266990,2011,12,1,1,2,3,43.70214538,-79.50359029,York South-Weston (12),12,Brookhaven-Amesbury (30),30,D12,Etobicoke York,JANE ST,ELLIS AVE, ,Major Arterial,Intersection, ,No Control,Clear,"Dark, artificial",Dry,Fatal,Pedestrian Collisions,Pedestrian,50 to 54,Fatal,32,Unknown,Other, , , ,Other / Undefined,Other,Unknown, , , ,1,0,1,0,0,0,0,0,0,0,0,0,0,1
1315100,2012,9,14,1,2,4,43.63478811,-79.47024927,Parkdale-High Park (13),13,South Parkdale (85),85,D11,Etobicoke York,F G GARDINER XY  E,SOUTH KINGSWAY, ,Expressway,Mid-Block, ,No Control,Clear,"Dark, artificial",Dry,Fatal,SMV Other,Vehicle Owner,unknown, ,0, , , , , , , , , , , ,0,0,1,1,0,0,0,0,0,0,0,0,0,1
1315100,2012,9,14,1,2,4,43.63478811,-79.47024927,Parkdale-High Park (13),13,South Parkdale (85),85,D11,Etobicoke York,F G GARDINER XY  E,SOUTH KINGSWAY, ,Expressway,Mid-Block, ,No Control,Clear,"Dark, artificial",Dry,Fatal,SMV Other,Driver,35 to 39,,0,West,"Automobile, Station Wagon",Going Ahead,Driving Properly,Normal, , , , , , ,0,0,1,1,0,0,0,0,0,0,0,0,0,1
1315100,2012,9,14,1,2,4,43.63478811,-79.47024927,Parkdale-High Park (13),13,South Parkdale (85),85,D11,Etobicoke York,F G GARDINER XY  E,SOUTH KINGSWAY, ,Expressway,Mid-Block, ,No Control,Clear,"Dark, artificial",Dry,Fatal,SMV Other,Vehicle Owner,unknown, ,0, , , , , , , , , , , ,0,0,1,1,0,0,0,0,0,0,0,0,0,1
1315100,2012,9,14,1,2,4,43.63478811,-79.47024927,Parkdale-High Park (13),13,South Parkdale (85),85,D11,Etobicoke York,F G GARDINER XY  E,SOUTH KINGSWAY, ,Expressway,Mid-Block, ,No Control,Clear,"Dark, artificial",Dry,Fatal,SMV Other,Motorcycle Driver,30 to 34,Fatal,31,East,Motorcycle,Going Ahead,Lost control,Had Been Drinking, , , , , , ,0,0,1,1,0,0,0,0,0,0,0,0,0,1
1025521,2008,2,18,1,3,0,43.59424538,-79.53449029,Etobicoke-Lakeshore (6),6,Long Branch (19),19,D22,Etobicoke York,LAKE SHORE BLVD W,THIRTY FIFTH ST, ,Major Arterial,Mid-Block, ,No Control,Rain,Dark,Wet,Non-Fatal Injury,SMV Other,Driver,60 to 64,Major,0,East,"Automobile, Station Wagon",Other,Lost control,"Ability Impaired, Alcohol Over .08", , , , , , ,0,0,1,0,0,0,0,0,1,1,0,1,0,0
1321399,2012,9,16,1,3,6,43.67454489,-79.43259058,Davenport (17),17,Wychwood (94),94,D13,Etobicoke York,DAVENPORT RD,MOUNT ROYAL AVE, ,Minor Arterial,Intersection, ,No Control,Clear,Dark,Dry,Non-Fatal Injury,Pedestrian Collisions,Driver,25 to 29,,0,East,"Automobile, Station Wagon",Going Ahead,Other,Normal, , , , , , ,1,0,1,0,0,0,0,0,0,0,0,0,0,0
1321399,2012,9,16,1,3,6,43.67454489,-79.43259058,Davenport (17),17,Wychwood (94),94,D13,Etobicoke York,DAVENPORT RD,MOUNT ROYAL AVE, ,Minor Arterial,Intersection, ,No Control,Clear,Dark,Dry,Non-Fatal Injury,Pedestrian Collisions,Pedestrian,60 to 64,Major,0,Unknown, , , , ,Vehicle is going straight thru inter.while ped cross without ROW,Other,Medical or Physical Disability, , , ,1,0,1,0,0,0,0,0,0,0,0,0,0,0
1326699,2012,11,18,1,4,6,43.66114538,-79.35819029,Toronto Centre-Rosedale (28),28,Regent Park (72),72,D51,Toronto East York,DUNDAS ST E,RIVER ST, ,Major Arterial,Intersection,At Intersection,Traffic Controller,Clear,"Dark, artificial",Dry,Non-Fatal Injury,Pedestrian Collisions,Vehicle Owner,unknown, ,0, ,Other, , , , , , , , , ,1,0,1,0,0,0,0,0,0,1,0,0,0,0
1326699,2012,11,18,1,4,6,43.66114538,-79.35819029,Toronto Centre-Rosedale (28),28,Regent Park (72),72,D51,Toronto East York,DUNDAS ST E,RIVER ST, ,Major Arterial,Intersection,At Intersection,Traffic Controller,Clear,"Dark, artificial",Dry,Non-Fatal Injury,Pedestrian Collisions,Driver,unknown,,0,North,"Automobile, Station Wagon",Turning Left,Failed to Yield Right of Way,Normal, , , , , , ,1,0,1,0,0,0,0,0,0,1,0,0,0,0
1326699,2012,11,18,1,4,6,43.66114538,-79.35819029,Toronto Centre-Rosedale (28),28,Regent Park (72),72,D51,Toronto East York,DUNDAS ST E,RIVER ST, ,Major Arterial,Intersection,At Intersection,Traffic Controller,Clear,"Dark, artificial",Dry,Non-Fatal Injury,Pedestrian Collisions,Pedestrian,40 to 44,Major,0,North,Other, , , ,Vehicle turns left while ped crosses with ROW at inter.,Crossing with right of way,Normal, , , ,1,0,1,0,0,0,0,0,0,1,0,0,0,0
5000286208,2015,2,18,1,4,2,43.65774115,-79.37080012,Toronto Centre-Rosedale (27),27,Moss Park (73),73,D51,Toronto East York,SHERBOURNE ST,DUNDAS ST E,50 m South of,Major Arterial,Mid-Block,Intersection Related,No Control,Clear,"Dark, artificial",Wet,Fatal,Pedestrian Collisions,Driver,30 to 34,,0,South,"Automobile, Station Wagon",Going Ahead,Exceeding Speed Limit,Had Been Drinking, , , , , , ,1,0,1,0,0,0,0,0,1,1,0,0,0,1
5000286208,2015,2,18,1,4,2,43.65774115,-79.37080012,Toronto Centre-Rosedale (27),27,Moss Park (73),73,D51,Toronto East York,SHERBOURNE ST,DUNDAS ST E,50 m South of,Major Arterial,Mid-Block,Intersection Related,No Control,Clear,"Dark, artificial",Wet,Fatal,Pedestrian Collisions,Pedestrian,55 to 59,Fatal,7,Unknown, , , , ,Pedestrian hit at mid-block,"Crossing, no Traffic Control",Other, , , ,1,0,1,0,0,0,0,0,1,1,0,0,0,1
1184369,2010,7,12,1,5,0,43.77204538,-79.25149029,Scarborough Centre (38),38,Bendale (127),127,D43,Scarborough,ELLESMERE Road,MCCOWAN Road, ,Major Arterial,Intersection,At Intersection,Traffic Signal,Clear,Dark,Dry,Non-Fatal Injury,SMV Other,Driver,20 to 24,Major,0,East,"Automobile, Station Wagon",Going Ahead,Exceeding Speed Limit,Had Been Drinking, , , , , , ,0,0,1,0,0,0,0,0,1,1,0,0,0,0
1184369,2010,7,12,1,5,0,43.77204538,-79.25149029,Scarborough Centre (38),38,Bendale (127),127,D43,Scarborough,ELLESMERE Road,MCCOWAN Road, ,Major Arterial,Intersection,At Intersection,Traffic Signal,Clear,Dark,Dry,Non-Fatal Injury,SMV Other,Other Property Owner,unknown, ,0, ,Other, , , , , , , , , ,0,0,1,0,0,0,0,0,1,1,0,0,0,0
1210132,2011,1,2,1,5,6,43.77214538,-79.25149029,Scarborough Centre (38),38,Woburn (137),137,D43,Scarborough,MCCOWAN RD,ELLESMERE RD, ,Major Arterial,Intersection,At Intersection,Traffic Signal,Clear,Dark,Dry,Non-Fatal Injury,Turning Movement,Driver,55 to 59,,0,South,"Automobile, Station Wagon",Turning Left,Improper Turn,Normal, , , , , , ,0,0,1,1,0,0,0,0,1,1,0,0,0,0
1210132,2011,1,2,1,5,6,43.77214538,-79.25149029,Scarborough Centre (38),38,Woburn (137),137,D43,Scarborough,MCCOWAN RD,ELLESMERE RD, ,Major Arterial,Intersection,At Intersection,Traffic Signal,Clear,Dark,Dry,Non-Fatal Injury,Turning Movement,Motorcycle Driver,20 to 24,Major,0,North,Motorcycle,Going Ahead,Exceeding Speed Limit,Normal, , , , , , ,0,0,1,1,0,0,0,0,1,1,0,0,0,0
7001656927,2017,9,13,1,5,2,43.66590842,-79.40743647,Trinity-Spadina (20),20,University (79),79,D14,Toronto East York,BLOOR ST W,BRUNSWICK AVE, ,Major Arterial,Intersection,At Intersection,Traffic Signal,Clear,"Dark, artificial",Dry,Non-Fatal Injury,Cyclist Collisions,Cyclist,20 to 24,Major,0,West,Bicycle,Making U Turn, , , , , ,Cyclist makes u-turn in-front of driver.,Improper Turn,Had Been Drinking,0,1,0,1,0,0,0,0,0,0,0,0,0,0