ACCNUM,YEAR,MONTH,DAY,HOUR,MINUTES,WEEKDAY,LATITUDE,LONGITUDE,Ward_Name,Ward_ID,Hood_Name,Hood_ID,Division,District,STREET1,STREET2,OFFSET,ROAD_CLASS,LOCCOORD,ACCLOC,TRAFFCTL,VISIBILITY,LIGHT,RDSFCOND,ACCLASS,IMPACTYPE,INVTYPE,INVAGE,INJURY,FATAL_NO,INITDIR,VEHTYPE,MANOEUVER,DRIVACT,DRIVCOND,PEDTYPE,PEDACT,PEDCOND,CYCLISTYPE,CYCACT,CYCCOND,PEDESTRIAN,CYCLIST,AUTOMOBILE,MOTORCYCLE,TRUCK,TRSN_CITY_VEH,EMERG_VEH,PASSENGER,SPEEDING,AG_DRIV,REDLIGHT,ALCOHOL,DISABILITY,label
7001656927,2017,9,13,1,5,2,43.66590842,-79.40743647,Trinity-Spadina (20),20,University (79),79,D14,Toronto East York,BLOOR ST W,BRUNSWICK AVE, ,Major Arterial,Intersection,At Intersection,Traffic Signal,Clear,"Dark, artificial",Dry,Non-Fatal Injury,Cyclist Collisions,Motorcycle Driver,20 to 24,,0,East,Motorcycle,Going Ahead,Driving Properly,Normal, , , , , , ,0,1,0,1,0,0,0,0,0,0,0,0,0,0
4002803822,2014,8,30,1,8,5,43.68271216,-79.41811762,St. Paul's (21),21,Casa Loma (96),96,D13,Toronto East York,BATHURST ST,ST CLAIR AVE W,41 m South of,Major Arterial,Mid-Block,Non Intersection,No Control,Clear,"Dark, artificial",Dry,Non-Fatal Injury,Pedestrian Collisions,Driver,20 to 24,,0,South,"Automobile, Station Wagon",Going Ahead,Driving Properly,Normal, , , , , , ,1,0,1,0,0,0,0,1,0,0,0,0,0,0
4002803822,2014,8,30,1,8,5,43.68271216,-79.41811762,St. Paul's (21),21,Casa Loma (96),96,D13,Toronto East York,BATHURST ST,ST CLAIR AVE W,41 m South of,Major Arterial,Mid-Block,Non Intersection,No Control,Clear,"Dark, artificial",Dry,Non-Fatal Injury,Pedestrian Collisions,Passenger,60 to 64,,0, , , , , , , , , , , ,1,0,1,0,0,0,0,1,0,0,0,0,0,0
4002803822,2014,8,30,1,8,5,43.68271216,-79.41811762,St. Paul's (21),21,Casa Loma (96),96,D13,Toronto East York,BATHURST ST,ST CLAIR AVE W,41 m South of,Major Arterial,Mid-Block,Non Intersection,No Control,Clear,"Dark, artificial",Dry,Non-Fatal Injury,Pedestrian Collisions,Passenger,60 to 64,,0, , , , , , , , , , , ,1,0,1,0,0,0,0,1,0,0,0,0,0,0
4002803822,2014,8,30,1,8,5,43.68271216,-79.41811762,St. Paul's (21),21,Casa Loma (96),96,D13,Toronto East York,BATHURST ST,ST CLAIR AVE W,41 m South of,Major Arterial,Mid-Block,Non Intersection,No Control,Clear,"Dark, artificial",Dry,Non-Fatal Injury,Pedestrian Collisions,Pedestrian,15 to 19,Major,0,West, , , , ,Pedestrian hit at mid-block,Running onto Roadway,Unknown, , , ,1,0,1,0,0,0,0,1,0,0,0,0,0,0
5002075350,2015,12,4,1,9,4,43.66945608,-79.37664423,Toronto Centre-Rosedale (27),27,North St.James Town (74),74,D51,Toronto East York,ISABELLA ST,SHERBOURNE ST,70 m West of,Collector,Mid-Block,Non Intersection,No Control,Clear,Dark,Dry,Non-Fatal Injury,Pedestrian Collisions,Driver,45 to 49,,0,West,"Automobile, Station Wagon",Going Ahead,Driving Properly,Normal, , , , , , ,1,0,1,0,0,0,0,1,0,0,0,0,0,0
5002075350,2015,12,4,1,9,4,43.66945608,-79.37664423,Toronto Centre-Rosedale (27),27,North St.James Town (74),74,D51,Toronto East York,ISABELLA ST,SHERBOURNE ST,70 m West of,Collector,Mid-Block,Non Intersection,No Control,Clear,Dark,Dry,Non-Fatal Injury,Pedestrian Collisions,Passenger,20 to 24,,0, , , , , , , , , , , ,1,0,1,0,0,0,0,1,0,0,0,0,0,0
5002075350,2015,12,4,1,9,4,43.66945608,-79.37664423,Toronto Centre-Rosedale (27),27,North St.James Town (74),74,D51,Toronto East York,ISABELLA ST,SHERBOURNE ST,70 m West of,Collector,Mid-Block,Non Intersection,No Control,Clear,Dark,Dry,Non-Fatal Injury,Pedestrian Collisions,Pedestrian,25 to 29,Major,0,North, , , , ,Pedestrian hit at mid-block,Running onto Roadway,Inattentive, , , ,1,0,1,0,0,0,0,1,0,0,0,0,0,0
961403,2007,3,3,1,10,5,43.66094538,-79.37479029,Toronto Centre-Rosedale (27),27,Moss Park (73),73,D51,Toronto East York,HORTICULTURAL AVE,GERRARD ST E, ,Local,Mid-Block, ,No Control,Clear,Dark,Ice,Non-Fatal Injury,Pedestrian Collisions,Vehicle Owner,unknown,,0, ,Other, , , , , , , , , ,1,0,1,0,0,0,0,0,1,1,0,1,0,0
961403,2007,3,3,1,10,5,43.66094538,-79.37479029,Toronto Centre-Rosedale (27),27,Moss Park (73),73,D51,Toronto East York,HORTICULTURAL AVE,GERRARD ST E, ,Local,Mid-Block, ,No Control,Clear,Dark,Ice,Non-Fatal Injury,Pedestrian Collisions,Driver,50 to 54,,0,South,"Automobile, Station Wagon",Going Ahead,Lost control,"Ability Impaired, Alcohol", , , , , , ,1,0,1,0,0,0,0,0,1,1,0,1,0,0
961403,2007,3,3,1,10,5,43.66094538,-79.37479029,Toronto Centre-Rosedale (27),27,Moss Park (73),73,D51,Toronto East York,HORTICULTURAL AVE,GERRARD ST E, ,Local,Mid-Block, ,No Control,Clear,Dark,Ice,Non-Fatal Injury,Pedestrian Collisions,Other Property Owner,unknown,,0, ,Other, , , , , , , , , ,1,0,1,0,0,0,0,0,1,1,0,1,0,0
961403,2007,3,3,1,10,5,43.66094538,-79.37479029,Toronto Centre-Rosedale (27),27,Moss Park (73),73,D51,Toronto East York,HORTICULTURAL AVE,GERRARD ST E, ,Local,Mid-Block, ,No Control,Clear,Dark,Ice,Non-Fatal Injury,Pedestrian Collisions,Pedestrian,50 to 54,Major,0, ,Other, , , ,Pedestrian hit on sidewalk or shoulder,On Sidewalk or Shoulder,Normal, , , ,1,0,1,0,0,0,0,0,1,1,0,1,0,0
1177627,2010,7,18,1,10,6,43.75684538,-79.22939029,Scarborough Centre (38),38,Woburn (137),137,D43,Scarborough,GREENCEDAR CRCT,DAPHNE RD, ,Collector,Intersection,At Intersection,No Control,Clear,Dark,Dry,Fatal,SMV Other,Vehicle Owner,unknown, ,0, ,Other, , , , , , , , , ,0,0,1,0,0,0,0,1,0,0,0,0,0,1
1177627,2010,7,18,1,10,6,43.75684538,-79.22939029,Scarborough Centre (38),38,Woburn (137),137,D43,Scarborough,GREENCEDAR CRCT,DAPHNE RD, ,Collector,Intersection,At Intersection,No Control,Clear,Dark,Dry,Fatal,SMV Other,Passenger,15 to 19,Minor,0, ,Other, , , , , , , , , ,0,0,1,0,0,0,0,1,0,0,0,0,0,1
1177627,2010,7,18,1,10,6,43.75684538,-79.22939029,Scarborough Centre (38),38,Woburn (137),137,D43,Scarborough,GREENCEDAR CRCT,DAPHNE RD, ,Collector,Intersection,At Intersection,No Control,Clear,Dark,Dry,Fatal,SMV Other,Passenger,15 to 19,Major,0, ,Other, , , , , , , , , ,0,0,1,0,0,0,0,1,0,0,0,0,0,1
1177627,2010,7,18,1,10,6,43.75684538,-79.22939029,Scarborough Centre (38),38,Woburn (137),137,D43,Scarborough,GREENCEDAR CRCT,DAPHNE RD, ,Collector,Intersection,At Intersection,No Control,Clear,Dark,Dry,Fatal,SMV Other,Passenger,15 to 19,Major,0, ,Other, , , , , , , , , ,0,0,1,0,0,0,0,1,0,0,0,0,0,1
1177627,2010,7,18,1,10,6,43.75684538,-79.22939029,Scarborough Centre (38),38,Woburn (137),137,D43,Scarborough,GREENCEDAR CRCT,DAPHNE RD, ,Collector,Intersection,At Intersection,No Control,Clear,Dark,Dry,Fatal,SMV Other,Passenger,15 to 19,Fatal,26, ,Other, , , , , , , , , ,0,0,1,0,0,0,0,1,0,0,0,0,0,1
1177627,2010,7,18,1,10,6,43.75684538,-79.22939029,Scarborough Centre (38),38,Woburn (137),137,D43,Scarborough,GREENCEDAR CRCT,DAPHNE RD, ,Collector,Intersection,At Intersection,No Control,Clear,Dark,Dry,Fatal,SMV Other,Driver,15 to 19,Major,0,East,"Automobile, Station Wagon",Going Ahead,Lost control,Unknown, , , , , , ,0,0,1,0,0,0,0,1,0,0,0,0,0,1
1177627,2010,7,18,1,10,6,43.75684538,-79.22939029,Scarborough Centre (38),38,Woburn (137),137,D43,Scarborough,GREENCEDAR CRCT,DAPHNE RD, ,Collector,Intersection,At Intersection,No Control,Clear,Dark,Dry,Fatal,SMV Other,Other Property Owner,unknown, ,0, ,Other, , , , , , , , , ,0,0,1,0,0,0,0,1,0,0,0,0,0,1
1291089,2012,3,2,1,10,4,43.70734538,-79.39849029,St. Paul's (22),22,Mount Pleasant West (104),104,D53,Toronto East York,YONGE Stre,EGLINTON Aven E, ,Major Arterial,Mid-Block, ,No Control,Clear,Dark,Dry,Non-Fatal Injury,Pedestrian Collisions,Vehicle Owner,unknown, ,0, ,Other, , , , , , , , , ,1,0,1,0,0,0,0,0,0,0,0,0,0,0
1291089,2012,3,2,1,10,4,43.70734538,-79.39849029,St. Paul's (22),22,Mount Pleasant West (104),104,D53,Toronto East York,YONGE Stre,EGLINTON Aven E, ,Major Arterial,Mid-Block, ,No Control,Clear,Dark,Dry,Non-Fatal Injury,Pedestrian Collisions,Driver,30 to 34,,0,North,"Automobile, Station Wagon",Going Ahead,Driving Properly,Normal, , , , , , ,1,0,1,0,0,0,0,0,0,0,0,0,0,0
1291089,2012,3,2,1,10,4,43.70734538,-79.39849029,St. Paul's (22),22,Mount Pleasant West (104),104,D53,Toronto East York,YONGE Stre,EGLINTON Aven E, ,Major Arterial,Mid-Block, ,No Control,Clear,Dark,Dry,Non-Fatal Injury,Pedestrian Collisions,Pedestrian,40 to 44,Major,0,West,Other, , , ,Pedestrian hit at mid-block,"Crossing, no Traffic Control",Had Been Drinking, , , ,1,0,1,0,0,0,0,0,0,0,0,0,0,0
4002237751,2014,6,7,1,10,5,43.6937023,-79.42257319,St. Paul's (21),21,Forest Hill South (101),101,D13,Toronto East York,BATHURST ST,ARDMORE RD, ,Major Arterial,Intersection,At Intersection,No Control,Clear,"Dark, artificial",Dry,Non-Fatal Injury,Rear End,Driver,25 to 29,,0,North,Pick Up Truck,Slowing or Stopping,Following too Close,Normal, , , , , , ,0,0,1,0,0,0,0,1,0,1,0,0,0,0
4002237751,2014,6,7,1,10,5,43.6937023,-79.42257319,St. Paul's (21),21,Forest Hill South (101),101,D13,Toronto East York,BATHURST ST,ARDMORE RD, ,Major Arterial,Intersection,At Intersection,No Control,Clear,"Dark, artificial",Dry,Non-Fatal Injury,Rear End,Driver,50 to 54,,0,North,"Automobile, Station Wagon",Stopped,Driving Properly,Normal, , , , , , ,0,0,1,0,0,0,0,1,0,1,0,0,0,0
4002237751,2014,6,7,1,10,5,43.6937023,-79.42257319,St. Paul's (21),21,Forest Hill South (101),101,D13,Toronto East York,BATHURST ST,ARDMORE RD, ,Major Arterial,Intersection,At Intersection,No Control,Clear,"Dark, artificial",Dry,Non-Fatal Injury,Rear End,Driver,35 to 39,Minimal,0,North,Delivery Van,Stopped,Driving Properly,Normal, , , , , , ,0,0,1,0,0,0,0,1,0,1,0,0,0,0
4002237751,2014,6,7,1,10,5,43.6937023,-79.42257319,St. Paul's (21),21,Forest Hill South (101),101,D13,Toronto East York,BATHURST ST,ARDMORE RD, ,Major Arterial,Intersection,At Intersection,No Control,Clear,"Dark, artificial",Dry,Non-Fatal Injury,Rear End,Passenger,45 to 49,Major,0, , , , , , , , , , , ,0,0,1,0,0,0,0,1,0,1,0,0,0,0
5001648951,2015,9,24,1,10,3,43.60336264,-79.49375544,Etobicoke-Lakeshore (6),6,Mimico (includes Humber Bay Shores) (17),17,D22,Etobicoke York,LAKE SHORE BLVD W,ROYAL YORK RD,40 m West of,Major Arterial,Mid-Block,Non Intersection,No Control,Clear,"Dark, artificial",Dry,Non-Fatal Injury,SMV Other,Driver,30 to 34,Major,0,West,Pick Up Truck,Going Ahead,Speed too Fast For Condition,Unknown, , , , , , ,0,0,1,0,0,0,0,0,1,1,0,0,0,0
7000178103,2017,1,29,1,10,6,43.63795813,-79.3956338,Trinity-Spadina (20),20,Waterfront Communities-The Island (77),77,D14,Toronto East York,F G GARDINER XY  E,SPADINA AVE,350 m West,Expressway,Mid-Block,Non Intersection,No Control,Clear,Dark,Dry,Fatal,Pedestrian Collisions,Driver,20 to 24,,0,East,"Automobile, Station Wagon",Going Ahead,Driving Properly,Normal, , , , , , ,1,0,1,0,0,0,0,0,0,0,0,0,0,1
7000178103,2017,1,29,1,10,6,43.63795813,-79.3956338,Trinity-Spadina (20),20,Waterfront Communities-The Island (77),77,D14,Toronto East York,F G GARDINER XY  E,SPADINA AVE,350 m West,Expressway,Mid-Block,Non Intersection,No Control,Clear,Dark,Dry,Fatal,Pedestrian Collisions,Pedestrian,15 to 19,Fatal,4,West, , , , ,Pedestrian hit at mid-block,Walking on Roadway Against Traffic,Other, , , ,1,0,1,0,0,0,0,0,0,0,0,0,0,1
959650,2007,2,12,1,12,0,43.81704538,-79.22799029,Scarborough-Rouge River (42),42,Rouge (131),131,D42,Scarborough,NEILSON RD,FINCH AVE E, ,Collector,Mid-Block, ,No Control,Clear,Dark,Dry,Non-Fatal Injury,SMV Other,Driver,50 to 54,Major,0,South,"Automobile, Station Wagon",Overtaking,Lost control,Unknown, , , , , , ,0,0,1,0,0,0,0,0,0,0,0,0,0,0
959650,2007,2,12,1,12,0,43.81704538,-79.22799029,Scarborough-Rouge River (42),42,Rouge (131),131,D42,Scarborough,NEILSON RD,FINCH AVE E, ,Collector,Mid-Block, ,No Control,Clear,Dark,Dry,Non-Fatal Injury,SMV Other,Other Property Owner,unknown, ,0, ,Other, , , , , , , , , ,0,0,1,0,0,0,0,0,0,0,0,0,0,0
1319211,2012,8,29,1,12,2,43.74004538,-79.27479029,Scarborough Centre (37),37,Ionview (125),125,D41,Scarborough,YORKSHIRE RD,IONVIEW RD, ,Local,Intersection,At Intersection,Stop Sign,Clear,"Dark, artificial",Dry,Non-Fatal Injury,SMV Other,Passenger,25 to 29,Major,0, ,Other, , , , , , , , , ,0,0,1,0,0,0,0,1,0,0,0,0,0,0
1319211,2012,8,29,1,12,2,43.74004538,-79.27479029,Scarborough Centre (37),37,Ionview (125),125,D41,Scarborough,YORKSHIRE RD,IONVIEW RD, ,Local,Intersection,At Intersection,Stop Sign,Clear,"Dark, artificial",Dry,Non-Fatal Injury,SMV Other,Vehicle Owner,unknown, ,0, ,Other, , , , , , , , , ,0,0,1,0,0,0,0,1,0,0,0,0,0,0
1319211,2012,8,29,1,12,2,43.74004538,-79.27479029,Scarborough Centre (37),37,Ionview (125),125,D41,Scarborough,YORKSHIRE RD,IONVIEW RD, ,Local,Intersection,At Intersection,Stop Sign,Clear,"Dark, artificial",Dry,Non-Fatal Injury,SMV Other,Driver,25 to 29,Minimal,0,North,"Automobile, Station Wagon",Going Ahead,Lost control,Unknown, , , , , , ,0,0,1,0,0,0,0,1,0,0,0,0,0,0
1319211,2012,8,29,1,12,2,43.74004538,-79.27479029,Scarborough Centre (37),37,Ionview (125),125,D41,Scarborough,YORKSHIRE RD,IONVIEW RD, ,Local,Intersection,At Intersection,Stop Sign,Clear,"Dark, artificial",Dry,Non-Fatal Injury,SMV Other,Other Property Owner,unknown, ,0, ,Other, , , , , , , , , ,0,0,1,0,0,0,0,1,0,0,0,0,0,0
1227844,2011,2,12,1,14,5,43.64604538,-79.40959029,Trinity-Spadina (19),19,Niagara (82),82,D14,Toronto East York,QUEEN ST W,CLAREMONT ST, ,Major Arterial,Intersection, ,No Control,Snow,Dark,Wet,Non-Fatal Injury,Pedestrian Collisions,Vehicle Owner,unknown, ,0, ,Other, , , , , , , , , ,1,0,1,0,0,0,0,0,0,0,0,0,0,0
1227844,2011,2,12,1,14,5,43.64604538,-79.40959029,Trinity-Spadina (19),19,Niagara (82),82,D14,Toronto East York,QUEEN ST W,CLAREMONT ST, ,Major Arterial,Intersection, ,No Control,Snow,Dark,Wet,Non-Fatal Injury,Pedestrian Collisions,Driver,25 to 29,,0,East,"Automobile, Station Wagon",Going Ahead,Other,Had Been Drinking, , , , , , ,1,0,1,0,0,0,0,0,0,0,0,0,0,0
1227844,2011,2,12,1,14,5,43.64604538,-79.40959029,Trinity-Spadina (19),19,Niagara (82),82,D14,Toronto East York,QUEEN ST W,CLAREMONT ST, ,Major Arterial,Intersection, ,No Control,Snow,Dark,Wet,Non-Fatal Injury,Pedestrian Collisions,Pedestrian,25 to 29,Major,0,North,Other, , , ,Pedestrian hit at mid-block,"Crossing, no Traffic Control",Had Been Drinking, , , ,1,0,1,0,0,0,0,0,0,0,0,0,0,0
1285114,2012,3,20,1,14,1,43.64604538,-79.39229029,Trinity-Spadina (20),20,Waterfront Communities-The Island (77),77,D52,Toronto East York,KING Stre W,PETER Stre, ,Major Arterial,Intersection,At Intersection,Traffic Signal,Clear,"Dark, artificial",Dry,Non-Fatal Injury,Cyclist Collisions,Vehicle Owner,unknown, ,0, ,Other, , , , , , , , , ,0,1,1,0,0,0,0,0,0,0,0,0,0,0
1285114,2012,3,20,1,14,1,43.64604538,-79.39229029,Trinity-Spadina (20),20,Waterfront Communities-The Island (77),77,D52,Toronto East York,KING Stre W,PETER Stre, ,Major Arterial,Intersection,At Intersection,Traffic Signal,Clear,"Dark, artificial",Dry,Non-Fatal Injury,Cyclist Collisions,Driver,55 to 59,,0,East,"Automobile, Station Wagon",Going Ahead,Driving Properly,Normal, , , , , , ,0,1,1,0,0,0,0,0,0,0,0,0,0,0
1285114,2012,3,20,1,14,1,43.64604538,-79.39229029,Trinity-Spadina (20),20,Waterfront Communities-The Island (77),77,D52,Toronto East York,KING Stre W,PETER Stre, ,Major Arterial,Intersection,At Intersection,Traffic Signal,Clear,"Dark, artificial",Dry,Non-Fatal Injury,Cyclist Collisions,Cyclist,20 to 24,Major,0,South,Bicycle,Going Ahead, , , , , ,"Cyclist without ROW rides into path of motorist at inter, lnwy, dwy-Cyclist not turn.",Disobeyed Traffic Control,Inattentive,0,1,1,0,0,0,0,0,0,0,0,0,0,0
1309524,2012,8,11,1,14,5,43.64564538,-79.39069029,Trinity-Spadina (20),20,Waterfront Communities-The Island (77),77,D52,Toronto East York,MERCER ST,JOHN ST, ,Local,Mid-Block, ,No Control,Clear,Dark,Dry,Non-Fatal Injury,Pedestrian Collisions,Driver,50 to 54,,0,West,"Automobile, Station Wagon",Going Ahead,Driving Properly,Normal, , , , , , ,1,0,1,0,0,0,0,0,0,0,0,0,0,0
1309524,2012,8,11,1,14,5,43.64564538,-79.39069029,Trinity-Spadina (20),20,Waterfront Communities-The Island (77),77,D52,Toronto East York,MERCER ST,JOHN ST, ,Local,Mid-Block, ,No Control,Clear,Dark,Dry,Non-Fatal Injury,Pedestrian Collisions,Pedestrian,30 to 34,Major,0,South,Other, , , ,Pedestrian hit at mid-block,"Crossing, no Traffic Control",Had Been Drinking, , , ,1,0,1,0,0,0,0,0,0,0,0,0,0,0
1156323,2010,1,19,1,15,1,43.66574538,-79.39159029,Toronto Centre-Rosedale (27),27,Bay Street Corridor (76),76,D52,Toronto East York,QUEENS PARK CRES E,ST JOSEPH ST, ,Major Arterial,Mid-Block, ,No Control,Clear,Dark,Wet,Non-Fatal Injury,SMV Other,Driver,40 to 44,Major,0,North,"Automobile, Station Wagon",Going Ahead,Speed too Fast For Condition,Had Been Drinking, , , , , , ,0,0,1,0,0,0,0,0,1,1,0,0,0,0
1319584,2012,9,2,1,15,6,43.65665014,-79.40648279,Trinity-Spadina (20),20,Kensington-Chinatown (78),78,D14,Toronto East York,COLLEGE ST,LIPPINCOTT ST, ,Major Arterial,Intersection,At Intersection,No Control,Clear,"Dark, artificial",Dry,Non-Fatal Injury,Cyclist Collisions,Vehicle Owner,unknown, ,0, , , , , , , , , , , ,0,1,1,0,0,0,0,0,0,0,0,0,0,0
1319584,2012,9,2,1,15,6,43.65665014,-79.40648279,Trinity-Spadina (20),20,Kensington-Chinatown (78),78,D14,Toronto East York,COLLEGE ST,LIPPINCOTT ST, ,Major Arterial,Intersection,At Intersection,No Control,Clear,"Dark, artificial",Dry,Non-Fatal Injury,Cyclist Collisions,Driver,55 to 59,,0,West,"Automobile, Station Wagon",Making U Turn,Improper Turn,Inattentive, , , , , , ,0,1,1,0,0,0,0,0,0,0,0,0,0,0
1319584,2012,9,2,1,15,6,43.65665014,-79.40648279,Trinity-Spadina (20),20,Kensington-Chinatown (78),78,D14,Toronto East York,COLLEGE ST,LIPPINCOTT ST, ,Major Arterial,Intersection,At Intersection,No Control,Clear,"Dark, artificial",Dry,Non-Fatal Injury,Cyclist Collisions,Cyclist,20 to 24,Major,0,West,Bicycle,Overtaking, , , , , ,Motorist makes u-turn in-front of cyclist.,Driving Properly,Normal,0,1,1,0,0,0,0,0,0,0,0,0,0,0
4002803863,2014,8,30,1,15,5,43.64229925,-79.42785273,Davenport (18),18,Little Portugal (84),84,D14,Toronto East York,QUEEN ST W,DUFFERIN ST,50 m East of,Major Arterial,Mid-Block,Non Intersection,No Control,Clear,"Dark, artificial",Dry,Non-Fatal Injury,Cyclist Collisions,Cyclist,25 to 29,Major,0,East, ,Going Ahead, , , , , ,Insufficient information (to determine cyclist crash type).,Other,Had Been Drinking,0,1,0,0,0,1,0,0,0,0,0,0,0,0
4002803863,2014,8,30,1,15,5,43.64229925,-79.42785273,Davenport (18),18,Little Portugal (84),84,D14,Toronto East York,QUEEN ST W,DUFFERIN ST,50 m East of,Major Arterial,Mid-Block,Non Intersection,No Control,Clear,"Dark, artificial",Dry,Non-Fatal Injury,Cyclist Collisions,Driver,35 to 39,,0,West,Street Car,Going Ahead,Driving Properly,Normal, , , , , , ,0,1,0,0,0,1,0,0,0,0,0,0,0,0
1194057,2010,10,10,2,20,6,43.75804538,-79.41009029,Willowdale (23),23,Lansing-Westgate (38),38,D32,North York,YONGE ST,AVONDALE AVE, ,Major Arterial,Intersection, ,No Control,Clear,Daylight,Dry,Non-Fatal Injury,Sideswipe,Vehicle Owner,unknown, ,0, ,Other, , , , , , , , , ,0,0,1,0,0,0,0,0,1,1,0,0,0,0
1194057,2010,10,10,2,20,6,43.75804538,-79.41009029,Willowdale (23),23,Lansing-Westgate (38),38,D32,North York,YONGE ST,AVONDALE AVE, ,Major Arterial,Intersection, ,No Control,Clear,Daylight,Dry,Non-Fatal Injury,Sideswipe,Driver,20 to 24,Major,0,North,"Automobile, Station Wagon",Going Ahead,Exceeding Speed Limit,Unknown, , , , , , ,0,0,1,0,0,0,0,0,1,1,0,0,0,0
1194057,2010,10,10,2,20,6,43.75804538,-79.41009029,Willowdale (23),23,Lansing-Westgate (38),38,D32,North York,YONGE ST,AVONDALE AVE, ,Major Arterial,Intersection, ,No Control,Clear,Daylight,Dry,Non-Fatal Injury,Sideswipe,Driver,unknown,,0,North,"Automobile, Station Wagon",Going Ahead,Driving Properly,Unknown, , , , , , ,0,0,1,0,0,0,0,0,1,1,0,0,0,0
6001573551,2016,9,5,2,20,0,43.680724700000006,-79.38240443,Toronto Centre-Rosedale (27),27,Rosedale-Moore Park (98),98,D53,Toronto East York,MOUNT PLEASANT RD,ROXBOROUGH DR, ,Major Arterial,Intersection,At Intersection,No Control,Clear,Dark,Dry,Fatal,SMV Other,Passenger,25 to 29,Fatal,55, , , , , , , , , , , ,0,0,1,0,0,0,0,1,0,0,0,1,0,1
6001573551,2016,9,5,2,20,0,43.680724700000006,-79.38240443,Toronto Centre-Rosedale (27),27,Rosedale-Moore Park (98),98,D53,Toronto East York,MOUNT PLEASANT RD,ROXBOROUGH DR, ,Major Arterial,Intersection,At Intersection,No Control,Clear,Dark,Dry,Fatal,SMV Other,Driver,20 to 24,Minor,0,North,"Automobile, Station Wagon",Going Ahead,Lost control,"Ability Impaired, Alcohol", , , , , , ,0,0,1,0,0,0,0,1,0,0,0,1,0,1
6001573551,2016,9,5,2,20,0,43.680724700000006,-79.38240443,Toronto Centre-Rosedale (27),27,Rosedale-Moore Park (98),98,D53,Toronto East York,MOUNT PLEASANT RD,ROXBOROUGH DR, ,Major Arterial,Intersection,At Intersection,No Control,Clear,Dark,Dry,Fatal,SMV Other,Passenger,25 to 29,Minor,0, , , , , , , , , , , ,0,0,1,0,0,0,0,1,0,0,0,1,0,1
6001573551,2016,9,5,2,20,0,43.680724700000006,-79.38240443,Toronto Centre-Rosedale (27),27,Rosedale-Moore Park (98),98,D53,Toronto East York,MOUNT PLEASANT RD,ROXBOROUGH DR, ,Major Arterial,Intersection,At Intersection,No Control,Clear,Dark,Dry,Fatal,SMV Other,Passenger,15 to 19,Minor,0, , , , , , , , , , , ,0,0,1,0,0,0,0,1,0,0,0,1,0,1
1337714,2013,1,18,2,21,4,43.64074538,-79.40139029,Trinity-Spadina (20),20,Waterfront Communities-The Island (77),77,D14,Toronto East York,BATHURST ST,FRONT ST W, ,Major Arterial,Intersection,At Intersection,Traffic Signal,Clear,"Dark, artificial",Wet,Non-Fatal Injury,Pedestrian Collisions,Passenger,45 to 49,,0, ,Other, , , , , , , , , ,1,0,1,0,0,0,0,1,0,0,0,0,0,0
1337714,2013,1,18,2,21,4,43.64074538,-79.40139029,Trinity-Spadina (20),20,Waterfront Communities-The Island (77),77,D14,Toronto East York,BATHURST ST,FRONT ST W, ,Major Arterial,Intersection,At Intersection,Traffic Signal,Clear,"Dark, artificial",Wet,Non-Fatal Injury,Pedestrian Collisions,Driver,35 to 39,,0,South,"Automobile, Station Wagon",Going Ahead,Driving Properly,Normal, , , , , , ,1,0,1,0,0,0,0,1,0,0,0,0,0,0
1337714,2013,1,18,2,21,4,43.64074538,-79.40139029,Trinity-Spadina (20),20,Waterfront Communities-The Island (77),77,D14,Toronto East York,BATHURST ST,FRONT ST W, ,Major Arterial,Intersection,At Intersection,Traffic Signal,Clear,"Dark, artificial",Wet,Non-Fatal Injury,Pedestrian Collisions,Pedestrian,40 to 44,Major,0,Unknown,Other, , , ,Other / Undefined,Playing or Working on Highway,Normal, , , ,1,0,1,0,0,0,0,1,0,0,0,0,0,0
1286418,2012,1,22,2,23,6,43.69984538,-79.43099029,St. Paul's (21),21,Forest Hill North (102),102,D13,Toronto East York,EGLINTON AVE W,OLD PARK RD, ,Major Arterial,Intersection,At Intersection,Traffic Signal,Clear,Daylight,Dry,Non-Fatal Injury,Pedestrian Collisions,Vehicle Owner,unknown, ,0, ,Other, , , , , , , , , ,1,0,1,0,0,0,0,0,0,1,0,0,0,0
1286418,2012,1,22,2,23,6,43.69984538,-79.43099029,St. Paul's (21),21,Forest Hill North (102),102,D13,Toronto East York,EGLINTON AVE W,OLD PARK RD, ,Major Arterial,Intersection,At Intersection,Traffic Signal,Clear,Daylight,Dry,Non-Fatal Injury,Pedestrian Collisions,Driver,50 to 54,,0,South,"Automobile, Station Wagon",Turning Right,Failed to Yield Right of Way,Inattentive, , , , , , ,1,0,1,0,0,0,0,0,0,1,0,0,0,0
1286418,2012,1,22,2,23,6,43.69984538,-79.43099029,St. Paul's (21),21,Forest Hill North (102),102,D13,Toronto East York,EGLINTON AVE W,OLD PARK RD, ,Major Arterial,Intersection,At Intersection,Traffic Signal,Clear,Daylight,Dry,Non-Fatal Injury,Pedestrian Collisions,Pedestrian,65 to 69,Major,0,North,Other, , , ,Vehicle turns right while ped crosses with ROW at inter.,Crossing with right of way,Normal, , , ,1,0,1,0,0,0,0,0,0,1,0,0,0,0
1323727,2012,11,3,2,23,5,43.67354538,-79.46299029,Davenport (17),17,Weston-Pellam Park (91),91,D11,Etobicoke York,ST CLAIR AVE W,OLD WESTON RD, ,Major Arterial,Intersection, ,Traffic Signal,Clear,"Dark, artificial",Dry,Non-Fatal Injury,SMV Other,Vehicle Owner,unknown, ,0, ,Other, , , , , , , , , ,0,0,1,0,0,0,0,1,1,1,0,0,0,0