ACCNUM,YEAR,MONTH,DAY,HOUR,MINUTES,WEEKDAY,LATITUDE,LONGITUDE,Ward_Name,Ward_ID,Hood_Name,Hood_ID,Division,District,STREET1,STREET2,OFFSET,ROAD_CLASS,LOCCOORD,ACCLOC,TRAFFCTL,VISIBILITY,LIGHT,RDSFCOND,ACCLASS,IMPACTYPE,INVTYPE,INVAGE,INJURY,FATAL_NO,INITDIR,VEHTYPE,MANOEUVER,DRIVACT,DRIVCOND,PEDTYPE,PEDACT,PEDCOND,CYCLISTYPE,CYCACT,CYCCOND,PEDESTRIAN,CYCLIST,AUTOMOBILE,MOTORCYCLE,TRUCK,TRSN_CITY_VEH,EMERG_VEH,PASSENGER,SPEEDING,AG_DRIV,REDLIGHT,ALCOHOL,DISABILITY,label
1323727,2012,11,3,2,23,5,43.67354538,-79.46299029,Davenport (17),17,Weston-Pellam Park (91),91,D11,Etobicoke York,ST CLAIR AVE W,OLD WESTON RD, ,Major Arterial,Intersection, ,Traffic Signal,Clear,"Dark, artificial",Dry,Non-Fatal Injury,SMV Other,Passenger,35 to 39,Minor,0, ,Other, , , , , , , , , ,0,0,1,0,0,0,0,1,1,1,0,0,0,0
1323727,2012,11,3,2,23,5,43.67354538,-79.46299029,Davenport (17),17,Weston-Pellam Park (91),91,D11,Etobicoke York,ST CLAIR AVE W,OLD WESTON RD, ,Major Arterial,Intersection, ,Traffic Signal,Clear,"Dark, artificial",Dry,Non-Fatal Injury,SMV Other,Driver - Not Hit,unknown,Minimal,0, ,Other, , , , , , , , , ,0,0,1,0,0,0,0,1,1,1,0,0,0,0
1323727,2012,11,3,2,23,5,43.67354538,-79.46299029,Davenport (17),17,Weston-Pellam Park (91),91,D11,Etobicoke York,ST CLAIR AVE W,OLD WESTON RD, ,Major Arterial,Intersection, ,Traffic Signal,Clear,"Dark, artificial",Dry,Non-Fatal Injury,SMV Other,Passenger,30 to 34,Minor,0, ,Other, , , , , , , , , ,0,0,1,0,0,0,0,1,1,1,0,0,0,0
1323727,2012,11,3,2,23,5,43.67354538,-79.46299029,Davenport (17),17,Weston-Pellam Park (91),91,D11,Etobicoke York,ST CLAIR AVE W,OLD WESTON RD, ,Major Arterial,Intersection, ,Traffic Signal,Clear,"Dark, artificial",Dry,Non-Fatal Injury,SMV Other,Passenger,20 to 24,Minor,0, ,Other, , , , , , , , , ,0,0,1,0,0,0,0,1,1,1,0,0,0,0
1323727,2012,11,3,2,23,5,43.67354538,-79.46299029,Davenport (17),17,Weston-Pellam Park (91),91,D11,Etobicoke York,ST CLAIR AVE W,OLD WESTON RD, ,Major Arterial,Intersection, ,Traffic Signal,Clear,"Dark, artificial",Dry,Non-Fatal Injury,SMV Other,Driver,20 to 24,Major,0,West,"Automobile, Station Wagon",Going Ahead,Exceeding Speed Limit,Had Been Drinking, , , , , , ,0,0,1,0,0,0,0,1,1,1,0,0,0,0
1323727,2012,11,3,2,23,5,43.67354538,-79.46299029,Davenport (17),17,Weston-Pellam Park (91),91,D11,Etobicoke York,ST CLAIR AVE W,OLD WESTON RD, ,Major Arterial,Intersection, ,Traffic Signal,Clear,"Dark, artificial",Dry,Non-Fatal Injury,SMV Other,Other Property Owner,unknown, ,0, ,Other, , , , , , , , , ,0,0,1,0,0,0,0,1,1,1,0,0,0,0
7001406926,2017,8,5,2,25,5,43.64548453,-79.3788949,Toronto Centre-Rosedale (28),28,Waterfront Communities-The Island (77),77,D52,Toronto East York,BAY ST,FRONT ST W,40 m South of,Major Arterial,Mid-Block,At/Near Private Drive,No Control,Clear,"Dark, artificial",Dry,Non-Fatal Injury,Pedestrian Collisions,Driver,50 to 54,,0,North,"Automobile, Station Wagon",Going Ahead,Driving Properly,Inattentive, , , , , , ,1,0,1,0,0,0,0,0,0,0,0,0,0,0
7001406926,2017,8,5,2,25,5,43.64548453,-79.3788949,Toronto Centre-Rosedale (28),28,Waterfront Communities-The Island (77),77,D52,Toronto East York,BAY ST,FRONT ST W,40 m South of,Major Arterial,Mid-Block,At/Near Private Drive,No Control,Clear,"Dark, artificial",Dry,Non-Fatal Injury,Pedestrian Collisions,Pedestrian,20 to 24,Major,0,East, , , , ,Pedestrian hit at mid-block,"Crossing, no Traffic Control",Had Been Drinking, , , ,1,0,1,0,0,0,0,0,0,0,0,0,0,0
985348,2007,5,10,2,26,3,43.67094538,-79.35439029,Toronto-Danforth (30),30,North Riverdale (68),68,D55,Toronto East York,BROADVIEW AVE,BAIN AVE, ,Minor Arterial,Mid-Block, ,No Control,Clear,Dark,Dry,Non-Fatal Injury,SMV Other,Driver,40 to 44,Major,0,South,"Automobile, Station Wagon",Going Ahead,Other,Fatigue, , , , , , ,0,0,1,0,0,0,0,0,0,0,0,0,0,0
985348,2007,5,10,2,26,3,43.67094538,-79.35439029,Toronto-Danforth (30),30,North Riverdale (68),68,D55,Toronto East York,BROADVIEW AVE,BAIN AVE, ,Minor Arterial,Mid-Block, ,No Control,Clear,Dark,Dry,Non-Fatal Injury,SMV Other,Other Property Owner,unknown,,0, ,Other, , , , , , , , , ,0,0,1,0,0,0,0,0,0,0,0,0,0,0
972932,2007,6,2,2,26,5,43.74624538,-79.56859029,Etobicoke North (1),1,Humbermede (22),22,D23,Etobicoke York,ISLINGTON AVE,FINCH AVE W, ,Major Arterial,Intersection,At Intersection,Traffic Signal,Clear,Dark,Dry,Fatal,Angle,Vehicle Owner,unknown, ,0, ,Other, , , , , , , , , ,0,0,1,0,0,0,0,1,0,1,1,0,0,1
972932,2007,6,2,2,26,5,43.74624538,-79.56859029,Etobicoke North (1),1,Humbermede (22),22,D23,Etobicoke York,ISLINGTON AVE,FINCH AVE W, ,Major Arterial,Intersection,At Intersection,Traffic Signal,Clear,Dark,Dry,Fatal,Angle,Driver,50 to 54,Minimal,0,East,Taxi,Going Ahead,Driving Properly,Normal, , , , , , ,0,0,1,0,0,0,0,1,0,1,1,0,0,1
972932,2007,6,2,2,26,5,43.74624538,-79.56859029,Etobicoke North (1),1,Humbermede (22),22,D23,Etobicoke York,ISLINGTON AVE,FINCH AVE W, ,Major Arterial,Intersection,At Intersection,Traffic Signal,Clear,Dark,Dry,Fatal,Angle,Vehicle Owner,unknown, ,0, ,Other, , , , , , , , , ,0,0,1,0,0,0,0,1,0,1,1,0,0,1
972932,2007,6,2,2,26,5,43.74624538,-79.56859029,Etobicoke North (1),1,Humbermede (22),22,D23,Etobicoke York,ISLINGTON AVE,FINCH AVE W, ,Major Arterial,Intersection,At Intersection,Traffic Signal,Clear,Dark,Dry,Fatal,Angle,Driver,15 to 19,Fatal,0,North,"Automobile, Station Wagon",Going Ahead,Disobeyed Traffic Control,Unknown, , , , , , ,0,0,1,0,0,0,0,1,0,1,1,0,0,1
972932,2007,6,2,2,26,5,43.74624538,-79.56859029,Etobicoke North (1),1,Humbermede (22),22,D23,Etobicoke York,ISLINGTON AVE,FINCH AVE W, ,Major Arterial,Intersection,At Intersection,Traffic Signal,Clear,Dark,Dry,Fatal,Angle,Passenger,15 to 19,Fatal,0, ,Other, , , , , , , , , ,0,0,1,0,0,0,0,1,0,1,1,0,0,1
972932,2007,6,2,2,26,5,43.74624538,-79.56859029,Etobicoke North (1),1,Humbermede (22),22,D23,Etobicoke York,ISLINGTON AVE,FINCH AVE W, ,Major Arterial,Intersection,At Intersection,Traffic Signal,Clear,Dark,Dry,Fatal,Angle,Passenger,15 to 19,Fatal,0, ,Other, , , , , , , , , ,0,0,1,0,0,0,0,1,0,1,1,0,0,1
972932,2007,6,2,2,26,5,43.74624538,-79.56859029,Etobicoke North (1),1,Humbermede (22),22,D23,Etobicoke York,ISLINGTON AVE,FINCH AVE W, ,Major Arterial,Intersection,At Intersection,Traffic Signal,Clear,Dark,Dry,Fatal,Angle,Vehicle Owner,unknown, ,0, ,Other, , , , , , , , , ,0,0,1,0,0,0,0,1,0,1,1,0,0,1
972932,2007,6,2,2,26,5,43.74624538,-79.56859029,Etobicoke North (1),1,Humbermede (22),22,D23,Etobicoke York,ISLINGTON AVE,FINCH AVE W, ,Major Arterial,Intersection,At Intersection,Traffic Signal,Clear,Dark,Dry,Fatal,Angle,Driver,40 to 44,Minimal,0,East,Taxi,Going Ahead,Driving Properly,Normal, , , , , , ,0,0,1,0,0,0,0,1,0,1,1,0,0,1
972932,2007,6,2,2,26,5,43.74624538,-79.56859029,Etobicoke North (1),1,Humbermede (22),22,D23,Etobicoke York,ISLINGTON AVE,FINCH AVE W, ,Major Arterial,Intersection,At Intersection,Traffic Signal,Clear,Dark,Dry,Fatal,Angle,Other Property Owner,unknown, ,0, ,Other, , , , , , , , , ,0,0,1,0,0,0,0,1,0,1,1,0,0,1
980728,2007,6,21,2,26,3,43.65244538,-79.37549029,Toronto Centre-Rosedale (28),28,Church-Yonge Corridor (75),75,D51,Toronto East York,RICHMOND ST E,CHURCH ST, ,Major Arterial,Intersection,At Intersection,Traffic Signal,Clear,Dark,Dry,Non-Fatal Injury,Angle,Vehicle Owner,unknown,,0, ,Other, , , , , , , , , ,0,0,1,0,0,0,0,1,1,1,1,0,0,0
980728,2007,6,21,2,26,3,43.65244538,-79.37549029,Toronto Centre-Rosedale (28),28,Church-Yonge Corridor (75),75,D51,Toronto East York,RICHMOND ST E,CHURCH ST, ,Major Arterial,Intersection,At Intersection,Traffic Signal,Clear,Dark,Dry,Non-Fatal Injury,Angle,Driver,30 to 34,,0,West,"Automobile, Station Wagon",Going Ahead,Driving Properly,Normal, , , , , , ,0,0,1,0,0,0,0,1,1,1,1,0,0,0
980728,2007,6,21,2,26,3,43.65244538,-79.37549029,Toronto Centre-Rosedale (28),28,Church-Yonge Corridor (75),75,D51,Toronto East York,RICHMOND ST E,CHURCH ST, ,Major Arterial,Intersection,At Intersection,Traffic Signal,Clear,Dark,Dry,Non-Fatal Injury,Angle,Passenger,15 to 19,Minor,0, ,Other, , , , , , , , , ,0,0,1,0,0,0,0,1,1,1,1,0,0,0
980728,2007,6,21,2,26,3,43.65244538,-79.37549029,Toronto Centre-Rosedale (28),28,Church-Yonge Corridor (75),75,D51,Toronto East York,RICHMOND ST E,CHURCH ST, ,Major Arterial,Intersection,At Intersection,Traffic Signal,Clear,Dark,Dry,Non-Fatal Injury,Angle,Passenger,20 to 24,Major,0, ,Other, , , , , , , , , ,0,0,1,0,0,0,0,1,1,1,1,0,0,0
980728,2007,6,21,2,26,3,43.65244538,-79.37549029,Toronto Centre-Rosedale (28),28,Church-Yonge Corridor (75),75,D51,Toronto East York,RICHMOND ST E,CHURCH ST, ,Major Arterial,Intersection,At Intersection,Traffic Signal,Clear,Dark,Dry,Non-Fatal Injury,Angle,Passenger,15 to 19,Minor,0, ,Other, , , , , , , , , ,0,0,1,0,0,0,0,1,1,1,1,0,0,0
980728,2007,6,21,2,26,3,43.65244538,-79.37549029,Toronto Centre-Rosedale (28),28,Church-Yonge Corridor (75),75,D51,Toronto East York,RICHMOND ST E,CHURCH ST, ,Major Arterial,Intersection,At Intersection,Traffic Signal,Clear,Dark,Dry,Non-Fatal Injury,Angle,Vehicle Owner,unknown,,0, ,Other, , , , , , , , , ,0,0,1,0,0,0,0,1,1,1,1,0,0,0
980728,2007,6,21,2,26,3,43.65244538,-79.37549029,Toronto Centre-Rosedale (28),28,Church-Yonge Corridor (75),75,D51,Toronto East York,RICHMOND ST E,CHURCH ST, ,Major Arterial,Intersection,At Intersection,Traffic Signal,Clear,Dark,Dry,Non-Fatal Injury,Angle,Driver,35 to 39,Minimal,0,North,"Automobile, Station Wagon",Going Ahead,Disobeyed Traffic Control,Normal, , , , , , ,0,0,1,0,0,0,0,1,1,1,1,0,0,0
980728,2007,6,21,2,26,3,43.65244538,-79.37549029,Toronto Centre-Rosedale (28),28,Church-Yonge Corridor (75),75,D51,Toronto East York,RICHMOND ST E,CHURCH ST, ,Major Arterial,Intersection,At Intersection,Traffic Signal,Clear,Dark,Dry,Non-Fatal Injury,Angle,Other Property Owner,unknown,,0, ,Other,Unknown, , , , , , , , ,0,0,1,0,0,0,0,1,1,1,1,0,0,0
1069861,2008,11,14,2,26,4,43.64614538,-79.42349029,Davenport (18),18,Little Portugal (84),84,D14,Toronto East York,DOVERCOURT RD,ARGYLE ST, ,Collector,Intersection, ,No Control,Clear,Dark,Dry,Non-Fatal Injury,Cyclist Collisions,Vehicle Owner,unknown, ,0, ,Other, , , , , , , , , ,0,1,1,0,0,0,0,0,0,0,0,0,0,0
1069861,2008,11,14,2,26,4,43.64614538,-79.42349029,Davenport (18),18,Little Portugal (84),84,D14,Toronto East York,DOVERCOURT RD,ARGYLE ST, ,Collector,Intersection, ,No Control,Clear,Dark,Dry,Non-Fatal Injury,Cyclist Collisions,Driver,35 to 39,,0,West,"Automobile, Station Wagon",Reversing,Other,Unknown, , , , , , ,0,1,1,0,0,0,0,0,0,0,0,0,0,0
1069861,2008,11,14,2,26,4,43.64614538,-79.42349029,Davenport (18),18,Little Portugal (84),84,D14,Toronto East York,DOVERCOURT RD,ARGYLE ST, ,Collector,Intersection, ,No Control,Clear,Dark,Dry,Non-Fatal Injury,Cyclist Collisions,Cyclist,35 to 39,Major,0,North,Bicycle,Stopped, , , , , ,Motorist reversing struck cyclist.,Driving Properly,Unknown,0,1,1,0,0,0,0,0,0,0,0,0,0,0
6001958685,2016,11,3,2,26,3,43.64891012,-79.35490046,Toronto Centre-Rosedale (28),28,Waterfront Communities-The Island (77),77,D51,Toronto East York,F G GARDINER XY  E,CHERRY ST, ,Expressway,Mid-Block,Non Intersection,No Control,Clear,"Dark, artificial",Dry,Non-Fatal Injury,SMV Other,Motorcycle Driver,20 to 24,Major,0,East,Motorcycle,Going Ahead,Lost control,Inattentive, , , , , , ,0,0,0,1,0,0,0,1,0,0,0,0,0,0
6001958685,2016,11,3,2,26,3,43.64891012,-79.35490046,Toronto Centre-Rosedale (28),28,Waterfront Communities-The Island (77),77,D51,Toronto East York,F G GARDINER XY  E,CHERRY ST, ,Expressway,Mid-Block,Non Intersection,No Control,Clear,"Dark, artificial",Dry,Non-Fatal Injury,SMV Other,Motorcycle Passenger,20 to 24,Minor,0, , , , , , , , , , , ,0,0,0,1,0,0,0,1,0,0,0,0,0,0
4002384040,2014,6,28,2,27,5,43.61668738,-79.53121577,Etobicoke-Lakeshore (6),6,Alderwood (20),20,D22,Etobicoke York,FRED GARDINER EXP[EASTBOUND],WICKMAN RD 222,80 m West of,Expressway,Mid-Block,Non Intersection,No Control,Clear,"Dark, artificial",Dry,Non-Fatal Injury,Approaching,Driver,25 to 29,Major,0,West,"Automobile, Station Wagon",Going Ahead,Wrong Way on One Way Road,"Ability Impaired, Alcohol", , , , , , ,0,0,1,0,0,0,0,1,0,0,0,1,0,0
4002384040,2014,6,28,2,27,5,43.61668738,-79.53121577,Etobicoke-Lakeshore (6),6,Alderwood (20),20,D22,Etobicoke York,FRED GARDINER EXP[EASTBOUND],WICKMAN RD 222,80 m West of,Expressway,Mid-Block,Non Intersection,No Control,Clear,"Dark, artificial",Dry,Non-Fatal Injury,Approaching,Driver,30 to 34,,0,East,Passenger Van,Going Ahead,Driving Properly,Normal, , , , , , ,0,0,1,0,0,0,0,1,0,0,0,1,0,0
4002384040,2014,6,28,2,27,5,43.61668738,-79.53121577,Etobicoke-Lakeshore (6),6,Alderwood (20),20,D22,Etobicoke York,FRED GARDINER EXP[EASTBOUND],WICKMAN RD 222,80 m West of,Expressway,Mid-Block,Non Intersection,No Control,Clear,"Dark, artificial",Dry,Non-Fatal Injury,Approaching,Passenger,25 to 29,Minor,0, , , , , , , , , , , ,0,0,1,0,0,0,0,1,0,0,0,1,0,0
6001927266,2016,10,30,2,27,6,43.72564276,-79.29750452,Scarborough Southwest (35),35,Clairlea-Birchmount (120),120,D41,Scarborough,PHARMACY AVE,EGLINTON AVE E, ,Minor Arterial,Intersection,Intersection Related,No Control,Clear,Dark,Dry,Fatal,SMV Other,Driver,30 to 34,Fatal,67,North,"Automobile, Station Wagon",Going Ahead,Lost control,Had Been Drinking, , , , , , ,0,0,1,0,0,0,0,0,0,0,0,0,0,1
1097712,2009,4,4,2,28,5,43.66534538,-79.40999029,Trinity-Spadina (20),20,University (79),79,D14,Toronto East York,LIPPINCOTT ST,BLOOR ST W, ,Local,Intersection, ,No Control,Rain,Dark,Wet,Fatal,Pedestrian Collisions,Pedestrian,25 to 29,Fatal,10,West,Other, , , ,Pedestrian hit at mid-block,Other,Had Been Drinking, , , ,1,0,1,0,0,0,0,0,0,0,0,1,0,1
1097712,2009,4,4,2,28,5,43.66534538,-79.40999029,Trinity-Spadina (20),20,University (79),79,D14,Toronto East York,LIPPINCOTT ST,BLOOR ST W, ,Local,Intersection, ,No Control,Rain,Dark,Wet,Fatal,Pedestrian Collisions,Driver,20 to 24,,0,North,"Automobile, Station Wagon",Going Ahead,Other,"Ability Impaired, Alcohol Over .08", , , , , , ,1,0,1,0,0,0,0,0,0,0,0,1,0,1
1382610,2013,8,17,2,28,5,43.66382559,-79.41720972,Trinity-Spadina (19),19,Palmerston-Little Italy (80),80,D14,Toronto East York,BLOOR ST W,CLINTON ST, ,Major Arterial,Intersection, ,No Control,Clear,Dark,Dry,Non-Fatal Injury,Turning Movement,Passenger,35 to 39,Major,0, ,Other, , , , , , , , , ,0,0,1,0,0,0,0,1,0,0,0,0,0,0
1382610,2013,8,17,2,28,5,43.66382559,-79.41720972,Trinity-Spadina (19),19,Palmerston-Little Italy (80),80,D14,Toronto East York,BLOOR ST W,CLINTON ST, ,Major Arterial,Intersection, ,No Control,Clear,Dark,Dry,Non-Fatal Injury,Turning Movement,Passenger,30 to 34,Minor,0, ,Other, , , , , , , , , ,0,0,1,0,0,0,0,1,0,0,0,0,0,0
1382610,2013,8,17,2,28,5,43.66382559,-79.41720972,Trinity-Spadina (19),19,Palmerston-Little Italy (80),80,D14,Toronto East York,BLOOR ST W,CLINTON ST, ,Major Arterial,Intersection, ,No Control,Clear,Dark,Dry,Non-Fatal Injury,Turning Movement,Driver,30 to 34,Minor,0,West,"Automobile, Station Wagon",Making U Turn,Improper Turn,Fatigue, , , , , , ,0,0,1,0,0,0,0,1,0,0,0,0,0,0
1382610,2013,8,17,2,28,5,43.66382559,-79.41720972,Trinity-Spadina (19),19,Palmerston-Little Italy (80),80,D14,Toronto East York,BLOOR ST W,CLINTON ST, ,Major Arterial,Intersection, ,No Control,Clear,Dark,Dry,Non-Fatal Injury,Turning Movement,Other,unknown,,0,East,Other,Parked, , , , , , , , ,0,0,1,0,0,0,0,1,0,0,0,0,0,0
1382610,2013,8,17,2,28,5,43.66382559,-79.41720972,Trinity-Spadina (19),19,Palmerston-Little Italy (80),80,D14,Toronto East York,BLOOR ST W,CLINTON ST, ,Major Arterial,Intersection, ,No Control,Clear,Dark,Dry,Non-Fatal Injury,Turning Movement,Driver,15 to 19,Minor,0,West,"Automobile, Station Wagon",Going Ahead,Driving Properly,Normal, , , , , , ,0,0,1,0,0,0,0,1,0,0,0,0,0,0
1287084,2012,4,3,2,30,1,43.71694538,-79.39359029,Don Valley West (25),25,Mount Pleasant East (99),99,D53,North York,MOUNT PLEASANT RD,STIBBARD AVE, ,Major Arterial,Intersection, ,No Control,Clear,Dark,Dry,Fatal,SMV Other,Passenger,20 to 24,Fatal,7, ,Other, , , , , , , , , ,0,0,1,0,0,0,0,1,1,1,0,1,0,1
1287084,2012,4,3,2,30,1,43.71694538,-79.39359029,Don Valley West (25),25,Mount Pleasant East (99),99,D53,North York,MOUNT PLEASANT RD,STIBBARD AVE, ,Major Arterial,Intersection, ,No Control,Clear,Dark,Dry,Fatal,SMV Other,Vehicle Owner,unknown, ,0, ,Other, , , , , , , , , ,0,0,1,0,0,0,0,1,1,1,0,1,0,1
1287084,2012,4,3,2,30,1,43.71694538,-79.39359029,Don Valley West (25),25,Mount Pleasant East (99),99,D53,North York,MOUNT PLEASANT RD,STIBBARD AVE, ,Major Arterial,Intersection, ,No Control,Clear,Dark,Dry,Fatal,SMV Other,Driver,15 to 19,Minimal,0,South,"Automobile, Station Wagon",Going Ahead,Exceeding Speed Limit,"Ability Impaired, Alcohol Over .08", , , , , , ,0,0,1,0,0,0,0,1,1,1,0,1,0,1
1287084,2012,4,3,2,30,1,43.71694538,-79.39359029,Don Valley West (25),25,Mount Pleasant East (99),99,D53,North York,MOUNT PLEASANT RD,STIBBARD AVE, ,Major Arterial,Intersection, ,No Control,Clear,Dark,Dry,Fatal,SMV Other,Other Property Owner,unknown, ,0, ,Other, , , , , , , , , ,0,0,1,0,0,0,0,1,1,1,0,1,0,1
1327908,2012,11,27,2,30,1,43.70114538,-79.52689029,Etobicoke North (2),2,Humber Heights-Westmount (8),8,D23,Etobicoke York,SCARLETT RD,RIVERVIEW HTS, ,Major Arterial,Mid-Block, ,No Control,Clear,"Dark, artificial",Dry,Non-Fatal Injury,SMV Other,Vehicle Owner,unknown, ,0, ,Other, , , , , , , , , ,0,0,1,0,0,0,0,0,1,1,0,0,0,0
1327908,2012,11,27,2,30,1,43.70114538,-79.52689029,Etobicoke North (2),2,Humber Heights-Westmount (8),8,D23,Etobicoke York,SCARLETT RD,RIVERVIEW HTS, ,Major Arterial,Mid-Block, ,No Control,Clear,"Dark, artificial",Dry,Non-Fatal Injury,SMV Other,Driver,30 to 34,Major,0,South,"Automobile, Station Wagon",Going Ahead,Lost control,Unknown, , , , , , ,0,0,1,0,0,0,0,0,1,1,0,0,0,0
1327908,2012,11,27,2,30,1,43.70114538,-79.52689029,Etobicoke North (2),2,Humber Heights-Westmount (8),8,D23,Etobicoke York,SCARLETT RD,RIVERVIEW HTS, ,Major Arterial,Mid-Block, ,No Control,Clear,"Dark, artificial",Dry,Non-Fatal Injury,SMV Other,Other Property Owner,unknown, ,0, ,Other, , , , , , , , , ,0,0,1,0,0,0,0,0,1,1,0,0,0,0
6000181395,2016,1,31,2,30,6,43.76032217,-79.49396143,York West (8),8,York University Heights (27),27,D31,North York,DERRYDOWN RD,ROMFIELD DR, ,Local,Intersection, ,Stop Sign,Clear,"Dark, artificial",Wet,Fatal,SMV Other,Driver,50 to 54,Minor,0,North,"Automobile, Station Wagon",Going Ahead,Lost control,"Ability Impaired, Alcohol", , , , , , ,0,0,1,0,0,0,0,1,0,0,0,1,0,1
6000181395,2016,1,31,2,30,6,43.76032217,-79.49396143,York West (8),8,York University Heights (27),27,D31,North York,DERRYDOWN RD,ROMFIELD DR, ,Local,Intersection, ,Stop Sign,Clear,"Dark, artificial",Wet,Fatal,SMV Other,Passenger,55 to 59,Minor,0, , , , , , , , , , , ,0,0,1,0,0,0,0,1,0,0,0,1,0,1
6000181395,2016,1,31,2,30,6,43.76032217,-79.49396143,York West (8),8,York University Heights (27),27,D31,North York,DERRYDOWN RD,ROMFIELD DR, ,Local,Intersection, ,Stop Sign,Clear,"Dark, artificial",Wet,Fatal,SMV Other,Passenger,45 to 49,Fatal,8, , , , , , , , , , , ,0,0,1,0,0,0,0,1,0,0,0,1,0,1
6001612832,2016,9,11,2,30,6,43.66036566,-79.37585841,Toronto Centre-Rosedale (27),27,Moss Park (73),73,D51,Toronto East York,JARVIS ST,GERRARD ST E, ,Major Arterial,Intersection,At Intersection,Traffic Signal,Clear,Dark,Dry,Non-Fatal Injury,Turning Movement,Driver,45 to 49,Minimal,0,South,Passenger Van,Turning Left,Improper Turn,Inattentive, , , , , , ,0,0,1,0,0,0,0,1,1,1,0,0,0,0
1119725,2009,7,26,2,36,6,43.80444538,-79.33099029,Scarborough-Agincourt (39),39,Steeles (116),116,D42,Scarborough,3330 PHARMACY Aven, , ,Minor Arterial, , ,No Control,Clear,Dark,Dry,Non-Fatal Injury,Pedestrian Collisions,Vehicle Owner,unknown, ,0, ,Other, , , , , , , , , ,1,0,1,0,0,0,0,0,0,0,0,0,0,0
6001612832,2016,9,11,2,30,6,43.66036566,-79.37585841,Toronto Centre-Rosedale (27),27,Moss Park (73),73,D51,Toronto East York,JARVIS ST,GERRARD ST E, ,Major Arterial,Intersection,At Intersection,Traffic Signal,Clear,Dark,Dry,Non-Fatal Injury,Turning Movement,Driver,20 to 24,Minimal,0,North,"Automobile, Station Wagon",Going Ahead,Exceeding Speed Limit,Other, , , , , , ,0,0,1,0,0,0,0,1,1,1,0,0,0,0
6001612832,2016,9,11,2,30,6,43.66036566,-79.37585841,Toronto Centre-Rosedale (27),27,Moss Park (73),73,D51,Toronto East York,JARVIS ST,GERRARD ST E, ,Major Arterial,Intersection,At Intersection,Traffic Signal,Clear,Dark,Dry,Non-Fatal Injury,Turning Movement,Passenger,20 to 24,Major,0, , , , , , , , , , , ,0,0,1,0,0,0,0,1,1,1,0,0,0,0
6002287717,2016,12,27,2,30,1,43.83156927,-79.24570093,Scarborough-Rouge River (42),42,Rouge (131),131,D42,Scarborough,TAPSCOTT RD,PASSMORE AVE,5 m South of,Minor Arterial,Intersection,At Intersection,Stop Sign,Clear,"Dark, artificial",Dry,Non-Fatal Injury,SMV Other,Driver,20 to 24,Minor,0,South,"Automobile, Station Wagon",Going Ahead,Lost control,Had Been Drinking, , , , , , ,0,0,1,0,0,0,0,1,0,0,0,0,0,0
6002287717,2016,12,27,2,30,1,43.83156927,-79.24570093,Scarborough-Rouge River (42),42,Rouge (131),131,D42,Scarborough,TAPSCOTT RD,PASSMORE AVE,5 m South of,Minor Arterial,Intersection,At Intersection,Stop Sign,Clear,"Dark, artificial",Dry,Non-Fatal Injury,SMV Other,Passenger,20 to 24,Major,0, , , , , , , , , , , ,0,0,1,0,0,0,0,1,0,0,0,0,0,0
1065571,2008,10,22,2,31,2,43.64994538,-79.48179029,Parkdale-High Park (13),13,Runnymede-Bloor West Village (89),89,D11,Etobicoke York,BLOOR ST W,WILLARD AVE, ,Major Arterial,Intersection,At Intersection,No Control,Clear,Dark,Dry,Non-Fatal Injury,SMV Other,Passenger,70 to 74,,0, ,Other, , , , , , , , , ,0,0,1,0,0,0,0,1,0,0,0,0,1,0
1065571,2008,10,22,2,31,2,43.64994538,-79.48179029,Parkdale-High Park (13),13,Runnymede-Bloor West Village (89),89,D11,Etobicoke York,BLOOR ST W,WILLARD AVE, ,Major Arterial,Intersection,At Intersection,No Control,Clear,Dark,Dry,Non-Fatal Injury,SMV Other,Driver,75 to 79,Major,0,East,"Automobile, Station Wagon",Going Ahead,Lost control,Medical or Physical Disability, , , , , , ,0,0,1,0,0,0,0,1,0,0,0,0,1,0
1202238,2010,10,23,2,32,5,43.65654538,-79.39499029,Trinity-Spadina (20),20,Kensington-Chinatown (78),78,D52,Toronto East York,BEVERLEY ST,CECIL ST, ,Minor Arterial,Mid-Block, ,No Control,Clear,Dark,Dry,Non-Fatal Injury,Pedestrian Collisions,Other,unknown,,0,North,Other,Parked, , , , , , , , ,1,0,1,0,0,0,0,0,1,1,0,1,0,0
1202238,2010,10,23,2,32,5,43.65654538,-79.39499029,Trinity-Spadina (20),20,Kensington-Chinatown (78),78,D52,Toronto East York,BEVERLEY ST,CECIL ST, ,Minor Arterial,Mid-Block, ,No Control,Clear,Dark,Dry,Non-Fatal Injury,Pedestrian Collisions,Other,unknown,,0,North,Other,Parked, , , , , , , , ,1,0,1,0,0,0,0,0,1,1,0,1,0,0
1202238,2010,10,23,2,32,5,43.65654538,-79.39499029,Trinity-Spadina (20),20,Kensington-Chinatown (78),78,D52,Toronto East York,BEVERLEY ST,CECIL ST, ,Minor Arterial,Mid-Block, ,No Control,Clear,Dark,Dry,Non-Fatal Injury,Pedestrian Collisions,Vehicle Owner,unknown, ,0, ,Other, , , , , , , , , ,1,0,1,0,0,0,0,0,1,1,0,1,0,0
1202238,2010,10,23,2,32,5,43.65654538,-79.39499029,Trinity-Spadina (20),20,Kensington-Chinatown (78),78,D52,Toronto East York,BEVERLEY ST,CECIL ST, ,Minor Arterial,Mid-Block, ,No Control,Clear,Dark,Dry,Non-Fatal Injury,Pedestrian Collisions,Driver,20 to 24,,0,North,"Automobile, Station Wagon",Going Ahead,Other,"Ability Impaired, Alcohol Over .08", , , , , , ,1,0,1,0,0,0,0,0,1,1,0,1,0,0
1202238,2010,10,23,2,32,5,43.65654538,-79.39499029,Trinity-Spadina (20),20,Kensington-Chinatown (78),78,D52,Toronto East York,BEVERLEY ST,CECIL ST, ,Minor Arterial,Mid-Block, ,No Control,Clear,Dark,Dry,Non-Fatal Injury,Pedestrian Collisions,Pedestrian,20 to 24,Major,0,Unknown,Other, , , ,Vehicle hits the pedestrian walking or running out from between parked vehicles at mid-block,Coming From Behind Parked Vehicle,Normal, , , ,1,0,1,0,0,0,0,0,1,1,0,1,0,0