ACCNUM,YEAR,MONTH,DAY,HOUR,MINUTES,WEEKDAY,LATITUDE,LONGITUDE,Ward_Name,Ward_ID,Hood_Name,Hood_ID,Division,District,STREET1,STREET2,OFFSET,ROAD_CLASS,LOCCOORD,ACCLOC,TRAFFCTL,VISIBILITY,LIGHT,RDSFCOND,ACCLASS,IMPACTYPE,INVTYPE,INVAGE,INJURY,FATAL_NO,INITDIR,VEHTYPE,MANOEUVER,DRIVACT,DRIVCOND,PEDTYPE,PEDACT,PEDCOND,CYCLISTYPE,CYCACT,CYCCOND,PEDESTRIAN,CYCLIST,AUTOMOBILE,MOTORCYCLE,TRUCK,TRSN_CITY_VEH,EMERG_VEH,PASSENGER,SPEEDING,AG_DRIV,REDLIGHT,ALCOHOL,DISABILITY,label
4001912926,2014,4,18,2,32,4,43.69651373,-79.29730616,Beaches-East York (31),31,Taylor-Massey (61),61,D54,Toronto East York,DAWES RD,CRESCENT TOWN RD, ,Minor Arterial,Intersection,Non Intersection,Traffic Signal,Clear,"Dark, artificial",Dry,Non-Fatal Injury,SMV Other,Driver,40 to 44,Major,0,South,"Automobile, Station Wagon",Going Ahead,Speed too Fast For Condition,"Ability Impaired, Alcohol", , , , , , ,0,0,1,0,0,0,0,0,1,1,0,1,0,0
1279209,2012,2,6,2,33,0,43.63264425,-79.42928705,Parkdale-High Park (14),14,South Parkdale (85),85,D14,Toronto East York,F G GARDINER XY  E,DUFFERIN ST, ,Expressway,Mid-Block, ,No Control,Clear,"Dark, artificial",Other,Fatal,Pedestrian Collisions,Truck Driver,40 to 44,,0,East,Truck - Open,Going Ahead,Driving Properly,Normal, , , , , , ,1,0,1,0,1,0,0,0,0,0,0,0,0,1
1279209,2012,2,6,2,33,0,43.63264425,-79.42928705,Parkdale-High Park (14),14,South Parkdale (85),85,D14,Toronto East York,F G GARDINER XY  E,DUFFERIN ST, ,Expressway,Mid-Block, ,No Control,Clear,"Dark, artificial",Other,Fatal,Pedestrian Collisions,Driver - Not Hit,20 to 24,,0,East,"Automobile, Station Wagon",Going Ahead,Other,Had Been Drinking, , , , , , ,1,0,1,0,1,0,0,0,0,0,0,0,0,1
1279209,2012,2,6,2,33,0,43.63264425,-79.42928705,Parkdale-High Park (14),14,South Parkdale (85),85,D14,Toronto East York,F G GARDINER XY  E,DUFFERIN ST, ,Expressway,Mid-Block, ,No Control,Clear,"Dark, artificial",Other,Fatal,Pedestrian Collisions,Pedestrian,15 to 19,Fatal,5,Unknown,Other, , , ,Pedestrian hit at mid-block,Person Getting on/off Vehicle,Had Been Drinking, , , ,1,0,1,0,1,0,0,0,0,0,0,0,0,1
142049204,2014,5,10,2,33,5,43.65226324,-79.40113459,Trinity-Spadina (20),20,Kensington-Chinatown (78),78,D14,Toronto East York,DUNDAS ST W,AUGUSTA AVE, ,Major Arterial,Intersection, ,No Control,Clear,"Dark, artificial",Dry,Fatal,Pedestrian Collisions,Pedestrian,25 to 29,Fatal,9,Unknown, , , , ,Other / Undefined,Other,Had Been Drinking, , , ,1,0,1,0,0,0,0,1,0,0,0,0,0,1
142049204,2014,5,10,2,33,5,43.65226324,-79.40113459,Trinity-Spadina (20),20,Kensington-Chinatown (78),78,D14,Toronto East York,DUNDAS ST W,AUGUSTA AVE, ,Major Arterial,Intersection, ,No Control,Clear,"Dark, artificial",Dry,Fatal,Pedestrian Collisions,Driver,30 to 34,,0,West,"Automobile, Station Wagon",Changing Lanes,Improper Lane Change,Unknown, , , , , , ,1,0,1,0,0,0,0,1,0,0,0,0,0,1
142049204,2014,5,10,2,33,5,43.65226324,-79.40113459,Trinity-Spadina (20),20,Kensington-Chinatown (78),78,D14,Toronto East York,DUNDAS ST W,AUGUSTA AVE, ,Major Arterial,Intersection, ,No Control,Clear,"Dark, artificial",Dry,Fatal,Pedestrian Collisions,Driver,60 to 64,,0,West,"Automobile, Station Wagon",Stopped,Driving Properly,Normal, , , , , , ,1,0,1,0,0,0,0,1,0,0,0,0,0,1
142049204,2014,5,10,2,33,5,43.65226324,-79.40113459,Trinity-Spadina (20),20,Kensington-Chinatown (78),78,D14,Toronto East York,DUNDAS ST W,AUGUSTA AVE, ,Major Arterial,Intersection, ,No Control,Clear,"Dark, artificial",Dry,Fatal,Pedestrian Collisions,Passenger,20 to 24,,0, , , , , , , , , , , ,1,0,1,0,0,0,0,1,0,0,0,0,0,1
6000218872,2016,2,6,2,33,5,43.68616064,-79.54903803,Etobicoke Centre (4),4,Willowridge-Martingrove-Richview (7),7,D23,Etobicoke York,163 WINCOTT DR, ,39 m South of,Local,Mid-Block,Non Intersection,No Control,Clear,"Dark, artificial",Dry,Non-Fatal Injury,SMV Other,Driver,30 to 34,Major,0,North,Passenger Van,Going Ahead,Lost control,Normal, , , , , , ,0,0,1,0,0,0,0,1,1,1,0,0,0,0
6000218872,2016,2,6,2,33,5,43.68616064,-79.54903803,Etobicoke Centre (4),4,Willowridge-Martingrove-Richview (7),7,D23,Etobicoke York,163 WINCOTT DR, ,39 m South of,Local,Mid-Block,Non Intersection,No Control,Clear,"Dark, artificial",Dry,Non-Fatal Injury,SMV Other,Passenger,35 to 39,Major,0, , , , , , , , , , , ,0,0,1,0,0,0,0,1,1,1,0,0,0,0
995372,2007,9,24,2,35,0,43.66734538,-79.35339029,Toronto-Danforth (30),30,North Riverdale (68),68,D55,Toronto East York,BROADVIEW AVE,VICTOR AVE, ,Minor Arterial,Mid-Block, ,No Control,Clear,Dark,Dry,Non-Fatal Injury,SMV Other,Driver,15 to 19,Major,0,South,"Automobile, Station Wagon",Going Ahead,Lost control,"Ability Impaired, Alcohol", , , , , , ,0,0,1,0,0,0,0,0,1,1,0,1,0,0
995372,2007,9,24,2,35,0,43.66734538,-79.35339029,Toronto-Danforth (30),30,North Riverdale (68),68,D55,Toronto East York,BROADVIEW AVE,VICTOR AVE, ,Minor Arterial,Mid-Block, ,No Control,Clear,Dark,Dry,Non-Fatal Injury,SMV Other,Other Property Owner,unknown, ,0, ,Other, , , , , , , , , ,0,0,1,0,0,0,0,0,1,1,0,1,0,0
997765,2007,10,21,2,35,6,43.68614538,-79.59529029,Etobicoke North (2),2,West Humber-Clairville (1),1,D23,Etobicoke York,215 CARLINGVIEW Driv, , ,Major Arterial,Mid-Block, ,No Control,Clear,Dark,Dry,Non-Fatal Injury,Pedestrian Collisions,Driver,25 to 29,,0,West,"Automobile, Station Wagon",Other, ,"Ability Impaired, Alcohol", , , , , , ,1,0,1,0,0,0,0,1,0,0,0,1,0,0
997765,2007,10,21,2,35,6,43.68614538,-79.59529029,Etobicoke North (2),2,West Humber-Clairville (1),1,D23,Etobicoke York,215 CARLINGVIEW Driv, , ,Major Arterial,Mid-Block, ,No Control,Clear,Dark,Dry,Non-Fatal Injury,Pedestrian Collisions,Passenger,unknown,,0, ,Other,Other, , , , , , , , ,1,0,1,0,0,0,0,1,0,0,0,1,0,0
997765,2007,10,21,2,35,6,43.68614538,-79.59529029,Etobicoke North (2),2,West Humber-Clairville (1),1,D23,Etobicoke York,215 CARLINGVIEW Driv, , ,Major Arterial,Mid-Block, ,No Control,Clear,Dark,Dry,Non-Fatal Injury,Pedestrian Collisions,Passenger,unknown,,0, ,Other,Other, , , , , , , , ,1,0,1,0,0,0,0,1,0,0,0,1,0,0
997765,2007,10,21,2,35,6,43.68614538,-79.59529029,Etobicoke North (2),2,West Humber-Clairville (1),1,D23,Etobicoke York,215 CARLINGVIEW Driv, , ,Major Arterial,Mid-Block, ,No Control,Clear,Dark,Dry,Non-Fatal Injury,Pedestrian Collisions,Passenger,unknown,,0, ,Other,Other, , , , , , , , ,1,0,1,0,0,0,0,1,0,0,0,1,0,0
997765,2007,10,21,2,35,6,43.68614538,-79.59529029,Etobicoke North (2),2,West Humber-Clairville (1),1,D23,Etobicoke York,215 CARLINGVIEW Driv, , ,Major Arterial,Mid-Block, ,No Control,Clear,Dark,Dry,Non-Fatal Injury,Pedestrian Collisions,Pedestrian,unknown,Major,0, ,Other,Other, , , , , , , , ,1,0,1,0,0,0,0,1,0,0,0,1,0,0
1064349,2008,8,26,2,35,1,43.65494538,-79.33739029,Toronto-Danforth (30),30,South Riverdale (70),70,D55,Toronto East York,CARLAW Aven,LAKE SHORE Boul E, ,Major Arterial,Intersection,At Intersection,Traffic Signal,Clear,Dark,Dry,Non-Fatal Injury,Angle,Driver,30 to 34,Major,0,South,"Automobile, Station Wagon",Going Ahead,Disobeyed Traffic Control,"Ability Impaired, Alcohol", , , , , , ,0,0,1,0,0,0,0,1,0,1,1,1,0,0
1064349,2008,8,26,2,35,1,43.65494538,-79.33739029,Toronto-Danforth (30),30,South Riverdale (70),70,D55,Toronto East York,CARLAW Aven,LAKE SHORE Boul E, ,Major Arterial,Intersection,At Intersection,Traffic Signal,Clear,Dark,Dry,Non-Fatal Injury,Angle,Passenger,25 to 29,Major,0, ,Other, , , , , , , , , ,0,0,1,0,0,0,0,1,0,1,1,1,0,0
1064349,2008,8,26,2,35,1,43.65494538,-79.33739029,Toronto-Danforth (30),30,South Riverdale (70),70,D55,Toronto East York,CARLAW Aven,LAKE SHORE Boul E, ,Major Arterial,Intersection,At Intersection,Traffic Signal,Clear,Dark,Dry,Non-Fatal Injury,Angle,Passenger,20 to 24,Major,0, ,Other, , , , , , , , , ,0,0,1,0,0,0,0,1,0,1,1,1,0,0
1064349,2008,8,26,2,35,1,43.65494538,-79.33739029,Toronto-Danforth (30),30,South Riverdale (70),70,D55,Toronto East York,CARLAW Aven,LAKE SHORE Boul E, ,Major Arterial,Intersection,At Intersection,Traffic Signal,Clear,Dark,Dry,Non-Fatal Injury,Angle,Driver,25 to 29,Major,0,West,"Automobile, Station Wagon",Going Ahead,Driving Properly,Normal, , , , , , ,0,0,1,0,0,0,0,1,0,1,1,1,0,0
1119725,2009,7,26,2,36,6,43.80444538,-79.33099029,Scarborough-Agincourt (39),39,Steeles (116),116,D42,Scarborough,3330 PHARMACY Aven, , ,Minor Arterial, , ,No Control,Clear,Dark,Dry,Non-Fatal Injury,Pedestrian Collisions,Driver,unknown,,0,South,"Automobile, Station Wagon",Going Ahead, , , , , , , , ,1,0,1,0,0,0,0,0,0,0,0,0,0,0
1119725,2009,7,26,2,36,6,43.80444538,-79.33099029,Scarborough-Agincourt (39),39,Steeles (116),116,D42,Scarborough,3330 PHARMACY Aven, , ,Minor Arterial, , ,No Control,Clear,Dark,Dry,Non-Fatal Injury,Pedestrian Collisions,Pedestrian,unknown,Major,0, ,Other,Other, , , , , , , , ,1,0,1,0,0,0,0,0,0,0,0,0,0,0
1119725,2009,7,26,2,36,6,43.80444538,-79.33099029,Scarborough-Agincourt (39),39,Steeles (116),116,D42,Scarborough,3330 PHARMACY Aven, , ,Minor Arterial, , ,No Control,Clear,Dark,Dry,Non-Fatal Injury,Pedestrian Collisions,Pedestrian,unknown,Minimal,0, ,Other,Other, , , , , , , , ,1,0,1,0,0,0,0,0,0,0,0,0,0,0
4001787575,2014,3,29,2,36,5,43.79169424,-79.22835932,Scarborough-Rouge River (42),42,Malvern (132),132,D42,Scarborough,455 MILNER AVE, , ,Minor Arterial,Mid-Block,Non Intersection,No Control,Clear,"Dark, artificial",Dry,Non-Fatal Injury,SMV Other,Driver,25 to 29,Major,0,East,Delivery Van,Going Ahead,Lost control,"Ability Impaired, Alcohol", , , , , , ,0,0,1,0,0,0,0,1,0,0,0,1,0,0
4001787575,2014,3,29,2,36,5,43.79169424,-79.22835932,Scarborough-Rouge River (42),42,Malvern (132),132,D42,Scarborough,455 MILNER AVE, , ,Minor Arterial,Mid-Block,Non Intersection,No Control,Clear,"Dark, artificial",Dry,Non-Fatal Injury,SMV Other,Passenger,15 to 19,Major,0, , , , , , , , , , , ,0,0,1,0,0,0,0,1,0,0,0,1,0,0
970666,2007,5,21,2,37,0,43.69624538,-79.35369029,Toronto-Danforth (29),29,Broadview North (57),57,D54,Toronto East York,DON VALLEY PARKWAY  N,BEECHWOOD DR, ,Expressway,Mid-Block, ,No Control,Clear,Dark,Dry,Non-Fatal Injury,SMV Other,Vehicle Owner,unknown, ,0, ,Other, , , , , , , , , ,0,0,1,0,0,0,0,1,1,1,0,0,0,0
970666,2007,5,21,2,37,0,43.69624538,-79.35369029,Toronto-Danforth (29),29,Broadview North (57),57,D54,Toronto East York,DON VALLEY PARKWAY  N,BEECHWOOD DR, ,Expressway,Mid-Block, ,No Control,Clear,Dark,Dry,Non-Fatal Injury,SMV Other,Passenger,20 to 24,,0, ,Other, , , , , , , , , ,0,0,1,0,0,0,0,1,1,1,0,0,0,0
970666,2007,5,21,2,37,0,43.69624538,-79.35369029,Toronto-Danforth (29),29,Broadview North (57),57,D54,Toronto East York,DON VALLEY PARKWAY  N,BEECHWOOD DR, ,Expressway,Mid-Block, ,No Control,Clear,Dark,Dry,Non-Fatal Injury,SMV Other,Passenger,15 to 19,,0, ,Other, , , , , , , , , ,0,0,1,0,0,0,0,1,1,1,0,0,0,0
970666,2007,5,21,2,37,0,43.69624538,-79.35369029,Toronto-Danforth (29),29,Broadview North (57),57,D54,Toronto East York,DON VALLEY PARKWAY  N,BEECHWOOD DR, ,Expressway,Mid-Block, ,No Control,Clear,Dark,Dry,Non-Fatal Injury,SMV Other,Passenger,15 to 19,,0, ,Other, , , , , , , , , ,0,0,1,0,0,0,0,1,1,1,0,0,0,0
970666,2007,5,21,2,37,0,43.69624538,-79.35369029,Toronto-Danforth (29),29,Broadview North (57),57,D54,Toronto East York,DON VALLEY PARKWAY  N,BEECHWOOD DR, ,Expressway,Mid-Block, ,No Control,Clear,Dark,Dry,Non-Fatal Injury,SMV Other,Passenger,15 to 19,,0, ,Other, , , , , , , , , ,0,0,1,0,0,0,0,1,1,1,0,0,0,0
970666,2007,5,21,2,37,0,43.69624538,-79.35369029,Toronto-Danforth (29),29,Broadview North (57),57,D54,Toronto East York,DON VALLEY PARKWAY  N,BEECHWOOD DR, ,Expressway,Mid-Block, ,No Control,Clear,Dark,Dry,Non-Fatal Injury,SMV Other,Passenger,20 to 24,,0, ,Other, , , , , , , , , ,0,0,1,0,0,0,0,1,1,1,0,0,0,0
970666,2007,5,21,2,37,0,43.69624538,-79.35369029,Toronto-Danforth (29),29,Broadview North (57),57,D54,Toronto East York,DON VALLEY PARKWAY  N,BEECHWOOD DR, ,Expressway,Mid-Block, ,No Control,Clear,Dark,Dry,Non-Fatal Injury,SMV Other,Driver,15 to 19,Major,0,North,"Automobile, Station Wagon",Going Ahead,Exceeding Speed Limit,Normal, , , , , , ,0,0,1,0,0,0,0,1,1,1,0,0,0,0
1328705,2012,12,2,2,37,6,43.62874538,-79.49169029,Etobicoke-Lakeshore (5),5,Stonegate-Queensway (16),16,D22,Etobicoke York,THE QUEENSWAY,PARK LAWN RD, ,Major Arterial,Mid-Block, ,No Control,Clear,"Dark, artificial",Wet,Non-Fatal Injury,Pedestrian Collisions,Passenger,unknown,,0, ,Other,Other, , , , , , , , ,1,0,1,0,0,0,0,1,1,1,0,0,0,0
1328705,2012,12,2,2,37,6,43.62874538,-79.49169029,Etobicoke-Lakeshore (5),5,Stonegate-Queensway (16),16,D22,Etobicoke York,THE QUEENSWAY,PARK LAWN RD, ,Major Arterial,Mid-Block, ,No Control,Clear,"Dark, artificial",Wet,Non-Fatal Injury,Pedestrian Collisions,Vehicle Owner,unknown, ,0, ,Other, , , , , , , , , ,1,0,1,0,0,0,0,1,1,1,0,0,0,0
1328705,2012,12,2,2,37,6,43.62874538,-79.49169029,Etobicoke-Lakeshore (5),5,Stonegate-Queensway (16),16,D22,Etobicoke York,THE QUEENSWAY,PARK LAWN RD, ,Major Arterial,Mid-Block, ,No Control,Clear,"Dark, artificial",Wet,Non-Fatal Injury,Pedestrian Collisions,Driver,35 to 39,,0,East,Taxi,Going Ahead,Other,Normal, , , , , , ,1,0,1,0,0,0,0,1,1,1,0,0,0,0
1328705,2012,12,2,2,37,6,43.62874538,-79.49169029,Etobicoke-Lakeshore (5),5,Stonegate-Queensway (16),16,D22,Etobicoke York,THE QUEENSWAY,PARK LAWN RD, ,Major Arterial,Mid-Block, ,No Control,Clear,"Dark, artificial",Wet,Non-Fatal Injury,Pedestrian Collisions,Pedestrian,25 to 29,Major,0,South,Other, , , ,Pedestrian hit at mid-block,"Crossing, no Traffic Control",Had Been Drinking, , , ,1,0,1,0,0,0,0,1,1,1,0,0,0,0
7001366288,2017,7,30,2,37,6,43.6653324,-79.4645196,Parkdale-High Park (14),14,Junction Area (90),90,D11,Etobicoke York,DUNDAS ST W,KEELE ST, ,Major Arterial,Intersection,At Intersection,Traffic Signal,Clear,Dark,Dry,Non-Fatal Injury,Angle,Driver,55 to 59,Minimal,0,North,"Automobile, Station Wagon",Going Ahead,Other,"Ability Impaired, Alcohol Over .08", , , , , , ,0,0,1,0,0,0,0,0,1,1,0,1,0,0
7001366288,2017,7,30,2,37,6,43.6653324,-79.4645196,Parkdale-High Park (14),14,Junction Area (90),90,D11,Etobicoke York,DUNDAS ST W,KEELE ST, ,Major Arterial,Intersection,At Intersection,Traffic Signal,Clear,Dark,Dry,Non-Fatal Injury,Angle,Driver,60 to 64,Major,0,East,"Automobile, Station Wagon",Going Ahead,Driving Properly,Normal, , , , , , ,0,0,1,0,0,0,0,0,1,1,0,1,0,0
7001457563,2017,8,13,2,37,6,43.76881738,-79.52036629,York West (8),8,Black Creek (24),24,D31,North York,JANE ST,SHOREHAM DR, ,Major Arterial,Intersection,At Intersection,Traffic Signal,Clear,"Dark, artificial",Dry,Non-Fatal Injury,Turning Movement,Driver,25 to 29,Major,0,South,"Automobile, Station Wagon",Turning Left,Failed to Yield Right of Way,"Ability Impaired, Alcohol", , , , , , ,0,0,1,0,0,0,0,0,0,1,0,1,0,0
7001457563,2017,8,13,2,37,6,43.76881738,-79.52036629,York West (8),8,Black Creek (24),24,D31,North York,JANE ST,SHOREHAM DR, ,Major Arterial,Intersection,At Intersection,Traffic Signal,Clear,"Dark, artificial",Dry,Non-Fatal Injury,Turning Movement,Driver,20 to 24,,0,North,"Automobile, Station Wagon",Going Ahead,Driving Properly,Normal, , , , , , ,0,0,1,0,0,0,0,0,0,1,0,1,0,0
1106370,2009,5,15,2,39,4,43.68664538,-79.59799029,Etobicoke North (2),2,West Humber-Clairville (1),1,D23,Etobicoke York,DIXON RD,CARLINGVIEW DR, ,Major Arterial,Mid-Block, ,No Control,Clear,Dark,Dry,Non-Fatal Injury,Pedestrian Collisions,Driver,unknown,,0,West,"Automobile, Station Wagon",Going Ahead,Exceeding Speed Limit,Unknown, , , , , , ,1,0,1,0,0,0,0,0,1,1,0,0,0,0
1106370,2009,5,15,2,39,4,43.68664538,-79.59799029,Etobicoke North (2),2,West Humber-Clairville (1),1,D23,Etobicoke York,DIXON RD,CARLINGVIEW DR, ,Major Arterial,Mid-Block, ,No Control,Clear,Dark,Dry,Non-Fatal Injury,Pedestrian Collisions,Pedestrian,35 to 39,Major,0,North,Other, , , ,Pedestrian hit at mid-block,"Crossing, no Traffic Control","Ability Impaired, Alcohol Over .80", , , ,1,0,1,0,0,0,0,0,1,1,0,0,0,0
1176586,2010,5,23,2,40,6,43.73474538,-79.39509029,Don Valley West (25),25,Lawrence Park North (105),105,D32,North York,187 TEDDINGTON PARK AVE, , ,Local,Mid-Block, ,No Control,Clear,Dark,Dry,Non-Fatal Injury,Pedestrian Collisions,Vehicle Owner,unknown, ,0, ,Other, , , , , , , , , ,1,0,1,0,0,0,0,0,0,1,0,0,0,0
1176586,2010,5,23,2,40,6,43.73474538,-79.39509029,Don Valley West (25),25,Lawrence Park North (105),105,D32,North York,187 TEDDINGTON PARK AVE, , ,Local,Mid-Block, ,No Control,Clear,Dark,Dry,Non-Fatal Injury,Pedestrian Collisions,Driver,30 to 34,,0,East,"Automobile, Station Wagon",Going Ahead,Following too Close,Normal, , , , , , ,1,0,1,0,0,0,0,0,0,1,0,0,0,0
1176586,2010,5,23,2,40,6,43.73474538,-79.39509029,Don Valley West (25),25,Lawrence Park North (105),105,D32,North York,187 TEDDINGTON PARK AVE, , ,Local,Mid-Block, ,No Control,Clear,Dark,Dry,Non-Fatal Injury,Pedestrian Collisions,Pedestrian,20 to 24,Major,0,East,Other, , , ,Pedestrian hit at mid-block,Running onto Roadway,Had Been Drinking, , , ,1,0,1,0,0,0,0,0,0,1,0,0,0,0
1188104,2010,7,17,2,40,5,43.66154538,-79.40979029,Trinity-Spadina (19),19,Palmerston-Little Italy (80),80,D14,Toronto East York,HARBORD ST,BATHURST ST, ,Major Arterial,Intersection,At Intersection,Traffic Signal,Clear,Dark,Dry,Non-Fatal Injury,Pedestrian Collisions,Driver,25 to 29,,0,South,"Automobile, Station Wagon",Going Ahead,Exceeding Speed Limit,Normal, , , , , , ,1,0,1,0,0,0,0,0,1,1,0,0,0,0
1188104,2010,7,17,2,40,5,43.66154538,-79.40979029,Trinity-Spadina (19),19,Palmerston-Little Italy (80),80,D14,Toronto East York,HARBORD ST,BATHURST ST, ,Major Arterial,Intersection,At Intersection,Traffic Signal,Clear,Dark,Dry,Non-Fatal Injury,Pedestrian Collisions,Driver,25 to 29,,0,North,"Automobile, Station Wagon",Turning Left,Failed to Yield Right of Way,Unknown, , , , , , ,1,0,1,0,0,0,0,0,1,1,0,0,0,0
1188104,2010,7,17,2,40,5,43.66154538,-79.40979029,Trinity-Spadina (19),19,Palmerston-Little Italy (80),80,D14,Toronto East York,HARBORD ST,BATHURST ST, ,Major Arterial,Intersection,At Intersection,Traffic Signal,Clear,Dark,Dry,Non-Fatal Injury,Pedestrian Collisions,Pedestrian,20 to 24,Major,0,Unknown,Other, , , ,Pedestrian hit on sidewalk or shoulder,On Sidewalk or Shoulder,Inattentive, , , ,1,0,1,0,0,0,0,0,1,1,0,0,0,0
1188104,2010,7,17,2,40,5,43.66154538,-79.40979029,Trinity-Spadina (19),19,Palmerston-Little Italy (80),80,D14,Toronto East York,HARBORD ST,BATHURST ST, ,Major Arterial,Intersection,At Intersection,Traffic Signal,Clear,Dark,Dry,Non-Fatal Injury,Pedestrian Collisions,Pedestrian,50 to 54,Major,0,Unknown,Other, , , ,Pedestrian hit on sidewalk or shoulder,On Sidewalk or Shoulder,Normal, , , ,1,0,1,0,0,0,0,0,1,1,0,0,0,0
1274476,2011,10,12,2,40,2,43.65434538,-79.37879029,Toronto Centre-Rosedale (27),27,Church-Yonge Corridor (75),75,D51,Toronto East York,VICTORIA ST,SHUTER ST, ,Collector,Intersection, ,No Control,Clear,Dark,Dry,Non-Fatal Injury,SMV Unattended Vehicle,Vehicle Owner,unknown, ,0, ,Other, , , , , , , , , ,0,0,1,0,0,0,0,0,1,1,0,0,0,0
1274476,2011,10,12,2,40,2,43.65434538,-79.37879029,Toronto Centre-Rosedale (27),27,Church-Yonge Corridor (75),75,D51,Toronto East York,VICTORIA ST,SHUTER ST, ,Collector,Intersection, ,No Control,Clear,Dark,Dry,Non-Fatal Injury,SMV Unattended Vehicle,Driver,55 to 59,Major,0,North,"Automobile, Station Wagon",Going Ahead,Lost control,Inattentive, , , , , , ,0,0,1,0,0,0,0,0,1,1,0,0,0,0
1274476,2011,10,12,2,40,2,43.65434538,-79.37879029,Toronto Centre-Rosedale (27),27,Church-Yonge Corridor (75),75,D51,Toronto East York,VICTORIA ST,SHUTER ST, ,Collector,Intersection, ,No Control,Clear,Dark,Dry,Non-Fatal Injury,SMV Unattended Vehicle,Other,unknown,,0,North,Other,Parked, , , , , , , , ,0,0,1,0,0,0,0,0,1,1,0,0,0,0
6000946578,2016,6,1,2,40,2,43.60823401,-79.49033747,Etobicoke-Lakeshore (6),6,Mimico (includes Humber Bay Shores) (17),17,D22,Etobicoke York,LAKE SHORE BLVD W,MILES RD,30 m West of,Major Arterial,Intersection,At Intersection,No Control,Clear,"Dark, artificial",Dry,Non-Fatal Injury,SMV Other,Driver,20 to 24,Minimal,0,East,"Automobile, Station Wagon",Going Ahead,Lost control,Had Been Drinking, , , , , , ,0,0,1,0,0,0,0,1,1,1,0,0,0,0
6000946578,2016,6,1,2,40,2,43.60823401,-79.49033747,Etobicoke-Lakeshore (6),6,Mimico (includes Humber Bay Shores) (17),17,D22,Etobicoke York,LAKE SHORE BLVD W,MILES RD,30 m West of,Major Arterial,Intersection,At Intersection,No Control,Clear,"Dark, artificial",Dry,Non-Fatal Injury,SMV Other,Passenger,25 to 29,Minimal,0, , , , , , , , , , , ,0,0,1,0,0,0,0,1,1,1,0,0,0,0
6000946578,2016,6,1,2,40,2,43.60823401,-79.49033747,Etobicoke-Lakeshore (6),6,Mimico (includes Humber Bay Shores) (17),17,D22,Etobicoke York,LAKE SHORE BLVD W,MILES RD,30 m West of,Major Arterial,Intersection,At Intersection,No Control,Clear,"Dark, artificial",Dry,Non-Fatal Injury,SMV Other,Passenger,25 to 29,Minimal,0, , , , , , , , , , , ,0,0,1,0,0,0,0,1,1,1,0,0,0,0
6000946578,2016,6,1,2,40,2,43.60823401,-79.49033747,Etobicoke-Lakeshore (6),6,Mimico (includes Humber Bay Shores) (17),17,D22,Etobicoke York,LAKE SHORE BLVD W,MILES RD,30 m West of,Major Arterial,Intersection,At Intersection,No Control,Clear,"Dark, artificial",Dry,Non-Fatal Injury,SMV Other,Passenger,20 to 24,Major,0, , , , , , , , , , , ,0,0,1,0,0,0,0,1,1,1,0,0,0,0
4001490210,2014,2,8,2,41,5,43.6435581,-79.42195521,Trinity-Spadina (19),19,Niagara (82),82,D14,Toronto East York,QUEEN ST W,LISGAR ST, ,Major Arterial,Mid-Block,Non Intersection,No Control,Clear,"Dark, artificial",Slush,Non-Fatal Injury,Pedestrian Collisions,Driver,20 to 24,,0,West,"Automobile, Station Wagon",Going Ahead,Exceeding Speed Limit,Unknown, , , , , , ,1,0,1,0,0,0,0,1,1,1,0,0,0,0
4001490210,2014,2,8,2,41,5,43.6435581,-79.42195521,Trinity-Spadina (19),19,Niagara (82),82,D14,Toronto East York,QUEEN ST W,LISGAR ST, ,Major Arterial,Mid-Block,Non Intersection,No Control,Clear,"Dark, artificial",Slush,Non-Fatal Injury,Pedestrian Collisions,Driver,25 to 29,,0,West,"Automobile, Station Wagon",Overtaking,Failed to Yield Right of Way,Normal, , , , , , ,1,0,1,0,0,0,0,1,1,1,0,0,0,0
4001490210,2014,2,8,2,41,5,43.6435581,-79.42195521,Trinity-Spadina (19),19,Niagara (82),82,D14,Toronto East York,QUEEN ST W,LISGAR ST, ,Major Arterial,Mid-Block,Non Intersection,No Control,Clear,"Dark, artificial",Slush,Non-Fatal Injury,Pedestrian Collisions,Passenger,unknown,,0, , , , , , , , , , , ,1,0,1,0,0,0,0,1,1,1,0,0,0,0
4001490210,2014,2,8,2,41,5,43.6435581,-79.42195521,Trinity-Spadina (19),19,Niagara (82),82,D14,Toronto East York,QUEEN ST W,LISGAR ST, ,Major Arterial,Mid-Block,Non Intersection,No Control,Clear,"Dark, artificial",Slush,Non-Fatal Injury,Pedestrian Collisions,Passenger,unknown,Minimal,0, , , , , , , , , , , ,1,0,1,0,0,0,0,1,1,1,0,0,0,0
4001490210,2014,2,8,2,41,5,43.6435581,-79.42195521,Trinity-Spadina (19),19,Niagara (82),82,D14,Toronto East York,QUEEN ST W,LISGAR ST, ,Major Arterial,Mid-Block,Non Intersection,No Control,Clear,"Dark, artificial",Slush,Non-Fatal Injury,Pedestrian Collisions,Pedestrian,30 to 34,Major,0,Unknown, , , , ,Pedestrian hit at mid-block,Person Getting on/off Vehicle,Normal, , , ,1,0,1,0,0,0,0,1,1,1,0,0,0,0
4001490210,2014,2,8,2,41,5,43.6435581,-79.42195521,Trinity-Spadina (19),19,Niagara (82),82,D14,Toronto East York,QUEEN ST W,LISGAR ST, ,Major Arterial,Mid-Block,Non Intersection,No Control,Clear,"Dark, artificial",Slush,Non-Fatal Injury,Pedestrian Collisions,Other,unknown,,0, ,"Automobile, Station Wagon",Parked, , , , , , , , ,1,0,1,0,0,0,0,1,1,1,0,0,0,0