ACCNUM,YEAR,MONTH,DAY,HOUR,MINUTES,WEEKDAY,LATITUDE,LONGITUDE,Ward_Name,Ward_ID,Hood_Name,Hood_ID,Division,District,STREET1,STREET2,OFFSET,ROAD_CLASS,LOCCOORD,ACCLOC,TRAFFCTL,VISIBILITY,LIGHT,RDSFCOND,ACCLASS,IMPACTYPE,INVTYPE,INVAGE,INJURY,FATAL_NO,INITDIR,VEHTYPE,MANOEUVER,DRIVACT,DRIVCOND,PEDTYPE,PEDACT,PEDCOND,CYCLISTYPE,CYCACT,CYCCOND,PEDESTRIAN,CYCLIST,AUTOMOBILE,MOTORCYCLE,TRUCK,TRSN_CITY_VEH,EMERG_VEH,PASSENGER,SPEEDING,AG_DRIV,REDLIGHT,ALCOHOL,DISABILITY,label
5000907993,2015,5,31,2,41,6,43.76150091,-79.41092309999999,Willowdale (23),23,Willowdale East (51),51,D32,North York,YONGE ST,SHEPPARD AVE W, ,Major Arterial,Intersection,At Intersection,Traffic Signal,Rain,"Dark, artificial",Wet,Non-Fatal Injury,Pedestrian Collisions,Driver,35 to 39,,0,South,"Automobile, Station Wagon",Going Ahead,Driving Properly,Normal, , , , , , ,1,0,1,0,0,0,0,0,0,0,0,0,0,0
5000907993,2015,5,31,2,41,6,43.76150091,-79.41092309999999,Willowdale (23),23,Willowdale East (51),51,D32,North York,YONGE ST,SHEPPARD AVE W, ,Major Arterial,Intersection,At Intersection,Traffic Signal,Rain,"Dark, artificial",Wet,Non-Fatal Injury,Pedestrian Collisions,Pedestrian,50 to 54,Major,0,West, , , , ,Vehicle is going straight thru inter.while ped cross without ROW,Crossing without right of way,Unknown, , , ,1,0,1,0,0,0,0,0,0,0,0,0,0,0
1121287,2009,7,18,2,42,5,43.66114538,-79.35819029,Toronto Centre-Rosedale (28),28,Regent Park (72),72,D51,Toronto East York,RIVER ST,DUNDAS ST E, ,Major Arterial,Intersection,At Intersection,Traffic Signal,Clear,Dark,Dry,Non-Fatal Injury,Cyclist Collisions,Vehicle Owner,unknown, ,0, ,Other, , , , , , , , , ,0,1,1,0,0,0,0,0,0,0,0,0,0,0
1121287,2009,7,18,2,42,5,43.66114538,-79.35819029,Toronto Centre-Rosedale (28),28,Regent Park (72),72,D51,Toronto East York,RIVER ST,DUNDAS ST E, ,Major Arterial,Intersection,At Intersection,Traffic Signal,Clear,Dark,Dry,Non-Fatal Injury,Cyclist Collisions,Driver,50 to 54,,0,North,"Automobile, Station Wagon",Going Ahead,Driving Properly,Normal, , , , , , ,0,1,1,0,0,0,0,0,0,0,0,0,0,0
1121287,2009,7,18,2,42,5,43.66114538,-79.35819029,Toronto Centre-Rosedale (28),28,Regent Park (72),72,D51,Toronto East York,RIVER ST,DUNDAS ST E, ,Major Arterial,Intersection,At Intersection,Traffic Signal,Clear,Dark,Dry,Non-Fatal Injury,Cyclist Collisions,Cyclist,20 to 24,Major,0,East,Bicycle,Going Ahead, , , , , ,"Cyclist without ROW rides into path of motorist at inter, lnwy, dwy-Cyclist not turn.",Disobeyed Traffic Control,Inattentive,0,1,1,0,0,0,0,0,0,0,0,0,0,0
1155651,2010,1,24,2,42,6,43.65694538,-79.40539029,Trinity-Spadina (20),20,Kensington-Chinatown (78),78,D14,Toronto East York,COLLEGE ST,BORDEN ST, ,Major Arterial,Intersection, ,Traffic Signal,Clear,Dark,Wet,Non-Fatal Injury,Pedestrian Collisions,Vehicle Owner,unknown, ,0, ,Other, , , , , , , , , ,1,0,1,0,0,0,0,0,0,0,0,0,0,0
1155651,2010,1,24,2,42,6,43.65694538,-79.40539029,Trinity-Spadina (20),20,Kensington-Chinatown (78),78,D14,Toronto East York,COLLEGE ST,BORDEN ST, ,Major Arterial,Intersection, ,Traffic Signal,Clear,Dark,Wet,Non-Fatal Injury,Pedestrian Collisions,Driver,30 to 34,,0,East,"Automobile, Station Wagon",Going Ahead,Driving Properly,Normal, , , , , , ,1,0,1,0,0,0,0,0,0,0,0,0,0,0
1155651,2010,1,24,2,42,6,43.65694538,-79.40539029,Trinity-Spadina (20),20,Kensington-Chinatown (78),78,D14,Toronto East York,COLLEGE ST,BORDEN ST, ,Major Arterial,Intersection, ,Traffic Signal,Clear,Dark,Wet,Non-Fatal Injury,Pedestrian Collisions,Pedestrian,15 to 19,Major,0,North,Other, , , ,Vehicle hits the pedestrian walking or running out from between parked vehicles at mid-block,Crossing without right of way,Had Been Drinking, , , ,1,0,1,0,0,0,0,0,0,0,0,0,0,0
1358952,2013,6,1,2,42,5,43.65973623,-79.40904627,Trinity-Spadina (20),20,University (79),79,D14,Toronto East York,BATHURST ST,ULSTER ST, ,Major Arterial,Intersection,Intersection Related,No Control,Clear,"Dark, artificial",Dry,Non-Fatal Injury,Pedestrian Collisions,Driver,30 to 34,,0,South,"Automobile, Station Wagon",Going Ahead,Other,Had Been Drinking, , , , , , ,1,0,1,0,0,0,0,0,0,0,0,0,0,0
1358952,2013,6,1,2,42,5,43.65973623,-79.40904627,Trinity-Spadina (20),20,University (79),79,D14,Toronto East York,BATHURST ST,ULSTER ST, ,Major Arterial,Intersection,Intersection Related,No Control,Clear,"Dark, artificial",Dry,Non-Fatal Injury,Pedestrian Collisions,Pedestrian,30 to 34,Major,0,Unknown, , , , ,Pedestrian hit at mid-block,Running onto Roadway,Had Been Drinking, , , ,1,0,1,0,0,0,0,0,0,0,0,0,0,0
5000932642,2015,6,4,2,42,3,43.759811,-79.22531519,Scarborough East (43),43,Woburn (137),137,D43,Scarborough,MARKHAM RD,LAWRENCE AVE E, ,Major Arterial,Intersection,Intersection Related,Traffic Signal,Clear,"Dark, artificial",Dry,Non-Fatal Injury,Rear End,Driver,35 to 39,Major,0,South,"Automobile, Station Wagon",Going Ahead,Lost control,Had Been Drinking, , , , , , ,0,0,1,0,1,0,0,0,0,0,0,0,0,0
5000932642,2015,6,4,2,42,3,43.759811,-79.22531519,Scarborough East (43),43,Woburn (137),137,D43,Scarborough,MARKHAM RD,LAWRENCE AVE E, ,Major Arterial,Intersection,Intersection Related,Traffic Signal,Clear,"Dark, artificial",Dry,Non-Fatal Injury,Rear End,Truck Driver,30 to 34,,0,South,Truck-Tractor,Stopped,Driving Properly,Normal, , , , , , ,0,0,1,0,1,0,0,0,0,0,0,0,0,0
1255438,2011,9,23,2,43,4,43.68664538,-79.59699029,Etobicoke North (2),2,West Humber-Clairville (1),1,D23,Etobicoke York,DIXON Rd,CARLINGVIEW Dr, ,Major Arterial,Mid-Block, ,No Control,Clear,"Dark, artificial",Dry,Non-Fatal Injury,SMV Other,Driver,50 to 54,Major,0,East,"Automobile, Station Wagon",Going Ahead,Lost control,Medical or Physical Disability, , , , , , ,0,0,1,0,0,0,0,0,0,0,0,0,1,0
1255438,2011,9,23,2,43,4,43.68664538,-79.59699029,Etobicoke North (2),2,West Humber-Clairville (1),1,D23,Etobicoke York,DIXON Rd,CARLINGVIEW Dr, ,Major Arterial,Mid-Block, ,No Control,Clear,"Dark, artificial",Dry,Non-Fatal Injury,SMV Other,Other Property Owner,unknown, ,0, ,Other, , , , , , , , , ,0,0,1,0,0,0,0,0,0,0,0,0,1,0
1255438,2011,9,23,2,43,4,43.68664538,-79.59699029,Etobicoke North (2),2,West Humber-Clairville (1),1,D23,Etobicoke York,DIXON Rd,CARLINGVIEW Dr, ,Major Arterial,Mid-Block, ,No Control,Clear,"Dark, artificial",Dry,Non-Fatal Injury,SMV Other,Other Property Owner,unknown, ,0, ,Other, , , , , , , , , ,0,0,1,0,0,0,0,0,0,0,0,0,1,0
1033112,2008,4,13,2,44,6,43.65434607,-79.42268763,Trinity-Spadina (19),19,Trinity-Bellwoods (81),81,D14,Toronto East York,OSSINGTON AVE,COLLEGE ST, ,Major Arterial,Intersection, ,Traffic Signal,Rain,Dark,Wet,Fatal,Pedestrian Collisions,Passenger,20 to 24,,0, ,Other, , , , , , , , , ,1,0,1,0,0,0,0,1,0,0,0,0,0,1
1033112,2008,4,13,2,44,6,43.65434607,-79.42268763,Trinity-Spadina (19),19,Trinity-Bellwoods (81),81,D14,Toronto East York,OSSINGTON AVE,COLLEGE ST, ,Major Arterial,Intersection, ,Traffic Signal,Rain,Dark,Wet,Fatal,Pedestrian Collisions,Vehicle Owner,unknown, ,0, ,Other, , , , , , , , , ,1,0,1,0,0,0,0,1,0,0,0,0,0,1
1033112,2008,4,13,2,44,6,43.65434607,-79.42268763,Trinity-Spadina (19),19,Trinity-Bellwoods (81),81,D14,Toronto East York,OSSINGTON AVE,COLLEGE ST, ,Major Arterial,Intersection, ,Traffic Signal,Rain,Dark,Wet,Fatal,Pedestrian Collisions,Driver,45 to 49,,0,South,Taxi,Going Ahead,Driving Properly,Normal, , , , , , ,1,0,1,0,0,0,0,1,0,0,0,0,0,1
1033112,2008,4,13,2,44,6,43.65434607,-79.42268763,Trinity-Spadina (19),19,Trinity-Bellwoods (81),81,D14,Toronto East York,OSSINGTON AVE,COLLEGE ST, ,Major Arterial,Intersection, ,Traffic Signal,Rain,Dark,Wet,Fatal,Pedestrian Collisions,Pedestrian,20 to 24,Fatal,14,East,Other, , , ,Vehicle is going straight thru inter.while ped cross without ROW,Running onto Roadway,"Ability Impaired, Alcohol", , , ,1,0,1,0,0,0,0,1,0,0,0,0,0,1
1125793,2009,9,20,2,44,6,43.64944538,-79.42469029,Trinity-Spadina (19),19,Trinity-Bellwoods (81),81,D14,Toronto East York,DUNDAS ST W,DOVERCOURT RD, ,Minor Arterial,Intersection,At Intersection,Traffic Signal,Clear,Dark,Dry,Non-Fatal Injury,Rear End,Driver,45 to 49,Major,0,East,"Automobile, Station Wagon",Going Ahead,Driving Properly,Normal, , , , , , ,0,0,1,0,0,0,0,0,1,1,0,1,0,0
1125793,2009,9,20,2,44,6,43.64944538,-79.42469029,Trinity-Spadina (19),19,Trinity-Bellwoods (81),81,D14,Toronto East York,DUNDAS ST W,DOVERCOURT RD, ,Minor Arterial,Intersection,At Intersection,Traffic Signal,Clear,Dark,Dry,Non-Fatal Injury,Rear End,Driver,65 to 69,Major,0,West,"Automobile, Station Wagon",Going Ahead,Exceeding Speed Limit,"Ability Impaired, Alcohol Over .08", , , , , , ,0,0,1,0,0,0,0,0,1,1,0,1,0,0
1125793,2009,9,20,2,44,6,43.64944538,-79.42469029,Trinity-Spadina (19),19,Trinity-Bellwoods (81),81,D14,Toronto East York,DUNDAS ST W,DOVERCOURT RD, ,Minor Arterial,Intersection,At Intersection,Traffic Signal,Clear,Dark,Dry,Non-Fatal Injury,Rear End,Driver,15 to 19,Major,0,West,"Automobile, Station Wagon",Going Ahead,Driving Properly,Normal, , , , , , ,0,0,1,0,0,0,0,0,1,1,0,1,0,0
1125793,2009,9,20,2,44,6,43.64944538,-79.42469029,Trinity-Spadina (19),19,Trinity-Bellwoods (81),81,D14,Toronto East York,DUNDAS ST W,DOVERCOURT RD, ,Minor Arterial,Intersection,At Intersection,Traffic Signal,Clear,Dark,Dry,Non-Fatal Injury,Rear End,Driver,45 to 49,Major,0,East,"Automobile, Station Wagon",Going Ahead,Driving Properly,Normal, , , , , , ,0,0,1,0,0,0,0,0,1,1,0,1,0,0
1125794,2009,9,20,2,44,6,43.64944538,-79.42559029,Davenport (18),18,Little Portugal (84),84,D14,Toronto East York,DUNDAS ST W,COOLMINE RD, ,Minor Arterial,Intersection,At Intersection,No Control,Clear,Dark,Dry,Non-Fatal Injury,Rear End,Driver,65 to 69,Major,0,West,"Automobile, Station Wagon",Going Ahead,Exceeding Speed Limit,"Ability Impaired, Alcohol Over .08", , , , , , ,0,0,1,0,0,0,0,0,1,1,0,1,0,0
1125794,2009,9,20,2,44,6,43.64944538,-79.42559029,Davenport (18),18,Little Portugal (84),84,D14,Toronto East York,DUNDAS ST W,COOLMINE RD, ,Minor Arterial,Intersection,At Intersection,No Control,Clear,Dark,Dry,Non-Fatal Injury,Rear End,Driver,40 to 44,Major,0,East,"Automobile, Station Wagon",Going Ahead,Driving Properly,Normal, , , , , , ,0,0,1,0,0,0,0,0,1,1,0,1,0,0
1125794,2009,9,20,2,44,6,43.64944538,-79.42559029,Davenport (18),18,Little Portugal (84),84,D14,Toronto East York,DUNDAS ST W,COOLMINE RD, ,Minor Arterial,Intersection,At Intersection,No Control,Clear,Dark,Dry,Non-Fatal Injury,Rear End,Driver,30 to 34,Major,0,West,"Automobile, Station Wagon",Going Ahead,Driving Properly,Normal, , , , , , ,0,0,1,0,0,0,0,0,1,1,0,1,0,0
6001154162,2016,7,2,2,44,5,43.76099356,-79.49995814,York West (8),8,York University Heights (27),27,D31,North York,FINCH AVE W,SENTINEL RD, ,Major Arterial,Intersection,At Intersection,Traffic Signal,Clear,"Dark, artificial",Dry,Non-Fatal Injury,Pedestrian Collisions,Driver,35 to 39,,0,West,"Automobile, Station Wagon",Going Ahead,Failed to Yield Right of Way,Unknown, , , , , , ,1,0,1,0,0,0,0,0,1,1,0,0,0,0
6001154162,2016,7,2,2,44,5,43.76099356,-79.49995814,York West (8),8,York University Heights (27),27,D31,North York,FINCH AVE W,SENTINEL RD, ,Major Arterial,Intersection,At Intersection,Traffic Signal,Clear,"Dark, artificial",Dry,Non-Fatal Injury,Pedestrian Collisions,Pedestrian,20 to 24,Major,0,North, , , , ,Vehicle is going straight thru inter.while ped cross with ROW,Crossing with right of way,Had Been Drinking, , , ,1,0,1,0,0,0,0,0,1,1,0,0,0,0
987504,2007,9,2,2,45,6,43.75114538,-79.30649029,Scarborough Centre (37),37,Wexford/Maryvale (119),119,D41,Scarborough,1 MURRAY GLEN DR, , ,Local,Mid-Block, ,No Control,Clear,Dark,Dry,Fatal,Cyclist Collisions,Truck Driver,unknown,,0,West,Truck - Open,Going Ahead,Other,Unknown, , , , , , ,0,1,0,0,1,0,0,0,0,0,0,0,0,1
987504,2007,9,2,2,45,6,43.75114538,-79.30649029,Scarborough Centre (37),37,Wexford/Maryvale (119),119,D41,Scarborough,1 MURRAY GLEN DR, , ,Local,Mid-Block, ,No Control,Clear,Dark,Dry,Fatal,Cyclist Collisions,Vehicle Owner,unknown, ,0, ,Other, , , , , , , , , ,0,1,0,0,1,0,0,0,0,0,0,0,0,1
987504,2007,9,2,2,45,6,43.75114538,-79.30649029,Scarborough Centre (37),37,Wexford/Maryvale (119),119,D41,Scarborough,1 MURRAY GLEN DR, , ,Local,Mid-Block, ,No Control,Clear,Dark,Dry,Fatal,Cyclist Collisions,Cyclist,40 to 44,Fatal,0,West,Bicycle,Going Ahead, , , , , ,Insufficient information (to determine cyclist crash type).,Other,Unknown,0,1,0,0,1,0,0,0,0,0,0,0,0,1
1036238,2008,5,3,2,45,5,43.79654538,-79.32309029,Scarborough-Agincourt (39),39,L'Amoreaux (117),117,D42,Scarborough,HUNTINGDALE BLVD,HEATHERSIDE DR, ,Collector,Mid-Block, ,No Control,"Fog, Mist, Smoke, Dust",Dark,Wet,Fatal,SMV Other,Other,unknown,,0,North,Other,Parked, , , , , , , , ,0,0,1,0,0,0,0,0,0,0,0,1,0,1
1036238,2008,5,3,2,45,5,43.79654538,-79.32309029,Scarborough-Agincourt (39),39,L'Amoreaux (117),117,D42,Scarborough,HUNTINGDALE BLVD,HEATHERSIDE DR, ,Collector,Mid-Block, ,No Control,"Fog, Mist, Smoke, Dust",Dark,Wet,Fatal,SMV Other,Other,unknown,,0,North,Other,Parked, , , , , , , , ,0,0,1,0,0,0,0,0,0,0,0,1,0,1
1036238,2008,5,3,2,45,5,43.79654538,-79.32309029,Scarborough-Agincourt (39),39,L'Amoreaux (117),117,D42,Scarborough,HUNTINGDALE BLVD,HEATHERSIDE DR, ,Collector,Mid-Block, ,No Control,"Fog, Mist, Smoke, Dust",Dark,Wet,Fatal,SMV Other,Driver,20 to 24,Fatal,17,East,"Automobile, Station Wagon",Going Ahead,Lost control,"Ability Impaired, Alcohol", , , , , , ,0,0,1,0,0,0,0,0,0,0,0,1,0,1
1074689,2008,12,9,2,45,1,43.61724538,-79.52979029,Etobicoke-Lakeshore (6),6,Islington-City Centre West (14),14,D22,Etobicoke York,F G GARDINER XY Expr W,WICKMAN RD, ,Expressway,Mid-Block, ,No Control,Snow,Dark,Loose Snow,Non-Fatal Injury,SMV Other,Passenger,10 to 14,Minor,0, ,Other, , , , , , , , , ,0,0,1,0,0,0,0,1,0,0,0,0,0,0
1074689,2008,12,9,2,45,1,43.61724538,-79.52979029,Etobicoke-Lakeshore (6),6,Islington-City Centre West (14),14,D22,Etobicoke York,F G GARDINER XY Expr W,WICKMAN RD, ,Expressway,Mid-Block, ,No Control,Snow,Dark,Loose Snow,Non-Fatal Injury,SMV Other,Passenger,45 to 49,Major,0, ,Other, , , , , , , , , ,0,0,1,0,0,0,0,1,0,0,0,0,0,0
1074689,2008,12,9,2,45,1,43.61724538,-79.52979029,Etobicoke-Lakeshore (6),6,Islington-City Centre West (14),14,D22,Etobicoke York,F G GARDINER XY Expr W,WICKMAN RD, ,Expressway,Mid-Block, ,No Control,Snow,Dark,Loose Snow,Non-Fatal Injury,SMV Other,Vehicle Owner,unknown, ,0, ,Other, , , , , , , , , ,0,0,1,0,0,0,0,1,0,0,0,0,0,0
1074689,2008,12,9,2,45,1,43.61724538,-79.52979029,Etobicoke-Lakeshore (6),6,Islington-City Centre West (14),14,D22,Etobicoke York,F G GARDINER XY Expr W,WICKMAN RD, ,Expressway,Mid-Block, ,No Control,Snow,Dark,Loose Snow,Non-Fatal Injury,SMV Other,Driver,25 to 29,Minor,0,West,"Automobile, Station Wagon",Going Ahead,Lost control,Unknown, , , , , , ,0,0,1,0,0,0,0,1,0,0,0,0,0,0
1379704,2013,10,9,2,45,2,43.74309881,-79.49422846,York Centre (9),9,Downsview-Roding-CFB (26),26,D31,North York,SHEPPARD Ave W,SEELEY Dr, ,Major Arterial,Intersection, ,No Control,Clear,"Dark, artificial",Dry,Non-Fatal Injury,SMV Other,Passenger,20 to 24,Minor,0, ,Other, , , , , , , , , ,0,0,1,0,0,0,0,1,1,1,0,0,0,0
1379704,2013,10,9,2,45,2,43.74309881,-79.49422846,York Centre (9),9,Downsview-Roding-CFB (26),26,D31,North York,SHEPPARD Ave W,SEELEY Dr, ,Major Arterial,Intersection, ,No Control,Clear,"Dark, artificial",Dry,Non-Fatal Injury,SMV Other,Driver,20 to 24,Major,0,West,"Automobile, Station Wagon",Going Ahead,Speed too Fast For Condition,Had Been Drinking, , , , , , ,0,0,1,0,0,0,0,1,1,1,0,0,0,0
1171946,2010,6,5,2,46,5,43.69074538,-79.36219029,Toronto-Danforth (29),29,Leaside-Bennington (56),56,D53,Toronto East York,BAYVIEW AVE,POTTERY RD, ,Major Arterial,Mid-Block, ,No Control,Rain,Dark,Wet,Non-Fatal Injury,SMV Other,Driver,30 to 34,Major,0,South,"Automobile, Station Wagon",Going Ahead,Speed too Fast For Condition,Normal, , , , , , ,0,0,1,0,0,0,0,0,1,1,0,0,0,0
1171946,2010,6,5,2,46,5,43.69074538,-79.36219029,Toronto-Danforth (29),29,Leaside-Bennington (56),56,D53,Toronto East York,BAYVIEW AVE,POTTERY RD, ,Major Arterial,Mid-Block, ,No Control,Rain,Dark,Wet,Non-Fatal Injury,SMV Other,Other Property Owner,unknown, ,0, ,Other, , , , , , , , , ,0,0,1,0,0,0,0,0,1,1,0,0,0,0
6002135820,2016,12,2,2,46,4,43.64566,-79.4005929,Trinity-Spadina (20),20,Waterfront Communities-The Island (77),77,D14,Toronto East York,PORTLAND ST,ADELAIDE ST W,18 m North of,Collector,Intersection,Intersection Related,No Control,Clear,"Dark, artificial",Dry,Non-Fatal Injury,SMV Unattended Vehicle,Driver,20 to 24,Major,0,North,"Automobile, Station Wagon",Going Ahead,Lost control,Unknown, , , , , , ,0,0,1,0,0,0,0,1,1,1,0,0,0,0
6002135820,2016,12,2,2,46,4,43.64566,-79.4005929,Trinity-Spadina (20),20,Waterfront Communities-The Island (77),77,D14,Toronto East York,PORTLAND ST,ADELAIDE ST W,18 m North of,Collector,Intersection,Intersection Related,No Control,Clear,"Dark, artificial",Dry,Non-Fatal Injury,SMV Unattended Vehicle,Passenger,20 to 24,Minor,0, , , , , , , , , , , ,0,0,1,0,0,0,0,1,1,1,0,0,0,0
4001787637,2014,3,29,2,47,5,43.66664084,-79.40385828,Trinity-Spadina (20),20,University (79),79,D14,Toronto East York,BLOOR ST W,SPADINA AVE, ,Major Arterial,Intersection,At Intersection,Traffic Signal,Clear,"Dark, artificial",Dry,Non-Fatal Injury,Pedestrian Collisions,Driver,unknown, ,0,Unknown,"Automobile, Station Wagon",Going Ahead,Other,Normal, , , , , , ,1,0,1,0,0,0,0,0,0,0,0,0,0,0
4001787637,2014,3,29,2,47,5,43.66664084,-79.40385828,Trinity-Spadina (20),20,University (79),79,D14,Toronto East York,BLOOR ST W,SPADINA AVE, ,Major Arterial,Intersection,At Intersection,Traffic Signal,Clear,"Dark, artificial",Dry,Non-Fatal Injury,Pedestrian Collisions,Pedestrian,15 to 19,Major,0,Unknown, , , , ,Vehicle is going straight thru inter.while ped cross without ROW,Crossing without right of way,Had Been Drinking, , , ,1,0,1,0,0,0,0,0,0,0,0,0,0,0
7001160269,2017,6,29,2,48,3,43.67536886,-79.40418635,Trinity-Spadina (20),20,Annex (95),95,D53,Toronto East York,196 DUPONT ST, , ,Major Arterial,Mid-Block,Non Intersection,No Control,Rain,"Dark, artificial",Wet,Non-Fatal Injury,Pedestrian Collisions,Driver,30 to 34,,0,East,"Automobile, Station Wagon",Going Ahead,Driving Properly,Normal, , , , , , ,1,0,1,0,0,0,0,0,0,0,0,0,0,0
7001160269,2017,6,29,2,48,3,43.67536886,-79.40418635,Trinity-Spadina (20),20,Annex (95),95,D53,Toronto East York,196 DUPONT ST, , ,Major Arterial,Mid-Block,Non Intersection,No Control,Rain,"Dark, artificial",Wet,Non-Fatal Injury,Pedestrian Collisions,Pedestrian,30 to 34,Major,0,South, , , , ,Pedestrian hit at mid-block,"Crossing, no Traffic Control",Had Been Drinking, , , ,1,0,1,0,0,0,0,0,0,0,0,0,0,0
986597,2007,7,26,2,50,3,43.66404538,-79.41889029,Trinity-Spadina (19),19,Dovercourt-Wallace Emerson-Junction (93),93,D14,Toronto East York,CHRISTIE ST,BLOOR ST W, ,Minor Arterial,Mid-Block, ,No Control,Clear,Dark,Dry,Non-Fatal Injury,SMV Other,Motorcycle Driver,45 to 49,Major,0,South,Motorcycle,Going Ahead,Other,"Ability Impaired, Alcohol", , , , , , ,0,0,0,1,0,0,0,0,0,0,0,1,0,0
986597,2007,7,26,2,50,3,43.66404538,-79.41889029,Trinity-Spadina (19),19,Dovercourt-Wallace Emerson-Junction (93),93,D14,Toronto East York,CHRISTIE ST,BLOOR ST W, ,Minor Arterial,Mid-Block, ,No Control,Clear,Dark,Dry,Non-Fatal Injury,SMV Other,Other Property Owner,unknown,,0, ,Other, , , , , , , , , ,0,0,0,1,0,0,0,0,0,0,0,1,0,0
1004413,2007,11,25,2,50,6,43.70344538,-79.25319029,Scarborough Southwest (36),36,Birchcliffe-Cliffside (122),122,D41,Scarborough,KINGSTON RD,HIGHVIEW AVE, ,Major Arterial,Mid-Block,At Intersection,No Control,Clear,Dark,Dry,Non-Fatal Injury,SMV Other,Passenger,20 to 24,Major,0, ,Other, , , , , , , , , ,0,0,1,0,0,0,0,1,1,1,0,0,0,0
1004413,2007,11,25,2,50,6,43.70344538,-79.25319029,Scarborough Southwest (36),36,Birchcliffe-Cliffside (122),122,D41,Scarborough,KINGSTON RD,HIGHVIEW AVE, ,Major Arterial,Mid-Block,At Intersection,No Control,Clear,Dark,Dry,Non-Fatal Injury,SMV Other,Driver,30 to 34,Major,0,West,"Automobile, Station Wagon",Going Ahead,Lost control,Had Been Drinking, , , , , , ,0,0,1,0,0,0,0,1,1,1,0,0,0,0
1053634,2008,8,18,2,50,0,43.66604538,-79.49929029,York South-Weston (11),11,Rockcliffe-Smythe (111),111,D12,Etobicoke York,SCARLETT RD,ST CLAIR AVE W, ,Minor Arterial,Intersection, ,Traffic Signal,Clear,Dark,Dry,Non-Fatal Injury,SMV Other,Driver,80 to 84,Major,0,South,"Automobile, Station Wagon",Going Ahead,Other,Other, , , , , , ,0,0,1,0,0,0,0,0,1,1,0,0,0,0
1135676,2009,10,18,2,50,6,43.66574538,-79.40799029,Trinity-Spadina (20),20,University (79),79,D14,Toronto East York,BLOOR Stre W,BRUNSWICK Aven, ,Major Arterial,Mid-Block, ,No Control,Clear,Dark,Dry,Non-Fatal Injury,Rear End,Vehicle Owner,unknown, ,0, ,Other, , , , , , , , , ,0,0,1,0,0,0,0,0,0,1,0,0,0,0
1135676,2009,10,18,2,50,6,43.66574538,-79.40799029,Trinity-Spadina (20),20,University (79),79,D14,Toronto East York,BLOOR Stre W,BRUNSWICK Aven, ,Major Arterial,Mid-Block, ,No Control,Clear,Dark,Dry,Non-Fatal Injury,Rear End,Driver,45 to 49,,0,West,"Automobile, Station Wagon",Going Ahead,Following too Close,Fatigue, , , , , , ,0,0,1,0,0,0,0,0,0,1,0,0,0,0
5001573262,2015,9,11,21,30,4,43.65984686,-79.39048395,Toronto Centre-Rosedale (27),27,Bay Street Corridor (76),76,D52,Toronto East York,QUEENS PARK,COLLEGE ST,1 m North of,Major Arterial,Intersection,At Intersection,Traffic Signal,Rain,"Dark, artificial",Wet,Non-Fatal Injury,Pedestrian Collisions,Driver,60 to 64,,0,East,"Automobile, Station Wagon",Turning Left,Failed to Yield Right of Way,Normal, , , , , , ,1,0,1,0,0,0,0,0,0,1,0,0,0,0
5001573262,2015,9,11,21,30,4,43.65984686,-79.39048395,Toronto Centre-Rosedale (27),27,Bay Street Corridor (76),76,D52,Toronto East York,QUEENS PARK,COLLEGE ST,1 m North of,Major Arterial,Intersection,At Intersection,Traffic Signal,Rain,"Dark, artificial",Wet,Non-Fatal Injury,Pedestrian Collisions,Pedestrian,30 to 34,Major,0,East, , , , ,Vehicle turns left while ped crosses with ROW at inter.,Crossing with right of way,Normal, , , ,1,0,1,0,0,0,0,0,0,1,0,0,0,0
5001821227,2015,10,22,21,30,3,43.64220007,-79.40200434,Trinity-Spadina (20),20,Waterfront Communities-The Island (77),77,D14,Toronto East York,BATHURST ST,NIAGARA ST,25 m South of,Major Arterial,Intersection,At/Near Private Drive,Traffic Signal,Clear,"Dark, artificial",Dry,Non-Fatal Injury,Cyclist Collisions,Cyclist,30 to 34,Major,0,West,Bicycle,Turning Left, , , , , ,Cyclist turned left across motorists path.,Speed too Fast For Condition,Inattentive,0,1,1,0,0,0,0,0,0,0,0,0,0,0
5001821227,2015,10,22,21,30,3,43.64220007,-79.40200434,Trinity-Spadina (20),20,Waterfront Communities-The Island (77),77,D14,Toronto East York,BATHURST ST,NIAGARA ST,25 m South of,Major Arterial,Intersection,At/Near Private Drive,Traffic Signal,Clear,"Dark, artificial",Dry,Non-Fatal Injury,Cyclist Collisions,Driver,20 to 24,,0,North,"Automobile, Station Wagon",Turning Left,Driving Properly,Normal, , , , , , ,0,1,1,0,0,0,0,0,0,0,0,0,0,0
6001431942,2016,8,13,22,23,5,43.59414252,-79.53458033,Etobicoke-Lakeshore (6),6,Long Branch (19),19,D22,Etobicoke York,LAKE SHORE BLVD W,LONG BRANCH AVE,40 m West of,Major Arterial,Mid-Block,Non Intersection,No Control,Clear,"Dark, artificial",Wet,Non-Fatal Injury,SMV Other,Motorcycle Driver,25 to 29,Major,0,East,Motorcycle,Going Ahead,Lost control,Inattentive, , , , , , ,0,0,0,1,0,0,0,0,0,0,0,0,0,0
6000168422,2016,1,28,21,30,3,43.79031332,-79.12589655,Scarborough East (44),44,Rouge (131),131,D43,Scarborough,48MILLDOCK, ,172 m East of,Local,Mid-Block,Non Intersection,No Control,Snow,"Dark, artificial",Wet,Non-Fatal Injury,Pedestrian Collisions,Other,unknown,,0,Unknown, ,Unknown, , , , , , , , ,1,0,0,0,0,0,0,0,0,0,0,0,0,0