ACCNUM,YEAR,MONTH,DAY,HOUR,MINUTES,WEEKDAY,LATITUDE,LONGITUDE,Ward_Name,Ward_ID,Hood_Name,Hood_ID,Division,District,STREET1,STREET2,OFFSET,ROAD_CLASS,LOCCOORD,ACCLOC,TRAFFCTL,VISIBILITY,LIGHT,RDSFCOND,ACCLASS,IMPACTYPE,INVTYPE,INVAGE,INJURY,FATAL_NO,INITDIR,VEHTYPE,MANOEUVER,DRIVACT,DRIVCOND,PEDTYPE,PEDACT,PEDCOND,CYCLISTYPE,CYCACT,CYCCOND,PEDESTRIAN,CYCLIST,AUTOMOBILE,MOTORCYCLE,TRUCK,TRSN_CITY_VEH,EMERG_VEH,PASSENGER,SPEEDING,AG_DRIV,REDLIGHT,ALCOHOL,DISABILITY,label
6000168422,2016,1,28,21,30,3,43.79031332,-79.12589655,Scarborough East (44),44,Rouge (131),131,D43,Scarborough,48MILLDOCK, ,172 m East of,Local,Mid-Block,Non Intersection,No Control,Snow,"Dark, artificial",Wet,Non-Fatal Injury,Pedestrian Collisions,Pedestrian,55 to 59,Major,0,Unknown, , , , ,Other / Undefined,Other,Had Been Drinking, , , ,1,0,0,0,0,0,0,0,0,0,0,0,0,0
6001676561,2016,9,20,21,30,1,43.77527579,-79.33320246,Don Valley East (33),33,Henry Farm (53),53,D33,North York,SHEPPARD AVE E,BONESET RD,55 m East of,Major Arterial,Mid-Block,Non Intersection,No Control,Clear,"Dusk, artificial",Dry,Non-Fatal Injury,Pedestrian Collisions,Driver,55 to 59,,0,West,"Automobile, Station Wagon",Going Ahead,Lost control,Normal, , , , , , ,1,0,1,0,0,0,0,0,0,0,0,0,0,0
6001676561,2016,9,20,21,30,1,43.77527579,-79.33320246,Don Valley East (33),33,Henry Farm (53),53,D33,North York,SHEPPARD AVE E,BONESET RD,55 m East of,Major Arterial,Mid-Block,Non Intersection,No Control,Clear,"Dusk, artificial",Dry,Non-Fatal Injury,Pedestrian Collisions,Pedestrian,40 to 44,Major,0,Unknown, , , , ,Pedestrian hit on sidewalk or shoulder,On Sidewalk or Shoulder,Normal, , , ,1,0,1,0,0,0,0,0,0,0,0,0,0,0
6000966179,2016,6,3,21,31,4,43.64628561,-79.55997858,Etobicoke-Lakeshore (5),5,Islington-City Centre West (14),14,D22,Etobicoke York,BURNHAMTHORPE RD,THE EAST MALL, ,Major Arterial,Intersection,At Intersection,Traffic Signal,Clear,"Dark, artificial",Dry,Non-Fatal Injury,Pedestrian Collisions,Driver,60 to 64,,0,South,"Automobile, Station Wagon",Turning Right,Failed to Yield Right of Way,Normal, , , , , , ,1,0,1,0,0,0,0,1,0,1,0,0,0,0
6000966179,2016,6,3,21,31,4,43.64628561,-79.55997858,Etobicoke-Lakeshore (5),5,Islington-City Centre West (14),14,D22,Etobicoke York,BURNHAMTHORPE RD,THE EAST MALL, ,Major Arterial,Intersection,At Intersection,Traffic Signal,Clear,"Dark, artificial",Dry,Non-Fatal Injury,Pedestrian Collisions,Passenger,55 to 59,,0, , , , , , , , , , , ,1,0,1,0,0,0,0,1,0,1,0,0,0,0
6000966179,2016,6,3,21,31,4,43.64628561,-79.55997858,Etobicoke-Lakeshore (5),5,Islington-City Centre West (14),14,D22,Etobicoke York,BURNHAMTHORPE RD,THE EAST MALL, ,Major Arterial,Intersection,At Intersection,Traffic Signal,Clear,"Dark, artificial",Dry,Non-Fatal Injury,Pedestrian Collisions,Passenger,40 to 44,,0, , , , , , , , , , , ,1,0,1,0,0,0,0,1,0,1,0,0,0,0
6000966179,2016,6,3,21,31,4,43.64628561,-79.55997858,Etobicoke-Lakeshore (5),5,Islington-City Centre West (14),14,D22,Etobicoke York,BURNHAMTHORPE RD,THE EAST MALL, ,Major Arterial,Intersection,At Intersection,Traffic Signal,Clear,"Dark, artificial",Dry,Non-Fatal Injury,Pedestrian Collisions,Pedestrian,60 to 64,Minor,0,East, , , , ,Vehicle turns right while ped crosses with ROW at inter.,Crossing with right of way,Normal, , , ,1,0,1,0,0,0,0,1,0,1,0,0,0,0
6000966179,2016,6,3,21,31,4,43.64628561,-79.55997858,Etobicoke-Lakeshore (5),5,Islington-City Centre West (14),14,D22,Etobicoke York,BURNHAMTHORPE RD,THE EAST MALL, ,Major Arterial,Intersection,At Intersection,Traffic Signal,Clear,"Dark, artificial",Dry,Non-Fatal Injury,Pedestrian Collisions,Pedestrian,55 to 59,Major,0,East, , , , ,Vehicle turns right while ped crosses with ROW at inter.,Crossing with right of way,Normal, , , ,1,0,1,0,0,0,0,1,0,1,0,0,0,0
1023187,2008,2,24,21,32,6,43.78824538,-79.44669029,York Centre (10),10,Westminster-Branson (35),35,D32,North York,BATHURST ST,CARPENTER RD, ,Major Arterial,Mid-Block, ,No Control,Clear,Dark,Dry,Fatal,Approaching,Passenger,60 to 64,Minor,0, ,Other, , , , , , , , , ,0,0,1,0,0,0,0,1,0,0,0,1,0,1
1023187,2008,2,24,21,32,6,43.78824538,-79.44669029,York Centre (10),10,Westminster-Branson (35),35,D32,North York,BATHURST ST,CARPENTER RD, ,Major Arterial,Mid-Block, ,No Control,Clear,Dark,Dry,Fatal,Approaching,Driver,65 to 69,Minor,0,North,"Automobile, Station Wagon",Going Ahead,Driving Properly,Normal, , , , , , ,0,0,1,0,0,0,0,1,0,0,0,1,0,1
1023187,2008,2,24,21,32,6,43.78824538,-79.44669029,York Centre (10),10,Westminster-Branson (35),35,D32,North York,BATHURST ST,CARPENTER RD, ,Major Arterial,Mid-Block, ,No Control,Clear,Dark,Dry,Fatal,Approaching,Passenger,15 to 19,Fatal,8, ,Other, , , , , , , , , ,0,0,1,0,0,0,0,1,0,0,0,1,0,1
1023187,2008,2,24,21,32,6,43.78824538,-79.44669029,York Centre (10),10,Westminster-Branson (35),35,D32,North York,BATHURST ST,CARPENTER RD, ,Major Arterial,Mid-Block, ,No Control,Clear,Dark,Dry,Fatal,Approaching,Passenger,15 to 19,Minor,0, ,Other, , , , , , , , , ,0,0,1,0,0,0,0,1,0,0,0,1,0,1
1023187,2008,2,24,21,32,6,43.78824538,-79.44669029,York Centre (10),10,Westminster-Branson (35),35,D32,North York,BATHURST ST,CARPENTER RD, ,Major Arterial,Mid-Block, ,No Control,Clear,Dark,Dry,Fatal,Approaching,Passenger,15 to 19,Minor,0, ,Other, , , , , , , , , ,0,0,1,0,0,0,0,1,0,0,0,1,0,1
1023187,2008,2,24,21,32,6,43.78824538,-79.44669029,York Centre (10),10,Westminster-Branson (35),35,D32,North York,BATHURST ST,CARPENTER RD, ,Major Arterial,Mid-Block, ,No Control,Clear,Dark,Dry,Fatal,Approaching,Driver,15 to 19,Minor,0,South,"Automobile, Station Wagon",Going Ahead,Lost control,"Ability Impaired, Alcohol Over .08", , , , , , ,0,0,1,0,0,0,0,1,0,0,0,1,0,1
7000676531,2017,4,17,21,32,0,43.75284537,-79.45770655,York Centre (10),10,Bathurst Manor (34),34,D32,North York,WILSON HEIGHTS BLVD,COCKSFIELD AVE, ,Collector,Intersection,Intersection Related,No Control,Clear,"Dark, artificial",Dry,Non-Fatal Injury,Pedestrian Collisions,Driver,85 to 89,,0,North,"Automobile, Station Wagon",Turning Left,Improper Turn,Inattentive, , , , , , ,1,0,1,0,0,0,0,0,0,0,0,0,0,0
7000676531,2017,4,17,21,32,0,43.75284537,-79.45770655,York Centre (10),10,Bathurst Manor (34),34,D32,North York,WILSON HEIGHTS BLVD,COCKSFIELD AVE, ,Collector,Intersection,Intersection Related,No Control,Clear,"Dark, artificial",Dry,Non-Fatal Injury,Pedestrian Collisions,Pedestrian,60 to 64,Major,0,North, , , , ,Vehicle turns left while ped crosses with ROW at inter.,Crossing with right of way,Normal, , , ,1,0,1,0,0,0,0,0,0,0,0,0,0,0
1057921,2008,9,10,21,33,2,43.63774538,-79.39849029,Trinity-Spadina (20),20,Waterfront Communities-The Island (77),77,D14,Toronto East York,F G GARDINER XY Expr E,SPADINA AVE, ,Expressway,Intersection, ,No Control,Clear,Dark,Dry,Non-Fatal Injury,SMV Other,Driver,40 to 44,Major,0,East,"Automobile, Station Wagon",Going Ahead,Lost control,Unknown, , , , , , ,0,0,1,0,0,0,0,0,0,0,0,0,0,0
1293945,2012,5,12,21,33,5,43.75544538,-79.43849029,York Centre (10),10,Clanton Park (33),33,D32,North York,SHEPPARD AVE W,BATHURST ST W, ,Major Arterial,Intersection,At Intersection,Traffic Signal,Clear,"Dark, artificial",Dry,Non-Fatal Injury,Turning Movement,Passenger,80 to 84,Minor,0, ,Other, , , , , , , , , ,0,0,1,0,0,0,0,1,0,1,0,0,0,0
1293945,2012,5,12,21,33,5,43.75544538,-79.43849029,York Centre (10),10,Clanton Park (33),33,D32,North York,SHEPPARD AVE W,BATHURST ST W, ,Major Arterial,Intersection,At Intersection,Traffic Signal,Clear,"Dark, artificial",Dry,Non-Fatal Injury,Turning Movement,Driver,80 to 84,Major,0,West,"Automobile, Station Wagon",Turning Left,Failed to Yield Right of Way,Inattentive, , , , , , ,0,0,1,0,0,0,0,1,0,1,0,0,0,0
1293945,2012,5,12,21,33,5,43.75544538,-79.43849029,York Centre (10),10,Clanton Park (33),33,D32,North York,SHEPPARD AVE W,BATHURST ST W, ,Major Arterial,Intersection,At Intersection,Traffic Signal,Clear,"Dark, artificial",Dry,Non-Fatal Injury,Turning Movement,Driver,20 to 24,Minimal,0,East,"Automobile, Station Wagon",Going Ahead,Driving Properly,Unknown, , , , , , ,0,0,1,0,0,0,0,1,0,1,0,0,0,0
1307650,2012,7,27,21,33,4,43.76764639,-79.18958674,Scarborough East (43),43,West Hill (136),136,D43,Scarborough,KINGSTON RD,LAWRENCE AVE E, ,Major Arterial,Intersection,At Intersection,Traffic Signal,Clear,"Dusk, artificial",Dry,Fatal,Cyclist Collisions,Vehicle Owner,unknown, ,0, ,Other, , , , , , , , , ,0,1,1,0,0,0,0,0,0,0,0,0,0,1
1307650,2012,7,27,21,33,4,43.76764639,-79.18958674,Scarborough East (43),43,West Hill (136),136,D43,Scarborough,KINGSTON RD,LAWRENCE AVE E, ,Major Arterial,Intersection,At Intersection,Traffic Signal,Clear,"Dusk, artificial",Dry,Fatal,Cyclist Collisions,Driver,15 to 19,,0,East,"Automobile, Station Wagon",Going Ahead,Driving Properly,Normal, , , , , , ,0,1,1,0,0,0,0,0,0,0,0,0,0,1
1307650,2012,7,27,21,33,4,43.76764639,-79.18958674,Scarborough East (43),43,West Hill (136),136,D43,Scarborough,KINGSTON RD,LAWRENCE AVE E, ,Major Arterial,Intersection,At Intersection,Traffic Signal,Clear,"Dusk, artificial",Dry,Fatal,Cyclist Collisions,Cyclist,15 to 19,Fatal,24,South,Bicycle,Going Ahead, , , , , ,"Cyclist without ROW rides into path of motorist at inter, lnwy, dwy-Cyclist not turn.",Disobeyed Traffic Control,Unknown,0,1,1,0,0,0,0,0,0,0,0,0,0,1
4001500296,2014,2,9,21,34,6,43.77619513,-79.23281489,Scarborough Centre (38),38,Woburn (137),137,D43,Scarborough,2087 ELLESMERE RD, ,43 m West of,Major Arterial,Mid-Block,Non Intersection,No Control,Clear,"Dark, artificial",Slush,Non-Fatal Injury,Approaching,Driver,20 to 24,Major,0,East,"Automobile, Station Wagon",Changing Lanes,Lost control,Unknown, , , , , , ,0,0,1,0,0,1,0,0,1,1,0,0,0,0
4001500296,2014,2,9,21,34,6,43.77619513,-79.23281489,Scarborough Centre (38),38,Woburn (137),137,D43,Scarborough,2087 ELLESMERE RD, ,43 m West of,Major Arterial,Mid-Block,Non Intersection,No Control,Clear,"Dark, artificial",Slush,Non-Fatal Injury,Approaching,Driver,40 to 44,,0,West,Municipal Transit Bus (TTC),Going Ahead,Driving Properly,Normal, , , , , , ,0,0,1,0,0,1,0,0,1,1,0,0,0,0
4002326649,2014,6,19,21,34,3,43.72147329999999,-79.43025599,Eglinton-Lawrence (16),16,Bedford Park-Nortown (39),39,D32,North York,BATHURST ST,BEDFORD PARK AVE, ,Major Arterial,Intersection,Non Intersection,No Control,Clear,"Dark, artificial",Dry,Non-Fatal Injury,Other,Driver,30 to 34,,0,South,Municipal Transit Bus (TTC),Pulling Away from Shoulder or Curb,Driving Properly,Normal, , , , , , ,0,0,0,0,0,1,0,1,0,0,0,0,0,0
4002326649,2014,6,19,21,34,3,43.72147329999999,-79.43025599,Eglinton-Lawrence (16),16,Bedford Park-Nortown (39),39,D32,North York,BATHURST ST,BEDFORD PARK AVE, ,Major Arterial,Intersection,Non Intersection,No Control,Clear,"Dark, artificial",Dry,Non-Fatal Injury,Other,Passenger,85 to 89,Major,0, , , , , , , , , , , ,0,0,0,0,0,1,0,1,0,0,0,0,0,0
7001318680,2017,7,22,21,34,5,43.73716696,-79.56525812,Etobicoke North (1),1,Thistletown-Beaumond Heights (3),3,D23,Etobicoke York,ALBION RD,ISLINGTON AVE, ,Major Arterial,Intersection,At Intersection,Traffic Signal,Rain,"Dark, artificial",Wet,Non-Fatal Injury,Turning Movement,Driver,45 to 49,,0,East,"Automobile, Station Wagon",Turning Left,Improper Turn,Inattentive, , , , , , ,0,0,1,1,0,0,0,1,0,0,0,0,0,0
7001318680,2017,7,22,21,34,5,43.73716696,-79.56525812,Etobicoke North (1),1,Thistletown-Beaumond Heights (3),3,D23,Etobicoke York,ALBION RD,ISLINGTON AVE, ,Major Arterial,Intersection,At Intersection,Traffic Signal,Rain,"Dark, artificial",Wet,Non-Fatal Injury,Turning Movement,Motorcycle Driver,55 to 59,Major,0,West,Motorcycle,Going Ahead,Driving Properly,Normal, , , , , , ,0,0,1,1,0,0,0,1,0,0,0,0,0,0
7001318680,2017,7,22,21,34,5,43.73716696,-79.56525812,Etobicoke North (1),1,Thistletown-Beaumond Heights (3),3,D23,Etobicoke York,ALBION RD,ISLINGTON AVE, ,Major Arterial,Intersection,At Intersection,Traffic Signal,Rain,"Dark, artificial",Wet,Non-Fatal Injury,Turning Movement,Passenger,45 to 49,Minimal,0, , , , , , , , , , , ,0,0,1,1,0,0,0,1,0,0,0,0,0,0
7001318680,2017,7,22,21,34,5,43.73716696,-79.56525812,Etobicoke North (1),1,Thistletown-Beaumond Heights (3),3,D23,Etobicoke York,ALBION RD,ISLINGTON AVE, ,Major Arterial,Intersection,At Intersection,Traffic Signal,Rain,"Dark, artificial",Wet,Non-Fatal Injury,Turning Movement,Passenger,5 to 9,,0, , , , , , , , , , , ,0,0,1,1,0,0,0,1,0,0,0,0,0,0
1002027,2007,10,26,21,35,4,43.70654538,-79.28949029,Scarborough Southwest (35),35,Clairlea-Birchmount (120),120,D41,Scarborough,PHARMACY AVE,BOLSTER AVE, ,Minor Arterial,Mid-Block,At Intersection,Pedestrian Crossover,Rain,Dark,Wet,Non-Fatal Injury,Pedestrian Collisions,Driver,50 to 54,,0,North,"Automobile, Station Wagon",Going Ahead,Disobeyed Traffic Control,Inattentive, , , , , , ,1,0,1,0,0,0,0,0,0,1,0,0,0,0
1002027,2007,10,26,21,35,4,43.70654538,-79.28949029,Scarborough Southwest (35),35,Clairlea-Birchmount (120),120,D41,Scarborough,PHARMACY AVE,BOLSTER AVE, ,Minor Arterial,Mid-Block,At Intersection,Pedestrian Crossover,Rain,Dark,Wet,Non-Fatal Injury,Pedestrian Collisions,Pedestrian,45 to 49,Major,0,West,Other, , , ,Pedestrian hit a PXO/ped. Mid-block signal,"Crossing, Pedestrian Crossover",Normal, , , ,1,0,1,0,0,0,0,0,0,1,0,0,0,0
1121597,2009,7,18,21,10,5,43.65184538,-79.37519029,Toronto Centre-Rosedale (28),28,Church-Yonge Corridor (75),75,D51,Toronto East York,CHURCH ST,LOMBARD ST, ,Minor Arterial,Intersection,At Intersection,Stop Sign,Clear,Dark,Dry,Non-Fatal Injury,Pedestrian Collisions,Passenger,20 to 24,Minimal,0, ,Other, , , , , , , , , ,1,0,1,0,0,0,0,1,0,1,0,0,0,0
1011231,2007,12,24,21,35,0,43.78914538,-79.37329029,Don Valley East (33),33,Bayview Village (52),52,D33,North York,FINCH AVE E,ALAMOSA DR, ,Major Arterial,Intersection, ,Traffic Signal,Clear,Dark,Dry,Fatal,Pedestrian Collisions,Driver,90 to 94,,0,West,"Automobile, Station Wagon",Going Ahead,Driving Properly,Normal, , , , , , ,1,0,1,0,0,0,0,0,0,0,0,0,0,1
1011231,2007,12,24,21,35,0,43.78914538,-79.37329029,Don Valley East (33),33,Bayview Village (52),52,D33,North York,FINCH AVE E,ALAMOSA DR, ,Major Arterial,Intersection, ,Traffic Signal,Clear,Dark,Dry,Fatal,Pedestrian Collisions,Pedestrian,75 to 79,Fatal,0,North,Other, , , ,Vehicle is going straight thru inter.while ped cross without ROW,Crossing without right of way,Inattentive, , , ,1,0,1,0,0,0,0,0,0,0,0,0,0,1
1042389,2008,5,23,21,35,4,43.65074538,-79.58149029,Etobicoke Centre (3),3,Eringate-Centennial-West Deane (11),11,D22,Etobicoke York,CENTENNIAL PARK Rd,RATHBURN Rd, ,Minor Arterial,Mid-Block, ,No Control,Clear,Dark,Dry,Non-Fatal Injury,Turning Movement,Passenger,25 to 29,Major,0, ,Other, , , , , , , , , ,0,0,1,1,0,0,0,1,1,1,0,0,0,0
1042389,2008,5,23,21,35,4,43.65074538,-79.58149029,Etobicoke Centre (3),3,Eringate-Centennial-West Deane (11),11,D22,Etobicoke York,CENTENNIAL PARK Rd,RATHBURN Rd, ,Minor Arterial,Mid-Block, ,No Control,Clear,Dark,Dry,Non-Fatal Injury,Turning Movement,Motorcycle Driver,20 to 24,Minor,0,North,Motorcycle,Going Ahead,Lost control,Normal, , , , , , ,0,0,1,1,0,0,0,1,1,1,0,0,0,0
1042389,2008,5,23,21,35,4,43.65074538,-79.58149029,Etobicoke Centre (3),3,Eringate-Centennial-West Deane (11),11,D22,Etobicoke York,CENTENNIAL PARK Rd,RATHBURN Rd, ,Minor Arterial,Mid-Block, ,No Control,Clear,Dark,Dry,Non-Fatal Injury,Turning Movement,Driver,20 to 24,,0,West,"Automobile, Station Wagon",Turning Left,Failed to Yield Right of Way,Normal, , , , , , ,0,0,1,1,0,0,0,1,1,1,0,0,0,0
1110667,2009,5,22,21,35,4,43.65904538,-79.48429029,Parkdale-High Park (13),13,Runnymede-Bloor West Village (89),89,D11,Etobicoke York,675 ANNETTE Stre, , ,Minor Arterial,Mid-Block, ,No Control,Clear,Dark,Dry,Non-Fatal Injury,Cyclist Collisions,Driver,35 to 39,,0,East,"Automobile, Station Wagon",Going Ahead,Following too Close,Normal, , , , , , ,0,1,1,0,0,0,0,0,0,1,0,0,0,0
1110667,2009,5,22,21,35,4,43.65904538,-79.48429029,Parkdale-High Park (13),13,Runnymede-Bloor West Village (89),89,D11,Etobicoke York,675 ANNETTE Stre, , ,Minor Arterial,Mid-Block, ,No Control,Clear,Dark,Dry,Non-Fatal Injury,Cyclist Collisions,Cyclist,15 to 19,Major,0,East,Bicycle,Turning Left, , , , , ,Cyclist and Driver travelling in same direction. One vehicle rear-ended the other.,Other,Normal,0,1,1,0,0,0,0,0,0,1,0,0,0,0
1231402,2011,3,4,21,35,4,43.64594538,-79.40989029,Trinity-Spadina (19),19,Niagara (82),82,D14,Toronto East York,QUEEN Stre W,NIAGARA Stre, ,Major Arterial,Intersection,At Intersection,Traffic Signal,Rain,Dark,Wet,Non-Fatal Injury,Pedestrian Collisions,Driver,35 to 39,,0,East,"Automobile, Station Wagon",Turning Right,Failed to Yield Right of Way,Inattentive, , , , , , ,1,0,1,0,0,0,0,0,0,1,0,0,0,0
1231402,2011,3,4,21,35,4,43.64594538,-79.40989029,Trinity-Spadina (19),19,Niagara (82),82,D14,Toronto East York,QUEEN Stre W,NIAGARA Stre, ,Major Arterial,Intersection,At Intersection,Traffic Signal,Rain,Dark,Wet,Non-Fatal Injury,Pedestrian Collisions,Pedestrian,25 to 29,Major,0,East,Other, , , ,Vehicle turns right while ped crosses with ROW at inter.,Crossing with right of way,Normal, , , ,1,0,1,0,0,0,0,0,0,1,0,0,0,0
1274609,2011,11,11,21,35,4,43.71694538,-79.55599029,Etobicoke North (2),2,Rexdale-Kipling (4),4,D23,Etobicoke York,BERGAMOT AVE,ISLINGTON AVE, ,Major Arterial,Intersection,At Intersection,Traffic Signal,Clear,"Dark, artificial",Dry,Non-Fatal Injury,Pedestrian Collisions,Vehicle Owner,unknown, ,0, ,Other, , , , , , , , , ,1,0,1,0,0,0,0,0,0,1,0,0,0,0
1274609,2011,11,11,21,35,4,43.71694538,-79.55599029,Etobicoke North (2),2,Rexdale-Kipling (4),4,D23,Etobicoke York,BERGAMOT AVE,ISLINGTON AVE, ,Major Arterial,Intersection,At Intersection,Traffic Signal,Clear,"Dark, artificial",Dry,Non-Fatal Injury,Pedestrian Collisions,Driver,50 to 54,,0,East,"Automobile, Station Wagon",Turning Left,Failed to Yield Right of Way,Inattentive, , , , , , ,1,0,1,0,0,0,0,0,0,1,0,0,0,0
1274609,2011,11,11,21,35,4,43.71694538,-79.55599029,Etobicoke North (2),2,Rexdale-Kipling (4),4,D23,Etobicoke York,BERGAMOT AVE,ISLINGTON AVE, ,Major Arterial,Intersection,At Intersection,Traffic Signal,Clear,"Dark, artificial",Dry,Non-Fatal Injury,Pedestrian Collisions,Pedestrian,60 to 64,Major,0,West,Other, , , ,Vehicle turns left while ped crosses with ROW at inter.,Crossing with right of way,Had Been Drinking, , , ,1,0,1,0,0,0,0,0,0,1,0,0,0,0
1329099,2012,10,28,21,35,6,43.74874538,-79.55759029,York West (7),7,Humbermede (22),22,D31,Etobicoke York,FINCH AVE W,ARDWICK BLVD, ,Major Arterial,Intersection,At Intersection,Traffic Signal,Rain,"Dark, artificial",Wet,Non-Fatal Injury,Pedestrian Collisions,Vehicle Owner,unknown, ,0, ,Other, , , , , , , , , ,1,0,1,0,0,0,0,0,0,1,0,0,0,0
1329099,2012,10,28,21,35,6,43.74874538,-79.55759029,York West (7),7,Humbermede (22),22,D31,Etobicoke York,FINCH AVE W,ARDWICK BLVD, ,Major Arterial,Intersection,At Intersection,Traffic Signal,Rain,"Dark, artificial",Wet,Non-Fatal Injury,Pedestrian Collisions,Driver,25 to 29,,0,North,"Automobile, Station Wagon",Turning Left,Failed to Yield Right of Way,Normal, , , , , , ,1,0,1,0,0,0,0,0,0,1,0,0,0,0
1329099,2012,10,28,21,35,6,43.74874538,-79.55759029,York West (7),7,Humbermede (22),22,D31,Etobicoke York,FINCH AVE W,ARDWICK BLVD, ,Major Arterial,Intersection,At Intersection,Traffic Signal,Rain,"Dark, artificial",Wet,Non-Fatal Injury,Pedestrian Collisions,Pedestrian,40 to 44,Major,0,South,Other, , , ,Vehicle turns left while ped crosses with ROW at inter.,Crossing with right of way,Normal, , , ,1,0,1,0,0,0,0,0,0,1,0,0,0,0
5000938109,2015,6,4,21,35,3,43.65948828,-79.5133935,Etobicoke-Lakeshore (5),5,Kingsway South (15),15,D22,Etobicoke York,DUNDAS ST W,ROYAL YORK RD,300 m East of,Major Arterial,Intersection,Non Intersection,Traffic Signal,Clear,"Dark, artificial",Dry,Non-Fatal Injury,Pedestrian Collisions,Driver,75 to 79,,0,East,"Automobile, Station Wagon",Going Ahead,Driving Properly,Normal, , , , , , ,1,0,1,0,0,0,0,0,0,0,0,0,0,0
5000938109,2015,6,4,21,35,3,43.65948828,-79.5133935,Etobicoke-Lakeshore (5),5,Kingsway South (15),15,D22,Etobicoke York,DUNDAS ST W,ROYAL YORK RD,300 m East of,Major Arterial,Intersection,Non Intersection,Traffic Signal,Clear,"Dark, artificial",Dry,Non-Fatal Injury,Pedestrian Collisions,Pedestrian,45 to 49,Major,0,South, , , , ,Vehicle is going straight thru inter.while ped cross without ROW,Crossing without right of way,Inattentive, , , ,1,0,1,0,0,0,0,0,0,0,0,0,0,0
5001245461,2015,7,21,21,35,1,43.65194662,-79.37775049,Toronto Centre-Rosedale (28),28,Church-Yonge Corridor (75),75,D51,Toronto East York,VICTORIA ST,RICHMOND ST E, ,Major Arterial,Intersection,At Intersection,Traffic Signal,Clear,"Dark, artificial",Dry,Non-Fatal Injury,Angle,Motorcycle Driver,20 to 24,Major,0,South,Motorcycle,Going Ahead,Disobeyed Traffic Control,Inattentive, , , , , , ,0,0,1,1,0,0,0,1,0,1,1,0,0,0
5001245461,2015,7,21,21,35,1,43.65194662,-79.37775049,Toronto Centre-Rosedale (28),28,Church-Yonge Corridor (75),75,D51,Toronto East York,VICTORIA ST,RICHMOND ST E, ,Major Arterial,Intersection,At Intersection,Traffic Signal,Clear,"Dark, artificial",Dry,Non-Fatal Injury,Angle,Driver,30 to 34,,0,West,"Automobile, Station Wagon",Going Ahead,Driving Properly,Normal, , , , , , ,0,0,1,1,0,0,0,1,0,1,1,0,0,0
5001245461,2015,7,21,21,35,1,43.65194662,-79.37775049,Toronto Centre-Rosedale (28),28,Church-Yonge Corridor (75),75,D51,Toronto East York,VICTORIA ST,RICHMOND ST E, ,Major Arterial,Intersection,At Intersection,Traffic Signal,Clear,"Dark, artificial",Dry,Non-Fatal Injury,Angle,Passenger,30 to 34,,0, , , , , , , , , , , ,0,0,1,1,0,0,0,1,0,1,1,0,0,0
5001245461,2015,7,21,21,35,1,43.65194662,-79.37775049,Toronto Centre-Rosedale (28),28,Church-Yonge Corridor (75),75,D51,Toronto East York,VICTORIA ST,RICHMOND ST E, ,Major Arterial,Intersection,At Intersection,Traffic Signal,Clear,"Dark, artificial",Dry,Non-Fatal Injury,Angle,Passenger,35 to 39,,0, , , , , , , , , , , ,0,0,1,1,0,0,0,1,0,1,1,0,0,0
5001245461,2015,7,21,21,35,1,43.65194662,-79.37775049,Toronto Centre-Rosedale (28),28,Church-Yonge Corridor (75),75,D51,Toronto East York,VICTORIA ST,RICHMOND ST E, ,Major Arterial,Intersection,At Intersection,Traffic Signal,Clear,"Dark, artificial",Dry,Non-Fatal Injury,Angle,Passenger,35 to 39,,0, , , , , , , , , , , ,0,0,1,1,0,0,0,1,0,1,1,0,0,0
5001245461,2015,7,21,21,35,1,43.65194662,-79.37775049,Toronto Centre-Rosedale (28),28,Church-Yonge Corridor (75),75,D51,Toronto East York,VICTORIA ST,RICHMOND ST E, ,Major Arterial,Intersection,At Intersection,Traffic Signal,Clear,"Dark, artificial",Dry,Non-Fatal Injury,Angle,Passenger,30 to 34,,0, , , , , , , , , , , ,0,0,1,1,0,0,0,1,0,1,1,0,0,0
5001245461,2015,7,21,21,35,1,43.65194662,-79.37775049,Toronto Centre-Rosedale (28),28,Church-Yonge Corridor (75),75,D51,Toronto East York,VICTORIA ST,RICHMOND ST E, ,Major Arterial,Intersection,At Intersection,Traffic Signal,Clear,"Dark, artificial",Dry,Non-Fatal Injury,Angle,Passenger,40 to 44,,0, , , , , , , , , , , ,0,0,1,1,0,0,0,1,0,1,1,0,0,0
7001764156,2017,9,28,21,35,3,43.82954748,-79.27499781,Scarborough-Rouge River (41),41,Milliken (130),130,D42,Scarborough,4322 MCCOWAN RD, ,30 m South of,Major Arterial,Mid-Block,Non Intersection,No Control,Clear,"Dark, artificial",Dry,Fatal,Pedestrian Collisions,Pedestrian,70 to 74,Fatal,46,West, , , , ,Pedestrian hit at mid-block,"Crossing, no Traffic Control",Normal, , , ,1,0,1,0,0,0,0,0,0,0,0,0,0,1
7001764156,2017,9,28,21,35,3,43.82954748,-79.27499781,Scarborough-Rouge River (41),41,Milliken (130),130,D42,Scarborough,4322 MCCOWAN RD, ,30 m South of,Major Arterial,Mid-Block,Non Intersection,No Control,Clear,"Dark, artificial",Dry,Fatal,Pedestrian Collisions,Driver,30 to 34,,0,South,"Automobile, Station Wagon",Going Ahead,Driving Properly,Normal, , , , , , ,1,0,1,0,0,0,0,0,0,0,0,0,0,1