ACCNUM,YEAR,MONTH,DAY,HOUR,MINUTES,WEEKDAY,LATITUDE,LONGITUDE,Ward_Name,Ward_ID,Hood_Name,Hood_ID,Division,District,STREET1,STREET2,OFFSET,ROAD_CLASS,LOCCOORD,ACCLOC,TRAFFCTL,VISIBILITY,LIGHT,RDSFCOND,ACCLASS,IMPACTYPE,INVTYPE,INVAGE,INJURY,FATAL_NO,INITDIR,VEHTYPE,MANOEUVER,DRIVACT,DRIVCOND,PEDTYPE,PEDACT,PEDCOND,CYCLISTYPE,CYCACT,CYCCOND,PEDESTRIAN,CYCLIST,AUTOMOBILE,MOTORCYCLE,TRUCK,TRSN_CITY_VEH,EMERG_VEH,PASSENGER,SPEEDING,AG_DRIV,REDLIGHT,ALCOHOL,DISABILITY,label
1372879,2013,8,29,21,36,3,43.74227865,-79.45485316,York Centre (9),9,Clanton Park (33),33,D32,North York,WILLIAM R ALLEN RD,TRANSIT RD, ,Major Arterial,Mid-Block, ,No Control,Clear,Dark,Dry,Non-Fatal Injury,Rear End,Motorcycle Passenger,20 to 24,Major,0, ,Other, , , , , , , , , ,0,0,1,1,0,0,0,1,1,1,0,0,0,0
1372879,2013,8,29,21,36,3,43.74227865,-79.45485316,York Centre (9),9,Clanton Park (33),33,D32,North York,WILLIAM R ALLEN RD,TRANSIT RD, ,Major Arterial,Mid-Block, ,No Control,Clear,Dark,Dry,Non-Fatal Injury,Rear End,Vehicle Owner,unknown, ,0, ,Other, , , , , , , , , ,0,0,1,1,0,0,0,1,1,1,0,0,0,0
1372879,2013,8,29,21,36,3,43.74227865,-79.45485316,York Centre (9),9,Clanton Park (33),33,D32,North York,WILLIAM R ALLEN RD,TRANSIT RD, ,Major Arterial,Mid-Block, ,No Control,Clear,Dark,Dry,Non-Fatal Injury,Rear End,Motorcycle Driver,30 to 34,Major,0,South,Motorcycle,Going Ahead,Exceeding Speed Limit,Normal, , , , , , ,0,0,1,1,0,0,0,1,1,1,0,0,0,0
1372879,2013,8,29,21,36,3,43.74227865,-79.45485316,York Centre (9),9,Clanton Park (33),33,D32,North York,WILLIAM R ALLEN RD,TRANSIT RD, ,Major Arterial,Mid-Block, ,No Control,Clear,Dark,Dry,Non-Fatal Injury,Rear End,Vehicle Owner,unknown, ,0, ,Other, , , , , , , , , ,0,0,1,1,0,0,0,1,1,1,0,0,0,0
1372879,2013,8,29,21,36,3,43.74227865,-79.45485316,York Centre (9),9,Clanton Park (33),33,D32,North York,WILLIAM R ALLEN RD,TRANSIT RD, ,Major Arterial,Mid-Block, ,No Control,Clear,Dark,Dry,Non-Fatal Injury,Rear End,Driver,20 to 24,,0,South,"Automobile, Station Wagon",Going Ahead,Lost control,Normal, , , , , , ,0,0,1,1,0,0,0,1,1,1,0,0,0,0
1380043,2013,10,10,21,36,3,43.65255697,-79.43255244,Davenport (18),18,Little Portugal (84),84,D14,Toronto East York,COLLEGE ST,DUFFERIN ST, ,Major Arterial,Intersection, ,Traffic Signal,Clear,Dark,Dry,Non-Fatal Injury,Pedestrian Collisions,Vehicle Owner,unknown, ,0, ,Other, , , , , , , , , ,1,0,0,0,0,1,0,0,0,1,0,0,0,0
1380043,2013,10,10,21,36,3,43.65255697,-79.43255244,Davenport (18),18,Little Portugal (84),84,D14,Toronto East York,COLLEGE ST,DUFFERIN ST, ,Major Arterial,Intersection, ,Traffic Signal,Clear,Dark,Dry,Non-Fatal Injury,Pedestrian Collisions,Driver,50 to 54,,0,South,Municipal Transit Bus (TTC),Turning Right,Failed to Yield Right of Way,Normal, , , , , , ,1,0,0,0,0,1,0,0,0,1,0,0,0,0
1380043,2013,10,10,21,36,3,43.65255697,-79.43255244,Davenport (18),18,Little Portugal (84),84,D14,Toronto East York,COLLEGE ST,DUFFERIN ST, ,Major Arterial,Intersection, ,Traffic Signal,Clear,Dark,Dry,Non-Fatal Injury,Pedestrian Collisions,Pedestrian,25 to 29,Major,0,South,Other, , , ,Pedestrian involved in a collision with transit vehicle anywhere along roadway,Crossing without right of way,Normal, , , ,1,0,0,0,0,1,0,0,0,1,0,0,0,0
5001672708,2015,9,27,21,36,6,43.69895895,-79.26479731,Scarborough Southwest (36),36,Birchcliffe-Cliffside (122),122,D41,Scarborough,336 BIRCHMOUNT RD, ,3 m South of,Minor Arterial,Mid-Block,Non Intersection,No Control,Clear,"Dark, artificial",Dry,Non-Fatal Injury,Cyclist Collisions,Driver,65 to 69,,0,South,"Automobile, Station Wagon",Going Ahead,Following too Close,Inattentive, , , , , , ,0,1,1,0,0,0,0,0,0,1,0,0,0,0
5001672708,2015,9,27,21,36,6,43.69895895,-79.26479731,Scarborough Southwest (36),36,Birchcliffe-Cliffside (122),122,D41,Scarborough,336 BIRCHMOUNT RD, ,3 m South of,Minor Arterial,Mid-Block,Non Intersection,No Control,Clear,"Dark, artificial",Dry,Non-Fatal Injury,Cyclist Collisions,Cyclist,35 to 39,Major,0,South,Bicycle,Stopped, , , , , ,Cyclist and Driver travelling in same direction. One vehicle rear-ended the other.,Driving Properly,Normal,0,1,1,0,0,0,0,0,0,1,0,0,0,0
1501196464,2015,7,14,21,37,1,43.72570379,-79.39442072,Don Valley West (25),25,Lawrence Park South (103),103,D53,North York,BUCKINGHAM AVE,DINNICK CRES, ,Local,Intersection, ,Stop Sign,Other,"Dark, artificial",Other,Fatal,Pedestrian Collisions,Driver,45 to 49,,0,West,"Automobile, Station Wagon",Turning Left,Failed to Yield Right of Way,Normal, , , , , , ,1,0,1,0,0,0,0,0,0,1,0,0,0,1
1501196464,2015,7,14,21,37,1,43.72570379,-79.39442072,Don Valley West (25),25,Lawrence Park South (103),103,D53,North York,BUCKINGHAM AVE,DINNICK CRES, ,Local,Intersection, ,Stop Sign,Other,"Dark, artificial",Other,Fatal,Pedestrian Collisions,Pedestrian,70 to 74,Fatal,34,North, , , , ,Vehicle turns left while ped crosses with ROW at inter.,Crossing with right of way,Normal, , , ,1,0,1,0,0,0,0,0,0,1,0,0,0,1
1116959,2009,8,2,21,38,6,43.64864538,-79.35259029,Toronto Centre-Rosedale (28),28,Waterfront Communities-The Island (77),77,D51,Toronto East York,LAKE SHORE BLVD E,CHERRY ST, ,Major Arterial,Mid-Block, ,No Control,Clear,Dark,Dry,Non-Fatal Injury,SMV Other,Passenger,35 to 39,Minor,0, ,Other, , , , , , , , , ,0,0,1,0,0,0,0,1,1,1,0,0,0,0
1116959,2009,8,2,21,38,6,43.64864538,-79.35259029,Toronto Centre-Rosedale (28),28,Waterfront Communities-The Island (77),77,D51,Toronto East York,LAKE SHORE BLVD E,CHERRY ST, ,Major Arterial,Mid-Block, ,No Control,Clear,Dark,Dry,Non-Fatal Injury,SMV Other,Driver,25 to 29,Major,0,East,"Automobile, Station Wagon",Going Ahead,Lost control,Normal, , , , , , ,0,0,1,0,0,0,0,1,1,1,0,0,0,0
1237405,2011,4,6,21,38,2,43.77504538,-79.34339029,Don Valley East (33),33,Henry Farm (53),53,D33,North York,PARKWAY FOREST DR,FOREST MANOR RD, ,Collector,Intersection,At Intersection,No Control,Clear,Dark,Dry,Non-Fatal Injury,Pedestrian Collisions,Driver,60 to 64,,0,South,"Automobile, Station Wagon",Turning Right,Failed to Yield Right of Way,Inattentive, , , , , , ,1,0,1,0,0,0,0,0,0,1,0,0,0,0
1237405,2011,4,6,21,38,2,43.77504538,-79.34339029,Don Valley East (33),33,Henry Farm (53),53,D33,North York,PARKWAY FOREST DR,FOREST MANOR RD, ,Collector,Intersection,At Intersection,No Control,Clear,Dark,Dry,Non-Fatal Injury,Pedestrian Collisions,Pedestrian,55 to 59,Major,0,South,Other,Other, , ,Vehicle turns right while ped crosses with ROW at inter.,Crossing with right of way,Normal, , , ,1,0,1,0,0,0,0,0,0,1,0,0,0,0
4002278513,2014,6,12,21,38,3,43.68943365,-79.26826868,Scarborough Southwest (36),36,Birchcliffe-Cliffside (122),122,D41,Scarborough,KINGSTON RD,VALHALLA BLVD, ,Major Arterial,Intersection,At Intersection,Stop Sign,Clear,Dark,Dry,Non-Fatal Injury,Turning Movement,Driver,60 to 64,,0,North,"Automobile, Station Wagon",Turning Left,Failed to Yield Right of Way,Inattentive, , , , , , ,0,0,1,1,0,0,0,0,0,1,0,0,0,0
4002278513,2014,6,12,21,38,3,43.68943365,-79.26826868,Scarborough Southwest (36),36,Birchcliffe-Cliffside (122),122,D41,Scarborough,KINGSTON RD,VALHALLA BLVD, ,Major Arterial,Intersection,At Intersection,Stop Sign,Clear,Dark,Dry,Non-Fatal Injury,Turning Movement,Motorcycle Driver,40 to 44,Major,0,East,Motorcycle,Going Ahead,Driving Properly,Normal, , , , , , ,0,0,1,1,0,0,0,0,0,1,0,0,0,0
5001573277,2015,9,11,21,39,4,43.67460211,-79.40825281,Trinity-Spadina (20),20,Annex (95),95,D14,Toronto East York,DUPONT ST,WALMER RD,24 m West of,Major Arterial,Intersection,Non Intersection,No Control,Rain,"Dark, artificial",Wet,Non-Fatal Injury,Pedestrian Collisions,Driver,45 to 49,,0,West,"Automobile, Station Wagon",Going Ahead,Driving Properly,Normal, , , , , , ,1,0,1,0,0,0,0,1,0,0,0,0,0,0
5001573277,2015,9,11,21,39,4,43.67460211,-79.40825281,Trinity-Spadina (20),20,Annex (95),95,D14,Toronto East York,DUPONT ST,WALMER RD,24 m West of,Major Arterial,Intersection,Non Intersection,No Control,Rain,"Dark, artificial",Wet,Non-Fatal Injury,Pedestrian Collisions,Passenger,10 to 14,,0, , , , , , , , , , , ,1,0,1,0,0,0,0,1,0,0,0,0,0,0
5001573277,2015,9,11,21,39,4,43.67460211,-79.40825281,Trinity-Spadina (20),20,Annex (95),95,D14,Toronto East York,DUPONT ST,WALMER RD,24 m West of,Major Arterial,Intersection,Non Intersection,No Control,Rain,"Dark, artificial",Wet,Non-Fatal Injury,Pedestrian Collisions,Passenger,10 to 14,,0, , , , , , , , , , , ,1,0,1,0,0,0,0,1,0,0,0,0,0,0
5001573277,2015,9,11,21,39,4,43.67460211,-79.40825281,Trinity-Spadina (20),20,Annex (95),95,D14,Toronto East York,DUPONT ST,WALMER RD,24 m West of,Major Arterial,Intersection,Non Intersection,No Control,Rain,"Dark, artificial",Wet,Non-Fatal Injury,Pedestrian Collisions,Pedestrian,60 to 64,Major,0,South, , , , ,Pedestrian hit at mid-block,"Crossing, no Traffic Control",Unknown, , , ,1,0,1,0,0,0,0,1,0,0,0,0,0,0
6000707918,2016,4,25,21,39,0,43.74228628,-79.22295008,Scarborough Southwest (36),36,Scarborough Village (139),139,D43,Scarborough,EGLINTON AVE E,BEACHELL ST, ,Major Arterial,Mid-Block,Non Intersection,No Control,Rain,Dark,Wet,Fatal,Pedestrian Collisions,Driver,50 to 54,,0,West,Passenger Van,Going Ahead,Other,Had Been Drinking, , , , , , ,1,0,1,0,0,0,0,0,0,0,0,0,0,1
6000707918,2016,4,25,21,39,0,43.74228628,-79.22295008,Scarborough Southwest (36),36,Scarborough Village (139),139,D43,Scarborough,EGLINTON AVE E,BEACHELL ST, ,Major Arterial,Mid-Block,Non Intersection,No Control,Rain,Dark,Wet,Fatal,Pedestrian Collisions,Pedestrian,60 to 64,Fatal,28,North, , , , ,Pedestrian hit at mid-block,"Crossing, no Traffic Control",Normal, , , ,1,0,1,0,0,0,0,0,0,0,0,0,0,1
1085413,2009,1,2,21,40,4,43.80834538,-79.20649029,Scarborough-Rouge River (42),42,Malvern (132),132,D42,Scarborough,MCLEVIN Aven,FAWCETT Trai, ,Collector,Intersection,At Intersection,Stop Sign,Other,Dark,Wet,Non-Fatal Injury,Angle,Driver,20 to 24,Major,0,West,"Automobile, Station Wagon",Going Ahead,Driving Properly,Normal, , , , , , ,0,0,1,0,0,0,0,0,0,1,0,0,0,0
1085413,2009,1,2,21,40,4,43.80834538,-79.20649029,Scarborough-Rouge River (42),42,Malvern (132),132,D42,Scarborough,MCLEVIN Aven,FAWCETT Trai, ,Collector,Intersection,At Intersection,Stop Sign,Other,Dark,Wet,Non-Fatal Injury,Angle,Driver,20 to 24,,0,North,"Automobile, Station Wagon",Going Ahead,Failed to Yield Right of Way,Normal, , , , , , ,0,0,1,0,0,0,0,0,0,1,0,0,0,0
1101272,2009,4,6,21,40,0,43.81084402,-79.25291071,Scarborough-Rouge River (41),41,Agincourt North (129),129,D42,Scarborough,FINCH AVE E,SCOTTFIELD DR, ,Major Arterial,Intersection,At Intersection,Traffic Signal,Freezing Rain,Dark,Ice,Non-Fatal Injury,Rear End,Passenger,15 to 19,Minor,0, ,Other, , , , , , , , , ,0,0,1,0,0,1,0,1,0,0,0,0,0,0
1101272,2009,4,6,21,40,0,43.81084402,-79.25291071,Scarborough-Rouge River (41),41,Agincourt North (129),129,D42,Scarborough,FINCH AVE E,SCOTTFIELD DR, ,Major Arterial,Intersection,At Intersection,Traffic Signal,Freezing Rain,Dark,Ice,Non-Fatal Injury,Rear End,Driver,55 to 59,Major,0,East,"Automobile, Station Wagon",Going Ahead,Lost control,Normal, , , , , , ,0,0,1,0,0,1,0,1,0,0,0,0,0,0
1101272,2009,4,6,21,40,0,43.81084402,-79.25291071,Scarborough-Rouge River (41),41,Agincourt North (129),129,D42,Scarborough,FINCH AVE E,SCOTTFIELD DR, ,Major Arterial,Intersection,At Intersection,Traffic Signal,Freezing Rain,Dark,Ice,Non-Fatal Injury,Rear End,Passenger,15 to 19,Minor,0, ,Other, , , , , , , , , ,0,0,1,0,0,1,0,1,0,0,0,0,0,0
1101272,2009,4,6,21,40,0,43.81084402,-79.25291071,Scarborough-Rouge River (41),41,Agincourt North (129),129,D42,Scarborough,FINCH AVE E,SCOTTFIELD DR, ,Major Arterial,Intersection,At Intersection,Traffic Signal,Freezing Rain,Dark,Ice,Non-Fatal Injury,Rear End,Passenger,20 to 24,Minor,0, ,Other, , , , , , , , , ,0,0,1,0,0,1,0,1,0,0,0,0,0,0
1101272,2009,4,6,21,40,0,43.81084402,-79.25291071,Scarborough-Rouge River (41),41,Agincourt North (129),129,D42,Scarborough,FINCH AVE E,SCOTTFIELD DR, ,Major Arterial,Intersection,At Intersection,Traffic Signal,Freezing Rain,Dark,Ice,Non-Fatal Injury,Rear End,Driver,45 to 49,Minor,0,East,"Automobile, Station Wagon",Going Ahead,Driving Properly,Normal, , , , , , ,0,0,1,0,0,1,0,1,0,0,0,0,0,0
1101272,2009,4,6,21,40,0,43.81084402,-79.25291071,Scarborough-Rouge River (41),41,Agincourt North (129),129,D42,Scarborough,FINCH AVE E,SCOTTFIELD DR, ,Major Arterial,Intersection,At Intersection,Traffic Signal,Freezing Rain,Dark,Ice,Non-Fatal Injury,Rear End,Vehicle Owner,unknown, ,0, ,Other, , , , , , , , , ,0,0,1,0,0,1,0,1,0,0,0,0,0,0
1101272,2009,4,6,21,40,0,43.81084402,-79.25291071,Scarborough-Rouge River (41),41,Agincourt North (129),129,D42,Scarborough,FINCH AVE E,SCOTTFIELD DR, ,Major Arterial,Intersection,At Intersection,Traffic Signal,Freezing Rain,Dark,Ice,Non-Fatal Injury,Rear End,Driver,30 to 34,,0,East,Municipal Transit Bus (TTC),Stopped,Driving Properly,Normal, , , , , , ,0,0,1,0,0,1,0,1,0,0,0,0,0,0
131086760,2013,12,3,21,0,1,43.63354452,-79.57076655,Etobicoke Centre (3),3,Markland Wood (12),12,D22,Etobicoke York,MARKLAND DR,BLOOR ST W, ,Major Arterial,Intersection, ,Traffic Signal,Clear,"Dark, artificial",Dry,Fatal,Pedestrian Collisions,Pedestrian,85 to 89,Fatal,60,East, , , , ,Vehicle turns left while ped crosses with ROW at inter.,Crossing with right of way,Normal, , , ,1,0,1,0,0,0,0,0,0,1,0,0,0,1
128407,2009,9,1,21,40,1,43.85414538,-79.16969029,Scarborough-Rouge River (42),42,Rouge (131),131,D42,Scarborough,PICKERING TOWN LINE,STEELES AVE E, ,Local,Mid-Block, ,No Control,Clear,Dark,Dry,Non-Fatal Injury,SMV Other,Driver,15 to 19,Major,0,South,"Automobile, Station Wagon",Going Ahead,Lost control,Inattentive, , , , , , ,0,0,1,0,0,0,0,1,1,1,0,0,0,0
128407,2009,9,1,21,40,1,43.85414538,-79.16969029,Scarborough-Rouge River (42),42,Rouge (131),131,D42,Scarborough,PICKERING TOWN LINE,STEELES AVE E, ,Local,Mid-Block, ,No Control,Clear,Dark,Dry,Non-Fatal Injury,SMV Other,Passenger,15 to 19,Major,0,South,"Automobile, Station Wagon", , , , , , , , , ,0,0,1,0,0,0,0,1,1,1,0,0,0,0
128407,2009,9,1,21,40,1,43.85414538,-79.16969029,Scarborough-Rouge River (42),42,Rouge (131),131,D42,Scarborough,PICKERING TOWN LINE,STEELES AVE E, ,Local,Mid-Block, ,No Control,Clear,Dark,Dry,Non-Fatal Injury,SMV Other,Passenger,15 to 19,Major,0,South,"Automobile, Station Wagon", , , , , , , , , ,0,0,1,0,0,0,0,1,1,1,0,0,0,0
1148238,2009,12,19,21,20,5,43.80374538,-79.28629029,Scarborough-Rouge River (41),41,Agincourt North (129),129,D42,Scarborough,FINCH Aven E,MIDLAND Aven, ,Major Arterial,Intersection,At Intersection,Traffic Signal,Clear,Dark,Dry,Non-Fatal Injury,Pedestrian Collisions,Driver,30 to 34,,0,South,"Automobile, Station Wagon",Turning Left,Failed to Yield Right of Way,Normal, , , , , , ,1,0,1,0,0,0,0,0,0,1,0,0,0,0
128407,2009,9,1,21,40,1,43.85414538,-79.16969029,Scarborough-Rouge River (42),42,Rouge (131),131,D42,Scarborough,PICKERING TOWN LINE,STEELES AVE E, ,Local,Mid-Block, ,No Control,Clear,Dark,Dry,Non-Fatal Injury,SMV Other,Passenger,15 to 19,Major,0,South,"Automobile, Station Wagon", , , , , , , , , ,0,0,1,0,0,0,0,1,1,1,0,0,0,0
6001862709,2016,10,19,20,46,2,43.65105398,-79.43605433,Davenport (18),18,Little Portugal (84),84,D11,Toronto East York,BROCK AVE,MOUTRAY ST, ,Collector,Intersection,At Intersection,No Control,Clear,"Dark, artificial",Dry,Non-Fatal Injury,Cyclist Collisions,Cyclist,30 to 34,Major,0,South,Bicycle,Going Ahead, , , , , ,Motorist turned left across cyclists path.,Driving Properly,Normal,0,1,1,0,0,0,0,0,0,0,0,0,0,0
7001974417,2017,10,31,22,23,1,43.781509,-79.49446497,York West (8),8,York University Heights (27),27,D31,North York,STEELES AVE W,KEELE ST, ,Major Arterial,Intersection,At Intersection,Traffic Signal,Other,Dark,Other,Fatal,Turning Movement,Passenger,45 to 49,Fatal,51, , , , , , , , , , , ,0,0,1,0,0,0,0,1,0,1,0,0,0,1
128407,2009,9,1,21,40,1,43.85414538,-79.16969029,Scarborough-Rouge River (42),42,Rouge (131),131,D42,Scarborough,PICKERING TOWN LINE,STEELES AVE E, ,Local,Mid-Block, ,No Control,Clear,Dark,Dry,Non-Fatal Injury,SMV Other,Passenger,15 to 19,Major,0,South,"Automobile, Station Wagon", , , , , , , , , ,0,0,1,0,0,0,0,1,1,1,0,0,0,0
7001974417,2017,10,31,22,23,1,43.781509,-79.49446497,York West (8),8,York University Heights (27),27,D31,North York,STEELES AVE W,KEELE ST, ,Major Arterial,Intersection,At Intersection,Traffic Signal,Other,Dark,Other,Fatal,Turning Movement,Driver,55 to 59,Major,0,East,"Automobile, Station Wagon",Turning Left,Failed to Yield Right of Way,Unknown, , , , , , ,0,0,1,0,0,0,0,1,0,1,0,0,0,1
1372930,2013,6,19,22,0,2,43.66294538,-79.43669029,Davenport (18),18,Dovercourt-Wallace Emerson-Junction (93),93,D11,Toronto East York,DUFFERIN ST,SHANLY ST, ,Major Arterial,Intersection,At Intersection,Traffic Signal,Clear,"Dark, artificial",Dry,Non-Fatal Injury,Rear End,Vehicle Owner,unknown, ,0, ,Other, , , , , , , , , ,0,0,1,0,0,0,0,1,0,1,0,0,0,0
131086760,2013,12,3,21,0,1,43.63354452,-79.57076655,Etobicoke Centre (3),3,Markland Wood (12),12,D22,Etobicoke York,MARKLAND DR,BLOOR ST W, ,Major Arterial,Intersection, ,Traffic Signal,Clear,"Dark, artificial",Dry,Fatal,Pedestrian Collisions,Pedestrian,80 to 84,Minor,0,East, , , , ,Vehicle turns left while ped crosses with ROW at inter.,Crossing with right of way,Unknown, , , ,1,0,1,0,0,0,0,0,0,1,0,0,0,1
1372930,2013,6,19,22,0,2,43.66294538,-79.43669029,Davenport (18),18,Dovercourt-Wallace Emerson-Junction (93),93,D11,Toronto East York,DUFFERIN ST,SHANLY ST, ,Major Arterial,Intersection,At Intersection,Traffic Signal,Clear,"Dark, artificial",Dry,Non-Fatal Injury,Rear End,Driver,35 to 39,Minor,0,South,"Automobile, Station Wagon",Stopped,Driving Properly,Unknown, , , , , , ,0,0,1,0,0,0,0,1,0,1,0,0,0,0
1182499,2010,6,28,21,40,0,43.66064538,-79.44359029,Davenport (18),18,Dovercourt-Wallace Emerson-Junction (93),93,D11,Toronto East York,LANSDOWNE Ave,PATON Rd, ,Minor Arterial,Intersection,At Intersection,Traffic Signal,Clear,Dark,Dry,Non-Fatal Injury,SMV Unattended Vehicle,Other,unknown,,0, ,Other,Parked, , , , , , , , ,0,0,0,1,0,0,0,0,0,0,0,0,0,0
7001974417,2017,10,31,22,23,1,43.781509,-79.49446497,York West (8),8,York University Heights (27),27,D31,North York,STEELES AVE W,KEELE ST, ,Major Arterial,Intersection,At Intersection,Traffic Signal,Other,Dark,Other,Fatal,Turning Movement,Driver,15 to 19,,0,West,"Automobile, Station Wagon",Going Ahead,Driving Properly,Unknown, , , , , , ,0,0,1,0,0,0,0,1,0,1,0,0,0,1
1148238,2009,12,19,21,20,5,43.80374538,-79.28629029,Scarborough-Rouge River (41),41,Agincourt North (129),129,D42,Scarborough,FINCH Aven E,MIDLAND Aven, ,Major Arterial,Intersection,At Intersection,Traffic Signal,Clear,Dark,Dry,Non-Fatal Injury,Pedestrian Collisions,Pedestrian,45 to 49,Major,0,South,Other, , , ,Vehicle turns left while ped crosses with ROW at inter.,Crossing with right of way,Normal, , , ,1,0,1,0,0,0,0,0,0,1,0,0,0,0
4003549384,2014,12,25,21,50,3,43.83097418,-79.27515803,Scarborough-Rouge River (41),41,Milliken (130),130,D42,Scarborough,MCCOWAN RD,STEELES AVE E, ,Major Arterial,Intersection,Intersection Related,Traffic Signal,Clear,"Dark, artificial",Dry,Non-Fatal Injury,Turning Movement,Driver,50 to 54,,0,East,"Automobile, Station Wagon",Stopped,Driving Properly,Normal, , , , , , ,0,0,1,0,0,0,0,1,0,0,0,0,0,0
1121597,2009,7,18,21,10,5,43.65184538,-79.37519029,Toronto Centre-Rosedale (28),28,Church-Yonge Corridor (75),75,D51,Toronto East York,CHURCH ST,LOMBARD ST, ,Minor Arterial,Intersection,At Intersection,Stop Sign,Clear,Dark,Dry,Non-Fatal Injury,Pedestrian Collisions,Driver,25 to 29,,0,South,"Automobile, Station Wagon",Going Ahead,Driving Properly,Normal, , , , , , ,1,0,1,0,0,0,0,1,0,1,0,0,0,0
1060768,2008,9,10,20,47,2,43.71874538,-79.25129029,Scarborough Southwest (36),36,Cliffcrest (123),123,D41,Scarborough,ST CLAIR Aven E,MIDLAND Aven, ,Minor Arterial,Intersection,At Intersection,Traffic Signal,Clear,Daylight,Dry,Non-Fatal Injury,Cyclist Collisions,Driver,65 to 69,,0,South,"Automobile, Station Wagon",Turning Left,Failed to Yield Right of Way,Normal, , , , , , ,0,1,1,0,0,0,0,0,0,1,0,0,0,0
131086760,2013,12,3,21,0,1,43.63354452,-79.57076655,Etobicoke Centre (3),3,Markland Wood (12),12,D22,Etobicoke York,MARKLAND DR,BLOOR ST W, ,Major Arterial,Intersection, ,Traffic Signal,Clear,"Dark, artificial",Dry,Fatal,Pedestrian Collisions,Driver,45 to 49,,0,West,"Automobile, Station Wagon",Turning Left,Failed to Yield Right of Way,Inattentive, , , , , , ,1,0,1,0,0,0,0,0,0,1,0,0,0,1
4003549384,2014,12,25,21,50,3,43.83097418,-79.27515803,Scarborough-Rouge River (41),41,Milliken (130),130,D42,Scarborough,MCCOWAN RD,STEELES AVE E, ,Major Arterial,Intersection,Intersection Related,Traffic Signal,Clear,"Dark, artificial",Dry,Non-Fatal Injury,Turning Movement,Passenger,30 to 34,,0, , , , , , , , , , , ,0,0,1,0,0,0,0,1,0,0,0,0,0,0
1194692,2010,10,13,22,24,2,43.66334538,-79.44519029,Davenport (18),18,Dovercourt-Wallace Emerson-Junction (93),93,D11,Toronto East York,LANSDOWNE Aven,WALLACE Aven, ,Minor Arterial,Mid-Block, ,No Control,Rain,Dark,Wet,Non-Fatal Injury,Sideswipe,Vehicle Owner,unknown, ,0, ,Other, , , , , , , , , ,0,0,1,0,1,0,0,0,0,1,0,0,0,0
1121597,2009,7,18,21,10,5,43.65184538,-79.37519029,Toronto Centre-Rosedale (28),28,Church-Yonge Corridor (75),75,D51,Toronto East York,CHURCH ST,LOMBARD ST, ,Minor Arterial,Intersection,At Intersection,Stop Sign,Clear,Dark,Dry,Non-Fatal Injury,Pedestrian Collisions,Pedestrian,20 to 24,Major,0,South,Other, , , ,Vehicle is going straight thru inter.while ped cross with ROW,Crossing with right of way,Normal, , , ,1,0,1,0,0,0,0,1,0,1,0,0,0,0
1140459,2009,12,5,22,11,5,43.79434538,-79.32599029,Scarborough-Agincourt (39),39,L'Amoreaux (117),117,D42,Scarborough,PHARMACY AVE,FINCH AVE E, ,Major Arterial,Intersection, ,Traffic Signal,Clear,Dark,Dry,Non-Fatal Injury,Pedestrian Collisions,Pedestrian,50 to 54,Major,0,South,Other, , , ,Vehicle turns left while ped crosses with ROW at inter.,Crossing with right of way,Normal, , , ,1,0,1,0,0,0,0,0,0,1,0,0,0,0
1060768,2008,9,10,20,47,2,43.71874538,-79.25129029,Scarborough Southwest (36),36,Cliffcrest (123),123,D41,Scarborough,ST CLAIR Aven E,MIDLAND Aven, ,Minor Arterial,Intersection,At Intersection,Traffic Signal,Clear,Daylight,Dry,Non-Fatal Injury,Cyclist Collisions,Cyclist,55 to 59,Major,0,North,Bicycle,Going Ahead, , , , , ,Motorist turned left across cyclists path.,Other,Had Been Drinking,0,1,1,0,0,0,0,0,0,1,0,0,0,0
1130772,2009,9,19,20,47,5,43.68924538,-79.29679029,Beaches-East York (32),32,East End-Danforth (62),62,D55,Toronto East York,DANFORTH Aven,DAWES Road, ,Major Arterial,Intersection,At Intersection,Traffic Signal,Clear,Dark,Dry,Non-Fatal Injury,Pedestrian Collisions,Driver,20 to 24,,0,North,"Automobile, Station Wagon",Turning Left,Failed to Yield Right of Way,Normal, , , , , , ,1,0,1,0,0,0,0,0,1,1,0,0,0,0
1130772,2009,9,19,20,47,5,43.68924538,-79.29679029,Beaches-East York (32),32,East End-Danforth (62),62,D55,Toronto East York,DANFORTH Aven,DAWES Road, ,Major Arterial,Intersection,At Intersection,Traffic Signal,Clear,Dark,Dry,Non-Fatal Injury,Pedestrian Collisions,Pedestrian,55 to 59,Major,0,South,Other, , , ,Vehicle turns left while ped crosses with ROW at inter.,Crossing with right of way,Normal, , , ,1,0,1,0,0,0,0,0,1,1,0,0,0,0
1369177,2013,8,3,20,48,5,43.63444479,-79.43909083,Parkdale-High Park (14),14,South Parkdale (85),85,D14,Toronto East York,LAKE SHORE BLVD W,DOWLING S LAKESHORE W RAMP, ,Major Arterial,Mid-Block, ,No Control,Clear,Dusk,Dry,Fatal,Other,Vehicle Owner,unknown, ,0, , , , , , , , , , , ,0,0,0,0,1,0,0,1,0,0,0,0,0,1