ACCNUM,YEAR,MONTH,DAY,HOUR,MINUTES,WEEKDAY,LATITUDE,LONGITUDE,Ward_Name,Ward_ID,Hood_Name,Hood_ID,Division,District,STREET1,STREET2,OFFSET,ROAD_CLASS,LOCCOORD,ACCLOC,TRAFFCTL,VISIBILITY,LIGHT,RDSFCOND,ACCLASS,IMPACTYPE,INVTYPE,INVAGE,INJURY,FATAL_NO,INITDIR,VEHTYPE,MANOEUVER,DRIVACT,DRIVCOND,PEDTYPE,PEDACT,PEDCOND,CYCLISTYPE,CYCACT,CYCCOND,PEDESTRIAN,CYCLIST,AUTOMOBILE,MOTORCYCLE,TRUCK,TRSN_CITY_VEH,EMERG_VEH,PASSENGER,SPEEDING,AG_DRIV,REDLIGHT,ALCOHOL,DISABILITY,label
1369177,2013,8,3,20,48,5,43.63444479,-79.43909083,Parkdale-High Park (14),14,South Parkdale (85),85,D14,Toronto East York,LAKE SHORE BLVD W,DOWLING S LAKESHORE W RAMP, ,Major Arterial,Mid-Block, ,No Control,Clear,Dusk,Dry,Fatal,Other,Truck Driver,50 to 54,,0,West,Truck-Tractor,Going Ahead,Driving Properly,Unknown, , , , , , ,0,0,0,0,1,0,0,1,0,0,0,0,0,1
1369177,2013,8,3,20,48,5,43.63444479,-79.43909083,Parkdale-High Park (14),14,South Parkdale (85),85,D14,Toronto East York,LAKE SHORE BLVD W,DOWLING S LAKESHORE W RAMP, ,Major Arterial,Mid-Block, ,No Control,Clear,Dusk,Dry,Fatal,Other,Other,unknown,,0, , , , , , , , , , , ,0,0,0,0,1,0,0,1,0,0,0,0,0,1
1369177,2013,8,3,20,48,5,43.63444479,-79.43909083,Parkdale-High Park (14),14,South Parkdale (85),85,D14,Toronto East York,LAKE SHORE BLVD W,DOWLING S LAKESHORE W RAMP, ,Major Arterial,Mid-Block, ,No Control,Clear,Dusk,Dry,Fatal,Other,Passenger,15 to 19,Fatal,28, , , , , , , , , , , ,0,0,0,0,1,0,0,1,0,0,0,0,0,1
4001617003,2014,2,28,20,49,4,43.72425421,-79.40202723,Don Valley West (25),25,Lawrence Park South (103),103,D53,North York,3035 YONGE ST, , ,Major Arterial,Mid-Block,At/Near Private Drive,No Control,Clear,"Dark, artificial",Dry,Non-Fatal Injury,Pedestrian Collisions,Pedestrian,55 to 59,Major,0,Unknown, , , , ,Pedestrian hit at mid-block,Other,Unknown, , , ,1,0,0,0,0,0,0,0,0,0,0,0,0,0
5001013446,2015,6,16,20,49,1,43.68284949,-79.36238489,Toronto-Danforth (29),29,Broadview North (57),57,D54,Toronto East York,BAYVIEW BLOOR DVP RAMP,DON VALLEY PARKWAY  N, ,Expressway Ramp,Mid-Block,Underpass or Tunnel,No Control,Clear,Dusk,Dry,Non-Fatal Injury,SMV Other,Motorcycle Driver,35 to 39,Major,0,West,Motorcycle,Going Ahead,Lost control,Normal, , , , , , ,0,0,0,1,0,0,0,0,0,0,0,0,0,0
6000506509,2016,3,24,20,49,3,43.64765127,-79.38480006,Trinity-Spadina (20),20,Bay Street Corridor (76),76,D52,Toronto East York,KING  ST W,UNIVERSITY  AVE, ,Major Arterial,Intersection,Intersection Related,Traffic Signal,Rain,"Dusk, artificial",Wet,Non-Fatal Injury,Pedestrian Collisions,Driver,60 to 64,,0,East,Pick Up Truck,Turning Left,Failed to Yield Right of Way,Normal, , , , , , ,1,0,1,0,0,0,0,0,0,1,0,0,0,0
1372930,2013,6,19,22,0,2,43.66294538,-79.43669029,Davenport (18),18,Dovercourt-Wallace Emerson-Junction (93),93,D11,Toronto East York,DUFFERIN ST,SHANLY ST, ,Major Arterial,Intersection,At Intersection,Traffic Signal,Clear,"Dark, artificial",Dry,Non-Fatal Injury,Rear End,Driver,25 to 29,Major,0,South,"Automobile, Station Wagon",Going Ahead,Following too Close,Normal, , , , , , ,0,0,1,0,0,0,0,1,0,1,0,0,0,0
1182499,2010,6,28,21,40,0,43.66064538,-79.44359029,Davenport (18),18,Dovercourt-Wallace Emerson-Junction (93),93,D11,Toronto East York,LANSDOWNE Ave,PATON Rd, ,Minor Arterial,Intersection,At Intersection,Traffic Signal,Clear,Dark,Dry,Non-Fatal Injury,SMV Unattended Vehicle,Motorcycle Driver,25 to 29,Major,0,South,Motorcycle,Going Ahead,Lost control,Inattentive, , , , , , ,0,0,0,1,0,0,0,0,0,0,0,0,0,0
1223676,2011,3,20,21,20,6,43.70434538,-79.40959029,St. Paul's (22),22,Yonge-Eglinton (100),100,D53,Toronto East York,EGLINTON Aven W,BRAEMAR Aven, ,Major Arterial,Intersection, ,No Control,Clear,Dark,Dry,Non-Fatal Injury,Pedestrian Collisions,Passenger,45 to 49,,0, ,Other, , , , , , , , , ,1,0,1,0,0,0,0,1,0,0,0,0,0,0
6000506509,2016,3,24,20,49,3,43.64765127,-79.38480006,Trinity-Spadina (20),20,Bay Street Corridor (76),76,D52,Toronto East York,KING  ST W,UNIVERSITY  AVE, ,Major Arterial,Intersection,Intersection Related,Traffic Signal,Rain,"Dusk, artificial",Wet,Non-Fatal Injury,Pedestrian Collisions,Pedestrian,25 to 29,Major,0,East, , , , ,Vehicle turns left while ped crosses with ROW at inter.,Crossing with right of way,Normal, , , ,1,0,1,0,0,0,0,0,0,1,0,0,0,0
1182503,2010,6,27,20,50,6,43.76494538,-79.44079029,Willowdale (23),23,Willowdale West (37),37,D32,North York,BATHURST ST,WILD GINGERWAY Aven, ,Major Arterial,Mid-Block, ,No Control,Rain,Dark,Wet,Non-Fatal Injury,Approaching,Vehicle Owner,unknown, ,0, ,Other, , , , , , , , , ,0,0,1,0,0,0,0,1,1,1,0,1,0,0
1182503,2010,6,27,20,50,6,43.76494538,-79.44079029,Willowdale (23),23,Willowdale West (37),37,D32,North York,BATHURST ST,WILD GINGERWAY Aven, ,Major Arterial,Mid-Block, ,No Control,Rain,Dark,Wet,Non-Fatal Injury,Approaching,Driver,60 to 64,Major,0,North,"Automobile, Station Wagon",Going Ahead,Driving Properly,Normal, , , , , , ,0,0,1,0,0,0,0,1,1,1,0,1,0,0
1182503,2010,6,27,20,50,6,43.76494538,-79.44079029,Willowdale (23),23,Willowdale West (37),37,D32,North York,BATHURST ST,WILD GINGERWAY Aven, ,Major Arterial,Mid-Block, ,No Control,Rain,Dark,Wet,Non-Fatal Injury,Approaching,Passenger,15 to 19,Minimal,0, ,Other, , , , , , , , , ,0,0,1,0,0,0,0,1,1,1,0,1,0,0
1182503,2010,6,27,20,50,6,43.76494538,-79.44079029,Willowdale (23),23,Willowdale West (37),37,D32,North York,BATHURST ST,WILD GINGERWAY Aven, ,Major Arterial,Mid-Block, ,No Control,Rain,Dark,Wet,Non-Fatal Injury,Approaching,Driver,45 to 49,Minor,0,North,"Automobile, Station Wagon",Going Ahead,Driving Properly,Normal, , , , , , ,0,0,1,0,0,0,0,1,1,1,0,1,0,0
1182503,2010,6,27,20,50,6,43.76494538,-79.44079029,Willowdale (23),23,Willowdale West (37),37,D32,North York,BATHURST ST,WILD GINGERWAY Aven, ,Major Arterial,Mid-Block, ,No Control,Rain,Dark,Wet,Non-Fatal Injury,Approaching,Driver,20 to 24,Minor,0,South,"Automobile, Station Wagon",Going Ahead,Lost control,"Ability Impaired, Alcohol", , , , , , ,0,0,1,0,0,0,0,1,1,1,0,1,0,0
1197308,2010,10,11,20,50,0,43.70824538,-79.25009029,Scarborough Southwest (36),36,Birchcliffe-Cliffside (122),122,D41,Scarborough,KINGSTON RD,SANDOWN AVE, ,Major Arterial,Mid-Block, ,No Control,Clear,Dark,Dry,Non-Fatal Injury,Rear End,Motorcycle Driver,30 to 34,Major,0,East,Motorcycle,Going Ahead,Following too Close,Had Been Drinking, , , , , , ,0,0,1,1,0,0,0,0,0,1,0,1,0,0
1197308,2010,10,11,20,50,0,43.70824538,-79.25009029,Scarborough Southwest (36),36,Birchcliffe-Cliffside (122),122,D41,Scarborough,KINGSTON RD,SANDOWN AVE, ,Major Arterial,Mid-Block, ,No Control,Clear,Dark,Dry,Non-Fatal Injury,Rear End,Driver,45 to 49,,0,East,"Automobile, Station Wagon",Slowing or Stopping,Other,"Ability Impaired, Alcohol Over .08", , , , , , ,0,0,1,1,0,0,0,0,0,1,0,1,0,0
1201944,2010,10,21,20,50,3,43.73014538,-79.27709029,Scarborough Centre (37),37,Ionview (125),125,D41,Scarborough,EGLINTON AVE E,BIRCHMOUNT RD, ,Major Arterial,Mid-Block, ,No Control,Clear,Dark,Dry,Non-Fatal Injury,Pedestrian Collisions,Driver,30 to 34,,0,East,"Automobile, Station Wagon",Going Ahead,Driving Properly,Normal, , , , , , ,1,0,1,0,0,0,0,0,0,0,0,0,0,0
1201944,2010,10,21,20,50,3,43.73014538,-79.27709029,Scarborough Centre (37),37,Ionview (125),125,D41,Scarborough,EGLINTON AVE E,BIRCHMOUNT RD, ,Major Arterial,Mid-Block, ,No Control,Clear,Dark,Dry,Non-Fatal Injury,Pedestrian Collisions,Pedestrian,40 to 44,Major,0,South,Other, , , ,Pedestrian hit at mid-block,"Crossing, no Traffic Control",Inattentive, , , ,1,0,1,0,0,0,0,0,0,0,0,0,0,0
1290199,2012,4,21,20,50,5,43.80024538,-79.19909029,Scarborough-Rouge River (42),42,Malvern (132),132,D42,Scarborough,MORNINGSIDE AVE,MILNER AVE, ,Major Arterial,Intersection,At Intersection,Traffic Signal,Clear,"Dark, artificial",Dry,Fatal,Pedestrian Collisions,Vehicle Owner,unknown, ,0, ,Other, , , , , , , , , ,1,0,1,0,0,0,0,0,0,0,0,0,0,1
1290199,2012,4,21,20,50,5,43.80024538,-79.19909029,Scarborough-Rouge River (42),42,Malvern (132),132,D42,Scarborough,MORNINGSIDE AVE,MILNER AVE, ,Major Arterial,Intersection,At Intersection,Traffic Signal,Clear,"Dark, artificial",Dry,Fatal,Pedestrian Collisions,Driver,20 to 24,,0,South,"Automobile, Station Wagon",Going Ahead,Driving Properly,Normal, , , , , , ,1,0,1,0,0,0,0,0,0,0,0,0,0,1
1290199,2012,4,21,20,50,5,43.80024538,-79.19909029,Scarborough-Rouge River (42),42,Malvern (132),132,D42,Scarborough,MORNINGSIDE AVE,MILNER AVE, ,Major Arterial,Intersection,At Intersection,Traffic Signal,Clear,"Dark, artificial",Dry,Fatal,Pedestrian Collisions,Pedestrian,55 to 59,Fatal,12,West,Other, , , ,Vehicle is going straight thru inter.while ped cross without ROW,Crossing without right of way,Inattentive, , , ,1,0,1,0,0,0,0,0,0,0,0,0,0,1
1338722,2013,2,2,20,50,5,43.70694538,-79.48519029,York South-Weston (12),12,Maple Leaf (29),29,D12,Etobicoke York,LAWRENCE AVE W,CULFORD RD, ,Major Arterial,Mid-Block, ,No Control,Clear,"Dark, artificial",Dry,Non-Fatal Injury,Pedestrian Collisions,Vehicle Owner,unknown, ,0, ,Other, , , , , , , , , ,1,0,1,0,0,0,0,0,1,1,0,0,0,0
1338722,2013,2,2,20,50,5,43.70694538,-79.48519029,York South-Weston (12),12,Maple Leaf (29),29,D12,Etobicoke York,LAWRENCE AVE W,CULFORD RD, ,Major Arterial,Mid-Block, ,No Control,Clear,"Dark, artificial",Dry,Non-Fatal Injury,Pedestrian Collisions,Driver,55 to 59,,0,East,"Automobile, Station Wagon",Disabled,Driving Properly,Normal, , , , , , ,1,0,1,0,0,0,0,0,1,1,0,0,0,0
1338722,2013,2,2,20,50,5,43.70694538,-79.48519029,York South-Weston (12),12,Maple Leaf (29),29,D12,Etobicoke York,LAWRENCE AVE W,CULFORD RD, ,Major Arterial,Mid-Block, ,No Control,Clear,"Dark, artificial",Dry,Non-Fatal Injury,Pedestrian Collisions,Driver,30 to 34,,0,East,"Automobile, Station Wagon",Changing Lanes,Driving Properly,Normal, , , , , , ,1,0,1,0,0,0,0,0,1,1,0,0,0,0
1338722,2013,2,2,20,50,5,43.70694538,-79.48519029,York South-Weston (12),12,Maple Leaf (29),29,D12,Etobicoke York,LAWRENCE AVE W,CULFORD RD, ,Major Arterial,Mid-Block, ,No Control,Clear,"Dark, artificial",Dry,Non-Fatal Injury,Pedestrian Collisions,Driver,50 to 54,,0,East,"Automobile, Station Wagon",Going Ahead,Other,Normal, , , , , , ,1,0,1,0,0,0,0,0,1,1,0,0,0,0
1338722,2013,2,2,20,50,5,43.70694538,-79.48519029,York South-Weston (12),12,Maple Leaf (29),29,D12,Etobicoke York,LAWRENCE AVE W,CULFORD RD, ,Major Arterial,Mid-Block, ,No Control,Clear,"Dark, artificial",Dry,Non-Fatal Injury,Pedestrian Collisions,Pedestrian,20 to 24,Major,0,Unknown,Other, , , ,Other / Undefined,Pushing/Working on Vehicle,Normal, , , ,1,0,1,0,0,0,0,0,1,1,0,0,0,0
1338722,2013,2,2,20,50,5,43.70694538,-79.48519029,York South-Weston (12),12,Maple Leaf (29),29,D12,Etobicoke York,LAWRENCE AVE W,CULFORD RD, ,Major Arterial,Mid-Block, ,No Control,Clear,"Dark, artificial",Dry,Non-Fatal Injury,Pedestrian Collisions,Pedestrian,20 to 24,Major,0,Unknown,Other, , , ,Other / Undefined,Pushing/Working on Vehicle,Normal, , , ,1,0,1,0,0,0,0,0,1,1,0,0,0,0
6001139914,2016,6,29,20,50,2,43.74275549,-79.59903345,Etobicoke North (1),1,West Humber-Clairville (1),1,D23,Etobicoke York,ALBION RD,SILVERSTONE DR,75 m East of,Major Arterial,Mid-Block,Non Intersection,No Control,Clear,"Dusk, artificial",Dry,Non-Fatal Injury,SMV Other,Driver,65 to 69,Major,0,West,"Automobile, Station Wagon",Going Ahead,Lost control,Fatigue, , , , , , ,0,0,1,0,0,0,0,0,0,0,0,0,0,0
983273,2007,7,8,20,51,6,43.68094538,-79.53369029,Etobicoke Centre (4),4,Willowridge-Martingrove-Richview (7),7,D23,Etobicoke York,EGLINTON AVE W,ISLINGTON AVE, ,Major Arterial,Mid-Block, ,No Control,Rain,Dusk,Wet,Non-Fatal Injury,Sideswipe,Driver,45 to 49,Major,0,West,"Automobile, Station Wagon",Going Ahead,Driving Properly,Normal, , , , , , ,0,0,1,0,0,0,0,0,0,1,0,0,0,0
983273,2007,7,8,20,51,6,43.68094538,-79.53369029,Etobicoke Centre (4),4,Willowridge-Martingrove-Richview (7),7,D23,Etobicoke York,EGLINTON AVE W,ISLINGTON AVE, ,Major Arterial,Mid-Block, ,No Control,Rain,Dusk,Wet,Non-Fatal Injury,Sideswipe,Driver,55 to 59,,0,East,"Automobile, Station Wagon",Changing Lanes,Following too Close,Unknown, , , , , , ,0,0,1,0,0,0,0,0,0,1,0,0,0,0
983273,2007,7,8,20,51,6,43.68094538,-79.53369029,Etobicoke Centre (4),4,Willowridge-Martingrove-Richview (7),7,D23,Etobicoke York,EGLINTON AVE W,ISLINGTON AVE, ,Major Arterial,Mid-Block, ,No Control,Rain,Dusk,Wet,Non-Fatal Injury,Sideswipe,Driver,20 to 24,,0,West,"Automobile, Station Wagon",Stopped,Driving Properly,Normal, , , , , , ,0,0,1,0,0,0,0,0,0,1,0,0,0,0
1097142,2009,3,10,20,51,1,43.79464538,-79.23489029,Scarborough-Rouge River (42),42,Malvern (132),132,D42,Scarborough,SHEPPARD Aven E,PROGRESS Aven, ,Major Arterial,Intersection,At Intersection,Traffic Signal,Rain,Dark,Wet,Non-Fatal Injury,Pedestrian Collisions,Driver,15 to 19,,0,North,"Automobile, Station Wagon",Turning Left,Failed to Yield Right of Way,Inattentive, , , , , , ,1,0,1,0,0,0,0,0,0,1,0,0,0,0
1097142,2009,3,10,20,51,1,43.79464538,-79.23489029,Scarborough-Rouge River (42),42,Malvern (132),132,D42,Scarborough,SHEPPARD Aven E,PROGRESS Aven, ,Major Arterial,Intersection,At Intersection,Traffic Signal,Rain,Dark,Wet,Non-Fatal Injury,Pedestrian Collisions,Pedestrian,45 to 49,Major,0,South,Other, , , ,Vehicle turns left while ped crosses with ROW at inter.,Crossing with right of way,Normal, , , ,1,0,1,0,0,0,0,0,0,1,0,0,0,0
1195361,2010,9,11,20,52,5,43.66294538,-79.43669029,Davenport (18),18,Dovercourt-Wallace Emerson-Junction (93),93,D11,Toronto East York,DUFFERIN ST,SHANLY ST, ,Major Arterial,Intersection,At Intersection,Traffic Signal,Clear,Dark,Dry,Non-Fatal Injury,Turning Movement,Motorcycle Passenger,25 to 29,Minimal,0, ,Other, , , , , , , , , ,0,0,1,1,0,0,0,1,0,0,0,0,0,0
1195361,2010,9,11,20,52,5,43.66294538,-79.43669029,Davenport (18),18,Dovercourt-Wallace Emerson-Junction (93),93,D11,Toronto East York,DUFFERIN ST,SHANLY ST, ,Major Arterial,Intersection,At Intersection,Traffic Signal,Clear,Dark,Dry,Non-Fatal Injury,Turning Movement,Motorcycle Driver,35 to 39,Major,0,North,Motorcycle,Going Ahead,Driving Properly,Normal, , , , , , ,0,0,1,1,0,0,0,1,0,0,0,0,0,0
1195361,2010,9,11,20,52,5,43.66294538,-79.43669029,Davenport (18),18,Dovercourt-Wallace Emerson-Junction (93),93,D11,Toronto East York,DUFFERIN ST,SHANLY ST, ,Major Arterial,Intersection,At Intersection,Traffic Signal,Clear,Dark,Dry,Non-Fatal Injury,Turning Movement,Vehicle Owner,unknown, ,0, ,Other, , , , , , , , , ,0,0,1,1,0,0,0,1,0,0,0,0,0,0
1195361,2010,9,11,20,52,5,43.66294538,-79.43669029,Davenport (18),18,Dovercourt-Wallace Emerson-Junction (93),93,D11,Toronto East York,DUFFERIN ST,SHANLY ST, ,Major Arterial,Intersection,At Intersection,Traffic Signal,Clear,Dark,Dry,Non-Fatal Injury,Turning Movement,Driver,40 to 44,,0,South,"Automobile, Station Wagon",Turning Left,Improper Turn,Normal, , , , , , ,0,0,1,1,0,0,0,1,0,0,0,0,0,0
1342114,2012,12,23,20,53,6,43.68194538,-79.42449029,St. Paul's (21),21,Wychwood (94),94,D13,Toronto East York,659 ST CLAIR AVE W,PINEWOOD AVE, ,Major Arterial,Intersection, ,No Control,Clear,"Dark, artificial",Dry,Non-Fatal Injury,SMV Other,Passenger,30 to 34,Minor,0, ,Other, , , , , , , , , ,0,0,1,0,0,0,0,1,0,0,0,0,0,0
1342114,2012,12,23,20,53,6,43.68194538,-79.42449029,St. Paul's (21),21,Wychwood (94),94,D13,Toronto East York,659 ST CLAIR AVE W,PINEWOOD AVE, ,Major Arterial,Intersection, ,No Control,Clear,"Dark, artificial",Dry,Non-Fatal Injury,SMV Other,Vehicle Owner,unknown, ,0, ,Other, , , , , , , , , ,0,0,1,0,0,0,0,1,0,0,0,0,0,0
1342114,2012,12,23,20,53,6,43.68194538,-79.42449029,St. Paul's (21),21,Wychwood (94),94,D13,Toronto East York,659 ST CLAIR AVE W,PINEWOOD AVE, ,Major Arterial,Intersection, ,No Control,Clear,"Dark, artificial",Dry,Non-Fatal Injury,SMV Other,Driver,30 to 34,Major,0,East,"Automobile, Station Wagon",Unknown,Lost control,Had Been Drinking, , , , , , ,0,0,1,0,0,0,0,1,0,0,0,0,0,0
4001659738,2014,3,7,20,53,4,43.64556082,-79.36981592,Toronto Centre-Rosedale (28),28,Waterfront Communities-The Island (77),77,D51,Toronto East York,LOWER JARVIS ST,LAKE SHORE BLVD E, ,Major Arterial,Intersection,At Intersection,Traffic Signal,Clear,"Dark, artificial",Dry,Non-Fatal Injury,Pedestrian Collisions,Pedestrian,30 to 34,Major,0,Unknown, , , , ,Vehicle is going straight thru inter.while ped cross with ROW,Other,Unknown, , , ,1,0,0,0,0,0,0,0,0,1,0,0,0,0
4001659738,2014,3,7,20,53,4,43.64556082,-79.36981592,Toronto Centre-Rosedale (28),28,Waterfront Communities-The Island (77),77,D51,Toronto East York,LOWER JARVIS ST,LAKE SHORE BLVD E, ,Major Arterial,Intersection,At Intersection,Traffic Signal,Clear,"Dark, artificial",Dry,Non-Fatal Injury,Pedestrian Collisions,Driver,unknown,,0,North, ,Going Ahead,Failed to Yield Right of Way,Unknown, , , , , , ,1,0,0,0,0,0,0,0,0,1,0,0,0,0
5000513611,2015,3,27,20,53,4,43.72471197,-79.30263911,Don Valley East (34),34,Clairlea-Birchmount (120),120,D41,Scarborough,EGLINTON AVE E,VICTORIA PARK AVE,3 m West of,Major Arterial,Intersection,Non Intersection,No Control,Clear,"Dark, artificial",Dry,Fatal,Pedestrian Collisions,Driver,60 to 64,,0,West,"Automobile, Station Wagon",Going Ahead,Driving Properly,Normal, , , , , , ,1,0,1,0,0,0,0,1,0,0,0,0,0,1
5000513611,2015,3,27,20,53,4,43.72471197,-79.30263911,Don Valley East (34),34,Clairlea-Birchmount (120),120,D41,Scarborough,EGLINTON AVE E,VICTORIA PARK AVE,3 m West of,Major Arterial,Intersection,Non Intersection,No Control,Clear,"Dark, artificial",Dry,Fatal,Pedestrian Collisions,Passenger,45 to 49,,0, , , , , , , , , , , ,1,0,1,0,0,0,0,1,0,0,0,0,0,1
5000513611,2015,3,27,20,53,4,43.72471197,-79.30263911,Don Valley East (34),34,Clairlea-Birchmount (120),120,D41,Scarborough,EGLINTON AVE E,VICTORIA PARK AVE,3 m West of,Major Arterial,Intersection,Non Intersection,No Control,Clear,"Dark, artificial",Dry,Fatal,Pedestrian Collisions,Pedestrian,55 to 59,Fatal,12,Unknown, , , , ,Vehicle is going straight thru inter.while ped cross without ROW,"Crossing, no Traffic Control",Other, , , ,1,0,1,0,0,0,0,1,0,0,0,0,0,1
1351718,2013,3,11,20,54,0,43.63354538,-79.57079029,Etobicoke Centre (3),3,Markland Wood (12),12,D22,Etobicoke York,BLOOR St W,MARKLAND Dr, ,Major Arterial,Intersection,At Intersection,Traffic Signal,Rain,"Dark, artificial",Wet,Non-Fatal Injury,Pedestrian Collisions,Driver,55 to 59,,0,South,"Automobile, Station Wagon",Turning Left,Failed to Yield Right of Way,Unknown, , , , , , ,1,0,1,0,0,0,0,0,0,1,0,0,0,0
1351718,2013,3,11,20,54,0,43.63354538,-79.57079029,Etobicoke Centre (3),3,Markland Wood (12),12,D22,Etobicoke York,BLOOR St W,MARKLAND Dr, ,Major Arterial,Intersection,At Intersection,Traffic Signal,Rain,"Dark, artificial",Wet,Non-Fatal Injury,Pedestrian Collisions,Pedestrian,25 to 29,Major,0,North,Other, , , ,Vehicle turns left while ped crosses with ROW at inter.,Crossing with right of way,Unknown, , , ,1,0,1,0,0,0,0,0,0,1,0,0,0,0
7001553173,2017,8,27,20,54,6,43.83705099,-79.24901972,Scarborough-Rouge River (42),42,Rouge (131),131,D42,Scarborough,6065 STEELES AVE E, , ,Minor Arterial,Mid-Block,Non Intersection,No Control,Clear,Dark,Dry,Fatal,Pedestrian Collisions,Driver,45 to 49,,0,West,"Automobile, Station Wagon",Going Ahead,Driving Properly,Normal, , , , , , ,1,0,1,0,0,0,0,0,1,1,0,0,0,1
7001553173,2017,8,27,20,54,6,43.83705099,-79.24901972,Scarborough-Rouge River (42),42,Rouge (131),131,D42,Scarborough,6065 STEELES AVE E, , ,Minor Arterial,Mid-Block,Non Intersection,No Control,Clear,Dark,Dry,Fatal,Pedestrian Collisions,Pedestrian,75 to 79,Fatal,38,North, , , , ,Pedestrian hit at mid-block,Running onto Roadway,Inattentive, , , ,1,0,1,0,0,0,0,0,1,1,0,0,0,1
1206537,2010,12,8,20,55,2,43.73944538,-79.51179029,York Centre (9),9,Glenfield-Jane Heights (25),25,D31,North York,SHEPPARD Aven W,JANE Stre, ,Major Arterial,Mid-Block, ,No Control,Clear,Dark,Dry,Non-Fatal Injury,SMV Other,Driver,40 to 44,Major,0,West,"Automobile, Station Wagon",Going Ahead,Lost control,Medical or Physical Disability, , , , , , ,0,0,1,0,0,0,0,0,0,0,0,0,1,0
1206538,2010,12,8,20,55,2,43.73934538,-79.51319029,York Centre (9),9,Glenfield-Jane Heights (25),25,D31,North York,SHEPPARD Aven W,JANE Stre, ,Major Arterial,Intersection,At Intersection,Traffic Signal,Clear,Dark,Dry,Non-Fatal Injury,Rear End,Driver,40 to 44,Major,0,West,"Automobile, Station Wagon",Going Ahead,Lost control,Medical or Physical Disability, , , , , , ,0,0,1,0,0,0,0,0,0,0,0,0,1,0
1206538,2010,12,8,20,55,2,43.73934538,-79.51319029,York Centre (9),9,Glenfield-Jane Heights (25),25,D31,North York,SHEPPARD Aven W,JANE Stre, ,Major Arterial,Intersection,At Intersection,Traffic Signal,Clear,Dark,Dry,Non-Fatal Injury,Rear End,Driver,30 to 34,,0,West,"Automobile, Station Wagon",Stopped,Driving Properly,Normal, , , , , , ,0,0,1,0,0,0,0,0,0,0,0,0,1,0
1324043,2012,9,27,20,55,3,43.64834538,-79.39329029,Trinity-Spadina (20),20,Waterfront Communities-The Island (77),77,D52,Toronto East York,RICHMOND St W,PETER St, ,Major Arterial,Intersection,At Intersection,Traffic Signal,Clear,"Dark, artificial",Dry,Non-Fatal Injury,Cyclist Collisions,Vehicle Owner,unknown, ,0, ,Other, , , , , , , , , ,0,1,1,0,0,0,0,0,0,0,0,0,0,0
1324043,2012,9,27,20,55,3,43.64834538,-79.39329029,Trinity-Spadina (20),20,Waterfront Communities-The Island (77),77,D52,Toronto East York,RICHMOND St W,PETER St, ,Major Arterial,Intersection,At Intersection,Traffic Signal,Clear,"Dark, artificial",Dry,Non-Fatal Injury,Cyclist Collisions,Driver,45 to 49,,0,West,"Automobile, Station Wagon",Going Ahead,Driving Properly,Normal, , , , , , ,0,1,1,0,0,0,0,0,0,0,0,0,0,0
1324043,2012,9,27,20,55,3,43.64834538,-79.39329029,Trinity-Spadina (20),20,Waterfront Communities-The Island (77),77,D52,Toronto East York,RICHMOND St W,PETER St, ,Major Arterial,Intersection,At Intersection,Traffic Signal,Clear,"Dark, artificial",Dry,Non-Fatal Injury,Cyclist Collisions,Cyclist,35 to 39,Major,0,South,Bicycle,Going Ahead, , , , , ,"Cyclist without ROW rides into path of motorist at inter, lnwy, dwy-Cyclist not turn.",Disobeyed Traffic Control,Inattentive,0,1,1,0,0,0,0,0,0,0,0,0,0,0
1340588,2013,2,13,20,55,2,43.80011328,-79.29449091,Scarborough-Agincourt (39),39,L'Amoreaux (117),117,D42,Scarborough,15 KENFIN AVE, , ,Local,Intersection, ,No Control,Clear,"Dark, artificial",Dry,Non-Fatal Injury,SMV Unattended Vehicle,Other,unknown,,0,East,Other,Parked, , , , , , , , ,0,0,1,0,0,0,0,0,0,0,0,0,0,0
1340588,2013,2,13,20,55,2,43.80011328,-79.29449091,Scarborough-Agincourt (39),39,L'Amoreaux (117),117,D42,Scarborough,15 KENFIN AVE, , ,Local,Intersection, ,No Control,Clear,"Dark, artificial",Dry,Non-Fatal Injury,SMV Unattended Vehicle,Driver,70 to 74,Major,0,East,"Automobile, Station Wagon",Going Ahead,Other,Unknown, , , , , , ,0,0,1,0,0,0,0,0,0,0,0,0,0,0
1369968,2013,8,12,20,55,0,43.77425726,-79.44310389,Willowdale (23),23,Newtonbrook West (36),36,D32,North York,BATHURST ST,FINCH AVE W, ,Major Arterial,Mid-Block, ,No Control,Clear,Dark,Dry,Non-Fatal Injury,Pedestrian Collisions,Vehicle Owner,unknown, ,0, ,Other, , , , , , , , , ,1,0,1,0,0,0,0,0,0,0,0,0,0,0
1369968,2013,8,12,20,55,0,43.77425726,-79.44310389,Willowdale (23),23,Newtonbrook West (36),36,D32,North York,BATHURST ST,FINCH AVE W, ,Major Arterial,Mid-Block, ,No Control,Clear,Dark,Dry,Non-Fatal Injury,Pedestrian Collisions,Driver,55 to 59,,0,North,"Automobile, Station Wagon",Going Ahead,Driving Properly,Normal, , , , , , ,1,0,1,0,0,0,0,0,0,0,0,0,0,0
1369968,2013,8,12,20,55,0,43.77425726,-79.44310389,Willowdale (23),23,Newtonbrook West (36),36,D32,North York,BATHURST ST,FINCH AVE W, ,Major Arterial,Mid-Block, ,No Control,Clear,Dark,Dry,Non-Fatal Injury,Pedestrian Collisions,Pedestrian,75 to 79,Major,0,East,Other, , , ,Pedestrian hit at mid-block,"Crossing, no Traffic Control",Unknown, , , ,1,0,1,0,0,0,0,0,0,0,0,0,0,0