ACCNUM,YEAR,MONTH,DAY,HOUR,MINUTES,WEEKDAY,LATITUDE,LONGITUDE,Ward_Name,Ward_ID,Hood_Name,Hood_ID,Division,District,STREET1,STREET2,OFFSET,ROAD_CLASS,LOCCOORD,ACCLOC,TRAFFCTL,VISIBILITY,LIGHT,RDSFCOND,ACCLASS,IMPACTYPE,INVTYPE,INVAGE,INJURY,FATAL_NO,INITDIR,VEHTYPE,MANOEUVER,DRIVACT,DRIVCOND,PEDTYPE,PEDACT,PEDCOND,CYCLISTYPE,CYCACT,CYCCOND,PEDESTRIAN,CYCLIST,AUTOMOBILE,MOTORCYCLE,TRUCK,TRSN_CITY_VEH,EMERG_VEH,PASSENGER,SPEEDING,AG_DRIV,REDLIGHT,ALCOHOL,DISABILITY,label
6001171035,2016,7,4,20,55,0,43.72812994,-79.57464228,Etobicoke North (2),2,Rexdale-Kipling (4),4,D23,Etobicoke York,KIPLING AVE,WESTHUMBER BLVD, ,Major Arterial,Intersection,At Intersection,Traffic Signal,Clear,"Dusk, artificial",Dry,Fatal,Pedestrian Collisions,Driver,25 to 29,,0,East,Passenger Van,Turning Left,Exceeding Speed Limit,Inattentive, , , , , , ,1,0,1,0,0,0,0,0,1,1,0,0,0,1
6001171035,2016,7,4,20,55,0,43.72812994,-79.57464228,Etobicoke North (2),2,Rexdale-Kipling (4),4,D23,Etobicoke York,KIPLING AVE,WESTHUMBER BLVD, ,Major Arterial,Intersection,At Intersection,Traffic Signal,Clear,"Dusk, artificial",Dry,Fatal,Pedestrian Collisions,Pedestrian,70 to 74,Fatal,40,Unknown, , , , ,Vehicle turns left while ped crosses with ROW at inter.,Walking on Roadway with Traffic,Normal, , , ,1,0,1,0,0,0,0,0,1,1,0,0,0,1
1351471,2013,4,12,20,56,4,43.76244696,-79.51888666,York West (8),8,Black Creek (24),24,D31,North York,JANE ST,STONG CRT, ,Major Arterial,Mid-Block, ,No Control,Rain,"Dark, artificial",Wet,Fatal,Pedestrian Collisions,Driver,35 to 39,,0,North,"Automobile, Station Wagon",Going Ahead,Exceeding Speed Limit,Inattentive, , , , , , ,1,0,1,0,0,0,0,0,1,1,0,0,0,1
1351471,2013,4,12,20,56,4,43.76244696,-79.51888666,York West (8),8,Black Creek (24),24,D31,North York,JANE ST,STONG CRT, ,Major Arterial,Mid-Block, ,No Control,Rain,"Dark, artificial",Wet,Fatal,Pedestrian Collisions,Pedestrian,50 to 54,Fatal,9,West, , , , ,Pedestrian hit at mid-block,"Crossing, no Traffic Control",Unknown, , , ,1,0,1,0,0,0,0,0,1,1,0,0,0,1
1011331,2007,12,14,20,57,4,43.64104538,-79.43449029,Parkdale-High Park (14),14,Roncesvalles (86),86,D11,Toronto East York,QUEEN ST W,DUNN AVE, ,Major Arterial,Intersection,At Intersection,Traffic Signal,Clear,Dark,Dry,Non-Fatal Injury,Pedestrian Collisions,Driver,65 to 69,,0,West,"Automobile, Station Wagon",Going Ahead,Driving Properly,Normal, , , , , , ,1,0,1,0,0,0,0,0,0,0,0,0,0,0
1011331,2007,12,14,20,57,4,43.64104538,-79.43449029,Parkdale-High Park (14),14,Roncesvalles (86),86,D11,Toronto East York,QUEEN ST W,DUNN AVE, ,Major Arterial,Intersection,At Intersection,Traffic Signal,Clear,Dark,Dry,Non-Fatal Injury,Pedestrian Collisions,Pedestrian,45 to 49,Major,0,South,Other, , , ,Vehicle is going straight thru inter.while ped cross without ROW,Crossing without right of way,Normal, , , ,1,0,1,0,0,0,0,0,0,0,0,0,0,0
1128465,2009,10,2,20,57,4,43.69804538,-79.43939029,Eglinton-Lawrence (15),15,Briar Hill-Belgravia (108),108,D13,Toronto East York,EGLINTON AVE W,MARLEE AVE, ,Major Arterial,Intersection,At Intersection,Traffic Signal,Rain,Dark,Wet,Non-Fatal Injury,Pedestrian Collisions,Driver,50 to 54,,0,East,"Automobile, Station Wagon",Going Ahead,Driving Properly,Normal, , , , , , ,1,0,1,0,0,0,0,0,0,0,0,0,0,0
1128465,2009,10,2,20,57,4,43.69804538,-79.43939029,Eglinton-Lawrence (15),15,Briar Hill-Belgravia (108),108,D13,Toronto East York,EGLINTON AVE W,MARLEE AVE, ,Major Arterial,Intersection,At Intersection,Traffic Signal,Rain,Dark,Wet,Non-Fatal Injury,Pedestrian Collisions,Pedestrian,90 to 94,Major,0,South,Other, , , ,Vehicle is going straight thru inter.while ped cross without ROW,Crossing without right of way,Inattentive, , , ,1,0,1,0,0,0,0,0,0,0,0,0,0,0
1265520,2011,11,22,20,57,1,43.76204538,-79.51809029,York West (8),8,Black Creek (24),24,D31,North York,STONG CRT,JANE ST, ,Collector,Mid-Block, ,No Control,Rain,"Dark, artificial",Wet,Non-Fatal Injury,SMV Other,Driver,70 to 74,Major,0,East,"Automobile, Station Wagon",Unknown,Other,Medical or Physical Disability, , , , , , ,0,0,1,0,0,0,0,0,0,0,0,0,1,0
1214725,2011,1,25,20,58,1,43.70664538,-79.42669029,Eglinton-Lawrence (16),16,Forest Hill North (102),102,D53,Toronto East York,BATHURST ST,FOREST RIDGE DR, ,Major Arterial,Mid-Block, ,No Control,Clear,Dark,Wet,Fatal,Pedestrian Collisions,Driver,70 to 74,,0,South,"Automobile, Station Wagon",Going Ahead,Driving Properly,Normal, , , , , , ,1,0,1,0,0,0,0,0,1,1,0,0,0,1
1214725,2011,1,25,20,58,1,43.70664538,-79.42669029,Eglinton-Lawrence (16),16,Forest Hill North (102),102,D53,Toronto East York,BATHURST ST,FOREST RIDGE DR, ,Major Arterial,Mid-Block, ,No Control,Clear,Dark,Wet,Fatal,Pedestrian Collisions,Pedestrian,75 to 79,Fatal,4,West,Other, , , ,Pedestrian hit at mid-block,"Crossing, no Traffic Control",Inattentive, , , ,1,0,1,0,0,0,0,0,1,1,0,0,0,1
5001660901,2015,9,25,20,58,4,43.71692618,-79.39360438,Don Valley West (25),25,Mount Pleasant East (99),99,D53,North York,MOUNT PLEASANT RD,STIBBARD AVE,25 m South of,Major Arterial,Intersection,Non Intersection,No Control,Clear,"Dark, artificial",Dry,Non-Fatal Injury,SMV Other,Driver,50 to 54,Major,0,North,"Automobile, Station Wagon",Going Ahead,Lost control,"Ability Impaired, Alcohol", , , , , , ,0,0,1,0,0,0,0,0,0,0,0,1,0,0
142962876,2014,9,22,20,59,0,43.63745077,-79.43471155,Parkdale-High Park (14),14,South Parkdale (85),85,D14,Toronto East York,KING ST W,CLOSE AVE, ,Major Arterial,Intersection, ,Pedestrian Crossover,Clear,"Dark, artificial",Dry,Fatal,Pedestrian Collisions,Driver,25 to 29,,0,East,"Automobile, Station Wagon",Going Ahead,Failed to Yield Right of Way,Inattentive, , , , , , ,1,0,1,0,0,0,0,0,0,1,0,0,0,1
142962876,2014,9,22,20,59,0,43.63745077,-79.43471155,Parkdale-High Park (14),14,South Parkdale (85),85,D14,Toronto East York,KING ST W,CLOSE AVE, ,Major Arterial,Intersection, ,Pedestrian Crossover,Clear,"Dark, artificial",Dry,Fatal,Pedestrian Collisions,Pedestrian,35 to 39,Fatal,29,Unknown, , , , ,Pedestrian hit a PXO/ped. Mid-block signal,"Crossing, Pedestrian Crossover",Unknown, , , ,1,0,1,0,0,0,0,0,0,1,0,0,0,1
1037550,2008,4,15,21,0,1,43.79664538,-79.22509029,Scarborough-Rouge River (42),42,Malvern (132),132,D42,Scarborough,SHEPPARD Aven E,WASHBURN Way, ,Major Arterial,Mid-Block, ,No Control,Clear,Dark,Dry,Non-Fatal Injury,Pedestrian Collisions,Driver,35 to 39,,0,West,"Automobile, Station Wagon",Going Ahead,Driving Properly,Normal, , , , , , ,1,0,1,0,0,0,0,0,0,0,0,0,0,0
1037550,2008,4,15,21,0,1,43.79664538,-79.22509029,Scarborough-Rouge River (42),42,Malvern (132),132,D42,Scarborough,SHEPPARD Aven E,WASHBURN Way, ,Major Arterial,Mid-Block, ,No Control,Clear,Dark,Dry,Non-Fatal Injury,Pedestrian Collisions,Pedestrian,15 to 19,Major,0,South,Other, , , ,Pedestrian hit at mid-block,"Crossing, no Traffic Control",Unknown, , , ,1,0,1,0,0,0,0,0,0,0,0,0,0,0
1095631,2009,3,21,21,0,5,43.71914538,-79.60349029,Etobicoke North (2),2,West Humber-Clairville (1),1,D23,Etobicoke York,REXDALE BLVD,QUEENS PLATE DR, ,Major Arterial,Mid-Block,At Intersection,No Control,Clear,Dark,Dry,Non-Fatal Injury,Pedestrian Collisions,Driver,80 to 84,,0,East,"Automobile, Station Wagon",Going Ahead,Driving Properly,Normal, , , , , , ,1,0,1,0,0,0,0,0,0,0,0,0,0,0
1095631,2009,3,21,21,0,5,43.71914538,-79.60349029,Etobicoke North (2),2,West Humber-Clairville (1),1,D23,Etobicoke York,REXDALE BLVD,QUEENS PLATE DR, ,Major Arterial,Mid-Block,At Intersection,No Control,Clear,Dark,Dry,Non-Fatal Injury,Pedestrian Collisions,Pedestrian,70 to 74,Major,0,North,Other, , , ,Pedestrian hit at mid-block,Crossing without right of way,Normal, , , ,1,0,1,0,0,0,0,0,0,0,0,0,0,0
1148132,2009,12,17,21,0,3,43.66784538,-79.40429029,Trinity-Spadina (20),20,Annex (95),95,D53,Toronto East York,SPADINA Road,BLOOR Stre W, ,Minor Arterial,Mid-Block, ,No Control,Clear,Dark,Dry,Non-Fatal Injury,Pedestrian Collisions,Driver,25 to 29,Minimal,0,North,"Automobile, Station Wagon",Going Ahead,Driving Properly,Normal, , , , , , ,1,0,1,0,0,0,0,0,0,0,0,0,0,0
1148132,2009,12,17,21,0,3,43.66784538,-79.40429029,Trinity-Spadina (20),20,Annex (95),95,D53,Toronto East York,SPADINA Road,BLOOR Stre W, ,Minor Arterial,Mid-Block, ,No Control,Clear,Dark,Dry,Non-Fatal Injury,Pedestrian Collisions,Pedestrian,20 to 24,Major,0,East,Other, , , ,Pedestrian hit at mid-block,Running onto Roadway,Medical or Physical Disability, , , ,1,0,1,0,0,0,0,0,0,0,0,0,0,0
1171795,2010,5,13,21,0,3,43.69474538,-79.34309029,Toronto-Danforth (29),29,Old East York (58),58,D54,Toronto East York,DONLANDS AVE,O CONNOR DR, ,Major Arterial,Intersection,At Intersection,Traffic Signal,Rain,Dark,Wet,Non-Fatal Injury,Pedestrian Collisions,Driver,75 to 79,,0,North,"Automobile, Station Wagon",Turning Right,Failed to Yield Right of Way,Unknown, , , , , , ,1,0,1,0,0,0,0,0,0,1,0,0,0,0
1171795,2010,5,13,21,0,3,43.69474538,-79.34309029,Toronto-Danforth (29),29,Old East York (58),58,D54,Toronto East York,DONLANDS AVE,O CONNOR DR, ,Major Arterial,Intersection,At Intersection,Traffic Signal,Rain,Dark,Wet,Non-Fatal Injury,Pedestrian Collisions,Pedestrian,40 to 44,Major,0,North,Other, , , ,Vehicle turns right while ped crosses with ROW at inter.,Crossing with right of way,Normal, , , ,1,0,1,0,0,0,0,0,0,1,0,0,0,0
1176798,2010,7,3,21,0,5,43.62094538,-79.52669029,Etobicoke-Lakeshore (5),5,Islington-City Centre West (14),14,D22,Etobicoke York,KIPLING AVE,THE QUEENSWAY, ,Major Arterial,Intersection,At Intersection,Traffic Signal,Clear,Dark,Dry,Non-Fatal Injury,Turning Movement,Vehicle Owner,unknown, ,0, ,Other, , , , , , , , , ,0,0,1,0,0,0,0,0,0,0,0,0,0,0
1176798,2010,7,3,21,0,5,43.62094538,-79.52669029,Etobicoke-Lakeshore (5),5,Islington-City Centre West (14),14,D22,Etobicoke York,KIPLING AVE,THE QUEENSWAY, ,Major Arterial,Intersection,At Intersection,Traffic Signal,Clear,Dark,Dry,Non-Fatal Injury,Turning Movement,Driver,50 to 54,,0,North,"Automobile, Station Wagon",Turning Left,Improper Turn,Normal, , , , , , ,0,0,1,0,0,0,0,0,0,0,0,0,0,0
1176798,2010,7,3,21,0,5,43.62094538,-79.52669029,Etobicoke-Lakeshore (5),5,Islington-City Centre West (14),14,D22,Etobicoke York,KIPLING AVE,THE QUEENSWAY, ,Major Arterial,Intersection,At Intersection,Traffic Signal,Clear,Dark,Dry,Non-Fatal Injury,Turning Movement,Driver,45 to 49,Major,0,South,"Automobile, Station Wagon",Going Ahead,Driving Properly,Normal, , , , , , ,0,0,1,0,0,0,0,0,0,0,0,0,0,0
1278585,2012,2,1,21,0,2,43.77644538,-79.23179029,Scarborough Centre (38),38,Woburn (137),137,D43,Scarborough,MARKHAM RD,ELLESMERE RD, ,Major Arterial,Intersection,At Intersection,Traffic Signal,Clear,"Dark, artificial",Dry,Non-Fatal Injury,Pedestrian Collisions,Driver,60 to 64,,0,North,"Automobile, Station Wagon",Going Ahead,Driving Properly,Normal, , , , , , ,1,0,1,0,0,0,0,0,0,0,0,0,0,0
1278585,2012,2,1,21,0,2,43.77644538,-79.23179029,Scarborough Centre (38),38,Woburn (137),137,D43,Scarborough,MARKHAM RD,ELLESMERE RD, ,Major Arterial,Intersection,At Intersection,Traffic Signal,Clear,"Dark, artificial",Dry,Non-Fatal Injury,Pedestrian Collisions,Pedestrian,65 to 69,Major,0,West,Other, , , ,Vehicle is going straight thru inter.while ped cross without ROW,Crossing marked crosswalk without ROW,Inattentive, , , ,1,0,1,0,0,0,0,0,0,0,0,0,0,0
1301842,2012,5,6,21,0,6,43.76934538,-79.17579029,Scarborough East (44),44,West Hill (136),136,D43,Scarborough,MANSE Rd,MANSEWOOD Gard, ,Collector,Intersection, ,No Control,Clear,"Dusk, artificial",Dry,Non-Fatal Injury,Sideswipe,Passenger,65 to 69,Minimal,0, ,Other, , , , , , , , , ,0,0,1,0,0,0,0,1,0,0,0,0,0,0
1301842,2012,5,6,21,0,6,43.76934538,-79.17579029,Scarborough East (44),44,West Hill (136),136,D43,Scarborough,MANSE Rd,MANSEWOOD Gard, ,Collector,Intersection, ,No Control,Clear,"Dusk, artificial",Dry,Non-Fatal Injury,Sideswipe,Driver,65 to 69,Minor,0,South,"Automobile, Station Wagon",Going Ahead,Driving Properly,Normal, , , , , , ,0,0,1,0,0,0,0,1,0,0,0,0,0,0
1301842,2012,5,6,21,0,6,43.76934538,-79.17579029,Scarborough East (44),44,West Hill (136),136,D43,Scarborough,MANSE Rd,MANSEWOOD Gard, ,Collector,Intersection, ,No Control,Clear,"Dusk, artificial",Dry,Non-Fatal Injury,Sideswipe,Passenger,70 to 74,Major,0, ,Other, , , , , , , , , ,0,0,1,0,0,0,0,1,0,0,0,0,0,0
1301842,2012,5,6,21,0,6,43.76934538,-79.17579029,Scarborough East (44),44,West Hill (136),136,D43,Scarborough,MANSE Rd,MANSEWOOD Gard, ,Collector,Intersection, ,No Control,Clear,"Dusk, artificial",Dry,Non-Fatal Injury,Sideswipe,Driver,75 to 79,Major,0,North,"Automobile, Station Wagon",Going Ahead,Lost control,Unknown, , , , , , ,0,0,1,0,0,0,0,1,0,0,0,0,0,0
1331849,2012,12,18,21,0,1,43.77644538,-79.17369029,Scarborough East (44),44,West Hill (136),136,D43,Scarborough,KINGSTON RD,BEECHGROVE DR, ,Major Arterial,Intersection,At Intersection,No Control,Clear,Dark,Dry,Fatal,Pedestrian Collisions,Driver,25 to 29,,0,West,"Automobile, Station Wagon",Going Ahead,Driving Properly,Normal, , , , , , ,1,0,1,0,0,0,0,0,0,0,0,0,0,1
1331849,2012,12,18,21,0,1,43.77644538,-79.17369029,Scarborough East (44),44,West Hill (136),136,D43,Scarborough,KINGSTON RD,BEECHGROVE DR, ,Major Arterial,Intersection,At Intersection,No Control,Clear,Dark,Dry,Fatal,Pedestrian Collisions,Pedestrian,55 to 59,Fatal,42,North,Other, , , ,Pedestrian hit at mid-block,"Crossing, no Traffic Control",Unknown, , , ,1,0,1,0,0,0,0,0,0,0,0,0,0,1
1355187,2013,5,7,21,0,1,43.76764639,-79.18958674,Scarborough East (43),43,West Hill (136),136,D43,Scarborough,LAWRENCE AVE E,KINGSTON RD, ,Major Arterial,Intersection,At Intersection,Traffic Signal,Clear,"Dark, artificial",Dry,Non-Fatal Injury,Cyclist Collisions,Vehicle Owner,unknown, ,0, ,Other, , , , , , , , , ,0,1,0,0,0,1,0,0,0,0,0,0,0,0
1355187,2013,5,7,21,0,1,43.76764639,-79.18958674,Scarborough East (43),43,West Hill (136),136,D43,Scarborough,LAWRENCE AVE E,KINGSTON RD, ,Major Arterial,Intersection,At Intersection,Traffic Signal,Clear,"Dark, artificial",Dry,Non-Fatal Injury,Cyclist Collisions,Driver,35 to 39,,0,East,Municipal Transit Bus (TTC),Going Ahead,Driving Properly,Normal, , , , , , ,0,1,0,0,0,1,0,0,0,0,0,0,0,0
1355187,2013,5,7,21,0,1,43.76764639,-79.18958674,Scarborough East (43),43,West Hill (136),136,D43,Scarborough,LAWRENCE AVE E,KINGSTON RD, ,Major Arterial,Intersection,At Intersection,Traffic Signal,Clear,"Dark, artificial",Dry,Non-Fatal Injury,Cyclist Collisions,Cyclist,10 to 14,Major,0,North,Bicycle,Going Ahead, , , , , ,"Cyclist without ROW rides into path of motorist at inter, lnwy, dwy-Cyclist not turn.",Disobeyed Traffic Control,Inattentive,0,1,0,0,0,1,0,0,0,0,0,0,0,0
4003549384,2014,12,25,21,50,3,43.83097418,-79.27515803,Scarborough-Rouge River (41),41,Milliken (130),130,D42,Scarborough,MCCOWAN RD,STEELES AVE E, ,Major Arterial,Intersection,Intersection Related,Traffic Signal,Clear,"Dark, artificial",Dry,Non-Fatal Injury,Turning Movement,Passenger,40 to 44,Major,0, , , , , , , , , , , ,0,0,1,0,0,0,0,1,0,0,0,0,0,0
1121597,2009,7,18,21,10,5,43.65184538,-79.37519029,Toronto Centre-Rosedale (28),28,Church-Yonge Corridor (75),75,D51,Toronto East York,CHURCH ST,LOMBARD ST, ,Minor Arterial,Intersection,At Intersection,Stop Sign,Clear,Dark,Dry,Non-Fatal Injury,Pedestrian Collisions,Pedestrian,20 to 24,Major,0,South,Other, , , ,Vehicle is going straight thru inter.while ped cross with ROW,Crossing with right of way,Normal, , , ,1,0,1,0,0,0,0,1,0,1,0,0,0,0
1263909,2011,11,5,22,11,5,43.64377936,-79.40337,Trinity-Spadina (19),19,Niagara (82),82,D14,Toronto East York,KING ST W,BATHURST ST, ,Major Arterial,Mid-Block, ,No Control,Clear,"Dark, artificial",Dry,Non-Fatal Injury,Pedestrian Collisions,Vehicle Owner,unknown, ,0, ,Other, , , , , , , , , ,1,0,1,0,0,1,0,0,1,1,0,1,0,0
4002722723,2014,8,17,21,0,6,43.70505865,-79.39798365,St. Paul's (22),22,Mount Pleasant West (104),104,D53,Toronto East York,2169 YONGE ST, , ,Major Arterial,Mid-Block,At/Near Private Drive,No Control,Clear,Daylight,Dry,Non-Fatal Injury,Turning Movement,Driver,40 to 44,,0,South,"Automobile, Station Wagon",Turning Left,Failed to Yield Right of Way,Inattentive, , , , , , ,0,0,1,1,0,0,0,1,0,1,0,0,0,0
1194692,2010,10,13,22,24,2,43.66334538,-79.44519029,Davenport (18),18,Dovercourt-Wallace Emerson-Junction (93),93,D11,Toronto East York,LANSDOWNE Aven,WALLACE Aven, ,Minor Arterial,Mid-Block, ,No Control,Rain,Dark,Wet,Non-Fatal Injury,Sideswipe,Truck Driver,35 to 39,,0,North,Truck - Open,Stopped,Driving Properly,Normal, , , , , , ,0,0,1,0,1,0,0,0,0,1,0,0,0,0
1326911,2012,10,11,21,40,3,43.67694538,-79.38949029,Toronto Centre-Rosedale (27),27,Rosedale-Moore Park (98),98,D53,Toronto East York,YONGE St,CRESCENT Rd, ,Major Arterial,Intersection,At Intersection,Traffic Signal,Clear,"Dark, artificial",Dry,Non-Fatal Injury,Cyclist Collisions,Driver,75 to 79,,0,South,"Automobile, Station Wagon",Turning Left,Failed to Yield Right of Way,Inattentive, , , , , , ,0,1,1,0,0,0,0,0,0,1,0,0,0,0
1174310,2010,5,18,21,10,1,43.60150488,-79.50186549,Etobicoke-Lakeshore (6),6,New Toronto (18),18,D22,Etobicoke York,LAKE SHORE BLVD W,FOURTH ST, ,Major Arterial,Intersection,At Intersection,No Control,Clear,"Dark, artificial",Dry,Non-Fatal Injury,Pedestrian Collisions,Vehicle Owner,unknown, ,0, ,Other, , , , , , , , , ,1,0,1,0,0,0,0,0,0,0,0,0,0,0
1223676,2011,3,20,21,20,6,43.70434538,-79.40959029,St. Paul's (22),22,Yonge-Eglinton (100),100,D53,Toronto East York,EGLINTON Aven W,BRAEMAR Aven, ,Major Arterial,Intersection, ,No Control,Clear,Dark,Dry,Non-Fatal Injury,Pedestrian Collisions,Passenger,30 to 34,,0, ,Other, , , , , , , , , ,1,0,1,0,0,0,0,1,0,0,0,0,0,0
4002722723,2014,8,17,21,0,6,43.70505865,-79.39798365,St. Paul's (22),22,Mount Pleasant West (104),104,D53,Toronto East York,2169 YONGE ST, , ,Major Arterial,Mid-Block,At/Near Private Drive,No Control,Clear,Daylight,Dry,Non-Fatal Injury,Turning Movement,Motorcycle Driver,40 to 44,Major,0,North,Motorcycle,Going Ahead,Driving Properly,Normal, , , , , , ,0,0,1,1,0,0,0,1,0,1,0,0,0,0
1194692,2010,10,13,22,24,2,43.66334538,-79.44519029,Davenport (18),18,Dovercourt-Wallace Emerson-Junction (93),93,D11,Toronto East York,LANSDOWNE Aven,WALLACE Aven, ,Minor Arterial,Mid-Block, ,No Control,Rain,Dark,Wet,Non-Fatal Injury,Sideswipe,Driver,70 to 74,Major,0,North,"Automobile, Station Wagon",Overtaking,Improper Passing,Unknown, , , , , , ,0,0,1,0,1,0,0,0,0,1,0,0,0,0
1263909,2011,11,5,22,11,5,43.64377936,-79.40337,Trinity-Spadina (19),19,Niagara (82),82,D14,Toronto East York,KING ST W,BATHURST ST, ,Major Arterial,Mid-Block, ,No Control,Clear,"Dark, artificial",Dry,Non-Fatal Injury,Pedestrian Collisions,Driver,20 to 24,,0,West,"Automobile, Station Wagon",Going Ahead,Exceeding Speed Limit,"Ability Impaired, Alcohol Over .08", , , , , , ,1,0,1,0,0,1,0,0,1,1,0,1,0,0
4003549384,2014,12,25,21,50,3,43.83097418,-79.27515803,Scarborough-Rouge River (41),41,Milliken (130),130,D42,Scarborough,MCCOWAN RD,STEELES AVE E, ,Major Arterial,Intersection,Intersection Related,Traffic Signal,Clear,"Dark, artificial",Dry,Non-Fatal Injury,Turning Movement,Passenger,5 to 9,,0, , , , , , , , , , , ,0,0,1,0,0,0,0,1,0,0,0,0,0,0
1174310,2010,5,18,21,10,1,43.60150488,-79.50186549,Etobicoke-Lakeshore (6),6,New Toronto (18),18,D22,Etobicoke York,LAKE SHORE BLVD W,FOURTH ST, ,Major Arterial,Intersection,At Intersection,No Control,Clear,"Dark, artificial",Dry,Non-Fatal Injury,Pedestrian Collisions,Driver,30 to 34,,0,East,"Automobile, Station Wagon",Making U Turn,Improper Turn,Normal, , , , , , ,1,0,1,0,0,0,0,0,0,0,0,0,0,0
5001484830,2015,8,28,22,0,4,43.74137076,-79.59078608,Etobicoke North (1),1,Mount Olive-Silverstone-Jamestown (2),2,D23,Etobicoke York,ALBION RD,FINCH AVE W, ,Major Arterial,Mid-Block,Non Intersection,No Control,Clear,Daylight,Dry,Non-Fatal Injury,Approaching,Driver,15 to 19,Minor,0,East,"Automobile, Station Wagon",Going Ahead,Lost control,Unknown, , , , , , ,0,0,1,0,0,0,0,1,1,1,0,0,0,0
1263909,2011,11,5,22,11,5,43.64377936,-79.40337,Trinity-Spadina (19),19,Niagara (82),82,D14,Toronto East York,KING ST W,BATHURST ST, ,Major Arterial,Mid-Block, ,No Control,Clear,"Dark, artificial",Dry,Non-Fatal Injury,Pedestrian Collisions,Pedestrian,25 to 29,Minor,0,West,Other, , , ,Pedestrian hit on sidewalk or shoulder,On Sidewalk or Shoulder,Normal, , , ,1,0,1,0,0,1,0,0,1,1,0,1,0,0
961100,2007,2,28,22,25,2,43.72674538,-79.55209029,Etobicoke North (2),2,Elms-Old Rexdale (5),5,D23,Etobicoke York,ALBION RD,ARCOT BLVD, ,Major Arterial,Intersection,At Intersection,Traffic Controller,Clear,Dark,Dry,Non-Fatal Injury,Rear End,Vehicle Owner,unknown,,0, ,Other, , , , , , , , , ,0,0,1,0,0,0,0,1,0,1,0,0,0,0
1223676,2011,3,20,21,20,6,43.70434538,-79.40959029,St. Paul's (22),22,Yonge-Eglinton (100),100,D53,Toronto East York,EGLINTON Aven W,BRAEMAR Aven, ,Major Arterial,Intersection, ,No Control,Clear,Dark,Dry,Non-Fatal Injury,Pedestrian Collisions,Driver,25 to 29,,0,East,"Automobile, Station Wagon",Going Ahead,Driving Properly,Normal, , , , , , ,1,0,1,0,0,0,0,1,0,0,0,0,0,0
1501079056,2015,6,26,21,50,4,43.68681296,-79.44664393,Davenport (17),17,Caledonia-Fairbank (109),109,D13,Etobicoke York,2058 DUFFERIN ST, , ,Major Arterial,Mid-Block, ,No Control,Clear,"Dark, artificial",Dry,Fatal,Pedestrian Collisions,Pedestrian,80 to 84,Fatal,32,West, , , , ,Pedestrian hit at mid-block,"Crossing, no Traffic Control",Normal, , , ,1,0,1,0,0,0,0,0,0,0,0,0,0,1
1223676,2011,3,20,21,20,6,43.70434538,-79.40959029,St. Paul's (22),22,Yonge-Eglinton (100),100,D53,Toronto East York,EGLINTON Aven W,BRAEMAR Aven, ,Major Arterial,Intersection, ,No Control,Clear,Dark,Dry,Non-Fatal Injury,Pedestrian Collisions,Pedestrian,70 to 74,Major,0,South,Other, , , ,Vehicle is going straight thru inter.while ped cross without ROW,"Crossing, no Traffic Control",Normal, , , ,1,0,1,0,0,0,0,1,0,0,0,0,0,0
4002722723,2014,8,17,21,0,6,43.70505865,-79.39798365,St. Paul's (22),22,Mount Pleasant West (104),104,D53,Toronto East York,2169 YONGE ST, , ,Major Arterial,Mid-Block,At/Near Private Drive,No Control,Clear,Daylight,Dry,Non-Fatal Injury,Turning Movement,Passenger,unknown,,0, , , , , , , , , , , ,0,0,1,1,0,0,0,1,0,1,0,0,0,0
1174310,2010,5,18,21,10,1,43.60150488,-79.50186549,Etobicoke-Lakeshore (6),6,New Toronto (18),18,D22,Etobicoke York,LAKE SHORE BLVD W,FOURTH ST, ,Major Arterial,Intersection,At Intersection,No Control,Clear,"Dark, artificial",Dry,Non-Fatal Injury,Pedestrian Collisions,Pedestrian,45 to 49,Major,0,North,Other, , , ,Other / Undefined,"Crossing, no Traffic Control",Had Been Drinking, , , ,1,0,1,0,0,0,0,0,0,0,0,0,0,0
1326911,2012,10,11,21,40,3,43.67694538,-79.38949029,Toronto Centre-Rosedale (27),27,Rosedale-Moore Park (98),98,D53,Toronto East York,YONGE St,CRESCENT Rd, ,Major Arterial,Intersection,At Intersection,Traffic Signal,Clear,"Dark, artificial",Dry,Non-Fatal Injury,Cyclist Collisions,Cyclist,20 to 24,Major,0,North,Bicycle,Going Ahead, , , , , ,Motorist turned left across cyclists path.,Driving Properly,Normal,0,1,1,0,0,0,0,0,0,1,0,0,0,0
5001484830,2015,8,28,22,0,4,43.74137076,-79.59078608,Etobicoke North (1),1,Mount Olive-Silverstone-Jamestown (2),2,D23,Etobicoke York,ALBION RD,FINCH AVE W, ,Major Arterial,Mid-Block,Non Intersection,No Control,Clear,Daylight,Dry,Non-Fatal Injury,Approaching,Driver,40 to 44,Minor,0,West,"Automobile, Station Wagon",Going Ahead,Driving Properly,Normal, , , , , , ,0,0,1,0,0,0,0,1,1,1,0,0,0,0
1263909,2011,11,5,22,11,5,43.64377936,-79.40337,Trinity-Spadina (19),19,Niagara (82),82,D14,Toronto East York,KING ST W,BATHURST ST, ,Major Arterial,Mid-Block, ,No Control,Clear,"Dark, artificial",Dry,Non-Fatal Injury,Pedestrian Collisions,Pedestrian,30 to 34,Major,0,West,Other, , , ,Pedestrian hit on sidewalk or shoulder,On Sidewalk or Shoulder,Normal, , , ,1,0,1,0,0,1,0,0,1,1,0,1,0,0