ACCNUM,YEAR,MONTH,DAY,HOUR,MINUTES,WEEKDAY,LATITUDE,LONGITUDE,Ward_Name,Ward_ID,Hood_Name,Hood_ID,Division,District,STREET1,STREET2,OFFSET,ROAD_CLASS,LOCCOORD,ACCLOC,TRAFFCTL,VISIBILITY,LIGHT,RDSFCOND,ACCLASS,IMPACTYPE,INVTYPE,INVAGE,INJURY,FATAL_NO,INITDIR,VEHTYPE,MANOEUVER,DRIVACT,DRIVCOND,PEDTYPE,PEDACT,PEDCOND,CYCLISTYPE,CYCACT,CYCCOND,PEDESTRIAN,CYCLIST,AUTOMOBILE,MOTORCYCLE,TRUCK,TRSN_CITY_VEH,EMERG_VEH,PASSENGER,SPEEDING,AG_DRIV,REDLIGHT,ALCOHOL,DISABILITY,label
6001359904,2016,8,2,21,12,1,43.64157065,-79.39186487,Trinity-Spadina (20),20,Waterfront Communities-The Island (77),77,D52,Toronto East York,BLUE JAYS WAY,NAVY WHARF CRT, ,Minor Arterial,Intersection,At Intersection,Stop Sign,Clear,"Dark, artificial",Dry,Non-Fatal Injury,Pedestrian Collisions,Passenger,35 to 39,,0, , , , , , , , , , , ,1,0,1,0,0,0,0,1,0,1,0,0,0,0
6001359904,2016,8,2,21,12,1,43.64157065,-79.39186487,Trinity-Spadina (20),20,Waterfront Communities-The Island (77),77,D52,Toronto East York,BLUE JAYS WAY,NAVY WHARF CRT, ,Minor Arterial,Intersection,At Intersection,Stop Sign,Clear,"Dark, artificial",Dry,Non-Fatal Injury,Pedestrian Collisions,Pedestrian,25 to 29,Major,0,South, , , , ,Vehicle turns left while ped crosses with ROW at inter.,Crossing with right of way,Normal, , , ,1,0,1,0,0,0,0,1,0,1,0,0,0,0
1000894,2007,11,6,21,15,1,43.79394538,-79.35789029,Willowdale (24),24,Hillcrest Village (48),48,D33,North York,FLAVIAN CRES,RAMEAU DR, ,Local,Intersection,At Intersection,No Control,Rain,Dark,Wet,Non-Fatal Injury,Pedestrian Collisions,Driver,55 to 59,,0,East,"Automobile, Station Wagon",Turning Left,Failed to Yield Right of Way,Unknown, , , , , , ,1,0,1,0,0,0,0,0,0,1,0,0,0,0
1000894,2007,11,6,21,15,1,43.79394538,-79.35789029,Willowdale (24),24,Hillcrest Village (48),48,D33,North York,FLAVIAN CRES,RAMEAU DR, ,Local,Intersection,At Intersection,No Control,Rain,Dark,Wet,Non-Fatal Injury,Pedestrian Collisions,Vehicle Owner,unknown, ,0, ,Other, , , , , , , , , ,1,0,1,0,0,0,0,0,0,1,0,0,0,0
1000894,2007,11,6,21,15,1,43.79394538,-79.35789029,Willowdale (24),24,Hillcrest Village (48),48,D33,North York,FLAVIAN CRES,RAMEAU DR, ,Local,Intersection,At Intersection,No Control,Rain,Dark,Wet,Non-Fatal Injury,Pedestrian Collisions,Pedestrian,30 to 34,Major,0,West,Other, , , ,Vehicle turns left while ped crosses with ROW at inter.,Crossing with right of way,Normal, , , ,1,0,1,0,0,0,0,0,0,1,0,0,0,0
1133302,2009,9,24,21,15,3,43.67444538,-79.56319029,Etobicoke Centre (3),3,Eringate-Centennial-West Deane (11),11,D22,Etobicoke York,MARTIN GROVE Road,EGLINTON Aven W, ,Major Arterial,Intersection,At Intersection,Traffic Signal,Clear,Dark,Dry,Non-Fatal Injury,Turning Movement,Driver,25 to 29,,0,North,"Automobile, Station Wagon",Going Ahead,Driving Properly,Normal, , , , , , ,0,0,1,1,0,0,0,1,0,0,0,0,0,0
1133302,2009,9,24,21,15,3,43.67444538,-79.56319029,Etobicoke Centre (3),3,Eringate-Centennial-West Deane (11),11,D22,Etobicoke York,MARTIN GROVE Road,EGLINTON Aven W, ,Major Arterial,Intersection,At Intersection,Traffic Signal,Clear,Dark,Dry,Non-Fatal Injury,Turning Movement,Passenger,25 to 29,Major,0, ,Other, , , , , , , , , ,0,0,1,1,0,0,0,1,0,0,0,0,0,0
1133302,2009,9,24,21,15,3,43.67444538,-79.56319029,Etobicoke Centre (3),3,Eringate-Centennial-West Deane (11),11,D22,Etobicoke York,MARTIN GROVE Road,EGLINTON Aven W, ,Major Arterial,Intersection,At Intersection,Traffic Signal,Clear,Dark,Dry,Non-Fatal Injury,Turning Movement,Motorcycle Driver,30 to 34,Major,0,South,Motorcycle,Turning Left,Improper Turn,Inattentive, , , , , , ,0,0,1,1,0,0,0,1,0,0,0,0,0,0
1184180,2010,7,9,21,15,4,43.66274603,-79.34079371,Toronto-Danforth (30),30,South Riverdale (70),70,D55,Toronto East York,CARLAW Ave,COLGATE Ave, ,Minor Arterial,Mid-Block, ,No Control,Clear,Dark,Dry,Non-Fatal Injury,Sideswipe,Passenger,45 to 49,Minor,0, , , , , , , , , , , ,0,1,1,0,0,0,0,1,0,0,0,0,0,0
1184180,2010,7,9,21,15,4,43.66274603,-79.34079371,Toronto-Danforth (30),30,South Riverdale (70),70,D55,Toronto East York,CARLAW Ave,COLGATE Ave, ,Minor Arterial,Mid-Block, ,No Control,Clear,Dark,Dry,Non-Fatal Injury,Sideswipe,Driver,45 to 49,,0,North,"Automobile, Station Wagon",Parked,Other,Normal, , , , , , ,0,1,1,0,0,0,0,1,0,0,0,0,0,0
1184180,2010,7,9,21,15,4,43.66274603,-79.34079371,Toronto-Danforth (30),30,South Riverdale (70),70,D55,Toronto East York,CARLAW Ave,COLGATE Ave, ,Minor Arterial,Mid-Block, ,No Control,Clear,Dark,Dry,Non-Fatal Injury,Sideswipe,Vehicle Owner,unknown, ,0, , , , , , , , , , , ,0,1,1,0,0,0,0,1,0,0,0,0,0,0
1184180,2010,7,9,21,15,4,43.66274603,-79.34079371,Toronto-Danforth (30),30,South Riverdale (70),70,D55,Toronto East York,CARLAW Ave,COLGATE Ave, ,Minor Arterial,Mid-Block, ,No Control,Clear,Dark,Dry,Non-Fatal Injury,Sideswipe,Passenger,15 to 19,Major,0, , , , , , , , , , , ,0,1,1,0,0,0,0,1,0,0,0,0,0,0
1184180,2010,7,9,21,15,4,43.66274603,-79.34079371,Toronto-Danforth (30),30,South Riverdale (70),70,D55,Toronto East York,CARLAW Ave,COLGATE Ave, ,Minor Arterial,Mid-Block, ,No Control,Clear,Dark,Dry,Non-Fatal Injury,Sideswipe,Moped Driver,15 to 19,,0,North,Moped, , , , , , , , , ,0,1,1,0,0,0,0,1,0,0,0,0,0,0
1215424,2010,12,15,21,15,2,43.79364538,-79.31209029,Scarborough-Agincourt (40),40,L'Amoreaux (117),117,D42,Scarborough,1251 BRIDLETOWNE Circ, , ,Collector,Intersection, ,Pedestrian Crossover,Snow,Dark,Wet,Non-Fatal Injury,SMV Other,Driver,40 to 44,Major,0,North,"Automobile, Station Wagon",Going Ahead,Speed too Fast For Condition,"Ability Impaired, Alcohol", , , , , , ,0,0,1,0,0,0,0,0,1,1,0,1,0,0
1215424,2010,12,15,21,15,2,43.79364538,-79.31209029,Scarborough-Agincourt (40),40,L'Amoreaux (117),117,D42,Scarborough,1251 BRIDLETOWNE Circ, , ,Collector,Intersection, ,Pedestrian Crossover,Snow,Dark,Wet,Non-Fatal Injury,SMV Other,Other Property Owner,unknown, ,0, ,Other, , , , , , , , , ,0,0,1,0,0,0,0,0,1,1,0,1,0,0
1300655,2012,4,29,21,15,6,43.73524538,-79.35619029,Don Valley West (25),25,Banbury-Don Mills (42),42,D33,North York,LESLIE ST,LAWRENCE AVE E, ,Major Arterial,Mid-Block, ,No Control,Clear,Dark,Dry,Non-Fatal Injury,Turning Movement,Driver,45 to 49,,0,North,"Automobile, Station Wagon",Making U Turn,Improper Turn,"Ability Impaired, Alcohol Over .08", , , , , , ,0,0,1,0,0,0,0,0,1,1,0,1,0,0
1300655,2012,4,29,21,15,6,43.73524538,-79.35619029,Don Valley West (25),25,Banbury-Don Mills (42),42,D33,North York,LESLIE ST,LAWRENCE AVE E, ,Major Arterial,Mid-Block, ,No Control,Clear,Dark,Dry,Non-Fatal Injury,Turning Movement,Driver,45 to 49,Major,0,North,"Automobile, Station Wagon",Going Ahead,Driving Properly,Normal, , , , , , ,0,0,1,0,0,0,0,0,1,1,0,1,0,0
1380760,2013,10,8,21,15,1,43.82448157,-79.3036233,Scarborough-Agincourt (39),39,Milliken (130),130,D42,Scarborough,STEELES AVE E,TURFF  AVE, ,Major Arterial,Mid-Block, ,No Control,Clear,Dark,Dry,Fatal,Pedestrian Collisions,Passenger,20 to 24,,0, , , , , , , , , , , ,1,0,1,0,0,0,0,1,0,0,0,0,0,1
1380760,2013,10,8,21,15,1,43.82448157,-79.3036233,Scarborough-Agincourt (39),39,Milliken (130),130,D42,Scarborough,STEELES AVE E,TURFF  AVE, ,Major Arterial,Mid-Block, ,No Control,Clear,Dark,Dry,Fatal,Pedestrian Collisions,Driver,20 to 24,,0,West,"Automobile, Station Wagon",Going Ahead,Driving Properly,Normal, , , , , , ,1,0,1,0,0,0,0,1,0,0,0,0,0,1
1380760,2013,10,8,21,15,1,43.82448157,-79.3036233,Scarborough-Agincourt (39),39,Milliken (130),130,D42,Scarborough,STEELES AVE E,TURFF  AVE, ,Major Arterial,Mid-Block, ,No Control,Clear,Dark,Dry,Fatal,Pedestrian Collisions,Pedestrian,80 to 84,Fatal,47,North, , , , ,Pedestrian hit at mid-block,"Crossing, no Traffic Control",Normal, , , ,1,0,1,0,0,0,0,1,0,0,0,0,0,1
5002105318,2015,12,8,21,15,1,43.66894873,-79.40476618,Trinity-Spadina (20),20,Annex (95),95,D53,Toronto East York,LOWTHER AVE,SPADINA RD,5 m South of,Minor Arterial,Intersection,Intersection Related,Traffic Signal,Rain,"Dark, artificial",Wet,Non-Fatal Injury,Cyclist Collisions,Cyclist,20 to 24,Major,0,North,Bicycle,Turning Left, , , , , ,Cyclist turned left across motorists path.,Improper Turn,Normal,0,1,1,0,0,0,0,1,0,0,0,0,0,0
5002105318,2015,12,8,21,15,1,43.66894873,-79.40476618,Trinity-Spadina (20),20,Annex (95),95,D53,Toronto East York,LOWTHER AVE,SPADINA RD,5 m South of,Minor Arterial,Intersection,Intersection Related,Traffic Signal,Rain,"Dark, artificial",Wet,Non-Fatal Injury,Cyclist Collisions,Driver,50 to 54,,0,South,"Automobile, Station Wagon",Going Ahead,Driving Properly,Normal, , , , , , ,0,1,1,0,0,0,0,1,0,0,0,0,0,0
5002105318,2015,12,8,21,15,1,43.66894873,-79.40476618,Trinity-Spadina (20),20,Annex (95),95,D53,Toronto East York,LOWTHER AVE,SPADINA RD,5 m South of,Minor Arterial,Intersection,Intersection Related,Traffic Signal,Rain,"Dark, artificial",Wet,Non-Fatal Injury,Cyclist Collisions,Passenger,15 to 19,,0, , , , , , , , , , , ,0,1,1,0,0,0,0,1,0,0,0,0,0,0
5002105318,2015,12,8,21,15,1,43.66894873,-79.40476618,Trinity-Spadina (20),20,Annex (95),95,D53,Toronto East York,LOWTHER AVE,SPADINA RD,5 m South of,Minor Arterial,Intersection,Intersection Related,Traffic Signal,Rain,"Dark, artificial",Wet,Non-Fatal Injury,Cyclist Collisions,Passenger,10 to 14,,0, , , , , , , , , , , ,0,1,1,0,0,0,0,1,0,0,0,0,0,0
5002235368,2015,12,30,21,15,2,43.70550497,-79.44240198,Eglinton-Lawrence (15),15,Yorkdale-Glen Park (31),31,D13,North York,250 MARLEE AVE, ,1 m East of,Minor Arterial,Intersection,At/Near Private Drive,No Control,Clear,"Dark, artificial",Wet,Non-Fatal Injury,Angle,Driver,20 to 24,,0,West,"Automobile, Station Wagon",Going Ahead,Other,Normal, , , , , , ,0,0,1,0,0,0,0,1,0,0,0,0,0,0
5002235368,2015,12,30,21,15,2,43.70550497,-79.44240198,Eglinton-Lawrence (15),15,Yorkdale-Glen Park (31),31,D13,North York,250 MARLEE AVE, ,1 m East of,Minor Arterial,Intersection,At/Near Private Drive,No Control,Clear,"Dark, artificial",Wet,Non-Fatal Injury,Angle,Driver,70 to 74,Minimal,0,South,"Automobile, Station Wagon",Going Ahead,Driving Properly,Normal, , , , , , ,0,0,1,0,0,0,0,1,0,0,0,0,0,0
5002235368,2015,12,30,21,15,2,43.70550497,-79.44240198,Eglinton-Lawrence (15),15,Yorkdale-Glen Park (31),31,D13,North York,250 MARLEE AVE, ,1 m East of,Minor Arterial,Intersection,At/Near Private Drive,No Control,Clear,"Dark, artificial",Wet,Non-Fatal Injury,Angle,Passenger,65 to 69,Major,0, , , , , , , , , , , ,0,0,1,0,0,0,0,1,0,0,0,0,0,0
994188,2007,9,15,21,16,5,43.71684538,-79.25989029,Scarborough Southwest (35),35,Clairlea-Birchmount (120),120,D41,Scarborough,DANFORTH RD,ST CLAIR AVE E, ,Major Arterial,Intersection,At Intersection,Traffic Signal,Clear,Dark,Dry,Non-Fatal Injury,Cyclist Collisions,Vehicle Owner,unknown,,0, ,Other, , , , , , , , , ,0,1,1,0,0,0,0,0,0,1,0,0,0,0
994188,2007,9,15,21,16,5,43.71684538,-79.25989029,Scarborough Southwest (35),35,Clairlea-Birchmount (120),120,D41,Scarborough,DANFORTH RD,ST CLAIR AVE E, ,Major Arterial,Intersection,At Intersection,Traffic Signal,Clear,Dark,Dry,Non-Fatal Injury,Cyclist Collisions,Driver,55 to 59,,0,South,"Automobile, Station Wagon",Turning Right,Failed to Yield Right of Way,Normal, , , , , , ,0,1,1,0,0,0,0,0,0,1,0,0,0,0
994188,2007,9,15,21,16,5,43.71684538,-79.25989029,Scarborough Southwest (35),35,Clairlea-Birchmount (120),120,D41,Scarborough,DANFORTH RD,ST CLAIR AVE E, ,Major Arterial,Intersection,At Intersection,Traffic Signal,Clear,Dark,Dry,Non-Fatal Injury,Cyclist Collisions,Cyclist,15 to 19,Major,0,North,Bicycle,Going Ahead, , , , , ,Motorist turning right on red at signalized intersection strikes cyclist., , ,0,1,1,0,0,0,0,0,0,1,0,0,0,0
6000071039,2016,1,12,21,17,1,43.81619223,-79.3245431,Scarborough-Agincourt (39),39,Steeles (116),116,D42,Scarborough,WARDEN AVE,BAMBURGH CRCL, ,Major Arterial,Intersection,At Intersection,Traffic Signal,Strong wind,Dark,Slush,Non-Fatal Injury,Pedestrian Collisions,Driver,65 to 69,,0,North,"Automobile, Station Wagon",Going Ahead,Driving Properly,Normal, , , , , , ,1,0,1,0,0,0,0,0,0,0,0,0,0,0
6000071039,2016,1,12,21,17,1,43.81619223,-79.3245431,Scarborough-Agincourt (39),39,Steeles (116),116,D42,Scarborough,WARDEN AVE,BAMBURGH CRCL, ,Major Arterial,Intersection,At Intersection,Traffic Signal,Strong wind,Dark,Slush,Non-Fatal Injury,Pedestrian Collisions,Pedestrian,45 to 49,Major,0,East, , , , ,Vehicle is going straight thru inter.while ped cross without ROW,Crossing without right of way,Normal, , , ,1,0,1,0,0,0,0,0,0,0,0,0,0,0
7001450084,2017,8,11,21,17,4,43.80105538,-79.40620829,Willowdale (24),24,Newtonbrook East (50),50,D32,North York,STEELES AVE E,MAXOME AVE, ,Major Arterial,Intersection,At Intersection,No Control,Rain,"Dark, artificial",Wet,Non-Fatal Injury,Rear End,Driver,60 to 64,,0,East,"Automobile, Station Wagon",Going Ahead,Following too Close,Inattentive, , , , , , ,0,0,1,0,0,0,0,1,0,1,0,0,0,0
7001450084,2017,8,11,21,17,4,43.80105538,-79.40620829,Willowdale (24),24,Newtonbrook East (50),50,D32,North York,STEELES AVE E,MAXOME AVE, ,Major Arterial,Intersection,At Intersection,No Control,Rain,"Dark, artificial",Wet,Non-Fatal Injury,Rear End,Driver,30 to 34,Minimal,0,East,"Automobile, Station Wagon",Going Ahead,Driving Properly,Normal, , , , , , ,0,0,1,0,0,0,0,1,0,1,0,0,0,0
7001450084,2017,8,11,21,17,4,43.80105538,-79.40620829,Willowdale (24),24,Newtonbrook East (50),50,D32,North York,STEELES AVE E,MAXOME AVE, ,Major Arterial,Intersection,At Intersection,No Control,Rain,"Dark, artificial",Wet,Non-Fatal Injury,Rear End,Driver,30 to 34,Major,0,East,"Automobile, Station Wagon",Stopped,Driving Properly,Normal, , , , , , ,0,0,1,0,0,0,0,1,0,1,0,0,0,0
7001450084,2017,8,11,21,17,4,43.80105538,-79.40620829,Willowdale (24),24,Newtonbrook East (50),50,D32,North York,STEELES AVE E,MAXOME AVE, ,Major Arterial,Intersection,At Intersection,No Control,Rain,"Dark, artificial",Wet,Non-Fatal Injury,Rear End,Passenger,0 to 4,Minimal,0, , , , , , , , , , , ,0,0,1,0,0,0,0,1,0,1,0,0,0,0
7001450084,2017,8,11,21,17,4,43.80105538,-79.40620829,Willowdale (24),24,Newtonbrook East (50),50,D32,North York,STEELES AVE E,MAXOME AVE, ,Major Arterial,Intersection,At Intersection,No Control,Rain,"Dark, artificial",Wet,Non-Fatal Injury,Rear End,Passenger,25 to 29,,0, , , , , , , , , , , ,0,0,1,0,0,0,0,1,0,1,0,0,0,0
1364785,2013,5,18,21,18,5,43.71534538,-79.30159029,Beaches-East York (31),31,O'Connor-Parkview (54),54,D54,Toronto East York,HOLLAND AVE,GLENBURN AVE, ,Local,Intersection,At Intersection,Stop Sign,Clear,Dark,Dry,Non-Fatal Injury,Rear End,Driver,35 to 39,Major,0,East,"Automobile, Station Wagon",Going Ahead,Following too Close,Inattentive, , , , , , ,0,0,1,0,0,0,0,1,0,1,0,0,0,0
1364785,2013,5,18,21,18,5,43.71534538,-79.30159029,Beaches-East York (31),31,O'Connor-Parkview (54),54,D54,Toronto East York,HOLLAND AVE,GLENBURN AVE, ,Local,Intersection,At Intersection,Stop Sign,Clear,Dark,Dry,Non-Fatal Injury,Rear End,Passenger,55 to 59,Minor,0, ,Other, , , , , , , , , ,0,0,1,0,0,0,0,1,0,1,0,0,0,0
1364785,2013,5,18,21,18,5,43.71534538,-79.30159029,Beaches-East York (31),31,O'Connor-Parkview (54),54,D54,Toronto East York,HOLLAND AVE,GLENBURN AVE, ,Local,Intersection,At Intersection,Stop Sign,Clear,Dark,Dry,Non-Fatal Injury,Rear End,Driver,30 to 34,Minimal,0,East,"Automobile, Station Wagon",Stopped,Driving Properly,Normal, , , , , , ,0,0,1,0,0,0,0,1,0,1,0,0,0,0
1054021,2008,7,22,21,19,1,43.64784538,-79.37739029,Toronto Centre-Rosedale (28),28,Bay Street Corridor (76),76,D52,Toronto East York,YONGE ST,WELLINGTON ST E, ,Major Arterial,Intersection,At Intersection,Traffic Signal,Clear,Daylight,Dry,Non-Fatal Injury,Rear End,Motorcycle Driver,35 to 39,Major,0,North,Motorcycle,Going Ahead,Following too Close,Had Been Drinking, , , , , , ,0,0,1,1,0,0,0,0,0,1,0,0,0,0
1054021,2008,7,22,21,19,1,43.64784538,-79.37739029,Toronto Centre-Rosedale (28),28,Bay Street Corridor (76),76,D52,Toronto East York,YONGE ST,WELLINGTON ST E, ,Major Arterial,Intersection,At Intersection,Traffic Signal,Clear,Daylight,Dry,Non-Fatal Injury,Rear End,Driver,25 to 29,,0,North,"Automobile, Station Wagon",Slowing or Stopping,Driving Properly,Normal, , , , , , ,0,0,1,1,0,0,0,0,0,1,0,0,0,0
1084902,2009,1,28,21,19,2,43.61184538,-79.54379029,Etobicoke-Lakeshore (6),6,Alderwood (20),20,D22,Etobicoke York,THE EAST MALL,EVANS Aven, ,Major Arterial,Intersection, ,No Control,Clear,Dark,Loose Snow,Non-Fatal Injury,SMV Other,Passenger,unknown,Minor,0,South,"Automobile, Station Wagon",Going Ahead, , , , , , , , ,0,0,1,0,0,0,0,1,0,0,0,0,0,0
1084902,2009,1,28,21,19,2,43.61184538,-79.54379029,Etobicoke-Lakeshore (6),6,Alderwood (20),20,D22,Etobicoke York,THE EAST MALL,EVANS Aven, ,Major Arterial,Intersection, ,No Control,Clear,Dark,Loose Snow,Non-Fatal Injury,SMV Other,Driver,75 to 79,Major,0,South,"Automobile, Station Wagon",Other, , , , , , , , ,0,0,1,0,0,0,0,1,0,0,0,0,0,0
1348740,2013,2,26,21,19,1,43.67234538,-79.46849029,York South-Weston (11),11,Junction Area (90),90,D11,Etobicoke York,ST CLAIR AVE W,KEELE ST, ,Major Arterial,Mid-Block, ,No Control,Rain,Dark,Wet,Non-Fatal Injury,SMV Other,Driver,60 to 64,Major,0,West,"Automobile, Station Wagon",Going Ahead,Other,Normal, , , , , , ,0,0,1,0,0,0,0,0,0,0,0,0,0,0
1348740,2013,2,26,21,19,1,43.67234538,-79.46849029,York South-Weston (11),11,Junction Area (90),90,D11,Etobicoke York,ST CLAIR AVE W,KEELE ST, ,Major Arterial,Mid-Block, ,No Control,Rain,Dark,Wet,Non-Fatal Injury,SMV Other,Other Property Owner,unknown, ,0, ,Other, , , , , , , , , ,0,0,1,0,0,0,0,0,0,0,0,0,0,0
5002012379,2015,11,23,21,19,0,43.80105932,-79.30747614,Scarborough-Agincourt (39),39,L'Amoreaux (117),117,D42,Scarborough,3030 BIRCHMOUNT RD, ,10 m East of,Major Arterial,Mid-Block,Non Intersection,No Control,Snow,Dark,Wet,Non-Fatal Injury,Approaching,Driver,25 to 29,Minor,0,South,"Automobile, Station Wagon",Going Ahead,Speed too Fast For Condition,Unknown, , , , , , ,0,0,1,0,0,0,0,1,1,1,0,0,0,0
5002012379,2015,11,23,21,19,0,43.80105932,-79.30747614,Scarborough-Agincourt (39),39,L'Amoreaux (117),117,D42,Scarborough,3030 BIRCHMOUNT RD, ,10 m East of,Major Arterial,Mid-Block,Non Intersection,No Control,Snow,Dark,Wet,Non-Fatal Injury,Approaching,Driver,40 to 44,Minor,0,North,"Automobile, Station Wagon",Going Ahead,Driving Properly,Normal, , , , , , ,0,0,1,0,0,0,0,1,1,1,0,0,0,0
5002012379,2015,11,23,21,19,0,43.80105932,-79.30747614,Scarborough-Agincourt (39),39,L'Amoreaux (117),117,D42,Scarborough,3030 BIRCHMOUNT RD, ,10 m East of,Major Arterial,Mid-Block,Non Intersection,No Control,Snow,Dark,Wet,Non-Fatal Injury,Approaching,Driver,45 to 49,Minor,0,North,"Automobile, Station Wagon",Going Ahead,Driving Properly,Normal, , , , , , ,0,0,1,0,0,0,0,1,1,1,0,0,0,0
5002012379,2015,11,23,21,19,0,43.80105932,-79.30747614,Scarborough-Agincourt (39),39,L'Amoreaux (117),117,D42,Scarborough,3030 BIRCHMOUNT RD, ,10 m East of,Major Arterial,Mid-Block,Non Intersection,No Control,Snow,Dark,Wet,Non-Fatal Injury,Approaching,Passenger,25 to 29,Minor,0, , , , , , , , , , , ,0,0,1,0,0,0,0,1,1,1,0,0,0,0
5002012379,2015,11,23,21,19,0,43.80105932,-79.30747614,Scarborough-Agincourt (39),39,L'Amoreaux (117),117,D42,Scarborough,3030 BIRCHMOUNT RD, ,10 m East of,Major Arterial,Mid-Block,Non Intersection,No Control,Snow,Dark,Wet,Non-Fatal Injury,Approaching,Passenger,0 to 4,Major,0, , , , , , , , , , , ,0,0,1,0,0,0,0,1,1,1,0,0,0,0
961870,2007,3,30,21,20,4,43.68044538,-79.39099029,Toronto Centre-Rosedale (27),27,Annex (95),95,D53,Toronto East York,YONGE ST,SCRIVENER SQ, ,Major Arterial,Intersection,At Intersection,No Control,Clear,Dark,Dry,Fatal,Pedestrian Collisions,Vehicle Owner,unknown, ,0, ,Other, , , , , , , , , ,1,0,1,0,0,0,0,0,0,1,0,0,0,1
961870,2007,3,30,21,20,4,43.68044538,-79.39099029,Toronto Centre-Rosedale (27),27,Annex (95),95,D53,Toronto East York,YONGE ST,SCRIVENER SQ, ,Major Arterial,Intersection,At Intersection,No Control,Clear,Dark,Dry,Fatal,Pedestrian Collisions,Driver,35 to 39,,0,North,"Automobile, Station Wagon",Going Ahead,Failed to Yield Right of Way,Normal, , , , , , ,1,0,1,0,0,0,0,0,0,1,0,0,0,1
961870,2007,3,30,21,20,4,43.68044538,-79.39099029,Toronto Centre-Rosedale (27),27,Annex (95),95,D53,Toronto East York,YONGE ST,SCRIVENER SQ, ,Major Arterial,Intersection,At Intersection,No Control,Clear,Dark,Dry,Fatal,Pedestrian Collisions,Pedestrian,80 to 84,Fatal,0,East,Other, , , ,Pedestrian hit at mid-block,"Crossing, no Traffic Control",Normal, , , ,1,0,1,0,0,0,0,0,0,1,0,0,0,1
1042100,2008,6,8,21,20,6,43.74204538,-79.59479029,Etobicoke North (1),1,West Humber-Clairville (1),1,D23,Etobicoke York,ALBION RD,MARTIN GROVE RD, ,Major Arterial,Mid-Block, , ,Other,Dusk,Other,Non-Fatal Injury,Other,Driver,30 to 34,Major,0, ,"Automobile, Station Wagon",Unknown, , , , , , , , ,0,0,1,0,0,0,0,0,0,0,0,0,0,0
1119631,2009,7,1,21,20,2,43.76934538,-79.38869029,Willowdale (23),23,Willowdale East (51),51,D32,North York,BAYVIEW AVE,BAYVIEW MEWS LANE, ,Major Arterial,Intersection,At Intersection,Traffic Signal,Clear,Dark,Dry,Non-Fatal Injury,Pedestrian Collisions,Vehicle Owner,unknown, ,0, ,Other, , , , , , , , , ,1,0,1,0,0,0,0,1,1,1,1,0,0,0
1119631,2009,7,1,21,20,2,43.76934538,-79.38869029,Willowdale (23),23,Willowdale East (51),51,D32,North York,BAYVIEW AVE,BAYVIEW MEWS LANE, ,Major Arterial,Intersection,At Intersection,Traffic Signal,Clear,Dark,Dry,Non-Fatal Injury,Pedestrian Collisions,Driver,65 to 69,,0,South,"Automobile, Station Wagon",Turning Left,Failed to Yield Right of Way,Normal, , , , , , ,1,0,1,0,0,0,0,1,1,1,1,0,0,0
1119631,2009,7,1,21,20,2,43.76934538,-79.38869029,Willowdale (23),23,Willowdale East (51),51,D32,North York,BAYVIEW AVE,BAYVIEW MEWS LANE, ,Major Arterial,Intersection,At Intersection,Traffic Signal,Clear,Dark,Dry,Non-Fatal Injury,Pedestrian Collisions,Passenger,20 to 24,Minimal,0, ,Other, , , , , , , , , ,1,0,1,0,0,0,0,1,1,1,1,0,0,0
1119631,2009,7,1,21,20,2,43.76934538,-79.38869029,Willowdale (23),23,Willowdale East (51),51,D32,North York,BAYVIEW AVE,BAYVIEW MEWS LANE, ,Major Arterial,Intersection,At Intersection,Traffic Signal,Clear,Dark,Dry,Non-Fatal Injury,Pedestrian Collisions,Driver,20 to 24,,0,North,"Automobile, Station Wagon",Going Ahead,Disobeyed Traffic Control,Normal, , , , , , ,1,0,1,0,0,0,0,1,1,1,1,0,0,0
1119631,2009,7,1,21,20,2,43.76934538,-79.38869029,Willowdale (23),23,Willowdale East (51),51,D32,North York,BAYVIEW AVE,BAYVIEW MEWS LANE, ,Major Arterial,Intersection,At Intersection,Traffic Signal,Clear,Dark,Dry,Non-Fatal Injury,Pedestrian Collisions,Other Property Owner,unknown, ,0, ,Other, , , , , , , , , ,1,0,1,0,0,0,0,1,1,1,1,0,0,0
1119631,2009,7,1,21,20,2,43.76934538,-79.38869029,Willowdale (23),23,Willowdale East (51),51,D32,North York,BAYVIEW AVE,BAYVIEW MEWS LANE, ,Major Arterial,Intersection,At Intersection,Traffic Signal,Clear,Dark,Dry,Non-Fatal Injury,Pedestrian Collisions,Pedestrian,50 to 54,Major,0, ,Other, , , ,Pedestrian hit on sidewalk or shoulder,On Sidewalk or Shoulder,Normal, , , ,1,0,1,0,0,0,0,1,1,1,1,0,0,0
1141557,2009,11,16,21,20,0,43.77004538,-79.26129029,Scarborough Centre (38),38,Bendale (127),127,D43,Scarborough,ELLESMERE Road,BRIMLEY Road, ,Major Arterial,Intersection,At Intersection,Traffic Signal,Clear,Dark,Dry,Non-Fatal Injury,Pedestrian Collisions,Driver,25 to 29,,0,East,"Automobile, Station Wagon",Turning Left,Failed to Yield Right of Way, , , , , , , ,1,0,1,0,0,0,0,0,0,1,0,0,0,0
1141557,2009,11,16,21,20,0,43.77004538,-79.26129029,Scarborough Centre (38),38,Bendale (127),127,D43,Scarborough,ELLESMERE Road,BRIMLEY Road, ,Major Arterial,Intersection,At Intersection,Traffic Signal,Clear,Dark,Dry,Non-Fatal Injury,Pedestrian Collisions,Pedestrian,unknown,Major,0, ,Other,Other, , , , , , , , ,1,0,1,0,0,0,0,0,0,1,0,0,0,0