ACCNUM,YEAR,MONTH,DAY,HOUR,MINUTES,WEEKDAY,LATITUDE,LONGITUDE,Ward_Name,Ward_ID,Hood_Name,Hood_ID,Division,District,STREET1,STREET2,OFFSET,ROAD_CLASS,LOCCOORD,ACCLOC,TRAFFCTL,VISIBILITY,LIGHT,RDSFCOND,ACCLASS,IMPACTYPE,INVTYPE,INVAGE,INJURY,FATAL_NO,INITDIR,VEHTYPE,MANOEUVER,DRIVACT,DRIVCOND,PEDTYPE,PEDACT,PEDCOND,CYCLISTYPE,CYCACT,CYCCOND,PEDESTRIAN,CYCLIST,AUTOMOBILE,MOTORCYCLE,TRUCK,TRSN_CITY_VEH,EMERG_VEH,PASSENGER,SPEEDING,AG_DRIV,REDLIGHT,ALCOHOL,DISABILITY,label
1148238,2009,12,19,21,20,5,43.80374538,-79.28629029,Scarborough-Rouge River (41),41,Agincourt North (129),129,D42,Scarborough,FINCH Aven E,MIDLAND Aven, ,Major Arterial,Intersection,At Intersection,Traffic Signal,Clear,Dark,Dry,Non-Fatal Injury,Pedestrian Collisions,Vehicle Owner,unknown, ,0, ,Other, , , , , , , , , ,1,0,1,0,0,0,0,0,0,1,0,0,0,0
7001903339,2017,10,21,22,0,5,43.78742138,-79.41553929,Willowdale (24),24,Newtonbrook East (50),50,D32,North York,CUMMER AVE,45 CUMMAR AVE, ,Minor Arterial,Intersection,Intersection Related,Traffic Signal,Clear,"Dark, artificial",Dry,Non-Fatal Injury,Cyclist Collisions,Cyclist,30 to 34,Major,0,East,Bicycle,Going Ahead, , , , , , ,Driving Properly,Unknown,0,1,1,0,0,0,0,0,0,0,0,0,0,0
1033770,2008,4,15,22,25,1,43.79794538,-79.42009029,Willowdale (23),23,Newtonbrook West (36),36,D32,North York,STEELES AVE W,YONGE ST, ,Major Arterial,Intersection,At Intersection,Traffic Signal,Clear,Daylight,Dry,Non-Fatal Injury,Rear End,Driver,25 to 29,Major,0,East,"Automobile, Station Wagon",Stopped,Driving Properly,Normal, , , , , , ,0,0,1,0,0,0,0,0,0,1,0,0,0,0
987827,2007,9,3,22,12,0,43.66134538,-79.35759029,Toronto Centre-Rosedale (28),28,Regent Park (72),72,D51,Toronto East York,DUNDAS ST E,RIVER ST, ,Minor Arterial,Mid-Block, ,No Control,Clear,Dark,Dry,Non-Fatal Injury,Sideswipe,Driver,30 to 34,Major,0,West,"Automobile, Station Wagon",Going Ahead,Lost control,Normal, , , , , , ,0,0,1,0,0,0,0,0,0,0,0,0,0,0
1264189,2011,9,13,21,22,1,43.66264538,-79.41019029,Trinity-Spadina (20),20,University (79),79,D14,Toronto East York,BATHURST St,HERRICK St, ,Major Arterial,Intersection, ,No Control,Clear,Dark,Dry,Non-Fatal Injury,Turning Movement,Motorcycle Driver,30 to 34,Major,0,North,Motorcycle,Going Ahead,Driving Properly,Normal, , , , , , ,0,0,1,1,0,0,0,1,0,1,0,0,0,0
7000925099,2017,5,25,21,50,3,43.71105917,-79.39118586,St. Paul's (22),22,Mount Pleasant East (99),99,D53,North York,MOUNT PLEASANT RD,BROADWAY AVE, ,Major Arterial,Intersection,At Intersection,Traffic Signal,Rain,"Dark, artificial",Wet,Non-Fatal Injury,Cyclist Collisions,Driver,15 to 19,,0,South,"Automobile, Station Wagon",Turning Left,Failed to Yield Right of Way,Inattentive, , , , , , ,0,1,1,0,0,0,0,1,0,1,0,0,0,0
7000832770,2017,5,11,21,0,3,43.65103838,-79.44000629,Davenport (18),18,Dufferin Grove (83),83,D11,Toronto East York,LANSDOWNE AVE,COLLEGE STREET,5 m North of,Minor Arterial,Mid-Block,Non Intersection,Traffic Signal,Clear,"Dusk, artificial",Dry,Non-Fatal Injury,Pedestrian Collisions,Driver,0 to 4,,0,North,Passenger Van,Turning Left,Other,Unknown, , , , , , ,1,0,1,0,0,0,0,0,0,0,0,0,0,0
1182422,2010,6,26,22,1,5,43.70714538,-79.34509029,Don Valley West (26),26,Thorncliffe Park (55),55,D53,North York,OVERLEA BLVD,THORNCLIFFE PARK DR, ,Major Arterial,Mid-Block, ,No Control,Rain,Dark,Wet,Non-Fatal Injury,Pedestrian Collisions,Vehicle Owner,unknown, ,0, ,Other, , , , , , , , , ,1,0,0,0,0,1,0,0,0,0,0,0,0,0
1191325,2010,9,24,22,25,4,43.73824538,-79.57159029,Etobicoke North (1),1,Thistletown-Beaumond Heights (3),3,D23,Etobicoke York,ALBION RD,TODD BROOK DR, ,Major Arterial,Intersection, ,No Control,Clear,Dark,Dry,Non-Fatal Injury,Rear End,Motorcycle Driver,20 to 24,Major,0,East,Motorcycle,Going Ahead,Exceeding Speed Limit,Normal, , , , , , ,0,0,1,1,0,0,0,0,1,1,0,0,0,0
1092885,2009,3,4,21,41,2,43.68814538,-79.30179029,Beaches-East York (32),32,East End-Danforth (62),62,D55,Toronto East York,MAIN Stre,DANFORTH Aven, ,Major Arterial, , , ,Other,Dark,Other,Non-Fatal Injury,Other,Passenger,unknown,Major,0, ,Other,Other, , , , , , , , ,0,0,1,0,0,0,0,1,0,0,0,0,0,0
1264189,2011,9,13,21,22,1,43.66264538,-79.41019029,Trinity-Spadina (20),20,University (79),79,D14,Toronto East York,BATHURST St,HERRICK St, ,Major Arterial,Intersection, ,No Control,Clear,Dark,Dry,Non-Fatal Injury,Turning Movement,Driver,45 to 49,,0,North,"Automobile, Station Wagon",Making U Turn,Failed to Yield Right of Way,Normal, , , , , , ,0,0,1,1,0,0,0,1,0,1,0,0,0,0
1368998,2013,6,9,21,22,6,43.72664538,-79.48209029,York Centre (9),9,Downsview-Roding-CFB (26),26,D31,North York,KEELE ST,WILSON AVE, ,Major Arterial,Intersection,At Intersection,Traffic Signal,Clear,"Dark, artificial",Dry,Non-Fatal Injury,Turning Movement,Motorcycle Driver,20 to 24,Major,0,North,Motorcycle,Going Ahead,Driving Properly,Normal, , , , , , ,0,0,1,1,0,0,0,1,1,1,0,0,0,0
1368998,2013,6,9,21,22,6,43.72664538,-79.48209029,York Centre (9),9,Downsview-Roding-CFB (26),26,D31,North York,KEELE ST,WILSON AVE, ,Major Arterial,Intersection,At Intersection,Traffic Signal,Clear,"Dark, artificial",Dry,Non-Fatal Injury,Turning Movement,Passenger,15 to 19,Minimal,0, ,Other, , , , , , , , , ,0,0,1,1,0,0,0,1,1,1,0,0,0,0
1368998,2013,6,9,21,22,6,43.72664538,-79.48209029,York Centre (9),9,Downsview-Roding-CFB (26),26,D31,North York,KEELE ST,WILSON AVE, ,Major Arterial,Intersection,At Intersection,Traffic Signal,Clear,"Dark, artificial",Dry,Non-Fatal Injury,Turning Movement,Driver,20 to 24,,0,South,"Automobile, Station Wagon",Turning Left,Failed to Yield Right of Way,Inattentive, , , , , , ,0,0,1,1,0,0,0,1,1,1,0,0,0,0
981306,2007,6,24,21,23,6,43.64584538,-79.52389029,Etobicoke-Lakeshore (5),5,Islington-City Centre West (14),14,D22,Etobicoke York,ISLINGTON AVE,ABERFOYLE CRES, ,Major Arterial,Mid-Block, ,No Control,Clear,Dark,Dry,Non-Fatal Injury,Pedestrian Collisions,Driver,20 to 24,,0,North,"Automobile, Station Wagon",Going Ahead,Driving Properly,Normal, , , , , , ,1,0,1,0,0,0,0,0,0,0,0,0,0,0
981306,2007,6,24,21,23,6,43.64584538,-79.52389029,Etobicoke-Lakeshore (5),5,Islington-City Centre West (14),14,D22,Etobicoke York,ISLINGTON AVE,ABERFOYLE CRES, ,Major Arterial,Mid-Block, ,No Control,Clear,Dark,Dry,Non-Fatal Injury,Pedestrian Collisions,Pedestrian,60 to 64,Major,0,West,Other, , , ,Pedestrian hit at mid-block,"Crossing, no Traffic Control",Inattentive, , , ,1,0,1,0,0,0,0,0,0,0,0,0,0,0
1054857,2008,8,23,21,23,5,43.65454538,-79.36949029,Toronto Centre-Rosedale (27),27,Moss Park (73),73,D51,Toronto East York,QUEEN ST E,SHERBOURNE ST, ,Major Arterial,Intersection,At Intersection,Traffic Signal,Clear,Dark,Dry,Non-Fatal Injury,Pedestrian Collisions,Pedestrian,55 to 59,Major,0,North,Other, , , ,Vehicle is going straight thru inter.while ped cross without ROW,Crossing without right of way,Unknown, , , ,1,0,1,0,0,0,0,0,1,1,0,0,0,0
1054857,2008,8,23,21,23,5,43.65454538,-79.36949029,Toronto Centre-Rosedale (27),27,Moss Park (73),73,D51,Toronto East York,QUEEN ST E,SHERBOURNE ST, ,Major Arterial,Intersection,At Intersection,Traffic Signal,Clear,Dark,Dry,Non-Fatal Injury,Pedestrian Collisions,Driver,unknown,,0,West,"Automobile, Station Wagon",Unknown,Exceeding Speed Limit,Unknown, , , , , , ,1,0,1,0,0,0,0,0,1,1,0,0,0,0
5000656009,2015,4,20,21,23,0,43.80050619,-79.29964075,Scarborough-Agincourt (39),39,L'Amoreaux (117),117,D42,Scarborough,FINCH AVE E,WAYSIDE AVE,10 m East of,Major Arterial,Intersection,Intersection Related,Traffic Signal,Clear,"Dark, artificial",Dry,Non-Fatal Injury,Rear End,Driver,35 to 39,Major,0,West,Passenger Van,Going Ahead,Lost control,Normal, , , , , , ,0,0,1,0,0,0,0,1,1,1,0,1,0,0
5000656009,2015,4,20,21,23,0,43.80050619,-79.29964075,Scarborough-Agincourt (39),39,L'Amoreaux (117),117,D42,Scarborough,FINCH AVE E,WAYSIDE AVE,10 m East of,Major Arterial,Intersection,Intersection Related,Traffic Signal,Clear,"Dark, artificial",Dry,Non-Fatal Injury,Rear End,Driver,50 to 54,Minimal,0,West,"Automobile, Station Wagon",Going Ahead,Other,"Ability Impaired, Alcohol Over .08", , , , , , ,0,0,1,0,0,0,0,1,1,1,0,1,0,0
5000656009,2015,4,20,21,23,0,43.80050619,-79.29964075,Scarborough-Agincourt (39),39,L'Amoreaux (117),117,D42,Scarborough,FINCH AVE E,WAYSIDE AVE,10 m East of,Major Arterial,Intersection,Intersection Related,Traffic Signal,Clear,"Dark, artificial",Dry,Non-Fatal Injury,Rear End,Passenger,20 to 24,,0, , , , , , , , , , , ,0,0,1,0,0,0,0,1,1,1,0,1,0,0
5000656009,2015,4,20,21,23,0,43.80050619,-79.29964075,Scarborough-Agincourt (39),39,L'Amoreaux (117),117,D42,Scarborough,FINCH AVE E,WAYSIDE AVE,10 m East of,Major Arterial,Intersection,Intersection Related,Traffic Signal,Clear,"Dark, artificial",Dry,Non-Fatal Injury,Rear End,Passenger,50 to 54,Minimal,0, , , , , , , , , , , ,0,0,1,0,0,0,0,1,1,1,0,1,0,0
5000656009,2015,4,20,21,23,0,43.80050619,-79.29964075,Scarborough-Agincourt (39),39,L'Amoreaux (117),117,D42,Scarborough,FINCH AVE E,WAYSIDE AVE,10 m East of,Major Arterial,Intersection,Intersection Related,Traffic Signal,Clear,"Dark, artificial",Dry,Non-Fatal Injury,Rear End,Passenger,15 to 19,Minimal,0, , , , , , , , , , , ,0,0,1,0,0,0,0,1,1,1,0,1,0,0
1379135,2013,7,17,21,24,2,43.67555197,-79.42308436,St. Paul's (21),21,Wychwood (94),94,D13,Toronto East York,CHRISTIE St,DAVENPORT Rd, ,Minor Arterial,Intersection,At Intersection,Traffic Signal,Clear,Dark,Dry,Non-Fatal Injury,Cyclist Collisions,Driver,60 to 64,,0,North,"Automobile, Station Wagon",Turning Left,Failed to Yield Right of Way,Inattentive, , , , , , ,0,1,1,0,0,0,0,0,0,1,0,0,0,0
1379135,2013,7,17,21,24,2,43.67555197,-79.42308436,St. Paul's (21),21,Wychwood (94),94,D13,Toronto East York,CHRISTIE St,DAVENPORT Rd, ,Minor Arterial,Intersection,At Intersection,Traffic Signal,Clear,Dark,Dry,Non-Fatal Injury,Cyclist Collisions,Cyclist,35 to 39,Major,0,South,Bicycle,Going Ahead, , , , , ,Motorist turned left across cyclists path.,Driving Properly,Normal,0,1,1,0,0,0,0,0,0,1,0,0,0,0
946528,2007,1,9,21,25,1,43.69784538,-79.34959029,Toronto-Danforth (29),29,Old East York (58),58,D54,Toronto East York,DON VALLEY PARKWAY  N,LEASIDE BDGE Road, ,Expressway, , ,No Control,Clear,Dark,Dry,Non-Fatal Injury,Pedestrian Collisions,Passenger,unknown,,0, ,Other,Other, , , , , , , , ,1,0,1,0,0,0,0,1,0,0,0,0,0,0
946528,2007,1,9,21,25,1,43.69784538,-79.34959029,Toronto-Danforth (29),29,Old East York (58),58,D54,Toronto East York,DON VALLEY PARKWAY  N,LEASIDE BDGE Road, ,Expressway, , ,No Control,Clear,Dark,Dry,Non-Fatal Injury,Pedestrian Collisions,Driver,40 to 44,,0, ,"Automobile, Station Wagon",Going Ahead, , , , , , , , ,1,0,1,0,0,0,0,1,0,0,0,0,0,0
946528,2007,1,9,21,25,1,43.69784538,-79.34959029,Toronto-Danforth (29),29,Old East York (58),58,D54,Toronto East York,DON VALLEY PARKWAY  N,LEASIDE BDGE Road, ,Expressway, , ,No Control,Clear,Dark,Dry,Non-Fatal Injury,Pedestrian Collisions,Pedestrian,unknown,Major,0, ,Other,Other, , , , , , , , ,1,0,1,0,0,0,0,1,0,0,0,0,0,0
983325,2007,8,3,21,25,4,43.63734538,-79.39999029,Trinity-Spadina (20),20,Waterfront Communities-The Island (77),77,D14,Toronto East York,BATHURST ST,HOUSEY ST, ,Local,Mid-Block, ,No Control,Clear,Dark,Dry,Non-Fatal Injury,Turning Movement,Driver,40 to 44,Major,0,North,"Automobile, Station Wagon",Going Ahead,Driving Properly,Normal, , , , , , ,0,0,1,0,0,0,0,0,0,0,0,0,0,0
983325,2007,8,3,21,25,4,43.63734538,-79.39999029,Trinity-Spadina (20),20,Waterfront Communities-The Island (77),77,D14,Toronto East York,BATHURST ST,HOUSEY ST, ,Local,Mid-Block, ,No Control,Clear,Dark,Dry,Non-Fatal Injury,Turning Movement,Vehicle Owner,unknown,,0, ,Other, , , , , , , , , ,0,0,1,0,0,0,0,0,0,0,0,0,0,0
983325,2007,8,3,21,25,4,43.63734538,-79.39999029,Trinity-Spadina (20),20,Waterfront Communities-The Island (77),77,D14,Toronto East York,BATHURST ST,HOUSEY ST, ,Local,Mid-Block, ,No Control,Clear,Dark,Dry,Non-Fatal Injury,Turning Movement,Driver,25 to 29,,0,North,"Automobile, Station Wagon",Making U Turn,Improper Turn,Had Been Drinking, , , , , , ,0,0,1,0,0,0,0,0,0,0,0,0,0,0
1053672,2008,8,17,21,25,6,43.79784538,-79.31619029,Scarborough-Agincourt (39),39,L'Amoreaux (117),117,D42,Scarborough,WARDEN Aven,FINCH Aven E, ,Major Arterial,Mid-Block, ,No Control,Clear,Dark,Dry,Fatal,Pedestrian Collisions,Driver,65 to 69,,0,North,"Automobile, Station Wagon",Going Ahead,Driving Properly,Unknown, , , , , , ,1,0,1,0,0,0,0,0,0,0,0,0,0,1
1053672,2008,8,17,21,25,6,43.79784538,-79.31619029,Scarborough-Agincourt (39),39,L'Amoreaux (117),117,D42,Scarborough,WARDEN Aven,FINCH Aven E, ,Major Arterial,Mid-Block, ,No Control,Clear,Dark,Dry,Fatal,Pedestrian Collisions,Pedestrian,45 to 49,Fatal,36,East,Other,Going Ahead, , ,Pedestrian hit at mid-block,"Crossing, no Traffic Control","Ability Impaired, Alcohol", , , ,1,0,1,0,0,0,0,0,0,0,0,0,0,1
4001338478,2014,1,13,21,25,0,43.6150585,-79.55225001,Etobicoke-Lakeshore (5),5,Islington-City Centre West (14),14,D22,Etobicoke York,THE QUEENSWAY,427 C S QUEENSWAY RAMP, ,Major Arterial,Intersection,At Intersection,Traffic Signal,Clear,"Dark, artificial",Wet,Non-Fatal Injury,Turning Movement,Driver,30 to 34,,0,East,"Automobile, Station Wagon",Turning Left,Failed to Yield Right of Way,Normal, , , , , , ,0,0,1,0,0,0,0,0,0,1,0,0,0,0
4001338478,2014,1,13,21,25,0,43.6150585,-79.55225001,Etobicoke-Lakeshore (5),5,Islington-City Centre West (14),14,D22,Etobicoke York,THE QUEENSWAY,427 C S QUEENSWAY RAMP, ,Major Arterial,Intersection,At Intersection,Traffic Signal,Clear,"Dark, artificial",Wet,Non-Fatal Injury,Turning Movement,Driver,65 to 69,Major,0,West,"Automobile, Station Wagon",Going Ahead,Driving Properly,Normal, , , , , , ,0,0,1,0,0,0,0,0,0,1,0,0,0,0
4002166140,2014,5,27,21,25,1,43.78331335,-79.20530329,Scarborough East (43),43,Morningside (135),135,D43,Scarborough,NEILSON RD.,ELLESMERE RD, ,Minor Arterial,Mid-Block,At/Near Private Drive,No Control,Clear,"Dark, artificial",Dry,Non-Fatal Injury,Pedestrian Collisions,Driver,50 to 54,,0,South,"Automobile, Station Wagon",Going Ahead,Driving Properly,Normal, , , , , , ,1,0,1,0,0,0,0,0,0,0,0,0,0,0
4002166140,2014,5,27,21,25,1,43.78331335,-79.20530329,Scarborough East (43),43,Morningside (135),135,D43,Scarborough,NEILSON RD.,ELLESMERE RD, ,Minor Arterial,Mid-Block,At/Near Private Drive,No Control,Clear,"Dark, artificial",Dry,Non-Fatal Injury,Pedestrian Collisions,Pedestrian,40 to 44,Major,0,East, , , , ,Pedestrian hit at mid-block,"Crossing, no Traffic Control",Normal, , , ,1,0,1,0,0,0,0,0,0,0,0,0,0,0
4002396674,2014,6,29,21,25,6,43.76792868,-79.40133295,Willowdale (23),23,Willowdale East (51),51,D32,North York,HOLLYWOOD AVE,WILLOWDALE AVE, ,Minor Arterial,Intersection,At Intersection,No Control,Clear,"Dusk, artificial",Dry,Non-Fatal Injury,Pedestrian Collisions,Driver,60 to 64,,0,North,"Automobile, Station Wagon",Turning Left,Driving Properly,Normal, , , , , , ,1,0,1,0,0,0,0,0,0,0,0,0,0,0
4002396674,2014,6,29,21,25,6,43.76792868,-79.40133295,Willowdale (23),23,Willowdale East (51),51,D32,North York,HOLLYWOOD AVE,WILLOWDALE AVE, ,Minor Arterial,Intersection,At Intersection,No Control,Clear,"Dusk, artificial",Dry,Non-Fatal Injury,Pedestrian Collisions,Other,unknown,,0, , , , , , , , , , , ,1,0,1,0,0,0,0,0,0,0,0,0,0,0
4002396674,2014,6,29,21,25,6,43.76792868,-79.40133295,Willowdale (23),23,Willowdale East (51),51,D32,North York,HOLLYWOOD AVE,WILLOWDALE AVE, ,Minor Arterial,Intersection,At Intersection,No Control,Clear,"Dusk, artificial",Dry,Non-Fatal Injury,Pedestrian Collisions,Pedestrian,50 to 54,Major,0,North, , , , ,Vehicle turns left while ped crosses with ROW at inter.,"Crossing, no Traffic Control",Normal, , , ,1,0,1,0,0,0,0,0,0,0,0,0,0,0
4002396674,2014,6,29,21,25,6,43.76792868,-79.40133295,Willowdale (23),23,Willowdale East (51),51,D32,North York,HOLLYWOOD AVE,WILLOWDALE AVE, ,Minor Arterial,Intersection,At Intersection,No Control,Clear,"Dusk, artificial",Dry,Non-Fatal Injury,Pedestrian Collisions,Pedestrian,25 to 29,Major,0,North, , , , ,Vehicle turns left while ped crosses without ROW at inter.,"Crossing, no Traffic Control",Normal, , , ,1,0,1,0,0,0,0,0,0,0,0,0,0,0
4003382352,2014,11,27,21,25,3,43.74827917,-79.48276911,York Centre (9),9,Downsview-Roding-CFB (26),26,D31,North York,SHEPPARD AVE W,JOHN DRURY DR, ,Major Arterial,Intersection,At Intersection,Traffic Signal,Clear,"Dark, artificial",Loose Snow,Non-Fatal Injury,SMV Other,Driver,55 to 59,Major,0,West,"Automobile, Station Wagon",Going Ahead,Lost control,"Ability Impaired, Alcohol", , , , , , ,0,0,1,0,0,0,0,0,0,0,0,1,0,0
5002187382,2015,12,21,21,25,0,43.7554508,-79.43846522,York Centre (10),10,Lansing-Westgate (38),38,D32,North York,BATHURST ST,SHEPPARD AVE W, ,Major Arterial,Intersection,At Intersection,Traffic Signal,Rain,"Dark, artificial",Wet,Non-Fatal Injury,Pedestrian Collisions,Driver,20 to 24,,0,North,"Automobile, Station Wagon",Going Ahead,Disobeyed Traffic Control,Unknown, , , , , , ,1,0,1,0,0,0,0,0,1,1,1,0,0,0
5002187382,2015,12,21,21,25,0,43.7554508,-79.43846522,York Centre (10),10,Lansing-Westgate (38),38,D32,North York,BATHURST ST,SHEPPARD AVE W, ,Major Arterial,Intersection,At Intersection,Traffic Signal,Rain,"Dark, artificial",Wet,Non-Fatal Injury,Pedestrian Collisions,Pedestrian,15 to 19,Major,0,West, , , , ,Vehicle is going straight thru inter.while ped cross without ROW,Crossing without right of way,Inattentive, , , ,1,0,1,0,0,0,0,0,1,1,1,0,0,0
7001757365,2017,9,27,21,25,2,43.76349219,-79.30125819,Scarborough-Agincourt (40),40,Wexford/Maryvale (119),119,D41,Scarborough,WARDEN AVE,CONTINENTAL PL, ,Major Arterial,Intersection,At Intersection,No Control,Clear,Dark,Dry,Fatal,Pedestrian Collisions,Driver,unknown,,0,South,"Automobile, Station Wagon",Unknown,Other,Unknown, , , , , , ,1,0,1,0,0,0,0,0,0,0,0,0,0,1
7001757365,2017,9,27,21,25,2,43.76349219,-79.30125819,Scarborough-Agincourt (40),40,Wexford/Maryvale (119),119,D41,Scarborough,WARDEN AVE,CONTINENTAL PL, ,Major Arterial,Intersection,At Intersection,No Control,Clear,Dark,Dry,Fatal,Pedestrian Collisions,Pedestrian,30 to 34,Fatal,43,East, , , , ,Vehicle is going straight thru inter.while ped cross without ROW,"Crossing, no Traffic Control",Unknown, , , ,1,0,1,0,0,0,0,0,0,0,0,0,0,1
7001757365,2017,9,27,21,25,2,43.76349219,-79.30125819,Scarborough-Agincourt (40),40,Wexford/Maryvale (119),119,D41,Scarborough,WARDEN AVE,CONTINENTAL PL, ,Major Arterial,Intersection,At Intersection,No Control,Clear,Dark,Dry,Fatal,Pedestrian Collisions,Pedestrian,5 to 9,Fatal,44,East, , , , ,Vehicle is going straight thru inter.while ped cross without ROW,"Crossing, no Traffic Control",Unknown, , , ,1,0,1,0,0,0,0,0,0,0,0,0,0,1
7001757365,2017,9,27,21,25,2,43.76349219,-79.30125819,Scarborough-Agincourt (40),40,Wexford/Maryvale (119),119,D41,Scarborough,WARDEN AVE,CONTINENTAL PL, ,Major Arterial,Intersection,At Intersection,No Control,Clear,Dark,Dry,Fatal,Pedestrian Collisions,Driver,35 to 39,,0,North,"Automobile, Station Wagon",Going Ahead,Driving Properly,Unknown, , , , , , ,1,0,1,0,0,0,0,0,0,0,0,0,0,1
1182348,2010,6,22,21,26,1,43.75304538,-79.55369029,York West (7),7,Humber Summit (21),21,D31,Etobicoke York,36 MILVAN DR,PENN Driv, ,Collector,Mid-Block, ,No Control,Clear,Dark,Dry,Non-Fatal Injury,Turning Movement,Passenger,20 to 24,Major,0, ,Other, , , , , , , , , ,0,0,1,0,0,0,0,1,0,1,0,0,0,0
1182348,2010,6,22,21,26,1,43.75304538,-79.55369029,York West (7),7,Humber Summit (21),21,D31,Etobicoke York,36 MILVAN DR,PENN Driv, ,Collector,Mid-Block, ,No Control,Clear,Dark,Dry,Non-Fatal Injury,Turning Movement,Driver,45 to 49,Minimal,0,East,"Automobile, Station Wagon",Turning Right,Failed to Yield Right of Way,Inattentive, , , , , , ,0,0,1,0,0,0,0,1,0,1,0,0,0,0
1182348,2010,6,22,21,26,1,43.75304538,-79.55369029,York West (7),7,Humber Summit (21),21,D31,Etobicoke York,36 MILVAN DR,PENN Driv, ,Collector,Mid-Block, ,No Control,Clear,Dark,Dry,Non-Fatal Injury,Turning Movement,Passenger,20 to 24,Minimal,0, ,Other, , , , , , , , , ,0,0,1,0,0,0,0,1,0,1,0,0,0,0
1182348,2010,6,22,21,26,1,43.75304538,-79.55369029,York West (7),7,Humber Summit (21),21,D31,Etobicoke York,36 MILVAN DR,PENN Driv, ,Collector,Mid-Block, ,No Control,Clear,Dark,Dry,Non-Fatal Injury,Turning Movement,Driver,20 to 24,,0,South,"Automobile, Station Wagon",Going Ahead,Driving Properly,Normal, , , , , , ,0,0,1,0,0,0,0,1,0,1,0,0,0,0
1373747,2013,6,25,21,26,1,43.67449148,-79.43257532,Davenport (17),17,Wychwood (94),94,D13,Etobicoke York,1173 DAVENPORT RD, , ,Minor Arterial,Intersection,Intersection Related,No Control,Clear,"Dusk, artificial",Dry,Non-Fatal Injury,Cyclist Collisions,Driver,30 to 34,,0,East,Pick Up Truck,Stopped,Other,Inattentive, , , , , , ,0,1,1,0,0,0,0,0,0,0,0,0,0,0
1373747,2013,6,25,21,26,1,43.67449148,-79.43257532,Davenport (17),17,Wychwood (94),94,D13,Etobicoke York,1173 DAVENPORT RD, , ,Minor Arterial,Intersection,Intersection Related,No Control,Clear,"Dusk, artificial",Dry,Non-Fatal Injury,Cyclist Collisions,Cyclist,25 to 29,Major,0,East,Bicycle,Going Ahead, , , , , ,Cyclist struck opened vehicle door,Driving Properly,Normal,0,1,1,0,0,0,0,0,0,0,0,0,0,0
1298696,2012,4,19,21,27,3,43.66894538,-79.40479029,Trinity-Spadina (20),20,Annex (95),95,D14,Toronto East York,SPADINA RD,LOWTHER AVE, ,Minor Arterial,Intersection,At Intersection,Traffic Signal,Clear,"Dark, artificial",Dry,Non-Fatal Injury,Cyclist Collisions,Driver,45 to 49,,0,North,"Automobile, Station Wagon",Turning Left,Improper Turn,Normal, , , , , , ,0,1,1,0,0,0,0,0,0,0,0,0,0,0
1298696,2012,4,19,21,27,3,43.66894538,-79.40479029,Trinity-Spadina (20),20,Annex (95),95,D14,Toronto East York,SPADINA RD,LOWTHER AVE, ,Minor Arterial,Intersection,At Intersection,Traffic Signal,Clear,"Dark, artificial",Dry,Non-Fatal Injury,Cyclist Collisions,Cyclist,30 to 34,Major,0,South,Bicycle,Going Ahead, , , , , ,Motorist turned left across cyclists path.,Driving Properly,Normal,0,1,1,0,0,0,0,0,0,0,0,0,0,0
1327320,2012,11,24,21,27,5,43.74594538,-79.27369029,Scarborough Centre (37),37,Dorset Park (126),126,D41,Scarborough,KENNEDY RD,RADNOR AVE, ,Major Arterial,Intersection,At Intersection,No Control,Clear,"Dark, artificial",Dry,Non-Fatal Injury,SMV Other,Passenger,15 to 19,,0, ,Other, , , , , , , , , ,0,0,1,0,0,0,0,1,1,1,0,0,0,0
1327320,2012,11,24,21,27,5,43.74594538,-79.27369029,Scarborough Centre (37),37,Dorset Park (126),126,D41,Scarborough,KENNEDY RD,RADNOR AVE, ,Major Arterial,Intersection,At Intersection,No Control,Clear,"Dark, artificial",Dry,Non-Fatal Injury,SMV Other,Passenger,20 to 24,,0, ,Other, , , , , , , , , ,0,0,1,0,0,0,0,1,1,1,0,0,0,0
1327320,2012,11,24,21,27,5,43.74594538,-79.27369029,Scarborough Centre (37),37,Dorset Park (126),126,D41,Scarborough,KENNEDY RD,RADNOR AVE, ,Major Arterial,Intersection,At Intersection,No Control,Clear,"Dark, artificial",Dry,Non-Fatal Injury,SMV Other,Driver,20 to 24,Major,0,South,"Automobile, Station Wagon",Going Ahead,Speed too Fast For Condition,Unknown, , , , , , ,0,0,1,0,0,0,0,1,1,1,0,0,0,0
1327320,2012,11,24,21,27,5,43.74594538,-79.27369029,Scarborough Centre (37),37,Dorset Park (126),126,D41,Scarborough,KENNEDY RD,RADNOR AVE, ,Major Arterial,Intersection,At Intersection,No Control,Clear,"Dark, artificial",Dry,Non-Fatal Injury,SMV Other,Other Property Owner,unknown, ,0, ,Other, , , , , , , , , ,0,0,1,0,0,0,0,1,1,1,0,0,0,0
6001283246,2016,7,21,21,27,3,43.65320929,-79.56346522,Etobicoke Centre (3),3,Islington-City Centre West (14),14,D22,Etobicoke York,THE EAST MALL,RATHBURN RD,137 m South of,Minor Arterial,Mid-Block,Non Intersection,No Control,Clear,"Dark, artificial",Dry,Non-Fatal Injury,Cyclist Collisions,Driver,65 to 69,,0,West,Passenger Van,Reversing,Other,Normal, , , , , , ,0,1,1,0,0,0,0,1,0,0,0,0,0,0