ACCNUM,YEAR,MONTH,DAY,HOUR,MINUTES,WEEKDAY,LATITUDE,LONGITUDE,Ward_Name,Ward_ID,Hood_Name,Hood_ID,Division,District,STREET1,STREET2,OFFSET,ROAD_CLASS,LOCCOORD,ACCLOC,TRAFFCTL,VISIBILITY,LIGHT,RDSFCOND,ACCLASS,IMPACTYPE,INVTYPE,INVAGE,INJURY,FATAL_NO,INITDIR,VEHTYPE,MANOEUVER,DRIVACT,DRIVCOND,PEDTYPE,PEDACT,PEDCOND,CYCLISTYPE,CYCACT,CYCCOND,PEDESTRIAN,CYCLIST,AUTOMOBILE,MOTORCYCLE,TRUCK,TRSN_CITY_VEH,EMERG_VEH,PASSENGER,SPEEDING,AG_DRIV,REDLIGHT,ALCOHOL,DISABILITY,label
1238461,2011,6,14,22,3,1,43.82214538,-79.22029029,Scarborough-Rouge River (42),42,Rouge (131),131,D42,Scarborough,HOPTREE Ave,STAINES Rd, ,Local,Mid-Block, ,No Control,Clear,Dark,Dry,Non-Fatal Injury,Other,Driver,15 to 19,,0,North,"Automobile, Station Wagon",Going Ahead,Other,Inattentive, , , , , , ,0,0,1,0,0,0,0,1,0,0,0,0,0,0
1058981,2008,9,15,22,5,0,43.77394538,-79.44239029,Willowdale (23),23,Newtonbrook West (36),36,D32,North York,FINCH Aven W,BATHURST Stre, ,Major Arterial, , , ,Other,Dark,Other,Non-Fatal Injury,SMV Other,Driver,20 to 24,Major,0, ,"Automobile, Station Wagon",Going Ahead, , , , , , , , ,0,0,1,0,0,0,0,0,0,0,0,0,0,0
1083156,2008,12,17,22,5,2,43.65184538,-79.38169029,Toronto Centre-Rosedale (28),28,Bay Street Corridor (76),76,D52,Toronto East York,QUEEN ST W,BAY ST, ,Major Arterial,Intersection, ,Traffic Signal,Clear,Dark,Dry,Non-Fatal Injury,Pedestrian Collisions,Driver,40 to 44,,0,West,"Automobile, Station Wagon",Going Ahead,Driving Properly,Normal, , , , , , ,1,0,1,0,0,0,0,0,0,0,0,0,0,0
1083156,2008,12,17,22,5,2,43.65184538,-79.38169029,Toronto Centre-Rosedale (28),28,Bay Street Corridor (76),76,D52,Toronto East York,QUEEN ST W,BAY ST, ,Major Arterial,Intersection, ,Traffic Signal,Clear,Dark,Dry,Non-Fatal Injury,Pedestrian Collisions,Pedestrian,55 to 59,Major,0, ,Other, , , ,Vehicle is going straight thru inter.while ped cross without ROW,Crossing without right of way,"Ability Impaired, Alcohol", , , ,1,0,1,0,0,0,0,0,0,0,0,0,0,0
4002187226,2014,5,30,22,5,4,43.59812506,-79.51691065,Etobicoke-Lakeshore (6),6,New Toronto (18),18,D22,Etobicoke York,LAKE SHORE BLVD W,KIPLING AVE,1 m North of,Major Arterial,Intersection,At Intersection,Traffic Signal,Clear,"Dark, artificial",Dry,Non-Fatal Injury,Rear End,Driver,20 to 24,,0,East,"Automobile, Station Wagon",Going Ahead,Following too Close,"Ability Impaired, Alcohol Over .08", , , , , , ,0,0,1,1,0,0,0,0,0,1,0,1,0,0
4002187226,2014,5,30,22,5,4,43.59812506,-79.51691065,Etobicoke-Lakeshore (6),6,New Toronto (18),18,D22,Etobicoke York,LAKE SHORE BLVD W,KIPLING AVE,1 m North of,Major Arterial,Intersection,At Intersection,Traffic Signal,Clear,"Dark, artificial",Dry,Non-Fatal Injury,Rear End,Motorcycle Driver,35 to 39,Major,0,East,Motorcycle,Stopped,Driving Properly,Normal, , , , , , ,0,0,1,1,0,0,0,0,0,1,0,1,0,0
6001231273,2016,7,13,22,5,2,43.6575199,-79.38947687,Toronto Centre-Rosedale (27),27,Bay Street Corridor (76),76,D52,Toronto East York,UNIVERSITY AVE,GERRARD ST W,4 m North of,Major Arterial,Intersection,Non Intersection,Traffic Signal,Clear,"Dark, artificial",Dry,Non-Fatal Injury,Turning Movement,Driver,45 to 49,,0,South,"Automobile, Station Wagon",Turning Left,Failed to Yield Right of Way,Inattentive, , , , , , ,0,0,1,1,0,0,0,0,0,1,0,0,0,0
6001231273,2016,7,13,22,5,2,43.6575199,-79.38947687,Toronto Centre-Rosedale (27),27,Bay Street Corridor (76),76,D52,Toronto East York,UNIVERSITY AVE,GERRARD ST W,4 m North of,Major Arterial,Intersection,Non Intersection,Traffic Signal,Clear,"Dark, artificial",Dry,Non-Fatal Injury,Turning Movement,Motorcycle Driver,45 to 49,Major,0,North,Motorcycle,Going Ahead,Driving Properly,Normal, , , , , , ,0,0,1,1,0,0,0,0,0,1,0,0,0,0
1005011,2007,11,7,22,6,2,43.78472861,-79.31063471,Scarborough-Agincourt (40),40,Tam O'Shanter-Sullivan (118),118,D42,Scarborough,WARDEN AVE,HUNTINGWOOD DR, ,Major Arterial,Mid-Block, ,No Control,Clear,Dark,Dry,Non-Fatal Injury,Pedestrian Collisions,Vehicle Owner,unknown, ,0, ,Other, , , , , , , , , ,1,0,1,0,0,0,0,0,0,0,0,0,0,0
1005011,2007,11,7,22,6,2,43.78472861,-79.31063471,Scarborough-Agincourt (40),40,Tam O'Shanter-Sullivan (118),118,D42,Scarborough,WARDEN AVE,HUNTINGWOOD DR, ,Major Arterial,Mid-Block, ,No Control,Clear,Dark,Dry,Non-Fatal Injury,Pedestrian Collisions,Vehicle Owner,unknown, ,0, ,Other, , , , , , , , , ,1,0,1,0,0,0,0,0,0,0,0,0,0,0
1005011,2007,11,7,22,6,2,43.78472861,-79.31063471,Scarborough-Agincourt (40),40,Tam O'Shanter-Sullivan (118),118,D42,Scarborough,WARDEN AVE,HUNTINGWOOD DR, ,Major Arterial,Mid-Block, ,No Control,Clear,Dark,Dry,Non-Fatal Injury,Pedestrian Collisions,Driver,40 to 44,,0,South,"Automobile, Station Wagon",Going Ahead,Other,Normal, , , , , , ,1,0,1,0,0,0,0,0,0,0,0,0,0,0
1005011,2007,11,7,22,6,2,43.78472861,-79.31063471,Scarborough-Agincourt (40),40,Tam O'Shanter-Sullivan (118),118,D42,Scarborough,WARDEN AVE,HUNTINGWOOD DR, ,Major Arterial,Mid-Block, ,No Control,Clear,Dark,Dry,Non-Fatal Injury,Pedestrian Collisions,Pedestrian,40 to 44,Major,0,Unknown,Other, , , ,Pedestrian hit at mid-block,Other,Normal, , , ,1,0,1,0,0,0,0,0,0,0,0,0,0,0
1005011,2007,11,7,22,6,2,43.78472861,-79.31063471,Scarborough-Agincourt (40),40,Tam O'Shanter-Sullivan (118),118,D42,Scarborough,WARDEN AVE,HUNTINGWOOD DR, ,Major Arterial,Mid-Block, ,No Control,Clear,Dark,Dry,Non-Fatal Injury,Pedestrian Collisions,Pedestrian,30 to 34,Major,0,Unknown,Other, , , ,Pedestrian hit at mid-block,Other,Normal, , , ,1,0,1,0,0,0,0,0,0,0,0,0,0,0
1109297,2009,6,14,22,6,6,43.63044538,-79.48349029,Etobicoke-Lakeshore (5),5,Stonegate-Queensway (16),16,D22,Etobicoke York,THE QUEENSWAY,STEPHEN DR, ,Major Arterial,Mid-Block, ,No Control,Clear,Dark,Dry,Non-Fatal Injury,SMV Other,Passenger,30 to 34,Major,0, ,Other, , , , , , , , , ,0,0,1,0,0,0,0,1,0,0,0,1,0,0
1109297,2009,6,14,22,6,6,43.63044538,-79.48349029,Etobicoke-Lakeshore (5),5,Stonegate-Queensway (16),16,D22,Etobicoke York,THE QUEENSWAY,STEPHEN DR, ,Major Arterial,Mid-Block, ,No Control,Clear,Dark,Dry,Non-Fatal Injury,SMV Other,Driver,30 to 34,Minimal,0,East,"Automobile, Station Wagon",Going Ahead,Lost control,"Ability Impaired, Alcohol", , , , , , ,0,0,1,0,0,0,0,1,0,0,0,1,0,0
6000555439,2016,4,1,22,6,4,43.62632712,-79.5026208,Etobicoke-Lakeshore (5),5,Stonegate-Queensway (16),16,D22,Etobicoke York,THE QUEENSWAY,ROYAL YORK RD, ,Major Arterial,Intersection,At Intersection,Traffic Signal,Clear,"Dark, artificial",Dry,Non-Fatal Injury,Turning Movement,Driver,45 to 49,Minimal,0,East,"Automobile, Station Wagon",Turning Left,Improper Turn,Normal, , , , , , ,0,0,1,0,0,0,0,1,1,1,0,0,0,0
6000555439,2016,4,1,22,6,4,43.62632712,-79.5026208,Etobicoke-Lakeshore (5),5,Stonegate-Queensway (16),16,D22,Etobicoke York,THE QUEENSWAY,ROYAL YORK RD, ,Major Arterial,Intersection,At Intersection,Traffic Signal,Clear,"Dark, artificial",Dry,Non-Fatal Injury,Turning Movement,Driver,20 to 24,Minor,0,West,"Automobile, Station Wagon",Going Ahead,Exceeding Speed Limit,Normal, , , , , , ,0,0,1,0,0,0,0,1,1,1,0,0,0,0
6000555439,2016,4,1,22,6,4,43.62632712,-79.5026208,Etobicoke-Lakeshore (5),5,Stonegate-Queensway (16),16,D22,Etobicoke York,THE QUEENSWAY,ROYAL YORK RD, ,Major Arterial,Intersection,At Intersection,Traffic Signal,Clear,"Dark, artificial",Dry,Non-Fatal Injury,Turning Movement,Passenger,15 to 19,Minimal,0, , , , , , , , , , , ,0,0,1,0,0,0,0,1,1,1,0,0,0,0
6000555439,2016,4,1,22,6,4,43.62632712,-79.5026208,Etobicoke-Lakeshore (5),5,Stonegate-Queensway (16),16,D22,Etobicoke York,THE QUEENSWAY,ROYAL YORK RD, ,Major Arterial,Intersection,At Intersection,Traffic Signal,Clear,"Dark, artificial",Dry,Non-Fatal Injury,Turning Movement,Passenger,25 to 29,Major,0, , , , , , , , , , , ,0,0,1,0,0,0,0,1,1,1,0,0,0,0
7000689985,2017,4,19,22,6,2,43.6591297,-79.39344416,Trinity-Spadina (20),20,Kensington-Chinatown (78),78,D52,Toronto East York,COLLEGE ST,MC CAUL ST,17 m West of,Major Arterial,Intersection,At Intersection,Streetcar (Stop for),Clear,"Dark, artificial",Dry,Non-Fatal Injury,Pedestrian Collisions,Driver,35 to 39,,0,East,"Automobile, Station Wagon",Going Ahead,Failed to Yield Right of Way,Inattentive, , , , , , ,1,0,1,0,0,0,0,1,0,1,0,0,0,0
7000689985,2017,4,19,22,6,2,43.6591297,-79.39344416,Trinity-Spadina (20),20,Kensington-Chinatown (78),78,D52,Toronto East York,COLLEGE ST,MC CAUL ST,17 m West of,Major Arterial,Intersection,At Intersection,Streetcar (Stop for),Clear,"Dark, artificial",Dry,Non-Fatal Injury,Pedestrian Collisions,Passenger,20 to 24,,0, , , , , , , , , , , ,1,0,1,0,0,0,0,1,0,1,0,0,0,0
7000689985,2017,4,19,22,6,2,43.6591297,-79.39344416,Trinity-Spadina (20),20,Kensington-Chinatown (78),78,D52,Toronto East York,COLLEGE ST,MC CAUL ST,17 m West of,Major Arterial,Intersection,At Intersection,Streetcar (Stop for),Clear,"Dark, artificial",Dry,Non-Fatal Injury,Pedestrian Collisions,Pedestrian,25 to 29,Major,0,South, , , , ,Other / Undefined,Person Getting on/off Vehicle,Normal, , , ,1,0,1,0,0,0,0,1,0,1,0,0,0,0
1065334,2008,10,14,22,7,1,43.65094538,-79.53939029,Etobicoke-Lakeshore (5),5,Islington-City Centre West (14),14,D22,Etobicoke York,KIPLING AVE,BURNHAMTHORPE RD, ,Major Arterial,Intersection,At Intersection,Traffic Signal,Clear,Dark,Dry,Non-Fatal Injury,Pedestrian Collisions,Driver,unknown,,0,East,"Automobile, Station Wagon",Turning Right,Failed to Yield Right of Way,Unknown, , , , , , ,1,0,1,0,0,0,0,0,0,1,0,0,0,0
1065334,2008,10,14,22,7,1,43.65094538,-79.53939029,Etobicoke-Lakeshore (5),5,Islington-City Centre West (14),14,D22,Etobicoke York,KIPLING AVE,BURNHAMTHORPE RD, ,Major Arterial,Intersection,At Intersection,Traffic Signal,Clear,Dark,Dry,Non-Fatal Injury,Pedestrian Collisions,Pedestrian,80 to 84,Major,0,East,Other, , , ,Vehicle turns right while ped crosses with ROW at inter.,Crossing with right of way,Normal, , , ,1,0,1,0,0,0,0,0,0,1,0,0,0,0
1333087,2012,12,28,22,7,4,43.72262533,-79.33024226,Don Valley West (26),26,Flemingdon Park (44),44,D54,North York,DON VALLEY PARKWAY  S,EGLINTON AVE E, ,Expressway,Mid-Block, ,No Control,Clear,"Dark, artificial",Dry,Non-Fatal Injury,SMV Other,Driver,40 to 44,,0,South,"Automobile, Station Wagon",Going Ahead,Driving Properly,Normal, , , , , , ,0,0,1,0,0,0,0,0,0,0,0,0,0,0
1333087,2012,12,28,22,7,4,43.72262533,-79.33024226,Don Valley West (26),26,Flemingdon Park (44),44,D54,North York,DON VALLEY PARKWAY  S,EGLINTON AVE E, ,Expressway,Mid-Block, ,No Control,Clear,"Dark, artificial",Dry,Non-Fatal Injury,SMV Other,Vehicle Owner,unknown, ,0, ,Other, , , , , , , , , ,0,0,1,0,0,0,0,0,0,0,0,0,0,0
1333087,2012,12,28,22,7,4,43.72262533,-79.33024226,Don Valley West (26),26,Flemingdon Park (44),44,D54,North York,DON VALLEY PARKWAY  S,EGLINTON AVE E, ,Expressway,Mid-Block, ,No Control,Clear,"Dark, artificial",Dry,Non-Fatal Injury,SMV Other,Driver,20 to 24,Major,0,South,"Automobile, Station Wagon",Going Ahead,Lost control,Unknown, , , , , , ,0,0,1,0,0,0,0,0,0,0,0,0,0,0
1333087,2012,12,28,22,7,4,43.72262533,-79.33024226,Don Valley West (26),26,Flemingdon Park (44),44,D54,North York,DON VALLEY PARKWAY  S,EGLINTON AVE E, ,Expressway,Mid-Block, ,No Control,Clear,"Dark, artificial",Dry,Non-Fatal Injury,SMV Other,Driver - Not Hit,unknown,,0, ,"Automobile, Station Wagon", , , , , , , , , ,0,0,1,0,0,0,0,0,0,0,0,0,0,0
1333087,2012,12,28,22,7,4,43.72262533,-79.33024226,Don Valley West (26),26,Flemingdon Park (44),44,D54,North York,DON VALLEY PARKWAY  S,EGLINTON AVE E, ,Expressway,Mid-Block, ,No Control,Clear,"Dark, artificial",Dry,Non-Fatal Injury,SMV Other,Other Property Owner,unknown, ,0, ,Other, , , , , , , , , ,0,0,1,0,0,0,0,0,0,0,0,0,0,0
1248453,2011,6,26,22,8,6,43.75404538,-79.53279029,York West (7),7,Humber Summit (21),21,D31,Etobicoke York,FINCH AVE W,400 S FINCH E RAMP N, ,Major Arterial,Intersection,At Intersection,Traffic Signal,Clear,Dark,Dry,Non-Fatal Injury,Rear End,Passenger,10 to 14,Major,0, ,Other, , , , , , , , , ,0,0,1,0,0,0,0,1,1,1,0,0,0,0
1248453,2011,6,26,22,8,6,43.75404538,-79.53279029,York West (7),7,Humber Summit (21),21,D31,Etobicoke York,FINCH AVE W,400 S FINCH E RAMP N, ,Major Arterial,Intersection,At Intersection,Traffic Signal,Clear,Dark,Dry,Non-Fatal Injury,Rear End,Passenger,25 to 29,Minor,0, ,Other, , , , , , , , , ,0,0,1,0,0,0,0,1,1,1,0,0,0,0
1248453,2011,6,26,22,8,6,43.75404538,-79.53279029,York West (7),7,Humber Summit (21),21,D31,Etobicoke York,FINCH AVE W,400 S FINCH E RAMP N, ,Major Arterial,Intersection,At Intersection,Traffic Signal,Clear,Dark,Dry,Non-Fatal Injury,Rear End,Driver,35 to 39,Minor,0,West,"Automobile, Station Wagon",Going Ahead,Driving Properly,Normal, , , , , , ,0,0,1,0,0,0,0,1,1,1,0,0,0,0
1248453,2011,6,26,22,8,6,43.75404538,-79.53279029,York West (7),7,Humber Summit (21),21,D31,Etobicoke York,FINCH AVE W,400 S FINCH E RAMP N, ,Major Arterial,Intersection,At Intersection,Traffic Signal,Clear,Dark,Dry,Non-Fatal Injury,Rear End,Vehicle Owner,unknown, ,0, ,Other, , , , , , , , , ,0,0,1,0,0,0,0,1,1,1,0,0,0,0
1248453,2011,6,26,22,8,6,43.75404538,-79.53279029,York West (7),7,Humber Summit (21),21,D31,Etobicoke York,FINCH AVE W,400 S FINCH E RAMP N, ,Major Arterial,Intersection,At Intersection,Traffic Signal,Clear,Dark,Dry,Non-Fatal Injury,Rear End,Driver,35 to 39,,0,West,"Automobile, Station Wagon",Going Ahead,Speed too Fast For Condition,Normal, , , , , , ,0,0,1,0,0,0,0,1,1,1,0,0,0,0
1248453,2011,6,26,22,8,6,43.75404538,-79.53279029,York West (7),7,Humber Summit (21),21,D31,Etobicoke York,FINCH AVE W,400 S FINCH E RAMP N, ,Major Arterial,Intersection,At Intersection,Traffic Signal,Clear,Dark,Dry,Non-Fatal Injury,Rear End,Passenger,55 to 59,Minimal,0, ,Other, , , , , , , , , ,0,0,1,0,0,0,0,1,1,1,0,0,0,0
1248453,2011,6,26,22,8,6,43.75404538,-79.53279029,York West (7),7,Humber Summit (21),21,D31,Etobicoke York,FINCH AVE W,400 S FINCH E RAMP N, ,Major Arterial,Intersection,At Intersection,Traffic Signal,Clear,Dark,Dry,Non-Fatal Injury,Rear End,Driver,55 to 59,Minimal,0,West,"Automobile, Station Wagon",Going Ahead,Driving Properly,Normal, , , , , , ,0,0,1,0,0,0,0,1,1,1,0,0,0,0
1322488,2012,10,28,22,8,6,43.70824538,-79.39869029,Eglinton-Lawrence (16),16,Yonge-Eglinton (100),100,D53,Toronto East York,YONGE ST,ORCHARD VIEW BLVD, ,Major Arterial,Intersection, ,No Control,Rain,Dark,Wet,Non-Fatal Injury,Pedestrian Collisions,Driver,unknown,,0,North,"Automobile, Station Wagon",Overtaking,Failed to Yield Right of Way,Unknown, , , , , , ,1,0,1,0,0,0,0,0,0,1,0,0,0,0
1322488,2012,10,28,22,8,6,43.70824538,-79.39869029,Eglinton-Lawrence (16),16,Yonge-Eglinton (100),100,D53,Toronto East York,YONGE ST,ORCHARD VIEW BLVD, ,Major Arterial,Intersection, ,No Control,Rain,Dark,Wet,Non-Fatal Injury,Pedestrian Collisions,Pedestrian,25 to 29,Major,0,West,Other, , , ,Vehicle is going straight thru inter.while ped cross without ROW,"Crossing, no Traffic Control",Normal, , , ,1,0,1,0,0,0,0,0,0,1,0,0,0,0
2015800766,2015,5,13,22,8,2,43.73516424,-79.24737940000001,Scarborough Southwest (35),35,Eglinton East (138),138,D43,Scarborough,DANFORTH RD,BRIMLEY RD, ,Major Arterial,Intersection,At Intersection,Traffic Signal,Clear,Dark,Dry,Fatal,Pedestrian Collisions,Driver,80 to 84,,0,East,"Automobile, Station Wagon",Going Ahead,Driving Properly,Unknown, , , , , , ,1,0,1,0,0,0,0,0,0,0,0,0,0,1
2015800766,2015,5,13,22,8,2,43.73516424,-79.24737940000001,Scarborough Southwest (35),35,Eglinton East (138),138,D43,Scarborough,DANFORTH RD,BRIMLEY RD, ,Major Arterial,Intersection,At Intersection,Traffic Signal,Clear,Dark,Dry,Fatal,Pedestrian Collisions,Pedestrian,30 to 34,Fatal,21,North, , , , ,Vehicle is going straight thru inter.while ped cross without ROW,Crossing without right of way,Unknown, , , ,1,0,1,0,0,0,0,0,0,0,0,0,0,1
6002121630,2016,11,29,22,8,1,43.72170599,-79.45640192,Eglinton-Lawrence (15),15,Yorkdale-Glen Park (31),31,D32,North York,BENTWORTH AVE,DUFFERIN ST,9 m East of,Local,Intersection,At Intersection,Traffic Signal,Clear,"Dark, artificial",Dry,Non-Fatal Injury,Pedestrian Collisions,Driver,35 to 39,,0,East,"Automobile, Station Wagon",Turning Left,Failed to Yield Right of Way,Inattentive, , , , , , ,1,0,1,0,0,0,0,0,0,1,0,0,0,0
6002121630,2016,11,29,22,8,1,43.72170599,-79.45640192,Eglinton-Lawrence (15),15,Yorkdale-Glen Park (31),31,D32,North York,BENTWORTH AVE,DUFFERIN ST,9 m East of,Local,Intersection,At Intersection,Traffic Signal,Clear,"Dark, artificial",Dry,Non-Fatal Injury,Pedestrian Collisions,Pedestrian,25 to 29,Major,0,West, , , , ,Vehicle turns left while ped crosses with ROW at inter.,Crossing with right of way,Normal, , , ,1,0,1,0,0,0,0,0,0,1,0,0,0,0
1006207,2007,11,22,22,9,3,43.74684538,-79.58379029,Etobicoke North (1),1,Mount Olive-Silverstone-Jamestown (2),2,D23,Etobicoke York,KIPLING AVE,MOUNT OLIVE DR, ,Major Arterial,Intersection,At Intersection,Traffic Controller,Clear,Dark,Other,Non-Fatal Injury,Turning Movement,Truck Driver,20 to 24,,0,South,Truck - Open,Going Ahead,Other,Normal, , , , , , ,0,0,1,0,1,0,0,0,1,1,0,0,0,0
1006207,2007,11,22,22,9,3,43.74684538,-79.58379029,Etobicoke North (1),1,Mount Olive-Silverstone-Jamestown (2),2,D23,Etobicoke York,KIPLING AVE,MOUNT OLIVE DR, ,Major Arterial,Intersection,At Intersection,Traffic Controller,Clear,Dark,Other,Non-Fatal Injury,Turning Movement,Driver,25 to 29,Major,0,East,"Automobile, Station Wagon",Turning Left,Other,Normal, , , , , , ,0,0,1,0,1,0,0,0,1,1,0,0,0,0
1033099,2008,4,12,22,9,5,43.72014538,-79.23809029,Scarborough Southwest (36),36,Cliffcrest (123),123,D43,Scarborough,KINGSTON RD,GRADWELL DR, ,Major Arterial,Intersection, ,No Control,Rain,Dark,Wet,Non-Fatal Injury,Rear End,Vehicle Owner,unknown, ,0, ,Other, , , , , , , , , ,0,0,1,0,0,0,0,1,0,0,0,0,0,0
1033099,2008,4,12,22,9,5,43.72014538,-79.23809029,Scarborough Southwest (36),36,Cliffcrest (123),123,D43,Scarborough,KINGSTON RD,GRADWELL DR, ,Major Arterial,Intersection, ,No Control,Rain,Dark,Wet,Non-Fatal Injury,Rear End,Driver,45 to 49,,0,West,"Automobile, Station Wagon",Parked,Other,Unknown, , , , , , ,0,0,1,0,0,0,0,1,0,0,0,0,0,0
1033099,2008,4,12,22,9,5,43.72014538,-79.23809029,Scarborough Southwest (36),36,Cliffcrest (123),123,D43,Scarborough,KINGSTON RD,GRADWELL DR, ,Major Arterial,Intersection, ,No Control,Rain,Dark,Wet,Non-Fatal Injury,Rear End,Passenger,70 to 74,Major,0, ,Other, , , , , , , , , ,0,0,1,0,0,0,0,1,0,0,0,0,0,0
1033099,2008,4,12,22,9,5,43.72014538,-79.23809029,Scarborough Southwest (36),36,Cliffcrest (123),123,D43,Scarborough,KINGSTON RD,GRADWELL DR, ,Major Arterial,Intersection, ,No Control,Rain,Dark,Wet,Non-Fatal Injury,Rear End,Driver,70 to 74,Minimal,0,West,"Automobile, Station Wagon",Going Ahead,Other,Unknown, , , , , , ,0,0,1,0,0,0,0,1,0,0,0,0,0,0
1032843,2008,4,10,22,10,3,43.69174538,-79.28589029,Scarborough Southwest (35),35,Oakridge (121),121,D41,Scarborough,3111 DANFORTH Ave, , ,Major Arterial,Mid-Block, ,No Control,Clear,Dark,Dry,Non-Fatal Injury,Pedestrian Collisions,Driver,30 to 34,,0,East,"Automobile, Station Wagon",Going Ahead,Driving Properly,Normal, , , , , , ,1,0,1,0,0,0,0,0,0,0,0,0,0,0
1032843,2008,4,10,22,10,3,43.69174538,-79.28589029,Scarborough Southwest (35),35,Oakridge (121),121,D41,Scarborough,3111 DANFORTH Ave, , ,Major Arterial,Mid-Block, ,No Control,Clear,Dark,Dry,Non-Fatal Injury,Pedestrian Collisions,Pedestrian,40 to 44,Major,0,North,"Automobile, Station Wagon", , , ,Pedestrian hit at mid-block,Running onto Roadway,"Ability Impaired, Alcohol", , , ,1,0,1,0,0,0,0,0,0,0,0,0,0,0
1053740,2008,8,6,22,10,2,43.77454538,-79.43879029,Willowdale (23),23,Willowdale West (37),37,D32,North York,ANCONA ST,FINCH AVE W, ,Major Arterial,Intersection,At Intersection,Stop Sign,Clear,Dark,Dry,Non-Fatal Injury,Cyclist Collisions,Driver,unknown,,0,North,"Automobile, Station Wagon",Turning Left,Improper Turn,Inattentive, , , , , , ,0,1,1,0,0,0,0,0,0,0,0,0,0,0
1053740,2008,8,6,22,10,2,43.77454538,-79.43879029,Willowdale (23),23,Willowdale West (37),37,D32,North York,ANCONA ST,FINCH AVE W, ,Major Arterial,Intersection,At Intersection,Stop Sign,Clear,Dark,Dry,Non-Fatal Injury,Cyclist Collisions,Cyclist,40 to 44,Major,0,West,Bicycle,Going Ahead, , , , , ,Motorist turned left across cyclists path.,Driving Properly,Normal,0,1,1,0,0,0,0,0,0,0,0,0,0,0
1161474,2010,3,5,22,10,4,43.69564538,-79.45029029,Davenport (17),17,Caledonia-Fairbank (109),109,D13,No District,DUFFERIN Stre,EGLINTON Aven W, ,Major Arterial,Intersection, ,No Control,Clear,Dark,Dry,Non-Fatal Injury,Pedestrian Collisions,Driver,20 to 24,,0,South,"Automobile, Station Wagon",Going Ahead,Driving Properly,Normal, , , , , , ,1,0,1,0,0,0,0,0,0,0,0,0,0,0
1161474,2010,3,5,22,10,4,43.69564538,-79.45029029,Davenport (17),17,Caledonia-Fairbank (109),109,D13,No District,DUFFERIN Stre,EGLINTON Aven W, ,Major Arterial,Intersection, ,No Control,Clear,Dark,Dry,Non-Fatal Injury,Pedestrian Collisions,Pedestrian,45 to 49,Major,0,East,Other, , , ,Vehicle is going straight thru inter.while ped cross without ROW,Running onto Roadway,"Ability Impaired, Alcohol", , , ,1,0,1,0,0,0,0,0,0,0,0,0,0,0
1236980,2011,4,2,22,10,5,43.71744538,-79.43769029,Eglinton-Lawrence (15),15,Englemount-Lawrence (32),32,D13,North York,LAWRENCE AVE W,VARNA DR, ,Major Arterial,Intersection,At Intersection,Traffic Signal,Clear,Dark,Dry,Non-Fatal Injury,Turning Movement,Driver,70 to 74,Minimal,0,East,"Automobile, Station Wagon",Turning Left,Failed to Yield Right of Way,Normal, , , , , , ,0,0,1,0,0,0,0,1,0,1,0,0,0,0
1236980,2011,4,2,22,10,5,43.71744538,-79.43769029,Eglinton-Lawrence (15),15,Englemount-Lawrence (32),32,D13,North York,LAWRENCE AVE W,VARNA DR, ,Major Arterial,Intersection,At Intersection,Traffic Signal,Clear,Dark,Dry,Non-Fatal Injury,Turning Movement,Passenger,unknown,Minor,0, ,Other, , , , , , , , , ,0,0,1,0,0,0,0,1,0,1,0,0,0,0
1236980,2011,4,2,22,10,5,43.71744538,-79.43769029,Eglinton-Lawrence (15),15,Englemount-Lawrence (32),32,D13,North York,LAWRENCE AVE W,VARNA DR, ,Major Arterial,Intersection,At Intersection,Traffic Signal,Clear,Dark,Dry,Non-Fatal Injury,Turning Movement,Passenger,0 to 4,Major,0, ,Other, , , , , , , , , ,0,0,1,0,0,0,0,1,0,1,0,0,0,0
1236980,2011,4,2,22,10,5,43.71744538,-79.43769029,Eglinton-Lawrence (15),15,Englemount-Lawrence (32),32,D13,North York,LAWRENCE AVE W,VARNA DR, ,Major Arterial,Intersection,At Intersection,Traffic Signal,Clear,Dark,Dry,Non-Fatal Injury,Turning Movement,Vehicle Owner,unknown, ,0, ,Other, , , , , , , , , ,0,0,1,0,0,0,0,1,0,1,0,0,0,0
1236980,2011,4,2,22,10,5,43.71744538,-79.43769029,Eglinton-Lawrence (15),15,Englemount-Lawrence (32),32,D13,North York,LAWRENCE AVE W,VARNA DR, ,Major Arterial,Intersection,At Intersection,Traffic Signal,Clear,Dark,Dry,Non-Fatal Injury,Turning Movement,Driver,25 to 29,Minor,0,West,"Automobile, Station Wagon",Going Ahead,Driving Properly,Normal, , , , , , ,0,0,1,0,0,0,0,1,0,1,0,0,0,0
1279443,2011,12,4,22,10,6,43.73554538,-79.25319029,Scarborough Southwest (35),35,Kennedy Park (124),124,D41,Scarborough,EGLINTON AVE E,FALMOUTH AVE, ,Major Arterial,Intersection, ,Traffic Signal,Rain,"Dark, artificial",Wet,Non-Fatal Injury,Pedestrian Collisions,Driver,20 to 24,,0,East,"Automobile, Station Wagon",Going Ahead,Driving Properly,Unknown, , , , , , ,1,0,1,0,0,0,0,0,0,0,0,0,0,0
1279443,2011,12,4,22,10,6,43.73554538,-79.25319029,Scarborough Southwest (35),35,Kennedy Park (124),124,D41,Scarborough,EGLINTON AVE E,FALMOUTH AVE, ,Major Arterial,Intersection, ,Traffic Signal,Rain,"Dark, artificial",Wet,Non-Fatal Injury,Pedestrian Collisions,Pedestrian,15 to 19,Major,0,North,Other, , , ,Vehicle is going straight thru inter.while ped cross without ROW,Crossing without right of way,Inattentive, , , ,1,0,1,0,0,0,0,0,0,0,0,0,0,0