ACCNUM,YEAR,MONTH,DAY,HOUR,MINUTES,WEEKDAY,LATITUDE,LONGITUDE,Ward_Name,Ward_ID,Hood_Name,Hood_ID,Division,District,STREET1,STREET2,OFFSET,ROAD_CLASS,LOCCOORD,ACCLOC,TRAFFCTL,VISIBILITY,LIGHT,RDSFCOND,ACCLASS,IMPACTYPE,INVTYPE,INVAGE,INJURY,FATAL_NO,INITDIR,VEHTYPE,MANOEUVER,DRIVACT,DRIVCOND,PEDTYPE,PEDACT,PEDCOND,CYCLISTYPE,CYCACT,CYCCOND,PEDESTRIAN,CYCLIST,AUTOMOBILE,MOTORCYCLE,TRUCK,TRSN_CITY_VEH,EMERG_VEH,PASSENGER,SPEEDING,AG_DRIV,REDLIGHT,ALCOHOL,DISABILITY,label
1284315,2012,3,13,22,10,1,43.66494538,-79.37289029,Toronto Centre-Rosedale (28),28,Cabbagetown-South St.James Town (71),71,D51,Toronto East York,BLEECKER St,CARLTON St, ,Collector,Mid-Block, ,No Control,Clear,"Dark, artificial",Dry,Non-Fatal Injury,SMV Unattended Vehicle,Other,unknown,,0, ,Other,Parked, , , , , , , , ,0,0,1,0,0,0,0,0,0,0,0,0,0,0
1284315,2012,3,13,22,10,1,43.66494538,-79.37289029,Toronto Centre-Rosedale (28),28,Cabbagetown-South St.James Town (71),71,D51,Toronto East York,BLEECKER St,CARLTON St, ,Collector,Mid-Block, ,No Control,Clear,"Dark, artificial",Dry,Non-Fatal Injury,SMV Unattended Vehicle,Vehicle Owner,unknown, ,0, ,Other, , , , , , , , , ,0,0,1,0,0,0,0,0,0,0,0,0,0,0
1284315,2012,3,13,22,10,1,43.66494538,-79.37289029,Toronto Centre-Rosedale (28),28,Cabbagetown-South St.James Town (71),71,D51,Toronto East York,BLEECKER St,CARLTON St, ,Collector,Mid-Block, ,No Control,Clear,"Dark, artificial",Dry,Non-Fatal Injury,SMV Unattended Vehicle,Driver,unknown,Major,0,North,"Automobile, Station Wagon",Going Ahead,Other,Unknown, , , , , , ,0,0,1,0,0,0,0,0,0,0,0,0,0,0
1329595,2012,10,29,22,10,0,43.77434538,-79.35359029,Don Valley East (33),33,Don Valley Village (47),47,D33,North York,SHAUGHNESSY BLVD,ROCHELLE CRES, ,Collector,Intersection,At Intersection,No Control,Rain,"Dark, artificial",Wet,Non-Fatal Injury,Pedestrian Collisions,Pedestrian,55 to 59,Major,0,South,Other, , , ,Vehicle turns left while ped crosses with ROW at inter.,Crossing with right of way,Normal, , , ,1,0,1,0,0,0,0,0,0,1,0,0,0,0
1329595,2012,10,29,22,10,0,43.77434538,-79.35359029,Don Valley East (33),33,Don Valley Village (47),47,D33,North York,SHAUGHNESSY BLVD,ROCHELLE CRES, ,Collector,Intersection,At Intersection,No Control,Rain,"Dark, artificial",Wet,Non-Fatal Injury,Pedestrian Collisions,Driver,35 to 39,,0,South,"Automobile, Station Wagon",Turning Left,Failed to Yield Right of Way,Normal, , , , , , ,1,0,1,0,0,0,0,0,0,1,0,0,0,0
5001611464,2015,9,17,22,10,3,43.81625708,-79.22759638,Scarborough-Rouge River (42),42,Malvern (132),132,D42,Scarborough,NEILSON RD,FINCH AVE E,26 m South of,Minor Arterial,Intersection,Non Intersection,No Control,Clear,"Dark, artificial",Dry,Non-Fatal Injury,Pedestrian Collisions,Driver,unknown,,0,North,"Automobile, Station Wagon",Changing Lanes,Improper Lane Change,Unknown, , , , , , ,1,0,1,0,0,0,0,0,0,0,0,0,0,0
5001611464,2015,9,17,22,10,3,43.81625708,-79.22759638,Scarborough-Rouge River (42),42,Malvern (132),132,D42,Scarborough,NEILSON RD,FINCH AVE E,26 m South of,Minor Arterial,Intersection,Non Intersection,No Control,Clear,"Dark, artificial",Dry,Non-Fatal Injury,Pedestrian Collisions,Pedestrian,40 to 44,Major,0,East, , , , ,Pedestrian hit at mid-block,"Crossing, no Traffic Control",Inattentive, , , ,1,0,1,0,0,0,0,0,0,0,0,0,0,0
6000548674,2016,3,31,22,10,3,43.69264563,-79.44083033,Eglinton-Lawrence (15),15,Oakwood Village (107),107,D13,North York,OAKWOOD AVE,VAUGHAN RD,2 m South of,Minor Arterial,Intersection,At Intersection,Traffic Signal,Rain,"Dark, artificial",Wet,Non-Fatal Injury,Other,Driver,40 to 44,,0,North,Municipal Transit Bus (TTC),Pulling Away from Shoulder or Curb,Driving Properly,Normal, , , , , , ,0,0,0,0,0,1,0,1,0,0,0,0,0,0
6000548674,2016,3,31,22,10,3,43.69264563,-79.44083033,Eglinton-Lawrence (15),15,Oakwood Village (107),107,D13,North York,OAKWOOD AVE,VAUGHAN RD,2 m South of,Minor Arterial,Intersection,At Intersection,Traffic Signal,Rain,"Dark, artificial",Wet,Non-Fatal Injury,Other,Passenger,60 to 64,Major,0,North, , , , , , , , , , ,0,0,0,0,0,1,0,1,0,0,0,0,0,0
1140459,2009,12,5,22,11,5,43.79434538,-79.32599029,Scarborough-Agincourt (39),39,L'Amoreaux (117),117,D42,Scarborough,PHARMACY AVE,FINCH AVE E, ,Major Arterial,Intersection, ,Traffic Signal,Clear,Dark,Dry,Non-Fatal Injury,Pedestrian Collisions,Driver,45 to 49,,0,North,"Automobile, Station Wagon",Turning Left,Failed to Yield Right of Way,Normal, , , , , , ,1,0,1,0,0,0,0,0,0,1,0,0,0,0
7000925099,2017,5,25,21,50,3,43.71105917,-79.39118586,St. Paul's (22),22,Mount Pleasant East (99),99,D53,North York,MOUNT PLEASANT RD,BROADWAY AVE, ,Major Arterial,Intersection,At Intersection,Traffic Signal,Rain,"Dark, artificial",Wet,Non-Fatal Injury,Cyclist Collisions,Passenger,15 to 19,,0, , , , , , , , , , , ,0,1,1,0,0,0,0,1,0,1,0,0,0,0
1302410,2012,7,6,22,12,4,43.82324538,-79.24749029,Scarborough-Rouge River (42),42,Rouge (131),131,D42,Scarborough,MARKHAM Rd,MCNICOLL Ave, ,Major Arterial,Mid-Block, ,No Control,Clear,"Dark, artificial",Dry,Non-Fatal Injury,SMV Other,Passenger,20 to 24,Minor,0, ,Other, , , , , , , , , ,0,0,1,0,0,0,0,1,1,1,0,0,0,0
1224710,2011,3,24,22,25,3,43.79914538,-79.21289029,Scarborough-Rouge River (42),42,Malvern (132),132,D42,Scarborough,SHEPPARD AVE E,MURISON BLVD, ,Major Arterial,Intersection,At Intersection,Traffic Signal,Clear,Dark,Dry,Fatal,Pedestrian Collisions,Driver,30 to 34,,0,East,"Automobile, Station Wagon",Going Ahead,Exceeding Speed Limit,Normal, , , , , , ,1,0,1,0,0,0,0,0,1,1,0,0,0,1
1302410,2012,7,6,22,12,4,43.82324538,-79.24749029,Scarborough-Rouge River (42),42,Rouge (131),131,D42,Scarborough,MARKHAM Rd,MCNICOLL Ave, ,Major Arterial,Mid-Block, ,No Control,Clear,"Dark, artificial",Dry,Non-Fatal Injury,SMV Other,Driver,20 to 24,Major,0,South,"Automobile, Station Wagon",Going Ahead,Exceeding Speed Limit,Unknown, , , , , , ,0,0,1,0,0,0,0,1,1,1,0,0,0,0
1092885,2009,3,4,21,41,2,43.68814538,-79.30179029,Beaches-East York (32),32,East End-Danforth (62),62,D55,Toronto East York,MAIN Stre,DANFORTH Aven, ,Major Arterial, , , ,Other,Dark,Other,Non-Fatal Injury,Other,Vehicle Owner,unknown,,0, ,Other,Other, , , , , , , , ,0,0,1,0,0,0,0,1,0,0,0,0,0,0
7001838870,2017,10,10,21,0,1,43.82553824,-79.27529536,Scarborough-Rouge River (41),41,Milliken (130),130,D42,Scarborough,3358 MCCOWAN RD, , ,Major Arterial,Mid-Block,At/Near Private Drive,No Control,Clear,"Dark, artificial",Dry,Non-Fatal Injury,Pedestrian Collisions,Driver,20 to 24,,0,South,"Automobile, Station Wagon",Going Ahead,Driving Properly,Normal, , , , , , ,1,0,1,0,0,0,0,0,0,0,0,0,0,0
1110013,2009,6,18,22,13,3,43.67444538,-79.56319029,Etobicoke Centre (3),3,Eringate-Centennial-West Deane (11),11,D22,Etobicoke York,EGLINTON AVE W,MARTIN GROVE RD, ,Major Arterial,Intersection, ,Traffic Controller,Clear,Dark,Dry,Non-Fatal Injury,Turning Movement,Driver,40 to 44,Major,0,East,"Automobile, Station Wagon",Turning Left,Failed to Yield Right of Way,Normal, , , , , , ,0,0,1,0,0,0,0,0,1,1,0,0,0,0
1110013,2009,6,18,22,13,3,43.67444538,-79.56319029,Etobicoke Centre (3),3,Eringate-Centennial-West Deane (11),11,D22,Etobicoke York,EGLINTON AVE W,MARTIN GROVE RD, ,Major Arterial,Intersection, ,Traffic Controller,Clear,Dark,Dry,Non-Fatal Injury,Turning Movement,Driver,20 to 24,Major,0,West,"Automobile, Station Wagon",Going Ahead,Driving Properly,Normal, , , , , , ,0,0,1,0,0,0,0,0,1,1,0,0,0,0
1236150,2011,4,27,22,13,2,43.67234538,-79.46829029,York South-Weston (11),11,Junction Area (90),90,D11,Etobicoke York,ST CLAIR AVE W,KEELE ST, ,Major Arterial,Mid-Block, ,No Control,Clear,Dark,Dry,Non-Fatal Injury,SMV Other,Passenger,25 to 29,Major,0, ,Other, , , , , , , , , ,0,0,1,0,0,0,0,1,1,1,0,1,0,0
1236150,2011,4,27,22,13,2,43.67234538,-79.46829029,York South-Weston (11),11,Junction Area (90),90,D11,Etobicoke York,ST CLAIR AVE W,KEELE ST, ,Major Arterial,Mid-Block, ,No Control,Clear,Dark,Dry,Non-Fatal Injury,SMV Other,Driver,20 to 24,Minimal,0,West,"Automobile, Station Wagon",Going Ahead,Lost control,"Ability Impaired, Alcohol Over .08", , , , , , ,0,0,1,0,0,0,0,1,1,1,0,1,0,0
1236150,2011,4,27,22,13,2,43.67234538,-79.46829029,York South-Weston (11),11,Junction Area (90),90,D11,Etobicoke York,ST CLAIR AVE W,KEELE ST, ,Major Arterial,Mid-Block, ,No Control,Clear,Dark,Dry,Non-Fatal Injury,SMV Other,Other Property Owner,unknown, ,0, ,Other, , , , , , , , , ,0,0,1,0,0,0,0,1,1,1,0,1,0,0
1381650,2013,8,3,22,13,5,43.69758566,-79.50236903,York South-Weston (12),12,Brookhaven-Amesbury (30),30,D12,Etobicoke York,JANE St,TRETHEWEY Dr, ,Major Arterial,Intersection, ,Traffic Signal,Clear,"Dark, artificial",Dry,Non-Fatal Injury,Pedestrian Collisions,Driver,35 to 39,,0,North,"Automobile, Station Wagon",Going Ahead,Driving Properly,Normal, , , , , , ,1,0,1,0,0,0,0,0,0,0,0,0,0,0
1381650,2013,8,3,22,13,5,43.69758566,-79.50236903,York South-Weston (12),12,Brookhaven-Amesbury (30),30,D12,Etobicoke York,JANE St,TRETHEWEY Dr, ,Major Arterial,Intersection, ,Traffic Signal,Clear,"Dark, artificial",Dry,Non-Fatal Injury,Pedestrian Collisions,Pedestrian,20 to 24,Major,0,East, , , , ,Vehicle is going straight thru inter.while ped cross without ROW,Crossing without right of way,Inattentive, , , ,1,0,1,0,0,0,0,0,0,0,0,0,0,0
7000525658,2017,3,24,22,13,4,43.78040655,-79.41227351,Willowdale (23),23,Willowdale East (51),51,D32,North York,FINCH AVE E,DORIS AVE, ,Major Arterial,Intersection,At Intersection,Traffic Signal,Rain,"Dark, artificial",Wet,Non-Fatal Injury,Cyclist Collisions,Driver,50 to 54,,0,North,"Automobile, Station Wagon",Turning Left,Improper Turn,Inattentive, , , , , , ,0,1,1,0,0,0,0,0,0,0,0,0,0,0
7000525658,2017,3,24,22,13,4,43.78040655,-79.41227351,Willowdale (23),23,Willowdale East (51),51,D32,North York,FINCH AVE E,DORIS AVE, ,Major Arterial,Intersection,At Intersection,Traffic Signal,Rain,"Dark, artificial",Wet,Non-Fatal Injury,Cyclist Collisions,Cyclist,20 to 24,Major,0,South,Bicycle,Going Ahead, , , , , ,Motorist turned left across cyclists path.,Disobeyed Traffic Control,Inattentive,0,1,1,0,0,0,0,0,0,0,0,0,0,0
1276186,2012,1,20,22,14,4,43.79004538,-79.35519029,Don Valley East (33),33,Don Valley Village (47),47,D33,North York,SENECA HILL DR,DON MILLS RD, ,Collector,Mid-Block, ,No Control,Snow,Dark,Packed Snow,Fatal,SMV Other,Driver,85 to 89,Fatal,4,West,"Automobile, Station Wagon",Going Ahead,Lost control,Unknown, , , , , , ,0,0,1,0,0,0,0,0,0,0,0,0,0,1
1304055,2012,7,13,21,51,4,43.73644538,-79.24899029,Scarborough Southwest (35),35,Kennedy Park (124),124,D41,Scarborough,EGLINTON AVE E,BRIMLEY RD, ,Major Arterial,Mid-Block, ,No Control,Clear,"Dark, artificial",Dry,Fatal,Pedestrian Collisions,Driver,20 to 24,,0,West,"Automobile, Station Wagon",Going Ahead,Driving Properly,Normal, , , , , , ,1,0,1,0,0,0,0,0,0,0,0,0,0,1
142657110,2014,8,7,22,14,3,43.67599447,-79.4519311,Davenport (17),17,Corso Italia-Davenport (92),92,D13,Etobicoke York,ST CLAIR AVE W,LANSDOWNE AVE, ,Major Arterial,Mid-Block, ,No Control,Clear,"Dark, artificial",Dry,Fatal,Pedestrian Collisions,Driver,50 to 54,,0,West,Street Car,Going Ahead,Driving Properly,Unknown, , , , , , ,1,0,0,0,0,1,0,0,0,0,0,0,0,1
142657110,2014,8,7,22,14,3,43.67599447,-79.4519311,Davenport (17),17,Corso Italia-Davenport (92),92,D13,Etobicoke York,ST CLAIR AVE W,LANSDOWNE AVE, ,Major Arterial,Mid-Block, ,No Control,Clear,"Dark, artificial",Dry,Fatal,Pedestrian Collisions,Pedestrian,65 to 69,Minor,0,Unknown, , , , ,Pedestrian involved in a collision with transit vehicle anywhere along roadway,Coming From Behind Parked Vehicle,Unknown, , , ,1,0,0,0,0,1,0,0,0,0,0,0,0,1
142657110,2014,8,7,22,14,3,43.67599447,-79.4519311,Davenport (17),17,Corso Italia-Davenport (92),92,D13,Etobicoke York,ST CLAIR AVE W,LANSDOWNE AVE, ,Major Arterial,Mid-Block, ,No Control,Clear,"Dark, artificial",Dry,Fatal,Pedestrian Collisions,Pedestrian,65 to 69,Fatal,20,Unknown, , , , ,Pedestrian involved in a collision with transit vehicle anywhere along roadway,Coming From Behind Parked Vehicle,Unknown, , , ,1,0,0,0,0,1,0,0,0,0,0,0,0,1
1184434,2010,8,20,22,15,4,43.66434439,-79.30618677,Beaches-East York (32),32,South Riverdale (70),70,D55,Toronto East York,LAKE SHORE BLVD E,JOSEPH DUGGAN  RD, ,Major Arterial,Intersection, ,Traffic Signal,Clear,Dark,Dry,Fatal,Pedestrian Collisions,Vehicle Owner,unknown, ,0, ,Other, , , , , , , , , ,1,0,0,0,0,1,0,0,0,0,0,0,0,1
1184434,2010,8,20,22,15,4,43.66434439,-79.30618677,Beaches-East York (32),32,South Riverdale (70),70,D55,Toronto East York,LAKE SHORE BLVD E,JOSEPH DUGGAN  RD, ,Major Arterial,Intersection, ,Traffic Signal,Clear,Dark,Dry,Fatal,Pedestrian Collisions,Driver,35 to 39,,0,East,Municipal Transit Bus (TTC),Going Ahead,Driving Properly,Normal, , , , , , ,1,0,0,0,0,1,0,0,0,0,0,0,0,1
1184434,2010,8,20,22,15,4,43.66434439,-79.30618677,Beaches-East York (32),32,South Riverdale (70),70,D55,Toronto East York,LAKE SHORE BLVD E,JOSEPH DUGGAN  RD, ,Major Arterial,Intersection, ,Traffic Signal,Clear,Dark,Dry,Fatal,Pedestrian Collisions,Pedestrian,15 to 19,Fatal,29,North,Other, , , ,Pedestrian involved in a collision with transit vehicle anywhere along roadway,Crossing without right of way,Unknown, , , ,1,0,0,0,0,1,0,0,0,0,0,0,0,1
1224587,2011,3,20,22,15,6,43.74714538,-79.22069029,Scarborough Centre (38),38,Scarborough Village (139),139,D43,Scarborough,MARKHAM RD,DUNELM ST, ,Major Arterial,Mid-Block, ,No Control,Clear,Dark,Dry,Non-Fatal Injury,Pedestrian Collisions,Vehicle Owner,unknown, ,0, ,Other, , , , , , , , , ,1,0,1,0,0,0,0,1,0,0,0,0,0,0
1224587,2011,3,20,22,15,6,43.74714538,-79.22069029,Scarborough Centre (38),38,Scarborough Village (139),139,D43,Scarborough,MARKHAM RD,DUNELM ST, ,Major Arterial,Mid-Block, ,No Control,Clear,Dark,Dry,Non-Fatal Injury,Pedestrian Collisions,Passenger,15 to 19,,0, ,Other, , , , , , , , , ,1,0,1,0,0,0,0,1,0,0,0,0,0,0
1224587,2011,3,20,22,15,6,43.74714538,-79.22069029,Scarborough Centre (38),38,Scarborough Village (139),139,D43,Scarborough,MARKHAM RD,DUNELM ST, ,Major Arterial,Mid-Block, ,No Control,Clear,Dark,Dry,Non-Fatal Injury,Pedestrian Collisions,Driver,15 to 19,,0,North,"Automobile, Station Wagon",Going Ahead,Driving Properly,Normal, , , , , , ,1,0,1,0,0,0,0,1,0,0,0,0,0,0
1224587,2011,3,20,22,15,6,43.74714538,-79.22069029,Scarborough Centre (38),38,Scarborough Village (139),139,D43,Scarborough,MARKHAM RD,DUNELM ST, ,Major Arterial,Mid-Block, ,No Control,Clear,Dark,Dry,Non-Fatal Injury,Pedestrian Collisions,Pedestrian,85 to 89,Major,0,South,Other, , , ,Pedestrian hit on sidewalk or shoulder,On Sidewalk or Shoulder,Medical or Physical Disability, , , ,1,0,1,0,0,0,0,1,0,0,0,0,0,0
1285342,2012,3,21,22,15,2,43.69154538,-79.50099029,York South-Weston (11),11,Mount Dennis (115),115,D12,Etobicoke York,JANE ST,NICKLE ST, ,Major Arterial,Intersection, ,No Control,Clear,"Dark, artificial",Dry,Fatal,Pedestrian Collisions,Driver,55 to 59,,0,South,"Automobile, Station Wagon",Going Ahead,Driving Properly,Normal, , , , , , ,1,0,1,0,0,0,0,0,0,0,0,0,0,1
1285342,2012,3,21,22,15,2,43.69154538,-79.50099029,York South-Weston (11),11,Mount Dennis (115),115,D12,Etobicoke York,JANE ST,NICKLE ST, ,Major Arterial,Intersection, ,No Control,Clear,"Dark, artificial",Dry,Fatal,Pedestrian Collisions,Pedestrian,75 to 79,Fatal,9,East,Other, , , ,Pedestrian hit at mid-block,"Crossing, no Traffic Control",Normal, , , ,1,0,1,0,0,0,0,0,0,0,0,0,0,1
1345912,2013,3,11,22,15,0,43.68754538,-79.52889029,Etobicoke North (2),2,Humber Heights-Westmount (8),8,D23,Etobicoke York,CHAPMAN RD,ROYAL YORK RD, ,Minor Arterial,Intersection, ,Stop Sign,Rain,"Dark, artificial",Wet,Non-Fatal Injury,Pedestrian Collisions,Driver,25 to 29,,0,South,"Automobile, Station Wagon",Turning Left,Driving Properly,Unknown, , , , , , ,1,0,1,0,0,0,0,0,0,0,0,0,0,0
1345912,2013,3,11,22,15,0,43.68754538,-79.52889029,Etobicoke North (2),2,Humber Heights-Westmount (8),8,D23,Etobicoke York,CHAPMAN RD,ROYAL YORK RD, ,Minor Arterial,Intersection, ,Stop Sign,Rain,"Dark, artificial",Wet,Non-Fatal Injury,Pedestrian Collisions,Pedestrian,45 to 49,Major,0,North,Other, , , ,Vehicle turns left while ped crosses without ROW at inter.,Crossing without right of way,Unknown, , , ,1,0,1,0,0,0,0,0,0,0,0,0,0,0
6001515823,2016,8,26,22,15,4,43.63057669,-79.42726527,Trinity-Spadina (19),19,Niagara (82),82,D14,Toronto East York,LAKE SHORE BLVD W,BRITISH COLUMBIA RD,368 m East of,Major Arterial,Mid-Block,Non Intersection,No Control,Clear,"Dark, artificial",Dry,Non-Fatal Injury,Sideswipe,Motorcycle Driver,40 to 44,Major,0,East,Motorcycle,Going Ahead,Lost control,Normal, , , , , , ,0,0,1,1,0,0,0,1,1,1,0,0,0,0
6001515823,2016,8,26,22,15,4,43.63057669,-79.42726527,Trinity-Spadina (19),19,Niagara (82),82,D14,Toronto East York,LAKE SHORE BLVD W,BRITISH COLUMBIA RD,368 m East of,Major Arterial,Mid-Block,Non Intersection,No Control,Clear,"Dark, artificial",Dry,Non-Fatal Injury,Sideswipe,Driver,55 to 59,,0,East,"Automobile, Station Wagon",Going Ahead,Driving Properly,Normal, , , , , , ,0,0,1,1,0,0,0,1,1,1,0,0,0,0
6001515823,2016,8,26,22,15,4,43.63057669,-79.42726527,Trinity-Spadina (19),19,Niagara (82),82,D14,Toronto East York,LAKE SHORE BLVD W,BRITISH COLUMBIA RD,368 m East of,Major Arterial,Mid-Block,Non Intersection,No Control,Clear,"Dark, artificial",Dry,Non-Fatal Injury,Sideswipe,Passenger,50 to 54,,0, , , , , , , , , , , ,0,0,1,1,0,0,0,1,1,1,0,0,0,0
6001779522,2016,10,5,22,15,2,43.67429693,-79.36732874,Toronto Centre-Rosedale (27),27,Cabbagetown-South St.James Town (71),71,D51,Toronto East York,BLOOR ST E,DRUMSNAB RD, ,Major Arterial,Intersection,Intersection Related,No Control,Clear,"Dark, artificial",Dry,Non-Fatal Injury,Cyclist Collisions,Driver,unknown,,0,East,"Automobile, Station Wagon",Turning Left,Improper Turn,Unknown, , , , , , ,0,1,1,0,0,0,0,0,0,0,0,0,0,0
6001779522,2016,10,5,22,15,2,43.67429693,-79.36732874,Toronto Centre-Rosedale (27),27,Cabbagetown-South St.James Town (71),71,D51,Toronto East York,BLOOR ST E,DRUMSNAB RD, ,Major Arterial,Intersection,Intersection Related,No Control,Clear,"Dark, artificial",Dry,Non-Fatal Injury,Cyclist Collisions,Cyclist,35 to 39,Major,0,West,Bicycle,Going Ahead, , , , , ,Motorist turned left across cyclists path.,Driving Properly,Normal,0,1,1,0,0,0,0,0,0,0,0,0,0,0
7001489368,2017,8,17,22,15,3,43.723785,-79.45685969,Eglinton-Lawrence (15),15,Yorkdale-Glen Park (31),31,D32,North York,DUFFERIN ST,CARTWRIGHT  AVE, ,Major Arterial,Intersection,At Intersection,No Control,Rain,"Dark, artificial",Wet,Non-Fatal Injury,Pedestrian Collisions,Driver,40 to 44,,0,South,"Automobile, Station Wagon",Going Ahead,Driving Properly,Normal, , , , , , ,1,0,1,0,0,0,0,0,0,0,0,0,0,0
7001489368,2017,8,17,22,15,3,43.723785,-79.45685969,Eglinton-Lawrence (15),15,Yorkdale-Glen Park (31),31,D32,North York,DUFFERIN ST,CARTWRIGHT  AVE, ,Major Arterial,Intersection,At Intersection,No Control,Rain,"Dark, artificial",Wet,Non-Fatal Injury,Pedestrian Collisions,Pedestrian,15 to 19,Major,0,West, , , , ,Vehicle is going straight thru inter.while ped cross without ROW,"Crossing, no Traffic Control",Inattentive, , , ,1,0,1,0,0,0,0,0,0,0,0,0,0,0
7001988112,2017,11,2,22,15,3,43.64271138,-79.42622729,Davenport (18),18,Little Portugal (84),84,D14,Toronto East York,QUEEN ST W,GLADSTONE AVE,75 m East of,Major Arterial,Mid-Block,Non Intersection,No Control,Rain,Dark,Wet,Non-Fatal Injury,Pedestrian Collisions,Driver,50 to 54,,0,West,Street Car,Going Ahead,Driving Properly,Normal, , , , , , ,1,0,0,0,0,1,0,0,0,0,0,0,0,0
7001988112,2017,11,2,22,15,3,43.64271138,-79.42622729,Davenport (18),18,Little Portugal (84),84,D14,Toronto East York,QUEEN ST W,GLADSTONE AVE,75 m East of,Major Arterial,Mid-Block,Non Intersection,No Control,Rain,Dark,Wet,Non-Fatal Injury,Pedestrian Collisions,Pedestrian,30 to 34,Major,0, , , , , , , ,Had Been Drinking, , , ,1,0,0,0,0,1,0,0,0,0,0,0,0,0
1378518,2013,7,18,22,17,3,43.77524908,-79.46832667,York Centre (10),10,Bathurst Manor (34),34,D32,North York,DUFFERIN St,MARTIN ROSS Ave, ,Major Arterial,Intersection, ,No Control,Clear,"Dark, artificial",Dry,Non-Fatal Injury,Approaching,Driver,25 to 29,Major,0,South,"Automobile, Station Wagon",Going Ahead,Driving Properly,Normal, , , , , , ,0,0,1,0,0,0,0,0,0,0,0,0,0,0
1378518,2013,7,18,22,17,3,43.77524908,-79.46832667,York Centre (10),10,Bathurst Manor (34),34,D32,North York,DUFFERIN St,MARTIN ROSS Ave, ,Major Arterial,Intersection, ,No Control,Clear,"Dark, artificial",Dry,Non-Fatal Injury,Approaching,Vehicle Owner,unknown, ,0, ,Other, , , , , , , , , ,0,0,1,0,0,0,0,0,0,0,0,0,0,0
1378518,2013,7,18,22,17,3,43.77524908,-79.46832667,York Centre (10),10,Bathurst Manor (34),34,D32,North York,DUFFERIN St,MARTIN ROSS Ave, ,Major Arterial,Intersection, ,No Control,Clear,"Dark, artificial",Dry,Non-Fatal Injury,Approaching,Driver,25 to 29,Major,0,North,"Automobile, Station Wagon",Going Ahead,Lost control,Inattentive, , , , , , ,0,0,1,0,0,0,0,0,0,0,0,0,0,0
4002194232,2014,5,31,22,17,5,43.63889273,-79.39097986,Trinity-Spadina (20),20,Waterfront Communities-The Island (77),77,D52,Toronto East York,F G GARDINER XY  W,SPADINA AVE, ,Expressway,Mid-Block,Non Intersection,No Control,Clear,"Dark, artificial",Dry,Non-Fatal Injury,Sideswipe,Driver,45 to 49,,0,West,"Automobile, Station Wagon",Changing Lanes,Improper Lane Change,Unknown, , , , , , ,0,0,1,0,0,0,0,1,0,0,0,0,0,0
4002194232,2014,5,31,22,17,5,43.63889273,-79.39097986,Trinity-Spadina (20),20,Waterfront Communities-The Island (77),77,D52,Toronto East York,F G GARDINER XY  W,SPADINA AVE, ,Expressway,Mid-Block,Non Intersection,No Control,Clear,"Dark, artificial",Dry,Non-Fatal Injury,Sideswipe,Driver,15 to 19,Major,0,West,"Automobile, Station Wagon",Going Ahead,Driving Properly,Normal, , , , , , ,0,0,1,0,0,0,0,1,0,0,0,0,0,0
4002194232,2014,5,31,22,17,5,43.63889273,-79.39097986,Trinity-Spadina (20),20,Waterfront Communities-The Island (77),77,D52,Toronto East York,F G GARDINER XY  W,SPADINA AVE, ,Expressway,Mid-Block,Non Intersection,No Control,Clear,"Dark, artificial",Dry,Non-Fatal Injury,Sideswipe,Passenger,15 to 19,,0, , , , , , , , , , , ,0,0,1,0,0,0,0,1,0,0,0,0,0,0
4002194232,2014,5,31,22,17,5,43.63889273,-79.39097986,Trinity-Spadina (20),20,Waterfront Communities-The Island (77),77,D52,Toronto East York,F G GARDINER XY  W,SPADINA AVE, ,Expressway,Mid-Block,Non Intersection,No Control,Clear,"Dark, artificial",Dry,Non-Fatal Injury,Sideswipe,Passenger,45 to 49,,0, , , , , , , , , , , ,0,0,1,0,0,0,0,1,0,0,0,0,0,0
4002194232,2014,5,31,22,17,5,43.63889273,-79.39097986,Trinity-Spadina (20),20,Waterfront Communities-The Island (77),77,D52,Toronto East York,F G GARDINER XY  W,SPADINA AVE, ,Expressway,Mid-Block,Non Intersection,No Control,Clear,"Dark, artificial",Dry,Non-Fatal Injury,Sideswipe,Passenger,45 to 49,,0, , , , , , , , , , , ,0,0,1,0,0,0,0,1,0,0,0,0,0,0
4002194232,2014,5,31,22,17,5,43.63889273,-79.39097986,Trinity-Spadina (20),20,Waterfront Communities-The Island (77),77,D52,Toronto East York,F G GARDINER XY  W,SPADINA AVE, ,Expressway,Mid-Block,Non Intersection,No Control,Clear,"Dark, artificial",Dry,Non-Fatal Injury,Sideswipe,Passenger,45 to 49,,0, , , , , , , , , , , ,0,0,1,0,0,0,0,1,0,0,0,0,0,0
4002194232,2014,5,31,22,17,5,43.63889273,-79.39097986,Trinity-Spadina (20),20,Waterfront Communities-The Island (77),77,D52,Toronto East York,F G GARDINER XY  W,SPADINA AVE, ,Expressway,Mid-Block,Non Intersection,No Control,Clear,"Dark, artificial",Dry,Non-Fatal Injury,Sideswipe,Passenger,15 to 19,,0, , , , , , , , , , , ,0,0,1,0,0,0,0,1,0,0,0,0,0,0
5001756961,2015,10,11,22,17,6,43.65405234,-79.37996302,Toronto Centre-Rosedale (27),27,Church-Yonge Corridor (75),75,D51,Toronto East York,YONGE ST,SHUTER ST,3 m North of,Major Arterial,Intersection,At Intersection,Traffic Signal,Clear,"Dark, artificial",Dry,Non-Fatal Injury,Approaching,Driver,40 to 44,Minor,0,North,Passenger Van,Going Ahead,Lost control,Medical or Physical Disability, , , , , , ,0,0,1,0,0,0,0,1,0,0,0,0,1,0