ACCNUM,YEAR,MONTH,DAY,HOUR,MINUTES,WEEKDAY,LATITUDE,LONGITUDE,Ward_Name,Ward_ID,Hood_Name,Hood_ID,Division,District,STREET1,STREET2,OFFSET,ROAD_CLASS,LOCCOORD,ACCLOC,TRAFFCTL,VISIBILITY,LIGHT,RDSFCOND,ACCLASS,IMPACTYPE,INVTYPE,INVAGE,INJURY,FATAL_NO,INITDIR,VEHTYPE,MANOEUVER,DRIVACT,DRIVCOND,PEDTYPE,PEDACT,PEDCOND,CYCLISTYPE,CYCACT,CYCCOND,PEDESTRIAN,CYCLIST,AUTOMOBILE,MOTORCYCLE,TRUCK,TRSN_CITY_VEH,EMERG_VEH,PASSENGER,SPEEDING,AG_DRIV,REDLIGHT,ALCOHOL,DISABILITY,label
5001756961,2015,10,11,22,17,6,43.65405234,-79.37996302,Toronto Centre-Rosedale (27),27,Church-Yonge Corridor (75),75,D51,Toronto East York,YONGE ST,SHUTER ST,3 m North of,Major Arterial,Intersection,At Intersection,Traffic Signal,Clear,"Dark, artificial",Dry,Non-Fatal Injury,Approaching,Driver,25 to 29,,0,South,Pick Up Truck,Stopped,Driving Properly,Normal, , , , , , ,0,0,1,0,0,0,0,1,0,0,0,0,1,0
5001756961,2015,10,11,22,17,6,43.65405234,-79.37996302,Toronto Centre-Rosedale (27),27,Church-Yonge Corridor (75),75,D51,Toronto East York,YONGE ST,SHUTER ST,3 m North of,Major Arterial,Intersection,At Intersection,Traffic Signal,Clear,"Dark, artificial",Dry,Non-Fatal Injury,Approaching,Driver,60 to 64,,0,South,"Automobile, Station Wagon",Going Ahead,Driving Properly,Normal, , , , , , ,0,0,1,0,0,0,0,1,0,0,0,0,1,0
5001756961,2015,10,11,22,17,6,43.65405234,-79.37996302,Toronto Centre-Rosedale (27),27,Church-Yonge Corridor (75),75,D51,Toronto East York,YONGE ST,SHUTER ST,3 m North of,Major Arterial,Intersection,At Intersection,Traffic Signal,Clear,"Dark, artificial",Dry,Non-Fatal Injury,Approaching,Passenger,35 to 39,Minor,0, , , , , , , , , , , ,0,0,1,0,0,0,0,1,0,0,0,0,1,0
5001756961,2015,10,11,22,17,6,43.65405234,-79.37996302,Toronto Centre-Rosedale (27),27,Church-Yonge Corridor (75),75,D51,Toronto East York,YONGE ST,SHUTER ST,3 m North of,Major Arterial,Intersection,At Intersection,Traffic Signal,Clear,"Dark, artificial",Dry,Non-Fatal Injury,Approaching,Passenger,10 to 14,Minor,0, , , , , , , , , , , ,0,0,1,0,0,0,0,1,0,0,0,0,1,0
5001756961,2015,10,11,22,17,6,43.65405234,-79.37996302,Toronto Centre-Rosedale (27),27,Church-Yonge Corridor (75),75,D51,Toronto East York,YONGE ST,SHUTER ST,3 m North of,Major Arterial,Intersection,At Intersection,Traffic Signal,Clear,"Dark, artificial",Dry,Non-Fatal Injury,Approaching,Passenger,5 to 9,Minor,0, , , , , , , , , , , ,0,0,1,0,0,0,0,1,0,0,0,0,1,0
5001756961,2015,10,11,22,17,6,43.65405234,-79.37996302,Toronto Centre-Rosedale (27),27,Church-Yonge Corridor (75),75,D51,Toronto East York,YONGE ST,SHUTER ST,3 m North of,Major Arterial,Intersection,At Intersection,Traffic Signal,Clear,"Dark, artificial",Dry,Non-Fatal Injury,Approaching,Passenger,5 to 9,Major,0, , , , , , , , , , , ,0,0,1,0,0,0,0,1,0,0,0,0,1,0
5001756961,2015,10,11,22,17,6,43.65405234,-79.37996302,Toronto Centre-Rosedale (27),27,Church-Yonge Corridor (75),75,D51,Toronto East York,YONGE ST,SHUTER ST,3 m North of,Major Arterial,Intersection,At Intersection,Traffic Signal,Clear,"Dark, artificial",Dry,Non-Fatal Injury,Approaching,Passenger,15 to 19,Minor,0, , , , , , , , , , , ,0,0,1,0,0,0,0,1,0,0,0,0,1,0
5001756961,2015,10,11,22,17,6,43.65405234,-79.37996302,Toronto Centre-Rosedale (27),27,Church-Yonge Corridor (75),75,D51,Toronto East York,YONGE ST,SHUTER ST,3 m North of,Major Arterial,Intersection,At Intersection,Traffic Signal,Clear,"Dark, artificial",Dry,Non-Fatal Injury,Approaching,Passenger,10 to 14,Major,0, , , , , , , , , , , ,0,0,1,0,0,0,0,1,0,0,0,0,1,0
7001617319,2017,9,6,22,17,2,43.6566387,-79.37439356,Toronto Centre-Rosedale (27),27,Moss Park (73),73,D51,Toronto East York,JARVIS ST,DUNDAS ST E,45 m South of,Major Arterial,Mid-Block,Non Intersection,No Control,Clear,"Dark, artificial",Dry,Non-Fatal Injury,Pedestrian Collisions,Driver,50 to 54,,0,South,"Automobile, Station Wagon",Going Ahead,Driving Properly,Normal, , , , , , ,1,0,1,0,0,0,0,0,0,0,0,0,0,0
7001617319,2017,9,6,22,17,2,43.6566387,-79.37439356,Toronto Centre-Rosedale (27),27,Moss Park (73),73,D51,Toronto East York,JARVIS ST,DUNDAS ST E,45 m South of,Major Arterial,Mid-Block,Non Intersection,No Control,Clear,"Dark, artificial",Dry,Non-Fatal Injury,Pedestrian Collisions,Pedestrian,25 to 29,Major,0,West, , , , ,Pedestrian hit at mid-block,"Crossing, no Traffic Control",Had Been Drinking, , , ,1,0,1,0,0,0,0,0,0,0,0,0,0,0
1116589,2009,6,22,22,18,0,43.68144538,-79.33239029,Toronto-Danforth (30),30,Blake-Jones (69),69,D55,Toronto East York,DANFORTH AVE,GREENWOOD AVE, ,Major Arterial,Intersection,At Intersection,Traffic Signal,Clear,Dark,Dry,Non-Fatal Injury,Turning Movement,Passenger,25 to 29,Major,0, ,Other, , , , , , , , , ,0,0,1,1,0,0,0,1,0,0,0,0,0,0
1116589,2009,6,22,22,18,0,43.68144538,-79.33239029,Toronto-Danforth (30),30,Blake-Jones (69),69,D55,Toronto East York,DANFORTH AVE,GREENWOOD AVE, ,Major Arterial,Intersection,At Intersection,Traffic Signal,Clear,Dark,Dry,Non-Fatal Injury,Turning Movement,Motorcycle Driver,30 to 34,Minimal,0,East,Motorcycle,Going Ahead,Driving Properly,Normal, , , , , , ,0,0,1,1,0,0,0,1,0,0,0,0,0,0
1116589,2009,6,22,22,18,0,43.68144538,-79.33239029,Toronto-Danforth (30),30,Blake-Jones (69),69,D55,Toronto East York,DANFORTH AVE,GREENWOOD AVE, ,Major Arterial,Intersection,At Intersection,Traffic Signal,Clear,Dark,Dry,Non-Fatal Injury,Turning Movement,Vehicle Owner,unknown, ,0, ,Other, , , , , , , , , ,0,0,1,1,0,0,0,1,0,0,0,0,0,0
1116589,2009,6,22,22,18,0,43.68144538,-79.33239029,Toronto-Danforth (30),30,Blake-Jones (69),69,D55,Toronto East York,DANFORTH AVE,GREENWOOD AVE, ,Major Arterial,Intersection,At Intersection,Traffic Signal,Clear,Dark,Dry,Non-Fatal Injury,Turning Movement,Driver,40 to 44,,0,West,"Automobile, Station Wagon",Turning Left,Improper Turn,Inattentive, , , , , , ,0,0,1,1,0,0,0,1,0,0,0,0,0,0
7001528578,2017,8,23,22,18,2,43.64197119,-79.41193018,Trinity-Spadina (19),19,Niagara (82),82,D14,Toronto East York,KING ST W,STRACHAN AVE, ,Major Arterial,Intersection,At Intersection,Traffic Signal,Clear,"Dark, artificial",Dry,Non-Fatal Injury,Pedestrian Collisions,Driver,45 to 49,,0,West,"Automobile, Station Wagon",Turning Left,Failed to Yield Right of Way,Inattentive, , , , , , ,1,0,1,0,0,0,0,0,0,1,0,0,0,0
7001528578,2017,8,23,22,18,2,43.64197119,-79.41193018,Trinity-Spadina (19),19,Niagara (82),82,D14,Toronto East York,KING ST W,STRACHAN AVE, ,Major Arterial,Intersection,At Intersection,Traffic Signal,Clear,"Dark, artificial",Dry,Non-Fatal Injury,Pedestrian Collisions,Pedestrian,30 to 34,Major,0,West, , , , ,Vehicle turns left while ped crosses with ROW at inter.,Crossing with right of way,Had Been Drinking, , , ,1,0,1,0,0,0,0,0,0,1,0,0,0,0
1029779,2008,3,13,22,19,3,43.64764538,-79.38479029,Toronto Centre-Rosedale (28),28,Bay Street Corridor (76),76,D52,Toronto East York,KING ST W,UNIVERSITY AVE, ,Major Arterial,Intersection, ,Traffic Signal,Clear,Dark,Dry,Non-Fatal Injury,Rear End,Driver,35 to 39,Major,0,East,"Automobile, Station Wagon",Stopped,Driving Properly,Normal, , , , , , ,0,0,1,0,0,0,0,0,0,1,0,0,0,0
1029779,2008,3,13,22,19,3,43.64764538,-79.38479029,Toronto Centre-Rosedale (28),28,Bay Street Corridor (76),76,D52,Toronto East York,KING ST W,UNIVERSITY AVE, ,Major Arterial,Intersection, ,Traffic Signal,Clear,Dark,Dry,Non-Fatal Injury,Rear End,Driver,30 to 34,,0,East,"Automobile, Station Wagon",Going Ahead,Failed to Yield Right of Way,Inattentive, , , , , , ,0,0,1,0,0,0,0,0,0,1,0,0,0,0
1073493,2008,11,8,22,20,5,43.64784538,-79.39029029,Trinity-Spadina (20),20,Waterfront Communities-The Island (77),77,D52,Toronto East York,ADELAIDE ST W,JOHN ST, ,Major Arterial,Intersection,At Intersection,Traffic Signal,Clear,Dark,Dry,Non-Fatal Injury,Pedestrian Collisions,Pedestrian,20 to 24,Major,0,North,Other, , , ,Vehicle is going straight thru inter.while ped cross without ROW,Crossing without right of way,Inattentive, , , ,1,0,1,0,0,0,0,0,0,0,0,0,0,0
1073493,2008,11,8,22,20,5,43.64784538,-79.39029029,Trinity-Spadina (20),20,Waterfront Communities-The Island (77),77,D52,Toronto East York,ADELAIDE ST W,JOHN ST, ,Major Arterial,Intersection,At Intersection,Traffic Signal,Clear,Dark,Dry,Non-Fatal Injury,Pedestrian Collisions,Driver,20 to 24,,0,East,"Automobile, Station Wagon",Going Ahead,Driving Properly,Normal, , , , , , ,1,0,1,0,0,0,0,0,0,0,0,0,0,0
1126214,2009,9,22,22,20,1,43.66304538,-79.38379029,Toronto Centre-Rosedale (27),27,Church-Yonge Corridor (75),75,D51,Toronto East York,YONGE Stre,GROSVENOR Stre, ,Major Arterial,Intersection,At Intersection,Traffic Signal,Clear,Dark,Dry,Non-Fatal Injury,Pedestrian Collisions,Driver,40 to 44,,0,South,"Automobile, Station Wagon",Going Ahead,Driving Properly,Normal, , , , , , ,1,0,1,0,0,0,0,0,0,0,0,0,0,0
1126214,2009,9,22,22,20,1,43.66304538,-79.38379029,Toronto Centre-Rosedale (27),27,Church-Yonge Corridor (75),75,D51,Toronto East York,YONGE Stre,GROSVENOR Stre, ,Major Arterial,Intersection,At Intersection,Traffic Signal,Clear,Dark,Dry,Non-Fatal Injury,Pedestrian Collisions,Vehicle Owner,unknown, ,0, ,Other, , , , , , , , , ,1,0,1,0,0,0,0,0,0,0,0,0,0,0
1126214,2009,9,22,22,20,1,43.66304538,-79.38379029,Toronto Centre-Rosedale (27),27,Church-Yonge Corridor (75),75,D51,Toronto East York,YONGE Stre,GROSVENOR Stre, ,Major Arterial,Intersection,At Intersection,Traffic Signal,Clear,Dark,Dry,Non-Fatal Injury,Pedestrian Collisions,Driver,20 to 24,,0,South,"Automobile, Station Wagon",Going Ahead,Driving Properly,Normal, , , , , , ,1,0,1,0,0,0,0,0,0,0,0,0,0,0
1126214,2009,9,22,22,20,1,43.66304538,-79.38379029,Toronto Centre-Rosedale (27),27,Church-Yonge Corridor (75),75,D51,Toronto East York,YONGE Stre,GROSVENOR Stre, ,Major Arterial,Intersection,At Intersection,Traffic Signal,Clear,Dark,Dry,Non-Fatal Injury,Pedestrian Collisions,Pedestrian,30 to 34,Major,0, ,Other, , , ,Vehicle is going straight thru inter.while ped cross without ROW,Other,Unknown, , , ,1,0,1,0,0,0,0,0,0,0,0,0,0,0
1374422,2013,6,29,22,20,5,43.63440664,-79.40874872,Trinity-Spadina (19),19,Niagara (82),82,D14,Toronto East York,LAKE SHORE Blvd W,REMEMBRANCE Dr, ,Major Arterial,Intersection,At Intersection,Traffic Signal,Clear,"Dark, artificial",Dry,Non-Fatal Injury,Turning Movement,Passenger,25 to 29,Minor,0, ,Other, , , , , , , , , ,0,0,1,1,0,0,0,1,0,0,0,0,0,0
1374422,2013,6,29,22,20,5,43.63440664,-79.40874872,Trinity-Spadina (19),19,Niagara (82),82,D14,Toronto East York,LAKE SHORE Blvd W,REMEMBRANCE Dr, ,Major Arterial,Intersection,At Intersection,Traffic Signal,Clear,"Dark, artificial",Dry,Non-Fatal Injury,Turning Movement,Motorcycle Driver,35 to 39,Major,0,East,Motorcycle,Going Ahead,Driving Properly,Normal, , , , , , ,0,0,1,1,0,0,0,1,0,0,0,0,0,0
1374422,2013,6,29,22,20,5,43.63440664,-79.40874872,Trinity-Spadina (19),19,Niagara (82),82,D14,Toronto East York,LAKE SHORE Blvd W,REMEMBRANCE Dr, ,Major Arterial,Intersection,At Intersection,Traffic Signal,Clear,"Dark, artificial",Dry,Non-Fatal Injury,Turning Movement,Vehicle Owner,unknown, ,0, ,Other, , , , , , , , , ,0,0,1,1,0,0,0,1,0,0,0,0,0,0
1374422,2013,6,29,22,20,5,43.63440664,-79.40874872,Trinity-Spadina (19),19,Niagara (82),82,D14,Toronto East York,LAKE SHORE Blvd W,REMEMBRANCE Dr, ,Major Arterial,Intersection,At Intersection,Traffic Signal,Clear,"Dark, artificial",Dry,Non-Fatal Injury,Turning Movement,Driver,40 to 44,Minimal,0,West,"Automobile, Station Wagon",Making U Turn,Improper Turn,Inattentive, , , , , , ,0,0,1,1,0,0,0,1,0,0,0,0,0,0
4002215759,2014,6,3,22,20,1,43.70297583,-79.25593195,Scarborough Southwest (36),36,Birchcliffe-Cliffside (122),122,D41,Scarborough,KENNEDY RD,HIGHVIEW AV,58 m North of,Major Arterial,Mid-Block,Non Intersection,No Control,Clear,Dark,Dry,Non-Fatal Injury,Sideswipe,Motorcycle Driver,45 to 49,Major,0,North,Motorcycle,Slowing or Stopping,Improper Passing,Inattentive, , , , , , ,0,0,1,1,0,0,0,1,0,1,0,0,0,0
4002215759,2014,6,3,22,20,1,43.70297583,-79.25593195,Scarborough Southwest (36),36,Birchcliffe-Cliffside (122),122,D41,Scarborough,KENNEDY RD,HIGHVIEW AV,58 m North of,Major Arterial,Mid-Block,Non Intersection,No Control,Clear,Dark,Dry,Non-Fatal Injury,Sideswipe,Driver,15 to 19,,0,North,Pick Up Truck,Overtaking,Driving Properly,Normal, , , , , , ,0,0,1,1,0,0,0,1,0,1,0,0,0,0
4002215759,2014,6,3,22,20,1,43.70297583,-79.25593195,Scarborough Southwest (36),36,Birchcliffe-Cliffside (122),122,D41,Scarborough,KENNEDY RD,HIGHVIEW AV,58 m North of,Major Arterial,Mid-Block,Non Intersection,No Control,Clear,Dark,Dry,Non-Fatal Injury,Sideswipe,Passenger,15 to 19,,0, , , , , , , , , , , ,0,0,1,1,0,0,0,1,0,1,0,0,0,0
5002176400,2015,12,19,22,20,5,43.71493872,-79.40009699,Don Valley West (25),25,Mount Pleasant East (99),99,D53,North York,YONGE ST,SHELDRAKE BLVD, ,Major Arterial,Intersection,At Intersection,Stop Sign,Clear,"Dark, artificial",Dry,Non-Fatal Injury,Pedestrian Collisions,Driver,50 to 54,,0,North,"Automobile, Station Wagon",Going Ahead,Driving Properly,Normal, , , , , , ,1,0,1,0,0,0,0,1,0,0,0,0,0,0
5002176400,2015,12,19,22,20,5,43.71493872,-79.40009699,Don Valley West (25),25,Mount Pleasant East (99),99,D53,North York,YONGE ST,SHELDRAKE BLVD, ,Major Arterial,Intersection,At Intersection,Stop Sign,Clear,"Dark, artificial",Dry,Non-Fatal Injury,Pedestrian Collisions,Passenger,60 to 64,,0, , , , , , , , , , , ,1,0,1,0,0,0,0,1,0,0,0,0,0,0
5002176400,2015,12,19,22,20,5,43.71493872,-79.40009699,Don Valley West (25),25,Mount Pleasant East (99),99,D53,North York,YONGE ST,SHELDRAKE BLVD, ,Major Arterial,Intersection,At Intersection,Stop Sign,Clear,"Dark, artificial",Dry,Non-Fatal Injury,Pedestrian Collisions,Pedestrian,65 to 69,Major,0,West, , , , ,Vehicle is going straight thru inter.while ped cross without ROW,Crossing without right of way,Inattentive, , , ,1,0,1,0,0,0,0,1,0,0,0,0,0,0
6002166207,2016,12,6,22,20,1,43.67525824,-79.3202859,Toronto-Danforth (30),30,Greenwood-Coxwell (65),65,D55,Toronto East York,GERRARD ST E,COXWELL AVE, ,Minor Arterial,Intersection,At Intersection,Traffic Signal,Rain,"Dark, artificial",Wet,Non-Fatal Injury,Pedestrian Collisions,Driver,50 to 54,,0,West,"Automobile, Station Wagon",Turning Left,Failed to Yield Right of Way,Inattentive, , , , , , ,1,0,1,0,0,0,0,0,0,1,0,0,0,0
6002166207,2016,12,6,22,20,1,43.67525824,-79.3202859,Toronto-Danforth (30),30,Greenwood-Coxwell (65),65,D55,Toronto East York,GERRARD ST E,COXWELL AVE, ,Minor Arterial,Intersection,At Intersection,Traffic Signal,Rain,"Dark, artificial",Wet,Non-Fatal Injury,Pedestrian Collisions,Pedestrian,50 to 54,Major,0,West, , , , ,Vehicle turns left while ped crosses with ROW at inter.,Crossing with right of way,Normal, , , ,1,0,1,0,0,0,0,0,0,1,0,0,0,0
7000041411,2017,1,7,22,22,5,43.64543875,-79.52377711,Etobicoke-Lakeshore (5),5,Islington-City Centre West (14),14,D22,Etobicoke York,ISLINGTON AVE,ABERFOYLE CRES,5 m South of,Major Arterial,Intersection,At Intersection,No Control,Clear,"Dark, artificial",Dry,Non-Fatal Injury,Rear End,Driver,20 to 24,Minor,0,North,"Automobile, Station Wagon",Going Ahead,Following too Close,Inattentive, , , , , , ,0,0,1,0,0,0,0,1,0,1,0,0,0,0
7000041411,2017,1,7,22,22,5,43.64543875,-79.52377711,Etobicoke-Lakeshore (5),5,Islington-City Centre West (14),14,D22,Etobicoke York,ISLINGTON AVE,ABERFOYLE CRES,5 m South of,Major Arterial,Intersection,At Intersection,No Control,Clear,"Dark, artificial",Dry,Non-Fatal Injury,Rear End,Driver,60 to 64,,0,North,Pick Up Truck,Slowing or Stopping,Driving Properly,Normal, , , , , , ,0,0,1,0,0,0,0,1,0,1,0,0,0,0
7000041411,2017,1,7,22,22,5,43.64543875,-79.52377711,Etobicoke-Lakeshore (5),5,Islington-City Centre West (14),14,D22,Etobicoke York,ISLINGTON AVE,ABERFOYLE CRES,5 m South of,Major Arterial,Intersection,At Intersection,No Control,Clear,"Dark, artificial",Dry,Non-Fatal Injury,Rear End,Passenger,20 to 24,Major,0, , , , , , , , , , , ,0,0,1,0,0,0,0,1,0,1,0,0,0,0
7000041411,2017,1,7,22,22,5,43.64543875,-79.52377711,Etobicoke-Lakeshore (5),5,Islington-City Centre West (14),14,D22,Etobicoke York,ISLINGTON AVE,ABERFOYLE CRES,5 m South of,Major Arterial,Intersection,At Intersection,No Control,Clear,"Dark, artificial",Dry,Non-Fatal Injury,Rear End,Passenger,60 to 64,,0, , , , , , , , , , , ,0,0,1,0,0,0,0,1,0,1,0,0,0,0
6001025245,2016,6,12,22,23,6,43.64464148,-79.52342615,Etobicoke-Lakeshore (5),5,Stonegate-Queensway (16),16,D22,Etobicoke York,BLOOR ST W,ISLINGTON AVE, ,Major Arterial,Intersection,At Intersection,Traffic Signal,Clear,"Dark, artificial",Dry,Non-Fatal Injury,Angle,Driver,50 to 54,Major,0,North,"Automobile, Station Wagon",Going Ahead,Disobeyed Traffic Control,Inattentive, , , , , , ,0,0,1,0,0,0,0,1,0,1,1,0,0,0
6001025245,2016,6,12,22,23,6,43.64464148,-79.52342615,Etobicoke-Lakeshore (5),5,Stonegate-Queensway (16),16,D22,Etobicoke York,BLOOR ST W,ISLINGTON AVE, ,Major Arterial,Intersection,At Intersection,Traffic Signal,Clear,"Dark, artificial",Dry,Non-Fatal Injury,Angle,Driver,40 to 44,Minor,0,East,"Automobile, Station Wagon",Going Ahead,Driving Properly,Normal, , , , , , ,0,0,1,0,0,0,0,1,0,1,1,0,0,0
6001025245,2016,6,12,22,23,6,43.64464148,-79.52342615,Etobicoke-Lakeshore (5),5,Stonegate-Queensway (16),16,D22,Etobicoke York,BLOOR ST W,ISLINGTON AVE, ,Major Arterial,Intersection,At Intersection,Traffic Signal,Clear,"Dark, artificial",Dry,Non-Fatal Injury,Angle,Passenger,55 to 59,Major,0, , , , , , , , , , , ,0,0,1,0,0,0,0,1,0,1,1,0,0,0
1224710,2011,3,24,22,25,3,43.79914538,-79.21289029,Scarborough-Rouge River (42),42,Malvern (132),132,D42,Scarborough,SHEPPARD AVE E,MURISON BLVD, ,Major Arterial,Intersection,At Intersection,Traffic Signal,Clear,Dark,Dry,Fatal,Pedestrian Collisions,Pedestrian,20 to 24,Fatal,6,South,Other, , , ,Vehicle is going straight thru inter.while ped cross without ROW,Crossing without right of way,Normal, , , ,1,0,1,0,0,0,0,0,1,1,0,0,0,1
1092885,2009,3,4,21,41,2,43.68814538,-79.30179029,Beaches-East York (32),32,East End-Danforth (62),62,D55,Toronto East York,MAIN Stre,DANFORTH Aven, ,Major Arterial, , , ,Other,Dark,Other,Non-Fatal Injury,Other,Driver,50 to 54,Minor,0, ,"Automobile, Station Wagon",Unknown, , , , , , , , ,0,0,1,0,0,0,0,1,0,0,0,0,0,0
1304055,2012,7,13,21,51,4,43.73644538,-79.24899029,Scarborough Southwest (35),35,Kennedy Park (124),124,D41,Scarborough,EGLINTON AVE E,BRIMLEY RD, ,Major Arterial,Mid-Block, ,No Control,Clear,"Dark, artificial",Dry,Fatal,Pedestrian Collisions,Pedestrian,45 to 49,Fatal,21,North,Other, , , ,Pedestrian hit at mid-block,"Crossing, no Traffic Control",Unknown, , , ,1,0,1,0,0,0,0,0,0,0,0,0,0,1
1092886,2009,3,4,21,41,2,43.68814538,-79.30179029,Beaches-East York (32),32,East End-Danforth (62),62,D55,Toronto East York,DANFORTH Aven,MAIN Stre, ,Major Arterial, , , ,Other,Dark,Other,Non-Fatal Injury,Other,Vehicle Owner,unknown,,0, ,Other,Other, , , , , , , , ,0,0,1,0,0,0,0,1,0,0,0,0,0,0
7001838870,2017,10,10,21,0,1,43.82553824,-79.27529536,Scarborough-Rouge River (41),41,Milliken (130),130,D42,Scarborough,3358 MCCOWAN RD, , ,Major Arterial,Mid-Block,At/Near Private Drive,No Control,Clear,"Dark, artificial",Dry,Non-Fatal Injury,Pedestrian Collisions,Pedestrian,65 to 69,Major,0,East, , , , ,Pedestrian hit at mid-block,"Crossing, no Traffic Control",Normal, , , ,1,0,1,0,0,0,0,0,0,0,0,0,0,0
7003223464,2017,12,18,21,51,0,43.75328438,-79.53622829,York West (7),7,Humbermede (22),22,D31,Etobicoke York,FINCH AV W,SIGNET DR, ,Major Arterial,Intersection,At Intersection,Traffic Signal,Clear,"Dark, artificial",Dry,Non-Fatal Injury,Pedestrian Collisions,Driver,70 to 74,,0,South,"Automobile, Station Wagon",Going Ahead,Disobeyed Traffic Control,Inattentive, , , , , , ,1,0,1,0,0,0,0,0,0,1,1,0,0,0
1240761,2011,6,27,22,25,0,43.75154538,-79.48809029,York Centre (9),9,York University Heights (27),27,D31,North York,KEELE St,GRANDRAVINE Dr, ,Major Arterial,Mid-Block, ,No Control,Clear,Dark,Dry,Non-Fatal Injury,Pedestrian Collisions,Driver,60 to 64,,0,South,"Automobile, Station Wagon",Going Ahead,Driving Properly,Unknown, , , , , , ,1,0,1,0,0,0,0,0,0,0,0,0,0,0
7003011875,2017,11,15,21,0,2,43.76480438,-79.50129329,York West (8),8,York University Heights (27),27,D31,North York,MURREY ROSS PKWY,SENTINAL RD, ,Minor Arterial,Intersection,At Intersection,Traffic Signal,Clear,"Dark, artificial",Dry,Non-Fatal Injury,Pedestrian Collisions,Driver,0 to 4,,0,North,"Automobile, Station Wagon",Turning Left,Failed to Yield Right of Way,Unknown, , , , , , ,1,0,1,0,0,0,0,0,0,1,0,0,0,0
1092886,2009,3,4,21,41,2,43.68814538,-79.30179029,Beaches-East York (32),32,East End-Danforth (62),62,D55,Toronto East York,DANFORTH Aven,MAIN Stre, ,Major Arterial, , , ,Other,Dark,Other,Non-Fatal Injury,Other,Driver,unknown,,0, ,Other,Unknown, , , , , , , , ,0,0,1,0,0,0,0,1,0,0,0,0,0,0
7003223464,2017,12,18,21,51,0,43.75328438,-79.53622829,York West (7),7,Humbermede (22),22,D31,Etobicoke York,FINCH AV W,SIGNET DR, ,Major Arterial,Intersection,At Intersection,Traffic Signal,Clear,"Dark, artificial",Dry,Non-Fatal Injury,Pedestrian Collisions,Pedestrian,35 to 39,Major,0, , , , , , , ,Normal, , , ,1,0,1,0,0,0,0,0,0,1,1,0,0,0
7003011875,2017,11,15,21,0,2,43.76480438,-79.50129329,York West (8),8,York University Heights (27),27,D31,North York,MURREY ROSS PKWY,SENTINAL RD, ,Minor Arterial,Intersection,At Intersection,Traffic Signal,Clear,"Dark, artificial",Dry,Non-Fatal Injury,Pedestrian Collisions,Pedestrian,15 to 19,Major,0, , , , , , , ,Normal, , , ,1,0,1,0,0,0,0,0,0,1,0,0,0,0
1240761,2011,6,27,22,25,0,43.75154538,-79.48809029,York Centre (9),9,York University Heights (27),27,D31,North York,KEELE St,GRANDRAVINE Dr, ,Major Arterial,Mid-Block, ,No Control,Clear,Dark,Dry,Non-Fatal Injury,Pedestrian Collisions,Pedestrian,45 to 49,Major,0,West,Other, , , ,Pedestrian hit at mid-block,"Crossing, no Traffic Control",Had Been Drinking, , , ,1,0,1,0,0,0,0,0,0,0,0,0,0,0
1092886,2009,3,4,21,41,2,43.68814538,-79.30179029,Beaches-East York (32),32,East End-Danforth (62),62,D55,Toronto East York,DANFORTH Aven,MAIN Stre, ,Major Arterial, , , ,Other,Dark,Other,Non-Fatal Injury,Other,Passenger,unknown,Major,0, ,Other,Other, , , , , , , , ,0,0,1,0,0,0,0,1,0,0,0,0,0,0
1035278,2008,3,26,21,52,2,43.75584538,-79.34699029,Don Valley East (34),34,St.Andrew-Windfields (40),40,D33,North York,YORK MILLS RD,DON MILLS RD, ,Major Arterial,Intersection,At Intersection,Traffic Signal,Clear,Dark,Dry,Non-Fatal Injury,Pedestrian Collisions,Vehicle Owner,unknown, ,0, ,Other, , , , , , , , , ,1,0,1,0,0,0,0,0,0,0,0,0,0,0
1035278,2008,3,26,21,52,2,43.75584538,-79.34699029,Don Valley East (34),34,St.Andrew-Windfields (40),40,D33,North York,YORK MILLS RD,DON MILLS RD, ,Major Arterial,Intersection,At Intersection,Traffic Signal,Clear,Dark,Dry,Non-Fatal Injury,Pedestrian Collisions,Driver,20 to 24,,0,West,"Automobile, Station Wagon",Going Ahead,Driving Properly,Normal, , , , , , ,1,0,1,0,0,0,0,0,0,0,0,0,0,0
1035278,2008,3,26,21,52,2,43.75584538,-79.34699029,Don Valley East (34),34,St.Andrew-Windfields (40),40,D33,North York,YORK MILLS RD,DON MILLS RD, ,Major Arterial,Intersection,At Intersection,Traffic Signal,Clear,Dark,Dry,Non-Fatal Injury,Pedestrian Collisions,Pedestrian,40 to 44,Major,0,North,Other, , , ,Vehicle is going straight thru inter.while ped cross without ROW,Crossing without right of way,Inattentive, , , ,1,0,1,0,0,0,0,0,0,0,0,0,0,0