ACCNUM,YEAR,MONTH,DAY,HOUR,MINUTES,WEEKDAY,LATITUDE,LONGITUDE,Ward_Name,Ward_ID,Hood_Name,Hood_ID,Division,District,STREET1,STREET2,OFFSET,ROAD_CLASS,LOCCOORD,ACCLOC,TRAFFCTL,VISIBILITY,LIGHT,RDSFCOND,ACCLASS,IMPACTYPE,INVTYPE,INVAGE,INJURY,FATAL_NO,INITDIR,VEHTYPE,MANOEUVER,DRIVACT,DRIVCOND,PEDTYPE,PEDACT,PEDCOND,CYCLISTYPE,CYCACT,CYCCOND,PEDESTRIAN,CYCLIST,AUTOMOBILE,MOTORCYCLE,TRUCK,TRSN_CITY_VEH,EMERG_VEH,PASSENGER,SPEEDING,AG_DRIV,REDLIGHT,ALCOHOL,DISABILITY,label
1058658,2008,9,14,21,52,6,43.65094538,-79.34839029,Toronto Centre-Rosedale (28),28,Waterfront Communities-The Island (77),77,D51,Toronto East York,F G GARDINER Expr E,DON VALLEY PARKWAY  N, ,Expressway,Mid-Block, ,No Control,Rain,Dark,Wet,Non-Fatal Injury,SMV Other,Driver,30 to 34,Major,0,East,"Automobile, Station Wagon",Going Ahead,Lost control,Normal, , , , , , ,0,0,1,0,0,0,0,0,0,0,0,0,0,0
1116001,2009,6,20,21,52,5,43.69204538,-79.33779029,Toronto-Danforth (29),29,Old East York (58),58,D54,Toronto East York,COSBURN AVE,GREENWOOD AVE, ,Minor Arterial,Intersection,At Intersection,Traffic Signal,Clear,Dark,Wet,Non-Fatal Injury,Pedestrian Collisions,Driver,45 to 49,,0,West,"Automobile, Station Wagon",Going Ahead,Driving Properly,Normal, , , , , , ,1,0,1,0,0,0,0,0,0,0,0,0,0,0
1116001,2009,6,20,21,52,5,43.69204538,-79.33779029,Toronto-Danforth (29),29,Old East York (58),58,D54,Toronto East York,COSBURN AVE,GREENWOOD AVE, ,Minor Arterial,Intersection,At Intersection,Traffic Signal,Clear,Dark,Wet,Non-Fatal Injury,Pedestrian Collisions,Pedestrian,15 to 19,Major,0, ,Other, , , ,Vehicle is going straight thru inter.while ped cross without ROW,Running onto Roadway,Inattentive, , , ,1,0,1,0,0,0,0,0,0,0,0,0,0,0
1373362,2013,9,2,21,52,0,43.64223822,-79.56599055,Etobicoke Centre (3),3,Etobicoke West Mall (13),13,D22,Etobicoke York,THE WEST MALL,CIVIC CENTRE CRT, ,Minor Arterial,Intersection, ,Traffic Signal,Clear,Dark,Dry,Non-Fatal Injury,Cyclist Collisions,Driver,unknown,,0,West,"Automobile, Station Wagon",Turning Right,Failed to Yield Right of Way,Normal, , , , , , ,0,1,1,0,0,0,0,0,0,1,0,0,0,0
1373362,2013,9,2,21,52,0,43.64223822,-79.56599055,Etobicoke Centre (3),3,Etobicoke West Mall (13),13,D22,Etobicoke York,THE WEST MALL,CIVIC CENTRE CRT, ,Minor Arterial,Intersection, ,Traffic Signal,Clear,Dark,Dry,Non-Fatal Injury,Cyclist Collisions,Cyclist,25 to 29,Major,0,North,Bicycle,Going Ahead, , , , , ,Motorist turning right on red at signalized intersection strikes cyclist.,Driving Properly,Normal,0,1,1,0,0,0,0,0,0,1,0,0,0,0
5001404706,2015,8,15,21,52,5,43.63332709,-79.43455897,Parkdale-High Park (14),14,South Parkdale (85),85,D14,Toronto East York,LAKE SHORE BLVD W,JAMESON AVE, ,Major Arterial,Intersection,Non Intersection,No Control,Clear,"Dark, artificial",Dry,Non-Fatal Injury,Approaching,Driver,50 to 54,Major,0,East,"Automobile, Station Wagon",Going Ahead,Failed to Yield Right of Way,Inattentive, , , , , , ,0,0,1,0,0,0,0,0,0,1,0,0,0,0
5001404706,2015,8,15,21,52,5,43.63332709,-79.43455897,Parkdale-High Park (14),14,South Parkdale (85),85,D14,Toronto East York,LAKE SHORE BLVD W,JAMESON AVE, ,Major Arterial,Intersection,Non Intersection,No Control,Clear,"Dark, artificial",Dry,Non-Fatal Injury,Approaching,Driver,25 to 29,Minimal,0,West,"Automobile, Station Wagon",Going Ahead,Driving Properly,Normal, , , , , , ,0,0,1,0,0,0,0,0,0,1,0,0,0,0
5001404706,2015,8,15,21,52,5,43.63332709,-79.43455897,Parkdale-High Park (14),14,South Parkdale (85),85,D14,Toronto East York,LAKE SHORE BLVD W,JAMESON AVE, ,Major Arterial,Intersection,Non Intersection,No Control,Clear,"Dark, artificial",Dry,Non-Fatal Injury,Approaching,Driver,25 to 29,Minimal,0,West,"Automobile, Station Wagon",Going Ahead,Driving Properly,Normal, , , , , , ,0,0,1,0,0,0,0,0,0,1,0,0,0,0
4003419867,2014,12,3,21,53,2,43.73462256,-79.55987177,Etobicoke North (1),1,Thistletown-Beaumond Heights (3),3,D23,Etobicoke York,ALBION RD,THISTLE DOWN BLVD,100 m East of,Major Arterial,Mid-Block,Non Intersection,No Control,Clear,"Dark, artificial",Dry,Non-Fatal Injury,Approaching,Driver,20 to 24,Minor,0,West,Delivery Van,Going Ahead,Lost control,Fatigue, , , , , , ,0,0,1,0,0,0,0,0,0,0,0,0,0,0
4003419867,2014,12,3,21,53,2,43.73462256,-79.55987177,Etobicoke North (1),1,Thistletown-Beaumond Heights (3),3,D23,Etobicoke York,ALBION RD,THISTLE DOWN BLVD,100 m East of,Major Arterial,Mid-Block,Non Intersection,No Control,Clear,"Dark, artificial",Dry,Non-Fatal Injury,Approaching,Driver,35 to 39,Major,0,East,"Automobile, Station Wagon",Going Ahead,Driving Properly,Normal, , , , , , ,0,0,1,0,0,0,0,0,0,0,0,0,0,0
6000522644,2016,3,27,21,53,6,43.70510061,-79.55042658,Etobicoke North (2),2,Kingsview Village-The Westway (6),6,D23,Etobicoke York,MONOGRAM PL,ISLINGTON AVE, ,Major Arterial,Intersection,At Intersection,Traffic Signal,Clear,"Dark, artificial",Dry,Non-Fatal Injury,Turning Movement,Driver,25 to 29,,0,South,"Automobile, Station Wagon",Going Ahead,Disobeyed Traffic Control,Had Been Drinking, , , , , , ,0,0,1,0,0,0,0,1,1,1,1,0,0,0
6000522644,2016,3,27,21,53,6,43.70510061,-79.55042658,Etobicoke North (2),2,Kingsview Village-The Westway (6),6,D23,Etobicoke York,MONOGRAM PL,ISLINGTON AVE, ,Major Arterial,Intersection,At Intersection,Traffic Signal,Clear,"Dark, artificial",Dry,Non-Fatal Injury,Turning Movement,Driver,50 to 54,Major,0,East,"Automobile, Station Wagon",Turning Left,Driving Properly,Normal, , , , , , ,0,0,1,0,0,0,0,1,1,1,1,0,0,0
6000522644,2016,3,27,21,53,6,43.70510061,-79.55042658,Etobicoke North (2),2,Kingsview Village-The Westway (6),6,D23,Etobicoke York,MONOGRAM PL,ISLINGTON AVE, ,Major Arterial,Intersection,At Intersection,Traffic Signal,Clear,"Dark, artificial",Dry,Non-Fatal Injury,Turning Movement,Passenger,25 to 29,Major,0, , , , , , , , , , , ,0,0,1,0,0,0,0,1,1,1,1,0,0,0
6001509218,2016,8,25,21,53,3,43.69697912,-79.54668818,Etobicoke Centre (4),4,Kingsview Village-The Westway (6),6,D23,Etobicoke York,DIXON RD,ISLINGTON AVE, ,Major Arterial,Intersection,At Intersection,Traffic Signal,Clear,"Dark, artificial",Dry,Non-Fatal Injury,Pedestrian Collisions,Driver,30 to 34,,0,West,"Automobile, Station Wagon",Turning Left,Improper Turn,Normal, , , , , , ,1,0,1,0,0,0,0,1,0,0,0,0,0,0
6001509218,2016,8,25,21,53,3,43.69697912,-79.54668818,Etobicoke Centre (4),4,Kingsview Village-The Westway (6),6,D23,Etobicoke York,DIXON RD,ISLINGTON AVE, ,Major Arterial,Intersection,At Intersection,Traffic Signal,Clear,"Dark, artificial",Dry,Non-Fatal Injury,Pedestrian Collisions,Driver,25 to 29,,0,East,"Automobile, Station Wagon",Going Ahead,Driving Properly,Normal, , , , , , ,1,0,1,0,0,0,0,1,0,0,0,0,0,0
6001509218,2016,8,25,21,53,3,43.69697912,-79.54668818,Etobicoke Centre (4),4,Kingsview Village-The Westway (6),6,D23,Etobicoke York,DIXON RD,ISLINGTON AVE, ,Major Arterial,Intersection,At Intersection,Traffic Signal,Clear,"Dark, artificial",Dry,Non-Fatal Injury,Pedestrian Collisions,Passenger,10 to 14,,0, , , , , , , , , , , ,1,0,1,0,0,0,0,1,0,0,0,0,0,0
6001509218,2016,8,25,21,53,3,43.69697912,-79.54668818,Etobicoke Centre (4),4,Kingsview Village-The Westway (6),6,D23,Etobicoke York,DIXON RD,ISLINGTON AVE, ,Major Arterial,Intersection,At Intersection,Traffic Signal,Clear,"Dark, artificial",Dry,Non-Fatal Injury,Pedestrian Collisions,Passenger,5 to 9,,0, , , , , , , , , , , ,1,0,1,0,0,0,0,1,0,0,0,0,0,0
6001509218,2016,8,25,21,53,3,43.69697912,-79.54668818,Etobicoke Centre (4),4,Kingsview Village-The Westway (6),6,D23,Etobicoke York,DIXON RD,ISLINGTON AVE, ,Major Arterial,Intersection,At Intersection,Traffic Signal,Clear,"Dark, artificial",Dry,Non-Fatal Injury,Pedestrian Collisions,Pedestrian,55 to 59,Major,0,East, , , , ,Vehicle turns left while ped crosses with ROW at inter.,Crossing with right of way,Normal, , , ,1,0,1,0,0,0,0,1,0,0,0,0,0,0
6002114627,2016,11,28,21,53,0,43.67193564,-79.37065516,Toronto Centre-Rosedale (28),28,Cabbagetown-South St.James Town (71),71,D51,Toronto East York,BLOOR ST E,PARLIAMENT ST, ,Major Arterial,Intersection,At Intersection,Traffic Signal,Clear,Dark,Dry,Fatal,SMV Other,Driver,20 to 24,,0,East,"Automobile, Station Wagon",Going Ahead,Lost control,"Ability Impaired, Drugs", , , , , , ,0,0,1,0,0,0,0,1,0,0,0,0,0,1
6002114627,2016,11,28,21,53,0,43.67193564,-79.37065516,Toronto Centre-Rosedale (28),28,Cabbagetown-South St.James Town (71),71,D51,Toronto East York,BLOOR ST E,PARLIAMENT ST, ,Major Arterial,Intersection,At Intersection,Traffic Signal,Clear,Dark,Dry,Fatal,SMV Other,Passenger,25 to 29,Fatal,74, , , , , , , , , , , ,0,0,1,0,0,0,0,1,0,0,0,0,0,1
6002114627,2016,11,28,21,53,0,43.67193564,-79.37065516,Toronto Centre-Rosedale (28),28,Cabbagetown-South St.James Town (71),71,D51,Toronto East York,BLOOR ST E,PARLIAMENT ST, ,Major Arterial,Intersection,At Intersection,Traffic Signal,Clear,Dark,Dry,Fatal,SMV Other,Passenger,20 to 24,Minor,0, , , , , , , , , , , ,0,0,1,0,0,0,0,1,0,0,0,0,0,1
6002114627,2016,11,28,21,53,0,43.67193564,-79.37065516,Toronto Centre-Rosedale (28),28,Cabbagetown-South St.James Town (71),71,D51,Toronto East York,BLOOR ST E,PARLIAMENT ST, ,Major Arterial,Intersection,At Intersection,Traffic Signal,Clear,Dark,Dry,Fatal,SMV Other,Passenger,20 to 24,Major,0, , , , , , , , , , , ,0,0,1,0,0,0,0,1,0,0,0,0,0,1
1002002,2007,11,8,21,54,3,43.66194538,-79.36699029,Toronto Centre-Rosedale (28),28,Regent Park (72),72,D51,Toronto East York,GERRARD Stre E,PARLIAMENT Stre, ,Minor Arterial,Intersection,At Intersection,Traffic Signal,Rain,Dark,Wet,Non-Fatal Injury,Pedestrian Collisions,Driver,unknown,,0,West,"Automobile, Station Wagon",Going Ahead,Disobeyed Traffic Control,Unknown, , , , , , ,1,0,1,0,0,0,0,0,0,1,1,0,0,0
1002002,2007,11,8,21,54,3,43.66194538,-79.36699029,Toronto Centre-Rosedale (28),28,Regent Park (72),72,D51,Toronto East York,GERRARD Stre E,PARLIAMENT Stre, ,Minor Arterial,Intersection,At Intersection,Traffic Signal,Rain,Dark,Wet,Non-Fatal Injury,Pedestrian Collisions,Pedestrian,40 to 44,Minimal,0,South,Other, , , ,Vehicle is going straight thru inter.while ped cross with ROW,Crossing with right of way,Normal, , , ,1,0,1,0,0,0,0,0,0,1,1,0,0,0
1002002,2007,11,8,21,54,3,43.66194538,-79.36699029,Toronto Centre-Rosedale (28),28,Regent Park (72),72,D51,Toronto East York,GERRARD Stre E,PARLIAMENT Stre, ,Minor Arterial,Intersection,At Intersection,Traffic Signal,Rain,Dark,Wet,Non-Fatal Injury,Pedestrian Collisions,Pedestrian,10 to 14,Major,0,South,Other, , , ,Vehicle is going straight thru inter.while ped cross with ROW,Crossing with right of way,Normal, , , ,1,0,1,0,0,0,0,0,0,1,1,0,0,0
1002002,2007,11,8,21,54,3,43.66194538,-79.36699029,Toronto Centre-Rosedale (28),28,Regent Park (72),72,D51,Toronto East York,GERRARD Stre E,PARLIAMENT Stre, ,Minor Arterial,Intersection,At Intersection,Traffic Signal,Rain,Dark,Wet,Non-Fatal Injury,Pedestrian Collisions,Pedestrian,5 to 9,Minimal,0,South,Other, , , ,Vehicle is going straight thru inter.while ped cross with ROW,Crossing with right of way,Normal, , , ,1,0,1,0,0,0,0,0,0,1,1,0,0,0
979564,2007,7,12,21,55,3,43.64474538,-79.40299029,Trinity-Spadina (20),20,Waterfront Communities-The Island (77),77,D14,Toronto East York,BATHURST ST,BROWNS LANE W, ,Major Arterial,Mid-Block,At Intersection,No Control,Clear,Dark,Dry,Non-Fatal Injury,Pedestrian Collisions,Vehicle Owner,unknown,,0, ,Other, , , , , , , , , ,1,0,1,0,0,0,0,0,0,0,0,0,0,0
979564,2007,7,12,21,55,3,43.64474538,-79.40299029,Trinity-Spadina (20),20,Waterfront Communities-The Island (77),77,D14,Toronto East York,BATHURST ST,BROWNS LANE W, ,Major Arterial,Mid-Block,At Intersection,No Control,Clear,Dark,Dry,Non-Fatal Injury,Pedestrian Collisions,Driver,45 to 49,,0,South,"Automobile, Station Wagon",Going Ahead,Driving Properly, , , , , , , ,1,0,1,0,0,0,0,0,0,0,0,0,0,0
979564,2007,7,12,21,55,3,43.64474538,-79.40299029,Trinity-Spadina (20),20,Waterfront Communities-The Island (77),77,D14,Toronto East York,BATHURST ST,BROWNS LANE W, ,Major Arterial,Mid-Block,At Intersection,No Control,Clear,Dark,Dry,Non-Fatal Injury,Pedestrian Collisions,Pedestrian,55 to 59,Major,0,West,Other, , , ,Pedestrian hit at mid-block,Running onto Roadway,Inattentive, , , ,1,0,1,0,0,0,0,0,0,0,0,0,0,0
991482,2007,9,20,21,55,3,43.67214538,-79.40599029,Trinity-Spadina (20),20,Annex (95),95,D53,Toronto East York,SPADINA RD,BERNARD AVE, ,Minor Arterial,Intersection,At Intersection,Traffic Signal,Clear,Dark,Dry,Fatal,Turning Movement,Passenger,20 to 24,Fatal,0, ,Other, , , , , , , , , ,0,0,1,0,0,0,0,1,1,1,0,0,0,1
991482,2007,9,20,21,55,3,43.67214538,-79.40599029,Trinity-Spadina (20),20,Annex (95),95,D53,Toronto East York,SPADINA RD,BERNARD AVE, ,Minor Arterial,Intersection,At Intersection,Traffic Signal,Clear,Dark,Dry,Fatal,Turning Movement,Vehicle Owner,unknown, ,0, ,Other, , , , , , , , , ,0,0,1,0,0,0,0,1,1,1,0,0,0,1
991482,2007,9,20,21,55,3,43.67214538,-79.40599029,Trinity-Spadina (20),20,Annex (95),95,D53,Toronto East York,SPADINA RD,BERNARD AVE, ,Minor Arterial,Intersection,At Intersection,Traffic Signal,Clear,Dark,Dry,Fatal,Turning Movement,Driver,20 to 24,Minimal,0,South,"Automobile, Station Wagon",Turning Left,Improper Turn,Unknown, , , , , , ,0,0,1,0,0,0,0,1,1,1,0,0,0,1
991482,2007,9,20,21,55,3,43.67214538,-79.40599029,Trinity-Spadina (20),20,Annex (95),95,D53,Toronto East York,SPADINA RD,BERNARD AVE, ,Minor Arterial,Intersection,At Intersection,Traffic Signal,Clear,Dark,Dry,Fatal,Turning Movement,Passenger,40 to 44,Minor,0, ,Other, , , , , , , , , ,0,0,1,0,0,0,0,1,1,1,0,0,0,1
991482,2007,9,20,21,55,3,43.67214538,-79.40599029,Trinity-Spadina (20),20,Annex (95),95,D53,Toronto East York,SPADINA RD,BERNARD AVE, ,Minor Arterial,Intersection,At Intersection,Traffic Signal,Clear,Dark,Dry,Fatal,Turning Movement,Driver,35 to 39,Minimal,0,North,"Automobile, Station Wagon",Going Ahead,Driving Properly,Normal, , , , , , ,0,0,1,0,0,0,0,1,1,1,0,0,0,1
1027162,2008,3,10,21,55,0,43.67984538,-79.53899029,Etobicoke Centre (4),4,Willowridge-Martingrove-Richview (7),7,D22,Etobicoke York,EGLINTON AVE W,ISLINGTON AVE, ,Major Arterial,Intersection, ,Traffic Signal,Clear,Dark,Dry,Non-Fatal Injury,Turning Movement,Passenger,85 to 89,Major,0, ,"Automobile, Station Wagon", , , , , , , , , ,0,0,1,0,0,0,0,1,1,1,0,0,0,0
1027162,2008,3,10,21,55,0,43.67984538,-79.53899029,Etobicoke Centre (4),4,Willowridge-Martingrove-Richview (7),7,D22,Etobicoke York,EGLINTON AVE W,ISLINGTON AVE, ,Major Arterial,Intersection, ,Traffic Signal,Clear,Dark,Dry,Non-Fatal Injury,Turning Movement,Driver,85 to 89,Minor,0,West,"Automobile, Station Wagon",Turning Left,Failed to Yield Right of Way,Normal, , , , , , ,0,0,1,0,0,0,0,1,1,1,0,0,0,0
1027162,2008,3,10,21,55,0,43.67984538,-79.53899029,Etobicoke Centre (4),4,Willowridge-Martingrove-Richview (7),7,D22,Etobicoke York,EGLINTON AVE W,ISLINGTON AVE, ,Major Arterial,Intersection, ,Traffic Signal,Clear,Dark,Dry,Non-Fatal Injury,Turning Movement,Vehicle Owner,unknown, ,0, ,Other, , , , , , , , , ,0,0,1,0,0,0,0,1,1,1,0,0,0,0
1027162,2008,3,10,21,55,0,43.67984538,-79.53899029,Etobicoke Centre (4),4,Willowridge-Martingrove-Richview (7),7,D22,Etobicoke York,EGLINTON AVE W,ISLINGTON AVE, ,Major Arterial,Intersection, ,Traffic Signal,Clear,Dark,Dry,Non-Fatal Injury,Turning Movement,Driver,15 to 19,Minimal,0,East,"Automobile, Station Wagon",Slowing or Stopping,Driving Properly,Normal, , , , , , ,0,0,1,0,0,0,0,1,1,1,0,0,0,0
1047968,2008,7,11,21,55,4,43.78844538,-79.46399029,York Centre (10),10,Westminster-Branson (35),35,D32,North York,STEELES AVE W,HIDDEN TRL, ,Major Arterial,Mid-Block, ,No Control,Clear,Dark,Dry,Fatal,Approaching,Vehicle Owner,unknown, ,0, ,Other, , , , , , , , , ,0,0,1,0,1,0,0,1,1,1,0,0,0,1
1047968,2008,7,11,21,55,4,43.78844538,-79.46399029,York Centre (10),10,Westminster-Branson (35),35,D32,North York,STEELES AVE W,HIDDEN TRL, ,Major Arterial,Mid-Block, ,No Control,Clear,Dark,Dry,Fatal,Approaching,Truck Driver,25 to 29,,0,West,Truck - Open,Going Ahead,Driving Properly,Normal, , , , , , ,0,0,1,0,1,0,0,1,1,1,0,0,0,1
1047968,2008,7,11,21,55,4,43.78844538,-79.46399029,York Centre (10),10,Westminster-Branson (35),35,D32,North York,STEELES AVE W,HIDDEN TRL, ,Major Arterial,Mid-Block, ,No Control,Clear,Dark,Dry,Fatal,Approaching,Passenger,20 to 24,Minor,0, ,Other, , , , , , , , , ,0,0,1,0,1,0,0,1,1,1,0,0,0,1
1047968,2008,7,11,21,55,4,43.78844538,-79.46399029,York Centre (10),10,Westminster-Branson (35),35,D32,North York,STEELES AVE W,HIDDEN TRL, ,Major Arterial,Mid-Block, ,No Control,Clear,Dark,Dry,Fatal,Approaching,Driver,55 to 59,Minor,0,West,"Automobile, Station Wagon",Going Ahead,Driving Properly,Normal, , , , , , ,0,0,1,0,1,0,0,1,1,1,0,0,0,1
1047968,2008,7,11,21,55,4,43.78844538,-79.46399029,York Centre (10),10,Westminster-Branson (35),35,D32,North York,STEELES AVE W,HIDDEN TRL, ,Major Arterial,Mid-Block, ,No Control,Clear,Dark,Dry,Fatal,Approaching,Vehicle Owner,unknown, ,0, ,Other, , , , , , , , , ,0,0,1,0,1,0,0,1,1,1,0,0,0,1
1047968,2008,7,11,21,55,4,43.78844538,-79.46399029,York Centre (10),10,Westminster-Branson (35),35,D32,North York,STEELES AVE W,HIDDEN TRL, ,Major Arterial,Mid-Block, ,No Control,Clear,Dark,Dry,Fatal,Approaching,Driver,30 to 34,Fatal,30,East,"Automobile, Station Wagon",Going Ahead,Lost control,Unknown, , , , , , ,0,0,1,0,1,0,0,1,1,1,0,0,0,1
1047968,2008,7,11,21,55,4,43.78844538,-79.46399029,York Centre (10),10,Westminster-Branson (35),35,D32,North York,STEELES AVE W,HIDDEN TRL, ,Major Arterial,Mid-Block, ,No Control,Clear,Dark,Dry,Fatal,Approaching,Vehicle Owner,unknown, ,0, ,Other, , , , , , , , , ,0,0,1,0,1,0,0,1,1,1,0,0,0,1
983329,2007,8,3,21,56,4,43.72404538,-79.26449029,Scarborough Southwest (35),35,Kennedy Park (124),124,D41,Scarborough,KENNEDY RD,FOXRIDGE DR, ,Major Arterial,Intersection,At Intersection,No Control,Clear,"Dusk, artificial",Dry,Non-Fatal Injury,Turning Movement,Vehicle Owner,unknown,,0, ,Other, , , , , , , , , ,0,1,1,0,0,0,0,1,0,0,0,0,0,0
983329,2007,8,3,21,56,4,43.72404538,-79.26449029,Scarborough Southwest (35),35,Kennedy Park (124),124,D41,Scarborough,KENNEDY RD,FOXRIDGE DR, ,Major Arterial,Intersection,At Intersection,No Control,Clear,"Dusk, artificial",Dry,Non-Fatal Injury,Turning Movement,Moped Driver,35 to 39,Major,0,South,"Automobile, Station Wagon",Going Ahead,Driving Properly,Normal, , , , , , ,0,1,1,0,0,0,0,1,0,0,0,0,0,0
983329,2007,8,3,21,56,4,43.72404538,-79.26449029,Scarborough Southwest (35),35,Kennedy Park (124),124,D41,Scarborough,KENNEDY RD,FOXRIDGE DR, ,Major Arterial,Intersection,At Intersection,No Control,Clear,"Dusk, artificial",Dry,Non-Fatal Injury,Turning Movement,Passenger,15 to 19,,0, ,Other, , , , , , , , , ,0,1,1,0,0,0,0,1,0,0,0,0,0,0
983329,2007,8,3,21,56,4,43.72404538,-79.26449029,Scarborough Southwest (35),35,Kennedy Park (124),124,D41,Scarborough,KENNEDY RD,FOXRIDGE DR, ,Major Arterial,Intersection,At Intersection,No Control,Clear,"Dusk, artificial",Dry,Non-Fatal Injury,Turning Movement,Passenger,75 to 79,,0, ,Other, , , , , , , , , ,0,1,1,0,0,0,0,1,0,0,0,0,0,0
983329,2007,8,3,21,56,4,43.72404538,-79.26449029,Scarborough Southwest (35),35,Kennedy Park (124),124,D41,Scarborough,KENNEDY RD,FOXRIDGE DR, ,Major Arterial,Intersection,At Intersection,No Control,Clear,"Dusk, artificial",Dry,Non-Fatal Injury,Turning Movement,Driver,20 to 24,,0,North,"Automobile, Station Wagon",Turning Left,Improper Turn,Normal, , , , , , ,0,1,1,0,0,0,0,1,0,0,0,0,0,0
970906,2007,5,22,21,57,1,43.66424538,-79.35589029,Toronto-Danforth (30),30,South Riverdale (70),70,D55,Toronto East York,DON VALLEY PARKWAY  S,DUNDAS ST E, ,Expressway,Mid-Block, ,No Control,Clear,Dark,Dry,Non-Fatal Injury,Pedestrian Collisions,Vehicle Owner,unknown,,0, ,Other, , , , , , , , , ,1,0,1,0,0,0,0,0,0,0,0,0,0,0
970906,2007,5,22,21,57,1,43.66424538,-79.35589029,Toronto-Danforth (30),30,South Riverdale (70),70,D55,Toronto East York,DON VALLEY PARKWAY  S,DUNDAS ST E, ,Expressway,Mid-Block, ,No Control,Clear,Dark,Dry,Non-Fatal Injury,Pedestrian Collisions,Driver,55 to 59,,0,South,"Automobile, Station Wagon",Going Ahead,Driving Properly,Normal, , , , , , ,1,0,1,0,0,0,0,0,0,0,0,0,0,0
970906,2007,5,22,21,57,1,43.66424538,-79.35589029,Toronto-Danforth (30),30,South Riverdale (70),70,D55,Toronto East York,DON VALLEY PARKWAY  S,DUNDAS ST E, ,Expressway,Mid-Block, ,No Control,Clear,Dark,Dry,Non-Fatal Injury,Pedestrian Collisions,Pedestrian,25 to 29,Major,0, ,Other, , , ,Other / Undefined,Other,Other, , , ,1,0,1,0,0,0,0,0,0,0,0,0,0,0
983702,2007,7,11,21,57,2,43.67564538,-79.55769029,Etobicoke Centre (4),4,Willowridge-Martingrove-Richview (7),7,D23,Etobicoke York,EGLINTON AVE W,WIDDICOMBE HILL BLVD, ,Major Arterial,Intersection,At Intersection,Traffic Controller,Clear,Dark,Dry,Non-Fatal Injury,Turning Movement,Vehicle Owner,unknown,,0, ,Other, , , , , , , , , ,0,0,1,0,0,0,0,0,0,0,0,0,0,0
983702,2007,7,11,21,57,2,43.67564538,-79.55769029,Etobicoke Centre (4),4,Willowridge-Martingrove-Richview (7),7,D23,Etobicoke York,EGLINTON AVE W,WIDDICOMBE HILL BLVD, ,Major Arterial,Intersection,At Intersection,Traffic Controller,Clear,Dark,Dry,Non-Fatal Injury,Turning Movement,Driver,25 to 29,Major,0,South,"Automobile, Station Wagon",Going Ahead,Driving Properly,Normal, , , , , , ,0,0,1,0,0,0,0,0,0,0,0,0,0,0
983702,2007,7,11,21,57,2,43.67564538,-79.55769029,Etobicoke Centre (4),4,Willowridge-Martingrove-Richview (7),7,D23,Etobicoke York,EGLINTON AVE W,WIDDICOMBE HILL BLVD, ,Major Arterial,Intersection,At Intersection,Traffic Controller,Clear,Dark,Dry,Non-Fatal Injury,Turning Movement,Vehicle Owner,unknown,,0, ,Other, , , , , , , , , ,0,0,1,0,0,0,0,0,0,0,0,0,0,0
983702,2007,7,11,21,57,2,43.67564538,-79.55769029,Etobicoke Centre (4),4,Willowridge-Martingrove-Richview (7),7,D23,Etobicoke York,EGLINTON AVE W,WIDDICOMBE HILL BLVD, ,Major Arterial,Intersection,At Intersection,Traffic Controller,Clear,Dark,Dry,Non-Fatal Injury,Turning Movement,Driver,20 to 24,,0,North,"Automobile, Station Wagon",Turning Left,Improper Turn,Normal, , , , , , ,0,0,1,0,0,0,0,0,0,0,0,0,0,0
1013702,2007,12,29,21,58,5,43.68614538,-79.31069029,Beaches-East York (32),32,East End-Danforth (62),62,D55,Toronto East York,DANFORTH AVE,CEDARVALE AVE, ,Major Arterial, , ,No Control,Clear,Dark,Dry,Non-Fatal Injury,Pedestrian Collisions,Driver,60 to 64,,0, ,"Automobile, Station Wagon",Going Ahead, , , , , , , , ,1,0,1,0,0,0,0,0,0,0,0,0,0,0
1013702,2007,12,29,21,58,5,43.68614538,-79.31069029,Beaches-East York (32),32,East End-Danforth (62),62,D55,Toronto East York,DANFORTH AVE,CEDARVALE AVE, ,Major Arterial, , ,No Control,Clear,Dark,Dry,Non-Fatal Injury,Pedestrian Collisions,Pedestrian,unknown,Major,0, ,Other,Other, , , , , , , , ,1,0,1,0,0,0,0,0,0,0,0,0,0,0
1194386,2010,9,9,21,58,3,43.70474538,-79.29889029,Beaches-East York (31),31,O'Connor-Parkview (54),54,D54,Toronto East York,SQUIRES Aven,FERRIS Road, ,Collector,Intersection,At Intersection,Stop Sign,Clear,Dark,Dry,Non-Fatal Injury,Cyclist Collisions,Vehicle Owner,unknown, ,0, ,Other, , , , , , , , , ,0,1,0,0,0,1,0,0,0,0,0,0,0,0
1194386,2010,9,9,21,58,3,43.70474538,-79.29889029,Beaches-East York (31),31,O'Connor-Parkview (54),54,D54,Toronto East York,SQUIRES Aven,FERRIS Road, ,Collector,Intersection,At Intersection,Stop Sign,Clear,Dark,Dry,Non-Fatal Injury,Cyclist Collisions,Driver,50 to 54,,0,West,Municipal Transit Bus (TTC),Going Ahead,Driving Properly,Normal, , , , , , ,0,1,0,0,0,1,0,0,0,0,0,0,0,0
1194386,2010,9,9,21,58,3,43.70474538,-79.29889029,Beaches-East York (31),31,O'Connor-Parkview (54),54,D54,Toronto East York,SQUIRES Aven,FERRIS Road, ,Collector,Intersection,At Intersection,Stop Sign,Clear,Dark,Dry,Non-Fatal Injury,Cyclist Collisions,Cyclist,20 to 24,Major,0,South,Bicycle,Turning Left, , , , , ,Cyclist turned left across motorists path.,Failed to Yield Right of Way,Inattentive,0,1,0,0,0,1,0,0,0,0,0,0,0,0