ACCNUM,YEAR,MONTH,DAY,HOUR,MINUTES,WEEKDAY,LATITUDE,LONGITUDE,Ward_Name,Ward_ID,Hood_Name,Hood_ID,Division,District,STREET1,STREET2,OFFSET,ROAD_CLASS,LOCCOORD,ACCLOC,TRAFFCTL,VISIBILITY,LIGHT,RDSFCOND,ACCLASS,IMPACTYPE,INVTYPE,INVAGE,INJURY,FATAL_NO,INITDIR,VEHTYPE,MANOEUVER,DRIVACT,DRIVCOND,PEDTYPE,PEDACT,PEDCOND,CYCLISTYPE,CYCACT,CYCCOND,PEDESTRIAN,CYCLIST,AUTOMOBILE,MOTORCYCLE,TRUCK,TRSN_CITY_VEH,EMERG_VEH,PASSENGER,SPEEDING,AG_DRIV,REDLIGHT,ALCOHOL,DISABILITY,label
1198637,2010,9,27,21,58,0,43.80574538,-79.27739029,Scarborough-Rouge River (41),41,Agincourt North (129),129,D42,Scarborough,BRIMLEY RD,FINCH AVE E, ,Major Arterial,Intersection,At Intersection,Traffic Signal,Rain,Dark,Wet,Non-Fatal Injury,Pedestrian Collisions,Driver,40 to 44,,0,North,"Automobile, Station Wagon",Turning Left,Failed to Yield Right of Way,Inattentive, , , , , , ,1,0,1,0,0,0,0,0,0,1,0,0,0,0
1198637,2010,9,27,21,58,0,43.80574538,-79.27739029,Scarborough-Rouge River (41),41,Agincourt North (129),129,D42,Scarborough,BRIMLEY RD,FINCH AVE E, ,Major Arterial,Intersection,At Intersection,Traffic Signal,Rain,Dark,Wet,Non-Fatal Injury,Pedestrian Collisions,Pedestrian,50 to 54,Major,0,North,Other, , , ,Vehicle turns left while ped crosses with ROW at inter.,Crossing with right of way,Normal, , , ,1,0,1,0,0,0,0,0,0,1,0,0,0,0
1380661,2013,7,28,21,58,6,43.80627783,-79.18038569,Scarborough East (44),44,Rouge (131),131,D42,Scarborough,SHEPPARD AVE E,ROUGE RIVER DR, ,Major Arterial,Intersection, ,Traffic Signal,Clear,"Dark, artificial",Dry,Non-Fatal Injury,Pedestrian Collisions,Driver,20 to 24,,0,South,"Automobile, Station Wagon",Turning Left,Failed to Yield Right of Way,Normal, , , , , , ,1,0,1,0,0,0,0,0,0,1,0,0,0,0
1380661,2013,7,28,21,58,6,43.80627783,-79.18038569,Scarborough East (44),44,Rouge (131),131,D42,Scarborough,SHEPPARD AVE E,ROUGE RIVER DR, ,Major Arterial,Intersection, ,Traffic Signal,Clear,"Dark, artificial",Dry,Non-Fatal Injury,Pedestrian Collisions,Pedestrian,50 to 54,Major,0,North,Other, , , ,Vehicle turns left while ped crosses with ROW at inter.,Crossing with right of way,Normal, , , ,1,0,1,0,0,0,0,0,0,1,0,0,0,0
4002285719,2014,6,13,21,58,4,43.68129309,-79.47643671,York South-Weston (11),11,Rockcliffe-Smythe (111),111,D12,Etobicoke York,WESTON RD,AVON CRES, ,Major Arterial,Mid-Block,Non Intersection,No Control,Clear,"Dark, artificial",Dry,Non-Fatal Injury,Pedestrian Collisions,Driver,65 to 69,,0,East,"Automobile, Station Wagon",Going Ahead,Driving Properly,Inattentive, , , , , , ,1,0,1,0,0,0,0,0,0,0,0,0,0,0
4002285719,2014,6,13,21,58,4,43.68129309,-79.47643671,York South-Weston (11),11,Rockcliffe-Smythe (111),111,D12,Etobicoke York,WESTON RD,AVON CRES, ,Major Arterial,Mid-Block,Non Intersection,No Control,Clear,"Dark, artificial",Dry,Non-Fatal Injury,Pedestrian Collisions,Pedestrian,55 to 59,Major,0,North, , , , ,Pedestrian hit at mid-block,"Crossing, no Traffic Control","Ability Impaired, Alcohol", , , ,1,0,1,0,0,0,0,0,0,0,0,0,0,0
1110059,2009,5,21,21,59,3,43.64134538,-79.41519029,Trinity-Spadina (19),19,Niagara (82),82,D14,Toronto East York,KING ST W,SHAW ST, ,Major Arterial,Intersection, ,No Control,Clear,Dark,Dry,Non-Fatal Injury,SMV Unattended Vehicle,Driver,40 to 44,Major,0,West,"Automobile, Station Wagon",Going Ahead,Lost control,Medical or Physical Disability, , , , , , ,0,0,1,0,0,0,0,0,0,0,0,0,1,0
1110059,2009,5,21,21,59,3,43.64134538,-79.41519029,Trinity-Spadina (19),19,Niagara (82),82,D14,Toronto East York,KING ST W,SHAW ST, ,Major Arterial,Intersection, ,No Control,Clear,Dark,Dry,Non-Fatal Injury,SMV Unattended Vehicle,Other,unknown,,0,West,Other,Parked, , , , , , , , ,0,0,1,0,0,0,0,0,0,0,0,0,1,0
1219081,2010,12,29,21,59,2,43.67704352,-79.35458765,Toronto-Danforth (30),30,Playter Estates-Danforth (67),67,D55,Toronto East York,DANFORTH AVE,BOWDEN ST, ,Major Arterial,Mid-Block, ,No Control,Clear,Dark,Dry,Non-Fatal Injury,Pedestrian Collisions,Pedestrian,60 to 64,Major,0, , , , , ,Pedestrian hit at mid-block,Person Getting on/off Vehicle,Normal, , , ,1,0,1,0,0,0,0,0,0,1,0,1,0,0
1219081,2010,12,29,21,59,2,43.67704352,-79.35458765,Toronto-Danforth (30),30,Playter Estates-Danforth (67),67,D55,Toronto East York,DANFORTH AVE,BOWDEN ST, ,Major Arterial,Mid-Block, ,No Control,Clear,Dark,Dry,Non-Fatal Injury,Pedestrian Collisions,Vehicle Owner,unknown, ,0, ,Other, , , , , , , , , ,1,0,1,0,0,0,0,0,0,1,0,1,0,0
1219081,2010,12,29,21,59,2,43.67704352,-79.35458765,Toronto-Danforth (30),30,Playter Estates-Danforth (67),67,D55,Toronto East York,DANFORTH AVE,BOWDEN ST, ,Major Arterial,Mid-Block, ,No Control,Clear,Dark,Dry,Non-Fatal Injury,Pedestrian Collisions,Driver,30 to 34,,0,East,"Automobile, Station Wagon",Changing Lanes,Improper Passing,"Ability Impaired, Alcohol", , , , , , ,1,0,1,0,0,0,0,0,0,1,0,1,0,0
4002723007,2014,8,17,21,59,6,43.68027212,-79.28994956,Beaches-East York (32),32,The Beaches (63),63,D55,Toronto East York,KINGSTON RD,PICKERING ST, ,Major Arterial,Mid-Block,Non Intersection,No Control,Clear,"Dark, artificial",Dry,Non-Fatal Injury,Cyclist Collisions,Cyclist,15 to 19,Major,0,West,Bicycle,Changing Lanes, , , , , , ,Improper Lane Change,Inattentive,0,1,1,0,0,0,0,0,0,0,0,0,0,0
4002723007,2014,8,17,21,59,6,43.68027212,-79.28994956,Beaches-East York (32),32,The Beaches (63),63,D55,Toronto East York,KINGSTON RD,PICKERING ST, ,Major Arterial,Mid-Block,Non Intersection,No Control,Clear,"Dark, artificial",Dry,Non-Fatal Injury,Cyclist Collisions,Driver,15 to 19,,0,West,"Automobile, Station Wagon",Going Ahead,Driving Properly,Normal, , , , , , ,0,1,1,0,0,0,0,0,0,0,0,0,0,0
4000009508,2014,8,17,21,59,6,43.68021353,-79.28991328,Beaches-East York (32),32,The Beaches (63),63,D55,Toronto East York,KINGSTON RD,PICKERING ST,10 m East of,Major Arterial,Intersection,At Intersection,No Control,Clear,"Dark, artificial",Dry,Non-Fatal Injury,Cyclist Collisions,Cyclist,15 to 19,Major,0,West,Bicycle,Changing Lanes, , , , , ,Cyclist and Driver travelling in same direction. One vehicle sideswipes the other.,Improper Lane Change,Inattentive,0,1,1,0,0,0,0,0,0,0,0,0,0,0
4000009508,2014,8,17,21,59,6,43.68021353,-79.28991328,Beaches-East York (32),32,The Beaches (63),63,D55,Toronto East York,KINGSTON RD,PICKERING ST,10 m East of,Major Arterial,Intersection,At Intersection,No Control,Clear,"Dark, artificial",Dry,Non-Fatal Injury,Cyclist Collisions,Driver,50 to 54,,0,West,"Automobile, Station Wagon",Going Ahead,Driving Properly,Normal, , , , , , ,0,1,1,0,0,0,0,0,0,0,0,0,0,0
998724,2007,10,25,22,0,3,43.75804538,-79.51339029,York West (8),8,Glenfield-Jane Heights (25),25,D31,North York,FINCH AVE W,DRIFTWOOD AVE, ,Major Arterial,Intersection,At Intersection,Traffic Signal,Clear,Dark,Dry,Non-Fatal Injury,Turning Movement,Vehicle Owner,unknown, ,0, ,Other, , , , , , , , , ,0,0,1,0,0,0,0,0,0,1,0,0,0,0
998724,2007,10,25,22,0,3,43.75804538,-79.51339029,York West (8),8,Glenfield-Jane Heights (25),25,D31,North York,FINCH AVE W,DRIFTWOOD AVE, ,Major Arterial,Intersection,At Intersection,Traffic Signal,Clear,Dark,Dry,Non-Fatal Injury,Turning Movement,Driver,35 to 39,Major,0,East,"Automobile, Station Wagon",Going Ahead,Driving Properly,Normal, , , , , , ,0,0,1,0,0,0,0,0,0,1,0,0,0,0
998724,2007,10,25,22,0,3,43.75804538,-79.51339029,York West (8),8,Glenfield-Jane Heights (25),25,D31,North York,FINCH AVE W,DRIFTWOOD AVE, ,Major Arterial,Intersection,At Intersection,Traffic Signal,Clear,Dark,Dry,Non-Fatal Injury,Turning Movement,Driver,20 to 24,Minimal,0,West,"Automobile, Station Wagon",Turning Left,Failed to Yield Right of Way,Normal, , , , , , ,0,0,1,0,0,0,0,0,0,1,0,0,0,0
1372930,2013,6,19,22,0,2,43.66294538,-79.43669029,Davenport (18),18,Dovercourt-Wallace Emerson-Junction (93),93,D11,Toronto East York,DUFFERIN ST,SHANLY ST, ,Major Arterial,Intersection,At Intersection,Traffic Signal,Clear,"Dark, artificial",Dry,Non-Fatal Injury,Rear End,Passenger,30 to 34,Major,0, ,Other, , , , , , , , , ,0,0,1,0,0,0,0,1,0,1,0,0,0,0
1092886,2009,3,4,21,41,2,43.68814538,-79.30179029,Beaches-East York (32),32,East End-Danforth (62),62,D55,Toronto East York,DANFORTH Aven,MAIN Stre, ,Major Arterial, , , ,Other,Dark,Other,Non-Fatal Injury,Other,Passenger,unknown,Minor,0, ,Other,Other, , , , , , , , ,0,0,1,0,0,0,0,1,0,0,0,0,0,0
1320459,2012,9,9,22,25,6,43.66134538,-79.38309029,Toronto Centre-Rosedale (27),27,Church-Yonge Corridor (75),75,D51,Toronto East York,YONGE ST,COLLEGE ST, ,Major Arterial,Intersection,At Intersection,Traffic Signal,Clear,"Dark, artificial",Dry,Non-Fatal Injury,Pedestrian Collisions,Vehicle Owner,unknown, ,0, ,Other, , , , , , , , , ,1,0,1,0,0,0,0,0,0,1,0,0,0,0
1092886,2009,3,4,21,41,2,43.68814538,-79.30179029,Beaches-East York (32),32,East End-Danforth (62),62,D55,Toronto East York,DANFORTH Aven,MAIN Stre, ,Major Arterial, , , ,Other,Dark,Other,Non-Fatal Injury,Other,Vehicle Owner,unknown,,0, ,Other,Other, , , , , , , , ,0,0,1,0,0,0,0,1,0,0,0,0,0,0
1320459,2012,9,9,22,25,6,43.66134538,-79.38309029,Toronto Centre-Rosedale (27),27,Church-Yonge Corridor (75),75,D51,Toronto East York,YONGE ST,COLLEGE ST, ,Major Arterial,Intersection,At Intersection,Traffic Signal,Clear,"Dark, artificial",Dry,Non-Fatal Injury,Pedestrian Collisions,Driver,45 to 49,,0,South,"Automobile, Station Wagon",Turning Right,Failed to Yield Right of Way,Inattentive, , , , , , ,1,0,1,0,0,0,0,0,0,1,0,0,0,0
1092886,2009,3,4,21,41,2,43.68814538,-79.30179029,Beaches-East York (32),32,East End-Danforth (62),62,D55,Toronto East York,DANFORTH Aven,MAIN Stre, ,Major Arterial, , , ,Other,Dark,Other,Non-Fatal Injury,Other,Driver,50 to 54,Minor,0, ,"Automobile, Station Wagon",Unknown, , , , , , , , ,0,0,1,0,0,0,0,1,0,0,0,0,0,0
1075633,2008,12,13,21,1,5,43.80224538,-79.19869029,Scarborough-Rouge River (42),42,Rouge (131),131,D42,Scarborough,SHEPPARD AVE E,MORNINGSIDE AVE, ,Major Arterial,Mid-Block, ,No Control,Clear,Dark,Wet,Fatal,Turning Movement,Driver,30 to 34,Fatal,54,West,"Automobile, Station Wagon",Turning Left,Improper Turn,Unknown, , , , , , ,0,0,1,0,0,0,0,0,0,0,0,0,0,1
1320459,2012,9,9,22,25,6,43.66134538,-79.38309029,Toronto Centre-Rosedale (27),27,Church-Yonge Corridor (75),75,D51,Toronto East York,YONGE ST,COLLEGE ST, ,Major Arterial,Intersection,At Intersection,Traffic Signal,Clear,"Dark, artificial",Dry,Non-Fatal Injury,Pedestrian Collisions,Pedestrian,60 to 64,Major,0,East,Other, , , ,Vehicle turns right while ped crosses with ROW at inter.,Crossing with right of way,Normal, , , ,1,0,1,0,0,0,0,0,0,1,0,0,0,0
1092886,2009,3,4,21,41,2,43.68814538,-79.30179029,Beaches-East York (32),32,East End-Danforth (62),62,D55,Toronto East York,DANFORTH Aven,MAIN Stre, ,Major Arterial, , , ,Other,Dark,Other,Non-Fatal Injury,Other,Other Property Owner,unknown,,0, ,Other,Other, , , , , , , , ,0,0,1,0,0,0,0,1,0,0,0,0,0,0
1104621,2009,5,18,21,41,0,43.72224538,-79.41559029,Eglinton-Lawrence (16),16,Bedford Park-Nortown (39),39,D53,North York,AVENUE Road,LAWRENCE Aven W, ,Major Arterial,Intersection,At Intersection,Traffic Controller,Clear,Dark,Dry,Non-Fatal Injury,Rear End,Vehicle Owner,unknown, ,0, ,Other, , , , , , , , , ,0,0,1,0,0,0,0,0,0,0,0,0,1,0
1104621,2009,5,18,21,41,0,43.72224538,-79.41559029,Eglinton-Lawrence (16),16,Bedford Park-Nortown (39),39,D53,North York,AVENUE Road,LAWRENCE Aven W, ,Major Arterial,Intersection,At Intersection,Traffic Controller,Clear,Dark,Dry,Non-Fatal Injury,Rear End,Driver,40 to 44,Major,0,East,"Automobile, Station Wagon",Going Ahead,Lost control,Medical or Physical Disability, , , , , , ,0,0,1,0,0,0,0,0,0,0,0,0,1,0
1104621,2009,5,18,21,41,0,43.72224538,-79.41559029,Eglinton-Lawrence (16),16,Bedford Park-Nortown (39),39,D53,North York,AVENUE Road,LAWRENCE Aven W, ,Major Arterial,Intersection,At Intersection,Traffic Controller,Clear,Dark,Dry,Non-Fatal Injury,Rear End,Vehicle Owner,unknown, ,0, ,Other, , , , , , , , , ,0,0,1,0,0,0,0,0,0,0,0,0,1,0
1104621,2009,5,18,21,41,0,43.72224538,-79.41559029,Eglinton-Lawrence (16),16,Bedford Park-Nortown (39),39,D53,North York,AVENUE Road,LAWRENCE Aven W, ,Major Arterial,Intersection,At Intersection,Traffic Controller,Clear,Dark,Dry,Non-Fatal Injury,Rear End,Driver,15 to 19,,0,East,"Automobile, Station Wagon",Stopped,Driving Properly,Normal, , , , , , ,0,0,1,0,0,0,0,0,0,0,0,0,1,0
1185727,2010,7,20,21,41,1,43.63604538,-79.40209029,Trinity-Spadina (19),19,Niagara (82),82,D14,Toronto East York,FLEET ST,FLEET LAKE SHORE BLVD RAMP ST, ,Major Arterial,Mid-Block, ,Traffic Signal,Clear,Dark,Dry,Non-Fatal Injury,Cyclist Collisions,Vehicle Owner,unknown, ,0, ,Other, , , , , , , , , ,0,1,0,0,0,1,0,0,0,0,0,0,0,0
1185727,2010,7,20,21,41,1,43.63604538,-79.40209029,Trinity-Spadina (19),19,Niagara (82),82,D14,Toronto East York,FLEET ST,FLEET LAKE SHORE BLVD RAMP ST, ,Major Arterial,Mid-Block, ,Traffic Signal,Clear,Dark,Dry,Non-Fatal Injury,Cyclist Collisions,Driver,50 to 54,,0,West,Municipal Transit Bus (TTC),Going Ahead,Driving Properly,Normal, , , , , , ,0,1,0,0,0,1,0,0,0,0,0,0,0,0
1185727,2010,7,20,21,41,1,43.63604538,-79.40209029,Trinity-Spadina (19),19,Niagara (82),82,D14,Toronto East York,FLEET ST,FLEET LAKE SHORE BLVD RAMP ST, ,Major Arterial,Mid-Block, ,Traffic Signal,Clear,Dark,Dry,Non-Fatal Injury,Cyclist Collisions,Cyclist,50 to 54,Major,0,North,Bicycle,Going Ahead, , , , , ,"Cyclist without ROW rides into path of motorist at inter, lnwy, dwy-Cyclist not turn.",Disobeyed Traffic Control,Normal,0,1,0,0,0,1,0,0,0,0,0,0,0,0
1251421,2011,8,9,21,41,1,43.70784538,-79.30189029,Beaches-East York (31),31,O'Connor-Parkview (54),54,D54,Toronto East York,ST CLAIR AVE E,VICROSS RD, ,Major Arterial,Intersection, ,No Control,Clear,Dark,Dry,Non-Fatal Injury,Pedestrian Collisions,Vehicle Owner,unknown, ,0, ,Other, , , , , , , , , ,1,0,1,0,0,0,0,0,1,1,0,0,0,0
1251421,2011,8,9,21,41,1,43.70784538,-79.30189029,Beaches-East York (31),31,O'Connor-Parkview (54),54,D54,Toronto East York,ST CLAIR AVE E,VICROSS RD, ,Major Arterial,Intersection, ,No Control,Clear,Dark,Dry,Non-Fatal Injury,Pedestrian Collisions,Driver,30 to 34,,0,East,"Automobile, Station Wagon",Going Ahead,Driving Properly,Normal, , , , , , ,1,0,1,0,0,0,0,0,1,1,0,0,0,0
1251421,2011,8,9,21,41,1,43.70784538,-79.30189029,Beaches-East York (31),31,O'Connor-Parkview (54),54,D54,Toronto East York,ST CLAIR AVE E,VICROSS RD, ,Major Arterial,Intersection, ,No Control,Clear,Dark,Dry,Non-Fatal Injury,Pedestrian Collisions,Driver,unknown,,0,Unknown,"Automobile, Station Wagon",Unknown,Other,Other, , , , , , ,1,0,1,0,0,0,0,0,1,1,0,0,0,0
1251421,2011,8,9,21,41,1,43.70784538,-79.30189029,Beaches-East York (31),31,O'Connor-Parkview (54),54,D54,Toronto East York,ST CLAIR AVE E,VICROSS RD, ,Major Arterial,Intersection, ,No Control,Clear,Dark,Dry,Non-Fatal Injury,Pedestrian Collisions,Pedestrian,55 to 59,Major,0,South,Other, , , ,Pedestrian hit at mid-block,"Crossing, no Traffic Control",Normal, , , ,1,0,1,0,0,0,0,0,1,1,0,0,0,0
6000143502,2016,1,24,21,41,6,43.74178274,-79.22515497,Scarborough Southwest (36),36,Scarborough Village (139),139,D43,Scarborough,EGLINTON AVE E,MASON RD, ,Major Arterial,Intersection,At Intersection,Traffic Signal,Clear,"Dark, artificial",Dry,Non-Fatal Injury,Pedestrian Collisions,Driver,65 to 69,,0,West,"Automobile, Station Wagon",Going Ahead,Driving Properly,Normal, , , , , , ,1,0,1,0,0,0,0,0,0,0,0,0,0,0
6000143502,2016,1,24,21,41,6,43.74178274,-79.22515497,Scarborough Southwest (36),36,Scarborough Village (139),139,D43,Scarborough,EGLINTON AVE E,MASON RD, ,Major Arterial,Intersection,At Intersection,Traffic Signal,Clear,"Dark, artificial",Dry,Non-Fatal Injury,Pedestrian Collisions,Pedestrian,35 to 39,Major,0,Unknown, , , , ,Vehicle is going straight thru inter.while ped cross without ROW,Crossing without right of way,Inattentive, , , ,1,0,1,0,0,0,0,0,0,0,0,0,0,0
6002282279,2016,12,25,21,41,6,43.76716192,-79.36362086,Willowdale (24),24,Bayview Village (52),52,D33,North York,LESLIE ST,401 C W LESLIE S RAMP,11 m North of,Major Arterial,Intersection,Intersection Related,Traffic Signal,Clear,"Dark, artificial",Dry,Non-Fatal Injury,Pedestrian Collisions,Driver,30 to 34,,0,West,"Automobile, Station Wagon",Turning Right,Failed to Yield Right of Way,Inattentive, , , , , , ,1,0,1,0,0,0,0,0,0,1,0,0,0,0
6002282279,2016,12,25,21,41,6,43.76716192,-79.36362086,Willowdale (24),24,Bayview Village (52),52,D33,North York,LESLIE ST,401 C W LESLIE S RAMP,11 m North of,Major Arterial,Intersection,Intersection Related,Traffic Signal,Clear,"Dark, artificial",Dry,Non-Fatal Injury,Pedestrian Collisions,Pedestrian,75 to 79,Major,0,West, , , , ,Vehicle turns right while ped crosses with ROW at inter.,Crossing with right of way,Normal, , , ,1,0,1,0,0,0,0,0,0,1,0,0,0,0
7001580093,2017,8,31,21,41,3,43.73429068,-79.40452967,Don Valley West (25),25,Bridle Path-Sunnybrook-York Mills (41),41,D32,North York,YONGE ST,YONGE BLVD, ,Major Arterial,Intersection,At Intersection,Traffic Controller,Clear,"Daylight, artificial",Dry,Non-Fatal Injury,Cyclist Collisions,Driver,20 to 24,,0,East,Pick Up Truck,Turning Right,Improper Turn,Normal, , , , , , ,0,1,1,0,0,0,0,0,0,0,0,0,0,0
7001580093,2017,8,31,21,41,3,43.73429068,-79.40452967,Don Valley West (25),25,Bridle Path-Sunnybrook-York Mills (41),41,D32,North York,YONGE ST,YONGE BLVD, ,Major Arterial,Intersection,At Intersection,Traffic Controller,Clear,"Daylight, artificial",Dry,Non-Fatal Injury,Cyclist Collisions,Cyclist,20 to 24,Major,0,North,Bicycle,Going Ahead, , , , , ,Motorist turning right on red at signalized intersection strikes cyclist.,Improper Passing,Normal,0,1,1,0,0,0,0,0,0,0,0,0,0,0
986987,2007,6,30,21,43,5,43.66604538,-79.31799029,Beaches-East York (32),32,Greenwood-Coxwell (65),65,D55,Toronto East York,QUEEN ST E,CRAVEN RD, ,Minor Arterial,Mid-Block, ,No Control,Clear,Dark,Dry,Non-Fatal Injury,Cyclist Collisions,Driver,45 to 49,,0,West,"Automobile, Station Wagon",Parked,Other,Normal, , , , , , ,0,1,1,0,0,0,0,0,0,0,0,0,0,0
986987,2007,6,30,21,43,5,43.66604538,-79.31799029,Beaches-East York (32),32,Greenwood-Coxwell (65),65,D55,Toronto East York,QUEEN ST E,CRAVEN RD, ,Minor Arterial,Mid-Block, ,No Control,Clear,Dark,Dry,Non-Fatal Injury,Cyclist Collisions,Cyclist,35 to 39,Major,0,West,Bicycle,Going Ahead, , , , , ,Cyclist struck opened vehicle door,Driving Properly,Normal,0,1,1,0,0,0,0,0,0,0,0,0,0,0
6001760592,2016,10,3,21,43,0,43.70624502,-79.34309778,Don Valley West (26),26,Thorncliffe Park (55),55,D53,North York,THORNCLIFFE PARK DR,OVERLEA DR,131 m South of,Collector,Mid-Block,At/Near Private Drive,No Control,Clear,"Dark, artificial",Dry,Non-Fatal Injury,Turning Movement,Driver,25 to 29,Major,0,West,"Automobile, Station Wagon",Turning Right,Failed to Yield Right of Way,Normal, , , , , , ,0,0,1,1,0,0,0,0,0,1,0,0,0,0
6001760592,2016,10,3,21,43,0,43.70624502,-79.34309778,Don Valley West (26),26,Thorncliffe Park (55),55,D53,North York,THORNCLIFFE PARK DR,OVERLEA DR,131 m South of,Collector,Mid-Block,At/Near Private Drive,No Control,Clear,"Dark, artificial",Dry,Non-Fatal Injury,Turning Movement,Motorcycle Driver,30 to 34,,0,North,Motorcycle,Turning Right,Driving Properly,Normal, , , , , , ,0,0,1,1,0,0,0,0,0,1,0,0,0,0
1067167,2008,10,29,21,44,2,43.68824538,-79.56939029,Etobicoke Centre (4),4,Willowridge-Martingrove-Richview (7),7,D23,Etobicoke York,MARTIN GROVE RD,LAVINGTON DR, ,Minor Arterial,Intersection, ,Traffic Signal,Clear,Dark,Dry,Non-Fatal Injury,Pedestrian Collisions,Driver,50 to 54,,0,North,"Automobile, Station Wagon",Going Ahead,Disobeyed Traffic Control,Normal, , , , , , ,1,0,1,0,0,0,0,0,0,1,1,0,0,0
1067167,2008,10,29,21,44,2,43.68824538,-79.56939029,Etobicoke Centre (4),4,Willowridge-Martingrove-Richview (7),7,D23,Etobicoke York,MARTIN GROVE RD,LAVINGTON DR, ,Minor Arterial,Intersection, ,Traffic Signal,Clear,Dark,Dry,Non-Fatal Injury,Pedestrian Collisions,Pedestrian,85 to 89,Major,0,East,Other, , , ,Vehicle is going straight thru inter.while ped cross with ROW,Crossing with right of way,Unknown, , , ,1,0,1,0,0,0,0,0,0,1,1,0,0,0
1110977,2009,6,24,21,44,2,43.70574538,-79.43909029,St. Paul's (21),21,Yorkdale-Glen Park (31),31,D13,Toronto East York,WILLIAM R ALLEN RD S,RIDELLE AVE, ,Expressway,Mid-Block, ,No Control,Clear,Dark,Dry,Non-Fatal Injury,Rear End,Motorcycle Driver,35 to 39,Major,0,South,Motorcycle,Slowing or Stopping,Driving Properly,Normal, , , , , , ,0,0,1,1,0,0,0,0,0,1,0,0,0,0
1110977,2009,6,24,21,44,2,43.70574538,-79.43909029,St. Paul's (21),21,Yorkdale-Glen Park (31),31,D13,Toronto East York,WILLIAM R ALLEN RD S,RIDELLE AVE, ,Expressway,Mid-Block, ,No Control,Clear,Dark,Dry,Non-Fatal Injury,Rear End,Driver,25 to 29,,0,South,"Automobile, Station Wagon",Going Ahead,Following too Close,Normal, , , , , , ,0,0,1,1,0,0,0,0,0,1,0,0,0,0
1110977,2009,6,24,21,44,2,43.70574538,-79.43909029,St. Paul's (21),21,Yorkdale-Glen Park (31),31,D13,Toronto East York,WILLIAM R ALLEN RD S,RIDELLE AVE, ,Expressway,Mid-Block, ,No Control,Clear,Dark,Dry,Non-Fatal Injury,Rear End,Driver,25 to 29,,0,South,"Automobile, Station Wagon",Slowing or Stopping,Driving Properly,Normal, , , , , , ,0,0,1,1,0,0,0,0,0,1,0,0,0,0
961761,2007,3,5,21,45,0,43.78464538,-79.48109029,York West (8),8,York University Heights (27),27,D32,North York,STEELES AVE W,ALNESS ST, ,Major Arterial,Intersection,At Intersection,Traffic Signal,Clear,Dark,Loose Snow,Non-Fatal Injury,Turning Movement,Vehicle Owner,unknown,,0, ,Other, , , , , , , , , ,0,0,1,0,1,0,0,0,1,1,1,0,1,0
961761,2007,3,5,21,45,0,43.78464538,-79.48109029,York West (8),8,York University Heights (27),27,D32,North York,STEELES AVE W,ALNESS ST, ,Major Arterial,Intersection,At Intersection,Traffic Signal,Clear,Dark,Loose Snow,Non-Fatal Injury,Turning Movement,Truck Driver,30 to 34,,0,North,Truck - Open,Turning Left,Following too Close,Normal, , , , , , ,0,0,1,0,1,0,0,0,1,1,1,0,1,0
961761,2007,3,5,21,45,0,43.78464538,-79.48109029,York West (8),8,York University Heights (27),27,D32,North York,STEELES AVE W,ALNESS ST, ,Major Arterial,Intersection,At Intersection,Traffic Signal,Clear,Dark,Loose Snow,Non-Fatal Injury,Turning Movement,Driver,50 to 54,Major,0,East,"Automobile, Station Wagon",Turning Left,Disobeyed Traffic Control,Medical or Physical Disability, , , , , , ,0,0,1,0,1,0,0,0,1,1,1,0,1,0
961761,2007,3,5,21,45,0,43.78464538,-79.48109029,York West (8),8,York University Heights (27),27,D32,North York,STEELES AVE W,ALNESS ST, ,Major Arterial,Intersection,At Intersection,Traffic Signal,Clear,Dark,Loose Snow,Non-Fatal Injury,Turning Movement,Other,unknown,,0, ,Other, , , , , , , , , ,0,0,1,0,1,0,0,0,1,1,1,0,1,0
1130539,2009,10,9,21,45,4,43.73724538,-79.56529029,Etobicoke North (1),1,Thistletown-Beaumond Heights (3),3,D23,Etobicoke York,ISLINGTON AVE,ALBION RD, ,Major Arterial,Intersection, ,Traffic Signal,Rain,"Dark, artificial",Wet,Non-Fatal Injury,Pedestrian Collisions,Pedestrian,20 to 24,Major,0,North,Other, , , ,Vehicle turns left while ped crosses with ROW at inter.,Crossing with right of way,Normal, , , ,1,0,1,0,0,0,0,0,0,1,0,0,0,0
1130539,2009,10,9,21,45,4,43.73724538,-79.56529029,Etobicoke North (1),1,Thistletown-Beaumond Heights (3),3,D23,Etobicoke York,ISLINGTON AVE,ALBION RD, ,Major Arterial,Intersection, ,Traffic Signal,Rain,"Dark, artificial",Wet,Non-Fatal Injury,Pedestrian Collisions,Driver,unknown,,0,South,"Automobile, Station Wagon",Turning Left,Failed to Yield Right of Way,Unknown, , , , , , ,1,0,1,0,0,0,0,0,0,1,0,0,0,0