ACCNUM,YEAR,MONTH,DAY,HOUR,MINUTES,WEEKDAY,LATITUDE,LONGITUDE,Ward_Name,Ward_ID,Hood_Name,Hood_ID,Division,District,STREET1,STREET2,OFFSET,ROAD_CLASS,LOCCOORD,ACCLOC,TRAFFCTL,VISIBILITY,LIGHT,RDSFCOND,ACCLASS,IMPACTYPE,INVTYPE,INVAGE,INJURY,FATAL_NO,INITDIR,VEHTYPE,MANOEUVER,DRIVACT,DRIVCOND,PEDTYPE,PEDACT,PEDCOND,CYCLISTYPE,CYCACT,CYCCOND,PEDESTRIAN,CYCLIST,AUTOMOBILE,MOTORCYCLE,TRUCK,TRSN_CITY_VEH,EMERG_VEH,PASSENGER,SPEEDING,AG_DRIV,REDLIGHT,ALCOHOL,DISABILITY,label
1171252,2010,6,2,21,45,2,43.65754538,-79.38949029,Toronto Centre-Rosedale (27),27,Bay Street Corridor (76),76,D52,Toronto East York,UNIVERSITY AVE,GERRARD ST W, ,Major Arterial,Intersection,At Intersection,Traffic Signal,Rain,Dark,Wet,Non-Fatal Injury,Pedestrian Collisions,Driver,30 to 34,,0,South,"Automobile, Station Wagon",Going Ahead,Driving Properly,Normal, , , , , , ,1,0,1,0,0,0,0,0,0,0,0,0,0,0
1171252,2010,6,2,21,45,2,43.65754538,-79.38949029,Toronto Centre-Rosedale (27),27,Bay Street Corridor (76),76,D52,Toronto East York,UNIVERSITY AVE,GERRARD ST W, ,Major Arterial,Intersection,At Intersection,Traffic Signal,Rain,Dark,Wet,Non-Fatal Injury,Pedestrian Collisions,Pedestrian,30 to 34,Major,0,West,Other, , , ,Vehicle is going straight thru inter.while ped cross without ROW,Crossing without right of way,Had Been Drinking, , , ,1,0,1,0,0,0,0,0,0,0,0,0,0,0
1181132,2010,6,13,21,45,6,43.75914538,-79.30949029,Scarborough Centre (37),37,Wexford/Maryvale (119),119,D41,Scarborough,124 ELLESMERE RD, , ,Major Arterial,Mid-Block, ,No Control,Clear,Dark,Dry,Non-Fatal Injury,Turning Movement,Driver,55 to 59,Major,0,South,"Automobile, Station Wagon",Turning Left,Improper Turn,Unknown, , , , , , ,0,0,1,0,0,0,0,0,0,0,0,0,0,0
1181132,2010,6,13,21,45,6,43.75914538,-79.30949029,Scarborough Centre (37),37,Wexford/Maryvale (119),119,D41,Scarborough,124 ELLESMERE RD, , ,Major Arterial,Mid-Block, ,No Control,Clear,Dark,Dry,Non-Fatal Injury,Turning Movement,Driver,25 to 29,,0,West,"Automobile, Station Wagon",Going Ahead,Driving Properly,Normal, , , , , , ,0,0,1,0,0,0,0,0,0,0,0,0,0,0
1259641,2011,10,18,21,45,1,43.74014538,-79.33229029,Don Valley East (34),34,Banbury-Don Mills (42),42,D33,North York,DON VALLEY PARKWAY  S,LAWRENCE AVE E, ,Expressway,Mid-Block, ,No Control,Clear,Dark,Dry,Non-Fatal Injury,Rear End,Passenger,60 to 64,Major,0, ,Other, , , , , , , , , ,0,0,1,0,1,0,0,1,1,1,0,0,0,0
1259641,2011,10,18,21,45,1,43.74014538,-79.33229029,Don Valley East (34),34,Banbury-Don Mills (42),42,D33,North York,DON VALLEY PARKWAY  S,LAWRENCE AVE E, ,Expressway,Mid-Block, ,No Control,Clear,Dark,Dry,Non-Fatal Injury,Rear End,Vehicle Owner,unknown, ,0, ,Other, , , , , , , , , ,0,0,1,0,1,0,0,1,1,1,0,0,0,0
1259641,2011,10,18,21,45,1,43.74014538,-79.33229029,Don Valley East (34),34,Banbury-Don Mills (42),42,D33,North York,DON VALLEY PARKWAY  S,LAWRENCE AVE E, ,Expressway,Mid-Block, ,No Control,Clear,Dark,Dry,Non-Fatal Injury,Rear End,Truck Driver,35 to 39,,0,South,Truck - Open,Going Ahead,Lost control,"Ability Impaired, Drugs", , , , , , ,0,0,1,0,1,0,0,1,1,1,0,0,0,0
1259641,2011,10,18,21,45,1,43.74014538,-79.33229029,Don Valley East (34),34,Banbury-Don Mills (42),42,D33,North York,DON VALLEY PARKWAY  S,LAWRENCE AVE E, ,Expressway,Mid-Block, ,No Control,Clear,Dark,Dry,Non-Fatal Injury,Rear End,Driver,35 to 39,Minor,0,South,"Automobile, Station Wagon",Going Ahead,Driving Properly,Normal, , , , , , ,0,0,1,0,1,0,0,1,1,1,0,0,0,0
1259641,2011,10,18,21,45,1,43.74014538,-79.33229029,Don Valley East (34),34,Banbury-Don Mills (42),42,D33,North York,DON VALLEY PARKWAY  S,LAWRENCE AVE E, ,Expressway,Mid-Block, ,No Control,Clear,Dark,Dry,Non-Fatal Injury,Rear End,Passenger,20 to 24,Minor,0, ,Other, , , , , , , , , ,0,0,1,0,1,0,0,1,1,1,0,0,0,0
1259641,2011,10,18,21,45,1,43.74014538,-79.33229029,Don Valley East (34),34,Banbury-Don Mills (42),42,D33,North York,DON VALLEY PARKWAY  S,LAWRENCE AVE E, ,Expressway,Mid-Block, ,No Control,Clear,Dark,Dry,Non-Fatal Injury,Rear End,Driver,60 to 64,Minor,0,South,"Automobile, Station Wagon",Going Ahead,Driving Properly,Normal, , , , , , ,0,0,1,0,1,0,0,1,1,1,0,0,0,0
1259641,2011,10,18,21,45,1,43.74014538,-79.33229029,Don Valley East (34),34,Banbury-Don Mills (42),42,D33,North York,DON VALLEY PARKWAY  S,LAWRENCE AVE E, ,Expressway,Mid-Block, ,No Control,Clear,Dark,Dry,Non-Fatal Injury,Rear End,Other Property Owner,unknown, ,0, ,Other, , , , , , , , , ,0,0,1,0,1,0,0,1,1,1,0,0,0,0
1265525,2011,11,22,21,45,1,43.66814538,-79.41239029,Trinity-Spadina (20),20,Annex (95),95,D14,Toronto East York,BATHURST ST,BARTON AVE, ,Major Arterial,Intersection, ,No Control,Rain,"Dark, artificial",Wet,Non-Fatal Injury,Pedestrian Collisions,Passenger,30 to 34,,0, ,Other, , , , , , , , , ,1,0,1,0,0,0,0,1,0,0,0,0,0,0
1265525,2011,11,22,21,45,1,43.66814538,-79.41239029,Trinity-Spadina (20),20,Annex (95),95,D14,Toronto East York,BATHURST ST,BARTON AVE, ,Major Arterial,Intersection, ,No Control,Rain,"Dark, artificial",Wet,Non-Fatal Injury,Pedestrian Collisions,Passenger,25 to 29,,0, ,Other, , , , , , , , , ,1,0,1,0,0,0,0,1,0,0,0,0,0,0
1265525,2011,11,22,21,45,1,43.66814538,-79.41239029,Trinity-Spadina (20),20,Annex (95),95,D14,Toronto East York,BATHURST ST,BARTON AVE, ,Major Arterial,Intersection, ,No Control,Rain,"Dark, artificial",Wet,Non-Fatal Injury,Pedestrian Collisions,Passenger,30 to 34,,0, ,Other, , , , , , , , , ,1,0,1,0,0,0,0,1,0,0,0,0,0,0
1265525,2011,11,22,21,45,1,43.66814538,-79.41239029,Trinity-Spadina (20),20,Annex (95),95,D14,Toronto East York,BATHURST ST,BARTON AVE, ,Major Arterial,Intersection, ,No Control,Rain,"Dark, artificial",Wet,Non-Fatal Injury,Pedestrian Collisions,Vehicle Owner,unknown, ,0, ,Other, , , , , , , , , ,1,0,1,0,0,0,0,1,0,0,0,0,0,0
1265525,2011,11,22,21,45,1,43.66814538,-79.41239029,Trinity-Spadina (20),20,Annex (95),95,D14,Toronto East York,BATHURST ST,BARTON AVE, ,Major Arterial,Intersection, ,No Control,Rain,"Dark, artificial",Wet,Non-Fatal Injury,Pedestrian Collisions,Driver,55 to 59,,0,South,"Automobile, Station Wagon",Going Ahead,Driving Properly,Normal, , , , , , ,1,0,1,0,0,0,0,1,0,0,0,0,0,0
1265525,2011,11,22,21,45,1,43.66814538,-79.41239029,Trinity-Spadina (20),20,Annex (95),95,D14,Toronto East York,BATHURST ST,BARTON AVE, ,Major Arterial,Intersection, ,No Control,Rain,"Dark, artificial",Wet,Non-Fatal Injury,Pedestrian Collisions,Pedestrian,30 to 34,Major,0,East,Other, , , ,Pedestrian hit at mid-block,Running onto Roadway,"Ability Impaired, Alcohol", , , ,1,0,1,0,0,0,0,1,0,0,0,0,0,0
141375171,2014,1,19,21,45,6,43.69625052,-79.44767390000001,Eglinton-Lawrence (15),15,Oakwood Village (107),107,D13,North York,EGLINTON AVE W,NORTHCLIFFE BLVD, ,Major Arterial,Intersection, ,Traffic Signal,Clear,"Dark, artificial",Wet,Fatal,Pedestrian Collisions,Driver,15 to 19,,0,West,"Automobile, Station Wagon",Going Ahead,Driving Properly,Normal, , , , , , ,1,0,1,0,0,0,0,0,0,0,0,0,0,1
141375171,2014,1,19,21,45,6,43.69625052,-79.44767390000001,Eglinton-Lawrence (15),15,Oakwood Village (107),107,D13,North York,EGLINTON AVE W,NORTHCLIFFE BLVD, ,Major Arterial,Intersection, ,Traffic Signal,Clear,"Dark, artificial",Wet,Fatal,Pedestrian Collisions,Pedestrian,35 to 39,Fatal,1,South, , , , ,Vehicle is going straight thru inter.while ped cross without ROW,Crossing without right of way,Unknown, , , ,1,0,1,0,0,0,0,0,0,0,0,0,0,1
1200535,2010,11,9,21,46,1,43.73854538,-79.57979029,Etobicoke North (1),1,Thistletown-Beaumond Heights (3),3,D23,Etobicoke York,KIPLING AVE,ALBION RD, ,Major Arterial,Mid-Block, ,No Control,Clear,Dark,Dry,Non-Fatal Injury,Pedestrian Collisions,Pedestrian,65 to 69,Major,0,East,Other, , , ,Pedestrian hit at mid-block,"Crossing, no Traffic Control",Inattentive, , , ,1,0,1,0,0,0,0,0,0,0,0,1,0,0
1200535,2010,11,9,21,46,1,43.73854538,-79.57979029,Etobicoke North (1),1,Thistletown-Beaumond Heights (3),3,D23,Etobicoke York,KIPLING AVE,ALBION RD, ,Major Arterial,Mid-Block, ,No Control,Clear,Dark,Dry,Non-Fatal Injury,Pedestrian Collisions,Driver,65 to 69,,0,North,"Automobile, Station Wagon",Going Ahead,Other,"Ability Impaired, Alcohol", , , , , , ,1,0,1,0,0,0,0,0,0,0,0,1,0,0
1200535,2010,11,9,21,46,1,43.73854538,-79.57979029,Etobicoke North (1),1,Thistletown-Beaumond Heights (3),3,D23,Etobicoke York,KIPLING AVE,ALBION RD, ,Major Arterial,Mid-Block, ,No Control,Clear,Dark,Dry,Non-Fatal Injury,Pedestrian Collisions,Pedestrian,65 to 69,Major,0,East,Other, , , ,Pedestrian hit at mid-block,"Crossing, no Traffic Control",Inattentive, , , ,1,0,1,0,0,0,0,0,0,0,0,1,0,0
6000324191,2016,2,23,21,46,1,43.65379675,-79.42245875,Trinity-Spadina (19),19,Trinity-Bellwoods (81),81,D14,Toronto East York,OSSINGTON AVE,COLLEGE ST,67 m South of,Minor Arterial,Mid-Block,Non Intersection,No Control,Clear,"Dark, artificial",Dry,Non-Fatal Injury,Pedestrian Collisions,Driver,35 to 39,Minor,0,South,"Automobile, Station Wagon",Going Ahead,Lost control,Inattentive, , , , , , ,1,0,1,0,0,0,0,0,1,1,0,0,0,0
6000324191,2016,2,23,21,46,1,43.65379675,-79.42245875,Trinity-Spadina (19),19,Trinity-Bellwoods (81),81,D14,Toronto East York,OSSINGTON AVE,COLLEGE ST,67 m South of,Minor Arterial,Mid-Block,Non Intersection,No Control,Clear,"Dark, artificial",Dry,Non-Fatal Injury,Pedestrian Collisions,Pedestrian,45 to 49,Major,0,Unknown, , , , ,Pedestrian hit at mid-block,Other,Normal, , , ,1,0,1,0,0,0,0,0,1,1,0,0,0,0
6000548529,2016,3,31,21,46,3,43.82022818,-79.24618159,Scarborough-Rouge River (41),41,Rouge (131),131,D42,Scarborough,MARKHAM RD,NASHDENE RD, ,Major Arterial,Intersection,Intersection Related,Traffic Signal,Rain,Dark,Wet,Fatal,Pedestrian Collisions,Driver,25 to 29,,0,South,"Automobile, Station Wagon",Going Ahead,Driving Properly,Inattentive, , , , , , ,1,0,1,0,0,0,0,0,0,0,0,0,0,1
6000548529,2016,3,31,21,46,3,43.82022818,-79.24618159,Scarborough-Rouge River (41),41,Rouge (131),131,D42,Scarborough,MARKHAM RD,NASHDENE RD, ,Major Arterial,Intersection,Intersection Related,Traffic Signal,Rain,Dark,Wet,Fatal,Pedestrian Collisions,Pedestrian,55 to 59,Fatal,20,West, , , , ,Vehicle turns left while ped crosses without ROW at inter.,Crossing without right of way,Inattentive, , , ,1,0,1,0,0,0,0,0,0,0,0,0,0,1
1326780,2012,10,11,21,48,3,43.7758251,-79.34371577,Don Valley East (33),33,Henry Farm (53),53,D33,North York,SHEPPARD AVE E,PARKWAY FOREST DR, ,Major Arterial,Intersection,At Intersection,Traffic Signal,Rain,Dark,Wet,Non-Fatal Injury,Turning Movement,Vehicle Owner,unknown, ,0, ,Other, , , , , , , , , ,0,1,1,0,0,0,0,0,0,1,0,0,0,0
1326780,2012,10,11,21,48,3,43.7758251,-79.34371577,Don Valley East (33),33,Henry Farm (53),53,D33,North York,SHEPPARD AVE E,PARKWAY FOREST DR, ,Major Arterial,Intersection,At Intersection,Traffic Signal,Rain,Dark,Wet,Non-Fatal Injury,Turning Movement,Driver,35 to 39,,0,West,"Automobile, Station Wagon",Turning Left,Failed to Yield Right of Way,Inattentive, , , , , , ,0,1,1,0,0,0,0,0,0,1,0,0,0,0
1326780,2012,10,11,21,48,3,43.7758251,-79.34371577,Don Valley East (33),33,Henry Farm (53),53,D33,North York,SHEPPARD AVE E,PARKWAY FOREST DR, ,Major Arterial,Intersection,At Intersection,Traffic Signal,Rain,Dark,Wet,Non-Fatal Injury,Turning Movement,Moped Driver,50 to 54,Major,0,East,Other,Going Ahead,Driving Properly,Normal, , , , , , ,0,1,1,0,0,0,0,0,0,1,0,0,0,0
5000051256,2015,1,9,21,48,4,43.65438421,-79.39863978,Trinity-Spadina (20),20,Kensington-Chinatown (78),78,D14,Toronto East York,SPADINA AVE,ST ANDREW ST,6 m North of,Major Arterial,Intersection,Intersection Related,Traffic Signal,Clear,"Dark, artificial",Wet,Non-Fatal Injury,Cyclist Collisions,Cyclist,35 to 39,Major,0,South,Bicycle,Turning Left, , , , , ,Cyclist turned left across motorists path.,Improper Turn,Had Been Drinking,0,1,0,0,0,1,0,0,0,0,0,0,0,0
5000051256,2015,1,9,21,48,4,43.65438421,-79.39863978,Trinity-Spadina (20),20,Kensington-Chinatown (78),78,D14,Toronto East York,SPADINA AVE,ST ANDREW ST,6 m North of,Major Arterial,Intersection,Intersection Related,Traffic Signal,Clear,"Dark, artificial",Wet,Non-Fatal Injury,Cyclist Collisions,Driver,35 to 39,,0,South,Street Car,Going Ahead,Driving Properly,Normal, , , , , , ,0,1,0,0,0,1,0,0,0,0,0,0,0,0
1270075,2011,10,19,21,49,2,43.65164538,-79.37109029,Toronto Centre-Rosedale (28),28,Moss Park (73),73,D51,Toronto East York,GEORGE ST,ADELAIDE ST E, ,Major Arterial,Intersection,At Intersection,Traffic Signal,Rain,Dark,Wet,Non-Fatal Injury,Pedestrian Collisions,Driver,30 to 34,,0,North,"Automobile, Station Wagon",Going Ahead,Failed to Yield Right of Way,Inattentive, , , , , , ,1,0,1,0,0,0,0,0,0,1,0,0,0,0
1270075,2011,10,19,21,49,2,43.65164538,-79.37109029,Toronto Centre-Rosedale (28),28,Moss Park (73),73,D51,Toronto East York,GEORGE ST,ADELAIDE ST E, ,Major Arterial,Intersection,At Intersection,Traffic Signal,Rain,Dark,Wet,Non-Fatal Injury,Pedestrian Collisions,Pedestrian,70 to 74,Major,0,West,Other, , , ,Vehicle is going straight thru inter.while ped cross with ROW,Crossing with right of way,Normal, , , ,1,0,1,0,0,0,0,0,0,1,0,0,0,0
1057151,2008,9,8,21,50,0,43.81944538,-79.24579029,Scarborough-Rouge River (42),42,Rouge (131),131,D42,Scarborough,MARKHAM RD,NASHDENE RD, ,Major Arterial,Mid-Block, ,No Control,Rain,Dark,Wet,Fatal,Pedestrian Collisions,Driver,25 to 29,,0,North,"Automobile, Station Wagon",Going Ahead,Driving Properly,Normal, , , , , , ,1,0,1,0,0,0,0,0,0,0,0,0,0,1
1057151,2008,9,8,21,50,0,43.81944538,-79.24579029,Scarborough-Rouge River (42),42,Rouge (131),131,D42,Scarborough,MARKHAM RD,NASHDENE RD, ,Major Arterial,Mid-Block, ,No Control,Rain,Dark,Wet,Fatal,Pedestrian Collisions,Pedestrian,45 to 49,Fatal,38,West,Other, , , ,Pedestrian hit at mid-block,Running onto Roadway,Unknown, , , ,1,0,1,0,0,0,0,0,0,0,0,0,0,1
1100690,2009,4,6,21,50,0,43.74764538,-79.62659029,Etobicoke North (1),1,West Humber-Clairville (1),1,D23,Etobicoke York,ALBION RD,STEINWAY BLVD, ,Major Arterial,Mid-Block, ,No Control,Freezing Rain,Dark,Ice,Non-Fatal Injury,Rear End,Driver,40 to 44,Minor,0,West,"Automobile, Station Wagon",Going Ahead,Speed too Fast For Condition,"Ability Impaired, Alcohol", , , , , , ,0,0,1,0,0,0,0,0,1,1,0,1,0,0
1100690,2009,4,6,21,50,0,43.74764538,-79.62659029,Etobicoke North (1),1,West Humber-Clairville (1),1,D23,Etobicoke York,ALBION RD,STEINWAY BLVD, ,Major Arterial,Mid-Block, ,No Control,Freezing Rain,Dark,Ice,Non-Fatal Injury,Rear End,Driver,35 to 39,Major,0,West,"Automobile, Station Wagon",Going Ahead,Driving Properly,Normal, , , , , , ,0,0,1,0,0,0,0,0,1,1,0,1,0,0
1121922,2009,8,31,21,50,0,43.66884573,-79.39319239,Toronto Centre-Rosedale (27),27,Bay Street Corridor (76),76,D52,Toronto East York,BLOOR ST W,AVENUE RD, ,Major Arterial,Mid-Block, ,No Control,Clear,Dark,Dry,Fatal,Pedestrian Collisions,Driver,40 to 44,,0,West,"Automobile, Station Wagon",Going Ahead,Lost control,Normal, , , , , , ,1,0,1,0,0,0,0,0,0,0,0,0,0,1
1121922,2009,8,31,21,50,0,43.66884573,-79.39319239,Toronto Centre-Rosedale (27),27,Bay Street Corridor (76),76,D52,Toronto East York,BLOOR ST W,AVENUE RD, ,Major Arterial,Mid-Block, ,No Control,Clear,Dark,Dry,Fatal,Pedestrian Collisions,Pedestrian,30 to 34,Fatal,23,West, , , , ,Other / Undefined,Other,Had Been Drinking, , , ,1,0,1,0,0,0,0,0,0,0,0,0,0,1
1152152,2010,1,14,21,50,3,43.77514538,-79.34699029,Don Valley East (33),33,Don Valley Village (47),47,D33,North York,DON MILLS RD,SHEPPARD AVE E, ,Major Arterial,Intersection,At Intersection,Traffic Signal,Clear,Dark,Wet,Non-Fatal Injury,Angle,Driver,50 to 54,Minimal,0,East,"Automobile, Station Wagon",Going Ahead,Driving Properly,Normal, , , , , , ,0,0,1,0,0,0,0,1,1,1,0,0,0,0
1152152,2010,1,14,21,50,3,43.77514538,-79.34699029,Don Valley East (33),33,Don Valley Village (47),47,D33,North York,DON MILLS RD,SHEPPARD AVE E, ,Major Arterial,Intersection,At Intersection,Traffic Signal,Clear,Dark,Wet,Non-Fatal Injury,Angle,Passenger,20 to 24,Minimal,0, ,Other, , , , , , , , , ,0,0,1,0,0,0,0,1,1,1,0,0,0,0
1152152,2010,1,14,21,50,3,43.77514538,-79.34699029,Don Valley East (33),33,Don Valley Village (47),47,D33,North York,DON MILLS RD,SHEPPARD AVE E, ,Major Arterial,Intersection,At Intersection,Traffic Signal,Clear,Dark,Wet,Non-Fatal Injury,Angle,Vehicle Owner,unknown, ,0, ,Other, , , , , , , , , ,0,0,1,0,0,0,0,1,1,1,0,0,0,0
1152152,2010,1,14,21,50,3,43.77514538,-79.34699029,Don Valley East (33),33,Don Valley Village (47),47,D33,North York,DON MILLS RD,SHEPPARD AVE E, ,Major Arterial,Intersection,At Intersection,Traffic Signal,Clear,Dark,Wet,Non-Fatal Injury,Angle,Driver,25 to 29,Major,0,North,"Automobile, Station Wagon",Going Ahead,Failed to Yield Right of Way,Inattentive, , , , , , ,0,0,1,0,0,0,0,1,1,1,0,0,0,0
1319472,2012,10,13,21,50,5,43.65631064,-79.45244227,Parkdale-High Park (14),14,Roncesvalles (86),86,D11,Toronto East York,BLOOR ST W,DUNDAS ST W, ,Major Arterial,Intersection,At Intersection,Traffic Signal,Rain,Dark,Wet,Non-Fatal Injury,Pedestrian Collisions,Driver,35 to 39,,0,East,"Automobile, Station Wagon",Going Ahead,Disobeyed Traffic Control,Inattentive, , , , , , ,1,0,1,0,0,0,0,0,0,1,1,0,0,0
1319472,2012,10,13,21,50,5,43.65631064,-79.45244227,Parkdale-High Park (14),14,Roncesvalles (86),86,D11,Toronto East York,BLOOR ST W,DUNDAS ST W, ,Major Arterial,Intersection,At Intersection,Traffic Signal,Rain,Dark,Wet,Non-Fatal Injury,Pedestrian Collisions,Pedestrian,85 to 89,Major,0,North, , , , ,Vehicle is going straight thru inter.while ped cross with ROW,Crossing with right of way,Normal, , , ,1,0,1,0,0,0,0,0,0,1,1,0,0,0
4003549384,2014,12,25,21,50,3,43.83097418,-79.27515803,Scarborough-Rouge River (41),41,Milliken (130),130,D42,Scarborough,MCCOWAN RD,STEELES AVE E, ,Major Arterial,Intersection,Intersection Related,Traffic Signal,Clear,"Dark, artificial",Dry,Non-Fatal Injury,Turning Movement,Driver,25 to 29,,0,North,"Automobile, Station Wagon",Turning Left,Lost control,Normal, , , , , , ,0,0,1,0,0,0,0,1,0,0,0,0,0,0
4003549384,2014,12,25,21,50,3,43.83097418,-79.27515803,Scarborough-Rouge River (41),41,Milliken (130),130,D42,Scarborough,MCCOWAN RD,STEELES AVE E, ,Major Arterial,Intersection,Intersection Related,Traffic Signal,Clear,"Dark, artificial",Dry,Non-Fatal Injury,Turning Movement,Driver,40 to 44,,0,East,"Automobile, Station Wagon",Stopped,Driving Properly,Normal, , , , , , ,0,0,1,0,0,0,0,1,0,0,0,0,0,0
1366152,2013,7,11,22,25,3,43.78214606,-79.17248926,Scarborough East (44),44,Centennial Scarborough (133),133,D43,Scarborough,WATSON ST,OLD KINGSTON RD, ,Minor Arterial,Intersection,At Intersection,No Control,Clear,"Dark, artificial",Dry,Fatal,Pedestrian Collisions,Driver,35 to 39,,0,East,"Automobile, Station Wagon",Turning Left,Failed to Yield Right of Way,Inattentive, , , , , , ,1,0,1,0,0,0,0,0,0,1,0,0,0,1
1366152,2013,7,11,22,25,3,43.78214606,-79.17248926,Scarborough East (44),44,Centennial Scarborough (133),133,D43,Scarborough,WATSON ST,OLD KINGSTON RD, ,Minor Arterial,Intersection,At Intersection,No Control,Clear,"Dark, artificial",Dry,Fatal,Pedestrian Collisions,Pedestrian,40 to 44,Minor,0,West, , , , ,Vehicle turns left while ped crosses with ROW at inter.,Crossing with right of way,Normal, , , ,1,0,1,0,0,0,0,0,0,1,0,0,0,1
1366152,2013,7,11,22,25,3,43.78214606,-79.17248926,Scarborough East (44),44,Centennial Scarborough (133),133,D43,Scarborough,WATSON ST,OLD KINGSTON RD, ,Minor Arterial,Intersection,At Intersection,No Control,Clear,"Dark, artificial",Dry,Fatal,Pedestrian Collisions,Pedestrian,45 to 49,Fatal,21,West, , , , ,Vehicle turns left while ped crosses with ROW at inter.,Crossing with right of way,Normal, , , ,1,0,1,0,0,0,0,0,0,1,0,0,0,1
4001829726,2014,4,4,22,25,4,43.72764548,-79.34084711,Don Valley East (34),34,Banbury-Don Mills (42),42,D33,North York,DON MILLS RD,BARBER GREENE RD, ,Major Arterial,Intersection,Intersection Related,Traffic Signal,Rain,Dark,Wet,Non-Fatal Injury,Pedestrian Collisions,Driver,45 to 49,,0,West,"Automobile, Station Wagon",Turning Right,Improper Turn,Inattentive, , , , , , ,1,0,1,0,0,0,0,0,0,0,0,0,0,0
1075633,2008,12,13,21,1,5,43.80224538,-79.19869029,Scarborough-Rouge River (42),42,Rouge (131),131,D42,Scarborough,SHEPPARD AVE E,MORNINGSIDE AVE, ,Major Arterial,Mid-Block, ,No Control,Clear,Dark,Wet,Fatal,Turning Movement,Vehicle Owner,unknown, ,0, ,Other, , , , , , , , , ,0,0,1,0,0,0,0,0,0,0,0,0,0,1
4001829726,2014,4,4,22,25,4,43.72764548,-79.34084711,Don Valley East (34),34,Banbury-Don Mills (42),42,D33,North York,DON MILLS RD,BARBER GREENE RD, ,Major Arterial,Intersection,Intersection Related,Traffic Signal,Rain,Dark,Wet,Non-Fatal Injury,Pedestrian Collisions,Pedestrian,20 to 24,Major,0,East, , , , ,Vehicle turns right while ped crosses without ROW at inter.,Crossing without right of way,Inattentive, , , ,1,0,1,0,0,0,0,0,0,0,0,0,0,0
1075633,2008,12,13,21,1,5,43.80224538,-79.19869029,Scarborough-Rouge River (42),42,Rouge (131),131,D42,Scarborough,SHEPPARD AVE E,MORNINGSIDE AVE, ,Major Arterial,Mid-Block, ,No Control,Clear,Dark,Wet,Fatal,Turning Movement,Driver,60 to 64,,0,East,"Automobile, Station Wagon",Going Ahead,Driving Properly,Normal, , , , , , ,0,0,1,0,0,0,0,0,0,0,0,0,0,1
1118840,2009,8,13,21,1,3,43.68854538,-79.39429029,St. Paul's (22),22,Rosedale-Moore Park (98),98,D53,Toronto East York,YONGE ST,ST CLAIR AVE W, ,Major Arterial,Mid-Block, ,No Control,Clear,Dark,Dry,Non-Fatal Injury,Pedestrian Collisions,Driver,20 to 24,Major,0,South,"Automobile, Station Wagon",Going Ahead, ,Unknown, , , , , , ,1,0,1,0,0,0,0,0,0,0,0,0,0,0
6002020311,2016,11,13,22,25,6,43.74142798,-79.50146113,York Centre (9),9,Glenfield-Jane Heights (25),25,D31,North York,SHEPPARD AVE W,ARLETA AVE, ,Major Arterial,Intersection,At Intersection,Traffic Signal,Clear,"Dark, artificial",Dry,Non-Fatal Injury,Turning Movement,Driver,25 to 29,,0,North,"Automobile, Station Wagon",Turning Left,Failed to Yield Right of Way,Inattentive, , , , , , ,0,0,1,1,0,0,0,0,1,1,0,0,0,0
1118840,2009,8,13,21,1,3,43.68854538,-79.39429029,St. Paul's (22),22,Rosedale-Moore Park (98),98,D53,Toronto East York,YONGE ST,ST CLAIR AVE W, ,Major Arterial,Mid-Block, ,No Control,Clear,Dark,Dry,Non-Fatal Injury,Pedestrian Collisions,Pedestrian,unknown,,0, ,Other,Other, , , , ,Unknown, , , ,1,0,1,0,0,0,0,0,0,0,0,0,0,0
6002020311,2016,11,13,22,25,6,43.74142798,-79.50146113,York Centre (9),9,Glenfield-Jane Heights (25),25,D31,North York,SHEPPARD AVE W,ARLETA AVE, ,Major Arterial,Intersection,At Intersection,Traffic Signal,Clear,"Dark, artificial",Dry,Non-Fatal Injury,Turning Movement,Motorcycle Driver,45 to 49,Major,0,West,Motorcycle,Going Ahead,Speed too Fast For Condition,Normal, , , , , , ,0,0,1,1,0,0,0,0,1,1,0,0,0,0
6002020311,2016,11,13,22,25,6,43.74142798,-79.50146113,York Centre (9),9,Glenfield-Jane Heights (25),25,D31,North York,SHEPPARD AVE W,ARLETA AVE, ,Major Arterial,Intersection,At Intersection,Traffic Signal,Clear,"Dark, artificial",Dry,Non-Fatal Injury,Turning Movement,Driver,50 to 54,,0,West,"Automobile, Station Wagon",Going Ahead,Driving Properly,Normal, , , , , , ,0,0,1,1,0,0,0,0,1,1,0,0,0,0
1044815,2008,6,24,22,26,1,43.71874538,-79.51839029,York West (7),7,Downsview-Roding-CFB (26),26,D31,Etobicoke York,WILSON AVE,JETHRO RD, ,Major Arterial,Intersection,At Intersection,Traffic Signal,Clear,Dark,Dry,Fatal,Pedestrian Collisions,Vehicle Owner,unknown, ,0, ,Other, , , , , , , , , ,1,0,1,0,0,0,0,0,1,1,0,0,0,1
1044815,2008,6,24,22,26,1,43.71874538,-79.51839029,York West (7),7,Downsview-Roding-CFB (26),26,D31,Etobicoke York,WILSON AVE,JETHRO RD, ,Major Arterial,Intersection,At Intersection,Traffic Signal,Clear,Dark,Dry,Fatal,Pedestrian Collisions,Driver,25 to 29,,0,East,"Automobile, Station Wagon",Going Ahead,Driving Properly,Normal, , , , , , ,1,0,1,0,0,0,0,0,1,1,0,0,0,1