ACCNUM,YEAR,MONTH,DAY,HOUR,MINUTES,WEEKDAY,LATITUDE,LONGITUDE,Ward_Name,Ward_ID,Hood_Name,Hood_ID,Division,District,STREET1,STREET2,OFFSET,ROAD_CLASS,LOCCOORD,ACCLOC,TRAFFCTL,VISIBILITY,LIGHT,RDSFCOND,ACCLASS,IMPACTYPE,INVTYPE,INVAGE,INJURY,FATAL_NO,INITDIR,VEHTYPE,MANOEUVER,DRIVACT,DRIVCOND,PEDTYPE,PEDACT,PEDCOND,CYCLISTYPE,CYCACT,CYCCOND,PEDESTRIAN,CYCLIST,AUTOMOBILE,MOTORCYCLE,TRUCK,TRSN_CITY_VEH,EMERG_VEH,PASSENGER,SPEEDING,AG_DRIV,REDLIGHT,ALCOHOL,DISABILITY,label
1044815,2008,6,24,22,26,1,43.71874538,-79.51839029,York West (7),7,Downsview-Roding-CFB (26),26,D31,Etobicoke York,WILSON AVE,JETHRO RD, ,Major Arterial,Intersection,At Intersection,Traffic Signal,Clear,Dark,Dry,Fatal,Pedestrian Collisions,Pedestrian,75 to 79,Fatal,27,North,Other, , , ,Vehicle is going straight thru inter.while ped cross without ROW,Crossing without right of way,Unknown, , , ,1,0,1,0,0,0,0,0,1,1,0,0,0,1
5002031524,2015,11,26,22,26,3,43.63929327,-79.46094904,Parkdale-High Park (13),13,High Park-Swansea (87),87,D11,Etobicoke York,THE QUEENSWAY,COLBORNE LODGE DR,134 m West of,Major Arterial,Mid-Block,Non Intersection,No Control,Clear,"Dark, artificial",Dry,Non-Fatal Injury,Pedestrian Collisions,Driver,50 to 54,,0,West,"Automobile, Station Wagon",Going Ahead,Driving Properly,Normal, , , , , , ,1,0,1,0,0,0,0,0,0,0,0,0,0,0
5002031524,2015,11,26,22,26,3,43.63929327,-79.46094904,Parkdale-High Park (13),13,High Park-Swansea (87),87,D11,Etobicoke York,THE QUEENSWAY,COLBORNE LODGE DR,134 m West of,Major Arterial,Mid-Block,Non Intersection,No Control,Clear,"Dark, artificial",Dry,Non-Fatal Injury,Pedestrian Collisions,Pedestrian,45 to 49,Major,0,North, , , , ,Pedestrian hit at mid-block,"Crossing, no Traffic Control","Ability Impaired, Alcohol", , , ,1,0,1,0,0,0,0,0,0,0,0,0,0,0
979559,2007,7,10,22,27,1,43.74194538,-79.59419029,Etobicoke North (1),1,Mount Olive-Silverstone-Jamestown (2),2,D23,Etobicoke York,ALBION RD,MARTIN GROVE RD, ,Major Arterial,Intersection,At Intersection,Traffic Signal,Clear,Dark,Dry,Non-Fatal Injury,Angle,Vehicle Owner,unknown,,0, ,Other, , , , , , , , , ,0,0,1,0,0,0,0,1,1,1,1,0,0,0
979559,2007,7,10,22,27,1,43.74194538,-79.59419029,Etobicoke North (1),1,Mount Olive-Silverstone-Jamestown (2),2,D23,Etobicoke York,ALBION RD,MARTIN GROVE RD, ,Major Arterial,Intersection,At Intersection,Traffic Signal,Clear,Dark,Dry,Non-Fatal Injury,Angle,Passenger,25 to 29,,0, ,Other, , , , , , , , , ,0,0,1,0,0,0,0,1,1,1,1,0,0,0
979559,2007,7,10,22,27,1,43.74194538,-79.59419029,Etobicoke North (1),1,Mount Olive-Silverstone-Jamestown (2),2,D23,Etobicoke York,ALBION RD,MARTIN GROVE RD, ,Major Arterial,Intersection,At Intersection,Traffic Signal,Clear,Dark,Dry,Non-Fatal Injury,Angle,Passenger,20 to 24,,0, ,Other, , , , , , , , , ,0,0,1,0,0,0,0,1,1,1,1,0,0,0
979559,2007,7,10,22,27,1,43.74194538,-79.59419029,Etobicoke North (1),1,Mount Olive-Silverstone-Jamestown (2),2,D23,Etobicoke York,ALBION RD,MARTIN GROVE RD, ,Major Arterial,Intersection,At Intersection,Traffic Signal,Clear,Dark,Dry,Non-Fatal Injury,Angle,Driver,20 to 24,Minimal,0,South,"Automobile, Station Wagon",Unknown,Disobeyed Traffic Control,Inattentive, , , , , , ,0,0,1,0,0,0,0,1,1,1,1,0,0,0
979559,2007,7,10,22,27,1,43.74194538,-79.59419029,Etobicoke North (1),1,Mount Olive-Silverstone-Jamestown (2),2,D23,Etobicoke York,ALBION RD,MARTIN GROVE RD, ,Major Arterial,Intersection,At Intersection,Traffic Signal,Clear,Dark,Dry,Non-Fatal Injury,Angle,Vehicle Owner,unknown,,0, ,Other, , , , , , , , , ,0,0,1,0,0,0,0,1,1,1,1,0,0,0
979559,2007,7,10,22,27,1,43.74194538,-79.59419029,Etobicoke North (1),1,Mount Olive-Silverstone-Jamestown (2),2,D23,Etobicoke York,ALBION RD,MARTIN GROVE RD, ,Major Arterial,Intersection,At Intersection,Traffic Signal,Clear,Dark,Dry,Non-Fatal Injury,Angle,Driver,25 to 29,Major,0,West,"Automobile, Station Wagon",Going Ahead,Exceeding Speed Limit,Unknown, , , , , , ,0,0,1,0,0,0,0,1,1,1,1,0,0,0
5001740132,2015,10,8,22,27,3,43.69963415,-79.43188105,St. Paul's (21),21,Humewood-Cedarvale (106),106,D13,Toronto East York,EGLINTON AVE W,MENIN RD,16 m West of,Major Arterial,Intersection,Intersection Related,No Control,Rain,"Dark, artificial",Wet,Non-Fatal Injury,Pedestrian Collisions,Driver,35 to 39,,0,West,Municipal Transit Bus (TTC),Going Ahead,Speed too Fast For Condition,Normal, , , , , , ,1,0,0,0,0,1,0,0,1,1,0,0,0,0
5001740132,2015,10,8,22,27,3,43.69963415,-79.43188105,St. Paul's (21),21,Humewood-Cedarvale (106),106,D13,Toronto East York,EGLINTON AVE W,MENIN RD,16 m West of,Major Arterial,Intersection,Intersection Related,No Control,Rain,"Dark, artificial",Wet,Non-Fatal Injury,Pedestrian Collisions,Pedestrian,85 to 89,Major,0,Unknown, , , , ,Pedestrian involved in a collision with transit vehicle anywhere along roadway,"Crossing, no Traffic Control",Normal, , , ,1,0,0,0,0,1,0,0,1,1,0,0,0,0
4003518072,2014,12,19,22,28,4,43.7431217,-79.58270655,Etobicoke North (1),1,Mount Olive-Silverstone-Jamestown (2),2,D23,Etobicoke York,KIPLING AVE,FINCH AVE W, ,Major Arterial,Mid-Block,Non Intersection,No Control,Clear,Dark,Dry,Non-Fatal Injury,Pedestrian Collisions,Driver,45 to 49,,0,West,"Automobile, Station Wagon",Going Ahead,Driving Properly,Normal, , , , , , ,1,0,1,0,0,0,0,0,0,0,0,0,0,0
4003518072,2014,12,19,22,28,4,43.7431217,-79.58270655,Etobicoke North (1),1,Mount Olive-Silverstone-Jamestown (2),2,D23,Etobicoke York,KIPLING AVE,FINCH AVE W, ,Major Arterial,Mid-Block,Non Intersection,No Control,Clear,Dark,Dry,Non-Fatal Injury,Pedestrian Collisions,Pedestrian,25 to 29,Major,0,North, , , , ,Pedestrian hit at mid-block,Running onto Roadway,Inattentive, , , ,1,0,1,0,0,0,0,0,0,0,0,0,0,0
1241592,2011,7,1,22,29,4,43.7869068,-79.3115655,Scarborough-Agincourt (40),40,L'Amoreaux (117),117,D42,Scarborough,WARDEN AVE,HUNTINGWOOD DR, ,Major Arterial,Mid-Block, ,No Control,Clear,Dark,Dry,Fatal,Pedestrian Collisions,Passenger,40 to 44,,0, ,Other, , , , , , , , , ,1,0,1,0,0,0,0,1,0,0,0,0,0,1
1241592,2011,7,1,22,29,4,43.7869068,-79.3115655,Scarborough-Agincourt (40),40,L'Amoreaux (117),117,D42,Scarborough,WARDEN AVE,HUNTINGWOOD DR, ,Major Arterial,Mid-Block, ,No Control,Clear,Dark,Dry,Fatal,Pedestrian Collisions,Driver,45 to 49,,0,South,"Automobile, Station Wagon",Going Ahead,Driving Properly,Normal, , , , , , ,1,0,1,0,0,0,0,1,0,0,0,0,0,1
1241592,2011,7,1,22,29,4,43.7869068,-79.3115655,Scarborough-Agincourt (40),40,L'Amoreaux (117),117,D42,Scarborough,WARDEN AVE,HUNTINGWOOD DR, ,Major Arterial,Mid-Block, ,No Control,Clear,Dark,Dry,Fatal,Pedestrian Collisions,Vehicle Owner,unknown, ,0, ,Other, , , , , , , , , ,1,0,1,0,0,0,0,1,0,0,0,0,0,1
1241592,2011,7,1,22,29,4,43.7869068,-79.3115655,Scarborough-Agincourt (40),40,L'Amoreaux (117),117,D42,Scarborough,WARDEN AVE,HUNTINGWOOD DR, ,Major Arterial,Mid-Block, ,No Control,Clear,Dark,Dry,Fatal,Pedestrian Collisions,Driver,25 to 29,,0,South,"Automobile, Station Wagon",Going Ahead,Driving Properly,Normal, , , , , , ,1,0,1,0,0,0,0,1,0,0,0,0,0,1
1241592,2011,7,1,22,29,4,43.7869068,-79.3115655,Scarborough-Agincourt (40),40,L'Amoreaux (117),117,D42,Scarborough,WARDEN AVE,HUNTINGWOOD DR, ,Major Arterial,Mid-Block, ,No Control,Clear,Dark,Dry,Fatal,Pedestrian Collisions,Pedestrian,60 to 64,Fatal,12,West,Other, , , ,Pedestrian hit at mid-block,"Crossing, no Traffic Control",Unknown, , , ,1,0,1,0,0,0,0,1,0,0,0,0,0,1
1306712,2012,6,16,22,29,5,43.64104538,-79.43449029,Parkdale-High Park (14),14,Roncesvalles (86),86,D11,Toronto East York,QUEEN ST W,DUNN AVE, ,Major Arterial,Intersection,At Intersection,Traffic Signal,Clear,"Dark, artificial",Dry,Non-Fatal Injury,Pedestrian Collisions,Driver,20 to 24,Major,0,North,"Automobile, Station Wagon",Turning Left,Driving Properly,Normal, , , , , , ,1,0,1,0,0,0,0,0,0,0,0,0,0,0
1306712,2012,6,16,22,29,5,43.64104538,-79.43449029,Parkdale-High Park (14),14,Roncesvalles (86),86,D11,Toronto East York,QUEEN ST W,DUNN AVE, ,Major Arterial,Intersection,At Intersection,Traffic Signal,Clear,"Dark, artificial",Dry,Non-Fatal Injury,Pedestrian Collisions,Pedestrian,60 to 64,Minor,0,South,Other, , , ,Other / Undefined,Other,Medical or Physical Disability, , , ,1,0,1,0,0,0,0,0,0,0,0,0,0,0
4003143526,2014,10,20,22,29,0,43.65043219,-79.38463984,Toronto Centre-Rosedale (28),28,Bay Street Corridor (76),76,D52,Toronto East York,YORK ST,RICHMOND ST W, ,Major Arterial,Intersection,At Intersection,Traffic Signal,Rain,"Dark, artificial",Wet,Non-Fatal Injury,Angle,Driver,25 to 29,,0,North,"Automobile, Station Wagon",Going Ahead,Disobeyed Traffic Control,Inattentive, , , , , , ,0,0,1,1,0,0,0,0,1,1,1,0,0,0
4003143526,2014,10,20,22,29,0,43.65043219,-79.38463984,Toronto Centre-Rosedale (28),28,Bay Street Corridor (76),76,D52,Toronto East York,YORK ST,RICHMOND ST W, ,Major Arterial,Intersection,At Intersection,Traffic Signal,Rain,"Dark, artificial",Wet,Non-Fatal Injury,Angle,Motorcycle Driver,35 to 39,Major,0,West,Motorcycle,Going Ahead,Driving Properly,Normal, , , , , , ,0,0,1,1,0,0,0,0,1,1,1,0,0,0
7000635280,2017,4,10,22,29,0,43.67140921,-79.47240839,York South-Weston (11),11,Junction Area (90),90,D11,Etobicoke York,ST CLAIR AVE W,GUNNS RD,90 m West of,Major Arterial,Mid-Block,Non Intersection,No Control,Rain,Dark,Wet,Non-Fatal Injury,Pedestrian Collisions,Driver,35 to 39,,0,West,"Automobile, Station Wagon",Going Ahead,Driving Properly,Normal, , , , , , ,1,0,1,0,0,0,0,0,1,1,0,0,0,0
7000635280,2017,4,10,22,29,0,43.67140921,-79.47240839,York South-Weston (11),11,Junction Area (90),90,D11,Etobicoke York,ST CLAIR AVE W,GUNNS RD,90 m West of,Major Arterial,Mid-Block,Non Intersection,No Control,Rain,Dark,Wet,Non-Fatal Injury,Pedestrian Collisions,Pedestrian,50 to 54,Major,0,West, , , , ,Pedestrian hit at mid-block,Running onto Roadway,Inattentive, , , ,1,0,1,0,0,0,0,0,1,1,0,0,0,0
984384,2007,7,16,22,30,0,43.82524538,-79.19959029,Scarborough-Rouge River (42),42,Rouge (131),131,D42,Scarborough,SEWELLS RD,OLD FINCH AVE, ,Collector,Intersection,At Intersection,Stop Sign,Clear,Dark,Dry,Non-Fatal Injury,Turning Movement,Passenger,45 to 49,Minor,0, ,Other, , , , , , , , , ,0,0,1,0,1,0,0,1,0,0,0,0,0,0
984384,2007,7,16,22,30,0,43.82524538,-79.19959029,Scarborough-Rouge River (42),42,Rouge (131),131,D42,Scarborough,SEWELLS RD,OLD FINCH AVE, ,Collector,Intersection,At Intersection,Stop Sign,Clear,Dark,Dry,Non-Fatal Injury,Turning Movement,Truck Driver,25 to 29,Major,0,North,Truck - Open,Going Ahead,Driving Properly,Normal, , , , , , ,0,0,1,0,1,0,0,1,0,0,0,0,0,0
984384,2007,7,16,22,30,0,43.82524538,-79.19959029,Scarborough-Rouge River (42),42,Rouge (131),131,D42,Scarborough,SEWELLS RD,OLD FINCH AVE, ,Collector,Intersection,At Intersection,Stop Sign,Clear,Dark,Dry,Non-Fatal Injury,Turning Movement,Driver,30 to 34,Minor,0,West,"Automobile, Station Wagon",Turning Left,Improper Turn,Normal, , , , , , ,0,0,1,0,1,0,0,1,0,0,0,0,0,0
1030716,2008,3,17,22,30,0,43.67464538,-79.43179029,Davenport (17),17,Wychwood (94),94,D13,Etobicoke York,DAVENPORT RD,SOMERSET AVE, ,Minor Arterial,Mid-Block, ,No Control,Clear,Dark,Dry,Non-Fatal Injury,Pedestrian Collisions,Driver,unknown,,0,East,"Automobile, Station Wagon",Going Ahead,Exceeding Speed Limit,Unknown, , , , , , ,1,0,1,0,0,0,0,0,1,1,0,0,0,0
1030716,2008,3,17,22,30,0,43.67464538,-79.43179029,Davenport (17),17,Wychwood (94),94,D13,Etobicoke York,DAVENPORT RD,SOMERSET AVE, ,Minor Arterial,Mid-Block, ,No Control,Clear,Dark,Dry,Non-Fatal Injury,Pedestrian Collisions,Pedestrian,65 to 69,Major,0, ,Other, , , ,Pedestrian hit at mid-block,Person Getting on/off Vehicle,Normal, , , ,1,0,1,0,0,0,0,0,1,1,0,0,0,0
1058659,2008,9,14,22,30,6,43.64914538,-79.35609029,Toronto Centre-Rosedale (28),28,Waterfront Communities-The Island (77),77,D51,Toronto East York,F G GARDINER Expr W,CHERRY Stre, ,Expressway,Intersection, ,No Control,Clear,Dark,Dry,Non-Fatal Injury,SMV Other,Driver,30 to 34,Major,0,East,"Automobile, Station Wagon",Going Ahead,Lost control,Normal, , , , , , ,0,0,1,0,0,0,0,0,0,0,0,0,0,0
1063149,2008,10,7,22,30,1,43.78094443,-79.23359309,Scarborough Centre (38),38,Woburn (137),137,D43,Scarborough,MARKHAM RD,TUXEDO CRT, ,Major Arterial,Mid-Block, ,No Control,Clear,Dark,Dry,Non-Fatal Injury,Turning Movement,Motorcycle Driver,35 to 39,Major,0,South,Motorcycle,Going Ahead,Driving Properly,Normal, , , , , , ,0,0,1,1,0,0,0,0,0,1,0,0,0,0
1063149,2008,10,7,22,30,1,43.78094443,-79.23359309,Scarborough Centre (38),38,Woburn (137),137,D43,Scarborough,MARKHAM RD,TUXEDO CRT, ,Major Arterial,Mid-Block, ,No Control,Clear,Dark,Dry,Non-Fatal Injury,Turning Movement,Driver,25 to 29,,0,East,Pick Up Truck,Turning Left,Failed to Yield Right of Way,Normal, , , , , , ,0,0,1,1,0,0,0,0,0,1,0,0,0,0
1196563,2010,10,1,22,30,4,43.80184538,-79.30269029,Scarborough-Agincourt (39),39,L'Amoreaux (117),117,D42,Scarborough,SILVER SPRINGS BLVD,BIRCHMOUNT RD, ,Major Arterial,Mid-Block, ,Pedestrian Crossover,Clear,Dark,Dry,Non-Fatal Injury,Pedestrian Collisions,Driver,unknown,,0,West,"Automobile, Station Wagon",Going Ahead,Disobeyed Traffic Control,Unknown, , , , , , ,1,0,1,0,0,0,0,0,0,1,0,0,0,0
1196563,2010,10,1,22,30,4,43.80184538,-79.30269029,Scarborough-Agincourt (39),39,L'Amoreaux (117),117,D42,Scarborough,SILVER SPRINGS BLVD,BIRCHMOUNT RD, ,Major Arterial,Mid-Block, ,Pedestrian Crossover,Clear,Dark,Dry,Non-Fatal Injury,Pedestrian Collisions,Pedestrian,45 to 49,Major,0,South,Other, , , ,Pedestrian hit a PXO/ped. Mid-block signal,"Crossing, Pedestrian Crossover",Normal, , , ,1,0,1,0,0,0,0,0,0,1,0,0,0,0
1366092,2013,5,29,22,30,2,43.59334538,-79.53819029,Etobicoke-Lakeshore (6),6,Long Branch (19),19,D22,Etobicoke York,LAKE SHORE Blvd W,THIRTY SEVENTH St, ,Major Arterial,Intersection,At Intersection,Traffic Signal,Clear,"Dark, artificial",Dry,Non-Fatal Injury,Turning Movement,Motorcycle Driver,15 to 19,Major,0,West,Motorcycle,Going Ahead,Driving Properly,Normal, , , , , , ,0,0,1,1,0,0,0,0,0,0,0,0,0,0
1366092,2013,5,29,22,30,2,43.59334538,-79.53819029,Etobicoke-Lakeshore (6),6,Long Branch (19),19,D22,Etobicoke York,LAKE SHORE Blvd W,THIRTY SEVENTH St, ,Major Arterial,Intersection,At Intersection,Traffic Signal,Clear,"Dark, artificial",Dry,Non-Fatal Injury,Turning Movement,Driver,55 to 59,,0,West,"Automobile, Station Wagon",Turning Left,Improper Turn,Inattentive, , , , , , ,0,0,1,1,0,0,0,0,0,0,0,0,0,0
5001670423,2015,9,24,22,30,3,43.759811,-79.22531519,Scarborough East (43),43,Woburn (137),137,D43,Scarborough,MARKHAM RD,LAWRENCE AVE E, ,Major Arterial,Intersection,Intersection Related,Traffic Signal,Clear,"Dark, artificial",Dry,Non-Fatal Injury,Turning Movement,Driver,60 to 64,Major,0,South,"Automobile, Station Wagon",Turning Left,Failed to Yield Right of Way,Inattentive, , , , , , ,0,0,1,0,0,0,0,0,0,1,0,0,0,0
5001670423,2015,9,24,22,30,3,43.759811,-79.22531519,Scarborough East (43),43,Woburn (137),137,D43,Scarborough,MARKHAM RD,LAWRENCE AVE E, ,Major Arterial,Intersection,Intersection Related,Traffic Signal,Clear,"Dark, artificial",Dry,Non-Fatal Injury,Turning Movement,Driver,15 to 19,,0,North,Passenger Van,Going Ahead,Driving Properly,Normal, , , , , , ,0,0,1,0,0,0,0,0,0,1,0,0,0,0
6000294353,2016,2,18,22,30,3,43.64077719,-79.43809138,Parkdale-High Park (14),14,Roncesvalles (86),86,D11,Toronto East York,MACDONELL AVE,LN n QUEEEN E FULLER,1 m South of,Local,Intersection,At Intersection,No Control,Clear,Dark,Dry,Fatal,Pedestrian Collisions,Driver,30 to 34,,0,North,"Bus (Other) (Go Bus, Gray Coach)",Slowing or Stopping,Driving Properly,Normal, , , , , , ,1,0,0,0,0,1,0,0,0,0,0,0,0,1
6000294353,2016,2,18,22,30,3,43.64077719,-79.43809138,Parkdale-High Park (14),14,Roncesvalles (86),86,D11,Toronto East York,MACDONELL AVE,LN n QUEEEN E FULLER,1 m South of,Local,Intersection,At Intersection,No Control,Clear,Dark,Dry,Fatal,Pedestrian Collisions,Pedestrian,70 to 74,Fatal,15,West, , , , ,Vehicle is going straight thru inter.while ped cross without ROW,Crossing without right of way,Inattentive, , , ,1,0,0,0,0,1,0,0,0,0,0,0,0,1
6001553958,2016,9,1,22,30,3,43.64206656,-79.37745295,Toronto Centre-Rosedale (28),28,Waterfront Communities-The Island (77),77,D52,Toronto East York,BAY ST,HARBOUR ST, ,Major Arterial,Intersection,Intersection Related,Traffic Signal,Clear,"Dark, artificial",Dry,Fatal,Turning Movement,Motorcycle Driver,30 to 34,Fatal,56,North,Motorcycle,Going Ahead,Driving Properly,Unknown, , , , , , ,0,0,1,1,0,0,0,0,1,1,0,0,0,1
6001553958,2016,9,1,22,30,3,43.64206656,-79.37745295,Toronto Centre-Rosedale (28),28,Waterfront Communities-The Island (77),77,D52,Toronto East York,BAY ST,HARBOUR ST, ,Major Arterial,Intersection,Intersection Related,Traffic Signal,Clear,"Dark, artificial",Dry,Fatal,Turning Movement,Driver,65 to 69,,0,South,"Automobile, Station Wagon",Turning Left,Improper Turn,Inattentive, , , , , , ,0,0,1,1,0,0,0,0,1,1,0,0,0,1
7000309465,2017,2,18,22,30,5,43.65077933,-79.38659296,Toronto Centre-Rosedale (28),28,Bay Street Corridor (76),76,D52,Toronto East York,UNIVERSITY AVE,QUEEN ST W,11 m North of,Major Arterial,Intersection,At Intersection,Traffic Signal,Clear,"Dark, artificial",Dry,Non-Fatal Injury,Pedestrian Collisions,Driver,30 to 34,,0,East,"Automobile, Station Wagon",Turning Left,Driving Properly,Normal, , , , , , ,1,0,1,0,0,0,0,0,0,0,0,0,0,0
7000309465,2017,2,18,22,30,5,43.65077933,-79.38659296,Toronto Centre-Rosedale (28),28,Bay Street Corridor (76),76,D52,Toronto East York,UNIVERSITY AVE,QUEEN ST W,11 m North of,Major Arterial,Intersection,At Intersection,Traffic Signal,Clear,"Dark, artificial",Dry,Non-Fatal Injury,Pedestrian Collisions,Other,unknown,,0,Unknown, ,Unknown, , , , , , , , ,1,0,1,0,0,0,0,0,0,0,0,0,0,0
7000309465,2017,2,18,22,30,5,43.65077933,-79.38659296,Toronto Centre-Rosedale (28),28,Bay Street Corridor (76),76,D52,Toronto East York,UNIVERSITY AVE,QUEEN ST W,11 m North of,Major Arterial,Intersection,At Intersection,Traffic Signal,Clear,"Dark, artificial",Dry,Non-Fatal Injury,Pedestrian Collisions,Pedestrian,35 to 39,Major,0,East, , , , ,Vehicle turns left while ped crosses without ROW at inter.,Crossing without right of way,Inattentive, , , ,1,0,1,0,0,0,0,0,0,0,0,0,0,0
7000309465,2017,2,18,22,30,5,43.65077933,-79.38659296,Toronto Centre-Rosedale (28),28,Bay Street Corridor (76),76,D52,Toronto East York,UNIVERSITY AVE,QUEEN ST W,11 m North of,Major Arterial,Intersection,At Intersection,Traffic Signal,Clear,"Dark, artificial",Dry,Non-Fatal Injury,Pedestrian Collisions,Pedestrian,35 to 39,Minor,0,East, , , , ,Vehicle turns left while ped crosses without ROW at inter.,Crossing without right of way,Had Been Drinking, , , ,1,0,1,0,0,0,0,0,0,0,0,0,0,0
7000852096,2017,5,14,22,30,6,43.75033148,-79.24440394,Scarborough Centre (38),38,Bendale (127),127,D43,Scarborough,DANFORTH RD,BARRYMORE RD,12 m North of,Major Arterial,Intersection,Intersection Related,No Control,Clear,"Dark, artificial",Dry,Non-Fatal Injury,Pedestrian Collisions,Driver,60 to 64,,0,North,"Automobile, Station Wagon",Going Ahead,Driving Properly,Normal, , , , , , ,1,0,1,0,0,0,0,0,0,0,0,0,0,0
7000852096,2017,5,14,22,30,6,43.75033148,-79.24440394,Scarborough Centre (38),38,Bendale (127),127,D43,Scarborough,DANFORTH RD,BARRYMORE RD,12 m North of,Major Arterial,Intersection,Intersection Related,No Control,Clear,"Dark, artificial",Dry,Non-Fatal Injury,Pedestrian Collisions,Pedestrian,15 to 19,Major,0,East, , , , ,Pedestrian hit at mid-block,Running onto Roadway,Normal, , , ,1,0,1,0,0,0,0,0,0,0,0,0,0,0
1305685,2012,6,6,22,31,2,43.66074538,-79.38289029,Toronto Centre-Rosedale (27),27,Bay Street Corridor (76),76,D52,Toronto East York,YONGE ST,CARLTON ST, ,Major Arterial,Mid-Block, ,No Control,Clear,"Dark, artificial",Dry,Non-Fatal Injury,Pedestrian Collisions,Driver,60 to 64,,0,North,"Automobile, Station Wagon",Going Ahead,Driving Properly,Normal, , , , , , ,1,0,1,0,0,0,0,0,0,0,0,0,0,0
1305685,2012,6,6,22,31,2,43.66074538,-79.38289029,Toronto Centre-Rosedale (27),27,Bay Street Corridor (76),76,D52,Toronto East York,YONGE ST,CARLTON ST, ,Major Arterial,Mid-Block, ,No Control,Clear,"Dark, artificial",Dry,Non-Fatal Injury,Pedestrian Collisions,Pedestrian,15 to 19,Major,0,East,Other, , , ,Pedestrian hit at mid-block,Running onto Roadway,Unknown, , , ,1,0,1,0,0,0,0,0,0,0,0,0,0,0
5000220860,2015,2,6,22,31,4,43.74182852,-79.45428095,York Centre (9),9,Clanton Park (33),33,D32,North York,TRANSIT RD,WILLIAM R ALLEN RD S, ,Expressway,Intersection,At Intersection,Traffic Signal,Clear,"Dark, artificial",Dry,Non-Fatal Injury,Turning Movement,Driver,20 to 24,Major,0,West,"Automobile, Station Wagon",Turning Left,Disobeyed Traffic Control,Inattentive, , , , , , ,0,0,1,0,0,1,0,0,1,1,1,0,0,0
5000220860,2015,2,6,22,31,4,43.74182852,-79.45428095,York Centre (9),9,Clanton Park (33),33,D32,North York,TRANSIT RD,WILLIAM R ALLEN RD S, ,Expressway,Intersection,At Intersection,Traffic Signal,Clear,"Dark, artificial",Dry,Non-Fatal Injury,Turning Movement,Driver,35 to 39,,0,North,Municipal Transit Bus (TTC),Going Ahead,Driving Properly,Normal, , , , , , ,0,0,1,0,0,1,0,0,1,1,1,0,0,0
1014650,2008,1,14,22,32,0,43.74984538,-79.23979029,Scarborough Centre (38),38,Bendale (127),127,D43,Scarborough,35 BENDALE BLVD, , ,Local,Mid-Block, ,No Control,Snow,Dark,Wet,Non-Fatal Injury,SMV Other,Passenger,20 to 24,Major,0, ,Other, , , , , , , , , ,0,0,1,0,0,0,0,1,0,0,0,1,0,0
1014650,2008,1,14,22,32,0,43.74984538,-79.23979029,Scarborough Centre (38),38,Bendale (127),127,D43,Scarborough,35 BENDALE BLVD, , ,Local,Mid-Block, ,No Control,Snow,Dark,Wet,Non-Fatal Injury,SMV Other,Passenger,20 to 24,Major,0, ,Other, , , , , , , , , ,0,0,1,0,0,0,0,1,0,0,0,1,0,0
1014650,2008,1,14,22,32,0,43.74984538,-79.23979029,Scarborough Centre (38),38,Bendale (127),127,D43,Scarborough,35 BENDALE BLVD, , ,Local,Mid-Block, ,No Control,Snow,Dark,Wet,Non-Fatal Injury,SMV Other,Vehicle Owner,unknown, ,0, ,Other, , , , , , , , , ,0,0,1,0,0,0,0,1,0,0,0,1,0,0
1014650,2008,1,14,22,32,0,43.74984538,-79.23979029,Scarborough Centre (38),38,Bendale (127),127,D43,Scarborough,35 BENDALE BLVD, , ,Local,Mid-Block, ,No Control,Snow,Dark,Wet,Non-Fatal Injury,SMV Other,Driver,20 to 24,Major,0,North,"Automobile, Station Wagon",Going Ahead,Lost control,"Ability Impaired, Alcohol Over .08", , , , , , ,0,0,1,0,0,0,0,1,0,0,0,1,0,0
1266347,2011,9,21,22,33,2,43.64964538,-79.43149029,Davenport (18),18,Little Portugal (84),84,D11,Toronto East York,DUFFERIN Stre,DUNDAS Stre W, ,Minor Arterial,Intersection,At Intersection,Traffic Signal,Clear,"Dark, artificial",Wet,Non-Fatal Injury,Cyclist Collisions,Driver,25 to 29,,0,North,"Automobile, Station Wagon",Going Ahead,Driving Properly,Unknown, , , , , , ,0,1,1,0,0,0,0,0,0,0,0,0,0,0
1266347,2011,9,21,22,33,2,43.64964538,-79.43149029,Davenport (18),18,Little Portugal (84),84,D11,Toronto East York,DUFFERIN Stre,DUNDAS Stre W, ,Minor Arterial,Intersection,At Intersection,Traffic Signal,Clear,"Dark, artificial",Wet,Non-Fatal Injury,Cyclist Collisions,Cyclist,20 to 24,Major,0,South,Bicycle,Turning Left, , , , , ,Cyclist turned left across motorists path.,Improper Turn,Unknown,0,1,1,0,0,0,0,0,0,0,0,0,0,0
7002039286,2017,11,10,22,33,4,43.73890646,-79.29210291,Scarborough Centre (37),37,Wexford/Maryvale (119),119,D41,Scarborough,WARDEN AVE,WAYNE AVE,147 M North,Major Arterial,Mid-Block,Non Intersection,No Control,Clear,"Dark, artificial",Dry,Fatal,Pedestrian Collisions,Pedestrian,55 to 59,Fatal,53,West, , , , ,Pedestrian hit at mid-block,"Crossing, no Traffic Control",Normal, , , ,1,0,1,0,0,0,0,0,0,0,0,0,0,1
7002039286,2017,11,10,22,33,4,43.73890646,-79.29210291,Scarborough Centre (37),37,Wexford/Maryvale (119),119,D41,Scarborough,WARDEN AVE,WAYNE AVE,147 M North,Major Arterial,Mid-Block,Non Intersection,No Control,Clear,"Dark, artificial",Dry,Fatal,Pedestrian Collisions,Driver,20 to 24,,0,South,Passenger Van,Going Ahead,Driving Properly,Normal, , , , , , ,1,0,1,0,0,0,0,0,0,0,0,0,0,1