ACCNUM,YEAR,MONTH,DAY,HOUR,MINUTES,WEEKDAY,LATITUDE,LONGITUDE,Ward_Name,Ward_ID,Hood_Name,Hood_ID,Division,District,STREET1,STREET2,OFFSET,ROAD_CLASS,LOCCOORD,ACCLOC,TRAFFCTL,VISIBILITY,LIGHT,RDSFCOND,ACCLASS,IMPACTYPE,INVTYPE,INVAGE,INJURY,FATAL_NO,INITDIR,VEHTYPE,MANOEUVER,DRIVACT,DRIVCOND,PEDTYPE,PEDACT,PEDCOND,CYCLISTYPE,CYCACT,CYCCOND,PEDESTRIAN,CYCLIST,AUTOMOBILE,MOTORCYCLE,TRUCK,TRSN_CITY_VEH,EMERG_VEH,PASSENGER,SPEEDING,AG_DRIV,REDLIGHT,ALCOHOL,DISABILITY,label
1066274,2008,10,24,22,35,4,43.72614538,-79.31829029,Don Valley East (34),34,Victoria Village (43),43,D33,North York,EGLINTON AVE E,SWIFT DR, ,Major Arterial,Intersection,At Intersection,Traffic Signal,Rain,Dark,Wet,Fatal,Pedestrian Collisions,Driver,60 to 64,,0,West,"Automobile, Station Wagon",Going Ahead,Driving Properly,Normal, , , , , , ,1,0,1,0,0,0,0,0,0,0,0,0,0,1
1066274,2008,10,24,22,35,4,43.72614538,-79.31829029,Don Valley East (34),34,Victoria Village (43),43,D33,North York,EGLINTON AVE E,SWIFT DR, ,Major Arterial,Intersection,At Intersection,Traffic Signal,Rain,Dark,Wet,Fatal,Pedestrian Collisions,Pedestrian,75 to 79,Fatal,48,North,Other, , , ,Vehicle is going straight thru inter.while ped cross without ROW,Crossing without right of way,Unknown, , , ,1,0,1,0,0,0,0,0,0,0,0,0,0,1
1119932,2009,7,6,22,35,0,43.70954538,-79.23849029,Scarborough Southwest (36),36,Cliffcrest (123),123,D43,Scarborough,BRIMLEY RD S,BLUFFERS PARK RD, ,Collector,Mid-Block, ,No Control,Clear,Dark,Dry,Non-Fatal Injury,Cyclist Collisions,Driver,20 to 24,,0,North,"Automobile, Station Wagon",Going Ahead,Driving Properly,Normal, , , , , , ,0,1,1,0,0,0,0,0,0,0,0,0,0,0
1119932,2009,7,6,22,35,0,43.70954538,-79.23849029,Scarborough Southwest (36),36,Cliffcrest (123),123,D43,Scarborough,BRIMLEY RD S,BLUFFERS PARK RD, ,Collector,Mid-Block, ,No Control,Clear,Dark,Dry,Non-Fatal Injury,Cyclist Collisions,Cyclist,15 to 19,Major,0,South,Bicycle,Going Ahead, , , , , ,Cyclist falls off bike - no contact with motorist.,Lost control,Inattentive,0,1,1,0,0,0,0,0,0,0,0,0,0,0
1191546,2010,9,26,22,35,6,43.71134538,-79.59279029,Etobicoke North (2),2,West Humber-Clairville (1),1,D23,Etobicoke York,HIGHWAY 27  N,VICE REGENT BLVD, ,Major Arterial,Intersection,At Intersection,Stop Sign,Clear,Dark,Dry,Fatal,Turning Movement,Vehicle Owner,unknown, ,0, ,Other, , , , , , , , , ,0,0,1,0,0,0,0,1,1,1,0,1,0,1
1191546,2010,9,26,22,35,6,43.71134538,-79.59279029,Etobicoke North (2),2,West Humber-Clairville (1),1,D23,Etobicoke York,HIGHWAY 27  N,VICE REGENT BLVD, ,Major Arterial,Intersection,At Intersection,Stop Sign,Clear,Dark,Dry,Fatal,Turning Movement,Driver,45 to 49,,0,North,"Automobile, Station Wagon",Going Ahead,Exceeding Speed Limit,"Ability Impaired, Alcohol Over .08", , , , , , ,0,0,1,0,0,0,0,1,1,1,0,1,0,1
7001076312,2017,6,16,21,1,4,43.7500263,-79.59817896,Etobicoke North (1),1,Mount Olive-Silverstone-Jamestown (2),2,D23,Etobicoke York,MARTIN GROVE RD,SILVERSTONE DR,101 m South of,Minor Arterial,Mid-Block,Non Intersection,No Control,Rain,"Dark, artificial",Wet,Non-Fatal Injury,Pedestrian Collisions,Driver,70 to 74,,0,South,"Automobile, Station Wagon",Going Ahead,Driving Properly,Normal, , , , , , ,1,0,1,0,0,0,0,0,0,0,0,0,0,0
7001076312,2017,6,16,21,1,4,43.7500263,-79.59817896,Etobicoke North (1),1,Mount Olive-Silverstone-Jamestown (2),2,D23,Etobicoke York,MARTIN GROVE RD,SILVERSTONE DR,101 m South of,Minor Arterial,Mid-Block,Non Intersection,No Control,Rain,"Dark, artificial",Wet,Non-Fatal Injury,Pedestrian Collisions,Pedestrian,10 to 14,Major,0,East, , , , ,Pedestrian hit at mid-block,"Crossing, no Traffic Control",Medical or Physical Disability, , , ,1,0,1,0,0,0,0,0,0,0,0,0,0,0
969441,2007,5,14,21,3,0,43.65874538,-79.37519029,Toronto Centre-Rosedale (27),27,Moss Park (73),73,D51,Toronto East York,295 JARVIS ST, , ,Major Arterial,Mid-Block, ,No Control,Clear,Dark,Dry,Non-Fatal Injury,Pedestrian Collisions,Driver,unknown,,0,South,"Automobile, Station Wagon",Going Ahead,Other,Unknown, , , , , , ,1,0,1,0,0,0,0,0,0,0,0,0,0,0
969441,2007,5,14,21,3,0,43.65874538,-79.37519029,Toronto Centre-Rosedale (27),27,Moss Park (73),73,D51,Toronto East York,295 JARVIS ST, , ,Major Arterial,Mid-Block, ,No Control,Clear,Dark,Dry,Non-Fatal Injury,Pedestrian Collisions,Pedestrian,80 to 84,Major,0,East,Other, , , ,Pedestrian hit at mid-block,"Crossing, no Traffic Control",Unknown, , , ,1,0,1,0,0,0,0,0,0,0,0,0,0,0
1124595,2009,9,14,21,3,0,43.70394538,-79.25279029,Scarborough Southwest (36),36,Birchcliffe-Cliffside (122),122,D41,Scarborough,KINGSTON RD,CLIFFSIDE DR, ,Major Arterial,Intersection,At Intersection,Traffic Signal,Clear,Dark,Dry,Non-Fatal Injury,Cyclist Collisions,Driver,30 to 34,Minor,0,West,"Automobile, Station Wagon",Going Ahead,Driving Properly,Normal, , , , , , ,0,1,1,0,0,0,0,1,0,0,0,0,0,0
1124595,2009,9,14,21,3,0,43.70394538,-79.25279029,Scarborough Southwest (36),36,Birchcliffe-Cliffside (122),122,D41,Scarborough,KINGSTON RD,CLIFFSIDE DR, ,Major Arterial,Intersection,At Intersection,Traffic Signal,Clear,Dark,Dry,Non-Fatal Injury,Cyclist Collisions,Passenger,50 to 54,Minor,0, ,Other,Other, , , , , , , , ,0,1,1,0,0,0,0,1,0,0,0,0,0,0
1124595,2009,9,14,21,3,0,43.70394538,-79.25279029,Scarborough Southwest (36),36,Birchcliffe-Cliffside (122),122,D41,Scarborough,KINGSTON RD,CLIFFSIDE DR, ,Major Arterial,Intersection,At Intersection,Traffic Signal,Clear,Dark,Dry,Non-Fatal Injury,Cyclist Collisions,Cyclist,45 to 49,Major,0, ,Bicycle,Going Ahead, , , , , ,"Cyclist without ROW rides into path of motorist at inter, lnwy, dwy-Cyclist not turn.",Disobeyed Traffic Control,"Ability Impaired, Alcohol Over .80",0,1,1,0,0,0,0,1,0,0,0,0,0,0
1167046,2010,4,25,21,3,6,43.76884538,-79.40169029,Willowdale (23),23,Willowdale East (51),51,D32,North York,WILLOWDALE AVE,ELMWOOD AVE, ,Minor Arterial,Intersection,At Intersection,No Control,Clear,Dark,Dry,Non-Fatal Injury,Turning Movement,Passenger,30 to 34,Minimal,0, ,Other, , , , , , , , , ,0,0,1,0,0,0,0,1,0,0,0,0,0,0
1167046,2010,4,25,21,3,6,43.76884538,-79.40169029,Willowdale (23),23,Willowdale East (51),51,D32,North York,WILLOWDALE AVE,ELMWOOD AVE, ,Minor Arterial,Intersection,At Intersection,No Control,Clear,Dark,Dry,Non-Fatal Injury,Turning Movement,Passenger,40 to 44,Minimal,0, ,Other, , , , , , , , , ,0,0,1,0,0,0,0,1,0,0,0,0,0,0
1167046,2010,4,25,21,3,6,43.76884538,-79.40169029,Willowdale (23),23,Willowdale East (51),51,D32,North York,WILLOWDALE AVE,ELMWOOD AVE, ,Minor Arterial,Intersection,At Intersection,No Control,Clear,Dark,Dry,Non-Fatal Injury,Turning Movement,Passenger,50 to 54,Major,0, ,Other, , , , , , , , , ,0,0,1,0,0,0,0,1,0,0,0,0,0,0
1167046,2010,4,25,21,3,6,43.76884538,-79.40169029,Willowdale (23),23,Willowdale East (51),51,D32,North York,WILLOWDALE AVE,ELMWOOD AVE, ,Minor Arterial,Intersection,At Intersection,No Control,Clear,Dark,Dry,Non-Fatal Injury,Turning Movement,Passenger,20 to 24,Minimal,0, ,Other, , , , , , , , , ,0,0,1,0,0,0,0,1,0,0,0,0,0,0
1167046,2010,4,25,21,3,6,43.76884538,-79.40169029,Willowdale (23),23,Willowdale East (51),51,D32,North York,WILLOWDALE AVE,ELMWOOD AVE, ,Minor Arterial,Intersection,At Intersection,No Control,Clear,Dark,Dry,Non-Fatal Injury,Turning Movement,Driver,35 to 39,Minimal,0,North,"Automobile, Station Wagon",Going Ahead,Driving Properly,Inattentive, , , , , , ,0,0,1,0,0,0,0,1,0,0,0,0,0,0
1167046,2010,4,25,21,3,6,43.76884538,-79.40169029,Willowdale (23),23,Willowdale East (51),51,D32,North York,WILLOWDALE AVE,ELMWOOD AVE, ,Minor Arterial,Intersection,At Intersection,No Control,Clear,Dark,Dry,Non-Fatal Injury,Turning Movement,Driver,20 to 24,,0,South,"Automobile, Station Wagon",Turning Left,Driving Properly,Normal, , , , , , ,0,0,1,0,0,0,0,1,0,0,0,0,0,0
1347790,2013,2,15,21,3,4,43.70054538,-79.44969029,Eglinton-Lawrence (15),15,Briar Hill-Belgravia (108),108,D13,North York,CASTLEFIELD AVE,ROSELAWN AVE, ,Collector,Mid-Block, ,No Control,Clear,Dark,Dry,Non-Fatal Injury,Pedestrian Collisions,Driver,20 to 24,,0,West,"Automobile, Station Wagon",Going Ahead,Driving Properly,Normal, , , , , , ,1,0,1,0,0,0,0,0,0,0,0,0,0,0
1347790,2013,2,15,21,3,4,43.70054538,-79.44969029,Eglinton-Lawrence (15),15,Briar Hill-Belgravia (108),108,D13,North York,CASTLEFIELD AVE,ROSELAWN AVE, ,Collector,Mid-Block, ,No Control,Clear,Dark,Dry,Non-Fatal Injury,Pedestrian Collisions,Pedestrian,50 to 54,Major,0,North,Other, , , ,Pedestrian hit at mid-block,"Crossing, no Traffic Control",Had Been Drinking, , , ,1,0,1,0,0,0,0,0,0,0,0,0,0,0
1259906,2011,10,19,21,4,2,43.68964538,-79.39479029,St. Paul's (22),22,Yonge-St.Clair (97),97,D53,Toronto East York,YONGE ST,WALLY CROUTER WKWAY Way, ,Major Arterial,Mid-Block, ,No Control,Rain,Dark,Wet,Non-Fatal Injury,Pedestrian Collisions,Vehicle Owner,unknown, ,0, ,Other, , , , , , , , , ,1,0,1,0,0,0,0,0,0,0,0,0,0,0
1259906,2011,10,19,21,4,2,43.68964538,-79.39479029,St. Paul's (22),22,Yonge-St.Clair (97),97,D53,Toronto East York,YONGE ST,WALLY CROUTER WKWAY Way, ,Major Arterial,Mid-Block, ,No Control,Rain,Dark,Wet,Non-Fatal Injury,Pedestrian Collisions,Driver,40 to 44,,0,North,"Automobile, Station Wagon",Going Ahead,Driving Properly,Normal, , , , , , ,1,0,1,0,0,0,0,0,0,0,0,0,0,0
1259906,2011,10,19,21,4,2,43.68964538,-79.39479029,St. Paul's (22),22,Yonge-St.Clair (97),97,D53,Toronto East York,YONGE ST,WALLY CROUTER WKWAY Way, ,Major Arterial,Mid-Block, ,No Control,Rain,Dark,Wet,Non-Fatal Injury,Pedestrian Collisions,Pedestrian,70 to 74,Major,0,West,Other, , , ,Pedestrian hit at mid-block,"Crossing, no Traffic Control",Unknown, , , ,1,0,1,0,0,0,0,0,0,0,0,0,0,0
1367433,2013,6,4,21,4,1,43.65404538,-79.37999029,Toronto Centre-Rosedale (27),27,Bay Street Corridor (76),76,D52,Toronto East York,YONGE ST,SHUTER ST, ,Major Arterial,Intersection, ,Traffic Signal,Clear,"Dark, artificial",Dry,Non-Fatal Injury,Cyclist Collisions,Vehicle Owner,unknown, ,0, ,Other, , , , , , , , , ,0,1,1,0,0,0,0,0,0,0,0,0,0,0
1367433,2013,6,4,21,4,1,43.65404538,-79.37999029,Toronto Centre-Rosedale (27),27,Bay Street Corridor (76),76,D52,Toronto East York,YONGE ST,SHUTER ST, ,Major Arterial,Intersection, ,Traffic Signal,Clear,"Dark, artificial",Dry,Non-Fatal Injury,Cyclist Collisions,Driver,40 to 44,,0,South,"Automobile, Station Wagon",Making U Turn,Improper Turn,Inattentive, , , , , , ,0,1,1,0,0,0,0,0,0,0,0,0,0,0
1367433,2013,6,4,21,4,1,43.65404538,-79.37999029,Toronto Centre-Rosedale (27),27,Bay Street Corridor (76),76,D52,Toronto East York,YONGE ST,SHUTER ST, ,Major Arterial,Intersection, ,Traffic Signal,Clear,"Dark, artificial",Dry,Non-Fatal Injury,Cyclist Collisions,Cyclist,30 to 34,Major,0,South,Bicycle,Going Ahead, , , , , ,Motorist makes u-turn in-front of cyclist.,Driving Properly,Normal,0,1,1,0,0,0,0,0,0,0,0,0,0,0
2015912141,2015,5,31,21,4,6,43.66093405,-79.43040858,Davenport (18),18,Dufferin Grove (83),83,D14,Toronto East York,BLOOR ST W,WESTMORELAND AVE, ,Major Arterial,Intersection, ,No Control,Rain,Dusk,Wet,Fatal,Pedestrian Collisions,Pedestrian,35 to 39,Fatal,25,South, , , , ,Pedestrian hit at mid-block,"Crossing, no Traffic Control",Normal, , , ,1,0,1,0,0,0,0,0,1,1,0,0,0,1
2015912141,2015,5,31,21,4,6,43.66093405,-79.43040858,Davenport (18),18,Dufferin Grove (83),83,D14,Toronto East York,BLOOR ST W,WESTMORELAND AVE, ,Major Arterial,Intersection, ,No Control,Rain,Dusk,Wet,Fatal,Pedestrian Collisions,Driver,unknown,,0,West,"Automobile, Station Wagon",Going Ahead,Speed too Fast For Condition,Unknown, , , , , , ,1,0,1,0,0,0,0,0,1,1,0,0,0,1
1169356,2010,5,20,21,5,3,43.81004538,-79.16279029,Scarborough-Rouge River (42),42,Rouge (131),131,D42,Scarborough,TWYN RIVERS DR,SHEPPARD AVE E, ,Collector,Mid-Block, ,No Control,Clear,Dark,Dry,Non-Fatal Injury,SMV Other,Motorcycle Driver,20 to 24,Major,0,East,Motorcycle,Going Ahead,Lost control,Inattentive, , , , , , ,0,0,0,1,0,0,0,0,0,0,0,0,0,0
1169356,2010,5,20,21,5,3,43.81004538,-79.16279029,Scarborough-Rouge River (42),42,Rouge (131),131,D42,Scarborough,TWYN RIVERS DR,SHEPPARD AVE E, ,Collector,Mid-Block, ,No Control,Clear,Dark,Dry,Non-Fatal Injury,SMV Other,Other Property Owner,unknown, ,0, ,Other, , , , , , , , , ,0,0,0,1,0,0,0,0,0,0,0,0,0,0
1363537,2013,7,3,21,5,2,43.7927471,-79.28448878,Scarborough-Rouge River (41),41,Agincourt South-Malvern West (128),128,D42,Scarborough,98 HAVENDALE RD, , ,Collector,Mid-Block, ,No Control,Clear,Dark,Dry,Fatal,SMV Other,Motorcycle Driver,25 to 29,Fatal,18,West,Motorcycle,Going Ahead,Lost control,Unknown, , , , , , ,0,0,1,1,0,0,0,0,1,1,0,0,0,1
1363537,2013,7,3,21,5,2,43.7927471,-79.28448878,Scarborough-Rouge River (41),41,Agincourt South-Malvern West (128),128,D42,Scarborough,98 HAVENDALE RD, , ,Collector,Mid-Block, ,No Control,Clear,Dark,Dry,Fatal,SMV Other,Other,unknown,,0,Unknown,"Automobile, Station Wagon",Parked, , , , , , , , ,0,0,1,1,0,0,0,0,1,1,0,0,0,1
1363537,2013,7,3,21,5,2,43.7927471,-79.28448878,Scarborough-Rouge River (41),41,Agincourt South-Malvern West (128),128,D42,Scarborough,98 HAVENDALE RD, , ,Collector,Mid-Block, ,No Control,Clear,Dark,Dry,Fatal,SMV Other, ,unknown, ,0, , , , , , , , , , , ,0,0,1,1,0,0,0,0,1,1,0,0,0,1
4002735710,2014,8,19,21,5,1,43.8097225,-79.29001246,Scarborough-Rouge River (41),41,Milliken (130),130,D42,Scarborough,MIDLAND AVE,KILCULLEN CASTLE GT, ,Major Arterial,Intersection,At Intersection,No Control,Clear,"Dark, artificial",Dry,Non-Fatal Injury,Pedestrian Collisions,Driver,40 to 44,,0,North,"Automobile, Station Wagon",Turning Left,Failed to Yield Right of Way,Unknown, , , , , , ,1,0,1,0,0,0,0,0,0,1,0,0,0,0
4002735710,2014,8,19,21,5,1,43.8097225,-79.29001246,Scarborough-Rouge River (41),41,Milliken (130),130,D42,Scarborough,MIDLAND AVE,KILCULLEN CASTLE GT, ,Major Arterial,Intersection,At Intersection,No Control,Clear,"Dark, artificial",Dry,Non-Fatal Injury,Pedestrian Collisions,Pedestrian,40 to 44,Major,0,South, , , , ,Vehicle turns left while ped crosses with ROW at inter.,Crossing with right of way,Unknown, , , ,1,0,1,0,0,0,0,0,0,1,0,0,0,0
1376797,2013,7,8,21,6,0,43.70196875,-79.50831995,York South-Weston (11),11,Weston (113),113,D12,Etobicoke York,LAWRENCE AVE W,PINE ST, ,Major Arterial,Intersection,At Intersection,Traffic Signal,Rain,Dark,Wet,Non-Fatal Injury,Pedestrian Collisions,Driver,65 to 69,,0,West,"Automobile, Station Wagon",Going Ahead,Failed to Yield Right of Way,Inattentive, , , , , , ,1,0,1,0,0,0,0,0,0,1,0,0,0,0
1376797,2013,7,8,21,6,0,43.70196875,-79.50831995,York South-Weston (11),11,Weston (113),113,D12,Etobicoke York,LAWRENCE AVE W,PINE ST, ,Major Arterial,Intersection,At Intersection,Traffic Signal,Rain,Dark,Wet,Non-Fatal Injury,Pedestrian Collisions,Pedestrian,65 to 69,Major,0,North,Other, , , ,Vehicle is going straight thru inter.while ped cross with ROW,Crossing with right of way,Normal, , , ,1,0,1,0,0,0,0,0,0,1,0,0,0,0
6000408814,2016,3,8,21,6,1,43.70098456,-79.42554865,St. Paul's (21),21,Forest Hill South (101),101,D13,Toronto East York,EGLINTON AVE W,BATHURST ST, ,Major Arterial,Intersection,Intersection Related,Traffic Signal,Clear,Daylight,Dry,Non-Fatal Injury,Pedestrian Collisions,Driver,30 to 34,,0,North,"Bus (Other) (Go Bus, Gray Coach)",Going Ahead,Driving Properly,Normal, , , , , , ,1,0,0,0,0,1,0,0,0,0,0,0,0,0
6000408814,2016,3,8,21,6,1,43.70098456,-79.42554865,St. Paul's (21),21,Forest Hill South (101),101,D13,Toronto East York,EGLINTON AVE W,BATHURST ST, ,Major Arterial,Intersection,Intersection Related,Traffic Signal,Clear,Daylight,Dry,Non-Fatal Injury,Pedestrian Collisions,Pedestrian,20 to 24,Major,0,West, , , , ,Vehicle is going straight thru inter.while ped cross without ROW,Crossing without right of way,Inattentive, , , ,1,0,0,0,0,1,0,0,0,0,0,0,0,0
6002127930,2016,11,30,21,6,2,43.7292095,-79.33012018,Don Valley West (26),26,Banbury-Don Mills (42),42,D33,North York,CONCORDE GT,WYNFORD DVP N RAMP,300 m East of,Collector,Intersection,At Intersection,Stop Sign,Rain,"Dark, artificial",Wet,Non-Fatal Injury,Pedestrian Collisions,Driver,35 to 39,,0,West,"Automobile, Station Wagon",Going Ahead,Speed too Fast For Condition,Normal, , , , , , ,1,0,1,0,0,0,0,0,1,1,0,0,0,0
6002127930,2016,11,30,21,6,2,43.7292095,-79.33012018,Don Valley West (26),26,Banbury-Don Mills (42),42,D33,North York,CONCORDE GT,WYNFORD DVP N RAMP,300 m East of,Collector,Intersection,At Intersection,Stop Sign,Rain,"Dark, artificial",Wet,Non-Fatal Injury,Pedestrian Collisions,Pedestrian,65 to 69,Major,0,North, , , , ,Vehicle is going straight thru inter.while ped cross without ROW,Crossing without right of way,Normal, , , ,1,0,1,0,0,0,0,0,1,1,0,0,0,0
6002203625,2016,12,12,21,6,0,43.637874200000006,-79.44892512,Parkdale-High Park (14),14,South Parkdale (85),85,D11,Toronto East York,LAKE SHORE BLVD W,PARKSIDE DR,500 m East of,Major Arterial,Mid-Block,Non Intersection,No Control,Clear,"Dark, artificial",Dry,Non-Fatal Injury,SMV Other,Driver,30 to 34,Major,0,East,"Automobile, Station Wagon",Going Ahead,Lost control,Unknown, , , , , , ,0,0,1,0,0,0,0,0,1,1,0,0,0,0
5002061502,2015,12,1,21,7,1,43.61420782,-79.556141,Etobicoke-Lakeshore (5),5,Islington-City Centre West (14),14,D22,Etobicoke York,THE QUEENSWAY,NORTH QUEEN ST,3 m North of,Major Arterial,Intersection,At Intersection,Traffic Signal,Rain,Dark,Wet,Non-Fatal Injury,Pedestrian Collisions,Truck Driver,55 to 59,,0,East,Truck-Tractor,Turning Left,Failed to Yield Right of Way,Inattentive, , , , , , ,1,0,0,0,1,0,0,0,0,1,0,0,0,0
5002061502,2015,12,1,21,7,1,43.61420782,-79.556141,Etobicoke-Lakeshore (5),5,Islington-City Centre West (14),14,D22,Etobicoke York,THE QUEENSWAY,NORTH QUEEN ST,3 m North of,Major Arterial,Intersection,At Intersection,Traffic Signal,Rain,Dark,Wet,Non-Fatal Injury,Pedestrian Collisions,Pedestrian,15 to 19,Major,0,East, , , , ,Vehicle turns left while ped crosses with ROW at inter.,Crossing with right of way,Normal, , , ,1,0,0,0,1,0,0,0,0,1,0,0,0,0
962372,2007,4,2,21,8,0,43.64064538,-79.43649029,Parkdale-High Park (14),14,Roncesvalles (86),86,D11,Toronto East York,QUEEN ST W,LANSDOWNE AVE, ,Major Arterial,Intersection, ,No Control,Clear,Dark,Dry,Fatal,Pedestrian Collisions,Passenger,40 to 44,,0, ,Other, , , , , , , , , ,1,0,0,0,0,0,0,1,0,0,0,0,0,1
962372,2007,4,2,21,8,0,43.64064538,-79.43649029,Parkdale-High Park (14),14,Roncesvalles (86),86,D11,Toronto East York,QUEEN ST W,LANSDOWNE AVE, ,Major Arterial,Intersection, ,No Control,Clear,Dark,Dry,Fatal,Pedestrian Collisions,Passenger,30 to 34,,0, ,Other, , , , , , , , , ,1,0,0,0,0,0,0,1,0,0,0,0,0,1
962372,2007,4,2,21,8,0,43.64064538,-79.43649029,Parkdale-High Park (14),14,Roncesvalles (86),86,D11,Toronto East York,QUEEN ST W,LANSDOWNE AVE, ,Major Arterial,Intersection, ,No Control,Clear,Dark,Dry,Fatal,Pedestrian Collisions,Passenger,50 to 54,,0, ,Other, , , , , , , , , ,1,0,0,0,0,0,0,1,0,0,0,0,0,1
962372,2007,4,2,21,8,0,43.64064538,-79.43649029,Parkdale-High Park (14),14,Roncesvalles (86),86,D11,Toronto East York,QUEEN ST W,LANSDOWNE AVE, ,Major Arterial,Intersection, ,No Control,Clear,Dark,Dry,Fatal,Pedestrian Collisions,Vehicle Owner,unknown, ,0, ,Other, , , , , , , , , ,1,0,0,0,0,0,0,1,0,0,0,0,0,1
962372,2007,4,2,21,8,0,43.64064538,-79.43649029,Parkdale-High Park (14),14,Roncesvalles (86),86,D11,Toronto East York,QUEEN ST W,LANSDOWNE AVE, ,Major Arterial,Intersection, ,No Control,Clear,Dark,Dry,Fatal,Pedestrian Collisions,Driver,40 to 44,,0,West,Other,Going Ahead,Driving Properly,Normal, , , , , , ,1,0,0,0,0,0,0,1,0,0,0,0,0,1
962372,2007,4,2,21,8,0,43.64064538,-79.43649029,Parkdale-High Park (14),14,Roncesvalles (86),86,D11,Toronto East York,QUEEN ST W,LANSDOWNE AVE, ,Major Arterial,Intersection, ,No Control,Clear,Dark,Dry,Fatal,Pedestrian Collisions,Pedestrian,60 to 64,Fatal,0,South,Other, , , ,Pedestrian hit at mid-block,"Crossing, no Traffic Control",Unknown, , , ,1,0,0,0,0,0,0,1,0,0,0,0,0,1
969872,2007,5,1,21,8,1,43.71844538,-79.43299029,Eglinton-Lawrence (15),15,Englemount-Lawrence (32),32,D13,North York,LAWRENCE AVE W,BRUCEWOOD CRES, ,Major Arterial,Intersection,At Intersection,Traffic Signal,Clear,Dark,Wet,Non-Fatal Injury,Turning Movement,Passenger,20 to 24,Minor,0, ,Other, , , , , , , , , ,0,0,1,0,0,0,0,1,0,0,0,0,0,0
969872,2007,5,1,21,8,1,43.71844538,-79.43299029,Eglinton-Lawrence (15),15,Englemount-Lawrence (32),32,D13,North York,LAWRENCE AVE W,BRUCEWOOD CRES, ,Major Arterial,Intersection,At Intersection,Traffic Signal,Clear,Dark,Wet,Non-Fatal Injury,Turning Movement,Driver,20 to 24,Minor,0,West,"Automobile, Station Wagon",Going Ahead,Driving Properly,Normal, , , , , , ,0,0,1,0,0,0,0,1,0,0,0,0,0,0
969872,2007,5,1,21,8,1,43.71844538,-79.43299029,Eglinton-Lawrence (15),15,Englemount-Lawrence (32),32,D13,North York,LAWRENCE AVE W,BRUCEWOOD CRES, ,Major Arterial,Intersection,At Intersection,Traffic Signal,Clear,Dark,Wet,Non-Fatal Injury,Turning Movement,Passenger,15 to 19,Major,0, ,Other, , , , , , , , , ,0,0,1,0,0,0,0,1,0,0,0,0,0,0
969872,2007,5,1,21,8,1,43.71844538,-79.43299029,Eglinton-Lawrence (15),15,Englemount-Lawrence (32),32,D13,North York,LAWRENCE AVE W,BRUCEWOOD CRES, ,Major Arterial,Intersection,At Intersection,Traffic Signal,Clear,Dark,Wet,Non-Fatal Injury,Turning Movement,Driver,20 to 24,Minor,0,East,"Automobile, Station Wagon",Turning Left,Improper Turn,Normal, , , , , , ,0,0,1,0,0,0,0,1,0,0,0,0,0,0
1150406,2010,1,7,21,8,3,43.74954538,-79.24449029,Scarborough Centre (38),38,Bendale (127),127,D43,Scarborough,DANFORTH Road,MACKINAC Cres, ,Major Arterial,Intersection, ,No Control,Clear,Dark,Dry,Non-Fatal Injury,Cyclist Collisions,Vehicle Owner,unknown, ,0, ,Other, , , , , , , , , ,0,1,1,0,0,0,0,0,0,1,0,0,0,0
1150406,2010,1,7,21,8,3,43.74954538,-79.24449029,Scarborough Centre (38),38,Bendale (127),127,D43,Scarborough,DANFORTH Road,MACKINAC Cres, ,Major Arterial,Intersection, ,No Control,Clear,Dark,Dry,Non-Fatal Injury,Cyclist Collisions,Driver,20 to 24,,0,North,"Automobile, Station Wagon",Overtaking,Failed to Yield Right of Way,Inattentive, , , , , , ,0,1,1,0,0,0,0,0,0,1,0,0,0,0
1150406,2010,1,7,21,8,3,43.74954538,-79.24449029,Scarborough Centre (38),38,Bendale (127),127,D43,Scarborough,DANFORTH Road,MACKINAC Cres, ,Major Arterial,Intersection, ,No Control,Clear,Dark,Dry,Non-Fatal Injury,Cyclist Collisions,Cyclist,40 to 44,Major,0,North,Bicycle,Going Ahead, , , , , ,Cyclist and Driver travelling in same direction. One vehicle rear-ended the other.,Driving Properly,Normal,0,1,1,0,0,0,0,0,0,1,0,0,0,0
1291380,2012,4,28,21,8,5,43.77214538,-79.25149029,Scarborough Centre (38),38,Woburn (137),137,D43,Scarborough,ELLESMERE RD,MCCOWAN RD, ,Major Arterial,Intersection,At Intersection,Traffic Signal,Clear,Dark,Dry,Non-Fatal Injury,Pedestrian Collisions,Driver,65 to 69,,0,West,"Automobile, Station Wagon",Going Ahead,Driving Properly,Normal, , , , , , ,1,0,1,0,0,0,0,0,0,0,0,0,0,0
1291380,2012,4,28,21,8,5,43.77214538,-79.25149029,Scarborough Centre (38),38,Woburn (137),137,D43,Scarborough,ELLESMERE RD,MCCOWAN RD, ,Major Arterial,Intersection,At Intersection,Traffic Signal,Clear,Dark,Dry,Non-Fatal Injury,Pedestrian Collisions,Pedestrian,40 to 44,Major,0,Unknown,Other, , , ,Vehicle is going straight thru inter.while ped cross without ROW,Crossing without right of way,Had Been Drinking, , , ,1,0,1,0,0,0,0,0,0,0,0,0,0,0
1328243,2012,10,18,21,8,3,43.63647421,-79.39963923,Trinity-Spadina (20),20,Waterfront Communities-The Island (77),77,D14,Toronto East York,LAKE SHORE Blvd W,BATHURST St, ,Major Arterial,Intersection,At Intersection,Traffic Signal,Rain,"Dark, artificial",Wet,Non-Fatal Injury,Angle,Driver,20 to 24,,0,West,"Automobile, Station Wagon",Going Ahead,Disobeyed Traffic Control,Inattentive, , , , , , ,0,0,1,0,0,0,0,1,0,1,1,0,0,0