ACCNUM,YEAR,MONTH,DAY,HOUR,MINUTES,WEEKDAY,LATITUDE,LONGITUDE,Ward_Name,Ward_ID,Hood_Name,Hood_ID,Division,District,STREET1,STREET2,OFFSET,ROAD_CLASS,LOCCOORD,ACCLOC,TRAFFCTL,VISIBILITY,LIGHT,RDSFCOND,ACCLASS,IMPACTYPE,INVTYPE,INVAGE,INJURY,FATAL_NO,INITDIR,VEHTYPE,MANOEUVER,DRIVACT,DRIVCOND,PEDTYPE,PEDACT,PEDCOND,CYCLISTYPE,CYCACT,CYCCOND,PEDESTRIAN,CYCLIST,AUTOMOBILE,MOTORCYCLE,TRUCK,TRSN_CITY_VEH,EMERG_VEH,PASSENGER,SPEEDING,AG_DRIV,REDLIGHT,ALCOHOL,DISABILITY,label
1328243,2012,10,18,21,8,3,43.63647421,-79.39963923,Trinity-Spadina (20),20,Waterfront Communities-The Island (77),77,D14,Toronto East York,LAKE SHORE Blvd W,BATHURST St, ,Major Arterial,Intersection,At Intersection,Traffic Signal,Rain,"Dark, artificial",Wet,Non-Fatal Injury,Angle,Vehicle Owner,unknown, ,0, ,Other, , , , , , , , , ,0,0,1,0,0,0,0,1,0,1,1,0,0,0
1328243,2012,10,18,21,8,3,43.63647421,-79.39963923,Trinity-Spadina (20),20,Waterfront Communities-The Island (77),77,D14,Toronto East York,LAKE SHORE Blvd W,BATHURST St, ,Major Arterial,Intersection,At Intersection,Traffic Signal,Rain,"Dark, artificial",Wet,Non-Fatal Injury,Angle,Passenger,75 to 79,Major,0, ,Other, , , , , , , , , ,0,0,1,0,0,0,0,1,0,1,1,0,0,0
1328243,2012,10,18,21,8,3,43.63647421,-79.39963923,Trinity-Spadina (20),20,Waterfront Communities-The Island (77),77,D14,Toronto East York,LAKE SHORE Blvd W,BATHURST St, ,Major Arterial,Intersection,At Intersection,Traffic Signal,Rain,"Dark, artificial",Wet,Non-Fatal Injury,Angle,Driver,40 to 44,Minor,0,North,"Automobile, Station Wagon",Going Ahead,Driving Properly,Normal, , , , , , ,0,0,1,0,0,0,0,1,0,1,1,0,0,0
142041479,2014,5,8,21,8,3,43.66046484,-79.58357629999999,Etobicoke Centre (3),3,Eringate-Centennial-West Deane (11),11,D22,Etobicoke York,RENFORTH DR,ERINGATE DR, ,Minor Arterial,Mid-Block, ,No Control,Clear,"Dusk, artificial",Dry,Fatal,Turning Movement,Driver,25 to 29,,0,South,"Automobile, Station Wagon",Turning Left,Improper Turn,Normal, , , , , , ,0,0,1,1,0,0,0,0,1,1,0,0,0,1
142041479,2014,5,8,21,8,3,43.66046484,-79.58357629999999,Etobicoke Centre (3),3,Eringate-Centennial-West Deane (11),11,D22,Etobicoke York,RENFORTH DR,ERINGATE DR, ,Minor Arterial,Mid-Block, ,No Control,Clear,"Dusk, artificial",Dry,Fatal,Turning Movement,Motorcycle Driver,20 to 24,Fatal,8,North,Motorcycle,Going Ahead,Exceeding Speed Limit,Unknown, , , , , , ,0,0,1,1,0,0,0,0,1,1,0,0,0,1
977226,2007,6,29,21,10,4,43.69834538,-79.46229029,Eglinton-Lawrence (15),15,Briar Hill-Belgravia (108),108,D13,North York,CASTLEFIELD AVE,CALEDONIA RD, ,Collector,Mid-Block,At Intersection,No Control,Clear,Dark,Dry,Non-Fatal Injury,Approaching,Vehicle Owner,unknown, ,0, ,Other, , , , , , , , , ,0,0,1,0,0,0,0,1,1,1,0,0,0,0
977226,2007,6,29,21,10,4,43.69834538,-79.46229029,Eglinton-Lawrence (15),15,Briar Hill-Belgravia (108),108,D13,North York,CASTLEFIELD AVE,CALEDONIA RD, ,Collector,Mid-Block,At Intersection,No Control,Clear,Dark,Dry,Non-Fatal Injury,Approaching,Driver,20 to 24,Major,0,West,"Automobile, Station Wagon",Unknown,Speed too Fast For Condition,Inattentive, , , , , , ,0,0,1,0,0,0,0,1,1,1,0,0,0,0
977226,2007,6,29,21,10,4,43.69834538,-79.46229029,Eglinton-Lawrence (15),15,Briar Hill-Belgravia (108),108,D13,North York,CASTLEFIELD AVE,CALEDONIA RD, ,Collector,Mid-Block,At Intersection,No Control,Clear,Dark,Dry,Non-Fatal Injury,Approaching,Passenger,0 to 4,,0, ,Other, , , , , , , , , ,0,0,1,0,0,0,0,1,1,1,0,0,0,0
977226,2007,6,29,21,10,4,43.69834538,-79.46229029,Eglinton-Lawrence (15),15,Briar Hill-Belgravia (108),108,D13,North York,CASTLEFIELD AVE,CALEDONIA RD, ,Collector,Mid-Block,At Intersection,No Control,Clear,Dark,Dry,Non-Fatal Injury,Approaching,Passenger,5 to 9,Minimal,0, ,Other, , , , , , , , , ,0,0,1,0,0,0,0,1,1,1,0,0,0,0
977226,2007,6,29,21,10,4,43.69834538,-79.46229029,Eglinton-Lawrence (15),15,Briar Hill-Belgravia (108),108,D13,North York,CASTLEFIELD AVE,CALEDONIA RD, ,Collector,Mid-Block,At Intersection,No Control,Clear,Dark,Dry,Non-Fatal Injury,Approaching,Vehicle Owner,unknown, ,0, ,Other, , , , , , , , , ,0,0,1,0,0,0,0,1,1,1,0,0,0,0
977226,2007,6,29,21,10,4,43.69834538,-79.46229029,Eglinton-Lawrence (15),15,Briar Hill-Belgravia (108),108,D13,North York,CASTLEFIELD AVE,CALEDONIA RD, ,Collector,Mid-Block,At Intersection,No Control,Clear,Dark,Dry,Non-Fatal Injury,Approaching,Driver,25 to 29,,0,East,"Automobile, Station Wagon",Going Ahead,Driving Properly,Normal, , , , , , ,0,0,1,0,0,0,0,1,1,1,0,0,0,0
1051391,2008,8,1,21,10,4,43.77464538,-79.17929029,Scarborough East (44),44,West Hill (136),136,D43,Scarborough,KINGSTON RD,ORCHARD PARK DR, ,Major Arterial,Intersection, ,Stop Sign,Clear,Dark,Dry,Non-Fatal Injury,Pedestrian Collisions,Driver,15 to 19,,0,West,"Automobile, Station Wagon",Going Ahead,Speed too Fast For Condition,"Ability Impaired, Alcohol", , , , , , ,1,0,1,0,0,0,0,1,1,1,0,1,0,0
1051391,2008,8,1,21,10,4,43.77464538,-79.17929029,Scarborough East (44),44,West Hill (136),136,D43,Scarborough,KINGSTON RD,ORCHARD PARK DR, ,Major Arterial,Intersection, ,Stop Sign,Clear,Dark,Dry,Non-Fatal Injury,Pedestrian Collisions,Pedestrian,15 to 19,,0,North,Other, , , ,Vehicle is going straight thru inter.while ped cross without ROW,"Crossing, no Traffic Control",Normal, , , ,1,0,1,0,0,0,0,1,1,1,0,1,0,0
1051391,2008,8,1,21,10,4,43.77464538,-79.17929029,Scarborough East (44),44,West Hill (136),136,D43,Scarborough,KINGSTON RD,ORCHARD PARK DR, ,Major Arterial,Intersection, ,Stop Sign,Clear,Dark,Dry,Non-Fatal Injury,Pedestrian Collisions,Passenger,15 to 19,,0, ,Other, , , , , , , , , ,1,0,1,0,0,0,0,1,1,1,0,1,0,0
1051391,2008,8,1,21,10,4,43.77464538,-79.17929029,Scarborough East (44),44,West Hill (136),136,D43,Scarborough,KINGSTON RD,ORCHARD PARK DR, ,Major Arterial,Intersection, ,Stop Sign,Clear,Dark,Dry,Non-Fatal Injury,Pedestrian Collisions,Pedestrian,40 to 44,Major,0,North,Other, , , ,Vehicle is going straight thru inter.while ped cross without ROW,"Crossing, no Traffic Control",Normal, , , ,1,0,1,0,0,0,0,1,1,1,0,1,0,0
1064139,2008,9,25,21,10,3,43.76604538,-79.45899029,York Centre (10),10,Bathurst Manor (34),34,D32,North York,WILMINGTON AVE,EVANSTON DR, ,Minor Arterial,Intersection, ,No Control,Clear,Dark,Dry,Non-Fatal Injury,Approaching,Driver,50 to 54,,0,South,"Automobile, Station Wagon",Going Ahead,Following too Close,"Ability Impaired, Alcohol Over .08", , , , , , ,0,0,1,0,0,0,0,1,0,1,0,1,0,0
1064139,2008,9,25,21,10,3,43.76604538,-79.45899029,York Centre (10),10,Bathurst Manor (34),34,D32,North York,WILMINGTON AVE,EVANSTON DR, ,Minor Arterial,Intersection, ,No Control,Clear,Dark,Dry,Non-Fatal Injury,Approaching,Passenger,25 to 29,Major,0, ,Other, , , , , , , , , ,0,0,1,0,0,0,0,1,0,1,0,1,0,0
1064139,2008,9,25,21,10,3,43.76604538,-79.45899029,York Centre (10),10,Bathurst Manor (34),34,D32,North York,WILMINGTON AVE,EVANSTON DR, ,Minor Arterial,Intersection, ,No Control,Clear,Dark,Dry,Non-Fatal Injury,Approaching,Driver,25 to 29,Minor,0,South,"Automobile, Station Wagon",Going Ahead,Driving Properly,Normal, , , , , , ,0,0,1,0,0,0,0,1,0,1,0,1,0,0
1108321,2009,5,29,21,10,4,43.71684538,-79.25989029,Scarborough Southwest (35),35,Clairlea-Birchmount (120),120,D41,Scarborough,DANFORTH Road,ST CLAIR Aven E, ,Major Arterial,Intersection,At Intersection,Traffic Signal,Rain,Dark,Wet,Non-Fatal Injury,Pedestrian Collisions,Driver,45 to 49,,0,South,"Automobile, Station Wagon",Turning Left,Failed to Yield Right of Way,Normal, , , , , , ,1,0,1,0,0,0,0,0,0,1,0,0,0,0
1108321,2009,5,29,21,10,4,43.71684538,-79.25989029,Scarborough Southwest (35),35,Clairlea-Birchmount (120),120,D41,Scarborough,DANFORTH Road,ST CLAIR Aven E, ,Major Arterial,Intersection,At Intersection,Traffic Signal,Rain,Dark,Wet,Non-Fatal Injury,Pedestrian Collisions,Pedestrian,55 to 59,Major,0,North,Other, , , ,Vehicle turns left while ped crosses with ROW at inter.,Crossing with right of way,Had Been Drinking, , , ,1,0,1,0,0,0,0,0,0,1,0,0,0,0
1121597,2009,7,18,21,10,5,43.65184538,-79.37519029,Toronto Centre-Rosedale (28),28,Church-Yonge Corridor (75),75,D51,Toronto East York,CHURCH ST,LOMBARD ST, ,Minor Arterial,Intersection,At Intersection,Stop Sign,Clear,Dark,Dry,Non-Fatal Injury,Pedestrian Collisions,Vehicle Owner,unknown, ,0, ,Other, , , , , , , , , ,1,0,1,0,0,0,0,1,0,1,0,0,0,0
1121597,2009,7,18,21,10,5,43.65184538,-79.37519029,Toronto Centre-Rosedale (28),28,Church-Yonge Corridor (75),75,D51,Toronto East York,CHURCH ST,LOMBARD ST, ,Minor Arterial,Intersection,At Intersection,Stop Sign,Clear,Dark,Dry,Non-Fatal Injury,Pedestrian Collisions,Driver,55 to 59,,0,West,"Automobile, Station Wagon",Going Ahead,Failed to Yield Right of Way,Normal, , , , , , ,1,0,1,0,0,0,0,1,0,1,0,0,0,0
1121597,2009,7,18,21,10,5,43.65184538,-79.37519029,Toronto Centre-Rosedale (28),28,Church-Yonge Corridor (75),75,D51,Toronto East York,CHURCH ST,LOMBARD ST, ,Minor Arterial,Intersection,At Intersection,Stop Sign,Clear,Dark,Dry,Non-Fatal Injury,Pedestrian Collisions,Vehicle Owner,unknown, ,0, ,Other, , , , , , , , , ,1,0,1,0,0,0,0,1,0,1,0,0,0,0
1366764,2013,7,18,18,50,3,43.68464621,-79.28029261,Scarborough Southwest (36),36,Birchcliffe-Cliffside (122),122,D41,Scarborough,185 FALLINGBROOK RD, , ,Collector,Intersection, ,No Control,Clear,Daylight,Dry,Fatal,Pedestrian Collisions,Driver,30 to 34,,0,South,Pick Up Truck,Other,Other,Had Been Drinking, , , , , , ,1,0,1,0,0,0,0,0,0,0,0,0,0,1
1366764,2013,7,18,18,50,3,43.68464621,-79.28029261,Scarborough Southwest (36),36,Birchcliffe-Cliffside (122),122,D41,Scarborough,185 FALLINGBROOK RD, , ,Collector,Intersection, ,No Control,Clear,Daylight,Dry,Fatal,Pedestrian Collisions,Pedestrian,35 to 39,Fatal,22,Unknown, , , , ,Pedestrian hit at mid-block,Other,Had Been Drinking, , , ,1,0,1,0,0,0,0,0,0,0,0,0,0,1
1383434,2013,8,22,18,50,3,43.67471274,-79.45763789,Davenport (17),17,Weston-Pellam Park (91),91,D11,Etobicoke York,ST CLAIR AVE W,LAUGHTON AVE, ,Major Arterial,Intersection, ,Traffic Signal,Clear,Daylight,Dry,Non-Fatal Injury,Pedestrian Collisions,Vehicle Owner,unknown, ,0, ,Other, , , , , , , , , ,1,0,0,0,0,1,0,0,0,0,0,0,0,0
1383434,2013,8,22,18,50,3,43.67471274,-79.45763789,Davenport (17),17,Weston-Pellam Park (91),91,D11,Etobicoke York,ST CLAIR AVE W,LAUGHTON AVE, ,Major Arterial,Intersection, ,Traffic Signal,Clear,Daylight,Dry,Non-Fatal Injury,Pedestrian Collisions,Driver,40 to 44,,0,West,Municipal Transit Bus (TTC),Going Ahead,Driving Properly,Normal, , , , , , ,1,0,0,0,0,1,0,0,0,0,0,0,0,0
1383434,2013,8,22,18,50,3,43.67471274,-79.45763789,Davenport (17),17,Weston-Pellam Park (91),91,D11,Etobicoke York,ST CLAIR AVE W,LAUGHTON AVE, ,Major Arterial,Intersection, ,Traffic Signal,Clear,Daylight,Dry,Non-Fatal Injury,Pedestrian Collisions,Pedestrian,20 to 24,Major,0,South,Other, , , ,Pedestrian involved in a collision with transit vehicle anywhere along roadway,"Crossing, no Traffic Control",Inattentive, , , ,1,0,0,0,0,1,0,0,0,0,0,0,0,0
4003498374,2014,12,16,18,50,1,43.67789038,-79.44304285,Davenport (17),17,Corso Italia-Davenport (92),92,D13,Etobicoke York,ST CLAIR AVE W,DUFFERIN ST, ,Major Arterial,Intersection,At Intersection,Traffic Signal,Rain,"Dark, artificial",Wet,Non-Fatal Injury,Pedestrian Collisions,Driver,50 to 54,,0,West,"Automobile, Station Wagon",Going Ahead,Driving Properly,Normal, , , , , , ,1,0,1,0,0,0,0,0,0,0,0,0,0,0
4003498374,2014,12,16,18,50,1,43.67789038,-79.44304285,Davenport (17),17,Corso Italia-Davenport (92),92,D13,Etobicoke York,ST CLAIR AVE W,DUFFERIN ST, ,Major Arterial,Intersection,At Intersection,Traffic Signal,Rain,"Dark, artificial",Wet,Non-Fatal Injury,Pedestrian Collisions,Pedestrian,60 to 64,Major,0,South, , , , ,Vehicle is going straight thru inter.while ped cross without ROW,Running onto Roadway,Inattentive, , , ,1,0,1,0,0,0,0,0,0,0,0,0,0,0
5000955489,2015,6,7,18,50,6,43.78759726,-79.41746912,Willowdale (24),24,Newtonbrook East (50),50,D32,North York,YONGE ST,CUMMER AVE,38 m North of,Major Arterial,Mid-Block,Non Intersection,No Control,Clear,Daylight,Dry,Non-Fatal Injury,SMV Other,Driver,20 to 24,Major,0,South,Pick Up Truck,Going Ahead,Lost control,Unknown, , , , , , ,0,0,1,0,0,0,0,0,0,0,0,0,0,0
5001168527,2015,7,10,18,50,4,43.68226584,-79.52656184,Etobicoke Centre (4),4,Edenbridge-Humber Valley (9),9,D22,Etobicoke York,EGLINTON AVE W,ROYAL YORK RD, ,Major Arterial,Intersection,At Intersection,Traffic Signal,Clear,Daylight,Dry,Non-Fatal Injury,Turning Movement,Driver,unknown,,0,West, ,Turning Left,Failed to Yield Right of Way,Unknown, , , , , , ,0,0,0,1,0,0,0,0,0,1,0,0,0,0
5001168527,2015,7,10,18,50,4,43.68226584,-79.52656184,Etobicoke Centre (4),4,Edenbridge-Humber Valley (9),9,D22,Etobicoke York,EGLINTON AVE W,ROYAL YORK RD, ,Major Arterial,Intersection,At Intersection,Traffic Signal,Clear,Daylight,Dry,Non-Fatal Injury,Turning Movement,Motorcycle Driver,55 to 59,Major,0,East,Motorcycle,Going Ahead,Driving Properly,Normal, , , , , , ,0,0,0,1,0,0,0,0,0,1,0,0,0,0
6001269035,2016,7,19,18,50,1,43.64689978,-79.40108881,Trinity-Spadina (20),20,Waterfront Communities-The Island (77),77,D14,Toronto East York,RICHMOND ST W,PORTLAND ST,27 m West of,Major Arterial,Intersection,At/Near Private Drive,No Control,Clear,Daylight,Dry,Non-Fatal Injury,Cyclist Collisions,Driver,50 to 54,,0,West,"Automobile, Station Wagon",Turning Right,Failed to Yield Right of Way,Inattentive, , , , , , ,0,1,1,0,0,0,0,0,0,1,0,0,0,0
6001269035,2016,7,19,18,50,1,43.64689978,-79.40108881,Trinity-Spadina (20),20,Waterfront Communities-The Island (77),77,D14,Toronto East York,RICHMOND ST W,PORTLAND ST,27 m West of,Major Arterial,Intersection,At/Near Private Drive,No Control,Clear,Daylight,Dry,Non-Fatal Injury,Cyclist Collisions,Cyclist,25 to 29,Major,0,West,Bicycle,Going Ahead, , , , , ,"Motorist turns right at non-signal Inter.(stop, yield, no cont.,and dwy) and strikes cyclist.",Driving Properly,Normal,0,1,1,0,0,0,0,0,0,1,0,0,0,0
7002038270,2017,11,10,18,50,4,43.69323338,-79.35024629,Toronto-Danforth (29),29,Old East York (58),58,D54,Toronto East York,O'CONNOR DR,PAPE AVE, ,Major Arterial,Intersection,Intersection Related,Traffic Signal,Clear,"Dark, artificial",Dry,Non-Fatal Injury,Pedestrian Collisions,Driver,0 to 4,,0,West,"Automobile, Station Wagon",Turning Left,Failed to Yield Right of Way,Unknown, , , , , , ,1,0,1,0,0,0,0,0,0,1,0,0,0,0
7002038270,2017,11,10,18,50,4,43.69323338,-79.35024629,Toronto-Danforth (29),29,Old East York (58),58,D54,Toronto East York,O'CONNOR DR,PAPE AVE, ,Major Arterial,Intersection,Intersection Related,Traffic Signal,Clear,"Dark, artificial",Dry,Non-Fatal Injury,Pedestrian Collisions,Pedestrian,50 to 54,Major,0, , , , , , , ,Normal, , , ,1,0,1,0,0,0,0,0,0,1,0,0,0,0
994169,2007,9,13,18,51,3,43.64194538,-79.44729029,Parkdale-High Park (14),14,Roncesvalles (86),86,D11,Toronto East York,PEARSON AVE,RONCESVALLES AVE, ,Minor Arterial,Intersection,At Intersection,No Control,Clear,Daylight,Dry,Non-Fatal Injury,Pedestrian Collisions,Driver,40 to 44,,0,South,"Automobile, Station Wagon",Turning Left,Failed to Yield Right of Way,Inattentive, , , , , , ,1,0,1,0,0,0,0,0,0,1,0,0,0,0
994169,2007,9,13,18,51,3,43.64194538,-79.44729029,Parkdale-High Park (14),14,Roncesvalles (86),86,D11,Toronto East York,PEARSON AVE,RONCESVALLES AVE, ,Minor Arterial,Intersection,At Intersection,No Control,Clear,Daylight,Dry,Non-Fatal Injury,Pedestrian Collisions,Pedestrian,65 to 69,Major,0,South,Other, , , ,Vehicle turns left while ped crosses with ROW at inter.,Crossing with right of way,Normal, , , ,1,0,1,0,0,0,0,0,0,1,0,0,0,0
1118031,2009,8,9,18,51,6,43.61594538,-79.49829029,Etobicoke-Lakeshore (6),6,Mimico (includes Humber Bay Shores) (17),17,D22,Etobicoke York,ROYAL YORK Road,JUDSON Stre, ,Minor Arterial,Mid-Block,At Intersection,No Control,Clear,Daylight,Dry,Non-Fatal Injury,Cyclist Collisions,Cyclist,50 to 54,Major,0,South,Bicycle,Going Ahead, , , , , ,"Cyclist loses control and strikes object (pole, ttc track)",Lost control,Normal,0,1,0,0,0,0,0,0,0,0,0,0,0,0
1278390,2011,11,22,18,51,1,43.65234538,-79.40599029,Trinity-Spadina (20),20,Kensington-Chinatown (78),78,D14,Toronto East York,BATHURST Stre,DUNDAS Stre W, ,Major Arterial,Intersection, ,Traffic Signal,Rain,Dark,Wet,Non-Fatal Injury,Pedestrian Collisions,Driver,50 to 54,,0,South,"Automobile, Station Wagon",Going Ahead, , , , , , , , ,1,0,1,0,0,0,0,0,0,0,0,0,0,0
1278390,2011,11,22,18,51,1,43.65234538,-79.40599029,Trinity-Spadina (20),20,Kensington-Chinatown (78),78,D14,Toronto East York,BATHURST Stre,DUNDAS Stre W, ,Major Arterial,Intersection, ,Traffic Signal,Rain,Dark,Wet,Non-Fatal Injury,Pedestrian Collisions,Pedestrian,unknown,Major,0, ,Other,Other, , , , , , , , ,1,0,1,0,0,0,0,0,0,0,0,0,0,0
1334928,2013,1,10,18,51,3,43.81874426,-79.2150918,Scarborough-Rouge River (42),42,Malvern (132),132,D42,Scarborough,MORNINGSIDE AVE,OLD FINCH AVE, ,Minor Arterial,Intersection,At Intersection,Traffic Signal,Clear,Dark,Dry,Fatal,Turning Movement,Driver,35 to 39,,0,West,Municipal Transit Bus (TTC),Turning Right,Failed to Yield Right of Way,Normal, , , , , , ,0,0,1,0,0,1,0,0,1,1,1,0,0,1
1334928,2013,1,10,18,51,3,43.81874426,-79.2150918,Scarborough-Rouge River (42),42,Malvern (132),132,D42,Scarborough,MORNINGSIDE AVE,OLD FINCH AVE, ,Minor Arterial,Intersection,At Intersection,Traffic Signal,Clear,Dark,Dry,Fatal,Turning Movement,Driver,70 to 74,Fatal,1,North,"Automobile, Station Wagon",Going Ahead,Disobeyed Traffic Control,Unknown, , , , , , ,0,0,1,0,0,1,0,0,1,1,1,0,0,1
1334928,2013,1,10,18,51,3,43.81874426,-79.2150918,Scarborough-Rouge River (42),42,Malvern (132),132,D42,Scarborough,MORNINGSIDE AVE,OLD FINCH AVE, ,Minor Arterial,Intersection,At Intersection,Traffic Signal,Clear,Dark,Dry,Fatal,Turning Movement,Other Property Owner,unknown, ,0, , , , , , , , , , , ,0,0,1,0,0,1,0,0,1,1,1,0,0,1
1002316,2007,11,5,18,52,0,43.67294538,-79.31929029,Beaches-East York (32),32,Woodbine Corridor (64),64,D55,Toronto East York,COXWELL AVE,EASTWOOD RD, ,Minor Arterial,Intersection,At Intersection,Traffic Signal,Rain,Dark,Wet,Non-Fatal Injury,Pedestrian Collisions,Driver,45 to 49,,0,East,"Automobile, Station Wagon",Turning Left,Failed to Yield Right of Way,Normal, , , , , , ,1,0,1,0,0,0,0,0,0,1,0,0,0,0
1002316,2007,11,5,18,52,0,43.67294538,-79.31929029,Beaches-East York (32),32,Woodbine Corridor (64),64,D55,Toronto East York,COXWELL AVE,EASTWOOD RD, ,Minor Arterial,Intersection,At Intersection,Traffic Signal,Rain,Dark,Wet,Non-Fatal Injury,Pedestrian Collisions,Pedestrian,70 to 74,Major,0,East,Other, , , ,Vehicle turns left while ped crosses with ROW at inter.,Crossing with right of way,Normal, , , ,1,0,1,0,0,0,0,0,0,1,0,0,0,0
5001873445,2015,10,31,18,52,5,43.73036917,-79.43233881,Eglinton-Lawrence (16),16,Bedford Park-Nortown (39),39,D32,North York,BATHURST ST,BROOKE AVE,6 m South of,Major Arterial,Intersection,Intersection Related,Stop Sign,Clear,"Dusk, artificial",Dry,Non-Fatal Injury,Pedestrian Collisions,Driver,40 to 44,,0,West,"Automobile, Station Wagon",Turning Left,Failed to Yield Right of Way,Normal, , , , , , ,1,0,1,0,0,0,0,1,0,1,0,0,0,0
5001873445,2015,10,31,18,52,5,43.73036917,-79.43233881,Eglinton-Lawrence (16),16,Bedford Park-Nortown (39),39,D32,North York,BATHURST ST,BROOKE AVE,6 m South of,Major Arterial,Intersection,Intersection Related,Stop Sign,Clear,"Dusk, artificial",Dry,Non-Fatal Injury,Pedestrian Collisions,Pedestrian,65 to 69,Major,0,Unknown, , , , ,Vehicle turns left while ped crosses without ROW at inter.,"Crossing, no Traffic Control",Normal, , , ,1,0,1,0,0,0,0,1,0,1,0,0,0,0
5001873445,2015,10,31,18,52,5,43.73036917,-79.43233881,Eglinton-Lawrence (16),16,Bedford Park-Nortown (39),39,D32,North York,BATHURST ST,BROOKE AVE,6 m South of,Major Arterial,Intersection,Intersection Related,Stop Sign,Clear,"Dusk, artificial",Dry,Non-Fatal Injury,Pedestrian Collisions,Passenger,40 to 44,,0, , , , , , , , , , , ,1,0,1,0,0,0,0,1,0,1,0,0,0,0
5001873445,2015,10,31,18,52,5,43.73036917,-79.43233881,Eglinton-Lawrence (16),16,Bedford Park-Nortown (39),39,D32,North York,BATHURST ST,BROOKE AVE,6 m South of,Major Arterial,Intersection,Intersection Related,Stop Sign,Clear,"Dusk, artificial",Dry,Non-Fatal Injury,Pedestrian Collisions,Passenger,5 to 9,,0, , , , , , , , , , , ,1,0,1,0,0,0,0,1,0,1,0,0,0,0
5001873445,2015,10,31,18,52,5,43.73036917,-79.43233881,Eglinton-Lawrence (16),16,Bedford Park-Nortown (39),39,D32,North York,BATHURST ST,BROOKE AVE,6 m South of,Major Arterial,Intersection,Intersection Related,Stop Sign,Clear,"Dusk, artificial",Dry,Non-Fatal Injury,Pedestrian Collisions,Passenger,5 to 9,,0, , , , , , , , , , , ,1,0,1,0,0,0,0,1,0,1,0,0,0,0
5001873445,2015,10,31,18,52,5,43.73036917,-79.43233881,Eglinton-Lawrence (16),16,Bedford Park-Nortown (39),39,D32,North York,BATHURST ST,BROOKE AVE,6 m South of,Major Arterial,Intersection,Intersection Related,Stop Sign,Clear,"Dusk, artificial",Dry,Non-Fatal Injury,Pedestrian Collisions,Passenger,0 to 4,,0, , , , , , , , , , , ,1,0,1,0,0,0,0,1,0,1,0,0,0,0
1001762,2007,11,9,18,53,4,43.80924538,-79.27119029,Scarborough-Rouge River (41),41,Agincourt North (129),129,D42,Scarborough,SANDHURST CRCL,FINCH AVE E, ,Major Arterial,Mid-Block, ,Pedestrian Crossover,Rain,Dark,Wet,Non-Fatal Injury,Pedestrian Collisions,Driver,20 to 24,,0,South,"Automobile, Station Wagon",Going Ahead,Failed to Yield Right of Way,Normal, , , , , , ,1,0,1,0,0,0,0,1,0,1,0,0,0,0
1001762,2007,11,9,18,53,4,43.80924538,-79.27119029,Scarborough-Rouge River (41),41,Agincourt North (129),129,D42,Scarborough,SANDHURST CRCL,FINCH AVE E, ,Major Arterial,Mid-Block, ,Pedestrian Crossover,Rain,Dark,Wet,Non-Fatal Injury,Pedestrian Collisions,Passenger,30 to 34,,0, ,Other, , , , , , , , , ,1,0,1,0,0,0,0,1,0,1,0,0,0,0
1001762,2007,11,9,18,53,4,43.80924538,-79.27119029,Scarborough-Rouge River (41),41,Agincourt North (129),129,D42,Scarborough,SANDHURST CRCL,FINCH AVE E, ,Major Arterial,Mid-Block, ,Pedestrian Crossover,Rain,Dark,Wet,Non-Fatal Injury,Pedestrian Collisions,Vehicle Owner,unknown, ,0, ,Other, , , , , , , , , ,1,0,1,0,0,0,0,1,0,1,0,0,0,0
1001762,2007,11,9,18,53,4,43.80924538,-79.27119029,Scarborough-Rouge River (41),41,Agincourt North (129),129,D42,Scarborough,SANDHURST CRCL,FINCH AVE E, ,Major Arterial,Mid-Block, ,Pedestrian Crossover,Rain,Dark,Wet,Non-Fatal Injury,Pedestrian Collisions,Pedestrian,15 to 19,Minimal,0,West,Other, , , ,Pedestrian hit a PXO/ped. Mid-block signal,"Crossing, Pedestrian Crossover",Normal, , , ,1,0,1,0,0,0,0,1,0,1,0,0,0,0
1001762,2007,11,9,18,53,4,43.80924538,-79.27119029,Scarborough-Rouge River (41),41,Agincourt North (129),129,D42,Scarborough,SANDHURST CRCL,FINCH AVE E, ,Major Arterial,Mid-Block, ,Pedestrian Crossover,Rain,Dark,Wet,Non-Fatal Injury,Pedestrian Collisions,Pedestrian,40 to 44,Major,0,West,Other, , , ,Pedestrian hit a PXO/ped. Mid-block signal,"Crossing, Pedestrian Crossover",Normal, , , ,1,0,1,0,0,0,0,1,0,1,0,0,0,0
1202322,2010,11,17,18,53,2,43.77284538,-79.44819029,York Centre (10),10,Westminster-Branson (35),35,D32,North York,FINCH Ave W,VIRGILWOOD Dr, ,Major Arterial,Intersection,At Intersection,Traffic Signal,Clear,Daylight,Dry,Non-Fatal Injury,Pedestrian Collisions,Passenger,10 to 14,,0, ,Other, , , , , , , , , ,1,0,1,0,0,0,0,1,0,0,0,0,0,0
1202322,2010,11,17,18,53,2,43.77284538,-79.44819029,York Centre (10),10,Westminster-Branson (35),35,D32,North York,FINCH Ave W,VIRGILWOOD Dr, ,Major Arterial,Intersection,At Intersection,Traffic Signal,Clear,Daylight,Dry,Non-Fatal Injury,Pedestrian Collisions,Driver,75 to 79,,0,East,"Automobile, Station Wagon",Going Ahead,Driving Properly,Normal, , , , , , ,1,0,1,0,0,0,0,1,0,0,0,0,0,0