ACCNUM,YEAR,MONTH,DAY,HOUR,MINUTES,WEEKDAY,LATITUDE,LONGITUDE,Ward_Name,Ward_ID,Hood_Name,Hood_ID,Division,District,STREET1,STREET2,OFFSET,ROAD_CLASS,LOCCOORD,ACCLOC,TRAFFCTL,VISIBILITY,LIGHT,RDSFCOND,ACCLASS,IMPACTYPE,INVTYPE,INVAGE,INJURY,FATAL_NO,INITDIR,VEHTYPE,MANOEUVER,DRIVACT,DRIVCOND,PEDTYPE,PEDACT,PEDCOND,CYCLISTYPE,CYCACT,CYCCOND,PEDESTRIAN,CYCLIST,AUTOMOBILE,MOTORCYCLE,TRUCK,TRSN_CITY_VEH,EMERG_VEH,PASSENGER,SPEEDING,AG_DRIV,REDLIGHT,ALCOHOL,DISABILITY,label
1202322,2010,11,17,18,53,2,43.77284538,-79.44819029,York Centre (10),10,Westminster-Branson (35),35,D32,North York,FINCH Ave W,VIRGILWOOD Dr, ,Major Arterial,Intersection,At Intersection,Traffic Signal,Clear,Daylight,Dry,Non-Fatal Injury,Pedestrian Collisions,Pedestrian,20 to 24,Major,0,North,Other, , , ,Vehicle is going straight thru inter.while ped cross without ROW,Crossing without right of way,Inattentive, , , ,1,0,1,0,0,0,0,1,0,0,0,0,0,0
1326953,2012,11,7,18,53,2,43.65924414,-79.32838831,Beaches-East York (32),32,South Riverdale (70),70,D55,Toronto East York,LESLIE ST,LAKE SHORE BLVD E, ,Major Arterial,Intersection,At Intersection,Traffic Signal,Clear,Dark,Dry,Non-Fatal Injury,Cyclist Collisions,Driver,unknown,,0,South,"Automobile, Station Wagon",Unknown,Other,Unknown, , , , , , ,0,1,1,0,0,0,0,0,0,0,0,0,0,0
1326953,2012,11,7,18,53,2,43.65924414,-79.32838831,Beaches-East York (32),32,South Riverdale (70),70,D55,Toronto East York,LESLIE ST,LAKE SHORE BLVD E, ,Major Arterial,Intersection,At Intersection,Traffic Signal,Clear,Dark,Dry,Non-Fatal Injury,Cyclist Collisions,Cyclist,45 to 49,Major,0,East,Bicycle,Going Ahead, , , , , ,Insufficient information (to determine cyclist crash type).,Other,Unknown,0,1,1,0,0,0,0,0,0,0,0,0,0,0
6001469848,2016,8,19,18,53,4,43.69417914,-79.55860529,Etobicoke Centre (4),4,Kingsview Village-The Westway (6),6,D23,Etobicoke York,KIPLING AVE,DIXON RD, ,Major Arterial,Intersection,At Intersection,Traffic Signal,Clear,Daylight,Dry,Non-Fatal Injury,Pedestrian Collisions,Driver,40 to 44,,0,North,"Automobile, Station Wagon",Going Ahead,Driving Properly,Normal, , , , , , ,1,0,1,0,0,0,0,0,0,0,0,0,0,0
6001469848,2016,8,19,18,53,4,43.69417914,-79.55860529,Etobicoke Centre (4),4,Kingsview Village-The Westway (6),6,D23,Etobicoke York,KIPLING AVE,DIXON RD, ,Major Arterial,Intersection,At Intersection,Traffic Signal,Clear,Daylight,Dry,Non-Fatal Injury,Pedestrian Collisions,Pedestrian,30 to 34,Major,0,West, , , , ,Vehicle is going straight thru inter.while ped cross without ROW,Crossing without right of way,Inattentive, , , ,1,0,1,0,0,0,0,0,0,0,0,0,0,0
1072743,2008,11,28,18,54,4,43.67204538,-79.37069029,Toronto Centre-Rosedale (27),27,Rosedale-Moore Park (98),98,D53,Toronto East York,BLOOR ST E,PARLIAMENT ST, ,Major Arterial,Intersection,At Intersection,Yield Sign,Rain,Dark,Wet,Non-Fatal Injury,Pedestrian Collisions,Driver,60 to 64,,0,East,"Automobile, Station Wagon",Turning Right,Failed to Yield Right of Way,"Ability Impaired, Alcohol", , , , , , ,1,0,1,0,0,0,0,0,0,1,0,1,0,0
1072743,2008,11,28,18,54,4,43.67204538,-79.37069029,Toronto Centre-Rosedale (27),27,Rosedale-Moore Park (98),98,D53,Toronto East York,BLOOR ST E,PARLIAMENT ST, ,Major Arterial,Intersection,At Intersection,Yield Sign,Rain,Dark,Wet,Non-Fatal Injury,Pedestrian Collisions,Pedestrian,50 to 54,Major,0,South,Other, , , ,Vehicle turns right while ped crosses with ROW at inter.,Crossing with right of way,Normal, , , ,1,0,1,0,0,0,0,0,0,1,0,1,0,0
5000924528,2015,6,2,18,54,1,43.743640500000005,-79.50149927,York Centre (9),9,Glenfield-Jane Heights (25),25,D31,North York,SPENVALLEY DR,ARLETA AVE, ,Collector,Intersection,At Intersection,Stop Sign,Clear,Daylight,Dry,Non-Fatal Injury,Pedestrian Collisions,Driver,75 to 79,,0,East,"Automobile, Station Wagon",Turning Left,Failed to Yield Right of Way,Normal, , , , , , ,1,0,1,0,0,0,0,0,0,1,0,0,0,0
5000924528,2015,6,2,18,54,1,43.743640500000005,-79.50149927,York Centre (9),9,Glenfield-Jane Heights (25),25,D31,North York,SPENVALLEY DR,ARLETA AVE, ,Collector,Intersection,At Intersection,Stop Sign,Clear,Daylight,Dry,Non-Fatal Injury,Pedestrian Collisions,Pedestrian,75 to 79,Major,0,South, , , , ,Vehicle turns left while ped crosses with ROW at inter.,Crossing with right of way,Normal, , , ,1,0,1,0,0,0,0,0,0,1,0,0,0,0
956145,2007,2,28,18,55,2,43.66834538,-79.59099029,Etobicoke Centre (3),3,Eringate-Centennial-West Deane (11),11,D23,Etobicoke York,RENFORTH Driv,HIGHWAY 401 X  E, ,Major Arterial, , ,No Control,Clear,Dark,Dry,Non-Fatal Injury,Cyclist Collisions,Driver,unknown,,0, ,"Automobile, Station Wagon",Unknown, , , , , , , , ,0,1,1,0,0,0,0,0,0,0,0,0,0,0
956145,2007,2,28,18,55,2,43.66834538,-79.59099029,Etobicoke Centre (3),3,Eringate-Centennial-West Deane (11),11,D23,Etobicoke York,RENFORTH Driv,HIGHWAY 401 X  E, ,Major Arterial, , ,No Control,Clear,Dark,Dry,Non-Fatal Injury,Cyclist Collisions,Cyclist,30 to 34,Major,0,South,Bicycle,Going Ahead, , , , , , , , ,0,1,1,0,0,0,0,0,0,0,0,0,0,0
990835,2007,2,28,18,55,2,43.66904538,-79.59139029,Etobicoke North (2),2,West Humber-Clairville (1),1,D23,Etobicoke York,RENFORTH DR,HIGHWAY 401 X  W, ,Major Arterial,Mid-Block, ,No Control,Clear,Dark,Dry,Non-Fatal Injury,Cyclist Collisions,Driver,unknown,,0,South,"Automobile, Station Wagon",Going Ahead,Improper Passing,Unknown, , , , , , ,0,1,1,0,0,0,0,0,0,1,0,0,0,0
990835,2007,2,28,18,55,2,43.66904538,-79.59139029,Etobicoke North (2),2,West Humber-Clairville (1),1,D23,Etobicoke York,RENFORTH DR,HIGHWAY 401 X  W, ,Major Arterial,Mid-Block, ,No Control,Clear,Dark,Dry,Non-Fatal Injury,Cyclist Collisions,Cyclist,30 to 34,Major,0,South,Bicycle,Going Ahead, , , , , ,Cyclist and Driver travelling in same direction. One vehicle sideswipes the other.,Driving Properly,Normal,0,1,1,0,0,0,0,0,0,1,0,0,0,0
1205980,2010,12,6,18,55,0,43.63964538,-79.45669029,Parkdale-High Park (13),13,High Park-Swansea (87),87,D11,Etobicoke York,THE QUEENSWAY,COLBORNE LODGE DR, ,Major Arterial,Mid-Block, ,No Control,Snow,Dark,Dry,Non-Fatal Injury,Pedestrian Collisions,Driver,35 to 39,,0,East,"Automobile, Station Wagon",Going Ahead,Driving Properly,Unknown, , , , , , ,1,0,1,0,0,0,0,0,0,0,0,0,0,0
1205980,2010,12,6,18,55,0,43.63964538,-79.45669029,Parkdale-High Park (13),13,High Park-Swansea (87),87,D11,Etobicoke York,THE QUEENSWAY,COLBORNE LODGE DR, ,Major Arterial,Mid-Block, ,No Control,Snow,Dark,Dry,Non-Fatal Injury,Pedestrian Collisions,Pedestrian,45 to 49,Major,0,North,Other, , , ,Pedestrian hit at mid-block,"Crossing, no Traffic Control",Had Been Drinking, , , ,1,0,1,0,0,0,0,0,0,0,0,0,0,0
1264083,2011,11,13,18,55,6,43.72194538,-79.50889029,York West (7),7,Downsview-Roding-CFB (26),26,D31,North York,JANE ST,WILLIAM CRAGG DR, ,Major Arterial,Mid-Block,At Intersection,No Control,Clear,"Dark, artificial",Dry,Non-Fatal Injury,Pedestrian Collisions,Driver,45 to 49,,0,South,"Automobile, Station Wagon",Going Ahead,Driving Properly,Normal, , , , , , ,1,0,1,0,0,0,0,0,0,0,0,0,0,0
1264083,2011,11,13,18,55,6,43.72194538,-79.50889029,York West (7),7,Downsview-Roding-CFB (26),26,D31,North York,JANE ST,WILLIAM CRAGG DR, ,Major Arterial,Mid-Block,At Intersection,No Control,Clear,"Dark, artificial",Dry,Non-Fatal Injury,Pedestrian Collisions,Pedestrian,45 to 49,Major,0,West,Other, , , ,Pedestrian hit at mid-block,"Crossing, no Traffic Control",Inattentive, , , ,1,0,1,0,0,0,0,0,0,0,0,0,0,0
1292500,2012,3,13,18,55,1,43.60694538,-79.49049029,Etobicoke-Lakeshore (6),6,Mimico (includes Humber Bay Shores) (17),17,D22,Etobicoke York,LAKE SHORE BLVD W,LAKE CRES, ,Major Arterial,Intersection, ,No Control,Clear,Daylight,Dry,Non-Fatal Injury,SMV Other,Driver,50 to 54,Major,0,North,"Automobile, Station Wagon",Going Ahead,Lost control,Unknown, , , , , , ,0,0,1,0,0,0,0,0,1,1,0,0,0,0
1292500,2012,3,13,18,55,1,43.60694538,-79.49049029,Etobicoke-Lakeshore (6),6,Mimico (includes Humber Bay Shores) (17),17,D22,Etobicoke York,LAKE SHORE BLVD W,LAKE CRES, ,Major Arterial,Intersection, ,No Control,Clear,Daylight,Dry,Non-Fatal Injury,SMV Other,Other Property Owner,unknown, ,0, ,Other, , , , , , , , , ,0,0,1,0,0,0,0,0,1,1,0,0,0,0
1302631,2012,7,8,18,55,6,43.75164538,-79.45669029,York Centre (10),10,Clanton Park (33),33,D32,North York,SHEPPARD AVE W,WILSON HEIGHTS BLVD, ,Major Arterial,Intersection,At Intersection,Traffic Signal,Clear,Daylight,Dry,Fatal,Pedestrian Collisions,Driver,20 to 24,,0,North,"Automobile, Station Wagon",Turning Left,Failed to Yield Right of Way,Normal, , , , , , ,1,0,1,0,0,0,0,0,0,1,0,0,0,1
1302631,2012,7,8,18,55,6,43.75164538,-79.45669029,York Centre (10),10,Clanton Park (33),33,D32,North York,SHEPPARD AVE W,WILSON HEIGHTS BLVD, ,Major Arterial,Intersection,At Intersection,Traffic Signal,Clear,Daylight,Dry,Fatal,Pedestrian Collisions,Pedestrian,25 to 29,Fatal,19,South,Other, , , ,Vehicle turns left while ped crosses with ROW at inter.,Crossing with right of way,Unknown, , , ,1,0,1,0,0,0,0,0,0,1,0,0,0,1
1319643,2012,9,2,18,55,6,43.68814538,-79.49259029,York South-Weston (11),11,Mount Dennis (115),115,D12,Etobicoke York,WESTON RD,GLENVALLEY DR, ,Minor Arterial,Intersection,At Intersection,Stop Sign,Clear,Daylight,Dry,Non-Fatal Injury,Cyclist Collisions,Driver,45 to 49,,0,North,"Automobile, Station Wagon",Turning Left,Failed to Yield Right of Way,Inattentive, , , , , , ,0,1,1,0,0,0,0,0,0,1,0,0,0,0
1319643,2012,9,2,18,55,6,43.68814538,-79.49259029,York South-Weston (11),11,Mount Dennis (115),115,D12,Etobicoke York,WESTON RD,GLENVALLEY DR, ,Minor Arterial,Intersection,At Intersection,Stop Sign,Clear,Daylight,Dry,Non-Fatal Injury,Cyclist Collisions,Cyclist,45 to 49,Major,0,South,Bicycle,Going Ahead, , , , , ,Motorist turned left across cyclists path.,Driving Properly,Normal,0,1,1,0,0,0,0,0,0,1,0,0,0,0
1343634,2013,3,1,18,55,4,43.81704538,-79.29329029,Scarborough-Rouge River (41),41,Milliken (130),130,D42,Scarborough,MIDLAND AVE,MCNICOLL AVE, ,Major Arterial,Mid-Block, ,No Control,Clear,Dusk,Dry,Non-Fatal Injury,Pedestrian Collisions,Driver,65 to 69,,0,North,"Automobile, Station Wagon",Going Ahead,Driving Properly,Inattentive, , , , , , ,1,0,1,0,0,0,0,0,0,0,0,0,0,0
1343634,2013,3,1,18,55,4,43.81704538,-79.29329029,Scarborough-Rouge River (41),41,Milliken (130),130,D42,Scarborough,MIDLAND AVE,MCNICOLL AVE, ,Major Arterial,Mid-Block, ,No Control,Clear,Dusk,Dry,Non-Fatal Injury,Pedestrian Collisions,Pedestrian,0 to 4,,0,North,Other, , , ,Pedestrian hit at mid-block,Walking on Roadway with Traffic,Normal, , , ,1,0,1,0,0,0,0,0,0,0,0,0,0,0
1343634,2013,3,1,18,55,4,43.81704538,-79.29329029,Scarborough-Rouge River (41),41,Milliken (130),130,D42,Scarborough,MIDLAND AVE,MCNICOLL AVE, ,Major Arterial,Mid-Block, ,No Control,Clear,Dusk,Dry,Non-Fatal Injury,Pedestrian Collisions,Pedestrian,50 to 54,,0,North,Other, , , ,Pedestrian hit at mid-block,Walking on Roadway with Traffic,Normal, , , ,1,0,1,0,0,0,0,0,0,0,0,0,0,0
1343634,2013,3,1,18,55,4,43.81704538,-79.29329029,Scarborough-Rouge River (41),41,Milliken (130),130,D42,Scarborough,MIDLAND AVE,MCNICOLL AVE, ,Major Arterial,Mid-Block, ,No Control,Clear,Dusk,Dry,Non-Fatal Injury,Pedestrian Collisions,Pedestrian,25 to 29,Major,0,North,Other, , , ,Pedestrian hit at mid-block,Walking on Roadway with Traffic,Normal, , , ,1,0,1,0,0,0,0,0,0,0,0,0,0,0
5000374925,2015,3,4,18,55,2,43.79355963,-79.35039912,Don Valley East (33),33,Don Valley Village (47),47,D33,North York,FINCH AVE E,SENECA HILL DR, ,Major Arterial,Intersection,At Intersection,Traffic Signal,Snow,"Dark, artificial",Wet,Non-Fatal Injury,Pedestrian Collisions,Driver,35 to 39,,0,West,"Automobile, Station Wagon",Turning Left,Improper Turn,Unknown, , , , , , ,1,0,1,0,0,0,0,1,0,0,0,0,0,0
5000374925,2015,3,4,18,55,2,43.79355963,-79.35039912,Don Valley East (33),33,Don Valley Village (47),47,D33,North York,FINCH AVE E,SENECA HILL DR, ,Major Arterial,Intersection,At Intersection,Traffic Signal,Snow,"Dark, artificial",Wet,Non-Fatal Injury,Pedestrian Collisions,Driver,45 to 49,Minimal,0,East,"Automobile, Station Wagon",Going Ahead,Driving Properly,Normal, , , , , , ,1,0,1,0,0,0,0,1,0,0,0,0,0,0
5000374925,2015,3,4,18,55,2,43.79355963,-79.35039912,Don Valley East (33),33,Don Valley Village (47),47,D33,North York,FINCH AVE E,SENECA HILL DR, ,Major Arterial,Intersection,At Intersection,Traffic Signal,Snow,"Dark, artificial",Wet,Non-Fatal Injury,Pedestrian Collisions,Passenger,20 to 24,Minimal,0, , , , , , , , , , , ,1,0,1,0,0,0,0,1,0,0,0,0,0,0
5000374925,2015,3,4,18,55,2,43.79355963,-79.35039912,Don Valley East (33),33,Don Valley Village (47),47,D33,North York,FINCH AVE E,SENECA HILL DR, ,Major Arterial,Intersection,At Intersection,Traffic Signal,Snow,"Dark, artificial",Wet,Non-Fatal Injury,Pedestrian Collisions,Pedestrian,25 to 29,Major,0,Unknown, , , , ,Pedestrian hit on sidewalk or shoulder,On Sidewalk or Shoulder,Normal, , , ,1,0,1,0,0,0,0,1,0,0,0,0,0,0
5000879931,2015,5,26,18,55,1,43.70538672,-79.31282435,Beaches-East York (31),31,O'Connor-Parkview (54),54,D54,Toronto East York,ST CLAIR AVE E,O CONNOR DR, ,Major Arterial,Intersection,Intersection Related,Traffic Signal,Clear,Daylight,Dry,Non-Fatal Injury,Pedestrian Collisions,Driver,60 to 64,Minimal,0,North,"Automobile, Station Wagon",Going Ahead,Disobeyed Traffic Control,Inattentive, , , , , , ,1,0,1,0,0,0,0,1,0,1,1,0,0,0
5000879931,2015,5,26,18,55,1,43.70538672,-79.31282435,Beaches-East York (31),31,O'Connor-Parkview (54),54,D54,Toronto East York,ST CLAIR AVE E,O CONNOR DR, ,Major Arterial,Intersection,Intersection Related,Traffic Signal,Clear,Daylight,Dry,Non-Fatal Injury,Pedestrian Collisions,Pedestrian,40 to 44,Major,0,East, , , , ,Vehicle is going straight thru inter.while ped cross with ROW,Crossing with right of way,Normal, , , ,1,0,1,0,0,0,0,1,0,1,1,0,0,0
5000879931,2015,5,26,18,55,1,43.70538672,-79.31282435,Beaches-East York (31),31,O'Connor-Parkview (54),54,D54,Toronto East York,ST CLAIR AVE E,O CONNOR DR, ,Major Arterial,Intersection,Intersection Related,Traffic Signal,Clear,Daylight,Dry,Non-Fatal Injury,Pedestrian Collisions,Passenger,25 to 29,,0, , , , , , , , , , , ,1,0,1,0,0,0,0,1,0,1,1,0,0,0
1006875,2007,12,5,18,56,2,43.65244538,-79.42199029,Trinity-Spadina (19),19,Trinity-Bellwoods (81),81,D14,Toronto East York,OSSINGTON AVE,CHURCHILL AVE, ,Minor Arterial,Mid-Block, ,No Control,Clear,Dark,Dry,Fatal,Pedestrian Collisions,Driver,75 to 79,,0,North,"Automobile, Station Wagon",Going Ahead,Driving Properly,Normal, , , , , , ,1,0,1,0,0,0,0,0,0,0,0,0,0,1
1006875,2007,12,5,18,56,2,43.65244538,-79.42199029,Trinity-Spadina (19),19,Trinity-Bellwoods (81),81,D14,Toronto East York,OSSINGTON AVE,CHURCHILL AVE, ,Minor Arterial,Mid-Block, ,No Control,Clear,Dark,Dry,Fatal,Pedestrian Collisions,Pedestrian,45 to 49,Fatal,0,West,Other, , , ,Vehicle hits the pedestrian walking or running out from between parked vehicles at mid-block,Coming From Behind Parked Vehicle,Had Been Drinking, , , ,1,0,1,0,0,0,0,0,0,0,0,0,0,1
1093260,2009,2,8,18,56,6,43.66554538,-79.48289029,Parkdale-High Park (13),13,Runnymede-Bloor West Village (89),89,D11,Etobicoke York,DUNDAS ST W,BERESFORD AVE, ,Major Arterial,Mid-Block, ,No Control,Clear,Dark,Dry,Non-Fatal Injury,Cyclist Collisions,Driver,50 to 54,,0,West,"Automobile, Station Wagon",Going Ahead,Driving Properly,Normal, , , , , , ,0,1,1,0,0,0,0,0,0,0,0,0,0,0
1093260,2009,2,8,18,56,6,43.66554538,-79.48289029,Parkdale-High Park (13),13,Runnymede-Bloor West Village (89),89,D11,Etobicoke York,DUNDAS ST W,BERESFORD AVE, ,Major Arterial,Mid-Block, ,No Control,Clear,Dark,Dry,Non-Fatal Injury,Cyclist Collisions,Cyclist,45 to 49,Major,0,East,Bicycle,Changing Lanes, , , , , ,Insufficient information (to determine cyclist crash type).,Failed to Yield Right of Way,Had Been Drinking,0,1,1,0,0,0,0,0,0,0,0,0,0,0
1354199,2013,4,10,18,56,2,43.81524538,-79.23239029,Scarborough-Rouge River (42),42,Rouge (131),131,D42,Scarborough,FINCH Ave E,BALDOON Rd, ,Minor Arterial,Intersection,At Intersection,Stop Sign,Clear,"Daylight, artificial",Dry,Non-Fatal Injury,Pedestrian Collisions,Driver,40 to 44,,0,North,"Automobile, Station Wagon",Turning Left,Driving Properly,Normal, , , , , , ,1,0,1,0,0,0,0,0,0,0,0,0,0,0
1354199,2013,4,10,18,56,2,43.81524538,-79.23239029,Scarborough-Rouge River (42),42,Rouge (131),131,D42,Scarborough,FINCH Ave E,BALDOON Rd, ,Minor Arterial,Intersection,At Intersection,Stop Sign,Clear,"Daylight, artificial",Dry,Non-Fatal Injury,Pedestrian Collisions,Pedestrian,50 to 54,Major,0,South,Other, , , ,Vehicle turns left while ped crosses without ROW at inter.,Running onto Roadway,Inattentive, , , ,1,0,1,0,0,0,0,0,0,0,0,0,0,0
7003056643,2017,11,23,18,56,3,43.68035838,-79.28916529,Beaches-East York (32),32,The Beaches (63),63,D55,Toronto East York,KINGSTON RD,BALSAM, ,Major Arterial,Intersection,At Intersection,Stop Sign,Clear,Dark,Dry,Non-Fatal Injury,Cyclist Collisions,Driver,15 to 19,,0,West,"Automobile, Station Wagon",Turning Left,Improper Turn,Inattentive, , , , , , ,0,1,1,0,0,0,0,0,0,0,0,0,0,0
7003056643,2017,11,23,18,56,3,43.68035838,-79.28916529,Beaches-East York (32),32,The Beaches (63),63,D55,Toronto East York,KINGSTON RD,BALSAM, ,Major Arterial,Intersection,At Intersection,Stop Sign,Clear,Dark,Dry,Non-Fatal Injury,Cyclist Collisions,Cyclist,55 to 59,Major,0,East,Bicycle,Going Ahead, , , , , , ,Driving Properly,Normal,0,1,1,0,0,0,0,0,0,0,0,0,0,0
996573,2007,10,5,18,57,4,43.66964538,-79.43279029,Davenport (18),18,Dovercourt-Wallace Emerson-Junction (93),93,D14,Toronto East York,DUPONT ST,DOVERCOURT RD, ,Major Arterial,Intersection,At Intersection,Traffic Signal,Clear,Dusk,Dry,Non-Fatal Injury,Turning Movement,Driver,25 to 29,,0,North,"Automobile, Station Wagon",Stopped,Driving Properly,Normal, , , , , , ,0,0,1,0,0,0,0,1,1,1,0,0,0,0
996573,2007,10,5,18,57,4,43.66964538,-79.43279029,Davenport (18),18,Dovercourt-Wallace Emerson-Junction (93),93,D14,Toronto East York,DUPONT ST,DOVERCOURT RD, ,Major Arterial,Intersection,At Intersection,Traffic Signal,Clear,Dusk,Dry,Non-Fatal Injury,Turning Movement,Passenger,30 to 34,Minimal,0, ,Other, , , , , , , , , ,0,0,1,0,0,0,0,1,1,1,0,0,0,0
996573,2007,10,5,18,57,4,43.66964538,-79.43279029,Davenport (18),18,Dovercourt-Wallace Emerson-Junction (93),93,D14,Toronto East York,DUPONT ST,DOVERCOURT RD, ,Major Arterial,Intersection,At Intersection,Traffic Signal,Clear,Dusk,Dry,Non-Fatal Injury,Turning Movement,Driver,30 to 34,Major,0,East,"Automobile, Station Wagon",Going Ahead,Driving Properly,Normal, , , , , , ,0,0,1,0,0,0,0,1,1,1,0,0,0,0
996573,2007,10,5,18,57,4,43.66964538,-79.43279029,Davenport (18),18,Dovercourt-Wallace Emerson-Junction (93),93,D14,Toronto East York,DUPONT ST,DOVERCOURT RD, ,Major Arterial,Intersection,At Intersection,Traffic Signal,Clear,Dusk,Dry,Non-Fatal Injury,Turning Movement,Driver,50 to 54,Minimal,0,West,"Automobile, Station Wagon",Turning Left,Improper Turn,Inattentive, , , , , , ,0,0,1,0,0,0,0,1,1,1,0,0,0,0
7000734516,2017,4,26,18,57,2,43.78190954,-79.36610804,Don Valley East (33),33,Don Valley Village (47),47,D33,North York,LESLIE ST,CORNING RD, ,Major Arterial,Intersection,At/Near Private Drive,No Control,Clear,Daylight,Dry,Fatal,Angle,Motorcycle Driver,30 to 34,Fatal,20,South,Motorcycle,Going Ahead,Driving Properly,Unknown, , , , , , ,0,0,1,1,0,0,0,0,0,1,0,0,0,1
1043101,2008,6,14,18,13,5,43.72874538,-79.43199029,Eglinton-Lawrence (15),15,Englemount-Lawrence (32),32,D32,North York,BATHURST ST,SULTANA AVE, ,Major Arterial,Intersection,At Intersection,No Control,Clear,Daylight,Dry,Non-Fatal Injury,Pedestrian Collisions,Driver,75 to 79,Major,0,South,"Automobile, Station Wagon",Changing Lanes,Improper Lane Change,Normal, , , , , , ,1,0,1,0,0,1,0,0,0,0,0,0,0,0
7000734516,2017,4,26,18,57,2,43.78190954,-79.36610804,Don Valley East (33),33,Don Valley Village (47),47,D33,North York,LESLIE ST,CORNING RD, ,Major Arterial,Intersection,At/Near Private Drive,No Control,Clear,Daylight,Dry,Fatal,Angle,Driver,45 to 49,Minimal,0,East,"Automobile, Station Wagon",Going Ahead,Failed to Yield Right of Way,Normal, , , , , , ,0,0,1,1,0,0,0,0,0,1,0,0,0,1
1237710,2011,6,10,18,58,4,43.76634538,-79.41539029,Willowdale (23),23,Lansing-Westgate (38),38,D32,North York,BEECROFT Road,NORTH YORK Boul, ,Collector,Intersection,At Intersection,Stop Sign,Clear,Daylight,Dry,Non-Fatal Injury,Pedestrian Collisions,Driver,35 to 39,,0,West,"Automobile, Station Wagon",Turning Left,Improper Turn,Inattentive, , , , , , ,1,0,1,0,0,0,0,0,1,1,0,0,0,0
1237710,2011,6,10,18,58,4,43.76634538,-79.41539029,Willowdale (23),23,Lansing-Westgate (38),38,D32,North York,BEECROFT Road,NORTH YORK Boul, ,Collector,Intersection,At Intersection,Stop Sign,Clear,Daylight,Dry,Non-Fatal Injury,Pedestrian Collisions,Pedestrian,55 to 59,Major,0,West,Other, , , ,Other / Undefined,"Crossing, no Traffic Control",Inattentive, , , ,1,0,1,0,0,0,0,0,1,1,0,0,0,0
1237710,2011,6,10,18,58,4,43.76634538,-79.41539029,Willowdale (23),23,Lansing-Westgate (38),38,D32,North York,BEECROFT Road,NORTH YORK Boul, ,Collector,Intersection,At Intersection,Stop Sign,Clear,Daylight,Dry,Non-Fatal Injury,Pedestrian Collisions,Driver,85 to 89,Minimal,0,North,"Automobile, Station Wagon",Going Ahead,Driving Properly,Normal, , , , , , ,1,0,1,0,0,0,0,0,1,1,0,0,0,0
6000089379,2016,1,15,18,58,4,43.67674216,-79.46310816,Davenport (17),17,Weston-Pellam Park (91),91,D12,Etobicoke York,CHAMBERS AVE,ROCKWELL AVE, ,Collector,Intersection,Intersection Related,No Control,Rain,Dark,Wet,Non-Fatal Injury,Pedestrian Collisions,Driver,unknown,,0,North,"Automobile, Station Wagon",Turning Left,Failed to Yield Right of Way,Unknown, , , , , , ,1,0,1,0,0,0,0,0,0,1,0,0,0,0
6000089379,2016,1,15,18,58,4,43.67674216,-79.46310816,Davenport (17),17,Weston-Pellam Park (91),91,D12,Etobicoke York,CHAMBERS AVE,ROCKWELL AVE, ,Collector,Intersection,Intersection Related,No Control,Rain,Dark,Wet,Non-Fatal Injury,Pedestrian Collisions,Pedestrian,60 to 64,Major,0,East, , , , ,Vehicle turns left while ped crosses with ROW at inter.,Crossing with right of way,Normal, , , ,1,0,1,0,0,0,0,0,0,1,0,0,0,0
6001365949,2016,8,3,18,58,2,43.75448187,-79.46371851,York Centre (10),10,Bathurst Manor (34),34,D32,Toronto East York,DUFFERIN ST,WATERLOO AVE, ,Local,Intersection,At Intersection,Stop Sign,Clear,Daylight,Dry,Non-Fatal Injury,Turning Movement,Motorcycle Driver,40 to 44,Major,0,South,Motorcycle,Going Ahead,Improper Passing,Normal, , , , , , ,0,0,1,1,0,0,0,0,0,1,0,0,0,0
6001365949,2016,8,3,18,58,2,43.75448187,-79.46371851,York Centre (10),10,Bathurst Manor (34),34,D32,Toronto East York,DUFFERIN ST,WATERLOO AVE, ,Local,Intersection,At Intersection,Stop Sign,Clear,Daylight,Dry,Non-Fatal Injury,Turning Movement,Driver,25 to 29,,0,South,"Automobile, Station Wagon",Turning Left,Driving Properly,Normal, , , , , , ,0,0,1,1,0,0,0,0,0,1,0,0,0,0
7000675895,2017,4,17,18,58,0,43.65484579,-79.55170832,Etobicoke Centre (3),3,Islington-City Centre West (14),14,D22,Etobicoke York,219 MARTIN GROVE RD, ,100 m North of DONALBERT ROAD,Collector,Mid-Block,Non Intersection,No Control,Clear,Daylight,Dry,Non-Fatal Injury,SMV Other,Motorcycle Driver,15 to 19,Major,0,South,Motorcycle,Going Ahead,Lost control,Normal, , , , , , ,0,0,0,1,0,0,0,0,0,0,0,0,0,0
1114016,2009,4,17,18,59,4,43.70144538,-79.57249029,Etobicoke North (2),2,West Humber-Clairville (1),1,D23,Etobicoke York,MCCULLOCH AVE,1 AUTUMN AVE, ,Local,Mid-Block, ,No Control,Clear,Daylight,Dry,Non-Fatal Injury,Sideswipe,Passenger,20 to 24,Major,0, ,Other, , , , , , , , , ,0,0,0,1,1,0,0,1,0,1,0,0,0,0