ACCNUM,YEAR,MONTH,DAY,HOUR,MINUTES,WEEKDAY,LATITUDE,LONGITUDE,Ward_Name,Ward_ID,Hood_Name,Hood_ID,Division,District,STREET1,STREET2,OFFSET,ROAD_CLASS,LOCCOORD,ACCLOC,TRAFFCTL,VISIBILITY,LIGHT,RDSFCOND,ACCLASS,IMPACTYPE,INVTYPE,INVAGE,INJURY,FATAL_NO,INITDIR,VEHTYPE,MANOEUVER,DRIVACT,DRIVCOND,PEDTYPE,PEDACT,PEDCOND,CYCLISTYPE,CYCACT,CYCCOND,PEDESTRIAN,CYCLIST,AUTOMOBILE,MOTORCYCLE,TRUCK,TRSN_CITY_VEH,EMERG_VEH,PASSENGER,SPEEDING,AG_DRIV,REDLIGHT,ALCOHOL,DISABILITY,label
1114016,2009,4,17,18,59,4,43.70144538,-79.57249029,Etobicoke North (2),2,West Humber-Clairville (1),1,D23,Etobicoke York,MCCULLOCH AVE,1 AUTUMN AVE, ,Local,Mid-Block, ,No Control,Clear,Daylight,Dry,Non-Fatal Injury,Sideswipe,Motorcycle Driver,35 to 39,Minor,0,South,Motorcycle,Overtaking,Improper Passing,Normal, , , , , , ,0,0,0,1,1,0,0,1,0,1,0,0,0,0
1114016,2009,4,17,18,59,4,43.70144538,-79.57249029,Etobicoke North (2),2,West Humber-Clairville (1),1,D23,Etobicoke York,MCCULLOCH AVE,1 AUTUMN AVE, ,Local,Mid-Block, ,No Control,Clear,Daylight,Dry,Non-Fatal Injury,Sideswipe,Vehicle Owner,unknown, ,0, ,Other, , , , , , , , , ,0,0,0,1,1,0,0,1,0,1,0,0,0,0
1114016,2009,4,17,18,59,4,43.70144538,-79.57249029,Etobicoke North (2),2,West Humber-Clairville (1),1,D23,Etobicoke York,MCCULLOCH AVE,1 AUTUMN AVE, ,Local,Mid-Block, ,No Control,Clear,Daylight,Dry,Non-Fatal Injury,Sideswipe,Truck Driver,40 to 44,,0,South,Truck - Open,Turning Left,Driving Properly,Normal, , , , , , ,0,0,0,1,1,0,0,1,0,1,0,0,0,0
1114016,2009,4,17,18,59,4,43.70144538,-79.57249029,Etobicoke North (2),2,West Humber-Clairville (1),1,D23,Etobicoke York,MCCULLOCH AVE,1 AUTUMN AVE, ,Local,Mid-Block, ,No Control,Clear,Daylight,Dry,Non-Fatal Injury,Sideswipe,Vehicle Owner,unknown, ,0, ,Other, , , , , , , , , ,0,0,0,1,1,0,0,1,0,1,0,0,0,0
1377364,2013,9,25,18,59,2,43.75417288,-79.61981592,Etobicoke North (1),1,West Humber-Clairville (1),1,D23,Etobicoke York,STEELES AVE W,STEINWAY BLVD, ,Major Arterial,Intersection, ,Stop Sign,Clear,"Dark, artificial",Dry,Fatal,Turning Movement,Motorcycle Driver,55 to 59,Fatal,42,East,Motorcycle,Going Ahead,Driving Properly,Normal, , , , , , ,0,0,1,1,0,0,0,0,1,1,0,0,0,1
1377364,2013,9,25,18,59,2,43.75417288,-79.61981592,Etobicoke North (1),1,West Humber-Clairville (1),1,D23,Etobicoke York,STEELES AVE W,STEINWAY BLVD, ,Major Arterial,Intersection, ,Stop Sign,Clear,"Dark, artificial",Dry,Fatal,Turning Movement,Driver,40 to 44,,0,North,"Automobile, Station Wagon",Turning Left,Failed to Yield Right of Way,Inattentive, , , , , , ,0,0,1,1,0,0,0,0,1,1,0,0,0,1
969857,2007,4,30,18,41,0,43.69994538,-79.44009029,Eglinton-Lawrence (15),15,Briar Hill-Belgravia (108),108,D13,Toronto East York,MARLEE AVE,WHITMORE AVE, ,Minor Arterial,Intersection,At Intersection,Stop Sign,Clear,Daylight,Dry,Non-Fatal Injury,Turning Movement,Driver,45 to 49,Minor,0,West,"Automobile, Station Wagon",Turning Left,Failed to Yield Right of Way,Normal, , , , , , ,0,0,1,1,0,0,0,0,1,1,0,0,0,0
1043101,2008,6,14,18,13,5,43.72874538,-79.43199029,Eglinton-Lawrence (15),15,Englemount-Lawrence (32),32,D32,North York,BATHURST ST,SULTANA AVE, ,Major Arterial,Intersection,At Intersection,No Control,Clear,Daylight,Dry,Non-Fatal Injury,Pedestrian Collisions,Vehicle Owner,unknown, ,0, ,Other, , , , , , , , , ,1,0,1,0,0,1,0,0,0,0,0,0,0,0
5001826215,2015,10,23,18,41,4,43.66564520000001,-79.49197016,Parkdale-High Park (13),13,Runnymede-Bloor West Village (89),89,D11,Etobicoke York,DUNDAS ST W,WATSON AVE,33 m East of,Major Arterial,Mid-Block,Non Intersection,No Control,Clear,"Dark, artificial",Dry,Non-Fatal Injury,Pedestrian Collisions,Driver,65 to 69,,0,West,"Automobile, Station Wagon",Going Ahead,Driving Properly,Normal, , , , , , ,1,0,1,0,0,0,0,1,0,0,0,0,0,0
1043101,2008,6,14,18,13,5,43.72874538,-79.43199029,Eglinton-Lawrence (15),15,Englemount-Lawrence (32),32,D32,North York,BATHURST ST,SULTANA AVE, ,Major Arterial,Intersection,At Intersection,No Control,Clear,Daylight,Dry,Non-Fatal Injury,Pedestrian Collisions,Vehicle Owner,unknown, ,0, ,Other, , , , , , , , , ,1,0,1,0,0,1,0,0,0,0,0,0,0,0
5001826215,2015,10,23,18,41,4,43.66564520000001,-79.49197016,Parkdale-High Park (13),13,Runnymede-Bloor West Village (89),89,D11,Etobicoke York,DUNDAS ST W,WATSON AVE,33 m East of,Major Arterial,Mid-Block,Non Intersection,No Control,Clear,"Dark, artificial",Dry,Non-Fatal Injury,Pedestrian Collisions,Pedestrian,50 to 54,Major,0,North, , , , ,Pedestrian hit at mid-block,Crossing without right of way,Had Been Drinking, , , ,1,0,1,0,0,0,0,1,0,0,0,0,0,0
1043101,2008,6,14,18,13,5,43.72874538,-79.43199029,Eglinton-Lawrence (15),15,Englemount-Lawrence (32),32,D32,North York,BATHURST ST,SULTANA AVE, ,Major Arterial,Intersection,At Intersection,No Control,Clear,Daylight,Dry,Non-Fatal Injury,Pedestrian Collisions,Driver,25 to 29,,0,South,Municipal Transit Bus (TTC),Going Ahead,Driving Properly,Normal, , , , , , ,1,0,1,0,0,1,0,0,0,0,0,0,0,0
5001826215,2015,10,23,18,41,4,43.66564520000001,-79.49197016,Parkdale-High Park (13),13,Runnymede-Bloor West Village (89),89,D11,Etobicoke York,DUNDAS ST W,WATSON AVE,33 m East of,Major Arterial,Mid-Block,Non Intersection,No Control,Clear,"Dark, artificial",Dry,Non-Fatal Injury,Pedestrian Collisions,Passenger,55 to 59,,0, , , , , , , , , , , ,1,0,1,0,0,0,0,1,0,0,0,0,0,0
1043101,2008,6,14,18,13,5,43.72874538,-79.43199029,Eglinton-Lawrence (15),15,Englemount-Lawrence (32),32,D32,North York,BATHURST ST,SULTANA AVE, ,Major Arterial,Intersection,At Intersection,No Control,Clear,Daylight,Dry,Non-Fatal Injury,Pedestrian Collisions,Pedestrian,55 to 59,Major,0,South,Other, , , ,Pedestrian involved in a collision with transit vehicle anywhere along roadway,"Crossing, no Traffic Control",Normal, , , ,1,0,1,0,0,1,0,0,0,0,0,0,0,0
5001826215,2015,10,23,18,41,4,43.66564520000001,-79.49197016,Parkdale-High Park (13),13,Runnymede-Bloor West Village (89),89,D11,Etobicoke York,DUNDAS ST W,WATSON AVE,33 m East of,Major Arterial,Mid-Block,Non Intersection,No Control,Clear,"Dark, artificial",Dry,Non-Fatal Injury,Pedestrian Collisions,Passenger,25 to 29,,0, , , , , , , , , , , ,1,0,1,0,0,0,0,1,0,0,0,0,0,0
3000936141,2013,11,8,18,13,4,43.63857992,-79.44688044,Parkdale-High Park (14),14,High Park-Swansea (87),87,D11,Toronto East York,QUEEN ST W,RONCESVALLES AVE, ,Major Arterial,Mid-Block,Non Intersection,No Control,Clear,"Dark, artificial",Dry,Non-Fatal Injury,SMV Other,Driver,55 to 59,,0,West,Passenger Van,Going Ahead,Lost control,Normal, , , , , , ,0,0,1,0,0,0,0,1,0,0,0,0,0,0
3000936141,2013,11,8,18,13,4,43.63857992,-79.44688044,Parkdale-High Park (14),14,High Park-Swansea (87),87,D11,Toronto East York,QUEEN ST W,RONCESVALLES AVE, ,Major Arterial,Mid-Block,Non Intersection,No Control,Clear,"Dark, artificial",Dry,Non-Fatal Injury,SMV Other,Passenger,65 to 69,Major,0, , , , , , , , , , , ,0,0,1,0,0,0,0,1,0,0,0,0,0,0
993875,2007,9,14,18,14,4,43.72794538,-79.47849029,York Centre (9),9,Downsview-Roding-CFB (26),26,D31,North York,WILSON AVE,INGLESIDE DR, ,Major Arterial,Intersection, ,No Control,Rain,Daylight,Wet,Non-Fatal Injury,Cyclist Collisions,Vehicle Owner,unknown, ,0, ,Other, , , , , , , , , ,0,1,1,0,0,0,0,0,0,1,0,0,0,0
993875,2007,9,14,18,14,4,43.72794538,-79.47849029,York Centre (9),9,Downsview-Roding-CFB (26),26,D31,North York,WILSON AVE,INGLESIDE DR, ,Major Arterial,Intersection, ,No Control,Rain,Daylight,Wet,Non-Fatal Injury,Cyclist Collisions,Driver,45 to 49,,0,South,"Automobile, Station Wagon",Going Ahead,Failed to Yield Right of Way,Normal, , , , , , ,0,1,1,0,0,0,0,0,0,1,0,0,0,0
993875,2007,9,14,18,14,4,43.72794538,-79.47849029,York Centre (9),9,Downsview-Roding-CFB (26),26,D31,North York,WILSON AVE,INGLESIDE DR, ,Major Arterial,Intersection, ,No Control,Rain,Daylight,Wet,Non-Fatal Injury,Cyclist Collisions,Cyclist,30 to 34,Major,0,West,Bicycle,Going Ahead, , , , , ,"Motorist without ROW drives into path of cyclist at inter, lnwy, dwy-Driver not turn.",Driving Properly,Normal,0,1,1,0,0,0,0,0,0,1,0,0,0,0
1005767,2007,11,30,18,14,4,43.74404538,-79.34529029,Don Valley East (34),34,Banbury-Don Mills (42),42,D33,North York,DON MILLS RD,LAWRENCE AVE E, ,Major Arterial,Mid-Block, ,No Control,Clear,Dark,Dry,Non-Fatal Injury,Rear End,Passenger,45 to 49,,0, ,Other, , , , , , , , , ,0,0,1,0,0,0,0,1,1,1,0,1,0,0
1005767,2007,11,30,18,14,4,43.74404538,-79.34529029,Don Valley East (34),34,Banbury-Don Mills (42),42,D33,North York,DON MILLS RD,LAWRENCE AVE E, ,Major Arterial,Mid-Block, ,No Control,Clear,Dark,Dry,Non-Fatal Injury,Rear End,Driver,50 to 54,,0,South,"Automobile, Station Wagon",Going Ahead,Driving Properly,Normal, , , , , , ,0,0,1,0,0,0,0,1,1,1,0,1,0,0
1005767,2007,11,30,18,14,4,43.74404538,-79.34529029,Don Valley East (34),34,Banbury-Don Mills (42),42,D33,North York,DON MILLS RD,LAWRENCE AVE E, ,Major Arterial,Mid-Block, ,No Control,Clear,Dark,Dry,Non-Fatal Injury,Rear End,Passenger,unknown,Minimal,0, ,Other, , , , , , , , , ,0,0,1,0,0,0,0,1,1,1,0,1,0,0
1005767,2007,11,30,18,14,4,43.74404538,-79.34529029,Don Valley East (34),34,Banbury-Don Mills (42),42,D33,North York,DON MILLS RD,LAWRENCE AVE E, ,Major Arterial,Mid-Block, ,No Control,Clear,Dark,Dry,Non-Fatal Injury,Rear End,Passenger,unknown,Minimal,0, ,Other, , , , , , , , , ,0,0,1,0,0,0,0,1,1,1,0,1,0,0
1005767,2007,11,30,18,14,4,43.74404538,-79.34529029,Don Valley East (34),34,Banbury-Don Mills (42),42,D33,North York,DON MILLS RD,LAWRENCE AVE E, ,Major Arterial,Mid-Block, ,No Control,Clear,Dark,Dry,Non-Fatal Injury,Rear End,Driver,50 to 54,Major,0,North,"Automobile, Station Wagon",Going Ahead,Driving Properly,Normal, , , , , , ,0,0,1,0,0,0,0,1,1,1,0,1,0,0
1005767,2007,11,30,18,14,4,43.74404538,-79.34529029,Don Valley East (34),34,Banbury-Don Mills (42),42,D33,North York,DON MILLS RD,LAWRENCE AVE E, ,Major Arterial,Mid-Block, ,No Control,Clear,Dark,Dry,Non-Fatal Injury,Rear End,Vehicle Owner,unknown, ,0, ,Other, , , , , , , , , ,0,0,1,0,0,0,0,1,1,1,0,1,0,0
1005767,2007,11,30,18,14,4,43.74404538,-79.34529029,Don Valley East (34),34,Banbury-Don Mills (42),42,D33,North York,DON MILLS RD,LAWRENCE AVE E, ,Major Arterial,Mid-Block, ,No Control,Clear,Dark,Dry,Non-Fatal Injury,Rear End,Driver,50 to 54,,0,North,"Automobile, Station Wagon",Overtaking,Speed too Fast For Condition,"Ability Impaired, Alcohol", , , , , , ,0,0,1,0,0,0,0,1,1,1,0,1,0,0
1076080,2008,11,25,18,14,1,43.65664538,-79.34669029,Toronto-Danforth (30),30,South Riverdale (70),70,D55,Toronto East York,324 EASTERN AVE, , ,Major Arterial,Intersection, ,No Control,Rain,Dark,Wet,Non-Fatal Injury,Cyclist Collisions,Driver,40 to 44,,0,South,"Automobile, Station Wagon",Turning Right,Failed to Yield Right of Way,Normal, , , , , , ,0,1,1,0,0,0,0,0,0,1,0,0,0,0
1076080,2008,11,25,18,14,1,43.65664538,-79.34669029,Toronto-Danforth (30),30,South Riverdale (70),70,D55,Toronto East York,324 EASTERN AVE, , ,Major Arterial,Intersection, ,No Control,Rain,Dark,Wet,Non-Fatal Injury,Cyclist Collisions,Cyclist,35 to 39,Major,0,East,Bicycle,Going Ahead, , , , , ,"Motorist turns right at non-signal Inter.(stop, yield, no cont.,and dwy) and strikes cyclist.",Driving Properly,Normal,0,1,1,0,0,0,0,0,0,1,0,0,0,0
983041,2007,7,1,18,15,6,43.71544538,-79.44729029,Eglinton-Lawrence (15),15,Yorkdale-Glen Park (31),31,D13,North York,LAWRENCE AVE W,BLOSSOMFIELD DR, ,Major Arterial,Mid-Block, ,No Control,Clear,Daylight,Dry,Non-Fatal Injury,Rear End,Driver,35 to 39,,0,East,"Automobile, Station Wagon",Going Ahead,Other,Inattentive, , , , , , ,0,0,1,0,0,0,0,1,0,0,0,0,0,0
983041,2007,7,1,18,15,6,43.71544538,-79.44729029,Eglinton-Lawrence (15),15,Yorkdale-Glen Park (31),31,D13,North York,LAWRENCE AVE W,BLOSSOMFIELD DR, ,Major Arterial,Mid-Block, ,No Control,Clear,Daylight,Dry,Non-Fatal Injury,Rear End,Passenger,40 to 44,Major,0, ,Other, , , , , , , , , ,0,0,1,0,0,0,0,1,0,0,0,0,0,0
983041,2007,7,1,18,15,6,43.71544538,-79.44729029,Eglinton-Lawrence (15),15,Yorkdale-Glen Park (31),31,D13,North York,LAWRENCE AVE W,BLOSSOMFIELD DR, ,Major Arterial,Mid-Block, ,No Control,Clear,Daylight,Dry,Non-Fatal Injury,Rear End,Vehicle Owner,unknown,,0, ,Other, , , , , , , , , ,0,0,1,0,0,0,0,1,0,0,0,0,0,0
983041,2007,7,1,18,15,6,43.71544538,-79.44729029,Eglinton-Lawrence (15),15,Yorkdale-Glen Park (31),31,D13,North York,LAWRENCE AVE W,BLOSSOMFIELD DR, ,Major Arterial,Mid-Block, ,No Control,Clear,Daylight,Dry,Non-Fatal Injury,Rear End,Driver,35 to 39,,0,East,Other,Stopped,Driving Properly,Normal, , , , , , ,0,0,1,0,0,0,0,1,0,0,0,0,0,0
991336,2007,8,24,18,15,4,43.75954538,-79.31809029,Don Valley East (34),34,Parkwoods-Donalda (45),45,D33,North York,COMBERMERE DR,RAYOAK DR, ,Local,Intersection, ,Stop Sign,Clear,Daylight,Dry,Non-Fatal Injury,Cyclist Collisions,Vehicle Owner,unknown, ,0, ,Other, , , , , , , , , ,0,1,1,0,0,0,0,0,0,0,0,0,0,0
991336,2007,8,24,18,15,4,43.75954538,-79.31809029,Don Valley East (34),34,Parkwoods-Donalda (45),45,D33,North York,COMBERMERE DR,RAYOAK DR, ,Local,Intersection, ,Stop Sign,Clear,Daylight,Dry,Non-Fatal Injury,Cyclist Collisions,Driver,20 to 24,,0,West,"Automobile, Station Wagon",Slowing or Stopping,Driving Properly,Normal, , , , , , ,0,1,1,0,0,0,0,0,0,0,0,0,0,0
991336,2007,8,24,18,15,4,43.75954538,-79.31809029,Don Valley East (34),34,Parkwoods-Donalda (45),45,D33,North York,COMBERMERE DR,RAYOAK DR, ,Local,Intersection, ,Stop Sign,Clear,Daylight,Dry,Non-Fatal Injury,Cyclist Collisions,Cyclist,5 to 9,Major,0,North,Bicycle,Other, , , , , ,"Cyclist without ROW rides into path of motorist at inter, lnwy, dwy-Cyclist not turn.",Failed to Yield Right of Way,Inattentive,0,1,1,0,0,0,0,0,0,0,0,0,0,0
1055801,2008,8,1,18,15,4,43.65864538,-79.44279029,Davenport (18),18,Dovercourt-Wallace Emerson-Junction (93),93,D11,Toronto East York,LANSDOWNE Aven,BLOOR Stre W, ,Minor Arterial,Mid-Block, ,No Control,Clear,Daylight,Dry,Non-Fatal Injury,Turning Movement,Vehicle Owner,unknown, ,0, ,Other, , , , , , , , , ,0,0,1,0,0,0,0,0,0,1,0,0,0,0
1055801,2008,8,1,18,15,4,43.65864538,-79.44279029,Davenport (18),18,Dovercourt-Wallace Emerson-Junction (93),93,D11,Toronto East York,LANSDOWNE Aven,BLOOR Stre W, ,Minor Arterial,Mid-Block, ,No Control,Clear,Daylight,Dry,Non-Fatal Injury,Turning Movement,Driver,25 to 29,Major,0,South,"Automobile, Station Wagon",Going Ahead,Driving Properly,Normal, , , , , , ,0,0,1,0,0,0,0,0,0,1,0,0,0,0
1055801,2008,8,1,18,15,4,43.65864538,-79.44279029,Davenport (18),18,Dovercourt-Wallace Emerson-Junction (93),93,D11,Toronto East York,LANSDOWNE Aven,BLOOR Stre W, ,Minor Arterial,Mid-Block, ,No Control,Clear,Daylight,Dry,Non-Fatal Injury,Turning Movement,Vehicle Owner,unknown, ,0, ,Other, , , , , , , , , ,0,0,1,0,0,0,0,0,0,1,0,0,0,0
1055801,2008,8,1,18,15,4,43.65864538,-79.44279029,Davenport (18),18,Dovercourt-Wallace Emerson-Junction (93),93,D11,Toronto East York,LANSDOWNE Aven,BLOOR Stre W, ,Minor Arterial,Mid-Block, ,No Control,Clear,Daylight,Dry,Non-Fatal Injury,Turning Movement,Driver,20 to 24,Minimal,0,East,Other,Turning Left,Failed to Yield Right of Way,Normal, , , , , , ,0,0,1,0,0,0,0,0,0,1,0,0,0,0
1261658,2011,9,2,18,15,4,43.75404538,-79.53279029,York West (7),7,Humber Summit (21),21,D31,Etobicoke York,FINCH Aven W,HIGHWAY 400  N, ,Major Arterial,Intersection,At Intersection,Traffic Signal,Clear,Daylight,Dry,Non-Fatal Injury,Angle,Driver,55 to 59,,0,South,"Automobile, Station Wagon",Going Ahead,Driving Properly,Normal, , , , , , ,0,0,1,0,0,0,0,1,0,1,1,0,0,0
1261658,2011,9,2,18,15,4,43.75404538,-79.53279029,York West (7),7,Humber Summit (21),21,D31,Etobicoke York,FINCH Aven W,HIGHWAY 400  N, ,Major Arterial,Intersection,At Intersection,Traffic Signal,Clear,Daylight,Dry,Non-Fatal Injury,Angle,Passenger,50 to 54,Minimal,0, ,Other, , , , , , , , , ,0,0,1,0,0,0,0,1,0,1,1,0,0,0
1261658,2011,9,2,18,15,4,43.75404538,-79.53279029,York West (7),7,Humber Summit (21),21,D31,Etobicoke York,FINCH Aven W,HIGHWAY 400  N, ,Major Arterial,Intersection,At Intersection,Traffic Signal,Clear,Daylight,Dry,Non-Fatal Injury,Angle,Passenger,70 to 74,Major,0, ,Other, , , , , , , , , ,0,0,1,0,0,0,0,1,0,1,1,0,0,0
1261658,2011,9,2,18,15,4,43.75404538,-79.53279029,York West (7),7,Humber Summit (21),21,D31,Etobicoke York,FINCH Aven W,HIGHWAY 400  N, ,Major Arterial,Intersection,At Intersection,Traffic Signal,Clear,Daylight,Dry,Non-Fatal Injury,Angle,Passenger,50 to 54,Minimal,0, ,Other, , , , , , , , , ,0,0,1,0,0,0,0,1,0,1,1,0,0,0
1261658,2011,9,2,18,15,4,43.75404538,-79.53279029,York West (7),7,Humber Summit (21),21,D31,Etobicoke York,FINCH Aven W,HIGHWAY 400  N, ,Major Arterial,Intersection,At Intersection,Traffic Signal,Clear,Daylight,Dry,Non-Fatal Injury,Angle,Driver,25 to 29,Minimal,0,West,"Automobile, Station Wagon",Going Ahead,Disobeyed Traffic Control,Normal, , , , , , ,0,0,1,0,0,0,0,1,0,1,1,0,0,0
1269435,2011,10,11,18,15,1,43.68034538,-79.33779029,Toronto-Danforth (29),29,Danforth (66),66,D54,Toronto East York,DANFORTH AVE,EUSTON AVE, ,Major Arterial,Intersection,At Intersection,No Control,Clear,Daylight,Dry,Non-Fatal Injury,Turning Movement,Driver,75 to 79,Major,0,West,"Automobile, Station Wagon",Turning Left,Failed to Yield Right of Way,Normal, , , , , , ,0,0,1,0,0,0,0,0,0,1,0,0,0,0
1269435,2011,10,11,18,15,1,43.68034538,-79.33779029,Toronto-Danforth (29),29,Danforth (66),66,D54,Toronto East York,DANFORTH AVE,EUSTON AVE, ,Major Arterial,Intersection,At Intersection,No Control,Clear,Daylight,Dry,Non-Fatal Injury,Turning Movement,Driver,35 to 39,,0,East,"Automobile, Station Wagon",Going Ahead,Driving Properly,Normal, , , , , , ,0,0,1,0,0,0,0,0,0,1,0,0,0,0
1296775,2012,4,5,18,15,3,43.66224538,-79.42969029,Davenport (18),18,Dovercourt-Wallace Emerson-Junction (93),93,D14,Toronto East York,DOVERCOURT RD,NORTHUMBERLAND ST, ,Minor Arterial,Intersection,At Intersection,Stop Sign,Clear,Daylight,Dry,Non-Fatal Injury,Pedestrian Collisions,Driver,50 to 54,,0,South,"Automobile, Station Wagon",Reversing,Other,Normal, , , , , , ,1,0,1,0,0,0,0,0,0,0,0,0,0,0
1296775,2012,4,5,18,15,3,43.66224538,-79.42969029,Davenport (18),18,Dovercourt-Wallace Emerson-Junction (93),93,D14,Toronto East York,DOVERCOURT RD,NORTHUMBERLAND ST, ,Minor Arterial,Intersection,At Intersection,Stop Sign,Clear,Daylight,Dry,Non-Fatal Injury,Pedestrian Collisions,Pedestrian,85 to 89,Major,0,East,Other, , , ,Vehicle is reversing and hits pedestrian,Other,Normal, , , ,1,0,1,0,0,0,0,0,0,0,0,0,0,0
1301789,2012,7,2,18,15,0,43.74314538,-79.58279029,Etobicoke North (1),1,Mount Olive-Silverstone-Jamestown (2),2,D23,Etobicoke York,FINCH AVE W,KIPLING AVE, ,Major Arterial,Mid-Block, ,No Control,Clear,Daylight,Dry,Non-Fatal Injury,SMV Other,Motorcycle Driver,25 to 29,Major,0,West,Motorcycle,Going Ahead,Speed too Fast For Condition,Normal, , , , , , ,0,0,0,1,0,0,0,0,1,1,0,0,0,0
1314053,2012,7,18,18,15,2,43.78034538,-79.30099029,Scarborough-Agincourt (40),40,Tam O'Shanter-Sullivan (118),118,D42,Scarborough,3495 SHEPPARD AVE E, , ,Major Arterial,Mid-Block, ,No Control,Clear,Daylight,Dry,Non-Fatal Injury,Cyclist Collisions,Driver,20 to 24,,0,East,"Automobile, Station Wagon",Turning Right,Failed to Yield Right of Way,Inattentive, , , , , , ,0,1,1,0,0,0,0,0,0,1,0,0,0,0
1314053,2012,7,18,18,15,2,43.78034538,-79.30099029,Scarborough-Agincourt (40),40,Tam O'Shanter-Sullivan (118),118,D42,Scarborough,3495 SHEPPARD AVE E, , ,Major Arterial,Mid-Block, ,No Control,Clear,Daylight,Dry,Non-Fatal Injury,Cyclist Collisions,Cyclist,15 to 19,Major,0,East,Bicycle,Going Ahead, , , , , ,"Motorist turns right at non-signal Inter.(stop, yield, no cont.,and dwy) and strikes cyclist.",Driving Properly,Normal,0,1,1,0,0,0,0,0,0,1,0,0,0,0
1353008,2013,3,8,18,15,4,43.66844538,-79.31959029,Beaches-East York (32),32,Greenwood-Coxwell (65),65,D55,Toronto East York,DUNDAS ST E,CRAVEN RD, ,Minor Arterial,Intersection,At Intersection,Stop Sign,Clear,Dusk,Dry,Non-Fatal Injury,Cyclist Collisions,Vehicle Owner,unknown, ,0, ,Other, , , , , , , , , ,0,1,1,0,0,0,0,0,0,0,0,0,0,0
1353008,2013,3,8,18,15,4,43.66844538,-79.31959029,Beaches-East York (32),32,Greenwood-Coxwell (65),65,D55,Toronto East York,DUNDAS ST E,CRAVEN RD, ,Minor Arterial,Intersection,At Intersection,Stop Sign,Clear,Dusk,Dry,Non-Fatal Injury,Cyclist Collisions,Driver,50 to 54,,0,North,"Automobile, Station Wagon",Going Ahead,Driving Properly,Normal, , , , , , ,0,1,1,0,0,0,0,0,0,0,0,0,0,0
1353008,2013,3,8,18,15,4,43.66844538,-79.31959029,Beaches-East York (32),32,Greenwood-Coxwell (65),65,D55,Toronto East York,DUNDAS ST E,CRAVEN RD, ,Minor Arterial,Intersection,At Intersection,Stop Sign,Clear,Dusk,Dry,Non-Fatal Injury,Cyclist Collisions,Cyclist,30 to 34,Major,0,West,Bicycle,Going Ahead, , , , , ,"Cyclist without ROW rides into path of motorist at inter, lnwy, dwy-Cyclist not turn.",Wrong Way on One Way Road,Normal,0,1,1,0,0,0,0,0,0,0,0,0,0,0
1365622,2013,5,23,18,15,3,43.72114538,-79.48089029,York South-Weston (12),12,Maple Leaf (29),29,D12,Etobicoke York,KEELE ST,401 C E KEELE ST RAMP E, ,Major Arterial,Intersection,At Intersection,Traffic Signal,Clear,Daylight,Dry,Non-Fatal Injury,Pedestrian Collisions,Driver,60 to 64,,0,East,"Automobile, Station Wagon",Turning Right,Failed to Yield Right of Way,Inattentive, , , , , , ,1,0,1,0,0,0,0,0,0,1,0,0,0,0
1365622,2013,5,23,18,15,3,43.72114538,-79.48089029,York South-Weston (12),12,Maple Leaf (29),29,D12,Etobicoke York,KEELE ST,401 C E KEELE ST RAMP E, ,Major Arterial,Intersection,At Intersection,Traffic Signal,Clear,Daylight,Dry,Non-Fatal Injury,Pedestrian Collisions,Pedestrian,70 to 74,Major,0,North,Other, , , ,Vehicle turns right while ped crosses with ROW at inter.,Crossing with right of way,Normal, , , ,1,0,1,0,0,0,0,0,0,1,0,0,0,0
3001085931,2013,12,3,18,15,1,43.7109104,-79.28607569,Scarborough Southwest (35),35,Clairlea-Birchmount (120),120,D41,Scarborough,ST CLAIR AVE E,HERRON AVE, ,Major Arterial,Intersection,Intersection Related,Traffic Signal,Clear,"Dark, artificial",Dry,Non-Fatal Injury,Pedestrian Collisions,Driver,70 to 74,,0,South,"Automobile, Station Wagon",Turning Left,Failed to Yield Right of Way,Inattentive, , , , , , ,1,0,1,0,0,0,0,0,1,1,0,0,0,0
3001085931,2013,12,3,18,15,1,43.7109104,-79.28607569,Scarborough Southwest (35),35,Clairlea-Birchmount (120),120,D41,Scarborough,ST CLAIR AVE E,HERRON AVE, ,Major Arterial,Intersection,Intersection Related,Traffic Signal,Clear,"Dark, artificial",Dry,Non-Fatal Injury,Pedestrian Collisions,Pedestrian,50 to 54,Major,0,North, , , , ,Vehicle turns left while ped crosses with ROW at inter.,Crossing with right of way,Unknown, , , ,1,0,1,0,0,0,0,0,1,1,0,0,0,0
6000883005,2016,5,22,18,15,6,43.69225653,-79.28334437,Scarborough Southwest (35),35,Oakridge (121),121,D41,Scarborough,DANFORTH AVE,PHARMACY AVE, ,Major Arterial,Intersection,At Intersection,Traffic Signal,Clear,Daylight,Dry,Non-Fatal Injury,Pedestrian Collisions,Driver,20 to 24,,0,West,"Automobile, Station Wagon",Going Ahead,Driving Properly,Normal, , , , , , ,1,0,1,0,0,0,0,1,0,0,0,0,0,0
6000883005,2016,5,22,18,15,6,43.69225653,-79.28334437,Scarborough Southwest (35),35,Oakridge (121),121,D41,Scarborough,DANFORTH AVE,PHARMACY AVE, ,Major Arterial,Intersection,At Intersection,Traffic Signal,Clear,Daylight,Dry,Non-Fatal Injury,Pedestrian Collisions,Passenger,20 to 24,,0, , , , , , , , , , , ,1,0,1,0,0,0,0,1,0,0,0,0,0,0
6000883005,2016,5,22,18,15,6,43.69225653,-79.28334437,Scarborough Southwest (35),35,Oakridge (121),121,D41,Scarborough,DANFORTH AVE,PHARMACY AVE, ,Major Arterial,Intersection,At Intersection,Traffic Signal,Clear,Daylight,Dry,Non-Fatal Injury,Pedestrian Collisions,Pedestrian,10 to 14,Major,0,South, , , , ,Vehicle is going straight thru inter.while ped cross without ROW,Crossing without right of way,Normal, , , ,1,0,1,0,0,0,0,1,0,0,0,0,0,0