ACCNUM,YEAR,MONTH,DAY,HOUR,MINUTES,WEEKDAY,LATITUDE,LONGITUDE,Ward_Name,Ward_ID,Hood_Name,Hood_ID,Division,District,STREET1,STREET2,OFFSET,ROAD_CLASS,LOCCOORD,ACCLOC,TRAFFCTL,VISIBILITY,LIGHT,RDSFCOND,ACCLASS,IMPACTYPE,INVTYPE,INVAGE,INJURY,FATAL_NO,INITDIR,VEHTYPE,MANOEUVER,DRIVACT,DRIVCOND,PEDTYPE,PEDACT,PEDCOND,CYCLISTYPE,CYCACT,CYCCOND,PEDESTRIAN,CYCLIST,AUTOMOBILE,MOTORCYCLE,TRUCK,TRSN_CITY_VEH,EMERG_VEH,PASSENGER,SPEEDING,AG_DRIV,REDLIGHT,ALCOHOL,DISABILITY,label
6001334259,2016,7,29,18,25,4,43.74785193,-79.20763789,Scarborough East (43),43,Guildwood (140),140,D43,Scarborough,KINGSTON RD,GUILDCREST DR, ,Major Arterial,Intersection,At Intersection,No Control,Clear,Daylight,Dry,Fatal,Pedestrian Collisions,Driver,30 to 34,,0,West,Intercity Bus,Going Ahead,Driving Properly,Unknown, , , , , , ,1,0,1,0,0,1,0,0,0,1,0,0,0,1
6001334259,2016,7,29,18,25,4,43.74785193,-79.20763789,Scarborough East (43),43,Guildwood (140),140,D43,Scarborough,KINGSTON RD,GUILDCREST DR, ,Major Arterial,Intersection,At Intersection,No Control,Clear,Daylight,Dry,Fatal,Pedestrian Collisions,Pedestrian,60 to 64,Fatal,48,East, , , , ,Vehicle is going straight thru inter.while ped cross with ROW,Crossing with right of way,Unknown, , , ,1,0,1,0,0,1,0,0,0,1,0,0,0,1
6001334259,2016,7,29,18,25,4,43.74785193,-79.20763789,Scarborough East (43),43,Guildwood (140),140,D43,Scarborough,KINGSTON RD,GUILDCREST DR, ,Major Arterial,Intersection,At Intersection,No Control,Clear,Daylight,Dry,Fatal,Pedestrian Collisions,Pedestrian,60 to 64,Minimal,0,East, , , , ,Vehicle is going straight thru inter.while ped cross with ROW,Crossing with right of way,Unknown, , , ,1,0,1,0,0,1,0,0,0,1,0,0,0,1
6001924848,2016,10,29,18,25,5,43.72311743,-79.41130457,Eglinton-Lawrence (16),16,Lawrence Park South (103),103,D53,North York,LAWRENCE AVE W,CHATSWORTH DR,20 m East of,Major Arterial,Intersection,Intersection Related,No Control,Clear,"Dark, artificial",Dry,Non-Fatal Injury,Turning Movement,Driver,70 to 74,,0,East,"Automobile, Station Wagon",Making U Turn,Improper Turn,Inattentive, , , , , , ,0,0,1,1,0,0,0,0,0,0,0,0,0,0
6001924848,2016,10,29,18,25,5,43.72311743,-79.41130457,Eglinton-Lawrence (16),16,Lawrence Park South (103),103,D53,North York,LAWRENCE AVE W,CHATSWORTH DR,20 m East of,Major Arterial,Intersection,Intersection Related,No Control,Clear,"Dark, artificial",Dry,Non-Fatal Injury,Turning Movement,Motorcycle Driver,50 to 54,Major,0,East,Motorcycle,Going Ahead,Driving Properly,Normal, , , , , , ,0,0,1,1,0,0,0,0,0,0,0,0,0,0
7001814947,2017,10,6,18,25,4,43.77035438,-79.37122729,Willowdale (24),24,Bayview Village (52),52,D33,North York,SHEPPARD AV E,PROVOST DR, ,Major Arterial,Intersection,At Intersection,Traffic Signal,Clear,Daylight,Dry,Non-Fatal Injury,Pedestrian Collisions,Driver,30 to 34,Minimal,0,West,"Automobile, Station Wagon",Turning Left,Failed to Yield Right of Way,Normal, , , , , , ,1,0,1,0,0,0,0,1,1,1,1,0,0,0
7001814947,2017,10,6,18,25,4,43.77035438,-79.37122729,Willowdale (24),24,Bayview Village (52),52,D33,North York,SHEPPARD AV E,PROVOST DR, ,Major Arterial,Intersection,At Intersection,Traffic Signal,Clear,Daylight,Dry,Non-Fatal Injury,Pedestrian Collisions,Driver,20 to 24,Minimal,0,East,"Automobile, Station Wagon",Going Ahead,Disobeyed Traffic Control,Normal, , , , , , ,1,0,1,0,0,0,0,1,1,1,1,0,0,0
7001814947,2017,10,6,18,25,4,43.77035438,-79.37122729,Willowdale (24),24,Bayview Village (52),52,D33,North York,SHEPPARD AV E,PROVOST DR, ,Major Arterial,Intersection,At Intersection,Traffic Signal,Clear,Daylight,Dry,Non-Fatal Injury,Pedestrian Collisions,Driver,30 to 34,Minimal,0,North,"Automobile, Station Wagon",Stopped,Driving Properly,Normal, , , , , , ,1,0,1,0,0,0,0,1,1,1,1,0,0,0
7001814947,2017,10,6,18,25,4,43.77035438,-79.37122729,Willowdale (24),24,Bayview Village (52),52,D33,North York,SHEPPARD AV E,PROVOST DR, ,Major Arterial,Intersection,At Intersection,Traffic Signal,Clear,Daylight,Dry,Non-Fatal Injury,Pedestrian Collisions,Passenger,75 to 79,Minimal,0, , , , , , , , , , , ,1,0,1,0,0,0,0,1,1,1,1,0,0,0
7001814947,2017,10,6,18,25,4,43.77035438,-79.37122729,Willowdale (24),24,Bayview Village (52),52,D33,North York,SHEPPARD AV E,PROVOST DR, ,Major Arterial,Intersection,At Intersection,Traffic Signal,Clear,Daylight,Dry,Non-Fatal Injury,Pedestrian Collisions,Passenger,70 to 74,Minimal,0, , , , , , , , , , , ,1,0,1,0,0,0,0,1,1,1,1,0,0,0
7001814947,2017,10,6,18,25,4,43.77035438,-79.37122729,Willowdale (24),24,Bayview Village (52),52,D33,North York,SHEPPARD AV E,PROVOST DR, ,Major Arterial,Intersection,At Intersection,Traffic Signal,Clear,Daylight,Dry,Non-Fatal Injury,Pedestrian Collisions,Pedestrian,60 to 64,Major,0, , , , , , , ,Normal, , , ,1,0,1,0,0,0,0,1,1,1,1,0,0,0
7003103720,2017,11,30,18,25,3,43.71849038,-79.43292629,Eglinton-Lawrence (15),15,Englemount-Lawrence (32),32,D13,North York,LAWRENCE AVE W,GLENMOUNT AVE, ,Major Arterial,Intersection,At Intersection,Traffic Signal,Clear,"Dark, artificial",Dry,Non-Fatal Injury,Pedestrian Collisions,Driver,70 to 74,,0,North,"Automobile, Station Wagon",Turning Left,Failed to Yield Right of Way,Inattentive, , , , , , ,1,0,1,0,0,0,0,0,0,1,0,0,0,0
7003103720,2017,11,30,18,25,3,43.71849038,-79.43292629,Eglinton-Lawrence (15),15,Englemount-Lawrence (32),32,D13,North York,LAWRENCE AVE W,GLENMOUNT AVE, ,Major Arterial,Intersection,At Intersection,Traffic Signal,Clear,"Dark, artificial",Dry,Non-Fatal Injury,Pedestrian Collisions,Pedestrian,65 to 69,Major,0, , , , , , , ,Normal, , , ,1,0,1,0,0,0,0,0,0,1,0,0,0,0
1012986,2008,1,5,18,26,5,43.73764538,-79.24369029,Scarborough Southwest (35),35,Eglinton East (138),138,D43,Scarborough,EGLINTON AVE E,OSWEGO RD, ,Major Arterial,Intersection, ,No Control,Rain,Dark,Wet,Fatal,Pedestrian Collisions,Driver,45 to 49,,0,East,"Automobile, Station Wagon",Going Ahead,Driving Properly,Normal, , , , , , ,1,0,1,0,0,0,0,0,0,0,0,0,0,1
1012986,2008,1,5,18,26,5,43.73764538,-79.24369029,Scarborough Southwest (35),35,Eglinton East (138),138,D43,Scarborough,EGLINTON AVE E,OSWEGO RD, ,Major Arterial,Intersection, ,No Control,Rain,Dark,Wet,Fatal,Pedestrian Collisions,Pedestrian,30 to 34,Fatal,1,North,Other, , , ,Vehicle is going straight thru inter.while ped cross without ROW,"Crossing, no Traffic Control",Normal, , , ,1,0,1,0,0,0,0,0,0,0,0,0,0,1
1124992,2009,8,17,18,26,0,43.63674538,-79.47529029,Parkdale-High Park (13),13,High Park-Swansea (87),87,D11,Etobicoke York,SOUTH KINGSWAY,RIPLEY AVE, ,Minor Arterial,Intersection,At Intersection,Stop Sign,Clear,Daylight,Dry,Non-Fatal Injury,Turning Movement,Motorcycle Driver,50 to 54,Major,0,North,Motorcycle,Going Ahead,Driving Properly,Normal, , , , , , ,0,0,1,1,0,0,0,0,0,1,0,0,0,0
1124992,2009,8,17,18,26,0,43.63674538,-79.47529029,Parkdale-High Park (13),13,High Park-Swansea (87),87,D11,Etobicoke York,SOUTH KINGSWAY,RIPLEY AVE, ,Minor Arterial,Intersection,At Intersection,Stop Sign,Clear,Daylight,Dry,Non-Fatal Injury,Turning Movement,Driver,55 to 59,,0,West,"Automobile, Station Wagon",Turning Left,Failed to Yield Right of Way,Normal, , , , , , ,0,0,1,1,0,0,0,0,0,1,0,0,0,0
1282583,2011,12,30,18,26,4,43.69644538,-79.45079029,Eglinton-Lawrence (15),15,Briar Hill-Belgravia (108),108,D13,North York,DUFFERIN ST,LIVINGSTONE AVE, ,Major Arterial,Intersection, ,Stop Sign,Rain,Dusk,Wet,Non-Fatal Injury,Pedestrian Collisions,Driver,40 to 44,,0,West,"Automobile, Station Wagon",Turning Left,Improper Turn,Normal, , , , , , ,1,0,1,0,0,0,0,0,0,0,0,0,0,0
1282583,2011,12,30,18,26,4,43.69644538,-79.45079029,Eglinton-Lawrence (15),15,Briar Hill-Belgravia (108),108,D13,North York,DUFFERIN ST,LIVINGSTONE AVE, ,Major Arterial,Intersection, ,Stop Sign,Rain,Dusk,Wet,Non-Fatal Injury,Pedestrian Collisions,Pedestrian,70 to 74,Major,0,East,Other, , , ,Vehicle turns left while ped crosses without ROW at inter.,Walking on Roadway with Traffic,Normal, , , ,1,0,1,0,0,0,0,0,0,0,0,0,0,0
983732,2007,7,11,18,27,2,43.72574538,-79.55579029,Etobicoke North (2),2,Elms-Old Rexdale (5),5,D23,Etobicoke York,IRWIN RD,TURPIN AVE, ,Local,Intersection, ,No Control,Clear,Daylight,Dry,Non-Fatal Injury,Rear End,Passenger,20 to 24,Major,0, ,Other, , , , , , , , , ,0,0,1,0,0,0,0,1,0,1,0,0,0,0
983732,2007,7,11,18,27,2,43.72574538,-79.55579029,Etobicoke North (2),2,Elms-Old Rexdale (5),5,D23,Etobicoke York,IRWIN RD,TURPIN AVE, ,Local,Intersection, ,No Control,Clear,Daylight,Dry,Non-Fatal Injury,Rear End,Driver,25 to 29,,0,West,"Automobile, Station Wagon",Going Ahead,Driving Properly,Normal, , , , , , ,0,0,1,0,0,0,0,1,0,1,0,0,0,0
983732,2007,7,11,18,27,2,43.72574538,-79.55579029,Etobicoke North (2),2,Elms-Old Rexdale (5),5,D23,Etobicoke York,IRWIN RD,TURPIN AVE, ,Local,Intersection, ,No Control,Clear,Daylight,Dry,Non-Fatal Injury,Rear End,Driver,25 to 29,,0,West,"Automobile, Station Wagon",Going Ahead,Following too Close,Normal, , , , , , ,0,0,1,0,0,0,0,1,0,1,0,0,0,0
1308881,2012,6,13,18,27,2,43.81674538,-79.21069029,Scarborough-Rouge River (42),42,Rouge (131),131,D42,Scarborough,SEWELLS RD,MORNINGSIDE AVE, ,Minor Arterial,Mid-Block, ,No Control,Clear,Daylight,Dry,Non-Fatal Injury,SMV Other,Driver,60 to 64,Major,0,East,"Automobile, Station Wagon",Going Ahead,Lost control,Medical or Physical Disability, , , , , , ,0,0,1,0,0,0,0,0,1,1,0,0,1,0
1308881,2012,6,13,18,27,2,43.81674538,-79.21069029,Scarborough-Rouge River (42),42,Rouge (131),131,D42,Scarborough,SEWELLS RD,MORNINGSIDE AVE, ,Minor Arterial,Mid-Block, ,No Control,Clear,Daylight,Dry,Non-Fatal Injury,SMV Other,Other Property Owner,unknown, ,0, ,Other, , , , , , , , , ,0,0,1,0,0,0,0,0,1,1,0,0,1,0
1308881,2012,6,13,18,27,2,43.81674538,-79.21069029,Scarborough-Rouge River (42),42,Rouge (131),131,D42,Scarborough,SEWELLS RD,MORNINGSIDE AVE, ,Minor Arterial,Mid-Block, ,No Control,Clear,Daylight,Dry,Non-Fatal Injury,SMV Other,Other Property Owner,unknown, ,0, ,Other, , , , , , , , , ,0,0,1,0,0,0,0,0,1,1,0,0,1,0
1333335,2012,12,31,18,27,0,43.77284582,-79.25159083,Scarborough Centre (38),38,Woburn (137),137,D43,Scarborough,MCCOWAN RD,ELLESMERE RD, ,Major Arterial,Mid-Block, ,No Control,Clear,"Dark, artificial",Wet,Non-Fatal Injury,Pedestrian Collisions,Driver,70 to 74,,0,South,"Automobile, Station Wagon",Going Ahead,Other,Unknown, , , , , , ,1,0,1,0,0,0,0,0,0,0,0,0,0,0
1333335,2012,12,31,18,27,0,43.77284582,-79.25159083,Scarborough Centre (38),38,Woburn (137),137,D43,Scarborough,MCCOWAN RD,ELLESMERE RD, ,Major Arterial,Mid-Block, ,No Control,Clear,"Dark, artificial",Wet,Non-Fatal Injury,Pedestrian Collisions,Pedestrian,55 to 59,Major,0,Unknown,Other, , , ,Pedestrian hit at mid-block,"Crossing, no Traffic Control",Inattentive, , , ,1,0,1,0,0,0,0,0,0,0,0,0,0,0
5000873570,2015,5,25,18,28,0,43.80196341,-79.19976435,Scarborough-Rouge River (42),42,Rouge (131),131,D42,Scarborough,MORNINGSIDE AVE,SHEPPARD AVE E, ,Major Arterial,Intersection,Intersection Related,Traffic Signal,Clear,Daylight,Dry,Non-Fatal Injury,Turning Movement,Driver,55 to 59,,0,North,"Automobile, Station Wagon",Turning Left,Failed to Yield Right of Way,Normal, , , , , , ,0,0,1,1,0,0,0,1,0,1,0,0,0,0
5000873570,2015,5,25,18,28,0,43.80196341,-79.19976435,Scarborough-Rouge River (42),42,Rouge (131),131,D42,Scarborough,MORNINGSIDE AVE,SHEPPARD AVE E, ,Major Arterial,Intersection,Intersection Related,Traffic Signal,Clear,Daylight,Dry,Non-Fatal Injury,Turning Movement,Motorcycle Driver,20 to 24,Major,0,South,Motorcycle,Going Ahead,Driving Properly,Normal, , , , , , ,0,0,1,1,0,0,0,1,0,1,0,0,0,0
5000873570,2015,5,25,18,28,0,43.80196341,-79.19976435,Scarborough-Rouge River (42),42,Rouge (131),131,D42,Scarborough,MORNINGSIDE AVE,SHEPPARD AVE E, ,Major Arterial,Intersection,Intersection Related,Traffic Signal,Clear,Daylight,Dry,Non-Fatal Injury,Turning Movement,Motorcycle Passenger,15 to 19,Major,0, , , , , , , , , , , ,0,0,1,1,0,0,0,1,0,1,0,0,0,0
7000117241,2017,1,19,18,28,3,43.72733649,-79.26588068,Scarborough Southwest (35),35,Kennedy Park (124),124,D41,Scarborough,KENNEDY RD,MERRIAN RD,30 m North of,Major Arterial,Intersection,At Intersection,Traffic Controller,Clear,"Dark, artificial",Wet,Non-Fatal Injury,Rear End,Driver,20 to 24,,0,South,"Automobile, Station Wagon",Going Ahead,Exceeding Speed Limit,Normal, , , , , , ,0,0,1,0,0,0,0,0,1,1,0,0,0,0
7000117241,2017,1,19,18,28,3,43.72733649,-79.26588068,Scarborough Southwest (35),35,Kennedy Park (124),124,D41,Scarborough,KENNEDY RD,MERRIAN RD,30 m North of,Major Arterial,Intersection,At Intersection,Traffic Controller,Clear,"Dark, artificial",Wet,Non-Fatal Injury,Rear End,Driver,20 to 24,Major,0,South,"Automobile, Station Wagon",Going Ahead,Driving Properly,Normal, , , , , , ,0,0,1,0,0,0,0,0,1,1,0,0,0,0
6001378926,2016,8,5,18,29,4,43.72059973,-79.61130915,Etobicoke North (2),2,West Humber-Clairville (1),1,D23,Etobicoke York,REXDALE BLVD,HUMBERWOOD BLVD, ,Major Arterial,Mid-Block,Non Intersection,No Control,Clear,Daylight,Dry,Fatal,Approaching,Truck Driver,45 to 49,,0,West,Truck-Tractor,Going Ahead,Driving Properly,Normal, , , , , , ,0,0,0,1,1,0,0,0,0,0,0,0,0,1
6001378926,2016,8,5,18,29,4,43.72059973,-79.61130915,Etobicoke North (2),2,West Humber-Clairville (1),1,D23,Etobicoke York,REXDALE BLVD,HUMBERWOOD BLVD, ,Major Arterial,Mid-Block,Non Intersection,No Control,Clear,Daylight,Dry,Fatal,Approaching,Motorcycle Driver,25 to 29,Fatal,51,East,Motorcycle,Going Ahead,Lost control,Unknown, , , , , , ,0,0,0,1,1,0,0,0,0,0,0,0,0,1
1359768,2013,6,7,19,7,4,43.64544538,-79.37889029,Toronto Centre-Rosedale (28),28,Waterfront Communities-The Island (77),77,D52,Toronto East York,141 BAY ST, , ,Major Arterial,Mid-Block, ,No Control,Clear,Dusk,Dry,Non-Fatal Injury,Rear End,Passenger,55 to 59,Minor,0, ,Other, , , , , , , , , ,0,0,1,0,0,0,0,1,0,0,0,0,1,0
1133909,2009,10,8,19,15,3,43.73454538,-79.25809029,Scarborough Centre (37),37,Eglinton East (138),138,D41,Scarborough,EGLINTON Aven E,MIDLAND Aven, ,Major Arterial,Intersection,At Intersection,Traffic Signal,Clear,Dark,Dry,Non-Fatal Injury,Turning Movement,Passenger,5 to 9,Major,0, ,Other, , , , , , , , , ,0,0,1,0,0,0,0,1,0,1,0,0,0,0
1256606,2011,8,3,18,42,2,43.68334538,-79.47149029,York South-Weston (12),12,Keelesdale-Eglinton West (110),110,D12,Etobicoke York,AILEEN AVE,KEELE ST, ,Local,Mid-Block, ,No Control,Rain,Daylight,Wet,Non-Fatal Injury,Cyclist Collisions,Cyclist,10 to 14,Major,0,North,Bicycle,Going Ahead, , , , , ,"Cyclist without ROW rides into path of motorist at inter, lnwy, dwy-Cyclist not turn.",Failed to Yield Right of Way,Inattentive,0,1,1,0,0,0,0,0,0,0,0,0,0,0
4002084310,2014,5,14,19,8,2,43.65631064,-79.45244227,Parkdale-High Park (14),14,Roncesvalles (86),86,D11,Toronto East York,BLOOR ST W,DUNDAS ST W, ,Major Arterial,Intersection,At Intersection,Traffic Signal,Rain,Dusk,Wet,Non-Fatal Injury,Pedestrian Collisions,Driver,30 to 34,,0,North,"Automobile, Station Wagon",Turning Left,Failed to Yield Right of Way,Normal, , , , , , ,1,0,1,0,0,0,0,0,0,1,0,0,0,0
996538,2007,10,14,19,0,6,43.73454538,-79.35599029,Don Valley West (25),25,Banbury-Don Mills (42),42,D33,North York,LESLIE ST,LAWRENCE AVE E, ,Major Arterial,Intersection,At Intersection,Traffic Signal,Clear,Dark,Dry,Non-Fatal Injury,Turning Movement,Driver,85 to 89,Major,0,South,"Automobile, Station Wagon",Turning Left,Improper Turn,Normal, , , , , , ,0,0,1,0,0,0,0,0,0,0,0,0,0,0
1133909,2009,10,8,19,15,3,43.73454538,-79.25809029,Scarborough Centre (37),37,Eglinton East (138),138,D41,Scarborough,EGLINTON Aven E,MIDLAND Aven, ,Major Arterial,Intersection,At Intersection,Traffic Signal,Clear,Dark,Dry,Non-Fatal Injury,Turning Movement,Passenger,0 to 4,Major,0, ,Other, , , , , , , , , ,0,0,1,0,0,0,0,1,0,1,0,0,0,0
7000045777,2017,1,8,18,29,6,43.76419028,-79.28767786,Scarborough Centre (37),37,Dorset Park (126),126,D41,Scarborough,ELLESMERE RD,MONDEO DR, ,Major Arterial,Intersection,At Intersection,Traffic Signal,Clear,"Dark, artificial",Dry,Fatal,Pedestrian Collisions,Pedestrian,75 to 79,Fatal,2,North, , , , ,Vehicle is going straight thru inter.while ped cross without ROW,Crossing without right of way,Inattentive, , , ,1,0,1,0,0,0,0,0,0,0,0,0,0,1
964373,2007,3,22,18,44,3,43.63614538,-79.54009029,Etobicoke-Lakeshore (5),5,Islington-City Centre West (14),14,D22,Etobicoke York,DUNDAS ST W,SUBWAY CRES, ,Major Arterial,Intersection,At Intersection,Traffic Signal,Clear,Daylight,Dry,Non-Fatal Injury,Pedestrian Collisions,Driver,55 to 59,,0,North,"Automobile, Station Wagon",Turning Left,Driving Properly,Unknown, , , , , , ,1,0,1,0,0,0,0,0,0,0,0,0,0,0
4002084310,2014,5,14,19,8,2,43.65631064,-79.45244227,Parkdale-High Park (14),14,Roncesvalles (86),86,D11,Toronto East York,BLOOR ST W,DUNDAS ST W, ,Major Arterial,Intersection,At Intersection,Traffic Signal,Rain,Dusk,Wet,Non-Fatal Injury,Pedestrian Collisions,Pedestrian,40 to 44,Major,0,South, , , , ,Vehicle turns left while ped crosses with ROW at inter.,Crossing with right of way,Unknown, , , ,1,0,1,0,0,0,0,0,0,1,0,0,0,0
1133909,2009,10,8,19,15,3,43.73454538,-79.25809029,Scarborough Centre (37),37,Eglinton East (138),138,D41,Scarborough,EGLINTON Aven E,MIDLAND Aven, ,Major Arterial,Intersection,At Intersection,Traffic Signal,Clear,Dark,Dry,Non-Fatal Injury,Turning Movement,Passenger,0 to 4,Minor,0, ,Other, , , , , , , , , ,0,0,1,0,0,0,0,1,0,1,0,0,0,0
996538,2007,10,14,19,0,6,43.73454538,-79.35599029,Don Valley West (25),25,Banbury-Don Mills (42),42,D33,North York,LESLIE ST,LAWRENCE AVE E, ,Major Arterial,Intersection,At Intersection,Traffic Signal,Clear,Dark,Dry,Non-Fatal Injury,Turning Movement,Driver,40 to 44,,0,North,"Automobile, Station Wagon",Going Ahead,Driving Properly,Normal, , , , , , ,0,0,1,0,0,0,0,0,0,0,0,0,0,0
984365,2007,7,15,18,30,6,43.65024538,-79.44099029,Davenport (18),18,Little Portugal (84),84,D11,Toronto East York,DUNDAS ST W,COLLEGE ST, ,Minor Arterial,Intersection,At Intersection,Stop Sign,Clear,Daylight,Dry,Non-Fatal Injury,SMV Other,Moped Driver,50 to 54,Major,0,East,Moped,Turning Left,Lost control,Normal, , , , , , ,0,1,0,0,0,0,0,0,0,0,0,0,0,0
964373,2007,3,22,18,44,3,43.63614538,-79.54009029,Etobicoke-Lakeshore (5),5,Islington-City Centre West (14),14,D22,Etobicoke York,DUNDAS ST W,SUBWAY CRES, ,Major Arterial,Intersection,At Intersection,Traffic Signal,Clear,Daylight,Dry,Non-Fatal Injury,Pedestrian Collisions,Pedestrian,35 to 39,Major,0,South,Other, , , ,Vehicle turns left while ped crosses without ROW at inter.,Running onto Roadway,Inattentive, , , ,1,0,1,0,0,0,0,0,0,0,0,0,0,0
6001139376,2016,6,29,19,8,2,43.67987784,-79.48225794,York South-Weston (11),11,Rockcliffe-Smythe (111),111,D12,Etobicoke York,99 HUMBER BLVD, , ,Local,Mid-Block,At Intersection,No Control,Clear,Daylight,Dry,Non-Fatal Injury,Cyclist Collisions,Cyclist,10 to 14,Major,0,West,Bicycle,Going Ahead, , , , , ,"Cyclist without ROW rides into path of motorist at inter, lnwy, dwy-Cyclist not turn.",Failed to Yield Right of Way,Normal,0,1,1,0,0,0,0,0,0,0,0,0,0,0
1133909,2009,10,8,19,15,3,43.73454538,-79.25809029,Scarborough Centre (37),37,Eglinton East (138),138,D41,Scarborough,EGLINTON Aven E,MIDLAND Aven, ,Major Arterial,Intersection,At Intersection,Traffic Signal,Clear,Dark,Dry,Non-Fatal Injury,Turning Movement,Passenger,35 to 39,Minor,0, ,Other, , , , , , , , , ,0,0,1,0,0,0,0,1,0,1,0,0,0,0
1133909,2009,10,8,19,15,3,43.73454538,-79.25809029,Scarborough Centre (37),37,Eglinton East (138),138,D41,Scarborough,EGLINTON Aven E,MIDLAND Aven, ,Major Arterial,Intersection,At Intersection,Traffic Signal,Clear,Dark,Dry,Non-Fatal Injury,Turning Movement,Driver,40 to 44,Minor,0,West,"Automobile, Station Wagon",Going Ahead,Other,Normal, , , , , , ,0,0,1,0,0,0,0,1,0,1,0,0,0,0
1157556,2010,2,3,19,15,2,43.68104538,-79.41749029,St. Paul's (21),21,Wychwood (94),94,D13,Toronto East York,BATHURST Stre,VAUGHAN Road, ,Major Arterial,Intersection, ,No Control,Other,Dark,Other,Non-Fatal Injury,Pedestrian Collisions,Driver,55 to 59,,0,Unknown,Other,Unknown,Other,Unknown, , , , , , ,1,0,0,0,0,0,0,0,0,0,0,0,0,0
1157556,2010,2,3,19,15,2,43.68104538,-79.41749029,St. Paul's (21),21,Wychwood (94),94,D13,Toronto East York,BATHURST Stre,VAUGHAN Road, ,Major Arterial,Intersection, ,No Control,Other,Dark,Other,Non-Fatal Injury,Pedestrian Collisions,Pedestrian,unknown,Major,0,Unknown,Other,Unknown, , ,Unknown,Other,Unknown, , , ,1,0,0,0,0,0,0,0,0,0,0,0,0,0
1250588,2011,7,7,19,15,3,43.64444538,-79.52449029,Etobicoke-Lakeshore (5),5,Islington-City Centre West (14),14,D22,Etobicoke York,BLOOR ST W,CLISSOLD RD, ,Major Arterial,Intersection, ,No Control,Clear,Daylight,Dry,Non-Fatal Injury,Rear End,Motorcycle Driver,20 to 24,Major,0,West,Motorcycle,Going Ahead,Driving Properly,Normal, , , , , , ,0,0,1,1,0,0,0,0,0,0,0,0,0,0
1250588,2011,7,7,19,15,3,43.64444538,-79.52449029,Etobicoke-Lakeshore (5),5,Islington-City Centre West (14),14,D22,Etobicoke York,BLOOR ST W,CLISSOLD RD, ,Major Arterial,Intersection, ,No Control,Clear,Daylight,Dry,Non-Fatal Injury,Rear End,Driver,35 to 39,,0,West,"Automobile, Station Wagon",Changing Lanes,Improper Lane Change,Normal, , , , , , ,0,0,1,1,0,0,0,0,0,0,0,0,0,0
1305179,2012,6,3,19,15,6,43.78874538,-79.16219029,Scarborough East (44),44,Highland Creek (134),134,D43,Scarborough,KINGSTON RD,MEADOWVALE RD, ,Minor Arterial,Intersection,At Intersection,No Control,Clear,Daylight,Dry,Non-Fatal Injury,Turning Movement,Motorcycle Driver,40 to 44,Major,0,West,Motorcycle,Going Ahead,Driving Properly,Normal, , , , , , ,0,0,1,1,0,0,0,0,0,0,0,0,1,0
1305179,2012,6,3,19,15,6,43.78874538,-79.16219029,Scarborough East (44),44,Highland Creek (134),134,D43,Scarborough,KINGSTON RD,MEADOWVALE RD, ,Minor Arterial,Intersection,At Intersection,No Control,Clear,Daylight,Dry,Non-Fatal Injury,Turning Movement,Driver,40 to 44,,0,East,"Automobile, Station Wagon",Turning Left,Improper Turn,Medical or Physical Disability, , , , , , ,0,0,1,1,0,0,0,0,0,0,0,0,1,0
1327537,2012,10,13,19,15,5,43.67044538,-79.37509029,Toronto Centre-Rosedale (28),28,North St.James Town (74),74,D51,Toronto East York,BLEECKER ST,EARL ST, ,Local,Mid-Block, ,No Control,Rain,Dark,Wet,Non-Fatal Injury,Pedestrian Collisions,Driver,45 to 49,,0,North,"Automobile, Station Wagon",Reversing,Other,Inattentive, , , , , , ,1,0,1,0,0,0,0,0,0,0,0,0,0,0
1327537,2012,10,13,19,15,5,43.67044538,-79.37509029,Toronto Centre-Rosedale (28),28,North St.James Town (74),74,D51,Toronto East York,BLEECKER ST,EARL ST, ,Local,Mid-Block, ,No Control,Rain,Dark,Wet,Non-Fatal Injury,Pedestrian Collisions,Pedestrian,50 to 54,Major,0,East,Other, , , ,Vehicle is reversing and hits pedestrian,Other,Normal, , , ,1,0,1,0,0,0,0,0,0,0,0,0,0,0
1333337,2012,12,31,19,15,0,43.70014914,-79.31902705,Beaches-East York (31),31,Woodbine-Lumsden (60),60,D54,Toronto East York,WOODBINE AVE,O CONNOR DR, ,Major Arterial,Intersection, ,No Control,Clear,"Dark, artificial",Wet,Non-Fatal Injury,Pedestrian Collisions,Vehicle Owner,unknown, ,0, ,Other, , , , , , , , , ,1,0,1,0,0,0,0,0,0,0,0,0,0,0
1333337,2012,12,31,19,15,0,43.70014914,-79.31902705,Beaches-East York (31),31,Woodbine-Lumsden (60),60,D54,Toronto East York,WOODBINE AVE,O CONNOR DR, ,Major Arterial,Intersection, ,No Control,Clear,"Dark, artificial",Wet,Non-Fatal Injury,Pedestrian Collisions,Driver,50 to 54,,0,South,"Automobile, Station Wagon",Going Ahead,Driving Properly,Normal, , , , , , ,1,0,1,0,0,0,0,0,0,0,0,0,0,0
1333337,2012,12,31,19,15,0,43.70014914,-79.31902705,Beaches-East York (31),31,Woodbine-Lumsden (60),60,D54,Toronto East York,WOODBINE AVE,O CONNOR DR, ,Major Arterial,Intersection, ,No Control,Clear,"Dark, artificial",Wet,Non-Fatal Injury,Pedestrian Collisions,Pedestrian,30 to 34,Major,0,West,Other, , , ,Pedestrian hit at mid-block,Running onto Roadway,Unknown, , , ,1,0,1,0,0,0,0,0,0,0,0,0,0,0