ACCNUM,YEAR,MONTH,DAY,HOUR,MINUTES,WEEKDAY,LATITUDE,LONGITUDE,Ward_Name,Ward_ID,Hood_Name,Hood_ID,Division,District,STREET1,STREET2,OFFSET,ROAD_CLASS,LOCCOORD,ACCLOC,TRAFFCTL,VISIBILITY,LIGHT,RDSFCOND,ACCLASS,IMPACTYPE,INVTYPE,INVAGE,INJURY,FATAL_NO,INITDIR,VEHTYPE,MANOEUVER,DRIVACT,DRIVCOND,PEDTYPE,PEDACT,PEDCOND,CYCLISTYPE,CYCACT,CYCCOND,PEDESTRIAN,CYCLIST,AUTOMOBILE,MOTORCYCLE,TRUCK,TRSN_CITY_VEH,EMERG_VEH,PASSENGER,SPEEDING,AG_DRIV,REDLIGHT,ALCOHOL,DISABILITY,label
1382722,2013,8,18,19,15,6,43.81454046,-79.15694819,Scarborough East (44),44,Rouge (131),131,D42,Scarborough,TWYN RIVERS Dr,SHEPPARD Ave E, ,Collector,Mid-Block, ,No Control,Clear,Dark,Dry,Non-Fatal Injury,SMV Other,Vehicle Owner,unknown, ,0, ,Other, , , , , , , , , ,0,0,0,1,0,0,0,0,0,0,0,0,0,0
1382722,2013,8,18,19,15,6,43.81454046,-79.15694819,Scarborough East (44),44,Rouge (131),131,D42,Scarborough,TWYN RIVERS Dr,SHEPPARD Ave E, ,Collector,Mid-Block, ,No Control,Clear,Dark,Dry,Non-Fatal Injury,SMV Other,Motorcycle Driver,40 to 44,Major,0,West,Motorcycle,Going Ahead,Lost control,Normal, , , , , , ,0,0,0,1,0,0,0,0,0,0,0,0,0,0
5000961885,2015,6,8,19,15,0,43.66064032,-79.44360743,Davenport (18),18,Dovercourt-Wallace Emerson-Junction (93),93,D11,Toronto East York,PATON RD,LANSDOWNE AVE, ,Minor Arterial,Intersection,At Intersection,Stop Sign,Other,Daylight,Other,Non-Fatal Injury,Angle,Driver,40 to 44,,0,East, ,Going Ahead,Failed to Yield Right of Way,Unknown, , , , , , ,0,1,0,0,0,0,0,0,0,1,0,0,0,0
5000961885,2015,6,8,19,15,0,43.66064032,-79.44360743,Davenport (18),18,Dovercourt-Wallace Emerson-Junction (93),93,D11,Toronto East York,PATON RD,LANSDOWNE AVE, ,Minor Arterial,Intersection,At Intersection,Stop Sign,Other,Daylight,Other,Non-Fatal Injury,Angle,Moped Driver,50 to 54,Major,0,North,Moped,Going Ahead,Driving Properly,Unknown, , , , , , ,0,1,0,0,0,0,0,0,0,1,0,0,0,0
6000014911,2016,1,3,19,15,6,43.76449927,-79.28068171,Scarborough Centre (37),37,Dorset Park (126),126,D41,Scarborough,1400 KENNEDY RD, ,196 m North of,Major Arterial,Mid-Block,Non Intersection,No Control,Clear,"Dark, artificial",Dry,Fatal,Pedestrian Collisions,Driver,40 to 44,,0,South,"Automobile, Station Wagon",Going Ahead,Driving Properly,Normal, , , , , , ,1,0,1,0,0,0,0,1,1,1,0,0,0,1
6000014911,2016,1,3,19,15,6,43.76449927,-79.28068171,Scarborough Centre (37),37,Dorset Park (126),126,D41,Scarborough,1400 KENNEDY RD, ,196 m North of,Major Arterial,Mid-Block,Non Intersection,No Control,Clear,"Dark, artificial",Dry,Fatal,Pedestrian Collisions,Passenger,40 to 44,,0, , , , , , , , , , , ,1,0,1,0,0,0,0,1,1,1,0,0,0,1
6000014911,2016,1,3,19,15,6,43.76449927,-79.28068171,Scarborough Centre (37),37,Dorset Park (126),126,D41,Scarborough,1400 KENNEDY RD, ,196 m North of,Major Arterial,Mid-Block,Non Intersection,No Control,Clear,"Dark, artificial",Dry,Fatal,Pedestrian Collisions,Passenger,5 to 9,,0, , , , , , , , , , , ,1,0,1,0,0,0,0,1,1,1,0,0,0,1
6000014911,2016,1,3,19,15,6,43.76449927,-79.28068171,Scarborough Centre (37),37,Dorset Park (126),126,D41,Scarborough,1400 KENNEDY RD, ,196 m North of,Major Arterial,Mid-Block,Non Intersection,No Control,Clear,"Dark, artificial",Dry,Fatal,Pedestrian Collisions,Passenger,5 to 9,,0, , , , , , , , , , , ,1,0,1,0,0,0,0,1,1,1,0,0,0,1
6000014911,2016,1,3,19,15,6,43.76449927,-79.28068171,Scarborough Centre (37),37,Dorset Park (126),126,D41,Scarborough,1400 KENNEDY RD, ,196 m North of,Major Arterial,Mid-Block,Non Intersection,No Control,Clear,"Dark, artificial",Dry,Fatal,Pedestrian Collisions,Pedestrian,35 to 39,Fatal,1,Unknown, , , , ,Pedestrian hit at mid-block,Crossing without right of way,Had Been Drinking, , , ,1,0,1,0,0,0,0,1,1,1,0,0,0,1
6000148806,2016,1,25,19,15,0,43.70794638,-79.34135065,Don Valley West (26),26,Thorncliffe Park (55),55,D53,North York,OVERLEA BLVD,WILLIAM MORGAN DR, ,Major Arterial,Intersection,At Intersection,Traffic Signal,Clear,"Dark, artificial",Dry,Non-Fatal Injury,Pedestrian Collisions,Driver,40 to 44,,0,South,Passenger Van,Turning Left,Failed to Yield Right of Way,Inattentive, , , , , , ,1,0,1,0,0,0,0,0,0,1,0,0,0,0
6000148806,2016,1,25,19,15,0,43.70794638,-79.34135065,Don Valley West (26),26,Thorncliffe Park (55),55,D53,North York,OVERLEA BLVD,WILLIAM MORGAN DR, ,Major Arterial,Intersection,At Intersection,Traffic Signal,Clear,"Dark, artificial",Dry,Non-Fatal Injury,Pedestrian Collisions,Pedestrian,70 to 74,Major,0,North, , , , ,Vehicle turns left while ped crosses with ROW at inter.,Crossing with right of way,Normal, , , ,1,0,1,0,0,0,0,0,0,1,0,0,0,0
7001788522,2017,10,2,19,15,0,43.65895438,-79.34951429,Toronto-Danforth (30),30,South Riverdale (70),70,D55,Toronto East York,QUEEN STREET EAST,BROADVIEW AVENUE,25 m East of,Minor Arterial,Mid-Block,Non Intersection,No Control,Clear,"Dark, artificial",Dry,Non-Fatal Injury,SMV Unattended Vehicle,Driver,25 to 29,Major,0,East,"Automobile, Station Wagon",Going Ahead,Lost control,"Ability Impaired, Drugs", , , , , , ,0,0,1,0,0,0,0,0,0,0,0,0,0,0
1261735,2011,9,2,19,16,4,43.67294538,-79.44099029,Davenport (17),17,Dovercourt-Wallace Emerson-Junction (93),93,D13,Etobicoke York,DUFFERIN Stre, , ,Major Arterial,Intersection,At Intersection,Traffic Signal,Clear,Dark,Dry,Non-Fatal Injury,Angle,Driver,50 to 54,Major,0,East,"Automobile, Station Wagon",Going Ahead,Driving Properly,Normal, , , , , , ,0,0,1,0,0,0,0,0,0,1,1,0,0,0
1261735,2011,9,2,19,16,4,43.67294538,-79.44099029,Davenport (17),17,Dovercourt-Wallace Emerson-Junction (93),93,D13,Etobicoke York,DUFFERIN Stre, , ,Major Arterial,Intersection,At Intersection,Traffic Signal,Clear,Dark,Dry,Non-Fatal Injury,Angle,Vehicle Owner,unknown, ,0, ,Other, , , , , , , , , ,0,0,1,0,0,0,0,0,0,1,1,0,0,0
1261735,2011,9,2,19,16,4,43.67294538,-79.44099029,Davenport (17),17,Dovercourt-Wallace Emerson-Junction (93),93,D13,Etobicoke York,DUFFERIN Stre, , ,Major Arterial,Intersection,At Intersection,Traffic Signal,Clear,Dark,Dry,Non-Fatal Injury,Angle,Driver,55 to 59,,0,South,"Automobile, Station Wagon",Going Ahead,Disobeyed Traffic Control,Normal, , , , , , ,0,0,1,0,0,0,0,0,0,1,1,0,0,0
1261735,2011,9,2,19,16,4,43.67294538,-79.44099029,Davenport (17),17,Dovercourt-Wallace Emerson-Junction (93),93,D13,Etobicoke York,DUFFERIN Stre, , ,Major Arterial,Intersection,At Intersection,Traffic Signal,Clear,Dark,Dry,Non-Fatal Injury,Angle,Driver,55 to 59,,0,North,"Automobile, Station Wagon",Stopped,Driving Properly,Normal, , , , , , ,0,0,1,0,0,0,0,0,0,1,1,0,0,0
1305919,2012,6,10,19,16,6,43.66454538,-79.41379029,Trinity-Spadina (19),19,Palmerston-Little Italy (80),80,D14,Toronto East York,BLOOR Stre W,PALMERSTON Boul, ,Major Arterial,Intersection, ,Traffic Signal,Clear,Daylight,Dry,Non-Fatal Injury,Cyclist Collisions,Driver,50 to 54,,0,East,"Automobile, Station Wagon",Parked,Other,Normal, , , , , , ,0,1,1,0,0,0,0,0,0,0,0,0,0,0
1305919,2012,6,10,19,16,6,43.66454538,-79.41379029,Trinity-Spadina (19),19,Palmerston-Little Italy (80),80,D14,Toronto East York,BLOOR Stre W,PALMERSTON Boul, ,Major Arterial,Intersection, ,Traffic Signal,Clear,Daylight,Dry,Non-Fatal Injury,Cyclist Collisions,Cyclist,45 to 49,Major,0,East,Bicycle,Overtaking, , , , , ,Cyclist struck opened vehicle door,Driving Properly,Normal,0,1,1,0,0,0,0,0,0,0,0,0,0,0
1222866,2011,3,12,19,17,5,43.65824538,-79.37789029,Toronto Centre-Rosedale (27),27,Church-Yonge Corridor (75),75,D51,Toronto East York,CHURCH ST,GOULD ST, ,Minor Arterial,Intersection,At Intersection,Traffic Signal,Clear,Dark,Wet,Non-Fatal Injury,Pedestrian Collisions,Driver,20 to 24,,0,South,"Automobile, Station Wagon",Going Ahead,Driving Properly,Normal, , , , , , ,1,0,1,0,0,0,0,0,0,0,0,0,0,0
1222866,2011,3,12,19,17,5,43.65824538,-79.37789029,Toronto Centre-Rosedale (27),27,Church-Yonge Corridor (75),75,D51,Toronto East York,CHURCH ST,GOULD ST, ,Minor Arterial,Intersection,At Intersection,Traffic Signal,Clear,Dark,Wet,Non-Fatal Injury,Pedestrian Collisions,Pedestrian,75 to 79,Major,0,East,Other, , , ,Vehicle is going straight thru inter.while ped cross without ROW,Crossing without right of way,Unknown, , , ,1,0,1,0,0,0,0,0,0,0,0,0,0,0
6000125863,2016,1,21,19,17,3,43.75184592,-79.54352961,York West (7),7,Humbermede (22),22,D31,Etobicoke York,FINCH AVE W,WESTON RD,90 m West of,Major Arterial,Mid-Block,Non Intersection,No Control,Clear,"Dark, artificial",Dry,Non-Fatal Injury,Pedestrian Collisions,Driver,65 to 69,,0,East,"Automobile, Station Wagon",Going Ahead,Driving Properly,Normal, , , , , , ,1,0,1,0,0,0,0,1,0,0,0,0,0,0
6000125863,2016,1,21,19,17,3,43.75184592,-79.54352961,York West (7),7,Humbermede (22),22,D31,Etobicoke York,FINCH AVE W,WESTON RD,90 m West of,Major Arterial,Mid-Block,Non Intersection,No Control,Clear,"Dark, artificial",Dry,Non-Fatal Injury,Pedestrian Collisions,Driver - Not Hit,unknown, ,0, , , , , , , , , , , ,1,0,1,0,0,0,0,1,0,0,0,0,0,0
6000125863,2016,1,21,19,17,3,43.75184592,-79.54352961,York West (7),7,Humbermede (22),22,D31,Etobicoke York,FINCH AVE W,WESTON RD,90 m West of,Major Arterial,Mid-Block,Non Intersection,No Control,Clear,"Dark, artificial",Dry,Non-Fatal Injury,Pedestrian Collisions,Passenger,55 to 59,,0, , , , , , , , , , , ,1,0,1,0,0,0,0,1,0,0,0,0,0,0
6000125863,2016,1,21,19,17,3,43.75184592,-79.54352961,York West (7),7,Humbermede (22),22,D31,Etobicoke York,FINCH AVE W,WESTON RD,90 m West of,Major Arterial,Mid-Block,Non Intersection,No Control,Clear,"Dark, artificial",Dry,Non-Fatal Injury,Pedestrian Collisions,Pedestrian,45 to 49,Major,0,Unknown, , , , ,Pedestrian hit at mid-block,Other,Inattentive, , , ,1,0,1,0,0,0,0,1,0,0,0,0,0,0
4002478309,2014,7,11,19,18,4,43.70812185,-79.2956811,Scarborough Southwest (35),35,Clairlea-Birchmount (120),120,D41,Toronto East York,VICTORIA PARK AVE,GLENCREST BLVD, ,Major Arterial,Intersection,At Intersection,No Control,Clear,Daylight,Dry,Non-Fatal Injury,Cyclist Collisions,Driver,50 to 54,,0,South,"Automobile, Station Wagon",Going Ahead,Driving Properly,Normal, , , , , , ,0,1,1,0,0,0,0,0,0,0,0,0,0,0
4002478309,2014,7,11,19,18,4,43.70812185,-79.2956811,Scarborough Southwest (35),35,Clairlea-Birchmount (120),120,D41,Toronto East York,VICTORIA PARK AVE,GLENCREST BLVD, ,Major Arterial,Intersection,At Intersection,No Control,Clear,Daylight,Dry,Non-Fatal Injury,Cyclist Collisions,Cyclist,60 to 64,Major,0,South,Bicycle,Turning Left, , , , , ,Cyclist turned left across motorists path.,Improper Turn,Inattentive,0,1,1,0,0,0,0,0,0,0,0,0,0,0
1072542,2008,11,26,19,19,2,43.73884538,-79.57999029,Etobicoke North (1),1,Mount Olive-Silverstone-Jamestown (2),2,D23,Etobicoke York,KIPLING AVE,JOHN GARLAND BLVD, ,Major Arterial,Mid-Block,At Intersection,No Control,Rain,Dark,Wet,Non-Fatal Injury,Pedestrian Collisions,Driver,20 to 24,,0,North,"Automobile, Station Wagon",Merging,Driving Properly,Inattentive, , , , , , ,1,0,1,0,0,0,0,0,0,0,0,0,0,0
1072542,2008,11,26,19,19,2,43.73884538,-79.57999029,Etobicoke North (1),1,Mount Olive-Silverstone-Jamestown (2),2,D23,Etobicoke York,KIPLING AVE,JOHN GARLAND BLVD, ,Major Arterial,Mid-Block,At Intersection,No Control,Rain,Dark,Wet,Non-Fatal Injury,Pedestrian Collisions,Pedestrian,30 to 34,Major,0, ,Other, , , ,Pedestrian hit at mid-block,"Crossing, no Traffic Control",Inattentive, , , ,1,0,1,0,0,0,0,0,0,0,0,0,0,0
1119005,2009,8,16,19,19,6,43.65014538,-79.43969029,Davenport (18),18,Little Portugal (84),84,D11,Toronto East York,LANSDOWNE AVE,DUNDAS ST W, ,Minor Arterial,Intersection,At Intersection,Traffic Signal,Clear,Daylight,Dry,Non-Fatal Injury,Pedestrian Collisions,Pedestrian,80 to 84,Major,0,South,Other, , , ,Vehicle turns left while ped crosses with ROW at inter.,Crossing with right of way,Normal, , , ,1,0,1,0,0,0,0,0,0,1,0,0,0,0
1119005,2009,8,16,19,19,6,43.65014538,-79.43969029,Davenport (18),18,Little Portugal (84),84,D11,Toronto East York,LANSDOWNE AVE,DUNDAS ST W, ,Minor Arterial,Intersection,At Intersection,Traffic Signal,Clear,Daylight,Dry,Non-Fatal Injury,Pedestrian Collisions,Driver,20 to 24,,0,East,"Automobile, Station Wagon",Turning Left,Failed to Yield Right of Way,Normal, , , , , , ,1,0,1,0,0,0,0,0,0,1,0,0,0,0
3001188681,2013,12,20,19,19,4,43.80896719,-79.37007532,Willowdale (24),24,Hillcrest Village (48),48,D33,North York,STEELES AVE E,LESLIE ST,192 m East of,Major Arterial,Mid-Block,Non Intersection,No Control,Rain,"Dark, artificial",Slush,Non-Fatal Injury,Pedestrian Collisions,Driver,55 to 59,,0,East,"Automobile, Station Wagon",Going Ahead,Driving Properly,Normal, , , , , , ,1,0,1,0,0,0,0,0,0,0,0,0,0,0
3001188681,2013,12,20,19,19,4,43.80896719,-79.37007532,Willowdale (24),24,Hillcrest Village (48),48,D33,North York,STEELES AVE E,LESLIE ST,192 m East of,Major Arterial,Mid-Block,Non Intersection,No Control,Rain,"Dark, artificial",Slush,Non-Fatal Injury,Pedestrian Collisions,Driver,30 to 34,,0,East,"Automobile, Station Wagon",Going Ahead,Driving Properly,Normal, , , , , , ,1,0,1,0,0,0,0,0,0,0,0,0,0,0
3001188681,2013,12,20,19,19,4,43.80896719,-79.37007532,Willowdale (24),24,Hillcrest Village (48),48,D33,North York,STEELES AVE E,LESLIE ST,192 m East of,Major Arterial,Mid-Block,Non Intersection,No Control,Rain,"Dark, artificial",Slush,Non-Fatal Injury,Pedestrian Collisions,Pedestrian,25 to 29,Major,0,South, , , , ,Pedestrian hit at mid-block,"Crossing, no Traffic Control",Had Been Drinking, , , ,1,0,1,0,0,0,0,0,0,0,0,0,0,0
1501750958,2015,10,10,19,19,5,43.6852146,-79.54139338,Etobicoke Centre (4),4,Willowridge-Martingrove-Richview (7),7,D23,Etobicoke York,ISLINGTON AVE,DEERFOOT RD, ,Major Arterial,Intersection, ,No Control,Clear,Dark,Dry,Fatal,Pedestrian Collisions,Driver,20 to 24,,0,North,"Automobile, Station Wagon",Going Ahead,Exceeding Speed Limit,Inattentive, , , , , , ,1,0,1,0,0,0,0,0,1,1,0,0,0,1
1501750958,2015,10,10,19,19,5,43.6852146,-79.54139338,Etobicoke Centre (4),4,Willowridge-Martingrove-Richview (7),7,D23,Etobicoke York,ISLINGTON AVE,DEERFOOT RD, ,Major Arterial,Intersection, ,No Control,Clear,Dark,Dry,Fatal,Pedestrian Collisions,Driver,55 to 59,,0,South,"Automobile, Station Wagon",Going Ahead,Driving Properly,Normal, , , , , , ,1,0,1,0,0,0,0,0,1,1,0,0,0,1
1501750958,2015,10,10,19,19,5,43.6852146,-79.54139338,Etobicoke Centre (4),4,Willowridge-Martingrove-Richview (7),7,D23,Etobicoke York,ISLINGTON AVE,DEERFOOT RD, ,Major Arterial,Intersection, ,No Control,Clear,Dark,Dry,Fatal,Pedestrian Collisions,Pedestrian,20 to 24,Fatal,50,Unknown, , , , ,Vehicle is going straight thru inter.while ped cross without ROW,"Crossing, no Traffic Control",Inattentive, , , ,1,0,1,0,0,0,0,0,1,1,0,0,0,1
6002297420,2016,12,28,19,19,2,43.69295843,-79.46216975,Davenport (17),17,Caledonia-Fairbank (109),109,D13,Etobicoke York,CALEDONIA RD,EGLINTON AVE W, ,Minor Arterial,Intersection,Intersection Related,Traffic Signal,Clear,"Dark, artificial",Dry,Non-Fatal Injury,Pedestrian Collisions,Driver,unknown,,0,North,"Automobile, Station Wagon",Turning Left,Failed to Yield Right of Way,Unknown, , , , , , ,1,0,1,0,0,0,0,0,0,1,0,0,0,0
6002297420,2016,12,28,19,19,2,43.69295843,-79.46216975,Davenport (17),17,Caledonia-Fairbank (109),109,D13,Etobicoke York,CALEDONIA RD,EGLINTON AVE W, ,Minor Arterial,Intersection,Intersection Related,Traffic Signal,Clear,"Dark, artificial",Dry,Non-Fatal Injury,Pedestrian Collisions,Pedestrian,25 to 29,Major,0,South, , , , ,Vehicle turns left while ped crosses with ROW at inter.,Crossing with right of way,Normal, , , ,1,0,1,0,0,0,0,0,0,1,0,0,0,0
7000641093,2017,4,11,19,19,1,43.66265066,-79.36351404,Toronto Centre-Rosedale (28),28,Regent Park (72),72,D51,Toronto East York,GERRARD ST E,SACKVILLE ST,37 m East of,Minor Arterial,Mid-Block,Non Intersection,No Control,Clear,Daylight,Dry,Non-Fatal Injury,Pedestrian Collisions,Driver,40 to 44,,0,East,"Automobile, Station Wagon",Going Ahead,Driving Properly,Normal, , , , , , ,1,0,1,0,0,0,0,0,0,0,0,0,0,0
7000641093,2017,4,11,19,19,1,43.66265066,-79.36351404,Toronto Centre-Rosedale (28),28,Regent Park (72),72,D51,Toronto East York,GERRARD ST E,SACKVILLE ST,37 m East of,Minor Arterial,Mid-Block,Non Intersection,No Control,Clear,Daylight,Dry,Non-Fatal Injury,Pedestrian Collisions,Pedestrian,40 to 44,Major,0,Unknown, , , , ,Pedestrian hit at mid-block,"Crossing, no Traffic Control",Other, , , ,1,0,1,0,0,0,0,0,0,0,0,0,0,0
995498,2007,9,18,19,20,1,43.69224538,-79.38409029,Toronto Centre-Rosedale (27),27,Rosedale-Moore Park (98),98,D53,Toronto East York,MOUNT PLEASANT RD,HEATH ST E, ,Major Arterial,Intersection,At Intersection,No Control,Clear,Daylight,Dry,Non-Fatal Injury,Cyclist Collisions,Driver,55 to 59,,0,South,"Automobile, Station Wagon",Turning Left,Driving Properly,Normal, , , , , , ,0,1,1,0,0,0,0,0,0,0,0,0,0,0
995498,2007,9,18,19,20,1,43.69224538,-79.38409029,Toronto Centre-Rosedale (27),27,Rosedale-Moore Park (98),98,D53,Toronto East York,MOUNT PLEASANT RD,HEATH ST E, ,Major Arterial,Intersection,At Intersection,No Control,Clear,Daylight,Dry,Non-Fatal Injury,Cyclist Collisions,Cyclist,40 to 44,Major,0,North,Bicycle,Going Ahead, , , , , ,Motorist turned left across cyclists path.,Driving Properly,Normal,0,1,1,0,0,0,0,0,0,0,0,0,0,0
1042286,2008,5,15,19,20,3,43.72484538,-79.41979029,Eglinton-Lawrence (16),16,Bedford Park-Nortown (39),39,D32,North York,WOBURN AVE,GREY RD, ,Collector,Intersection,At Intersection,Stop Sign,Clear,Daylight,Dry,Non-Fatal Injury,Cyclist Collisions,Driver,60 to 64,,0,West,"Automobile, Station Wagon",Going Ahead,Driving Properly,Normal, , , , , , ,0,1,1,0,0,0,0,0,0,0,0,0,0,0
1042286,2008,5,15,19,20,3,43.72484538,-79.41979029,Eglinton-Lawrence (16),16,Bedford Park-Nortown (39),39,D32,North York,WOBURN AVE,GREY RD, ,Collector,Intersection,At Intersection,Stop Sign,Clear,Daylight,Dry,Non-Fatal Injury,Cyclist Collisions,Cyclist,35 to 39,Major,0,North,Bicycle,Going Ahead, , , , , ,"Cyclist without ROW rides into path of motorist at inter, lnwy, dwy-Cyclist not turn.",Failed to Yield Right of Way,Normal,0,1,1,0,0,0,0,0,0,0,0,0,0,0
1143343,2009,11,25,19,20,2,43.78254538,-79.47929029,York West (8),8,York University Heights (27),27,D32,North York,MAGNETIC Driv,ALNESS Stre, ,Minor Arterial,Intersection,At Intersection,Stop Sign,Clear,Dark,Wet,Non-Fatal Injury,Turning Movement,Passenger,20 to 24,Major,0, ,Other, , , , , , , , , ,0,0,1,0,0,0,0,1,0,0,0,0,0,0
1143343,2009,11,25,19,20,2,43.78254538,-79.47929029,York West (8),8,York University Heights (27),27,D32,North York,MAGNETIC Driv,ALNESS Stre, ,Minor Arterial,Intersection,At Intersection,Stop Sign,Clear,Dark,Wet,Non-Fatal Injury,Turning Movement,Passenger,20 to 24,Minimal,0, ,Other, , , , , , , , , ,0,0,1,0,0,0,0,1,0,0,0,0,0,0
1143343,2009,11,25,19,20,2,43.78254538,-79.47929029,York West (8),8,York University Heights (27),27,D32,North York,MAGNETIC Driv,ALNESS Stre, ,Minor Arterial,Intersection,At Intersection,Stop Sign,Clear,Dark,Wet,Non-Fatal Injury,Turning Movement,Passenger,20 to 24,Minimal,0, ,Other, , , , , , , , , ,0,0,1,0,0,0,0,1,0,0,0,0,0,0
1143343,2009,11,25,19,20,2,43.78254538,-79.47929029,York West (8),8,York University Heights (27),27,D32,North York,MAGNETIC Driv,ALNESS Stre, ,Minor Arterial,Intersection,At Intersection,Stop Sign,Clear,Dark,Wet,Non-Fatal Injury,Turning Movement,Driver,25 to 29,Minor,0,West,"Automobile, Station Wagon",Turning Left,Improper Turn,Normal, , , , , , ,0,0,1,0,0,0,0,1,0,0,0,0,0,0
1143969,2009,12,1,19,20,1,43.72274538,-79.59819029,Etobicoke North (2),2,West Humber-Clairville (1),1,D23,Etobicoke York,HIGHWAY 27  S,QUEENS PLATE DR, ,Major Arterial,Intersection,At Intersection,Traffic Signal,Clear,Dark,Dry,Non-Fatal Injury,Rear End,Driver,20 to 24,,0,South,"Automobile, Station Wagon",Turning Left,Following too Close,Normal, , , , , , ,0,0,1,0,0,0,0,1,0,1,0,0,0,0
1143969,2009,12,1,19,20,1,43.72274538,-79.59819029,Etobicoke North (2),2,West Humber-Clairville (1),1,D23,Etobicoke York,HIGHWAY 27  S,QUEENS PLATE DR, ,Major Arterial,Intersection,At Intersection,Traffic Signal,Clear,Dark,Dry,Non-Fatal Injury,Rear End,Passenger,15 to 19,Minor,0, ,Other, , , , , , , , , ,0,0,1,0,0,0,0,1,0,1,0,0,0,0
1143969,2009,12,1,19,20,1,43.72274538,-79.59819029,Etobicoke North (2),2,West Humber-Clairville (1),1,D23,Etobicoke York,HIGHWAY 27  S,QUEENS PLATE DR, ,Major Arterial,Intersection,At Intersection,Traffic Signal,Clear,Dark,Dry,Non-Fatal Injury,Rear End,Driver,30 to 34,Major,0,South,"Automobile, Station Wagon",Turning Left,Driving Properly,Normal, , , , , , ,0,0,1,0,0,0,0,1,0,1,0,0,0,0
1183429,2010,7,9,19,20,4,43.79891165,-79.14622126,Scarborough East (44),44,Centennial Scarborough (133),133,D42,Scarborough,PORT UNION RD,KINGSTON RD, ,Major Arterial,Intersection,At Intersection,Traffic Signal,Clear,Daylight,Dry,Non-Fatal Injury,Turning Movement,Driver,15 to 19,,0,North,"Automobile, Station Wagon",Turning Left,Failed to Yield Right of Way,Inattentive, , , , , , ,0,0,1,0,0,0,0,1,0,1,0,0,0,0
1183429,2010,7,9,19,20,4,43.79891165,-79.14622126,Scarborough East (44),44,Centennial Scarborough (133),133,D42,Scarborough,PORT UNION RD,KINGSTON RD, ,Major Arterial,Intersection,At Intersection,Traffic Signal,Clear,Daylight,Dry,Non-Fatal Injury,Turning Movement,Passenger,5 to 9,Minimal,0, ,Other, , , , , , , , , ,0,0,1,0,0,0,0,1,0,1,0,0,0,0
1183429,2010,7,9,19,20,4,43.79891165,-79.14622126,Scarborough East (44),44,Centennial Scarborough (133),133,D42,Scarborough,PORT UNION RD,KINGSTON RD, ,Major Arterial,Intersection,At Intersection,Traffic Signal,Clear,Daylight,Dry,Non-Fatal Injury,Turning Movement,Driver,40 to 44,Major,0,South,"Automobile, Station Wagon",Going Ahead,Driving Properly,Normal, , , , , , ,0,0,1,0,0,0,0,1,0,1,0,0,0,0
1277761,2011,10,29,19,20,5,43.65824538,-79.37789029,Toronto Centre-Rosedale (27),27,Church-Yonge Corridor (75),75,D51,Toronto East York,CHURCH ST,GOULD ST, ,Minor Arterial,Intersection,At Intersection,Traffic Signal,Clear,Dark,Dry,Non-Fatal Injury,Cyclist Collisions,Other,unknown,,0, ,Other,Parked, , , , , , , , ,0,1,1,0,0,0,0,0,0,0,0,0,0,0
1277761,2011,10,29,19,20,5,43.65824538,-79.37789029,Toronto Centre-Rosedale (27),27,Church-Yonge Corridor (75),75,D51,Toronto East York,CHURCH ST,GOULD ST, ,Minor Arterial,Intersection,At Intersection,Traffic Signal,Clear,Dark,Dry,Non-Fatal Injury,Cyclist Collisions,Vehicle Owner,unknown, ,0, ,Other, , , , , , , , , ,0,1,1,0,0,0,0,0,0,0,0,0,0,0
1277761,2011,10,29,19,20,5,43.65824538,-79.37789029,Toronto Centre-Rosedale (27),27,Church-Yonge Corridor (75),75,D51,Toronto East York,CHURCH ST,GOULD ST, ,Minor Arterial,Intersection,At Intersection,Traffic Signal,Clear,Dark,Dry,Non-Fatal Injury,Cyclist Collisions,Driver,50 to 54,,0,North,"Automobile, Station Wagon",Overtaking,Other,Other, , , , , , ,0,1,1,0,0,0,0,0,0,0,0,0,0,0
1277761,2011,10,29,19,20,5,43.65824538,-79.37789029,Toronto Centre-Rosedale (27),27,Church-Yonge Corridor (75),75,D51,Toronto East York,CHURCH ST,GOULD ST, ,Minor Arterial,Intersection,At Intersection,Traffic Signal,Clear,Dark,Dry,Non-Fatal Injury,Cyclist Collisions,Cyclist,20 to 24,,0,North,Bicycle,Overtaking, , , , , ,Cyclist and Driver travelling in same direction. One vehicle sideswipes the other.,Driving Properly,Normal,0,1,1,0,0,0,0,0,0,0,0,0,0,0
1277761,2011,10,29,19,20,5,43.65824538,-79.37789029,Toronto Centre-Rosedale (27),27,Church-Yonge Corridor (75),75,D51,Toronto East York,CHURCH ST,GOULD ST, ,Minor Arterial,Intersection,At Intersection,Traffic Signal,Clear,Dark,Dry,Non-Fatal Injury,Cyclist Collisions,Cyclist,25 to 29,Major,0,North,Bicycle,Going Ahead, , , , , ,Cyclist and Driver travelling in same direction. One vehicle sideswipes the other.,Driving Properly,Normal,0,1,1,0,0,0,0,0,0,0,0,0,0,0