ACCNUM,YEAR,MONTH,DAY,HOUR,MINUTES,WEEKDAY,LATITUDE,LONGITUDE,Ward_Name,Ward_ID,Hood_Name,Hood_ID,Division,District,STREET1,STREET2,OFFSET,ROAD_CLASS,LOCCOORD,ACCLOC,TRAFFCTL,VISIBILITY,LIGHT,RDSFCOND,ACCLASS,IMPACTYPE,INVTYPE,INVAGE,INJURY,FATAL_NO,INITDIR,VEHTYPE,MANOEUVER,DRIVACT,DRIVCOND,PEDTYPE,PEDACT,PEDCOND,CYCLISTYPE,CYCACT,CYCCOND,PEDESTRIAN,CYCLIST,AUTOMOBILE,MOTORCYCLE,TRUCK,TRSN_CITY_VEH,EMERG_VEH,PASSENGER,SPEEDING,AG_DRIV,REDLIGHT,ALCOHOL,DISABILITY,label
1282189,2011,12,27,19,20,1,43.70624538,-79.59139029,Etobicoke North (2),2,West Humber-Clairville (1),1,D23,Etobicoke York,GRANDSTAND ENT RD,HIGHWAY 27  S, ,Local,Mid-Block, ,No Control,Snow,Dark,Loose Snow,Non-Fatal Injury,SMV Other,Passenger,60 to 64,Major,0, ,Other, , , , , , , , , ,0,0,1,0,0,0,0,1,1,1,0,0,0,0
1282189,2011,12,27,19,20,1,43.70624538,-79.59139029,Etobicoke North (2),2,West Humber-Clairville (1),1,D23,Etobicoke York,GRANDSTAND ENT RD,HIGHWAY 27  S, ,Local,Mid-Block, ,No Control,Snow,Dark,Loose Snow,Non-Fatal Injury,SMV Other,Driver,65 to 69,,0,West,"Automobile, Station Wagon",Turning Right,Speed too Fast For Condition,Normal, , , , , , ,0,0,1,0,0,0,0,1,1,1,0,0,0,0
5000177590,2015,1,30,19,20,4,43.74024542,-79.33224879,Don Valley East (34),34,Banbury-Don Mills (42),42,D33,North York,DON VALLEY PARKWAY  S,LAWRENCE AVE E,20 m North of,Expressway,Mid-Block,Non Intersection,No Control,Clear,"Dark, artificial",Dry,Non-Fatal Injury,Rear End,Driver,30 to 34,Minimal,0,South,"Automobile, Station Wagon",Going Ahead,Following too Close,Normal, , , , , , ,0,0,1,0,0,0,0,1,0,1,0,0,0,0
5000177590,2015,1,30,19,20,4,43.74024542,-79.33224879,Don Valley East (34),34,Banbury-Don Mills (42),42,D33,North York,DON VALLEY PARKWAY  S,LAWRENCE AVE E,20 m North of,Expressway,Mid-Block,Non Intersection,No Control,Clear,"Dark, artificial",Dry,Non-Fatal Injury,Rear End,Driver,unknown,,0,South,"Automobile, Station Wagon",Going Ahead,Driving Properly,Normal, , , , , , ,0,0,1,0,0,0,0,1,0,1,0,0,0,0
5000177590,2015,1,30,19,20,4,43.74024542,-79.33224879,Don Valley East (34),34,Banbury-Don Mills (42),42,D33,North York,DON VALLEY PARKWAY  S,LAWRENCE AVE E,20 m North of,Expressway,Mid-Block,Non Intersection,No Control,Clear,"Dark, artificial",Dry,Non-Fatal Injury,Rear End,Driver,65 to 69,Minimal,0,South,"Automobile, Station Wagon",Slowing or Stopping,Driving Properly,Normal, , , , , , ,0,0,1,0,0,0,0,1,0,1,0,0,0,0
5000177590,2015,1,30,19,20,4,43.74024542,-79.33224879,Don Valley East (34),34,Banbury-Don Mills (42),42,D33,North York,DON VALLEY PARKWAY  S,LAWRENCE AVE E,20 m North of,Expressway,Mid-Block,Non Intersection,No Control,Clear,"Dark, artificial",Dry,Non-Fatal Injury,Rear End,Driver,30 to 34,Minimal,0,South,"Automobile, Station Wagon",Slowing or Stopping,Driving Properly,Normal, , , , , , ,0,0,1,0,0,0,0,1,0,1,0,0,0,0
5000177590,2015,1,30,19,20,4,43.74024542,-79.33224879,Don Valley East (34),34,Banbury-Don Mills (42),42,D33,North York,DON VALLEY PARKWAY  S,LAWRENCE AVE E,20 m North of,Expressway,Mid-Block,Non Intersection,No Control,Clear,"Dark, artificial",Dry,Non-Fatal Injury,Rear End,Passenger,30 to 34,Major,0, , , , , , , , , , , ,0,0,1,0,0,0,0,1,0,1,0,0,0,0
5000177590,2015,1,30,19,20,4,43.74024542,-79.33224879,Don Valley East (34),34,Banbury-Don Mills (42),42,D33,North York,DON VALLEY PARKWAY  S,LAWRENCE AVE E,20 m North of,Expressway,Mid-Block,Non Intersection,No Control,Clear,"Dark, artificial",Dry,Non-Fatal Injury,Rear End,Passenger,5 to 9,,0, , , , , , , , , , , ,0,0,1,0,0,0,0,1,0,1,0,0,0,0
5000177590,2015,1,30,19,20,4,43.74024542,-79.33224879,Don Valley East (34),34,Banbury-Don Mills (42),42,D33,North York,DON VALLEY PARKWAY  S,LAWRENCE AVE E,20 m North of,Expressway,Mid-Block,Non Intersection,No Control,Clear,"Dark, artificial",Dry,Non-Fatal Injury,Rear End,Passenger,65 to 69,Minimal,0, , , , , , , , , , , ,0,0,1,0,0,0,0,1,0,1,0,0,0,0
977762,2007,6,3,19,21,6,43.68254538,-79.32719029,Toronto-Danforth (30),30,Greenwood-Coxwell (65),65,D55,Toronto East York,DANFORTH AVE,MONARCH PARK AVE, ,Major Arterial,Intersection, ,Traffic Signal,Rain,Dark,Wet,Non-Fatal Injury,Pedestrian Collisions,Vehicle Owner,unknown, ,0, ,Other, , , , , , , , , ,1,0,1,0,0,0,0,0,0,0,0,0,0,0
977762,2007,6,3,19,21,6,43.68254538,-79.32719029,Toronto-Danforth (30),30,Greenwood-Coxwell (65),65,D55,Toronto East York,DANFORTH AVE,MONARCH PARK AVE, ,Major Arterial,Intersection, ,Traffic Signal,Rain,Dark,Wet,Non-Fatal Injury,Pedestrian Collisions,Driver,20 to 24,,0,East,"Automobile, Station Wagon",Going Ahead,Driving Properly,Normal, , , , , , ,1,0,1,0,0,0,0,0,0,0,0,0,0,0
977762,2007,6,3,19,21,6,43.68254538,-79.32719029,Toronto-Danforth (30),30,Greenwood-Coxwell (65),65,D55,Toronto East York,DANFORTH AVE,MONARCH PARK AVE, ,Major Arterial,Intersection, ,Traffic Signal,Rain,Dark,Wet,Non-Fatal Injury,Pedestrian Collisions,Pedestrian,35 to 39,Major,0,South,Other, , , ,Vehicle is going straight thru inter.while ped cross without ROW,Running onto Roadway,Normal, , , ,1,0,1,0,0,0,0,0,0,0,0,0,0,0
1386536,2013,10,5,19,22,5,43.77627524,-79.46870814,York Centre (10),10,Bathurst Manor (34),34,D32,North York,4750 DUFFERIN ST, , ,Major Arterial,Mid-Block, ,No Control,Clear,Dark,Dry,Non-Fatal Injury,Turning Movement,Motorcycle Passenger,50 to 54,Minor,0, ,Other, , , , , , , , , ,0,0,1,1,0,0,0,1,0,1,0,0,0,0
1386536,2013,10,5,19,22,5,43.77627524,-79.46870814,York Centre (10),10,Bathurst Manor (34),34,D32,North York,4750 DUFFERIN ST, , ,Major Arterial,Mid-Block, ,No Control,Clear,Dark,Dry,Non-Fatal Injury,Turning Movement,Motorcycle Driver,25 to 29,Major,0,South,Motorcycle,Going Ahead,Driving Properly,Normal, , , , , , ,0,0,1,1,0,0,0,1,0,1,0,0,0,0
1386536,2013,10,5,19,22,5,43.77627524,-79.46870814,York Centre (10),10,Bathurst Manor (34),34,D32,North York,4750 DUFFERIN ST, , ,Major Arterial,Mid-Block, ,No Control,Clear,Dark,Dry,Non-Fatal Injury,Turning Movement,Driver,55 to 59,,0,North,"Automobile, Station Wagon",Turning Left,Failed to Yield Right of Way,Normal, , , , , , ,0,0,1,1,0,0,0,1,0,1,0,0,0,0
6001868616,2016,10,20,19,22,3,43.71208533,-79.37205897,Don Valley West (26),26,Leaside-Bennington (56),56,D53,North York,EGLINTON AVE E,HANNA RD, ,Major Arterial,Intersection,Non Intersection,No Control,Rain,Dark,Wet,Fatal,Pedestrian Collisions,Pedestrian,60 to 64,Fatal,65,Unknown, , , , ,Pedestrian hit at mid-block,"Crossing, no Traffic Control",Inattentive, , , ,1,0,1,0,0,0,0,1,1,1,0,0,0,1
6001868616,2016,10,20,19,22,3,43.71208533,-79.37205897,Don Valley West (26),26,Leaside-Bennington (56),56,D53,North York,EGLINTON AVE E,HANNA RD, ,Major Arterial,Intersection,Non Intersection,No Control,Rain,Dark,Wet,Fatal,Pedestrian Collisions,Passenger,40 to 44,,0, , , , , , , , , , , ,1,0,1,0,0,0,0,1,1,1,0,0,0,1
6001868616,2016,10,20,19,22,3,43.71208533,-79.37205897,Don Valley West (26),26,Leaside-Bennington (56),56,D53,North York,EGLINTON AVE E,HANNA RD, ,Major Arterial,Intersection,Non Intersection,No Control,Rain,Dark,Wet,Fatal,Pedestrian Collisions,Driver,30 to 34,,0,East,"Automobile, Station Wagon",Going Ahead,Driving Properly,Normal, , , , , , ,1,0,1,0,0,0,0,1,1,1,0,0,0,1
7001039810,2017,6,11,19,22,6,43.63795838,-79.45750829,Parkdale-High Park (13),13,South Parkdale (85),85,D11,Etobicoke York,LAKE SHORE BLVD W,1755 LAKE SHORE BLVD W    (113),9 m North of,Major Arterial,Mid-Block,Non Intersection,No Control,Clear,Daylight,Dry,Non-Fatal Injury,Sideswipe,Truck Driver,25 to 29,,0,East,"Truck - Closed (Blazer, etc)",Changing Lanes,Improper Passing,Inattentive, , , , , , ,0,0,0,1,1,0,0,0,0,1,0,0,0,0
7001039810,2017,6,11,19,22,6,43.63795838,-79.45750829,Parkdale-High Park (13),13,South Parkdale (85),85,D11,Etobicoke York,LAKE SHORE BLVD W,1755 LAKE SHORE BLVD W    (113),9 m North of,Major Arterial,Mid-Block,Non Intersection,No Control,Clear,Daylight,Dry,Non-Fatal Injury,Sideswipe,Motorcycle Driver,20 to 24,Major,0,East,Motorcycle,Going Ahead,Driving Properly,Normal, , , , , , ,0,0,0,1,1,0,0,0,0,1,0,0,0,0
1349085,2013,3,27,19,23,2,43.68994538,-79.29379029,Beaches-East York (32),32,East End-Danforth (62),62,D55,Toronto East York,DANFORTH Ave,LUTTRELL Ave, ,Major Arterial,Intersection, ,No Control,Rain,Dusk,Wet,Non-Fatal Injury,Turning Movement,Vehicle Owner,unknown, ,0, ,"Automobile, Station Wagon", , , , , , , , , ,0,0,1,0,0,0,0,1,0,0,0,0,0,0
1349085,2013,3,27,19,23,2,43.68994538,-79.29379029,Beaches-East York (32),32,East End-Danforth (62),62,D55,Toronto East York,DANFORTH Ave,LUTTRELL Ave, ,Major Arterial,Intersection, ,No Control,Rain,Dusk,Wet,Non-Fatal Injury,Turning Movement,Driver,60 to 64,,0,West,"Automobile, Station Wagon",Going Ahead,Driving Properly,Normal, , , , , , ,0,0,1,0,0,0,0,1,0,0,0,0,0,0
1349085,2013,3,27,19,23,2,43.68994538,-79.29379029,Beaches-East York (32),32,East End-Danforth (62),62,D55,Toronto East York,DANFORTH Ave,LUTTRELL Ave, ,Major Arterial,Intersection, ,No Control,Rain,Dusk,Wet,Non-Fatal Injury,Turning Movement,Driver,30 to 34,Minor,0,West,"Automobile, Station Wagon",Making U Turn,Improper Lane Change,Inattentive, , , , , , ,0,0,1,0,0,0,0,1,0,0,0,0,0,0
1349085,2013,3,27,19,23,2,43.68994538,-79.29379029,Beaches-East York (32),32,East End-Danforth (62),62,D55,Toronto East York,DANFORTH Ave,LUTTRELL Ave, ,Major Arterial,Intersection, ,No Control,Rain,Dusk,Wet,Non-Fatal Injury,Turning Movement,Passenger,50 to 54,Minor,0, ,Other, , , , , , , , , ,0,0,1,0,0,0,0,1,0,0,0,0,0,0
1349085,2013,3,27,19,23,2,43.68994538,-79.29379029,Beaches-East York (32),32,East End-Danforth (62),62,D55,Toronto East York,DANFORTH Ave,LUTTRELL Ave, ,Major Arterial,Intersection, ,No Control,Rain,Dusk,Wet,Non-Fatal Injury,Turning Movement,Passenger,30 to 34,Minor,0, ,Other, , , , , , , , , ,0,0,1,0,0,0,0,1,0,0,0,0,0,0
1299888,2012,4,24,18,35,1,43.69564538,-79.28479029,Scarborough Southwest (35),35,Oakridge (121),121,D41,Scarborough,ALBION AVE,PHARMACY AVE, ,Minor Arterial,Intersection,At Intersection,Stop Sign,Clear,Daylight,Wet,Non-Fatal Injury,Turning Movement,Driver,60 to 64,Major,0,East,"Automobile, Station Wagon",Going Ahead,Driving Properly,Normal, , , , , , ,0,0,1,0,0,0,0,0,0,1,0,0,0,0
1117245,2009,6,25,18,6,3,43.68224538,-79.43459029,Davenport (17),17,Oakwood Village (107),107,D13,Etobicoke York,GLENHURST AVE,ROSENEATH GDNS, ,Local,Intersection, ,Stop Sign,Clear,Daylight,Dry,Non-Fatal Injury,Pedestrian Collisions,Pedestrian,5 to 9,Major,0,South,Other, , , ,Vehicle is going straight thru inter.while ped cross without ROW,Running onto Roadway,Inattentive, , , ,1,0,1,0,0,0,0,0,0,0,0,0,0,0
1299888,2012,4,24,18,35,1,43.69564538,-79.28479029,Scarborough Southwest (35),35,Oakridge (121),121,D41,Scarborough,ALBION AVE,PHARMACY AVE, ,Minor Arterial,Intersection,At Intersection,Stop Sign,Clear,Daylight,Wet,Non-Fatal Injury,Turning Movement,Vehicle Owner,unknown, ,0, ,Other, , , , , , , , , ,0,0,1,0,0,0,0,0,0,1,0,0,0,0
1299888,2012,4,24,18,35,1,43.69564538,-79.28479029,Scarborough Southwest (35),35,Oakridge (121),121,D41,Scarborough,ALBION AVE,PHARMACY AVE, ,Minor Arterial,Intersection,At Intersection,Stop Sign,Clear,Daylight,Wet,Non-Fatal Injury,Turning Movement,Driver,35 to 39,,0,South,"Automobile, Station Wagon",Turning Right,Failed to Yield Right of Way,Normal, , , , , , ,0,0,1,0,0,0,0,0,0,1,0,0,0,0
1303894,2012,5,23,18,35,2,43.65764538,-79.35519029,Toronto Centre-Rosedale (28),28,Moss Park (73),73,D51,Toronto East York,QUEEN ST E,OLD BREWERY  LANE, ,Major Arterial,Mid-Block,At Intersection,No Control,Clear,Daylight,Dry,Non-Fatal Injury,Turning Movement,Driver,30 to 34,Major,0,East,"Automobile, Station Wagon",Going Ahead,Driving Properly,Normal, , , , , , ,0,0,1,0,0,0,0,0,0,1,0,0,0,0
1303894,2012,5,23,18,35,2,43.65764538,-79.35519029,Toronto Centre-Rosedale (28),28,Moss Park (73),73,D51,Toronto East York,QUEEN ST E,OLD BREWERY  LANE, ,Major Arterial,Mid-Block,At Intersection,No Control,Clear,Daylight,Dry,Non-Fatal Injury,Turning Movement,Vehicle Owner,unknown, ,0, ,Other, , , , , , , , , ,0,0,1,0,0,0,0,0,0,1,0,0,0,0
1303894,2012,5,23,18,35,2,43.65764538,-79.35519029,Toronto Centre-Rosedale (28),28,Moss Park (73),73,D51,Toronto East York,QUEEN ST E,OLD BREWERY  LANE, ,Major Arterial,Mid-Block,At Intersection,No Control,Clear,Daylight,Dry,Non-Fatal Injury,Turning Movement,Driver,60 to 64,Major,0,West,"Automobile, Station Wagon",Turning Left,Failed to Yield Right of Way,Normal, , , , , , ,0,0,1,0,0,0,0,0,0,1,0,0,0,0
6000414700,2016,3,9,18,35,2,43.7646633,-79.57332239,York West (7),7,Humber Summit (21),21,D31,Etobicoke York,STEELES AVE W,ISLINGTON AVE, ,Major Arterial,Mid-Block, ,No Control,Clear,Daylight,Dry,Fatal,Rear End,Motorcycle Driver,25 to 29,Fatal,16,West,Motorcycle,Going Ahead,Speed too Fast For Condition,Unknown, , , , , , ,0,0,0,1,0,0,0,0,1,1,0,0,0,1
969646,2007,4,17,18,36,1,43.65594538,-79.37979029,Toronto Centre-Rosedale (27),27,Church-Yonge Corridor (75),75,D51,Toronto East York,DUNDAS SQ,OKEEFE LANE, ,Local,Mid-Block, ,No Control,Clear,Daylight,Dry,Non-Fatal Injury,SMV Other,Vehicle Owner,unknown,,0, ,Other, , , , , , , , , ,0,0,0,1,0,0,0,0,0,0,0,0,0,0
1110181,2009,6,19,18,44,4,43.66064538,-79.36649029,Toronto Centre-Rosedale (28),28,Regent Park (72),72,D51,Toronto East York,PARLIAMENT ST,OAK ST, ,Minor Arterial,Intersection,At Intersection,Pedestrian Crossover,Clear,Daylight,Dry,Non-Fatal Injury,Cyclist Collisions,Passenger,30 to 34,,0, ,Other, , , , , , , , , ,0,1,1,0,0,0,0,1,0,1,0,0,0,0
969646,2007,4,17,18,36,1,43.65594538,-79.37979029,Toronto Centre-Rosedale (27),27,Church-Yonge Corridor (75),75,D51,Toronto East York,DUNDAS SQ,OKEEFE LANE, ,Local,Mid-Block, ,No Control,Clear,Daylight,Dry,Non-Fatal Injury,SMV Other,Motorcycle Driver,20 to 24,Major,0,West,Motorcycle,Going Ahead,Other,Inattentive, , , , , , ,0,0,0,1,0,0,0,0,0,0,0,0,0,0
969646,2007,4,17,18,36,1,43.65594538,-79.37979029,Toronto Centre-Rosedale (27),27,Church-Yonge Corridor (75),75,D51,Toronto East York,DUNDAS SQ,OKEEFE LANE, ,Local,Mid-Block, ,No Control,Clear,Daylight,Dry,Non-Fatal Injury,SMV Other,Other Property Owner,unknown,,0, ,Other, , , , , , , , , ,0,0,0,1,0,0,0,0,0,0,0,0,0,0
969646,2007,4,17,18,36,1,43.65594538,-79.37979029,Toronto Centre-Rosedale (27),27,Church-Yonge Corridor (75),75,D51,Toronto East York,DUNDAS SQ,OKEEFE LANE, ,Local,Mid-Block, ,No Control,Clear,Daylight,Dry,Non-Fatal Injury,SMV Other,Other Property Owner,unknown,,0, ,Other, , , , , , , , , ,0,0,0,1,0,0,0,0,0,0,0,0,0,0
996697,2007,10,9,18,36,1,43.65584538,-79.39919029,Trinity-Spadina (20),20,Kensington-Chinatown (78),78,D52,Toronto East York,SPADINA AVE,NASSAU ST, ,Major Arterial,Intersection,At Intersection,Traffic Signal,Clear,Daylight,Dry,Non-Fatal Injury,Turning Movement,Passenger,30 to 34,Minor,0, ,Other, , , , , , , , , ,0,0,1,0,0,1,0,1,0,1,1,0,0,0
6001139376,2016,6,29,19,8,2,43.67987784,-79.48225794,York South-Weston (11),11,Rockcliffe-Smythe (111),111,D12,Etobicoke York,99 HUMBER BLVD, , ,Local,Mid-Block,At Intersection,No Control,Clear,Daylight,Dry,Non-Fatal Injury,Cyclist Collisions,Driver,35 to 39,,0,North,Pick Up Truck,Going Ahead,Driving Properly,Normal, , , , , , ,0,1,1,0,0,0,0,0,0,0,0,0,0,0
1024408,2008,2,15,19,0,4,43.78094538,-79.30899029,Scarborough-Agincourt (40),40,Tam O'Shanter-Sullivan (118),118,D42,Scarborough,WARDEN AVE,BOWATER DR, ,Major Arterial,Intersection, ,No Control,Clear,Dark,Dry,Non-Fatal Injury,Pedestrian Collisions,Driver,unknown,,0,South,"Automobile, Station Wagon",Going Ahead,Driving Properly,Unknown, , , , , , ,1,0,1,0,0,0,0,0,0,0,0,0,0,0
996697,2007,10,9,18,36,1,43.65584538,-79.39919029,Trinity-Spadina (20),20,Kensington-Chinatown (78),78,D52,Toronto East York,SPADINA AVE,NASSAU ST, ,Major Arterial,Intersection,At Intersection,Traffic Signal,Clear,Daylight,Dry,Non-Fatal Injury,Turning Movement,Driver,35 to 39,Major,0,South,"Automobile, Station Wagon",Making U Turn,Disobeyed Traffic Control,Inattentive, , , , , , ,0,0,1,0,0,1,0,1,0,1,1,0,0,0
996697,2007,10,9,18,36,1,43.65584538,-79.39919029,Trinity-Spadina (20),20,Kensington-Chinatown (78),78,D52,Toronto East York,SPADINA AVE,NASSAU ST, ,Major Arterial,Intersection,At Intersection,Traffic Signal,Clear,Daylight,Dry,Non-Fatal Injury,Turning Movement,Vehicle Owner,unknown, ,0, ,Other, , , , , , , , , ,0,0,1,0,0,1,0,1,0,1,1,0,0,0
996697,2007,10,9,18,36,1,43.65584538,-79.39919029,Trinity-Spadina (20),20,Kensington-Chinatown (78),78,D52,Toronto East York,SPADINA AVE,NASSAU ST, ,Major Arterial,Intersection,At Intersection,Traffic Signal,Clear,Daylight,Dry,Non-Fatal Injury,Turning Movement,Driver,25 to 29,,0,South,Municipal Transit Bus (TTC),Going Ahead,Driving Properly,Normal, , , , , , ,0,0,1,0,0,1,0,1,0,1,1,0,0,0
1003217,2007,11,6,18,36,1,43.77454538,-79.25219029,Scarborough Centre (38),38,Woburn (137),137,D43,Scarborough,BUSHBY DR,MCCOWAN RD, ,Major Arterial,Intersection, ,Traffic Signal,Rain,Dusk,Wet,Non-Fatal Injury,Pedestrian Collisions,Vehicle Owner,unknown, ,0, ,Other, , , , , , , , , ,1,0,1,0,0,0,0,0,0,1,0,0,0,0
1003217,2007,11,6,18,36,1,43.77454538,-79.25219029,Scarborough Centre (38),38,Woburn (137),137,D43,Scarborough,BUSHBY DR,MCCOWAN RD, ,Major Arterial,Intersection, ,Traffic Signal,Rain,Dusk,Wet,Non-Fatal Injury,Pedestrian Collisions,Driver,60 to 64,,0,South,"Automobile, Station Wagon",Turning Left,Failed to Yield Right of Way,Had Been Drinking, , , , , , ,1,0,1,0,0,0,0,0,0,1,0,0,0,0
1003217,2007,11,6,18,36,1,43.77454538,-79.25219029,Scarborough Centre (38),38,Woburn (137),137,D43,Scarborough,BUSHBY DR,MCCOWAN RD, ,Major Arterial,Intersection, ,Traffic Signal,Rain,Dusk,Wet,Non-Fatal Injury,Pedestrian Collisions,Pedestrian,30 to 34,Major,0,South,Other, , , ,Vehicle turns left while ped crosses with ROW at inter.,Crossing with right of way,Normal, , , ,1,0,1,0,0,0,0,0,0,1,0,0,0,0
1067165,2008,10,29,18,36,2,43.65574538,-79.38379029,Toronto Centre-Rosedale (27),27,Bay Street Corridor (76),76,D52,Toronto East York,BAY ST,DUNDAS ST W, ,Major Arterial,Intersection,At Intersection,Traffic Signal,Clear,Dark,Dry,Non-Fatal Injury,Pedestrian Collisions,Passenger,50 to 54,,0, ,Other, , , , , , , , , ,1,0,1,0,0,0,0,1,1,1,0,0,0,0
1067165,2008,10,29,18,36,2,43.65574538,-79.38379029,Toronto Centre-Rosedale (27),27,Bay Street Corridor (76),76,D52,Toronto East York,BAY ST,DUNDAS ST W, ,Major Arterial,Intersection,At Intersection,Traffic Signal,Clear,Dark,Dry,Non-Fatal Injury,Pedestrian Collisions,Vehicle Owner,unknown, ,0, ,Other, , , , , , , , , ,1,0,1,0,0,0,0,1,1,1,0,0,0,0
1067165,2008,10,29,18,36,2,43.65574538,-79.38379029,Toronto Centre-Rosedale (27),27,Bay Street Corridor (76),76,D52,Toronto East York,BAY ST,DUNDAS ST W, ,Major Arterial,Intersection,At Intersection,Traffic Signal,Clear,Dark,Dry,Non-Fatal Injury,Pedestrian Collisions,Driver,65 to 69,,0,North,"Automobile, Station Wagon",Turning Left,Improper Turn,Normal, , , , , , ,1,0,1,0,0,0,0,1,1,1,0,0,0,0
1067165,2008,10,29,18,36,2,43.65574538,-79.38379029,Toronto Centre-Rosedale (27),27,Bay Street Corridor (76),76,D52,Toronto East York,BAY ST,DUNDAS ST W, ,Major Arterial,Intersection,At Intersection,Traffic Signal,Clear,Dark,Dry,Non-Fatal Injury,Pedestrian Collisions,Passenger,20 to 24,,0, ,Other, , , , , , , , , ,1,0,1,0,0,0,0,1,1,1,0,0,0,0
1080622,2008,12,9,18,30,1,43.67584538,-79.40749029,St. Paul's (21),21,Casa Loma (96),96,D13,Toronto East York,MACPHERSON AVE,SPADINA RD, ,Minor Arterial,Intersection,At Intersection,No Control,Rain,Dark,Wet,Non-Fatal Injury,Pedestrian Collisions,Vehicle Owner,unknown, ,0, ,Other, , , , , , , , , ,1,0,1,0,0,0,0,0,0,0,0,0,0,0
1067165,2008,10,29,18,36,2,43.65574538,-79.38379029,Toronto Centre-Rosedale (27),27,Bay Street Corridor (76),76,D52,Toronto East York,BAY ST,DUNDAS ST W, ,Major Arterial,Intersection,At Intersection,Traffic Signal,Clear,Dark,Dry,Non-Fatal Injury,Pedestrian Collisions,Driver,20 to 24,,0,South,"Automobile, Station Wagon",Changing Lanes,Lost control,Unknown, , , , , , ,1,0,1,0,0,0,0,1,1,1,0,0,0,0
1067165,2008,10,29,18,36,2,43.65574538,-79.38379029,Toronto Centre-Rosedale (27),27,Bay Street Corridor (76),76,D52,Toronto East York,BAY ST,DUNDAS ST W, ,Major Arterial,Intersection,At Intersection,Traffic Signal,Clear,Dark,Dry,Non-Fatal Injury,Pedestrian Collisions,Pedestrian,20 to 24,Major,0, ,Other, , , ,Pedestrian hit on sidewalk or shoulder,On Sidewalk or Shoulder,Normal, , , ,1,0,1,0,0,0,0,1,1,1,0,0,0,0
1304929,2012,5,29,18,36,1,43.69094538,-79.37619029,Toronto Centre-Rosedale (27),27,Rosedale-Moore Park (98),98,D53,Toronto East York,HUDSON DR,INGLEWOOD DR E, ,Local,Mid-Block, ,No Control,Clear,Daylight,Dry,Non-Fatal Injury,SMV Unattended Vehicle,Driver,75 to 79,Major,0,North,"Automobile, Station Wagon",Reversing,Other,Normal, , , , , , ,0,0,1,0,0,0,0,0,1,1,0,0,0,0
1304929,2012,5,29,18,36,1,43.69094538,-79.37619029,Toronto Centre-Rosedale (27),27,Rosedale-Moore Park (98),98,D53,Toronto East York,HUDSON DR,INGLEWOOD DR E, ,Local,Mid-Block, ,No Control,Clear,Daylight,Dry,Non-Fatal Injury,SMV Unattended Vehicle,Other,unknown,,0,South,Other,Parked, , , , , , , , ,0,0,1,0,0,0,0,0,1,1,0,0,0,0
1304929,2012,5,29,18,36,1,43.69094538,-79.37619029,Toronto Centre-Rosedale (27),27,Rosedale-Moore Park (98),98,D53,Toronto East York,HUDSON DR,INGLEWOOD DR E, ,Local,Mid-Block, ,No Control,Clear,Daylight,Dry,Non-Fatal Injury,SMV Unattended Vehicle,Other,unknown,,0,North,Other,Parked, , , , , , , , ,0,0,1,0,0,0,0,0,1,1,0,0,0,0
1304929,2012,5,29,18,36,1,43.69094538,-79.37619029,Toronto Centre-Rosedale (27),27,Rosedale-Moore Park (98),98,D53,Toronto East York,HUDSON DR,INGLEWOOD DR E, ,Local,Mid-Block, ,No Control,Clear,Daylight,Dry,Non-Fatal Injury,SMV Unattended Vehicle,Other,unknown,,0,North,Other,Parked, , , , , , , , ,0,0,1,0,0,0,0,0,1,1,0,0,0,0
4001560471,2014,2,19,18,36,2,43.71491583,-79.33418665,Don Valley West (26),26,Flemingdon Park (44),44,D54,North York,GRENOBLE DR,GATEWAY BLVD, ,Minor Arterial,Intersection,Intersection Related,Traffic Signal,Clear,"Dark, artificial",Dry,Non-Fatal Injury,Pedestrian Collisions,Driver,unknown,,0,South,"Automobile, Station Wagon",Turning Right,Failed to Yield Right of Way,Inattentive, , , , , , ,1,0,1,0,0,0,0,0,0,1,0,0,0,0
4001560471,2014,2,19,18,36,2,43.71491583,-79.33418665,Don Valley West (26),26,Flemingdon Park (44),44,D54,North York,GRENOBLE DR,GATEWAY BLVD, ,Minor Arterial,Intersection,Intersection Related,Traffic Signal,Clear,"Dark, artificial",Dry,Non-Fatal Injury,Pedestrian Collisions,Pedestrian,60 to 64,Major,0,South, , , , ,Vehicle turns right while ped crosses with ROW at inter.,Crossing with right of way,Normal, , , ,1,0,1,0,0,0,0,0,0,1,0,0,0,0
4002339341,2014,6,21,18,36,5,43.67927511,-79.52528773,Etobicoke Centre (4),4,Edenbridge-Humber Valley (9),9,D22,Etobicoke York,ROYAL YORK RD,ALLANHURST DR, ,Minor Arterial,Intersection,At Intersection,Traffic Signal,Clear,Daylight,Dry,Non-Fatal Injury,Turning Movement,Driver,50 to 54,,0,North,"Automobile, Station Wagon",Turning Left,Failed to Yield Right of Way,Inattentive, , , , , , ,0,0,1,0,0,0,0,1,0,1,0,0,0,0
4002339341,2014,6,21,18,36,5,43.67927511,-79.52528773,Etobicoke Centre (4),4,Edenbridge-Humber Valley (9),9,D22,Etobicoke York,ROYAL YORK RD,ALLANHURST DR, ,Minor Arterial,Intersection,At Intersection,Traffic Signal,Clear,Daylight,Dry,Non-Fatal Injury,Turning Movement,Driver,65 to 69,Major,0,South,"Automobile, Station Wagon",Going Ahead,Driving Properly,Normal, , , , , , ,0,0,1,0,0,0,0,1,0,1,0,0,0,0