ACCNUM,YEAR,MONTH,DAY,HOUR,MINUTES,WEEKDAY,LATITUDE,LONGITUDE,Ward_Name,Ward_ID,Hood_Name,Hood_ID,Division,District,STREET1,STREET2,OFFSET,ROAD_CLASS,LOCCOORD,ACCLOC,TRAFFCTL,VISIBILITY,LIGHT,RDSFCOND,ACCLASS,IMPACTYPE,INVTYPE,INVAGE,INJURY,FATAL_NO,INITDIR,VEHTYPE,MANOEUVER,DRIVACT,DRIVCOND,PEDTYPE,PEDACT,PEDCOND,CYCLISTYPE,CYCACT,CYCCOND,PEDESTRIAN,CYCLIST,AUTOMOBILE,MOTORCYCLE,TRUCK,TRSN_CITY_VEH,EMERG_VEH,PASSENGER,SPEEDING,AG_DRIV,REDLIGHT,ALCOHOL,DISABILITY,label
4002339341,2014,6,21,18,36,5,43.67927511,-79.52528773,Etobicoke Centre (4),4,Edenbridge-Humber Valley (9),9,D22,Etobicoke York,ROYAL YORK RD,ALLANHURST DR, ,Minor Arterial,Intersection,At Intersection,Traffic Signal,Clear,Daylight,Dry,Non-Fatal Injury,Turning Movement,Passenger,65 to 69,Minor,0, , , , , , , , , , , ,0,0,1,0,0,0,0,1,0,1,0,0,0,0
5001910400,2015,11,6,18,36,4,43.73489722,-79.450451,York Centre (9),9,Clanton Park (33),33,D32,North York,WILLIAM R ALLEN RD S,WILSON AVE,90 m North of,Expressway,Mid-Block,Non Intersection,No Control,Clear,"Dark, artificial",Dry,Non-Fatal Injury,Rear End,Driver,20 to 24,Major,0,South,"Automobile, Station Wagon",Going Ahead,Speed too Fast For Condition,Inattentive, , , , , , ,0,0,1,0,0,0,0,0,1,1,0,0,0,0
5001910400,2015,11,6,18,36,4,43.73489722,-79.450451,York Centre (9),9,Clanton Park (33),33,D32,North York,WILLIAM R ALLEN RD S,WILSON AVE,90 m North of,Expressway,Mid-Block,Non Intersection,No Control,Clear,"Dark, artificial",Dry,Non-Fatal Injury,Rear End,Driver,35 to 39,Major,0,South,"Automobile, Station Wagon",Going Ahead,Driving Properly,Normal, , , , , , ,0,0,1,0,0,0,0,0,1,1,0,0,0,0
6002165166,2016,12,6,18,36,1,43.63888891,-79.42733393,Parkdale-High Park (14),14,South Parkdale (85),85,D14,Toronto East York,DUFFERIN ST,KING ST W, ,Major Arterial,Intersection,At Intersection,Traffic Signal,Rain,"Dark, artificial",Wet,Non-Fatal Injury,Pedestrian Collisions,Driver,20 to 24,,0,South,"Automobile, Station Wagon",Turning Left,Driving Properly,Normal, , , , , , ,1,0,1,0,0,0,0,0,0,0,0,0,0,0
6002165166,2016,12,6,18,36,1,43.63888891,-79.42733393,Parkdale-High Park (14),14,South Parkdale (85),85,D14,Toronto East York,DUFFERIN ST,KING ST W, ,Major Arterial,Intersection,At Intersection,Traffic Signal,Rain,"Dark, artificial",Wet,Non-Fatal Injury,Pedestrian Collisions,Pedestrian,80 to 84,Major,0,South, , , , ,Vehicle turns left while ped crosses without ROW at inter.,Crossing without right of way,Inattentive, , , ,1,0,1,0,0,0,0,0,0,0,0,0,0,0
1230701,2011,4,30,18,37,5,43.64904538,-79.35619029,Toronto Centre-Rosedale (28),28,Waterfront Communities-The Island (77),77,D51,Toronto East York,F G GARDINER XY Expr E,CHERRY ST, ,Expressway,Intersection, ,No Control,Clear,Daylight,Dry,Fatal,SMV Other,Motorcycle Driver,25 to 29,Fatal,8,East,Motorcycle,Going Ahead,Exceeding Speed Limit,Had Been Drinking, , , , , , ,0,0,1,1,0,0,0,0,1,1,0,0,0,1
1230701,2011,4,30,18,37,5,43.64904538,-79.35619029,Toronto Centre-Rosedale (28),28,Waterfront Communities-The Island (77),77,D51,Toronto East York,F G GARDINER XY Expr E,CHERRY ST, ,Expressway,Intersection, ,No Control,Clear,Daylight,Dry,Fatal,SMV Other,Driver,25 to 29,,0,West,"Automobile, Station Wagon",Going Ahead,Driving Properly,Normal, , , , , , ,0,0,1,1,0,0,0,0,1,1,0,0,0,1
3001182464,2013,12,19,18,37,3,43.62396582,-79.48367701,Etobicoke-Lakeshore (6),6,Mimico (includes Humber Bay Shores) (17),17,D22,Etobicoke York,90 PARK LAWN RD, , ,Major Arterial,Mid-Block,Non Intersection,No Control,Clear,"Dark, artificial",Dry,Non-Fatal Injury,Pedestrian Collisions,Driver,20 to 24,,0,South,"Automobile, Station Wagon",Going Ahead,Driving Properly,Normal, , , , , , ,1,0,1,0,0,0,0,0,0,0,0,0,0,0
3001182464,2013,12,19,18,37,3,43.62396582,-79.48367701,Etobicoke-Lakeshore (6),6,Mimico (includes Humber Bay Shores) (17),17,D22,Etobicoke York,90 PARK LAWN RD, , ,Major Arterial,Mid-Block,Non Intersection,No Control,Clear,"Dark, artificial",Dry,Non-Fatal Injury,Pedestrian Collisions,Pedestrian,40 to 44,Major,0,East, , , , ,Pedestrian hit at mid-block,"Crossing, no Traffic Control",Normal, , , ,1,0,1,0,0,0,0,0,0,0,0,0,0,0
6002165176,2016,12,6,18,37,1,43.65323218,-79.37510309,Toronto Centre-Rosedale (28),28,Church-Yonge Corridor (75),75,D51,Toronto East York,Queen St E,Dalhousie St,15 m East of,Major Arterial,Mid-Block,Non Intersection,No Control,Rain,"Dark, artificial",Wet,Non-Fatal Injury,Pedestrian Collisions,Driver,35 to 39,,0,East,"Automobile, Station Wagon",Going Ahead,Driving Properly,Normal, , , , , , ,1,0,1,0,0,0,0,0,0,0,0,0,0,0
6002165176,2016,12,6,18,37,1,43.65323218,-79.37510309,Toronto Centre-Rosedale (28),28,Church-Yonge Corridor (75),75,D51,Toronto East York,Queen St E,Dalhousie St,15 m East of,Major Arterial,Mid-Block,Non Intersection,No Control,Rain,"Dark, artificial",Wet,Non-Fatal Injury,Pedestrian Collisions,Pedestrian,75 to 79,Minor,0,South, , , , ,Vehicle is going straight thru inter.while ped cross without ROW,"Crossing, no Traffic Control",Normal, , , ,1,0,1,0,0,0,0,0,0,0,0,0,0,0
6002165176,2016,12,6,18,37,1,43.65323218,-79.37510309,Toronto Centre-Rosedale (28),28,Church-Yonge Corridor (75),75,D51,Toronto East York,Queen St E,Dalhousie St,15 m East of,Major Arterial,Mid-Block,Non Intersection,No Control,Rain,"Dark, artificial",Wet,Non-Fatal Injury,Pedestrian Collisions,Pedestrian,70 to 74,Major,0,South, , , , ,Pedestrian hit at mid-block,Crossing with right of way,Normal, , , ,1,0,1,0,0,0,0,0,0,0,0,0,0,0
1041105,2008,6,1,18,38,6,43.69684538,-79.52969029,Etobicoke North (2),2,Humber Heights-Westmount (8),8,D23,Etobicoke York,LAWRENCE Ave W,ROXALINE St, ,Minor Arterial,Intersection,At Intersection,Stop Sign,Clear,Daylight,Dry,Non-Fatal Injury,Angle,Driver,50 to 54,,0,West,"Automobile, Station Wagon",Going Ahead,Driving Properly,Normal, , , , , , ,0,0,1,0,0,0,0,0,0,1,0,0,0,0
1041105,2008,6,1,18,38,6,43.69684538,-79.52969029,Etobicoke North (2),2,Humber Heights-Westmount (8),8,D23,Etobicoke York,LAWRENCE Ave W,ROXALINE St, ,Minor Arterial,Intersection,At Intersection,Stop Sign,Clear,Daylight,Dry,Non-Fatal Injury,Angle,Driver,15 to 19,Major,0,South,"Automobile, Station Wagon",Going Ahead,Disobeyed Traffic Control,Inattentive, , , , , , ,0,0,1,0,0,0,0,0,0,1,0,0,0,0
1041588,2008,6,4,18,38,2,43.79854538,-79.14579029,Scarborough East (44),44,Centennial Scarborough (133),133,D42,Scarborough,PORT UNION Road,KINGSTON Road, ,Major Arterial,Intersection,At Intersection,No Control,Clear,Daylight,Dry,Non-Fatal Injury,Angle,Driver,60 to 64,,0, ,"Automobile, Station Wagon",Going Ahead, , , , , , , , ,0,0,1,0,0,0,0,0,0,0,0,0,0,0
1041588,2008,6,4,18,38,2,43.79854538,-79.14579029,Scarborough East (44),44,Centennial Scarborough (133),133,D42,Scarborough,PORT UNION Road,KINGSTON Road, ,Major Arterial,Intersection,At Intersection,No Control,Clear,Daylight,Dry,Non-Fatal Injury,Angle,Driver,65 to 69,Major,0, ,"Automobile, Station Wagon",Changing Lanes, , , , , , , , ,0,0,1,0,0,0,0,0,0,0,0,0,0,0
1046409,2008,6,24,18,38,1,43.65334662,-79.34148798,Toronto-Danforth (30),30,South Riverdale (70),70,D55,Toronto East York,F G GARDINER XY  W,LAKE SHORE BLVD E, ,Expressway Ramp,Entrance Ramp Westbound, ,No Control,Clear,Daylight,Dry,Non-Fatal Injury,Sideswipe,Motorcycle Driver,35 to 39,Major,0,West,Motorcycle,Going Ahead,Driving Properly,Normal, , , , , , ,0,0,1,1,0,0,0,0,1,1,0,0,0,0
1046409,2008,6,24,18,38,1,43.65334662,-79.34148798,Toronto-Danforth (30),30,South Riverdale (70),70,D55,Toronto East York,F G GARDINER XY  W,LAKE SHORE BLVD E, ,Expressway Ramp,Entrance Ramp Westbound, ,No Control,Clear,Daylight,Dry,Non-Fatal Injury,Sideswipe,Driver,50 to 54,,0,West,"Automobile, Station Wagon",Changing Lanes,Improper Lane Change,Normal, , , , , , ,0,0,1,1,0,0,0,0,1,1,0,0,0,0
1059399,2008,9,17,18,38,2,43.67394538,-79.30789029,Beaches-East York (32),32,The Beaches (63),63,D55,Toronto East York,KINGSTON RD,WOODBINE AVE, ,Major Arterial,Intersection,At Intersection,Traffic Signal,Clear,Daylight,Dry,Fatal,Approaching,Vehicle Owner,unknown, ,0, ,Other, , , , , , , , , ,0,0,1,0,1,0,0,0,0,0,0,0,1,1
1059399,2008,9,17,18,38,2,43.67394538,-79.30789029,Beaches-East York (32),32,The Beaches (63),63,D55,Toronto East York,KINGSTON RD,WOODBINE AVE, ,Major Arterial,Intersection,At Intersection,Traffic Signal,Clear,Daylight,Dry,Fatal,Approaching,Truck Driver,45 to 49,Fatal,40,West,Truck - Open,Going Ahead,Lost control,Medical or Physical Disability, , , , , , ,0,0,1,0,1,0,0,0,0,0,0,0,1,1
1059399,2008,9,17,18,38,2,43.67394538,-79.30789029,Beaches-East York (32),32,The Beaches (63),63,D55,Toronto East York,KINGSTON RD,WOODBINE AVE, ,Major Arterial,Intersection,At Intersection,Traffic Signal,Clear,Daylight,Dry,Fatal,Approaching,Vehicle Owner,unknown, ,0, ,Other, , , , , , , , , ,0,0,1,0,1,0,0,0,0,0,0,0,1,1
1059399,2008,9,17,18,38,2,43.67394538,-79.30789029,Beaches-East York (32),32,The Beaches (63),63,D55,Toronto East York,KINGSTON RD,WOODBINE AVE, ,Major Arterial,Intersection,At Intersection,Traffic Signal,Clear,Daylight,Dry,Fatal,Approaching,Driver,50 to 54,,0,East,"Automobile, Station Wagon",Stopped,Driving Properly,Normal, , , , , , ,0,0,1,0,1,0,0,0,0,0,0,0,1,1
1116367,2009,6,21,18,38,6,43.67954538,-79.34179029,Toronto-Danforth (30),30,Blake-Jones (69),69,D55,Toronto East York,DANFORTH AVE,WOODYCREST AVE, ,Major Arterial,Intersection, ,No Control,Clear,Daylight,Dry,Non-Fatal Injury,Cyclist Collisions,Driver,30 to 34,,0,East,"Automobile, Station Wagon",Parked,Other,Inattentive, , , , , , ,0,1,1,0,0,0,0,0,0,0,0,0,0,0
1116367,2009,6,21,18,38,6,43.67954538,-79.34179029,Toronto-Danforth (30),30,Blake-Jones (69),69,D55,Toronto East York,DANFORTH AVE,WOODYCREST AVE, ,Major Arterial,Intersection, ,No Control,Clear,Daylight,Dry,Non-Fatal Injury,Cyclist Collisions,Cyclist,35 to 39,Major,0,East,Bicycle,Overtaking, , , , , ,Cyclist struck opened vehicle door,Driving Properly,Normal,0,1,1,0,0,0,0,0,0,0,0,0,0,0
1372004,2013,8,23,18,38,4,43.68315466,-79.47638331,York South-Weston (12),12,Keelesdale-Eglinton West (110),110,D12,Etobicoke York,HYDE AVE,VALLEY CRES, ,Local,Intersection, ,Stop Sign,Clear,Daylight,Dry,Non-Fatal Injury,Turning Movement,Passenger,10 to 14,Minimal,0, ,Other, , , , , , , , , ,0,0,1,1,0,0,0,1,0,1,0,0,0,0
1372004,2013,8,23,18,38,4,43.68315466,-79.47638331,York South-Weston (12),12,Keelesdale-Eglinton West (110),110,D12,Etobicoke York,HYDE AVE,VALLEY CRES, ,Local,Intersection, ,Stop Sign,Clear,Daylight,Dry,Non-Fatal Injury,Turning Movement,Vehicle Owner,unknown, ,0, ,Other, , , , , , , , , ,0,0,1,1,0,0,0,1,0,1,0,0,0,0
1372004,2013,8,23,18,38,4,43.68315466,-79.47638331,York South-Weston (12),12,Keelesdale-Eglinton West (110),110,D12,Etobicoke York,HYDE AVE,VALLEY CRES, ,Local,Intersection, ,Stop Sign,Clear,Daylight,Dry,Non-Fatal Injury,Turning Movement,Driver,40 to 44,,0,East,"Automobile, Station Wagon",Stopped,Driving Properly,Normal, , , , , , ,0,0,1,1,0,0,0,1,0,1,0,0,0,0
1372004,2013,8,23,18,38,4,43.68315466,-79.47638331,York South-Weston (12),12,Keelesdale-Eglinton West (110),110,D12,Etobicoke York,HYDE AVE,VALLEY CRES, ,Local,Intersection, ,Stop Sign,Clear,Daylight,Dry,Non-Fatal Injury,Turning Movement,Motorcycle Driver,20 to 24,Major,0,South,Motorcycle,Turning Right,Failed to Yield Right of Way,Normal, , , , , , ,0,0,1,1,0,0,0,1,0,1,0,0,0,0
5000207057,2015,2,4,18,38,2,43.65258749,-79.41145716,Trinity-Spadina (19),19,Trinity-Bellwoods (81),81,D14,Toronto East York,273 MANNING AVE, , ,Local,Mid-Block,Non Intersection,No Control,Snow,"Dark, artificial",Packed Snow,Non-Fatal Injury,SMV Other,Driver,30 to 34,Major,0,South,Delivery Van,Other,Lost control,Medical or Physical Disability, , , , , , ,0,0,1,0,0,0,0,0,0,0,0,0,1,0
972774,2007,5,22,18,40,1,43.78014538,-79.35009029,Don Valley East (33),33,Don Valley Village (47),47,D33,North York,DON MILLS RD W,ESTERBROOKE AVE, ,Major Arterial,Mid-Block, ,No Control,Clear,Daylight,Dry,Non-Fatal Injury,SMV Other,Motorcycle Driver,20 to 24,Major,0,South,Motorcycle,Going Ahead,Lost control,Inattentive, , , , , , ,0,0,0,1,0,0,0,0,1,1,0,0,0,0
1015704,2008,1,11,18,40,4,43.79674538,-79.23579029,Scarborough-Rouge River (42),42,Malvern (132),132,D42,Scarborough,MALVERN ST,MAMMOTH HALL TRL, ,Collector,Intersection,At Intersection,Stop Sign,Clear,Dark,Dry,Non-Fatal Injury,Pedestrian Collisions,Vehicle Owner,unknown, ,0, ,Other, , , , , , , , , ,1,0,1,0,0,0,0,0,0,1,0,0,0,0
1015704,2008,1,11,18,40,4,43.79674538,-79.23579029,Scarborough-Rouge River (42),42,Malvern (132),132,D42,Scarborough,MALVERN ST,MAMMOTH HALL TRL, ,Collector,Intersection,At Intersection,Stop Sign,Clear,Dark,Dry,Non-Fatal Injury,Pedestrian Collisions,Driver,35 to 39,,0,South,"Automobile, Station Wagon",Going Ahead,Disobeyed Traffic Control,Inattentive, , , , , , ,1,0,1,0,0,0,0,0,0,1,0,0,0,0
1015704,2008,1,11,18,40,4,43.79674538,-79.23579029,Scarborough-Rouge River (42),42,Malvern (132),132,D42,Scarborough,MALVERN ST,MAMMOTH HALL TRL, ,Collector,Intersection,At Intersection,Stop Sign,Clear,Dark,Dry,Non-Fatal Injury,Pedestrian Collisions,Pedestrian,60 to 64,Major,0,East,Other, , , ,Vehicle is going straight thru inter.while ped cross with ROW,Crossing with right of way,Normal, , , ,1,0,1,0,0,0,0,0,0,1,0,0,0,0
1045205,2008,5,20,18,40,1,43.68274538,-79.42019029,St. Paul's (21),21,Wychwood (94),94,D13,Toronto East York,ST CLAIR AVE W,VAUGHAN RD, ,Major Arterial,Intersection,At Intersection,Traffic Signal,Clear,Daylight,Dry,Non-Fatal Injury,Rear End,Driver,50 to 54,Major,0,East,"Automobile, Station Wagon",Stopped,Driving Properly,Normal, , , , , , ,0,0,1,0,0,0,0,0,0,1,0,0,0,0
1045205,2008,5,20,18,40,1,43.68274538,-79.42019029,St. Paul's (21),21,Wychwood (94),94,D13,Toronto East York,ST CLAIR AVE W,VAUGHAN RD, ,Major Arterial,Intersection,At Intersection,Traffic Signal,Clear,Daylight,Dry,Non-Fatal Injury,Rear End,Driver,40 to 44,Minor,0,East,"Automobile, Station Wagon",Stopped,Driving Properly,Normal, , , , , , ,0,0,1,0,0,0,0,0,0,1,0,0,0,0
1045205,2008,5,20,18,40,1,43.68274538,-79.42019029,St. Paul's (21),21,Wychwood (94),94,D13,Toronto East York,ST CLAIR AVE W,VAUGHAN RD, ,Major Arterial,Intersection,At Intersection,Traffic Signal,Clear,Daylight,Dry,Non-Fatal Injury,Rear End,Vehicle Owner,unknown, ,0, ,Other, , , , , , , , , ,0,0,1,0,0,0,0,0,0,1,0,0,0,0
1045205,2008,5,20,18,40,1,43.68274538,-79.42019029,St. Paul's (21),21,Wychwood (94),94,D13,Toronto East York,ST CLAIR AVE W,VAUGHAN RD, ,Major Arterial,Intersection,At Intersection,Traffic Signal,Clear,Daylight,Dry,Non-Fatal Injury,Rear End,Driver,40 to 44,,0,East,"Automobile, Station Wagon",Going Ahead,Following too Close,Inattentive, , , , , , ,0,0,1,0,0,0,0,0,0,1,0,0,0,0
1047045,2008,6,15,18,40,6,43.71174538,-79.56669029,Etobicoke North (2),2,Rexdale-Kipling (4),4,D23,Etobicoke York,REXDALE BLVD,KIPLING AVE, ,Major Arterial,Intersection,At Intersection,Traffic Signal,Rain,Dark,Wet,Non-Fatal Injury,SMV Other,Driver,25 to 29,Minor,0,East,"Automobile, Station Wagon",Going Ahead,Driving Properly,Normal, , , , , , ,0,0,1,0,0,0,0,0,0,1,0,0,0,0
1047045,2008,6,15,18,40,6,43.71174538,-79.56669029,Etobicoke North (2),2,Rexdale-Kipling (4),4,D23,Etobicoke York,REXDALE BLVD,KIPLING AVE, ,Major Arterial,Intersection,At Intersection,Traffic Signal,Rain,Dark,Wet,Non-Fatal Injury,SMV Other,Driver,45 to 49,Major,0,West,"Automobile, Station Wagon",Turning Left,Failed to Yield Right of Way,Normal, , , , , , ,0,0,1,0,0,0,0,0,0,1,0,0,0,0
1047045,2008,6,15,18,40,6,43.71174538,-79.56669029,Etobicoke North (2),2,Rexdale-Kipling (4),4,D23,Etobicoke York,REXDALE BLVD,KIPLING AVE, ,Major Arterial,Intersection,At Intersection,Traffic Signal,Rain,Dark,Wet,Non-Fatal Injury,SMV Other,Other Property Owner,unknown, ,0, ,Other, , , , , , , , , ,0,0,1,0,0,0,0,0,0,1,0,0,0,0
1098588,2009,3,17,18,40,1,43.69024538,-79.48349029,York South-Weston (12),12,Beechborough-Greenbrook (112),112,D12,Etobicoke York,BLACK CREEK DR,EGLINTON AVE W, ,Major Arterial,Mid-Block,At Intersection,No Control,Clear,Daylight,Dry,Non-Fatal Injury,Rear End,Driver,65 to 69,,0,South,"Automobile, Station Wagon",Stopped,Driving Properly,Normal, , , , , , ,0,0,1,0,0,0,0,0,0,1,0,0,0,0
1098588,2009,3,17,18,40,1,43.69024538,-79.48349029,York South-Weston (12),12,Beechborough-Greenbrook (112),112,D12,Etobicoke York,BLACK CREEK DR,EGLINTON AVE W, ,Major Arterial,Mid-Block,At Intersection,No Control,Clear,Daylight,Dry,Non-Fatal Injury,Rear End,Vehicle Owner,unknown, ,0, ,Other, , , , , , , , , ,0,0,1,0,0,0,0,0,0,1,0,0,0,0
1098588,2009,3,17,18,40,1,43.69024538,-79.48349029,York South-Weston (12),12,Beechborough-Greenbrook (112),112,D12,Etobicoke York,BLACK CREEK DR,EGLINTON AVE W, ,Major Arterial,Mid-Block,At Intersection,No Control,Clear,Daylight,Dry,Non-Fatal Injury,Rear End,Driver,20 to 24,Major,0,South,"Automobile, Station Wagon",Going Ahead,Following too Close,Inattentive, , , , , , ,0,0,1,0,0,0,0,0,0,1,0,0,0,0
1219842,2011,2,23,18,40,2,43.64304538,-79.53079029,Etobicoke-Lakeshore (5),5,Islington-City Centre West (14),14,D22,Etobicoke York,BLOOR ST W,RESURRECTION RD, ,Major Arterial,Intersection, ,Traffic Signal,Clear,Dark,Dry,Non-Fatal Injury,Pedestrian Collisions,Vehicle Owner,unknown, ,0, ,Other, , , , , , , , , ,1,0,1,0,0,0,0,0,0,0,0,0,0,0
1219842,2011,2,23,18,40,2,43.64304538,-79.53079029,Etobicoke-Lakeshore (5),5,Islington-City Centre West (14),14,D22,Etobicoke York,BLOOR ST W,RESURRECTION RD, ,Major Arterial,Intersection, ,Traffic Signal,Clear,Dark,Dry,Non-Fatal Injury,Pedestrian Collisions,Driver,45 to 49,,0,East,"Automobile, Station Wagon",Going Ahead,Driving Properly,Normal, , , , , , ,1,0,1,0,0,0,0,0,0,0,0,0,0,0
1219842,2011,2,23,18,40,2,43.64304538,-79.53079029,Etobicoke-Lakeshore (5),5,Islington-City Centre West (14),14,D22,Etobicoke York,BLOOR ST W,RESURRECTION RD, ,Major Arterial,Intersection, ,Traffic Signal,Clear,Dark,Dry,Non-Fatal Injury,Pedestrian Collisions,Pedestrian,65 to 69,Major,0,South,Other, , , ,Vehicle is going straight thru inter.while ped cross without ROW,Crossing without right of way,Unknown, , , ,1,0,1,0,0,0,0,0,0,0,0,0,0,0
1254054,2011,8,24,18,40,2,43.65484538,-79.52319029,Etobicoke Centre (4),4,Kingsway South (15),15,D22,Etobicoke York,4662 DUNDAS ST W, , ,Major Arterial,Mid-Block, ,No Control,Clear,Daylight,Dry,Non-Fatal Injury,Other,Motorcycle Driver,40 to 44,Major,0,West,Motorcycle,Going Ahead,Driving Properly,Normal, , , , , , ,0,0,1,1,0,0,0,0,0,0,0,0,0,0
1254054,2011,8,24,18,40,2,43.65484538,-79.52319029,Etobicoke Centre (4),4,Kingsway South (15),15,D22,Etobicoke York,4662 DUNDAS ST W, , ,Major Arterial,Mid-Block, ,No Control,Clear,Daylight,Dry,Non-Fatal Injury,Other,Driver,unknown,,0,West,"Automobile, Station Wagon",Slowing or Stopping,Other,Unknown, , , , , , ,0,0,1,1,0,0,0,0,0,0,0,0,0,0
1277427,2011,12,4,18,40,6,43.77304538,-79.28379029,Scarborough-Agincourt (40),40,Dorset Park (126),126,D41,Scarborough,KENNEDY RD,401 C E KENNEDY RAMP RD, ,Major Arterial,Intersection, ,Traffic Signal,Clear,"Daylight, artificial",Wet,Non-Fatal Injury,Angle,Driver,20 to 24,,0,North,"Automobile, Station Wagon",Going Ahead,Disobeyed Traffic Control,Normal, , , , , , ,0,0,1,0,0,0,0,1,0,1,1,0,0,0
1277427,2011,12,4,18,40,6,43.77304538,-79.28379029,Scarborough-Agincourt (40),40,Dorset Park (126),126,D41,Scarborough,KENNEDY RD,401 C E KENNEDY RAMP RD, ,Major Arterial,Intersection, ,Traffic Signal,Clear,"Daylight, artificial",Wet,Non-Fatal Injury,Angle,Passenger,55 to 59,Major,0, ,Other, , , , , , , , , ,0,0,1,0,0,0,0,1,0,1,1,0,0,0
1277427,2011,12,4,18,40,6,43.77304538,-79.28379029,Scarborough-Agincourt (40),40,Dorset Park (126),126,D41,Scarborough,KENNEDY RD,401 C E KENNEDY RAMP RD, ,Major Arterial,Intersection, ,Traffic Signal,Clear,"Daylight, artificial",Wet,Non-Fatal Injury,Angle,Driver,45 to 49,Minor,0,East,"Automobile, Station Wagon",Going Ahead,Driving Properly,Normal, , , , , , ,0,0,1,0,0,0,0,1,0,1,1,0,0,0
1307494,2012,6,29,18,40,4,43.65074538,-79.47819029,Parkdale-High Park (13),13,Runnymede-Bloor West Village (89),89,D11,Etobicoke York,BLOOR ST W,DURIE ST, ,Major Arterial,Intersection,At Intersection,Stop Sign,Clear,Daylight,Dry,Non-Fatal Injury,Pedestrian Collisions,Driver,45 to 49,,0,North,"Automobile, Station Wagon",Going Ahead,Failed to Yield Right of Way,Normal, , , , , , ,1,0,1,0,0,0,0,0,0,1,0,0,0,0
1307494,2012,6,29,18,40,4,43.65074538,-79.47819029,Parkdale-High Park (13),13,Runnymede-Bloor West Village (89),89,D11,Etobicoke York,BLOOR ST W,DURIE ST, ,Major Arterial,Intersection,At Intersection,Stop Sign,Clear,Daylight,Dry,Non-Fatal Injury,Pedestrian Collisions,Pedestrian,30 to 34,Major,0,East,Other, , , ,Vehicle is going straight thru inter.while ped cross with ROW,Crossing with right of way,Normal, , , ,1,0,1,0,0,0,0,0,0,1,0,0,0,0
1380620,2013,7,28,18,40,6,43.6646839,-79.32397089,Beaches-East York (32),32,Greenwood-Coxwell (65),65,D55,Toronto East York,QUEEN St E,VANCOUVER Ave, ,Minor Arterial,Intersection,At Intersection,No Control,Clear,Daylight,Dry,Non-Fatal Injury,Cyclist Collisions,Vehicle Owner,unknown, ,0, ,Other, , , , , , , , , ,0,1,1,0,0,0,0,0,0,0,0,0,0,0
1380620,2013,7,28,18,40,6,43.6646839,-79.32397089,Beaches-East York (32),32,Greenwood-Coxwell (65),65,D55,Toronto East York,QUEEN St E,VANCOUVER Ave, ,Minor Arterial,Intersection,At Intersection,No Control,Clear,Daylight,Dry,Non-Fatal Injury,Cyclist Collisions,Driver,25 to 29,,0,West,"Automobile, Station Wagon",Going Ahead,Driving Properly,Normal, , , , , , ,0,1,1,0,0,0,0,0,0,0,0,0,0,0
1380620,2013,7,28,18,40,6,43.6646839,-79.32397089,Beaches-East York (32),32,Greenwood-Coxwell (65),65,D55,Toronto East York,QUEEN St E,VANCOUVER Ave, ,Minor Arterial,Intersection,At Intersection,No Control,Clear,Daylight,Dry,Non-Fatal Injury,Cyclist Collisions,Vehicle Owner,unknown, ,0, ,Other, , , , , , , , , ,0,1,1,0,0,0,0,0,0,0,0,0,0,0
1380620,2013,7,28,18,40,6,43.6646839,-79.32397089,Beaches-East York (32),32,Greenwood-Coxwell (65),65,D55,Toronto East York,QUEEN St E,VANCOUVER Ave, ,Minor Arterial,Intersection,At Intersection,No Control,Clear,Daylight,Dry,Non-Fatal Injury,Cyclist Collisions,Driver,35 to 39,,0,West,"Automobile, Station Wagon",Parked,Other,Inattentive, , , , , , ,0,1,1,0,0,0,0,0,0,0,0,0,0,0
1380620,2013,7,28,18,40,6,43.6646839,-79.32397089,Beaches-East York (32),32,Greenwood-Coxwell (65),65,D55,Toronto East York,QUEEN St E,VANCOUVER Ave, ,Minor Arterial,Intersection,At Intersection,No Control,Clear,Daylight,Dry,Non-Fatal Injury,Cyclist Collisions,Cyclist,40 to 44,Major,0,West,Bicycle,Going Ahead, , , , , ,Cyclist struck opened vehicle door,Driving Properly,Normal,0,1,1,0,0,0,0,0,0,0,0,0,0,0
1372001,2013,8,23,18,40,4,43.63942679,-79.44248591,Parkdale-High Park (14),14,South Parkdale (85),85,D14,Toronto East York,QUEEN ST W,WILSON PARK RD, ,Major Arterial,Intersection, ,No Control,Clear,Daylight,Dry,Fatal,Pedestrian Collisions,Driver,70 to 74,,0,West,"Automobile, Station Wagon",Going Ahead,Driving Properly,Normal, , , , , , ,1,0,1,0,0,0,0,0,0,0,0,0,0,1
1372001,2013,8,23,18,40,4,43.63942679,-79.44248591,Parkdale-High Park (14),14,South Parkdale (85),85,D14,Toronto East York,QUEEN ST W,WILSON PARK RD, ,Major Arterial,Intersection, ,No Control,Clear,Daylight,Dry,Fatal,Pedestrian Collisions,Pedestrian,70 to 74,Fatal,34,South, , , , ,Vehicle is going straight thru inter.while ped cross without ROW,"Crossing, no Traffic Control",Unknown, , , ,1,0,1,0,0,0,0,0,0,0,0,0,0,1
143474139,2014,12,12,18,40,4,43.69412573,-79.32800684,Beaches-East York (31),31,Danforth East York (59),59,D54,Toronto East York,COXWELL AVE,COSBURN AVE, ,Minor Arterial,Intersection, ,Traffic Signal,Clear,"Dusk, artificial",Dry,Fatal,Pedestrian Collisions,Pedestrian,40 to 44,Fatal,51,North, , , , ,Vehicle turns left while ped crosses with ROW at inter.,Crossing with right of way,Normal, , , ,1,0,1,0,0,0,0,0,0,0,0,0,0,1