ACCNUM,YEAR,MONTH,DAY,HOUR,MINUTES,WEEKDAY,LATITUDE,LONGITUDE,Ward_Name,Ward_ID,Hood_Name,Hood_ID,Division,District,STREET1,STREET2,OFFSET,ROAD_CLASS,LOCCOORD,ACCLOC,TRAFFCTL,VISIBILITY,LIGHT,RDSFCOND,ACCLASS,IMPACTYPE,INVTYPE,INVAGE,INJURY,FATAL_NO,INITDIR,VEHTYPE,MANOEUVER,DRIVACT,DRIVCOND,PEDTYPE,PEDACT,PEDCOND,CYCLISTYPE,CYCACT,CYCCOND,PEDESTRIAN,CYCLIST,AUTOMOBILE,MOTORCYCLE,TRUCK,TRSN_CITY_VEH,EMERG_VEH,PASSENGER,SPEEDING,AG_DRIV,REDLIGHT,ALCOHOL,DISABILITY,label
143474139,2014,12,12,18,40,4,43.69412573,-79.32800684,Beaches-East York (31),31,Danforth East York (59),59,D54,Toronto East York,COXWELL AVE,COSBURN AVE, ,Minor Arterial,Intersection, ,Traffic Signal,Clear,"Dusk, artificial",Dry,Fatal,Pedestrian Collisions,Driver,75 to 79,,0,North,"Automobile, Station Wagon",Turning Left,Improper Turn,Inattentive, , , , , , ,1,0,1,0,0,0,0,0,0,0,0,0,0,1
5001378649,2015,8,11,18,40,1,43.72903403,-79.29169855,Scarborough Centre (37),37,Wexford/Maryvale (119),119,D41,Scarborough,HAKIMI  AVE,ASHTONBEE RD,97 m South of,Local,Mid-Block,Non Intersection,Stop Sign,Clear,Daylight,Dry,Non-Fatal Injury,Pedestrian Collisions,Driver,40 to 44,,0,East,"Automobile, Station Wagon",Turning Left,Improper Turn,Inattentive, , , , , , ,1,0,1,0,0,0,0,0,0,0,0,0,0,0
5001378649,2015,8,11,18,40,1,43.72903403,-79.29169855,Scarborough Centre (37),37,Wexford/Maryvale (119),119,D41,Scarborough,HAKIMI  AVE,ASHTONBEE RD,97 m South of,Local,Mid-Block,Non Intersection,Stop Sign,Clear,Daylight,Dry,Non-Fatal Injury,Pedestrian Collisions,Pedestrian,70 to 74,Major,0,West, , , , ,Pedestrian hit at mid-block,"Crossing, no Traffic Control",Normal, , , ,1,0,1,0,0,0,0,0,0,0,0,0,0,0
6001912403,2016,10,27,18,40,3,43.73446615,-79.35593806,Don Valley West (25),25,Banbury-Don Mills (42),42,D33,North York,LESLIE ST,LAWRENCE AVE E, ,Major Arterial,Intersection,At Intersection,Traffic Signal,Rain,"Dark, artificial",Wet,Non-Fatal Injury,Pedestrian Collisions,Driver,85 to 89,,0,East,"Automobile, Station Wagon",Turning Left,Failed to Yield Right of Way,Inattentive, , , , , , ,1,0,1,0,0,0,0,0,0,1,0,0,0,0
6001912403,2016,10,27,18,40,3,43.73446615,-79.35593806,Don Valley West (25),25,Banbury-Don Mills (42),42,D33,North York,LESLIE ST,LAWRENCE AVE E, ,Major Arterial,Intersection,At Intersection,Traffic Signal,Rain,"Dark, artificial",Wet,Non-Fatal Injury,Pedestrian Collisions,Pedestrian,65 to 69,Major,0,East, , , , ,Vehicle turns left while ped crosses with ROW at inter.,Crossing with right of way,Normal, , , ,1,0,1,0,0,0,0,0,0,1,0,0,0,0
969857,2007,4,30,18,41,0,43.69994538,-79.44009029,Eglinton-Lawrence (15),15,Briar Hill-Belgravia (108),108,D13,Toronto East York,MARLEE AVE,WHITMORE AVE, ,Minor Arterial,Intersection,At Intersection,Stop Sign,Clear,Daylight,Dry,Non-Fatal Injury,Turning Movement,Vehicle Owner,unknown,,0, ,Other, , , , , , , , , ,0,0,1,1,0,0,0,0,1,1,0,0,0,0
969857,2007,4,30,18,41,0,43.69994538,-79.44009029,Eglinton-Lawrence (15),15,Briar Hill-Belgravia (108),108,D13,Toronto East York,MARLEE AVE,WHITMORE AVE, ,Minor Arterial,Intersection,At Intersection,Stop Sign,Clear,Daylight,Dry,Non-Fatal Injury,Turning Movement,Motorcycle Driver,20 to 24,Major,0,North,Motorcycle,Going Ahead,Exceeding Speed Limit,Normal, , , , , , ,0,0,1,1,0,0,0,0,1,1,0,0,0,0
1126613,2009,8,25,18,6,1,43.76984538,-79.17989029,Scarborough East (44),44,West Hill (136),136,D43,Scarborough,LAWRENCE AVE E,WEST HILL DR, ,Minor Arterial,Intersection, ,No Control,Clear,Daylight,Dry,Non-Fatal Injury,Rear End,Motorcycle Driver,40 to 44,Major,0,East,Motorcycle,Going Ahead,Following too Close,Normal, , , , , , ,0,0,1,1,0,0,0,0,0,1,0,0,0,0
1110181,2009,6,19,18,44,4,43.66064538,-79.36649029,Toronto Centre-Rosedale (28),28,Regent Park (72),72,D51,Toronto East York,PARLIAMENT ST,OAK ST, ,Minor Arterial,Intersection,At Intersection,Pedestrian Crossover,Clear,Daylight,Dry,Non-Fatal Injury,Cyclist Collisions,Driver,25 to 29,,0,South,"Automobile, Station Wagon",Going Ahead,Disobeyed Traffic Control,Inattentive, , , , , , ,0,1,1,0,0,0,0,1,0,1,0,0,0,0
1106823,2009,5,6,19,9,2,43.72044538,-79.41509029,Eglinton-Lawrence (16),16,Bedford Park-Nortown (39),39,D53,Toronto East York,1472 AVENUE RD, , ,Major Arterial,Mid-Block, ,No Control,Clear,Daylight,Dry,Non-Fatal Injury,Pedestrian Collisions,Vehicle Owner,unknown, ,0, ,Other, , , , , , , , , ,1,0,1,0,0,0,0,0,0,0,0,0,0,0
1024408,2008,2,15,19,0,4,43.78094538,-79.30899029,Scarborough-Agincourt (40),40,Tam O'Shanter-Sullivan (118),118,D42,Scarborough,WARDEN AVE,BOWATER DR, ,Major Arterial,Intersection, ,No Control,Clear,Dark,Dry,Non-Fatal Injury,Pedestrian Collisions,Pedestrian,60 to 64,Major,0,West,Other, , , ,Vehicle is going straight thru inter.while ped cross without ROW,"Crossing, no Traffic Control",Unknown, , , ,1,0,1,0,0,0,0,0,0,0,0,0,0,0
1080622,2008,12,9,18,30,1,43.67584538,-79.40749029,St. Paul's (21),21,Casa Loma (96),96,D13,Toronto East York,MACPHERSON AVE,SPADINA RD, ,Minor Arterial,Intersection,At Intersection,No Control,Rain,Dark,Wet,Non-Fatal Injury,Pedestrian Collisions,Driver,50 to 54,,0,North,"Automobile, Station Wagon",Turning Left,Driving Properly,Normal, , , , , , ,1,0,1,0,0,0,0,0,0,0,0,0,0,0
1110181,2009,6,19,18,44,4,43.66064538,-79.36649029,Toronto Centre-Rosedale (28),28,Regent Park (72),72,D51,Toronto East York,PARLIAMENT ST,OAK ST, ,Minor Arterial,Intersection,At Intersection,Pedestrian Crossover,Clear,Daylight,Dry,Non-Fatal Injury,Cyclist Collisions,Cyclist,5 to 9,Major,0,West,Bicycle,Going Ahead, , , , , ,Cyclist struck at PXO(cyclist either travel in same dir. as veh. or ride across xwalk),Other,Normal,0,1,1,0,0,0,0,1,0,1,0,0,0,0
1080622,2008,12,9,18,30,1,43.67584538,-79.40749029,St. Paul's (21),21,Casa Loma (96),96,D13,Toronto East York,MACPHERSON AVE,SPADINA RD, ,Minor Arterial,Intersection,At Intersection,No Control,Rain,Dark,Wet,Non-Fatal Injury,Pedestrian Collisions,Pedestrian,55 to 59,Major,0,North,Other, , , ,Vehicle turns left while ped crosses without ROW at inter.,Crossing without right of way,Normal, , , ,1,0,1,0,0,0,0,0,0,0,0,0,0,0
1110609,2009,5,22,18,45,4,43.67614538,-79.49569029,York South-Weston (11),11,Rockcliffe-Smythe (111),111,D12,Etobicoke York,JANE Stre,ALLIANCE Aven, ,Major Arterial,Intersection,At Intersection,Traffic Signal,Clear,Daylight,Dry,Non-Fatal Injury,Rear End,Vehicle Owner,unknown, ,0, ,Other, , , , , , , , , ,0,0,1,0,0,0,0,1,0,1,0,0,0,0
1059416,2008,9,3,19,0,2,43.74904538,-79.63839029,Etobicoke North (1),1,West Humber-Clairville (1),1,D23,Etobicoke York,ALBION RD,INDIAN LINE Aven W, ,Major Arterial,Mid-Block, ,No Control,Clear,Daylight,Dry,Non-Fatal Injury,Rear End,Vehicle Owner,unknown, ,0, ,Other, , , , , , , , , ,0,0,1,0,0,0,0,1,1,1,0,0,0,0
1106823,2009,5,6,19,9,2,43.72044538,-79.41509029,Eglinton-Lawrence (16),16,Bedford Park-Nortown (39),39,D53,Toronto East York,1472 AVENUE RD, , ,Major Arterial,Mid-Block, ,No Control,Clear,Daylight,Dry,Non-Fatal Injury,Pedestrian Collisions,Driver,40 to 44,,0,South,"Automobile, Station Wagon",Going Ahead,Driving Properly,Normal, , , , , , ,1,0,1,0,0,0,0,0,0,0,0,0,0,0
1113423,2009,6,5,18,30,4,43.76524538,-79.48289029,York West (8),8,York University Heights (27),27,D31,North York,1183 FINCH Ave W, , ,Major Arterial,Mid-Block, ,Traffic Signal,Clear,Daylight,Dry,Non-Fatal Injury,Rear End,Vehicle Owner,unknown, ,0, ,Other, , , , , , , , , ,0,0,1,0,0,0,0,0,0,1,0,0,0,0
1126613,2009,8,25,18,6,1,43.76984538,-79.17989029,Scarborough East (44),44,West Hill (136),136,D43,Scarborough,LAWRENCE AVE E,WEST HILL DR, ,Minor Arterial,Intersection, ,No Control,Clear,Daylight,Dry,Non-Fatal Injury,Rear End,Driver,30 to 34,,0,East,"Automobile, Station Wagon",Going Ahead,Driving Properly,Normal, , , , , , ,0,0,1,1,0,0,0,0,0,1,0,0,0,0
1110609,2009,5,22,18,45,4,43.67614538,-79.49569029,York South-Weston (11),11,Rockcliffe-Smythe (111),111,D12,Etobicoke York,JANE Stre,ALLIANCE Aven, ,Major Arterial,Intersection,At Intersection,Traffic Signal,Clear,Daylight,Dry,Non-Fatal Injury,Rear End,Driver,40 to 44,,0,North,"Automobile, Station Wagon",Stopped,Driving Properly,Normal, , , , , , ,0,0,1,0,0,0,0,1,0,1,0,0,0,0
1059416,2008,9,3,19,0,2,43.74904538,-79.63839029,Etobicoke North (1),1,West Humber-Clairville (1),1,D23,Etobicoke York,ALBION RD,INDIAN LINE Aven W, ,Major Arterial,Mid-Block, ,No Control,Clear,Daylight,Dry,Non-Fatal Injury,Rear End,Driver,45 to 49,,0,South,"Automobile, Station Wagon",Going Ahead,Driving Properly,Normal, , , , , , ,0,0,1,0,0,0,0,1,1,1,0,0,0,0
1059416,2008,9,3,19,0,2,43.74904538,-79.63839029,Etobicoke North (1),1,West Humber-Clairville (1),1,D23,Etobicoke York,ALBION RD,INDIAN LINE Aven W, ,Major Arterial,Mid-Block, ,No Control,Clear,Daylight,Dry,Non-Fatal Injury,Rear End,Passenger,40 to 44,Major,0, ,Other, , , , , , , , , ,0,0,1,0,0,0,0,1,1,1,0,0,0,0
1059416,2008,9,3,19,0,2,43.74904538,-79.63839029,Etobicoke North (1),1,West Humber-Clairville (1),1,D23,Etobicoke York,ALBION RD,INDIAN LINE Aven W, ,Major Arterial,Mid-Block, ,No Control,Clear,Daylight,Dry,Non-Fatal Injury,Rear End,Driver,25 to 29,Minor,0,South,"Automobile, Station Wagon",Pulling Onto Shoulder or towardCurb,Following too Close,Normal, , , , , , ,0,0,1,0,0,0,0,1,1,1,0,0,0,0
1100116,2009,3,27,19,0,4,43.60324538,-79.50389029,Etobicoke-Lakeshore (6),6,New Toronto (18),18,D22,North York,185 FIFTH ST, , ,Local,Mid-Block, ,No Control,Clear,Daylight,Dry,Non-Fatal Injury,SMV Other,Vehicle Owner,unknown, ,0, ,Other, , , , , , , , , ,0,0,0,1,0,0,0,0,0,0,0,0,0,0
1100116,2009,3,27,19,0,4,43.60324538,-79.50389029,Etobicoke-Lakeshore (6),6,New Toronto (18),18,D22,North York,185 FIFTH ST, , ,Local,Mid-Block, ,No Control,Clear,Daylight,Dry,Non-Fatal Injury,SMV Other,Motorcycle Driver,40 to 44,Major,0,West,Motorcycle,Turning Right,Lost control,Normal, , , , , , ,0,0,0,1,0,0,0,0,0,0,0,0,0,0
1116707,2009,6,23,19,0,1,43.65174538,-79.40849029,Trinity-Spadina (19),19,Trinity-Bellwoods (81),81,D14,Toronto East York,PALMERSTON AVE,DUNDAS ST W, ,Major Arterial,Intersection, ,Stop Sign,Clear,Daylight,Dry,Non-Fatal Injury,Pedestrian Collisions,Pedestrian,90 to 94,Major,0, ,Other, , , ,Vehicle turns left while ped crosses with ROW at inter.,Crossing with right of way,Normal, , , ,1,1,0,0,0,0,0,0,0,0,0,0,0,0
1116707,2009,6,23,19,0,1,43.65174538,-79.40849029,Trinity-Spadina (19),19,Trinity-Bellwoods (81),81,D14,Toronto East York,PALMERSTON AVE,DUNDAS ST W, ,Major Arterial,Intersection, ,Stop Sign,Clear,Daylight,Dry,Non-Fatal Injury,Pedestrian Collisions,Cyclist,15 to 19,,0,East,Bicycle,Turning Left, , , , , ,Cyclist strikes pedestrian.,Failed to Yield Right of Way,Normal,1,1,0,0,0,0,0,0,0,0,0,0,0,0
1113557,2009,7,10,19,0,4,43.72854538,-79.48249029,York Centre (9),9,Downsview-Roding-CFB (26),26,D31,North York,KEELE ST,VICTORY DR, ,Major Arterial,Intersection, ,No Control,Clear,Daylight,Dry,Non-Fatal Injury,Pedestrian Collisions,Vehicle Owner,unknown, ,0, ,Other, , , , , , , , , ,1,0,1,0,0,0,0,0,0,1,0,0,0,0
1113557,2009,7,10,19,0,4,43.72854538,-79.48249029,York Centre (9),9,Downsview-Roding-CFB (26),26,D31,North York,KEELE ST,VICTORY DR, ,Major Arterial,Intersection, ,No Control,Clear,Daylight,Dry,Non-Fatal Injury,Pedestrian Collisions,Driver,40 to 44,,0,North,"Automobile, Station Wagon",Going Ahead,Failed to Yield Right of Way,Inattentive, , , , , , ,1,0,1,0,0,0,0,0,0,1,0,0,0,0
1113557,2009,7,10,19,0,4,43.72854538,-79.48249029,York Centre (9),9,Downsview-Roding-CFB (26),26,D31,North York,KEELE ST,VICTORY DR, ,Major Arterial,Intersection, ,No Control,Clear,Daylight,Dry,Non-Fatal Injury,Pedestrian Collisions,Pedestrian,15 to 19,Major,0,East,Other, , , ,Vehicle is going straight thru inter.while ped cross with ROW,Crossing with right of way,Inattentive, , , ,1,0,1,0,0,0,0,0,0,1,0,0,0,0
1211163,2011,1,7,19,0,4,43.75694538,-79.51979029,York West (7),7,Glenfield-Jane Heights (25),25,D31,North York,FINCH AVE W,YORK GATE BLVD, ,Major Arterial,Mid-Block,At Intersection,No Control,Clear,Dark,Dry,Non-Fatal Injury,Pedestrian Collisions,Driver,35 to 39,,0,West,"Automobile, Station Wagon",Going Ahead,Driving Properly,Normal, , , , , , ,1,0,1,0,0,0,0,0,0,0,0,0,0,0
1211163,2011,1,7,19,0,4,43.75694538,-79.51979029,York West (7),7,Glenfield-Jane Heights (25),25,D31,North York,FINCH AVE W,YORK GATE BLVD, ,Major Arterial,Mid-Block,At Intersection,No Control,Clear,Dark,Dry,Non-Fatal Injury,Pedestrian Collisions,Pedestrian,45 to 49,Major,0,North,Other, , , ,Pedestrian hit at mid-block,"Crossing, no Traffic Control",Had Been Drinking, , , ,1,0,1,0,0,0,0,0,0,0,0,0,0,0
1243108,2011,5,24,19,0,1,43.71094538,-79.27429029,Scarborough Southwest (35),35,Clairlea-Birchmount (120),120,D41,Scarborough,TRINNELL Boul,FLAGSTAFF Road, ,Local,Mid-Block, ,No Control,Clear,Daylight,Dry,Non-Fatal Injury,Pedestrian Collisions,Driver,25 to 29,,0,South,"Automobile, Station Wagon",Turning Right,Failed to Yield Right of Way,Inattentive, , , , , , ,1,0,1,0,0,0,0,0,0,1,0,0,0,0
1243108,2011,5,24,19,0,1,43.71094538,-79.27429029,Scarborough Southwest (35),35,Clairlea-Birchmount (120),120,D41,Scarborough,TRINNELL Boul,FLAGSTAFF Road, ,Local,Mid-Block, ,No Control,Clear,Daylight,Dry,Non-Fatal Injury,Pedestrian Collisions,Pedestrian,0 to 4,Major,0,South,Other, , , ,Pedestrian hit at private driveway,On Sidewalk or Shoulder,Normal, , , ,1,0,1,0,0,0,0,0,0,1,0,0,0,0
1269088,2011,11,29,19,0,1,43.83658941,-79.25117884,Scarborough-Rouge River (42),42,Rouge (131),131,D42,Scarborough,STEELES AVE E,MARKHAM RD, ,Major Arterial,Intersection,At Intersection,Traffic Signal,Rain,"Dusk, artificial",Wet,Non-Fatal Injury,Pedestrian Collisions,Driver,unknown,,0,East,"Automobile, Station Wagon",Going Ahead,Failed to Yield Right of Way,Unknown, , , , , , ,1,0,1,0,0,0,0,0,0,1,0,0,0,0
1269088,2011,11,29,19,0,1,43.83658941,-79.25117884,Scarborough-Rouge River (42),42,Rouge (131),131,D42,Scarborough,STEELES AVE E,MARKHAM RD, ,Major Arterial,Intersection,At Intersection,Traffic Signal,Rain,"Dusk, artificial",Wet,Non-Fatal Injury,Pedestrian Collisions,Pedestrian,25 to 29,Major,0,North,Other, , , ,Vehicle is going straight thru inter.while ped cross with ROW,Crossing with right of way,Normal, , , ,1,0,1,0,0,0,0,0,0,1,0,0,0,0
1317267,2012,8,20,19,0,0,43.69554538,-79.48669029,York South-Weston (12),12,Brookhaven-Amesbury (30),30,D12,Etobicoke York,BLACK CREEK DR,TRETHEWEY DR, ,Major Arterial,Mid-Block, ,No Control,Clear,Daylight,Dry,Non-Fatal Injury,SMV Other,Vehicle Owner,unknown, ,0, ,Other, , , , , , , , , ,0,0,0,1,0,0,0,0,0,0,0,0,0,0
1317267,2012,8,20,19,0,0,43.69554538,-79.48669029,York South-Weston (12),12,Brookhaven-Amesbury (30),30,D12,Etobicoke York,BLACK CREEK DR,TRETHEWEY DR, ,Major Arterial,Mid-Block, ,No Control,Clear,Daylight,Dry,Non-Fatal Injury,SMV Other,Motorcycle Driver,25 to 29,Major,0,North,Motorcycle,Going Ahead,Lost control,Unknown, , , , , , ,0,0,0,1,0,0,0,0,0,0,0,0,0,0
1328002,2012,10,16,19,0,1,43.74964538,-79.26449029,Scarborough Centre (37),37,Dorset Park (126),126,D41,Scarborough,MIDLAND AVE,PRUDENTIAL DR, ,Major Arterial,Intersection,At Intersection,Traffic Signal,Clear,"Dark, artificial",Dry,Non-Fatal Injury,Pedestrian Collisions,Vehicle Owner,unknown, ,0, ,Other, , , , , , , , , ,1,0,1,0,0,0,0,0,0,1,0,0,0,0
1328002,2012,10,16,19,0,1,43.74964538,-79.26449029,Scarborough Centre (37),37,Dorset Park (126),126,D41,Scarborough,MIDLAND AVE,PRUDENTIAL DR, ,Major Arterial,Intersection,At Intersection,Traffic Signal,Clear,"Dark, artificial",Dry,Non-Fatal Injury,Pedestrian Collisions,Driver,50 to 54,,0,East,"Automobile, Station Wagon",Turning Left,Failed to Yield Right of Way,Normal, , , , , , ,1,0,1,0,0,0,0,0,0,1,0,0,0,0
1328002,2012,10,16,19,0,1,43.74964538,-79.26449029,Scarborough Centre (37),37,Dorset Park (126),126,D41,Scarborough,MIDLAND AVE,PRUDENTIAL DR, ,Major Arterial,Intersection,At Intersection,Traffic Signal,Clear,"Dark, artificial",Dry,Non-Fatal Injury,Pedestrian Collisions,Pedestrian,30 to 34,Major,0,West,Other, , , ,Vehicle turns left while ped crosses with ROW at inter.,Crossing with right of way,Normal, , , ,1,0,1,0,0,0,0,0,0,1,0,0,0,0
1331518,2012,10,27,19,0,5,43.78734549,-79.25728998,Scarborough-Rouge River (41),41,Agincourt South-Malvern West (128),128,D42,Scarborough,MCCOWAN RD,PITFIELD RD, ,Major Arterial,Intersection,At Intersection,Traffic Signal,Rain,"Dark, artificial",Wet,Non-Fatal Injury,Turning Movement,Passenger,50 to 54,Minor,0, , , , , , , , , , , ,0,0,1,0,0,0,0,1,1,1,0,0,0,0
1331518,2012,10,27,19,0,5,43.78734549,-79.25728998,Scarborough-Rouge River (41),41,Agincourt South-Malvern West (128),128,D42,Scarborough,MCCOWAN RD,PITFIELD RD, ,Major Arterial,Intersection,At Intersection,Traffic Signal,Rain,"Dark, artificial",Wet,Non-Fatal Injury,Turning Movement,Passenger,75 to 79,Major,0, , , , , , , , , , , ,0,0,1,0,0,0,0,1,1,1,0,0,0,0
1331518,2012,10,27,19,0,5,43.78734549,-79.25728998,Scarborough-Rouge River (41),41,Agincourt South-Malvern West (128),128,D42,Scarborough,MCCOWAN RD,PITFIELD RD, ,Major Arterial,Intersection,At Intersection,Traffic Signal,Rain,"Dark, artificial",Wet,Non-Fatal Injury,Turning Movement,Driver,70 to 74,Minor,0,North,"Automobile, Station Wagon",Turning Left,Failed to Yield Right of Way,Inattentive, , , , , , ,0,0,1,0,0,0,0,1,1,1,0,0,0,0
1331518,2012,10,27,19,0,5,43.78734549,-79.25728998,Scarborough-Rouge River (41),41,Agincourt South-Malvern West (128),128,D42,Scarborough,MCCOWAN RD,PITFIELD RD, ,Major Arterial,Intersection,At Intersection,Traffic Signal,Rain,"Dark, artificial",Wet,Non-Fatal Injury,Turning Movement,Passenger,20 to 24,Minor,0, , , , , , , , , , , ,0,0,1,0,0,0,0,1,1,1,0,0,0,0
1331518,2012,10,27,19,0,5,43.78734549,-79.25728998,Scarborough-Rouge River (41),41,Agincourt South-Malvern West (128),128,D42,Scarborough,MCCOWAN RD,PITFIELD RD, ,Major Arterial,Intersection,At Intersection,Traffic Signal,Rain,"Dark, artificial",Wet,Non-Fatal Injury,Turning Movement,Passenger,35 to 39,Minor,0, , , , , , , , , , , ,0,0,1,0,0,0,0,1,1,1,0,0,0,0
1331518,2012,10,27,19,0,5,43.78734549,-79.25728998,Scarborough-Rouge River (41),41,Agincourt South-Malvern West (128),128,D42,Scarborough,MCCOWAN RD,PITFIELD RD, ,Major Arterial,Intersection,At Intersection,Traffic Signal,Rain,"Dark, artificial",Wet,Non-Fatal Injury,Turning Movement,Driver,20 to 24,Minimal,0,South,"Automobile, Station Wagon",Going Ahead,Driving Properly,Normal, , , , , , ,0,0,1,0,0,0,0,1,1,1,0,0,0,0
1338611,2012,12,9,19,0,6,43.67404538,-79.32489029,Toronto-Danforth (30),30,Greenwood-Coxwell (65),65,D55,Toronto East York,WOODFIELD RD,FAIRFORD AVE, ,Collector,Intersection,At Intersection,Stop Sign,Freezing Rain,"Dark, artificial",Wet,Non-Fatal Injury,Pedestrian Collisions,Driver,20 to 24,,0,South,"Automobile, Station Wagon",Turning Left,Failed to Yield Right of Way,Normal, , , , , , ,1,0,1,0,0,0,0,0,0,1,0,0,0,0
1338611,2012,12,9,19,0,6,43.67404538,-79.32489029,Toronto-Danforth (30),30,Greenwood-Coxwell (65),65,D55,Toronto East York,WOODFIELD RD,FAIRFORD AVE, ,Collector,Intersection,At Intersection,Stop Sign,Freezing Rain,"Dark, artificial",Wet,Non-Fatal Injury,Pedestrian Collisions,Pedestrian,25 to 29,Major,0,South,Other, , , ,Vehicle turns left while ped crosses with ROW at inter.,Crossing with right of way,Normal, , , ,1,0,1,0,0,0,0,0,0,1,0,0,0,0
1373039,2013,8,30,19,0,4,43.71101721,-79.25255976,Scarborough Southwest (36),36,Birchcliffe-Cliffside (122),122,D41,Scarborough,91 PARK ST, , ,Collector,Mid-Block, ,No Control,Clear,Daylight,Dry,Non-Fatal Injury,Pedestrian Collisions,Pedestrian,60 to 64,Major,0,Unknown,Other, , , ,Vehicle is reversing and hits pedestrian,Other,Normal, , , ,1,0,1,0,0,0,0,0,0,0,0,0,0,0
1373039,2013,8,30,19,0,4,43.71101721,-79.25255976,Scarborough Southwest (36),36,Birchcliffe-Cliffside (122),122,D41,Scarborough,91 PARK ST, , ,Collector,Mid-Block, ,No Control,Clear,Daylight,Dry,Non-Fatal Injury,Pedestrian Collisions,Driver,10 to 14,,0,South,"Automobile, Station Wagon",Reversing,Other,Normal, , , , , , ,1,0,1,0,0,0,0,0,0,0,0,0,0,0
3000936395,2013,11,8,19,0,4,43.66435965,-79.38718043,Toronto Centre-Rosedale (27),27,Bay Street Corridor (76),76,D52,Toronto East York,955 BAY ST, , ,Major Arterial,Intersection,Private Driveway,No Control,Clear,"Dark, artificial",Dry,Non-Fatal Injury,Pedestrian Collisions,Driver,45 to 49,,0,West,"Automobile, Station Wagon",Turning Left,Failed to Yield Right of Way,Inattentive, , , , , , ,1,0,1,0,0,0,0,0,0,1,0,0,0,0
3000936395,2013,11,8,19,0,4,43.66435965,-79.38718043,Toronto Centre-Rosedale (27),27,Bay Street Corridor (76),76,D52,Toronto East York,955 BAY ST, , ,Major Arterial,Intersection,Private Driveway,No Control,Clear,"Dark, artificial",Dry,Non-Fatal Injury,Pedestrian Collisions,Pedestrian,25 to 29,Major,0,North, , , , ,Pedestrian hit on sidewalk or shoulder,On Sidewalk or Shoulder,Normal, , , ,1,0,1,0,0,0,0,0,0,1,0,0,0,0
6001976341,2016,11,6,19,0,6,43.79143866,-79.23778925,Scarborough-Rouge River (42),42,Malvern (132),132,D42,Scarborough,MARKHAM RD,ROSEBANK DR,25 m West of,Major Arterial,Intersection,Intersection Related,No Control,Clear,"Dark, artificial",Dry,Non-Fatal Injury,Pedestrian Collisions,Driver,75 to 79,,0,South,Passenger Van,Going Ahead,Driving Properly,Normal, , , , , , ,1,0,1,0,0,0,0,0,0,0,0,0,0,0
6001976341,2016,11,6,19,0,6,43.79143866,-79.23778925,Scarborough-Rouge River (42),42,Malvern (132),132,D42,Scarborough,MARKHAM RD,ROSEBANK DR,25 m West of,Major Arterial,Intersection,Intersection Related,No Control,Clear,"Dark, artificial",Dry,Non-Fatal Injury,Pedestrian Collisions,Other,50 to 54,,0, , , , , , , , , , , ,1,0,1,0,0,0,0,0,0,0,0,0,0,0
6001976341,2016,11,6,19,0,6,43.79143866,-79.23778925,Scarborough-Rouge River (42),42,Malvern (132),132,D42,Scarborough,MARKHAM RD,ROSEBANK DR,25 m West of,Major Arterial,Intersection,Intersection Related,No Control,Clear,"Dark, artificial",Dry,Non-Fatal Injury,Pedestrian Collisions,Pedestrian,70 to 74,Major,0,West, , , , ,Pedestrian hit at mid-block,"Crossing, no Traffic Control",Inattentive, , , ,1,0,1,0,0,0,0,0,0,0,0,0,0,0
7000871402,2017,5,17,19,0,2,43.7758251,-79.33771906,Don Valley East (33),33,Henry Farm (53),53,D33,North York,SHEPPARD AVE E,YORKLAND RD, ,Major Arterial,Intersection,At Intersection,Traffic Signal,Clear,Dusk,Dry,Non-Fatal Injury,Pedestrian Collisions,Driver,15 to 19,,0,East,"Automobile, Station Wagon",Going Ahead,Driving Properly,Normal, , , , , , ,1,0,1,0,0,0,0,0,0,0,0,0,0,0
7000871402,2017,5,17,19,0,2,43.7758251,-79.33771906,Don Valley East (33),33,Henry Farm (53),53,D33,North York,SHEPPARD AVE E,YORKLAND RD, ,Major Arterial,Intersection,At Intersection,Traffic Signal,Clear,Dusk,Dry,Non-Fatal Injury,Pedestrian Collisions,Pedestrian,20 to 24,Major,0,South, , , , ,Vehicle is going straight thru inter.while ped cross without ROW,Crossing marked crosswalk without ROW,Inattentive, , , ,1,0,1,0,0,0,0,0,0,0,0,0,0,0
7001224557,2017,7,8,19,0,5,43.68137338,-79.55277629,Etobicoke Centre (4),4,Willowridge-Martingrove-Richview (7),7,D23,Etobicoke York,KIPLING AVE,CLEMENT, ,Major Arterial,Intersection,At Intersection,Traffic Signal,Clear,Daylight,Dry,Non-Fatal Injury,Turning Movement,Motorcycle Driver,20 to 24,Major,0,South,Motorcycle,Going Ahead,Speed too Fast For Condition,Unknown, , , , , , ,0,0,1,1,0,0,0,0,1,1,0,0,0,0
7001224557,2017,7,8,19,0,5,43.68137338,-79.55277629,Etobicoke Centre (4),4,Willowridge-Martingrove-Richview (7),7,D23,Etobicoke York,KIPLING AVE,CLEMENT, ,Major Arterial,Intersection,At Intersection,Traffic Signal,Clear,Daylight,Dry,Non-Fatal Injury,Turning Movement,Driver,75 to 79,Minimal,0,West,"Automobile, Station Wagon",Turning Left,Improper Turn,Normal, , , , , , ,0,0,1,1,0,0,0,0,1,1,0,0,0,0