ACCNUM,YEAR,MONTH,DAY,HOUR,MINUTES,WEEKDAY,LATITUDE,LONGITUDE,Ward_Name,Ward_ID,Hood_Name,Hood_ID,Division,District,STREET1,STREET2,OFFSET,ROAD_CLASS,LOCCOORD,ACCLOC,TRAFFCTL,VISIBILITY,LIGHT,RDSFCOND,ACCLASS,IMPACTYPE,INVTYPE,INVAGE,INJURY,FATAL_NO,INITDIR,VEHTYPE,MANOEUVER,DRIVACT,DRIVCOND,PEDTYPE,PEDACT,PEDCOND,CYCLISTYPE,CYCACT,CYCCOND,PEDESTRIAN,CYCLIST,AUTOMOBILE,MOTORCYCLE,TRUCK,TRSN_CITY_VEH,EMERG_VEH,PASSENGER,SPEEDING,AG_DRIV,REDLIGHT,ALCOHOL,DISABILITY,label
1384542,2013,10,28,19,2,0,43.67200049,-79.44560633,Davenport (17),17,Dovercourt-Wallace Emerson-Junction (93),93,D13,Etobicoke York,DAVENPORT Rd,GREENLAW Ave, ,Minor Arterial,Intersection,At Intersection,No Control,Clear,Dusk,Dry,Non-Fatal Injury,Cyclist Collisions,Driver,25 to 29,Minimal,0,East,"Automobile, Station Wagon",Turning Left,Failed to Yield Right of Way,Normal, , , , , , ,0,1,1,0,0,0,0,0,0,1,0,0,0,0
1384542,2013,10,28,19,2,0,43.67200049,-79.44560633,Davenport (17),17,Dovercourt-Wallace Emerson-Junction (93),93,D13,Etobicoke York,DAVENPORT Rd,GREENLAW Ave, ,Minor Arterial,Intersection,At Intersection,No Control,Clear,Dusk,Dry,Non-Fatal Injury,Cyclist Collisions,Cyclist,30 to 34,Major,0,West,Bicycle,Going Ahead, , , , , ,Motorist turned left across cyclists path.,Driving Properly,Normal,0,1,1,0,0,0,0,0,0,1,0,0,0,0
1145082,2009,12,31,19,3,3,43.71414538,-79.42859029,Eglinton-Lawrence (15),15,Englemount-Lawrence (32),32,D13,North York,BATHURST ST,GLENGROVE AVE, ,Major Arterial,Intersection, ,No Control,Rain,Dark,Wet,Non-Fatal Injury,Pedestrian Collisions,Driver,40 to 44,,0,South,"Automobile, Station Wagon",Going Ahead,Driving Properly,Normal, , , , , , ,1,0,1,0,0,0,0,0,0,0,0,0,0,0
1145082,2009,12,31,19,3,3,43.71414538,-79.42859029,Eglinton-Lawrence (15),15,Englemount-Lawrence (32),32,D13,North York,BATHURST ST,GLENGROVE AVE, ,Major Arterial,Intersection, ,No Control,Rain,Dark,Wet,Non-Fatal Injury,Pedestrian Collisions,Pedestrian,35 to 39,Major,0,East,Other, , , ,Vehicle is going straight thru inter.while ped cross without ROW,"Crossing, no Traffic Control",Normal, , , ,1,0,1,0,0,0,0,0,0,0,0,0,0,0
7001980351,2017,11,1,19,3,2,43.72610038,-79.48193029,York Centre (9),9,Downsview-Roding-CFB (26),26,D31,North York,KEELE ST,WILSON AV    (316),60 m South of,Major Arterial,Mid-Block,Non Intersection,Traffic Controller,Clear,"Daylight, artificial",Wet,Non-Fatal Injury,Pedestrian Collisions,Driver,30 to 34,,0,North,Pick Up Truck,Going Ahead,Driving Properly,Normal, , , , , , ,1,0,1,0,0,0,0,0,0,0,0,0,0,0
7001980351,2017,11,1,19,3,2,43.72610038,-79.48193029,York Centre (9),9,Downsview-Roding-CFB (26),26,D31,North York,KEELE ST,WILSON AV    (316),60 m South of,Major Arterial,Mid-Block,Non Intersection,Traffic Controller,Clear,"Daylight, artificial",Wet,Non-Fatal Injury,Pedestrian Collisions,Pedestrian,45 to 49,Major,0, , , , , , , ,Normal, , , ,1,0,1,0,0,0,0,0,0,0,0,0,0,0
1381629,2013,8,3,19,4,5,43.76301153,-79.41215143,Willowdale (23),23,Lansing-Westgate (38),38,D32,North York,ELMHURST Ave,YONGE St, ,Collector,Mid-Block, ,No Control,Clear,Daylight,Dry,Non-Fatal Injury,Pedestrian Collisions,Vehicle Owner,unknown, ,0, ,Other, , , , , , , , , ,1,0,1,0,0,0,0,0,0,0,0,0,0,0
1381629,2013,8,3,19,4,5,43.76301153,-79.41215143,Willowdale (23),23,Lansing-Westgate (38),38,D32,North York,ELMHURST Ave,YONGE St, ,Collector,Mid-Block, ,No Control,Clear,Daylight,Dry,Non-Fatal Injury,Pedestrian Collisions,Driver,20 to 24,,0,West,"Automobile, Station Wagon",Reversing,Other,Inattentive, , , , , , ,1,0,1,0,0,0,0,0,0,0,0,0,0,0
1381629,2013,8,3,19,4,5,43.76301153,-79.41215143,Willowdale (23),23,Lansing-Westgate (38),38,D32,North York,ELMHURST Ave,YONGE St, ,Collector,Mid-Block, ,No Control,Clear,Daylight,Dry,Non-Fatal Injury,Pedestrian Collisions,Pedestrian,15 to 19,Minimal,0,North,Other, , , ,Vehicle is reversing and hits pedestrian,Other,Normal, , , ,1,0,1,0,0,0,0,0,0,0,0,0,0,0
1381629,2013,8,3,19,4,5,43.76301153,-79.41215143,Willowdale (23),23,Lansing-Westgate (38),38,D32,North York,ELMHURST Ave,YONGE St, ,Collector,Mid-Block, ,No Control,Clear,Daylight,Dry,Non-Fatal Injury,Pedestrian Collisions,Pedestrian,50 to 54,Major,0,North,Other, , , ,Vehicle is reversing and hits pedestrian,Other,Normal, , , ,1,0,1,0,0,0,0,0,0,0,0,0,0,0
5000020238,2015,1,4,19,4,6,43.65766485,-79.40820704,Trinity-Spadina (20),20,University (79),79,D14,Toronto East York,BATHURST ST,COLLEGE ST,60 m North of,Major Arterial,Mid-Block,Non Intersection,Pedestrian Crossover,Snow,"Dark, artificial",Wet,Non-Fatal Injury,Pedestrian Collisions,Driver,70 to 74,,0,North,"Automobile, Station Wagon",Going Ahead,Failed to Yield Right of Way,Normal, , , , , , ,1,0,1,0,0,0,0,0,0,1,0,0,0,0
5000020238,2015,1,4,19,4,6,43.65766485,-79.40820704,Trinity-Spadina (20),20,University (79),79,D14,Toronto East York,BATHURST ST,COLLEGE ST,60 m North of,Major Arterial,Mid-Block,Non Intersection,Pedestrian Crossover,Snow,"Dark, artificial",Wet,Non-Fatal Injury,Pedestrian Collisions,Pedestrian,25 to 29,Major,0,West, , , , ,Pedestrian hit a PXO/ped. Mid-block signal,"Crossing, Pedestrian Crossover",Normal, , , ,1,0,1,0,0,0,0,0,0,1,0,0,0,0
6000004050,2016,1,1,19,4,4,43.70030173,-79.38695917,St. Paul's (22),22,Mount Pleasant East (99),99,D53,Toronto East York,MOUNT PLEASANT RD,DAVISVILLE AVE, ,Major Arterial,Intersection,At Intersection,Traffic Signal,Clear,"Dark, artificial",Dry,Non-Fatal Injury,Pedestrian Collisions,Driver,70 to 74,,0,South,"Automobile, Station Wagon",Turning Right,Failed to Yield Right of Way,Normal, , , , , , ,1,0,1,0,0,0,0,0,0,1,0,0,0,0
6000004050,2016,1,1,19,4,4,43.70030173,-79.38695917,St. Paul's (22),22,Mount Pleasant East (99),99,D53,Toronto East York,MOUNT PLEASANT RD,DAVISVILLE AVE, ,Major Arterial,Intersection,At Intersection,Traffic Signal,Clear,"Dark, artificial",Dry,Non-Fatal Injury,Pedestrian Collisions,Pedestrian,50 to 54,Major,0,Unknown, , , , ,Vehicle turns right while ped crosses with ROW at inter.,Other,Normal, , , ,1,0,1,0,0,0,0,0,0,1,0,0,0,0
971237,2007,4,28,19,5,5,43.73664538,-79.24809029,Scarborough Southwest (35),35,Kennedy Park (124),124,D41,Scarborough,EGLINTON AVE E,BRIMLEY RD, ,Major Arterial,Intersection, ,Traffic Signal,Clear,Daylight,Dry,Non-Fatal Injury,Angle,Passenger,0 to 4,Minor,0, ,Other, , , , , , , , , ,0,0,1,0,0,0,0,1,1,1,1,0,0,0
971237,2007,4,28,19,5,5,43.73664538,-79.24809029,Scarborough Southwest (35),35,Kennedy Park (124),124,D41,Scarborough,EGLINTON AVE E,BRIMLEY RD, ,Major Arterial,Intersection, ,Traffic Signal,Clear,Daylight,Dry,Non-Fatal Injury,Angle,Passenger,10 to 14,Minor,0, ,Other, , , , , , , , , ,0,0,1,0,0,0,0,1,1,1,1,0,0,0
971237,2007,4,28,19,5,5,43.73664538,-79.24809029,Scarborough Southwest (35),35,Kennedy Park (124),124,D41,Scarborough,EGLINTON AVE E,BRIMLEY RD, ,Major Arterial,Intersection, ,Traffic Signal,Clear,Daylight,Dry,Non-Fatal Injury,Angle,Driver,45 to 49,Major,0,East,"Automobile, Station Wagon",Going Ahead,Driving Properly,Normal, , , , , , ,0,0,1,0,0,0,0,1,1,1,1,0,0,0
971237,2007,4,28,19,5,5,43.73664538,-79.24809029,Scarborough Southwest (35),35,Kennedy Park (124),124,D41,Scarborough,EGLINTON AVE E,BRIMLEY RD, ,Major Arterial,Intersection, ,Traffic Signal,Clear,Daylight,Dry,Non-Fatal Injury,Angle,Driver,15 to 19,Minor,0,South,"Automobile, Station Wagon",Going Ahead,Disobeyed Traffic Control,Normal, , , , , , ,0,0,1,0,0,0,0,1,1,1,1,0,0,0
1011055,2007,12,23,19,5,6,43.66294538,-79.37689029,Toronto Centre-Rosedale (27),27,Cabbagetown-South St.James Town (71),71,D51,Toronto East York,JARVIS ST,CARLTON ST, ,Major Arterial,Mid-Block, ,No Control,Clear,Dark,Dry,Non-Fatal Injury,Pedestrian Collisions,Driver,15 to 19,,0,North,"Automobile, Station Wagon",Going Ahead,Driving Properly,Normal, , , , , , ,1,0,1,0,0,0,0,0,0,0,0,0,0,0
1011055,2007,12,23,19,5,6,43.66294538,-79.37689029,Toronto Centre-Rosedale (27),27,Cabbagetown-South St.James Town (71),71,D51,Toronto East York,JARVIS ST,CARLTON ST, ,Major Arterial,Mid-Block, ,No Control,Clear,Dark,Dry,Non-Fatal Injury,Pedestrian Collisions,Pedestrian,35 to 39,Major,0,East,Other, , , ,Pedestrian hit at mid-block,"Crossing, no Traffic Control",Had Been Drinking, , , ,1,0,1,0,0,0,0,0,0,0,0,0,0,0
1068386,2008,10,16,19,5,3,43.77424538,-79.29509029,Scarborough-Agincourt (40),40,Tam O'Shanter-Sullivan (118),118,D42,Scarborough,BIRCHMOUNT RD,ALLANFORD RD, ,Major Arterial,Intersection,At Intersection,Traffic Signal,Clear,Dark,Dry,Non-Fatal Injury,Pedestrian Collisions,Driver,50 to 54,,0,North,"Automobile, Station Wagon",Turning Left,Failed to Yield Right of Way,Inattentive, , , , , , ,1,0,1,0,0,0,0,0,0,1,0,0,0,0
1068386,2008,10,16,19,5,3,43.77424538,-79.29509029,Scarborough-Agincourt (40),40,Tam O'Shanter-Sullivan (118),118,D42,Scarborough,BIRCHMOUNT RD,ALLANFORD RD, ,Major Arterial,Intersection,At Intersection,Traffic Signal,Clear,Dark,Dry,Non-Fatal Injury,Pedestrian Collisions,Pedestrian,45 to 49,Major,0, ,Other, , , ,Vehicle turns left while ped crosses with ROW at inter.,Crossing with right of way,Normal, , , ,1,0,1,0,0,0,0,0,0,1,0,0,0,0
1079815,2008,12,3,19,5,2,43.67694538,-79.38629029,Toronto Centre-Rosedale (27),27,Rosedale-Moore Park (98),98,D53,Toronto East York,40 CLUNY DR,CRESCENT Road, ,Local,Mid-Block, ,No Control,Clear,Dark,Dry,Non-Fatal Injury,Pedestrian Collisions,Vehicle Owner,unknown, ,0, ,Other, , , , , , , , , ,1,0,1,0,0,0,0,0,0,0,0,0,0,0
1079815,2008,12,3,19,5,2,43.67694538,-79.38629029,Toronto Centre-Rosedale (27),27,Rosedale-Moore Park (98),98,D53,Toronto East York,40 CLUNY DR,CRESCENT Road, ,Local,Mid-Block, ,No Control,Clear,Dark,Dry,Non-Fatal Injury,Pedestrian Collisions,Driver,40 to 44,,0,South,"Automobile, Station Wagon",Going Ahead,Driving Properly,Normal, , , , , , ,1,0,1,0,0,0,0,0,0,0,0,0,0,0
1079815,2008,12,3,19,5,2,43.67694538,-79.38629029,Toronto Centre-Rosedale (27),27,Rosedale-Moore Park (98),98,D53,Toronto East York,40 CLUNY DR,CRESCENT Road, ,Local,Mid-Block, ,No Control,Clear,Dark,Dry,Non-Fatal Injury,Pedestrian Collisions,Pedestrian,55 to 59,Major,0,East,Other, , , ,Pedestrian hit at mid-block,"Crossing, no Traffic Control",Inattentive, , , ,1,0,1,0,0,0,0,0,0,0,0,0,0,0
1192624,2010,9,1,19,5,2,43.75484427,-79.45608912,York Centre (10),10,Bathurst Manor (34),34,D32,North York,SHAFTESBURY ST,CODSELL AVE, ,Local,Intersection, ,Stop Sign,Clear,Dusk,Dry,Non-Fatal Injury,SMV Other,Moped Driver,55 to 59,Major,0,South,Moped,Going Ahead, , , , , , , , ,0,1,0,0,0,0,0,0,0,0,0,0,0,0
1250852,2011,8,23,19,5,1,43.77314538,-79.40359029,Willowdale (23),23,Willowdale East (51),51,D32,North York,WILLOWDALE AVE,PARKVIEW AVE, ,Minor Arterial,Intersection,At Intersection,Stop Sign,Clear,Daylight,Dry,Non-Fatal Injury,Pedestrian Collisions,Vehicle Owner,unknown, ,0, ,Other, , , , , , , , , ,1,0,1,0,0,0,0,0,0,0,0,0,0,0
1250852,2011,8,23,19,5,1,43.77314538,-79.40359029,Willowdale (23),23,Willowdale East (51),51,D32,North York,WILLOWDALE AVE,PARKVIEW AVE, ,Minor Arterial,Intersection,At Intersection,Stop Sign,Clear,Daylight,Dry,Non-Fatal Injury,Pedestrian Collisions,Driver,25 to 29,,0, ,"Automobile, Station Wagon",Turning Left, , , , , , , , ,1,0,1,0,0,0,0,0,0,0,0,0,0,0
1250852,2011,8,23,19,5,1,43.77314538,-79.40359029,Willowdale (23),23,Willowdale East (51),51,D32,North York,WILLOWDALE AVE,PARKVIEW AVE, ,Minor Arterial,Intersection,At Intersection,Stop Sign,Clear,Daylight,Dry,Non-Fatal Injury,Pedestrian Collisions,Pedestrian,unknown,Major,0, ,Other,Other, , , , , , , , ,1,0,1,0,0,0,0,0,0,0,0,0,0,0
1252518,2011,8,23,19,5,1,43.77314538,-79.40359029,Willowdale (23),23,Willowdale East (51),51,D32,North York,WILLOWDALE AVE,PARKVIEW AVE, ,Minor Arterial,Intersection,At Intersection,Stop Sign,Clear,Dusk,Dry,Non-Fatal Injury,Pedestrian Collisions,Vehicle Owner,unknown, ,0, ,Other, , , , , , , , , ,1,0,1,0,0,0,0,0,0,0,0,0,0,0
1252518,2011,8,23,19,5,1,43.77314538,-79.40359029,Willowdale (23),23,Willowdale East (51),51,D32,North York,WILLOWDALE AVE,PARKVIEW AVE, ,Minor Arterial,Intersection,At Intersection,Stop Sign,Clear,Dusk,Dry,Non-Fatal Injury,Pedestrian Collisions,Driver,20 to 24,,0,East,"Automobile, Station Wagon",Turning Left,Driving Properly,Normal, , , , , , ,1,0,1,0,0,0,0,0,0,0,0,0,0,0
1252518,2011,8,23,19,5,1,43.77314538,-79.40359029,Willowdale (23),23,Willowdale East (51),51,D32,North York,WILLOWDALE AVE,PARKVIEW AVE, ,Minor Arterial,Intersection,At Intersection,Stop Sign,Clear,Dusk,Dry,Non-Fatal Injury,Pedestrian Collisions,Pedestrian,70 to 74,Major,0,West,Other, , , ,Vehicle turns left while ped crosses without ROW at inter.,"Crossing, no Traffic Control",Normal, , , ,1,0,1,0,0,0,0,0,0,0,0,0,0,0
1267110,2011,9,27,19,5,1,43.71974538,-79.42329029,Eglinton-Lawrence (16),16,Bedford Park-Nortown (39),39,D53,North York,16 STORMONT AVE, , ,Local,Mid-Block, ,No Control,Clear,Daylight,Dry,Non-Fatal Injury,Pedestrian Collisions,Driver,55 to 59,,0,East,"Automobile, Station Wagon",Going Ahead,Driving Properly,Normal, , , , , , ,1,0,1,0,0,0,0,0,0,0,0,0,0,0
1267110,2011,9,27,19,5,1,43.71974538,-79.42329029,Eglinton-Lawrence (16),16,Bedford Park-Nortown (39),39,D53,North York,16 STORMONT AVE, , ,Local,Mid-Block, ,No Control,Clear,Daylight,Dry,Non-Fatal Injury,Pedestrian Collisions,Pedestrian,5 to 9,Major,0,Unknown,Other, , , ,Pedestrian hit at mid-block,Playing or Working on Highway,Inattentive, , , ,1,0,1,0,0,0,0,0,0,0,0,0,0,0
1304471,2012,5,24,19,5,3,43.70304538,-79.52539029,York South-Weston (11),11,Weston (113),113,D12,Etobicoke York,CHURCH ST,WESTON RD, ,Collector,Intersection,At Intersection,Traffic Signal,Clear,Daylight,Dry,Non-Fatal Injury,Cyclist Collisions,Driver,35 to 39,,0,West,"Automobile, Station Wagon",Turning Right,Improper Turn,Inattentive, , , , , , ,0,1,1,0,0,0,0,0,0,0,0,0,0,0
1304471,2012,5,24,19,5,3,43.70304538,-79.52539029,York South-Weston (11),11,Weston (113),113,D12,Etobicoke York,CHURCH ST,WESTON RD, ,Collector,Intersection,At Intersection,Traffic Signal,Clear,Daylight,Dry,Non-Fatal Injury,Cyclist Collisions,Cyclist,60 to 64,Major,0,South,Bicycle,Stopped, , , , , ,Motorist turning right on red at signalized intersection strikes cyclist.,Driving Properly,Normal,0,1,1,0,0,0,0,0,0,0,0,0,0,0
1365705,2013,5,26,19,5,6,43.65454538,-79.38699029,Toronto Centre-Rosedale (27),27,Bay Street Corridor (76),76,D52,Toronto East York,CENTRE Ave,DUNDAS St W, ,Local,Mid-Block, ,No Control,Clear,"Daylight, artificial",Dry,Non-Fatal Injury,Pedestrian Collisions,Vehicle Owner,unknown, ,0, ,Other, , , , , , , , , ,1,0,1,0,0,0,0,0,0,0,0,0,0,0
1365705,2013,5,26,19,5,6,43.65454538,-79.38699029,Toronto Centre-Rosedale (27),27,Bay Street Corridor (76),76,D52,Toronto East York,CENTRE Ave,DUNDAS St W, ,Local,Mid-Block, ,No Control,Clear,"Daylight, artificial",Dry,Non-Fatal Injury,Pedestrian Collisions,Driver,25 to 29,,0,South,"Automobile, Station Wagon",Reversing,Other,Unknown, , , , , , ,1,0,1,0,0,0,0,0,0,0,0,0,0,0
1365705,2013,5,26,19,5,6,43.65454538,-79.38699029,Toronto Centre-Rosedale (27),27,Bay Street Corridor (76),76,D52,Toronto East York,CENTRE Ave,DUNDAS St W, ,Local,Mid-Block, ,No Control,Clear,"Daylight, artificial",Dry,Non-Fatal Injury,Pedestrian Collisions,Pedestrian,30 to 34,Major,0,Unknown,Other, , , ,Vehicle is reversing and hits pedestrian,Other,Had Been Drinking, , , ,1,0,1,0,0,0,0,0,0,0,0,0,0,0
3001098840,2013,12,5,19,5,3,43.63647421,-79.39963923,Trinity-Spadina (20),20,Waterfront Communities-The Island (77),77,D14,Toronto East York,LAKE SHORE BLVD W,BATHURST ST, ,Major Arterial,Intersection,Intersection Related,Traffic Signal,Clear,"Dark, artificial",Dry,Non-Fatal Injury,Turning Movement,Driver,35 to 39,,0,West,"Automobile, Station Wagon",Turning Left,Improper Turn,Normal, , , , , , ,0,0,1,1,0,0,0,1,0,0,0,0,0,0
3001098840,2013,12,5,19,5,3,43.63647421,-79.39963923,Trinity-Spadina (20),20,Waterfront Communities-The Island (77),77,D14,Toronto East York,LAKE SHORE BLVD W,BATHURST ST, ,Major Arterial,Intersection,Intersection Related,Traffic Signal,Clear,"Dark, artificial",Dry,Non-Fatal Injury,Turning Movement,Motorcycle Driver,45 to 49,Major,0,East,Motorcycle,Going Ahead,Driving Properly,Normal, , , , , , ,0,0,1,1,0,0,0,1,0,0,0,0,0,0
3001098840,2013,12,5,19,5,3,43.63647421,-79.39963923,Trinity-Spadina (20),20,Waterfront Communities-The Island (77),77,D14,Toronto East York,LAKE SHORE BLVD W,BATHURST ST, ,Major Arterial,Intersection,Intersection Related,Traffic Signal,Clear,"Dark, artificial",Dry,Non-Fatal Injury,Turning Movement,Motorcycle Passenger,25 to 29,Minimal,0, , , , , , , , , , , ,0,0,1,1,0,0,0,1,0,0,0,0,0,0
5002098323,2015,12,7,19,5,0,43.77546271,-79.52171717,York West (8),8,York University Heights (27),27,D31,North York,STEELES AVE W,JANE ST,1 m East of,Major Arterial,Intersection,At Intersection,Traffic Signal,Clear,"Dark, artificial",Dry,Non-Fatal Injury,Sideswipe,Driver,unknown,,0,West,"Automobile, Station Wagon",Changing Lanes,Improper Lane Change,Inattentive, , , , , , ,0,0,1,0,0,1,0,1,0,0,0,0,0,0
5002098323,2015,12,7,19,5,0,43.77546271,-79.52171717,York West (8),8,York University Heights (27),27,D31,North York,STEELES AVE W,JANE ST,1 m East of,Major Arterial,Intersection,At Intersection,Traffic Signal,Clear,"Dark, artificial",Dry,Non-Fatal Injury,Sideswipe,Driver,35 to 39,,0,West,Intercity Bus,Going Ahead,Driving Properly,Normal, , , , , , ,0,0,1,0,0,1,0,1,0,0,0,0,0,0
5002098323,2015,12,7,19,5,0,43.77546271,-79.52171717,York West (8),8,York University Heights (27),27,D31,North York,STEELES AVE W,JANE ST,1 m East of,Major Arterial,Intersection,At Intersection,Traffic Signal,Clear,"Dark, artificial",Dry,Non-Fatal Injury,Sideswipe,Passenger,65 to 69,Major,0, , , , , , , , , , , ,0,0,1,0,0,1,0,1,0,0,0,0,0,0
4003437550,2014,12,6,19,6,5,43.79903372,-79.27363978,Scarborough-Rouge River (41),41,Agincourt North (129),129,D42,Scarborough,BRIMLEY RD,HUNTINGWOOD DR,46 m North of,Major Arterial,Mid-Block,Non Intersection,No Control,Clear,"Dark, artificial",Dry,Non-Fatal Injury,SMV Other,Driver,55 to 59,Major,0,South,"Automobile, Station Wagon",Going Ahead,Lost control,Medical or Physical Disability, , , , , , ,0,0,1,0,0,0,0,1,0,0,0,0,1,0
4003437550,2014,12,6,19,6,5,43.79903372,-79.27363978,Scarborough-Rouge River (41),41,Agincourt North (129),129,D42,Scarborough,BRIMLEY RD,HUNTINGWOOD DR,46 m North of,Major Arterial,Mid-Block,Non Intersection,No Control,Clear,"Dark, artificial",Dry,Non-Fatal Injury,SMV Other,Passenger,50 to 54,Minor,0, ,"Automobile, Station Wagon", , , , , , , , , ,0,0,1,0,0,0,0,1,0,0,0,0,1,0
964254,2007,3,22,19,7,3,43.71594538,-79.44499029,Eglinton-Lawrence (15),15,Yorkdale-Glen Park (31),31,D13,North York,ALLEN X S LAWRENCE E RAMP W,LAWRENCE AVE W, ,Major Arterial,Intersection,At Intersection,Yield Sign,Clear,"Dusk, artificial",Dry,Non-Fatal Injury,Pedestrian Collisions,Vehicle Owner,unknown,,0, ,Other, , , , , , , , , ,1,0,1,0,0,0,0,0,0,1,0,0,0,0
964254,2007,3,22,19,7,3,43.71594538,-79.44499029,Eglinton-Lawrence (15),15,Yorkdale-Glen Park (31),31,D13,North York,ALLEN X S LAWRENCE E RAMP W,LAWRENCE AVE W, ,Major Arterial,Intersection,At Intersection,Yield Sign,Clear,"Dusk, artificial",Dry,Non-Fatal Injury,Pedestrian Collisions,Driver,65 to 69,,0,South,"Automobile, Station Wagon",Going Ahead,Failed to Yield Right of Way,Normal, , , , , , ,1,0,1,0,0,0,0,0,0,1,0,0,0,0
964254,2007,3,22,19,7,3,43.71594538,-79.44499029,Eglinton-Lawrence (15),15,Yorkdale-Glen Park (31),31,D13,North York,ALLEN X S LAWRENCE E RAMP W,LAWRENCE AVE W, ,Major Arterial,Intersection,At Intersection,Yield Sign,Clear,"Dusk, artificial",Dry,Non-Fatal Injury,Pedestrian Collisions,Pedestrian,45 to 49,Major,0,East,Other, , , ,Vehicle is going straight thru inter.while ped cross with ROW,Crossing with right of way,Normal, , , ,1,0,1,0,0,0,0,0,0,1,0,0,0,0
1359768,2013,6,7,19,7,4,43.64544538,-79.37889029,Toronto Centre-Rosedale (28),28,Waterfront Communities-The Island (77),77,D52,Toronto East York,141 BAY ST, , ,Major Arterial,Mid-Block, ,No Control,Clear,Dusk,Dry,Non-Fatal Injury,Rear End,Driver,65 to 69,,0,North,"Automobile, Station Wagon",Going Ahead,Driving Properly,Normal, , , , , , ,0,0,1,0,0,0,0,1,0,0,0,0,1,0
1359768,2013,6,7,19,7,4,43.64544538,-79.37889029,Toronto Centre-Rosedale (28),28,Waterfront Communities-The Island (77),77,D52,Toronto East York,141 BAY ST, , ,Major Arterial,Mid-Block, ,No Control,Clear,Dusk,Dry,Non-Fatal Injury,Rear End,Vehicle Owner,unknown, ,0, ,Other, , , , , , , , , ,0,0,1,0,0,0,0,1,0,0,0,0,1,0
1359768,2013,6,7,19,7,4,43.64544538,-79.37889029,Toronto Centre-Rosedale (28),28,Waterfront Communities-The Island (77),77,D52,Toronto East York,141 BAY ST, , ,Major Arterial,Mid-Block, ,No Control,Clear,Dusk,Dry,Non-Fatal Injury,Rear End,Driver,55 to 59,Major,0,North,"Automobile, Station Wagon",Going Ahead,Lost control,Medical or Physical Disability, , , , , , ,0,0,1,0,0,0,0,1,0,0,0,0,1,0
1110609,2009,5,22,18,45,4,43.67614538,-79.49569029,York South-Weston (11),11,Rockcliffe-Smythe (111),111,D12,Etobicoke York,JANE Stre,ALLIANCE Aven, ,Major Arterial,Intersection,At Intersection,Traffic Signal,Clear,Daylight,Dry,Non-Fatal Injury,Rear End,Driver,65 to 69,,0,North,"Automobile, Station Wagon",Stopped,Driving Properly,Normal, , , , , , ,0,0,1,0,0,0,0,1,0,1,0,0,0,0
1110609,2009,5,22,18,45,4,43.67614538,-79.49569029,York South-Weston (11),11,Rockcliffe-Smythe (111),111,D12,Etobicoke York,JANE Stre,ALLIANCE Aven, ,Major Arterial,Intersection,At Intersection,Traffic Signal,Clear,Daylight,Dry,Non-Fatal Injury,Rear End,Passenger,45 to 49,Major,0, ,Other, , , , , , , , , ,0,0,1,0,0,0,0,1,0,1,0,0,0,0
1110609,2009,5,22,18,45,4,43.67614538,-79.49569029,York South-Weston (11),11,Rockcliffe-Smythe (111),111,D12,Etobicoke York,JANE Stre,ALLIANCE Aven, ,Major Arterial,Intersection,At Intersection,Traffic Signal,Clear,Daylight,Dry,Non-Fatal Injury,Rear End,Driver,50 to 54,,0,North,"Automobile, Station Wagon",Going Ahead,Following too Close,Inattentive, , , , , , ,0,0,1,0,0,0,0,1,0,1,0,0,0,0
1148477,2009,12,25,18,45,4,43.71924538,-79.42979029,Eglinton-Lawrence (16),16,Bedford Park-Nortown (39),39,D53,North York,LAWRENCE AVE W,BATHURST ST, ,Major Arterial,Intersection,At Intersection,Traffic Signal,Rain,Dark,Wet,Non-Fatal Injury,Pedestrian Collisions,Driver,20 to 24,,0,South,"Automobile, Station Wagon",Turning Left,Failed to Yield Right of Way,Normal, , , , , , ,1,0,1,0,0,0,0,0,0,1,0,0,0,0
1148477,2009,12,25,18,45,4,43.71924538,-79.42979029,Eglinton-Lawrence (16),16,Bedford Park-Nortown (39),39,D53,North York,LAWRENCE AVE W,BATHURST ST, ,Major Arterial,Intersection,At Intersection,Traffic Signal,Rain,Dark,Wet,Non-Fatal Injury,Pedestrian Collisions,Pedestrian,55 to 59,Minor,0,South,Other, , , ,Vehicle turns left while ped crosses with ROW at inter.,Crossing with right of way,Normal, , , ,1,0,1,0,0,0,0,0,0,1,0,0,0,0
1148477,2009,12,25,18,45,4,43.71924538,-79.42979029,Eglinton-Lawrence (16),16,Bedford Park-Nortown (39),39,D53,North York,LAWRENCE AVE W,BATHURST ST, ,Major Arterial,Intersection,At Intersection,Traffic Signal,Rain,Dark,Wet,Non-Fatal Injury,Pedestrian Collisions,Pedestrian,30 to 34,Major,0,South,Other, , , ,Vehicle turns left while ped crosses with ROW at inter.,Crossing with right of way,Normal, , , ,1,0,1,0,0,0,0,0,0,1,0,0,0,0
1153216,2010,1,25,18,45,0,43.74854538,-79.55879029,York West (7),7,Humbermede (22),22,D31,Etobicoke York,GRACEDALE BLVD,FINCH AVE W, ,Major Arterial,Intersection,At Intersection,No Control,Clear,Dusk,Wet,Non-Fatal Injury,Pedestrian Collisions,Driver,unknown,,0,East,"Automobile, Station Wagon",Turning Left,Failed to Yield Right of Way,Unknown, , , , , , ,1,0,1,0,0,0,0,0,0,1,0,0,0,0