ACCNUM,YEAR,MONTH,DAY,HOUR,MINUTES,WEEKDAY,LATITUDE,LONGITUDE,Ward_Name,Ward_ID,Hood_Name,Hood_ID,Division,District,STREET1,STREET2,OFFSET,ROAD_CLASS,LOCCOORD,ACCLOC,TRAFFCTL,VISIBILITY,LIGHT,RDSFCOND,ACCLASS,IMPACTYPE,INVTYPE,INVAGE,INJURY,FATAL_NO,INITDIR,VEHTYPE,MANOEUVER,DRIVACT,DRIVCOND,PEDTYPE,PEDACT,PEDCOND,CYCLISTYPE,CYCACT,CYCCOND,PEDESTRIAN,CYCLIST,AUTOMOBILE,MOTORCYCLE,TRUCK,TRSN_CITY_VEH,EMERG_VEH,PASSENGER,SPEEDING,AG_DRIV,REDLIGHT,ALCOHOL,DISABILITY,label
1153216,2010,1,25,18,45,0,43.74854538,-79.55879029,York West (7),7,Humbermede (22),22,D31,Etobicoke York,GRACEDALE BLVD,FINCH AVE W, ,Major Arterial,Intersection,At Intersection,No Control,Clear,Dusk,Wet,Non-Fatal Injury,Pedestrian Collisions,Pedestrian,50 to 54,Major,0,East,Other, , , ,Vehicle turns left while ped crosses with ROW at inter.,Crossing with right of way,Normal, , , ,1,0,1,0,0,0,0,0,0,1,0,0,0,0
1316338,2012,9,22,18,45,5,43.69554538,-79.58959029,Etobicoke North (2),2,West Humber-Clairville (1),1,D23,Etobicoke York,264 ATTWELL DR, , ,Collector,Mid-Block, ,No Control,Clear,Daylight,Dry,Fatal,Pedestrian Collisions,Driver,15 to 19,,0,South,"Automobile, Station Wagon",Going Ahead,Lost control,Normal, , , , , , ,1,0,1,0,0,0,0,0,0,0,0,0,0,1
1316338,2012,9,22,18,45,5,43.69554538,-79.58959029,Etobicoke North (2),2,West Humber-Clairville (1),1,D23,Etobicoke York,264 ATTWELL DR, , ,Collector,Mid-Block, ,No Control,Clear,Daylight,Dry,Fatal,Pedestrian Collisions,Pedestrian,15 to 19,Fatal,32,South,Other, , , ,Pedestrian hit on sidewalk or shoulder,On Sidewalk or Shoulder,Normal, , , ,1,0,1,0,0,0,0,0,0,0,0,0,0,1
1316338,2012,9,22,18,45,5,43.69554538,-79.58959029,Etobicoke North (2),2,West Humber-Clairville (1),1,D23,Etobicoke York,264 ATTWELL DR, , ,Collector,Mid-Block, ,No Control,Clear,Daylight,Dry,Fatal,Pedestrian Collisions,Pedestrian,15 to 19,,0,South,Other, , , ,Pedestrian hit on sidewalk or shoulder,On Sidewalk or Shoulder,Normal, , , ,1,0,1,0,0,0,0,0,0,0,0,0,0,1
1355516,2013,4,12,18,45,4,43.77294538,-79.33609029,Don Valley East (33),33,Henry Farm (53),53,D33,North York,YORKLAND Blvd,CONSUMERS Rd, ,Local,Mid-Block, ,No Control,Clear,Daylight,Wet,Non-Fatal Injury,SMV Other,Driver,30 to 34,Major,0,West,"Automobile, Station Wagon",Turning Left,Speed too Fast For Condition,Inattentive, , , , , , ,0,0,1,0,0,0,0,0,1,1,0,0,0,0
1365621,2013,7,13,18,45,5,43.80374538,-79.28629029,Scarborough-Rouge River (41),41,Agincourt North (129),129,D42,Scarborough,FINCH AVE E,MIDLAND AVE, ,Major Arterial,Intersection,At Intersection,Traffic Signal,Clear,Daylight,Dry,Non-Fatal Injury,Pedestrian Collisions,Driver,60 to 64,,0,North,"Automobile, Station Wagon",Turning Left,Failed to Yield Right of Way,Inattentive, , , , , , ,1,0,1,0,0,0,0,0,0,1,0,0,0,0
1113423,2009,6,5,18,30,4,43.76524538,-79.48289029,York West (8),8,York University Heights (27),27,D31,North York,1183 FINCH Ave W, , ,Major Arterial,Mid-Block, ,Traffic Signal,Clear,Daylight,Dry,Non-Fatal Injury,Rear End,Driver,20 to 24,Minimal,0,East,"Automobile, Station Wagon",Going Ahead,Following too Close,Normal, , , , , , ,0,0,1,0,0,0,0,0,0,1,0,0,0,0
1106823,2009,5,6,19,9,2,43.72044538,-79.41509029,Eglinton-Lawrence (16),16,Bedford Park-Nortown (39),39,D53,Toronto East York,1472 AVENUE RD, , ,Major Arterial,Mid-Block, ,No Control,Clear,Daylight,Dry,Non-Fatal Injury,Pedestrian Collisions,Pedestrian,25 to 29,Major,0, ,Other, , , ,Pedestrian hit at mid-block,Running onto Roadway,Had Been Drinking, , , ,1,0,1,0,0,0,0,0,0,0,0,0,0,0
7000857576,2017,5,15,18,6,0,43.6771694,-79.49609766,York South-Weston (11),11,Rockcliffe-Smythe (111),111,D12,Etobicoke York,JANE ST,DALRYMPLE DR, ,Major Arterial,Intersection,Non Intersection,No Control,Clear,Daylight,Dry,Non-Fatal Injury,Pedestrian Collisions,Driver,50 to 54,,0,South,"Automobile, Station Wagon",Going Ahead,Driving Properly,Normal, , , , , , ,1,0,1,0,0,0,0,0,0,0,0,0,0,0
1365621,2013,7,13,18,45,5,43.80374538,-79.28629029,Scarborough-Rouge River (41),41,Agincourt North (129),129,D42,Scarborough,FINCH AVE E,MIDLAND AVE, ,Major Arterial,Intersection,At Intersection,Traffic Signal,Clear,Daylight,Dry,Non-Fatal Injury,Pedestrian Collisions,Pedestrian,65 to 69,Major,0,Unknown,Other, , , ,Vehicle turns left while ped crosses with ROW at inter.,Crossing with right of way,Normal, , , ,1,0,1,0,0,0,0,0,0,1,0,0,0,0
1380543,2013,7,24,18,45,2,43.64340933,-79.39127741,Trinity-Spadina (20),20,Waterfront Communities-The Island (77),77,D52,Toronto East York,FRONT ST W,BLUE JAYS WAY, ,Minor Arterial,Intersection, ,Traffic Signal,Clear,Daylight,Dry,Non-Fatal Injury,Cyclist Collisions,Driver,35 to 39,,0,West,"Automobile, Station Wagon",Turning Left,Failed to Yield Right of Way,Normal, , , , , , ,0,1,1,0,0,0,0,0,0,1,0,0,0,0
1380543,2013,7,24,18,45,2,43.64340933,-79.39127741,Trinity-Spadina (20),20,Waterfront Communities-The Island (77),77,D52,Toronto East York,FRONT ST W,BLUE JAYS WAY, ,Minor Arterial,Intersection, ,Traffic Signal,Clear,Daylight,Dry,Non-Fatal Injury,Cyclist Collisions,Cyclist,25 to 29,Major,0,East,Bicycle,Going Ahead, , , , , ,Motorist turned left across cyclists path.,Driving Properly,Unknown,0,1,1,0,0,0,0,0,0,1,0,0,0,0
4001616287,2014,2,28,18,45,4,43.62345083,-79.50238428,Etobicoke-Lakeshore (5),5,Stonegate-Queensway (16),16,D22,Etobicoke York,7 QUEEN ELIZABETH BLVD, , ,Local,Mid-Block,Non Intersection,No Control,Clear,"Dark, artificial",Dry,Non-Fatal Injury,SMV Other,Driver,60 to 64,Major,0,East,"Automobile, Station Wagon",Other,Exceeding Speed Limit,"Ability Impaired, Alcohol", , , , , , ,0,0,1,0,0,0,0,0,1,1,0,1,0,0
4003213460,2014,10,31,18,45,4,43.71725805,-79.59560786,Etobicoke North (2),2,West Humber-Clairville (1),1,D23,Etobicoke York,REXDALE BLVD,HIGHWAY 27  S, ,Major Arterial,Intersection,At Intersection,Traffic Signal,Rain,"Dark, artificial",Wet,Non-Fatal Injury,Cyclist Collisions,Driver,25 to 29,,0,East,"Automobile, Station Wagon",Going Ahead,Driving Properly,Normal, , , , , , ,0,1,1,0,0,0,0,1,0,0,0,0,0,0
4003213460,2014,10,31,18,45,4,43.71725805,-79.59560786,Etobicoke North (2),2,West Humber-Clairville (1),1,D23,Etobicoke York,REXDALE BLVD,HIGHWAY 27  S, ,Major Arterial,Intersection,At Intersection,Traffic Signal,Rain,"Dark, artificial",Wet,Non-Fatal Injury,Cyclist Collisions,Passenger,30 to 34,,0, , , , , , , , , , , ,0,1,1,0,0,0,0,1,0,0,0,0,0,0
4003213460,2014,10,31,18,45,4,43.71725805,-79.59560786,Etobicoke North (2),2,West Humber-Clairville (1),1,D23,Etobicoke York,REXDALE BLVD,HIGHWAY 27  S, ,Major Arterial,Intersection,At Intersection,Traffic Signal,Rain,"Dark, artificial",Wet,Non-Fatal Injury,Cyclist Collisions,Passenger,10 to 14,,0, , , , , , , , , , , ,0,1,1,0,0,0,0,1,0,0,0,0,0,0
4003213460,2014,10,31,18,45,4,43.71725805,-79.59560786,Etobicoke North (2),2,West Humber-Clairville (1),1,D23,Etobicoke York,REXDALE BLVD,HIGHWAY 27  S, ,Major Arterial,Intersection,At Intersection,Traffic Signal,Rain,"Dark, artificial",Wet,Non-Fatal Injury,Cyclist Collisions,Passenger,10 to 14,,0, , , , , , , , , , , ,0,1,1,0,0,0,0,1,0,0,0,0,0,0
4003213460,2014,10,31,18,45,4,43.71725805,-79.59560786,Etobicoke North (2),2,West Humber-Clairville (1),1,D23,Etobicoke York,REXDALE BLVD,HIGHWAY 27  S, ,Major Arterial,Intersection,At Intersection,Traffic Signal,Rain,"Dark, artificial",Wet,Non-Fatal Injury,Cyclist Collisions,Passenger,5 to 9,,0, , , , , , , , , , , ,0,1,1,0,0,0,0,1,0,0,0,0,0,0
4003213460,2014,10,31,18,45,4,43.71725805,-79.59560786,Etobicoke North (2),2,West Humber-Clairville (1),1,D23,Etobicoke York,REXDALE BLVD,HIGHWAY 27  S, ,Major Arterial,Intersection,At Intersection,Traffic Signal,Rain,"Dark, artificial",Wet,Non-Fatal Injury,Cyclist Collisions,Cyclist,75 to 79,Major,0,East,Bicycle,Unknown, , , , , ,Cyclist and Driver travelling in same direction. One vehicle sideswipes the other.,Other,Normal,0,1,1,0,0,0,0,1,0,0,0,0,0,0
7001559045,2017,8,28,18,45,0,43.65879438,-79.42441229,Trinity-Spadina (19),19,Palmerston-Little Italy (80),80,D14,Toronto East York,OSSINGTON AVENUE,HARBORD STREET,30 m North of,Minor Arterial,Mid-Block,Non Intersection,No Control,Clear,Daylight,Dry,Non-Fatal Injury,Turning Movement,Driver,25 to 29,,0,South,"Automobile, Station Wagon",Making U Turn,Improper Turn,Inattentive, , , , , , ,0,0,1,1,0,0,0,0,0,0,0,0,0,0
7001559045,2017,8,28,18,45,0,43.65879438,-79.42441229,Trinity-Spadina (19),19,Palmerston-Little Italy (80),80,D14,Toronto East York,OSSINGTON AVENUE,HARBORD STREET,30 m North of,Minor Arterial,Mid-Block,Non Intersection,No Control,Clear,Daylight,Dry,Non-Fatal Injury,Turning Movement,Motorcycle Driver,30 to 34,Major,0,North,Motorcycle,Going Ahead,Driving Properly,Normal, , , , , , ,0,0,1,1,0,0,0,0,0,0,0,0,0,0
7003236001,2017,12,20,18,45,2,43.8278118,-79.26276789,Scarborough-Rouge River (41),41,Milliken (130),130,D42,Scarborough,PASSMORE AVE,MAYBROOK DR, ,Collector,Mid-Block,Non Intersection,No Control,Other,Daylight,Other,Fatal,Pedestrian Collisions,Pedestrian,55 to 59,Fatal,61,South, , , , ,Pedestrian hit at mid-block,"Crossing, no Traffic Control",Unknown, , , ,1,0,1,0,0,0,0,0,0,0,0,0,0,1
7003236001,2017,12,20,18,45,2,43.8278118,-79.26276789,Scarborough-Rouge River (41),41,Milliken (130),130,D42,Scarborough,PASSMORE AVE,MAYBROOK DR, ,Collector,Mid-Block,Non Intersection,No Control,Other,Daylight,Other,Fatal,Pedestrian Collisions,Driver,50 to 54,,0,East,"Automobile, Station Wagon",Going Ahead,Driving Properly,Unknown, , , , , , ,1,0,1,0,0,0,0,0,0,0,0,0,0,1
1173424,2010,6,15,18,46,1,43.66964538,-79.43279029,Davenport (18),18,Dovercourt-Wallace Emerson-Junction (93),93,D14,Toronto East York,DOVERCOURT RD,DUPONT ST, ,Major Arterial,Intersection,At Intersection,Traffic Signal,Clear,Daylight,Dry,Non-Fatal Injury,Cyclist Collisions,Driver,45 to 49,,0,North,"Automobile, Station Wagon",Going Ahead,Disobeyed Traffic Control,"Ability Impaired, Alcohol Over .08", , , , , , ,0,1,1,0,0,0,0,0,1,1,1,1,0,0
1173424,2010,6,15,18,46,1,43.66964538,-79.43279029,Davenport (18),18,Dovercourt-Wallace Emerson-Junction (93),93,D14,Toronto East York,DOVERCOURT RD,DUPONT ST, ,Major Arterial,Intersection,At Intersection,Traffic Signal,Clear,Daylight,Dry,Non-Fatal Injury,Cyclist Collisions,Cyclist,25 to 29,Major,0,East,Bicycle,Going Ahead, , , , , ,"Cyclist without ROW rides into path of motorist at inter, lnwy, dwy-Cyclist not turn.",Disobeyed Traffic Control,Normal,0,1,1,0,0,0,0,0,1,1,1,1,0,0
1321943,2012,9,19,18,46,2,43.82074538,-79.29489029,Scarborough-Rouge River (41),41,Milliken (130),130,D42,Scarborough,MIDLAND AVE,PASSMORE AVE, ,Major Arterial,Intersection,At Intersection,Traffic Signal,Clear,Dusk,Dry,Non-Fatal Injury,Pedestrian Collisions,Other,unknown,,0, ,"Automobile, Station Wagon", , , , , , , , , ,1,0,1,0,0,1,0,0,0,0,0,0,0,0
1321943,2012,9,19,18,46,2,43.82074538,-79.29489029,Scarborough-Rouge River (41),41,Milliken (130),130,D42,Scarborough,MIDLAND AVE,PASSMORE AVE, ,Major Arterial,Intersection,At Intersection,Traffic Signal,Clear,Dusk,Dry,Non-Fatal Injury,Pedestrian Collisions,Driver,45 to 49,,0,North,Municipal Transit Bus (TTC),Turning Left,Driving Properly,Normal, , , , , , ,1,0,1,0,0,1,0,0,0,0,0,0,0,0
1321943,2012,9,19,18,46,2,43.82074538,-79.29489029,Scarborough-Rouge River (41),41,Milliken (130),130,D42,Scarborough,MIDLAND AVE,PASSMORE AVE, ,Major Arterial,Intersection,At Intersection,Traffic Signal,Clear,Dusk,Dry,Non-Fatal Injury,Pedestrian Collisions,Pedestrian,65 to 69,Major,0,South,Other, , , ,Pedestrian involved in a collision with transit vehicle anywhere along roadway,Crossing without right of way,Inattentive, , , ,1,0,1,0,0,1,0,0,0,0,0,0,0,0
1351606,2013,4,13,18,46,5,43.77314718,-79.28389368,Scarborough-Agincourt (40),40,Dorset Park (126),126,D41,Scarborough,KENNEDY RD,401 C E KENNEDY RAMP RD E, ,Major Arterial,Intersection,At Intersection,Traffic Signal,Clear,Dusk,Dry,Fatal,Cyclist Collisions,Driver,40 to 44,,0,South,"Automobile, Station Wagon",Going Ahead,Driving Properly,Normal, , , , , , ,0,1,1,0,0,0,0,1,1,1,1,1,0,1
1351606,2013,4,13,18,46,5,43.77314718,-79.28389368,Scarborough-Agincourt (40),40,Dorset Park (126),126,D41,Scarborough,KENNEDY RD,401 C E KENNEDY RAMP RD E, ,Major Arterial,Intersection,At Intersection,Traffic Signal,Clear,Dusk,Dry,Fatal,Cyclist Collisions,Driver,75 to 79,,0,South,"Automobile, Station Wagon",Going Ahead,Driving Properly,Normal, , , , , , ,0,1,1,0,0,0,0,1,1,1,1,1,0,1
1351606,2013,4,13,18,46,5,43.77314718,-79.28389368,Scarborough-Agincourt (40),40,Dorset Park (126),126,D41,Scarborough,KENNEDY RD,401 C E KENNEDY RAMP RD E, ,Major Arterial,Intersection,At Intersection,Traffic Signal,Clear,Dusk,Dry,Fatal,Cyclist Collisions,Passenger,20 to 24,Minimal,0, , , , , , , , , , , ,0,1,1,0,0,0,0,1,1,1,1,1,0,1
1351606,2013,4,13,18,46,5,43.77314718,-79.28389368,Scarborough-Agincourt (40),40,Dorset Park (126),126,D41,Scarborough,KENNEDY RD,401 C E KENNEDY RAMP RD E, ,Major Arterial,Intersection,At Intersection,Traffic Signal,Clear,Dusk,Dry,Fatal,Cyclist Collisions,Passenger,20 to 24,Minor,0, , , , , , , , , , , ,0,1,1,0,0,0,0,1,1,1,1,1,0,1
1351606,2013,4,13,18,46,5,43.77314718,-79.28389368,Scarborough-Agincourt (40),40,Dorset Park (126),126,D41,Scarborough,KENNEDY RD,401 C E KENNEDY RAMP RD E, ,Major Arterial,Intersection,At Intersection,Traffic Signal,Clear,Dusk,Dry,Fatal,Cyclist Collisions,Driver,20 to 24,Minor,0,North,"Automobile, Station Wagon",Stopped,Driving Properly,Normal, , , , , , ,0,1,1,0,0,0,0,1,1,1,1,1,0,1
1351606,2013,4,13,18,46,5,43.77314718,-79.28389368,Scarborough-Agincourt (40),40,Dorset Park (126),126,D41,Scarborough,KENNEDY RD,401 C E KENNEDY RAMP RD E, ,Major Arterial,Intersection,At Intersection,Traffic Signal,Clear,Dusk,Dry,Fatal,Cyclist Collisions,Driver,45 to 49,,0,East,"Automobile, Station Wagon",Going Ahead,Disobeyed Traffic Control,"Ability Impaired, Alcohol Over .08", , , , , , ,0,1,1,0,0,0,0,1,1,1,1,1,0,1
1351606,2013,4,13,18,46,5,43.77314718,-79.28389368,Scarborough-Agincourt (40),40,Dorset Park (126),126,D41,Scarborough,KENNEDY RD,401 C E KENNEDY RAMP RD E, ,Major Arterial,Intersection,At Intersection,Traffic Signal,Clear,Dusk,Dry,Fatal,Cyclist Collisions,Driver,25 to 29,Minor,0,South,"Automobile, Station Wagon",Going Ahead,Driving Properly,Normal, , , , , , ,0,1,1,0,0,0,0,1,1,1,1,1,0,1
1351606,2013,4,13,18,46,5,43.77314718,-79.28389368,Scarborough-Agincourt (40),40,Dorset Park (126),126,D41,Scarborough,KENNEDY RD,401 C E KENNEDY RAMP RD E, ,Major Arterial,Intersection,At Intersection,Traffic Signal,Clear,Dusk,Dry,Fatal,Cyclist Collisions,Passenger,50 to 54,Major,0, , , , , , , , , , , ,0,1,1,0,0,0,0,1,1,1,1,1,0,1
1351606,2013,4,13,18,46,5,43.77314718,-79.28389368,Scarborough-Agincourt (40),40,Dorset Park (126),126,D41,Scarborough,KENNEDY RD,401 C E KENNEDY RAMP RD E, ,Major Arterial,Intersection,At Intersection,Traffic Signal,Clear,Dusk,Dry,Fatal,Cyclist Collisions,Driver,25 to 29,,0,South,"Automobile, Station Wagon",Going Ahead,Driving Properly,Normal, , , , , , ,0,1,1,0,0,0,0,1,1,1,1,1,0,1
1351606,2013,4,13,18,46,5,43.77314718,-79.28389368,Scarborough-Agincourt (40),40,Dorset Park (126),126,D41,Scarborough,KENNEDY RD,401 C E KENNEDY RAMP RD E, ,Major Arterial,Intersection,At Intersection,Traffic Signal,Clear,Dusk,Dry,Fatal,Cyclist Collisions,Cyclist,35 to 39,Fatal,10,North,Bicycle,Going Ahead, , , , , ,"Motorist without ROW drives into path of cyclist at inter, lnwy, dwy-Driver not turn.",Driving Properly,Unknown,0,1,1,0,0,0,0,1,1,1,1,1,0,1
4001392181,2014,1,22,18,46,2,43.7589527,-79.19758997,Scarborough East (43),43,West Hill (136),136,D43,Scarborough,KINGSTON RD,PAYZAC AVE, ,Major Arterial,Intersection,At Intersection,Traffic Signal,Clear,Dark,Dry,Non-Fatal Injury,Pedestrian Collisions,Driver,35 to 39,,0,West,"Automobile, Station Wagon",Going Ahead,Driving Properly,Normal, , , , , , ,1,0,1,0,0,0,0,0,0,0,0,0,0,0
4001392181,2014,1,22,18,46,2,43.7589527,-79.19758997,Scarborough East (43),43,West Hill (136),136,D43,Scarborough,KINGSTON RD,PAYZAC AVE, ,Major Arterial,Intersection,At Intersection,Traffic Signal,Clear,Dark,Dry,Non-Fatal Injury,Pedestrian Collisions,Pedestrian,30 to 34,Major,0,North, , , , ,Vehicle is going straight thru inter.while ped cross without ROW,Crossing without right of way,Normal, , , ,1,0,1,0,0,0,0,0,0,0,0,0,0,0
131092293,2013,12,4,18,47,2,43.79535635,-79.41570673,Willowdale (24),24,Newtonbrook East (50),50,D32,North York,DUMONT ST,OTONABEE AVE, ,Local,Intersection, ,No Control,Clear,"Dark, artificial",Dry,Fatal,Pedestrian Collisions,Driver,25 to 29,,0,North,"Automobile, Station Wagon",Going Ahead,Driving Properly,Normal, , , , , , ,1,0,1,0,0,0,0,0,0,0,0,0,0,1
131092293,2013,12,4,18,47,2,43.79535635,-79.41570673,Willowdale (24),24,Newtonbrook East (50),50,D32,North York,DUMONT ST,OTONABEE AVE, ,Local,Intersection, ,No Control,Clear,"Dark, artificial",Dry,Fatal,Pedestrian Collisions,Pedestrian,75 to 79,Fatal,61,East, , , , ,Pedestrian hit at mid-block,"Crossing, no Traffic Control",Unknown, , , ,1,0,1,0,0,0,0,0,0,0,0,0,0,1
7001844786,2017,10,11,18,47,2,43.66117038,-79.37245529,Toronto Centre-Rosedale (27),27,Moss Park (73),73,D51,Toronto East York,GERRARD ST E,SHERBOURNE ST,22 m West of,Minor Arterial,Mid-Block,Non Intersection,No Control,Clear,"Dark, artificial",Dry,Non-Fatal Injury,SMV Other,Driver,60 to 64,Major,0,East,"Bus (Other) (Go Bus, Gray Coach)",Going Ahead,Lost control,Unknown, , , , , , ,0,0,0,0,0,1,0,0,0,0,0,0,0,0
1080485,2009,1,10,18,48,5,43.68374538,-79.47229029,York South-Weston (12),12,Keelesdale-Eglinton West (110),110,D12,Scarborough,KEELE ST,NASHVILLE AVE, ,Major Arterial,Intersection,At Intersection,No Control,Clear,Dark,Dry,Non-Fatal Injury,Sideswipe,Vehicle Owner,unknown, ,0, ,Other, , , , , , , , , ,0,0,1,0,0,0,0,0,0,0,0,0,1,0
1080485,2009,1,10,18,48,5,43.68374538,-79.47229029,York South-Weston (12),12,Keelesdale-Eglinton West (110),110,D12,Scarborough,KEELE ST,NASHVILLE AVE, ,Major Arterial,Intersection,At Intersection,No Control,Clear,Dark,Dry,Non-Fatal Injury,Sideswipe,Driver,25 to 29,,0,South,"Automobile, Station Wagon",Going Ahead,Driving Properly,Normal, , , , , , ,0,0,1,0,0,0,0,0,0,0,0,0,1,0
1080485,2009,1,10,18,48,5,43.68374538,-79.47229029,York South-Weston (12),12,Keelesdale-Eglinton West (110),110,D12,Scarborough,KEELE ST,NASHVILLE AVE, ,Major Arterial,Intersection,At Intersection,No Control,Clear,Dark,Dry,Non-Fatal Injury,Sideswipe,Driver,65 to 69,Major,0,South,"Automobile, Station Wagon",Going Ahead,Lost control,Medical or Physical Disability, , , , , , ,0,0,1,0,0,0,0,0,0,0,0,0,1,0
1157271,2010,2,4,18,48,3,43.69234538,-79.35449029,Toronto-Danforth (29),29,Broadview North (57),57,D54,Toronto East York,O CONNOR Driv,BEECHWOOD Cres, ,Minor Arterial,Mid-Block, ,No Control,Clear,Dark,Dry,Non-Fatal Injury,Cyclist Collisions,Other,unknown,,0, ,Other,Parked, , , , , , , , ,0,1,0,0,0,0,0,0,0,0,0,0,0,0
1157271,2010,2,4,18,48,3,43.69234538,-79.35449029,Toronto-Danforth (29),29,Broadview North (57),57,D54,Toronto East York,O CONNOR Driv,BEECHWOOD Cres, ,Minor Arterial,Mid-Block, ,No Control,Clear,Dark,Dry,Non-Fatal Injury,Cyclist Collisions,Cyclist,50 to 54,Major,0,West,Bicycle,Going Ahead, , , , , ,Cyclist strikes a parked vehicle.,Lost control,Normal,0,1,0,0,0,0,0,0,0,0,0,0,0,0
1034287,2008,4,11,18,49,4,43.68394538,-79.51149029,Etobicoke Centre (4),4,Edenbridge-Humber Valley (9),9,D22,Etobicoke York,EGLINTON AVE W,SCARLETT RD, ,Major Arterial,Intersection,At Intersection,Traffic Signal,Clear,Daylight,Dry,Non-Fatal Injury,Rear End,Passenger,35 to 39,,0, ,Other, , , , , , , , , ,0,0,1,0,0,0,0,1,0,1,0,0,0,0
1034287,2008,4,11,18,49,4,43.68394538,-79.51149029,Etobicoke Centre (4),4,Edenbridge-Humber Valley (9),9,D22,Etobicoke York,EGLINTON AVE W,SCARLETT RD, ,Major Arterial,Intersection,At Intersection,Traffic Signal,Clear,Daylight,Dry,Non-Fatal Injury,Rear End,Vehicle Owner,unknown, ,0, ,Other, , , , , , , , , ,0,0,1,0,0,0,0,1,0,1,0,0,0,0
1034287,2008,4,11,18,49,4,43.68394538,-79.51149029,Etobicoke Centre (4),4,Edenbridge-Humber Valley (9),9,D22,Etobicoke York,EGLINTON AVE W,SCARLETT RD, ,Major Arterial,Intersection,At Intersection,Traffic Signal,Clear,Daylight,Dry,Non-Fatal Injury,Rear End,Driver,40 to 44,Major,0,West,"Automobile, Station Wagon",Slowing or Stopping,Driving Properly,Normal, , , , , , ,0,0,1,0,0,0,0,1,0,1,0,0,0,0
1034287,2008,4,11,18,49,4,43.68394538,-79.51149029,Etobicoke Centre (4),4,Edenbridge-Humber Valley (9),9,D22,Etobicoke York,EGLINTON AVE W,SCARLETT RD, ,Major Arterial,Intersection,At Intersection,Traffic Signal,Clear,Daylight,Dry,Non-Fatal Injury,Rear End,Driver,45 to 49,Minimal,0,West,"Automobile, Station Wagon",Going Ahead,Following too Close,Normal, , , , , , ,0,0,1,0,0,0,0,1,0,1,0,0,0,0
1282447,2012,2,29,18,49,2,43.64004538,-79.43709029,Parkdale-High Park (14),14,South Parkdale (85),85,D14,Toronto East York,JAMESON AVE,LAXTON AVE W, ,Minor Arterial,Mid-Block, ,No Control,Rain,Dark,Wet,Non-Fatal Injury,Pedestrian Collisions,Driver,25 to 29,,0,North,"Automobile, Station Wagon",Going Ahead,Driving Properly,Normal, , , , , , ,1,0,1,0,0,0,0,0,0,0,0,0,0,0
1282447,2012,2,29,18,49,2,43.64004538,-79.43709029,Parkdale-High Park (14),14,South Parkdale (85),85,D14,Toronto East York,JAMESON AVE,LAXTON AVE W, ,Minor Arterial,Mid-Block, ,No Control,Rain,Dark,Wet,Non-Fatal Injury,Pedestrian Collisions,Pedestrian,45 to 49,Major,0,West,Other, , , ,Pedestrian hit at mid-block,Other,Had Been Drinking, , , ,1,0,1,0,0,0,0,0,0,0,0,0,0,0
1097606,2009,3,3,18,50,1,43.78664538,-79.27299029,Scarborough-Rouge River (41),41,Agincourt South-Malvern West (128),128,D42,Scarborough,SHEPPARD AVE E,GLEN WATFORD DR, ,Major Arterial,Mid-Block, ,No Control,Clear,Dawn,Dry,Non-Fatal Injury,Rear End,Vehicle Owner,unknown, ,0, ,Other, , , , , , , , , ,0,0,1,0,0,0,0,0,1,1,0,0,0,0
1097606,2009,3,3,18,50,1,43.78664538,-79.27299029,Scarborough-Rouge River (41),41,Agincourt South-Malvern West (128),128,D42,Scarborough,SHEPPARD AVE E,GLEN WATFORD DR, ,Major Arterial,Mid-Block, ,No Control,Clear,Dawn,Dry,Non-Fatal Injury,Rear End,Driver,60 to 64,Major,0,West, ,Going Ahead,Following too Close,Unknown, , , , , , ,0,0,1,0,0,0,0,0,1,1,0,0,0,0
1097606,2009,3,3,18,50,1,43.78664538,-79.27299029,Scarborough-Rouge River (41),41,Agincourt South-Malvern West (128),128,D42,Scarborough,SHEPPARD AVE E,GLEN WATFORD DR, ,Major Arterial,Mid-Block, ,No Control,Clear,Dawn,Dry,Non-Fatal Injury,Rear End,Driver,45 to 49,,0,West,"Automobile, Station Wagon",Going Ahead,Driving Properly,Normal, , , , , , ,0,0,1,0,0,0,0,0,1,1,0,0,0,0
1136012,2009,10,20,18,50,1,43.68504538,-79.43789029,Davenport (17),17,Oakwood Village (107),107,D13,Etobicoke York,OAKWOOD AVE,EARLSDALE AVE, ,Minor Arterial,Mid-Block, ,No Control,Clear,Dusk,Dry,Non-Fatal Injury,Pedestrian Collisions,Driver,15 to 19,,0,South,"Automobile, Station Wagon",Going Ahead,Driving Properly,Normal, , , , , , ,1,0,1,0,0,0,0,0,0,0,0,0,0,0
1136012,2009,10,20,18,50,1,43.68504538,-79.43789029,Davenport (17),17,Oakwood Village (107),107,D13,Etobicoke York,OAKWOOD AVE,EARLSDALE AVE, ,Minor Arterial,Mid-Block, ,No Control,Clear,Dusk,Dry,Non-Fatal Injury,Pedestrian Collisions,Pedestrian,20 to 24,Major,0,West,Other, , , ,Pedestrian hit at mid-block,"Crossing, no Traffic Control",Inattentive, , , ,1,0,1,0,0,0,0,0,0,0,0,0,0,0