ACCNUM,YEAR,MONTH,DAY,HOUR,MINUTES,WEEKDAY,LATITUDE,LONGITUDE,Ward_Name,Ward_ID,Hood_Name,Hood_ID,Division,District,STREET1,STREET2,OFFSET,ROAD_CLASS,LOCCOORD,ACCLOC,TRAFFCTL,VISIBILITY,LIGHT,RDSFCOND,ACCLASS,IMPACTYPE,INVTYPE,INVAGE,INJURY,FATAL_NO,INITDIR,VEHTYPE,MANOEUVER,DRIVACT,DRIVCOND,PEDTYPE,PEDACT,PEDCOND,CYCLISTYPE,CYCACT,CYCCOND,PEDESTRIAN,CYCLIST,AUTOMOBILE,MOTORCYCLE,TRUCK,TRSN_CITY_VEH,EMERG_VEH,PASSENGER,SPEEDING,AG_DRIV,REDLIGHT,ALCOHOL,DISABILITY,label
1207328,2010,11,14,18,50,6,43.68444538,-79.49879029,York South-Weston (11),11,Mount Dennis (115),115,D12,Etobicoke York,JANE ST,EGLINTON AVE W, ,Major Arterial,Intersection,At Intersection,Traffic Signal,Clear,Dark,Dry,Non-Fatal Injury,Pedestrian Collisions,Driver,35 to 39,,0,South,"Automobile, Station Wagon",Going Ahead,Driving Properly,Normal, , , , , , ,1,0,1,0,0,0,0,0,0,0,0,0,0,0
1207328,2010,11,14,18,50,6,43.68444538,-79.49879029,York South-Weston (11),11,Mount Dennis (115),115,D12,Etobicoke York,JANE ST,EGLINTON AVE W, ,Major Arterial,Intersection,At Intersection,Traffic Signal,Clear,Dark,Dry,Non-Fatal Injury,Pedestrian Collisions,Pedestrian,40 to 44,Major,0,East,Other, , , ,Vehicle is going straight thru inter.while ped cross without ROW,Crossing without right of way,Unknown, , , ,1,0,1,0,0,0,0,0,0,0,0,0,0,0
1249542,2011,7,6,18,50,2,43.65214538,-79.40479029,Trinity-Spadina (20),20,Kensington-Chinatown (78),78,D14,Toronto East York,DUNDAS ST W,CARLYLE ST, ,Major Arterial,Intersection,At Intersection,Stop Sign,Clear,Daylight,Dry,Non-Fatal Injury,Cyclist Collisions,Driver,55 to 59,,0,South,"Automobile, Station Wagon",Stopped,Driving Properly,Normal, , , , , , ,0,1,1,0,0,0,0,0,0,0,0,0,0,0
1249542,2011,7,6,18,50,2,43.65214538,-79.40479029,Trinity-Spadina (20),20,Kensington-Chinatown (78),78,D14,Toronto East York,DUNDAS ST W,CARLYLE ST, ,Major Arterial,Intersection,At Intersection,Stop Sign,Clear,Daylight,Dry,Non-Fatal Injury,Cyclist Collisions,Cyclist,40 to 44,Major,0,East,Bicycle,Going Ahead, , , , , ,"Cyclist without ROW rides into path of motorist at inter, lnwy, dwy-Cyclist not turn.",Wrong Way on One Way Road,Inattentive,0,1,1,0,0,0,0,0,0,0,0,0,0,0
1279961,2012,2,10,18,50,4,43.76914538,-79.55219029,York West (7),7,Humber Summit (21),21,D31,Etobicoke York,STEELES Ave W,KLONDIKE Dr, ,Major Arterial,Intersection, ,No Control,Clear,"Dark, artificial",Dry,Non-Fatal Injury,Rear End,Driver,40 to 44,,0,East,"Automobile, Station Wagon",Going Ahead,Driving Properly,Normal, , , , , , ,0,0,1,0,0,0,0,1,1,1,0,0,0,0
1279961,2012,2,10,18,50,4,43.76914538,-79.55219029,York West (7),7,Humber Summit (21),21,D31,Etobicoke York,STEELES Ave W,KLONDIKE Dr, ,Major Arterial,Intersection, ,No Control,Clear,"Dark, artificial",Dry,Non-Fatal Injury,Rear End,Driver,35 to 39,Minimal,0,West,"Automobile, Station Wagon",Going Ahead,Following too Close,Normal, , , , , , ,0,0,1,0,0,0,0,1,1,1,0,0,0,0
1279961,2012,2,10,18,50,4,43.76914538,-79.55219029,York West (7),7,Humber Summit (21),21,D31,Etobicoke York,STEELES Ave W,KLONDIKE Dr, ,Major Arterial,Intersection, ,No Control,Clear,"Dark, artificial",Dry,Non-Fatal Injury,Rear End,Passenger,10 to 14,Minimal,0, ,Other, , , , , , , , , ,0,0,1,0,0,0,0,1,1,1,0,0,0,0
1279961,2012,2,10,18,50,4,43.76914538,-79.55219029,York West (7),7,Humber Summit (21),21,D31,Etobicoke York,STEELES Ave W,KLONDIKE Dr, ,Major Arterial,Intersection, ,No Control,Clear,"Dark, artificial",Dry,Non-Fatal Injury,Rear End,Passenger,5 to 9,Minimal,0, ,Other, , , , , , , , , ,0,0,1,0,0,0,0,1,1,1,0,0,0,0
1279961,2012,2,10,18,50,4,43.76914538,-79.55219029,York West (7),7,Humber Summit (21),21,D31,Etobicoke York,STEELES Ave W,KLONDIKE Dr, ,Major Arterial,Intersection, ,No Control,Clear,"Dark, artificial",Dry,Non-Fatal Injury,Rear End,Passenger,60 to 64,,0, ,Other, , , , , , , , , ,0,0,1,0,0,0,0,1,1,1,0,0,0,0
1279961,2012,2,10,18,50,4,43.76914538,-79.55219029,York West (7),7,Humber Summit (21),21,D31,Etobicoke York,STEELES Ave W,KLONDIKE Dr, ,Major Arterial,Intersection, ,No Control,Clear,"Dark, artificial",Dry,Non-Fatal Injury,Rear End,Driver,40 to 44,,0,West,"Automobile, Station Wagon",Going Ahead,Driving Properly,Normal, , , , , , ,0,0,1,0,0,0,0,1,1,1,0,0,0,0
1279961,2012,2,10,18,50,4,43.76914538,-79.55219029,York West (7),7,Humber Summit (21),21,D31,Etobicoke York,STEELES Ave W,KLONDIKE Dr, ,Major Arterial,Intersection, ,No Control,Clear,"Dark, artificial",Dry,Non-Fatal Injury,Rear End,Vehicle Owner,unknown, ,0, ,Other, , , , , , , , , ,0,0,1,0,0,0,0,1,1,1,0,0,0,0
1279961,2012,2,10,18,50,4,43.76914538,-79.55219029,York West (7),7,Humber Summit (21),21,D31,Etobicoke York,STEELES Ave W,KLONDIKE Dr, ,Major Arterial,Intersection, ,No Control,Clear,"Dark, artificial",Dry,Non-Fatal Injury,Rear End,Driver,20 to 24,Minimal,0,East,"Automobile, Station Wagon",Going Ahead,Driving Properly,Unknown, , , , , , ,0,0,1,0,0,0,0,1,1,1,0,0,0,0
1279961,2012,2,10,18,50,4,43.76914538,-79.55219029,York West (7),7,Humber Summit (21),21,D31,Etobicoke York,STEELES Ave W,KLONDIKE Dr, ,Major Arterial,Intersection, ,No Control,Clear,"Dark, artificial",Dry,Non-Fatal Injury,Rear End,Driver,45 to 49,,0,West,"Automobile, Station Wagon",Changing Lanes,Improper Lane Change,Unknown, , , , , , ,0,0,1,0,0,0,0,1,1,1,0,0,0,0
1279961,2012,2,10,18,50,4,43.76914538,-79.55219029,York West (7),7,Humber Summit (21),21,D31,Etobicoke York,STEELES Ave W,KLONDIKE Dr, ,Major Arterial,Intersection, ,No Control,Clear,"Dark, artificial",Dry,Non-Fatal Injury,Rear End,Vehicle Owner,unknown, ,0, ,Other, , , , , , , , , ,0,0,1,0,0,0,0,1,1,1,0,0,0,0
1279961,2012,2,10,18,50,4,43.76914538,-79.55219029,York West (7),7,Humber Summit (21),21,D31,Etobicoke York,STEELES Ave W,KLONDIKE Dr, ,Major Arterial,Intersection, ,No Control,Clear,"Dark, artificial",Dry,Non-Fatal Injury,Rear End,Other,unknown,,0, ,"Automobile, Station Wagon", , , , , , , , , ,0,0,1,0,0,0,0,1,1,1,0,0,0,0
1279961,2012,2,10,18,50,4,43.76914538,-79.55219029,York West (7),7,Humber Summit (21),21,D31,Etobicoke York,STEELES Ave W,KLONDIKE Dr, ,Major Arterial,Intersection, ,No Control,Clear,"Dark, artificial",Dry,Non-Fatal Injury,Rear End,Passenger,40 to 44,Major,0, ,Other, , , , , , , , , ,0,0,1,0,0,0,0,1,1,1,0,0,0,0
1279961,2012,2,10,18,50,4,43.76914538,-79.55219029,York West (7),7,Humber Summit (21),21,D31,Etobicoke York,STEELES Ave W,KLONDIKE Dr, ,Major Arterial,Intersection, ,No Control,Clear,"Dark, artificial",Dry,Non-Fatal Injury,Rear End,Other,unknown,,0, ,Other, , , , , , , , , ,0,0,1,0,0,0,0,1,1,1,0,0,0,0
1297829,2012,4,13,18,50,4,43.72314538,-79.55889029,Etobicoke North (2),2,Elms-Old Rexdale (5),5,D23,Etobicoke York,ELMHURST DR,ISLINGTON AVE, ,Major Arterial,Intersection,At Intersection,Traffic Signal,Clear,Daylight,Dry,Non-Fatal Injury,Pedestrian Collisions,Driver,50 to 54,,0,North,"Automobile, Station Wagon",Turning Left,Failed to Yield Right of Way,Normal, , , , , , ,1,0,1,0,0,0,0,0,0,1,0,0,0,0
1297829,2012,4,13,18,50,4,43.72314538,-79.55889029,Etobicoke North (2),2,Elms-Old Rexdale (5),5,D23,Etobicoke York,ELMHURST DR,ISLINGTON AVE, ,Major Arterial,Intersection,At Intersection,Traffic Signal,Clear,Daylight,Dry,Non-Fatal Injury,Pedestrian Collisions,Pedestrian,40 to 44,Major,0,South,Other, , , ,Vehicle turns left while ped crosses with ROW at inter.,Crossing with right of way,Normal, , , ,1,0,1,0,0,0,0,0,0,1,0,0,0,0
1338947,2013,2,4,18,50,0,43.68814538,-79.41259029,St. Paul's (21),21,Forest Hill South (101),101,D13,Toronto East York,SPADINA RD,LONSDALE RD, ,Minor Arterial,Mid-Block, ,No Control,Clear,"Dark, artificial",Dry,Non-Fatal Injury,Pedestrian Collisions,Driver,70 to 74,,0,North,"Automobile, Station Wagon",Going Ahead,Driving Properly,Normal, , , , , , ,1,0,1,0,0,0,0,0,0,0,0,0,0,0
1338947,2013,2,4,18,50,0,43.68814538,-79.41259029,St. Paul's (21),21,Forest Hill South (101),101,D13,Toronto East York,SPADINA RD,LONSDALE RD, ,Minor Arterial,Mid-Block, ,No Control,Clear,"Dark, artificial",Dry,Non-Fatal Injury,Pedestrian Collisions,Pedestrian,65 to 69,Major,0,West,Other, , , ,Pedestrian hit at mid-block,"Crossing, no Traffic Control",Inattentive, , , ,1,0,1,0,0,0,0,0,0,0,0,0,0,0
1365804,2013,5,23,18,50,3,43.66574538,-79.35139029,Toronto-Danforth (30),30,North Riverdale (68),68,D55,Toronto East York,GERRARD St E,BROADVIEW Ave, ,Minor Arterial,Mid-Block, ,No Control,Clear,Daylight,Dry,Non-Fatal Injury,Cyclist Collisions,Driver,50 to 54,,0,East,"Automobile, Station Wagon",Parked,Failed to Yield Right of Way,Normal, , , , , , ,0,1,1,0,0,0,0,0,0,1,0,0,0,0
1365804,2013,5,23,18,50,3,43.66574538,-79.35139029,Toronto-Danforth (30),30,North Riverdale (68),68,D55,Toronto East York,GERRARD St E,BROADVIEW Ave, ,Minor Arterial,Mid-Block, ,No Control,Clear,Daylight,Dry,Non-Fatal Injury,Cyclist Collisions,Cyclist,35 to 39,Major,0,East,Bicycle,Going Ahead, , , , , ,Cyclist struck opened vehicle door,Driving Properly,Normal,0,1,1,0,0,0,0,0,0,1,0,0,0,0
1113423,2009,6,5,18,30,4,43.76524538,-79.48289029,York West (8),8,York University Heights (27),27,D31,North York,1183 FINCH Ave W, , ,Major Arterial,Mid-Block, ,Traffic Signal,Clear,Daylight,Dry,Non-Fatal Injury,Rear End,Driver,65 to 69,Major,0,East,Other,Stopped,Driving Properly,Normal, , , , , , ,0,0,1,0,0,0,0,0,0,1,0,0,0,0
1261370,2011,8,31,18,30,2,43.64604538,-79.38559029,Trinity-Spadina (20),20,Waterfront Communities-The Island (77),77,D52,Toronto East York,SIMCOE ST,WELLINGTON ST W, ,Minor Arterial,Intersection,At Intersection,Traffic Signal,Clear,Daylight,Dry,Non-Fatal Injury,Pedestrian Collisions,Vehicle Owner,unknown, ,0, ,Other, , , , , , , , , ,1,0,1,0,0,0,0,0,0,1,0,0,0,0
1261370,2011,8,31,18,30,2,43.64604538,-79.38559029,Trinity-Spadina (20),20,Waterfront Communities-The Island (77),77,D52,Toronto East York,SIMCOE ST,WELLINGTON ST W, ,Minor Arterial,Intersection,At Intersection,Traffic Signal,Clear,Daylight,Dry,Non-Fatal Injury,Pedestrian Collisions,Driver,40 to 44,,0,West,"Automobile, Station Wagon",Turning Left,Failed to Yield Right of Way,Normal, , , , , , ,1,0,1,0,0,0,0,0,0,1,0,0,0,0
1261370,2011,8,31,18,30,2,43.64604538,-79.38559029,Trinity-Spadina (20),20,Waterfront Communities-The Island (77),77,D52,Toronto East York,SIMCOE ST,WELLINGTON ST W, ,Minor Arterial,Intersection,At Intersection,Traffic Signal,Clear,Daylight,Dry,Non-Fatal Injury,Pedestrian Collisions,Pedestrian,25 to 29,Major,0,West,Other, , , ,Vehicle turns left while ped crosses with ROW at inter.,Crossing with right of way,Normal, , , ,1,0,1,0,0,0,0,0,0,1,0,0,0,0
1269584,2011,10,13,18,30,3,43.75204538,-79.48819029,York West (8),8,York University Heights (27),27,D31,North York,KEELE ST,GRANDRAVINE DR, ,Major Arterial,Intersection,At Intersection,Traffic Signal,Clear,Dusk,Dry,Non-Fatal Injury,Pedestrian Collisions,Vehicle Owner,unknown,,0, ,Other,Unknown, , , , , , , , ,1,0,1,0,0,0,0,1,0,1,1,0,0,0
1269584,2011,10,13,18,30,3,43.75204538,-79.48819029,York West (8),8,York University Heights (27),27,D31,North York,KEELE ST,GRANDRAVINE DR, ,Major Arterial,Intersection,At Intersection,Traffic Signal,Clear,Dusk,Dry,Non-Fatal Injury,Pedestrian Collisions,Passenger,20 to 24,Minor,0, ,Other, , , , , , , , , ,1,0,1,0,0,0,0,1,0,1,1,0,0,0
1269584,2011,10,13,18,30,3,43.75204538,-79.48819029,York West (8),8,York University Heights (27),27,D31,North York,KEELE ST,GRANDRAVINE DR, ,Major Arterial,Intersection,At Intersection,Traffic Signal,Clear,Dusk,Dry,Non-Fatal Injury,Pedestrian Collisions,Driver,20 to 24,,0,South,"Automobile, Station Wagon",Going Ahead,Disobeyed Traffic Control,Normal, , , , , , ,1,0,1,0,0,0,0,1,0,1,1,0,0,0
1269584,2011,10,13,18,30,3,43.75204538,-79.48819029,York West (8),8,York University Heights (27),27,D31,North York,KEELE ST,GRANDRAVINE DR, ,Major Arterial,Intersection,At Intersection,Traffic Signal,Clear,Dusk,Dry,Non-Fatal Injury,Pedestrian Collisions,Driver,65 to 69,Minor,0,North,"Automobile, Station Wagon",Turning Left,Disobeyed Traffic Control,Normal, , , , , , ,1,0,1,0,0,0,0,1,0,1,1,0,0,0
1269584,2011,10,13,18,30,3,43.75204538,-79.48819029,York West (8),8,York University Heights (27),27,D31,North York,KEELE ST,GRANDRAVINE DR, ,Major Arterial,Intersection,At Intersection,Traffic Signal,Clear,Dusk,Dry,Non-Fatal Injury,Pedestrian Collisions,Pedestrian,50 to 54,Major,0,Unknown,Other, , , ,Pedestrian hit on sidewalk or shoulder,On Sidewalk or Shoulder,Unknown, , , ,1,0,1,0,0,0,0,1,0,1,1,0,0,0
1267274,2011,12,2,18,30,4,43.74264538,-79.30729029,Scarborough Centre (37),37,Wexford/Maryvale (119),119,D41,Scarborough,LAWRENCE AVE E,TOWNLEY AVE, ,Major Arterial,Intersection,At Intersection,No Control,Clear,"Dusk, artificial",Dry,Fatal,Pedestrian Collisions,Vehicle Owner,unknown, ,0, ,Other, , , , , , , , , ,1,0,1,0,0,0,0,0,0,0,0,0,0,1
1267274,2011,12,2,18,30,4,43.74264538,-79.30729029,Scarborough Centre (37),37,Wexford/Maryvale (119),119,D41,Scarborough,LAWRENCE AVE E,TOWNLEY AVE, ,Major Arterial,Intersection,At Intersection,No Control,Clear,"Dusk, artificial",Dry,Fatal,Pedestrian Collisions,Driver,65 to 69,,0,West,"Automobile, Station Wagon",Going Ahead,Driving Properly,Unknown, , , , , , ,1,0,1,0,0,0,0,0,0,0,0,0,0,1
1267274,2011,12,2,18,30,4,43.74264538,-79.30729029,Scarborough Centre (37),37,Wexford/Maryvale (119),119,D41,Scarborough,LAWRENCE AVE E,TOWNLEY AVE, ,Major Arterial,Intersection,At Intersection,No Control,Clear,"Dusk, artificial",Dry,Fatal,Pedestrian Collisions,Pedestrian,65 to 69,Fatal,33,South,Other, , , ,Pedestrian hit at mid-block,"Crossing, no Traffic Control",Unknown, , , ,1,0,1,0,0,0,0,0,0,0,0,0,0,1
1278387,2011,12,5,18,30,0,43.81094538,-79.27099029,Scarborough-Rouge River (41),41,Agincourt North (129),129,D42,Scarborough,BRIMWOOD BLVD,SANDHURST CRCL, ,Collector,Intersection, ,Stop Sign,Rain,Dark,Wet,Non-Fatal Injury,Pedestrian Collisions,Vehicle Owner,unknown, ,0, ,Other, , , , , , , , , ,1,0,1,0,0,0,0,0,0,1,0,0,0,0
1278387,2011,12,5,18,30,0,43.81094538,-79.27099029,Scarborough-Rouge River (41),41,Agincourt North (129),129,D42,Scarborough,BRIMWOOD BLVD,SANDHURST CRCL, ,Collector,Intersection, ,Stop Sign,Rain,Dark,Wet,Non-Fatal Injury,Pedestrian Collisions,Driver,25 to 29,,0,South,"Automobile, Station Wagon",Turning Left,Failed to Yield Right of Way,Inattentive, , , , , , ,1,0,1,0,0,0,0,0,0,1,0,0,0,0
1278387,2011,12,5,18,30,0,43.81094538,-79.27099029,Scarborough-Rouge River (41),41,Agincourt North (129),129,D42,Scarborough,BRIMWOOD BLVD,SANDHURST CRCL, ,Collector,Intersection, ,Stop Sign,Rain,Dark,Wet,Non-Fatal Injury,Pedestrian Collisions,Pedestrian,50 to 54,Major,0,South,Other, , , ,Vehicle turns left while ped crosses with ROW at inter.,Crossing with right of way,Normal, , , ,1,0,1,0,0,0,0,0,0,1,0,0,0,0
1336008,2012,11,29,18,30,3,43.61224707,-79.49669276,Etobicoke-Lakeshore (6),6,Mimico (includes Humber Bay Shores) (17),17,D22,Etobicoke York,ROYAL YORK RD,MIMICO AVE, ,Minor Arterial,Intersection,At Intersection,Traffic Signal,Clear,"Dark, artificial",Dry,Non-Fatal Injury,Pedestrian Collisions,Driver,20 to 24,,0,South,"Automobile, Station Wagon",Going Ahead,Driving Properly,Normal, , , , , , ,1,0,1,0,0,0,0,0,0,0,0,0,0,0
1336008,2012,11,29,18,30,3,43.61224707,-79.49669276,Etobicoke-Lakeshore (6),6,Mimico (includes Humber Bay Shores) (17),17,D22,Etobicoke York,ROYAL YORK RD,MIMICO AVE, ,Minor Arterial,Intersection,At Intersection,Traffic Signal,Clear,"Dark, artificial",Dry,Non-Fatal Injury,Pedestrian Collisions,Pedestrian,10 to 14,Major,0,East,Other, , , ,Pedestrian hit at mid-block,"Crossing, no Traffic Control",Inattentive, , , ,1,0,1,0,0,0,0,0,0,0,0,0,0,0
1347299,2013,2,10,18,30,6,43.69034538,-79.44809029,Davenport (17),17,Caledonia-Fairbank (109),109,D13,North York,DUFFERIN St,GIBSON St, ,Major Arterial,Intersection,At Intersection,Traffic Signal,Clear,"Dark, artificial",Wet,Non-Fatal Injury,Pedestrian Collisions,Driver,50 to 54,,0,South,"Automobile, Station Wagon",Going Ahead,Disobeyed Traffic Control,Had Been Drinking, , , , , , ,1,0,1,0,0,0,0,0,0,1,1,0,0,0
1347299,2013,2,10,18,30,6,43.69034538,-79.44809029,Davenport (17),17,Caledonia-Fairbank (109),109,D13,North York,DUFFERIN St,GIBSON St, ,Major Arterial,Intersection,At Intersection,Traffic Signal,Clear,"Dark, artificial",Wet,Non-Fatal Injury,Pedestrian Collisions,Pedestrian,30 to 34,Major,0,West,Other, , , ,Vehicle is going straight thru inter.while ped cross with ROW,Crossing with right of way,Normal, , , ,1,0,1,0,0,0,0,0,0,1,1,0,0,0
1363588,2013,5,13,18,30,0,43.66564538,-79.40869029,Trinity-Spadina (20),20,University (79),79,D14,Toronto East York,BORDEN ST,BLOOR ST W, ,Major Arterial,Intersection, ,No Control,Clear,Daylight,Dry,Non-Fatal Injury,SMV Other,Driver - Not Hit,unknown, ,0, ,"Automobile, Station Wagon", , , , , , , , , ,0,1,1,0,0,0,0,0,0,1,0,0,0,0
1363588,2013,5,13,18,30,0,43.66564538,-79.40869029,Trinity-Spadina (20),20,University (79),79,D14,Toronto East York,BORDEN ST,BLOOR ST W, ,Major Arterial,Intersection, ,No Control,Clear,Daylight,Dry,Non-Fatal Injury,SMV Other,Moped Driver,40 to 44,Major,0,North,Moped,Going Ahead,Failed to Yield Right of Way,Normal, , , , , , ,0,1,1,0,0,0,0,0,0,1,0,0,0,0
1376821,2013,7,9,18,30,1,43.71914633,-79.60344324,Etobicoke North (2),2,West Humber-Clairville (1),1,D23,Etobicoke York,REXDALE BLVD,QUEENS PLATE DR, ,Major Arterial,Intersection,At Intersection,Traffic Signal,Clear,Daylight,Dry,Non-Fatal Injury,Turning Movement,Vehicle Owner,unknown, ,0, ,Other, , , , , , , , , ,0,0,1,0,1,0,0,0,0,1,0,0,0,0
1376821,2013,7,9,18,30,1,43.71914633,-79.60344324,Etobicoke North (2),2,West Humber-Clairville (1),1,D23,Etobicoke York,REXDALE BLVD,QUEENS PLATE DR, ,Major Arterial,Intersection,At Intersection,Traffic Signal,Clear,Daylight,Dry,Non-Fatal Injury,Turning Movement,Truck Driver,20 to 24,,0,East,Truck - Open,Going Ahead,Driving Properly,Normal, , , , , , ,0,0,1,0,1,0,0,0,0,1,0,0,0,0
1376821,2013,7,9,18,30,1,43.71914633,-79.60344324,Etobicoke North (2),2,West Humber-Clairville (1),1,D23,Etobicoke York,REXDALE BLVD,QUEENS PLATE DR, ,Major Arterial,Intersection,At Intersection,Traffic Signal,Clear,Daylight,Dry,Non-Fatal Injury,Turning Movement,Driver,50 to 54,Major,0,West,"Automobile, Station Wagon",Turning Left,Failed to Yield Right of Way,Inattentive, , , , , , ,0,0,1,0,1,0,0,0,0,1,0,0,0,0
1379687,2013,7,22,18,30,0,43.74178274,-79.22515497,Scarborough Southwest (36),36,Scarborough Village (139),139,D43,Scarborough,EGLINTON AVE E,MASON RD, ,Major Arterial,Intersection, ,Traffic Signal,Clear,Daylight,Dry,Non-Fatal Injury,Other,Passenger,20 to 24,Major,0, ,Other, , , , , , , , , ,0,0,0,0,0,1,0,1,0,0,0,0,0,0
1379687,2013,7,22,18,30,0,43.74178274,-79.22515497,Scarborough Southwest (36),36,Scarborough Village (139),139,D43,Scarborough,EGLINTON AVE E,MASON RD, ,Major Arterial,Intersection, ,Traffic Signal,Clear,Daylight,Dry,Non-Fatal Injury,Other,Vehicle Owner,unknown, ,0, ,Other, , , , , , , , , ,0,0,0,0,0,1,0,1,0,0,0,0,0,0
1379687,2013,7,22,18,30,0,43.74178274,-79.22515497,Scarborough Southwest (36),36,Scarborough Village (139),139,D43,Scarborough,EGLINTON AVE E,MASON RD, ,Major Arterial,Intersection, ,Traffic Signal,Clear,Daylight,Dry,Non-Fatal Injury,Other,Driver,50 to 54,,0,West,Municipal Transit Bus (TTC),Pulling Away from Shoulder or Curb,Driving Properly,Normal, , , , , , ,0,0,0,0,0,1,0,1,0,0,0,0,0,0
1377363,2013,9,24,18,30,1,43.64556463,-79.36433039,Toronto Centre-Rosedale (28),28,Waterfront Communities-The Island (77),77,D51,Toronto East York,QUEENS QUAY E,BONNYCASTLE ST, ,Minor Arterial,Intersection, ,No Control,Clear,Daylight,Dry,Non-Fatal Injury,Pedestrian Collisions,Driver,45 to 49,,0,West,"Automobile, Station Wagon",Going Ahead,Driving Properly,Normal, , , , , , ,1,0,1,0,0,0,0,0,0,0,0,0,0,0
1377363,2013,9,24,18,30,1,43.64556463,-79.36433039,Toronto Centre-Rosedale (28),28,Waterfront Communities-The Island (77),77,D51,Toronto East York,QUEENS QUAY E,BONNYCASTLE ST, ,Minor Arterial,Intersection, ,No Control,Clear,Daylight,Dry,Non-Fatal Injury,Pedestrian Collisions,Pedestrian,20 to 24,Major,0,North,Other, , , ,Pedestrian hit at mid-block,Other,Other, , , ,1,0,1,0,0,0,0,0,0,0,0,0,0,0
1387644,2013,9,26,18,30,3,43.65484579,-79.420292,Trinity-Spadina (19),19,Trinity-Bellwoods (81),81,D14,Toronto East York,COLLEGE St,SHAW St, ,Major Arterial,Intersection, ,Stop Sign,Clear,Daylight,Dry,Non-Fatal Injury,Cyclist Collisions,Vehicle Owner,unknown, ,0, ,Other, , , , , , , , , ,0,1,1,0,0,0,0,0,0,1,0,0,0,0
1387644,2013,9,26,18,30,3,43.65484579,-79.420292,Trinity-Spadina (19),19,Trinity-Bellwoods (81),81,D14,Toronto East York,COLLEGE St,SHAW St, ,Major Arterial,Intersection, ,Stop Sign,Clear,Daylight,Dry,Non-Fatal Injury,Cyclist Collisions,Driver,25 to 29,,0,South,"Automobile, Station Wagon",Turning Left,Failed to Yield Right of Way,Inattentive, , , , , , ,0,1,1,0,0,0,0,0,0,1,0,0,0,0
1387644,2013,9,26,18,30,3,43.65484579,-79.420292,Trinity-Spadina (19),19,Trinity-Bellwoods (81),81,D14,Toronto East York,COLLEGE St,SHAW St, ,Major Arterial,Intersection, ,Stop Sign,Clear,Daylight,Dry,Non-Fatal Injury,Cyclist Collisions,Cyclist,40 to 44,Major,0,West,Bicycle,Going Ahead, , , , , ,Motorist turned left across cyclists path.,Driving Properly,Normal,0,1,1,0,0,0,0,0,0,1,0,0,0,0
5000009507,2015,1,2,18,30,4,43.76657828,-79.38804255,Willowdale (24),24,Bayview Village (52),52,D33,North York,BAYVIEW AVE,SHEPPARD AVE E, ,Major Arterial,Intersection,At Intersection,Traffic Signal,Clear,"Dark, artificial",Dry,Non-Fatal Injury,Turning Movement,Driver,40 to 44,,0,South,"Automobile, Station Wagon",Turning Left,Other,Normal, , , , , , ,0,0,1,0,0,0,0,1,0,0,0,0,0,0
5000009507,2015,1,2,18,30,4,43.76657828,-79.38804255,Willowdale (24),24,Bayview Village (52),52,D33,North York,BAYVIEW AVE,SHEPPARD AVE E, ,Major Arterial,Intersection,At Intersection,Traffic Signal,Clear,"Dark, artificial",Dry,Non-Fatal Injury,Turning Movement,Driver,45 to 49,Major,0,North,"Automobile, Station Wagon",Going Ahead,Other,Normal, , , , , , ,0,0,1,0,0,0,0,1,0,0,0,0,0,0
5000009507,2015,1,2,18,30,4,43.76657828,-79.38804255,Willowdale (24),24,Bayview Village (52),52,D33,North York,BAYVIEW AVE,SHEPPARD AVE E, ,Major Arterial,Intersection,At Intersection,Traffic Signal,Clear,"Dark, artificial",Dry,Non-Fatal Injury,Turning Movement,Passenger,5 to 9,,0, , , , , , , , , , , ,0,0,1,0,0,0,0,1,0,0,0,0,0,0
5000009507,2015,1,2,18,30,4,43.76657828,-79.38804255,Willowdale (24),24,Bayview Village (52),52,D33,North York,BAYVIEW AVE,SHEPPARD AVE E, ,Major Arterial,Intersection,At Intersection,Traffic Signal,Clear,"Dark, artificial",Dry,Non-Fatal Injury,Turning Movement,Passenger,20 to 24,Minimal,0, , , , , , , , , , , ,0,0,1,0,0,0,0,1,0,0,0,0,0,0
5000009507,2015,1,2,18,30,4,43.76657828,-79.38804255,Willowdale (24),24,Bayview Village (52),52,D33,North York,BAYVIEW AVE,SHEPPARD AVE E, ,Major Arterial,Intersection,At Intersection,Traffic Signal,Clear,"Dark, artificial",Dry,Non-Fatal Injury,Turning Movement,Passenger,20 to 24,Minimal,0, , , , , , , , , , , ,0,0,1,0,0,0,0,1,0,0,0,0,0,0
5000009507,2015,1,2,18,30,4,43.76657828,-79.38804255,Willowdale (24),24,Bayview Village (52),52,D33,North York,BAYVIEW AVE,SHEPPARD AVE E, ,Major Arterial,Intersection,At Intersection,Traffic Signal,Clear,"Dark, artificial",Dry,Non-Fatal Injury,Turning Movement,Passenger,40 to 44,,0, , , , , , , , , , , ,0,0,1,0,0,0,0,1,0,0,0,0,0,0
5000780857,2015,5,10,18,30,6,43.66140326,-79.38154993,Toronto Centre-Rosedale (27),27,Church-Yonge Corridor (75),75,D51,Toronto East York,50 CARLTON ST, ,4 m South of,Major Arterial,Mid-Block,Non Intersection,No Control,Clear,Daylight,Dry,Non-Fatal Injury,Cyclist Collisions,Cyclist,60 to 64,Major,0,East,Bicycle,Changing Lanes, , , , , ,Cyclist and Driver travelling in same direction. One vehicle sideswipes the other.,Improper Lane Change,Had Been Drinking,0,1,0,0,1,0,0,0,0,0,0,0,0,0