ACCNUM,YEAR,MONTH,DAY,HOUR,MINUTES,WEEKDAY,LATITUDE,LONGITUDE,Ward_Name,Ward_ID,Hood_Name,Hood_ID,Division,District,STREET1,STREET2,OFFSET,ROAD_CLASS,LOCCOORD,ACCLOC,TRAFFCTL,VISIBILITY,LIGHT,RDSFCOND,ACCLASS,IMPACTYPE,INVTYPE,INVAGE,INJURY,FATAL_NO,INITDIR,VEHTYPE,MANOEUVER,DRIVACT,DRIVCOND,PEDTYPE,PEDACT,PEDCOND,CYCLISTYPE,CYCACT,CYCCOND,PEDESTRIAN,CYCLIST,AUTOMOBILE,MOTORCYCLE,TRUCK,TRSN_CITY_VEH,EMERG_VEH,PASSENGER,SPEEDING,AG_DRIV,REDLIGHT,ALCOHOL,DISABILITY,label
5000780857,2015,5,10,18,30,6,43.66140326,-79.38154993,Toronto Centre-Rosedale (27),27,Church-Yonge Corridor (75),75,D51,Toronto East York,50 CARLTON ST, ,4 m South of,Major Arterial,Mid-Block,Non Intersection,No Control,Clear,Daylight,Dry,Non-Fatal Injury,Cyclist Collisions,Truck Driver,45 to 49,,0,West,"Truck - Closed (Blazer, etc)",Going Ahead,Driving Properly,Normal, , , , , , ,0,1,0,0,1,0,0,0,0,0,0,0,0,0
5000955442,2015,6,7,18,30,6,43.72503241,-79.40215693,Don Valley West (25),25,Lawrence Park South (103),103,D53,North York,YONGE ST,LAWRENCE AVE E, ,Major Arterial,Intersection,At Intersection,Traffic Signal,Clear,Daylight,Dry,Non-Fatal Injury,Cyclist Collisions,Cyclist,50 to 54,Major,0,North,Bicycle,Going Ahead, , , , , ,Cyclist and Driver travelling in same direction. One vehicle sideswipes the other.,Lost control,Normal,0,1,0,0,0,1,0,0,0,0,0,0,0,0
5000955442,2015,6,7,18,30,6,43.72503241,-79.40215693,Don Valley West (25),25,Lawrence Park South (103),103,D53,North York,YONGE ST,LAWRENCE AVE E, ,Major Arterial,Intersection,At Intersection,Traffic Signal,Clear,Daylight,Dry,Non-Fatal Injury,Cyclist Collisions,Driver,45 to 49,,0,North,Municipal Transit Bus (TTC),Going Ahead,Driving Properly,Normal, , , , , , ,0,1,0,0,0,1,0,0,0,0,0,0,0,0
5001760771,2015,10,12,18,30,0,43.6744686,-79.56316004,Etobicoke Centre (3),3,Princess-Rosethorn (10),10,D22,Etobicoke York,EGLINTON AVE W,MARTIN GROVE RD, ,Major Arterial,Intersection,At Intersection,Traffic Signal,Clear,"Dark, artificial",Dry,Non-Fatal Injury,Turning Movement,Driver,35 to 39,,0,West,"Automobile, Station Wagon",Turning Left,Improper Turn,Inattentive, , , , , , ,0,0,1,1,0,0,0,1,1,1,0,0,0,0
5001760771,2015,10,12,18,30,0,43.6744686,-79.56316004,Etobicoke Centre (3),3,Princess-Rosethorn (10),10,D22,Etobicoke York,EGLINTON AVE W,MARTIN GROVE RD, ,Major Arterial,Intersection,At Intersection,Traffic Signal,Clear,"Dark, artificial",Dry,Non-Fatal Injury,Turning Movement,Motorcycle Driver,45 to 49,Major,0,East,Motorcycle,Going Ahead,Driving Properly,Normal, , , , , , ,0,0,1,1,0,0,0,1,1,1,0,0,0,0
5001760771,2015,10,12,18,30,0,43.6744686,-79.56316004,Etobicoke Centre (3),3,Princess-Rosethorn (10),10,D22,Etobicoke York,EGLINTON AVE W,MARTIN GROVE RD, ,Major Arterial,Intersection,At Intersection,Traffic Signal,Clear,"Dark, artificial",Dry,Non-Fatal Injury,Turning Movement,Passenger,45 to 49,,0, , , , , , , , , , , ,0,0,1,1,0,0,0,1,1,1,0,0,0,0
5001760771,2015,10,12,18,30,0,43.6744686,-79.56316004,Etobicoke Centre (3),3,Princess-Rosethorn (10),10,D22,Etobicoke York,EGLINTON AVE W,MARTIN GROVE RD, ,Major Arterial,Intersection,At Intersection,Traffic Signal,Clear,"Dark, artificial",Dry,Non-Fatal Injury,Turning Movement,Passenger,5 to 9,,0, , , , , , , , , , , ,0,0,1,1,0,0,0,1,1,1,0,0,0,0
5001760771,2015,10,12,18,30,0,43.6744686,-79.56316004,Etobicoke Centre (3),3,Princess-Rosethorn (10),10,D22,Etobicoke York,EGLINTON AVE W,MARTIN GROVE RD, ,Major Arterial,Intersection,At Intersection,Traffic Signal,Clear,"Dark, artificial",Dry,Non-Fatal Injury,Turning Movement,Passenger,0 to 4,,0, , , , , , , , , , , ,0,0,1,1,0,0,0,1,1,1,0,0,0,0
5001760771,2015,10,12,18,30,0,43.6744686,-79.56316004,Etobicoke Centre (3),3,Princess-Rosethorn (10),10,D22,Etobicoke York,EGLINTON AVE W,MARTIN GROVE RD, ,Major Arterial,Intersection,At Intersection,Traffic Signal,Clear,"Dark, artificial",Dry,Non-Fatal Injury,Turning Movement,Passenger,5 to 9,,0, , , , , , , , , , , ,0,0,1,1,0,0,0,1,1,1,0,0,0,0
5002192601,2015,12,22,18,30,1,43.70357474,-79.45241175,Eglinton-Lawrence (15),15,Yorkdale-Glen Park (31),31,D13,North York,DUFFERIN ST,1 AUTUMN AVE, ,Major Arterial,Intersection,At Intersection,No Control,Clear,"Dark, artificial",Dry,Non-Fatal Injury,Pedestrian Collisions,Truck Driver,50 to 54,,0,South,Truck (other),Turning Left,Failed to Yield Right of Way,Inattentive, , , , , , ,1,0,0,0,1,0,0,0,0,1,0,0,0,0
5002192601,2015,12,22,18,30,1,43.70357474,-79.45241175,Eglinton-Lawrence (15),15,Yorkdale-Glen Park (31),31,D13,North York,DUFFERIN ST,1 AUTUMN AVE, ,Major Arterial,Intersection,At Intersection,No Control,Clear,"Dark, artificial",Dry,Non-Fatal Injury,Pedestrian Collisions,Pedestrian,30 to 34,Major,0,South, , , , ,Vehicle turns left while ped crosses with ROW at inter.,Crossing with right of way,Normal, , , ,1,0,0,0,1,0,0,0,0,1,0,0,0,0
6001623474,2016,9,12,18,30,0,43.76950033,-79.34649287,Don Valley East (33),33,Henry Farm (53),53,D33,North York,HAVENBROOK BLVD,DON MILLS RD, ,Major Arterial,Intersection,At Intersection,Traffic Signal,Clear,Daylight,Dry,Non-Fatal Injury,Pedestrian Collisions,Driver,30 to 34,,0,West,"Automobile, Station Wagon",Turning Left,Failed to Yield Right of Way,Inattentive, , , , , , ,1,0,1,0,0,0,0,0,0,1,0,0,0,0
6001623474,2016,9,12,18,30,0,43.76950033,-79.34649287,Don Valley East (33),33,Henry Farm (53),53,D33,North York,HAVENBROOK BLVD,DON MILLS RD, ,Major Arterial,Intersection,At Intersection,Traffic Signal,Clear,Daylight,Dry,Non-Fatal Injury,Pedestrian Collisions,Pedestrian,55 to 59,Major,0,East, , , , ,Vehicle turns left while ped crosses with ROW at inter.,Crossing with right of way,Normal, , , ,1,0,1,0,0,0,0,0,0,1,0,0,0,0
7001357624,2017,7,28,18,30,4,43.76064261,-79.41070948,Willowdale (23),23,Willowdale East (51),51,D32,North York,YONGE ST,BOGERT AVE,7 m North of,Major Arterial,Intersection,At Intersection,No Control,Clear,Daylight,Dry,Non-Fatal Injury,Sideswipe,Driver,55 to 59,,0,South,"Automobile, Station Wagon",Changing Lanes,Improper Lane Change,Inattentive, , , , , , ,0,0,1,1,0,0,0,1,0,0,0,0,0,0
7001357624,2017,7,28,18,30,4,43.76064261,-79.41070948,Willowdale (23),23,Willowdale East (51),51,D32,North York,YONGE ST,BOGERT AVE,7 m North of,Major Arterial,Intersection,At Intersection,No Control,Clear,Daylight,Dry,Non-Fatal Injury,Sideswipe,Motorcycle Driver,50 to 54,Major,0,South,Motorcycle,Going Ahead,Driving Properly,Normal, , , , , , ,0,0,1,1,0,0,0,1,0,0,0,0,0,0
7001357624,2017,7,28,18,30,4,43.76064261,-79.41070948,Willowdale (23),23,Willowdale East (51),51,D32,North York,YONGE ST,BOGERT AVE,7 m North of,Major Arterial,Intersection,At Intersection,No Control,Clear,Daylight,Dry,Non-Fatal Injury,Sideswipe,Passenger,55 to 59,,0, , , , , , , , , , , ,0,0,1,1,0,0,0,1,0,0,0,0,0,0
7001357624,2017,7,28,18,30,4,43.76064261,-79.41070948,Willowdale (23),23,Willowdale East (51),51,D32,North York,YONGE ST,BOGERT AVE,7 m North of,Major Arterial,Intersection,At Intersection,No Control,Clear,Daylight,Dry,Non-Fatal Injury,Sideswipe,Passenger,25 to 29,,0, , , , , , , , , , , ,0,0,1,1,0,0,0,1,0,0,0,0,0,0
7001357624,2017,7,28,18,30,4,43.76064261,-79.41070948,Willowdale (23),23,Willowdale East (51),51,D32,North York,YONGE ST,BOGERT AVE,7 m North of,Major Arterial,Intersection,At Intersection,No Control,Clear,Daylight,Dry,Non-Fatal Injury,Sideswipe,Passenger,15 to 19,,0, , , , , , , , , , , ,0,0,1,1,0,0,0,1,0,0,0,0,0,0
7001357624,2017,7,28,18,30,4,43.76064261,-79.41070948,Willowdale (23),23,Willowdale East (51),51,D32,North York,YONGE ST,BOGERT AVE,7 m North of,Major Arterial,Intersection,At Intersection,No Control,Clear,Daylight,Dry,Non-Fatal Injury,Sideswipe,Passenger,15 to 19,,0, , , , , , , , , , , ,0,0,1,1,0,0,0,1,0,0,0,0,0,0
1053428,2008,8,15,18,31,4,43.77514538,-79.41439029,Willowdale (23),23,Willowdale West (37),37,D32,North York,HORSHAM AVE,YONGE ST, ,Major Arterial,Intersection, ,No Control,Clear,Daylight,Wet,Non-Fatal Injury,Pedestrian Collisions,Vehicle Owner,unknown, ,0, ,Other, , , , , , , , , ,1,0,1,0,0,0,0,1,0,0,0,0,0,0
1053428,2008,8,15,18,31,4,43.77514538,-79.41439029,Willowdale (23),23,Willowdale West (37),37,D32,North York,HORSHAM AVE,YONGE ST, ,Major Arterial,Intersection, ,No Control,Clear,Daylight,Wet,Non-Fatal Injury,Pedestrian Collisions,Passenger,0 to 4,,0, ,Other, , , , , , , , , ,1,0,1,0,0,0,0,1,0,0,0,0,0,0
1053428,2008,8,15,18,31,4,43.77514538,-79.41439029,Willowdale (23),23,Willowdale West (37),37,D32,North York,HORSHAM AVE,YONGE ST, ,Major Arterial,Intersection, ,No Control,Clear,Daylight,Wet,Non-Fatal Injury,Pedestrian Collisions,Passenger,0 to 4,,0, ,Other, , , , , , , , , ,1,0,1,0,0,0,0,1,0,0,0,0,0,0
1053428,2008,8,15,18,31,4,43.77514538,-79.41439029,Willowdale (23),23,Willowdale West (37),37,D32,North York,HORSHAM AVE,YONGE ST, ,Major Arterial,Intersection, ,No Control,Clear,Daylight,Wet,Non-Fatal Injury,Pedestrian Collisions,Passenger,30 to 34,,0, ,Other, , , , , , , , , ,1,0,1,0,0,0,0,1,0,0,0,0,0,0
1053428,2008,8,15,18,31,4,43.77514538,-79.41439029,Willowdale (23),23,Willowdale West (37),37,D32,North York,HORSHAM AVE,YONGE ST, ,Major Arterial,Intersection, ,No Control,Clear,Daylight,Wet,Non-Fatal Injury,Pedestrian Collisions,Driver,30 to 34,,0,East,"Automobile, Station Wagon",Going Ahead,Driving Properly,Normal, , , , , , ,1,0,1,0,0,0,0,1,0,0,0,0,0,0
1053428,2008,8,15,18,31,4,43.77514538,-79.41439029,Willowdale (23),23,Willowdale West (37),37,D32,North York,HORSHAM AVE,YONGE ST, ,Major Arterial,Intersection, ,No Control,Clear,Daylight,Wet,Non-Fatal Injury,Pedestrian Collisions,Pedestrian,5 to 9,Major,0,North,Other, , , ,Vehicle is going straight thru inter.while ped cross without ROW,Running onto Roadway,Inattentive, , , ,1,0,1,0,0,0,0,1,0,0,0,0,0,0
1379915,2013,7,19,18,31,4,43.66014538,-79.36629029,Toronto Centre-Rosedale (28),28,Regent Park (72),72,D51,Toronto East York,PARLIAMENT ST,COLE  ST, ,Minor Arterial,Intersection, ,No Control,Rain,Daylight,Wet,Non-Fatal Injury,SMV Other,Motorcycle Driver,25 to 29,Major,0,North,Motorcycle,Going Ahead,Speed too Fast For Condition,Inattentive, , , , , , ,0,0,0,1,0,0,0,0,1,1,0,0,0,0
6001183781,2016,7,6,18,31,2,43.7835842,-79.25575648,Scarborough-Rouge River (42),42,Agincourt South-Malvern West (128),128,D42,Scarborough,401 C W MCCOWAN N RAMP RD,MCCOWAN RD, ,Major Arterial,Mid-Block,At Intersection,No Control,Clear,Daylight,Dry,Fatal,SMV Other,Motorcycle Driver,40 to 44,Fatal,42,West,Motorcycle,Going Ahead,Lost control,Unknown, , , , , , ,0,0,1,1,0,0,0,0,1,1,0,0,0,1
6001183781,2016,7,6,18,31,2,43.7835842,-79.25575648,Scarborough-Rouge River (42),42,Agincourt South-Malvern West (128),128,D42,Scarborough,401 C W MCCOWAN N RAMP RD,MCCOWAN RD, ,Major Arterial,Mid-Block,At Intersection,No Control,Clear,Daylight,Dry,Fatal,SMV Other,Driver,20 to 24,,0,South,"Automobile, Station Wagon",Going Ahead,Driving Properly,Normal, , , , , , ,0,0,1,1,0,0,0,0,1,1,0,0,0,1
7001609405,2017,9,5,18,32,1,43.75631293,-79.4466897,York Centre (10),10,Bathurst Manor (34),34,D32,North York,CODSELL AVE,MAXWELL ST, ,Local,Intersection,At Intersection,Stop Sign,Clear,Daylight,Dry,Fatal,Pedestrian Collisions,Pedestrian,70 to 74,Fatal,40,South, , , , ,Vehicle is going straight thru inter.while ped cross with ROW,Crossing with right of way,Unknown, , , ,1,0,1,0,0,0,0,0,0,1,0,0,0,1
7001609405,2017,9,5,18,32,1,43.75631293,-79.4466897,York Centre (10),10,Bathurst Manor (34),34,D32,North York,CODSELL AVE,MAXWELL ST, ,Local,Intersection,At Intersection,Stop Sign,Clear,Daylight,Dry,Fatal,Pedestrian Collisions,Driver,70 to 74,,0,West,"Automobile, Station Wagon",Going Ahead,Failed to Yield Right of Way,Unknown, , , , , , ,1,0,1,0,0,0,0,0,0,1,0,0,0,1
5002054612,2015,11,30,18,33,0,43.75737723,-79.41370783,Willowdale (23),23,Lansing-Westgate (38),38,D32,North York,FLORENCE AVE,BOTHAM RD, ,Collector,Intersection,At Intersection,Stop Sign,Clear,"Dark, artificial",Dry,Non-Fatal Injury,Pedestrian Collisions,Driver,45 to 49,,0,West,"Automobile, Station Wagon",Turning Left,Failed to Yield Right of Way,Inattentive, , , , , , ,1,0,1,0,0,0,0,0,0,1,0,0,0,0
5002054612,2015,11,30,18,33,0,43.75737723,-79.41370783,Willowdale (23),23,Lansing-Westgate (38),38,D32,North York,FLORENCE AVE,BOTHAM RD, ,Collector,Intersection,At Intersection,Stop Sign,Clear,"Dark, artificial",Dry,Non-Fatal Injury,Pedestrian Collisions,Pedestrian,55 to 59,Major,0,East, , , , ,Vehicle turns left while ped crosses with ROW at inter.,Crossing with right of way,Normal, , , ,1,0,1,0,0,0,0,0,0,1,0,0,0,0
6001989183,2016,11,8,18,33,1,43.68318899,-79.54046259,Etobicoke Centre (4),4,Willowridge-Martingrove-Richview (7),7,D23,Etobicoke York,ISLINGTON AVE,SUMMITCREST DR, ,Major Arterial,Intersection,At Intersection,Traffic Signal,Rain,"Dark, artificial",Wet,Non-Fatal Injury,Pedestrian Collisions,Driver,65 to 69,,0,East,"Automobile, Station Wagon",Turning Left,Failed to Yield Right of Way,Inattentive, , , , , , ,1,0,1,0,0,0,0,0,0,1,0,0,0,0
6001989183,2016,11,8,18,33,1,43.68318899,-79.54046259,Etobicoke Centre (4),4,Willowridge-Martingrove-Richview (7),7,D23,Etobicoke York,ISLINGTON AVE,SUMMITCREST DR, ,Major Arterial,Intersection,At Intersection,Traffic Signal,Rain,"Dark, artificial",Wet,Non-Fatal Injury,Pedestrian Collisions,Pedestrian,15 to 19,Major,0,East, , , , ,Vehicle turns left while ped crosses with ROW at inter.,Crossing with right of way,Normal, , , ,1,0,1,0,0,0,0,0,0,1,0,0,0,0
1198247,2010,10,29,18,34,4,43.66864538,-79.33859029,Toronto-Danforth (30),30,South Riverdale (70),70,D55,Toronto East York,1000 GERRARD St E, , ,Minor Arterial, , ,No Control,Clear,Dusk,Dry,Non-Fatal Injury,Pedestrian Collisions,Driver,unknown,,0, ,"Automobile, Station Wagon",Unknown, , , , , , , , ,1,0,1,0,0,0,0,0,0,0,0,0,0,0
1198247,2010,10,29,18,34,4,43.66864538,-79.33859029,Toronto-Danforth (30),30,South Riverdale (70),70,D55,Toronto East York,1000 GERRARD St E, , ,Minor Arterial, , ,No Control,Clear,Dusk,Dry,Non-Fatal Injury,Pedestrian Collisions,Other,unknown,,0, ,Other,Going Ahead, , , , , , , , ,1,0,1,0,0,0,0,0,0,0,0,0,0,0
1198247,2010,10,29,18,34,4,43.66864538,-79.33859029,Toronto-Danforth (30),30,South Riverdale (70),70,D55,Toronto East York,1000 GERRARD St E, , ,Minor Arterial, , ,No Control,Clear,Dusk,Dry,Non-Fatal Injury,Pedestrian Collisions,Pedestrian,unknown,Major,0, ,Other,Other, , , , , , , , ,1,0,1,0,0,0,0,0,0,0,0,0,0,0
1263671,2011,9,10,18,34,5,43.77534538,-79.20589029,Scarborough East (43),43,Morningside (135),135,D43,Scarborough,BOTANY HILL RD,PLOVER RD, ,Local,Intersection, ,No Control,Clear,Daylight,Dry,Non-Fatal Injury,Approaching,Motorcycle Driver,40 to 44,Minor,0,East,Motorcycle,Going Ahead,Lost control,Normal, , , , , , ,0,0,1,1,0,0,0,0,0,0,0,0,0,0
1263671,2011,9,10,18,34,5,43.77534538,-79.20589029,Scarborough East (43),43,Morningside (135),135,D43,Scarborough,BOTANY HILL RD,PLOVER RD, ,Local,Intersection, ,No Control,Clear,Daylight,Dry,Non-Fatal Injury,Approaching,Driver,55 to 59,Major,0,West,"Automobile, Station Wagon",Going Ahead,Driving Properly,Normal, , , , , , ,0,0,1,1,0,0,0,0,0,0,0,0,0,0
1285099,2012,3,19,18,34,0,43.72394538,-79.42379029,Eglinton-Lawrence (16),16,Bedford Park-Nortown (39),39,D32,North York,LEDBURY Stre,WOBURN Aven, ,Collector,Intersection,At Intersection,Stop Sign,Clear,Daylight,Dry,Non-Fatal Injury,Pedestrian Collisions,Pedestrian,85 to 89,Major,0,East,Other, , , ,Vehicle turns left while ped crosses with ROW at inter.,Crossing with right of way,Inattentive, , , ,1,0,1,0,0,0,0,0,0,1,0,0,0,0
1285099,2012,3,19,18,34,0,43.72394538,-79.42379029,Eglinton-Lawrence (16),16,Bedford Park-Nortown (39),39,D32,North York,LEDBURY Stre,WOBURN Aven, ,Collector,Intersection,At Intersection,Stop Sign,Clear,Daylight,Dry,Non-Fatal Injury,Pedestrian Collisions,Driver,50 to 54,,0,East,"Automobile, Station Wagon",Turning Left,Failed to Yield Right of Way,Inattentive, , , , , , ,1,0,1,0,0,0,0,0,0,1,0,0,0,0
1142556,2009,11,20,18,35,4,43.61364538,-79.56039029,Etobicoke-Lakeshore (5),5,Islington-City Centre West (14),14,D22,Etobicoke York,THE QUEENSWAY,THE WEST MALL, ,Major Arterial,Mid-Block, ,Traffic Signal,Clear,Dark,Dry,Non-Fatal Injury,Pedestrian Collisions,Pedestrian,50 to 54,Major,0,North,Other, , , ,Vehicle turns left while ped crosses with ROW at inter.,Crossing with right of way,Normal, , , ,1,0,1,0,0,0,0,0,0,1,0,0,0,0
1142556,2009,11,20,18,35,4,43.61364538,-79.56039029,Etobicoke-Lakeshore (5),5,Islington-City Centre West (14),14,D22,Etobicoke York,THE QUEENSWAY,THE WEST MALL, ,Major Arterial,Mid-Block, ,Traffic Signal,Clear,Dark,Dry,Non-Fatal Injury,Pedestrian Collisions,Driver,55 to 59,,0,North,"Automobile, Station Wagon",Turning Left,Failed to Yield Right of Way,Inattentive, , , , , , ,1,0,1,0,0,0,0,0,0,1,0,0,0,0
1184650,2010,7,13,18,35,1,43.71354538,-79.36479029,Don Valley West (26),26,Thorncliffe Park (55),55,D53,North York,EGLINTON Ave E,LAIRD Dr, ,Major Arterial,Intersection, ,Traffic Signal,Clear,Daylight,Dry,Non-Fatal Injury,Rear End,Driver,30 to 34,Minor,0,East,"Automobile, Station Wagon",Stopped,Driving Properly,Normal, , , , , , ,0,0,1,0,0,0,0,0,0,0,0,0,0,0
1184650,2010,7,13,18,35,1,43.71354538,-79.36479029,Don Valley West (26),26,Thorncliffe Park (55),55,D53,North York,EGLINTON Ave E,LAIRD Dr, ,Major Arterial,Intersection, ,Traffic Signal,Clear,Daylight,Dry,Non-Fatal Injury,Rear End,Driver,35 to 39,Minor,0,East,"Automobile, Station Wagon",Stopped,Driving Properly,Normal, , , , , , ,0,0,1,0,0,0,0,0,0,0,0,0,0,0
1184650,2010,7,13,18,35,1,43.71354538,-79.36479029,Don Valley West (26),26,Thorncliffe Park (55),55,D53,North York,EGLINTON Ave E,LAIRD Dr, ,Major Arterial,Intersection, ,Traffic Signal,Clear,Daylight,Dry,Non-Fatal Injury,Rear End,Vehicle Owner,unknown, ,0, ,Other, , , , , , , , , ,0,0,1,0,0,0,0,0,0,0,0,0,0,0
1184650,2010,7,13,18,35,1,43.71354538,-79.36479029,Don Valley West (26),26,Thorncliffe Park (55),55,D53,North York,EGLINTON Ave E,LAIRD Dr, ,Major Arterial,Intersection, ,Traffic Signal,Clear,Daylight,Dry,Non-Fatal Injury,Rear End,Driver,50 to 54,Major,0,West,Other,Stopped,Driving Properly,Normal, , , , , , ,0,0,1,0,0,0,0,0,0,0,0,0,0,0
1184650,2010,7,13,18,35,1,43.71354538,-79.36479029,Don Valley West (26),26,Thorncliffe Park (55),55,D53,North York,EGLINTON Ave E,LAIRD Dr, ,Major Arterial,Intersection, ,Traffic Signal,Clear,Daylight,Dry,Non-Fatal Injury,Rear End,Driver,20 to 24,,0,West,"Automobile, Station Wagon",Stopped,Driving Properly,Normal, , , , , , ,0,0,1,0,0,0,0,0,0,0,0,0,0,0
1184650,2010,7,13,18,35,1,43.71354538,-79.36479029,Don Valley West (26),26,Thorncliffe Park (55),55,D53,North York,EGLINTON Ave E,LAIRD Dr, ,Major Arterial,Intersection, ,Traffic Signal,Clear,Daylight,Dry,Non-Fatal Injury,Rear End,Vehicle Owner,unknown, ,0, ,Other, , , , , , , , , ,0,0,1,0,0,0,0,0,0,0,0,0,0,0
1184650,2010,7,13,18,35,1,43.71354538,-79.36479029,Don Valley West (26),26,Thorncliffe Park (55),55,D53,North York,EGLINTON Ave E,LAIRD Dr, ,Major Arterial,Intersection, ,Traffic Signal,Clear,Daylight,Dry,Non-Fatal Injury,Rear End,Driver,20 to 24,Minimal,0,East,"Automobile, Station Wagon",Going Ahead,Lost control,Inattentive, , , , , , ,0,0,1,0,0,0,0,0,0,0,0,0,0,0
1260760,2011,10,24,18,35,0,43.70724538,-79.40329029,Eglinton-Lawrence (16),16,Yonge-Eglinton (100),100,D53,North York,EDITH DR,ORCHARD VIEW BLVD, ,Collector,Intersection,At Intersection,Stop Sign,Clear,Dark,Dry,Non-Fatal Injury,Pedestrian Collisions,Vehicle Owner,unknown, ,0, ,Other, , , , , , , , , ,1,0,1,0,0,0,0,0,0,1,0,0,0,0
1260760,2011,10,24,18,35,0,43.70724538,-79.40329029,Eglinton-Lawrence (16),16,Yonge-Eglinton (100),100,D53,North York,EDITH DR,ORCHARD VIEW BLVD, ,Collector,Intersection,At Intersection,Stop Sign,Clear,Dark,Dry,Non-Fatal Injury,Pedestrian Collisions,Driver,45 to 49,,0,West,"Automobile, Station Wagon",Turning Left,Failed to Yield Right of Way,Inattentive, , , , , , ,1,0,1,0,0,0,0,0,0,1,0,0,0,0
1260760,2011,10,24,18,35,0,43.70724538,-79.40329029,Eglinton-Lawrence (16),16,Yonge-Eglinton (100),100,D53,North York,EDITH DR,ORCHARD VIEW BLVD, ,Collector,Intersection,At Intersection,Stop Sign,Clear,Dark,Dry,Non-Fatal Injury,Pedestrian Collisions,Pedestrian,90 to 94,Major,0,East,Other, , , ,Vehicle turns left while ped crosses with ROW at inter.,Crossing with right of way,Normal, , , ,1,0,1,0,0,0,0,0,0,1,0,0,0,0
142471584,2014,7,10,19,9,3,43.65686377,-79.45260248,Parkdale-High Park (14),14,High Park North (88),88,D11,Toronto East York,BLOOR ST W,DUNDAS ST W, ,Minor Arterial,Mid-Block, ,No Control,Clear,Daylight,Dry,Fatal,Pedestrian Collisions,Driver,50 to 54,,0,North,"Automobile, Station Wagon",Reversing,Other,Normal, , , , , , ,1,0,1,0,0,0,0,0,0,0,0,0,0,1
7000857576,2017,5,15,18,6,0,43.6771694,-79.49609766,York South-Weston (11),11,Rockcliffe-Smythe (111),111,D12,Etobicoke York,JANE ST,DALRYMPLE DR, ,Major Arterial,Intersection,Non Intersection,No Control,Clear,Daylight,Dry,Non-Fatal Injury,Pedestrian Collisions,Pedestrian,15 to 19,Major,0,West, , , , ,Pedestrian hit at mid-block,"Crossing, no Traffic Control",Medical or Physical Disability, , , ,1,0,1,0,0,0,0,0,0,0,0,0,0,0
142471584,2014,7,10,19,9,3,43.65686377,-79.45260248,Parkdale-High Park (14),14,High Park North (88),88,D11,Toronto East York,BLOOR ST W,DUNDAS ST W, ,Minor Arterial,Mid-Block, ,No Control,Clear,Daylight,Dry,Fatal,Pedestrian Collisions,Pedestrian,65 to 69,Fatal,13,East, , , , ,Vehicle is reversing and hits pedestrian,Other,Unknown, , , ,1,0,1,0,0,0,0,0,0,0,0,0,0,1
4003148755,2014,10,21,19,9,1,43.6538883,-79.46369562,Parkdale-High Park (13),13,High Park-Swansea (87),87,D11,Etobicoke York,BLOOR ST W,PACIFIC AVE, ,Major Arterial,Intersection,At Intersection,No Control,Rain,"Dark, artificial",Wet,Non-Fatal Injury,Pedestrian Collisions,Driver,35 to 39,,0,East,"Automobile, Station Wagon",Going Ahead,Driving Properly,Normal, , , , , , ,1,0,1,0,0,0,0,0,0,0,0,0,0,0
4003148755,2014,10,21,19,9,1,43.6538883,-79.46369562,Parkdale-High Park (13),13,High Park-Swansea (87),87,D11,Etobicoke York,BLOOR ST W,PACIFIC AVE, ,Major Arterial,Intersection,At Intersection,No Control,Rain,"Dark, artificial",Wet,Non-Fatal Injury,Pedestrian Collisions,Pedestrian,35 to 39,Major,0,South, , , , ,Vehicle is going straight thru inter.while ped cross without ROW,"Crossing, no Traffic Control",Inattentive, , , ,1,0,1,0,0,0,0,0,0,0,0,0,0,0
5001826352,2015,10,23,19,9,4,43.81626089,-79.21113978,Scarborough-Rouge River (42),42,Malvern (132),132,D42,Scarborough,MORNINGSIDE AVE,SEWELLS RD, ,Minor Arterial,Intersection,At Intersection,Traffic Signal,Clear,"Dark, artificial",Dry,Non-Fatal Injury,Pedestrian Collisions,Driver,60 to 64,,0,South,"Automobile, Station Wagon",Going Ahead,Driving Properly,Normal, , , , , , ,1,0,1,0,0,0,0,0,0,0,0,0,0,0
5001826352,2015,10,23,19,9,4,43.81626089,-79.21113978,Scarborough-Rouge River (42),42,Malvern (132),132,D42,Scarborough,MORNINGSIDE AVE,SEWELLS RD, ,Minor Arterial,Intersection,At Intersection,Traffic Signal,Clear,"Dark, artificial",Dry,Non-Fatal Injury,Pedestrian Collisions,Pedestrian,30 to 34,Major,0,West, , , , ,Vehicle is going straight thru inter.while ped cross without ROW,Running onto Roadway,Inattentive, , , ,1,0,1,0,0,0,0,0,0,0,0,0,0,0
7000239280,2017,2,7,19,9,1,43.68395575,-79.35628138,Toronto-Danforth (29),29,Broadview North (57),57,D54,Toronto East York,MORTIMER AVE,BROADVIEW AVE,42 m East of,Minor Arterial,Mid-Block,Non Intersection,No Control,Rain,"Dark, artificial",Wet,Non-Fatal Injury,Pedestrian Collisions,Driver,65 to 69,,0,East,"Automobile, Station Wagon",Slowing or Stopping,Driving Properly,Normal, , , , , , ,1,0,1,0,0,0,0,0,0,0,0,0,0,0