ACCNUM,YEAR,MONTH,DAY,HOUR,MINUTES,WEEKDAY,LATITUDE,LONGITUDE,Ward_Name,Ward_ID,Hood_Name,Hood_ID,Division,District,STREET1,STREET2,OFFSET,ROAD_CLASS,LOCCOORD,ACCLOC,TRAFFCTL,VISIBILITY,LIGHT,RDSFCOND,ACCLASS,IMPACTYPE,INVTYPE,INVAGE,INJURY,FATAL_NO,INITDIR,VEHTYPE,MANOEUVER,DRIVACT,DRIVCOND,PEDTYPE,PEDACT,PEDCOND,CYCLISTYPE,CYCACT,CYCCOND,PEDESTRIAN,CYCLIST,AUTOMOBILE,MOTORCYCLE,TRUCK,TRSN_CITY_VEH,EMERG_VEH,PASSENGER,SPEEDING,AG_DRIV,REDLIGHT,ALCOHOL,DISABILITY,label
7000239280,2017,2,7,19,9,1,43.68395575,-79.35628138,Toronto-Danforth (29),29,Broadview North (57),57,D54,Toronto East York,MORTIMER AVE,BROADVIEW AVE,42 m East of,Minor Arterial,Mid-Block,Non Intersection,No Control,Rain,"Dark, artificial",Wet,Non-Fatal Injury,Pedestrian Collisions,Pedestrian,75 to 79,Major,0,South, , , , ,Pedestrian hit at mid-block,"Crossing, no Traffic Control",Normal, , , ,1,0,1,0,0,0,0,0,0,0,0,0,0,0
950601,2007,1,12,19,10,4,43.68374538,-79.30109029,Beaches-East York (32),32,East End-Danforth (62),62,D55,Toronto East York,GERRARD ST E,ENDERBY RD, ,Minor Arterial,Mid-Block, ,No Control,Rain,Dark,Wet,Non-Fatal Injury,Pedestrian Collisions,Driver,55 to 59,,0,West,"Automobile, Station Wagon",Going Ahead,Driving Properly,Normal, , , , , , ,1,0,1,0,0,0,0,0,0,0,0,0,0,0
950601,2007,1,12,19,10,4,43.68374538,-79.30109029,Beaches-East York (32),32,East End-Danforth (62),62,D55,Toronto East York,GERRARD ST E,ENDERBY RD, ,Minor Arterial,Mid-Block, ,No Control,Rain,Dark,Wet,Non-Fatal Injury,Pedestrian Collisions,Pedestrian,45 to 49,Major,0,North,Other, , , ,Pedestrian hit at mid-block,"Crossing, no Traffic Control",Had Been Drinking, , , ,1,0,1,0,0,0,0,0,0,0,0,0,0,0
972841,2007,6,1,19,10,4,43.77004538,-79.26129029,Scarborough Centre (38),38,Bendale (127),127,D43,Scarborough,ELLESMERE RD,BRIMLEY RD, ,Major Arterial,Intersection,At Intersection,Traffic Signal,Clear,Daylight,Dry,Fatal,Turning Movement,Motorcycle Driver,35 to 39,Fatal,0,West,Motorcycle,Going Ahead,Exceeding Speed Limit,Normal, , , , , , ,0,0,1,1,0,0,0,1,1,1,0,0,0,1
972841,2007,6,1,19,10,4,43.77004538,-79.26129029,Scarborough Centre (38),38,Bendale (127),127,D43,Scarborough,ELLESMERE RD,BRIMLEY RD, ,Major Arterial,Intersection,At Intersection,Traffic Signal,Clear,Daylight,Dry,Fatal,Turning Movement,Passenger,25 to 29,,0, ,Other, , , , , , , , , ,0,0,1,1,0,0,0,1,1,1,0,0,0,1
972841,2007,6,1,19,10,4,43.77004538,-79.26129029,Scarborough Centre (38),38,Bendale (127),127,D43,Scarborough,ELLESMERE RD,BRIMLEY RD, ,Major Arterial,Intersection,At Intersection,Traffic Signal,Clear,Daylight,Dry,Fatal,Turning Movement,Passenger,15 to 19,,0, ,Other, , , , , , , , , ,0,0,1,1,0,0,0,1,1,1,0,0,0,1
972841,2007,6,1,19,10,4,43.77004538,-79.26129029,Scarborough Centre (38),38,Bendale (127),127,D43,Scarborough,ELLESMERE RD,BRIMLEY RD, ,Major Arterial,Intersection,At Intersection,Traffic Signal,Clear,Daylight,Dry,Fatal,Turning Movement,Vehicle Owner,unknown, ,0, ,Other, , , , , , , , , ,0,0,1,1,0,0,0,1,1,1,0,0,0,1
972841,2007,6,1,19,10,4,43.77004538,-79.26129029,Scarborough Centre (38),38,Bendale (127),127,D43,Scarborough,ELLESMERE RD,BRIMLEY RD, ,Major Arterial,Intersection,At Intersection,Traffic Signal,Clear,Daylight,Dry,Fatal,Turning Movement,Driver,20 to 24,,0,East,"Automobile, Station Wagon",Turning Left,Improper Turn,Normal, , , , , , ,0,0,1,1,0,0,0,1,1,1,0,0,0,1
996081,2007,10,11,19,10,3,43.79694538,-79.42479029,Willowdale (23),23,Newtonbrook West (36),36,D32,North York,100 STEELES Aven W, , ,Major Arterial,Mid-Block, ,Traffic Signal,Clear,Daylight,Dry,Non-Fatal Injury,Pedestrian Collisions,Driver,65 to 69,,0,North,"Automobile, Station Wagon",Turning Right,Failed to Yield Right of Way,Normal, , , , , , ,1,0,1,0,0,0,0,0,0,1,0,0,0,0
996081,2007,10,11,19,10,3,43.79694538,-79.42479029,Willowdale (23),23,Newtonbrook West (36),36,D32,North York,100 STEELES Aven W, , ,Major Arterial,Mid-Block, ,Traffic Signal,Clear,Daylight,Dry,Non-Fatal Injury,Pedestrian Collisions,Pedestrian,55 to 59,Major,0,North,Other,Going Ahead, , ,Pedestrian hit at mid-block,Crossing with right of way,Normal, , , ,1,0,1,0,0,0,0,0,0,1,0,0,0,0
1184066,2010,7,10,19,10,5,43.68684538,-79.44669029,Davenport (17),17,Caledonia-Fairbank (109),109,D13,Scarborough,DUFFERIN St,EVERSFIELD Rd, ,Major Arterial,Mid-Block, ,No Control,Clear,Daylight,Dry,Non-Fatal Injury,Pedestrian Collisions,Vehicle Owner,unknown, ,0, ,Other, , , , , , , , , ,1,0,0,0,0,1,0,0,0,0,0,0,0,0
1184066,2010,7,10,19,10,5,43.68684538,-79.44669029,Davenport (17),17,Caledonia-Fairbank (109),109,D13,Scarborough,DUFFERIN St,EVERSFIELD Rd, ,Major Arterial,Mid-Block, ,No Control,Clear,Daylight,Dry,Non-Fatal Injury,Pedestrian Collisions,Driver,40 to 44,,0,North,Municipal Transit Bus (TTC),Going Ahead,Driving Properly,Normal, , , , , , ,1,0,0,0,0,1,0,0,0,0,0,0,0,0
1184066,2010,7,10,19,10,5,43.68684538,-79.44669029,Davenport (17),17,Caledonia-Fairbank (109),109,D13,Scarborough,DUFFERIN St,EVERSFIELD Rd, ,Major Arterial,Mid-Block, ,No Control,Clear,Daylight,Dry,Non-Fatal Injury,Pedestrian Collisions,Pedestrian,55 to 59,Major,0, ,Other, , , ,Pedestrian involved in a collision with transit vehicle anywhere along roadway,Other,Had Been Drinking, , , ,1,0,0,0,0,1,0,0,0,0,0,0,0,0
1229003,2011,4,20,19,10,2,43.63164538,-79.57599029,Etobicoke Centre (3),3,Markland Wood (12),12,D22,Etobicoke York,4335 BLOOR ST W, , ,Major Arterial,Mid-Block, ,No Control,Clear,Daylight,Dry,Non-Fatal Injury,Pedestrian Collisions,Driver,40 to 44,,0,North,"Automobile, Station Wagon",Turning Left,Driving Properly,Normal, , , , , , ,1,0,1,0,0,0,0,0,0,0,0,0,0,0
1229003,2011,4,20,19,10,2,43.63164538,-79.57599029,Etobicoke Centre (3),3,Markland Wood (12),12,D22,Etobicoke York,4335 BLOOR ST W, , ,Major Arterial,Mid-Block, ,No Control,Clear,Daylight,Dry,Non-Fatal Injury,Pedestrian Collisions,Pedestrian,55 to 59,Major,0,South,Other, , , ,Vehicle turns left while ped crosses without ROW at inter.,"Crossing, no Traffic Control",Inattentive, , , ,1,0,1,0,0,0,0,0,0,0,0,0,0,0
1266373,2011,9,22,19,10,3,43.71374538,-79.39219029,Don Valley West (25),25,Mount Pleasant West (104),104,D53,North York,MOUNT PLEASANT Road,KEEWATIN Aven, ,Major Arterial,Intersection,At Intersection,Stop Sign,Clear,Dark,Dry,Non-Fatal Injury,Turning Movement,Vehicle Owner,unknown, ,0, ,Other, , , , , , , , , ,0,0,1,0,0,0,0,0,0,1,0,0,0,0
1266373,2011,9,22,19,10,3,43.71374538,-79.39219029,Don Valley West (25),25,Mount Pleasant West (104),104,D53,North York,MOUNT PLEASANT Road,KEEWATIN Aven, ,Major Arterial,Intersection,At Intersection,Stop Sign,Clear,Dark,Dry,Non-Fatal Injury,Turning Movement,Driver,55 to 59,Major,0,North,"Automobile, Station Wagon",Going Ahead,Driving Properly,Normal, , , , , , ,0,0,1,0,0,0,0,0,0,1,0,0,0,0
1266373,2011,9,22,19,10,3,43.71374538,-79.39219029,Don Valley West (25),25,Mount Pleasant West (104),104,D53,North York,MOUNT PLEASANT Road,KEEWATIN Aven, ,Major Arterial,Intersection,At Intersection,Stop Sign,Clear,Dark,Dry,Non-Fatal Injury,Turning Movement,Driver,50 to 54,,0,East,"Automobile, Station Wagon",Turning Left,Failed to Yield Right of Way,Inattentive, , , , , , ,0,0,1,0,0,0,0,0,0,1,0,0,0,0
1290049,2012,2,21,19,10,1,43.81194538,-79.35749029,Willowdale (24),24,Hillcrest Village (48),48,D33,North York,STEELES AVE E,TOWNSEND RD, ,Major Arterial,Intersection,At Intersection,Traffic Signal,Clear,Dark,Wet,Non-Fatal Injury,Pedestrian Collisions,Driver,50 to 54,,0,South,"Automobile, Station Wagon",Turning Right,Failed to Yield Right of Way,Inattentive, , , , , , ,1,0,1,0,0,0,0,0,0,1,0,0,0,0
1290049,2012,2,21,19,10,1,43.81194538,-79.35749029,Willowdale (24),24,Hillcrest Village (48),48,D33,North York,STEELES AVE E,TOWNSEND RD, ,Major Arterial,Intersection,At Intersection,Traffic Signal,Clear,Dark,Wet,Non-Fatal Injury,Pedestrian Collisions,Pedestrian,25 to 29,Major,0,Unknown,Other, , , ,Vehicle turns right while ped crosses with ROW at inter.,Crossing with right of way,Unknown, , , ,1,0,1,0,0,0,0,0,0,1,0,0,0,0
1302395,2012,6,27,19,10,2,43.73457678,-79.44726191,York Centre (10),10,Clanton Park (33),33,D32,North York,TIPPET RD,WILSON AVE, ,Major Arterial,Intersection,At Intersection,Traffic Signal,Clear,Daylight,Dry,Non-Fatal Injury,Cyclist Collisions,Driver,60 to 64,,0,North,"Automobile, Station Wagon",Going Ahead,Driving Properly,Normal, , , , , , ,0,1,1,0,0,0,0,0,0,0,0,0,0,0
1302395,2012,6,27,19,10,2,43.73457678,-79.44726191,York Centre (10),10,Clanton Park (33),33,D32,North York,TIPPET RD,WILSON AVE, ,Major Arterial,Intersection,At Intersection,Traffic Signal,Clear,Daylight,Dry,Non-Fatal Injury,Cyclist Collisions,Cyclist,55 to 59,Major,0,East,Bicycle,Going Ahead, , , , , ,"Cyclist without ROW rides into path of motorist at inter, lnwy, dwy-Cyclist not turn.",Disobeyed Traffic Control,Inattentive,0,1,1,0,0,0,0,0,0,0,0,0,0,0
4002053519,2014,5,10,19,10,5,43.6262966,-79.47944269,Etobicoke-Lakeshore (6),6,Mimico (includes Humber Bay Shores) (17),17,D22,Etobicoke York,LAKE SHORE BLVD W,BROOKERS LANE,132 m West of,Major Arterial,Mid-Block,Non Intersection,No Control,Clear,Daylight,Dry,Non-Fatal Injury,Sideswipe,Motorcycle Driver,50 to 54,Major,0,East,Motorcycle,Changing Lanes,Improper Lane Change,Inattentive, , , , , , ,0,0,1,1,0,0,0,0,0,0,0,0,0,0
4002053519,2014,5,10,19,10,5,43.6262966,-79.47944269,Etobicoke-Lakeshore (6),6,Mimico (includes Humber Bay Shores) (17),17,D22,Etobicoke York,LAKE SHORE BLVD W,BROOKERS LANE,132 m West of,Major Arterial,Mid-Block,Non Intersection,No Control,Clear,Daylight,Dry,Non-Fatal Injury,Sideswipe,Driver,30 to 34,Minimal,0,East,"Automobile, Station Wagon",Going Ahead,Driving Properly,Normal, , , , , , ,0,0,1,1,0,0,0,0,0,0,0,0,0,0
4003498466,2014,12,16,19,10,1,43.73534735,-79.56137476,Etobicoke North (1),1,Thistletown-Beaumond Heights (3),3,D23,Etobicoke York,ALBION RD,RIVERDALE DR, ,Major Arterial,Intersection,Intersection Related,Traffic Signal,Rain,Dark,Wet,Non-Fatal Injury,Pedestrian Collisions,Driver,45 to 49,,0,North,"Automobile, Station Wagon",Turning Left,Driving Properly,Normal, , , , , , ,1,0,1,0,0,0,0,1,0,0,0,0,0,0
4003498466,2014,12,16,19,10,1,43.73534735,-79.56137476,Etobicoke North (1),1,Thistletown-Beaumond Heights (3),3,D23,Etobicoke York,ALBION RD,RIVERDALE DR, ,Major Arterial,Intersection,Intersection Related,Traffic Signal,Rain,Dark,Wet,Non-Fatal Injury,Pedestrian Collisions,Passenger,5 to 9,Major,0, , , , , , , , , , , ,1,0,1,0,0,0,0,1,0,0,0,0,0,0
4003498466,2014,12,16,19,10,1,43.73534735,-79.56137476,Etobicoke North (1),1,Thistletown-Beaumond Heights (3),3,D23,Etobicoke York,ALBION RD,RIVERDALE DR, ,Major Arterial,Intersection,Intersection Related,Traffic Signal,Rain,Dark,Wet,Non-Fatal Injury,Pedestrian Collisions,Pedestrian,45 to 49,Minor,0,Unknown, , , , ,Vehicle turns left while ped crosses with ROW at inter.,Crossing with right of way,Normal, , , ,1,0,1,0,0,0,0,1,0,0,0,0,0,0
6000713724,2016,4,26,19,10,1,43.73854788,-79.60753259999998,Etobicoke North (1),1,West Humber-Clairville (1),1,D23,Etobicoke York,CARRIER DR,WOODBINE DOWNS BLVD, ,Collector,Intersection,At Intersection,Stop Sign,Clear,Daylight,Dry,Non-Fatal Injury,Angle,Driver,30 to 34,Minor,0,North,"Automobile, Station Wagon",Going Ahead,Failed to Yield Right of Way,Inattentive, , , , , , ,0,0,1,0,0,0,0,0,0,1,0,0,0,0
6000713724,2016,4,26,19,10,1,43.73854788,-79.60753259999998,Etobicoke North (1),1,West Humber-Clairville (1),1,D23,Etobicoke York,CARRIER DR,WOODBINE DOWNS BLVD, ,Collector,Intersection,At Intersection,Stop Sign,Clear,Daylight,Dry,Non-Fatal Injury,Angle,Driver,40 to 44,Major,0,West,"Automobile, Station Wagon",Going Ahead,Driving Properly,Normal, , , , , , ,0,0,1,0,0,0,0,0,0,1,0,0,0,0
1248427,2011,6,26,19,11,6,43.70744538,-79.34359029,Don Valley West (26),26,Thorncliffe Park (55),55,D53,North York,OVERLEA BLVD,THORNCLIFFE PARK DR, ,Major Arterial,Intersection,At Intersection,Traffic Signal,Clear,Daylight,Dry,Non-Fatal Injury,Turning Movement,Driver,40 to 44,,0,North,"Automobile, Station Wagon",Stopped,Driving Properly,Normal, , , , , , ,0,0,1,0,0,0,0,0,1,1,0,0,0,0
1248427,2011,6,26,19,11,6,43.70744538,-79.34359029,Don Valley West (26),26,Thorncliffe Park (55),55,D53,North York,OVERLEA BLVD,THORNCLIFFE PARK DR, ,Major Arterial,Intersection,At Intersection,Traffic Signal,Clear,Daylight,Dry,Non-Fatal Injury,Turning Movement,Driver,45 to 49,Major,0,East,"Automobile, Station Wagon",Going Ahead,Driving Properly,Normal, , , , , , ,0,0,1,0,0,0,0,0,1,1,0,0,0,0
1248427,2011,6,26,19,11,6,43.70744538,-79.34359029,Don Valley West (26),26,Thorncliffe Park (55),55,D53,North York,OVERLEA BLVD,THORNCLIFFE PARK DR, ,Major Arterial,Intersection,At Intersection,Traffic Signal,Clear,Daylight,Dry,Non-Fatal Injury,Turning Movement,Vehicle Owner,unknown, ,0, ,Other, , , , , , , , , ,0,0,1,0,0,0,0,0,1,1,0,0,0,0
1248427,2011,6,26,19,11,6,43.70744538,-79.34359029,Don Valley West (26),26,Thorncliffe Park (55),55,D53,North York,OVERLEA BLVD,THORNCLIFFE PARK DR, ,Major Arterial,Intersection,At Intersection,Traffic Signal,Clear,Daylight,Dry,Non-Fatal Injury,Turning Movement,Driver,35 to 39,,0,North,"Automobile, Station Wagon",Stopped,Driving Properly,Normal, , , , , , ,0,0,1,0,0,0,0,0,1,1,0,0,0,0
1248427,2011,6,26,19,11,6,43.70744538,-79.34359029,Don Valley West (26),26,Thorncliffe Park (55),55,D53,North York,OVERLEA BLVD,THORNCLIFFE PARK DR, ,Major Arterial,Intersection,At Intersection,Traffic Signal,Clear,Daylight,Dry,Non-Fatal Injury,Turning Movement,Driver,20 to 24,,0,West,"Automobile, Station Wagon",Turning Left,Improper Turn,Normal, , , , , , ,0,0,1,0,0,0,0,0,1,1,0,0,0,0
6001982704,2016,11,7,19,11,0,43.64781912,-79.52482996,Etobicoke-Lakeshore (5),5,Islington-City Centre West (14),14,D22,Etobicoke York,ISLINGTON AVE,CORDOVA AVE,50 m South of,Major Arterial,Mid-Block,Non Intersection,No Control,Clear,Dark,Dry,Non-Fatal Injury,Pedestrian Collisions,Driver,40 to 44,,0,North,"Automobile, Station Wagon",Going Ahead,Driving Properly,Normal, , , , , , ,1,0,1,0,0,0,0,1,0,0,0,0,0,0
6001982704,2016,11,7,19,11,0,43.64781912,-79.52482996,Etobicoke-Lakeshore (5),5,Islington-City Centre West (14),14,D22,Etobicoke York,ISLINGTON AVE,CORDOVA AVE,50 m South of,Major Arterial,Mid-Block,Non Intersection,No Control,Clear,Dark,Dry,Non-Fatal Injury,Pedestrian Collisions,Driver,50 to 54,,0,South,Pick Up Truck,Going Ahead,Driving Properly,Normal, , , , , , ,1,0,1,0,0,0,0,1,0,0,0,0,0,0
6001982704,2016,11,7,19,11,0,43.64781912,-79.52482996,Etobicoke-Lakeshore (5),5,Islington-City Centre West (14),14,D22,Etobicoke York,ISLINGTON AVE,CORDOVA AVE,50 m South of,Major Arterial,Mid-Block,Non Intersection,No Control,Clear,Dark,Dry,Non-Fatal Injury,Pedestrian Collisions,Driver,45 to 49,,0,North,"Automobile, Station Wagon",Going Ahead,Driving Properly,Normal, , , , , , ,1,0,1,0,0,0,0,1,0,0,0,0,0,0
6001982704,2016,11,7,19,11,0,43.64781912,-79.52482996,Etobicoke-Lakeshore (5),5,Islington-City Centre West (14),14,D22,Etobicoke York,ISLINGTON AVE,CORDOVA AVE,50 m South of,Major Arterial,Mid-Block,Non Intersection,No Control,Clear,Dark,Dry,Non-Fatal Injury,Pedestrian Collisions,Driver,30 to 34,,0,North,"Automobile, Station Wagon",Going Ahead,Driving Properly,Normal, , , , , , ,1,0,1,0,0,0,0,1,0,0,0,0,0,0
6001982704,2016,11,7,19,11,0,43.64781912,-79.52482996,Etobicoke-Lakeshore (5),5,Islington-City Centre West (14),14,D22,Etobicoke York,ISLINGTON AVE,CORDOVA AVE,50 m South of,Major Arterial,Mid-Block,Non Intersection,No Control,Clear,Dark,Dry,Non-Fatal Injury,Pedestrian Collisions,Pedestrian,50 to 54,Major,0,Unknown, , , , ,Pedestrian hit at mid-block,"Crossing, no Traffic Control",Normal, , , ,1,0,1,0,0,0,0,1,0,0,0,0,0,0
6001982704,2016,11,7,19,11,0,43.64781912,-79.52482996,Etobicoke-Lakeshore (5),5,Islington-City Centre West (14),14,D22,Etobicoke York,ISLINGTON AVE,CORDOVA AVE,50 m South of,Major Arterial,Mid-Block,Non Intersection,No Control,Clear,Dark,Dry,Non-Fatal Injury,Pedestrian Collisions,Passenger,10 to 14,,0, , , , , , , , , , , ,1,0,1,0,0,0,0,1,0,0,0,0,0,0
6001982704,2016,11,7,19,11,0,43.64781912,-79.52482996,Etobicoke-Lakeshore (5),5,Islington-City Centre West (14),14,D22,Etobicoke York,ISLINGTON AVE,CORDOVA AVE,50 m South of,Major Arterial,Mid-Block,Non Intersection,No Control,Clear,Dark,Dry,Non-Fatal Injury,Pedestrian Collisions,Passenger,5 to 9,,0, , , , , , , , , , , ,1,0,1,0,0,0,0,1,0,0,0,0,0,0
959865,2007,2,18,19,12,6,43.68654538,-79.59939029,Etobicoke North (2),2,West Humber-Clairville (1),1,D23,Etobicoke York,DIXON RD,427 N DIXON RAMP N, ,Major Arterial,Intersection,At Intersection,Traffic Signal,Clear,Dark,Dry,Non-Fatal Injury,Turning Movement,Driver,55 to 59,Major,0,West,"Automobile, Station Wagon",Turning Left,Lost control,Normal, , , , , , ,0,0,1,0,0,0,0,0,0,0,0,0,0,0
959865,2007,2,18,19,12,6,43.68654538,-79.59939029,Etobicoke North (2),2,West Humber-Clairville (1),1,D23,Etobicoke York,DIXON RD,427 N DIXON RAMP N, ,Major Arterial,Intersection,At Intersection,Traffic Signal,Clear,Dark,Dry,Non-Fatal Injury,Turning Movement,Driver,45 to 49,,0,West,"Automobile, Station Wagon",Going Ahead,Driving Properly,Normal, , , , , , ,0,0,1,0,0,0,0,0,0,0,0,0,0,0
1255565,2011,9,23,19,12,4,43.69154538,-79.57079029,Etobicoke North (2),2,West Humber-Clairville (1),1,D23,Etobicoke York,MARTIN GROVE Road,DIXON Road, ,Major Arterial,Intersection,At Intersection,Traffic Signal,Rain,Dark,Wet,Fatal,Pedestrian Collisions,Passenger,0 to 4,,0, ,Other,Other, , , , , , , , ,1,0,1,0,0,0,0,1,0,0,0,0,0,1
1255565,2011,9,23,19,12,4,43.69154538,-79.57079029,Etobicoke North (2),2,West Humber-Clairville (1),1,D23,Etobicoke York,MARTIN GROVE Road,DIXON Road, ,Major Arterial,Intersection,At Intersection,Traffic Signal,Rain,Dark,Wet,Fatal,Pedestrian Collisions,Passenger,25 to 29,,0, ,Other,Other, , , , , , , , ,1,0,1,0,0,0,0,1,0,0,0,0,0,1
1255565,2011,9,23,19,12,4,43.69154538,-79.57079029,Etobicoke North (2),2,West Humber-Clairville (1),1,D23,Etobicoke York,MARTIN GROVE Road,DIXON Road, ,Major Arterial,Intersection,At Intersection,Traffic Signal,Rain,Dark,Wet,Fatal,Pedestrian Collisions,Driver,30 to 34,,0,East,"Automobile, Station Wagon",Going Ahead,Driving Properly,Normal, , , , , , ,1,0,1,0,0,0,0,1,0,0,0,0,0,1
1255565,2011,9,23,19,12,4,43.69154538,-79.57079029,Etobicoke North (2),2,West Humber-Clairville (1),1,D23,Etobicoke York,MARTIN GROVE Road,DIXON Road, ,Major Arterial,Intersection,At Intersection,Traffic Signal,Rain,Dark,Wet,Fatal,Pedestrian Collisions,Pedestrian,75 to 79,Fatal,25,East,Other,Other, , ,Vehicle is going straight thru inter.while ped cross without ROW,Crossing marked crosswalk without ROW,Inattentive, , , ,1,0,1,0,0,0,0,1,0,0,0,0,0,1
1267797,2011,9,30,19,12,4,43.59814538,-79.51689029,Etobicoke-Lakeshore (6),6,New Toronto (18),18,D22,Etobicoke York,LAKE SHORE BLVD W,KIPLING AVE, ,Major Arterial,Intersection,At Intersection,Traffic Signal,Rain,Dark,Wet,Non-Fatal Injury,Pedestrian Collisions,Driver,40 to 44,,0,East,"Automobile, Station Wagon",Going Ahead,Driving Properly,Normal, , , , , , ,1,0,1,0,0,0,0,0,0,0,0,0,0,0
1267797,2011,9,30,19,12,4,43.59814538,-79.51689029,Etobicoke-Lakeshore (6),6,New Toronto (18),18,D22,Etobicoke York,LAKE SHORE BLVD W,KIPLING AVE, ,Major Arterial,Intersection,At Intersection,Traffic Signal,Rain,Dark,Wet,Non-Fatal Injury,Pedestrian Collisions,Pedestrian,30 to 34,Minor,0,South,Other, , , ,Vehicle is going straight thru inter.while ped cross without ROW,Running onto Roadway,Normal, , , ,1,0,1,0,0,0,0,0,0,0,0,0,0,0
1267797,2011,9,30,19,12,4,43.59814538,-79.51689029,Etobicoke-Lakeshore (6),6,New Toronto (18),18,D22,Etobicoke York,LAKE SHORE BLVD W,KIPLING AVE, ,Major Arterial,Intersection,At Intersection,Traffic Signal,Rain,Dark,Wet,Non-Fatal Injury,Pedestrian Collisions,Pedestrian,30 to 34,Major,0,South,Other, , , ,Vehicle is going straight thru inter.while ped cross without ROW,Running onto Roadway,Normal, , , ,1,0,1,0,0,0,0,0,0,0,0,0,0,0
1307651,2012,7,29,19,12,6,43.69664538,-79.47529029,York South-Weston (12),12,Beechborough-Greenbrook (112),112,D12,Etobicoke York,KEELE ST,CANON JACKSON DR, ,Major Arterial,Intersection, ,Traffic Signal,Clear,Daylight,Dry,Non-Fatal Injury,Rear End,Motorcycle Driver,30 to 34,Major,0,North,Motorcycle,Going Ahead,Exceeding Speed Limit,"Ability Impaired, Alcohol", , , , , , ,0,0,1,1,0,0,0,0,1,1,0,1,0,0
1307651,2012,7,29,19,12,6,43.69664538,-79.47529029,York South-Weston (12),12,Beechborough-Greenbrook (112),112,D12,Etobicoke York,KEELE ST,CANON JACKSON DR, ,Major Arterial,Intersection, ,Traffic Signal,Clear,Daylight,Dry,Non-Fatal Injury,Rear End,Vehicle Owner,unknown, ,0, ,Other, , , , , , , , , ,0,0,1,1,0,0,0,0,1,1,0,1,0,0
1307651,2012,7,29,19,12,6,43.69664538,-79.47529029,York South-Weston (12),12,Beechborough-Greenbrook (112),112,D12,Etobicoke York,KEELE ST,CANON JACKSON DR, ,Major Arterial,Intersection, ,Traffic Signal,Clear,Daylight,Dry,Non-Fatal Injury,Rear End,Driver,35 to 39,Minimal,0,North,"Automobile, Station Wagon",Going Ahead,Driving Properly,Normal, , , , , , ,0,0,1,1,0,0,0,0,1,1,0,1,0,0
6000759323,2016,5,3,19,12,1,43.81000097,-79.2525445,Scarborough-Rouge River (41),41,Agincourt North (129),129,D42,Scarborough,SCOTTFIELD DR,FINCH AVE E,80 m South of,Local,Mid-Block,Non Intersection,No Control,Clear,Daylight,Dry,Non-Fatal Injury,SMV Other,Motorcycle Driver,25 to 29,Major,0,North,Motorcycle,Going Ahead,Lost control,Normal, , , , , , ,0,0,0,1,0,0,0,0,0,0,0,0,0,0
990256,2007,9,14,19,13,4,43.62224538,-79.49749029,Etobicoke-Lakeshore (6),6,Mimico (includes Humber Bay Shores) (17),17,D22,Etobicoke York,MANITOBA ST,WESLEY ST, ,Local,Intersection, ,Stop Sign,Rain,Dawn,Wet,Non-Fatal Injury,Angle,Passenger,10 to 14,,0, ,Other, , , , , , , , , ,0,0,1,0,0,0,0,1,0,1,0,0,0,0
990256,2007,9,14,19,13,4,43.62224538,-79.49749029,Etobicoke-Lakeshore (6),6,Mimico (includes Humber Bay Shores) (17),17,D22,Etobicoke York,MANITOBA ST,WESLEY ST, ,Local,Intersection, ,Stop Sign,Rain,Dawn,Wet,Non-Fatal Injury,Angle,Vehicle Owner,unknown,,0, ,Other, , , , , , , , , ,0,0,1,0,0,0,0,1,0,1,0,0,0,0
990256,2007,9,14,19,13,4,43.62224538,-79.49749029,Etobicoke-Lakeshore (6),6,Mimico (includes Humber Bay Shores) (17),17,D22,Etobicoke York,MANITOBA ST,WESLEY ST, ,Local,Intersection, ,Stop Sign,Rain,Dawn,Wet,Non-Fatal Injury,Angle,Driver,40 to 44,Major,0,North,"Automobile, Station Wagon",Slowing or Stopping,Driving Properly,Normal, , , , , , ,0,0,1,0,0,0,0,1,0,1,0,0,0,0
990256,2007,9,14,19,13,4,43.62224538,-79.49749029,Etobicoke-Lakeshore (6),6,Mimico (includes Humber Bay Shores) (17),17,D22,Etobicoke York,MANITOBA ST,WESLEY ST, ,Local,Intersection, ,Stop Sign,Rain,Dawn,Wet,Non-Fatal Injury,Angle,Passenger,0 to 4,,0, ,Other, , , , , , , , , ,0,0,1,0,0,0,0,1,0,1,0,0,0,0
990256,2007,9,14,19,13,4,43.62224538,-79.49749029,Etobicoke-Lakeshore (6),6,Mimico (includes Humber Bay Shores) (17),17,D22,Etobicoke York,MANITOBA ST,WESLEY ST, ,Local,Intersection, ,Stop Sign,Rain,Dawn,Wet,Non-Fatal Injury,Angle,Driver,45 to 49,Minimal,0,South,"Automobile, Station Wagon",Going Ahead,Failed to Yield Right of Way,Normal, , , , , , ,0,0,1,0,0,0,0,1,0,1,0,0,0,0
990256,2007,9,14,19,13,4,43.62224538,-79.49749029,Etobicoke-Lakeshore (6),6,Mimico (includes Humber Bay Shores) (17),17,D22,Etobicoke York,MANITOBA ST,WESLEY ST, ,Local,Intersection, ,Stop Sign,Rain,Dawn,Wet,Non-Fatal Injury,Angle,Vehicle Owner,unknown,,0, ,Other, , , , , , , , , ,0,0,1,0,0,0,0,1,0,1,0,0,0,0
990256,2007,9,14,19,13,4,43.62224538,-79.49749029,Etobicoke-Lakeshore (6),6,Mimico (includes Humber Bay Shores) (17),17,D22,Etobicoke York,MANITOBA ST,WESLEY ST, ,Local,Intersection, ,Stop Sign,Rain,Dawn,Wet,Non-Fatal Injury,Angle,Passenger,25 to 29,Minimal,0, ,Other, , , , , , , , , ,0,0,1,0,0,0,0,1,0,1,0,0,0,0