ACCNUM,YEAR,MONTH,DAY,HOUR,MINUTES,WEEKDAY,LATITUDE,LONGITUDE,Ward_Name,Ward_ID,Hood_Name,Hood_ID,Division,District,STREET1,STREET2,OFFSET,ROAD_CLASS,LOCCOORD,ACCLOC,TRAFFCTL,VISIBILITY,LIGHT,RDSFCOND,ACCLASS,IMPACTYPE,INVTYPE,INVAGE,INJURY,FATAL_NO,INITDIR,VEHTYPE,MANOEUVER,DRIVACT,DRIVCOND,PEDTYPE,PEDACT,PEDCOND,CYCLISTYPE,CYCACT,CYCCOND,PEDESTRIAN,CYCLIST,AUTOMOBILE,MOTORCYCLE,TRUCK,TRSN_CITY_VEH,EMERG_VEH,PASSENGER,SPEEDING,AG_DRIV,REDLIGHT,ALCOHOL,DISABILITY,label
990256,2007,9,14,19,13,4,43.62224538,-79.49749029,Etobicoke-Lakeshore (6),6,Mimico (includes Humber Bay Shores) (17),17,D22,Etobicoke York,MANITOBA ST,WESLEY ST, ,Local,Intersection, ,Stop Sign,Rain,Dawn,Wet,Non-Fatal Injury,Angle,Driver,35 to 39,Minimal,0,East,"Automobile, Station Wagon",Going Ahead,Driving Properly,Normal, , , , , , ,0,0,1,0,0,0,0,1,0,1,0,0,0,0
1027279,2008,2,28,19,13,3,43.65984538,-79.39049029,Trinity-Spadina (20),20,Kensington-Chinatown (78),78,D52,Toronto East York,UNIVERSITY AVE,COLLEGE ST, ,Major Arterial,Intersection,At Intersection,Traffic Signal,Clear,Dusk,Dry,Non-Fatal Injury,Pedestrian Collisions,Driver,25 to 29,,0,South,"Automobile, Station Wagon",Going Ahead,Driving Properly,Normal, , , , , , ,1,0,1,0,0,0,0,0,0,0,0,0,0,0
1027279,2008,2,28,19,13,3,43.65984538,-79.39049029,Trinity-Spadina (20),20,Kensington-Chinatown (78),78,D52,Toronto East York,UNIVERSITY AVE,COLLEGE ST, ,Major Arterial,Intersection,At Intersection,Traffic Signal,Clear,Dusk,Dry,Non-Fatal Injury,Pedestrian Collisions,Pedestrian,35 to 39,Major,0,West,Other, , , ,Vehicle is going straight thru inter.while ped cross without ROW,Crossing without right of way,Inattentive, , , ,1,0,1,0,0,0,0,0,0,0,0,0,0,0
1058226,2008,8,20,19,13,2,43.64334538,-79.57249029,Etobicoke Centre (3),3,Eringate-Centennial-West Deane (11),11,D22,Etobicoke York,BURNHAMTHORPE Road,RENFORTH Driv, ,Major Arterial,Intersection,At Intersection,Traffic Signal,Clear,Daylight,Dry,Non-Fatal Injury,Turning Movement,Driver,50 to 54,Major,0,East,"Automobile, Station Wagon",Turning Left,Improper Turn,Normal, , , , , , ,0,0,1,0,0,0,0,0,0,1,1,0,0,0
1058226,2008,8,20,19,13,2,43.64334538,-79.57249029,Etobicoke Centre (3),3,Eringate-Centennial-West Deane (11),11,D22,Etobicoke York,BURNHAMTHORPE Road,RENFORTH Driv, ,Major Arterial,Intersection,At Intersection,Traffic Signal,Clear,Daylight,Dry,Non-Fatal Injury,Turning Movement,Driver,50 to 54,Minimal,0,West,"Automobile, Station Wagon",Going Ahead,Disobeyed Traffic Control,Normal, , , , , , ,0,0,1,0,0,0,0,0,0,1,1,0,0,0
1058226,2008,8,20,19,13,2,43.64334538,-79.57249029,Etobicoke Centre (3),3,Eringate-Centennial-West Deane (11),11,D22,Etobicoke York,BURNHAMTHORPE Road,RENFORTH Driv, ,Major Arterial,Intersection,At Intersection,Traffic Signal,Clear,Daylight,Dry,Non-Fatal Injury,Turning Movement,Driver,60 to 64,,0,South,"Automobile, Station Wagon",Stopped,Driving Properly,Normal, , , , , , ,0,0,1,0,0,0,0,0,0,1,1,0,0,0
4002199854,2014,6,1,19,13,6,43.7349201,-79.2560998,Scarborough Southwest (35),35,Kennedy Park (124),124,D41,Scarborough,EGLINTON AVE E,MIDLAND AVE, ,Major Arterial,Mid-Block,At/Near Private Drive,No Control,Clear,Daylight,Dry,Non-Fatal Injury,Pedestrian Collisions,Driver,15 to 19,,0,South,"Automobile, Station Wagon",Turning Left,Improper Turn,Normal, , , , , , ,1,0,1,0,0,0,0,0,0,0,0,0,0,0
4002199854,2014,6,1,19,13,6,43.7349201,-79.2560998,Scarborough Southwest (35),35,Kennedy Park (124),124,D41,Scarborough,EGLINTON AVE E,MIDLAND AVE, ,Major Arterial,Mid-Block,At/Near Private Drive,No Control,Clear,Daylight,Dry,Non-Fatal Injury,Pedestrian Collisions,Pedestrian,85 to 89,Major,0,Unknown, , , , ,Pedestrian hit at mid-block,"Crossing, no Traffic Control",Normal, , , ,1,0,1,0,0,0,0,0,0,0,0,0,0,0
6001577121,2016,9,5,19,13,0,43.66344031,-79.37147913,Toronto Centre-Rosedale (28),28,Moss Park (73),73,D51,Toronto East York,CARLTON ST,SEATON ST,37 m East of,Minor Arterial,Intersection,Intersection Related,No Control,Clear,Daylight,Dry,Non-Fatal Injury,Cyclist Collisions,Driver,35 to 39,,0,East,"Automobile, Station Wagon",Going Ahead,Speed too Fast For Condition,Normal, , , , , , ,0,1,1,0,0,0,0,0,1,1,0,0,0,0
6001577121,2016,9,5,19,13,0,43.66344031,-79.37147913,Toronto Centre-Rosedale (28),28,Moss Park (73),73,D51,Toronto East York,CARLTON ST,SEATON ST,37 m East of,Minor Arterial,Intersection,Intersection Related,No Control,Clear,Daylight,Dry,Non-Fatal Injury,Cyclist Collisions,Cyclist,45 to 49,Major,0,East,Bicycle,Going Ahead, , , , , ,Cyclist and Driver travelling in same direction. One vehicle rear-ended the other.,Driving Properly,Normal,0,1,1,0,0,0,0,0,1,1,0,0,0,0
1381878,2013,10,21,19,14,0,43.81743963,-79.22226343,Scarborough-Rouge River (42),42,Malvern (132),132,D42,Scarborough,5930 FINCH AVE E, , ,Minor Arterial,Mid-Block, ,No Control,Rain,Daylight,Wet,Non-Fatal Injury,Cyclist Collisions,Driver,60 to 64,,0,East,"Automobile, Station Wagon",Going Ahead,Following too Close,Inattentive, , , , , , ,0,1,1,0,0,0,0,0,0,1,0,0,0,0
1381878,2013,10,21,19,14,0,43.81743963,-79.22226343,Scarborough-Rouge River (42),42,Malvern (132),132,D42,Scarborough,5930 FINCH AVE E, , ,Minor Arterial,Mid-Block, ,No Control,Rain,Daylight,Wet,Non-Fatal Injury,Cyclist Collisions,Cyclist,60 to 64,Major,0,East,Bicycle,Going Ahead, , , , , ,Cyclist and Driver travelling in same direction. One vehicle rear-ended the other.,Driving Properly,Inattentive,0,1,1,0,0,0,0,0,0,1,0,0,0,0
954826,2007,2,1,19,15,3,43.68684538,-79.36029029,Toronto-Danforth (29),29,Broadview North (57),57,D54,Toronto East York,POTTERY RD,TODMORDEN MILLS RD, ,Minor Arterial,Mid-Block, ,No Control,Snow,Dark,Ice,Non-Fatal Injury,SMV Other,Driver,20 to 24,Major,0,West,"Automobile, Station Wagon",Going Ahead,Lost control,Normal, , , , , , ,0,0,1,0,0,0,0,0,0,0,0,0,0,0
1031488,2008,4,1,19,15,1,43.64304538,-79.37779029,Toronto Centre-Rosedale (28),28,Waterfront Communities-The Island (77),77,D52,Toronto East York,LAKE SHORE BLVD W,BAY ST, ,Major Arterial,Intersection, ,Traffic Signal,Clear,Dark,Dry,Non-Fatal Injury,Pedestrian Collisions,Pedestrian,35 to 39,Minimal,0, ,Other, , , ,Pedestrian hit on sidewalk or shoulder,On Sidewalk or Shoulder,Normal, , , ,1,0,1,0,0,0,0,0,0,1,1,0,0,0
1031488,2008,4,1,19,15,1,43.64304538,-79.37779029,Toronto Centre-Rosedale (28),28,Waterfront Communities-The Island (77),77,D52,Toronto East York,LAKE SHORE BLVD W,BAY ST, ,Major Arterial,Intersection, ,Traffic Signal,Clear,Dark,Dry,Non-Fatal Injury,Pedestrian Collisions,Pedestrian,45 to 49,Major,0, ,Other, , , ,Pedestrian hit on sidewalk or shoulder,On Sidewalk or Shoulder,Normal, , , ,1,0,1,0,0,0,0,0,0,1,1,0,0,0
1031488,2008,4,1,19,15,1,43.64304538,-79.37779029,Toronto Centre-Rosedale (28),28,Waterfront Communities-The Island (77),77,D52,Toronto East York,LAKE SHORE BLVD W,BAY ST, ,Major Arterial,Intersection, ,Traffic Signal,Clear,Dark,Dry,Non-Fatal Injury,Pedestrian Collisions,Vehicle Owner,unknown, ,0, ,Other, , , , , , , , , ,1,0,1,0,0,0,0,0,0,1,1,0,0,0
1031488,2008,4,1,19,15,1,43.64304538,-79.37779029,Toronto Centre-Rosedale (28),28,Waterfront Communities-The Island (77),77,D52,Toronto East York,LAKE SHORE BLVD W,BAY ST, ,Major Arterial,Intersection, ,Traffic Signal,Clear,Dark,Dry,Non-Fatal Injury,Pedestrian Collisions,Driver,50 to 54,Major,0,West,"Automobile, Station Wagon",Going Ahead,Disobeyed Traffic Control,Normal, , , , , , ,1,0,1,0,0,0,0,0,0,1,1,0,0,0
1070690,2008,11,18,19,15,1,43.79084538,-79.17029029,Scarborough East (44),44,Highland Creek (134),134,D43,Scarborough,ELLESMERE RD,DEEP DENE DR, ,Minor Arterial,Intersection,At Intersection,Stop Sign,Clear,Dark,Other,Non-Fatal Injury,Pedestrian Collisions,Pedestrian,40 to 44,Major,0,North,Other, , , ,Vehicle is going straight thru inter.while ped cross without ROW,Crossing without right of way,Unknown, , , ,1,0,1,0,0,0,0,0,0,0,0,0,0,0
1070690,2008,11,18,19,15,1,43.79084538,-79.17029029,Scarborough East (44),44,Highland Creek (134),134,D43,Scarborough,ELLESMERE RD,DEEP DENE DR, ,Minor Arterial,Intersection,At Intersection,Stop Sign,Clear,Dark,Other,Non-Fatal Injury,Pedestrian Collisions,Driver,75 to 79,,0,East,"Automobile, Station Wagon",Going Ahead,Driving Properly,Normal, , , , , , ,1,0,1,0,0,0,0,0,0,0,0,0,0,0
1106184,2009,5,26,19,15,1,43.68274538,-79.46329029,Davenport (17),17,Keelesdale-Eglinton West (110),110,D12,Etobicoke York,ROGERS Road,SILVERTHORN Aven, ,Minor Arterial,Intersection, ,Traffic Signal,Rain,Daylight,Wet,Non-Fatal Injury,Cyclist Collisions,Driver,25 to 29,,0,West,"Automobile, Station Wagon",Turning Right,Improper Turn,Inattentive, , , , , , ,0,1,1,0,0,0,0,0,0,0,0,0,0,0
1106184,2009,5,26,19,15,1,43.68274538,-79.46329029,Davenport (17),17,Keelesdale-Eglinton West (110),110,D12,Etobicoke York,ROGERS Road,SILVERTHORN Aven, ,Minor Arterial,Intersection, ,Traffic Signal,Rain,Daylight,Wet,Non-Fatal Injury,Cyclist Collisions,Cyclist,50 to 54,Major,0,West,Bicycle,Going Ahead, , , , , ,Motorist turning right on red at signalized intersection strikes cyclist.,Driving Properly,Normal,0,1,1,0,0,0,0,0,0,0,0,0,0,0
1111004,2009,6,17,19,15,2,43.68414538,-79.41339029,St. Paul's (21),21,Casa Loma (96),96,D13,Toronto East York,ST CLAIR AVE W,TWEEDSMUIR AVE, ,Major Arterial,Intersection, ,Traffic Signal,Rain,Dark,Wet,Non-Fatal Injury,Pedestrian Collisions,Driver,unknown,,0,East,"Automobile, Station Wagon",Reversing,Other,Unknown, , , , , , ,1,0,1,0,0,0,0,0,0,0,0,0,0,0
1111004,2009,6,17,19,15,2,43.68414538,-79.41339029,St. Paul's (21),21,Casa Loma (96),96,D13,Toronto East York,ST CLAIR AVE W,TWEEDSMUIR AVE, ,Major Arterial,Intersection, ,Traffic Signal,Rain,Dark,Wet,Non-Fatal Injury,Pedestrian Collisions,Pedestrian,80 to 84,Major,0,South,Other, , , ,Vehicle is reversing and hits pedestrian,Crossing with right of way,Normal, , , ,1,0,1,0,0,0,0,0,0,0,0,0,0,0
1133909,2009,10,8,19,15,3,43.73454538,-79.25809029,Scarborough Centre (37),37,Eglinton East (138),138,D41,Scarborough,EGLINTON Aven E,MIDLAND Aven, ,Major Arterial,Intersection,At Intersection,Traffic Signal,Clear,Dark,Dry,Non-Fatal Injury,Turning Movement,Driver,20 to 24,,0,East,"Automobile, Station Wagon",Turning Left,Failed to Yield Right of Way,Normal, , , , , , ,0,0,1,0,0,0,0,1,0,1,0,0,0,0
1281373,2011,12,21,18,7,2,43.69104538,-79.47099029,York South-Weston (12),12,Keelesdale-Eglinton West (110),110,D12,Etobicoke York,EGLINTON AVE W,KANE AVE, ,Major Arterial,Mid-Block, ,No Control,Clear,Dark,Dry,Non-Fatal Injury,Pedestrian Collisions,Vehicle Owner,unknown, ,0, ,Other, , , , , , , , , ,1,0,1,0,0,0,0,0,0,0,0,0,0,0
1281373,2011,12,21,18,7,2,43.69104538,-79.47099029,York South-Weston (12),12,Keelesdale-Eglinton West (110),110,D12,Etobicoke York,EGLINTON AVE W,KANE AVE, ,Major Arterial,Mid-Block, ,No Control,Clear,Dark,Dry,Non-Fatal Injury,Pedestrian Collisions,Driver,45 to 49,,0,East,"Automobile, Station Wagon",Going Ahead,Driving Properly,Normal, , , , , , ,1,0,1,0,0,0,0,0,0,0,0,0,0,0
1281373,2011,12,21,18,7,2,43.69104538,-79.47099029,York South-Weston (12),12,Keelesdale-Eglinton West (110),110,D12,Etobicoke York,EGLINTON AVE W,KANE AVE, ,Major Arterial,Mid-Block, ,No Control,Clear,Dark,Dry,Non-Fatal Injury,Pedestrian Collisions,Pedestrian,25 to 29,Major,0,South,Other, , , ,Pedestrian hit at mid-block,Running onto Roadway,Inattentive, , , ,1,0,1,0,0,0,0,0,0,0,0,0,0,0
1305406,2012,6,5,18,7,1,43.64928015,-79.39366541,Trinity-Spadina (20),20,Waterfront Communities-The Island (77),77,D52,Toronto East York,QUEEN ST W,PETER ST, ,Major Arterial,Intersection,Intersection Related,Streetcar (Stop for),Clear,Daylight,Dry,Non-Fatal Injury,Pedestrian Collisions,Vehicle Owner,unknown, ,0, , , , , , , , , , , ,1,1,0,0,0,0,0,0,0,0,0,0,0,0
1305406,2012,6,5,18,7,1,43.64928015,-79.39366541,Trinity-Spadina (20),20,Waterfront Communities-The Island (77),77,D52,Toronto East York,QUEEN ST W,PETER ST, ,Major Arterial,Intersection,Intersection Related,Streetcar (Stop for),Clear,Daylight,Dry,Non-Fatal Injury,Pedestrian Collisions,Driver - Not Hit,unknown,,0, , , , , , , , , , , ,1,1,0,0,0,0,0,0,0,0,0,0,0,0
1305406,2012,6,5,18,7,1,43.64928015,-79.39366541,Trinity-Spadina (20),20,Waterfront Communities-The Island (77),77,D52,Toronto East York,QUEEN ST W,PETER ST, ,Major Arterial,Intersection,Intersection Related,Streetcar (Stop for),Clear,Daylight,Dry,Non-Fatal Injury,Pedestrian Collisions,Pedestrian,60 to 64,Major,0,South, , , , ,Pedestrian hit at mid-block,Person Getting on/off Vehicle,Normal, , , ,1,1,0,0,0,0,0,0,0,0,0,0,0,0
1305406,2012,6,5,18,7,1,43.64928015,-79.39366541,Trinity-Spadina (20),20,Waterfront Communities-The Island (77),77,D52,Toronto East York,QUEEN ST W,PETER ST, ,Major Arterial,Intersection,Intersection Related,Streetcar (Stop for),Clear,Daylight,Dry,Non-Fatal Injury,Pedestrian Collisions,Cyclist,20 to 24,,0,East,Bicycle,Going Ahead, , , , , ,Cyclist strikes pedestrian.,Failed to Yield Right of Way,Inattentive,1,1,0,0,0,0,0,0,0,0,0,0,0,0
1380288,2013,10,11,18,7,4,43.68698462,-79.48952112,York South-Weston (11),11,Mount Dennis (115),115,D12,Etobicoke York,EGLINTON AVE W,WESTON RD, ,Major Arterial,Intersection, ,Traffic Signal,Clear,Daylight,Dry,Non-Fatal Injury,Pedestrian Collisions,Driver,40 to 44,,0,West,"Automobile, Station Wagon",Going Ahead,Disobeyed Traffic Control,Normal, , , , , , ,1,0,1,0,0,0,0,0,0,1,1,0,0,0
1380288,2013,10,11,18,7,4,43.68698462,-79.48952112,York South-Weston (11),11,Mount Dennis (115),115,D12,Etobicoke York,EGLINTON AVE W,WESTON RD, ,Major Arterial,Intersection, ,Traffic Signal,Clear,Daylight,Dry,Non-Fatal Injury,Pedestrian Collisions,Other Property Owner,unknown, ,0, ,Other, , , , , , , , , ,1,0,1,0,0,0,0,0,0,1,1,0,0,0
1380288,2013,10,11,18,7,4,43.68698462,-79.48952112,York South-Weston (11),11,Mount Dennis (115),115,D12,Etobicoke York,EGLINTON AVE W,WESTON RD, ,Major Arterial,Intersection, ,Traffic Signal,Clear,Daylight,Dry,Non-Fatal Injury,Pedestrian Collisions,Pedestrian,10 to 14,Major,0,Unknown,"Automobile, Station Wagon", , , ,Other / Undefined,Other,Normal, , , ,1,0,1,0,0,0,0,0,0,1,1,0,0,0
1380288,2013,10,11,18,7,4,43.68698462,-79.48952112,York South-Weston (11),11,Mount Dennis (115),115,D12,Etobicoke York,EGLINTON AVE W,WESTON RD, ,Major Arterial,Intersection, ,Traffic Signal,Clear,Daylight,Dry,Non-Fatal Injury,Pedestrian Collisions,Vehicle Owner,unknown, ,0, ,"Automobile, Station Wagon", , , , , , , , , ,1,0,1,0,0,0,0,0,0,1,1,0,0,0
6002057504,2016,11,19,18,7,5,43.81206473,-79.30190668,Scarborough-Agincourt (39),39,Milliken (130),130,D42,Scarborough,KENNEDY RD,MCNICOLL AVE, ,Major Arterial,Intersection,At Intersection,Traffic Signal,Clear,"Dark, artificial",Dry,Non-Fatal Injury,Cyclist Collisions,Driver,70 to 74,,0,South,"Automobile, Station Wagon",Turning Left,Improper Turn,Inattentive, , , , , , ,0,1,1,0,0,0,0,0,0,0,0,0,0,0
6002057504,2016,11,19,18,7,5,43.81206473,-79.30190668,Scarborough-Agincourt (39),39,Milliken (130),130,D42,Scarborough,KENNEDY RD,MCNICOLL AVE, ,Major Arterial,Intersection,At Intersection,Traffic Signal,Clear,"Dark, artificial",Dry,Non-Fatal Injury,Cyclist Collisions,Cyclist,55 to 59,Major,0,South,Bicycle,Going Ahead, , , , , ,Motorist turned left across cyclists path.,Driving Properly,Normal,0,1,1,0,0,0,0,0,0,0,0,0,0,0
6002100980,2016,11,26,18,7,5,43.75342138,-79.35745631,Don Valley West (25),25,Banbury-Don Mills (42),42,D33,North York,YORK MILLS RD,SCARSDALE RD,8 m West of,Major Arterial,Intersection,At Intersection,Traffic Signal,Rain,"Dark, artificial",Wet,Non-Fatal Injury,Pedestrian Collisions,Driver,40 to 44,,0,North,"Automobile, Station Wagon",Turning Left,Failed to Yield Right of Way,Inattentive, , , , , , ,1,0,1,0,0,0,0,0,0,1,0,0,0,0
6002100980,2016,11,26,18,7,5,43.75342138,-79.35745631,Don Valley West (25),25,Banbury-Don Mills (42),42,D33,North York,YORK MILLS RD,SCARSDALE RD,8 m West of,Major Arterial,Intersection,At Intersection,Traffic Signal,Rain,"Dark, artificial",Wet,Non-Fatal Injury,Pedestrian Collisions,Pedestrian,60 to 64,Major,0,South, , , , ,Vehicle turns left while ped crosses with ROW at inter.,Crossing with right of way,Normal, , , ,1,0,1,0,0,0,0,0,0,1,0,0,0,0
6002100980,2016,11,26,18,7,5,43.75342138,-79.35745631,Don Valley West (25),25,Banbury-Don Mills (42),42,D33,North York,YORK MILLS RD,SCARSDALE RD,8 m West of,Major Arterial,Intersection,At Intersection,Traffic Signal,Rain,"Dark, artificial",Wet,Non-Fatal Injury,Pedestrian Collisions,Pedestrian,65 to 69,Minor,0,South, , , , ,Vehicle turns left while ped crosses with ROW at inter.,Crossing with right of way,Unknown, , , ,1,0,1,0,0,0,0,0,0,1,0,0,0,0
1101048,2009,4,10,18,8,4,43.75904538,-79.31019029,Scarborough-Agincourt (40),40,Wexford/Maryvale (119),119,D41,Scarborough,PHARMACY AVE,ELLESMERE RD, ,Minor Arterial,Intersection, ,No Control,Clear,Daylight,Dry,Non-Fatal Injury,SMV Other,Passenger,10 to 14,Minor,0, ,Other, , , , , , , , , ,0,0,1,0,0,0,0,1,0,0,0,0,0,0
1101048,2009,4,10,18,8,4,43.75904538,-79.31019029,Scarborough-Agincourt (40),40,Wexford/Maryvale (119),119,D41,Scarborough,PHARMACY AVE,ELLESMERE RD, ,Minor Arterial,Intersection, ,No Control,Clear,Daylight,Dry,Non-Fatal Injury,SMV Other,Vehicle Owner,unknown, ,0, ,Other, , , , , , , , , ,0,0,1,0,0,0,0,1,0,0,0,0,0,0
1101048,2009,4,10,18,8,4,43.75904538,-79.31019029,Scarborough-Agincourt (40),40,Wexford/Maryvale (119),119,D41,Scarborough,PHARMACY AVE,ELLESMERE RD, ,Minor Arterial,Intersection, ,No Control,Clear,Daylight,Dry,Non-Fatal Injury,SMV Other,Driver,35 to 39,Major,0,South,"Automobile, Station Wagon",Going Ahead,Lost control,Inattentive, , , , , , ,0,0,1,0,0,0,0,1,0,0,0,0,0,0
1101048,2009,4,10,18,8,4,43.75904538,-79.31019029,Scarborough-Agincourt (40),40,Wexford/Maryvale (119),119,D41,Scarborough,PHARMACY AVE,ELLESMERE RD, ,Minor Arterial,Intersection, ,No Control,Clear,Daylight,Dry,Non-Fatal Injury,SMV Other,Other Property Owner,unknown, ,0, ,Other, , , , , , , , , ,0,0,1,0,0,0,0,1,0,0,0,0,0,0
1248878,2011,8,12,18,8,4,43.76104538,-79.46519029,York Centre (10),10,Bathurst Manor (34),34,D32,North York,DUFFERIN Stre,STEEPROCK Driv, ,Major Arterial,Intersection,At Intersection,Traffic Signal,Clear,Daylight,Dry,Non-Fatal Injury,Turning Movement,Vehicle Owner,unknown, ,0, ,Other, , , , , , , , , ,0,0,1,1,0,0,0,0,1,1,0,0,0,0
1248878,2011,8,12,18,8,4,43.76104538,-79.46519029,York Centre (10),10,Bathurst Manor (34),34,D32,North York,DUFFERIN Stre,STEEPROCK Driv, ,Major Arterial,Intersection,At Intersection,Traffic Signal,Clear,Daylight,Dry,Non-Fatal Injury,Turning Movement,Motorcycle Driver,25 to 29,Major,0,South,Motorcycle,Going Ahead,Speed too Fast For Condition,Inattentive, , , , , , ,0,0,1,1,0,0,0,0,1,1,0,0,0,0
1248878,2011,8,12,18,8,4,43.76104538,-79.46519029,York Centre (10),10,Bathurst Manor (34),34,D32,North York,DUFFERIN Stre,STEEPROCK Driv, ,Major Arterial,Intersection,At Intersection,Traffic Signal,Clear,Daylight,Dry,Non-Fatal Injury,Turning Movement,Driver,50 to 54,Minimal,0,North,"Automobile, Station Wagon",Turning Left,Driving Properly,Normal, , , , , , ,0,0,1,1,0,0,0,0,1,1,0,0,0,0
4003375177,2014,11,26,18,8,2,43.68699988,-79.28593073,Scarborough Southwest (36),36,Birchcliffe-Cliffside (122),122,D41,Scarborough,GERRARD ST E,VICTORIA PARK AVE, ,Minor Arterial,Mid-Block,Non Intersection,No Control,Clear,"Dark, artificial",Dry,Non-Fatal Injury,Pedestrian Collisions,Driver,80 to 84,,0,West,"Automobile, Station Wagon",Going Ahead,Driving Properly,Normal, , , , , , ,1,0,1,0,0,0,0,0,0,0,0,0,0,0
4003375177,2014,11,26,18,8,2,43.68699988,-79.28593073,Scarborough Southwest (36),36,Birchcliffe-Cliffside (122),122,D41,Scarborough,GERRARD ST E,VICTORIA PARK AVE, ,Minor Arterial,Mid-Block,Non Intersection,No Control,Clear,"Dark, artificial",Dry,Non-Fatal Injury,Pedestrian Collisions,Pedestrian,55 to 59,Major,0,North, , , , ,Pedestrian hit at mid-block,"Crossing, no Traffic Control",Had Been Drinking, , , ,1,0,1,0,0,0,0,0,0,0,0,0,0,0
7001165135,2017,6,29,18,8,3,43.65193518,-79.57062922,Etobicoke Centre (3),3,Etobicoke West Mall (13),13,D22,Etobicoke York,THE WEST MALL,CAMBRIAN RD,98 m South of,Minor Arterial,Mid-Block,Non Intersection,No Control,Clear,Daylight,Dry,Non-Fatal Injury,Angle,Driver,15 to 19,Minor,0,West,Passenger Van,Going Ahead,Failed to Yield Right of Way,Normal, , , , , , ,0,0,1,0,0,1,0,1,1,1,0,0,0,0
7001165135,2017,6,29,18,8,3,43.65193518,-79.57062922,Etobicoke Centre (3),3,Etobicoke West Mall (13),13,D22,Etobicoke York,THE WEST MALL,CAMBRIAN RD,98 m South of,Minor Arterial,Mid-Block,Non Intersection,No Control,Clear,Daylight,Dry,Non-Fatal Injury,Angle,Driver,40 to 44,Minor,0,North,Municipal Transit Bus (TTC),Going Ahead,Driving Properly,Normal, , , , , , ,0,0,1,0,0,1,0,1,1,1,0,0,0,0
7001165135,2017,6,29,18,8,3,43.65193518,-79.57062922,Etobicoke Centre (3),3,Etobicoke West Mall (13),13,D22,Etobicoke York,THE WEST MALL,CAMBRIAN RD,98 m South of,Minor Arterial,Mid-Block,Non Intersection,No Control,Clear,Daylight,Dry,Non-Fatal Injury,Angle,Passenger,20 to 24,Minor,0, , , , , , , , , , , ,0,0,1,0,0,1,0,1,1,1,0,0,0,0
7001165135,2017,6,29,18,8,3,43.65193518,-79.57062922,Etobicoke Centre (3),3,Etobicoke West Mall (13),13,D22,Etobicoke York,THE WEST MALL,CAMBRIAN RD,98 m South of,Minor Arterial,Mid-Block,Non Intersection,No Control,Clear,Daylight,Dry,Non-Fatal Injury,Angle,Passenger,20 to 24,Major,0, , , , , , , , , , , ,0,0,1,0,0,1,0,1,1,1,0,0,0,0
7001165135,2017,6,29,18,8,3,43.65193518,-79.57062922,Etobicoke Centre (3),3,Etobicoke West Mall (13),13,D22,Etobicoke York,THE WEST MALL,CAMBRIAN RD,98 m South of,Minor Arterial,Mid-Block,Non Intersection,No Control,Clear,Daylight,Dry,Non-Fatal Injury,Angle,Passenger,20 to 24,Minor,0, , , , , , , , , , , ,0,0,1,0,0,1,0,1,1,1,0,0,0,0
7001165135,2017,6,29,18,8,3,43.65193518,-79.57062922,Etobicoke Centre (3),3,Etobicoke West Mall (13),13,D22,Etobicoke York,THE WEST MALL,CAMBRIAN RD,98 m South of,Minor Arterial,Mid-Block,Non Intersection,No Control,Clear,Daylight,Dry,Non-Fatal Injury,Angle,Passenger,20 to 24,Minor,0, , , , , , , , , , , ,0,0,1,0,0,1,0,1,1,1,0,0,0,0
7001165135,2017,6,29,18,8,3,43.65193518,-79.57062922,Etobicoke Centre (3),3,Etobicoke West Mall (13),13,D22,Etobicoke York,THE WEST MALL,CAMBRIAN RD,98 m South of,Minor Arterial,Mid-Block,Non Intersection,No Control,Clear,Daylight,Dry,Non-Fatal Injury,Angle,Passenger,15 to 19,Minor,0, , , , , , , , , , , ,0,0,1,0,0,1,0,1,1,1,0,0,0,0
7001165135,2017,6,29,18,8,3,43.65193518,-79.57062922,Etobicoke Centre (3),3,Etobicoke West Mall (13),13,D22,Etobicoke York,THE WEST MALL,CAMBRIAN RD,98 m South of,Minor Arterial,Mid-Block,Non Intersection,No Control,Clear,Daylight,Dry,Non-Fatal Injury,Angle,Passenger,15 to 19,Minor,0, , , , , , , , , , , ,0,0,1,0,0,1,0,1,1,1,0,0,0,0
4003563376,2014,12,28,18,9,6,43.77701529,-79.31548701,Scarborough-Agincourt (40),40,Tam O'Shanter-Sullivan (118),118,D42,Scarborough,SHEPPARD AVE E,BRIDLEWOOD BLVD,37 m West of,Major Arterial,Intersection,Non Intersection,No Control,Clear,"Dark, artificial",Dry,Fatal,Pedestrian Collisions,Truck Driver,20 to 24,,0,East,Truck (other),Going Ahead,Driving Properly,Normal, , , , , , ,1,0,0,0,1,0,0,1,0,0,0,0,0,1
4003563376,2014,12,28,18,9,6,43.77701529,-79.31548701,Scarborough-Agincourt (40),40,Tam O'Shanter-Sullivan (118),118,D42,Scarborough,SHEPPARD AVE E,BRIDLEWOOD BLVD,37 m West of,Major Arterial,Intersection,Non Intersection,No Control,Clear,"Dark, artificial",Dry,Fatal,Pedestrian Collisions,Passenger,20 to 24,,0, , , , , , , , , , , ,1,0,0,0,1,0,0,1,0,0,0,0,0,1