ACCNUM,YEAR,MONTH,DAY,HOUR,MINUTES,WEEKDAY,LATITUDE,LONGITUDE,Ward_Name,Ward_ID,Hood_Name,Hood_ID,Division,District,STREET1,STREET2,OFFSET,ROAD_CLASS,LOCCOORD,ACCLOC,TRAFFCTL,VISIBILITY,LIGHT,RDSFCOND,ACCLASS,IMPACTYPE,INVTYPE,INVAGE,INJURY,FATAL_NO,INITDIR,VEHTYPE,MANOEUVER,DRIVACT,DRIVCOND,PEDTYPE,PEDACT,PEDCOND,CYCLISTYPE,CYCACT,CYCCOND,PEDESTRIAN,CYCLIST,AUTOMOBILE,MOTORCYCLE,TRUCK,TRSN_CITY_VEH,EMERG_VEH,PASSENGER,SPEEDING,AG_DRIV,REDLIGHT,ALCOHOL,DISABILITY,label
4003563376,2014,12,28,18,9,6,43.77701529,-79.31548701,Scarborough-Agincourt (40),40,Tam O'Shanter-Sullivan (118),118,D42,Scarborough,SHEPPARD AVE E,BRIDLEWOOD BLVD,37 m West of,Major Arterial,Intersection,Non Intersection,No Control,Clear,"Dark, artificial",Dry,Fatal,Pedestrian Collisions,Passenger,20 to 24,,0, , , , , , , , , , , ,1,0,0,0,1,0,0,1,0,0,0,0,0,1
4003563376,2014,12,28,18,9,6,43.77701529,-79.31548701,Scarborough-Agincourt (40),40,Tam O'Shanter-Sullivan (118),118,D42,Scarborough,SHEPPARD AVE E,BRIDLEWOOD BLVD,37 m West of,Major Arterial,Intersection,Non Intersection,No Control,Clear,"Dark, artificial",Dry,Fatal,Pedestrian Collisions,Passenger,25 to 29,,0, , , , , , , , , , , ,1,0,0,0,1,0,0,1,0,0,0,0,0,1
4003563376,2014,12,28,18,9,6,43.77701529,-79.31548701,Scarborough-Agincourt (40),40,Tam O'Shanter-Sullivan (118),118,D42,Scarborough,SHEPPARD AVE E,BRIDLEWOOD BLVD,37 m West of,Major Arterial,Intersection,Non Intersection,No Control,Clear,"Dark, artificial",Dry,Fatal,Pedestrian Collisions,Pedestrian,80 to 84,Fatal,49,South, , , , ,Pedestrian hit at mid-block,"Crossing, no Traffic Control",Inattentive, , , ,1,0,0,0,1,0,0,1,0,0,0,0,0,1
7003035301,2017,11,20,18,9,0,43.80892938,-79.20268629,Scarborough-Rouge River (42),42,Rouge (131),131,D42,Scarborough,MORNINGSIDE AVENUE,CASEBRIDGE COURT,10 m North of,Minor Arterial,Intersection,At Intersection,Traffic Signal,Clear,"Dark, artificial",Dry,Non-Fatal Injury,Turning Movement,Driver,60 to 64,Minimal,0,South,"Automobile, Station Wagon",Turning Left,Failed to Yield Right of Way,Normal, , , , , , ,0,0,1,0,0,0,0,1,0,1,0,0,0,0
7003035301,2017,11,20,18,9,0,43.80892938,-79.20268629,Scarborough-Rouge River (42),42,Rouge (131),131,D42,Scarborough,MORNINGSIDE AVENUE,CASEBRIDGE COURT,10 m North of,Minor Arterial,Intersection,At Intersection,Traffic Signal,Clear,"Dark, artificial",Dry,Non-Fatal Injury,Turning Movement,Driver,25 to 29,,0,North,"Automobile, Station Wagon",Going Ahead,Driving Properly,Normal, , , , , , ,0,0,1,0,0,0,0,1,0,1,0,0,0,0
7003035301,2017,11,20,18,9,0,43.80892938,-79.20268629,Scarborough-Rouge River (42),42,Rouge (131),131,D42,Scarborough,MORNINGSIDE AVENUE,CASEBRIDGE COURT,10 m North of,Minor Arterial,Intersection,At Intersection,Traffic Signal,Clear,"Dark, artificial",Dry,Non-Fatal Injury,Turning Movement,Passenger,60 to 64,Major,0, , , , , , , , , , , ,0,0,1,0,0,0,0,1,0,1,0,0,0,0
999249,2007,10,18,18,10,3,43.75964538,-79.45559029,York Centre (10),10,Bathurst Manor (34),34,D32,North York,WILMINGTON Aven,COMBE Aven, ,Minor Arterial,Intersection,At Intersection,No Control,Rain,Daylight,Wet,Non-Fatal Injury,Rear End,Passenger,10 to 14,Minimal,0, ,Other, , , , , , , , , ,0,0,1,0,0,0,0,1,0,1,0,0,0,0
999249,2007,10,18,18,10,3,43.75964538,-79.45559029,York Centre (10),10,Bathurst Manor (34),34,D32,North York,WILMINGTON Aven,COMBE Aven, ,Minor Arterial,Intersection,At Intersection,No Control,Rain,Daylight,Wet,Non-Fatal Injury,Rear End,Passenger,40 to 44,Major,0, ,Other, , , , , , , , , ,0,0,1,0,0,0,0,1,0,1,0,0,0,0
999249,2007,10,18,18,10,3,43.75964538,-79.45559029,York Centre (10),10,Bathurst Manor (34),34,D32,North York,WILMINGTON Aven,COMBE Aven, ,Minor Arterial,Intersection,At Intersection,No Control,Rain,Daylight,Wet,Non-Fatal Injury,Rear End,Driver,40 to 44,Minor,0,South,"Automobile, Station Wagon",Stopped,Driving Properly,Normal, , , , , , ,0,0,1,0,0,0,0,1,0,1,0,0,0,0
999249,2007,10,18,18,10,3,43.75964538,-79.45559029,York Centre (10),10,Bathurst Manor (34),34,D32,North York,WILMINGTON Aven,COMBE Aven, ,Minor Arterial,Intersection,At Intersection,No Control,Rain,Daylight,Wet,Non-Fatal Injury,Rear End,Driver,25 to 29,,0,South,"Automobile, Station Wagon",Going Ahead,Following too Close,Normal, , , , , , ,0,0,1,0,0,0,0,1,0,1,0,0,0,0
1001761,2007,11,9,18,10,4,43.75484538,-79.51709029,York West (7),7,Glenfield-Jane Heights (25),25,D31,North York,JANE ST,FIRGROVE CRES, ,Major Arterial,Intersection,At Intersection,Traffic Signal,Rain,Dark,Wet,Fatal,Pedestrian Collisions,Driver,35 to 39,,0,East,"Automobile, Station Wagon",Turning Left,Failed to Yield Right of Way,Inattentive, , , , , , ,1,0,1,0,0,0,0,0,0,1,0,0,0,1
1001761,2007,11,9,18,10,4,43.75484538,-79.51709029,York West (7),7,Glenfield-Jane Heights (25),25,D31,North York,JANE ST,FIRGROVE CRES, ,Major Arterial,Intersection,At Intersection,Traffic Signal,Rain,Dark,Wet,Fatal,Pedestrian Collisions,Pedestrian,80 to 84,Fatal,0,West,Other, , , ,Vehicle turns left while ped crosses with ROW at inter.,Crossing with right of way,Unknown, , , ,1,0,1,0,0,0,0,0,0,1,0,0,0,1
1016912,2008,1,17,18,10,3,43.79314538,-79.33139029,Scarborough-Agincourt (39),39,L'Amoreaux (117),117,D42,Scarborough,FINCH AVE E,VICTORIA PARK AVE, ,Major Arterial,Intersection, ,Traffic Signal,Clear,Dark,Dry,Non-Fatal Injury,Pedestrian Collisions,Driver,35 to 39,,0,East,"Automobile, Station Wagon",Going Ahead,Driving Properly,Normal, , , , , , ,1,0,1,0,0,0,0,0,0,0,0,0,0,0
1016912,2008,1,17,18,10,3,43.79314538,-79.33139029,Scarborough-Agincourt (39),39,L'Amoreaux (117),117,D42,Scarborough,FINCH AVE E,VICTORIA PARK AVE, ,Major Arterial,Intersection, ,Traffic Signal,Clear,Dark,Dry,Non-Fatal Injury,Pedestrian Collisions,Pedestrian,20 to 24,Major,0,North,Other, , , ,Vehicle is going straight thru inter.while ped cross without ROW,Crossing without right of way,Normal, , , ,1,0,1,0,0,0,0,0,0,0,0,0,0,0
1075399,2008,11,21,18,10,4,43.70094538,-79.51279029,York South-Weston (11),11,Weston (113),113,D12,Etobicoke York,LAWRENCE Aven W,RALPH Stre, ,Major Arterial,Mid-Block, ,No Control,Clear,Daylight,Dry,Non-Fatal Injury,Rear End,Vehicle Owner,unknown, ,0, ,Other, , , , , , , , , ,0,0,1,0,0,0,0,0,0,1,0,0,0,0
1075399,2008,11,21,18,10,4,43.70094538,-79.51279029,York South-Weston (11),11,Weston (113),113,D12,Etobicoke York,LAWRENCE Aven W,RALPH Stre, ,Major Arterial,Mid-Block, ,No Control,Clear,Daylight,Dry,Non-Fatal Injury,Rear End,Driver,80 to 84,,0,East,"Automobile, Station Wagon",Going Ahead,Following too Close,Inattentive, , , , , , ,0,0,1,0,0,0,0,0,0,1,0,0,0,0
1075399,2008,11,21,18,10,4,43.70094538,-79.51279029,York South-Weston (11),11,Weston (113),113,D12,Etobicoke York,LAWRENCE Aven W,RALPH Stre, ,Major Arterial,Mid-Block, ,No Control,Clear,Daylight,Dry,Non-Fatal Injury,Rear End,Vehicle Owner,unknown, ,0, ,Other, , , , , , , , , ,0,0,1,0,0,0,0,0,0,1,0,0,0,0
1075399,2008,11,21,18,10,4,43.70094538,-79.51279029,York South-Weston (11),11,Weston (113),113,D12,Etobicoke York,LAWRENCE Aven W,RALPH Stre, ,Major Arterial,Mid-Block, ,No Control,Clear,Daylight,Dry,Non-Fatal Injury,Rear End,Driver,30 to 34,Major,0,East,"Automobile, Station Wagon",Stopped,Driving Properly,Normal, , , , , , ,0,0,1,0,0,0,0,0,0,1,0,0,0,0
1139528,2009,11,28,18,10,5,43.63954538,-79.38649029,Trinity-Spadina (20),20,Waterfront Communities-The Island (77),77,D52,Toronto East York,F G GARDINER Expr E,REES Stre, ,Expressway Ramp,Mid-Block, ,No Control,Clear,Dark,Dry,Non-Fatal Injury,SMV Other,Motorcycle Driver,25 to 29,Major,0,East,Motorcycle,Going Ahead,Speed too Fast For Condition,Normal, , , , , , ,0,0,0,1,0,0,0,0,1,1,0,0,0,0
1146660,2010,1,8,18,10,4,43.75694538,-79.51989029,York West (8),8,Black Creek (24),24,D31,North York,FINCH AVE W,YORK GATE BLVD, ,Major Arterial,Mid-Block,At Intersection,No Control,Clear,Dark,Dry,Fatal,Pedestrian Collisions,Driver,50 to 54,,0,West,"Automobile, Station Wagon",Going Ahead,Driving Properly,Normal, , , , , , ,1,0,1,0,0,0,0,0,0,0,0,0,0,1
1146660,2010,1,8,18,10,4,43.75694538,-79.51989029,York West (8),8,Black Creek (24),24,D31,North York,FINCH AVE W,YORK GATE BLVD, ,Major Arterial,Mid-Block,At Intersection,No Control,Clear,Dark,Dry,Fatal,Pedestrian Collisions,Pedestrian,85 to 89,Fatal,9,North,Other, , , ,Pedestrian hit at mid-block,"Crossing, no Traffic Control",Normal, , , ,1,0,1,0,0,0,0,0,0,0,0,0,0,1
1154258,2010,1,15,18,10,4,43.69984538,-79.53429029,Etobicoke North (2),2,Kingsview Village-The Westway (6),6,D23,Etobicoke York,DIXON RD,ST PHILLIPS RD, ,Major Arterial,Intersection, ,Traffic Signal,Clear,Dark,Dry,Non-Fatal Injury,Turning Movement,Driver,25 to 29,Major,0,West,"Automobile, Station Wagon",Going Ahead,Failed to Yield Right of Way,Normal, , , , , , ,0,0,1,0,0,0,0,0,0,1,0,0,0,0
1154258,2010,1,15,18,10,4,43.69984538,-79.53429029,Etobicoke North (2),2,Kingsview Village-The Westway (6),6,D23,Etobicoke York,DIXON RD,ST PHILLIPS RD, ,Major Arterial,Intersection, ,Traffic Signal,Clear,Dark,Dry,Non-Fatal Injury,Turning Movement,Driver,25 to 29,Minimal,0,East,"Automobile, Station Wagon",Turning Left,Driving Properly,Normal, , , , , , ,0,0,1,0,0,0,0,0,0,1,0,0,0,0
1183116,2010,8,15,18,10,6,43.66594538,-79.40339029,Trinity-Spadina (20),20,University (79),79,D52,Toronto East York,SPADINA AVE,BLOOR ST W, ,Major Arterial,Mid-Block, ,No Control,Clear,Daylight,Dry,Non-Fatal Injury,Pedestrian Collisions,Driver,25 to 29,Minimal,0,North,"Automobile, Station Wagon",Going Ahead,Driving Properly,Normal, , , , , , ,1,0,1,0,0,0,0,0,0,0,0,0,0,0
1183116,2010,8,15,18,10,6,43.66594538,-79.40339029,Trinity-Spadina (20),20,University (79),79,D52,Toronto East York,SPADINA AVE,BLOOR ST W, ,Major Arterial,Mid-Block, ,No Control,Clear,Daylight,Dry,Non-Fatal Injury,Pedestrian Collisions,Pedestrian,45 to 49,Major,0,West,Other, , , ,Pedestrian hit at mid-block,"Crossing, no Traffic Control",Had Been Drinking, , , ,1,0,1,0,0,0,0,0,0,0,0,0,0,0
1192618,2010,9,1,18,10,2,43.74774538,-79.56239029,York West (7),7,Humbermede (22),22,D31,Etobicoke York,FINCH AVE W,PEARLDALE AVE, ,Major Arterial,Intersection,At Intersection,Traffic Signal,Clear,Daylight,Dry,Non-Fatal Injury,Pedestrian Collisions,Pedestrian,0 to 4,Minor,0,South,Other, , , ,Vehicle turns left while ped crosses with ROW at inter.,Crossing with right of way,Normal, , , ,1,0,1,0,0,0,0,0,0,1,0,0,0,0
1192618,2010,9,1,18,10,2,43.74774538,-79.56239029,York West (7),7,Humbermede (22),22,D31,Etobicoke York,FINCH AVE W,PEARLDALE AVE, ,Major Arterial,Intersection,At Intersection,Traffic Signal,Clear,Daylight,Dry,Non-Fatal Injury,Pedestrian Collisions,Driver,25 to 29,,0,North,"Automobile, Station Wagon",Turning Left,Failed to Yield Right of Way,Normal, , , , , , ,1,0,1,0,0,0,0,0,0,1,0,0,0,0
1192618,2010,9,1,18,10,2,43.74774538,-79.56239029,York West (7),7,Humbermede (22),22,D31,Etobicoke York,FINCH AVE W,PEARLDALE AVE, ,Major Arterial,Intersection,At Intersection,Traffic Signal,Clear,Daylight,Dry,Non-Fatal Injury,Pedestrian Collisions,Pedestrian,35 to 39,Major,0,South,Other, , , ,Vehicle turns left while ped crosses with ROW at inter.,Crossing with right of way,Normal, , , ,1,0,1,0,0,0,0,0,0,1,0,0,0,0
1199427,2010,10,2,18,10,5,43.65214538,-79.36859029,Toronto Centre-Rosedale (28),28,Moss Park (73),73,D51,Toronto East York,ADELAIDE ST E,SHERBOURNE ST, ,Major Arterial,Intersection,At Intersection,Traffic Signal,Clear,Daylight,Dry,Non-Fatal Injury,Angle,Motorcycle Driver,40 to 44,Major,0,South,Motorcycle,Going Ahead,Disobeyed Traffic Control,Normal, , , , , , ,0,0,1,1,0,0,0,0,0,1,1,0,0,0
1199427,2010,10,2,18,10,5,43.65214538,-79.36859029,Toronto Centre-Rosedale (28),28,Moss Park (73),73,D51,Toronto East York,ADELAIDE ST E,SHERBOURNE ST, ,Major Arterial,Intersection,At Intersection,Traffic Signal,Clear,Daylight,Dry,Non-Fatal Injury,Angle,Vehicle Owner,unknown, ,0, ,Other, , , , , , , , , ,0,0,1,1,0,0,0,0,0,1,1,0,0,0
1199427,2010,10,2,18,10,5,43.65214538,-79.36859029,Toronto Centre-Rosedale (28),28,Moss Park (73),73,D51,Toronto East York,ADELAIDE ST E,SHERBOURNE ST, ,Major Arterial,Intersection,At Intersection,Traffic Signal,Clear,Daylight,Dry,Non-Fatal Injury,Angle,Driver,20 to 24,,0,East,"Automobile, Station Wagon",Going Ahead,Driving Properly,Normal, , , , , , ,0,0,1,1,0,0,0,0,0,1,1,0,0,0
1258512,2011,8,9,18,10,1,43.65334538,-79.37519029,Toronto Centre-Rosedale (27),27,Church-Yonge Corridor (75),75,D51,Toronto East York,QUEEN ST E,DALHOUSIE ST, ,Major Arterial,Intersection, ,No Control,Clear,Daylight,Dry,Non-Fatal Injury,Rear End,Vehicle Owner,unknown, ,0, ,Other, , , , , , , , , ,0,0,1,0,0,1,0,0,0,0,0,0,0,0
1258512,2011,8,9,18,10,1,43.65334538,-79.37519029,Toronto Centre-Rosedale (27),27,Church-Yonge Corridor (75),75,D51,Toronto East York,QUEEN ST E,DALHOUSIE ST, ,Major Arterial,Intersection, ,No Control,Clear,Daylight,Dry,Non-Fatal Injury,Rear End,Driver,50 to 54,,0,East,Municipal Transit Bus (TTC),Going Ahead,Driving Properly,Normal, , , , , , ,0,0,1,0,0,1,0,0,0,0,0,0,0,0
1258512,2011,8,9,18,10,1,43.65334538,-79.37519029,Toronto Centre-Rosedale (27),27,Church-Yonge Corridor (75),75,D51,Toronto East York,QUEEN ST E,DALHOUSIE ST, ,Major Arterial,Intersection, ,No Control,Clear,Daylight,Dry,Non-Fatal Injury,Rear End,Driver,50 to 54,Major,0,East,"Automobile, Station Wagon",Slowing or Stopping,Other,Inattentive, , , , , , ,0,0,1,0,0,1,0,0,0,0,0,0,0,0
1293088,2012,3,18,18,10,6,43.63814538,-79.55149029,Etobicoke-Lakeshore (5),5,Islington-City Centre West (14),14,D22,Etobicoke York,BLOOR Stre W,LAUREL Aven, ,Major Arterial,Intersection,At Intersection,No Control,Clear,Daylight,Dry,Non-Fatal Injury,Rear End,Vehicle Owner,unknown, ,0, ,Other, , , , , , , , , ,0,0,1,1,0,0,0,0,1,1,0,0,0,0
1293088,2012,3,18,18,10,6,43.63814538,-79.55149029,Etobicoke-Lakeshore (5),5,Islington-City Centre West (14),14,D22,Etobicoke York,BLOOR Stre W,LAUREL Aven, ,Major Arterial,Intersection,At Intersection,No Control,Clear,Daylight,Dry,Non-Fatal Injury,Rear End,Motorcycle Driver,25 to 29,Major,0,East,Motorcycle,Going Ahead,Speed too Fast For Condition,Normal, , , , , , ,0,0,1,1,0,0,0,0,1,1,0,0,0,0
1293088,2012,3,18,18,10,6,43.63814538,-79.55149029,Etobicoke-Lakeshore (5),5,Islington-City Centre West (14),14,D22,Etobicoke York,BLOOR Stre W,LAUREL Aven, ,Major Arterial,Intersection,At Intersection,No Control,Clear,Daylight,Dry,Non-Fatal Injury,Rear End,Driver,55 to 59,,0,East,"Automobile, Station Wagon",Stopped,Driving Properly,Normal, , , , , , ,0,0,1,1,0,0,0,0,1,1,0,0,0,0
1302089,2012,5,10,18,10,3,43.64724538,-79.39279029,Trinity-Spadina (20),20,Waterfront Communities-The Island (77),77,D52,Toronto East York,PETER ST,ADELAIDE ST W, ,Collector,Intersection, ,No Control,Clear,Dusk,Dry,Non-Fatal Injury,Cyclist Collisions,Driver,45 to 49,,0,North,"Automobile, Station Wagon",Stopped,Driving Properly,Normal, , , , , , ,0,1,1,0,0,0,0,0,0,0,0,0,0,0
1302089,2012,5,10,18,10,3,43.64724538,-79.39279029,Trinity-Spadina (20),20,Waterfront Communities-The Island (77),77,D52,Toronto East York,PETER ST,ADELAIDE ST W, ,Collector,Intersection, ,No Control,Clear,Dusk,Dry,Non-Fatal Injury,Cyclist Collisions,Cyclist,20 to 24,Major,0,North,Bicycle,Overtaking, , , , , ,Cyclist struck opened vehicle door,Driving Properly,Unknown,0,1,1,0,0,0,0,0,0,0,0,0,0,0
1329416,2012,12,4,18,10,1,43.62704538,-79.54259029,Etobicoke-Lakeshore (5),5,Islington-City Centre West (14),14,D22,Etobicoke York,SHORNCLIFFE RD,BRAMSHOTT RD, ,Minor Arterial,Intersection,At Intersection,No Control,Clear,"Dark, artificial",Wet,Non-Fatal Injury,Pedestrian Collisions,Driver,45 to 49,,0,South,"Automobile, Station Wagon",Going Ahead,Driving Properly,Normal, , , , , , ,1,0,1,0,0,0,0,0,0,0,0,0,0,0
1329416,2012,12,4,18,10,1,43.62704538,-79.54259029,Etobicoke-Lakeshore (5),5,Islington-City Centre West (14),14,D22,Etobicoke York,SHORNCLIFFE RD,BRAMSHOTT RD, ,Minor Arterial,Intersection,At Intersection,No Control,Clear,"Dark, artificial",Wet,Non-Fatal Injury,Pedestrian Collisions,Pedestrian,55 to 59,Major,0,West,Other, , , ,Vehicle is going straight thru inter.while ped cross without ROW,"Crossing, no Traffic Control",Unknown, , , ,1,0,1,0,0,0,0,0,0,0,0,0,0,0
5000679960,2015,4,24,18,10,4,43.75286062,-79.32878504,Don Valley East (34),34,Parkwoods-Donalda (45),45,D33,North York,BROOKBANKS DR,UNDERHILL DR, ,Collector,Mid-Block,Trail,No Control,Clear,Daylight,Dry,Non-Fatal Injury,SMV Other,Driver,25 to 29,Major,0,South,Off Road - 2 Wheels,Going Ahead,Speed too Fast For Condition,Normal, , , , , , ,0,0,0,0,0,0,0,0,1,1,0,0,0,0
7001442419,2017,8,10,18,10,3,43.80300482,-79.19484339,Scarborough-Rouge River (42),42,Rouge (131),131,D42,Scarborough,SHEPPARD AVE E,WATER TOWER GT,30  m East of,Major Arterial,Intersection,At Intersection,Traffic Signal,Clear,Daylight,Dry,Fatal,Rear End,Driver,50 to 54,Fatal,34,West,"Automobile, Station Wagon",Going Ahead,Lost control,Unknown, , , , , , ,0,0,1,0,0,1,0,0,0,0,0,0,0,1
7001442419,2017,8,10,18,10,3,43.80300482,-79.19484339,Scarborough-Rouge River (42),42,Rouge (131),131,D42,Scarborough,SHEPPARD AVE E,WATER TOWER GT,30  m East of,Major Arterial,Intersection,At Intersection,Traffic Signal,Clear,Daylight,Dry,Fatal,Rear End,Driver,45 to 49,,0,West,Municipal Transit Bus (TTC),Stopped,Driving Properly,Normal, , , , , , ,0,0,1,0,0,1,0,0,0,0,0,0,0,1
4003405816,2014,12,1,18,11,0,43.71181448,-79.37310419,Don Valley West (26),26,Leaside-Bennington (56),56,D53,North York,EGLINTON AVE E,HANNA RD,58 m West of,Major Arterial,Intersection,Non Intersection,Traffic Signal,Clear,"Dark, artificial",Dry,Non-Fatal Injury,Approaching,Driver,25 to 29,Major,0,East,"Automobile, Station Wagon",Going Ahead,Disobeyed Traffic Control,Unknown, , , , , , ,0,0,1,0,0,0,0,0,0,1,1,0,0,0
4003405816,2014,12,1,18,11,0,43.71181448,-79.37310419,Don Valley West (26),26,Leaside-Bennington (56),56,D53,North York,EGLINTON AVE E,HANNA RD,58 m West of,Major Arterial,Intersection,Non Intersection,Traffic Signal,Clear,"Dark, artificial",Dry,Non-Fatal Injury,Approaching,Driver,30 to 34,,0,West,"Automobile, Station Wagon",Going Ahead,Driving Properly,Normal, , , , , , ,0,0,1,0,0,0,0,0,0,1,1,0,0,0
5001353806,2015,8,7,18,11,4,43.77884253,-79.33250056,Don Valley East (33),33,Pleasant View (46),46,D33,North York,OLD SHEPPARD AVE,BRIAN DR,9 m East of,Collector,Intersection,Intersection Related,Stop Sign,Clear,Daylight,Dry,Non-Fatal Injury,Cyclist Collisions,Cyclist,55 to 59,Major,0,West,Bicycle,Overtaking, , , , , ,Motorist turned left across cyclists path.,Improper Passing,Inattentive,0,1,1,0,0,0,0,0,0,0,0,0,0,0
5001353806,2015,8,7,18,11,4,43.77884253,-79.33250056,Don Valley East (33),33,Pleasant View (46),46,D33,North York,OLD SHEPPARD AVE,BRIAN DR,9 m East of,Collector,Intersection,Intersection Related,Stop Sign,Clear,Daylight,Dry,Non-Fatal Injury,Cyclist Collisions,Driver,20 to 24,,0,South,"Automobile, Station Wagon",Turning Left,Driving Properly,Normal, , , , , , ,0,1,1,0,0,0,0,0,0,0,0,0,0,0
6000131463,2016,1,22,18,11,4,43.63742026,-79.42868433,Parkdale-High Park (14),14,South Parkdale (85),85,D14,Toronto East York,135 TYNDALL AVE, ,85 m South of,Local,Mid-Block,At/Near Private Drive,No Control,Clear,"Dark, artificial",Dry,Non-Fatal Injury,Cyclist Collisions,Driver,40 to 44,,0,South,"Automobile, Station Wagon",Turning Left,Improper Turn,Inattentive, , , , , , ,0,1,1,0,0,0,0,0,0,0,0,0,0,0
6000131463,2016,1,22,18,11,4,43.63742026,-79.42868433,Parkdale-High Park (14),14,South Parkdale (85),85,D14,Toronto East York,135 TYNDALL AVE, ,85 m South of,Local,Mid-Block,At/Near Private Drive,No Control,Clear,"Dark, artificial",Dry,Non-Fatal Injury,Cyclist Collisions,Cyclist,50 to 54,Major,0,North,Bicycle,Going Ahead, , , , , ,Motorist turned left across cyclists path.,Driving Properly,Normal,0,1,1,0,0,0,0,0,0,0,0,0,0,0
6001501601,2016,8,24,18,11,2,43.67667731,-79.49592982,York South-Weston (11),11,Rockcliffe-Smythe (111),111,D12,Etobicoke York,JANE ST,ALLIANCE AVE,66 m North of,Major Arterial,Mid-Block,Non Intersection,No Control,Clear,Daylight,Dry,Non-Fatal Injury,Rear End,Driver,30 to 34,Major,0,North,"Automobile, Station Wagon",Changing Lanes,Lost control,Normal, , , , , , ,0,0,1,0,0,0,0,1,1,1,0,0,0,0
6001501601,2016,8,24,18,11,2,43.67667731,-79.49592982,York South-Weston (11),11,Rockcliffe-Smythe (111),111,D12,Etobicoke York,JANE ST,ALLIANCE AVE,66 m North of,Major Arterial,Mid-Block,Non Intersection,No Control,Clear,Daylight,Dry,Non-Fatal Injury,Rear End,Driver,40 to 44,,0,North,"Automobile, Station Wagon",Going Ahead,Driving Properly,Normal, , , , , , ,0,0,1,0,0,0,0,1,1,1,0,0,0,0
6001501601,2016,8,24,18,11,2,43.67667731,-79.49592982,York South-Weston (11),11,Rockcliffe-Smythe (111),111,D12,Etobicoke York,JANE ST,ALLIANCE AVE,66 m North of,Major Arterial,Mid-Block,Non Intersection,No Control,Clear,Daylight,Dry,Non-Fatal Injury,Rear End,Passenger,10 to 14,Minimal,0, , , , , , , , , , , ,0,0,1,0,0,0,0,1,1,1,0,0,0,0
1204889,2010,11,30,18,12,1,43.74404538,-79.30059029,Scarborough Centre (37),37,Wexford/Maryvale (119),119,D41,Scarborough,LAWRENCE AVE E,ELINOR AVE, ,Major Arterial,Intersection,At Intersection,Traffic Signal,Rain,Dark,Wet,Non-Fatal Injury,Pedestrian Collisions,Driver,20 to 24,,0,West,"Automobile, Station Wagon",Going Ahead,Driving Properly,Normal, , , , , , ,1,0,1,0,0,0,0,0,0,0,0,0,0,0
1204889,2010,11,30,18,12,1,43.74404538,-79.30059029,Scarborough Centre (37),37,Wexford/Maryvale (119),119,D41,Scarborough,LAWRENCE AVE E,ELINOR AVE, ,Major Arterial,Intersection,At Intersection,Traffic Signal,Rain,Dark,Wet,Non-Fatal Injury,Pedestrian Collisions,Pedestrian,80 to 84,Major,0,North,Other, , , ,Vehicle is going straight thru inter.while ped cross without ROW,Crossing without right of way,Normal, , , ,1,0,1,0,0,0,0,0,0,0,0,0,0,0
1291534,2012,3,2,18,12,4,43.66324538,-79.36759029,Toronto Centre-Rosedale (28),28,Moss Park (73),73,D51,Toronto East York,PARLIAMENT ST,SPRUCE ST, ,Minor Arterial,Intersection, ,No Control,Clear,Daylight,Dry,Non-Fatal Injury,Pedestrian Collisions,Motorcycle Driver,45 to 49,Major,0,South,Motorcycle,Going Ahead,Lost control,Inattentive, , , , , , ,1,0,0,1,0,0,0,0,1,1,0,0,0,0
1291534,2012,3,2,18,12,4,43.66324538,-79.36759029,Toronto Centre-Rosedale (28),28,Moss Park (73),73,D51,Toronto East York,PARLIAMENT ST,SPRUCE ST, ,Minor Arterial,Intersection, ,No Control,Clear,Daylight,Dry,Non-Fatal Injury,Pedestrian Collisions,Other,unknown,,0,South,Other,Parked, , , , , , , , ,1,0,0,1,0,0,0,0,1,1,0,0,0,0
1291534,2012,3,2,18,12,4,43.66324538,-79.36759029,Toronto Centre-Rosedale (28),28,Moss Park (73),73,D51,Toronto East York,PARLIAMENT ST,SPRUCE ST, ,Minor Arterial,Intersection, ,No Control,Clear,Daylight,Dry,Non-Fatal Injury,Pedestrian Collisions,Pedestrian,30 to 34,Minimal,0,East,Other, , , ,Pedestrian hit at mid-block,Walking on Roadway with Traffic,Normal, , , ,1,0,0,1,0,0,0,0,1,1,0,0,0,0
6001157650,2016,7,2,18,12,5,43.64587362,-79.36343012,Toronto Centre-Rosedale (28),28,Waterfront Communities-The Island (77),77,D51,Toronto East York,QUEENS QUAY E,BONNYCASTLE ST,65.6 M E of,Minor Arterial,Mid-Block,Non Intersection,No Control,Clear,Daylight,Dry,Fatal,SMV Other,Passenger,35 to 39,Fatal,45, , , , , , , , , , , ,0,0,1,0,0,0,0,1,1,1,0,0,0,1
6001157650,2016,7,2,18,12,5,43.64587362,-79.36343012,Toronto Centre-Rosedale (28),28,Waterfront Communities-The Island (77),77,D51,Toronto East York,QUEENS QUAY E,BONNYCASTLE ST,65.6 M E of,Minor Arterial,Mid-Block,Non Intersection,No Control,Clear,Daylight,Dry,Fatal,SMV Other,Driver,30 to 34,Major,0,East,"Automobile, Station Wagon",Going Ahead,Exceeding Speed Limit,Inattentive, , , , , , ,0,0,1,0,0,0,0,1,1,1,0,0,0,1